;red;green;blue;x;x
1;204;229;152;Sitka;x
2;204;179;153;Juneau;x
3;153;230;153;Ketchikan;x
4;192;0;0;Kenai;x
5;192;0;128;Unalaska;x
6;153;179;153;Whitehorse;x
7;192;128;128;Dawson City;x
8;179;204;153;Kuala Kelantan;x
9;128;64;128;Mistissini Post;x
10;64;128;128;San Khew Jong;x
11;119;210;74;Fort Smith;x
12;119;128;199;Liwa;x
13;96;64;192;Vancouver;x
14;201;169;171;Vancouver Island;x
15;224;64;192;Prince Rupert;x
16;224;192;192;McLeod Lake;x
17;0;64;128;Atlin;x
18;153;230;204;Dawson Creek;x
19;192;160;0;Prince George;x
20;179;217;153;Kelowna;x
21;179;166;153;Cranbrook;x
22;192;160;128;Calgary;x
23;192;64;0;Grande Prairie;x
24;63;85;151;Milk River;x
25;128;160;128;Edmonton;x
26;0;224;0;Chesterfield Inlet;x
27;81;141;79;Repulse Bay;x
28;122;120;79;Cape Dorset;x
29;128;224;0;Kyzylkum;x
30;128;32;64;Battle Creek;x
31;192;96;0;Stony Rapids;x
32;192;96;128;Prince Albert;x
33;128;96;128;Spence Bay;x
34;192;224;128;Regina;x
35;128;224;128;Fort Reliance;x
36;74;142;210;Aklavik;x
37;128;32;192;The Pas;x
38;64;224;0;Silver City;x
39;192;224;0;Santo Tomas de Castilla;x
40;122;143;170;Fort Confidence;x
41;0;160;64;Brandon;x
42;128;160;64;Winnipeg;x
43;192;64;128;Texarkana;x
44;70;70;122;Guantanamo Bay;x
45;0;0;192;Marigot;x
46;48;128;64;Toronto;x
47;64;96;0;Fort Severn;x
48;192;160;192;Moose Factory;x
49;130;123;117;Thunder Bay;x
50;64;32;192;Geraldton;x
51;48;128;192;Sault Ste. Marie;x
52;176;128;192;Sudbury;x
53;176;0;64;Barrie;x
54;0;96;64;Windsor;x
55;176;128;64;Hamilton;x
56;116;74;122;Kingston;x
57;176;0;192;Ottawa;x
58;208;64;192;Montreal;x
59;176;210;74;Churchill;x
60;128;224;64;Richmond;x
61;128;224;192;Notre-Dame-du-Lac;x
62;192;96;64;Sept-Iles;x
63;48;0;192;Chicoutimi;x
64;240;192;128;Trois-Rivieres;x
65;176;192;192;Quebec;x
66;152;117;121;Sherbrooke;x
67;240;64;192;Rimouski;x
68;240;192;64;Saint John;x
69;112;64;192;Fredericton;x
70;112;192;64;Prince Edward Island;x
71;240;64;64;Halifax;x
72;128;96;192;Truro;x
73;192;96;192;Cape Breton Island;x
74;209;215;159;St. John's;x
75;16;160;0;Lacs Brules;x
76;0;96;192;Rigolet;x
77;74;146;55;Saint-Pierre-et-Miquelon;x
78;0;160;0;Seattle;x
79;32;192;192;Olympia;x
80;160;64;192;Spokane;x
81;128;160;0;Portland;x
82;160;192;192;Lakeview;x
83;224;224;224;Pendleton;x
84;16;128;128;Sacramento;x
85;16;128;0;Santa Rosa;x
86;144;128;0;Mammoth Lakes;x
87;144;128;128;Monterey;x
88;134;75;69;Barstow;x
89;208;0;0;Los Angeles;x
90;80;128;0;San Diego;x
91;115;85;191;Coeur d'Alene;x
92;64;32;128;Boise;x
93;208;0;128;Preston;x
94;109;100;92;Carson City;x
95;16;192;0;Owyhee;x
96;204;24;24;Las Vegas;x
97;144;64;0;Salt Lake City;x
98;86;118;81;St. George;x
99;208;128;128;Vernal;x
100;16;64;128;Phoenix;x
101;144;192;0;Flagstaff;x
102;208;128;0;Tucson;x
103;80;64;128;Pueblo;x
104;192;48;128;San Francisco;x
105;64;176;128;Santa Fe;x
106;208;64;0;Denver;x
107;80;192;0;Rawlins;x
108;208;192;0;Grand Junction;x
109;144;64;64;Gallup;x
110;16;192;128;Rock Springs;x
111;134;115;72;Jackson;x
112;144;192;128;Cheyenne;x
113;80;128;128;Afton;x
114;192;32;128;Missoula;x
115;0;96;128;Helena;x
116;144;64;128;Great Falls;x
117;208;0;192;Bismarck;x
118;0;32;192;Fargo;x
119;80;128;192;Mandan;x
120;132;75;214;Sioux Falls;x
121;208;128;192;Deadwood;x
122;94;120;119;Rapid City;x
123;16;192;64;Omaha;x
124;208;128;64;Scotsbluff;x
125;144;192;64;Grand Island;x
126;144;64;192;Topeka;x
127;16;64;192;Wichita;x
128;16;192;192;Liberal;x
129;144;192;192;Guymon;x
130;122;112;123;Tulsa;x
131;192;48;64;Oklahoma City;x
132;128;48;64;Houston;x
133;0;176;64;Austin;x
134;128;176;192;Dallas;x
135;0;176;192;Durango;x
136;208;128;112;El Paso;x
137;128;176;64;San Antonio;x
138;0;48;192;Brownsville;x
139;76;108;123;New Orleans;x
140;79;163;196;Baton Rouge;x
141;192;240;128;Lafayette;x
142;192;112;128;Shreveport;x
143;192;240;0;Little Rock;x
144;64;112;128;Fort Smith;x
145;64;240;0;Hot Springs;x
146;208;0;64;St. Louis;x
147;208;64;128;Springfield;x
148;80;192;128;Cape Girardeau;x
149;80;128;64;Jefferson City;x
150;132;72;126;Columbia;x
151;144;128;192;Council Bluffs;x
152;16;128;192;Des Moines;x
153;144;0;192;Dubuque;x
154;74;95;122;Sioux City;x
155;90;74;121;St. Paul;x
156;16;0;192;Minneapolis;x
157;0;160;192;Moorhead;x
158;208;192;128;Duluth;x
159;208;192;64;Milwaukee;x
160;208;64;64;Wausau;x
161;128;160;192;Green Bay;x
162;144;0;64;Madison;x
163;16;128;64;Chicago;x
164;80;192;64;Rockford;x
165;128;96;0;Springfield;x
166;64;160;128;Peoria;x
167;144;128;64;Belleville;x
168;0;160;128;Marion;x
169;240;64;128;Indianapolis;x
170;112;128;64;Evansville;x
171;153;119;165;South Bend;x
172;192;32;0;Fort Wayne;x
173;112;192;0;Detroit;x
174;148;215;186;Lansing;x
175;64;224;128;Saginaw;x
176;240;192;0;Traverse City;x
177;112;0;64;Marquette;x
178;0;0;144;Cleveland;x
179;112;64;0;Columbus;x
180;208;192;192;Toledo;x
181;240;64;0;Dayton;x
182;176;192;128;Cincinnati;x
183;108;210;165;Marietta;x
184;240;0;64;Louisville;x
185;176;64;128;Barbourville;x
186;43;191;151;Lexington;x
187;192;112;0;Paducah;x
188;94;107;77;Nashville;x
189;128;112;128;Memphis;x
190;0;240;192;Knoxville;x
191;163;206;188;Chattanooga;x
192;0;240;128;Jackson;x
193;128;240;128;Greenville;x
194;64;112;0;Biloxi;x
195;32;176;0;Tuscaloosa;x
196;0;240;0;Huntsville;x
197;128;112;0;Mobile;x
198;160;48;0;Tallahassee;x
199;192;240;64;St. Augustine;x
200;64;112;192;Tampa;x
201;64;112;64;Atlanta;x
202;192;112;64;Macon;x
203;22;158;45;Bermuda;x
204;64;240;64;Savannah;x
205;226;240;64;Charleston;x
206;0;112;192;Columbia;x
207;0;112;64;Greenville;x
208;165;153;119;Raleigh;x
209;128;112;192;Charlotte;x
210;0;240;64;Wilmington;x
211;192;176;192;Lynchburg;x
212;240;0;128;Alexandria;x
213;48;64;128;Fredericksburg;x
214;64;176;192;Norfolk;x
215;176;192;0;Staunton;x
216;192;112;192;Abingdon;x
217;176;64;0;Charleston;x
218;48;192;0;Wheeling;x
219;240;128;0;Baltimore;x
220;112;0;128;Annapolis;x
221;112;128;128;Hagerstown;x
222;112;128;0;Dover;x
223;176;0;0;Philadelphia;x
224;48;128;128;Wilkes-Barre;x
225;240;128;128;State College;x
226;192;192;128;Harrisburg;x
227;108;73;77;Pittsburgh;x
228;96;109;79;Erie;x
229;161;75;78;Newark;x
230;74;74;176;Trenton;x
231;240;0;0;Camden;x
232;176;128;128;New York City;x
233;55;126;85;Long Island;x
234;176;128;0;Albany;x
235;48;0;128;Binghamton;x
236;112;192;128;Buffalo;x
237;48;128;0;Rochester;x
238;176;0;128;Syracuse;x
239;237;199;218;Pittsburg;x
240;66;212;150;Plattsburgh;x
241;48;64;192;Hartford;x
242;147;154;206;Providence;x
243;165;142;210;Boston;x
244;210;142;210;New Bedford;x
245;176;64;192;Worchester;x
246;176;192;64;Burlington;x
247;48;192;64;Concord;x
248;176;64;64;Portland;x
249;110;117;123;Bangor;x
250;240;128;192;Presque Isle;x
251;192;128;64;Godthaab;x
252;128;64;64;Island;x
253;139;119;144;Faeroerne;x
254;104;142;121;Belfast;x
255;160;96;64;Londonderry;x
256;32;224;64;Armagh;x
257;160;192;224;Donegal;x
258;32;224;192;Galway;x
259;160;96;192;Sligo;x
260;224;96;64;Cork;x
261;160;224;192;Limerick;x
262;150;146;121;Waterford;x
263;160;224;64;Dublin;x
264;32;96;192;Kildare;x
265;96;224;64;Wexford;x
266;160;224;0;Aberdeen;x
267;32;224;0;Inverness;x
268;32;96;128;Dundee;x
269;160;224;128;Edinburgh;x
270;160;96;128;Stirling;x
271;32;224;128;Glasgow;x
272;54;56;131;Dumfries;x
273;32;32;192;Cardiff;x
274;160;160;64;Cardigan;x
275;32;160;64;Llandrindod;x
276;160;32;64;Holyhead;x
277;96;224;0;Liverpool;x
278;224;224;0;Manchester;x
279;224;96;0;Carlisle;x
280;96;96;0;Newcastle-upon-Tyne;x
281;224;96;128;Hull;x
282;96;96;128;Leeds;x
283;134;176;33;Sheffield;x
284;32;160;192;Birmingham;x
285;101;97;124;Chester;x
286;160;33;176;Shrewsbury;x
287;96;32;192;Coventry;x
288;224;224;128;Nottingham;x
289;160;160;192;Leicester;x
290;96;224;128;Lincoln;x
291;140;102;123;Cambridge;x
292;224;32;64;Ipswich;x
293;96;160;64;Chelmsford;x
294;96;224;192;Oxford;x
295;224;160;64;St Albans;x
296;224;32;192;Bristol;x
297;96;96;192;Salisbury;x
298;224;224;64;Bath;x
299;96;160;192;Plymouth;x
300;224;224;192;London;x
301;98;89;147;Canterbury;x
302;128;0;32;Brighton;x
303;224;96;192;Southampton;x
304;19;114;99;Isle of Man;x
305;192;64;192;Trondhjem;x
306;192;192;192;Bodo;x
307;97;128;128;Hammerfest;x
308;64;64;192;Alesund;x
309;224;128;32;Bergen;x
310;251;103;124;Christianssand;x
311;96;1;32;Skien;x
312;96;128;32;Drammen;x
313;192;65;224;Christiania;x
314;32;128;160;Hamar;x
315;96;0;160;Lillehammer;x
316;149;161;84;Frederiksstad;x
317;97;192;97;Gavle;x
318;224;128;1;Sundsvall;x
319;65;192;192;Ostersund;x
320;97;1;128;Umea;x
321;223;0;128;Lulea;x
322;96;64;96;Stockholm;x
323;160;1;160;Falun;x
324;196;128;165;Uppsala;x
325;192;192;224;Norrkoping;x
326;1;1;160;Vasteras;x
327;248;228;0;Orebro;x
328;160;128;33;Karlstad;x
329;65;192;224;Goteborg;x
330;160;1;32;Boras;x
331;33;192;224;Gotland;x
332;64;64;223;Kalmar;x
333;65;192;97;Vaxjo;x
334;192;65;97;Malmo;x
335;192;192;97;Karlskrona;x
336;101;124;82;Uleaborg;x
337;160;192;0;Kajana;x
338;224;128;128;Tornea;x
339;32;128;1;Viborg;x
340;74;100;99;Kotka;x
341;64;192;64;St Michel;x
342;160;65;128;Kuopio;x
343;224;192;224;Helsingfors;x
344;97;192;224;Tavastehus;x
345;224;65;224;Abo;x
346;33;65;128;Vasa;x
347;121;211;121;Alacahisar;x
348;224;65;97;Landskapet Aland;x
349;128;160;33;Reval;x
350;1;160;33;Narwa;x
351;1;33;160;Pernau;x
352;191;96;96;Dorpat;x
353;96;64;224;Osel;x
354;0;160;160;Riga;x
355;128;33;160;Wolmar;x
356;191;32;96;Daugavpils;x
357;1;224;33;Mitau;x
358;128;97;33;Windawa;x
359;74;142;93;Libau;x
360;65;224;97;Vilna;x
361;1;97;160;Kovno;x
362;0;224;160;Mariyampole;x
363;168;255;81;Ponevezh;x
364;192;160;160;Shavli;x
365;128;96;160;Telshi;x
366;128;65;224;Arhus;x
367;0;191;223;Alborg;x
368;148;70;143;Vamdrup;x
369;128;65;96;Kiel;x
370;0;192;96;Flensborg;x
371;128;192;97;Aabenraa;x
372;128;192;224;Kobenhavn;x
373;116;112;139;Odense;x
374;144;0;224;Bornholm;x
375;119;119;50;Amsterdam;x
376;128;192;160;Rotterdam;x
377;192;64;33;Utrecht;x
378;1;192;160;Middelburg;x
379;192;192;160;Eindhoven;x
380;76;72;148;Breda;x
381;0;0;223;Limburg;x
382;65;192;160;Arnhem;x
383;192;192;33;Groningen;x
384;192;65;160;Zwolle;x
385;65;192;33;Leeuwarden;x
386;65;65;160;Assen;x
387;1;128;97;Bruxelles;x
388;1;65;160;Bruges;x
389;128;65;160;Gand;x
390;128;0;96;Anvers;x
391;128;128;97;Hasselt;x
392;145;101;116;Namur;x
393;128;128;160;Tournai;x
394;176;160;192;Charleroi;x
395;239;32;64;Liege;x
396;72;111;106;Eupen-Malmedy;x
397;81;128;160;Luxembourg;x
398;208;1;160;Bastogne;x
399;160;160;128;Lille;x
400;224;160;192;Dunkerque;x
401;16;96;0;Arras;x
402;16;160;192;Amiens;x
403;112;64;160;Saint-Quentin;x
404;112;192;32;Cambrai;x
405;239;191;32;Charleville;x
406;239;0;223;Troyes;x
407;112;0;96;Chaumont;x
408;239;64;160;Reims;x
409;110;72;145;Strasbourg;x
410;176;0;224;Colmar;x
411;176;128;224;Nancy;x
412;240;192;160;Metz;x
413;112;191;160;Verdun;x
414;48;128;224;Epinal;x
415;144;32;192;Le Havre;x
416;176;96;128;Evreux;x
417;16;32;192;Alencon;x
418;144;160;64;Caen;x
419;183;142;84;Channel Islands;x
420;208;224;128;Brest;x
421;85;96;126;Saint-Brieuc;x
422;144;32;64;Vannes;x
423;112;96;0;Nantes;x
424;16;160;64;Rennes;x
425;144;96;0;Paris;x
426;144;160;192;Chartres;x
427;112;128;223;Melun;x
428;240;128;96;Macon;x
429;112;0;224;Auxerre;x
430;240;128;224;Nevers;x
431;109;120;150;Macon;x
432;240;0;96;Besancon;x
433;112;128;96;Belfort;x
434;80;160;64;Angers;x
435;48;224;128;Angers;x
436;176;224;128;Le Mans;x
437;63;116;175;La Roche;x
438;16;223;0;Orleans;x
439;144;224;0;Bourges;x
440;136;98;119;Chateauroux;x
441;208;32;64;Tours;x
442;208;160;64;La Rochelle;x
443;208;32;192;Poitiers;x
444;80;32;192;Angouleme;x
445;48;96;0;Limoges;x
446;80;160;192;Chateauroux;x
447;176;96;0;Perigueux;x
448;112;192;96;Clermont-Ferrand;x
449;240;192;96;Nimes;x
450;48;224;0;Cahors;x
451;176;64;96;Lyon;x
452;239;64;96;Lyon;x
453;112;64;96;Valence;x
454;48;192;96;Grenoble;x
455;48;96;128;Toulouse;x
456;176;224;0;Toulouse;x
457;16;96;64;Tarbes;x
458;240;160;128;Bordeaux;x
459;112;160;128;Mont-de-Marsan;x
460;240;32;128;Pau;x
461;144;96;128;Montpellier;x
462;16;96;128;Rodez;x
463;207;159;191;Carcassonne;x
464;16;96;192;Perpignan;x
465;107;75;164;Enncsia;x
466;208;0;224;Sciambere;x
467;49;192;223;Marseilles;x
468;176;192;224;Nimes;x
469;176;64;224;Digne;x
470;48;64;224;Toulon;x
471;176;192;96;Frejus;x
472;80;128;224;Nizza;x
473;239;64;32;Corsica;x
474;208;224;64;La Coruna;x
475;80;96;192;Oviedo;x
476;80;224;64;Pontevedra;x
477;208;96;192;Leon;x
478;240;160;0;Santander;x
479;112;160;0;Burgos;x
480;80;224;192;Valladolid;x
481;240;32;0;Soria;x
482;176;32;0;Salamanca;x
483;112;32;0;Avila;x
484;0;144;32;Badajoz;x
485;80;96;0;Almendralejo;x
486;48;160;0;Caceres;x
487;48;32;128;Madrid;x
488;176;160;128;Guadalajara;x
489;176;160;0;Toledo;x
490;176;32;128;Cuenca;x
491;128;16;160;Ciudad Real;x
492;112;32;128;Bilbao;x
493;16;224;192;Pamplona;x
494;158;201;184;Logrono;x
495;80;96;64;Zaragoza;x
496;144;96;192;Huesca;x
497;48;160;128;Teruel;x
498;224;192;32;Barcelona;x
499;17;224;65;Gerona;x
500;144;96;64;Lerida;x
501;177;233;121;Tarragona;x
502;96;240;128;Balearic Islands;x
503;143;223;128;Valencia;x
504;208;96;64;Castellon;x
505;223;239;128;Alicante;x
506;113;21;139;Cartagena;x
507;98;104;120;Murcia;x
508;160;48;64;Albacete;x
509;128;16;32;Sevilla;x
510;128;144;32;Cordoba;x
511;208;96;0;Huelva;x
512;78;84;100;Cadiz;x
513;160;176;64;Granada;x
514;32;48;192;Malaga;x
515;32;176;64;Almeria;x
516;0;16;160;Jaen;x
517;188;110;211;Gibraltar;x
518;208;160;0;Oporto;x
519;208;224;192;Vila Real;x
520;48;32;163;Covilha;x
521;208;160;128;Lisboa;x
522;80;160;0;Coimbra;x
523;208;32;0;Abrantes;x
524;84;81;100;Setubal;x
525;235;169;53;Evora;x
526;160;112;128;Beja;x
527;32;112;128;Faro;x
528;88;114;151;Bremervoerde;x
529;224;0;160;Lauenborg;x
530;96;128;159;Neustadt in Holstein;x
531;65;128;97;Stade;x
532;192;128;224;Luneburg;x
533;104;190;102;Heligoland;x
534;105;75;145;Hannover;x
535;191;0;223;Osterholz;x
536;33;128;224;Braunschweig;x
537;160;1;224;Gottingen;x
538;77;98;160;Osnabruck;x
539;192;128;97;Bremerhaven;x
540;192;1;97;Oldenburg;x
541;65;1;224;Cloppenburg;x
542;128;128;224;Lingen;x
543;120;75;142;Emden;x
544;224;128;160;Schwerin;x
545;224;65;160;Neustrelitz;x
546;25;174;25;Stettin;x
547;160;65;33;Greifswald;x
548;86;116;82;Stralsund;x
549;131;177;168;Berlin;x
550;160;64;160;Prenzlau;x
551;97;192;160;Pritzwalk;x
552;223;64;32;Cottbus;x
553;160;128;224;Magdeburg;x
554;97;128;97;Erfurt;x
555;138;68;140;Dessau;x
556;207;93;142;Halle;x
557;224;192;160;Stendal;x
558;121;83;104;Dresden;x
559;175;223;191;Leipzig;x
560;49;224;192;Chemnitz;x
561;81;192;33;Allstedt;x
562;208;192;33;Eisenach;x
563;81;65;160;Meiningen;x
564;17;192;160;Frankfurt am Main;x
565;144;192;160;Wiesbaden;x
566;192;128;32;Cassel;x
567;139;124;103;Giessen;x
568;208;65;33;Fulda;x
569;49;128;97;Mannheim;x
570;144;192;32;Mainz;x
571;17;192;33;Kaiserlautern;x
572;208;128;160;Trier;x
573;144;64;32;Saarbrucken;x
574;93;122;104;Coblenz;x
575;81;128;33;Coln;x
576;131;75;102;Bitburg;x
577;128;1;224;Cleve;x
578;33;1;224;Dusseldorf;x
579;81;1;160;Neuwied;x
580;160;128;97;Dortmund;x
581;1;128;224;Munster;x
582;33;128;97;Minden;x
583;65;128;33;Siegen;x
584;65;1;160;Corbach;x
585;159;0;96;Detmold;x
586;176;1;96;Karlsruhe;x
587;176;128;97;Freiburg;x
588;174;186;42;Constanz;x
589;17;128;96;Stuttgart;x
590;16;0;96;Heilbronn;x
591;143;0;96;Tubingen;x
592;112;74;95;Augsburg;x
593;219;184;76;Ulm;x
594;144;128;96;Sigmaringen;x
595;208;192;160;Nurnberg;x
596;144;64;160;Aschaffenburg;x
597;81;192;160;Wurzburg;x
598;208;65;160;Bayreuth;x
599;176;1;33;Munchen;x
600;176;128;33;Landshut;x
601;49;128;33;Ingolstadt;x
602;49;1;160;Regensburg;x
603;126;75;134;Zurich;x
604;144;128;224;Basel;x
605;80;128;96;Bern;x
606;208;1;97;Luzern;x
607;208;128;96;Geneve;x
608;17;127;224;Neuchatel;x
609;144;65;224;Sion;x
610;166;238;251;Ponape;x
611;144;192;224;Chur;x
612;81;192;224;Innsbruck;x
613;240;97;192;Salzburg;x
614;208;192;224;Bregenz;x
615;240;224;192;Lienz;x
616;176;97;65;Gratz;x
617;17;1;160;Judenburg;x
618;143;128;32;Klagenfurt;x
619;49;97;65;Wien;x
620;17;128;160;Sankt Polten;x
621;169;121;59;Krems;x
622;144;1;160;Linz;x
623;240;224;1;Odenburg;x
624;48;160;32;Eisenstadt;x
625;113;224;65;Prag;x
626;144;128;160;Koniggratz;x
627;113;97;65;Karlsbad;x
628;29;107;148;Aussig;x
629;240;97;65;Pilsen;x
630;240;224;65;Budweis;x
631;239;96;128;Brunn;x
632;113;224;128;Olmutz;x
633;81;97;97;Pressburg;x
634;144;224;224;Trentschin;x
635;208;97;97;Neutra;x
636;81;48;106;Neusohl;x
637;81;224;97;Kaschau;x
638;32;192;0;Eperies;x
639;113;97;128;Egersee;x
640;207;32;32;Funfkirchen;x
641;81;224;224;Pest;x
642;113;95;93;Raab;x
643;207;223;223;Stuhlweissenburg;x
644;176;33;33;Ruppertsburg;x
645;132;97;101;Ketschkemet;x
646;208;97;224;Mischkolz;x
647;81;97;160;Grosswardein;x
648;16;159;159;Debrezin;x
649;144;160;160;Szegedin;x
650;80;96;223;Tschabe;x
651;144;33;160;Sathmar;x
652;144;224;33;Temeschburg;x
653;17;97;160;Reschitz;x
654;208;224;160;Klausenburg;x
655;208;97;160;Karlsburg;x
656;208;224;33;Diemrich;x
657;81;224;160;Hermannstadt;x
658;96;144;192;Hawai'i;x
659;48;96;96;Kronstadt;x
660;175;96;159;Oderhellen;x
661;176;97;97;Bistritz;x
662;49;160;160;Czernowitz;x
663;0;167;244;Sotschen;x
664;176;224;32;Bucharest;x
665;224;33;33;Tirgu Jiu;x
666;81;224;33;Craiova;x
667;224;163;33;Tirgoviste;x
668;49;224;33;Braila;x
669;33;100;224;Calarasi;x
670;176;160;224;Iasi;x
671;239;32;96;Botosani;x
672;48;224;160;Bacau;x
673;244;0;69;Kagul;x
674;176;97;33;Kostence;x
675;217;224;33;Tolcu;x
676;113;33;97;Kishinyov;x
677;138;202;155;Belgorod;x
678;176;224;160;Izmail;x
679;160;192;32;Kolberg;x
680;128;1;160;Koslin;x
681;96;191;32;Kustrin;x
682;110;97;127;Breslau;x
683;192;1;33;Waldenburg;x
684;175;159;32;Oppeln;x
685;94;144;145;Kattowitz;x
686;177;200;76;Merv;x
687;97;65;33;Gorlitz;x
688;240;224;128;Troppau;x
689;16;223;223;Teschen;x
690;128;160;160;Danzig;x
691;148;80;0;Tuchel;x
692;1;128;160;Deutsch Krone;x
693;122;96;97;Elbing;x
694;65;160;33;Thorn;x
695;65;33;160;Konigsberg;x
696;191;159;32;Allenstein;x
697;192;32;160;Heilsberg;x
698;64;160;160;Memel;x
699;33;65;160;Posen;x
700;192;33;33;Bromberg;x
701;65;224;160;Gnesen;x
702;17;160;33;Lemberg;x
703;144;96;96;Miechow;x
704;17;97;224;Neu Sandez;x
705;144;224;96;Premissel;x
706;65;97;160;Varsava;x
707;128;159;96;Suwalki;x
708;128;33;97;Plotsk;x
709;0;159;96;Lomzha;x
710;87;126;228;Skierniewice;x
711;64;223;32;Lyublin;x
712;192;97;160;Lodz;x
713;96;0;223;Radom;x
714;17;224;97;Tarnau;x
715;81;160;224;Biala;x
716;208;160;224;Kielce;x
717;192;224;160;Kalish;x
718;1;97;224;Minsk;x
719;192;97;33;Belastok;x
720;208;128;224;Torino;x
721;144;192;96;Aosta;x
722;17;64;224;Novara;x
723;17;192;97;Alessandria;x
724;144;64;97;Genova;x
725;84;114;138;Savona;x
726;208;64;96;Mailand;x
727;134;122;144;Walsch-Bergen;x
728;80;192;96;Walsch-Brixen;x
729;176;1;160;Treviso;x
730;48;128;160;Dietrichsbern;x
731;176;128;160;Esten;x
732;81;65;224;Vicenza;x
733;85;72;102;Weiden;x
734;208;191;96;Trient;x
735;208;64;224;Botzen;x
736;144;0;33;Triest;x
737;16;128;33;Gorz;x
738;112;1;32;Parma;x
739;239;0;33;Modena;x
740;240;128;33;Massa;x
741;112;0;160;Bologna;x
742;112;128;32;Ferrara;x
743;240;0;160;Ravenna;x
744;112;128;160;Firenze;x
745;106;118;98;Livorno;x
746;240;128;160;Lucca;x
747;176;64;32;Siena;x
748;176;192;32;Grosseto;x
749;176;192;160;Roma;x
750;176;64;160;Viterbo;x
751;48;64;160;Perugia;x
752;48;192;33;Ancona;x
753;49;192;160;Aquila;x
754;176;32;64;Napoli;x
755;64;144;160;Salerno;x
756;48;32;159;Bari;x
757;112;64;32;Foggia;x
758;64;80;223;Brindisi;x
759;192;16;32;Reggio di Calabria;x
760;192;80;224;Catanzaro;x
761;120;84;96;Potenza;x
762;192;144;160;Palermo;x
763;128;81;32;Messina;x
764;0;208;32;Catania;x
765;128;208;32;Cagliari;x
766;48;160;64;Sassari;x
767;49;224;65;Marburg;x
768;176;224;64;Laibach;x
769;48;96;191;Adelsburg;x
770;176;97;192;Polei;x
771;113;160;65;Agram;x
772;112;223;0;Sissek;x
773;240;33;192;Zengg;x
774;113;160;192;Sluin;x
775;18;77;115;Warasdin;x
776;81;160;33;Bellowar;x
777;16;96;32;Poschegg;x
778;240;160;64;Sankt Veit;x
779;144;97;33;Esseg;x
780;208;160;33;Spalato;x
781;239;160;192;Zara;x
782;17;160;224;Ragusa;x
783;81;160;160;Saraybosna;x
784;240;97;1;Bihac;x
785;80;32;159;Banaluka;x
786;208;160;160;Bijeljina;x
787;17;33;224;Foca;x
788;144;33;224;Trebinye;x
789;208;33;160;Mostar;x
790;200;225;201;Kitwe;x
791;144;33;97;Syrmisch;x
792;98;105;152;Pantschowa;x
793;128;207;0;Derbent;x
794;16;160;96;Belgrade;x
795;144;97;160;Bor;x
796;144;160;97;Razanj;x
797;237;186;32;Kragujevac;x
798;208;33;224;Nis;x
799;98;167;48;Sehirkoy;x
800;68;110;132;Ulgun;x
801;160;0;176;Tahiti;x
802;208;33;97;Prishtine;x
803;165;211;169;Ipek;x
804;157;255;175;Yeni Pazar;x
805;112;160;224;Yenice-i Vardar;x
806;17;224;160;Uskub;x
807;224;17;139;Manastir;x
808;240;160;224;Petric;x
809;208;97;33;Sofya;x
810;205;210;55;Vidin;x
811;181;87;87;Ruscuk;x
812;113;160;160;Plevne;x
813;232;213;156;Kilkish;x
814;240;160;160;Varna;x
815;240;33;160;Filibe;x
816;110;113;146;Eski Zagra;x
817;113;33;160;Burgaz;x
818;49;96;33;Silistre;x
819;144;224;160;Kesriye;x
820;1;208;96;Gerebena;x
821;80;96;32;Karaferye;x
822;210;97;158;Selanik;x
823;112;32;32;Siroz;x
824;128;80;224;Janina;x
825;1;208;224;Kavala;x
826;75;121;202;Corfu;x
827;64;80;96;Zante;x
828;112;160;32;Edirne;x
829;97;129;210;Iskece;x
830;240;32;32;Dimetoka;x
831;128;208;96;Alasonya;x
832;160;208;160;Quluz;x
833;230;232;104;Tirhala;x
834;141;127;98;Athinai;x
835;70;95;141;Amfissa;x
836;191;81;96;Lamia;x
837;81;135;145;Aitoloakarnania;x
838;160;16;160;Chalkis;x
839;96;208;32;Nafplion;x
840;224;81;32;Korinthos;x
841;192;208;96;Micova;x
842;97;229;126;Patrai;x
843;197;100;82;Sisam;x
844;33;144;160;Midilli;x
845;96;144;160;Kyklades;x
846;224;17;160;Mentese Adalari;x
847;223;144;32;Hanya;x
848;96;16;160;Kandiye;x
849;208;160;97;Tiran;x
850;81;160;97;Iskodra;x
851;199;113;224;Gumulcine;x
852;113;192;224;Avlonya;x
853;123;224;113;Ergiri Kasri;x
854;1;81;33;Malta;x
855;191;48;32;Lefkosa;x
856;121;104;94;Leymosun;x
857;64;176;32;Magusa;x
858;240;32;130;Kirklareli;x
859;32;115;240;Gelibolu;x
860;240;160;32;Kostantiniyye;x
861;48;160;96;Uskudar;x
862;176;160;96;Izmit;x
863;48;32;224;Bursa;x
864;128;144;0;Balikesir;x
865;176;32;224;Canakkale;x
866;164;237;92;Afyon;x
867;86;8;122;Kutahya;x
868;48;160;224;Eskisehir;x
869;32;80;32;Izmir;x
870;160;144;160;Manisa;x
871;96;16;32;Denizli;x
872;224;144;160;Mugla;x
873;235;152;243;Konya;x
874;64;16;96;Burdur;x
875;224;16;32;Antalya;x
876;64;144;0;Ankara;x
877;120;88;73;Amasya;x
878;192;144;0;Kayseri;x
879;64;16;128;Sivas;x
880;192;16;0;Kastamonu;x
881;240;64;224;Bolu;x
882;0;16;128;Trabzon;x
883;128;144;128;Sinop;x
884;0;144;128;Giresun;x
885;192;144;128;Kars;x
886;0;144;0;Ardahan;x
887;128;16;128;Arz-i Rum;x
888;192;16;128;Erzincan;x
889;201;207;36;Malatya;x
890;0;208;0;Van;x
891;64;144;128;Bitlis;x
892;195;60;15;Bay;x
893;160;144;224;Diyar-i Bekir;x
894;33;17;224;Adana;x
895;160;144;96;Mersin;x
896;176;224;96;Marash;x
897;122;22;121;Aleppo;x
898;204;189;25;Antep;x
899;102;83;128;Urfa;x
900;224;17;96;Antakya;x
901;166;177;76;Hasici;x
902;224;17;224;Damascus;x
903;128;176;32;Homs;x
904;224;144;96;Rakka;x
905;97;144;96;Latakia;x
906;142;248;149;As-Suwayda;x
907;0;48;160;Palmyra;x
908;96;208;224;Ma'an;x
909;194;180;131;Amman;x
910;224;208;224;Azraq;x
911;80;163;135;Mudawwara;x
912;236;202;199;Baalbeck;x
913;199;236;203;Beirut;x
914;96;16;224;Trablos;x
915;160;80;224;Sidon;x
916;54;94;143;Acre;x
917;224;80;96;Jerusalem;x
918;201;203;192;Nablus;x
919;96;80;96;Jaffa;x
920;96;208;96;Gaza;x
921;224;208;96;Beersheba;x
922;224;80;224;Aqaba;x
923;0;176;160;Musul;x
924;32;144;224;Arbil;x
925;146;112;46;Sulaymania;x
926;32;80;96;Bagdat;x
927;160;80;96;Samarra;x
928;224;144;224;Rewanduz;x
929;32;208;96;Kerbela;x
930;29;127;94;Kut;x
931;96;144;224;Rutbah;x
932;128;112;96;Basra;x
933;32;80;224;Nasiriye;x
934;160;208;96;Necef;x
935;0;240;96;Kuwait;x
936;64;96;32;Grodno;x
937;191;223;32;Pruzhany;x
938;128;224;160;Lida;x
939;224;97;118;Pinsk;x
940;65;97;97;Brest-Litovsk;x
941;128;224;97;Slutsk;x
942;128;223;223;Mozyr;x
943;192;223;96;Smolensk;x
944;1;224;97;Mogilev;x
945;192;160;224;Vitebsk;x
946;1;97;97;Orsha;x
947;128;97;97;Molodechno;x
948;65;160;224;Mogilev;x
949;128;97;224;Gomel;x
950;208;224;97;Chust;x
951;143;159;32;Stryi;x
952;176;33;160;Tarnopol;x
953;126;221;158;Stanislau;x
954;240;224;33;Vinnitsa;x
955;113;97;160;Kamenets-Podolyskiy;x
956;113;224;160;Rovno;x
957;224;1;224;Kovel;x
958;1;224;224;Kyiv;x
959;17;33;160;Zhytomyr;x
960;240;97;160;Berdychev;x
961;114;98;145;Uman;x
962;224;128;97;Chernigov;x
963;113;65;224;Poltava;x
964;49;224;224;Simferopol;x
965;239;96;32;Kherson;x
966;112;96;96;Kerch;x
967;176;223;223;Sevastopol;x
968;113;97;33;Odessa;x
969;113;224;33;Tyraspol';x
970;176;33;97;Yelisavetgrad;x
971;240;224;160;Yekaterinoslav;x
972;113;224;97;Poltava;x
973;240;97;97;Bakhmut;x
974;113;224;224;Slavjansk;x
975;112;32;223;Mariupol;x
976;240;224;97;Kursk;x
977;192;224;224;Kharkiv;x
978;240;97;224;Rostov;x
979;128;81;128;Lugansk;x
980;113;97;224;Arkhangelsk;x
981;131;84;82;Pechenga;x
982;160;64;0;Kandalaksha;x
983;33;192;128;Kostomuksha;x
984;160;192;128;Mezen;x
985;207;181;75;Naryan-Mar;x
986;160;0;64;Ust-Sysolsk;x
987;32;128;64;Povenets;x
988;224;64;0;Vologda;x
989;96;65;128;Veliky Ustyug;x
990;223;64;128;Totma;x
991;224;192;128;Belozersk;x
992;64;32;223;Vytegra;x
993;160;128;0;Sankt-Peterburg;x
994;1;160;224;Saint Petersburg;x
995;108;110;122;Luga;x
996;128;160;224;Gdov;x
997;143;121;233;Tver;x
998;177;238;116;Kalinin;x
999;160;160;33;Staritsa;x
1000;223;191;96;Yaroslavl;x
1001;224;32;32;Manzhouli;x
1002;4;93;10;Novgorod;x
1003;128;32;223;Tikhvin;x
1004;160;0;0;Borovichi;x
1005;64;160;96;Pskov;x
1006;0;32;224;Velikiye Luki;x
1007;192;160;96;Moskva;x
1008;224;160;33;Moscow;x
1009;141;100;98;Kaluga;x
1010;160;33;32;Kaluga;x
1011;160;32;160;Ryazan;x
1012;33;33;160;Vladimir;x
1013;97;33;160;Vladimir;x
1014;32;160;32;Peremyshl;x
1015;192;32;224;Bryansk;x
1016;188;4;65;Oryol;x
1017;33;160;160;Orel;x
1018;64;223;223;Belgorod;x
1019;160;160;160;Voronezh;x
1020;96;160;160;Nizhny Novgorod;x
1021;97;96;32;Penza;x
1022;223;32;160;Ivanovo;x
1023;192;192;64;Kostroma;x
1024;96;192;128;Galich;x
1025;97;97;160;Tambov;x
1026;160;128;64;Perm;x
1027;160;128;160;Vetluga;x
1028;160;0;192;Vyatka;x
1029;32;128;192;Glasov;x
1030;223;160;160;Kazan;x
1031;32;96;32;Sarapul;x
1032;160;96;32;Chistopol;x
1033;33;223;33;Simbirsk;x
1034;191;112;96;Samara;x
1035;160;224;33;Saransk;x
1036;1;80;64;Astrakhan;x
1037;96;223;33;Saratov;x
1038;65;144;192;Novy Uzen;x
1039;224;96;32;Tsaritsyn;x
1040;128;81;64;Tsarev;x
1041;128;16;64;Elista;x
1042;160;96;160;Ufa;x
1043;160;223;160;Buzuluk;x
1044;33;223;160;Orenburg;x
1045;1;80;128;Ust-Medveditskaya;x
1046;192;81;128;Nizhne-Chirskaya;x
1047;0;208;128;Rostov-na-Donu;x
1048;128;208;128;Yekaterinodar;x
1049;64;80;0;Ubykhia;x
1050;192;208;1;Stavropol;x
1051;192;80;1;Maykop;x
1052;192;16;64;Derbent;x
1053;192;144;65;Khunzakh;x
1054;65;208;128;Vladikavkaz;x
1055;1;144;65;Grozny;x
1056;64;80;128;Pyatigorsk;x
1057;1;208;65;Kizylyar;x
1058;35;0;220;Ekaterinburg;x
1059;65;16;192;Chelyabinsk;x
1060;223;224;160;Orsk;x
1061;96;223;160;Tyumen;x
1062;223;96;160;Berezov;x
1063;173;34;110;Tomsk;x
1064;35;36;110;Omsk;x
1065;160;127;191;Nyagan;x
1066;104;1;74;Tobolsk;x
1067;35;172;111;Novosibirsk;x
1068;126;76;76;Ulala;x
1069;208;0;32;Vilyuysk;x
1070;224;1;65;Yeniseysk;x
1071;224;128;65;Qeshm;x
1072;97;160;223;Okhotsk;x
1073;97;128;192;Gizhiga;x
1074;160;96;223;Petropavlovsk;x
1075;104;34;110;Irkutsk;x
1076;160;160;96;Nizhneudinsk;x
1077;35;34;255;Krasnoyarsk;x
1078;105;155;146;Chita;x
1079;96;160;96;Nerchinsk;x
1080;160;160;223;Chumikan;x
1081;160;32;224;Yakesa;x
1082;96;208;128;Haishenwai;x
1083;224;81;128;Boli;x
1084;96;80;128;Utchan;x
1085;160;208;0;Hailanpao;x
1086;223;160;96;Pogobi;x
1087;32;16;192;Otomari;x
1088;96;17;64;Shumshu;x
1089;224;160;224;Etorofu;x
1090;155;198;155;Tiflis;x
1091;240;224;223;Tskhinval;x
1092;128;16;0;Kutais;x
1093;192;207;128;Akhaltsikhe;x
1094;1;17;65;Poti;x
1095;64;208;1;Sukhum;x
1096;128;144;1;Batum;x
1097;48;32;144;New Caledonia;x
1098;128;80;0;Erivan;x
1099;0;80;0;Alexandropol;x
1100;48;223;96;Kapan;x
1101;49;97;224;Nakhichevan;x
1102;0;143;191;Baku;x
1103;191;209;89;Quba;x
1104;128;144;191;Nukha;x
1105;128;208;65;Yelizavetpol;x
1106;128;144;64;Agdam;x
1107;0;112;96;Lankaran;x
1108;96;80;160;Tabriz;x
1109;160;16;223;Khvoy;x
1110;128;176;160;Urmia;x
1111;204;166;63;Mahabad;x
1112;191;48;223;Ardabil;x
1113;192;176;224;Rasht;x
1114;128;112;223;Noshehr;x
1115;64;239;160;Sari;x
1116;64;112;160;Esterabad;x
1117;224;80;160;Sanandaj;x
1118;128;240;96;Saqqez;x
1119;1;112;224;Kermanshah;x
1120;94;75;130;Khoramabad;x
1121;192;240;160;Tehran;x
1122;192;176;96;Hamadan;x
1123;65;176;224;Zanjan;x
1124;64;48;224;Qazvin;x
1125;65;176;96;Qom;x
1126;192;112;160;Semnan;x
1127;128;49;96;Isfahan;x
1128;192;49;96;Arak;x
1129;18;78;140;Kashan;x
1130;192;112;32;Yazd;x
1131;0;176;223;Ahvaz;x
1132;128;176;96;Abadan;x
1133;128;176;224;Dezful;x
1134;128;48;223;Dehkord;x
1135;128;240;160;Shiraz;x
1136;1;48;224;Bushire;x
1137;1;176;96;Jahrom;x
1138;1;240;160;Lengeh;x
1139;64;112;32;Sirjan;x
1140;128;240;32;Kerman;x
1141;128;112;160;Hajjiabad;x
1142;1;112;160;Bandar Abbas;x
1143;202;204;73;Bam;x
1144;179;62;34;Zahedan;x
1145;1;240;32;Bunpoor;x
1146;65;49;160;Chabahar;x
1147;192;176;32;Mashhad;x
1148;192;240;224;Birjand;x
1149;128;112;32;Sabzevar;x
1150;1;112;33;Bojnurd;x
1151;48;144;160;Mecca;x
1152;187;52;25;Jeddah;x
1153;97;207;160;Medina;x
1154;119;129;55;Tabuk;x
1155;176;144;160;Abha;x
1156;128;49;33;Kaf;x
1157;176;208;160;Riyadh;x
1158;0;176;33;Al-Nefud;x
1159;112;17;96;Halaban;x
1160;176;17;160;Hail;x
1161;176;17;96;Sharurah;x
1162;80;90;224;Bahrain;x
1163;112;81;32;Qatif;x
1164;70;134;38;Hufuf;x
1165;239;80;32;Doha;x
1166;112;81;159;Muscat;x
1167;112;208;32;Abu Dhabi;x
1168;240;208;33;Dubai;x
1169;239;208;160;Sohar;x
1170;193;189;82;Nizwa;x
1171;239;80;160;Sur;x
1172;112;208;160;Duqm;x
1173;48;143;223;Mukalla;x
1174;86;39;160;Salalah;x
1175;176;16;223;Ghayda;x
1176;176;144;224;Bayda;x
1177;48;16;224;Socotra;x
1178;229;223;59;Sana'a;x
1179;49;65;144;Al-Hudaydah;x
1180;176;143;96;Taizz;x
1181;70;86;220;Akmolinsk;x
1182;192;144;192;Guryev;x
1183;192;81;65;Aqtobe;x
1184;69;223;220;Kokshetau;x
1185;69;224;73;Shu;x
1186;34;155;0;Alma-Ata;x
1187;173;155;1;Semipalatinsk;x
1188;160;150;149;Qaratal;x
1189;89;155;157;Bishkek;x
1190;44;81;151;Naryn;x
1191;138;224;220;Khiva;x
1192;65;80;64;Nukus;x
1193;0;224;220;Ak-Mechet;x
1194;191;16;191;Aqtau;x
1195;192;208;64;Tashkent;x
1196;1;17;192;Konye-Urgench;x
1197;208;224;73;Turkestan;x
1198;138;86;220;Bukhoro;x
1199;208;86;220;Samarkand;x
1200;32;176;33;Qarshi;x
1201;34;76;183;Khojand;x
1202;173;52;37;Kokand;x
1203;90;44;151;Osh;x
1204;191;175;160;Karakum Desert;x
1205;128;17;192;Kyzyl-Su;x
1206;192;112;96;Chardzhou;x
1207;176;144;32;Kulob;x
1208;66;176;32;Khorug;x
1209;33;48;160;Kabul;x
1210;160;48;160;Fayzabad;x
1211;96;176;160;Sheberghan;x
1212;64;240;96;Herat;x
1213;240;64;122;Bamyan;x
1214;192;239;96;Farrah;x
1215;64;240;224;Kandahar;x
1216;64;240;89;Jalalabad;x
1217;160;176;32;Ghazni;x
1218;32;176;160;Peshawar;x
1219;223;48;160;Quetta;x
1220;64;112;224;Dalbandin;x
1221;192;112;224;Kalat;x
1222;64;112;96;Bela;x
1223;185;67;175;Chitral;x
1224;33;112;33;Srinagar;x
1225;67;185;159;Gilgit;x
1226;33;240;32;Leh;x
1227;128;240;224;Lahore;x
1228;224;49;33;Multan;x
1229;185;67;89;Sialkot;x
1230;160;176;160;Attock;x
1231;112;105;64;Bahawalpur;x
1232;143;84;64;Shahpur;x
1233;160;112;32;Amritsar;x
1234;160;240;160;Firozpur;x
1235;96;112;32;Simla;x
1236;224;239;160;Delhi;x
1237;224;112;32;Panipat;x
1238;73;51;127;Dehra Dun;x
1239;176;80;223;Meerut;x
1240;97;240;160;Agra;x
1241;97;112;160;Cawnpore;x
1242;224;112;160;Lucknow;x
1243;17;112;33;Allahabad;x
1244;51;127;108;Fyzabad;x
1245;208;176;160;Benares;x
1246;160;49;96;Gorakhpur;x
1247;33;176;96;Patna;x
1248;80;176;160;Gaya;x
1249;17;240;32;Kharswari;x
1250;224;176;160;Bhagalpur;x
1251;208;176;223;Calcutta;x
1252;226;233;43;Darjeeling;x
1253;239;80;96;Bardwan;x
1254;17;112;96;Dacca;x
1255;48;176;160;Rajshahi;x
1256;111;17;112;Jessore;x
1257;144;112;96;Chittagong;x
1258;160;48;224;Gauhati;x
1259;176;49;33;Imphal;x
1260;96;48;223;Dibrugarh;x
1261;208;49;160;Cuttack;x
1262;160;168;224;Keunjahr;x
1263;80;49;160;Sambalpur;x
1264;224;240;33;Ajmer;x
1265;96;49;160;Jaisalmer;x
1266;224;176;32;Jodhpur;x
1267;1;240;224;Bikaner;x
1268;97;240;33;Jaipur;x
1269;240;81;223;Udaipur;x
1270;52;106;80;Gwalior;x
1271;112;208;224;Indore;x
1272;239;208;223;Bhopal;x
1273;144;112;33;Chhatarpur;x
1274;208;176;33;Rewa;x
1275;144;48;32;Jubbulpore;x
1276;16;176;33;Hoshangabad;x
1277;208;49;32;Nagpur;x
1278;116;86;71;Amarati;x
1279;17;112;160;Jagdalpur;x
1280;144;240;32;Raipur;x
1281;81;176;33;Bilaspur;x
1282;102;51;127;Raigarh;x
1283;208;112;32;Hyderabad;x
1284;144;176;160;Aurangabad;x
1285;80;112;32;Nizamabad;x
1286;80;240;32;Gulbarga;x
1287;144;240;160;Warangal;x
1288;112;80;96;Karachi;x
1289;96;176;33;Sukkur;x
1290;49;81;96;Umerkot;x
1291;176;208;96;Ahmedabad;x
1292;48;208;96;Rajkot;x
1293;176;80;96;Mandvi;x
1294;49;81;224;Patan;x
1295;240;17;96;Baroda;x
1296;49;208;224;Surat;x
1297;176;208;224;Bombay;x
1298;144;176;33;Nasik;x
1299;144;49;160;Poona;x
1300;17;176;160;Bijapur;x
1301;17;49;160;Kolhapur;x
1302;208;112;160;Belgaum;x
1303;81;240;160;Goa;x
1304;16;176;96;Madras;x
1305;144;112;160;Vizagapatnam;x
1306;17;240;160;Masulipatnam;x
1307;207;240;32;Nellore;x
1308;81;112;160;Kurnool;x
1309;160;32;80;Tanjore;x
1310;160;33;208;Madurai;x
1311;32;160;80;Coimbatore;x
1312;171;173;177;Pondichery;x
1313;144;48;96;Bangalore;x
1314;42;96;179;Mysore;x
1315;105;96;73;Chitaldroog;x
1316;208;240;160;Mangalore;x
1317;160;160;80;Calicut;x
1318;33;33;208;Cochin;x
1319;33;160;208;Trivandrum;x
1320;176;48;160;Andaman Islands;x
1321;160;160;208;Colombo;x
1322;223;32;80;Jaffna;x
1323;205;208;160;Kandy;x
1324;96;32;80;Trincomalee;x
1325;149;170;163;Maldives;x
1326;33;48;96;Katmandu;x
1327;96;80;33;Jumla;x
1328;224;176;224;Tumlong;x
1329;96;176;223;Thimpu;x
1330;176;176;160;Rangoon;x
1331;16;112;224;Bassein;x
1332;177;51;48;Pegu;x
1333;207;112;96;Toungoo;x
1334;61;181;169;Ava;x
1335;36;151;231;Kyaukse;x
1336;57;113;57;Magwe;x
1337;144;112;223;Prome;x
1338;144;239;223;Taunggyi;x
1339;144;239;96;Haka;x
1340;116;116;41;Lashio;x
1341;207;239;223;Putao;x
1342;215;166;72;Myitkyina;x
1343;208;239;96;Moulmein;x
1344;149;142;153;Mergui;x
1345;17;240;96;Sittwe;x
1346;16;175;224;Bangkok;x
1347;32;223;208;Lopburi;x
1348;153;161;192;Nakhon Sawan;x
1349;48;239;32;Sukhothai;x
1350;112;112;32;Nakhon Ratchasima;x
1351;144;48;223;Prachinburi;x
1352;33;96;207;Phuket;x
1353;80;112;224;Ratchaburi;x
1354;208;112;223;Nakhon Si Thammarat;x
1355;80;112;96;Chiang Mai;x
1356;176;176;32;Luang Prabang;x
1357;176;112;32;Vientiane;x
1358;180;128;151;Udon Thani;x
1359;92;48;112;Sisaket;x
1360;49;48;160;Xiangabouli;x
1361;176;239;32;Savannakhet;x
1362;176;239;160;Salavan;x
1363;48;239;160;Pakse;x
1364;239;239;32;Phnom Penh;x
1365;239;112;32;Chanthaburi;x
1366;112;240;33;Battambang;x
1367;192;1;176;Kampot;x
1368;112;112;160;Stongtreng;x
1369;240;229;49;Hanoi;x
1370;240;176;160;Hai Phong;x
1371;112;176;159;Cao Bang;x
1372;240;49;160;Son La;x
1373;159;112;176;Lang Son;x
1374;48;112;32;Thanh Hoa;x
1375;176;112;160;Hue;x
1376;48;112;160;Vinh;x
1377;239;48;96;Da Nang;x
1378;192;128;176;Pleiku;x
1379;112;176;96;Qui Nhon;x
1380;33;127;104;Saigon;x
1381;0;192;176;Dong Quai;x
1382;64;128;176;Hr Tien;x
1383;71;75;11;Vinhlong;x
1384;192;1;48;Singapore;x
1385;118;84;109;Tanjung Puteri;x
1386;128;128;176;Malacca;x
1387;200;76;76;Kelang;x
1388;8;103;59;Penang;x
1389;128;0;176;Alor Setar;x
1390;0;128;176;Pekan;x
1391;128;192;176;Kota Kubang Labu;x
1392;160;96;208;Pattani;x
1393;128;1;112;Brunei;x
1394;1;65;176;Kuching;x
1395;128;65;176;Bintulu;x
1396;118;54;70;Api;x
1397;128;128;112;Sandakan;x
1398;110;211;158;Jambi;x
1399;143;188;244;Palembang;x
1400;211;166;110;Indragiri;x
1401;96;33;208;Siak;x
1402;145;176;1;Riouw Islands;x
1403;98;143;155;The Lampongs;x
1404;122;77;200;Bangka Belitung Islands;x
1405;160;223;208;Kutaraja;x
1406;97;97;80;Medan;x
1407;223;96;80;Tapaktoean;x
1408;121;166;110;Padang;x
1409;96;224;80;Siboga;x
1410;233;98;244;Bencoolen;x
1411;224;160;240;Nias Islands;x
1412;49;144;96;Aden;x
1413;113;211;146;Batavia;x
1414;160;223;239;Buitenzorg;x
1415;161;46;209;Tjeribon;x
1416;209;157;46;Djokjakarta;x
1417;160;96;112;Semarang;x
1418;32;96;239;Soerabaja;x
1419;32;223;112;Soerakarta;x
1420;160;96;240;Probolinggo;x
1421;160;224;112;Madoera;x
1422;143;143;222;Moeraleve;x
1423;233;233;132;Banjarmasin;x
1424;155;122;77;Pasir;x
1425;1;128;112;Tarakan;x
1426;77;211;110;Pontianak;x
1427;166;122;110;Kota Waringin;x
1428;166;211;110;Sintang;x
1429;77;77;155;Samarinda;x
1430;177;77;88;Makassar;x
1431;122;77;155;Bone;x
1432;122;166;155;Mamoedjoe;x
1433;128;128;240;Menado;x
1434;122;77;244;Gorontalo;x
1435;192;1;112;Masamba;x
1436;88;166;88;Palopo;x
1437;144;128;16;Bulon;x
1438;223;223;240;Bali;x
1439;144;128;144;Ruteng;x
1440;144;0;144;Soembawa;x
1441;16;128;144;Soemba;x
1442;16;0;144;Lombok;x
1443;105;146;69;Rote Island;x
1444;146;145;69;Larantuca;x
1445;207;138;152;Koepang;x
1446;127;69;146;Dili;x
1447;122;122;110;Batjan;x
1448;255;118;108;Tidore;x
1449;211;166;155;Ambon;x
1450;77;211;155;Ternate;x
1451;146;69;76;Aroe;x
1452;175;240;1;Soekadana;x
1453;211;181;77;Viqueque;x
1454;211;77;244;Merah;x
1455;176;240;224;Manila;x
1456;112;112;97;Vigan;x
1457;49;240;224;Legazpi;x
1458;176;240;176;Mindoro;x
1459;95;95;207;Palawan;x
1460;128;1;240;Iloilo;x
1461;240;1;226;Tacloban;x
1462;240;1;74;Zamboanga;x
1463;1;128;240;Davao;x
1464;153;208;48;Jolo;x
1465;243;155;1;Urga;x
1466;104;18;146;Dalandzadgad;x
1467;255;255;35;Bayan Tumen;x
1468;173;18;146;Uliastai;x
1469;35;18;146;Uriankhai;x
1470;112;48;160;Anqing;x
1471;84;144;81;Chizhou;x
1472;208;81;1;Fengyang;x
1473;16;144;128;Huizhou;x
1474;144;81;128;Luzhou;x
1475;144;81;87;Ningguo;x
1476;224;113;97;Sizhou;x
1477;81;87;144;Taiping;x
1478;81;81;1;Yingzhou;x
1479;97;208;1;Mukden;x
1480;224;81;1;Jinzhou;x
1481;112;144;1;Lushun;x
1482;176;144;128;Fuzhou;x
1483;160;240;224;Jianning;x
1484;240;112;96;Quanzhou;x
1485;112;112;224;Tainan;x
1486;224;112;224;Tingzhou;x
1487;112;240;96;Zhangzhou;x
1488;224;48;96;Gansu;x
1489;160;144;128;Gongchang;x
1490;32;48;224;Lanzhou;x
1491;143;94;81;Ningxia;x
1492;144;144;128;Pingliang;x
1493;176;176;97;Canton;x
1494;240;112;224;Chaozhou;x
1495;240;176;97;Maoming;x
1496;176;49;97;Hong Kong;x
1497;141;106;30;Waizao;x
1498;176;49;224;Macao;x
1499;48;176;224;Hainan;x
1500;49;176;97;Shaozhou;x
1501;49;49;224;Zhaoqing;x
1502;240;240;160;Nanning;x
1503;240;113;160;Guilin;x
1504;113;49;224;Pingle;x
1505;144;144;0;Guiyang;x
1506;224;240;96;Anshun;x
1507;16;144;0;Zhenyuan;x
1508;144;208;128;Kaifeng;x
1509;128;17;144;Guide;x
1510;144;144;65;Henan;x
1511;17;17;192;Huaiqing;x
1512;144;17;89;Chenzhou;x
1513;108;192;140;Nanyang;x
1514;17;47;144;Runing;x
1515;17;144;192;Weihui;x
1516;144;16;64;Hanyang;x
1517;80;144;64;Dean;x
1518;16;16;64;Huangzhou;x
1519;144;16;192;Anlu;x
1520;208;16;64;Jingzhou;x
1521;80;16;192;Shinan;x
1522;208;208;128;Wuchang;x
1523;80;144;192;Xiangyang;x
1524;208;80;128;Changsha;x
1525;208;144;192;Changde;x
1526;16;80;64;Baoqing;x
1527;80;80;128;Hengzhou;x
1528;24;111;67;Yuezhou;x
1529;208;16;192;Yongshun;x
1530;176;176;224;Yongzhou;x
1531;210;121;155;Tombara;x
1532;160;81;1;Guihua Tumed;x
1533;224;17;1;Jirim Chuulgan;x
1534;224;144;128;Ulaan Chab Chuulghan;x
1535;97;144;1;Yeke Juu Chuulghan;x
1536;33;240;224;Huaian;x
1537;208;147;17;Changzhou;x
1538;176;17;1;Shanghai;x
1539;97;240;97;Suzhou;x
1540;48;16;0;Nantong;x
1541;208;208;192;Tongzhou;x
1542;17;208;128;Xuzhou;x
1543;81;208;192;Yangzhou;x
1544;17;165;208;Zhenjiang;x
1545;96;240;224;Nanchang;x
1546;96;112;96;Guangxin;x
1547;16;16;128;Jian;x
1548;208;208;0;Jianchang;x
1549;80;208;128;Jiujiang;x
1550;96;112;224;Ganzhou;x
1551;80;208;0;Raozhou;x
1552;33;208;1;Qiqihar;x
1553;33;81;128;Aigun;x
1554;160;81;98;Ninguta;x
1555;160;81;128;Jilin;x
1556;32;176;224;Makhai;x
1557;160;176;224;Xining;x
1558;96;48;96;Kegudo;x
1559;80;144;128;Xian;x
1560;69;146;100;Merauke;x
1561;208;16;128;Yenan;x
1562;208;16;0;Hanzhong;x
1563;197;94;116;Jinan;x
1564;225;151;8;Caozhou;x
1565;224;17;128;Laizhou;x
1566;81;81;192;Qingdao;x
1567;80;208;64;Qingzhou;x
1568;17;81;128;Taian;x
1569;186;161;211;Weihaiwei;x
1570;144;208;1;Wuding;x
1571;207;80;191;Yizhou;x
1572;231;90;53;Taiyuan;x
1573;113;240;160;Fenzhou;x
1574;208;144;65;Luan;x
1575;112;48;96;Pingyang;x
1576;144;144;192;Datong;x
1577;208;144;0;Chongqing;x
1578;96;224;213;Chengdu;x
1579;144;16;128;Baotung;x
1580;120;120;82;Jiading;x
1581;80;144;0;Kuizhou;x
1582;96;176;96;Longan;x
1583;224;240;224;Shunqing;x
1584;144;16;0;Tongchuan;x
1585;115;86;136;Yibin;x
1586;224;176;96;Yazhou;x
1587;160;112;96;Lhasa;x
1588;32;240;96;Chamdo;x
1589;32;112;224;Shigatse;x
1590;32;112;96;Lhodrak;x
1591;160;112;160;Changtang;x
1592;31;240;159;Ngari;x
1593;223;48;223;Tawang;x
1594;160;240;32;Kashgar;x
1595;160;16;0;Ili;x
1596;192;208;192;Tulta;x
1597;160;176;96;Aksu;x
1598;32;112;160;Khotan;x
1599;32;144;128;Kumul;x
1600;96;16;0;Urumqi;x
1601;144;176;96;Kunming;x
1602;48;176;32;Dali;x
1603;16;48;224;Puer;x
1604;48;144;0;Hangzhou;x
1605;91;233;198;Huzhou;x
1606;171;91;233;Jiaxing;x
1607;176;16;128;Jinhua;x
1608;176;144;0;Ningbo;x
1609;48;144;128;Shaoxing;x
1610;63;128;16;Taizhou;x
1611;48;16;128;Wenzhou;x
1612;224;208;1;Baoding;x
1613;205;205;238;Chengde;x
1614;144;81;1;Daming;x
1615;72;1;144;Jizhou;x
1616;208;144;128;Peking;x
1617;17;81;1;Tianjin;x
1618;33;81;1;Zhongding;x
1619;240;16;0;Pyongyang;x
1620;96;81;1;Uiju;x
1621;112;17;1;Hamhung;x
1622;33;208;128;Kyongsong;x
1623;160;208;128;Kilju;x
1624;48;80;0;Hanseong;x
1625;240;17;128;Kaesong;x
1626;112;17;128;Haeju;x
1627;240;144;1;Hwangju;x
1628;176;80;0;Incheon;x
1629;112;144;128;Deokwon;x
1630;112;239;192;Gangneung;x
1631;240;144;128;Sangju;x
1632;155;168;181;Dongnae;x
1633;48;80;128;Daegu;x
1634;49;208;0;Gyeongju;x
1635;48;208;128;Jeonju;x
1636;176;208;0;Gongju;x
1637;176;208;128;Jeju;x
1638;113;81;1;Hiroshima;x
1639;17;81;192;Okayama;x
1640;240;80;1;Yamaguchi;x
1641;162;135;176;Matsue;x
1642;160;144;192;Hakodate;x
1643;160;17;192;Ishikari;x
1644;32;144;192;Meakan;x
1645;239;144;192;Niigata;x
1646;48;208;64;Kanazawa;x
1647;176;208;64;Fukui;x
1648;136;89;95;Toyama;x
1649;239;144;64;Edo;x
1650;71;133;153;Chiba;x
1651;112;16;192;Yokohama;x
1652;240;17;192;Urawa;x
1653;112;144;64;Mito;x
1654;128;1;17;Bonin;x
1655;176;208;192;Osaka;x
1656;97;66;135;Wakayama;x
1657;112;80;64;Kyoto;x
1658;48;80;64;Nara;x
1659;112;208;64;Kobe;x
1660;112;207;0;Fukuoka;x
1661;240;208;0;Nagasaki;x
1662;112;208;128;Kagoshima;x
1663;239;80;128;Miyazaki;x
1664;112;80;128;Kumamoto;x
1665;239;208;64;Kochi;x
1666;144;208;64;Matsuyama;x
1667;240;80;64;Tokushima;x
1668;176;144;192;Sendai;x
1669;240;16;64;Fukushima;x
1670;176;17;192;Morioka;x
1671;49;144;192;Akita;x
1672;224;208;128;Aomori;x
1673;112;16;64;Yamagata;x
1674;112;144;192;Utsunomiya;x
1675;48;80;192;Nagoya;x
1676;49;208;192;Shizuoka;x
1677;176;80;192;Nagano;x
1678;240;240;97;Okinawa;x
1679;240;208;128;Amami;x
1680;96;176;64;Fez;x
1681;250;226;187;Wazzan;x
1682;160;240;64;Meknes;x
1683;96;48;192;Taza;x
1684;223;48;192;Wujda;x
1685;223;48;64;Rabat;x
1686;32;176;192;Tangier;x
1687;160;176;192;Tetouan;x
1688;223;176;64;Ajdir;x
1689;202;159;117;Melilla;x
1690;223;112;64;Marrakesh;x
1691;88;148;155;Casablanca;x
1692;224;112;192;Huribka;x
1693;96;239;64;Sawira;x
1694;223;239;64;Agadir;x
1695;96;48;128;Ifni;x
1696;158;88;46;Cape Juby;x
1697;160;239;192;Figuig;x
1698;176;150;191;Rashidia;x
1699;96;112;192;Warzazat;x
1700;32;239;64;Algiers;x
1701;128;144;223;Bougie;x
1702;0;144;160;Setif;x
1703;126;82;147;Medea;x
1704;223;176;192;Oran;x
1705;62;104;136;Tlemcen;x
1706;167;94;120;Mustaghanim;x
1707;32;112;64;Mascara;x
1708;128;80;160;Constantine;x
1709;0;80;160;Bone;x
1710;1;208;160;Biskra;x
1711;160;240;128;Ouargla;x
1712;64;80;160;Tuggurt;x
1713;32;239;128;Laghwat;x
1714;160;239;128;Santa Rosa;x
1715;160;112;64;Na'ama;x
1716;96;112;1;Tindouf;x
1717;176;240;192;Chenachene;x
1718;144;208;160;In Salah;x
1719;128;144;96;Ilizi;x
1720;160;112;192;Bechar;x
1721;144;208;32;In Guezzam;x
1722;49;240;192;Tin Zawatene;x
1723;208;239;64;Colon;x
1724;1;17;224;Orkney & Shetland;x
1725;128;208;160;Tunis;x
1726;152;140;8;Bizerte;x
1727;123;152;66;Gafsa;x
1728;192;80;32;Kairouan;x
1729;191;208;33;Tozeur;x
1730;64;208;33;Gabes;x
1731;192;80;160;Tripoli;x
1732;128;16;224;Gharyan;x
1733;64;207;160;Misratah;x
1734;192;208;160;Sirt;x
1735;64;208;224;Bingazi;x
1736;160;16;32;Derne;x
1737;32;144;32;Djaraboub;x
1738;160;144;32;Al Kufrah;x
1739;144;208;96;An Nuhud;x
1740;230;232;76;Waddan;x
1741;1;144;224;Murzuk;x
1742;128;16;96;Wath;x
1743;17;208;160;Nordhorn;x
1744;233;180;87;Aouzou;x
1745;192;144;96;Cairo;x
1746;32;80;160;Dumyat;x
1747;208;80;224;Tanta;x
1748;80;208;224;Mansura;x
1749;64;144;96;Ziqaziq;x
1750;80;17;224;Giza;x
1751;160;208;32;Alexandria;x
1752;32;207;32;Matruh;x
1753;160;80;32;Sidi Barrani;x
1754;224;208;33;Siwa;x
1755;192;16;96;Suez;x
1756;70;75;138;Al Arish;x
1757;96;80;224;Sharm al-Shaykh;x
1758;176;17;33;Farafra;x
1759;32;208;160;Jaghbub;x
1760;108;88;144;Mut;x
1761;208;208;224;Baris;x
1762;80;208;96;Asyut;x
1763;80;80;224;Bani Suwayf;x
1764;17;208;224;Minya;x
1765;160;80;160;Fayyum;x
1766;176;80;32;Aswan;x
1767;208;208;96;Luxor;x
1768;77;32;144;Idfu;x
1769;68;112;45;Qina;x
1770;144;103;32;Qusayr;x
1771;112;144;32;Marsa Alam;x
1772;144;143;32;Ras Gharib;x
1773;160;239;0;Saguia el-Hamra;x
1774;126;90;99;Dakhla;x
1775;112;48;192;Nouakchott;x
1776;176;112;192;Rosso;x
1777;176;48;64;Aleg;x
1778;240;240;65;Maghama;x
1779;239;48;64;Shingit;x
1780;112;112;64;Debre-i Bala;x
1781;223;239;192;Walata;x
1782;72;130;180;Bir Murghayn;x
1783;188;255;181;Dakar;x
1784;239;48;192;Saint-Louis;x
1785;176;112;64;Banjul;x
1786;31;24;123;Linguere;x
1787;123;66;24;Diourbel;x
1788;101;108;100;Kahone;x
1789;38;123;24;Podor;x
1790;239;175;192;Matam;x
1791;48;112;65;Bakel;x
1792;48;239;64;Ziguinchor;x
1793;176;239;64;Velingara;x
1794;113;105;224;Bamako;x
1795;9;102;110;Kayes;x
1796;112;112;191;Nioro;x
1797;144;17;33;Kita;x
1798;144;144;160;Bougouni;x
1799;16;144;32;Sikasso;x
1800;240;239;191;Segu;x
1801;239;176;64;El Hodh;x
1802;112;175;64;Jenne;x
1803;240;112;192;Timbuktu;x
1804;160;131;17;Hamdallahi;x
1805;113;240;65;Gao;x
1806;240;113;65;Bayuda;x
1807;209;240;65;Tessalit;x
1808;80;81;160;Niamey;x
1809;17;144;96;Say;x
1810;207;80;160;Dosso;x
1811;80;208;159;Maradi;x
1812;208;208;160;Agadcs;x
1813;143;80;223;Arlit;x
1814;17;81;223;Bilma;x
1815;174;174;217;Zinder;x
1816;17;16;224;Diffa;x
1817;208;144;224;Mellit;x
1818;128;160;208;Massenya;x
1819;208;144;160;Moundou;x
1820;80;144;160;Bongor;x
1821;94;144;107;Abeche;x
1822;144;81;96;Am Timan;x
1823;192;160;80;Mongo;x
1824;208;144;33;Mao;x
1825;208;17;223;Zouar;x
1826;80;144;224;Faya;x
1827;126;6;0;Khartoum;x
1828;223;222;155;Wad Madani;x
1829;6;0;126;Kassala;x
1830;32;106;45;Sennar;x
1831;106;84;32;Rabak;x
1832;224;160;144;Fashoda;x
1833;0;126;0;Suakin;x
1834;240;144;33;Halaib;x
1835;208;144;96;Dongola;x
1836;112;17;160;Hayya;x
1837;240;17;160;Atbara;x
1838;160;184;0;Obeid;x
1839;208;80;96;Al-Fula;x
1840;128;96;208;Kaduqli;x
1841;17;208;96;Al-Fashir;x
1842;80;81;96;Junaynah;x
1843;1;224;208;Waw;x
1844;64;160;80;Bor;x
1845;128;96;80;Bahr el Ghazal;x
1846;160;33;17;Lado;x
1847;92;0;126;Kapoeta;x
1848;153;112;160;Asmara;x
1849;112;144;160;Massawa;x
1850;112;160;114;Keren;x
1851;160;126;112;Assab;x
1852;223;32;144;Gonder;x
1853;192;64;224;Debre Tabor;x
1854;224;102;64;Matamma;x
1855;215;224;64;Debre Markos;x
1856;240;144;160;Aksum;x
1857;97;160;144;Antalo;x
1858;159;160;97;Asaita;x
1859;65;224;208;Ankober;x
1860;191;223;207;Hawassa;x
1861;224;64;147;Aselia;x
1862;132;132;55;Bonga;x
1863;64;188;224;Jimma;x
1864;192;96;208;Sidamo;x
1865;65;96;208;Harer;x
1866;175;8;0;Bale;x
1867;32;97;17;Ogaden;x
1868;223;97;17;Mogadishu;x
1869;33;32;144;Baidoa;x
1870;191;224;80;Kismayo;x
1871;96;96;17;Hobyo;x
1872;160;224;144;Bosaso;x
1873;32;224;144;Berbera;x
1874;198;165;203;Zeyla;x
1875;64;224;80;Djibuti;x
1876;176;176;192;Cape Verde;x
1877;48;176;64;Bissau;x
1878;90;98;125;Gabu;x
1879;48;112;192;Boffa;x
1880;32;0;208;Timbo;x
1881;108;143;114;Dinguiraye;x
1882;129;64;160;Kankan;x
1883;160;64;80;Beyla;x
1884;96;128;80;Freetown;x
1885;143;149;140;Falaba;x
1886;136;62;133;Bo;x
1887;223;128;80;Monrovia;x
1888;77;80;32;Harper;x
1889;85;101;125;Bopolu;x
1890;161;126;185;Gbarnga;x
1891;114;135;146;Zwedru;x
1892;32;191;207;Grand Lahou;x
1893;160;191;80;Sassandra;x
1894;160;191;207;Grand Bassam;x
1895;224;64;80;Bouake;x
1896;32;64;208;Man;x
1897;118;99;109;Akoupe;x
1898;96;192;80;Kong;x
1899;224;192;80;Bondouku;x
1900;159;64;208;Odienne;x
1901;128;33;144;Wagadugu;x
1902;17;144;160;Wahiguya;x
1903;144;17;160;Dori;x
1904;219;138;158;Fada Ngourma;x
1905;96;64;208;Bobo Dioulasso;x
1906;229;145;216;Orodaro;x
1907;128;33;17;Accra;x
1908;133;4;230;Cape Coast;x
1909;108;128;100;Sekondi;x
1910;97;192;208;Kumasi;x
1911;224;192;208;Kintampo;x
1912;209;70;113;Wa;x
1913;194;224;192;Tamale;x
1914;212;181;255;Lome;x
1915;119;128;17;Ho;x
1916;214;215;132;Yendi;x
1917;64;109;155;Atakpame;x
1918;141;10;90;Sokode;x
1919;1;160;17;Cotonou;x
1920;128;160;17;Abomey;x
1921;1;33;144;Nikki;x
1922;200;200;166;Jugu;x
1923;1;224;17;Lagos;x
1924;128;96;16;Abeokuta;x
1925;64;96;16;Ibadan;x
1926;1;160;144;Ife;x
1927;128;223;144;Ilorin;x
1928;235;252;181;Benin;x
1929;207;17;160;Akure;x
1930;179;219;230;Idah;x
1931;1;96;144;Warri;x
1932;1;160;80;Bonny;x
1933;147;99;74;Awka;x
1934;128;96;144;Calabar;x
1935;128;160;144;Aruchukwu;x
1936;192;224;144;Nsukka;x
1937;64;96;144;Wukari;x
1938;192;97;16;Bussa;x
1939;128;54;146;Zaria;x
1940;64;223;17;Bida;x
1941;65;223;144;Abuja;x
1942;144;144;224;Bauchi;x
1943;192;96;144;Jos;x
1944;192;224;17;Gombe;x
1945;16;144;224;Kano;x
1946;3;132;169;Kebbi;x
1947;81;208;32;Katsina;x
1948;133;133;67;Sokoto;x
1949;208;17;96;Hadejia;x
1950;144;17;224;Yola;x
1951;208;17;32;Kuka;x
1952;80;144;96;Nguru;x
1953;207;208;33;Dikoa;x
1954;192;32;80;Sao Tome;x
1955;144;32;137;Fernando Po;x
1956;128;159;80;Douala;x
1957;52;32;128;Buea;x
1958;208;196;213;Kribi;x
1959;1;33;208;Yaounde;x
1960;91;128;32;Bafoussam;x
1961;128;32;80;Bamenda;x
1962;128;33;208;Bertoua;x
1963;255;212;63;Ngaoundere;x
1964;86;106;137;Maroua;x
1965;192;32;16;Bangui;x
1966;1;160;208;Nola;x
1967;192;160;208;Bouar;x
1968;64;160;208;Bossangoa;x
1969;64;96;81;Zemio;x
1970;33;167;144;Bangassou;x
1971;64;33;208;Ndele;x
1972;192;32;144;Mpongwe;x
1973;64;32;144;Bata;x
1974;141;32;192;Mayumbe;x
1975;192;160;144;Moanda;x
1976;64;160;144;Makokou;x
1977;177;177;99;Nkuna;x
1978;128;224;240;Madingou;x
1979;33;128;17;Biloka;x
1980;130;118;122;Djambala;x
1981;1;96;17;Impfondo;x
1982;192;96;112;Kinshasa;x
1983;129;20;38;Boma;x
1984;16;126;73;Kananga;x
1985;162;211;132;Kumbana;x
1986;144;128;112;Lusambo;x
1987;120;82;141;Bunkeya;x
1988;16;94;126;Mussumba;x
1989;176;33;16;Munza;x
1990;33;160;48;Kindu;x
1991;160;160;48;Rusozi;x
1992;128;224;208;Basoko;x
1993;192;96;240;Irebu;x
1994;65;224;240;Nsheng;x
1995;192;32;207;Gemena;x
1996;1;96;208;Kisangani;x
1997;134;112;113;Mungbane;x
1998;1;224;80;Baramo;x
1999;207;160;231;Luanda;x
2000;64;96;112;Cabinda;x
2001;240;0;23;Mbanza;x
2002;240;136;0;Quibala;x
2003;80;192;48;Benguela;x
2004;128;96;240;Mocamedes;x
2005;0;223;240;Huambo;x
2006;57;105;127;Kuito;x
2007;192;223;112;Mavinga;x
2008;0;107;240;Ondjiva;x
2009;240;215;0;Malanje;x
2010;113;240;0;Saurimo;x
2011;191;224;239;Kubanda;x
2012;160;32;49;Lusaka;x
2013;164;48;224;Mongu;x
2014;64;96;240;Kasempa;x
2015;48;222;224;Monzo;x
2016;160;224;48;Mpika;x
2017;152;152;197;Mwansabombwe;x
2018;210;224;48;Chipata;x
2019;224;160;16;Entebbe;x
2020;101;48;160;Mbarara;x
2021;160;156;48;Masindi;x
2022;32;96;96;Kitgum;x
2023;145;48;160;Jinja;x
2024;160;160;144;Nairobi;x
2025;53;103;119;Marsabit;x
2026;32;159;16;Lodwar;x
2027;14;99;42;Nakuru;x
2028;224;33;17;Kisumu;x
2029;33;160;144;Mombasa;x
2030;160;33;144;Lamu;x
2031;160;160;17;Wajir;x
2032;153;109;98;Garissa;x
2033;158;159;87;Voi;x
2034;128;223;80;Kigali;x
2035;80;147;223;Usumbura;x
2036;96;33;175;Mzizima;x
2037;224;217;32;Tanga;x
2038;96;160;175;Kilwa;x
2039;160;96;48;Lindi;x
2040;33;224;48;Songea;x
2041;58;125;63;Masasi;x
2042;224;160;176;Iringa;x
2043;120;87;95;Tabora;x
2044;97;33;143;Mwanza;x
2045;224;32;48;Morogoro;x
2046;32;96;48;Mbeya;x
2047;223;160;48;Arusha;x
2048;224;32;176;Zanzibar;x
2049;48;131;208;Inkomati;x
2050;48;64;208;Manjakazi;x
2051;208;96;16;Inhambane;x
2052;208;112;48;Massekisse;x
2053;63;48;208;Sena;x
2054;165;48;208;Tete;x
2055;48;208;153;Songo;x
2056;208;48;131;Zumbo;x
2057;144;224;144;Sofala;x
2058;116;208;48;Moyo;x
2059;48;176;208;Quelimane;x
2060;159;224;176;Mocambique;x
2061;17;224;144;Angoche;x
2062;201;208;0;Shangzhou;x
2063;32;224;176;Ibo;x
2064;52;208;48;Nampula;x
2065;48;208;127;Milange;x
2066;100;33;176;Zomba;x
2067;33;96;176;Lilongwe;x
2068;158;72;163;Harare;x
2069;207;183;50;Gweru;x
2070;91;160;17;Umtali;x
2071;17;91;160;Bulawayo;x
2072;144;160;17;Hwange;x
2073;144;33;17;Masvingo;x
2074;113;192;208;Gaborone;x
2075;176;65;208;Serowe;x
2076;240;192;208;Nokaneng;x
2077;146;80;102;Tsabong;x
2078;176;192;80;Otjomuise;x
2079;176;64;80;Otjozondjii;x
2080;96;119;103;Otjivanda;x
2081;96;1;208;Luhonono;x
2082;49;192;208;Epako;x
2083;128;49;208;Ezorongondo;x
2084;48;192;80;Nomabeb;x
2085;176;192;208;Nu-gouses;x
2086;240;192;80;Aixa-aibes;x
2087;130;99;118;Cape Town;x
2088;239;65;80;O'okiep;x
2089;176;96;80;Worcester;x
2090;48;96;80;Swettenham;x
2091;49;224;80;Mossel Bay;x
2092;176;224;80;Beaufort West;x
2093;112;192;80;Hantam;x
2094;239;64;207;Griqualand;x
2095;65;192;240;Dithakong;x
2096;49;96;208;Port Elizabeth;x
2097;176;96;207;Graaf Reinet;x
2098;176;223;208;Bisho;x
2099;48;224;207;Mathele;x
2100;112;96;80;Umtata;x
2101;204;196;215;Thaba Nchu;x
2102;83;101;223;Qwa-Qwa;x
2103;197;177;175;Lephoi;x
2104;240;96;80;Thaba Bosiu;x
2105;144;33;144;Ga-Rankuwa;x
2106;208;33;144;Saan;x
2107;208;160;16;Makwasi;x
2108;127;101;8;Mosega;x
2109;208;32;17;Ga-Riba;x
2110;80;160;17;Tsaneng;x
2111;17;160;144;Durban;x
2112;133;105;95;Emnambithi;x
2113;65;192;112;uMgungundlovu;x
2114;144;160;144;Mbabane;x
2115;80;160;144;Tananarive;x
2116;16;167;223;Fianarantsoa;x
2117;201;16;223;Ampanihy;x
2118;176;182;74;Tolanaro;x
2119;16;50;223;Toamasina;x
2120;224;197;48;Antsiranana;x
2121;223;96;176;Mahajanga;x
2122;6;156;13;Toliara;x
2123;96;108;224;Comoros;x
2124;224;96;223;Maore;x
2125;208;224;144;Mauritius;x
2126;214;144;224;Ile Bourbon;x
2127;96;224;176;Seychelles;x
2128;91;92;34;Diego Garcia;x
2129;12;78;181;Saint Helena;x
2130;12;181;86;Ascension;x
2131;48;32;208;Falkland Islands;x
2132;181;118;12;Tristan da Cunha;x
2133;181;16;12;South Georgia;x
2134;144;160;128;Azores;x
2135;56;87;25;Madeira;x
2136;32;239;1;Canary Islands;x
2137;223;80;192;Heroica Nogales;x
2138;32;80;64;La Paz;x
2139;33;170;157;San Felipe;x
2140;96;208;192;Ciudad de Hermosillo;x
2141;223;208;192;Guaymas;x
2142;0;48;128;Chihuahua;x
2143;128;48;128;Ciudad Juarez;x
2144;128;176;1;Manuel Ojinaga;x
2145;96;80;192;Hidalgo del Parral;x
2146;169;134;32;Washington;x
2147;0;176;1;Piedras Negras;x
2148;76;155;77;Albuquerque;x
2149;128;48;192;Monterrey;x
2150;80;239;128;Heroica Matamoros;x
2151;192;48;1;Ciudad Victoria;x
2152;128;176;128;Monclova;x
2153;64;48;128;Victoria de Durango;x
2154;0;176;128;Gomez Palacio;x
2155;192;176;1;Saltillo;x
2156;192;176;128;Mazatlan;x
2157;0;112;1;Culiacan Rosales;x
2158;155;137;35;Zacatecas;x
2159;80;48;128;San Luis Potosi;x
2160;80;176;128;Aguascalientes;x
2161;80;176;0;Tepic;x
2162;68;119;144;Heroica Veracruz;x
2163;208;239;128;Xalapa-Enriquez;x
2164;144;48;192;Coatzacoalcos;x
2165;16;176;192;Villahermosa;x
2166;16;112;1;Guadalajara;x
2167;208;176;128;Guanajuato;x
2168;144;176;128;Puerto Vallarta;x
2169;144;112;1;Colima;x
2170;16;239;1;Santiago de Queretaro;x
2171;1;239;180;Morelia;x
2172;90;76;91;Ciudad de Mexico;x
2173;208;48;128;Tlaxcala de Xicohtencatl;x
2174;144;48;64;Pachuca de Soto;x
2175;16;176;128;Puebla de Zaragoza;x
2176;16;176;64;Cuernavaca;x
2177;144;176;192;Oaxaca de Juarez;x
2178;144;176;64;Juchitan de Zaragoza;x
2179;192;192;112;Chilpancingo de los Bravo;x
2180;223;80;64;Toluca de Lerdo;x
2181;208;48;64;Tuxtla Gutierrez;x
2182;16;48;192;Tapachula de Cordova y Ordonez;x
2183;80;48;192;Merida;x
2184;219;133;176;San Francisco de Campeche;x
2185;64;176;1;Chetumal;x
2186;222;200;211;Ciduad de Guatemala;x
2187;208;48;192;Belize Town;x
2188;80;176;64;Puerto Barrios;x
2189;80;176;192;Carmelita;x
2190;208;176;64;San Ignacio;x
2191;176;208;199;San Salvador;x
2192;16;112;64;San Miguel;x
2193;144;239;64;Tegucigalpa;x
2194;144;112;64;San Pedro Sula;x
2195;16;239;64;Trujillo;x
2196;144;112;128;Islas de la Bahia;x
2197;144;112;192;Villa de Santiago de Managua;x
2198;16;239;192;Granada;x
2199;16;112;192;Santiago de los Caballeros de Leon;x
2200;16;112;128;Bluefields;x
2201;16;239;128;San Jose;x
2202;216;131;105;Alajuela;x
2203;239;144;220;Puerto Limon;x
2204;138;138;32;David;x
2205;128;192;16;Pueblo Nuevo de Coto;x
2206;48;176;128;Bocas del Toro;x
2207;172;90;137;Sainshand;x
2208;176;176;128;Ciudad de Panama;x
2209;243;242;201;Habana;x
2210;82;147;151;Santa Clara;x
2211;176;49;1;Camaguey;x
2212;48;176;1;Santiago de Cuba;x
2213;198;198;99;Port-au-Prince;x
2214;49;112;128;Santo Domingo;x
2215;176;176;1;Cap-Haitien;x
2216;135;127;144;Santiago de los Caballeros;x
2217;112;112;184;Jamaica;x
2218;30;118;30;Cayman Islands;x
2219;114;192;114;The Bahamas;x
2220;122;111;163;Turks and Caicos Islands;x
2221;129;17;208;Nanjing;x
2222;176;112;128;Puerto Rico;x
2223;48;240;128;Saint Thomas;x
2224;137;51;77;Antigua and Barbuda;x
2225;51;83;137;Montserrat;x
2226;96;96;96;Tortola;x
2227;137;51;122;Saint Kitts and Nevis;x
2228;156;82;202;Martinique;x
2229;68;91;108;Barbados;x
2230;51;137;91;Guadeloupe;x
2231;82;153;202;Saint Lucia;x
2232;112;240;1;Dominica;x
2233;240;240;1;Grenada;x
2234;176;48;128;Aruba, Bonaire and Curacao;x
2235;96;101;78;San Andres y Providencia;x
2236;236;192;97;Philipsburg;x
2237;112;112;128;Trinidad and Tobago;x
2238;212;150;177;Navassa Island;x
2239;160;1;17;Georgetown;x
2240;160;128;17;Paramaribo;x
2241;128;192;80;Cayena;x
2242;192;192;208;Mahdia;x
2243;108;98;81;Essequibo;x
2244;92;34;57;Christimas & Cocos;x
2245;33;1;144;Apetina;x
2246;159;0;144;Maripasoula;x
2247;128;0;80;Bogota;x
2248;0;192;144;Ibague;x
2249;216;216;228;Tunja;x
2250;128;64;144;Manizales;x
2251;128;192;144;Cucuta;x
2252;208;112;64;Medellin;x
2253;0;64;144;Quibdo;x
2254;112;176;1;Cartagena de Indias;x
2255;150;90;46;Barranquilla;x
2256;128;128;80;Cali;x
2257;0;0;208;Popayan;x
2258;0;128;80;Buenaventura;x
2259;128;0;208;Pasto;x
2260;64;64;144;San Jose del Guaviare;x
2261;191;191;144;Obando;x
2262;135;86;61;Casanare;x
2263;64;192;17;El Encanto;x
2264;176;240;128;Caracas;x
2265;192;64;17;Guanare;x
2266;128;64;208;Calabozo;x
2267;1;191;208;Cumana;x
2268;80;112;65;San Felipe;x
2269;240;112;1;Guiria;x
2270;239;48;1;Maracaibo;x
2271;219;219;60;Valera;x
2272;240;176;1;Coro;x
2273;112;48;128;Barquisimeto;x
2274;192;64;208;Barinas;x
2275;128;192;208;Angostura;x
2276;112;112;1;Curiapo;x
2277;96;96;137;El Jobal;x
2278;192;192;17;San Fernando de Atabapo;x
2279;126;201;145;Quito;x
2280;192;128;80;Guayaquil;x
2281;192;0;80;Esmereldas;x
2282;64;0;208;Loja;x
2283;141;107;149;Zamora;x
2284;233;192;243;Tena;x
2285;110;202;98;Galapagos;x
2286;115;124;126;Iquitos;x
2287;128;64;80;Yurimaguas;x
2288;128;128;208;Yuncos;x
2289;0;128;208;Puca Urco;x
2290;110;219;161;Cajamarca;x
2291;192;0;208;Piura;x
2292;64;128;208;Trujillo;x
2293;160;192;176;Huanuco;x
2294;118;145;117;Moyobamba;x
2295;96;192;48;Lima;x
2296;223;0;176;Huancavelica;x
2297;96;64;176;Ica;x
2298;32;192;176;Huaraz;x
2299;223;192;48;Ayacucho;x
2300;164;115;91;Pucallpa;x
2301;28;165;97;Puerto Maldonado;x
2302;223;64;48;Cusco;x
2303;114;105;139;Puno;x
2304;223;192;176;Arequipa;x
2305;32;0;240;Antofagasta;x
2306;159;205;21;Sorocaba;x
2307;16;64;208;Iquique;x
2308;160;0;112;Arica;x
2309;32;128;112;Calama;x
2310;225;188;206;La Paz;x
2311;160;64;48;Cochabamba;x
2312;160;64;176;Oruro;x
2313;96;128;240;Nueva Toledo;x
2314;160;128;112;Potosi;x
2315;223;0;240;Tarija;x
2316;96;0;240;Santa Cruz;x
2317;223;128;176;San Ignacio;x
2318;223;128;112;Robore;x
2319;160;192;240;Santa Ana;x
2320;224;0;16;Riberalta;x
2321;64;64;208;Cobija;x
2322;208;128;80;Copiapo;x
2323;208;0;208;La Serena;x
2324;208;128;208;Santiago;x
2325;80;128;208;Valparaiso;x
2326;112;224;144;Aconcagua;x
2327;16;192;80;Talca;x
2328;144;64;208;Valdivia;x
2329;144;192;208;Temuco;x
2330;144;64;80;Cauquenes;x
2331;144;192;80;Chillan;x
2332;16;192;208;Osorno;x
2333;48;224;16;Puerto Aisen;x
2334;176;224;16;Punta Arenas;x
2335;112;96;144;Porvenir;x
2336;154;121;220;Easter Island;x
2337;0;33;176;Fortin Falcon;x
2338;96;192;240;Puerto Guarani;x
2339;205;159;68;Asuncion;x
2340;205;30;68;Pilar;x
2341;54;159;68;Encarnacion;x
2342;205;31;230;San Pedro;x
2343;54;30;230;Concepcion;x
2344;164;110;210;Montevideo;x
2345;230;159;6;Paysandu;x
2346;6;30;230;Tacuarembo;x
2347;68;159;6;Melo;x
2348;176;192;144;Buenos Aires;x
2349;49;128;80;Junin;x
2350;49;192;144;Azul;x
2351;176;65;144;Magdalena;x
2352;91;98;146;Mar del Plata;x
2353;176;127;80;Trenque Lauquen;x
2354;176;65;17;Bahia Blanca;x
2355;240;1;144;Carmen;x
2356;156;33;49;Corrientes;x
2357;177;150;195;Curuzu Cuatia;x
2358;165;120;126;Santo Toma;x
2359;240;64;17;Colon;x
2360;112;64;16;Parana;x
2361;176;1;80;Santa Espiritu;x
2362;112;192;144;Reconquista;x
2363;49;192;16;Rosario;x
2364;176;192;17;Resistencia;x
2365;160;128;240;Villa Angela;x
2366;44;108;80;Formosa;x
2367;160;65;112;Xolotas;x
2368;32;128;240;Salta;x
2369;32;64;240;Jujuy;x
2370;223;0;48;Cochinoca;x
2371;223;128;240;Uquia;x
2372;32;64;112;Rivadavia;x
2373;208;192;80;Tucuman;x
2374;208;192;208;Catamarca;x
2375;239;185;203;Vinchina;x
2376;80;64;208;Santiago del Estero;x
2377;176;0;80;Anatuya;x
2378;208;65;208;Mailin;x
2379;176;209;106;Cordoba de Argentina;x
2380;240;128;144;Villa Nueva;x
2381;112;128;144;Rio Cuarto;x
2382;32;191;113;Laboulaye;x
2383;112;0;144;San Luis;x
2384;239;128;16;Mercedes;x
2385;176;0;16;La Rioja;x
2386;48;128;16;Santa Rita;x
2387;176;128;16;San Juan;x
2388;16;0;208;Calingasta;x
2389;48;0;144;Mendoza;x
2390;176;0;144;San Rafael;x
2391;142;146;147;Neuquen;x
2392;176;128;144;Viedma;x
2393;240;1;16;Telen;x
2394;16;128;208;Bariloche;x
2395;112;128;17;Curaco;x
2396;176;32;80;Rawson;x
2397;176;96;144;Esquel;x
2398;140;125;169;Puerto Deseado;x
2399;239;160;16;Rio Gallegos;x
2400;239;96;144;Rio Grande;x
2401;192;64;144;Marabitanas;x
2402;111;194;208;Manaus;x
2403;224;1;17;Cachoeira;x
2404;138;90;98;Tefe;x
2405;224;128;144;Borba;x
2406;92;34;80;Pescadores Islands;x
2407;64;192;144;Tabatinga;x
2408;65;192;81;Oriximina;x
2409;68;108;99;Saint Vincent and the Grenadines;x
2410;160;65;17;Belem;x
2411;96;128;144;Santarem;x
2412;160;128;144;Obidos;x
2413;53;100;30;Maraba;x
2414;96;1;144;Jezira;x
2415;224;1;144;Macapa;x
2416;198;206;210;Dourados;x
2417;1;65;208;Vila Bela;x
2418;191;32;49;Cuiaba;x
2419;0;118;230;Corumba;x
2420;157;54;21;Iguatemi;x
2421;83;118;68;Vila Boa;x
2422;64;159;48;Aganja;x
2423;160;65;144;Vila da Palma;x
2424;33;192;17;Sao Luis;x
2425;160;192;17;Chapada;x
2426;160;192;144;Vila do Poti;x
2427;33;192;144;Oeiras;x
2428;160;1;80;Paraiba;x
2429;131;92;31;Fortaleza;x
2430;224;65;17;Crato;x
2431;96;65;144;Natal;x
2432;33;128;80;Recife;x
2433;96;192;17;Cabrobo;x
2434;160;128;80;Maceio;x
2435;192;160;112;Aracaju;x
2436;1;160;176;Salvador de Bahia;x
2437;1;97;48;Juazeiro;x
2438;192;160;48;Vila do Barra;x
2439;159;13;137;Porto Seguro;x
2440;192;160;176;Vitoria da Conquista;x
2441;132;153;248;Ouro Preto;x
2442;0;118;68;Sabara;x
2443;205;159;6;Januaria;x
2444;30;12;136;Paracatu;x
2445;30;205;21;Uberaba;x
2446;30;54;137;Sao Joao del-Rei;x
2447;31;205;137;Rio de Janeiro;x
2448;159;205;137;Campos;x
2449;150;114;142;Vitoria;x
2450;83;205;137;Sao Paulo;x
2451;157;54;136;Santos;x
2452;205;123;21;Campinas;x
2453;128;59;54;Assis;x
2454;160;128;48;Fiji;x
2455;41;141;108;Iguape;x
2456;141;66;107;Araraquara;x
2457;0;54;137;Curitiba;x
2458;83;205;21;Guarapuava;x
2459;237;205;21;Lajes;x
2460;150;110;176;Castro;x
2461;165;114;56;Desterro;x
2462;168;131;135;Sao Miguel;x
2463;68;199;176;Porto Alegre;x
2464;205;158;205;Pelotas;x
2465;118;0;230;Passo Fundo;x
2466;137;83;181;Santa Maria;x
2467;230;159;100;Alegrete;x
2468;207;64;48;Sydney;x
2469;81;224;208;Newcastle;x
2470;208;96;208;Port Macquarie;x
2471;130;27;196;Bathurst;x
2472;80;128;48;Eden;x
2473;196;27;150;Wagga Wagga;x
2474;17;96;80;Moree;x
2475;17;96;207;Broken Hill;x
2476;27;196;166;Melbourne;x
2477;144;64;48;Warmambool;x
2478;27;118;196;Ballarat;x
2479;17;192;48;Sale;x
2480;196;126;27;Beechworth;x
2481;79;27;196;Swan Hill;x
2482;17;64;48;Van Diemen's Land;x
2483;208;224;208;Brisbane;x
2484;207;223;80;Gladstone;x
2485;207;96;80;Clermont;x
2486;80;96;208;Toowoomba;x
2487;80;223;80;Townsville;x
2488;144;192;16;Cooktown;x
2489;80;128;144;Longreach;x
2490;16;223;80;Charleville;x
2491;208;160;208;Adelaide;x
2492;198;208;160;Port Lincoln;x
2493;160;186;208;Robe;x
2494;144;223;80;Port Augusta;x
2495;144;96;207;Tirari;x
2496;17;223;207;Nullarbor;x
2497;208;32;208;Perth;x
2498;141;159;80;Kojonup;x
2499;159;141;80;Geraldton;x
2500;81;33;208;Kalgoorlie;x
2501;214;140;214;Broome;x
2502;80;159;80;Dampier;x
2503;208;160;81;Wiluna;x
2504;81;160;208;Esperance;x
2505;207;0;144;Port Essington;x
2506;80;0;144;Tennant Creek;x
2507;144;96;80;Mparntwe;x
2508;64;176;96;Norfolk Island;x
2509;176;188;148;Auckland;x
2510;144;0;240;Ngamotu;x
2511;16;128;240;Ahuriri;x
2512;16;0;240;Te Upoko-o-te-Ika;x
2513;208;192;48;Otepoti;x
2514;80;192;176;Hokitika;x
2515;80;64;176;Otautahi;x
2516;208;64;176;Whakatu;x
2517;85;113;65;Guam;x
2518;128;192;113;Palau;x
2519;65;65;112;Maymana;x
2520;217;140;218;Taveuni;x
2521;112;240;224;Saipan;x
2522;128;128;17;Marshall Islands;x
2523;192;65;240;Nauru;x
2524;239;208;192;Kirikiriroa;x
2525;239;80;192;Marcus;x
2526;87;200;76;Palmyra;x
2527;128;192;17;Gilbert Islands;x
2528;113;144;64;Port Moresby;x
2529;144;64;144;Kerema;x
2530;16;64;144;Lae;x
2531;87;121;177;Madang;x
2532;192;65;81;Forte Sao Joaquim;x
2533;49;97;160;Neumarkt;x
2534;208;64;144;Solomon Islands;x
2535;80;64;144;New Hebrides;x
2536;208;192;16;Santa Cruz Islands;x
2537;16;192;144;Birara;x
2538;17;224;33;Neusatz;x
2539;80;192;16;Bougainville;x
2540;32;128;48;Tonga;x
2541;128;128;144;Ellice Islands;x
2542;188;76;110;Wallis and Futuna;x
2543;192;0;16;Apia;x
2544;245;217;121;Pago Pago;x
2545;241;219;243;Rarotonga;x
2546;153;130;147;Tongareva;x
2547;167;248;161;Tokelau;x
2548;66;113;20;Igdir;x
2549;65;192;208;Tarauaca;x
2550;33;64;144;Forte do Principe;x
2551;1;42;176;Marquesas;x
2552;179;68;102;Pitcairn;x
2553;1;129;176;Tuamotus;x
2554;205;159;230;Misiones;x
2555;128;32;128;Augusta;x
2556;128;112;64;Asheville;x
2557;0;64;223;Esbjerg;x
2558;112;64;208;Emthanjeni;x
2559;240;17;33;Suhaj;x
2560;17;65;160;Darmstadt;x
2561;208;128;33;Siegburg;x
2562;154;80;102;Taitung;x
2563;118;115;79;Safi;x
2564;177;165;165;Salima;x
2565;210;202;74;Cebu;x
2566;217;148;14;Agartala;x
2567;14;139;204;Gaeta;x
2568;17;192;224;Lugano;x
2569;245;246;194;Niksic;x
2570;196;198;26;Beauvais;x
2571;144;128;240;Tauranga;x
2572;214;169;216;Nan;x
2573;112;176;192;Mboul;x
2574;171;222;170;Mochudi;x
2575;170;34;135;Ipoh;x
2576;1;192;48;Natuna;x
2577;161;47;130;Taslica;x
2578;0;112;53;Tacna;x
2579;113;65;77;Truk;x
2580;233;198;113;Novaya Ladoga;x
2581;160;97;175;Chiconono;x
2582;144;160;224;Cattaro;x
2583;140;98;146;Cetinje;x
2584;144;97;224;Bielitz;x
2585;177;3;22;Al Jawf;x
2586;9;6;150;Rub'al Khali;x
2587;51;9;23;Kola;x
2588;93;12;151;Onega;x
2589;135;15;24;Tsushima;x
2590;177;18;152;Ceuta;x
2591;51;24;153;Trankebar;x
2592;93;27;26;Fort Chimo;x
2593;135;30;154;Rupert House;x
2594;177;33;27;Fort Frances;x
2595;9;36;155;Frobisher Bay;x
2596;93;42;156;Cambridge Bay;x
2597;135;45;29;Isla de Pinos;x
2598;177;48;157;Queen Charlotte Islands;x
2599;51;54;158;Saint Michael;x
2600;93;57;31;Altamira;x
2601;46;66;133;Wilkinkarra;x
2602;88;69;6;Roebourne;x
2603;130;72;134;Chanamee;x
2604;172;75;77;Normanton;x
2605;174;45;172;Ngaanyatjarraku;x
2606;46;81;8;Balkhash;x
2607;88;84;136;Taklamakan;x
2608;130;87;9;Khatgal;x
2609;48;171;193;Araouane;x
2610;90;174;66;Uralsk;x
2611;132;177;194;Turgay;x
2612;174;180;67;Aktash;x
2613;6;183;195;Nadym;x
2614;48;186;68;Shadrinsk;x
2615;132;192;69;Krasnoselkup;x
2616;174;195;197;Tilichiki;x
2617;6;198;70;Saghalian Oula;x
2618;48;201;198;Talaya;x
2619;90;204;71;Aykhal;x
2620;132;207;199;Susuman;x
2621;174;210;72;Srednekolymsk;x
2622;126;159;4;Bar;x
2623;233;177;121;Midway Islands;x
2624;42;48;8;Loango;x
2625;84;51;136;Battle Harbour;x
2626;126;54;9;Port Harrison;x
2627;64;96;64;Bradford;x
2628;168;57;137;Quetzaltenango;x
2629;0;60;10;Clipperton Island;x
2630;42;63;138;Altus;x
2631;84;66;11;Roswell;x
2632;126;69;139;Kwangchowan;x
2633;168;72;12;Ossora;x
2634;0;75;140;Beringovsky;x
2635;42;78;13;Kariba;x
2636;84;81;141;Ammassalik;x
2637;126;84;14;Ketapang;x
2638;168;87;142;Zabol;x
2639;0;90;15;Qurayyat;x
2640;42;93;143;Gwadar;x
2641;84;96;16;Ayan;x
2642;126;99;144;Ust Nera;x
2643;168;102;17;Hajjiabad;x
2644;0;105;145;Olyekminsk;x
2645;42;108;18;Bodaybo;x
2646;42;153;153;Surgut;x
2647;126;114;19;Lifau;x
2648;168;117;147;Yakutsk;x
2649;0;120;20;Zhigansk;x
2650;42;123;148;Nyurba;x
2651;84;126;21;Mirny;x
2652;126;129;149;Kular;x
2653;168;132;22;Saskylah;x
2654;0;135;150;Khatanga;x
2655;42;138;23;Tura;x
2656;84;141;151;Baikit;x
2657;126;144;24;Dudinka;x
2658;168;147;152;Kurgan;x
2659;0;150;25;Khalmer-Sede;x
2660;42;153;3;Seymchan;x
2661;6;0;200;Belebino;x
2662;84;156;131;Lordsburg;x
2663;168;162;32;Kamenskoye;x
2664;0;165;5;Khasab;x
2665;42;168;133;Sambas;x
2666;84;171;6;Pevek;x
2667;126;174;134;Batagay;x
2668;168;177;7;Verkhoyansk;x
2669;0;180;135;Sunders;x
2670;42;183;8;Verkhneudinsk;x
2671;84;186;136;Barguzin;x
2672;126;189;9;Pokrovsk;x
2673;168;192;137;Olenyok;x
2674;0;195;10;Abakan;x
2675;42;198;138;Erbogachen;x
2676;84;201;11;Kirensk;x
2677;126;204;139;Ilimsk;x
2678;168;207;12;Bulgan;x
2679;0;210;140;Khovd;x
2680;84;33;146;Volochanka;x
2681;126;36;19;Taipei;x
2682;168;39;147;Obdorsk;x
2683;0;42;20;Narym;x
2684;42;45;148;Yar Sale;x
2685;84;48;21;Verkhoturye;x
2686;126;51;149;Krivoshchekovskaya;x
2687;168;54;22;Amderma;x
2688;126;75;224;Inta;x
2689;168;78;97;Mulda;x
2690;0;81;225;Haskoy;x
2691;42;84;98;Minusk;x
2692;84;87;226;Kostino;x
2693;168;93;227;Essey;x
2694;0;96;0;Vanavara;x
2695;42;99;128;Mukhtuya;x
2696;84;102;1;Aldan;x
2697;52;105;128;Jingqili;x
2698;42;3;78;Kuznetsk;x
2699;133;33;4;Izhma;x
2700;10;120;195;Usogorsk;x
2701;94;15;21;Kansk;x
2702;4;78;135;Alty-Kuduk;x
2703;1;200;200;Vanern;x
2704;2;200;250;Vattern;x
2705;3;220;250;Gulf of Bothnia;x
2706;4;250;250;Alands Hav;x
2707;5;200;200;Gulf of Finland;x
2708;6;200;250;Western Baltic Sea;x
2709;7;220;250;Gulf of Riga;x
2710;8;250;250;Southern Baltic Sea;x
2711;9;200;200;Kattegat;x
2712;10;200;250;Skagerrak;x
2713;11;220;250;Peipsi Jarv;x
2714;12;250;250;Ladoga;x
2715;13;200;200;Onega;x
2716;14;200;250;White Sea;x
2717;15;220;250;Lofoten Sea;x
2718;16;250;250;Northern Norwegian Sea;x
2719;17;200;200;Southern Norwegian Sea;x
2720;18;200;250;German Bight;x
2721;19;220;250;Heligoland Bight;x
2722;20;250;250;Coast of Holland;x
2723;21;200;200;Dogger Bank;x
2724;22;200;250;Straits of Dover;x
2725;23;220;250;The Channel;x
2726;24;250;250;Lands End;x
2727;25;200;200;Coast of Britanny;x
2728;26;200;250;Quiberon Bay;x
2729;27;220;250;Cote D'Argent;x
2730;28;250;250;Bay of Biscay;x
2731;29;200;200;Cantabrian Sea;x
2732;30;200;250;Tyne;x
2733;31;220;250;Firth of Forth;x
2734;32;250;250;The North Sea;x
2735;33;200;200;Moray Firth;x
2736;34;200;250;North Channel;x
2737;35;220;250;Irish Sea;x
2738;36;250;250;St. George's Channel;x
2739;37;200;200;Donegal Bay;x
2740;38;200;250;Dingle Bay;x
2741;39;220;250;Celtic Sea;x
2742;40;250;250;Western Approaches;x
2743;41;200;200;Finisterre Bay;x
2744;42;200;250;Lusitanian Sea;x
2745;43;220;250;Gulf of Cadiz;x
2746;44;250;250;Straits of Gibraltar;x
2747;45;200;200;Gulf of Almeira;x
2748;46;200;250;Gulf of Valencia;x
2749;47;220;250;Gulf of Lion;x
2750;48;250;250;Cote D'Azur;x
2751;49;200;200;Ligurian Sea;x
2752;50;200;250;Gulf of Mallocra;x
2753;51;220;250;Western Mediterranean;x
2754;52;250;250;Barbary Coast;x
2755;53;200;200;Cape Bon;x
2756;54;200;250;Tyrrenean Sea;x
2757;55;220;250;Bay of Naples;x
2758;56;250;250;Gulf of Gabes;x
2759;57;200;200;Malta Channel;x
2760;58;200;250;Straits of Messina;x
2761;59;220;250;Gulf of Venice;x
2762;60;250;250;Adriatic Sea;x
2763;61;200;200;Straits of Otranto;x
2764;62;200;250;Gulf of Taranto;x
2765;63;220;250;Ionian Sea;x
2766;64;250;250;Gulf of Sirte;x
2767;65;200;200;Gulf of Tobruk;x
2768;66;200;250;Bay of Alexandria;x
2769;67;220;250;Palestinian Coast;x
2770;68;250;250;Gulf of Cyprus;x
2771;69;200;200;Sea of Crete;x
2772;70;200;250;Aegean Sea;x
2773;71;220;250;Sea of Marmara;x
2774;72;250;250;Gulf of Varna;x
2775;73;200;200;Gulf of Odessa;x
2776;74;200;250;Sea of Azov;x
2777;75;220;250;Eastern Black Sea;x
2778;76;250;250;Lake Balaton;x
2779;77;200;200;Caspian Sea;x
2780;78;200;250;Aral Sea;x
2781;79;220;250;Gulf of Suez;x
2782;80;250;250;Red Sea;x
2783;81;200;200;Straits of Obokk;x
2784;82;200;250;Bal el Mandeb;x
2785;83;220;250;Coast of Mascate;x
2786;84;250;250;Gulf of Oman;x
2787;85;200;200;Hormuz Strait;x
2788;86;200;250;Persian Gulf;x
2789;87;220;250;Gulf of Indus;x
2790;88;250;250;Gulf of Gujarat;x
2791;89;200;200;Laquedive Islands;x
2792;90;200;250;Coast of Malabar;x
2793;91;220;250;Comorin Cape;x
2794;92;250;250;Coast of Caramandel;x
2795;93;200;200;Coast of Orissa;x
2796;94;200;250;Ganges Delta;x
2797;95;220;250;Akyab Bay;x
2798;96;250;250;Irrawady Delta;x
2799;97;200;200;Andaman Sea;x
2800;98;200;250;Mergui Archipelago;x
2801;99;220;250;Straits of Malacca;x
2802;100;250;250;Coast of Atjeh;x
2803;101;200;200;Billiton Strait;x
2804;102;200;250;Coast of Sumatra;x
2805;103;220;250;Sunda Strait;x
2806;104;250;250;Coast of Java;x
2807;105;200;200;Coast of Surabaya;x
2808;106;200;250;Straits of Lombok;x
2809;107;220;250;Timor Sea;x
2810;108;250;250;The Moluccas;x
2811;109;200;200;Java Sea;x
2812;110;200;250;Straits of Makassar;x
2813;111;220;250;Karimata Strait;x
2814;112;250;250;Straits of Johore;x
2815;113;200;200;Malayan Sea;x
2816;114;200;250;Coast of Sarawk;x
2817;115;220;250;Mekong Delta;x
2818;116;250;250;Gulf of Siam;x
2819;117;200;200;Cam Rah Bay;x
2820;118;200;250;South China Sea;x
2821;119;220;250;Coast of Brunei;x
2822;120;250;250;Coast of Annam;x
2823;121;200;200;Gulf of Tonkin;x
2824;122;200;250;Guanghou Bay;x
2825;123;220;250;Taiwan Strait;x
2826;124;250;250;Yang Tse Delta;x
2827;125;200;200;Yellow Sea;x
2828;126;200;250;Korea Bay;x
2829;127;220;250;South Korean Sea;x
2830;0;251;251;East Sea;x
2831;1;201;201;Soya Strait;x
2832;2;201;251;Tatar Straits;x
2833;3;221;251;Amur Delta;x
2834;4;251;251;Baj of Ayan;x
2835;5;201;201;Bay of Komenskoie;x
2836;6;201;251;Coast of Kamchatka;x
2837;7;221;251;Sea of Okhotsk;x
2838;8;251;251;Coast of Sakhalin;x
2839;9;201;201;Gulf of Patience;x
2840;10;201;251;Tsugaru Strait;x
2841;11;221;251;Sea of Japan;x
2842;12;251;251;Amakusa Sea;x
2843;13;201;201;Seto Inland Sea;x
2844;14;201;251;Tokai Sea;x
2845;15;221;251;Ryukyu Islands;x
2846;16;251;251;Luzon Strait;x
2847;17;201;201;Paracel Islands;x
2848;18;201;251;Manila Bay;x
2849;19;221;251;Coast of Luzon;x
2850;20;251;251;Gulf of Leyte;x
2851;21;201;201;Sulu Sea;x
2852;22;201;251;Sea of Celebes;x
2853;23;221;251;Sea of Ternete;x
2854;24;251;251;Sea of Banda;x
2855;25;201;201;Philipine Sea;x
2856;26;201;251;Palau Islands;x
2857;27;221;251;Biak Bay;x
2858;28;251;251;Vilian Strait;x
2859;29;201;201;Trobrian Islands;x
2860;30;201;251;Torres Strait;x
2861;31;221;251;Arafuam Sea;x
2862;32;251;251;Kolepom Bay;x
2863;33;201;201;Gulf of Carpentaria;x
2864;34;201;251;Great Barrier Reef;x
2865;35;221;251;Capricorn Bay;x
2866;36;251;251;Cape Howe;x
2867;37;201;201;Bass Strait;x
2868;38;201;251;Kangaroo Island;x
2869;39;221;251;Great Australian Bight;x
2870;40;251;251;Cape Leuwiin;x
2871;41;201;201;Shark Bay;x
2872;42;201;251;Northwest Cape;x
2873;43;221;251;King Sound;x
2874;44;251;251;Tasman Sea;x
2875;45;201;201;Southern Tasman Sea;x
2876;46;201;251;Cook Strait;x
2877;47;221;251;Northern Tasman Sea;x
2878;48;251;251;Cape Farwell;x
2879;49;201;201;Coast of New Zealand;x
2880;50;201;251;Cantebury Bight;x
2881;51;221;251;Sea of Antarctica;x
2882;52;251;251;New Caledonian Sea;x
2883;53;201;201;Coral Sea;x
2884;54;201;251;Gilbert Sea;x
2885;55;221;251;Solomon Sea;x
2886;56;251;251;Nauru Island;x
2887;57;201;201;Melanesia Sea;x
2888;58;201;251;Micronesia Sea;x
2889;59;221;251;Philippine Trench;x
2890;60;251;251;Philippine Basin;x
2891;61;201;201;Tinian Sea;x
2892;62;201;251;Iwo Jima Sea;x
2893;63;221;251;Taihei Ocean;x
2894;64;251;251;The Kuriles;x
2895;65;201;201;Bay of Uka;x
2896;66;201;251;Bay of Oljut;x
2897;67;221;251;Bay of Anadyr;x
2898;68;251;251;Yekaterina Plains;x
2899;69;201;201;Horn of Africa;x
2900;70;201;251;Coast of Pepper;x
2901;71;221;251;Zanzibar Strait;x
2902;72;251;251;Mozambique Channel;x
2903;73;201;201;Diego Suarez Bay;x
2904;74;201;251;Western Arabian Sea;x
2905;75;221;251;Eastern Arabian Sea;x
2906;76;251;251;The Seychelles;x
2907;77;201;201;Coast of Tamatave;x
2908;78;201;251;The Mascareignes;x
2909;79;221;251;Gulf of Zambeze;x
2910;80;251;251;Coast of Natal;x
2911;81;201;201;Coast of Transkei;x
2912;82;201;251;Coast of Ciskei;x
2913;83;221;251;Cape of Good Hope;x
2914;84;251;251;Coast of Namibia;x
2915;85;201;201;Walvis Bay;x
2916;86;201;251;Coast of Angola;x
2917;87;221;251;Coast of Kongo;x
2918;88;251;251;Bight of Benin;x
2919;89;201;201;Gold Coast;x
2920;90;201;251;Ivory Coast;x
2921;91;221;251;Coast of Guinea;x
2922;92;251;251;Coast of Senegambia;x
2923;93;201;201;Maueretanian Coast;x
2924;94;201;251;Canarian Sea;x
2925;95;221;251;Coast of Morocco;x
2926;96;251;251;Norwegian Sea;x
2927;97;201;201;Jan Mayen Sea;x
2928;98;201;251;Icelandic Sea;x
2929;99;221;251;North Atlantic;x
2930;100;251;251;Coast of Iceland;x
2931;101;201;201;Northeastern Atlantic;x
2932;102;201;251;Rockall;x
2933;103;221;251;Denmark Strait;x
2934;104;251;251;Eastern Coast of Greenland;x
2935;105;201;201;Western Coast of Greenland;x
2936;106;201;251;Labrador Strait;x
2937;107;221;251;Baffin Bay;x
2938;108;251;251;Hudson Straits;x
2939;109;201;201;James Bay;x
2940;110;201;251;Western Hudson Bay;x
2941;111;221;251;Eastern Hudson Bay;x
2942;112;251;251;Foxe Bassin;x
2943;113;201;201;Gulf of St. Lawrence;x
2944;114;201;251;Cabot Strait;x
2945;115;221;251;Bay of Fundy;x
2946;116;251;251;Strait of Belle Isle;x
2947;117;201;201;Fortune Bay;x
2948;118;201;251;Notre Dame Bay;x
2949;119;221;251;Labrador Sea;x
2950;120;251;251;Greenland Sea;x
2951;121;201;201;Hecala Seamount;x
2952;122;201;251;Masschusetts Bay;x
2953;123;221;251;New York Bight;x
2954;124;251;251;Chesapeake Bay;x
2955;125;201;201;Coast of Carolina;x
2956;126;201;251;Coast of Florida;x
2957;127;221;251;Coast of the Bahamas;x
2958;0;252;252;Florida Straits;x
2959;1;202;202;Apalachee Bay;x
2960;2;202;252;Mobile Bay;x
2961;3;222;252;Galveston Bay;x
2962;4;252;252;Tampico Bay;x
2963;5;202;202;Yucatan Sea;x
2964;6;202;252;Gulf of Mexico;x
2965;7;222;252;Yucatan Channel;x
2966;8;252;252;Belize Bay;x
2967;9;202;202;Moscitos Coast;x
2968;10;202;252;Gulf of Darien;x
2969;11;222;252;Jamaica Channel;x
2970;12;252;252;Central Carribean;x
2971;13;202;202;Northwestern Carribean;x
2972;14;202;252;Venezualan Gulf;x
2973;15;222;252;Venezuelan Sea;x
2974;16;252;252;Eastern Carribean;x
2975;17;202;202;Windward Islands;x
2976;18;202;252;Lesser Antilles;x
2977;19;222;252;Turks & Caicos Sea;x
2978;20;252;252;Coast of Cuba;x
2979;21;202;202;Coast of Hispaniola;x
2980;22;202;252;Guyana Coast;x
2981;23;222;252;Coast of Amapa;x
2982;24;252;252;Amazonas Gulf;x
2983;25;202;202;Coast of Brazil;x
2984;26;202;252;Coast of Recife;x
2985;27;222;252;Coast of Pernambuc;x
2986;28;252;252;Todos Santos Bay;x
2987;29;202;202;Rio De Janeiro;x
2988;30;202;252;Baia Parangua;x
2989;31;222;252;Rio De La Plata;x
2990;32;252;252;Bahia Blanca;x
2991;33;202;202;Coast of Patagonia;x
2992;34;202;252;Magellan Strait;x
2993;35;222;252;South Chilean Coast;x
2994;36;252;252;Coast of Chile;x
2995;37;202;202;Atacama Coast;x
2996;38;202;252;Antofagasta Coast;x
2997;39;222;252;Arequipa Bay;x
2998;40;252;252;Coast of Peru;x
2999;41;202;202;Guayaguil Bay;x
3000;42;202;252;Coast of Ecuador;x
3001;43;222;252;Gulf of Panama;x
3002;44;252;252;Bay of Costa Rica;x
3003;45;202;202;Acapulco Bay;x
3004;46;202;252;Manzazilla Bay;x
3005;47;222;252;Mazatlan Bay;x
3006;48;252;252;Gulf of California;x
3007;49;202;202;Coast of Baja;x
3008;50;202;252;Coast of California;x
3009;51;222;252;Santa Catalina Islands;x
3010;52;252;252;Coast of Oregon;x
3011;53;202;202;Coast of Columbia;x
3012;54;202;252;Hecate Strait;x
3013;55;222;252;Gulf of Alaska;x
3014;56;252;252;Coast of Alaska;x
3015;57;202;202;Kuskowim Bay;x
3016;58;202;252;Hatton Bank;x
3017;59;222;252;Eastern Gibbs Fracture;x
3018;60;252;252;Western Gibbs Fracture;x
3019;61;202;202;Iberian Shelf;x
3020;62;202;252;Sea of Azores;x
3021;63;222;252;Corner Seamounts;x
3022;64;252;252;New England Seamounts;x
3023;65;202;202;Sable Island Bank;x
3024;66;202;252;Blake Plataeu;x
3025;67;222;252;West Bermuda Sea;x
3026;68;252;252;East Bermuda Sea;x
3027;69;202;202;Canary Current;x
3028;70;202;252;Northern Guiana Basin;x
3029;71;222;252;Guiana Basin;x
3030;72;252;252;Southern Guiana Basin;x
3031;73;202;202;Canary Approach;x
3032;74;202;252;Cap Verde Approach;x
3033;75;222;252;Cruiser Tablemount;x
3034;76;252;252;Barracuda Fracture Zone;x
3035;77;202;202;Eastern Sargasso Sea;x
3036;78;202;252;Central Sargasso Sea;x
3037;79;222;252;Romanche Gap;x
3038;80;252;252;East Coast of Saint Helena;x
3039;81;202;202;Gulf of Guinea;x
3040;82;202;252;Coast of Falklands;x
3041;83;222;252;Argentine Rise;x
3042;84;252;252;Cornet Bank;x
3043;85;202;202;Vema Channel;x
3044;86;202;252;South Brazil Basin;x
3045;87;222;252;Zapiola Plain;x
3046;88;252;252;Argentine Basin;x
3047;89;202;202;Falkland Plateau;x
3048;90;202;252;East of Magellans;x
3049;91;222;252;Fernando de Noronha Islands;x
3050;92;252;252;North Brazil Basin;x
3051;93;202;202;Sierra Leone Basin;x
3052;94;202;252;Martin Vaz Ridge;x
3053;95;222;252;West Coast of Ascension;x
3054;96;252;252;East Coast of Ascension;x
3055;97;202;202;Walvis Ridge;x
3056;98;202;252;Cape Plain;x
3057;99;222;252;Gough Island;x
3058;100;252;252;Coast of Tristan da Cunha;x
3059;101;202;202;San Marin Gap;x
3060;102;202;252;South Sandwich Islands;x
3061;103;222;252;Inaccesable Island;x
3062;104;252;252;Bouvet Island;x
3063;105;202;202;Cape of Storms;x
3064;106;202;252;Gulf of Bengal;x
3065;107;222;252;Northen Bay of Bengal;x
3066;108;252;252;Southern Bay of Bengal;x
3067;109;202;202;Ceylon Sea;x
3068;110;202;252;Coast of Maldives;x
3069;111;222;252;Eight Degree Channel;x
3070;112;252;252;Madingley Rise;x
3071;113;202;202;Arabian Basin;x
3072;114;202;252;One And Half Degree Channel;x
3073;115;222;252;Chagos Archipelago;x
3074;116;252;252;Cocos Basin;x
3075;117;202;202;Southern Sumatra Trench;x
3076;118;202;252;Coast of the Keelings;x
3077;119;222;252;Java Trench;x
3078;120;252;252;Prince Edward Islands;x
3079;121;202;202;Del Cano Rise;x
3080;122;202;252;Cape Sainte Marie;x
3081;123;222;252;Crozet Island;x
3082;124;252;252;Mascarene Plain;x
3083;125;202;202;Rodrigues Island;x
3084;126;202;252;Southwest Indian Basin;x
3085;127;222;252;Kerguelen Islands;x
3086;0;253;253;St Paul Island;x
3087;1;203;203;Broken Ridge;x
3088;2;203;253;South Australian Basin;x
3089;3;223;253;Egeria Fracture Zone;x
3090;4;253;253;Argo Zone;x
3091;5;203;203;Cuvier Basin;x
3092;6;203;253;Wallaby Plateau;x
3093;7;223;253;Ninety East Ridge;x
3094;8;253;253;Roa Rise;x
3095;9;203;203;Venig-Meisenz Seamounts;x
3096;10;203;253;Wharton Basin;x
3097;11;223;253;Northern Cocos Plateau;x
3098;12;253;253;Southern Cocos Plateau;x
3099;13;203;203;Amsterdam Island;x
3100;14;203;253;Marie-Celeste Fracture Zone;x
3101;15;223;253;Lake Chad;x
3102;16;253;253;Ukerewe;x
3103;17;203;203;Lake Tangayika;x
3104;18;203;253;Lake Nyasa;x
3105;19;223;253;Gulden-Drake Seamount;x
3106;20;253;253;Lake Balkhash;x
3107;21;203;203;Lake Baikal;x
3108;22;203;253;Lake Dongting;x
3109;23;223;253;Lake Titicaca;x
3110;24;253;253;Lake Nicaragua;x
3111;25;203;203;Sedna Basin;x
3112;26;203;253;Lake Ontario;x
3113;27;223;253;Lake Erie;x
3114;28;253;253;Lake Huron;x
3115;29;203;203;Lake Michigan;x
3116;30;203;253;Lake Superior;x
3117;31;223;253;Lake Nipigon;x
3118;32;253;253;Lake Winnipeg;x
3119;33;203;203;Korskiyev Gulch;x
3120;34;203;253;Orsova Bank;x
3121;35;223;253;Novarsk Plain;x
3122;36;253;253;Sorvskiya Plains;x
3123;37;203;203;Yamara Gulch;x
3124;38;203;253;Northwest Pacific Basin;x
3125;39;223;253;Sevrance Shoals;x
3126;40;253;253;Coast of Minami;x
3127;41;203;203;Coast of the Mariana Islands;x
3128;42;203;253;Maysdale Flats;x
3129;43;223;253;Izamo Drop;x
3130;44;253;253;North Bering Sea;x
3131;45;203;203;South Bering Sea;x
3132;46;203;253;Western Aleutian Islands;x
3133;47;223;253;Pribilof Islands;x
3134;48;253;253;Eastern Aleutian Islands;x
3135;49;203;203;Uminak Pass;x
3136;50;203;253;Western Aleutian Sea;x
3137;51;223;253;Baker Seamount;x
3138;52;253;253;Alaska Plain;x
3139;53;203;203;Eastern Aleutian Sea;x
3140;54;203;253;Explorer Trench;x
3141;55;223;253;Moonless Seamounts;x
3142;56;253;253;Chinook Basin;x
3143;57;203;203;Ulchi Basin;x
3144;58;203;253;Jingu Basin;x
3145;59;223;253;Chinook Trough;x
3146;60;253;253;Stanley Seamount;x
3147;61;203;203;Mendocino Escarpment;x
3148;62;203;253;California Seamount;x
3149;63;223;253;Murray Fracture Zone;x
3150;64;253;253;Coast of Hawaii;x
3151;65;203;203;Argo Seamount;x
3152;66;203;253;Musicians Seamount;x
3153;67;223;253;Coast of Midway Island;x
3154;68;253;253;Kepler Plain;x
3155;69;203;203;Galois Plain;x
3156;70;203;253;O'Gorman Rise;x
3157;71;223;253;Coast of the Galapagos Islands;x
3158;72;253;253;Lapira Plains;x
3159;73;203;203;Coast of the Cook Islands;x
3160;74;203;253;Clipperton Island;x
3161;75;223;253;Henderson Seamount;x
3162;76;253;253;Madijera Ridge;x
3163;77;203;203;Bauer Basin;x
3164;78;203;253;Northeast Pacific Basin;x
3165;79;223;253;Discoverer Seamount;x
3166;80;253;253;Tasavulu Flats;x
3167;81;203;203;Hawaiian Arch;x
3168;82;203;253;Radford Basin;x
3169;83;223;253;Northern Line Islands;x
3170;84;223;253;Coast of the Society Islands;x
3171;85;203;203;Peru Basin;x
3172;86;203;253;Yupanqui Basin;x
3173;87;223;253;Severance Plains;x
3174;88;253;253;Altamira Plains;x
3175;89;203;203;Southern Line Islands;x
3176;90;203;253;Central Pacific Basin;x
3177;91;223;253;Coast of Samoa;x
3178;92;253;253;Johnston Atoll;x
3179;93;203;203;Coast of Tonga;x
3180;94;203;253;Coast of the Marquesas;x
3181;95;223;253;Resolution Flats;x
3182;96;253;253;Coast of the Tuamotus;x
3183;97;203;203;Titus Ridge;x
3184;98;203;253;Chatham Islands;x
3185;99;223;253;Southwest Pacific Basin;x
3186;100;253;253;Ludovico Gulch;x
3187;101;203;203;Coast of Pitcairn Island;x
3188;102;203;253;Rogeveen Basin;x
3189;103;223;253;Menard Fracture Zone;x
3190;104;203;203;Coast of Easter Island;x
3191;11;224;254;Coast of the Ellice Islands;x
3192;14;224;254;New Caledonia Basin;x
3193;107;223;253;Juan Fernandez Islands;x
3194;108;253;253;Selkirk Rise;x
3195;109;203;203;Karasev Plains;x
3196;110;203;253;Timkin Plain;x
3197;10;254;224;Syrus Reef;x
3198;112;253;253;Humboldt Plains;x
3199;113;203;203;Valdivia Flats;x
3200;114;203;253;Coast of South Georgia;x
3201;115;223;253;Argentine Plain;x
3202;116;203;203;Zapiola Seamount;x
3203;117;203;253;West Coast of Saint Helena;x
3204;118;223;253;Moore Fracture Zone;x
3205;119;253;253;West Demerara Plain;x
3206;120;203;203;East Demerara Plain;x
3207;121;203;253;Cape Verde Basin;x
3208;122;223;253;Nares Plain;x
3209;123;253;253;Bahamas Basin;x
3210;124;203;203;Western Sargasso Sea;x
3211;125;203;253;Bermuda Approaches;x
3212;2;204;254;Ceylon Plain;x
3213;127;203;253;Sunda Trench;x
3214;0;253;254;Northern Sumatra Trench;x
3215;1;254;224;Central Indian Basin;x
3216;13;254;224;Fiji Basin;x
3217;3;204;254;Solace Flats;x
3218;4;224;254;Pisaros Pass;x
3219;12;254;254;Coast of Fiji;x
3220;28;214;224;Coast of Norfolk Island;x
3221;7;254;224;Coast of the Gilbert Islands;x
3222;8;224;254;Mainu Reef;x
3223;9;224;224;Tusei Bank;x
3224;26;254;254;Lake Tana;x
3225;27;214;254;Great Salt Lake;x
3226;15;204;254;South Australian Plain;x
3227;16;204;224;Great Slave Lake;x
3228;17;254;224;Lake Athabasca;x
3229;18;254;204;Reindeer Lake;x
3230;19;204;254;Gulf of Ob;x
3231;20;224;204;Lake Van;x
3232;21;254;204;Lake Urmia;x
3233;22;204;224;Issyk Kul;x
3234;23;224;224;Qinghai Lake;x
3235;24;204;254;Lake Poyang;x
3236;25;224;204;Anam a Cheper;x
3237;29;215;204;Sohm Plain;x
3238;30;204;254;Lake Mweru;x
3239;31;254;204;Lake Champlain;x
3240;32;224;204;Lake Poopo;x
3241;32;204;224;Arctic Ocean;x
3242;126;233;253;Maury Sea Channel;x
3243;111;223;253;Southeast Pacific Basin;x
3244;5;204;254;Jaluit Passage;x
3245;106;203;253;Markov Plains;x
3246;49;150;138;Saint-Barthelemy;x
3247;52;14;236;West Hawaii;x
3248;53;14;240;West Magellan Strait;x
3249;54;14;244;Old Tianjin;x
3250;55;14;248;Fribourg;x
3251;56;14;232;Monaco;x
3252;57;14;236;Andorra;x
3253;58;14;240;Vaduz;x
3254;59;14;244;Buckeburg;x
3255;62;14;236;Reuss;x
3256;61;14;232;Arnstadt;x
3257;62;14;237;Arolsen;x
3258;99;16;244;Kech;x
3259;64;14;244;Jadegebiet;x
3260;65;14;248;Sado;x
3261;66;14;232;Pescara;x
3262;67;14;236;Beilun;x
3263;69;14;244;Fort William (Calcutta);x
3264;70;14;248;Frederiksoerne;x
3265;71;16;232;Essen;x
3266;72;16;236;San Marino;x
3267;73;16;240;Bielefeld;x
3268;74;16;244;Exeter;x
3269;75;16;248;Essex;x
3270;76;16;232;Wetzlar;x
3271;77;16;236;Jura;x
3272;78;16;240;Brig;x
3273;79;16;244;Seiyun;x
3274;80;16;248;Svaneti;x
3275;255;255;0;Kapoea;x
3276;82;16;236;Kutai Timur;x
3277;72;72;88;Hultschin;x
3278;144;176;100;Manifa;x
3279;127;63;63;Kelmentsi;x
3280;0;255;255;Edmundston;x
3281;1;1;1;Fraustadt;x
3282;128;128;128;Olsnitz;x
3283;254;254;254;Branau;x
3284;93;112;128;Mole-Saint-Nicolas;x
3285;255;106;0;Frauenstadt;x
3286;127;106;0;Steinamanger;x
3287;0;255;144;Olivenza;x
3288;0;74;127;Tarvis;x
3289;0;125;85;Csakathurn;x
3290;125;125;125;Bosilegrad;x
3291;72;175;143;Ustrumca;x
3292;100;16;248;Al Salman;x
3293;127;0;55;Bayburt;x
3294;127;0;110;Al-Muabbada;x
3295;91;127;0;Ambrosio;x
3296;81;16;232;Pauini;x
3297;48;48;48;Majuria;x
3298;161;161;161;Corumba;x
3299;16;0;125;Taltal;x
3300;172;190;0;Otterndorf;x
3301;157;107;76;South Lueneburg;x
3302;255;0;0;Birkenfeld;x
3303;69;42;66;Altenburg;x
3304;112;128;112;Schmalkalden;x
3305;100;100;15;Gotha;x
3306;197;170;51;Homburg;x
3307;0;127;70;Gersfeld;x
3308;167;164;48;Ungwar;x
3309;8;175;23;Maria-Theresiopel;x
3310;104;88;117;Jablonka;x
3311;104;96;47;Ferlach;x
3312;135;128;79;Carinthian Karawanks;x
3313;64;64;175;Venlo;x
3314;255;216;0;Schaffhausen;x
3315;178;0;255;Paracel and Spratly Islands;x
3316;45;164;87;Kergeulen;x
3317;175;48;176;Aleutian Islands;x
3318;199;159;207;Arlon;x
3319;50;180;150;Gross Kikinda;x
3320;127;51;0;Kelmis;x
3321;177;166;143;Mitrovica;x
3322;200;115;160;Thionville;x
3323;64;64;64;Konin;x
3324;109;127;63;Line Islands;x
3325;135;205;255;Rubias;x
3326;145;210;87;San Mun;x
3327;101;16;232;Jeremie;x
3328;102;16;236;San Cristobal;x
3329;103;16;240;Hinche;x
3330;104;16;244;San Francisco de Macoris;x
3331;111;17;248;Jaroslau;x
3332;107;16;236;Lausanne;x
3333;254;1;1;Ballum;x
3334;105;112;128;Brus Laguna;x
3335;122;216;219;Dhir;x
3336;175;72;165;Khairpur;x
3337;219;171;83;Patiala;x
3338;133;150;221;Junagadh;x
3339;132;136;158;Nabarangpur;x
3340;170;128;177;Koraput;x
3341;231;203;107;Kalahandi;x
3342;127;163;99;Cooch Behar;x
3343;101;116;163;Shillong;x
3344;165;164;135;Aizawl;x
3345;48;50;165;Kohima;x
3346;145;201;216;Tehri;x
3347;192;239;117;Aksai Chin;x
3348;79;136;145;Pudukkottai;x
3349;92;155;68;Cavan;x
3350;133;164;53;Agion Oros;x
3351;24;174;200;Zaqatala;x
3352;168;154;241;Sochi;x
3353;239;215;196;Tiraspol;x
3354;52;103;135;Versailles;x
3355;175;104;6;Jan Mayen;x
3356;220;57;156;Daridere;x
3357;99;151;22;Val d'Aran;x
3358;26;75;75;Pluzine;x
3359;169;143;131;Salla;x
3360;116;111;21;Lorri;x
3361;177;160;129;Cisr-i Mustafapasha;x
3362;190;160;0;Robion;x
3363;63;90;63;Bardonecchia;x
3364;119;55;87;Debre-i Zir;x
3365;125;111;111;Gorice;x
3366;248;59;90;Sonoma;x
3367;81;150;194;Kingman;x
3368;108;248;67;Mexicali;x
3369;199;38;239;Beaumont;x
3370;33;200;51;Nacogdoches;x
3371;180;46;166;Victoria;x
3372;90;180;10;Lubbock;x
3373;135;9;12;Jacmel;x
3374;182;23;228;Latium;x
3375;33;254;108;Faeto;x
3376;84;192;95;Ivanograd;x
3377;178;211;9;Pechory;x
3378;178;134;18;Abrene;x
3379;50;25;38;Kuolajarvi;x
3380;8;178;69;Tilsit;x
3381;186;189;188;Augustov;x
3382;158;159;150;Gazakh;x
3383;57;22;100;Goland;x
3384;17;137;209;Terneuzen;x
3385;195;231;70;Chisineu-Cris;x
3386;213;5;33;Leuven;x
3387;245;24;111;Kirk Kilise;x
3388;100;25;124;Ahtabolu;x
3389;205;92;92;Poteau;x
3390;252;255;249;Bethel;x
3391;120;179;196;Anchorage;x
3392;77;56;51;Fort Simpson;x
3393;96;91;115;Yellowknife;x
3394;12;137;144;Nordostlige Indlandsis;x
3395;233;255;253;Fort Yukon;x
3396;200;16;46;Kong Frederik VI Kyst;x
3397;71;125;235;Hochstetten-Dhaun;x
3398;251;16;48;Palanga;x
3399;218;19;162;Elksni;x
3400;231;225;70;Abra Pampa;x
3401;24;126;55;Atapupu;x
3402;87;0;127;Sibenik;x
3403;241;241;234;Vlore;x
3404;102;118;218;Pazin;x
3405;145;126;81;Choiseul Island;x
3406;120;47;64;Enid;x
3407;244;115;33;Miami;x
3408;255;199;0;Fairbanks;x
3409;120;99;82;Nome;x
3410;205;155;192;Turnhout;x
3411;166;116;134;Sittart;x
3412;50;0;37;Bleyberg;x
3413;16;62;8;Aishalton;x
3414;146;192;138;Kumaka;x
3415;111;162;128;Hechingen;x
3416;254;171;78;Rudolstadt;x
3417;94;80;121;Ebersdorf;x
3418;0;95;140;Greiz;x
3419;185;92;188;Bernburg;x
3420;87;43;89;Koethen;x
3421;192;208;33;Schleusingen;x
3422;237;62;14;Pyrmont;x
3423;103;139;124;Biedenkopf;x
3424;65;240;224;Znaim;x
3425;159;96;128;Cadenberge;x
3426;73;119;77;St. Ingbert;x
3427;224;103;160;Wismar;x
3428;145;142;110;Potsdam;x
3429;97;7;31;Petrowsk;x
3430;223;135;159;Kubachi;x
3431;248;161;20;Mangalia;x
3432;205;254;242;Dobrich;x
3433;230;230;250;Spic;x
3434;128;64;192;Jakobshavn;x
3435;141;81;84;Scorebysund;x
3436;46;200;16;Sydlige Indlandsis;x
3437;144;12;137;Nordvestlige Indlandsis;x
3438;79;122;120;Lake Harbour;x
3439;0;0;244;Thelon River;x
3440;156;93;42;Clyde River;x
3441;51;56;77;Fort Liard;x
3442;42;156;93;Gjoa Haven;x
3443;132;132;200;Old Crow;x
3444;196;120;179;Nenana;x
3445;215;132;132;Prudhoe Bay;x
3446;0;200;75;Fort Chipewyan;x
3447;195;128;35;Swan River;x
3448;0;75;100;Fort Albany;x
3449;10;125;48;Great Whale River House;x
3450;23;100;23;George River Post;x
3451;185;95;0;Grand Falls;x
3452;59;125;125;Pelly Bay;x
3453;101;143;111;Kavala2;x
3454;183;120;144;Bitola;x
3455;191;148;79;Nijmegen;x
3456;153;184;180;Gressoney;x
3457;169;184;114;San Pietro;x
3458;133;127;111;Longwy;x
3459;228;76;93;Lahej;x
3460;105;50;35;Lubaczow;x
3461;63;51;207;Geraardsbergen;x
3462;82;127;48;Sint-Truiden;x
3463;255;127;182;Amay;x
3464;44;79;199;St. Lucia Bay;x
3465;8;207;88;Port Natal;x
3466;185;103;217;Stellaland;x
3467;139;175;124;Goshen;x
3468;215;0;128;Amrum;x
3469;255;160;0;DenHaag;x
3470;90;161;25;Ohrdruf;x
3471;122;0;101;Eastern East Frisian Islands;x
3472;207;48;77;Rio Hondo;x
3473;26;121;158;Chan Santa Cruz;x
3474;156;77;58;San Antonio (Yucatan);x
3475;144;112;190;Coban;x
3476;170;89;152;Parismina;x
3477;181;80;64;San Vito;x
3478;127;38;140;Plaffeien;x
3479;192;169;74;Pontremoli;x
3480;204;85;0;Mantua;x
3481;31;69;190;Malmedy;x
3482;96;111;193;Saint Die;x
3483;230;70;160;Cuxhaven;x
3484;65;125;95;Schonberg;x
3485;65;69;146;Koper;x
3486;12;111;165;Podgorica;x
3487;57;221;90;Dragash;x
3488;96;173;199;Bilista;x
3489;116;95;118;Thasos;x
3490;201;136;25;Voineasa;x
3491;201;37;25;Predeal;x
3492;212;36;73;Cotumba;x
3493;66;183;122;Botosani Hinterland;x
3494;113;45;98;Dynivtsi;x
3495;140;76;92;Reichthal;x
3496;119;137;112;Pavlograd;x
3497;157;189;49;Hajnowka District;x
3498;86;182;180;Lelchitsy;x
3499;192;160;159;Ushachy;x
3500;117;109;35;Kithira;x
3501;214;246;241;Rio San Juan;x
3502;144;163;62;San Juan del Norte;x
3503;75;202;170;Veluwe;x
3504;85;212;180;Achterhoek;x
3505;79;191;51;Panevezys;x
3506;154;149;219;Piotrkow;x
3507;219;116;205;Ostroleka;x
3508;0;221;155;Siedlce;x
3509;0;87;219;Kholm;x
3510;139;221;208;Wilejka;x
3511;0;181;138;Swieciany;x
3512;157;0;255;Borysow;x
3513;255;155;208;Rzeczyca;x
3514;103;0;221;Lutsk;x
3515;0;221;48;Dubno;x
3516;89;140;175;Ovruch;x
3517;158;117;4;Starokostiantyniv;x
3518;255;10;22;Radomis;x
3519;214;158;255;Cherkasy;x
3520;255;182;0;Gaysin;x
3521;239;167;236;Litin;x
3522;124;119;255;Turow;x
3523;11;175;0;Viesite;x
3524;9;142;0;Rezekne;x
3525;68;255;220;Syenno;x
3526;255;244;163;Klimavichy;x
3527;165;91;255;Polotsk;x
3528;241;119;255;Sebezh;x
3529;255;170;165;North Rezekne;x
3530;137;151;255;Ludza;x
3531;194;62;62;Altona;x
3532;39;214;90;Nizhnyaya Tunguska;x
3533;159;60;230;Fort Vermilion;x
3534;194;177;62;Athabaska Landing;x
3535;39;185;214;Ross River;x
3536;230;60;152;Unalakleet;x
3537;95;194;62;Sidorovsk;x
3538;46;39;214;Malykaj;x
3539;230;116;60;Tunginskoye;x
3540;62;194;145;Kolyma River;x
3541;200;39;214;Nadym;x
3542;194;230;60;Aktogay;x
3543;62;128;194;Tommot;x
3544;214;152;39;Novyj Urengoj;x
3545;60;230;218;Artemovskij;x
3546;112;62;194;Isim;x
3547;123;214;39;Vasjugan;x
3548;60;92;230;Sugoj;x
3549;194;62;161;Chunskoye;x
3550;73;230;91;Niznevartovsk;x
3551;214;69;95;Njagan;x
3552;41;230;53;Nepa;x
3553;214;39;79;Vojvoz;x
3554;62;194;35;Gornopravdinsk;x
3555;57;74;23;Pelican;x
3556;91;74;74;Skagway;x
3557;176;6;40;Klawock;x
3558;210;210;57;Funny River;x
3559;91;74;244;Dutch Harbor;x
3560;23;57;91;Haines Junction;x
3561;210;91;125;Faro-Dawson City;x
3562;57;57;176;Brewer Creek;x
3563;142;176;193;Gua Musang;x
3564;210;227;57;Matagami;x
3565;125;74;57;Pontianak-San Khew Jong;x
3566;125;91;125;Lutselk'e;x
3567;40;23;227;Fort Liard-Fort Smith;x
3568;40;210;125;Ar Ruways;x
3569;159;74;176;Maple Ridge;x
3570;244;142;244;Gold River;x
3571;142;210;40;Bella Coola;x
3572;91;23;227;Old Hogem;x
3573;125;40;6;Stewart;x
3574;125;108;159;Tumbler Ridge;x
3575;108;210;227;Vanderhoof;x
3576;40;57;142;Ashcroft;x
3577;227;6;74;Sicamous;x
3578;6;244;74;Airdrie;x
3579;244;108;6;Wabasca-Desmarais;x
3580;193;40;176;Cardston;x
3581;159;244;210;Leduc;x
3582;40;142;142;Padlei;x
3583;193;176;210;Ennadai;x
3584;74;6;74;Wager Bay;x
3585;244;193;91;Baker Lake;x
3586;193;125;40;Igloolik;x
3587;227;57;57;Sanirajak;x
3588;57;40;142;Tomdibuloq;x
3589;91;23;125;Killdeer;x
3590;176;193;23;Cluff Lake;x
3591;193;159;91;Pelican Narrows;x
3592;108;125;74;Big River;x
3593;176;176;23;Taloyoak;x
3594;23;193;159;Gjoa Haven-Spence Bay;x
3595;210;74;74;Swift Current;x
3596;23;125;57;Bathurst Inlet;x
3597;40;57;159;Thompson Landing;x
3598;6;176;176;Norman Wells;x
3599;244;125;57;Inuvik;x
3600;244;193;142;Cranberry Portage;x
3601;142;142;210;Lordsburg-Silver City;x
3602;40;91;57;Puerto Barrios-Santo Tomas de Castilla;x
3603;91;244;74;Paulatuk;x
3604;108;159;193;Neepawa;x
3605;159;40;57;St. Claude;x
3606;176;125;74;Omaha-Texarkana;x
3607;210;142;227;Port Perry;x
3608;74;193;159;Red Lake;x
3609;91;40;142;Timmins;x
3610;23;193;176;Silver Mountain;x
3611;227;91;91;Lappe;x
3612;6;6;125;Dowling;x
3613;227;142;125;Markstay-Warren;x
3614;6;74;210;Harriston;x
3615;108;193;57;London-Windsor;x
3616;244;227;159;Welland;x
3617;6;159;176;Cornwall;x
3618;210;6;176;Eganville;x
3619;57;176;23;Saint-Colomban;x
3620;210;57;244;Thompson;x
3621;125;193;91;Lynn Lake;x
3622;227;227;227;Meadowbrook;x
3623;159;74;244;Saint-Come-Liniere;x
3624;227;108;227;Havre-Saint-Pierre;x
3625;159;40;91;Godefroy;x
3626;176;74;176;Saint-Gabriel;x
3627;159;40;193;Laurentides;x
3628;57;193;176;Weedon Centre;x
3629;23;176;40;Murdochville;x
3630;57;57;159;Tobique Valley;x
3631;227;6;108;McAdam;x
3632;176;91;210;Charlottetown;x
3633;125;193;159;Yarmouth;x
3634;6;6;6;Lake Charlotte;x
3635;23;244;176;Sydney-Cape Breton Island;x
3636;57;142;227;Buchans;x
3637;142;91;193;Churchill Falls;x
3638;159;74;108;Natuashish;x
3639;244;125;6;Saint-Pierre;x
3640;125;40;23;Edmonds;x
3641;125;244;193;North Omak;x
3642;227;227;74;Moses Lake;x
3643;6;57;176;Roseburg;x
3644;91;142;210;Valley Falls;x
3645;23;6;193;Prineville;x
3646;244;193;210;Chico;x
3647;176;108;23;Ukiah;x
3648;40;193;227;Bishop;x
3649;6;244;142;Carmel-by-the-Sea;x
3650;91;193;176;Ridgecrest;x
3651;91;210;23;Ojai;x
3652;176;176;57;Poway;x
3653;159;57;91;Cascade;x
3654;6;23;91;Iona;x
3655;108;23;74;Grace;x
3656;159;125;74;Ely;x
3657;227;91;193;Charleston-Owyhee;x
3658;6;40;23;Moapa Valley;x
3659;159;108;40;Draper;x
3660;210;159;74;Wendover;x
3661;40;227;91;Helper;x
3662;57;23;244;La Paz Valley;x
3663;40;91;23;Holbrook;x
3664;210;23;210;Tombstone;x
3665;159;142;40;La Veta;x
3666;125;23;193;Palo Alto;x
3667;227;159;91;Estancia;x
3668;57;176;40;Hugo;x
3669;23;159;91;Riner;x
3670;40;227;6;Rangely;x
3671;227;108;159;Navajo;x
3672;23;176;210;Reliance;x
3673;23;176;91;Marbleton;x
3674;23;159;23;Casper;x
3675;142;6;40;Star Valley Ranch;x
3676;210;159;227;Marion-Missoula;x
3677;91;91;210;Dillon;x
3678;125;23;142;Glasgow-Great Falls;x
3679;142;57;91;Baldwin;x
3680;227;193;159;Towner;x
3681;176;176;40;Carson;x
3682;142;244;108;Aberdeen-Sioux Falls;x
3683;142;210;23;Newell;x
3684;108;57;91;Custer;x
3685;227;57;74;Norfolk-Omaha;x
3686;176;108;227;Sargent;x
3687;176;108;40;Imperial;x
3688;6;40;108;Onaga;x
3689;125;40;244;Pratt;x
3690;142;176;210;Johnson;x
3691;210;244;91;Boise City;x
3692;159;23;57;Muskogee;x
3693;244;210;142;Sentinel;x
3694;210;40;108;Spring;x
3695;108;6;227;Circle D-KC Estates;x
3696;108;125;91;Saginaw-Dallas;x
3697;23;193;74;Telluride;x
3698;125;40;40;San Angelo;x
3699;57;210;176;Beeville;x
3700;23;159;108;Linn;x
3701;40;125;108;Lafitte;x
3702;108;125;210;Albany-Baton Rouge;x
3703;244;227;6;Egan;x
3704;125;159;40;Bossier City;x
3705;6;159;227;Hoxie;x
3706;210;6;125;Dierks;x
3707;193;108;210;Mountain View;x
3708;108;244;227;Rolla;x
3709;91;6;6;Liberal-Springfield;x
3710;108;193;91;Holcomb;x
3711;6;23;176;Buffalo-Jefferson City;x
3712;125;142;210;Cameron;x
3713;176;91;244;Treynor;x
3714;57;142;142;Ames;x
3715;142;23;159;Wheatland;x
3716;108;108;40;Le Mars;x
3717;74;193;108;Redby;x
3718;193;142;176;New Ulm;x
3719;227;193;176;Ulen;x
3720;210;6;23;Biwabik;x
3721;108;176;108;Randolph;x
3722;125;244;91;Greenwood;x
3723;23;210;159;New London;x
3724;193;23;244;Portland-Madison;x
3725;176;6;244;DeKalb;x
3726;176;159;40;Kewanee;x
3727;227;159;125;Urbana;x
3728;159;74;125;Knoxville-Peoria;x
3729;40;193;6;Sparta;x
3730;142;23;210;Creal Springs;x
3731;57;193;244;Shelbyville;x
3732;159;125;6;Staunton-Evansville;x
3733;125;23;108;Burlington-South Bend;x
3734;125;57;91;Syracuse-Fort Wayne;x
3735;108;210;244;Troy;x
3736;193;176;159;East Lansing;x
3737;210;125;40;Brown City;x
3738;159;176;142;Gaylord;x
3739;227;125;210;Newberry;x
3740;227;193;193;Byesville;x
3741;142;193;210;Springfield-Columbus;x
3742;6;23;57;Shelby;x
3743;108;210;210;Carlisle-Dayton;x
3744;23;193;91;New Haven;x
3745;6;210;57;Athens;x
3746;57;6;159;Anchorage-Louisville;x
3747;125;159;91;North Corbin;x
3748;6;74;74;Georgetown-Kentucky;x
3749;91;227;176;Benton;x
3750;176;57;23;Belle Meade;x
3751;125;142;244;Bartlett;x
3752;6;40;91;Monterey-Knoxville;x
3753;210;6;74;Riceville;x
3754;74;125;40;Forest;x
3755;244;23;176;Anguilla;x
3756;125;176;6;Latimer;x
3757;108;227;210;Northport;x
3758;176;57;244;Hollins;x
3759;57;227;227;Fairhope;x
3760;227;193;74;Panama City;x
3761;74;6;23;Bronson;x
3762;210;244;210;Frostproof;x
3763;125;125;193;Bremen-Atlanta;x
3764;210;40;193;Camilla;x
3765;74;57;244;Valdosta;x
3766;40;210;210;Lake City;x
3767;57;108;74;Camden-Columbia;x
3768;244;142;142;Aulander;x
3769;23;108;74;Reidsville;x
3770;40;6;6;Denver-Charlotte;x
3771;227;74;227;Chadbourn;x
3772;210;210;125;Concord-Lynchburg;x
3773;6;159;159;Front Royal;x
3774;227;210;159;Central Garage;x
3775;142;125;40;Suffolk;x
3776;227;227;108;Covington;x
3777;6;227;108;Henry Fork;x
3778;142;40;23;East Dailey;x
3779;244;210;74;Wayne;x
3780;210;176;91;Princess Anne;x
3781;125;6;57;Waldorf;x
3782;91;125;23;Oakland;x
3783;108;91;159;Georgetown-Delaware;x
3784;210;176;193;Lancaster;x
3785;6;142;91;Scranton;x
3786;176;210;40;Portage;x
3787;57;142;91;Gettysburg;x
3788;57;57;108;Pitcairn-Pittsburgh;x
3789;159;108;125;Bruin;x
3790;6;91;108;Morristown;x
3791;227;142;210;Princeton;x
3792;210;6;6;Salem;x
3793;108;125;159;Brooklyn;x
3794;108;244;74;Shirley;x
3795;176;125;6;Woodstock;x
3796;176;40;210;Corning;x
3797;244;159;210;Jamestown;x
3798;244;159;159;Livonia;x
3799;176;142;57;Richland;x
3800;210;74;40;Happy Corner;x
3801;193;6;227;Saratoga Springs;x
3802;74;6;176;Danbury;x
3803;125;6;159;Coventry-Providence;x
3804;244;159;244;Andover;x
3805;244;108;159;Barnstable;x
3806;40;6;210;Amherst;x
3807;244;244;91;Stowe;x
3808;227;57;108;Carroll;x
3809;108;142;74;Bridgton;x
3810;244;108;125;Millinocket;x
3811;159;193;23;Saint-Pamphile;x
3812;210;227;176;Paamiut;x
3813;6;193;91;Akureyri;x
3814;108;108;176;Midvagur;x
3815;57;91;210;Kilrea;x
3816;193;159;6;Sion Mills;x
3817;6;74;159;Lisburn;x
3818;40;91;159;Letterkenny;x
3819;176;227;125;Westport;x
3820;40;91;244;Collooney;x
3821;176;244;23;Courtbrack;x
3822;125;159;6;Tralee;x
3823;108;74;108;Tallow;x
3824;57;108;193;Maynooth;x
3825;244;193;57;Abbeyleix;x
3826;57;193;57;Piltown;x
3827;108;6;125;Inverness-Aberdeen;x
3828;6;244;91;Kyle of Lochalsh;x
3829;125;244;125;Alyth;x
3830;74;40;159;Stow;x
3831;91;244;227;Newtonmore;x
3832;74;159;210;Renfrew;x
3833;40;125;210;Newton Stewart;x
3834;74;74;108;Newport;x
3835;74;176;57;Carmarthen;x
3836;125;125;91;Brecon;x
3837;74;6;210;Criccieth;x
3838;23;159;57;Blackpool;x
3839;23;74;40;Blackburn;x
3840;125;159;159;Beckermet;x
3841;91;193;142;Kirknewton;x
3842;244;74;23;Leyburn;x
3843;193;176;193;Burnley;x
3844;193;244;210;North Yorkshire;x
3845;210;210;74;Hinstock;x
3846;142;227;142;Preston;x
3847;74;227;91;Shropshire;x
3848;40;91;91;Stratford-upon-Avon;x
3849;91;57;193;Mayfield;x
3850;91;227;159;Loughborough;x
3851;57;176;159;Corringham;x
3852;244;74;176;Sywell;x
3853;227;210;227;Bury St Edmunds;x
3854;159;159;159;Colchester;x
3855;142;23;227;Calcot;x
3856;244;40;193;Banbury;x
3857;176;40;108;Gloucester;x
3858;57;193;74;Weymouth;x
3859;91;125;193;Cheltenham;x
3860;108;193;176;Roche;x
3861;74;74;91;Twickenham;x
3862;193;23;176;Royal Tunbridge Wells;x
3863;227;6;193;Worthing;x
3864;193;142;125;Christchurch;x
3865;6;40;244;Peel;x
3866;6;74;125;Grong;x
3867;74;74;74;Setermoen;x
3868;91;23;159;Tana Bru;x
3869;159;176;227;Forde;x
3870;159;176;57;Sollsvika;x
3871;91;159;142;Voss;x
3872;244;23;91;Treungen;x
3873;74;40;6;Geilo;x
3874;23;244;193;Akershus;x
3875;176;227;159;Alvdal;x
3876;108;91;193;Fossbergom;x
3877;74;23;193;Meieribyen;x
3878;159;23;210;Faerila;x
3879;57;227;23;Stoede;x
3880;57;57;210;Hallsta;x
3881;108;108;91;Bjorkvik;x
3882;108;142;91;Arvidsjaur;x
3883;40;108;227;Uppsala;x
3884;57;210;142;Abborrberget;x
3885;125;57;57;Hagby;x
3886;244;176;159;Boxholm;x
3887;108;91;23;Ramnaes;x
3888;210;176;125;Karlskoga;x
3889;176;125;193;Toecksfors;x
3890;108;108;125;Hyssna;x
3891;6;108;91;Fjaellbacka;x
3892;210;176;176;Visby;x
3893;193;244;57;Malilla;x
3894;244;6;244;Lidhult;x
3895;227;125;193;Saxtorpsskogen;x
3896;176;142;108;Haessleholm;x
3897;40;74;176;Rovaniemi;x
3898;91;23;210;Pudasjaervi;x
3899;193;40;210;Sodankylae;x
3900;244;159;176;Vyartsilya;x
3901;91;108;74;Kouvola;x
3902;244;159;23;Pieksaemaeki;x
3903;159;40;176;Lieksa;x
3904;210;74;142;Hanko;x
3905;227;142;6;Seinaejoki;x
3906;210;125;6;Raisio;x
3907;176;108;159;Ytteresse;x
3908;125;176;227;Tutin;x
3909;40;159;176;Yomala;x
3910;176;244;6;Harju;x
3911;176;227;193;Koeru;x
3912;6;23;210;Uulu;x
3913;74;91;176;Voru;x
3914;193;193;23;Kuressaare;x
3915;244;40;244;Vidzeme;x
3916;210;227;23;Madona;x
3917;244;125;159;Jekabpils;x
3918;159;142;176;Ozolnieki;x
3919;142;57;159;Baldone;x
3920;210;142;193;Nica;x
3921;23;142;23;Sirvintos;x
3922;6;227;74;Trakai;x
3923;108;210;193;Vilkaviskis;x
3924;193;125;176;Pasvalys;x
3925;40;159;227;Raseiniai;x
3926;227;6;40;Kretinga;x
3927;227;108;244;Silkeborg;x
3928;210;227;193;Avlum;x
3929;108;74;74;Gram;x
3930;23;159;74;Stordorf;x
3931;6;74;227;Ellingstedt;x
3932;227;40;193;Tonder;x
3933;108;142;244;Korsor;x
3934;108;125;193;Gelsted;x
3935;176;23;176;Muleby;x
3936;227;159;176;Alkmaar;x
3937;142;74;227;Middelharnis;x
3938;23;125;108;North Holland;x
3939;74;244;176;Breskens;x
3940;210;23;23;Hooge Mierde;x
3941;74;227;159;Roosendaal;x
3942;40;193;74;Tongeren;x
3943;227;142;74;Puiflijk;x
3944;227;244;193;Grootegast;x
3945;57;159;193;Stokkum;x
3946;23;244;227;Harlingen;x
3947;142;40;210;Meppel;x
3948;193;23;125;Auderghem;x
3949;244;227;108;Watou;x
3950;108;6;142;Kortrijk;x
3951;6;23;108;Dendermonde;x
3952;74;227;227;Tessenderlo;x
3953;40;176;125;Philippeville;x
3954;74;210;193;Merignies;x
3955;210;91;244;Mons;x
3956;227;142;176;Durbuy;x
3957;193;244;74;Bovigny;x
3958;40;125;176;North Koblenz;x
3959;193;142;108;Corbion;x
3960;159;176;23;Catillon-sur-Sambre;x
3961;159;40;142;Ardres;x
3962;125;210;227;Frevent;x
3963;176;74;108;Ailly-sur-Noye;x
3964;74;23;23;Mareuil-sur-Ourcq;x
3965;6;23;227;Marle;x
3966;210;159;57;Poix-Terron;x
3967;108;210;176;Reims;x
3968;57;142;40;Eastern Haute-Marne;x
3969;108;142;40;Sommepy-Tahure;x
3970;193;142;23;Haguenau;x
3971;74;227;125;Munster-Colmar;x
3972;40;91;74;Western Vosges;x
3973;210;108;74;Saint-Die-des-Vosges;x
3974;74;108;40;Eastern Meurthe-et-Moselle;x
3975;23;125;74;Liffol-le-Grand;x
3976;108;210;40;Dieppe;x
3977;74;91;108;Western Eure;x
3978;125;108;57;Messei;x
3979;193;210;57;Barneville-Plage;x
3980;193;193;142;Vale Parish;x
3981;108;159;176;Le Relecq-Kerhuon;x
3982;74;125;23;Le Gouray;x
3983;57;57;57;Plusquellec;x
3984;159;193;125;Blain;x
3985;57;125;23;Saint-Sulpice-la-Foret;x
3986;40;125;227;Chalo-Saint-Mars;x
3987;142;176;227;Souance-au-Perche;x
3988;91;74;40;Lagny-sur-Marne;x
3989;210;227;40;Volesvres;x
3990;210;142;6;Pouilly-en-Auxois;x
3991;244;159;125;Preveranges;x
3992;125;227;6;Varennes-Saint-Sauveur;x
3993;159;23;6;Baume-les-Dames;x
3994;108;210;142;Hericourt;x
3995;6;108;142;Bressuire;x
3996;6;142;57;Laval;x
3997;6;91;23;Saint-Mars-la-Briere;x
3998;40;57;74;Saint-Hilaire-de-Riez;x
3999;74;244;23;Lorris;x
4000;244;57;40;Lignieres;x
4001;210;74;159;Indre Hinterland;x
4002;108;6;23;Mur-de-Sologne;x
4003;210;159;6;Blaye;x
4004;91;244;108;Rom;x
4005;159;176;193;Western Vienne;x
4006;74;91;23;Brive-la-Gaillarde;x
4007;23;40;40;Banize;x
4008;125;57;193;Saint-Aulaye;x
4009;91;159;176;Trizac;x
4010;74;210;159;Lozere;x
4011;125;159;244;Dunes;x
4012;91;210;159;Macon-Lyon;x
4013;244;108;244;Saint-Etienne;x
4014;108;57;74;Le Puy-en-Velay;x
4015;108;244;176;Pont-Eveque;x
4016;57;57;125;Simorre;x
4017;244;74;159;Graulhet;x
4018;23;57;40;Cazeres;x
4019;193;176;108;Tonneins;x
4020;227;125;159;Lesperon;x
4021;108;74;227;Orbara;x
4022;125;227;108;Labastide-Rouairoux;x
4023;23;23;125;Villeneuve;x
4024;159;159;193;Narbonne;x
4025;176;176;210;Osseja;x
4026;91;193;210;Presilly;x
4027;142;193;57;Saint-Michel-de-Maurienne;x
4028;142;142;176;Saintes-Maries-de-la-Mer;x
4029;125;159;227;Villeneuve-les-Avignon;x
4030;91;40;244;Montelimar;x
4031;125;142;227;La Ciotat;x
4032;91;176;125;Grasse;x
4033;91;142;74;Carros;x
4034;176;91;40;Ajaccio;x
4035;108;210;6;Castro-La Coruna;x
4036;159;193;40;Cangas del Narcea;x
4037;210;210;210;Vigo;x
4038;244;40;6;Robleda-Cervantes;x
4039;210;108;227;Camaleno;x
4040;91;40;40;Torresandino;x
4041;57;57;142;Tordesillas;x
4042;227;193;6;Barca;x
4043;57;244;40;Castillejo de Martin Viejo;x
4044;57;159;244;Segovia;x
4045;193;210;193;Badajoz Hinterland;x
4046;23;125;210;Navalvillar de Pela;x
4047;91;210;125;Plasencia;x
4048;159;74;57;Madrid Outskirts;x
4049;176;159;142;Guadalajara Hinterland;x
4050;57;23;193;Navalmoralejo;x
4051;210;6;159;Cuenca Hinterland;x
4052;6;23;40;Almaden;x
4053;108;193;193;Navarra;x
4054;159;6;244;Lazagurria;x
4055;57;193;91;La Rioja (Spain);x
4056;159;244;227;Maria de Huerva;x
4057;176;193;210;Huesca Hinterland;x
4058;40;6;91;Alloza;x
4059;57;176;125;Terrassa;x
4060;74;108;57;Vidra;x
4061;142;108;108;Coll de Nargo;x
4062;57;176;244;Arnes;x
4063;159;108;210;Palma;x
4064;91;176;142;Utiel;x
4065;159;193;57;Benassal;x
4066;193;74;74;La Torre de les Macanes;x
4067;125;40;227;Aledo;x
4068;74;74;227;Moratalla;x
4069;40;57;125;Cotillas;x
4070;125;210;40;El Arahal;x
4071;57;176;91;Cordoba Hinterland;x
4072;74;210;40;Mazagon;x
4073;210;159;210;Benalup-Casas Viejas;x
4074;210;125;23;Cuevas del Campo;x
4075;91;125;108;Valle de Abdalagis;x
4076;176;142;193;Adra;x
4077;176;244;227;Jaen Hinterland;x
4078;159;142;244;Areosa;x
4079;193;91;227;Santa Cruz-Vila Real;x
4080;142;40;74;Sao Pedro do Sul;x
4081;108;91;57;Belem-Lisboa;x
4082;40;244;40;Valadares;x
4083;193;193;125;Minde;x
4084;74;142;125;Sines;x
4085;91;23;193;Portalegre;x
4086;159;40;227;Serpa;x
4087;210;176;6;Loule;x
4088;23;108;91;Hamburg;x
4089;40;159;57;Schonberg-Lauenborg;x
4090;125;23;227;Eutin;x
4091;74;244;57;Oldenburg-Stade;x
4092;40;40;6;Hodenhagen;x
4093;210;57;91;Elze;x
4094;125;125;6;Borstel;x
4095;176;142;159;Walkenried;x
4096;193;125;193;Herzberg am Harz;x
4097;193;227;227;Schapen;x
4098;210;57;57;Prinzhofte;x
4099;57;40;91;East Oldenburg;x
4100;23;159;125;Laehden;x
4101;125;74;159;Lohne;x
4102;159;91;23;Rysum;x
4103;23;176;244;Gutow;x
4104;244;74;74;Gross Nemerow;x
4105;193;125;159;East Stettin;x
4106;91;159;159;Brunn-Greifswald;x
4107;57;210;108;Jarmen;x
4108;6;227;244;Kladow;x
4109;210;125;210;Templin;x
4110;40;125;159;Perleberg;x
4111;176;6;142;Forst;x
4112;244;159;91;Groeningen;x
4113;193;159;210;Heiligenstadt;x
4114;227;91;244;Bernburg-Dessau;x
4115;23;91;176;Eisleben;x
4116;23;125;176;Schlaitz;x
4117;193;159;108;Neustadt in Sachsen;x
4118;210;210;159;Elstertrebnitz;x
4119;91;91;176;Bergen-Chemnitz;x
4120;244;74;227;Keila;x
4121;244;108;108;Sondershausen;x
4122;6;40;176;Geisa;x
4123;57;125;57;Dillenburg;x
4124;159;227;193;Alheim;x
4125;176;40;244;Steinheim;x
4126;74;125;210;Kassel Hinterland;x
4127;40;108;142;Sinsheim;x
4128;6;108;74;Offenbach am Main;x
4129;244;193;176;Bruchmuhlbach-Miesau;x
4130;40;6;176;Wallendorf;x
4131;142;40;40;Boulay-Moselle;x
4132;57;176;176;Freudenburg;x
4133;74;125;74;Sittard;x
4134;159;91;227;Oberehe-Stroheich;x
4135;142;210;125;Wemb;x
4136;108;176;6;Issum;x
4137;57;193;40;Bad Neuenahr-Ahrweiler;x
4138;176;23;125;West Munster;x
4139;176;244;108;Altenberge;x
4140;40;176;40;Guetersloh;x
4141;142;23;142;Wipperfuerth;x
4142;74;40;176;Arnsberg;x
4143;57;40;159;Verl;x
4144;125;176;193;Rheinstetten;x
4145;176;193;125;Gottenheim;x
4146;40;159;244;Seuzach Dorf;x
4147;108;40;57;Aalen;x
4148;227;40;227;North Jagst;x
4149;176;23;6;Jagst;x
4150;159;125;57;Kempten;x
4151;227;193;142;Riedlingen;x
4152;193;40;227;Schwenningen;x
4153;108;74;244;Rothenburg ob der Tauber;x
4154;159;74;227;Obernburg am Main;x
4155;74;40;227;Birkenfeld-Wurzburg;x
4156;23;227;108;Oberfranken;x
4157;210;40;159;Glonn;x
4158;40;91;210;Passau;x
4159;23;193;6;Adelschlag;x
4160;244;142;108;Heideck;x
4161;6;57;57;Uster;x
4162;142;74;6;Aarau;x
4163;40;125;244;Muenchenwiler;x
4164;74;57;74;Kriens;x
4165;57;159;142;Bellegarde-sur-Valserine;x
4166;91;210;40;Doubs;x
4167;91;159;23;Verchaix;x
4168;91;40;6;Ngatik;x
4169;210;108;193;Zuoz;x
4170;176;74;74;See;x
4171;125;40;91;Stuhlfelden;x
4172;108;108;244;Dornbirn;x
4173;108;176;142;Monguelfo;x
4174;6;159;193;Sankt Oswald ob Eibiswald;x
4175;57;125;244;Rohrmoos;x
4176;23;23;40;Winklern;x
4177;176;142;176;Fels am Wagram;x
4178;125;193;142;Vorderbruck;x
4179;74;193;176;Grosspertholz;x
4180;193;23;40;Berndorf bei Salzburg;x
4181;142;108;142;Sankt Andrae am Zicksee;x
4182;176;176;91;Donnerskirchen;x
4183;159;6;23;Tabor;x
4184;227;108;108;Lovcice;x
4185;210;91;74;West Plzen;x
4186;108;108;210;Litomerice;x
4187;244;6;159;Susice;x
4188;125;91;159;Ulrichsberg;x
4189;227;108;142;Veseli nad Moravou;x
4190;244;74;210;Litovel;x
4191;193;210;142;Malacky;x
4192;6;57;6;Gabcikovo;x
4193;227;244;142;Zilina;x
4194;6;57;74;Gemerska Panica;x
4195;210;91;57;Chminianska Nova Ves;x
4196;57;74;210;Keszthely;x
4197;193;23;23;Tolna;x
4198;176;23;74;Szolnok;x
4199;159;57;57;Tapolca;x
4200;6;74;142;Fejer;x
4201;159;23;108;Sellye;x
4202;176;193;74;Zomba-Ketschkemet;x
4203;176;159;57;Gyongyos;x
4204;176;74;210;Crisana;x
4205;23;227;159;Barand;x
4206;74;176;244;Kanjiza;x
4207;227;74;6;Hajdu-Bihar;x
4208;142;23;176;Cenad;x
4209;193;108;57;Teremia Mare;x
4210;193;125;91;Ciacova;x
4211;91;23;108;Northern Transylvania;x
4212;125;210;142;Rimetea;x
4213;91;227;40;Voislova;x
4214;125;176;244;Loamnes;x
4215;125;193;176;Captain Cook;x
4216;40;108;74;Victoria-Kronstadt;x
4217;23;227;244;Sub Cetate;x
4218;210;23;6;Bistrita Hinterland;x
4219;176;91;91;Yablunytsya;x
4220;176;227;40;Putna;x
4221;6;23;142;Teleorman;x
4222;57;108;142;Romanati;x
4223;23;6;57;Gruia;x
4224;227;108;125;Ramnicu Valcea;x
4225;227;125;40;Varbila;x
4226;91;159;125;Lehliu-Gara;x
4227;227;227;244;Southern Moldavia;x
4228;6;210;40;Lunca;x
4229;210;210;193;Bolatau;x
4230;142;108;125;Ranzesti;x
4231;193;125;244;Braila-Kostence;x
4232;142;159;244;Crisan;x
4233;40;108;210;Falesti;x
4234;57;6;40;Uspenivka;x
4235;74;176;125;Bolhrad;x
4236;23;176;159;Stargard;x
4237;227;176;227;Karlino;x
4238;159;210;91;East Frankfurt;x
4239;244;193;23;Wojszyce;x
4240;193;108;23;Grunberg in Schlesien;x
4241;23;227;176;Bierawa;x
4242;142;74;244;Suszec;x
4243;57;193;108;Parahat;x
4244;227;74;108;Markersdorf;x
4245;74;227;108;Spalov;x
4246;125;227;210;Ostravice;x
4247;142;57;40;Tczew;x
4248;142;74;142;Suleczyno;x
4249;244;159;40;Tuczno;x
4250;193;40;91;Gronowo Elblaskie;x
4251;6;74;23;Brodnica;x
4252;40;108;244;Maldyty;x
4253;6;74;91;Elk;x
4254;23;142;125;Kisielice;x
4255;23;227;227;Pagegiai;x
4256;6;57;23;Kwilcz;x
4257;142;176;142;Dabrowa;x
4258;125;193;6;Nekla;x
4259;159;193;176;Volodymyr;x
4260;125;142;91;Brzeszcze;x
4261;244;74;91;Lapanow;x
4262;159;74;6;Chmielnik;x
4263;210;40;57;Lowicz;x
4264;91;40;193;Lazdijai;x
4265;210;142;23;Sierpc;x
4266;244;6;23;Lomza Hinterland;x
4267;125;40;57;Piotrkow Trybunalski;x
4268;159;74;91;Turobin;x
4269;91;91;125;Belchatow;x
4270;142;159;210;Opoczno;x
4271;210;57;159;Komancza;x
4272;227;244;244;Miedzyrzec Podlaski;x
4273;6;159;6;Trzyciaz;x
4274;244;227;91;Slutsk-Minsk;x
4275;176;57;142;Janow;x
4276;244;57;23;Demonte;x
4277;176;40;142;Valle d'Aosta;x
4278;210;210;6;Cigliano;x
4279;142;193;176;Chieri;x
4280;40;159;210;Nervi;x
4281;91;210;91;Seborga;x
4282;91;159;74;Magnago;x
4283;6;125;244;Sedrina;x
4284;74;23;210;Cremona;x
4285;159;23;142;Ca' Corner;x
4286;193;125;57;Moglia;x
4287;193;108;142;Guarda Veneta;x
4288;125;159;57;Sernaglia della Battaglia;x
4289;40;108;159;Cordovado;x
4290;74;227;57;Trentino;x
4291;159;193;227;Villa-Campolasta;x
4292;159;244;176;Torviscosa;x
4293;159;142;108;Piacenza;x
4294;193;125;125;Reggio Emilia;x
4295;6;125;159;Bologna Hinterland;x
4296;142;159;91;San Pietro-Ferrara;x
4297;108;227;244;Castel San Pietro Terme;x
4298;159;91;210;Loro Ciuffenna;x
4299;125;244;108;Gabbro;x
4300;40;108;6;Montignoso;x
4301;57;142;57;Buonconvento;x
4302;91;142;142;Portiglioni;x
4303;193;142;227;Aprilia;x
4304;176;159;74;Aurelia;x
4305;91;6;210;Amelia;x
4306;23;23;227;Pie' del Colle;x
4307;142;244;91;Marana;x
4308;176;227;91;Capri;x
4309;227;23;23;Matinella;x
4310;176;108;210;Minervino Murge;x
4311;91;57;57;Casalnuovo Monterotaro;x
4312;142;57;108;Gallipoli;x
4313;23;227;91;Scido;x
4314;125;23;74;Sant'Onofrio;x
4315;91;57;23;Matera;x
4316;74;244;210;Joppolo Giancaxio;x
4317;125;159;23;Nicosia-Messina;x
4318;74;108;6;Comiso;x
4319;159;142;23;Gonnesa;x
4320;193;74;210;Pattada;x
4321;23;6;23;Limbus;x
4322;40;193;244;Kranj;x
4323;23;176;23;Cormons;x
4324;227;23;142;Novigrad;x
4325;193;6;74;Ribnik;x
4326;6;142;6;Barilovic;x
4327;193;91;74;Novalja;x
4328;142;23;74;Gornji Prozor;x
4329;176;193;91;Krapina;x
4330;40;74;74;Gudovac;x
4331;57;23;210;Badljevina;x
4332;159;159;74;Strizivojna;x
4333;193;244;108;Solin;x
4334;210;23;125;Presika;x
4335;40;23;193;Blato;x
4336;6;142;23;Zavidovici;x
4337;57;6;142;Korenica;x
4338;176;40;125;Bihac Hinterland;x
4339;227;227;23;Bijeljina Hinterland;x
4340;142;244;57;Kalinovik;x
4341;23;159;142;Dubrovnik;x
4342;244;142;40;Herzegovina;x
4343;57;142;108;Mpongwe-Kitwe;x
4344;159;23;193;Ruma;x
4345;108;210;57;Vrsac;x
4346;210;244;6;Doboj;x
4347;142;210;210;Donja Badanja;x
4348;125;108;23;Velika Plana;x
4349;91;57;244;Zajecar District;x
4350;108;23;40;Krusevac;x
4351;142;142;23;Podujeva;x
4352;40;6;125;Vranje;x
4353;91;142;125;Susanj;x
4354;23;193;40;Opoa;x
4355;176;23;227;Gjakove;x
4356;244;125;210;Strellc i Eperm;x
4357;210;159;159;Pljevlja;x
4358;244;142;23;Kelli;x
4359;57;244;6;Kumanovo;x
4360;6;159;142;Negotino-Manastir;x
4361;210;57;74;Bansko;x
4362;91;244;6;Buhovo;x
4363;159;91;108;Vratsa;x
4364;23;210;91;Vetovo;x
4365;142;227;244;Ruse;x
4366;193;159;176;Makrochori;x
4367;40;91;40;Provadia;x
4368;23;244;40;Stamboliyski;x
4369;23;210;176;Nova Zagora;x
4370;159;91;57;Yambol;x
4371;244;108;142;Kristoni;x
4372;108;227;108;Nestorio;x
4373;193;40;193;Akrini;x
4374;57;108;176;Nea Kallikrateia;x
4375;57;23;6;Thessaloniki;x
4376;57;193;210;Filiates;x
4377;193;57;142;Keramoti;x
4378;210;125;244;Palaiokastritsa;x
4379;227;40;23;Lixouri;x
4380;74;159;40;Meric;x
4381;210;244;125;Alexandroupoli;x
4382;244;159;6;Ivaylovgrad;x
4383;57;74;6;Siatista;x
4384;227;176;91;Narthaki;x
4385;159;6;142;Malakasi;x
4386;193;125;227;Megara;x
4387;210;159;176;Efpalio;x
4388;91;40;91;Stylida;x
4389;193;210;23;Archontochori;x
4390;193;40;23;Malesina;x
4391;125;193;74;Stoupa;x
4392;244;23;74;Lyrkeia;x
4393;23;57;159;Kefalovryso;x
4394;108;176;91;Gastouni;x
4395;125;6;176;Kyrgianni;x
4396;91;176;108;Vrisa;x
4397;40;57;176;Ano Syros;x
4398;91;142;108;Kefalos;x
4399;244;6;91;Chora Sfakion;x
4400;40;227;193;Ierapetra;x
4401;40;23;6;Lezhe;x
4402;176;159;210;Qafemal;x
4403;193;176;227;Skaloti;x
4404;108;125;108;Fier;x
4405;142;57;57;Gjirokaster;x
4406;193;108;108;Fontana;x
4407;227;176;176;Kissonerga;x
4408;6;6;159;Uzundere;x
4409;74;108;193;Lefkosa-Magusa;x
4410;23;74;193;Lueleburgaz;x
4411;142;142;227;Marmaracik;x
4412;176;176;74;Bueyuek Sinekli;x
4413;74;244;193;Balcik;x
4414;74;193;23;Derince;x
4415;159;57;74;Kursunlu;x
4416;210;91;40;Kayapa;x
4417;108;227;57;Derenti;x
4418;227;159;57;Bursa-Afyon;x
4419;108;159;91;Bodrum;x
4420;23;227;125;Sabuncu;x
4421;108;159;40;Selcuk;x
4422;108;91;176;Cavdarhisar;x
4423;227;57;91;Kale;x
4424;57;91;108;Yatagan;x
4425;108;91;108;Cevizli;x
4426;244;6;193;Taskapi;x
4427;193;6;244;Alanya;x
4428;40;244;125;Temelli;x
4429;6;108;23;Bogakoey;x
4430;125;74;74;Toklar;x
4431;244;91;244;UEcdam;x
4432;142;227;193;Pinarbasi;x
4433;108;23;108;Yumrukaya;x
4434;193;23;210;Yavuzkemal;x
4435;159;210;210;Bereketli;x
4436;57;108;159;Rize;x
4437;6;227;159;Oltu;x
4438;244;159;57;Artvin;x
4439;108;74;193;Yenisu;x
4440;159;6;176;Dutluca;x
4441;40;244;142;Colakli;x
4442;23;210;193;Dogansu;x
4443;91;91;74;Hizan;x
4444;142;193;227;Kirikdag;x
4445;6;6;91;Kazanci;x
4446;244;244;142;Alihocali;x
4447;193;210;176;Aydincik;x
4448;125;57;108;Kuytucak;x
4449;176;210;6;Kuwayris Sharqi;x
4450;91;176;91;Guelbaba;x
4451;176;244;159;Gueneren;x
4452;23;125;142;Samandag;x
4453;23;227;57;Al Hasakah;x
4454;159;91;142;As-Suwayda-Damascus;x
4455;91;108;91;Dayr 'Atiyah;x
4456;23;6;227;Deir ez-Zor;x
4457;91;6;40;Duwayr Raslan;x
4458;23;6;108;Izra';x
4459;74;142;176;Nahiyat as Sab' Biyar;x
4460;142;244;159;Al Jafr;x
4461;193;108;6;Ar Rishah;x
4462;159;176;40;Ruwaished;x
4463;125;227;57;Kulwah;x
4464;210;125;57;Zahle;x
4465;244;227;142;Sidon-Beirut;x
4466;159;6;210;Tripoli-Trablos;x
4467;193;176;244;En Naqoura;x
4468;6;159;91;Haifa;x
4469;227;91;74;Zekharya;x
4470;210;91;227;Bnei Brak;x
4471;40;142;91;Shoshannat Ha'Amaqim;x
4472;142;6;125;Ar Ramadin;x
4473;40;108;193;Telalim;x
4474;210;57;40;Ad Disah;x
4475;6;227;193;Al Ba'aj;x
4476;176;210;159;Al Ya'rubiyah;x
4477;40;40;176;Kirkuk;x
4478;159;125;23;At Tarmiyah;x
4479;210;210;40;Ad Dawr;x
4480;74;159;227;Khasnahzan;x
4481;40;6;40;'Ayn Tamr;x
4482;193;142;210;Al Maymunah;x
4483;159;6;193;Al 'Ubaydat;x
4484;210;108;142;Safwan;x
4485;74;57;23;Al 'Izami;x
4486;6;40;227;As Salman;x
4487;227;57;40;Khawr Nanij;x
4488;159;57;210;Sopotskin;x
4489;227;244;6;Michalowo;x
4490;125;40;74;Iwye;x
4491;91;125;176;Ivatsevichi;x
4492;159;142;227;Kobryn;x
4493;176;74;244;Hotsk;x
4494;74;23;40;Pinsk-Mozyr;x
4495;176;108;91;Yartsevo;x
4496;40;125;23;Myshkavichy;x
4497;176;210;23;Shumilino;x
4498;108;108;74;Vitebsk Hinterland;x
4499;193;57;193;Snow;x
4500;91;6;193;Glusk;x
4501;74;227;210;Zhlobin;x
4502;244;91;23;Topchyno;x
4503;244;23;210;Truskavets;x
4504;40;142;57;Nyrkiv;x
4505;159;23;91;Lanchyn;x
4506;227;91;6;Serebriia;x
4507;23;108;159;Zakupne;x
4508;210;6;227;Sarny;x
4509;74;57;227;Liuboml;x
4510;108;23;159;Bucha;x
4511;142;6;142;Novohrad-Volynskyi;x
4512;176;108;108;Zoziv;x
4513;210;6;210;Bohuslav;x
4514;57;125;159;Baturyn;x
4515;23;91;74;Trypillia;x
4516;23;6;91;Natashino;x
4517;91;176;244;Novovolodymyrivka;x
4518;244;108;23;Novonikolayevka;x
4519;176;23;244;Balaklava;x
4520;23;23;210;Vyshneve;x
4521;6;227;23;Mala Mechetnya;x
4522;91;193;244;Novokrasne;x
4523;193;142;193;Kropyvnytskyi;x
4524;23;57;6;Poltava Hinterland;x
4525;57;40;74;Ahaymany;x
4526;91;74;210;Ivanivka;x
4527;159;227;159;Bakhmut-Mariupol;x
4528;57;23;125;Popova Balka;x
4529;193;57;57;Kursk-Kharkiv;x
4530;57;244;57;Valky;x
4531;193;210;74;Millerovo;x
4532;227;125;142;Mitrofanovka;x
4533;125;125;74;Bereznik;x
4534;142;176;125;Zapolyarnyy;x
4535;91;40;176;Koroppiozero;x
4536;40;108;91;Muyezerskiy;x
4537;74;40;74;Koslan;x
4538;227;142;142;Nar'yan-Mar;x
4539;244;193;40;Yarensk;x
4540;227;176;193;Pudozh;x
4541;74;125;159;Sokol;x
4542;125;57;159;Nikol'sk;x
4543;159;125;244;Oktyabr'skiy;x
4544;108;176;57;Lipin Bor;x
4545;74;159;23;Nyandoma;x
4546;74;159;193;Kolpino;x
4547;227;159;74;Olonets;x
4548;108;23;91;Kingisepp;x
4549;40;91;108;Plyussa;x
4550;6;159;108;Il'inskoye;x
4551;74;227;6;Vyaz'ma;x
4552;91;176;210;Peno;x
4553;91;193;6;Yaroslavl-Manzhouli;x
4554;125;40;125;Boketu;x
4555;210;108;210;Valday;x
4556;125;193;210;Moshenskoye;x
4557;108;125;40;Toropets;x
4558;227;125;74;Ostrov;x
4559;193;91;142;Velizh;x
4560;125;23;210;Bronnitsy;x
4561;91;57;108;Tver Hinterland;x
4562;176;227;210;Kaluga Hinterland;x
4563;210;244;227;Bogoroditsk;x
4564;210;244;159;Lev Tolstoy;x
4565;23;227;40;Vladimir Hinterland;x
4566;6;176;91;Sukhinichi;x
4567;176;108;74;Mtsensk;x
4568;23;108;108;Dobrush;x
4569;210;142;142;Dolgoye;x
4570;6;23;74;Korocha;x
4571;6;227;6;Borisoglebsk;x
4572;193;74;244;Arzamas;x
4573;142;91;159;Kadom;x
4574;159;125;40;Gorokhovets;x
4575;159;193;6;Zarechnyy;x
4576;159;6;125;Neya;x
4577;40;57;23;Michurinsk;x
4578;210;193;91;Krasnovishersk;x
4579;210;125;108;Varnavino;x
4580;23;142;74;Novyy Toryal;x
4581;74;91;142;Yar;x
4582;142;108;159;Chistopol;x
4583;40;23;23;Uva;x
4584;159;6;91;Cheboksary;x
4585;142;142;159;Inza;x
4586;108;125;142;Volzhskiy;x
4587;176;57;6;Krasnaya Gorka;x
4588;176;176;108;Yenotayevka;x
4589;6;244;244;Balashov;x
4590;57;6;57;Piterka;x
4591;57;91;74;Nekhayevskaya;x
4592;6;40;74;Znamensk;x
4593;74;74;210;Komsomol'skiy;x
4594;40;176;227;Davlekanovo;x
4595;244;244;159;Simbirsk;x
4596;244;74;244;Balakovo;x
4597;57;6;227;Kalach-na-Donu;x
4598;40;176;210;Dubovskoye;x
4599;57;142;159;Kushchyovskaya;x
4600;108;193;125;Slavyansk-na-Kubani;x
4601;108;244;125;Saratovskaya;x
4602;108;74;159;Krasnogvardeyskoye;x
4603;210;125;91;Kurdzhinovo;x
4604;23;91;91;Bas Goynuk;x
4605;74;40;91;Bezhta;x
4606;125;6;91;Zgil;x
4607;227;108;91;Nazran;x
4608;193;159;142;Zmeyskaya;x
4609;227;40;91;Kayasula;x
4610;6;91;125;Aramil;x
4611;125;210;125;Magnitogorsk;x
4612;142;210;244;Mednogorsk;x
4613;74;159;125;Golyshmanovo;x
4614;23;210;40;Uray;x
4615;23;74;176;Krasnyy Yar;x
4616;57;74;227;Rostovka;x
4617;91;227;108;Beloyarskiy;x
4618;108;23;244;Gerasimovka;x
4619;57;142;193;Rubtsovsk;x
4620;176;40;193;Onguday;x
4621;193;227;210;Berdigestyakh;x
4622;23;23;57;Kysyl-Syr;x
4623;159;91;6;Kamses-Pugol;x
4624;125;57;40;Tabl;x
4625;244;23;57;Oymyakon;x
4626;142;210;108;Nezhdaninskoe;x
4627;40;159;108;Evensk;x
4628;108;227;40;Dukat;x
4629;210;142;108;Esso;x
4630;6;108;244;Sobolevo;x
4631;244;57;142;Biryul'ka;x
4632;6;108;40;Tukshinskoye;x
4633;159;108;57;Bogotol;x
4634;57;176;6;Dul'durga;x
4635;57;74;244;Klichka;x
4636;193;91;91;Shevlinskiy;x
4637;23;57;74;Skovorodino;x
4638;57;227;210;Chuguyevka;x
4639;6;244;176;Vysokogornyy;x
4640;6;23;23;Imeni Poliny Osipenko;x
4641;91;244;40;Zlatoustovsk;x
4642;227;91;40;Tymovskoye;x
4643;74;125;142;Uglegorsk;x
4644;176;125;125;Kasivobara;x
4645;108;6;244;Goryachiye Klyuchi;x
4646;6;108;159;Trialeti;x
4647;159;227;74;Gori;x
4648;193;40;108;Tsqaltubo;x
4649;193;74;40;Gorelovk'a;x
4650;108;74;125;Anaklia;x
4651;142;193;23;Gagra;x
4652;57;142;176;Sarpi;x
4653;244;125;23;Moindou;x
4654;244;57;210;Bagaran;x
4655;108;227;142;Akhurik;x
4656;142;125;23;Khachik;x
4657;74;142;23;Jahri;x
4658;176;6;91;Aghsu;x
4659;91;74;159;Altiaghaj;x
4660;210;23;159;Goeycay;x
4661;244;159;193;Qubadli;x
4662;23;176;227;Fuzuli;x
4663;108;142;176;Kyalakhan;x
4664;210;74;6;Ilkhchi;x
4665;227;74;244;Bilevar;x
4666;40;57;227;Maku;x
4667;57;210;23;Choman;x
4668;57;125;108;Hiq;x
4669;210;91;176;Ahmad Sar Gurab;x
4670;6;108;227;Baladeh;x
4671;6;227;57;Kiasar;x
4672;23;74;57;Yesaqi;x
4673;193;193;40;Sarpol-e Zahab;x
4674;108;142;23;Marivan;x
4675;176;159;227;Mandali;x
4676;142;125;74;Vasian;x
4677;74;57;176;Garmabsard;x
4678;108;57;210;Kermanshah-Hamadan;x
4679;176;57;159;Mahneshan;x
4680;6;244;125;Ebrahimabad;x
4681;74;176;74;Nowbaran;x
4682;210;142;125;Lasjerd;x
4683;193;6;23;Shahreza;x
4684;142;159;125;Varcheh;x
4685;57;40;40;Chupanan;x
4686;244;210;91;Bahabad;x
4687;142;244;23;Bostan;x
4688;159;91;159;Khorramshahr;x
4689;210;159;125;Azadi;x
4690;193;108;227;Marbachcheh;x
4691;108;57;23;Dehkuyeh;x
4692;74;108;23;Bandar-e Rostami;x
4693;142;159;108;Surian;x
4694;244;91;210;Parak;x
4695;210;91;23;Najafshahr;x
4696;142;125;176;Shahdad;x
4697;6;159;244;Moghuyeh;x
4698;142;159;142;Bandzak;x
4699;40;176;159;Arjomand;x
4700;91;193;23;Fannuj;x
4701;40;57;108;Bonardan;x
4702;74;91;244;Negur;x
4703;40;193;57;Sedeh;x
4704;40;159;142;Deyhuk;x
4705;193;91;176;Doruneh;x
4706;74;125;244;Qarah Mosalla;x
4707;244;210;210;Al 'Aqiq;x
4708;108;57;57;Al Lith;x
4709;23;227;193;Sultanah;x
4710;227;40;108;Al Wajh;x
4711;125;244;57;An Nimas;x
4712;125;6;74;Sakakah;x
4713;6;57;227;Layla;x
4714;125;57;227;King Khalid Military City;x
4715;125;108;227;As Sulayyil;x
4716;57;23;23;Ar Rass;x
4717;193;40;244;Al Wadi'ah;x
4718;108;193;142;Az Zallaq;x
4719;23;142;6;Al Hinnah;x
4720;91;74;91;At Taraf;x
4721;159;193;142;Abu Samrah;x
4722;210;193;57;'Alka;x
4723;125;91;176;Al Shamkhah City;x
4724;244;57;6;Al Khawaneej 1;x
4725;108;74;6;Al Buraymi;x
4726;91;6;57;Bahla';x
4727;23;193;210;Qarhat Biday'in;x
4728;40;74;57;Hayma';x
4729;244;74;6;Ar Raydah;x
4730;125;23;176;Fadhi;x
4731;74;176;210;Dahasuways;x
4732;57;40;57;Nisab;x
4733;40;6;193;Net;x
4734;40;244;6;Huth;x
4735;176;193;227;Az Zuhrah;x
4736;23;125;125;Marr al Qa';x
4737;40;193;125;Shubarkol;x
4738;125;125;159;Makhambet;x
4739;210;6;108;Saksaul'skiy;x
4740;91;227;210;Zerenda;x
4741;210;159;91;Esil;x
4742;108;159;125;Asa;x
4743;193;142;6;Pervomayka;x
4744;108;244;159;Suykbulak;x
4745;244;91;6;Samarskoye;x
4746;244;6;108;Gul'cha;x
4747;227;227;40;Karakol;x
4748;57;40;6;Xonqa;x
4749;74;176;159;Qozonketkan;x
4750;159;23;244;Zhangaqorghan;x
4751;176;210;108;Aqqudyq;x
4752;91;91;57;Chirchiq;x
4753;40;227;74;Asyr Kakabayew;x
4754;23;40;23;Kentau;x
4755;91;125;210;Konimex;x
4756;193;23;142;Bulung'ur Shahri;x
4757;57;176;227;Yangi Mirishkor;x
4758;108;176;244;Shahriston;x
4759;244;91;193;Navbahor;x
4760;210;142;74;Ak-Jol;x
4761;91;159;57;Dusak;x
4762;108;176;40;Yaslyk;x
4763;193;193;193;Karabekaul;x
4764;6;193;193;Bokhtariyon;x
4765;23;40;176;Roshtqal'a;x
4766;142;176;74;Kazhah;x
4767;159;91;176;Khandud;x
4768;125;74;210;Larkird;x
4769;159;142;210;Kuhsan;x
4770;176;159;108;Panjab;x
4771;57;74;74;Adraskan;x
4772;91;142;227;Baba Sahib;x
4773;125;125;23;Sherwani-ye Bala;x
4774;40;40;74;Miray;x
4775;227;40;176;Landi Kotal;x
4776;159;210;142;Musa Khel Bazar;x
4777;159;57;23;Nok Kundi;x
4778;125;193;57;Gandava;x
4779;244;176;210;Arif Wala;x
4780;57;74;91;Buni;x
4781;159;6;108;Kupwara;x
4782;142;159;227;Nagir;x
4783;40;176;244;Kargil;x
4784;40;159;159;Renala Khurd;x
4785;74;244;6;Jahanian;x
4786;244;244;176;Kalaswala;x
4787;6;142;210;Rawalpindi;x
4788;176;176;193;Rahim Yar Khan;x
4789;40;227;159;Sargodha;x
4790;6;193;244;Sarahan;x
4791;210;176;210;Amritsar-Firozpur;x
4792;125;40;176;Ghumarwin;x
4793;125;91;6;Babai;x
4794;159;91;74;1A;x
4795;23;57;125;Kotdwara;x
4796;23;23;193;Faridpur;x
4797;227;40;210;Bharthana;x
4798;193;74;176;Pali;x
4799;40;142;244;Dalmau;x
4800;23;244;74;Machhlishahr;x
4801;91;210;6;Colonelganj;x
4802;40;91;142;Chandauli;x
4803;176;74;57;Pipraich;x
4804;227;210;91;Darbhanga;x
4805;227;176;108;Kodarma;x
4806;142;6;244;Chandil;x
4807;74;176;176;Gogri Jamalpur;x
4808;210;210;108;Kharagpur;x
4809;176;57;91;Purnia;x
4810;142;74;74;Ahmadpur;x
4811;193;57;244;Mirzapur;x
4812;244;176;227;Pabna;x
4813;142;91;57;Morrelgonj;x
4814;244;210;193;Patiya;x
4815;125;6;142;Lakhipur;x
4816;227;159;40;Heingang;x
4817;244;108;40;Dum Duma;x
4818;108;108;108;Bargarh;x
4819;227;57;6;Karanjia;x
4820;125;74;176;Rourkela;x
4821;108;40;23;Raipur-Ajmer;x
4822;227;91;125;Babuwali;x
4823;57;91;159;Run;x
4824;210;176;40;Taranagar;x
4825;23;91;244;Todabhim;x
4826;176;74;193;Balria;x
4827;6;74;108;Gohad;x
4828;91;40;108;Sendhwa;x
4829;193;6;125;Sehore;x
4830;108;227;74;Baragaon;x
4831;57;91;6;Govindgarh;x
4832;125;142;23;Mandla;x
4833;142;142;142;Pandhana;x
4834;159;159;176;Pulgaon;x
4835;6;74;193;Sindkhed Raja;x
4836;159;244;74;Manuguru;x
4837;227;74;193;Dongargarh;x
4838;176;159;23;Baloda;x
4839;159;227;57;Ambikapur;x
4840;23;108;210;Wanparti;x
4841;74;176;6;Wadgaon Kolhati;x
4842;193;57;210;Lakshettipet;x
4843;57;176;108;Basavakalyan;x
4844;6;176;57;Yellandu;x
4845;193;74;6;Abdullah Khaskheli;x
4846;125;91;142;Pano Aqil;x
4847;57;244;91;Modhutra;x
4848;108;57;125;Botad;x
4849;108;57;108;Devgadh Bariya;x
4850;125;193;227;May;x
4851;74;23;6;Kheralu;x
4852;125;142;125;Karjan;x
4853;159;108;6;Vapi INA;x
4854;23;125;193;Kharbav;x
4855;57;227;40;Parola;x
4856;227;176;125;Goregaon;x
4857;210;176;108;Nateputa;x
4858;40;193;210;Vengurla;x
4859;193;91;6;Mahalingpur;x
4860;159;23;40;Panjim;x
4861;176;125;244;Labbaikkudikkadu;x
4862;108;142;159;Dowleswaram;x
4863;40;227;210;Vinukonda;x
4864;40;176;23;Markapur;x
4865;193;210;6;Uravakonda;x
4866;159;244;6;Devakottai;x
4867;125;125;176;Vadugappatti;x
4868;176;125;227;Pennagaram;x
4869;193;91;244;Gannavaram;x
4870;57;210;244;Hoskote;x
4871;6;193;74;Hassan;x
4872;210;23;108;Holalkere;x
4873;74;176;227;Bagalkot;x
4874;244;210;159;Kadannappalli;x
4875;125;227;23;Edattala;x
4876;176;210;57;Vaikam;x
4877;210;57;210;Port Blair;x
4878;142;159;176;Chilaw;x
4879;125;6;210;Mannar;x
4880;125;108;6;Kurunegala;x
4881;57;159;159;Polonnaruwa;x
4882;125;176;40;Un'goofaaru;x
4883;108;159;244;Kalikot District;x
4884;23;23;244;Gulariya;x
4885;176;227;108;Mangan;x
4886;176;142;244;Pemagatshel;x
4887;193;108;125;Khat Hti Ya Ywar Thit;x
4888;193;193;176;Myaungmya;x
4889;244;108;57;Waw-Pegu;x
4890;23;193;23;Pyu;x
4891;210;125;159;Ye-u;x
4892;6;74;244;Ta Dar U;x
4893;244;227;125;Minbu;x
4894;210;193;227;Thayetmyo;x
4895;193;244;142;Pekon;x
4896;244;23;108;Tedim;x
4897;108;57;244;Kyaukme;x
4898;142;176;91;Danai;x
4899;227;40;6;Bhamo;x
4900;6;91;176;Thanbyuzayat;x
4901;108;159;57;Ka Zi Ta Dar U;x
4902;142;74;125;Taungup;x
4903;23;210;125;Taling Chan;x
4904;40;176;6;U Thong;x
4905;6;91;6;Mae Sot;x
4906;244;74;40;Ban Na;x
4907;6;142;159;Soeng Sang;x
4908;244;210;125;Si Maha Phot;x
4909;176;108;176;Krabi;x
4910;125;91;193;Sai Yok;x
4911;142;227;23;Phanom;x
4912;159;176;244;Om Koi;x
4913;23;142;227;Ban Houayxay;x
4914;159;91;40;Vang Vieng;x
4915;57;23;57;Thung Fon;x
4916;74;244;142;Non Kho;x
4917;193;91;108;Bo Kluea;x
4918;6;108;6;Thakhek;x
4919;23;57;57;Ban Laongam;x
4920;57;6;91;Tuek Kraham;x
4921;91;74;108;Sithor Kandal;x
4922;227;159;6;Tha Mai;x
4923;193;23;108;Boeng Mealea;x
4924;159;23;227;Phumi Tnaot Chum;x
4925;40;40;227;Hat Pak;x
4926;125;244;244;Gia Loc;x
4927;108;40;193;Cam Thuy;x
4928;210;159;40;Boc Bo;x
4929;108;74;23;Muong Lay;x
4930;40;74;159;Chi Lang;x
4931;57;91;244;Quy Chau;x
4932;57;125;210;Son Ha;x
4933;159;57;227;Khe Sanh;x
4934;108;193;6;A Ting;x
4935;210;57;193;Buon Ma Thuot;x
4936;57;142;74;M'GJrak;x
4937;193;91;57;My Phuoc;x
4938;91;6;159;Thi Tran Ngai Giao;x
4939;125;244;176;Thu Muoi Mot;x
4940;108;210;74;Cai GJoi Vam;x
4941;74;244;74;Pekan Serkat;x
4942;159;6;6;Bukit Gambir;x
4943;6;159;57;Kampong Masjid Tanah;x
4944;57;74;57;Sekinchan;x
4945;210;244;57;Kampung Pantai Aceh;x
4946;6;193;176;Sungai Petani;x
4947;125;210;74;Sungai Koyan;x
4948;244;227;23;Kuala Krai;x
4949;244;227;193;Sadao;x
4950;57;193;227;Sengkurong;x
4951;108;159;210;Tebedu;x
4952;40;40;210;Long Bedian;x
4953;57;57;40;Keningau;x
4954;227;125;227;Lahad Datu;x
4955;6;6;57;Muara Siau;x
4956;142;176;159;Pedamaran;x
4957;159;193;193;Kuala Cenaku;x
4958;23;74;159;Pekanbaru;x
4959;193;108;176;Pancur Biru Lestari II;x
4960;159;210;227;Blambangan Umpu;x
4961;74;176;91;Kelapa;x
4962;91;193;74;Kuala Bintang;x
4963;159;159;6;Binjai;x
4964;74;227;40;Alue Bilie;x
4965;227;23;91;Alahanpanjang;x
4966;244;91;176;Danauparis;x
4967;108;91;40;Padangguci;x
4968;227;210;40;Onolimbu;x
4969;74;40;108;Qa'wah;x
4970;91;176;6;Bekasi;x
4971;91;210;57;Bojonggaling;x
4972;142;40;57;Margamukti;x
4973;40;40;142;Kutoarjo;x
4974;6;108;125;Temanggung;x
4975;227;108;74;Babat;x
4976;40;193;23;Blitar;x
4977;227;6;57;Krajan Satu Plalangan;x
4978;193;210;91;Barat;x
4979;176;227;23;Puruk Cahu;x
4980;193;74;91;Tanta (Tabalong);x
4981;210;125;125;Ujoh Bilang;x
4982;159;74;210;Long Palai;x
4983;193;210;40;Ngabang;x
4984;244;244;40;Nanga Bulik;x
4985;159;244;108;Sekadau;x
4986;125;125;227;Data Dian;x
4987;210;227;227;Bantaeng;x
4988;227;74;176;Teppo;x
4989;176;23;142;Tapalang;x
4990;91;159;6;Tanahwangko;x
4991;142;244;176;Pagimana;x
4992;108;176;23;Toli-Toli;x
4993;210;159;244;Masamba-Palopo;x
4994;176;108;142;Raha;x
4995;159;57;108;Beaung Tengah;x
4996;125;74;193;Lete;x
4997;6;91;57;Konte;x
4998;108;210;159;Tamanaimahu;x
4999;244;210;108;Sesaot Lauq;x
5000;57;6;193;Taimaman;x
5001;244;176;125;Waigete;x
5002;6;227;125;Atambua;x
5003;210;193;40;Barique;x
5004;244;193;227;Kawasi;x
5005;142;91;210;Tongutisungi;x
5006;57;108;40;Wamasi;x
5007;193;125;23;Werinama;x
5008;57;125;176;Oude Tomotang;x
5009;40;40;40;Wardo;x
5010;57;108;6;Kumurkek;x
5011;210;244;244;Sugapa;x
5012;57;159;23;Burgos-Manila;x
5013;6;125;74;Nueva Era;x
5014;57;193;159;Apud;x
5015;6;57;159;Port Barton;x
5016;193;91;159;Panalingaan;x
5017;74;23;142;Concepcion-Iloilo;x
5018;40;6;74;Basey;x
5019;142;40;142;Manuel Roxas;x
5020;244;227;176;Villanueva;x
5021;23;91;23;Bankaw;x
5022;159;74;193;Nalayh;x
5023;244;91;227;Baruunsuu;x
5024;40;125;57;Dzueuenbulag;x
5025;159;227;142;Balgatay;x
5026;210;210;227;Toora-Khem;x
5027;108;176;125;Jiuzihe;x
5028;193;227;91;Qili;x
5029;74;176;108;Jiulonggang;x
5030;108;125;23;Fuchun;x
5031;125;142;6;Hefei;x
5032;210;40;125;Pinghu;x
5033;57;91;176;Sicheng;x
5034;193;40;159;Chaohu;x
5035;91;210;142;Huoqiu Chengguanzhen;x
5036;6;125;23;Fushun;x
5037;40;74;40;Wujia;x
5038;244;6;74;Jinzhou-Lushun;x
5039;176;244;142;Kefang;x
5040;159;244;91;Shoushan;x
5041;23;125;23;Douliu;x
5042;57;210;40;Wuping;x
5043;74;210;6;Xiuzhuan;x
5044;193;23;6;Jiuquan;x
5045;193;57;6;Daogao;x
5046;40;142;125;Liujiaxia;x
5047;125;210;57;Hongsipu;x
5048;244;6;57;Dingxi;x
5049;227;125;91;Xichang;x
5050;125;6;227;Jieyang;x
5051;57;91;57;Qinzhou;x
5052;125;142;176;Discovery Bay;x
5053;210;91;159;Tian'an;x
5054;210;193;244;Qinglian;x
5055;193;6;176;Yunfu;x
5056;227;244;40;Tianlin;x
5057;40;23;244;Yizhou-Guilin;x
5058;125;108;176;Mengshan;x
5059;40;142;227;Guancang;x
5060;176;193;108;Bijie;x
5061;74;6;159;Xujiaba;x
5062;40;40;108;Qingpingjie;x
5063;108;142;57;Shangqiu;x
5064;108;40;91;Yichuan;x
5065;57;74;193;Mengjin;x
5066;193;227;125;Yanling;x
5067;159;159;57;Liudong;x
5068;125;40;108;Guangshan;x
5069;142;108;176;Yuanyang;x
5070;23;125;159;Longhuashan;x
5071;125;108;91;Fuhe;x
5072;108;74;142;Huangshi;x
5073;176;91;23;Changtan;x
5074;193;6;57;Xiakou;x
5075;23;108;6;Wanjia;x
5076;244;74;57;Beigang;x
5077;142;193;91;Guandu;x
5078;23;40;227;Xiangtan;x
5079;227;244;108;Zhangjiajie;x
5080;57;6;244;Hexiangqiao;x
5081;244;176;142;Xidu;x
5082;227;159;227;Yueyang;x
5083;108;227;176;Bamao;x
5084;227;210;125;Lanxi;x
5085;244;125;244;Bundrahei;x
5086;125;91;74;Ulan;x
5087;159;40;125;Changde-Jirim Chuulgan;x
5088;40;176;91;Dalai;x
5089;210;176;244;Bayanbaogede;x
5090;193;244;193;Dongkan;x
5091;125;227;142;Erling;x
5092;142;91;23;Qibao;x
5093;23;193;57;Dongshan;x
5094;227;193;40;Sanchang;x
5095;57;23;159;Nantong-Tongzhou;x
5096;227;6;227;Gaoliu;x
5097;244;159;108;Gaoyou;x
5098;142;57;142;Qingshan;x
5099;57;74;125;Liugongmiao;x
5100;6;40;125;Longhushan;x
5101;244;74;125;Wenbei;x
5102;74;159;108;Xiaotian;x
5103;227;244;91;Leigongjian;x
5104;108;23;142;Zhongzhai;x
5105;159;108;91;Zhegang;x
5106;6;210;193;Yichun;x
5107;244;40;142;Hongwei;x
5108;108;57;142;Jixi;x
5109;227;227;210;Longshan;x
5110;142;57;176;Golmud;x
5111;142;125;91;Xueshan;x
5112;23;40;108;Namsai;x
5113;40;244;210;Qiangbai;x
5114;142;227;91;Kenyam;x
5115;57;108;108;Yulinshi;x
5116;125;210;108;Qianyou;x
5117;227;108;210;Qihe;x
5118;142;23;125;Juancheng;x
5119;227;176;159;Pingdu;x
5120;91;108;57;Zhanggezhuang;x
5121;125;210;210;Mingshui;x
5122;57;142;125;Zhoucheng;x
5123;210;159;108;Ningjin;x
5124;108;91;91;Chengyang;x
5125;176;91;57;Qasq;x
5126;125;91;40;Zhihe;x
5127;57;40;193;Jicheng;x
5128;23;74;74;Yuncheng;x
5129;159;244;142;Qitai;x
5130;91;74;142;Yiju;x
5131;6;193;23;Tianpeng;x
5132;125;159;74;Yunxi;x
5133;227;210;244;Muping;x
5134;91;125;74;Nongba;x
5135;142;91;244;Luhua;x
5136;244;91;91;Bachuan;x
5137;40;74;108;Tianchi;x
5138;40;142;193;Luolong;x
5139;244;244;57;Gaocheng;x
5140;193;193;6;Bacun;x
5141;193;74;142;Samdo;x
5142;6;210;227;Maindong;x
5143;142;125;108;Gyigang;x
5144;193;91;23;Cuozheqiangma;x
5145;57;6;176;Gar;x
5146;91;227;91;Yingkiong;x
5147;193;6;193;Aketao;x
5148;142;23;91;Nilka;x
5149;91;108;159;Kalabulegen;x
5150;108;40;176;Alakaga;x
5151;57;23;40;Chira;x
5152;125;6;193;Barkol;x
5153;57;176;210;Turpan;x
5154;57;125;227;Songyang;x
5155;40;142;159;Lijiang;x
5156;210;159;23;Wenshan City;x
5157;57;74;176;Jiukeng;x
5158;23;108;176;Zhangcun;x
5159;91;142;57;Dayun;x
5160;74;193;91;Xiangzhu;x
5161;125;159;193;Zhangshui;x
5162;244;125;176;Yingdianjie;x
5163;210;40;6;Shiliang;x
5164;108;108;159;Badu;x
5165;40;57;210;Laiyuan;x
5166;193;227;6;Longhua;x
5167;23;142;142;Xingtai;x
5168;91;227;57;Hengshui;x
5169;176;91;125;Tangshan;x
5170;6;193;125;Chenguantun;x
5171;108;125;125;Sujiazhuang;x
5172;57;23;227;Anju;x
5173;176;74;125;Kanggye;x
5174;74;23;125;Hongwon;x
5175;6;142;108;Hoeryong;x
5176;159;108;193;Iseong;x
5177;159;23;125;Suwon;x
5178;227;193;227;Baecheon;x
5179;142;193;6;Ongjin;x
5180;176;108;57;Jeongju;x
5181;23;176;176;Ganghwa;x
5182;91;227;244;Hoeyang;x
5183;193;244;176;Chuncheon;x
5184;74;23;108;Pyeongchang;x
5185;210;142;57;Jinju;x
5186;142;142;6;Andong;x
5187;159;159;40;Gimhae;x
5188;244;40;125;Naju;x
5189;91;74;57;Hongju;x
5190;193;244;23;Namwon;x
5191;244;176;74;Aki-takata;x
5192;74;159;57;Kurashiki;x
5193;91;108;23;Shimonoseki;x
5194;176;227;227;Minari;x
5195;6;210;74;Biratori;x
5196;176;125;210;Rumoi;x
5197;6;176;125;Obihiro;x
5198;40;159;40;Tsubame;x
5199;176;227;74;Kamiichi;x
5200;6;125;193;Asahi;x
5201;6;91;40;Ikeda;x
5202;176;227;176;Nakano;x
5203;74;57;6;Shiroi;x
5204;244;210;244;Hiratsuka;x
5205;159;244;193;Sakado;x
5206;176;91;6;Kasama;x
5207;142;108;91;Bonin Outlying Islands;x
5208;6;125;176;Omihachiman;x
5209;159;159;91;Gobo;x
5210;40;125;125;Tanba;x
5211;227;6;23;Gojo;x
5212;40;193;91;Tottori-shi;x
5213;91;193;57;Sasebo;x
5214;142;6;108;Nomo;x
5215;193;244;159;Sendai-Kagoshima;x
5216;6;159;74;Mitai;x
5217;74;6;6;Honmachi;x
5218;23;91;159;Aki;x
5219;244;6;40;Iyo;x
5220;210;142;159;Sadamitsu;x
5221;210;244;40;Ichinoseki;x
5222;91;176;74;Kitakata;x
5223;91;193;193;Odate;x
5224;142;74;108;Nishimonai;x
5225;91;40;23;Hirosaki;x
5226;193;57;125;Nagai;x
5227;74;23;74;Ashikaga;x
5228;91;74;23;Mino;x
5229;210;193;176;Fuji;x
5230;227;6;159;Iwata;x
5231;193;244;91;Haimi;x
5232;74;57;91;Okazen;x
5233;74;125;108;Ifrane;x
5234;227;159;210;Bouarouss;x
5235;125;6;125;Sidi Amar;x
5236;23;159;40;Taineste;x
5237;6;176;74;El Aioun;x
5238;91;244;125;Sidi Yahia El Gharb;x
5239;244;142;6;Boukhalef;x
5240;176;57;125;Larache;x
5241;23;91;227;Driouch;x
5242;91;125;57;Ac-cahrij;x
5243;23;142;176;Moulay Abdallah;x
5244;23;193;244;Al Brouj;x
5245;40;74;244;Tlet El Hanchane;x
5246;23;74;244;Tine Biougra;x
5247;176;227;57;Guelmim;x
5248;40;40;57;Zag;x
5249;159;176;91;Bouarfa;x
5250;193;227;176;Jebel Tiskaouine;x
5251;91;227;23;Amerzgane;x
5252;125;108;210;Douera;x
5253;142;227;227;Taourirt Ighil;x
5254;159;125;159;Melouza;x
5255;57;40;176;Lakhdaria;x
5256;125;6;244;Sidi Bakhti;x
5257;159;142;91;Ain Temouchent;x
5258;74;159;159;Sour el Ghozlane;x
5259;142;40;108;Aflou;x
5260;142;6;6;M'Daourouch;x
5261;142;40;176;Berrahal;x
5262;159;227;108;Cheria;x
5263;210;142;244;Ain Sefra;x
5264;23;125;244;Chegguet el Ftaiet;x
5265;193;227;40;Commune des Beni Bou Attab;x
5266;57;6;125;Antofagasta de la Sierra;x
5267;142;244;40;Taibet;x
5268;142;57;125;Regabbi-n-Ait Hasso;x
5269;142;244;227;In Guezzam-Chenachene;x
5270;40;210;91;Timiaouine;x
5271;244;91;159;Setif-In Salah;x
5272;159;142;74;Djanet;x
5273;159;91;244;Chenachane;x
5274;142;40;244;Adrar;x
5275;91;91;108;'Ain Abid;x
5276;244;142;125;Abadla;x
5277;40;57;57;Salud;x
5278;6;244;108;Stromness;x
5279;57;244;159;Bou Arada;x
5280;210;244;142;Ben Metir;x
5281;142;244;142;El Ksour;x
5282;108;74;40;Sidi Amor Bou Hajela;x
5283;244;244;244;Remada;x
5284;159;142;193;Medenine;x
5285;159;57;142;Qarquzah;x
5286;23;142;108;Mizdah;x
5287;142;193;125;Tarhuna;x
5288;6;40;210;An Nawfaliyah;x
5289;57;176;74;Al Burayqah;x
5290;142;91;91;Martubah;x
5291;210;108;91;Bi'r Bin Ghunaymah;x
5292;57;210;6;Tazirbu;x
5293;91;210;108;Dogeshi;x
5294;193;57;159;Maradah;x
5295;57;176;57;Taraghin;x
5296;91;57;74;Idri;x
5297;57;227;159;Anay;x
5298;176;74;40;Gronau;x
5299;176;176;142;Bardai;x
5300;6;176;159;Qalyub;x
5301;74;40;193;Dumyat al Jadidah;x
5302;159;176;159;Madinat Wadi an Natrun;x
5303;57;244;142;Itay al Barud;x
5304;244;40;108;Badr;x
5305;159;6;40;'Izbat Bani Salamah;x
5306;57;159;57;Abu Qir;x
5307;159;227;23;Al Qasabah ash Sharqiyah;x
5308;210;193;193;Kafrat Hamdan;x
5309;125;91;23;Al Jadidah;x
5310;108;23;57;Al 'Ajrud;x
5311;125;142;193;Ismailia;x
5312;91;23;74;Suez-Sharm al-Shaykh;x
5313;244;57;125;Al 'Uwaynat;x
5314;159;108;227;Umm Sa'ad;x
5315;244;125;108;Qasr al Farafirah;x
5316;74;210;176;Al Maks al Bahri;x
5317;159;142;142;An Nasiriyah;x
5318;23;40;159;Ihnasya al Madinah;x
5319;23;142;244;Al Qusiyah;x
5320;142;176;244;'Ezbet Lamluim el-Sa'di;x
5321;227;227;159;Abu Simbel;x
5322;227;159;159;Tud;x
5323;193;91;125;Nag' el-Ghuneimiya;x
5324;23;23;91;Abu Tisht;x
5325;40;244;193;Qina-Qusayr;x
5326;176;142;74;Aswan-Marsa Alam;x
5327;40;74;227;Marakib Saq;x
5328;108;244;91;Bir Lehlou;x
5329;227;125;6;Jraifia;x
5330;193;74;57;Ouad Naga;x
5331;193;91;210;R'kiz;x
5332;142;227;125;Bafoulabe;x
5333;244;193;193;Wali Djantang;x
5334;6;23;6;Tidjikja;x
5335;6;125;125;Negotino-Poloshko;x
5336;91;108;210;Chegga;x
5337;57;142;244;Fderick;x
5338;40;6;23;Le Plateau;x
5339;6;108;57;Ndiago;x
5340;40;210;23;Somita;x
5341;159;40;108;Kebemer;x
5342;74;193;244;Ndiagne;x
5343;227;23;176;Sokone;x
5344;91;91;244;Ross-Betio;x
5345;227;159;193;Ranerou;x
5346;108;40;142;Kedougou;x
5347;40;142;176;Bounkiling;x
5348;23;6;40;Basse Santa Su;x
5349;193;40;142;Figuira-Toma;x
5350;57;40;23;Kidira;x
5351;23;6;142;Yelimane;x
5352;210;244;193;Kokofata;x
5353;108;227;23;Kolondieba;x
5354;23;244;108;Leleni;x
5355;142;57;193;Pelengana;x
5356;159;40;23;Nara-El Hodh;x
5357;74;6;91;Timbuktu-Jenne;x
5358;91;125;227;Mopti;x
5359;210;40;210;I-n-Tillit;x
5360;159;40;159;Ansongo;x
5361;193;227;159;'Eilai;x
5362;193;40;40;Kidal;x
5363;40;125;40;Ayorou;x
5364;6;193;40;Bankilare;x
5365;108;40;6;Falmey;x
5366;244;142;210;Dakoro;x
5367;227;57;227;Aderbissinat;x
5368;244;176;176;Tillia;x
5369;142;40;6;Djaba;x
5370;23;108;57;Mirriah;x
5371;176;108;6;Bala Berim;x
5372;159;176;74;Wahat Salimah;x
5373;6;193;142;Beboto;x
5374;91;108;108;Lere;x
5375;210;74;57;Deressia;x
5376;125;23;6;Iriba;x
5377;40;244;74;Kyabe;x
5378;108;142;125;Umm Hajar;x
5379;40;210;142;Moussoro;x
5380;57;91;125;Ouromi;x
5381;244;6;142;Fada;x
5382;57;23;142;Zouar-Faya;x
5383;142;193;40;Al-Qutaynah;x
5384;57;210;74;Singa;x
5385;57;108;91;Umm Hashima;x
5386;142;176;23;Marmiton;x
5387;142;193;74;ALdinigila wad dhahi;x
5388;108;193;227;Malakal;x
5389;244;176;23;Gebeit;x
5390;159;244;40;Bi'r Shalatayn;x
5391;210;23;57;Wadi Halfa;x
5392;227;91;159;'Anqash;x
5393;227;210;6;El Matama;x
5394;6;159;125;Barah;x
5395;57;159;176;Abu Zabad;x
5396;91;244;193;Dilling;x
5397;193;6;6;Kafia Kingi;x
5398;23;74;142;Kutum;x
5399;125;227;193;Raja;x
5400;23;159;193;Yirol;x
5401;6;6;210;Maridi;x
5402;57;40;227;Yei;x
5403;210;74;108;Lobuni;x
5404;244;91;40;Arerti;x
5405;244;108;74;Asmara-Massawa;x
5406;108;91;244;Areza;x
5407;176;40;6;Alaili Dadda';x
5408;210;23;227;Adis Zemen;x
5409;6;57;244;Hayk';x
5410;40;108;125;May Cadera;x
5411;108;74;176;Mambuk;x
5412;125;142;57;Intich'o;x
5413;91;244;210;Korem;x
5414;91;142;40;Yagoori;x
5415;6;57;142;Welk'it'e;x
5416;227;159;23;Suntu;x
5417;91;210;193;Gelemso;x
5418;244;57;57;Kurmuk;x
5419;91;142;193;Ayana;x
5420;91;159;227;Turmi;x
5421;125;108;193;Dire Dawa;x
5422;210;23;176;Ramu;x
5423;91;23;142;Ara Ali;x
5424;125;176;91;Afgooye;x
5425;57;227;142;Diinsoor;x
5426;227;91;23;Beled Hawo;x
5427;40;6;227;Dhuusamarreeb;x
5428;210;91;91;Iskushuban;x
5429;40;142;6;Rad;x
5430;176;6;6;Berbera-Zeyla;x
5431;23;6;176;Egahlou;x
5432;57;91;40;Praia Baixo;x
5433;142;125;193;Empada;x
5434;244;210;57;Madina do Boe;x
5435;159;193;91;Kolaboui;x
5436;142;210;193;Tondon;x
5437;142;227;6;Banko;x
5438;40;6;159;Karfamoria;x
5439;74;91;210;Yende Millimou;x
5440;210;176;23;Waterloo;x
5441;23;108;23;Blama;x
5442;244;40;57;Camayenne;x
5443;74;159;74;Buchanan;x
5444;91;57;227;Pleebo City;x
5445;6;244;40;Kartung;x
5446;210;23;244;Bopolu-Gbarnga;x
5447;40;210;159;Pahoubli;x
5448;91;108;244;Achokoa;x
5449;40;159;74;Niplou;x
5450;176;125;176;Bonoua;x
5451;193;210;210;Tamale-Bouake;x
5452;142;91;6;Feapleu;x
5453;159;210;176;Yamoussoukro;x
5454;193;176;57;Bemavogo;x
5455;108;210;108;Biguilaye;x
5456;142;159;6;Dioman;x
5457;125;244;74;Manga;x
5458;57;57;74;Gonna;x
5459;57;193;23;Bogande;x
5460;23;23;176;Namponkore;x
5461;227;176;57;Karankasso;x
5462;57;6;6;Kadarvogo;x
5463;142;125;142;Ashaiman;x
5464;91;23;176;Buduburam;x
5465;210;125;193;Tsib Ansa;x
5466;244;227;210;Elubo;x
5467;176;108;244;Wa-Kintampo;x
5468;23;40;193;Gambaga;x
5469;125;91;210;Mandela;x
5470;57;91;227;Vogan;x
5471;244;40;176;Bludo;x
5472;108;193;159;Sampiamon;x
5473;6;227;40;Guerin-Kouka;x
5474;244;57;74;Kete Krachi;x
5475;6;210;176;Agoue;x
5476;6;193;159;Savalou;x
5477;227;176;40;Kandi;x
5478;176;244;57;Kerou;x
5479;6;159;40;Badagry;x
5480;159;159;142;Iseyin;x
5481;210;227;210;Kosubosu;x
5482;108;57;193;Ogbere;x
5483;23;91;210;Bode Saadu;x
5484;57;108;23;Ehor;x
5485;227;176;23;Ode;x
5486;108;6;210;Eket;x
5487;193;23;193;Ogbia;x
5488;57;227;74;Adogo;x
5489;40;210;176;Omoku;x
5490;6;210;244;Akwete;x
5491;159;142;6;Ugep;x
5492;176;193;40;Lessel;x
5493;210;244;74;Ibi;x
5494;74;23;227;Babana;x
5495;125;125;244;Mando;x
5496;57;23;74;Lemu;x
5497;193;227;74;Kwali;x
5498;176;227;6;Ririwai;x
5499;142;23;57;Wase;x
5500;159;108;159;Benisheikh;x
5501;57;227;176;Kibiya;x
5502;23;244;91;Binji;x
5503;125;227;40;Kurfi;x
5504;108;142;108;Rabah;x
5505;91;6;74;Kaugama;x
5506;108;244;244;Demsa;x
5507;125;244;210;Damasak;x
5508;91;227;227;Gashua;x
5509;193;176;74;Banki;x
5510;125;193;108;Agua-Coco;x
5511;227;108;40;Bococo;x
5512;108;91;210;Bankim;x
5513;227;210;108;Mme-Bafumen;x
5514;6;227;142;Douala-Kribi;x
5515;244;193;244;Esse;x
5516;227;23;193;Belel;x
5517;74;159;6;Baissa;x
5518;74;23;244;Yokadouma;x
5519;227;57;125;Kontcha;x
5520;227;193;108;Pitoa;x
5521;193;210;159;Sibut;x
5522;176;40;40;Berberati;x
5523;210;193;210;Bozoum;x
5524;193;193;227;Kaboro;x
5525;176;244;74;Obo;x
5526;91;74;227;Alindao;x
5527;91;193;108;Ouanda Djalle;x
5528;91;176;57;Port-Gentil;x
5529;40;125;142;Mbini;x
5530;227;193;244;Tchibanga;x
5531;244;125;193;Franceville;x
5532;193;57;91;Mongomo;x
5533;176;142;125;Abala;x
5534;40;227;244;Divenie;x
5535;6;193;6;Bonfim;x
5536;142;40;193;Etoumbi;x
5537;176;91;193;Ouesso;x
5538;74;6;142;Inkisi;x
5539;227;125;108;Tshela;x
5540;108;125;57;Kamai;x
5541;74;108;244;Kasongo-Lunda;x
5542;227;176;74;Gandajika;x
5543;108;57;176;Lubumbashi;x
5544;227;40;159;Mwene;x
5545;159;125;142;Kipamba;x
5546;125;176;176;Pepa;x
5547;176;57;210;Kasongo;x
5548;6;142;74;Pene-Molalo;x
5549;6;74;57;Basankusu;x
5550;142;193;159;Lukula;x
5551;91;210;210;Libenge;x
5552;244;125;74;Aketi;x
5553;210;40;74;Bakwa;x
5554;74;193;40;Djugu;x
5555;91;244;244;Cariango;x
5556;244;40;40;Inhuca;x
5557;142;74;23;Buenga-Sul;x
5558;125;23;244;Kiwaba Nzoji;x
5559;108;159;74;Chilata;x
5560;6;91;227;Tombua;x
5561;176;142;227;Dongo;x
5562;227;244;57;Soma Cuanza;x
5563;40;6;57;Cangamba;x
5564;74;142;193;Savate;x
5565;74;23;176;Belo Horizonte;x
5566;176;244;40;Sombo;x
5567;227;108;176;Cazombo;x
5568;74;176;23;Mumbwa;x
5569;57;74;108;Senanga;x
5570;125;23;57;Solwezi;x
5571;193;159;74;Choma;x
5572;74;91;6;Serenje;x
5573;244;227;227;Mansa;x
5574;108;193;210;Lundazi;x
5575;227;91;176;Kakumiro;x
5576;74;193;210;Kanungu;x
5577;244;227;57;Zombo;x
5578;159;74;74;Masindi-Kitgum;x
5579;23;40;74;Mpondwe;x
5580;6;125;40;Il;x
5581;40;108;57;Kakuma;x
5582;244;244;23;Lamwo;x
5583;244;40;159;Witu;x
5584;40;244;57;Malikisi;x
5585;193;40;57;Bamba;x
5586;40;40;125;Faza;x
5587;125;40;159;Takaba;x
5588;125;40;210;Laisamis;x
5589;57;57;227;Taveta;x
5590;6;40;6;Cyato;x
5591;23;40;244;Bururi;x
5592;6;57;125;Ikwiriri;x
5593;125;227;74;Tabora-Tanga;x
5594;227;210;23;Kilwa Masoko;x
5595;23;6;6;Mingoyo;x
5596;23;142;210;Naberera;x
5597;244;91;108;Liwale;x
5598;159;142;125;Mbeya-Iringa;x
5599;40;91;125;Kyaka;x
5600;176;40;74;Bugaragara;x
5601;210;176;74;Madizini;x
5602;6;6;193;Kasulu;x
5603;227;23;108;Bugarama;x
5604;159;227;125;Mkoani;x
5605;74;57;159;Big Bend;x
5606;57;227;244;Vila Eduardo Mondlane;x
5607;57;193;142;Medau;x
5608;193;159;57;Cateche;x
5609;57;193;6;Nhamayabue;x
5610;244;6;6;Cuachera;x
5611;74;108;125;Vareta;x
5612;210;244;108;Aldeia Mucanga;x
5613;227;142;159;Buzi;x
5614;6;91;210;Chipangombe;x
5615;193;57;176;Luabo;x
5616;23;176;6;Meconta;x
5617;244;74;142;Maganja;x
5618;40;57;91;Wangzuizi;x
5619;227;108;193;Montepuez;x
5620;91;6;91;Malema;x
5621;125;57;176;Morrumbala;x
5622;227;159;244;Blantyre;x
5623;108;125;244;Mzimba;x
5624;108;176;74;Kadoma;x
5625;244;244;6;Kwekwe;x
5626;108;159;6;Chivhu;x
5627;74;74;125;Inyati;x
5628;142;23;108;Lupane;x
5629;142;23;23;Beitbridge;x
5630;57;244;74;Khakhea;x
5631;193;125;6;Gweta;x
5632;6;142;244;Ghanzi;x
5633;193;57;108;Kang (Kalahari);x
5634;176;57;108;Arandis;x
5635;142;227;159;Sesfontein;x
5636;23;210;6;Okahao;x
5637;176;23;210;Linyanti;x
5638;210;227;108;Tsumkwe;x
5639;193;210;125;Meersig;x
5640;108;193;74;Luderitz;x
5641;193;23;57;Hoachanas;x
5642;125;23;23;Koes;x
5643;193;176;176;Koekenaap;x
5644;159;210;244;Fraserburg;x
5645;23;193;142;Op-die-Berg;x
5646;40;23;176;Stanford;x
5647;142;244;125;Oudtshoorn;x
5648;91;142;23;Nelspoort;x
5649;6;176;40;Van Wyksvlei;x
5650;6;210;91;Danielskuil;x
5651;40;142;40;Philandersbron;x
5652;40;23;210;Jansenville;x
5653;176;108;125;Cradock;x
5654;159;159;227;Cookhouse;x
5655;142;108;193;Burgersdorp;x
5656;23;40;57;Maluti;x
5657;74;6;108;Bloemfontein;x
5658;91;244;142;Hennenman;x
5659;244;244;210;Luckhoff;x
5660;142;142;193;Butha-Buthe;x
5661;74;57;210;Leeuwfontein;x
5662;23;244;142;Ogies;x
5663;108;193;108;Soweto;x
5664;108;244;6;Polokwane;x
5665;74;193;142;Jane Furse;x
5666;108;176;159;Tshituni;x
5667;176;91;176;Ibisikululwa;x
5668;40;57;193;Ladysmith;x
5669;176;159;176;eMkhuze;x
5670;176;244;125;Hlathikhulu;x
5671;125;40;193;Tsaratanana;x
5672;159;125;227;Ambalavao;x
5673;159;125;108;Betioky;x
5674;125;57;125;Manato;x
5675;176;193;244;Marolambo;x
5676;40;142;108;Befandriana;x
5677;210;227;159;Marovantaza;x
5678;142;125;227;Antsalova;x
5679;40;23;108;Madjeoueni;x
5680;108;40;125;Boueni;x
5681;159;125;210;Chamarel;x
5682;142;193;142;Saint-Paul;x
5683;74;176;40;Perseverance;x
5684;40;244;227;Ile Lubine;x
5685;74;244;108;Chartres-Falkland Islands;x
5686;159;40;6;Grytviken;x
5687;108;159;227;Sao Roque do Pico;x
5688;227;193;125;Calheta;x
5689;57;159;210;San Nicolas;x
5690;57;40;244;Ultimo Esfuerzo;x
5691;176;40;176;Los Martires Uno;x
5692;193;176;23;San Luis-San Felipe;x
5693;91;91;142;Divisaderos;x
5694;23;159;159;Potam;x
5695;40;91;227;Abdenago C. Garcia;x
5696;244;159;74;Miguel Ahumada;x
5697;6;159;23;Chihuahua-Manuel Ojinaga;x
5698;142;6;91;Santa Maria-Hidalgo del Parral;x
5699;91;159;91;Zaragoza-Piedras Negras;x
5700;6;176;193;Cuba;x
5701;227;176;210;Lampazos de Naranjo;x
5702;40;125;91;Mendez;x
5703;74;142;108;Calabacillas;x
5704;210;142;40;Laguna del Rey (Quimicas del Rey);x
5705;57;244;210;Tamazula de Victoria;x
5706;108;108;57;Penon Blanco;x
5707;227;210;210;Santo Nino Aguanaval;x
5708;91;57;40;El Walamo;x
5709;159;6;159;San Diego-Culiacan Rosales;x
5710;6;227;91;Pastelera;x
5711;6;40;57;Santa Catarina;x
5712;227;91;57;La Labor;x
5713;227;57;159;Tuxpan;x
5714;6;91;244;San Rafael Caleria;x
5715;91;91;159;Terrero;x
5716;210;108;108;Ninos Heroes;x
5717;244;193;125;Emiliano Zapata;x
5718;108;244;40;Tequila;x
5719;74;74;193;San Ignacio-Guanajuato;x
5720;210;40;40;Talpa de Allende;x
5721;142;193;244;Pueblo Juarez (La Magdalena);x
5722;125;6;6;Agua Fria;x
5723;210;57;125;Aquila-Morelia;x
5724;91;125;125;Santa Rosa-Ciudad de Mexico;x
5725;159;244;57;Apizaco;x
5726;74;142;74;San Francisco-Pachuca de Soto;x
5727;125;176;210;Colucan;x
5728;91;108;176;Tlaltizapan;x
5729;210;227;142;Tamazulapam del Espiritu Santo;x
5730;210;74;210;Piedra Blanca;x
5731;23;91;40;Vallecitos de Zaragoza;x
5732;244;40;227;Palmar Grande;x
5733;91;57;142;Alfonso Moguel;x
5734;142;125;6;La Soledad;x
5735;227;57;23;Quintana Roo;x
5736;74;159;176;Los Laureles;x
5737;142;91;125;El Naranjal;x
5738;74;159;91;San Jose Acatempa;x
5739;142;91;227;Little Belize;x
5740;74;57;108;El Chal;x
5741;40;159;23;San Jose-Carmelita;x
5742;159;6;227;San Pedro Columbia;x
5743;244;6;176;Sonsonate;x
5744;210;193;6;Zacatecoluca;x
5745;23;108;142;Valle de Angeles;x
5746;193;125;108;Tomala;x
5747;57;23;108;La Esperanza;x
5748;57;74;40;French Harbor;x
5749;210;74;23;Siuna;x
5750;227;40;57;San Miguelito;x
5751;40;159;193;Wiwili;x
5752;125;210;159;Krukira;x
5753;108;210;91;Rio Nuevo;x
5754;108;125;227;Sabanilla;x
5755;91;91;23;Sipurio;x
5756;244;125;91;Cerro Viejo;x
5757;244;125;142;Alto Lari;x
5758;6;210;142;Chiriqui Grande;x
5759;176;57;227;Tsagaandorvolj;x
5760;227;23;74;Chepigana;x
5761;227;142;57;Pinar del Rio;x
5762;142;23;40;Jagueey Grande;x
5763;159;244;125;El Caney;x
5764;244;57;108;Manzanillo;x
5765;125;227;125;Anse a Galets;x
5766;23;159;176;Yamasa;x
5767;176;244;193;Mole Saint-Nicolas;x
5768;91;57;125;Dajabon;x
5769;74;74;23;Chapelton;x
5770;227;91;108;Saint James;x
5771;210;227;91;Lucaya;x
5772;159;210;193;Cockburn Harbour;x
5773;142;227;57;Daying;x
5774;91;193;125;Coamo;x
5775;244;159;142;Tutu;x
5776;159;176;176;Codrington;x
5777;91;244;176;Charlotte Amalie;x
5778;227;91;142;Schoelcher;x
5779;125;57;142;Bridgetown;x
5780;108;40;108;Petit-Bourg;x
5781;227;244;159;Bagatelle;x
5782;142;142;57;Mahaut;x
5783;23;91;108;Gouyave;x
5784;40;210;40;Dorp Soto;x
5785;125;108;244;Tabaquite;x
5786;40;159;91;Ituni;x
5787;6;74;40;Skeldon;x
5788;142;74;193;Regina-Cayena;x
5789;159;142;159;Mabaruma;x
5790;23;210;57;Parika;x
5791;142;6;57;Atlas Cove;x
5792;176;244;244;Tirios;x
5793;108;6;159;Degrad Saint-Pierre;x
5794;159;40;40;Icononzo;x
5795;193;108;193;Coello;x
5796;6;176;23;Cubara;x
5797;159;6;57;Buenaventura-Manizales;x
5798;40;193;142;Yopal;x
5799;125;6;108;Valparaiso-Medellin;x
5800;108;244;23;Riosucio;x
5801;227;193;23;Sincelejo;x
5802;91;193;227;Valledupar;x
5803;6;193;227;Guapi;x
5804;125;125;40;El Paujil;x
5805;176;159;193;El Milagro;x
5806;193;244;6;Valle del Guamuez;x
5807;74;91;57;Miraflores;x
5808;57;108;125;La Manigua;x
5809;91;210;227;Cumaribo;x
5810;210;40;244;Japura;x
5811;108;227;6;Santa Rita-Caracas;x
5812;227;23;227;San Antonio-Guanare;x
5813;176;193;142;Las Mercedes;x
5814;108;6;193;Anaco;x
5815;108;74;57;Carora;x
5816;193;6;91;San Lorenzo;x
5817;159;210;23;Maicao;x
5818;142;23;244;Machiques;x
5819;40;176;142;Mene de Mauroa;x
5820;142;227;176;San Carlos;x
5821;244;40;23;Puerto Ayacucho;x
5822;176;159;244;Ciudad Piar;x
5823;176;176;125;Tucupita;x
5824;74;210;244;San Felipe-El Jobal;x
5825;244;23;244;San Carlos de Rio Negro;x
5826;108;40;210;Huamboya;x
5827;210;91;6;Torata;x
5828;193;57;74;Pacto;x
5829;23;74;6;Gonzalo Pizarro;x
5830;40;125;74;La Paz-Zamora;x
5831;159;57;193;Francisco de Orellana;x
5832;57;125;6;Puerto Villamil;x
5833;108;244;193;Santa Isabel;x
5834;40;159;125;Chapaya;x
5835;176;6;125;Trompeteros;x
5836;142;74;176;Pebas;x
5837;193;74;108;Breu;x
5838;142;142;244;La Chorrera;x
5839;142;193;193;Piura-Trujillo;x
5840;125;142;108;San Pedro de Chonta;x
5841;74;244;159;Los Angeles-Moyobamba;x
5842;159;57;244;Cochabamba-Lima;x
5843;91;74;176;Huantashiri;x
5844;176;74;159;Paracas;x
5845;40;210;6;Alerta;x
5846;40;40;23;Pullo;x
5847;142;108;6;Bolognesi;x
5848;40;6;244;Puerto Ceticayo;x
5849;227;74;91;Quince Mil;x
5850;210;6;244;Paratia;x
5851;125;108;108;Moquegua;x
5852;176;6;210;Yolanda Norte;x
5853;6;57;193;Itapeva;x
5854;176;6;108;Monton de Gloria;x
5855;91;159;210;Putre;x
5856;40;227;57;Baquedano;x
5857;244;6;210;Viacha;x
5858;193;193;210;Mizque;x
5859;210;108;23;Challapata;x
5860;142;210;91;Colquechaca;x
5861;227;23;244;Villazon;x
5862;91;57;159;Entre Rios;x
5863;227;57;142;Montero;x
5864;159;244;244;Ascension-San Ignacio;x
5865;244;142;227;Carandayti;x
5866;227;6;91;Placido de Castro;x
5867;6;244;23;Trinidad;x
5868;142;6;176;Boa Esperanca;x
5869;159;23;23;Chanaral;x
5870;244;176;108;Freirina;x
5871;159;108;142;Maria Pinto;x
5872;57;108;57;Concon;x
5873;6;244;210;Vicuna;x
5874;125;125;210;Requinoa;x
5875;142;108;40;Las Animas;x
5876;227;23;159;Lonquimay;x
5877;6;6;74;Curico;x
5878;159;91;125;San Fabian de Alico;x
5879;125;91;91;Los Muermos;x
5880;40;23;159;Cochrane;x
5881;91;227;74;Puren;x
5882;244;125;227;Ascencio;x
5883;244;108;176;Mision Chica;x
5884;23;159;6;Campos-Puerto Guarani;x
5885;210;159;193;Yuty;x
5886;6;176;6;Laureles;x
5887;176;6;57;Colonia Wanda;x
5888;125;74;91;Guajayvi;x
5889;176;176;6;El Espinillo;x
5890;159;6;74;Pan de Azucar;x
5891;210;193;108;Curtina;x
5892;108;6;6;Baltasar Brum;x
5893;40;227;227;Fraile Muerto;x
5894;23;227;142;Campana;x
5895;91;210;176;Lincoln-Junin;x
5896;108;23;6;Cachari;x
5897;244;142;193;Ayacucho-Magdalena;x
5898;108;91;6;Tres Arroyos;x
5899;142;142;91;Puan;x
5900;23;159;227;Nicolas Descalzi;x
5901;244;74;108;Juan A. Pradere;x
5902;244;142;176;Bella Vista;x
5903;57;74;142;Colonia Libertad;x
5904;193;159;227;Colonia Carlos Pellegrini;x
5905;244;244;74;Federal;x
5906;159;108;176;Crespo;x
5907;210;176;227;Hersilia;x
5908;57;40;210;Avellaneda;x
5909;193;159;40;Villa Mugueta;x
5910;74;227;142;Cote Lai;x
5911;6;91;159;Taco Pozo;x
5912;176;125;23;San Francisco de Laishi;x
5913;227;210;74;General Mosconi;x
5914;23;159;244;San Jose de Metan;x
5915;193;125;142;Dragones;x
5916;74;142;91;Caipe;x
5917;193;74;193;Yuto;x
5918;125;210;244;General Pizarro;x
5919;210;227;244;Alderetes;x
5920;23;108;244;Colonia Nueva Coneta;x
5921;125;244;142;Tinogasta;x
5922;142;244;210;El Simbolar;x
5923;159;210;108;Quimili;x
5924;159;23;159;Sumampa;x
5925;227;6;176;Mina Clavero;x
5926;210;108;125;Arroyito;x
5927;91;142;6;Laborde;x
5928;142;125;244;Huinca Renanco;x
5929;40;57;244;El Forzudo;x
5930;125;244;227;Union;x
5931;91;57;210;Chilecito;x
5932;244;57;193;Chepes;x
5933;244;6;227;Caucete;x
5934;57;6;74;Barreal;x
5935;23;23;74;La Consulta;x
5936;244;142;159;Chos Malal;x
5937;40;142;210;Zapala;x
5938;74;210;142;Sierra Grande;x
5939;210;227;125;La Adela;x
5940;210;57;142;Comallo;x
5941;159;227;176;Ferri;x
5942;40;23;91;Jose de San Martin;x
5943;210;108;176;Aserradero La Paciencia;x
5944;57;159;6;El Calafate;x
5945;176;193;6;La Sofia;x
5946;74;57;193;Ushuaia;x
5947;23;74;108;Mucura;x
5948;142;57;244;Oriximina-Manaus;x
5949;91;40;57;Manaus-Cachoeira;x
5950;91;57;176;Carauari;x
5951;74;57;57;Maues;x
5952;6;142;227;Magong;x
5953;91;74;125;Pauini-Tabatinga;x
5954;142;142;74;Talima;x
5955;193;193;91;Dovers;x
5956;125;108;142;Tome-Acu;x
5957;6;6;176;Aveiro;x
5958;40;210;193;Itaubal;x
5959;23;91;125;Cumaru do Norte;x
5960;176;6;176;Kasrik;x
5961;57;40;108;Oiapoque;x
5962;74;91;125;Fuerte Olimpo;x
5963;40;210;227;Campo Novo do Parecis;x
5964;23;125;40;Poxoreu;x
5965;244;108;193;Agua Clara;x
5966;244;108;227;Caarapo;x
5967;57;193;193;Goiania;x
5968;23;210;23;Alto Paraiso de Goias;x
5969;23;23;108;Formoso do Araguaia;x
5970;176;91;74;Santa Luzia do Parua;x
5971;210;176;142;Sao Pedro dos Crentes;x
5972;125;210;23;Altos;x
5973;227;210;193;Monte Alegre do Piaui;x
5974;91;108;40;Areial;x
5975;142;6;227;Aracoiaba;x
5976;142;57;6;Quiterianopolis;x
5977;193;210;227;Lajes-Natal;x
5978;159;125;176;Tupanatinga;x
5979;74;23;159;Carnaubeira da Penha;x
5980;125;142;159;Batalha;x
5981;176;40;91;Pedro Alexandre;x
5982;40;40;91;Lamarao;x
5983;210;193;74;Muquem do Sao Francisco;x
5984;23;142;57;Cocos;x
5985;210;91;108;Itapebi;x
5986;176;57;176;Anage;x
5987;40;176;193;Rio Pomba;x
5988;40;193;108;Agua Rasa;x
5989;6;244;159;Itinga;x
5990;176;125;142;Joao Pinheiro;x
5991;23;91;57;Pedrinopolis;x
5992;142;244;74;Baependi;x
5993;125;74;108;Barra Mansa;x
5994;23;40;210;Bom Jardim;x
5995;40;23;40;Alegre;x
5996;142;176;108;Cajamar;x
5997;74;142;244;Salesopolis;x
5998;6;244;6;Torrinha;x
5999;57;91;91;Bora;x
6000;108;57;6;Suva;x
6001;142;6;74;Iporanga;x
6002;142;176;176;Pradopolis;x
6003;142;142;40;Colombo-Curitiba;x
6004;91;40;159;Diamante do Sul;x
6005;176;108;193;Sao Bernardino;x
6006;6;57;91;Maringa;x
6007;23;227;6;Urubici;x
6008;193;40;125;Dionisio Cerqueira;x
6009;193;142;159;Gramado;x
6010;91;74;193;Bage;x
6011;227;6;210;Marau;x
6012;6;244;227;Macambara;x
6013;6;210;108;Rosario do Sul;x
6014;74;244;227;Crackenback;x
6015;40;74;142;Denman;x
6016;193;193;74;Armidale;x
6017;6;57;210;Mudgee;x
6018;91;125;142;Cooleman Caves;x
6019;210;193;142;Ungarie;x
6020;108;142;142;Brewarrina;x
6021;74;40;23;Cobar;x
6022;91;91;227;Cottles Bridge;x
6023;57;142;6;Macarthur;x
6024;23;210;108;Boort;x
6025;91;40;74;Briagolong;x
6026;176;210;244;Hotham Heights;x
6027;159;142;57;Edenhope;x
6028;176;176;244;Rosebery;x
6029;91;6;125;Ipswich-Brisbane;x
6030;142;210;57;Gayndah;x
6031;57;244;23;Springsure;x
6032;227;159;142;Inglewood;x
6033;57;91;142;Collinsville;x
6034;159;193;74;Dimbulah;x
6035;40;40;159;Barcaldine;x
6036;244;125;40;Mount Isa;x
6037;57;125;142;Quilpie;x
6038;40;40;244;Aldinga Beach;x
6039;74;40;244;Cook;x
6040;244;57;244;Karoonda;x
6041;91;142;176;Maitland;x
6042;74;227;244;Orroroo;x
6043;244;40;210;Coober Pedy;x
6044;108;108;23;Mount Helena;x
6045;108;6;74;Lake Grace;x
6046;227;142;193;Kellerberrin;x
6047;125;193;40;Metzke Find;x
6048;244;193;108;Wyndham;x
6049;159;159;244;Yalgoo;x
6050;176;23;40;Loongana;x
6051;210;74;176;Zanthus;x
6052;108;176;193;Gunbalanya;x
6053;176;142;210;Borroloola;x
6054;91;142;159;Sandover;x
6055;74;108;108;Yulara;x
6056;193;193;159;Rawene;x
6057;74;6;125;Kawhia;x
6058;91;91;91;Te Karaka;x
6059;23;176;108;Featherston;x
6060;6;74;176;Winton;x
6061;142;40;91;Greymouth;x
6062;142;244;6;Fairlie;x
6063;142;176;6;Murchison;x
6064;74;91;159;Asan-Maina Village;x
6065;176;23;159;Angaur State;x
6066;227;6;6;Faizabad;x
6067;244;57;176;Atafu Village;x
6068;74;91;227;Pagan Village;x
6069;244;6;125;Lae-Marshall Islands;x
6070;57;125;40;Buariki Village;x
6071;159;108;23;Doma;x
6072;6;40;193;Morehead;x
6073;227;125;23;Porgera;x
6074;91;6;108;Angoram Village;x
6075;176;210;193;Aldeia;x
6076;91;23;91;Dopca;x
6077;108;40;244;Auki;x
6078;74;176;142;Luganville;x
6079;108;108;227;Malemgeulu;x
6080;57;210;227;Kandrian;x
6081;142;227;40;Sonta;x
6082;244;108;91;Kia Rae;x
6083;91;227;193;Ha'afeva;x
6084;210;40;142;Kulia Village;x
6085;6;125;210;Lotofaga;x
6086;108;23;210;Ta'u;x
6087;193;159;244;Tengatangi Village;x
6088;193;23;159;Omoka;x
6089;176;91;159;Alofi;x
6090;210;125;74;Guelpinar;x
6091;74;108;142;Seringal Paraiso;x
6092;142;57;23;Parecis;x
6093;91;23;40;Taua;x
6094;23;142;159;Paparara;x
6095;74;125;6;Apostoles;x
6096;91;227;6;Davisboro;x
6097;74;227;74;Hendersonville;x
6098;176;193;193;Oksbol;x
6099;125;227;244;Williston;x
6100;193;142;74;Girga;x
6101;142;210;6;Viernheim;x
6102;227;227;176;Koeln;x
6103;193;57;40;Puli;x
6104;74;227;193;Sebt El Maarif;x
6105;159;125;125;Al 'Atrun;x
6106;57;57;23;Tajao;x
6107;125;227;227;Lengpui;x
6108;244;23;193;Avellino;x
6109;142;91;142;Cevio;x
6110;108;142;227;Gruda;x
6111;125;227;91;Creil;x
6112;23;227;210;Hamilton-Tauranga;x
6113;142;227;210;Long;x
6114;193;227;57;Bambey;x
6115;6;57;108;Malaka;x
6116;108;57;40;Redang Panjang;x
6117;227;40;142;Tarempa;x
6118;23;57;210;Berane;x
6119;108;193;40;Sobraya;x
6120;244;91;142;Nema;x
6121;159;176;125;Voypola;x
6122;108;74;210;Marrupa;x
6123;6;193;57;Budva;x
6124;176;74;142;Danilovgrad;x
6125;227;227;91;Gleiwitz;x
6126;176;227;244;Ma'tan as Sarah;x
6127;91;125;91;Al Kharkhayr;x
6128;23;210;210;Chal'mny-Varre;x
6129;74;108;74;Kalgachikha;x
6130;193;108;74;Kasmiagatacho-inugaura;x
6131;176;193;176;Tasiujaq;x
6132;23;91;193;Chisasibi;x
6133;57;159;40;Ignace;x
6134;125;57;74;Pangnirtung;x
6135;108;210;125;Perry Island;x
6136;193;210;244;Nueva Gerona;x
6137;91;176;40;Port Clements;x
6138;6;125;6;Alakanuk;x
6139;176;142;6;Novo Progresso;x
6140;210;193;23;Halls Creek;x
6141;91;159;244;Nullagine;x
6142;40;244;176;Pannawonica;x
6143;244;57;159;Lajamanu;x
6144;193;6;210;Karumba;x
6145;193;6;108;Warburton;x
6146;57;6;210;Chiganak;x
6147;108;176;176;Bingtuan Sanshiliu Tuan;x
6148;74;159;244;Uliastay;x
6149;210;74;227;NbeikettLehouachUn;x
6150;57;244;125;Zhympity;x
6151;176;74;6;Qamysty;x
6152;40;23;57;Zhosaly;x
6153;142;159;74;Korotchaevo;x
6154;40;74;125;Tabory;x
6155;227;57;193;Kharbey;x
6156;40;193;159;Anadyr;x
6157;227;40;244;Krasnyy Olenevod;x
6158;6;91;142;Litovko;x
6159;57;159;108;Ust'-Omchug;x
6160;210;6;91;Kondakova;x
6161;6;142;125;Yagodnoye;x
6162;6;176;244;Artyk;x
6163;227;40;74;Chokurdakh;x
6164;74;23;57;Deputatsky;x
6165;108;91;142;Bienville;x
6166;6;244;57;Kibangou;x
6167;244;23;125;Paradise River;x
6168;244;159;227;Kangiqsujuaq;x
6169;142;142;108;Inukjuak;x
6170;227;74;142;Galeton;x
6171;74;142;227;Santa Ana Huista;x
6172;125;176;23;Olustee;x
6173;244;210;176;Alamogordo;x
6174;193;176;91;Kelu;x
6175;108;40;40;Tilichiki-Ossora;x
6176;91;244;57;Ayanka;x
6177;142;74;40;Dal'stroya;x
6178;57;210;193;Egvekinot;x
6179;91;244;91;Karoi;x
6180;210;108;6;Timmiarmiut;x
6181;74;193;6;Sukadana;x
6182;210;23;193;Adimi;x
6183;57;74;159;Arar;x
6184;142;108;23;Solnechnyy;x
6185;40;125;6;Khatan'ye;x
6186;125;210;6;Boraka;x
6187;193;176;125;Ilin-Tas;x
6188;23;125;227;Sar Chahan-e Janubi;x
6189;6;125;108;Tungusy;x
6190;176;74;23;Vitim;x
6191;176;193;159;Surlamkiny;x
6192;125;40;142;Nizhniy Bestyakh;x
6193;6;125;91;Sobopol;x
6194;244;142;91;Ambar-Dielyarya;x
6195;193;74;227;Eyik;x
6196;210;210;244;Chernyshevskiy;x
6197;142;125;159;Alakit;x
6198;227;244;176;Ebyatyam;x
6199;125;91;108;Osenovka;x
6200;108;23;193;Udzha;x
6201;125;23;40;Put' Lenina;x
6202;6;125;227;Novyy Kayak;x
6203;227;142;23;Boyarka;x
6204;125;244;6;Kananda;x
6205;74;244;125;Shkola;x
6206;244;91;74;Karakalpakiya;x
6207;142;227;74;Karaul;x
6208;74;6;57;Lebyazh'ye;x
6209;176;244;176;vahtovyj poselok NOVA;x
6210;159;244;23;Zyryanka;x
6211;159;193;244;Perkatkun;x
6212;125;159;108;Columbus-Lordsburg;x
6213;125;23;125;Mayskiy;x
6214;91;108;142;Ratmanova;x
6215;108;108;6;Ar Rams;x
6216;6;23;159;Kota Sambas;x
6217;142;176;57;Bilibino;x
6218;108;227;227;Cherskiy;x
6219;176;125;57;Nizhneyansk;x
6220;6;91;91;Ust-Kuyga;x
6221;227;108;6;Batagay-Alyta;x
6222;125;23;91;Ponte in Valtellina;x
6223;125;159;176;Kizhinga;x
6224;57;193;125;Severomuysk;x
6225;23;40;6;Khandyga;x
6226;125;142;142;Udachny;x
6227;142;125;57;Ylas-Yuryakh;x
6228;159;227;40;Kommunar;x
6229;108;6;91;Vanavara-Erbogachen;x
6230;125;108;74;Kirensk-Erbogachen;x
6231;125;142;74;Gorno-Chuyskiy;x
6232;23;40;142;Kovinskiy;x
6233;57;227;108;Badrah;x
6234;40;193;176;Rashaant;x
6235;108;244;142;Dolgany;x
6236;74;57;40;Dudinka-Volochanka;x
6237;40;193;40;Wulai;x
6238;244;91;57;Yada;x
6239;23;125;6;Vakhtovyy Poselok Oleniy;x
6240;159;210;125;Bovanenkovo mestorozhdenie;x
6241;91;210;74;Atym'ya;x
6242;108;23;176;Kamen'-na-Obi;x
6243;74;244;40;Vorkuta;x
6244;74;74;6;Parma-Inta;x
6245;91;57;6;Sarmayu;x
6246;23;108;40;Haskovo;x
6247;142;6;23;Minusinsk;x
6248;74;244;244;Igarka;x
6249;74;91;74;Iskup;x
6250;193;108;40;Novaya Chirinda;x
6251;142;210;74;Agata;x
6252;159;125;91;Baykit;x
6253;91;6;176;Tereshkino;x
6254;193;159;23;Chagda;x
6255;74;125;125;Verkhne-Antoninovskiy;x
6256;74;176;193;Anzhero-Sudzhensk;x
6257;142;40;227;Pechora;x
6258;142;159;159;Voyvozh;x
6259;40;227;108;Kodinsk;x
6260;142;23;193;Aqdala;x
6261;210;159;142;Yaotangzi;x
6262;125;193;125;Rue;x
6263;159;40;210;Lleida Hinterland;x
6264;193;40;74;Bad Oeynhausen;x
6265;142;6;210;Neustadt an der Orla;x
6266;91;193;159;Muehlhausen;x
6267;176;210;142;Minden;x
6268;176;40;159;Panjgur;x
6269;227;91;210;Shiraki;x
6270;142;108;227;Castropignano;x
6271;40;108;108;Fonzaso;x
6272;142;74;159;Dak-omkeh;x
6273;40;57;40;Oberhausen;x
6274;74;142;6;Bueren;x
6275;176;40;57;Boyton;x
6276;244;244;108;Littlehampton;x
6277;142;108;210;Runkel;x
6278;159;108;108;Mulhouse;x
6279;57;57;6;Sitten;x
6280;57;244;193;Rumah;x
6281;125;193;23;Jvari;x
6282;23;244;23;Sintang-Kapoea;x
6283;6;23;125;Long Jeneau;x
6284;193;244;40;Pusta Polom;x
6285;40;176;74;Al Kabrit;x
6286;74;108;159;Prypruttya;x
6287;125;74;23;Riviere-Verte;x
6288;142;244;244;Sieniawa;x
6289;108;244;210;Sveti Jurij;x
6290;57;142;23;Valpovo;x
6291;176;125;40;Chrzanow;x
6292;193;108;244;Hegyfalu;x
6293;125;142;40;Cheles;x
6294;142;74;91;Villach;x
6295;23;74;227;Puscine;x
6296;193;23;227;Trgoviste;x
6297;244;125;125;Kuklis;x
6298;244;142;57;Jurayban;x
6299;6;210;159;Kirik;x
6300;6;108;176;Al Jawadiyah;x
6301;40;176;57;Tabatinga-Ambrosio;x
6302;57;159;91;Boca do Acre;x
6303;244;23;159;Santa Rosa do Purus;x
6304;91;159;193;Gomalina;x
6305;210;57;176;Cifuncho;x
6306;74;74;40;Wedel;x
6307;227;142;91;Schaumburg;x
6308;108;23;125;Lebach;x
6309;227;74;159;Gera;x
6310;193;125;210;Eisenberg;x
6311;210;23;74;Weimar;x
6312;159;91;193;Gersfeld-Orb;x
6313;91;40;125;Velyka Palad;x
6314;23;142;40;Vrbas;x
6315;193;244;227;Oravske Vesele;x
6316;57;23;91;Ebenthal;x
6317;142;159;57;Pragersko;x
6318;159;74;142;Echt;x
6319;227;125;244;Buchberg;x
6320;210;74;125;Catagupan;x
6321;142;6;193;Port-aux-Francais;x
6322;210;244;23;Adak;x
6323;142;108;244;Virton;x
6324;91;210;244;Zrenjanin;x
6325;193;227;193;Cabra;x
6326;227;244;125;Sarre-Union;x
6327;176;142;91;Grodziec;x
6328;210;227;6;London Village;x
6329;210;210;142;Les Irois;x
6330;91;57;91;Duverge;x
6331;91;125;244;Mayisad;x
6332;6;6;23;La Vega;x
6333;159;244;159;Michalovce;x
6334;125;91;227;Saint-Cergue;x
6335;91;125;40;List;x
6336;176;91;108;Puerto Lempira;x
6337;193;57;23;Shingli Bala;x
6338;57;40;125;Muhammad Moryal Sahito Jo Goth;x
6339;210;74;244;Giddarbaha;x
6340;227;125;176;Wankaner;x
6341;210;23;142;Kotaparh;x
6342;125;159;210;Rampachodavaram;x
6343;57;125;91;Titlagarh;x
6344;40;74;193;Dinhata;x
6345;176;23;91;Mairang;x
6346;91;91;193;Thenzawl;x
6347;125;74;227;Jalukie;x
6348;91;244;23;Barkot;x
6349;125;108;125;Heshi Geredi;x
6350;244;176;57;Singampunari;x
6351;91;159;108;Clones;x
6352;159;57;125;Sarti;x
6353;91;125;6;Dedoplistsqaro;x
6354;40;74;6;Glubokaya Shchel';x
6355;227;23;57;Pairique Chico;x
6356;91;176;176;La Couture-Boussey;x
6357;193;91;40;Olonkinbyen;x
6358;108;6;40;Rudozem;x
6359;210;23;91;Benasque;x
6360;23;74;23;Trebinje;x
6361;125;210;193;Leskolovo;x
6362;108;159;108;Vanadzor;x
6363;57;142;210;Ormenio;x
6364;210;57;23;Annot;x
6365;210;125;142;Susa;x
6366;159;210;6;Berat;x
6367;159;108;244;Lekas;x
6368;6;6;108;Seaview;x
6369;125;244;23;Bagdad;x
6370;6;210;23;Ensenada;x
6371;74;159;142;Nome-Beaumont;x
6372;57;108;227;Huntsville-Nacogdoches;x
6373;176;125;108;Bay City;x
6374;125;6;40;Lamesa;x
6375;40;23;142;Grangwav;x
6376;159;74;159;Olgina;x
6377;193;6;142;Truba;x
6378;125;244;40;Zagriv'ye;x
6379;227;108;57;Alakurtti;x
6380;108;74;91;Polessk;x
6381;125;227;159;Yuxari Salahli;x
6382;176;210;227;Eleskirt;x
6383;23;244;159;Sas van Gent;x
6384;6;176;108;Tasnad;x
6385;227;57;176;Southeast Flanders;x
6386;176;142;142;Edirne-Kirk Kilise;x
6387;244;40;91;Malko Tarnovo;x
6388;74;193;74;Antlers;x
6389;227;6;244;Ophir;x
6390;6;125;142;Pilot Station;x
6391;108;6;108;Talkeetna;x
6392;227;159;108;Jones Landing;x
6393;210;91;142;Kugluktuk;x
6394;125;74;40;Behchoko;x
6395;159;74;23;Sermiligaaq;x
6396;193;176;40;Paarnakajiit;x
6397;108;91;227;Charley Village;x
6398;91;23;57;Caro;x
6399;244;176;40;Qingeq;x
6400;91;23;23;Nuuk;x
6401;91;244;159;Blaubach;x
6402;125;57;210;Naujoji Akmene;x
6403;57;125;193;Rinconada;x
6404;210;6;57;Maubara;x
6405;6;108;108;Dubravice;x
6406;74;6;227;Karojba;x
6407;74;40;40;Hurepelo;x
6408;91;142;91;Billings;x
6409;108;91;125;Buckingham;x
6410;142;91;176;Tok;x
6411;57;159;125;Eielson Air Force Base;x
6412;74;6;193;Wainwright;x
6413;142;142;125;Shishmaref;x
6414;6;176;142;Grobbendonk;x
6415;108;244;108;Bree;x
6416;23;244;125;Sprimont;x
6417;40;227;125;Mahdia-Aishalton;x
6418;244;57;91;Lethem;x
6419;74;125;193;Schomberg;x
6420;227;57;244;Wernigerode;x
6421;125;125;108;Tschirn;x
6422;108;6;176;Jena;x
6423;57;57;244;Hettstedt;x
6424;6;108;193;Zerbst;x
6425;125;125;142;Untermerzbach;x
6426;57;57;91;Herborn;x
6427;40;244;91;Brno Hinterland;x
6428;74;74;159;Neustadt an der Weinstrasse;x
6429;40;210;57;Northwest Mecklenburg;x
6430;193;74;125;Luckenwalde;x
6431;227;142;40;Dubki;x
6432;176;40;227;Kamilukh;x
6433;108;108;142;Lipnita;x
6434;23;227;23;Balchik;x
6435;210;40;23;Uummannaq;x
6436;74;142;40;Vandreblokken;x
6437;210;108;57;Aputiteeq;x
6438;57;210;91;Kangerlussuaq;x
6439;108;125;176;Narsarsuaq;x
6440;6;176;227;Isortoq;x
6441;108;159;142;Arsivik;x
6442;91;159;40;Clyde River-Lake Harbour;x
6443;6;193;108;Kimmirut;x
6444;40;74;210;Fort Reliance-Thelon River;x
6445;125;210;91;Kivitoo;x
6446;40;176;108;Tungsten;x
6447;176;6;227;Fort McPherson;x
6448;176;159;6;Cambridge Bay-Gjoa Haven;x
6449;108;176;210;Read Island;x
6450;6;159;210;Rampart House;x
6451;159;227;244;Prospect Creek;x
6452;40;176;176;Huslia;x
6453;210;142;176;Sagwon;x
6454;227;142;227;Ambler;x
6455;244;23;6;Cleardale;x
6456;6;40;159;Powerview;x
6457;176;57;40;Hearst;x
6458;125;193;193;Greenstone;x
6459;210;210;176;Laforge-2;x
6460;176;6;159;Kuujjuarapik;x
6461;142;6;159;Kangiqsualujjuaq;x
6462;244;23;142;Labrador City;x
6463;74;193;125;Fort Hope;x
6464;193;142;244;Nikokleia;x
6465;40;91;176;Srpci;x
6466;108;23;23;Zaltbommel;x
6467;6;6;244;Chatillon;x
6468;6;210;6;Majano;x
6469;91;6;142;Fresnes-en-Woevre;x
6470;227;176;142;Habil al Jabr;x
6471;193;142;57;Zamosc;x
6472;23;176;57;Strijpen;x
6473;6;227;227;Hoegaarden;x
6474;74;142;142;Chimay;x
6475;244;23;40;KwaNompondo;x
6476;159;57;6;Mkhumbani;x
6477;74;210;23;Vryburg;x
6478;193;142;40;Freedom;x
6479;210;125;176;'s-Gravenzande;x
6480;57;176;142;Hofbieber;x
6481;108;57;159;Santo Domingo-Rio Hondo;x
6482;57;210;125;Altos de Sevilla;x
6483;193;6;40;Pablo Garcia;x
6484;91;23;244;Santa Cruz Verapaz;x
6485;74;244;91;Siquirres;x
6486;244;210;6;San Juan-San Vito;x
6487;244;57;227;Cugy;x
6488;23;244;57;Castiglione;x
6489;40;23;125;Lierneux;x
6490;244;193;74;Thionville;x
6491;40;108;176;Kastorf;x
6492;23;227;74;Piran;x
6493;210;23;40;Mojanovici;x
6494;91;108;193;Kokaj;x
6495;176;23;108;Maliq;x
6496;210;40;91;Skala Marion;x
6497;6;40;40;Ciungetu;x
6498;159;159;108;Racovita;x
6499;193;227;142;Covasna;x
6500;193;40;6;Gura Haitii;x
6501;91;125;159;Czortkow;x
6502;210;210;23;Wilkow;x
6503;159;227;91;Troitske;x
6504;227;227;142;Kamyanyuki;x
6505;40;227;23;Slovechne;x
6506;91;40;210;Byahoml';x
6507;108;176;227;Moni Myrtidion;x
6508;74;108;176;Carmen-Rio San Juan;x
6509;23;57;193;Remolinito;x
6510;108;91;74;Baarn;x
6511;40;108;40;Arnhem-Achterhoek;x
6512;244;244;193;Obeliai;x
6513;159;57;40;Kalisz Hinterland;x
6514;57;227;57;Ciechanow;x
6515;159;193;210;Karczew;x
6516;23;91;6;Grabowiec;x
6517;23;210;74;Hlybokaye;x
6518;176;57;193;Lyntupy;x
6519;193;74;159;Kryvichy;x
6520;142;91;40;Khoyniki;x
6521;6;40;142;Kolky;x
6522;23;74;210;Demydivka;x
6523;227;74;40;Mala Zubivshchyna;x
6524;142;74;210;Antoniny;x
6525;91;108;227;Kharytonivka;x
6526;193;193;57;Horodyshche;x
6527;227;227;193;Ladyzhyn;x
6528;40;91;193;Ivanopil;x
6529;125;57;23;Rokytne;x
6530;74;210;125;Nereta;x
6531;74;91;40;Subate;x
6532;91;176;193;Konstantinovo;x
6533;227;6;142;Khodosy;x
6534;210;40;227;Novopolotsk;x
6535;57;176;193;Zashchepki;x
6536;74;193;57;Varaklani;x
6537;91;193;91;Balvi;x
6538;159;125;193;Glueckstadt;x
6539;176;74;91;Mutoray;x
6540;244;91;125;Manning;x
6541;193;244;125;Fort McMurray;x
6542;125;159;125;FrancesLake;x
6543;23;125;91;Iliamna;x
6544;193;74;23;Krasnosel'kup;x
6545;6;176;210;Tarko-Sale;x
6546;176;210;91;Suntar;x
6547;176;142;23;Lesosibirsk;x
6548;74;125;57;Staroverovskiy;x
6549;176;91;142;Malaya Yercha;x
6550;40;40;193;Muzhi;x
6551;125;91;57;Qarqaraly;x
6552;74;74;57;Dalkit;x
6553;210;74;91;Muravlenko;x
6554;23;57;142;Antipenko;x
6555;176;210;125;Vengerovo;x
6556;23;57;176;Parabel';x
6557;57;91;193;Tustakh-Sen;x
6558;23;108;227;Alzamay;x
6559;159;57;176;Kul'-Yegan;x
6560;23;6;125;Kushva;x
6561;40;210;244;Zvezdnyy;x
6562;159;176;6;Vuktyl;x
6563;159;40;74;Salym;x
6564;248;79;60;Sankt Polten;x
6565;150;134;181;South Mlada Boleslav;x
6566;52;190;46;Pruszkow;x
6567;210;245;167;Ile-de-France;x
6568;113;45;32;Albi;x
6569;15;100;153;Pest County;x
6570;173;156;18;Attica;x
6571;75;211;139;Potsdam;x
6572;234;11;4;Brno;x
6573;136;66;125;Krakow;x
6574;38;121;246;Rawa Ruska;x
6575;196;177;111;Tropolje;x
6576;98;232;232;Leskovac;x
6577;1;32;97;Tonsberg;x
6578;159;87;218;Palermo (Palermo);x
6579;61;143;83;Palermo;x
6580;219;198;204;Gibraltar;x
6581;121;254;69;Scottish Highlands;x
6582;24;53;190;South East Wales;x
6583;182;109;55;Middlesbrough;x
6584;84;164;176;Northumberland;x
6585;242;220;41;Lanark;x
6586;145;19;162;Galway;x
6587;47;75;27;Sjlland;x
6588;205;130;148;Nordmore;x
6589;107;186;13;Steinkjer;x
6590;9;241;134;Finnmark;x
6591;168;40;255;sterbotten;x
6592;70;96;120;SouthOstrobothnia;x
6593;228;151;241;Saaminki;x
6594;130;207;106;Kymenlaakso;x
6595;33;6;227;Lahti;x
6596;191;62;92;East Finish lakes;x
6597;93;117;213;Saaminki;x
6598;251;173;78;Jyvaskyla;x
6599;153;228;199;Jyvaskyla;x
6600;56;28;64;Siofok;x
6601;214;83;185;Venedig;x
6602;116;139;50;Zara;x
6603;18;194;171;Guarda;x
6604;176;250;36;Naupaktos;x
6605;79;49;157;Yedisan;x
6606;237;105;22;Luga;x
6607;139;160;143;Kherson;x
6608;41;216;8;SyniVody;x
6609;200;15;129;Zaporozhia;x
6610;102;70;250;Umba;x
6611;4;126;115;Umba;x
6612;162;181;236;Solovetsky;x
6613;64;237;101;Yuroma;x
6614;223;36;222;Yuroma;x
6615;125;92;87;Tsaritsyn;x
6616;27;147;208;Minski Kuren;x
6617;185;203;73;Borodino;x
6618;88;2;194;Kharkov;x
6619;246;58;59;Ekaterinoslav;x
6620;148;113;180;Donetsk;x
6621;50;169;45;Luhansk;x
6622;208;224;166;Sumqayit;x
6623;111;24;31;Ubykh;x
6624;13;79;152;ChernyYar;x
6625;171;135;17;Krychaw Hinterland;x
6626;73;190;138;Ust-Tsilma;x
6627;231;246;3;Vorkuta;x
6628;134;45;124;Adzvavom;x
6629;36;100;245;Algeciras;x
6630;194;156;110;Bigaii;x
6631;96;211;231;Vologda;x
6632;255;11;96;Ust-Kulom;x
6633;157;66;217;Pechora;x
6634;59;122;82;Myldin;x
6635;217;177;203;Pechora;x
6636;119;233;68;Tsydva;x
6637;22;32;189;Taisoygan;x
6638;180;88;54;RynPeski;x
6639;82;143;175;Iglino;x
6640;240;199;40;Bashgird;x
6641;142;254;161;Komi;x
6642;45;54;26;Komi;x
6643;203;109;147;Lyapin;x
6644;105;165;12;Munkesh-ush;x
6645;7;220;133;UralsNorth;x
6646;166;19;254;UralsNorth;x
6647;68;75;119;Zhitikara;x
6648;226;130;240;Zhitikara;x
6649;128;186;105;Ulkayak;x
6650;30;241;226;Ulkayak;x
6651;189;41;91;Karagiye;x
6652;91;96;212;Qabaqli;x
6653;249;152;77;Mangyshlak;x
6654;151;207;198;YurmatSterlitamak;x
6655;54;7;63;UralsNorth;x
6656;212;62;184;Lulea;x
6657;114;118;49;Petsamo;x
6658;16;173;170;Vizcaya;x
6659;174;229;35;Nenetsia;x
6660;77;28;156;Nenetsia;x
6661;235;84;21;Nenetsia;x
6662;137;139;142;Ukek;x
6663;39;195;7;Mosha;x
6664;197;250;128;Mosha;x
6665;100;49;249;Gibraltar;x
6666;2;105;114;Dobrogea de Nord;x
6667;160;160;235;Ukhta;x
6668;62;216;100;Budejovice;x
6669;221;15;221;Lneburg;x
6670;123;71;86;Finnmark;x
6671;25;126;207;Kirkenes;x
6672;183;182;72;Finnmark;x
6673;85;237;193;Hammerfest;x
6674;244;37;58;Hammerfest;x
6675;146;92;179;Hammerfest;x
6676;48;148;44;Hammerfest;x
6677;206;203;165;Hammerfest;x
6678;109;3;30;Finnmark;x
6679;11;58;151;Kautokeino;x
6680;169;114;16;Khotyn;x
6681;71;169;137;Ung;x
6682;229;225;2;Alazani;x
6683;132;24;123;Stolp;x
6684;34;79;244;Schlochau;x
6685;192;135;109;Szatmar;x
6686;94;190;230;Krinkai;x
6687;252;246;95;Druskieniki;x
6688;155;45;216;Orava;x
6689;57;101;81;Maienfeld;x
6690;215;156;202;Vatican City;x
6691;117;212;67;Makarska;x
6692;20;11;188;Pirot;x
6693;178;67;53;Sokokic;x
6694;80;122;174;Balta;x
6695;238;178;39;Ohrid;x
6696;140;233;160;Vranje;x
6697;43;33;25;Fiume;x
6698;201;88;146;Hautes-Alpes;x
6699;103;144;11;Hautes-Alpes;x
6700;5;199;132;Maljasset;x
6701;163;254;253;Amt Neuhaus;x
6702;66;54;118;Thedinghausen;x
6703;224;109;239;Bremen;x
6704;126;165;104;Blankenburg;x
6705;28;220;225;Angerburg;x
6706;187;20;90;Calvorde;x
6707;89;75;211;Prenzlau;x
6708;247;131;76;Boleslavsko;x
6709;149;186;197;Westhoek;x
6710;51;242;62;North Oberpfalz;x
6711;210;41;183;Noordoostpolder;x
6712;112;97;48;Kosovo;x
6713;14;152;169;Neopatras;x
6714;172;208;34;Pljevlja;x
6715;75;7;155;Harsovo;x
6716;233;63;20;Zaovine i Culine;x
6717;135;118;141;Budimilja;x
6718;37;174;6;Rajgrod;x
6719;195;229;127;Soleczniki;x
6720;98;28;248;Swieciany;x
6721;0;84;113;Izborsk;x
6722;158;139;234;Ostrowiec;x
6723;60;195;99;Braslaw;x
6724;218;250;220;Torontal;x
6725;121;50;85;Wizajny;x
6726;23;105;206;Krinkai;x
6727;181;161;71;Widze;x
6728;83;216;192;Zolotanosha;x
6729;242;16;57;Spis;x
6730;144;71;178;Orava;x
6731;46;127;43;Bruntal;x
6732;204;182;164;Pereyaslav;x
6733;106;238;29;Mius;x
6734;9;37;150;Putyvl;x
6735;167;93;15;BelskaSloboda;x
6736;69;148;136;Solkhat;x
6737;227;204;1;Dubrovytsia;x
6738;130;3;122;Pohost Zarzeczny;x
6739;32;58;243;Kilia;x
6740;190;114;108;Lachowicze;x
6741;92;169;229;Kobryn;x
6742;250;225;94;Polesia;x
6743;153;24;215;Pietrykaw;x
6744;55;80;80;Zhytkavichy;x
6745;213;135;201;BialaPodlaskie;x
6746;115;191;66;Samaraii;x
6747;17;246;187;Sulina;x
6748;176;46;52;Macerata;x
6749;78;101;173;Cagliari;x
6750;236;157;38;Pinerolo;x
6751;138;212;159;Troms;x
6752;41;12;24;Lulea;x
6753;199;67;145;Lulea;x
6754;101;123;10;Oland;x
6755;3;178;131;Bohusln;x
6756;161;233;252;Solor;x
6757;64;33;117;Bohusln;x
6758;222;88;238;Tunturi;x
6759;124;144;103;Troms;x
6760;26;199;224;Jonkoping Hinterland;x
6761;184;255;89;Ayrapaa;x
6762;87;54;210;Ayrapaa;x
6763;245;110;75;Helisinki;x
6764;147;165;196;Hanko;x
6765;49;221;61;Salo;x
6766;208;20;182;Rovaniemi;x
6767;110;76;47;Kalajoki;x
6768;12;131;168;Tavastland;x
6769;170;187;33;Pirkanmaa;x
6770;72;242;154;Pirkanmaa;x
6771;231;42;19;Tavastland;x
6772;133;97;140;Jyvaskyla;x
6773;35;153;5;Jyvaskyla;x
6774;193;208;126;Central finish lakes;x
6775;96;7;247;Nordjylland;x
6776;254;63;112;Stavanger;x
6777;156;118;233;Vestoppland;x
6778;58;174;98;Troms;x
6779;216;229;219;LofotenNorway;x
6780;119;29;84;Salten;x
6781;21;84;205;LofotenNorway;x
6782;179;140;70;LofotenNorway;x
6783;81;195;191;LofotenNorway;x
6784;239;251;56;LofotenNorway;x
6785;142;50;177;Narvik;x
6786;44;106;42;Troms;x
6787;202;161;163;Troms;x
6788;104;217;28;LofotenNorway;x
6789;7;16;149;Troms;x
6790;165;72;14;Troms;x
6791;67;127;135;Troms;x
6792;225;183;0;Troms;x
6793;127;238;121;LofotenNorway;x
6794;30;37;242;Salten;x
6795;188;93;107;Vatnajokull;x
6796;90;148;228;Fyardbyggd;x
6797;248;204;93;Akureyri;x
6798;151;3;214;Isafjordur;x
6799;53;59;79;Isafjordur;x
6800;211;114;200;Suourland;x
6801;113;170;65;Westmeath;x
6802;15;225;186;Rochester;x
6803;174;25;51;Wight;x
6804;76;80;172;Anglesey;x
6805;234;136;37;Tyrone;x
6806;136;191;158;Cavan;x
6807;38;247;23;Meath;x
6808;197;46;144;Tyrone;x
6809;99;102;9;Rathfriland;x
6810;1;157;130;Dromahair;x
6811;159;212;251;Islay;x
6812;62;12;116;Islay;x
6813;220;67;237;Argyll and Bute;x
6814;122;123;102;Ayr;x
6815;24;178;223;West Sussex;x
6816;182;234;88;Moesa;x
6817;85;33;209;Neuchatel;x
6818;243;89;74;Uri;x
6819;145;144;195;Hainault;x
6820;47;200;60;Dole;x
6821;205;255;181;Moulins;x
6822;108;55;46;Chalon;x
6823;10;110;167;Nevers;x
6824;168;166;32;Charente orientale;x
6825;70;221;153;Poitou;x
6826;229;21;18;MontdeMarsan;x
6827;131;76;139;BasseNavarre;x
6828;33;132;4;Dordogne occidentale;x
6829;191;187;125;Albret;x
6830;93;242;246;Fenouilledes;x
6831;252;42;111;Arles;x
6832;154;97;232;Chalons;x
6833;56;153;97;Longuyon;x
6834;214;208;218;Fivizzano;x
6835;117;8;83;Forte dei Marmi;x
6836;19;63;204;Guastalla;x
6837;177;119;69;S:t Gallen;x
6838;79;174;190;LakeLucerne;x
6839;237;230;55;Uri;x
6840;140;29;176;Glaris;x
6841;42;85;41;Thurgau;x
6842;200;140;162;Zrich;x
6843;102;196;27;Hautes-Alpes;x
6844;4;251;148;Olesnicko;x
6845;163;51;13;Kladsko;x
6846;65;106;134;Czarnkow;x
6847;223;161;255;Zawkrze;x
6848;125;217;120;Wschowa;x
6849;28;16;241;Abazinia;x
6850;186;72;106;Beishto;x
6851;88;127;227;Circassia;x
6852;246;183;92;GreatShapsug;x
6853;148;238;213;Armavir;x
6854;51;38;78;Dvaleti;x
6855;209;93;199;Tusheti;x
6856;111;149;64;Svaneti;x
6857;13;204;185;TakveriLechkhumi;x
6858;172;4;50;Imereti;x
6859;74;59;171;Dagestan;x
6860;232;115;36;East Caucasian Mountains;x
6861;134;170;157;Ingushetia;x
6862;36;226;22;Kaspiysky;x
6863;195;25;143;Zhiguli;x
6864;97;81;8;Petrozavodsk;x
6865;255;136;129;Petrozavodsk;x
6866;157;191;250;Okhtyrka;x
6867;59;247;115;Okhtyrka;x
6868;218;46;236;Userd;x
6869;120;102;101;Novgorod-Seversky;x
6870;22;157;222;Ryl'sk;x
6871;180;213;87;Oskol;x
6872;83;12;208;Mius;x
6873;241;68;73;Novocherkassk;x
6874;143;123;194;Yekaterinovka;x
6875;45;179;59;Umanskoye;x
6876;203;234;180;Tyn;x
6877;106;34;45;Bayuly;x
6878;8;89;166;Nogay;x
6879;166;145;31;UrtaBurtya;x
6880;68;200;152;Bratslav;x
6881;227;0;17;Balti;x
6882;129;55;138;Balti;x
6883;31;111;3;Lelow;x
6884;189;166;124;Nur;x
6885;91;221;245;Mazovia;x
6886;250;21;110;Mazovia;x
6887;152;76;231;Mazovia;x
6888;54;132;96;Belz;x
6889;212;187;217;Sanok;x
6890;114;243;82;Rzeszow;x
6891;17;42;203;Ratne;x
6892;175;98;68;Velizh;x
6893;77;153;189;Velizh;x
6894;235;209;54;Orsha;x
6895;138;8;175;Roslavl;x
6896;40;64;40;Drutsk;x
6897;198;119;161;Vitebsk;x
6898;100;175;26;Lachowicze;x
6899;2;230;147;Zaslawye;x
6900;161;30;12;Iwje;x
6901;63;85;133;Torun;x
6902;221;140;254;Khotyn;x
6903;123;196;119;Peremyshl;x
6904;25;251;240;Brody;x
6905;184;51;105;Saros;x
6906;86;106;226;Carpathia;x
6907;244;162;91;Spis;x
6908;146;217;212;Peremyshl;x
6909;49;17;77;Babiy;x
6910;207;72;198;Morskoy;x
6911;109;128;63;Morskoy;x
6912;11;183;184;Cherkassk;x
6913;169;239;49;Momon;x
6914;72;38;170;Momon;x
6915;230;94;35;Momon;x
6916;132;149;156;Kursk;x
6917;34;205;21;Suzemka;x
6918;193;4;142;Grebenski;x
6919;95;60;7;Besleney;x
6920;253;115;128;Nalchik;x
6921;155;170;249;Khutor;x
6922;57;226;114;GreatKabardia;x
6923;216;25;235;Galyugai;x
6924;118;81;100;Kuma;x
6925;20;136;221;Mantrega;x
6926;178;192;86;Karachayevsk;x
6927;80;247;207;Besleney;x
6928;239;47;72;Karachay;x
6929;141;102;193;Khazaria;x
6930;43;158;58;Kuberle;x
6931;201;213;179;Kamyshin;x
6932;104;13;44;Ulkayak;x
6933;6;68;165;UralsNorth;x
6934;164;124;30;UralsNorth;x
6935;66;179;151;UralsNorth;x
6936;224;235;16;UralsMiddle;x
6937;127;34;137;UralsMiddle;x
6938;29;90;2;UralsNorth;x
6939;187;145;123;UralsSouth;x
6940;89;200;244;Krasno-oefimsk;x
6941;248;0;109;UralsMiddle;x
6942;150;55;230;Chupa;x
6943;52;111;95;Karachay;x
6944;210;166;216;Szczebrzeszyn;x
6945;112;222;81;Burgenland;x
6946;15;21;202;Linz;x
6947;173;77;67;Zapadny Turciansky Svaty Martin;x
6948;75;132;188;Szabolcs;x
6949;233;188;53;Abauj;x
6950;135;243;174;Slatina;x
6951;38;43;39;Dorohoi;x
6952;196;98;160;Soli;x
6953;98;154;25;Hoca;x
6954;0;209;146;Tropolje;x
6955;159;9;11;Vukovar;x
6956;61;64;132;Sisak;x
6957;219;119;253;Trebinje;x
6958;121;175;118;Bosnia;x
6959;23;230;239;Travnik;x
6960;182;30;104;Kosovo;x
6961;84;85;225;Pag;x
6962;242;141;90;Szilgy;x
6963;144;196;211;Partium;x
6964;46;252;76;Bukovina;x
6965;205;51;197;Ormenio;x
6966;107;107;62;Canakkale;x
6967;9;162;183;Kladsko;x
6968;167;218;48;Znojmo;x
6969;70;17;169;Hradekco;x
6970;228;73;34;Gustanj;x
6971;130;128;155;Krain;x
6972;32;184;20;Korneuburg;x
6973;190;239;141;Budimilja;x
6974;93;39;6;Budimilja;x
6975;251;94;127;Sadecki;x
6976;153;149;248;Jizni Plzen;x
6977;55;205;113;Szilgy;x
6978;214;4;234;Sarkoy;x
6979;116;60;99;Brindisi;x
6980;18;115;220;Catania;x
6981;176;171;85;Gela;x
6982;78;226;206;Sora;x
6983;237;26;71;Abbruzzi;x
6984;139;81;192;Terracina;x
6985;41;137;57;Gaeta;x
6986;199;192;178;Teramo;x
6987;101;248;43;Aquila;x
6988;4;47;164;Fabriano;x
6989;162;103;29;TuscanRomagna;x
6990;64;158;150;NEFlorence;x
6991;222;214;15;Milan;x
6992;125;13;136;Pavia settentrionale;x
6993;27;69;1;Southern Pavia;x
6994;185;124;122;LaSpezia;x
6995;87;179;243;Torino occidentale;x
6996;245;235;108;Kilkenny;x
6997;148;34;229;Kilkenny;x
6998;50;90;94;Kilkenny;x
6999;208;145;215;Kildare;x
7000;110;201;80;Meath;x
7001;13;0;201;Longford;x
7002;171;56;66;Killarney;x
7003;73;111;187;Youghal;x
7004;231;167;52;Bedford;x
7005;133;222;173;Surrey;x
7006;36;22;38;Wessex;x
7007;194;77;159;Leiria;x
7008;96;133;24;Porto;x
7009;254;188;145;Braganca;x
7010;156;244;10;Sosnytsia;x
7011;59;43;131;Novgorod-Seversky;x
7012;217;98;252;Nizhyn;x
7013;119;154;117;Pryluky;x
7014;21;209;238;Konotop;x
7015;180;9;103;Romny;x
7016;82;64;224;Hadyach;x
7017;240;120;89;Kharkov;x
7018;142;175;210;Samaraii;x
7019;44;231;75;Lozova;x
7020;203;30;196;Chuhuiv;x
7021;105;86;61;Chuhuiv;x
7022;7;141;182;Bakhmutka;x
7023;165;197;47;BelskaSloboda;x
7024;67;252;168;BelskaSloboda;x
7025;226;52;33;BelskaSloboda;x
7026;128;107;154;Mius;x
7027;30;163;19;Luhansk;x
7028;188;218;140;Bakhmut;x
7029;91;18;5;Bakhmut;x
7030;249;73;126;Donetsk;x
7031;151;128;247;Mius;x
7032;53;184;112;Hryshynka;x
7033;211;239;233;Hryshynka;x
7034;114;39;98;BoliSarai;x
7035;16;94;219;Donetsk;x
7036;174;150;84;Mius;x
7037;76;205;205;Kyzyl-Yar;x
7038;235;5;70;KamennyZatan;x
7039;137;60;191;Lepetikha;x
7040;39;116;56;Crimea;x
7041;197;171;177;Bazavluk;x
7042;99;227;42;Oleshya;x
7043;2;26;163;Oril;x
7044;160;82;28;Nikopol';x
7045;62;137;149;Myrhorod;x
7046;220;193;14;Kremenchuk;x
7047;122;248;135;KamianiPotoky;x
7048;25;48;0;Oleksandriia;x
7049;183;103;121;Chychyklia;x
7050;85;158;242;Kropyvnytskyi;x
7051;243;214;107;Korsun;x
7052;146;13;228;Voznesensk;x
7053;48;69;93;Chychyklia;x
7054;206;124;214;Balti;x
7055;108;180;79;Voznesensk;x
7056;10;235;200;Transdniestria;x
7057;169;35;65;Savran;x
7058;71;90;186;Balti;x
7059;229;146;51;Bratslav;x
7060;131;201;172;Ushytsia;x
7061;34;1;37;Podolia;x
7062;192;56;158;Tyvriv;x
7063;94;112;23;ChornyiLis;x
7064;252;167;144;Buhogard;x
7065;154;223;9;Vozvyahel;x
7066;57;22;130;Zhytomyr;x
7067;215;77;251;Vozvyahel;x
7068;117;133;116;Kiev;x
7069;19;188;237;YuriyevBilaTserka;x
7070;177;244;102;Fastiv;x
7071;80;43;223;Obukhiv District;x
7072;238;99;88;Kiev;x
7073;140;154;209;Kandau;x
7074;42;210;74;Kandau;x
7075;201;9;195;Saldus;x
7076;103;65;60;Kokenhusen;x
7077;5;120;181;Semigallia;x
7078;163;176;46;Hiiumaa;x
7079;65;231;167;Hapsal;x
7080;224;31;32;Jerwen;x
7081;126;86;153;Otepaa;x
7082;28;142;18;Sventoji;x
7083;186;197;139;Varniai;x
7084;88;253;4;Samogitia;x
7085;247;52;125;Zarasai;x
7086;149;107;246;Seinai;x
7087;51;163;111;Sudovia;x
7088;209;218;232;Sanok;x
7089;112;18;97;Bobrka;x
7090;14;73;218;Belz;x
7091;172;129;83;Bobrka;x
7092;74;184;204;Chuhuiv;x
7093;232;240;69;Gotia;x
7094;135;39;190;Kaffa;x
7095;37;95;55;Qirim;x
7096;195;150;176;Aqmescit;x
7097;97;206;41;Aqmescit;x
7098;0;5;162;Ichki;x
7099;158;61;27;Liw;x
7100;60;116;148;Grodno;x
7101;218;172;13;Merkine;x
7102;120;227;134;Merkine;x
7103;23;26;255;Braslaw;x
7104;181;82;120;Myadzel;x
7105;83;137;241;Luninets;x
7106;241;193;106;BialaPodlaskie;x
7107;143;248;227;Lukow;x
7108;46;48;92;Rypin;x
7109;204;103;213;Zawkrze;x
7110;106;159;78;Leczyca;x
7111;8;214;199;Wyszogrod;x
7112;167;14;64;Znin;x
7113;69;69;185;Solec;x
7114;227;125;50;Inowrocaw;x
7115;129;180;171;Liw;x
7116;31;236;36;Lukow;x
7117;190;35;157;Kamyanyets;x
7118;92;91;22;Svencioneliai;x
7119;250;146;143;Nur;x
7120;152;202;8;Kamyanyets;x
7121;55;1;129;Kamyanyets;x
7122;213;56;250;Sambir;x
7123;115;112;115;Ilava;x
7124;17;167;236;Elvas;x
7125;175;223;101;Islas Pitiusas;x
7126;78;22;222;Menorca;x
7127;236;78;87;Calamocha;x
7128;138;133;208;Pirineo;x
7129;40;189;73;Loches;x
7130;198;244;194;Loches;x
7131;101;44;59;Champagne;x
7132;3;99;180;Champagne;x
7133;161;155;45;Maubeuge;x
7134;63;210;166;Orlannais;x
7135;222;10;31;Chalon;x
7136;124;65;152;Naestved;x
7137;26;121;17;Nykobing;x
7138;184;176;138;Lolland;x
7139;86;232;3;Norrejyske;x
7140;245;31;124;Norrejyske;x
7141;147;86;245;Ringkobing;x
7142;49;142;110;Nordjylland;x
7143;207;197;231;Lothian;x
7144;109;253;96;Strathclyde;x
7145;12;52;217;Ayrshire;x
7146;170;108;82;WesterRoss;x
7147;72;163;203;Outer Hebrides;x
7148;230;219;68;Uist;x
7149;133;18;189;Western Isles;x
7150;35;74;54;Sutherland;x
7151;193;129;175;Landsberg;x
7152;95;185;40;Lausitz;x
7153;253;240;161;Breisgau;x
7154;156;40;26;Prague;x
7155;58;95;147;Zatec;x
7156;216;151;12;Boleslavsko;x
7157;118;206;133;Pardubice;x
7158;21;5;254;Hradekco;x
7159;179;61;119;Sumperk;x
7160;81;116;240;Uherske Hradiste;x
7161;239;172;105;Esztergom;x
7162;141;227;226;Nograd;x
7163;44;27;91;East Csongrad;x
7164;202;82;212;Kelet-Szolnok;x
7165;104;138;77;Vas;x
7166;6;193;198;Coburg;x
7167;164;249;63;Usedom;x
7168;67;48;184;Chorzele;x
7169;225;104;49;Karasjok;x
7170;127;159;170;Masi;x
7171;29;215;35;Suonikyla;x
7172;188;14;156;Temirgoy;x
7173;90;70;21;Saltdal;x
7174;248;125;142;Kolno;x
7175;150;181;7;Muonio;x
7176;52;236;128;Skibotn;x
7177;211;35;249;Bardu;x
7178;113;91;114;Ballangen;x
7179;15;146;235;Kittila;x
7180;173;202;100;Freiwaldau;x
7181;76;1;221;Focsani;x
7182;234;57;86;Kempen;x
7183;136;112;207;Usvyaty;x
7184;38;168;72;Opochka;x
7185;196;223;193;Harlau;x
7186;99;23;58;Mahilna;x
7187;242;109;18;Maizuru;x
7188;18;109;242;Kiso;x
7189;231;17;91;Gilette;x
7190;17;231;91;Ilanz;x
7191;91;17;231;Stadthagen;x
7192;231;91;17;Stadtsteinach;x
7193;91;231;17;Bierstadt;x
7194;17;91;231;Eitelborn;x
7195;213;47;167;Dahlem;x
7196;47;213;167;Bande;x
7197;167;47;213;Taxiarchis;x
7198;213;167;47;Hufingen;x
7199;167;213;47;Lobenstein;x
7200;47;167;213;Guesten;x
7201;44;93;170;Luebeck;x
7202;43;94;171;Eschwege;x
7203;55;192;229;Wonju;x
7204;10;117;55;Chungju;x
7205;185;47;133;Cheongju;x
7206;175;221;100;Suncheon;x
7207;138;125;172;Yangyang;x
7208;137;80;82;Cheorwon;x
7209;45;21;88;Goseong;x
7210;242;37;122;Jangdan;x
7211;210;226;196;Southern Yeongpyeong;x
7212;216;120;85;Yeoncheon;x
7213;25;206;191;Saknyeong;x
7214;146;177;30;Southern Haeju;x
7215;206;51;73;Pyongsan;x
7216;164;175;183;Jangyeon Islands;x
7217;135;232;221;Jangyeon;x
7218;234;203;35;Nangcheon;x
7219;102;102;50;Southern Inje;x
7220;75;103;207;Southern Yangyang;x
7221;98;160;134;Ichon;x
7222;126;231;197;Ganseong;x
7223;16;165;84;Lower Kherlen;x
7224;128;231;205;Eren Frontier;x
7225;69;182;146;Khalkh Gol Frontier;x
7226;89;134;203;Erdenetsagaan Frontier;x
7227;193;96;132;Southern Sainshand Frontier;x
7228;179;76;228;Western New Barag;x
7229;63;17;202;Dariganga;x
7230;155;166;107;Southern Mongun-Taiga;x
7231;79;216;38;Eastern Sayan Frontier;x
7232;87;209;33;Northern Darkhad;x
7233;58;134;115;Tes-Khem Frontier;x
7234;102;156;130;Western Mongun-Taiga;x
7235;47;20;203;Taipusi;x
7236;31;41;51;Kniphausen;x
;1;222;200;Unnamed Lakes;x
;111;17;245;Lake of the Woods;x
;111;17;246;Lake Nipissing;x
;111;17;247;Lake Simcoe;x
;26;27;255;Dead Sea;x
;65;230;214;Lake Khanka;x
;1;222;208;Lake Sakami;x
;1;222;210;Island Lake;x
;1;222;224;Lake Okeechobee;x
