CODE;ENGLISH;FRENCH;GERMAN;POLISH;SPANISH;ITALIAN;SWEDISH;CZECH;HUNGARIAN;DUTCH;PORTUGUESE;RUSSIAN;FINNISH;x
AB0_absolute_monarchy;사부르자카노;;;;;;;;;;;;;x
AB0_bourgeois_dictatorship;사부르자카노;;;;;;;;;;;;;x
AB0_democracy;사부르자카노;;;;;;;;;;;;;x
AB0_fascist_dictatorship;사부르자카노;;;;;;;;;;;;;x
AB0_hms_government;사부르자카노;;;;;;;;;;;;;x
AB0_presidential_dictatorship;사부르자카노;;;;;;;;;;;;;x
AB0_proletarian_dictatorship;사부르자카노;;;;;;;;;;;;;x
AB0_prussian_constitutionalism;사부르자카노;;;;;;;;;;;;;x
AB1_absolute_monarchy;새젠;;;;;;;;;;;;;x
AB1_bourgeois_dictatorship;새젠;;;;;;;;;;;;;x
AB1_democracy;새젠;;;;;;;;;;;;;x
AB1_fascist_dictatorship;새젠;;;;;;;;;;;;;x
AB1_hms_government;새젠;;;;;;;;;;;;;x
AB1_presidential_dictatorship;새젠;;;;;;;;;;;;;x
AB1_proletarian_dictatorship;사드젠의 코뮌;;;;;;;;;;;;;x
AB1_prussian_constitutionalism;새젠;;;;;;;;;;;;;x
AB2_absolute_monarchy;아바지나;;;;;;;;;;;;;x
AB2_bourgeois_dictatorship;아바지나;;;;;;;;;;;;;x
AB2_democracy;아바지나의 짜마츠;;;;;;;;;;;;;x
AB2_fascist_dictatorship;아바지나;;;;;;;;;;;;;x
AB2_hms_government;아바지나의 짜마츠;;;;;;;;;;;;;x
AB2_presidential_dictatorship;아바지나;;;;;;;;;;;;;x
AB2_proletarian_dictatorship;아바지나의 코뮌;;;;;;;;;;;;;x
AB2_prussian_constitutionalism;아바지나의 짜마츠;;;;;;;;;;;;;x
AB3_absolute_monarchy;아크치뽀;;;;;;;;;;;;;x
AB3_bourgeois_dictatorship;아크치뽀;;;;;;;;;;;;;x
AB3_democracy;아크치뽀;;;;;;;;;;;;;x
AB3_fascist_dictatorship;아크치뽀;;;;;;;;;;;;;x
AB3_hms_government;아크치뽀;;;;;;;;;;;;;x
AB3_presidential_dictatorship;아크치뽀;;;;;;;;;;;;;x
AB3_proletarian_dictatorship;아크치수스 코뮌;;;;;;;;;;;;;x
AB3_prussian_constitutionalism;아크치뽀;;;;;;;;;;;;;x
AB4_absolute_monarchy;티벨다;;;;;;;;;;;;;x
AB4_bourgeois_dictatorship;티벨다;;;;;;;;;;;;;x
AB4_democracy;티벨다;;;;;;;;;;;;;x
AB4_fascist_dictatorship;티벨다;;;;;;;;;;;;;x
AB4_hms_government;티벨다;;;;;;;;;;;;;x
AB4_presidential_dictatorship;티벨다;;;;;;;;;;;;;x
AB4_proletarian_dictatorship;티벨다의 코뮌;;;;;;;;;;;;;x
AB4_prussian_constitutionalism;티벨다;;;;;;;;;;;;;x
AB5_absolute_monarchy;아이브가;;;;;;;;;;;;;x
AB5_bourgeois_dictatorship;아이브가;;;;;;;;;;;;;x
AB5_democracy;아이브가;;;;;;;;;;;;;x
AB5_fascist_dictatorship;아이브가;;;;;;;;;;;;;x
AB5_hms_government;아이브가;;;;;;;;;;;;;x
AB5_presidential_dictatorship;아이브가;;;;;;;;;;;;;x
AB5_proletarian_dictatorship;아이브가의 코뮌;;;;;;;;;;;;;x
AB5_prussian_constitutionalism;아이브가;;;;;;;;;;;;;x
ABK_absolute_monarchy;아시리파 공국;;;;;;;;;;;;;x
ABK_bourgeois_dictatorship;아시리파 도시자치연맹;;;;;;;;;;;;;x
ABK_democracy;아시리파 공화국;;;;;;;;;;;;;x
ABK_fascist_dictatorship;아시리파 국민국가;;;;;;;;;;;;;x
ABK_hms_government;아시리파 입헌공국;;;;;;;;;;;;;x
ABK_presidential_dictatorship;아시리파 군사섭정정부;;;;;;;;;;;;;x
ABK_proletarian_dictatorship;아시리파 인민공화국;;;;;;;;;;;;;x
ABK_prussian_constitutionalism;아시리파 왕실참사회;;;;;;;;;;;;;x
ABN_absolute_monarchy;베니 왕국;;;;;;;;;;;;;x
ABN_absolute_monarchy2;목소 왕국;;;;;;;;;;;;;x
ABN_democracy;베니안 공화국;;;;;;;;;;;;;x
ABN_fascist_dictatorship;베니안 제국;;;;;;;;;;;;;x
ABN_hms_government;베니 왕국;;;;;;;;;;;;;x
ABN_presidential_dictatorship;베니안 공화국;;;;;;;;;;;;;x
ABN_proletarian_dictatorship;베니 사회주의 공화국;;;;;;;;;;;;;x
ABN_prussian_constitutionalism;베니 왕국;;;;;;;;;;;;;x
ABU_absolute_monarchy;사오리 토후국;;;;;;;;;;;;;x
ABU_absolute_monarchy2;사오리 세습토후국;;;;;;;;;;;;;x
ABU_bourgeois_dictatorship;사오리 상인협의국;;;;;;;;;;;;;x
ABU_fascist_dictatorship;사오리 국민통합국;;;;;;;;;;;;;x
ABU_proletarian_dictatorship;사오리 사회주의 공화국;;;;;;;;;;;;;x
ACA_colonial_company;아리스 특허회사령;;;;;;;;;;;;;x
ACA_dominion;아리스 자치령;;;;;;;;;;;;;x
ACE_democracy;조프루아고양이 연방공화국;;;;;;;;;;;;;x
ACE_proletarian_dictatorship;조프루아고양이 사회주의 연방;;;;;;;;;;;;;x
ACE_fascist_dictatorship;조프루아고양이 국민통합국;;;;;;;;;;;;;x
ADV_absolute_monarchy;아스나 공국;;;;;;;;;;;;;x
ADV_bourgeois_dictatorship;아스나 자유시;;;;;;;;;;;;;x
ADV_colonial_company;아스나 특허회사령;;;;;;;;;;;;;x
ADV_democracy;아스나 자유국;;;;;;;;;;;;;x
ADV_dominion;아스나 자치령;;;;;;;;;;;;;x
ADV_fascist_dictatorship;아스나 국민국가;;;;;;;;;;;;;x
ADV_hms_government;아스나 입헌공국;;;;;;;;;;;;;x
ADV_presidential_dictatorship;아스나 군사집정부;;;;;;;;;;;;;x
ADV_proletarian_dictatorship;아스나 평의회 공화국;;;;;;;;;;;;;x
ADV_prussian_constitutionalism;아스나 영방의회;;;;;;;;;;;;;x
ADW_absolute_monarchy;아다마와 토후국;;;;;;;;;;;;;x
ADW_democracy;아다마와 공화국;;;;;;;;;;;;;x
ADW_fascist_dictatorship;아다마와 국민통합국;;;;;;;;;;;;;x
ADW_hms_government;아다마와 입헌토후국;;;;;;;;;;;;;x
ADW_proletarian_dictatorship;아다마와 인민공화국;;;;;;;;;;;;;x
ADW_prussian_constitutionalism;아다마와 디완;;;;;;;;;;;;;x
AFG_hms_government;미스라 입헌수호연맹;;;;;;;;;;;;;x
AFG_prussian_constitutionalism;미스라 수호자 지르가;;;;;;;;;;;;;x
AFG_theocracy;미스라 신전회의;;;;;;;;;;;;;x
AIN_absolute_monarchy;키쿄 대추장국;;;;;;;;;;;;;x
AKH_absolute_monarchy;니어 칸국;;;;;;;;;;;;;x
AKH_prussian_constitutionalism;니어 칸국의정회;;;;;;;;;;;;;x
ALD_colonial_company;시로코 통상회사령;;;;;;;;;;;;;x
ALD_dominion;시로코 자치령;;;;;;;;;;;;;x
ALS_colonial_company;에리카 특허회사령;;;;;;;;;;;;;x
ALS_dominion;에리카 자치령;;;;;;;;;;;;;x
ALT_absolute_monarchy;시구레 칸국;;;;;;;;;;;;;x
ALT_hms_government;시구레 입헌칸국;;;;;;;;;;;;;x
ALT_prussian_constitutionalism;시구레 칸국의정회;;;;;;;;;;;;;x
ANB_absolute_monarchy;치아키 공국;;;;;;;;;;;;;x
ANB_colonial_company;치아키 특허회사령;;;;;;;;;;;;;x
ANB_democracy;치아키 자유국;;;;;;;;;;;;;x
ANB_dominion;치아키 자치령;;;;;;;;;;;;;x
ANB_fascist_dictatorship;치아키 국민국가;;;;;;;;;;;;;x
ANB_federal_democracy;치아키 연방공화국;;;;;;;;;;;;;x
ANB_hms_government;치아키 입헌공국;;;;;;;;;;;;;x
ANB_parliamentary_republic;치아키 의회공화국;;;;;;;;;;;;;x
ANB_proletarian_dictatorship;치아키 평의회 공화국;;;;;;;;;;;;;x
ANB_prussian_constitutionalism;치아키 영방의회;;;;;;;;;;;;;x
ANH_absolute_monarchy;카요코 공국;;;;;;;;;;;;;x
ANH_colonial_company;카요코 특허회사령;;;;;;;;;;;;;x
ANH_democracy;카요코 자유국;;;;;;;;;;;;;x
ANH_dominion;카요코 자치령;;;;;;;;;;;;;x
ANH_fascist_dictatorship;카요코 국민국가;;;;;;;;;;;;;x
ANH_federal_democracy;카요코 연방공화국;;;;;;;;;;;;;x
ANH_hms_government;카요코 입헌공국;;;;;;;;;;;;;x
ANH_parliamentary_republic;카요코 의회공화국;;;;;;;;;;;;;x
ANH_proletarian_dictatorship;카요코 평의회 공화국;;;;;;;;;;;;;x
ANH_prussian_constitutionalism;카요코 영방의회;;;;;;;;;;;;;x
ANK_absolute_monarchy;아루 공국;;;;;;;;;;;;;x
ANK_colonial_company;아루 특허회사령;;;;;;;;;;;;;x
ANK_democracy;아루 자유국;;;;;;;;;;;;;x
ANK_dominion;아루 자치령;;;;;;;;;;;;;x
ANK_fascist_dictatorship;아루 국민국가;;;;;;;;;;;;;x
ANK_federal_democracy;아루 연방공화국;;;;;;;;;;;;;x
ANK_hms_government;아루 입헌공국;;;;;;;;;;;;;x
ANK_parliamentary_republic;아루 의회공화국;;;;;;;;;;;;;x
ANK_proletarian_dictatorship;아루 평의회 공화국;;;;;;;;;;;;;x
ANK_prussian_constitutionalism;아루 영방의회;;;;;;;;;;;;;x
AOT_absolute_monarchy;아미야 왕국;United Tribes;United Tribes;;;;;;;;;;;x
AOT_hms_government;아미야 입헌왕국;United Tribes;United Tribes;;;;;;;;;;;x
AOT_prussian_constitutionalism;아미야 추장회의;United Tribes;United Tribes;;;;;;;;;;;x
AOU_absolute_monarchy;오루란 왕국;;;;;;;;;;;;;x
AOU_democracy;오루로 공화국;;;;;;;;;;;;;x
AOU_fascist_dictatorship;가장 위대한 오루란 왕국;;;;;;;;;;;;;x
AOU_hms_government;오루로의 자유 왕국;;;;;;;;;;;;;x
AOU_presidential_dictatorship;오루란 주;;;;;;;;;;;;;x
AOU_proletarian_dictatorship;오루로 인민 공화국;;;;;;;;;;;;;x
AOU_prussian_constitutionalism;오루로의 자유 왕국;;;;;;;;;;;;;x
APS_absolute_monarchy;포토시의 더 큰 왕국;;;;;;;;;;;;;x
APS_democracy;포토시 공화국;;;;;;;;;;;;;x
APS_fascist_dictatorship;포토시 제국;;;;;;;;;;;;;x
APS_hms_government;포토시 왕국;;;;;;;;;;;;;x
APS_proletarian_dictatorship;포토시 민주주의 공화국;;;;;;;;;;;;;x
APS_prussian_constitutionalism;포토시 왕국;;;;;;;;;;;;;x
APZ_absolute_monarchy;라파스 제국의 제국;;;;;;;;;;;;;x
APZ_democracy;라파스 공화국;;;;;;;;;;;;;x
APZ_fascist_dictatorship;라파스 제국의 제국;;;;;;;;;;;;;x
APZ_hms_government;라파스 왕국;;;;;;;;;;;;;x
APZ_presidential_dictatorship;라파즈 상태;;;;;;;;;;;;;x
APZ_proletarian_dictatorship;라파스 사회주의 공화국;;;;;;;;;;;;;x
APZ_prussian_constitutionalism;라파스 왕국;;;;;;;;;;;;;x
AQS_absolute_monarchy;추퀴사카 왕국;;;;;;;;;;;;;x
AQS_democracy;추키사칸 공화국;;;;;;;;;;;;;x
AQS_fascist_dictatorship;추퀴사카의 상태;;;;;;;;;;;;;x
AQS_hms_government;추퀴사카의 자유 왕국;;;;;;;;;;;;;x
AQS_presidential_dictatorship;추키사칸 공화국;;;;;;;;;;;;;x
AQS_proletarian_dictatorship;추퀴사카의 자유 코뮌;;;;;;;;;;;;;x
AQS_prussian_constitutionalism;추퀴사카의 자유 왕국;;;;;;;;;;;;;x
ARC_democracy;자파리 파크 공화국;;;;;;;;;;;;;x
ARC_presidential_dictatorship;자파리 파크 군사평의회;;;;;;;;;;;;;x
ARC_proletarian_dictatorship;자파리 파크 사회주의 공화국;;;;;;;;;;;;;x
ARM_absolute_monarchy;나히다 왕국;;;;;;;;;;;;;x
ARM_bourgeois_dictatorship;나히다 도시공화국;;;;;;;;;;;;;x
ARM_democracy;나히다 공화국;;;;;;;;;;;;;x
ARM_fascist_dictatorship;나히다 국민국가;;;;;;;;;;;;;x
ARM_federal_democracy;나히다 연방공화국;;;;;;;;;;;;;x
ARM_hms_government;나히다 입헌왕국;;;;;;;;;;;;;x
ARM_parliamentary_republic;나히다 의회공화국;;;;;;;;;;;;;x
ARM_presidential_dictatorship;나히다 군사평의회;;;;;;;;;;;;;x
ARM_proletarian_dictatorship;나히다 인민공화국;;;;;;;;;;;;;x
ARM_prussian_constitutionalism;나히다 왕실평의회;;;;;;;;;;;;;x
ARM_rus_colonial_company;나히다 특허회사령;;;;;;;;;;;;;x
ARM_rus_dominion;나히다 자치령;;;;;;;;;;;;;x
ARO_bourgeois_dictatorship;아로 도시자치연맹;Biafra;Biafra;;;;;;;;;;;x
ARO_democracy;아로 공화국;Biafra;Biafra;;;;;;;;;;;x
ARO_fascist_dictatorship;아로 국민통합국;Biafra;Biafra;;;;;;;;;;;x
ARO_presidential_dictatorship;아로 군사평의회;Biafra;Biafra;;;;;;;;;;;x
ARO_proletarian_dictatorship;아로 인민공화국;Biafra;Biafra;;;;;;;;;;;x
ARU_bourgeois_dictatorship;카츠시카 호쿠사이 상인협의국;;;;;;;;;;;;;x
ARU_democracy;카츠시카 호쿠사이 공화국;;;;;;;;;;;;;x
ARU_fascist_dictatorship;카츠시카 호쿠사이 국민통합국;;;;;;;;;;;;;x
ARU_presidential_dictatorship;카츠시카 호쿠사이 군사평의회;;;;;;;;;;;;;x
ARU_proletarian_dictatorship;카츠시카 호쿠사이 사회주의 공화국;;;;;;;;;;;;;x
ASC_absolute_monarchy;산타 크루즈의 제국;;;;;;;;;;;;;x
ASC_democracy;산타 크루즈 공화국;;;;;;;;;;;;;x
ASC_hms_government;산타 크루즈 주권 왕국;;;;;;;;;;;;;x
ASC_presidential_dictatorship;산타 크루즈 공화국;;;;;;;;;;;;;x
ASC_proletarian_dictatorship;산타크루즈 자유민주공화국;;;;;;;;;;;;;x
ASC_prussian_constitutionalism;산타 크루즈 주권 왕국;;;;;;;;;;;;;x
ASH_bourgeois_dictatorship;아샨티 도시자치연맹;Ghana;Ghana;;;;;;;;;;;x
ASH_democracy;아샨티 공화국;Ghana;Ghana;;;;;;;;;;;x
ASH_fascist_dictatorship;아샨티 국민통합국;Ghana;Ghana;;;;;;;;;;;x
ASH_presidential_dictatorship;아샨티 군사평의회;Ghana;Ghana;;;;;;;;;;;x
ASH_proletarian_dictatorship;아샨티 인민공화국;Ghana;Ghana;;;;;;;;;;;x
ASM_bourgeois_dictatorship;유이 쇼세츠 상인자치연맹;;;;;;;;;;;;;x
ASM_fascist_dictatorship;유이 쇼세츠 국민연합국;;;;;;;;;;;;;x
ASM_presidential_dictatorship;유이 쇼세츠 군사정부;;;;;;;;;;;;;x
AST_absolute_monarchy;새비지 왕국;;;;;;;;;;;;;x
AST_colonial_company;새비지 특허회사령;;;;;;;;;;;;;x
AST_dominion;새비지 자치령;;;;;;;;;;;;;x
AST_hms_government;새비지 입헌왕국;;;;;;;;;;;;;x
AST_prussian_constitutionalism;새비지 추밀원;;;;;;;;;;;;;x
ASY_fascist_dictatorship;토모에고젠 국민국가;;;;;;;;;;;;;x
ATB_absolute_monarchy;무츠키 공국;;;;;;;;;;;;;x
ATB_colonial_company;무츠키 특허회사령;;;;;;;;;;;;;x
ATB_democracy;무츠키 자유국;;;;;;;;;;;;;x
ATB_dominion;무츠키 자치령;;;;;;;;;;;;;x
ATB_fascist_dictatorship;무츠키 국민국가;;;;;;;;;;;;;x
ATB_federal_democracy;무츠키 연방공화국;;;;;;;;;;;;;x
ATB_hms_government;무츠키 입헌공국;;;;;;;;;;;;;x
ATB_parliamentary_republic;무츠키 의회공화국;;;;;;;;;;;;;x
ATB_proletarian_dictatorship;무츠키 평의회 공화국;;;;;;;;;;;;;x
ATB_prussian_constitutionalism;무츠키 영방의회;;;;;;;;;;;;;x
ATH_theocracy;키레네 수도원 자치령;;;;;;;;;;;;;x
ATR_absolute_monarchy;도리자 왕국;;;;;;;;;;;;;x
ATR_absolute_monarchy2;토조 요리;;;;;;;;;;;;;x
ATR_democracy;타리자 공화국;;;;;;;;;;;;;x
ATR_democracy2;타리자;;;;;;;;;;;;;x
ATR_fascist_dictatorship;더 큰 타리잔 공화국;;;;;;;;;;;;;x
ATR_hms_government;도리자 왕국;;;;;;;;;;;;;x
ATR_hms_government2;토조 요리;;;;;;;;;;;;;x
ATR_presidential_dictatorship;타리자 공화국;;;;;;;;;;;;;x
ATR_proletarian_dictatorship;타리자 자유 사회주의 공화국;;;;;;;;;;;;;x
ATR_prussian_constitutionalism;도리자 왕국;;;;;;;;;;;;;x
ATR_prussian_constitutionalism2;토조 요리;;;;;;;;;;;;;x
AUS_absolute_monarchy;게헨나 만마전;;;;;;;;;;;;;x
AUS_colonial_company;게헨나 만마전;;;;;;;;;;;;;x
AUS_democracy;게헨나 만마전;;;;;;;;;;;;;x
AUS_dominion;게헨나 만마전;;;;;;;;;;;;;x
AUS_fascist_dictatorship;게헨나 만마전;;;;;;;;;;;;;x
AUS_federal_democracy;게헨나 만마전;;;;;;;;;;;;;x
AUS_hms_government;게헨나 만마전;;;;;;;;;;;;;x
AUS_parliamentary_republic;게헨나 만마전;;;;;;;;;;;;;x
AUS_proletarian_dictatorship;게헨나 만마전;;;;;;;;;;;;;x
AUS_prussian_constitutionalism;게헨나 만마전;;;;;;;;;;;;;x
AZH_absolute_monarchy;메이브 토후국;;;;;;;;;;;;;x
AZ0_absolute_monarchy;에리반 칸네르;;;;;;;;;;;;;x
AZ0_absolute_monarchy2;예레반 멜릭돔;;;;;;;;;;;;;x
AZ0_bourgeois_dictatorship;이리반 의회;;;;;;;;;;;;;x
AZ0_democracy;서아제르바이잔 공화국;;;;;;;;;;;;;x
AZ0_democracy2;예레반 공화국;;;;;;;;;;;;;x
AZ0_fascist_dictatorship;이리반;;;;;;;;;;;;;x
AZ0_federal_democracy;에리바크의 연합 마할;;;;;;;;;;;;;x
AZ0_hms_government;에리반 술탄네이트;;;;;;;;;;;;;x
AZ0_hms_government2;예레반의 멜릭돔;;;;;;;;;;;;;x
AZ0_parliamentary_republic;이리반 의회;;;;;;;;;;;;;x
AZ0_presidential_dictatorship;이리반 의회;;;;;;;;;;;;;x
AZ0_proletarian_dictatorship;예레반 SSR;;;;;;;;;;;;;x
AZ0_prussian_constitutionalism;에리반 술탄네이트;;;;;;;;;;;;;x
AZ0_prussian_constitutionalism2;예레반의 멜릭돔;;;;;;;;;;;;;x
AZ0_rus_colonial_company;아르메니아 모체;;;;;;;;;;;;;x
AZ0_rus_dominion;아르메니아 모체;;;;;;;;;;;;;x
AZ0_tur_colonial_company;서아제르바이잔 비라트;;;;;;;;;;;;;x
AZ1_absolute_monarchy;카라바크 칸네;;;;;;;;;;;;;x
AZ1_absolute_monarchy2;아타카 왕국;;;;;;;;;;;;;x
AZ1_bourgeois_dictatorship;카라바크 콜렉터;;;;;;;;;;;;;x
AZ1_democracy;카라바크 공화국;;;;;;;;;;;;;x
AZ1_democracy2;아조카 공화국;;;;;;;;;;;;;x
AZ1_fascist_dictatorship;카라바크 콜렉터;;;;;;;;;;;;;x
AZ1_federal_democracy;카라바크의 연합 마할스;;;;;;;;;;;;;x
AZ1_hms_government;카라바크 술탄네이트;;;;;;;;;;;;;x
AZ1_hms_government2;아르사흐의 통일 멜릭돔;;;;;;;;;;;;;x
AZ1_parliamentary_republic;카라바크 콜렉터;;;;;;;;;;;;;x
AZ1_presidential_dictatorship;카라바크 콜렉터;;;;;;;;;;;;;x
AZ1_proletarian_dictatorship;카라바흐 DR;;;;;;;;;;;;;x
AZ1_prussian_constitutionalism;카라바크 술탄네이트;;;;;;;;;;;;;x
AZ1_prussian_constitutionalism2;아르사흐의 통일 멜릭돔;;;;;;;;;;;;;x
AZ1_rus_colonial_company;카라바크 지구;;;;;;;;;;;;;x
AZ1_rus_dominion;카라바크 지구;;;;;;;;;;;;;x
AZ1_tur_colonial_company;카라바크 빌레이엣;;;;;;;;;;;;;x
AZ2_absolute_monarchy;Quba Khanate;;;;;;;;;;;;;x
AZ2_absolute_monarchy2;코브브 멜릭돔;;;;;;;;;;;;;x
AZ2_bourgeois_dictatorship;Quba Council;;;;;;;;;;;;;x
AZ2_democracy;꾸바 퍼블릭;;;;;;;;;;;;;x
AZ2_democracy2;코브베 공화국;;;;;;;;;;;;;x
AZ2_fascist_dictatorship;Quba Council;;;;;;;;;;;;;x
AZ2_federal_democracy;꾸바의 짜마츠;;;;;;;;;;;;;x
AZ2_hms_government;꾸바의 짜마츠;;;;;;;;;;;;;x
AZ2_hms_government2;코브베의 연합 멜릭돔;;;;;;;;;;;;;x
AZ2_parliamentary_republic;Quba Council;;;;;;;;;;;;;x
AZ2_presidential_dictatorship;Quba Council;;;;;;;;;;;;;x
AZ2_proletarian_dictatorship;Quba DR;;;;;;;;;;;;;x
AZ2_prussian_constitutionalism;꾸바 술타네이트;;;;;;;;;;;;;x
AZ2_prussian_constitutionalism2;코브베의 연합 멜릭돔;;;;;;;;;;;;;x
AZ2_rus_colonial_company;쿠바구;;;;;;;;;;;;;x
AZ2_rus_dominion;쿠바구;;;;;;;;;;;;;x
AZ2_tur_colonial_company;꾸바 비라;;;;;;;;;;;;;x
AZ3_absolute_monarchy;셰키 칸네;;;;;;;;;;;;;x
AZ3_absolute_monarchy2;바르타센 멜릭돔;;;;;;;;;;;;;x
AZ3_bourgeois_dictatorship;셰키 카운슬;;;;;;;;;;;;;x
AZ3_democracy;셰키공화국;;;;;;;;;;;;;x
AZ3_democracy2;바르타센 공화국;;;;;;;;;;;;;x
AZ3_fascist_dictatorship;셰키 카운슬;;;;;;;;;;;;;x
AZ3_federal_democracy;셰키의 연합 마할스;;;;;;;;;;;;;x
AZ3_hms_government;셰키의 연합 마할스;;;;;;;;;;;;;x
AZ3_hms_government2;바르타스헨의 연합 멜리크돔;;;;;;;;;;;;;x
AZ3_parliamentary_republic;셰키 카운슬;;;;;;;;;;;;;x
AZ3_presidential_dictatorship;셰키 카운슬;;;;;;;;;;;;;x
AZ3_proletarian_dictatorship;셰키 DR;;;;;;;;;;;;;x
AZ3_prussian_constitutionalism;셰키 술타네이트;;;;;;;;;;;;;x
AZ3_prussian_constitutionalism2;바르타스헨의 연합 멜리크돔;;;;;;;;;;;;;x
AZ3_rus_colonial_company;셰키 지구;;;;;;;;;;;;;x
AZ3_rus_dominion;셰키 지구;;;;;;;;;;;;;x
AZ3_tur_colonial_company;셰키 빌레이엣;;;;;;;;;;;;;x
AZ4_absolute_monarchy;시르반 칸네아;;;;;;;;;;;;;x
AZ4_absolute_monarchy2;아그반크 멜릭돔;;;;;;;;;;;;;x
AZ4_bourgeois_dictatorship;샤마키 평의회;;;;;;;;;;;;;x
AZ4_democracy;샤마키 공화국;;;;;;;;;;;;;x
AZ4_democracy2;아그반크 공화국;;;;;;;;;;;;;x
AZ4_fascist_dictatorship;시르반 콜렉터;;;;;;;;;;;;;x
AZ4_federal_democracy;시르반의 연합 마할;;;;;;;;;;;;;x
AZ4_hms_government;시르반의 연합 마할;;;;;;;;;;;;;x
AZ4_hms_government2;아그반크의 연합 멜릭돔;;;;;;;;;;;;;x
AZ4_parliamentary_republic;시르반 콜렉터;;;;;;;;;;;;;x
AZ4_presidential_dictatorship;샤마키 평의회;;;;;;;;;;;;;x
AZ4_proletarian_dictatorship;샤마키 DR;;;;;;;;;;;;;x
AZ4_prussian_constitutionalism;시르반 술탄네이트;;;;;;;;;;;;;x
AZ4_prussian_constitutionalism2;아그반크의 연합 멜릭돔;;;;;;;;;;;;;x
AZ4_rus_colonial_company;시르반 지구;;;;;;;;;;;;;x
AZ4_rus_dominion;시르반 지구;;;;;;;;;;;;;x
AZ4_tur_colonial_company;시르반 비라;;;;;;;;;;;;;x
AZ5_absolute_monarchy;간자 칸네;;;;;;;;;;;;;x
AZ5_absolute_monarchy2;우틱 멜릭돔;;;;;;;;;;;;;x
AZ5_bourgeois_dictatorship;간자개발위원회;;;;;;;;;;;;;x
AZ5_democracy;간자 공화국;;;;;;;;;;;;;x
AZ5_democracy2;쿠라 아르메니아 공화국;;;;;;;;;;;;;x
AZ5_fascist_dictatorship;구라 DSR;;;;;;;;;;;;;x
AZ5_federal_democracy;쿠라 FDR;;;;;;;;;;;;;x
AZ5_hms_government;간자 에미레이트;;;;;;;;;;;;;x
AZ5_hms_government2;우티크의 연합 나하라스;;;;;;;;;;;;;x
AZ5_parliamentary_republic;쿠라 DR;;;;;;;;;;;;;x
AZ5_presidential_dictatorship;간자 군사 위원회;;;;;;;;;;;;;x
AZ5_proletarian_dictatorship;간자 SSR;;;;;;;;;;;;;x
AZ5_prussian_constitutionalism;간자 에미레이트;;;;;;;;;;;;;x
AZ5_prussian_constitutionalism2;우틱 멜릭돔;;;;;;;;;;;;;x
AZ5_rus_colonial_company;옐리자르폴 고테리아;;;;;;;;;;;;;x
AZ5_rus_dominion;옐리자르폴 고테리아;;;;;;;;;;;;;x
AZ5_tur_colonial_company;간자 비라;;;;;;;;;;;;;x
AZ6_absolute_monarchy;가자크 술타네이트;;;;;;;;;;;;;x
AZ6_absolute_monarchy2;가드맨 멜릭돔;;;;;;;;;;;;;x
AZ6_bourgeois_dictatorship;가자크 개발 위원회는;;;;;;;;;;;;;x
AZ6_democracy;가자크 공화국;;;;;;;;;;;;;x
AZ6_democracy2;가드만 아르메니아 공화국;;;;;;;;;;;;;x
AZ6_fascist_dictatorship;가자크 DSR;;;;;;;;;;;;;x
AZ6_federal_democracy;가자크 FDR;;;;;;;;;;;;;x
AZ6_hms_government;가자크 에미레이트;;;;;;;;;;;;;x
AZ6_hms_government2;가드만의 연합 나하라스;;;;;;;;;;;;;x
AZ6_parliamentary_republic;가자크 DR;;;;;;;;;;;;;x
AZ6_presidential_dictatorship;가자크 군사 위원회;;;;;;;;;;;;;x
AZ6_proletarian_dictatorship;가자크 SSR;;;;;;;;;;;;;x
AZ6_prussian_constitutionalism;가자크 술타네이트;;;;;;;;;;;;;x
AZ6_prussian_constitutionalism2;가드맨 멜릭돔;;;;;;;;;;;;;x
AZ6_rus_colonial_company;가자크 옥류그;;;;;;;;;;;;;x
AZ6_rus_dominion;가자크 옥류그;;;;;;;;;;;;;x
AZ6_tur_colonial_company;가자크 비라트;;;;;;;;;;;;;x
AZ7_absolute_monarchy;나카히체반 칸네르;;;;;;;;;;;;;x
AZ7_absolute_monarchy2;고흐 멜릭돔;;;;;;;;;;;;;x
AZ7_bourgeois_dictatorship;낙히체바 개발 위원회;;;;;;;;;;;;;x
AZ7_democracy;낙히체바 공화국;;;;;;;;;;;;;x
AZ7_democracy2;고흐 공화국;;;;;;;;;;;;;x
AZ7_fascist_dictatorship;아르크밸리 DSR;;;;;;;;;;;;;x
AZ7_federal_democracy;아르크밸리 FDR;;;;;;;;;;;;;x
AZ7_hms_government;나카히체바 에미레이트;;;;;;;;;;;;;x
AZ7_hms_government2;고흐의 연합 나하라스;;;;;;;;;;;;;x
AZ7_parliamentary_republic;아르크밸리 DR;;;;;;;;;;;;;x
AZ7_presidential_dictatorship;낙히체바 군사 위원회;;;;;;;;;;;;;x
AZ7_proletarian_dictatorship;나카히체바 ASSR;;;;;;;;;;;;;x
AZ7_prussian_constitutionalism;나카히체바 에미레이트;;;;;;;;;;;;;x
AZ7_prussian_constitutionalism2;나카히체바 멜릭돔;;;;;;;;;;;;;x
AZ7_rus_colonial_company;낙히체반 옥류그;;;;;;;;;;;;;x
AZ7_rus_dominion;낙히체반 옥류그;;;;;;;;;;;;;x
AZ7_tur_colonial_company;나카히체반 빌레이엣;;;;;;;;;;;;;x
AZ8_absolute_monarchy;슈라겔 술타네이트;;;;;;;;;;;;;x
AZ8_absolute_monarchy2;규리 멜릭돔;;;;;;;;;;;;;x
AZ8_bourgeois_dictatorship;알렉산드로폴 개발 위원회는 알렉산드로폴 개발 위원회;;;;;;;;;;;;;x
AZ8_democracy;슈라겔 공화국;;;;;;;;;;;;;x
AZ8_democracy2;규리 아르메니아 공화국;;;;;;;;;;;;;x
AZ8_fascist_dictatorship;알래그? DSR?;;;;;;;;;;;;;x
AZ8_federal_democracy;알래그? FDR;;;;;;;;;;;;;x
AZ8_hms_government;슈라겔 에미레이트;;;;;;;;;;;;;x
AZ8_hms_government2;규리의 나하라스 연합;;;;;;;;;;;;;x
AZ8_parliamentary_republic;알래그? DR?;;;;;;;;;;;;;x
AZ8_presidential_dictatorship;알렉산드로폴 군사 위원회;;;;;;;;;;;;;x
AZ8_proletarian_dictatorship;슈라겔 ASSR;;;;;;;;;;;;;x
AZ8_prussian_constitutionalism;슈라겔 술타네이트;;;;;;;;;;;;;x
AZ8_prussian_constitutionalism2;규리 멜릭돔;;;;;;;;;;;;;x
AZ8_rus_colonial_company;알렉산드로폴 옥크류그;;;;;;;;;;;;;x
AZ8_rus_dominion;알렉산드로폴 옥크류그;;;;;;;;;;;;;x
AZ8_tur_colonial_company;슈라겔 비라엣;;;;;;;;;;;;;x
AZ9_absolute_monarchy;보르찰리 술타네이트;;;;;;;;;;;;;x
AZ9_absolute_monarchy2;논쟁의 중심;;;;;;;;;;;;;x
AZ9_bourgeois_dictatorship;토론된 개발 위원회;;;;;;;;;;;;;x
AZ9_democracy;보르찰리 공화국;;;;;;;;;;;;;x
AZ9_democracy2;토론한 민주당위원회;;;;;;;;;;;;;x
AZ9_fascist_dictatorship;빚진 DSR;;;;;;;;;;;;;x
AZ9_federal_democracy;논쟁의 중성 칸톤;;;;;;;;;;;;;x
AZ9_hms_government;보르찰리 에미레이트;;;;;;;;;;;;;x
AZ9_hms_government2;의회 위원회에 대한 토론;;;;;;;;;;;;;x
AZ9_parliamentary_republic;의회 위원회에 대한 토론;;;;;;;;;;;;;x
AZ9_presidential_dictatorship;군사위원회 토론;;;;;;;;;;;;;x
AZ9_proletarian_dictatorship;보르찰리 SSR;;;;;;;;;;;;;x
AZ9_prussian_constitutionalism;보르찰리 에미레이트;;;;;;;;;;;;;x
AZ9_prussian_constitutionalism2;논쟁의 중심;;;;;;;;;;;;;x
AZ9_rus_colonial_company;보르찰리 오크루그;;;;;;;;;;;;;x
AZ9_rus_dominion;보르찰리 오크루그;;;;;;;;;;;;;x
AZ9_tur_colonial_company;보르찰리 빌레이엣;;;;;;;;;;;;;x
BAD_absolute_monarchy;게르트루트 대공국;;;;;;;;;;;;;x
BAD_colonial_company;게르트루트 특허회사령;;;;;;;;;;;;;x
BAD_democracy;게르트루트 자유국;;;;;;;;;;;;;x
BAD_dominion;게르트루트 자치령;;;;;;;;;;;;;x
BAD_fascist_dictatorship;게르트루트 국민국가;;;;;;;;;;;;;x
BAD_federal_democracy;게르트루트 연방공화국;;;;;;;;;;;;;x
BAD_hms_government;게르트루트 입헌대공국;;;;;;;;;;;;;x
BAD_parliamentary_republic;게르트루트 의회공화국;;;;;;;;;;;;;x
BAD_proletarian_dictatorship;게르트루트 평의회 공화국;;;;;;;;;;;;;x
BAD_prussian_constitutionalism;게르트루트 영방의회;;;;;;;;;;;;;x
BAN_colonial_company;히아킨 특허회사령;;;;;;;;;;;;;x
BAN_democracy;히아킨 자유국;;;;;;;;;;;;;x
BAN_dominion;히아킨 자치령;;;;;;;;;;;;;x
BAV_absolute_monarchy;하루카 왕국;;;;;;;;;;;;;x
BAV_colonial_company;하루카 특허회사령;;;;;;;;;;;;;x
BAV_democracy;하루카 자유국;;;;;;;;;;;;;x
BAV_dominion;하루카 자치령;;;;;;;;;;;;;x
BAV_fascist_dictatorship;하루카 국민국가;;;;;;;;;;;;;x
BAV_federal_democracy;하루카 연방공화국;;;;;;;;;;;;;x
BAV_hms_government;하루카 입헌왕국;;;;;;;;;;;;;x
BAV_parliamentary_republic;하루카 의회공화국;;;;;;;;;;;;;x
BAV_proletarian_dictatorship;하루카 평의회 공화국;;;;;;;;;;;;;x
BAV_prussian_constitutionalism;하루카 영방의회;;;;;;;;;;;;;x
BEL_colonial_company;CH 우편사 특허회사령;;;;;;;;;;;;;x
BER_colonial_company;수수께끼의 란마루 X 동인도회사령;;;;;;;;;;;;;x
BRG_absolute_moarchy;클레 왕국;;;;;;;;;;;;;x
BRG_prussian_constitutionalism;클레 왕실국무원;;;;;;;;;;;;;x
BRG_hms_government;클레 입헌왕국;;;;;;;;;;;;;x
BRG_bourgeois_dictatorship;클레 총재정부;;;;;;;;;;;;;x
BRG_fascist_dictatorship;클레 국민국가;;;;;;;;;;;;;x
BRG_proletarian_dictatorship;클레 코뮌;;;;;;;;;;;;;x
BER_dominion;수수께끼의 란마루 X 번왕령;;;;;;;;;;;;;x
BHM_colonial_company;실로닌 특허회사령;;;;;;;;;;;;;x
BHM_dominion;실로닌 자치령;;;;;;;;;;;;;x
BHM_hms_government;실로닌 입헌왕국;;;;;;;;;;;;;x
BHM_parliamentary_republic;실로닌 의회공화국;;;;;;;;;;;;;x
BIH_proletarian_dictatorship;카신 거사 인민공화국;;;;;;;;;;;;;x
BKU_absolute_monarchy;바쿠 칸네;;;;;;;;;;;;;x
BKU_absolute_monarchy2;압세론 프린스덤;;;;;;;;;;;;;x
BKU_bourgeois_dictatorship;Centrocaspian Dictatorship;;;;;;;;;;;;;x
BKU_democracy;바쿠 퍼블릭;;;;;;;;;;;;;x
BKU_democracy2;압세론 리퍼블릭;;;;;;;;;;;;;x
BKU_fascist_dictatorship;Centrocaspian Dictatorship;;;;;;;;;;;;;x
BKU_federal_democracy;유나이티드 압세론 우샤스트키;;;;;;;;;;;;;x
BKU_hms_government;유나이티드 바쿠 마할스;;;;;;;;;;;;;x
BKU_hms_government2;유나이티드 압세론 우샤스트키;;;;;;;;;;;;;x
BKU_parliamentary_republic;유나이티드 바쿠 우샤스트키;;;;;;;;;;;;;x
BKU_presidential_dictatorship;Centrocaspian Dictatorship;;;;;;;;;;;;;x
BKU_proletarian_dictatorship;바쿠 코뮌;;;;;;;;;;;;;x
BKU_prussian_constitutionalism;바쿠 에미레이트;;;;;;;;;;;;;x
BKU_prussian_constitutionalism2;압세론 프린스덤;;;;;;;;;;;;;x
BLC_colonial_company;스기타니 젠주보 통상회사령;;;;;;;;;;;;;x
BLC_dominion;스기타니 젠주보 자치령;;;;;;;;;;;;;x
BLZ_colonial_company;보아 행콕 특허회사령;;;;;;;;;;;;;x
BLZ_dominion;보아 행콕 자치령;;;;;;;;;;;;;x
BLZ_hms_government;보아 행콕 입헌왕국;;;;;;;;;;;;;x
BLZ_parliamentary_republic;보아 행콕 의회공화국;;;;;;;;;;;;;x
BMD_colonial_company;이안산 특허회사령;;;;;;;;;;;;;x
BMD_dominion;이안산 자치령;;;;;;;;;;;;;x
BMK_absolute_monarchy;바마코 왕국;;;;;;;;;;;;;x
BMK_hms_government;바마코 입헌왕국;;;;;;;;;;;;;x
BMK_prussian_constitutionalism;바마코 왕실원로회;;;;;;;;;;;;;x
BNG_absolute_monarchy;레드 라자국;;;;;;;;;;;;;x
BNG_hms_government;레드 입헌라자국;;;;;;;;;;;;;x
BNG_proletarian_dictatorship;레드 인민공화국;;;;;;;;;;;;;x
BNG_prussian_constitutionalism;레드 다르바르;;;;;;;;;;;;;x
BOH_colonial_company;산드로네 공업특허회사;;;;;;;;;;;;;x
BOH_democracy;산드로네 보헤미아 공화국;;;;;;;;;;;;;x
BOH_dominion;산드로네 자치령;;;;;;;;;;;;;x
BOS_colonial_company;케리드라 특허회사령;;;;;;;;;;;;;x
BOS_dominion;케리드라 자치령;;;;;;;;;;;;;x
BRA_absolute_monarchy;민나 공국;;;;;;;;;;;;;x
BRA_colonial_company;민나 특허회사령;;;;;;;;;;;;;x
BRA_democracy;민나 자유국;;;;;;;;;;;;;x
BRA_dominion;민나 자치령;;;;;;;;;;;;;x
BRA_fascist_dictatorship;민나 국민국가;;;;;;;;;;;;;x
BRA_federal_democracy;민나 연방공화국;;;;;;;;;;;;;x
BRA_hms_government;민나 입헌공국;;;;;;;;;;;;;x
BRA_parliamentary_republic;민나 의회공화국;;;;;;;;;;;;;x
BRA_proletarian_dictatorship;민나 평의회 공화국;;;;;;;;;;;;;x
BRA_prussian_constitutionalism;민나 영방의회;;;;;;;;;;;;;x
BRB_colonial_company;유니콘 특허회사령;;;;;;;;;;;;;x
BRB_dominion;유니콘 자치령;;;;;;;;;;;;;x
BRB_hms_government;유니콘 입헌왕국;;;;;;;;;;;;;x
BRB_parliamentary_republic;유니콘 의회공화국;;;;;;;;;;;;;x
BRE_absolute_monarchy;후우카 공국;;;;;;;;;;;;;x
BRE_colonial_company;후우카 특허회사령;;;;;;;;;;;;;x
BRE_democracy;후우카 한자 자유시;;;;;;;;;;;;;x
BRE_dominion;후우카 자치령;;;;;;;;;;;;;x
BRE_fascist_dictatorship;후우카 국민국가;;;;;;;;;;;;;x
BRE_federal_democracy;후우카 연방공화국;;;;;;;;;;;;;x
BRE_hms_government;후우카 입헌공국;;;;;;;;;;;;;x
BRE_parliamentary_republic;후우카 의회공화국;;;;;;;;;;;;;x
BRE_proletarian_dictatorship;후우카 평의회 공화국;;;;;;;;;;;;;x
BRE_prussian_constitutionalism;후우카 영방의회;;;;;;;;;;;;;x
BRM_absolute_monarchy;바기르미 술탄국;;;;;;;;;;;;;x
BRM_democracy;바기르미 공화국;;;;;;;;;;;;;x
BRM_hms_government;바기르미 입헌술탄국;;;;;;;;;;;;;x
BRM_prussian_constitutionalism;바기르미 디완;;;;;;;;;;;;;x
BRZ_absolute_monarchy;미치코 말란드로 제국;;;;;;;;;;;;;x
BRZ_colonial_company;미치코 말란드로 특허회사령;;;;;;;;;;;;;x
BRZ_dominion;미치코 말란드로 자치령;;;;;;;;;;;;;x
BRZ_hms_government;미치코 말란드로 입헌제국;;;;;;;;;;;;;x
BRZ_proletarian_dictatorship;미치코 말란드로 사회주의 연방;;;;;;;;;;;;;x
BRZ_prussian_constitutionalism;미치코 말란드로 제국국무원;;;;;;;;;;;;;x
CEQ_absolute_monarchy;무스 제국;;;;;;;;;;;;;x
CEQ_hms_government;무스 입헌제국;;;;;;;;;;;;;x
CEQ_prussian_constitutionalism;무스 제국국무원;;;;;;;;;;;;;x
CEQ_proletarian_dictatorship;무스 사회주의 연방;;;;;;;;;;;;;x
BSH_absolute_monarchy;레소토 왕국;;;;;;;;;;;;;x
BSQ_fascist_dictatorship;아라시 치사토 국민연합국;;;;;;;;;;;;;x
BUG_absolute_monarchy;부간다 왕국;;;;;;;;;;;;;x
BUG_prussian_constitutionalism;부간다 왕실원로회;;;;;;;;;;;;;x
BUK_absolute_monarchy;에레쉬키갈 칸국;;;;;;;;;;;;;x
BUK_bourgeois_dictatorship;에레쉬키갈 도시상인연맹;;;;;;;;;;;;;x
BUK_democracy;에레쉬키갈 공화국;;;;;;;;;;;;;x
BUK_fascist_dictatorship;에레쉬키갈 국민통합국;;;;;;;;;;;;;x
BUK_presidential_dictatorship;에레쉬키갈 군사평의회;;;;;;;;;;;;;x
BUK_proletarian_dictatorship;에레쉬키갈 인민공화국;;;;;;;;;;;;;x
BUN_colonial_company;락슈미 바이 동인도회사령;;;;;;;;;;;;;x
BUN_dominion;락슈미 바이 번왕령;;;;;;;;;;;;;x
BUR_absolute_monarchy;우타게 왕국;;;;;;;;;;;;;x
BYZ_absolute_monarchy;아탈란테 제국;Empire byzantin;Byzantinisches Reich;;;;;;;;;;;x
BYZ_bourgeois_dictatorship;아탈란테 도시공화국;;;;;;;;;;;;;x
BYZ_democracy;아탈란테 공화국;;;;;;;;;;;;;x
BYZ_fascist_dictatorship;아탈란테 국민국가;;;;;;;;;;;;;x
BYZ_hms_government;아탈란테 입헌제국;;;;;;;;;;;;;x
BYZ_presidential_dictatorship;아탈란테 군사평의회;;;;;;;;;;;;;x
BYZ_proletarian_dictatorship;아탈란테 인민공화국;Union des th?es rouges;Union der Rotthematiker;;;;;;;;;;;x
BYZ_prussian_constitutionalism;아탈란테 왕실평의회;;;;;;;;;;;;;x
CAL_absolute_monarchy;모모이 제국;;;;;;;;;;;;;x
CAL_colonial_company;모모이 특허회사령;;;;;;;;;;;;;x
CAL_democracy;모모이 연방공화국;;;;;;;;;;;;;x
CAL_dominion;모모이 자치령;;;;;;;;;;;;;x
CAL_federal_democracy;모모이 연방공화국;;;;;;;;;;;;;x
CAL_hms_government;모모이 입헌제국;Royaume de Californie;Kingdom of California;;;;;;;;;;;x
CAL_prussian_constitutionalism;모모이 왕실의회;;;;;;;;;;;;;x
CAN_absolute_monarchy;쿠리무라 아이리 왕국;;;;;;;;;;;;;x
CAN_colonial_company;쿠리무라 아이리 특허회사령;;;;;;;;;;;;;x
CAN_democracy;쿠리무라 아이리 공화국;;;;;;;;;;;;;x
CAN_dominion;쿠리무라 아이리 자치령;;;;;;;;;;;;;x
CAN_hms_government;쿠리무라 아이리 입헌왕국;;;;;;;;;;;;;x
CAN_parliamentary_republic;쿠리무라 아이리 의회공화국;;;;;;;;;;;;;x
CAN_prussian_constitutionalism;쿠리무라 아이리 추밀원;;;;;;;;;;;;;x
CAR_absolute_monarchy;중앙아프리카 제국;;;;;;;;;;;;;x
CAR_colonial_company;중앙아프리카 특허회사령;;;;;;;;;;;;;x
CAR_fascist_dictatorship;중앙아프리카 국민통합국;;;;;;;;;;;;;x
CAR_hms_government;중앙아프리카 입헌제국;;;;;;;;;;;;;x
CAR_prussian_constitutionalism;중앙아프리카 왕실원로회;;;;;;;;;;;;;x
CAT_proletarian_dictatorship;하즈키 렌 노동자공화국;;;;;;;;;;;;;x
CGO_proletarian_dictatorship;브라자빌 콩고 인민공화국;;;;;;;;;;;;;x
CHD_absolute_monarchy;차드 술탄국;;;;;;;;;;;;;x
CHD_prussian_constitutionalism;차드 디완;;;;;;;;;;;;;x
CHE_democracy;히비키 부족공화국;;;;;;;;;;;;;x
CHE_dominion;히비키 보호국;;;;;;;;;;;;;x
CHE_federal_democracy;히비키 연방공화국;;;;;;;;;;;;;x
CHI_absolute_monarchy;키사키 제국;;;;;;;;;;;;;x
CHI_democracy;키사키 민국;;;;;;;;;;;;;x
CHI_hms_government;키사키 입헌제국;;;;;;;;;;;;;x
CHI_presidential_dictatorship;키사키 군정부;;;;;;;;;;;;;x
CHI_proletarian_dictatorship;키사키 인민공화국;;;;;;;;;;;;;x
CHI_prussian_constitutionalism;키사키 자정원;;;;;;;;;;;;;x
CHL_colonial_company;칸타빌레 특허회사령;;;;;;;;;;;;;x
CHO_absolute_monarchy;이즈나 번;;;;;;;;;;;;;x
CHO_hms_government;이즈나 입헌번;;;;;;;;;;;;;x
CHO_prussian_constitutionalism;이즈나 번정평의회;;;;;;;;;;;;;x
CHP_colonial_company;케이 특허회사령;;;;;;;;;;;;;x
CHP_democracy;케이 공화국;;;;;;;;;;;;;x
CHP_federal_democracy;케이 연방공화국;;;;;;;;;;;;;x
CIR_absolute_monarchy;파루잔 왕국;;;;;;;;;;;;;x
CIR_bourgeois_dictatorship;파루잔 도시자치연맹;;;;;;;;;;;;;x
CIR_democracy;파루잔 공화국;;;;;;;;;;;;;x
CIR_fascist_dictatorship;파루잔 국민국가;;;;;;;;;;;;;x
CIR_hms_government;파루잔 입헌왕국;;;;;;;;;;;;;x
CIR_presidential_dictatorship;파루잔 군사섭정정부;;;;;;;;;;;;;x
CIR_proletarian_dictatorship;파루잔 인민공화국;;;;;;;;;;;;;x
CIR_prussian_constitutionalism;파루잔 왕실참사회;;;;;;;;;;;;;x
C0R_absolute_monarchy;압자흐;;;;;;;;;;;;;x
C0R_bourgeois_dictatorship;압자흐;;;;;;;;;;;;;x
C0R_democracy;압자히아의 연합 짜마츠;;;;;;;;;;;;;x
C0R_fascist_dictatorship;압자흐;;;;;;;;;;;;;x
C0R_hms_government;압자히아의 연합 짜마츠;;;;;;;;;;;;;x
C0R_presidential_dictatorship;압자흐;;;;;;;;;;;;;x
C0R_proletarian_dictatorship;압자흐의 코뮌;;;;;;;;;;;;;x
C0R_prussian_constitutionalism;압자히아의 연합 짜마츠;;;;;;;;;;;;;x
C1R_absolute_monarchy;테미르고이;;;;;;;;;;;;;x
C1R_bourgeois_dictatorship;테미르고이;;;;;;;;;;;;;x
C1R_democracy;테미르고이 짜마츠;;;;;;;;;;;;;x
C1R_fascist_dictatorship;테미르고이;;;;;;;;;;;;;x
C1R_hms_government;테미르고이 짜마츠;;;;;;;;;;;;;x
C1R_presidential_dictatorship;테미르고이;;;;;;;;;;;;;x
C1R_proletarian_dictatorship;테미르고이의 코뮌;;;;;;;;;;;;;x
C1R_prussian_constitutionalism;테미르고이 짜마츠;;;;;;;;;;;;;x
C2R_absolute_monarchy;까그합시 수기아;;;;;;;;;;;;;x
C2R_bourgeois_dictatorship;까그합시 수기아;;;;;;;;;;;;;x
C2R_democracy;짜갑쉬 짜마츠;;;;;;;;;;;;;x
C2R_fascist_dictatorship;까그갑쓰;;;;;;;;;;;;;x
C2R_hms_government;짜갑쉬 짜마츠;;;;;;;;;;;;;x
C2R_presidential_dictatorship;까그갑쓰;;;;;;;;;;;;;x
C2R_proletarian_dictatorship;티카합쉬의 코뮌;;;;;;;;;;;;;x
C2R_prussian_constitutionalism;짜갑쉬 짜마츠;;;;;;;;;;;;;x
C3R_absolute_monarchy;나투하이;;;;;;;;;;;;;x
C3R_bourgeois_dictatorship;나투하이;;;;;;;;;;;;;x
C3R_democracy;나투하이 짜마츠;;;;;;;;;;;;;x
C3R_fascist_dictatorship;나투하이;;;;;;;;;;;;;x
C3R_hms_government;나투하이 짜마츠;;;;;;;;;;;;;x
C3R_presidential_dictatorship;나투하이;;;;;;;;;;;;;x
C3R_proletarian_dictatorship;나투하이의 코뮌;;;;;;;;;;;;;x
C3R_prussian_constitutionalism;나투하이 짜마츠;;;;;;;;;;;;;x
C4R_absolute_monarchy;우비히아;;;;;;;;;;;;;x
C4R_bourgeois_dictatorship;우비히아;;;;;;;;;;;;;x
C4R_democracy;우비히아의 짜마츠;;;;;;;;;;;;;x
C4R_fascist_dictatorship;우비히아;;;;;;;;;;;;;x
C4R_hms_government;우비히아의 짜마츠;;;;;;;;;;;;;x
C4R_presidential_dictatorship;우비히아;;;;;;;;;;;;;x
C4R_proletarian_dictatorship;우비히아의 코뮌;;;;;;;;;;;;;x
C4R_prussian_constitutionalism;우비히아의 짜마츠;;;;;;;;;;;;;x
C5R_absolute_monarchy;카바르디아;;;;;;;;;;;;;x
C5R_bourgeois_dictatorship;카바르디아;;;;;;;;;;;;;x
C5R_democracy;카바르디아의 짜마츠;;;;;;;;;;;;;x
C5R_fascist_dictatorship;카바르디아;;;;;;;;;;;;;x
C5R_hms_government;카바르디아의 짜마츠;;;;;;;;;;;;;x
C5R_presidential_dictatorship;카바르디아;;;;;;;;;;;;;x
C5R_proletarian_dictatorship;카바르디아의 코뮌;;;;;;;;;;;;;x
C5R_prussian_constitutionalism;카바르디아의 짜마츠;;;;;;;;;;;;;x
C6R_absolute_monarchy;십수기아;;;;;;;;;;;;;x
C6R_bourgeois_dictatorship;십수기아;;;;;;;;;;;;;x
C6R_democracy;수기아의 짜마츠;;;;;;;;;;;;;x
C6R_fascist_dictatorship;십수기아;;;;;;;;;;;;;x
C6R_hms_government;수기아의 짜마츠;;;;;;;;;;;;;x
C6R_presidential_dictatorship;십수기아;;;;;;;;;;;;;x
C6R_proletarian_dictatorship;수기아의 코뮌;;;;;;;;;;;;;x
C6R_prussian_constitutionalism;수기아의 짜마츠;;;;;;;;;;;;;x
C7R_absolute_monarchy;뷔스;;;;;;;;;;;;;x
C7R_bourgeois_dictatorship;뷔스;;;;;;;;;;;;;x
C7R_democracy;비즈게그즈 짜마츠;;;;;;;;;;;;;x
C7R_fascist_dictatorship;뷔스;;;;;;;;;;;;;x
C7R_hms_government;비즈게그즈 짜마츠;;;;;;;;;;;;;x
C7R_presidential_dictatorship;뷔스;;;;;;;;;;;;;x
C7R_proletarian_dictatorship;뷔헤그의 코뮌;;;;;;;;;;;;;x
C7R_prussian_constitutionalism;뷔스;;;;;;;;;;;;;x
C8R_absolute_monarchy;비슬니;;;;;;;;;;;;;x
C8R_bourgeois_dictatorship;비슬니;;;;;;;;;;;;;x
C8R_democracy;베슬니 짜마츠;;;;;;;;;;;;;x
C8R_fascist_dictatorship;비슬니;;;;;;;;;;;;;x
C8R_hms_government;베슬니 짜마츠;;;;;;;;;;;;;x
C8R_presidential_dictatorship;비슬니;;;;;;;;;;;;;x
C8R_proletarian_dictatorship;베슬니의 콩쿨;;;;;;;;;;;;;x
C8R_prussian_constitutionalism;베슬니 짜마츠;;;;;;;;;;;;;x
C9R_absolute_monarchy;막호호;;;;;;;;;;;;;x
C9R_bourgeois_dictatorship;막호호;;;;;;;;;;;;;x
C9R_democracy;막호쉬 짜마츠;;;;;;;;;;;;;x
C9R_fascist_dictatorship;막호호;;;;;;;;;;;;;x
C9R_hms_government;막호쉬 짜마츠;;;;;;;;;;;;;x
C9R_presidential_dictatorship;막호호;;;;;;;;;;;;;x
C9R_proletarian_dictatorship;막호쉬의 코뮌;;;;;;;;;;;;;x
C9R_prussian_constitutionalism;막호쉬 짜마츠;;;;;;;;;;;;;x
C10_absolute_monarchy;예게루치와;;;;;;;;;;;;;x
C10_bourgeois_dictatorship;예게루치와;;;;;;;;;;;;;x
C10_democracy;예게루콰이 짜마츠;;;;;;;;;;;;;x
C10_fascist_dictatorship;예게루치와;;;;;;;;;;;;;x
C10_hms_government;예게루콰이 짜마츠;;;;;;;;;;;;;x
C10_presidential_dictatorship;예게루치와;;;;;;;;;;;;;x
C10_proletarian_dictatorship;예게루콰이의 코뮌;;;;;;;;;;;;;x
C10_prussian_constitutionalism;예게루콰이 짜마츠;;;;;;;;;;;;;x
CLB_absolute_monarchy;백인 알바니아;;;;;;;;;;;;;x
CLB_bourgeois_dictatorship;우디스탄;;;;;;;;;;;;;x
CLB_democracy;우디스탄;;;;;;;;;;;;;x
CLB_fascist_dictatorship;우틱 아그환크 헤게모니;;;;;;;;;;;;;x
CLB_hms_government;백인 알바니아;;;;;;;;;;;;;x
CLB_presidential_dictatorship;우디스탄;;;;;;;;;;;;;x
CLB_proletarian_dictatorship;우디스탄의 공동체;;;;;;;;;;;;;x
CLB_prussian_constitutionalism;백인 알바니아;;;;;;;;;;;;;x
CLM_absolute_monarchy;두냐자드 왕국;;;;;;;;;;;;;x
CLM_fascist_dictatorship;두냐자드 국민통합국;;;;;;;;;;;;;x
CLM_hms_government;두냐자드 입헌왕국;;;;;;;;;;;;;x
CLM_prussian_constitutionalism;두냐자드 왕실평의회;;;;;;;;;;;;;x
CNG_absolute_monarchy;콩고 자유국;;;;;;;;;;;;;x
CMR_colonial_company;카메룬 특허회사령;;;;;;;;;;;;;x
CNG_democracy;콩고 공화국;;;;;;;;;;;;;x
CNG_hms_government;콩고 입헌왕국;;;;;;;;;;;;;x
CNG_presidential_dictatorship;콩고 군사평의회;Za?e;Zaire;;;;;;;;;;;x
CNG_prussian_constitutionalism;콩고 왕실원로회;;;;;;;;;;;;;x
COB_absolute_monarchy;사츠키 공국;;;;;;;;;;;;;x
COB_colonial_company;사츠키 특허회사령;;;;;;;;;;;;;x
COB_democracy;사츠키 자유국;;;;;;;;;;;;;x
COB_dominion;사츠키 자치령;;;;;;;;;;;;;x
COB_fascist_dictatorship;사츠키 국민국가;;;;;;;;;;;;;x
COB_federal_democracy;사츠키 연방공화국;;;;;;;;;;;;;x
COB_hms_government;사츠키 입헌공국;;;;;;;;;;;;;x
COB_parliamentary_republic;사츠키 의회공화국;;;;;;;;;;;;;x
COB_proletarian_dictatorship;사츠키 평의회 공화국;;;;;;;;;;;;;x
COB_prussian_constitutionalism;사츠키 영방의회;;;;;;;;;;;;;x
COL_colonial_company;유즈 특허회사령;;;;;;;;;;;;;x
COL_democracy;유즈 공화국;;;;;;;;;;;;;x
COL_dominion;유즈 자치령;;;;;;;;;;;;;x
COL_hms_government;유즈 입헌왕국;;;;;;;;;;;;;x
COL_parliamentary_republic;유즈 의회공화국;;;;;;;;;;;;;x
COS_colonial_company;나미 특허회사령;;;;;;;;;;;;;x
COS_democracy;나미 공화국;;;;;;;;;;;;;x
COS_federal_democracy;나미 연방공화국;;;;;;;;;;;;;x
COS_presidential_dictatorship;나미 군사평의회;;;;;;;;;;;;;x
COU_colonial_company;그라벨 특허회사령;;;;;;;;;;;;;x
COU_dominion;그라벨 자치령;;;;;;;;;;;;;x
COU_hms_government;그라벨 입헌대공국;;;;;;;;;;;;;x
COU_prussian_constitutionalism;그라벨 영방의회;;;;;;;;;;;;;x
COU_absolute_monarchy;그라벨 대공국;;;;;;;;;;;;;x
CPL_absolute_monarchy;카지미에시 기사연맹 왕국;;;;;;;;;;;;;x
CPL_colonial_company;카지미에시 기사연맹 특허회사령;;;;;;;;;;;;;x
CPL_dominion;카지미에시 기사연맹 자치령;;;;;;;;;;;;;x
CPL_hms_government;카지미에시 기사연맹 입헌왕국;;;;;;;;;;;;;x
CPL_prussian_constitutionalism;카지미에시 기사연맹 셰임;;;;;;;;;;;;;x
CPL_presidential_dictatorship;카지미에시 기사연맹 군사집정부;;;;;;;;;;;;;x
POL_presidential_dictatorship;베스나 근위군정;;;;;;;;;;;;;x
CRB_absolute_monarchy;케이퍼 왕국;;;;;;;;;;;;;x
CRB_colonial_company;케이퍼 특허회사령;;;;;;;;;;;;;x
CRB_democracy;케이퍼 공화국;;;;;;;;;;;;;x
CRB_dominion;케이퍼 자치령;;;;;;;;;;;;;x
CRB_fascist_dictatorship;케이퍼 국민통합국;;;;;;;;;;;;;x
CRB_hms_government;케이퍼 입헌왕국;;;;;;;;;;;;;x
CRB_parliamentary_republic;케이퍼 의회공화국;;;;;;;;;;;;;x
CRB_proletarian_dictatorship;케이퍼 사회주의 공화국;;;;;;;;;;;;;x
CRB_prussian_constitutionalism;케이퍼 왕실평의회;;;;;;;;;;;;;x
CSA_absolute_monarchy;에이미 왕국;;;;;;;;;;;;;x
CSA_bourgeois_dictatorship;에이미 주권주연합;;;;;;;;;;;;;x
CSA_democracy;에이미 연방공화국;;;;;;;;;;;;;x
CSA_fascist_dictatorship;에이미 국민연합국;;;;;;;;;;;;;x
CSA_federal_democracy;에이미 연방공화국;;;;;;;;;;;;;x
CSA_hms_government;에이미 입헌왕국;;;;;;;;;;;;;x
CSA_presidential_dictatorship;에이미 군사정부;;;;;;;;;;;;;x
CSA_proletarian_dictatorship;에이미 사회주의 연방;;;;;;;;;;;;;x
CSA_prussian_constitutionalism;에이미 왕실의회;;;;;;;;;;;;;x
CUB_colonial_company;애비게일 윌리엄스 특허회사령;;;;;;;;;;;;;x
CUB_democracy;애비게일 윌리엄스 공화국;;;;;;;;;;;;;x
CUB_federal_democracy;애비게일 윌리엄스 연방공화국;;;;;;;;;;;;;x
CUB_presidential_dictatorship;애비게일 윌리엄스 군사평의회;;;;;;;;;;;;;x
CUB_proletarian_dictatorship;애비게일 윌리엄스 사회주의 공화국;;;;;;;;;;;;;x
CYR_absolute_monarchy;연홍옥 토후국;;;;;;;;;;;;;x
CYR_theocracy;연홍옥 이맘국;;;;;;;;;;;;;x
DA0_absolute_monarchy;아바르 칸네아;;;;;;;;;;;;;x
DA0_bourgeois_dictatorship;아바리스탄;;;;;;;;;;;;;x
DA0_democracy;아바리스탄의 짜마츠;;;;;;;;;;;;;x
DA0_fascist_dictatorship;아바리스탄;;;;;;;;;;;;;x
DA0_hms_government;아바리스탄의 짜마츠;;;;;;;;;;;;;x
DA0_presidential_dictatorship;아바리스탄;;;;;;;;;;;;;x
DA0_proletarian_dictatorship;아바리스탄의 코뮌;;;;;;;;;;;;;x
DA0_prussian_constitutionalism;아바리스탄의 미령;;;;;;;;;;;;;x
DA1_absolute_monarchy;케이태그 웃즘;;;;;;;;;;;;;x
DA1_bourgeois_dictatorship;카라카요태;;;;;;;;;;;;;x
DA1_democracy;카라카야뜨의 짜마츠;;;;;;;;;;;;;x
DA1_fascist_dictatorship;다르긴스탄;;;;;;;;;;;;;x
DA1_hms_government;카라카야뜨의 짜마츠;;;;;;;;;;;;;x
DA1_presidential_dictatorship;카라카요태;;;;;;;;;;;;;x
DA1_proletarian_dictatorship;카라키태그의 코뮌;;;;;;;;;;;;x
DA1_prussian_constitutionalism;카라카야트 공주;;;;;;;;;;;;;x
DA2_absolute_monarchy;가지쿠무크 칸네;;;;;;;;;;;;;x
DA2_absolute_monarchy_2;가지쿠무크 샴칼레이트;;;;;;;;;;;;;x
DA2_bourgeois_dictatorship;라키스탄;;;;;;;;;;;;;x
DA2_democracy;라키스탄의 짜마츠;;;;;;;;;;;;;x
DA2_fascist_dictatorship;라키스탄;;;;;;;;;;;;;x
DA2_hms_government;라키스탄의 짜마츠;;;;;;;;;;;;;x
DA2_presidential_dictatorship;라키스탄;;;;;;;;;;;;;x
DA2_proletarian_dictatorship;라오스의 코뮌;;;;;;;;;;;;;x
DA2_theocracy;가지쿠무크 이마메이트;;;;;;;;;;;;;x
DA2_prussian_constitutionalism;라키스탄의 미령;;;;;;;;;;;;;x
DA3_absolute_monarchy;칼리린 칸네이트;;;;;;;;;;;;;x
DA3_bourgeois_dictatorship;레지스탄;;;;;;;;;;;;;x
DA3_democracy;레지스탄의 짜마트;;;;;;;;;;;;;x
DA3_fascist_dictatorship;레지스탄;;;;;;;;;;;;;x
DA3_hms_government;레지스탄의 짜마트;;;;;;;;;;;;;x
DA3_presidential_dictatorship;레지스탄;;;;;;;;;;;;;x
DA3_proletarian_dictatorship;라오스의 코뮌;;;;;;;;;;;;;x
DA3_prussian_constitutionalism;레지스탄의 미령;;;;;;;;;;;;;x
DA4_absolute_monarchy;타바사란 마이수마트;;;;;;;;;;;;;x
DA4_bourgeois_dictatorship;타바사란;;;;;;;;;;;;;x
DA4_democracy;타바사란의 짜마츠;;;;;;;;;;;;;x
DA4_fascist_dictatorship;타바사란;;;;;;;;;;;;;x
DA4_hms_government;타바사란의 짜마츠;;;;;;;;;;;;;x
DA4_presidential_dictatorship;타바사란;;;;;;;;;;;;;x
DA4_proletarian_dictatorship;라오스의 코뮌;;;;;;;;;;;;;x
DA4_prussian_constitutionalism;타바사란의 존경;;;;;;;;;;;;;x
DA5_absolute_monarchy;타르키 샴칼레이트;;;;;;;;;;;;;x
DA5_bourgeois_dictatorship;쿠미키아;;;;;;;;;;;;;x
DA5_democracy;쿠미크 퍼블릭;;;;;;;;;;;;;x
DA5_fascist_dictatorship;시미르달;;;;;;;;;;;;;x
DA5_hms_government;쿠미크 샴칼레이트;;;;;;;;;;;;;x
DA5_presidential_dictatorship;시미르달;;;;;;;;;;;;;x
DA5_proletarian_dictatorship;시미르달 SSR;;;;;;;;;;;;;x
DA5_prussian_constitutionalism;시미르달의 미령;;;;;;;;;;;;;x
DA6_absolute_monarchy;엘리수 술타네이트;;;;;;;;;;;;;x
DA6_bourgeois_dictatorship;쓰샤부리스탄;;;;;;;;;;;;;x
DA6_democracy;타하시스탄의 짜마츠;;;;;;;;;;;;;x
DA6_fascist_dictatorship;쓰샤부리스탄;;;;;;;;;;;;;x
DA6_hms_government;타하시스탄의 짜마츠;;;;;;;;;;;;;x
DA6_presidential_dictatorship;쓰샤부리스탄;;;;;;;;;;;;;x
DA6_proletarian_dictatorship;타부리스탄의 코뮌;;;;;;;;;;;;;x
DA6_prussian_constitutionalism;타부리스탄의 미령;;;;;;;;;;;;;x
DA7_absolute_monarchy;루툴 브케돔;;;;;;;;;;;;;x
DA7_bourgeois_dictatorship;루툴리스탄;;;;;;;;;;;;;x
DA7_democracy;루툴리스탄의 짜마트;;;;;;;;;;;;;x
DA7_fascist_dictatorship;루툴리스탄;;;;;;;;;;;;;x
DA7_hms_government;루툴리스탄의 짜마트;;;;;;;;;;;;;x
DA7_presidential_dictatorship;루툴리스탄;;;;;;;;;;;;;x
DA7_proletarian_dictatorship;루툴리스탄의 코뮌;;;;;;;;;;;;;x
DA7_prussian_constitutionalism;루툴리스탄의 존경;;;;;;;;;;;;;x
DA8_absolute_monarchy;메꾸툴리 칸네;;;;;;;;;;;;;x
DA8_bourgeois_dictatorship;메꾸툴리;;;;;;;;;;;;;x
DA8_democracy;메꾸툴리의 짜마츠;;;;;;;;;;;;;x
DA8_fascist_dictatorship;메꾸툴리;;;;;;;;;;;;;x
DA8_hms_government;메꾸툴리의 짜마츠;;;;;;;;;;;;;x
DA8_presidential_dictatorship;메꾸툴리;;;;;;;;;;;;;x
DA8_proletarian_dictatorship;메흐툴리의 코;;;;;;;;;;;;;x
DA8_prussian_constitutionalism;메흐툴리의 존경;;;;;;;;;;;;;x
DBT_absolute_monarchy;흡착제 칸네이트;;;;;;;;;;;;;x
DBT_absolute_monarchy2;흡착제 술타네이트;;;;;;;;;;;;;x
DBT_bourgeois_dictatorship;흡착제 코호트;;;;;;;;;;;;;x
DBT_democracy;탈착제 공화국;;;;;;;;;;;;;x
DBT_democracy2;흡착제 짜마트;;;;;;;;;;;;;x
DBT_fascist_dictatorship;흡착제 코호트;;;;;;;;;;;;;x
DBT_federal_democracy;유나이티드 더벤트 짜마츠;;;;;;;;;;;;;x
DBT_hms_government;유나이티드 더벤트 짜마츠;;;;;;;;;;;;;x
DBT_hms_government2;유나이티드 더벤트 짜마츠;;;;;;;;;;;;;x
DBT_parliamentary_republic;유나이티드 더벤트 짜마츠;;;;;;;;;;;;;x
DBT_presidential_dictatorship;탈구병의 군사독재;;;;;;;;;;;;;x
DBT_proletarian_dictatorship;흡착제 코뮌;;;;;;;;;;;;;x
DBT_prussian_constitutionalism;흡착제 에미레이트;;;;;;;;;;;;;x
DBT_prussian_constitutionalism2;흡착제 에미레이트;;;;;;;;;;;;;x
DBT_rus_colonial_company;흡착제 구역;;;;;;;;;;;;;x
DBT_rus_dominion;흡착제 구역;;;;;;;;;;;;;x
DBT_tur_colonial_company;흡착제 비라;;;;;;;;;;;;;x
DG0_absolute_monarchy;호니;;;;;;;;;;;;;x
DG0_bourgeois_dictatorship;아필리스탄;;;;;;;;;;;;;x
DG0_democracy;호니의 짜마츠;;;;;;;;;;;;;x
DG0_fascist_dictatorship;아필리스탄;;;;;;;;;;;;;x
DG0_hms_government;호니의 짜마츠;;;;;;;;;;;;;x
DG0_presidential_dictatorship;아필리스탄;;;;;;;;;;;;;x
DG0_proletarian_dictatorship;호산니의 코뮌;;;;;;;;;;;;;x
DG0_prussian_constitutionalism;아필리스탄의 존경;;;;;;;;;;;;;x
DG1_absolute_monarchy;수르가;;;;;;;;;;;;;x
DG1_bourgeois_dictatorship;수르가;;;;;;;;;;;;;x
DG1_democracy;수르가의 짜마츠;;;;;;;;;;;;;x
DG1_fascist_dictatorship;수르가;;;;;;;;;;;;;x
DG1_hms_government;수르가의 짜마츠;;;;;;;;;;;;;x
DG1_presidential_dictatorship;수르가;;;;;;;;;;;;;x
DG1_proletarian_dictatorship;수르가의 코뮌;;;;;;;;;;;;;x
DG1_prussian_constitutionalism;수르가의 존경;;;;;;;;;;;;;x
DG2_absolute_monarchy;질긴 고기;;;;;;;;;;;;;x
DG2_bourgeois_dictatorship;질긴 고기;;;;;;;;;;;;;x
DG2_democracy;니트리그의 짜마트;;;;;;;;;;;;;x
DG2_fascist_dictatorship;질긴 고기;;;;;;;;;;;;;x
DG2_hms_government;니트리그의 짜마트;;;;;;;;;;;;;x
DG2_presidential_dictatorship;질긴 고기;;;;;;;;;;;;;x
DG2_proletarian_dictatorship;니트릭의 코뮌;;;;;;;;;;;;;x
DG2_prussian_constitutionalism;니트릭의 존경;;;;;;;;;;;;;x
DG3_absolute_monarchy;익사물;;;;;;;;;;;;;x
DG3_bourgeois_dictatorship;익사물;;;;;;;;;;;;;x
DG3_democracy;익사물의 짜마츠;;;;;;;;;;;;;x
DG3_fascist_dictatorship;익사물;;;;;;;;;;;;;x
DG3_hms_government;익사물의 짜마츠;;;;;;;;;;;;;x
DG3_presidential_dictatorship;익사물;;;;;;;;;;;;;x
DG3_proletarian_dictatorship;이크라하울의 코뮌;;;;;;;;;;;;;x
DG3_prussian_constitutionalism;이크라하울의 존경;;;;;;;;;;;;;x
DG4_absolute_monarchy;브라건;;;;;;;;;;;;;x
DG4_bourgeois_dictatorship;브라건;;;;;;;;;;;;;x
DG4_democracy;브라건족 짜마츠;;;;;;;;;;;;;x
DG4_fascist_dictatorship;브라건;;;;;;;;;;;;;x
DG4_hms_government;브라건족 짜마츠;;;;;;;;;;;;;x
DG4_presidential_dictatorship;브라건;;;;;;;;;;;;;x
DG4_proletarian_dictatorship;브라건의 코뮌;;;;;;;;;;;;;x
DG4_prussian_constitutionalism;브라건 공주;;;;;;;;;;;;;x
DAG_absolute_monarchy;수메르 아카데미아 토후국;;;;;;;;;;;;;x
DAG_absolute_monarchy_2;수메르 아카데미아 세습토후국;;;;;;;;;;;;;x
DAG_bourgeois_dictatorship;수메르 아카데미아 도시자치연맹;;;;;;;;;;;;;x
DAG_tur_colonial_company;수메르 아카데미아 특허회사령;;;;;;;;;;;;;x
DAG_democracy;수메르 아카데미아 공화국;;;;;;;;;;;;;x
DAG_fascist_dictatorship;수메르 아카데미아 국민국가;;;;;;;;;;;;;x
DAG_hms_government;수메르 아카데미아 입헌토후국;;;;;;;;;;;;;x
DAG_presidential_dictatorship;수메르 아카데미아 군사섭정정부;;;;;;;;;;;;;x
DAG_proletarian_dictatorship;수메르 아카데미아 인민공화국;;;;;;;;;;;;;x
DAG_theocracy;수메르 아카데미아 이맘국;;;;;;;;;;;;;x
DAH_absolute_monarchy;다호메이 왕국;;;;;;;;;;;;;x
DAH_hms_government;다호메이 입헌왕국;;;;;;;;;;;;;x
DAH_proletarian_dictatorship;다호메이 인민공화국;;;;;;;;;;;;;x
DAH_prussian_constitutionalism;다호메이 왕실원로회;;;;;;;;;;;;;x
DAI_absolute_monarchy;히가시 황조;;;;;;;;;;;;;x
DAI_colonial_company;히가시 통상관할령;;;;;;;;;;;;;x
DAI_prussian_constitutionalism;히가시 기밀원;;;;;;;;;;;;;x
DAK_absolute_monarchy;네루 대추장국;;;;;;;;;;;;;x
DAK_democracy;네루 부족공화국;;;;;;;;;;;;;x
DAK_dominion;네루 보호국;;;;;;;;;;;;;x
DAK_federal_democracy;네루 연방공화국;;;;;;;;;;;;;x
DAK_hms_government;네루 입헌추장국;;;;;;;;;;;;;x
DAK_prussian_constitutionalism;네루 부족원로회;;;;;;;;;;;;;x
DAM_absolute_monarchy;다마가람 술탄국;;;;;;;;;;;;;x
DAM_bourgeois_dictatorship;다마가람 도시상인연맹;Haoussa;Haussaland;;;;;;;;;;;x
DAM_democracy;다마가람 공화국;Haoussa;Haussaland;;;;;;;;;;;x
DAM_fascist_dictatorship;다마가람 국민통합국;Haoussa;Haussaland;;;;;;;;;;;x
DAM_hms_government;다마가람 입헌술탄국;;;;;;;;;;;;;x
DAM_presidential_dictatorship;다마가람 군사평의회;Haoussa;Haussaland;;;;;;;;;;;x
DAM_proletarian_dictatorship;다마가람 인민공화국;Haoussa;Haussaland;;;;;;;;;;;x
DAM_prussian_constitutionalism;다마가람 디완;;;;;;;;;;;;;x
DAR_absolute_monarchy;다르푸르 술탄국;;;;;;;;;;;;;x
DAR_hms_government;다르푸르 입헌술탄국;;;;;;;;;;;;;x
DAR_prussian_constitutionalism;다르푸르 디완;;;;;;;;;;;;;x
DES_democracy;마키 연방공화국;;;;;;;;;;;;;x
DES_dominion;마키 자치령;;;;;;;;;;;;;x
DES_theocracy;마키 후기성도 신정국;;;;;;;;;;;;;x
DGT_bourgeois_dictatorship;주요 디아구타 주;;;;;;;;;;;;;x
DGT_democracy;디아구타 공화국;;;;;;;;;;;;;x
DGT_hms_government;디아구타 영연방;;;;;;;;;;;;;x
DGT_fascist_dictatorship;더 큰 디아구타 제국;;;;;;;;;;;;;x
DGT_presidential_dictatorship;디아구타 스테이트;;;;;;;;;;;;;x
DGT_proletarian_dictatorship;디아기타스의 사회주의 공화국;;;;;;;;;;;;;x
DGT_prussian_:constitutionalism;디아구타 영연방;;;;;;;;;;;;;x
DNB_bourgeois_dictatorship;게헨나 동아리 연방;;;;;;;;;;;;;x
DNB_fascist_dictatorship;게헨나 동아리 연방;;;;;;;;;;;;;x
DNB_presidential_dictatorship;게헨나 동아리 연방;;;;;;;;;;;;;x
DNB_proletarian_dictatorship;게헨나 동아리 연방;;;;;;;;;;;;;x
DND_bourgeois_dictatorship;덴디 도시상인연맹;Songhay;Songhai;;;;;;;;;;;x
DND_democracy;덴디 공화국;Songhay;Songhai;;;;;;;;;;;x
DND_fascist_dictatorship;덴디 국민통합국;Dendi;Dendi;;;;;;;;;;;x
DND_presidential_dictatorship;덴디 군사평의회;Songhay;Songhai;;;;;;;;;;;x
DND_proletarian_dictatorship;덴디 인민공화국;Songhay;Songhai;;;;;;;;;;;x
DOM_absolute_monarchy;케찰코아틀 왕국;Santo Domingo;Santo Domingo;;;;;;;;;;;x
DOM_colonial_company;케찰코아틀 특허회사령;;;;;;;;;;;;;x
DOM_democracy;케찰코아틀 공화국;;;;;;;;;;;;;x
DOM_federal_democracy;케찰코아틀 연방공화국;;;;;;;;;;;;;x
DOM_hms_government;케찰코아틀 입헌왕국;Santo Domingo;Santo Domingo;;;;;;;;;;;x
DOM_presidential_dictatorship;케찰코아틀 군사평의회;;;;;;;;;;;;;x
DOM_prussian_constitutionalism;케찰코아틀 왕실평의회;Santo Domingo;Santo Domingo;;;;;;;;;;;x
DON_absolute_monarchy;타슈켄트 헤트만국;;;;;;;;;;;;;x
DON_fascist_dictatorship;타슈켄트 국민군단국;;;;;;;;;;;;;x
DON_hms_government;타슈켄트 입헌헤트만국;;;;;;;;;;;;;x
DON_prussian_constitutionalism;타슈켄트 라다;;;;;;;;;;;;;x
DRA_absolute_monarchy;머틀 제국;;;;;;;;;;;;;x
DRA_fascist_dictatorship;머틀 국민연합국;;;;;;;;;;;;;x
DUR_absolute_monarchy;니토크리스 제국;;;;;;;;;;;;;x
DUR_fascist_dictatorship;니토크리스 국민통합국;;;;;;;;;;;;;x
DUR_hms_government;니토크리스 입헌제국;;;;;;;;;;;;;x
DUR_prussian_constitutionalism;니토크리스 지르가;;;;;;;;;;;;;x
EGY_absolute_monarchy;호시노 부왕국;;;;;;;;;;;;;x
EGY_colonial_company;호시노 통상회사령;;;;;;;;;;;;;x
EGY_democracy;호시노 공화국;;;;;;;;;;;;;x
EGY_hms_government;호시노 입헌토후국;;;;;;;;;;;;;x
EGY_prussian_constitutionalism;호시노 슈라 평의회;;;;;;;;;;;;;x
EIC_absolute_monarchy;티바트 일곱 나라 총독령;;;;;;;;;;;;;x
EIC_hms_government;티바트 일곱 나라 의회왕국;;;;;;;;;;;;;x
EIC_prussian_constitutionalism;티바트 일곱 나라 추밀원;;;;;;;;;;;;;x
ELS_colonial_company;니코 로빈 특허회사령;;;;;;;;;;;;;x
ELS_democracy;니코 로빈 공화국;;;;;;;;;;;;;x
ELS_federal_democracy;니코 로빈 연방공화국;;;;;;;;;;;;;x
ENG_absolute_monarchy;트리니티 종합학원;;;;;;;;;;;;;x
ENG_bourgeois_dictatorship;에덴기구조약;;;;;;;;;;;;;x
ENG_democracy;에덴기구조약;;;;;;;;;;;;;x
ENG_fascist_dictatorship;트리니티-아리우스 연합학원;;;;;;;;;;;;;x
ENG_presidential_dictatorship;에덴기구조약;;;;;;;;;;;;;x
ENG_proletarian_dictatorship;트리니티 연방학생회;;;;;;;;;;;;;x
ENG_prussian_constitutionalism;트리니티 종합학원;;;;;;;;;;;;;x
EQG_absolute_monarchy;적도 기니 왕국;;;;;;;;;;;;;x
ETH_absolute_monarchy;아비시니아 제국;Abyssinia;Abyssinia;;;;;;;;;;;x
ETH_colonial_company;아비시니아 특허회사령;;;;;;;;;;;;;x
ETH_prussian_constitutionalism;아비시니아 왕실귀족회의;Abyssinian Empire;Abyssinian Empire;;;;;;;;;;;x
EZO_democracy;와카모 공화국;;;;;;;;;;;;;x
EZO_fascist_dictatorship;와카모 국민정부;;;;;;;;;;;;;x
EZO_presidential_dictatorship;와카모 군정;;;;;;;;;;;;;x
EZO_proletarian_dictatorship;와카모 인민공화국;;;;;;;;;;;;;x
FAS_colonial_company;에이프릴 특허회사령;;;;;;;;;;;;;x
FAS_dominion;에이프릴 자치령;;;;;;;;;;;;;x
FCA_colonial_company;유키노 특허회사령;;;;;;;;;;;;;x
FCA_dominion;유키노 자치령;;;;;;;;;;;;;x
FIN_absolute_monarchy;발키리 대공국;;;;;;;;;;;;;x
FIN_colonial_company;발키리 특허회사령;;;;;;;;;;;;;x
FIN_dominon;발키리 자치령;;;;;;;;;;;;;x
FIN_hms_government;발키리 입헌대공국;;;;;;;;;;;;;x
FIN_proletarian_dictatorship;발키리 사회주의 공화국;;;;;;;;;;;;;x
FIN_prussian_constitutionalism;발키리 신분제의회;;;;;;;;;;;;;x
FIU_bourgeois_dictatorship;캘시 도시공화국;;;;;;;;;;;;;x
FIU_democracy;캘시 공화국;;;;;;;;;;;;;x
FIU_fascist_dictatorship;캘시 국민통합국;;;;;;;;;;;;;x
FIU_presidential_dictatorship;캘시 집정정부;;;;;;;;;;;;;x
FJN_fascist_dictatorship;야쿠시 사야 국민정부;;;;;;;;;;;;;x
FJN_presidential_dictatorship;야쿠시 사야 군정부;;;;;;;;;;;;;x
FRA_proletarian_dictatorship;키보토스 코뮌;;;;;;;;;;;;;x
FLA_colonial_company;모나 특허회사령;;;;;;;;;;;;;x
FRM_absolute_monarchy;아코 공국;;;;;;;;;;;;;x
FRM_colonial_company;아코 특허회사령;;;;;;;;;;;;;x
FRM_democracy;아코 자유국;;;;;;;;;;;;;x
FRM_dominion;아코 자치령;;;;;;;;;;;;;x
FRM_fascist_dictatorship;아코 국민국가;;;;;;;;;;;;;x
FRM_federal_democracy;아코 연방공화국;;;;;;;;;;;;;x
FRM_hms_government;아코 입헌공국;;;;;;;;;;;;;x
FRM_parliamentary_republic;아코 의회공화국;;;;;;;;;;;;;x
FRM_proletarian_dictatorship;아코 평의회 공화국;;;;;;;;;;;;;x
FRM_prussian_constitutionalism;아코 영방의회;;;;;;;;;;;;;x
FSA_absolute_monarchy;히마리 제국;;;;;;;;;;;;;x
FSA_proletarian_dictatorship;히마리 사회주의 연방;;;;;;;;;;;;;x
FSA_prussian_constitutionalism;히마리 왕실의회;;;;;;;;;;;;;x
GAZ_absolute_monarchy;가자 제국;;;;;;;;;;;;;x
GBU_absolute_monarchy;카부 제국;;;;;;;;;;;;;x
GBU_democracy;카부 공화국;;;;;;;;;;;;;x
GCF_absolute_monarchy;준코 공국;;;;;;;;;;;;;x
GCF_fascist_dictatorship;준코 국민국가;;;;;;;;;;;;;x
GCF_hms_government;준코 입헌공국;;;;;;;;;;;;;x
GCF_proletarian_dictatorship;준코 평의회 공화국;;;;;;;;;;;;;x
GCF_prussian_constitutionalism;준코 영방의회;;;;;;;;;;;;;x
GCO_absolute_monarchy;로사리타 시스네로스 왕국;;;;;;;;;;;;;x
GCO_hms_government;로사리타 시스네로스 입헌왕국;;;;;;;;;;;;;x
GCO_prussian_constitutionalism;로사리타 시스네로스 왕실평의회;;;;;;;;;;;;;x
GCO_colonial_company;로사리타 시스네로스 특허회사령;;;;;;;;;;;;;x
GEN_absolute_monarchy;헨리에타 공국;;;;;;;;;;;;;x
GEN_democracy;헨리에타 도제공화국;;;;;;;;;;;;;x
GEN_fascist_dictatorship;헨리에타 국민통합국;;;;;;;;;;;;;x
GEN_hms_government;헨리에타 입헌공국;;;;;;;;;;;;;x
GEN_presidential_dictatorship;헨리에타 집정정부;;;;;;;;;;;;;x
GEN_proletarian_dictatorship;헨리에타 사회주의 공화국;;;;;;;;;;;;;x
GEN_prussian_constitutionalism;헨리에타 왕실원로원;;;;;;;;;;;;;x
GEO_absolute_monarchy;도리 왕국;;;;;;;;;;;;;x
GEO_bourgeois_dictatorship;도리 도시공화국;;;;;;;;;;;;;x
GEO_democracy;도리 공화국;;;;;;;;;;;;;x
GEO_fascist_dictatorship;도리 국민국가;;;;;;;;;;;;;x
GEO_federal_democracy;도리 연방공화국;;;;;;;;;;;;;x
GEO_hms_government;도리 입헌왕국;;;;;;;;;;;;;x
GEO_parliamentary_republic;도리 의회공화국;;;;;;;;;;;;;x
GEO_presidential_dictatorship;도리 군사평의회;;;;;;;;;;;;;x
GEO_proletarian_dictatorship;도리 인민공화국;;;;;;;;;;;;;x
GEO_prussian_constitutionalism;도리 왕실평의회;;;;;;;;;;;;;x
GEO_rus_colonial_company;도리 특허회사령;;;;;;;;;;;;;x
GEO_rus_dominion;도리 자치령;;;;;;;;;;;;;x
GER_absolute_monarchy;게헨나 학원;;;;;;;;;;;;;x
GER_bourgeois_dictatorship;게헨나 학원;;;;;;;;;;;;;x
GER_democracy;게헨나 학원;;;;;;;;;;;;;x
GER_fascist_dictatorship;게헨나 학원;;;;;;;;;;;;;x
GER_hms_government;게헨나 학원;;;;;;;;;;;;;x
GER_proletarian_dictatorship;게헨나 학원;;;;;;;;;;;;;x
GER_prussian_constitutionalism;게헨나 학원;;;;;;;;;;;;;x
GNG_presidential_dictatorship;화련 군정부;;;;;;;;;;;;;x
GRN_absolute_monarchy;우타하 왕국;;;;;;;;;;;;;x
GRN_colonial_company;우타하 특허회사령;;;;;;;;;;;;;x
GRN_democracy;우타하 공화국;;;;;;;;;;;;;x
GRN_dominion;우타하 자치령;;;;;;;;;;;;;x
GRN_federal_democracy;우타하 연방공화국;;;;;;;;;;;;;x
GRN_hms_government;우타하 입헌왕국;;;;;;;;;;;;;x
GRN_prussian_constitutionalism;우타하 국왕참사회;;;;;;;;;;;;;x
GUA_colonial_company;우타 특허회사령;;;;;;;;;;;;;x
GUA_democracy;우타 공화국;;;;;;;;;;;;;x
GUA_federal_democracy;우타 연방공화국;;;;;;;;;;;;;x
GUR_absolute_monarchy;구리아;;;;;;;;;;;;;x
GUR_bourgeois_dictatorship;구리아;;;;;;;;;;;;;x
GUR_democracy;구리아;;;;;;;;;;;;;x
GUR_fascist_dictatorship;구리아;;;;;;;;;;;;;x
GUR_federal_democracy;구리아;;;;;;;;;;;;;x
GUR_hms_government;구리아의 연합 Mtavaris;;;;;;;;;;;;;x
GUR_parliamentary_republic;구리아의 연합 Mtavaris;;;;;;;;;;;;;x
GUR_presidential_dictatorship;구리아;;;;;;;;;;;;;x
GUR_proletarian_dictatorship;구리안 SSR;;;;;;;;;;;;;x
GUR_prussian_constitutionalism;구리아;;;;;;;;;;;;;x
GUR_rus_colonial_company;구리안 옥류그;;;;;;;;;;;;;x
GUR_rus_dominion;구리안 옥류그;;;;;;;;;;;;;x
GXI_presidential_dictatorship;감우 군정부;Clique de Guangxi;Guangxi-Clique;;;;;;;;;;;x
HAI_absolute_monarchy;쿠쿨칸 왕국;;;;;;;;;;;;;x
HAI_colonial_company;쿠쿨칸 특허회사령;;;;;;;;;;;;;x
HAI_democracy;쿠쿨칸 공화국;;;;;;;;;;;;;x
HAI_dominion;쿠쿨칸 자치령;;;;;;;;;;;;;x
HAI_federal_democracy;쿠쿨칸 연방공화국;;;;;;;;;;;;;x
HAI_hms_government;쿠쿨칸 입헌왕국;;;;;;;;;;;;;x
HAI_presidential_dictatorship;쿠쿨칸 군사평의회;;;;;;;;;;;;;x
HAI_prussian_constitutionalism;쿠쿨칸 왕실평의회;;;;;;;;;;;;;x
HAL_absolute_monarchy;그라니 토후국;;;;;;;;;;;;;x
HAL_hms_government;그라니 입헌토후국;;;;;;;;;;;;;x
HAL_prussian_constitutionalism;그라니 슈라 평의회;;;;;;;;;;;;;x
HAM_absolute_monarchy;메구 공국;;;;;;;;;;;;;x
HAM_colonial_company;메구 특허회사령;;;;;;;;;;;;;x
HAM_democracy;메구 한자 자유시;;;;;;;;;;;;;x
HAM_dominion;메구 자치령;;;;;;;;;;;;;x
HAM_fascist_dictatorship;메구 국민국가;;;;;;;;;;;;;x
HAM_federal_democracy;메구 연방공화국;;;;;;;;;;;;;x
HAM_hms_government;메구 입헌공국;;;;;;;;;;;;;x
HAM_parliamentary_republic;메구 의회공화국;;;;;;;;;;;;;x
HAM_proletarian_dictatorship;메구 평의회 공화국;;;;;;;;;;;;;x
HAM_prussian_constitutionalism;메구 영방의회;;;;;;;;;;;;;x
HAN_absolute_monarchy;카스미 왕국;;;;;;;;;;;;;x
HAN_colonial_company;카스미 특허회사령;;;;;;;;;;;;;x
HAN_democracy;카스미 자유국;;;;;;;;;;;;;x
HAN_dominion;카스미 자치령;;;;;;;;;;;;;x
HAN_fascist_dictatorship;카스미 국민국가;;;;;;;;;;;;;x
HAN_federal_democracy;카스미 연방공화국;;;;;;;;;;;;;x
HAN_hms_government;카스미 입헌왕국;;;;;;;;;;;;;x
HAN_parliamentary_republic;카스미 의회공화국;;;;;;;;;;;;;x
HAN_proletarian_dictatorship;카스미 평의회 공화국;;;;;;;;;;;;;x
HAN_prussian_constitutionalism;카스미 영방의회;;;;;;;;;;;;;x
HDJ_absolute_monarchy;비그나 왕국;;;;;;;;;;;;;x
HDJ_colonial_company;비그나 통상회사령;;;;;;;;;;;;;x
HDJ_dominion;비그나 자치령;;;;;;;;;;;;;x
HDJ_hms_government;비그나 입헌왕국;;;;;;;;;;;;;x
HDJ_prussian_constitutionalism;비그나 슈라 평의회;;;;;;;;;;;;;x
HEH_absolute_monarchy;우르술라 변경백국;;;;;;;;;;;;;x
HEH_colonial_company;우르술라 특허회사령;;;;;;;;;;;;;x
HEH_democracy;우르술라 자유국;;;;;;;;;;;;;x
HEH_dominion;우르술라 자치령;;;;;;;;;;;;;x
HEH_fascist_dictatorship;우르술라 국민국가;;;;;;;;;;;;;x
HEH_federal_democracy;우르술라 연방공화국;;;;;;;;;;;;;x
HEH_hms_government;우르술라 입헌공국;;;;;;;;;;;;;x
HEH_parliamentary_republic;우르술라 의회공화국;;;;;;;;;;;;;x
HEH_proletarian_dictatorship;우르술라 평의회 공화국;;;;;;;;;;;;;x
HEH_prussian_constitutionalism;우르술라 영방의회;;;;;;;;;;;;;x
HEK_absolute_monarchy;치나츠 선제후국;;;;;;;;;;;;;x
HEK_colonial_company;치나츠 특허회사령;;;;;;;;;;;;;x
HEK_democracy;치나츠 자유국;;;;;;;;;;;;;x
HEK_dominion;치나츠 자치령;;;;;;;;;;;;;x
HEK_fascist_dictatorship;치나츠 국민국가;;;;;;;;;;;;;x
HEK_federal_democracy;치나츠 연방공화국;;;;;;;;;;;;;x
HEK_hms_government;치나츠 입헌공국;;;;;;;;;;;;;x
HEK_parliamentary_republic;치나츠 의회공화국;;;;;;;;;;;;;x
HEK_proletarian_dictatorship;치나츠 평의회 공화국;;;;;;;;;;;;;x
HEK_prussian_constitutionalism;치나츠 영방의회;;;;;;;;;;;;;x
HES_absolute_monarchy;이즈미 대공국;;;;;;;;;;;;;x
HES_colonial_company;이즈미 특허회사령;;;;;;;;;;;;;x
HES_democracy;이즈미 자유국;;;;;;;;;;;;;x
HES_dominion;이즈미 자치령;;;;;;;;;;;;;x
HES_fascist_dictatorship;이즈미 국민국가;;;;;;;;;;;;;x
HES_federal_democracy;이즈미 연방공화국;;;;;;;;;;;;;x
HES_hms_government;이즈미 입헌대공국;;;;;;;;;;;;;x
HES_parliamentary_republic;이즈미 의회공화국;;;;;;;;;;;;;x
HES_proletarian_dictatorship;이즈미 평의회 공화국;;;;;;;;;;;;;x
HES_prussian_constitutionalism;이즈미 영방의회;;;;;;;;;;;;;x
HND_absolute_monarchy;파르바티 제국;Hindustani Empire;Hindustani Empire;;;;;;;;;;;x
HND_absolute_monarchy_2;파르바티 세습제국;Hindustani Empire;Hindustani Empire;;;;;;;;;;;x
HND_absolute_monarchy_3;파르바티 세습제국;Hindustani Empire;Hindustani Empire;;;;;;;;;;;x
HND_colonial_company;파르바티 동인도회사령;;;;;;;;;;;;;x
HND_eng_dominon;파르바티 왕실직할령;;;;;;;;;;;;;x
HND_fascist_dictatorship;파르바티 국민연합국;Hindustan;Hindustan;;;;;;;;;;;x
HND_hms_government;파르바티 입헌제국;Hindustani Empire;Hindustani Empire;;;;;;;;;;;x
HND_hms_government_2;파르바티 의회내각;Hindustani Empire;Hindustani Empire;;;;;;;;;;;x
HND_hms_government_3;파르바티 의회내각;Hindustani Empire;Hindustani Empire;;;;;;;;;;;x
HND_prussian_constitutionalism;파르바티 다르바르;Hindustani Empire;Hindustani Empire;;;;;;;;;;;x
HND_prussian_constitutionalism_2;파르바티 제후회의;Hindustani Empire;Hindustani Empire;;;;;;;;;;;x
HND_prussian_constitutionalism_3;파르바티 제후회의;Hindustani Empire;Hindustani Empire;;;;;;;;;;;x
HNN_presidential_dictatorship;호두 군정부;;;;;;;;;;;;;x
HNS_absolute_monarchy;세나 공국;;;;;;;;;;;;;x
HNS_democracy;세나 자유국;;;;;;;;;;;;;x
HNS_fascist_dictatorship;세나 국민국가;;;;;;;;;;;;;x
HNS_hms_government;세나 입헌공국;;;;;;;;;;;;;x
HNS_presidential_dictatorship;세나 군사집정부;;;;;;;;;;;;;x
HNS_proletarian_dictatorship;세나 평의회 공화국;;;;;;;;;;;;;x
HNS_prussian_constitutionalism;세나 영방의회;;;;;;;;;;;;;x
HOH_absolute_monarchy;주리 후국;;;;;;;;;;;;;x
HOH_colonial_company;주리 특허회사령;;;;;;;;;;;;;x
HOH_democracy;주리 자유국;;;;;;;;;;;;;x
HOH_dominion;주리 자치령;;;;;;;;;;;;;x
HOH_fascist_dictatorship;주리 국민국가;;;;;;;;;;;;;x
HOH_federal_democracy;주리 연방공화국;;;;;;;;;;;;;x
HOH_hms_government;주리 입헌후국;;;;;;;;;;;;;x
HOH_parliamentary_republic;주리 의회공화국;;;;;;;;;;;;;x
HOH_proletarian_dictatorship;주리 평의회 공화국;;;;;;;;;;;;;x
HOH_prussian_constitutionalism;주리 영방의회;;;;;;;;;;;;;x
HOL_absolute_monarchy;디오나 공국;;;;;;;;;;;;;x
HOL_colonial_company;디오나 특허회사령;;;;;;;;;;;;;x
HOL_democracy;디오나 자유국;;;;;;;;;;;;;x
HOL_dominion;디오나 자치령;;;;;;;;;;;;;x
HOL_fascist_dictatorship;디오나 국민국가;;;;;;;;;;;;;x
HOL_federal_democracy;디오나 연방공화국;;;;;;;;;;;;;x
HOL_hms_government;디오나 입헌공국;;;;;;;;;;;;;x
HOL_parliamentary_republic;디오나 의회공화국;;;;;;;;;;;;;x
HOL_proletarian_dictatorship;디오나 평의회 공화국;;;;;;;;;;;;;x
HOL_prussian_constitutionalism;디오나 영방의회;;;;;;;;;;;;;x
HON_colonial_company;야마토 특허회사령;;;;;;;;;;;;;x
HON_democracy;야마토 공화국;;;;;;;;;;;;;x
HON_federal_democracy;야마토 연방공화국;;;;;;;;;;;;;x
HUI_presidential_dictatorship;각청 군정부;;;;;;;;;;;;;x
IBR_absolute_monarchy;사쿠라코지 키나코 제국;;;;;;;;;;;;;x
IBR_bourgeois_dictatorship;사쿠라코지 키나코 도시연합;;;;;;;;;;;;;x
IBR_democracy;사쿠라코지 키나코 공화국;;;;;;;;;;;;;x
IBR_fascist_dictatorship;사쿠라코지 키나코 국민연합국;;;;;;;;;;;;;x
IBR_hms_government;사쿠라코지 키나코 입헌제국;;;;;;;;;;;;;x
IBR_presidential_dictatorship;사쿠라코지 키나코 군사평의회;;;;;;;;;;;;;x
IBR_proletarian_dictatorship;사쿠라코지 키나코 노동자공화국;;;;;;;;;;;;;x
IBR_prussian_constitutionalism;사쿠라코지 키나코 코르테스;;;;;;;;;;;;;x
LTU_bourgeois_dictatorship;폰타인 총재정부;;;;;;;;;;;;;x
LTU_democracy;폰타인 공화국;;;;;;;;;;;;;x
LTU_fascist_dictatorship;폰타인 국민국가;;;;;;;;;;;;;x
LTU_presidential_dictatorship;폰타인 집정정부;;;;;;;;;;;;;x
LTU_proletarian_dictatorship;폰타인 코뮌;;;;;;;;;;;;;x
LTU_absolute_monarchy;폰타인 제국;;;;;;;;;;;;;x
LTU_prussian_constitutionalism;폰타인 왕실국무원;;;;;;;;;;;;;x
LTU_hms_government;폰타인 입헌제국;;;;;;;;;;;;;x
IDO_absolute_monarchy;사유 황조;;;;;;;;;;;;;x
IDO_democracy;사유 공화국;;;;;;;;;;;;;x
IDO_fascist_dictatorship;사유 국민정부;;;;;;;;;;;;;x
IDO_hms_government;사유 입헌내각;;;;;;;;;;;;;x
IDO_presidential_dictatorship;사유 군정부;;;;;;;;;;;;;x
IDO_proletarian_dictatorship;사유 인민공화국;;;;;;;;;;;;;x
IDO_prussian_constitutionalism;사유 기밀원;;;;;;;;;;;;;x
IME_absolute_monarchy;이메레티;;;;;;;;;;;;;x
IME_bourgeois_dictatorship;이메레티;;;;;;;;;;;;;x
IME_democracy;이메레티;;;;;;;;;;;;;x
IME_fascist_dictatorship;이메레티;;;;;;;;;;;;;x
IME_federal_democracy;이메레티;;;;;;;;;;;;;x
IME_hms_government;이메레티의 연합 Mtavaris;;;;;;;;;;;;;x
IME_parliamentary_republic;이메레티의 연합 Mtavaris;;;;;;;;;;;;;x
IME_presidential_dictatorship;이메레티;;;;;;;;;;;;;x
IME_proletarian_dictatorship;이메레티안 SSR;;;;;;;;;;;;;x
IME_prussian_constitutionalism;이메레티;;;;;;;;;;;;;x
IMG_colonial_company;신학 통상관할령;;;;;;;;;;;;;x
INO_colonial_company;안샨 통상회사령;;;;;;;;;;;;;x
ION_democracy;모스티마 공화국;;;;;;;;;;;;;x
IOT_absolute_monarchy;클로저 왕국;;;;;;;;;;;;;x
IOT_colonial_company;클로저 특허회사령;;;;;;;;;;;;;x
IOT_dominion;클로저 자치령;;;;;;;;;;;;;x
IOT_hms_government;클로저 입헌왕국;;;;;;;;;;;;;x
IOT_prussian_constitutionalism;클로저 추밀원;;;;;;;;;;;;;x
IRE_colonial_company;카즈사 특허회사령;;;;;;;;;;;;;x
IRE_dominion;카즈사 자치령;;;;;;;;;;;;;x
IRE_fascist_dictatorship;카즈사 국민연합국;;;;;;;;;;;;;x
IRQ_absolute_monarchy;쇼 토후국;;;;;;;;;;;;;x
IRQ_hms_government;쇼 입헌토후국;;;;;;;;;;;;;x
IRQ_prussian_constitutionalism;쇼 슈라 평의회;;;;;;;;;;;;;x
ITA_absolute_monarchy;시라쿠사 왕국;;;;;;;;;;;;;x
ITA_democracy;시라쿠사 공화국;;;;;;;;;;;;;x
ITA_fascist_dictatorship;시라쿠사 국민통합국;;;;;;;;;;;;;x
ITA_hms_government;시라쿠사 입헌왕국;;;;;;;;;;;;;x
ITA_proletarian_dictatorship;시라쿠사 사회주의 공화국;;;;;;;;;;;;;x
ITA_prussian_constitutionalism;시라쿠사 왕실원로원;;;;;;;;;;;;;x
ITA_theocracy;시라쿠사 주교령;;;;;;;;;;;;;x
ITP_absolute_monarchy;교황령 이탈리아;;;;;;;;;;;;;x
ITP_democracy;이탈리아;;;;;;;;;;;;;x
ITP_fascist_dictatorship;로마 사회주의 공화국;;;;;;;;;;;;;x
ITP_hms_government;이탈리아;;;;;;;;;;;;;x
ITP_presidential_dictatorship;이탈리아;;;;;;;;;;;;;x
ITP_proletarian_dictatorship;로마 인민 공화국;;;;;;;;;;;;;x
ITP_prussian_constitutionalism;이탈리아 맹방;;;;;;;;;;;;;x
ITP_theocracy;교황령 이탈리아;;;;;;;;;;;;;x
ITS_absolute_monarchy;이탈리아 제국;;;;;;;;;;;;;x
ITS_democracy;이탈리아 연방;;;;;;;;;;;;;x
ITS_fascist_dictatorship;이탈리아국;;;;;;;;;;;;;x
ITS_hms_government;이탈리아 제국;;;;;;;;;;;;;x
ITS_proletarian_dictatorship;이탈리아 인민 연방;;;;;;;;;;;;;x
ITS_prussian_constitutionalism;이탈리아 제국;;;;;;;;;;;;;x
ITS_theocracy;이탈리아 연방;;;;;;;;;;;;;x
IVC_colonial_company;코트디부아르 특허회사령;;;;;;;;;;;;;x
IVC_dominion;코트디부아르 보호국;;;;;;;;;;;;;x
JAM_colonial_company;재규어맨 특허회사령;;;;;;;;;;;;;x
JAM_dominion;재규어맨 자치령;;;;;;;;;;;;;x
JAM_hms_government;재규어맨 입헌왕국;;;;;;;;;;;;;x
JAM_parliamentary_republic;재규어맨 의회공화국;;;;;;;;;;;;;x
JAN_fascist_dictatorship;클리프하트 총동원국;;;;;;;;;;;;;x
JAP_absolute_monarchy;일본 제국;;;;;;;;;;;;;x
JAP_democracy;일본국;;;;;;;;;;;;;x
JAP_fascist_dictatorship;일본 제국;;;;;;;;;;;;;x
JAP_hms_government;일본 제국;;;;;;;;;;;;;x
JAP_proletarian_dictatorship;일본 인민 공화국;;;;;;;;;;;;;x
JAP_prussian_constitutionalism;일본 제국;;;;;;;;;;;;;x
JAV_absolute_monarchy;타이위안 술탄국;;;;;;;;;;;;;x
JAV_hms_government;타이위안 입헌술탄국;;;;;;;;;;;;;x
JAV_prussian_constitutionalism;타이위안 술탄참사회;;;;;;;;;;;;;x
JBJ_absolute_monarchy;자카탈라 술타네이트;;;;;;;;;;;;;x
JBJ_bourgeois_dictatorship;자카탈라는;;;;;;;;;;;;;x
JBJ_democracy;자카탈라는;;;;;;;;;;;;;x
JBJ_fascist_dictatorship;자카탈 DR;;;;;;;;;;;;;x
JBJ_federal_democracy;짜로-벨로카니의 짜마츠;;;;;;;;;;;;;x
JBJ_hms_government;짜로-벨로카니의 짜마츠;;;;;;;;;;;;;x
JBJ_parliamentary_republic;짜로-벨로카니의 짜마츠;;;;;;;;;;;;;x
JBJ_presidential_dictatorship;자카탈 DR;;;;;;;;;;;;;x
JBJ_proletarian_dictatorship;자카탈 DR;;;;;;;;;;;;;x
JBJ_prussian_constitutionalism;짜로-벨로카니의 짜마츠;;;;;;;;;;;;;x
JBJ_rus_colonial_company;자카탈리 오크루그;;;;;;;;;;;;;x
JBJ_rus_dominion;자카탈리 오크루그;;;;;;;;;;;;;x
TBS_absolute_monarchy;제시카 왕국;;;;;;;;;;;;;x
TBS_democracy;제시카 공화국;;;;;;;;;;;;;x
TBS_fascist_dictatorship;제시카 국민통합국;;;;;;;;;;;;;x
TBS_federal_democracy;제시카 연방공화국;;;;;;;;;;;;;x
TBS_hms_government;제시카 입헌왕국;;;;;;;;;;;;;x
TBS_presidential_dictatorship;제시카 군사평의회;;;;;;;;;;;;;x
TBS_proletarian_dictatorship;제시카 사회주의 공화국;;;;;;;;;;;;;x
TBS_prussian_constitutionalism;제시카 왕실평의회;;;;;;;;;;;;;x
KAG_absolute_monarchy;미치루 번;;;;;;;;;;;;;x
KAG_hms_government;미치루 입헌번;;;;;;;;;;;;;x
KAG_prussian_constitutionalism;미치루 번정평의회;;;;;;;;;;;;;x
KAM_bourgeois_dictatorship;노도카 지방자치연맹;;;;;;;;;;;;;x
KAM_presidential_dictatorship;노도카 군사평의회;;;;;;;;;;;;;x
KAM_proletarian_dictatorship;노도카 소비에트 공화국;;;;;;;;;;;;;x
KAZ_absolute_monarchy;리스캄 칸국;;;;;;;;;;;;;x
KBO_absolute_monarchy;카넴-보르누 술탄국;;;;;;;;;;;;;x
KBO_hms_government;카넴-보르누 입헌술탄국;;;;;;;;;;;;;x
KBO_prussian_constitutionalism;카넴-보르누 디완;;;;;;;;;;;;;x
KGH_absolute_monarchy;야지디스탄 에미레이트;;;;;;;;;;;;;x
KGH_absolute_monarchy2;카샤테그 멜릭돔;;;;;;;;;;;;;x
KGH_bourgeois_dictatorship;장제르 개발 위원회;;;;;;;;;;;;;x
KGH_democracy;장제르 야지디 공화국;;;;;;;;;;;;;x
KGH_democracy2;산악 지대 아르메니아 공화국;;;;;;;;;;;;;x
KGH_fascist_dictatorship;산악 아르메니아 방위 위원회;;;;;;;;;;;;;x
KGH_federal_democracy;장제르 FDR;;;;;;;;;;;;;x
KGH_hms_government;장제르 에미레이트;;;;;;;;;;;;;x
KGH_hms_government2;카샤타그의 연합 나하라스;;;;;;;;;;;;;x
KGH_parliamentary_republic;장제르 DR;;;;;;;;;;;;;x
KGH_presidential_dictatorship;장제르 군사 위원회;;;;;;;;;;;;;x
KGH_proletarian_dictatorship;붉은 쿠르드족;;;;;;;;;;;;;x
KGH_prussian_constitutionalism;장제르 에미레이트;;;;;;;;;;;;;x
KGH_prussian_constitutionalism2;카샤테그 멜릭돔;;;;;;;;;;;;;x
KGH_rus_colonial_company;예지디 오크루그;;;;;;;;;;;;;x
KGH_rus_dominion;예지디 오크루그;;;;;;;;;;;;;x
KGH_tur_colonial_company;장제르 비랴엣;;;;;;;;;;;;;x
KHI_absolute_monarchy;가비알 칸국;;;;;;;;;;;;;x
KHI_bourgeois_dictatorship;가비알 도시상인연맹;;;;;;;;;;;;;x
KHI_democracy;가비알 공화국;;;;;;;;;;;;;x
KHI_fascist_dictatorship;가비알 국민통합국;;;;;;;;;;;;;x
KHI_presidential_dictatorship;가비알 군사평의회;;;;;;;;;;;;;x
KHI_proletarian_dictatorship;가비알 인민공화국;;;;;;;;;;;;;x
KHR_absolute_monarchy;파피루스 샤국;Khorasan;Khorasan;;;;;;;;;;;x
KHR_bourgeois_dictatorship;파피루스 상인협의국;Khorasan Republic;Khorasan Republic;;;;;;;;;;;x
KHR_democracy;파피루스 공화국;Khorasan;Khorasan;;;;;;;;;;;x
KHR_fascist_dictatorship;파피루스 국민국가;Khorasani State;Khorasani State;;;;;;;;;;;x
KHR_hms_government;파피루스 입헌샤국;Khorasan;Khorasan;;;;;;;;;;;x
KHR_presidential_dictatorship;파피루스 군사정부;Khorasan Republic;Khorasan Republic;;;;;;;;;;;x
KHR_proletarian_dictatorship;파피루스 인민공화국;Khorasan Republic;Khorasan Republic;;;;;;;;;;;x
KHR_prussian_constitutionalism;파피루스 마즐리스;Khorasan;Khorasan;;;;;;;;;;;x
KHZ_absolute_monarchy;카디건 토후국;Arabistan;Arabistan;;;;;;;;;;;x
KHZ_bourgeois_dictatorship;카디건 상인협의국;Arabistan;Arabistan;;;;;;;;;;;x
KHZ_democracy;카디건 공화국;Arabistan;Arabistan;;;;;;;;;;;x
KHZ_fascist_dictatorship;카디건 국민통합국;Arabistan;Arabistan;;;;;;;;;;;x
KHZ_hms_government;카디건 입헌토후국;Arabistan;Arabistan;;;;;;;;;;;x
KHZ_presidential_dictatorship;카디건 군사평의회;Arabistan;Arabistan;;;;;;;;;;;x
KHZ_proletarian_dictatorship;카디건 사회주의 공화국;Arabistan;Arabistan;;;;;;;;;;;x
KHZ_prussian_constitutionalism;카디건 슈라 평의회;Arabistan;Arabistan;;;;;;;;;;;x
KKX_absolute_monarchy;카르틸-카체티;;;;;;;;;;;;;x
KKX_bourgeois_dictatorship;카르틸-카체티;;;;;;;;;;;;;x
KKX_democracy;카르틸-카체티;;;;;;;;;;;;;x
KKX_fascist_dictatorship;카르틸-카체티;;;;;;;;;;;;;x
KKX_federal_democracy;카르틸-카체티;;;;;;;;;;;;;x
KKX_hms_government;카르틀리-카체티의 연합 음타바리;;;;;;;;;;;;;x
KKX_parliamentary_republic;카르틀리-카체티의 연합 음타바리;;;;;;;;;;;;;x
KKX_presidential_dictatorship;카르틸-카체티;;;;;;;;;;;;;x
KKX_proletarian_dictatorship;카트리카케티 SSR;;;;;;;;;;;;;x
KKX_prussian_constitutionalism;카르틸-카체티;;;;;;;;;;;;;x
KKX_rus_colonial_company;그루지야 주지사;;;;;;;;;;;;;x
KKX_rus_dominion;그루지야 주지사;;;;;;;;;;;;;x
KLM_absolute_monarchy;첸 술탄국;;;;;;;;;;;;;x
KLM_hms_government;첸 입헌술탄국;;;;;;;;;;;;;x
KLM_prussian_constitutionalism;첸 술탄참사회;;;;;;;;;;;;;x
KMK_fascist_dictatorship;캔디스 국민통합국;;;;;;;;;;;;;x
KMK_proletarian_dictatorship;캔디스 인민공화국;;;;;;;;;;;;;x
KML_bourgeois_dictatorship;토모에 도시상인연맹;;;;;;;;;;;;;x
KML_democracy;토모에 공화국;;;;;;;;;;;;;x
KML_proletarian_dictatorship;토모에 인민공화국;;;;;;;;;;;;;x
KMT_absolute_monarchy;치치 황조;;;;;;;;;;;;;x
KMT_democracy;치치 민국;;;;;;;;;;;;;x
KMT_fascist_dictatorship;치치 국민정부;;;;;;;;;;;;;x
KMT_presidential_dictatorship;치치 군정부;;;;;;;;;;;;;x
KMT_proletarian_dictatorship;치치 인민공화국;;;;;;;;;;;;;x
KNY_colonial_company;케냐 특허회사령;;;;;;;;;;;;;x
KNY_dominion;케냐 보호국;;;;;;;;;;;;;x
KOK_absolute_monarchy;유넥티스 칸국;;;;;;;;;;;;;x
KOK_bourgeois_dictatorship;유넥티스 도시상인연맹;;;;;;;;;;;;;x
KOK_democracy;유넥티스 공화국;;;;;;;;;;;;;x
KOK_fascist_dictatorship;유넥티스 국민통합국;;;;;;;;;;;;;x
KOK_presidential_dictatorship;유넥티스 군사평의회;;;;;;;;;;;;;x
KOK_proletarian_dictatorship;유넥티스 인민공화국;;;;;;;;;;;;;x
KOR_absolute_monarchy;수학술사 왕립학당;;;;;;;;;;;;;x
KOR_colonial_company;수학술사 산학교역 공사령;;;;;;;;;;;;;x
KOR_democracy;수학술사 학술연합;;;;;;;;;;;;;x
KOR_dominion;수학술사 자치학당;;;;;;;;;;;;;x
KOR_proletarian_dictatorship;수학술사 공동배움 공화국;;;;;;;;;;;;;x
KPB_bourgeois_dictatorship;리에라 사야 도시연합;;;;;;;;;;;;;x
KPB_democracy;리에라 사야 공화국;;;;;;;;;;;;;x
KPB_fascist_dictatorship;리에라 사야 국민연합국;;;;;;;;;;;;;x
KPB_presidential_dictatorship;리에라 사야 군사평의회;;;;;;;;;;;;;x
KPB_proletarian_dictatorship;리에라 사야 노동자공화국;;;;;;;;;;;;;x
KPB_prussian_constitutionalism;리에라 사야 코르테스;;;;;;;;;;;;;x
KPB_prussian_constitutionalism2;리에라 사야 왕실참의회;;;;;;;;;;;;;x
KPB_absolute_monarchy;리에라 사야 왕국;;;;;;;;;;;;;x
KPB_absolute_monarchy2;리에라 사야 세습왕국;;;;;;;;;;;;;x
KPB_hms_government;리에라 사야 입헌왕국;;;;;;;;;;;;;x
KPB_hms_government2;리에라 사야 의회내각;;;;;;;;;;;;;x
KRN_bourgeois_dictatorship;멜란사 상인협의국;;;;;;;;;;;;;x
KRN_democracy;멜란사 공화국;;;;;;;;;;;;;x
KRN_fascist_dictatorship;멜란사 국민통합국;;;;;;;;;;;;;x
KRN_proletarian_dictatorship;멜란사 인민공화국;;;;;;;;;;;;;x
KRO_absolute_monarchy;롱아일랜드 공국;;;;;;;;;;;;;x
KRO_bourgeois_dictatorship;롱아일랜드 자유시;;;;;;;;;;;;;x
KRO_colonial_company;롱아일랜드 특허회사령;;;;;;;;;;;;;x
KRO_democracy;롱아일랜드 자유국;;;;;;;;;;;;;x
KRO_dominion;롱아일랜드 자치령;;;;;;;;;;;;;x
KRO_fascist_dictatorship;롱아일랜드 국민국가;;;;;;;;;;;;;x
KRO_hms_government;롱아일랜드 입헌공국;;;;;;;;;;;;;x
KRO_proletarian_dictatorship;롱아일랜드 평의회 공화국;;;;;;;;;;;;;x
KRO_prussian_constitutionalism;롱아일랜드 영방의회;;;;;;;;;;;;;x
KUK_bourgeois_dictatorship;만마전 미식연구회;;;;;;;;;;;;;x
KUK_democracy;만마전 미식연구회;;;;;;;;;;;;;x
KUK_fascist_dictatorship;만마전 미식연구회;;;;;;;;;;;;;x
KUK_proletarian_dictatorship;만마전 미식연구회;;;;;;;;;;;;;x
L0Z_absolute_monarchy;타이드잘;;;;;;;;;;;;;x
L0Z_bourgeois_dictatorship;타이드잘;;;;;;;;;;;;;x
L0Z_democracy;유나이티드 타이드잘 짜마츠;;;;;;;;;;;;;x
L0Z_fascist_dictatorship;타이드잘 이슬람 공화국;;;;;;;;;;;;;x
L0Z_hms_government;유나이티드 타이드잘 짜마츠;;;;;;;;;;;;;x
L0Z_presidential_dictatorship;타이드잘;;;;;;;;;;;;;x
L0Z_proletarian_dictatorship;타이드잘 코뮌;;;;;;;;;;;;;x
L0Z_prussian_constitutionalism;유나이티드 타이드잘 짜마츠;;;;;;;;;;;;;x
L1Z_absolute_monarchy;도쿠즈-파라;;;;;;;;;;;;;x
L1Z_bourgeois_dictatorship;도쿠즈-파라;;;;;;;;;;;;;x
L1Z_democracy;유나이티드 도쿠즈-파라 짜마츠;;;;;;;;;;;;;x
L1Z_fascist_dictatorship;도쿠즈-파라 이슬람 공화국;;;;;;;;;;;;;x
L1Z_hms_government;유나이티드 도쿠즈-파라 짜마츠;;;;;;;;;;;;;x
L1Z_presidential_dictatorship;도쿠즈-파라;;;;;;;;;;;;;x
L1Z_proletarian_dictatorship;도쿠즈-파라 코뮌;;;;;;;;;;;;;x
L1Z_prussian_constitutionalism;유나이티드 도쿠즈-파라 짜마츠;;;;;;;;;;;;;x
L2Z_absolute_monarchy;알티파라;;;;;;;;;;;;;x
L2Z_bourgeois_dictatorship;알티파라;;;;;;;;;;;;;x
L2Z_democracy;유나이티드 알티-파라 짜마츠;;;;;;;;;;;;;x
L2Z_fascist_dictatorship;알티파라 이슬람 공화국;;;;;;;;;;;;;x
L2Z_hms_government;유나이티드 알티-파라 짜마츠;;;;;;;;;;;;;x
L2Z_presidential_dictatorship;알티파라;;;;;;;;;;;;;x
L2Z_proletarian_dictatorship;알티파라 코뮌;;;;;;;;;;;;;x
L2Z_prussian_constitutionalism;유나이티드 알티-파라 짜마츠;;;;;;;;;;;;;x
L3Z_absolute_monarchy;아크티-파라;;;;;;;;;;;;;x
L3Z_bourgeois_dictatorship;아크티-파라;;;;;;;;;;;;;x
L3Z_democracy;유나이티드 아크티-파라 짜마츠;;;;;;;;;;;;;x
L3Z_fascist_dictatorship;아크티-파라 이슬람 공화국;;;;;;;;;;;;;x
L3Z_hms_government;유나이티드 아크티-파라 짜마츠;;;;;;;;;;;;;x
L3Z_presidential_dictatorship;아크티-파라;;;;;;;;;;;;;x
L3Z_proletarian_dictatorship;아크티-파라 코뮌;;;;;;;;;;;;;x
L3Z_prussian_constitutionalism;유나이티드 아크티-파라 짜마츠;;;;;;;;;;;;;x
LEZ_absolute_monarchy;레지스탄;;;;;;;;;;;;;x
LEZ_bourgeois_dictatorship;레지스탄;;;;;;;;;;;;;x
LEZ_democracy;레지스탄의 연합 짜마트;;;;;;;;;;;;;x
LEZ_fascist_dictatorship;르즈기스탄 이슬람 공화국;;;;;;;;;;;;;x
LEZ_hms_government;레지스탄의 연합 짜마트;;;;;;;;;;;;;x
LEZ_presidential_dictatorship;레지스탄;;;;;;;;;;;;;x
LEZ_proletarian_dictatorship;르진 코뮌;;;;;;;;;;;;;x
LEZ_prussian_constitutionalism;레지스탄의 연합 짜마트;;;;;;;;;;;;;x
LAU_absolute_monarchy;설탕 공국;;;;;;;;;;;;;x
LAU_colonial_company;설탕 특허회사령;;;;;;;;;;;;;x
LAU_democracy;설탕 자유국;;;;;;;;;;;;;x
LAU_dominion;설탕 자치령;;;;;;;;;;;;;x
LAU_fascist_dictatorship;설탕 국민국가;;;;;;;;;;;;;x
LAU_federal_democracy;설탕 연방공화국;;;;;;;;;;;;;x
LAU_hms_government;설탕 입헌공국;;;;;;;;;;;;;x
LAU_parliamentary_republic;설탕 의회공화국;;;;;;;;;;;;;x
LAU_proletarian_dictatorship;설탕 평의회 공화국;;;;;;;;;;;;;x
LAU_prussian_constitutionalism;설탕 영방의회;;;;;;;;;;;;;x
LBG_absolute_monarchy;피슬 공국;;;;;;;;;;;;;x
LBG_colonial_company;피슬 특허회사령;;;;;;;;;;;;;x
LBG_democracy;피슬 자유국;;;;;;;;;;;;;x
LBG_dominion;피슬 자치령;;;;;;;;;;;;;x
LBG_fascist_dictatorship;피슬 국민국가;;;;;;;;;;;;;x
LBG_federal_democracy;피슬 연방공화국;;;;;;;;;;;;;x
LBG_hms_government;피슬 입헌공국;;;;;;;;;;;;;x
LBG_parliamentary_republic;피슬 의회공화국;;;;;;;;;;;;;x
LBG_proletarian_dictatorship;피슬 평의회 공화국;;;;;;;;;;;;;x
LBG_prussian_constitutionalism;피슬 영방의회;;;;;;;;;;;;;x
LBY_colonial_company;아야네 통상회사령;;;;;;;;;;;;;x
LEG_absolute_monarchy;페이몬 공사관령;;;;;;;;;;;;;x
LEG_colonial_company;페이몬 공사관 공동관리령;;;;;;;;;;;;;x
LEG_democracy;페이몬 공화국;;;;;;;;;;;;;x
LEG_dominion;페이몬 자치령;;;;;;;;;;;;;x
LEG_hms_government;페이몬 의회왕국;;;;;;;;;;;;;x
LEG_presidential_dictatorship;페이몬 호국경령;;;;;;;;;;;;;x
LIB_colonial_company;라이베리아 특허회사령;;;;;;;;;;;;;x
LIE_absolute_monarchy;로자리아 후국;;;;;;;;;;;;;x
LIE_colonial_company;로자리아 특허회사령;;;;;;;;;;;;;x
LIE_democracy;로자리아 자유국;;;;;;;;;;;;;x
LIE_democracy2;로자리아 도시공화국;;;;;;;;;;;;;x
LIE_dominion;로자리아 자치령;;;;;;;;;;;;;x
LIE_fascist_dictatorship;로자리아 국민국가;;;;;;;;;;;;;x
LIE_federal_democracy;로자리아 연방공화국;;;;;;;;;;;;;x
LIE_hms_government;로자리아 입헌후국;;;;;;;;;;;;;x
LIE_hms_government2;로자리아 영방내각;;;;;;;;;;;;;x
LIE_absolute_monarchy2;로자리아 세습후국;;;;;;;;;;;;;x
LIE_prussian_constitutionalism2;로자리아 제후회의;;;;;;;;;;;;;x
LIE_parliamentary_republic;로자리아 의회공화국;;;;;;;;;;;;;x
LIE_proletarian_dictatorship;로자리아 평의회 공화국;;;;;;;;;;;;;x
LIE_prussian_constitutionalism;로자리아 영방의회;;;;;;;;;;;;;x
LIP_absolute_monarchy;리사 후국;;;;;;;;;;;;;x
LIP_colonial_company;리사 특허회사령;;;;;;;;;;;;;x
LIP_democracy;리사 자유국;;;;;;;;;;;;;x
LIP_dominion;리사 자치령;;;;;;;;;;;;;x
LIP_fascist_dictatorship;리사 국민국가;;;;;;;;;;;;;x
LIP_federal_democracy;리사 연방공화국;;;;;;;;;;;;;x
LIP_hms_government;리사 입헌후국;;;;;;;;;;;;;x
LIP_parliamentary_republic;리사 의회공화국;;;;;;;;;;;;;x
LIP_proletarian_dictatorship;리사 평의회 공화국;;;;;;;;;;;;;x
LIP_prussian_constitutionalism;리사 영방의회;;;;;;;;;;;;;x
LIV_colonial_company;헬레나 특허회사령;;;;;;;;;;;;;x
LIV_dominion;헬레나 자치령;;;;;;;;;;;;;x
LIV_hms_government;헬레나 입헌대공국;;;;;;;;;;;;;x
LIV_prussian_constitutionalism;헬레나 영방의회;;;;;;;;;;;;;x
LIV_absolute_monarchy;헬레나 대공국;;;;;;;;;;;;;x
LOM_colonial_company;리코 특허회사령;;;;;;;;;;;;;x
LOM_democracy;리코 공화국;;;;;;;;;;;;;x
LOM_dominion;리코 자치령;;;;;;;;;;;;;x
LOM_presidential_dictatorship;리코 집정정부;;;;;;;;;;;;;x
LOR_fascist_dictatorship;푸리나 국민국가;;;;;;;;;;;;;x
LOS_colonial_company;에다 특허회사령;;;;;;;;;;;;;x
LOS_democracy;에다 공화국;;;;;;;;;;;;;x
LOS_federal_democracy;에다 연방공화국;;;;;;;;;;;;;x
LPL_colonial_company;갈기늑대 특허회사령;;;;;;;;;;;;;x
LSK_colonial_company;카린 특허회사령;;;;;;;;;;;;;x
LSK_democracy;카린 공화국;;;;;;;;;;;;;x
LSK_dominion;카린 자치령;;;;;;;;;;;;;x
LSK_federal_democracy;카린 연방공화국;;;;;;;;;;;;;x
LUB_absolute_monarchy;비비아나 공국;;;;;;;;;;;;;x
LUB_colonial_company;비비아나 특허회사령;;;;;;;;;;;;;x
LUB_democracy;비비아나 한자 자유시;;;;;;;;;;;;;x
LUB_dominion;비비아나 자치령;;;;;;;;;;;;;x
LUB_fascist_dictatorship;비비아나 국민국가;;;;;;;;;;;;;x
LUB_federal_democracy;비비아나 연방공화국;;;;;;;;;;;;;x
LUB_hms_government;비비아나 입헌공국;;;;;;;;;;;;;x
LUB_parliamentary_republic;비비아나 의회공화국;;;;;;;;;;;;;x
LUB_proletarian_dictatorship;비비아나 평의회 공화국;;;;;;;;;;;;;x
LUB_prussian_constitutionalism;비비아나 영방의회;;;;;;;;;;;;;x
LUX_absolute_monarchy;바바라 대공국;;;;;;;;;;;;;x
LUX_colonial_company;바바라 특허회사령;;;;;;;;;;;;;x
LUX_democracy;바바라 자유국;;;;;;;;;;;;;x
LUX_dominion;바바라 자치령;;;;;;;;;;;;;x
LUX_fascist_dictatorship;바바라 국민국가;;;;;;;;;;;;;x
LUX_federal_democracy;바바라 연방공화국;;;;;;;;;;;;;x
LUX_hms_government;바바라 입헌대공국;;;;;;;;;;;;;x
LUX_parliamentary_republic;바바라 의회공화국;;;;;;;;;;;;;x
LUX_proletarian_dictatorship;바바라 평의회 공화국;;;;;;;;;;;;;x
LUX_prussian_constitutionalism;바바라 영방의회;;;;;;;;;;;;;x
LXA_absolute_monarchy;머드락 왕국;;;;;;;;;;;;;x
LXA_democracy;머드락 공화국;;;;;;;;;;;;;x
LXA_proletarian_dictatorship;머드락 인민공화국;;;;;;;;;;;;;x
MAD_absolute_monarchy;마다가스카르 왕국;;;;;;;;;;;;;x
MAD_colonial_company;마다가스카르 특허회사령;;;;;;;;;;;;;x
MAD_prussian_constitutionalism;마다가스카르 왕실원로회;;;;;;;;;;;;;x
MAF_absolute_monarchy;미텔아프리카 총독령;;;;;;;;;;;;;x
MAF_colonial_company;미텔아프리카 특허회사령;;;;;;;;;;;;;x
MAF_democracy;미텔아프리카 자유국;;;;;;;;;;;;;x
MAF_dominion;미텔아프리카 자치령;;;;;;;;;;;;;x
MAF_hms_government;미텔아프리카 입헌공국;;;;;;;;;;;;;x
MAF_prussian_constitutionalism;미텔아프리카 영방의회;;;;;;;;;;;;;x
MAI_absolute_monarchy;스노우상트 라자국;;;;;;;;;;;;;x
MAI_bourgeois_dictatorship;스노우상트 상인자치연맹;;;;;;;;;;;;;x
MAI_democracy;스노우상트 공화국;;;;;;;;;;;;;x
MAI_fascist_dictatorship;스노우상트 국민연합국;;;;;;;;;;;;;x
MAI_hms_government;스노우상트 입헌라자국;;;;;;;;;;;;;x
MAI_presidential_dictatorship;스노우상트 군사정부;;;;;;;;;;;;;x
MAI_proletarian_dictatorship;스노우상트 인민공화국;;;;;;;;;;;;;x
MAI_prussian_constitutionalism;스노우상트 다르바르;;;;;;;;;;;;;x
MAL_absolute_monarchy;링 술탄국;;;;;;;;;;;;;x
MAL_hms_government;링 입헌술탄국;;;;;;;;;;;;;x
MAL_prussian_constitutionalism;링 술탄참사회;;;;;;;;;;;;;x
MAN_absolute_monarchy;뉴킹덤 오브 요크;;;;;;;;;;;;;x
MAN_bourgeois_dictatorship;대부분의 세렌 공화국 뉴욕과 롱아일랜드;;;;;;;;;;;;;x
MAN_fascist_dictatorship;뉴욕주;;;;;;;;;;;;;x
MAN_hms_government;뉴킹덤 오브 요크;;;;;;;;;;;;;x
MAN_presidential_dictatorship;뉴욕;;;;;;;;;;;;;x
MAN_proletarian_dictatorship;맨해튼 코뮌;;;;;;;;;;;;;x
MAN_prussian_constitutionalism;뉴킹덤 오브 요크;;;;;;;;;;;;;x
MAS_absolute_monarchy;마시나 제국;;;;;;;;;;;;;x
MAT_absolute_monarchy;마타벨레 왕국;Matabele;Matabele;;;;;;;;;;;x
MYA_absolute_monarchy;미야코 제국;;;;;;;;;;;;;x
MYA_democracy;미야코 부족공화국;;;;;;;;;;;;;x
MYA_federal_democracy;미야코 연방공화국;;;;;;;;;;;;;x
MYA_hms_government;미야코 입헌제국;;;;;;;;;;;;;x
MYA_prussian_constitutionalism;미야코 부족원로회;;;;;;;;;;;;;x
MYA_theocracy;미야코 제사장국;;;;;;;;;;;;;x
MCK_absolute_monarchy;응광 황조;Manchukuo;Manchukuo;;;;;;;;;;;x
MCK_colonial_company;응광 조계지;;;;;;;;;;;;;x
MCK_fascist_dictatorship;응광 국민정부;Manchukuo;Manchukuo;;;;;;;;;;;x
MCK_hms_government;응광 책임내각;Manchukuo;Manchukuo;;;;;;;;;;;x
MCK_presidential_dictatorship;응광 군정부;;;;;;;;;;;;;x
MCK_prussian_constitutionalism;응광 자정원;Manchukuo;Manchukuo;;;;;;;;;;;x
ME5_absolute_monarchy;캄사 멜릭돔스;;;;;;;;;;;;;x
ME5_absolute_monarchy2;하첸 주성;;;;;;;;;;;;;x
ME5_bourgeois_dictatorship;아조카 개발 위원회;;;;;;;;;;;;;x
ME5_democracy;아조카 공화국;;;;;;;;;;;;;x
ME5_democracy2;산악 지대 아르메니아 공화국;;;;;;;;;;;;;x
ME5_fascist_dictatorship;아조카 DSR;;;;;;;;;;;;;x
ME5_federal_democracy;아스타크의 연합 가바르;;;;;;;;;;;;;x
ME5_hms_government;아르사흐의 연합 나하라스;;;;;;;;;;;;;x
ME5_hms_government2;아르사흐의 연합 나하라스;;;;;;;;;;;;;x
ME5_parliamentary_republic;아스타크의 연합 가바르;;;;;;;;;;;;;x
ME5_presidential_dictatorship;산악 카라바크 군사 위원회;;;;;;;;;;;;;x
ME5_proletarian_dictatorship;나고르노-카라바흐 코뮌;;;;;;;;;;;;;x
ME5_prussian_constitutionalism;캄사 멜릭돔스;;;;;;;;;;;;;x
ME5_prussian_constitutionalism2;하첸 주성;;;;;;;;;;;;;x
ME5_rus_colonial_company;산악 지대 카라바크 옥류그;;;;;;;;;;;;;x
ME5_rus_dominion;산악 지대 카라바크 옥류그;;;;;;;;;;;;;x
ME5_tur_colonial_company;슈샤 빌레이엣;;;;;;;;;;;;;x
MEC_absolute_monarchy;론 대공국;;;;;;;;;;;;;x
MEC_colonial_company;론 특허회사령;;;;;;;;;;;;;x
MEC_democracy;론 자유국;;;;;;;;;;;;;x
MEC_dominion;론 자치령;;;;;;;;;;;;;x
MEC_fascist_dictatorship;론 국민국가;;;;;;;;;;;;;x
MEC_federal_democracy;론 연방공화국;;;;;;;;;;;;;x
MEC_hms_government;론 입헌대공국;;;;;;;;;;;;;x
MEC_parliamentary_republic;론 의회공화국;;;;;;;;;;;;;x
MEC_proletarian_dictatorship;론 평의회 공화국;;;;;;;;;;;;;x
MEC_prussian_constitutionalism;론 영방의회;;;;;;;;;;;;;x
MEI_absolute_monarchy;에기르 공국;;;;;;;;;;;;;x
MEI_colonial_company;에기르 특허회사령;;;;;;;;;;;;;x
MEI_democracy;에기르 자유국;;;;;;;;;;;;;x
MEI_dominion;에기르 자치령;;;;;;;;;;;;;x
MEI_fascist_dictatorship;에기르 국민국가;;;;;;;;;;;;;x
MEI_federal_democracy;에기르 연방공화국;;;;;;;;;;;;;x
MEI_hms_government;에기르 입헌공국;;;;;;;;;;;;;x
MEI_parliamentary_republic;에기르 의회공화국;;;;;;;;;;;;;x
MEI_proletarian_dictatorship;에기르 평의회 공화국;;;;;;;;;;;;;x
MEI_prussian_constitutionalism;에기르 영방의회;;;;;;;;;;;;;x
MEX_absolute_monarchy;테노치티틀란 도시왕정;;;;;;;;;;;;;x
MEX_colonial_company;테노치티틀란 호수교역 상회령;;;;;;;;;;;;;x
MEX_democracy;테노치티틀란 도시연맹;;;;;;;;;;;;;x
MEX_dominion;테노치티틀란 호수도시 자치령;;;;;;;;;;;;;x
MEX_federal_democracy;테노치티틀란 삼도시 연방;;;;;;;;;;;;;x
MEX_hms_government;테노치티틀란 입헌도시연맹;;;;;;;;;;;;;x
MEX_presidential_dictatorship;테노치티틀란 도시방위 군정;;;;;;;;;;;;;x
MEX_prussian_constitutionalism;테노치티틀란 도시귀족 평의회;;;;;;;;;;;;;x
MGL_colonial_company;야란 통상관할령;;;;;;;;;;;;;x
MGL_proletarian_dictatorship;야란 인민공화국;;;;;;;;;;;;;x
MGL_theocracy;야란 복드 칸국;;;;;;;;;;;;;x
MLI_absolute_monarchy;말리 제국;;;;;;;;;;;;;x
MLI_colonial_company;말리 통상회사령;;;;;;;;;;;;;x
MLI_dominion;말리 자치령;;;;;;;;;;;;;x
MLI_hms_government;말리 입헌제국;;;;;;;;;;;;;x
MLI_proletarian_dictatorship;말리 인민공화국;;;;;;;;;;;;;x
MLI_prussian_constitutionalism;말리 디완;;;;;;;;;;;;;x
MLW_absolute_monarchy;말라위 왕국;;;;;;;;;;;;;x
MLW_colonial_company;말라위 특허회사령;;;;;;;;;;;;;x
MLW_dominion;말라위 보호국;;;;;;;;;;;;;x
MLW_hms_government;말라위 입헌왕국;;;;;;;;;;;;;x
MLW_prussian_constitutionalism;말라위 왕실원로회;;;;;;;;;;;;;x
MLY_absolute_monarchy;스와이어 술탄국;;;;;;;;;;;;;x
MLY_colonial_company;스와이어 통상회사령;;;;;;;;;;;;;x
MLY_dominon;스와이어 자치령;;;;;;;;;;;;;x
MLY_hms_government;스와이어 입헌술탄국;;;;;;;;;;;;;x
MLY_prussian_constitutionalism;스와이어 술탄참사회;;;;;;;;;;;;;x
MON_theocracy;W 총대주교령;;;;;;;;;;;;;x
MOS_bourgeois_dictatorship;모시 도시자치연맹;;;;;;;;;;;;;x
MOS_democracy;모시 공화국;;;;;;;;;;;;;x
MOS_fascist_dictatorship;모시 국민통합국;;;;;;;;;;;;;x
MOS_presidential_dictatorship;모시 군사평의회;;;;;;;;;;;;;x
MOS_proletarian_dictatorship;모시 인민공화국;;;;;;;;;;;;;x
MOZ_colonial_company;모잠비크 특허회사령;;;;;;;;;;;;;x
MRN_democracy;진 자유국;;;;;;;;;;;;;x
MRN_proletarian_dictatorship;진 평의회 공화국;;;;;;;;;;;;;x
MRT_absolute_monarchy;오키드 제국;;;;;;;;;;;;;x
MRT_democracy;오키드 공화국;;;;;;;;;;;;;x
MRT_proletarian_dictatorship;오키드 인민공화국;;;;;;;;;;;;;x
MRT_prussian_constitutionalism;오키드 다르바르;;;;;;;;;;;;;x
MRU_absolute_monarchy;아카네 왕국;;;;;;;;;;;;;x
MRU_colonial_company;아카네 특허회사령;;;;;;;;;;;;;x
MRU_democracy;아카네 공화국;;;;;;;;;;;;;x
MRU_dominion;아카네 자치령;;;;;;;;;;;;;x
MRU_hms_government;아카네 입헌왕국;;;;;;;;;;;;;x
MRU_prussian_constitutionalism;아카네 추밀원;;;;;;;;;;;;;x
MSC_colonial_company;코타마 특허회사령;;;;;;;;;;;;;x
MSC_democracy;코타마 부족공화국;;;;;;;;;;;;;x
MSC_federal_democracy;코타마 연방공화국;;;;;;;;;;;;;x
MSC_presidential_dictatorship;코타마 전사평의회;;;;;;;;;;;;;x
MSK_absolute_monarchy;시틀랄리 왕국;;;;;;;;;;;;;x
MSK_colonial_company;시틀랄리 특허회사령;;;;;;;;;;;;;x
MSK_dominion;시틀랄리 보호국;;;;;;;;;;;;;x
MSK_hms_government;시틀랄리 입헌왕국;;;;;;;;;;;;;x
MSK_prussian_constitutionalism;시틀랄리 부족원로회;;;;;;;;;;;;;x
MSN_absolute_monarchy;미시오네 왕국;;;;;;;;;;;;;x
MSN_democracy;미시오네의 자유 공화국;;;;;;;;;;;;;x
MSN_democracy2;미시오네 공화국;;;;;;;;;;;;;x
MSN_fascist_dictatorship;미시오네의 상태;;;;;;;;;;;;;x
MSN_hms_government;미시오네 왕국;;;;;;;;;;;;;x
MSN_proletarian_dictatorship;미시오네 자유사회주의 공화국;;;;;;;;;;;;;x
MSN_prussian_constitutionalism;미시오네 왕국;;;;;;;;;;;;;x
MST_absolute_monarchy;비스마르크 대공국;;;;;;;;;;;;;x
MST_colonial_company;비스마르크 특허회사령;;;;;;;;;;;;;x
MST_democracy;비스마르크 자유국;;;;;;;;;;;;;x
MST_dominion;비스마르크 자치령;;;;;;;;;;;;;x
MST_fascist_dictatorship;비스마르크 국민국가;;;;;;;;;;;;;x
MST_federal_democracy;비스마르크 연방공화국;;;;;;;;;;;;;x
MST_hms_government;비스마르크 입헌대공국;;;;;;;;;;;;;x
MST_parliamentary_republic;비스마르크 의회공화국;;;;;;;;;;;;;x
MST_proletarian_dictatorship;비스마르크 평의회 공화국;;;;;;;;;;;;;x
MST_prussian_constitutionalism;비스마르크 영방의회;;;;;;;;;;;;;x
MTC_colonial_company;미유 특허회사령;;;;;;;;;;;;;x
MTC_democracy;미유 공화국;;;;;;;;;;;;;x
MTC_dominion;미유 자치령;;;;;;;;;;;;;x
MTC_hms_government;미유 입헌왕국;;;;;;;;;;;;;x
MTC_parliamentary_republic;미유 의회공화국;;;;;;;;;;;;;x
MUG_absolute_monarchy;쿠오라 제국;;;;;;;;;;;;;x
MUG_colonial_company;쿠오라 동인도회사령;;;;;;;;;;;;;x
MUG_eng_dominon;쿠오라 왕실직할령;;;;;;;;;;;;;x
MUG_fascist_dictatorship;쿠오라 국민통합국;;;;;;;;;;;;;x
MUG_proletarian_dictatorship;쿠오라 인민공화국;;;;;;;;;;;;;x
MUG_prussian_constitutionalism;쿠오라 다르바르;;;;;;;;;;;;;x
NAF_absolute_monarchy;사키 왕국;New Africa;New Africa;;;;;;;;;;;x
NAF_bourgeois_dictatorship;사키 주권주연합;New Africa;New Africa;;;;;;;;;;;x
NAF_democracy;사키 공화국;Republic of New Africa;New Africa;;;;;;;;;;;x
NAF_fascist_dictatorship;사키 국민통합국;New Africa;New Africa;;;;;;;;;;;x
NAF_hms_government;사키 입헌왕국;Kingdom of New Africa;New Africa;;;;;;;;;;;x
NAF_presidential_dictatorship;사키 군사평의회;New Africa;New Africa;;;;;;;;;;;x
NAF_proletarian_dictatorship;사키 사회주의 공화국;New Africa;New Africa;;;;;;;;;;;x
NAF_prussian_constitutionalism;사키 왕실평의회;New Africa;New Africa;;;;;;;;;;;x
NAL_colonial_company;나탈리아 특허회사령;;;;;;;;;;;;;x
NAL_dominion;나탈리아 자치공화국;;;;;;;;;;;;;x
NAS_absolute_monarchy;티르피츠 공국;;;;;;;;;;;;;x
NAS_colonial_company;티르피츠 특허회사령;;;;;;;;;;;;;x
NAS_democracy;티르피츠 자유국;;;;;;;;;;;;;x
NAS_dominion;티르피츠 자치령;;;;;;;;;;;;;x
NAS_fascist_dictatorship;티르피츠 국민국가;;;;;;;;;;;;;x
NAS_federal_democracy;티르피츠 연방공화국;;;;;;;;;;;;;x
NAS_hms_government;티르피츠 입헌공국;;;;;;;;;;;;;x
NAS_parliamentary_republic;티르피츠 의회공화국;;;;;;;;;;;;;x
NAS_proletarian_dictatorship;티르피츠 평의회 공화국;;;;;;;;;;;;;x
NAS_prussian_constitutionalism;티르피츠 영방의회;;;;;;;;;;;;;x
NBR_colonial_company;반디 특허회사령;;;;;;;;;;;;;x
NBR_dominion;반디 자치령;;;;;;;;;;;;;x
NBR_hms_governmenr;반디 입헌왕국;;;;;;;;;;;;;x
NBR_parliamentary_republic;반디 의회공화국;;;;;;;;;;;;;x
NEJ_absolute_monarchy;벌컨 토후국;;;;;;;;;;;;;x
NEJ_hms_government;벌컨 입헌토후국;;;;;;;;;;;;;x
NEJ_prussian_constitutionalism;벌컨 슈라 평의회;;;;;;;;;;;;;x
NEN_dominion;스파클 자치령;;;;;;;;;;;;;x
NET_colonial_company;반 고흐 특허회사령;;;;;;;;;;;;;x
NET_dominon;반 고흐 자치령;;;;;;;;;;;;;x
NEW_colonial_company;로빈 특허회사령;;;;;;;;;;;;;x
NEW_democracy;로빈 공화국;;;;;;;;;;;;;x
NEW_dominion;로빈 자치령;;;;;;;;;;;;;x
NEW_hms_governmenr;로빈 입헌왕국;;;;;;;;;;;;;x
NEW_parliamentary_republic;로빈 의회공화국;;;;;;;;;;;;;x
NGR_colonial_company;플린트 특허회사령;;;;;;;;;;;;;x
NGR_dominion;플린트 보호국;;;;;;;;;;;;;x
NIA_absolute_monarchy;쿤 마스체니 자하드 황조;;;;;;;;;;;;;x
NIC_colonial_company;마부이카 특허회사령;;;;;;;;;;;;;x
NIC_democracy;마부이카 공화국;;;;;;;;;;;;;x
NIC_federal_democracy;마부이카 연방공화국;;;;;;;;;;;;;x
NIG_absolute_monarchy;니제르 술탄국;;;;;;;;;;;;;x
NIG_hms_government;니제르 입헌술탄국;;;;;;;;;;;;;x
NIG_prussian_constitutionalism;니제르 디완;;;;;;;;;;;;;x
NMB_colonial_company;나미비아 특허회사령;;;;;;;;;;;;;x
NMB_dominon;나미비아 보호국;;;;;;;;;;;;;x
NPL_absolute_monarchy;엠브리엘 왕국;Naples;Naples;;;;;;;;;;;x
NPL_bourgeois_dictatorship;엠브리엘 도시공화국;Naples;Naples;;;;;;;;;;;x
NPL_democracy;엠브리엘 공화국;Naples;Naples;;;;;;;;;;;x
NPL_fascist_dictatorship;엠브리엘 국민통합국;Naples;Naples;;;;;;;;;;;x
NPL_hms_government;엠브리엘 입헌왕국;Naples;Naples;;;;;;;;;;;x
NPL_presidential_dictatorship;엠브리엘 집정정부;Naples;Naples;;;;;;;;;;;x
NPL_proletarian_dictatorship;엠브리엘 사회주의 공화국;Naples;Naples;;;;;;;;;;;x
NPL_prussian_constitutionalism;엠브리엘 왕실원로원;Naples;Naples;;;;;;;;;;;x
NSC_colonial_company;멜뤼진 특허회사령;;;;;;;;;;;;;x
NSC_dominion;멜뤼진 자치령;;;;;;;;;;;;;x
NSC_hms_governmenr;멜뤼진 입헌왕국;;;;;;;;;;;;;x
NSC_parliamentary_republic;멜뤼진 의회공화국;;;;;;;;;;;;;x
NYE_absolute_monarchy;플루오라이트 왕국;;;;;;;;;;;;;x
NYE_democracy;플루오라이트 공화국;;;;;;;;;;;;;x
NYE_hms_government;플루오라이트 입헌왕국;;;;;;;;;;;;;x
NYE_prussian_constitutionalism;플루오라이트 슈라 평의회;;;;;;;;;;;;;x
NYE_theocracy;플루오라이트 이맘국;;;;;;;;;;;;;x
NZL_absolute_monarchy;히후미 왕국;;;;;;;;;;;;;x
NZL_colonial_company;히후미 특허회사령;;;;;;;;;;;;;x
NZL_dominion;히후미 자치령;;;;;;;;;;;;;x
NZL_hms_government;히후미 입헌왕국;;;;;;;;;;;;;x
NZL_prussian_constitutionalism;히후미 추밀원;;;;;;;;;;;;;x
NZF_colonial_company;하스미 특허회사령;;;;;;;;;;;;;x
NZF_dominion;하스미 자치령;;;;;;;;;;;;;x
OAX_democracy;아케론 공화국;;;;;;;;;;;;;x
OAX_federal_democracy;아케론 연방공화국;;;;;;;;;;;;;x
OLD_absolute_monarchy;프리드리히 데어 그로세 대공국;;;;;;;;;;;;;x
OLD_colonial_company;프리드리히 데어 그로세 특허회사령;;;;;;;;;;;;;x
OLD_democracy;프리드리히 데어 그로세 자유국;;;;;;;;;;;;;x
OLD_dominion;프리드리히 데어 그로세 자치령;;;;;;;;;;;;;x
OLD_fascist_dictatorship;프리드리히 데어 그로세 국민국가;;;;;;;;;;;;;x
OLD_federal_democracy;프리드리히 데어 그로세 연방공화국;;;;;;;;;;;;;x
OLD_hms_government;프리드리히 데어 그로세 입헌대공국;;;;;;;;;;;;;x
OLD_parliamentary_republic;프리드리히 데어 그로세 의회공화국;;;;;;;;;;;;;x
OLD_proletarian_dictatorship;프리드리히 데어 그로세 평의회 공화국;;;;;;;;;;;;;x
OLD_prussian_constitutionalism;프리드리히 데어 그로세 영방의회;;;;;;;;;;;;;x
OMA_absolute_monarchy;그레이스로트 술탄국;;;;;;;;;;;;;x
OMA_hms_government;그레이스로트 입헌술탄국;;;;;;;;;;;;;x
OMA_prussian_constitutionalism;그레이스로트 슈라 평의회;;;;;;;;;;;;;x
ORI_absolute_monarchy;미티어라이트 라자국;;;;;;;;;;;;;x
PAN_absolute_monarchy;시크 제국;;;;;;;;;;;;;x
PAN_fascist_dictatorship;칼리스탄;;;;;;;;;;;;;x
PAN_prussian_constitutionalism;시크 제국;;;;;;;;;;;;;x
PAP_absolute_monarchy;러브라이브 제국;;;;;;;;;;;;;x
PAP_bourgeois_dictatorship;러브라이브 도시공화국;;;;;;;;;;;;;x
PAP_democracy;러브라이브 공화국;;;;;;;;;;;;;x
PAP_fascist_dictatorship;러브라이브 국민통합국;;;;;;;;;;;;;x
PAP_hms_government;러브라이브 입헌제국;;;;;;;;;;;;;x
PAP_presidential_dictatorship;러브라이브 집정정부;;;;;;;;;;;;;x
PAP_proletarian_dictatorship;러브라이브 사회주의 공화국;;;;;;;;;;;;;x
PAP_prussian_constitutionalism;러브라이브 왕실원로원;;;;;;;;;;;;;x
PAP_theocracy;러브라이브 교회령;;;;;;;;;;;;;x
PBC_absolute_monarchy;알파카 와카야 왕국;;;;;;;;;;;;;x
PBC_democracy;알파카 와카야 연합;;;;;;;;;;;;;x
PBC_hms_government;알파카 와카야 입헌왕국;;;;;;;;;;;;;x
PBC_presidential_dictatorship;알파카 와카야 군사평의회;;;;;;;;;;;;;x
PBC_proletarian_dictatorship;알파카 와카야 사회주의 공화국;;;;;;;;;;;;;x
PBC_prussian_constitutionalism;알파카 와카야 왕실평의회;;;;;;;;;;;;;x
PBC_colonial_company;알파카 와카야 특허회사령;;;;;;;;;;;;;x
PEI_colonial_company;블랙 스완 특허회사령;;;;;;;;;;;;;x
PEI_dominion;블랙 스완 자치령;;;;;;;;;;;;;x
PEI_hms_governmenr;블랙 스완 입헌왕국;;;;;;;;;;;;;x
PEI_parliamentary_republic;블랙 스완 의회공화국;;;;;;;;;;;;;x
PER_absolute_monarchy;테라 로도스 샤국;;;;;;;;;;;;;x
PER_bourgeois_dictatorship;테라 로도스 상인협의국;;;;;;;;;;;;;x
PER_democracy;테라 로도스 공화국;Iran;Iran;;;;;;;;;;;x
PER_fascist_dictatorship;테라 로도스 국민국가;Iran;Iran;;;;;;;;;;;x
PER_hms_government;테라 로도스 입헌샤국;;;;;;;;;;;;;x
PER_presidential_dictatorship;테라 로도스 군사정부;;;;;;;;;;;;;x
PER_proletarian_dictatorship;테라 로도스 인민공화국;;;;;;;;;;;;;x
PER_prussian_constitutionalism;테라 로도스 마즐리스;;;;;;;;;;;;;x
PEU_colonial_company;긴꼬리친칠라 특허회사령;;;;;;;;;;;;;x
PEU_dominion;긴꼬리친칠라 자치령;;;;;;;;;;;;;x
PHL_colonial_company;지에 특허회사령;;;;;;;;;;;;;x
PIR_democracy;피라티니 공화국;;;;;;;;;;;;;x
PLC_democracy;세이렌 공화국;;;;;;;;;;;;;x
PLC_fascist_dictatorship;세이렌 국민연합국;;;;;;;;;;;;;x
PLC_presidential_dictatorship;세이렌 군사집정부;;;;;;;;;;;;;x
PLC_proletarian_dictatorship;세이렌 인민공화국;;;;;;;;;;;;;x
PNB_democracy2;토미미 의회공화국;;;;;;;;;;;;;x
PML_colonial_company;아우구스트 폰 파르세발 특허회사령;;;;;;;;;;;;;x
PML_dominion;아우구스트 폰 파르세발 자치령;;;;;;;;;;;;;x
PNJ_absolute_monarchy;어스스피릿 왕국;;;;;;;;;;;;;x
PNJ_democracy;어스스피릿 공화국;;;;;;;;;;;;;x
PNJ_fascist_dictatorship;어스스피릿 국민연합국;;;;;;;;;;;;;x
PNJ_hms_government;어스스피릿 입헌왕국;;;;;;;;;;;;;x
PNJ_prussian_constitutionalism;어스스피릿 다르바르;;;;;;;;;;;;;x
POL_colonial_company;베스나 특허회사령;;;;;;;;;;;;;x
POL_dominion;베스나 자치왕국;;;;;;;;;;;;;x
PPG_colonial_company;우이 특허회사령;;;;;;;;;;;;;x
PRI_colonial_company;요크타운 특허회사령;;;;;;;;;;;;;x
PRI_democracy;요크타운 공화국;;;;;;;;;;;;;x
PRI_dominion;요크타운 자치령;;;;;;;;;;;;;x
PRI_federal_democracy;요크타운 연방공화국;;;;;;;;;;;;;x
PRU_absolute_monarchy;게헨나 선도부;;;;;;;;;;;;;x
PRU_colonial_company;게헨나 선도부;;;;;;;;;;;;;x
PRU_democracy;게헨나 선도부;;;;;;;;;;;;;x
PRU_dominion;게헨나 선도부;;;;;;;;;;;;;x
PRU_fascist_dictatorship;게헨나 선도부;;;;;;;;;;;;;x
PRU_federal_democracy;게헨나 선도부;;;;;;;;;;;;;x
PRU_hms_government;게헨나 선도부;;;;;;;;;;;;;x
PRU_parliamentary_republic;게헨나 선도부;;;;;;;;;;;;;x
PRU_proletarian_dictatorship;게헨나 선도부;;;;;;;;;;;;;x
PRU_prussian_constitutionalism;게헨나 선도부;;;;;;;;;;;;;x
PZN_colonial_company;프린츠 하인리히 특허회사령;;;;;;;;;;;;;x
PZN_dominion;프린츠 하인리히 자치령;;;;;;;;;;;;;x
QCI_colonial_company;제이드 특허회사령;;;;;;;;;;;;;x
QCI_dominion;제이드 자치령;;;;;;;;;;;;;x
QCI_hms_government;제이드 입헌왕국;;;;;;;;;;;;;x
QCI_parliamentary_republic;제이드 의회공화국;;;;;;;;;;;;;x
QNG_absolute_monarchy;리월 황조;;;;;;;;;;;;;x
QNG_hms_government;리월 책임내각;;;;;;;;;;;;;x
QNG_prussian_constitutionalism;리월 자정원;;;;;;;;;;;;;x
QUE_colonial_company;사리아 특허회사령;;;;;;;;;;;;;x
QUE_democracy;사리아 공화국;;;;;;;;;;;;;x
QUE_dominion;사리아 자치령;;;;;;;;;;;;;x
QUE_hms_government;사리아 입헌왕국;;;;;;;;;;;;;x
QUE_parliamentary_republic;사리아 의회공화국;;;;;;;;;;;;;x
RAJ_bourgeois_dictatorship;하이모어 상인자치연맹;;;;;;;;;;;;;x
RAJ_colonial_company;하이모어 동인도회사령;;;;;;;;;;;;;x
RAJ_democracy;하이모어 공화국;;;;;;;;;;;;;x
RAJ_dominion;하이모어 번왕령;;;;;;;;;;;;;x
RAJ_fascist_dictatorship;하이모어 국민연합국;;;;;;;;;;;;;x
RAJ_proletarian_dictatorship;하이모어 인민공화국;;;;;;;;;;;;;x
REU_absolute_monarchy;안초비 후국;;;;;;;;;;;;;x
REU_colonial_company;안초비 특허회사령;;;;;;;;;;;;x
REU_democracy;안초비 자유국;;;;;;;;;;;;;x
REU_dominion;안초비 자치령;;;;;;;;;;;;x
REU_fascist_dictatorship;안초비 국민국가;;;;;;;;;;;;;x
REU_federal_democracy;안초비 연방공화국;;;;;;;;;;;;;x
REU_hms_government;안초비 입헌후국;;;;;;;;;;;;;x
REU_parliamentary_republic;안초비 의회공화국;;;;;;;;;;;;;x
REU_proletarian_dictatorship;안초비 평의회 공화국;;;;;;;;;;;;;x
REU_prussian_constitutionalism;안초비 영방의회;;;;;;;;;;;;;x
RGR_colonial_company;로즈몬티스 특허회사령;;;;;;;;;;;;;x
RGR_democracy;로즈몬티스 공화국;;;;;;;;;;;;;x
RGR_fascist_dictatorship;로즈몬티스 국민통합국;;;;;;;;;;;;;x
RGR_federal_democracy;로즈몬티스 연방공화국;;;;;;;;;;;;;x
RGS_fascist_dictatorship;에스텔 국민통합국;;;;;;;;;;;;;x
RGS_democracy2;에스텔 의회공화국;x;
RJL_democracy;오셀롯 연방공화국;;;;;;;;;;;;;x
GPR_democracy2;르 말랭 의회공화국;;;;;;;;;;;;;x
GPR_democracy;르 말랭 연방공화국;;;;;;;;;;;;;x
GPR_hms_government;르 말랭 입헌제국;;;;;;;;;;;;;x
GPR_hms_government2;르 말랭 의회내각;;;;;;;;;;;;;x
RJL_hms_government;오셀롯 입헌제국;;;;;;;;;;;;;x
RIO_democracy2;상 마르티뉴 의회공화국;;;;;;;;;;;;;x
RHO_absolute_monarchy;남로디지아 왕국;Rhod?ie du sud;S?rhodesien;;;;;;;;;;;x
RHO_colonial_company;남로디지아 특허회사령;;;;;;;;;;;;;x
RHO_democracy;남로디지아 공화국;;;;;;;;;;;;;x
RHO_dominion;남로디지아 자치령;;;;;;;;;;;;;x
RHO_hms_government;남로디지아 입헌왕국;Rhod?ie du sud;S?rhodesien;;;;;;;;;;;x
RHO_proletarian_dictatorship;남로디지아 노동자공화국;Zimbabwe;Simbabwe;;;;;;;;;;;x
RLE_absolute_monarchy;케이 후국;;;;;;;;;;;;;x
RLE_colonial_company;케이 특허회사령;;;;;;;;;;;;;x
RLE_democracy;케이 자유국;;;;;;;;;;;;;x
RLE_dominion;케이 자치령;;;;;;;;;;;;;x
RLE_fascist_dictatorship;케이 국민국가;;;;;;;;;;;;;x
RLE_federal_democracy;케이 연방공화국;;;;;;;;;;;;;x
RLE_hms_government;케이 입헌후국;;;;;;;;;;;;;x
RLE_parliamentary_republic;케이 의회공화국;;;;;;;;;;;;;x
RLE_proletarian_dictatorship;케이 평의회 공화국;;;;;;;;;;;;;x
RLE_prussian_constitutionalism;케이 영방의회;;;;;;;;;;;;;x
RNC_absolute_monarchy;북 백인 미령;;;;;;;;;;;;;x
RNC_bourgeois_dictatorship;산악인의 공화국;;;;;;;;;;;;;x
RNC_democracy;산악인의 공화국;;;;;;;;;;;;;x
RNC_fascist_dictatorship;산악인의 공화국;;;;;;;;;;;;;x
RNC_hms_government;북 코카서스의 아랍에미리트;;;;;;;;;;;;;x
RNC_presidential_dictatorship;산악인의 공화국;;;;;;;;;;;;;x
RNC_proletarian_dictatorship;북아메리카 코뮌;;;;;;;;;;;;;x
RNC_prussian_constitutionalism;북 코카서스의 아랍에미리트;;;;;;;;;;;;;x
RPL_colonial_company;컬럼비아 특허회사령;;;;;;;;;;;;;x
RPL_democracy;컬럼비아 공화국;;;;;;;;;;;;;x
RPL_dominion;컬럼비아 자치령;;;;;;;;;;;;;x
RPL_hms_governmenr;컬럼비아 의회왕국;;;;;;;;;;;;;x
RPL_hms_government;컬럼비아 의회왕국;;;;;;;;;;;;;x
RPL_parliamentary_republic;컬럼비아 의회공화국;;;;;;;;;;;;;x
RSR_absolute_monarchy;미카 후국;;;;;;;;;;;;;x
RSR_colonial_company;미카 특허회사령;;;;;;;;;;;;;x
RSR_democracy;미카 자유국;;;;;;;;;;;;;x
RSR_dominion;미카 자치령;;;;;;;;;;;;;x
RSR_fascist_dictatorship;미카 국민국가;;;;;;;;;;;;;x
RSR_federal_democracy;미카 연방공화국;;;;;;;;;;;;;x
RSR_hms_government;미카 입헌후국;;;;;;;;;;;;;x
RSR_parliamentary_republic;미카 의회공화국;;;;;;;;;;;;;x
RSR_proletarian_dictatorship;미카 평의회 공화국;;;;;;;;;;;;;x
RSR_prussian_constitutionalism;미카 영방의회;;;;;;;;;;;;;x
RUS_absolute_monarchy;초록겨울 제국학원;;;;;;;;;;;;;x
RUS_absolute_monarchy2;초록겨울 제국;;;;;;;;;;;;;x
RUS_democracy;초록겨울 공화국;;;;;;;;;;;;;x
RUS_fascist_dictatorship;초록겨울 국민통합국;;;;;;;;;;;;;x
RUS_hms_government;초록겨울 입헌제국;;;;;;;;;;;;;x
RUS_hms_government2;초록겨울 의회내각;;;;;;;;;;;;;x
RUS_proletarian_dictatorship;초록겨울 소비에트 공화국;;;;;;;;;;;;;x
RUS_prussian_constitutionalism;초록겨울 두마;;;;;;;;;;;;;x
RUS_prussian_constitutionalism2;초록겨울 국가평의회;;;;;;;;;;;;;x
RUT_democracy;이부키 공화국;;;;;;;;;;;;;x
RUT_presidential_dictatorship;이부키 군사평의회;;;;;;;;;;;;;x
RUT_proletarian_dictatorship;이부키 소비에트 공화국;;;;;;;;;;;;;x
SAF_colonial_company;헤비레인 특허회사령;;;;;;;;;;;;;x
SAF_dominon;헤비레인 자치공화국;;;;;;;;;;;;;x
SAF_hms_government;헤비레인 입헌왕국;;;;;;;;;;;;;x
SAR_absolute_monarchy;라테라노 왕국;;;;;;;;;;;;;x
SAR_hms_government;라테라노 입헌왕국;;;;;;;;;;;;;x
SAR_prussian_constitutionalism;라테라노 왕실원로원;;;;;;;;;;;;;x
SAT_absolute_monarchy;츠바키 번;;;;;;;;;;;;;x
SAT_hms_government;츠바키 입헌번;;;;;;;;;;;;;x
SAT_prussian_constitutionalism;츠바키 번정평의회;;;;;;;;;;;;;x
SAX_absolute_monarchy;타케베 사오리 왕국;;;;;;;;;;;;;x
SAX_colonial_company;타케베 사오리 특허회사령;;;;;;;;;;;;;x
SAX_democracy;타케베 사오리 자유국;;;;;;;;;;;;;x
SAX_dominion;타케베 사오리 자치령;;;;;;;;;;;;;x
SAX_fascist_dictatorship;타케베 사오리 국민국가;;;;;;;;;;;;;x
SAX_federal_democracy;타케베 사오리 연방공화국;;;;;;;;;;;;;x
SAX_hms_government;타케베 사오리 입헌왕국;;;;;;;;;;;;;x
SAX_parliamentary_republic;타케베 사오리 의회공화국;;;;;;;;;;;;;x
SAX_proletarian_dictatorship;타케베 사오리 평의회 공화국;;;;;;;;;;;;;x
SAX_prussian_constitutionalism;타케베 사오리 영방의회;;;;;;;;;;;;;x
SCA_absolute_monarchy;클라라 왕국;;;;;;;;;;;;;x
SCA_proletarian_dictatorship;클라라 사회주의 공화국;;;;;;;;;;;;;x
SCA_prussian_constitutionalism;클라라 국왕참사회;;;;;;;;;;;;;x
SCH_absolute_monarchy;흰황새 공국;;;;;;;;;;;;;x
SCH_colonial_company;흰황새 특허회사령;;;;;;;;;;;;;x
SCH_democracy;흰황새 공화국;;;;;;;;;;;;;x
SCH_dominion;흰황새 자치령;;;;;;;;;;;;;x
SCH_fascist_dictatorship;흰황새 국민국가;;;;;;;;;;;;;x
SCH_federal_democracy;흰황새 연방공화국;;;;;;;;;;;;;x
SCH_hms_government;흰황새 입헌공국;;;;;;;;;;;;;x
SCH_parliamentary_republic;흰황새 의회공화국;;;;;;;;;;;;;x
SCH_proletarian_dictatorship;흰황새 사회주의 공화국;;;;;;;;;;;;;x
SCH_prussian_constitutionalism;흰황새 국왕참사회;;;;;;;;;;;;;x
SCL_absolute_monarchy;스카사하 후국;;;;;;;;;;;;;x
SCL_colonial_company;스카사하 특허회사령;;;;;;;;;;;;;x
SCL_democracy;스카사하 자유국;;;;;;;;;;;;;x
SCL_dominion;스카사하 자치령;;;;;;;;;;;;;x
SCL_fascist_dictatorship;스카사하 국민국가;;;;;;;;;;;;;x
SCL_federal_democracy;스카사하 연방공화국;;;;;;;;;;;;;x
SCL_hms_government;스카사하 입헌후국;;;;;;;;;;;;;x
SCL_parliamentary_republic;스카사하 의회공화국;;;;;;;;;;;;;x
SCL_proletarian_dictatorship;스카사하 평의회 공화국;;;;;;;;;;;;;x
SCL_prussian_constitutionalism;스카사하 영방의회;;;;;;;;;;;;;x
SDB_democracy;맨하탄 카페 자유국;;;;;;;;;;;;;x
SEG_absolute_monarchy;바마나 제국;;;;;;;;;;;;;x
SEG_hms_government;바마나 입헌제국;;;;;;;;;;;;;x
SEG_prussian_constitutionalism;바마나 왕실원로회;;;;;;;;;;;;;x
SEN_absolute_monarchy;츠쿠요 번;;;;;;;;;;;;;x
SEN_hms_government;츠쿠요 입헌번;;;;;;;;;;;;;x
SEN_prussian_constitutionalism;츠쿠요 번정평의회;;;;;;;;;;;;;x
SGM_absolute_monarchy;라이스 샤워 후국;;;;;;;;;;;;;x
SGM_colonial_company;라이스 샤워 특허회사령;;;;;;;;;;;;;x
SGM_democracy;라이스 샤워 자유국;;;;;;;;;;;;;x
SGM_dominion;라이스 샤워 자치령;;;;;;;;;;;;;x
SGM_fascist_dictatorship;라이스 샤워 국민국가;;;;;;;;;;;;;x
SGM_federal_democracy;라이스 샤워 연방공화국;;;;;;;;;;;;;x
SGM_hms_government;라이스 샤워 입헌후국;;;;;;;;;;;;;x
SGM_parliamentary_republic;라이스 샤워 의회공화국;;;;;;;;;;;;;x
SGM_proletarian_dictatorship;라이스 샤워 평의회 공화국;;;;;;;;;;;;;x
SGM_prussian_constitutionalism;라이스 샤워 영방의회;;;;;;;;;;;;;x
SGP_colonial_company;진양옥 조계지;;;;;;;;;;;;;x
SGP_dominion;진양옥 자치성;;;;;;;;;;;;;x
SHA_absolute_monarchy;진천우 왕국;;;;;;;;;;;;;x
SHK_absolute_monarchy;실루크 왕국;;;;;;;;;;;;;x
SHK_hms_government;실루크 입헌왕국;;;;;;;;;;;;;x
SHK_prussian_constitutionalism;실루크 왕실원로회;;;;;;;;;;;;;x
SIA_absolute_monarchy;레비 왕국;;;;;;;;;;;;;x
SIA_hms_government;레비 입헌왕국;;;;;;;;;;;;;x
SIA_prussian_constitutionalism;레비 왕실참사회;;;;;;;;;;;;;x
SIB_absolute_monarchy;로사 차르국;;;;;;;;;;;;;x
SIB_hms_government;로사 입헌차르국;;;;;;;;;;;;;x
SIB_prussian_constitutionalism;로사 두마;;;;;;;;;;;;;x
SIE_colonial_company;니콜 특허회사령;;;;;;;;;;;;;x
SIE_dominion;니콜 자치령;;;;;;;;;;;;;x
SLS_colonial_company;골드 쉽 특허회사령;;;;;;;;;;;;;x
SLS_dominion;골드 쉽 자치령;;;;;;;;;;;;;x
SLW_absolute_monarchy;프리스티스 술탄국;;;;;;;;;;;;;x
SLW_hms_government;프리스티스 입헌술탄국;;;;;;;;;;;;;x
SLW_prussian_constitutionalism;프리스티스 술탄참사회;;;;;;;;;;;;;x
SMK_absolute_monarchy;삼츠케헤;;;;;;;;;;;;;x
SMK_bourgeois_dictatorship;삼츠케헤;;;;;;;;;;;;;x
SMK_democracy;삼츠케헤;;;;;;;;;;;;;x
SMK_fascist_dictatorship;삼츠케헤;;;;;;;;;;;;;x
SMK_federal_democracy;삼츠케헤;;;;;;;;;;;;;x
SMK_hms_government;삼츠크헤르의 연합 Mtavaris;;;;;;;;;;;;;x
SMK_parliamentary_republic;삼츠크헤르의 연합 Mtavaris;;;;;;;;;;;;;x
SMK_presidential_dictatorship;삼츠케헤;;;;;;;;;;;;;x
SMK_proletarian_dictatorship;Samtskhe SSR;;;;;;;;;;;;;x
SMK_prussian_constitutionalism;삼츠케헤;;;;;;;;;;;;;x
SMK_rus_colonial_company;삼츠셰 오크루그;;;;;;;;;;;;;x
SMK_rus_dominion;삼츠셰 오크루그;;;;;;;;;;;;;x
SNZ_bourgeois_dictatorship;레이사 상인연방;South Island Republic;South Island Republic;;;;;;;;;;;x
SNZ_democracy;레이사 공화국;South Island Republic;South Island Republic;;;;;;;;;;;x
SNZ_fascist_dictatorship;레이사 국민연합국;Zealandia;Zealandia;;;;;;;;;;;x
SNZ_presidential_dictatorship;레이사 호국경령;South Island Republic;South Island Republic;;;;;;;;;;;x
SNZ_proletarian_dictatorship;레이사 노동자공화국;Zealandia;Zealandia;;;;;;;;;;;x
SOK_absolute_monarchy;소코토 칼리프국;;;;;;;;;;;;;x
SOK_hms_government;소코토 입헌칼리프국;;;;;;;;;;;;;x
SOK_prussian_constitutionalism;소코토 디완;;;;;;;;;;;;;x
SOM_proletarian_dictatorship;소말릴란드 인민공화국;;;;;;;;;;;;;x
SON_colonial_company;사일런스 특허회사령;;;;;;;;;;;;;x
SON_democracy;사일런스 연방공화국;;;;;;;;;;;;;x
SON_federal_democracy;사일런스 연방공화국;;;;;;;;;;;;;x
SPA_absolute_monarchy;유이가오카 왕국;;;;;;;;;;;;;x
SPA_absolute_monarchy2;유이가오카 세습왕국;;;;;;;;;;;;;x
SPA_democracy;유이가오카 공화국;;;;;;;;;;;;;x
SPA_fascist_dictatorship;유이가오카 국민연합국;;;;;;;;;;;;;x
SPA_hms_government;유이가오카 입헌왕국;;;;;;;;;;;;;x
SPA_hms_government2;유이가오카 의회내각;;;;;;;;;;;;;x
SPA_presidential_dictatorship;유이가오카 군사평의회;;;;;;;;;;;;;x
SPA_proletarian_dictatorship;유이가오카 노동자공화국;;;;;;;;;;;;;x
SPA_prussian_constitutionalism;유이가오카 코르테스;;;;;;;;;;;;;x
SPA_prussian_constitutionalism2;유이가오카 왕실참의회;;;;;;;;;;;;;x
SPU_colonial_company;훔볼트펭귄 특허회사령;;;;;;;;;;;;;x
SPU_dominion;훔볼트펭귄 자치령;;;;;;;;;;;;;x
SRI_absolute_monarchy;시그노라 왕국;;;;;;;;;;;;;x
SRI_colonial_company;시그노라 동인도회사령;;;;;;;;;;;;;x
SRI_dominion;시그노라 번왕령;;;;;;;;;;;;;x
SRI_hms_government;시그노라 입헌왕국;;;;;;;;;;;;;x
SRI_prussian_constitutionalism;시그노라 다르바르;;;;;;;;;;;;;x
SRS_absolute_monarchy;메지로 맥퀸 후국;;;;;;;;;;;;;x
SRS_colonial_company;메지로 맥퀸 특허회사령;;;;;;;;;;;;;x
SRS_democracy;메지로 맥퀸 자유국;;;;;;;;;;;;;x
SRS_dominion;메지로 맥퀸 자치령;;;;;;;;;;;;;x
SRS_fascist_dictatorship;메지로 맥퀸 국민국가;;;;;;;;;;;;;x
SRS_federal_democracy;메지로 맥퀸 연방공화국;;;;;;;;;;;;;x
SRS_hms_government;메지로 맥퀸 입헌후국;;;;;;;;;;;;;x
SRS_parliamentary_republic;메지로 맥퀸 의회공화국;;;;;;;;;;;;;x
SRS_proletarian_dictatorship;메지로 맥퀸 평의회 공화국;;;;;;;;;;;;;x
SRS_prussian_constitutionalism;메지로 맥퀸 영방의회;;;;;;;;;;;;;x
STK_colonial_company;이프리트 특허회사령;;;;;;;;;;;;;x
STK_democracy;이프리트 공화국;;;;;;;;;;;;;x
STK_dominion;이프리트 자치령;;;;;;;;;;;;;x
STK_hms_government;이프리트 입헌왕국;;;;;;;;;;;;;x
STK_parliamentary_republic;이프리트 의회공화국;;;;;;;;;;;;;x
STH_colonial_company;아약스 특허회사령;;;;;;;;;;;;;x
STH_dominion;아약스 자치령;;;;;;;;;;;;;x
STH_hms_government;아약스 입헌대공국;;;;;;;;;;;;;x
STH_prussian_constitutionalism;아약스 영방의회;;;;;;;;;;;;;x
STH_absolute_monarchy;아약스 대공국;;;;;;;;;;;;;x
SUA_bourgeois_dictatorship;스와지 도시자치연맹;;;;;;;;;;;;;x
SUA_democracy;스와지 공화국;;;;;;;;;;;;;x
SUA_fascist_dictatorship;스와지 국민통합국;;;;;;;;;;;;;x
SUA_presidential_dictatorship;스와지 군사평의회;;;;;;;;;;;;;x
SUA_proletarian_dictatorship;스와지 인민공화국;;;;;;;;;;;;;x
SUD_theocracy;수단 이맘국;;;;;;;;;;;;;x
SV0_absolute_monarchy;프리 스바네티;;;;;;;;;;;;;x
SV0_rus_colonial_company;스바네티;;;;;;;;;;;;;x
SV0_bourgeois_dictatorship;프리 스바네티;;;;;;;;;;;;;x
SV0_democracy;프리 스바네티;;;;;;;;;;;;;x
SV0_rus_dominion;프리 스바네티;;;;;;;;;;;;;x
SV0_fascist_dictatorship;산니미시안 공화국;;;;;;;;;;;;;x
SV0_federal_democracy;프리 스바네티;;;;;;;;;;;;;x
SV0_hms_government;프리 스바네티;;;;;;;;;;;;;x
SV0_parliamentary_republic;프리 스바네티;;;;;;;;;;;;;x
SV0_presidential_dictatorship;스바네티;;;;;;;;;;;;;x
SV0_proletarian_dictatorship;프리 스반 SSR;;;;;;;;;;;;;x
SV0_prussian_constitutionalism;프리 스바네티;;;;;;;;;;;;;x
SVA_absolute_monarchy;산드로네 후국;;;;;;;;;;;;;x
SVA_rus_colonial_company;산드로네 특허회사령;;;;;;;;;;;;;x
SVA_bourgeois_dictatorship;산드로네 도시공화국;;;;;;;;;;;;;x
SVA_democracy;산드로네 공화국;;;;;;;;;;;;;x
SVA_rus_dominion;산드로네 자치령;;;;;;;;;;;;;x
SVA_fascist_dictatorship;산드로네 국민국가;;;;;;;;;;;;;x
SVA_federal_democracy;산드로네 연방공화국;;;;;;;;;;;;;x
SVA_hms_government;산드로네 입헌후국;;;;;;;;;;;;;x
SVA_parliamentary_republic;산드로네 의회공화국;;;;;;;;;;;;;x
SVA_presidential_dictatorship;산드로네 군사평의회;;;;;;;;;;;;;x
SVA_proletarian_dictatorship;산드로네 인민공화국;;;;;;;;;;;;;x
SVA_prussian_constitutionalism;산드로네 왕실평의회;;;;;;;;;;;;;x
SWG_absolute_monarchy;토카이 테이오 후국;;;;;;;;;;;;;x
SWG_colonial_company;토카이 테이오 특허회사령;;;;;;;;;;;;;x
SWG_democracy;토카이 테이오 자유국;;;;;;;;;;;;;x
SWG_dominion;토카이 테이오 자치령;;;;;;;;;;;;;x
SWG_fascist_dictatorship;토카이 테이오 국민국가;;;;;;;;;;;;;x
SWG_federal_democracy;토카이 테이오 연방공화국;;;;;;;;;;;;;x
SWG_hms_government;토카이 테이오 입헌후국;;;;;;;;;;;;;x
SWG_parliamentary_republic;토카이 테이오 의회공화국;;;;;;;;;;;;;x
SWG_proletarian_dictatorship;토카이 테이오 평의회 공화국;;;;;;;;;;;;;x
SWG_prussian_constitutionalism;토카이 테이오 영방의회;;;;;;;;;;;;;x
SWH_absolute_monarchy;오구리 캡 후국;;;;;;;;;;;;;x
SWH_colonial_company;오구리 캡 특허회사령;;;;;;;;;;;;;x
SWH_democracy;오구리 캡 자유국;;;;;;;;;;;;;x
SWH_dominion;오구리 캡 자치령;;;;;;;;;;;;;x
SWH_fascist_dictatorship;오구리 캡 국민국가;;;;;;;;;;;;;x
SWH_federal_democracy;오구리 캡 연방공화국;;;;;;;;;;;;;x
SWH_hms_government;오구리 캡 입헌후국;;;;;;;;;;;;;x
SWH_parliamentary_republic;오구리 캡 의회공화국;;;;;;;;;;;;;x
SWH_proletarian_dictatorship;오구리 캡 평의회 공화국;;;;;;;;;;;;;x
SWH_prussian_constitutionalism;오구리 캡 영방의회;;;;;;;;;;;;;x
SWI_democracy2;엠마 베르데 도시공화국;;;;;;;;;;;;;x
SWK_fascist_dictatorship;펠리카 국민국가;;;;;;;;;;;;;x
SXI_presidential_dictatorship;북두 군정부;Clique de Shanxi;Shanxi-Clique;;;;;;;;;;;x
SYR_dominion;앨리스 자치령;;;;;;;;;;;;;x
SZC_presidential_dictatorship;운진 군정부;;;;;;;;;;;;;x
TAI_colonial_company;신염 조계지;;;;;;;;;;;;;x
TAI_dominion;신염 자치성;;;;;;;;;;;;;x
TAJ_absolute_monarchy;카넬리안 샤국;;;;;;;;;;;;;x
TAJ_hms_government;카넬리안 입헌샤국;;;;;;;;;;;;;x
TAJ_prussian_constitutionalism;카넬리안 마즐리스;;;;;;;;;;;;;x
TAU_absolute_monarchy;카라차이;;;;;;;;;;;;;x
TAU_bourgeois_dictatorship;카라차이;;;;;;;;;;;;;x
TAU_democracy;유나이티드 카라채 짜마츠;;;;;;;;;;;;;x
TAU_fascist_dictatorship;타울루스탄;;;;;;;;;;;;;x
TAU_hms_government;유나이티드 카라채 짜마츠;;;;;;;;;;;;;x
TAU_presidential_dictatorship;카라차이;;;;;;;;;;;;;x
TAU_proletarian_dictatorship;카라차이 코;;;;;;;;;;;;;x
TAU_prussian_constitutionalism;유나이티드 카라채 짜마츠;;;;;;;;;;;;;x
TBS_absolute_monarchy;제시카 왕국;;;;;;;;;;;;;x
TBS_democracy;제시카 공화국;;;;;;;;;;;;;x
TBS_fascist_dictatorship;제시카 국민통합국;;;;;;;;;;;;;x
TBS_federal_democracy;제시카 연방공화국;;;;;;;;;;;;;x
TBS_hms_government;제시카 입헌왕국;;;;;;;;;;;;;x
TBS_presidential_dictatorship;제시카 군사평의회;;;;;;;;;;;;;x
TBS_proletarian_dictatorship;제시카 사회주의 공화국;;;;;;;;;;;;;x
TBS_prussian_constitutionalism;제시카 왕실평의회;;;;;;;;;;;;;x
TCA_colonial_company;스네즈나야 우인단 특허회사령;;;;;;;;;;;;;x
TKG_absolute_monarchy;백귀야행 연합학원;;;;;;;;;;;;;x
TKG_democracy;백귀야행 학생자치연합;;;;;;;;;;;;;x
TKG_fascist_dictatorship;백귀야행 백화요란 총동원부;;;;;;;;;;;;;x
TKG_federal_democracy;백귀야행 자치동아리 연방;;;;;;;;;;;;;x
TKG_hms_government;백귀야행 음양부 의정학원;;;;;;;;;;;;;x
TKG_presidential_dictatorship;백귀야행 비상대책위원회;;;;;;;;;;;;;x
TKG_proletarian_dictatorship;백귀야행 전교학생총회;;;;;;;;;;;;;x
TEX_colonial_company;마젤란 특허회사령;;;;;;;;;;;;;x
TEX_democracy;마젤란 연방공화국;;;;;;;;;;;;;x
TEX_democracy2;마젤란 의회공화국;;;;;;;;;;;;;x
TEX_presidential_dictatorship;마젤란 군사정부;;;;;;;;;;;;;x
TKM_absolute_monarchy;투예 칸국;;;;;;;;;;;;;x
TKM_hms_government;투예 입헌칸국;;;;;;;;;;;;;x
TKM_prussian_constitutionalism;투예 칸국의정회;;;;;;;;;;;;;x
TLY_absolute_monarchy;Talysh Khanate;;;;;;;;;;;;;x
TLY_absolute_monarchy2;타리쉬 술타네이트;;;;;;;;;;;;;x
TLY_bourgeois_dictatorship;렌코란 코;;;;;;;;;;;;;x
TLY_democracy;탈리시스탄;;;;;;;;;;;;;x
TLY_democracy2;렌코란 공화국;;;;;;;;;;;;;x
TLY_fascist_dictatorship;렌코란 코;;;;;;;;;;;;;x
TLY_federal_democracy;유나이티드 탈리쉬 마할스;;;;;;;;;;;;;x
TLY_hms_government;유나이티드 탈리쉬 마할스;;;;;;;;;;;;;x
TLY_hms_government2;유나이티드 탈리쉬 마할스;;;;;;;;;;;;;x
TLY_parliamentary_republic;유나이티드 탈리쉬 마할스;;;;;;;;;;;;;x
TLY_presidential_dictatorship;무한의 군사 독재;;;;;;;;;;;;;x
TLY_proletarian_dictatorship;무한 사회주의 공화국;;;;;;;;;;;;;x
TLY_prussian_constitutionalism;탈리시스탄 에미레이트;;;;;;;;;;;;;x
TLY_prussian_constitutionalism2;탈리시스탄 에미레이트;;;;;;;;;;;;;x
TLY_rus_colonial_company;태리쉬 지구;;;;;;;;;;;;;x
TLY_rus_dominion;태리쉬 지구;;;;;;;;;;;;;x
TLY_tur_colonial_company;렌코란 비라;;;;;;;;;;;;;x
TMR_absolute_monarchy;Mon3tr 왕국;;;;;;;;;;;;;x
TNT_absolute_monarchy;이스티나 칸국;;;;;;;;;;;;;x
TNT_hms_government;이스티나 입헌칸국;;;;;;;;;;;;;x
TNT_prussian_constitutionalism;이스티나 칸국의정회;;;;;;;;;;;;;x
TNZ_colonial_company;탕가니카 특허회사령;;;;;;;;;;;;;x
TNZ_dominion;탕가니카 보호국;;;;;;;;;;;;;x
TOS_absolute_monarchy;미모리 번;;;;;;;;;;;;;x
TOS_hms_government;미모리 입헌번;;;;;;;;;;;;;x
TOS_prussian_constitutionalism;미모리 번정평의회;;;;;;;;;;;;;x
TOU_bourgeois_dictatorship;투쿨로르 도시상인연맹;;;;;;;;;;;;;x
TOU_democracy;투쿨로르 공화국;;;;;;;;;;;;;x
TOU_fascist_dictatorship;투쿨로르 국민통합국;;;;;;;;;;;;;x
TOU_presidential_dictatorship;투쿨로르 군사평의회;;;;;;;;;;;;;x
TOU_proletarian_dictatorship;투쿨로르 인민공화국;;;;;;;;;;;;;x
TPG_bourgeois_dictatorship;신운 상회연합;;;;;;;;;;;;;x
TPG_democracy;신운 민국;;;;;;;;;;;;;x
TPG_fascist_dictatorship;신운 국민정부;;;;;;;;;;;;;x
TPG_presidential_dictatorship;신운 군정부;;;;;;;;;;;;;x
TPG_proletarian_dictatorship;신운 인민공화국;;;;;;;;;;;;;x
TRE_colonial_company;장 바르 특허회사령;;;;;;;;;;;;;x
TRE_dominion;장 바르 자치령;;;;;;;;;;;;;x
TRZ_absolute_monarchy;우시와카마루 토후국;;;;;;;;;;;;;x
TRZ_bourgeois_dictatorship;우시와카마루 상인협의국;Mauritanie;Mauretanien;;;;;;;;;;;x
TRZ_democracy;우시와카마루 공화국;Mauritanie;Mauretanien;;;;;;;;;;;x
TRZ_fascist_dictatorship;우시와카마루 국민통합국;Mauritanie;Mauretanien;;;;;;;;;;;x
TRZ_presidential_dictatorship;우시와카마루 군사평의회;Mauritanie;Mauretanien;;;;;;;;;;;x
TRZ_proletarian_dictatorship;우시와카마루 사회주의 공화국;Mauritanie;Mauretanien;;;;;;;;;;;x
TST_colonial_company;사일런스 스즈카 특허회사령;;;;;;;;;;;;;x
TTB_colonial_company;심스 특허회사령;;;;;;;;;;;;;x
TTB_dominion;심스 자치령;;;;;;;;;;;;;x
TTB_hms_government;심스 입헌왕국;;;;;;;;;;;;;x
TTB_parliamentary_republic;심스 의회공화국;;;;;;;;;;;;;x
TTN_absolute_monarchy;타티스탄;;;;;;;;;;;;;x
TTN_absolute_monarchy2;코브브 멜릭돔;;;;;;;;;;;;;x
TTN_bourgeois_dictatorship;코브베 콜렉터;;;;;;;;;;;;;x
TTN_democracy;타티스탄;;;;;;;;;;;;;x
TTN_democracy2;코브베 공화국;;;;;;;;;;;;;x
TTN_fascist_dictatorship;타티스탄 사회 협의회;;;;;;;;;;;;;x
TTN_federal_democracy;타지스탄의 연합 마할;;;;;;;;;;;;;x
TTN_hms_government;타티스탄 에미레이트;;;;;;;;;;;;;x
TTN_hms_government2;코베흐의 연합 마할스;;;;;;;;;;;;;x
TTN_parliamentary_republic;타티스탄 의회 학회;;;;;;;;;;;;;x
TTN_presidential_dictatorship;타티스탄 군사평의회;;;;;;;;;;;;;x
TTN_proletarian_dictatorship;남부 다게스탄 ASSR;;;;;;;;;;;;;x
TTN_prussian_constitutionalism;타티스탄 에미레이트;;;;;;;;;;;;;x
TTN_prussian_constitutionalism2;코베흐의 연합 마할스;;;;;;;;;;;;;x
TTN_rus_colonial_company;쿠바구;;;;;;;;;;;;;x
TTN_rus_dominion;쿠바구;;;;;;;;;;;;;x
TTN_tur_colonial_company;쿠바 비라;;;;;;;;;;;;;x
TUN_absolute_monarchy;세리카 베이국;;;;;;;;;;;;;x
TUN_prussian_constitutionalism;세리카 슈라 평의회;;;;;;;;;;;;;x
TUR_absolute_monarchy;아이셰 제국;;;;;;;;;;;;;x
TUR_bourgeois_dictatorship;아이셰 상인공화국;;;;;;;;;;;;;x
TUR_democracy;아이셰 공화국;;;;;;;;;;;;;x
TUR_fascist_dictatorship;아이셰 국민통합국;;;;;;;;;;;;;x
TUR_hms_government;아이셰 입헌제국;;;;;;;;;;;;;x
TUR_presidential_dictatorship;아이셰 군사평의회;;;;;;;;;;;;;x
TUR_proletarian_dictatorship;아이셰 인민공화국;;;;;;;;;;;;;x
TUR_prussian_constitutionalism;아이셰 디완;;;;;;;;;;;;;x
UBD_absolute_monarchy;호넷 공국;;;;;;;;;;;;;x
UBD_colonial_company;호넷 특허회사령;;;;;;;;;;;;;x
UBD_democracy;호넷 자유국;;;;;;;;;;;;;x
UBD_dominon;호넷 자치령;;;;;;;;;;;;;x
UBD_fascist_dictatorship;호넷 국민국가;;;;;;;;;;;;;x
UBD_hms_government;호넷 입헌공국;;;;;;;;;;;;;x
UBD_presidential_dictatorship;호넷 군사집정부;;;;;;;;;;;;;x
UBD_proletarian_dictatorship;호넷 평의회 공화국;;;;;;;;;;;;;x
UBD_prussian_constitutionalism;호넷 영방의회;;;;;;;;;;;;;x
UCA_absolute_monarchy;나타 부족연맹 제국;Central American Empire;Central American Empire;;;;;;;;;;;x
UCA_colonial_company;나타 부족연맹 특허회사령;;;;;;;;;;;;;x
UCA_hms_government;나타 부족연맹 입헌제국;Central America;Central America;;;;;;;;;;;x
UCA_proletarian_dictatorship;나타 부족연맹 사회주의 공화국;;;;;;;;;;;;;x
UCA_prussian_constitutionalism;나타 부족연맹 왕실평의회;Central American Empire;Central American Empire;;;;;;;;;;;x
UIL_absolute_monarchy;프란카 왕국;;;;;;;;;;;;;x
UIL_fascist_dictatorship;프란카 국민연합국;;;;;;;;;;;;;x
UIL_presidential_dictatorship;프란카 군사정부;;;;;;;;;;;;;x
UIL_proletarian_dictatorship;프란카 사회주의 연방;;;;;;;;;;;;;x
UIL_prussian_constitutionalism;프란카 왕실의회;;;;;;;;;;;;;x
UKY_democracy;파인콘 연방공화국;;;;;;;;;;;;;x
UKY_dominion;파인콘 자치령;;;;;;;;;;;;;x
ULA_absolute_monarchy;메이어 왕국;;;;;;;;;;;;;x
ULA_bourgeois_dictatorship;메이어 총재정부;;;;;;;;;;;;;x
ULA_colonial_company;메이어 특허회사령;;;;;;;;;;;;;x
ULA_democracy;메이어 공화국;;;;;;;;;;;;;x
ULA_dominion;메이어 자치령;;;;;;;;;;;;;x
ULA_fascist_dictatorship;메이어 국민국가;;;;;;;;;;;;;x
ULA_hms_government;메이어 입헌왕국;;;;;;;;;;;;;x
ULA_presidential_dictatorship;메이어 집정정부;;;;;;;;;;;;;x
ULA_proletarian_dictatorship;메이어 코뮌;;;;;;;;;;;;;x
ULA_prussian_constitutionalism;메이어 왕실국무원;;;;;;;;;;;;;x
UNB_absolute_monarchy;엔터프라이즈 왕국;;;;;;;;;;;;;x
UNB_dominion;엔터프라이즈 자치령;;;;;;;;;;;;;x
UNB_hms_government;엔터프라이즈 입헌왕국;;;;;;;;;;;;;x
UNB_prussian_constitutionalism;엔터프라이즈 왕실의회;;;;;;;;;;;;;x
UNB_colonial_company;엔터프라이즈 특허회사령;;;;;;;;;;;;;x
UNM_absolute_monarchy;클리블랜드 대추장국;;;;;;;;;;;;;x
UNM_colonial_company;클리블랜드 특허회사령;;;;;;;;;;;;;x
UNM_democracy;클리블랜드 부족공화국;;;;;;;;;;;;;x
UNM_dominion;클리블랜드 보호국;;;;;;;;;;;;;x
UNM_federal_democracy;클리블랜드 연방공화국;;;;;;;;;;;;;x
UNM_hms_government;클리블랜드 입헌추장국;;;;;;;;;;;;;x
UNM_proletarian_dictatorship;클리블랜드 공동체연방;;;;;;;;;;;;;x
UNM_prussian_constitutionalism;클리블랜드 부족원로회;;;;;;;;;;;;;x
UNY_absolute_monarchy;호놀룰루 왕국;;;;;;;;;;;;x
UNY_bourgeois_dictatorship;호놀룰루 주권주연합;;;;;;;;;;;;x
UNY_fascist_dictatorship;호놀룰루 국민연합국;;;;;;;;;;;;;x
UNY_presidential_dictatorship;호놀룰루 군사정부;;;;;;;;;;;;;x
UNY_proletarian_dictatorship;호놀룰루 사회주의 연방;;;;;;;;;;;;x
UNY_prussian_constitutionalism;호놀룰루 왕실의회;;;;;;;;;;;;x
UOR_absolute_monarchy;에식스 왕국;;;;;;;;;;;;;x
UOR_colonial_company;에식스 특허회사령;;;;;;;;;;;;;x
UOR_dominion;에식스 자치령;;;;;;;;;;;;;x
UOR_fascist_dictatorship;에식스 국민연합국;;;;;;;;;;;;;x
UOR_hms_government;에식스 입헌왕국;;;;;;;;;;;;;x
UOR_proletarian_dictatorship;에식스 사회주의 연방;;;;;;;;;;;;;x
UOR_prussian_constitutionalism;에식스 왕실의회;;;;;;;;;;;;;x
URA_absolute_monarchy;압생트 차르국;;;;;;;;;;;;;x
URA_democracy;압생트 공화국;;;;;;;;;;;;;x
URA_hms_government;압생트 입헌차르국;;;;;;;;;;;;;x
URA_proletarian_dictatorship;압생트 소비에트 공화국;;;;;;;;;;;;;x
URA_prussian_constitutionalism;압생트 두마;;;;;;;;;;;;;x
URU_absolute_monarchy;남부작은개미핥기 왕국;;;;;;;;;;;;;x
URU_colonial_company;남부작은개미핥기 특허회사령;;;;;;;;;;;;;x
URU_dominion;남부작은개미핥기 자치령;;;;;;;;;;;;;x
URU_hms_government;남부작은개미핥기 입헌왕국;;;;;;;;;;;;;x
URU_prussian_constitutionalism;남부작은개미핥기 왕실평의회;;;;;;;;;;;;;x
USA_absolute_monarchy;밀레니엄 제국;;;;;;;;;;;;;x
USA_bourgeois_dictatorship;밀레니엄 주권주연합;;;;;;;;;;;;;x
USA_democracy;밀레니엄 사이언스 스쿨;;;;;;;;;;;;;x
USA_dominion;밀레니엄 자치령;;;;;;;;;;;;;x
USA_fascist_dictatorship;밀레니엄 국민연합국;;;;;;;;;;;;;x
USA_hms_government;밀레니엄 입헌제국;;;;;;;;;;;;;x
USA_presidential_dictatorship;밀레니엄 군사정부;;;;;;;;;;;;;x
USA_proletarian_dictatorship;밀레니엄 사회주의 연방;;;;;;;;;;;;;x
USA_prussian_constitutionalism;밀레니엄 왕실의회;;;;;;;;;;;;;x
USS_absolute_monarchy;청금강앵무 제국;;;;;;;;;;;;;x
USS_democracy;청금강앵무 합중국;;;;;;;;;;;;;x
USS_fascist_dictatorship;청금강앵무 국민통합국;;;;;;;;;;;;;x
USS_hms_government;청금강앵무 입헌제국;;;;;;;;;;;;;x
USS_proletarian_dictatorship;청금강앵무 사회주의 연방;;;;;;;;;;;;;x
USS_prussian_constitutionalism;청금강앵무 제국국무원;;;;;;;;;;;;;x
UVT_colonial_company;새러토가 특허회사령;;;;;;;;;;;;;x
UVT_democracy;새러토가 연방공화국;;;;;;;;;;;;;x
UVT_dominion;새러토가 자치령;;;;;;;;;;;;;x
UVT_federal_democracy;새러토가 연방공화국;;;;;;;;;;;;;x
UYG_absolute_monarchy;란옌 칸국;;;;;;;;;;;;;x
UYG_hms_government;란옌 입헌칸국;;;;;;;;;;;;;x
UYG_prussian_constitutionalism;란옌 칸국의정회;;;;;;;;;;;;;x
VAN_colonial_company;뉴저지 특허회사령;;;;;;;;;;;;;x
VAN_dominion;뉴저지 자치령;;;;;;;;;;;;;x
VAN_hms_governmenr;뉴저지 입헌왕국;;;;;;;;;;;;;x
VAN_parliamentary_republic;뉴저지 의회공화국;;;;;;;;;;;;;x
VEN_democracy;생루이 도제공화국;;;;;;;;;;;;;x
VEN_presidential_dictatorship;생루이 집정정부;;;;;;;;;;;;;x
VFR_absolute_monarchy;키보토스 비상행정 제국;;;;;;;;;;;;;x
VFR_bourgeois_dictatorship;키보토스 비상행정 총재정부;;;;;;;;;;;;;x
VFR_democracy;키보토스 비상행정 공화국;;;;;;;;;;;;;x
VFR_fascist_dictatorship;키보토스 비상행정 국민국가;;;;;;;;;;;;;x
VFR_hms_government;키보토스 비상행정 입헌제국;;;;;;;;;;;;;x
VFR_presidential_dictatorship;키보토스 비상행정 집정정부;;;;;;;;;;;;;x
VFR_proletarian_dictatorship;키보토스 비상행정 코뮌;;;;;;;;;;;;;x
VFR_prussian_constitutionalism;키보토스 비상행정 왕실국무원;;;;;;;;;;;;;x
VLG_absolute_monarchy;Z1 레베레히트 마스 공국;;;;;;;;;;;;;x
VLG_democracy;Z1 레베레히트 마스 자유국;;;;;;;;;;;;;x
VLG_fascist_dictatorship;Z1 레베레히트 마스 국민국가;;;;;;;;;;;;;x
VLG_hms_government;Z1 레베레히트 마스 입헌공국;;;;;;;;;;;;;x
VLG_proletarian_dictatorship;Z1 레베레히트 마스 평의회 공화국;;;;;;;;;;;;;x
VLG_prussian_constitutionalism;Z1 레베레히트 마스 영방의회;;;;;;;;;;;;;x
VLK_absolute_monarchy;남아프리카 왕국;;;;;;;;;;;;;x
VLK_colonial_company;남아프리카 특허회사령;;;;;;;;;;;;;x
VLK_dominion;남아프리카 자치공화국;;;;;;;;;;;;;x
VLK_hms_government;남아프리카 입헌왕국;;;;;;;;;;;;;x
VLK_proletarian_dictatorship;남아프리카 노동자공화국;;;;;;;;;;;;;x
VLK_prussian_constitutionalism;남아프리카 시민평의회;;;;;;;;;;;;;x
VLP_colonial_company;하베트롯 특허회사령;;;;;;;;;;;;;x
VNG_colonial_company;나가오 카게토라 특허회사령;;;;;;;;;;;;;x
VNS_colonial_company;이바라키도지 특허회사령;;;;;;;;;;;;;x
CGC_colonial_company;지바이 특허회사령;;;;;;;;;;;;;x
VOP_colonial_company;스페이스 이슈타르 특허회사령;;;;;;;;;;;;;x
VLP_dominion;하베트롯 자치령;;;;;;;;;;;;;x
VNG_dominion;나가오 카게토라 자치령;;;;;;;;;;;;;x
VNS_dominion;이바라키도지 자치령;;;;;;;;;;;;;x
CGC_dominion;지바이 자치령;;;;;;;;;;;;;x
VOP_dominion;스페이스 이슈타르 자치령;;;;;;;;;;;;;x
VOJ_colonial_company;호시구마 특허회사령;;;;;;;;;;;;;x
VTU_colonial_company;시바테리움 특허회사령;;;;;;;;;;;;;x
VTU_dominion;시바테리움 보호국;;;;;;;;;;;;;x
WAD_absolute_monarchy;와다이 술탄국;;;;;;;;;;;;;x
WAD_hms_government;와다이 입헌술탄국;;;;;;;;;;;;;x
WAD_prussian_constitutionalism;와다이 디완;;;;;;;;;;;;;x
WAS_fascist_dictatorship;치토 총동원국;Westralia;Westralia;;;;;;;;;;;x
WEI_absolute_monarchy;다이와 스칼렛 대공국;;;;;;;;;;;;;x
WEI_colonial_company;다이와 스칼렛 특허회사령;;;;;;;;;;;;;x
WEI_democracy;다이와 스칼렛 자유국;;;;;;;;;;;;;x
WEI_dominion;다이와 스칼렛 자치령;;;;;;;;;;;;;x
WEI_fascist_dictatorship;다이와 스칼렛 국민국가;;;;;;;;;;;;;x
WEI_federal_democracy;다이와 스칼렛 연방공화국;;;;;;;;;;;;;x
WEI_hms_government;다이와 스칼렛 입헌대공국;;;;;;;;;;;;;x
WEI_parliamentary_republic;다이와 스칼렛 의회공화국;;;;;;;;;;;;;x
WEI_proletarian_dictatorship;다이와 스칼렛 평의회 공화국;;;;;;;;;;;;;x
WEI_prussian_constitutionalism;다이와 스칼렛 영방의회;;;;;;;;;;;;;x
WIN_colonial_company;알파카 수리 특허회사령;;;;;;;;;;;;;x
WIN_dominion;알파카 수리 자치령;;;;;;;;;;;;;x
WIN_hms_government;알파카 수리 입헌왕국;;;;;;;;;;;;;x
WIN_parliamentary_republic;알파카 수리 의회공화국;;;;;;;;;;;;;x
WLD_absolute_monarchy;나이스 네이처 후국;;;;;;;;;;;;;x
WLD_colonial_company;나이스 네이처 특허회사령;;;;;;;;;;;;;x
WLD_democracy;나이스 네이처 자유국;;;;;;;;;;;;;x
WLD_dominion;나이스 네이처 자치령;;;;;;;;;;;;;x
WLD_fascist_dictatorship;나이스 네이처 국민국가;;;;;;;;;;;;;x
WLD_federal_democracy;나이스 네이처 연방공화국;;;;;;;;;;;;;x
WLD_hms_government;나이스 네이처 입헌후국;;;;;;;;;;;;;x
WLD_parliamentary_republic;나이스 네이처 의회공화국;;;;;;;;;;;;;x
WLD_proletarian_dictatorship;나이스 네이처 평의회 공화국;;;;;;;;;;;;;x
WLD_prussian_constitutionalism;나이스 네이처 영방의회;;;;;;;;;;;;;x
WOL_absolute_monarchy;월로프 술탄국;;;;;;;;;;;;;x
WOL_hms_government;월로프 입헌술탄국;;;;;;;;;;;;;x
WOL_prussian_constitutionalism;월로프 디완;;;;;;;;;;;;;x
WOL_theocracy;월로프 이맘국;;;;;;;;;;;;;x
WUR_absolute_monarchy;트레센 왕국;;;;;;;;;;;;;x
WUR_colonial_company;트레센 특허회사령;;;;;;;;;;;;;x
WUR_democracy;트레센 자유국;;;;;;;;;;;;;x
WUR_dominion;트레센 자치령;;;;;;;;;;;;;x
WUR_fascist_dictatorship;트레센 국민국가;;;;;;;;;;;;;x
WUR_federal_democracy;트레센 연방공화국;;;;;;;;;;;;;x
WUR_hms_government;트레센 입헌왕국;;;;;;;;;;;;;x
WUR_parliamentary_republic;트레센 의회공화국;;;;;;;;;;;;;x
WUR_proletarian_dictatorship;트레센 평의회 공화국;;;;;;;;;;;;;x
WUR_prussian_constitutionalism;트레센 영방의회;;;;;;;;;;;;;x
XBI_presidential_dictatorship;비소 군정부;;;;;;;;;;;;;x
XHO_democracy;코사 공화국;;;;;;;;;;;;;x
XIN_presidential_dictatorship;선주 연맹 군정부;Clique de Xinjiang;Xinjiang-Clique;;;;;;;;;;;x
YEM_colonial_company;야호다 통상회사령;;;;;;;;;;;;;x
YEM_dominion;야호다 자치령;;;;;;;;;;;;;x
YEM_proletarian_dictatorship;야호다 사회주의 공화국;;;;;;;;;;;;;x
YNN_presidential_dictatorship;부현 군정부;Clique de Yunnan;Yunnan-Clique;;;;;;;;;;;x
YUC_colonial_company;바슈 특허회사령;;;;;;;;;;;;;x
YUC_democracy;바슈 공화국;;;;;;;;;;;;;x
YUC_federal_democracy;바슈 연방공화국;;;;;;;;;;;;;x
ZAC_colonial_company;샌디에고 특허회사령;;;;;;;;;;;;;x
ZAC_democracy;샌디에고 공화국;;;;;;;;;;;;;x
ZAC_federal_democracy;샌디에고 연방공화국;;;;;;;;;;;;;x
ZAM_colonial_company;잠비아 특허회사령;;;;;;;;;;;;;x
ZAM_dominion;잠비아 보호국;;;;;;;;;;;;;x
ANC_democracy;페른 공화국;;;;;;;;;;;;;x
ANC_democracy2;페른 의회공화국;;;;;;;;;;;;;x
ANC_absolute_monarchy;페른 제국;;;;;;;;;;;;;x
ANC_absolute_monarchy2;페른 세습제국;;;;;;;;;;;;;x
ABA_bourgeois_dictatorship;모르지아나 상인협의국;;;;;;;;;;;;;x
ABA_fascist_dictatorship;모르지아나 국민통합국;;;;;;;;;;;;;x
ABA_presidential_dictatorship;모르지아나 군사평의회;;;;;;;;;;;;;x
ABA_proletarian_dictatorship;모르지아나 사회주의 공화국;;;;;;;;;;;;;x
ABU_presidential_dictatorship;사오리 군사평의회;;;;;;;;;;;;;x
ACA_bourgeois_dictatorship;아리스 총재정부;;;;;;;;;;;;;x
ACA_fascist_dictatorship;아리스 국민국가;;;;;;;;;;;;;x
ACA_presidential_dictatorship;아리스 집정정부;;;;;;;;;;;;;x
ACA_proletarian_dictatorship;아리스 코뮌;;;;;;;;;;;;;x
ACE_bourgeois_dictatorship;조프루아고양이 주권주연합;;;;;;;;;;;;;x
ACE_presidential_dictatorship;조프루아고양이 군사정부;;;;;;;;;;;;;x
ADO_bourgeois_dictatorship;오니츠카 토마리 도시연합;;;;;;;;;;;;;x
ADO_fascist_dictatorship;오니츠카 토마리 국민연합국;;;;;;;;;;;;;x
ADO_presidential_dictatorship;오니츠카 토마리 군사평의회;;;;;;;;;;;;;x
ADO_proletarian_dictatorship;오니츠카 토마리 노동자공화국;;;;;;;;;;;;;x
ADW_bourgeois_dictatorship;아다마와 도시상인연맹;;;;;;;;;;;;;x
ADW_presidential_dictatorship;아다마와 군사평의회;;;;;;;;;;;;;x
AFG_bourgeois_dictatorship;미스라 대상교역 평의회;;;;;;;;;;;;;x
AFG_fascist_dictatorship;미스라 수호군단 통합국;;;;;;;;;;;;;x
AFG_presidential_dictatorship;미스라 궁기병 사령부;;;;;;;;;;;;;x
AFG_proletarian_dictatorship;미스라 공동체 수호공화국;;;;;;;;;;;;;x
AGC_bourgeois_dictatorship;히메코 항구도시연맹;;;;;;;;;;;;;x
AGC_fascist_dictatorship;히메코 국민국가;;;;;;;;;;;;;x
AGC_presidential_dictatorship;히메코 군사평의회;;;;;;;;;;;;;x
AGC_proletarian_dictatorship;히메코 인민공화국;;;;;;;;;;;;;x
AIN_bourgeois_dictatorship;키쿄 자치부족연맹;;;;;;;;;;;;;x
AIN_fascist_dictatorship;키쿄 민족통합국;;;;;;;;;;;;;x
AIN_presidential_dictatorship;키쿄 전사평의회;;;;;;;;;;;;;x
AIN_proletarian_dictatorship;키쿄 공동체연방;;;;;;;;;;;;;x
AKH_bourgeois_dictatorship;니어 도시상인연맹;;;;;;;;;;;;;x
AKH_fascist_dictatorship;니어 국민통합국;;;;;;;;;;;;;x
AKH_presidential_dictatorship;니어 군사평의회;;;;;;;;;;;;;x
AKH_proletarian_dictatorship;니어 인민공화국;;;;;;;;;;;;;x
ALB_bourgeois_dictatorship;블라디레나 밀리제 도시자치연맹;;;;;;;;;;;;;x
ALB_fascist_dictatorship;블라디레나 밀리제 국민국가;;;;;;;;;;;;;x
ALB_presidential_dictatorship;블라디레나 밀리제 군사섭정정부;;;;;;;;;;;;;x
ALB_proletarian_dictatorship;블라디레나 밀리제 인민공화국;;;;;;;;;;;;;x
ALD_bourgeois_dictatorship;시로코 상인협의국;;;;;;;;;;;;;x
ALD_fascist_dictatorship;시로코 국민통합국;;;;;;;;;;;;;x
ALD_presidential_dictatorship;시로코 군사평의회;;;;;;;;;;;;;x
ALD_proletarian_dictatorship;시로코 사회주의 공화국;;;;;;;;;;;;;x
ALS_bourgeois_dictatorship;에리카 자유시;;;;;;;;;;;;;x
ALS_fascist_dictatorship;에리카 국민국가;;;;;;;;;;;;;x
ALS_presidential_dictatorship;에리카 군사집정부;;;;;;;;;;;;;x
ALS_proletarian_dictatorship;에리카 평의회 공화국;;;;;;;;;;;;;x
ALT_bourgeois_dictatorship;시구레 도시상인연맹;;;;;;;;;;;;;x
ALT_fascist_dictatorship;시구레 국민통합국;;;;;;;;;;;;;x
ALT_presidential_dictatorship;시구레 군사평의회;;;;;;;;;;;;;x
ALT_proletarian_dictatorship;시구레 인민공화국;;;;;;;;;;;;;x
ANB_bourgeois_dictatorship;치아키 자유시;;;;;;;;;;;;;x
ANB_presidential_dictatorship;치아키 군사집정부;;;;;;;;;;;;;x
ANC_bourgeois_dictatorship;페른 주권주연합;;;;;;;;;;;;;x
ANC_fascist_dictatorship;페른 국민통합국;;;;;;;;;;;;;x
ANC_presidential_dictatorship;페른 군사평의회;;;;;;;;;;;;;x
ANC_proletarian_dictatorship;페른 사회주의 공화국;;;;;;;;;;;;;x
ANG_bourgeois_dictatorship;앙골라 도시자치연맹;;;;;;;;;;;;;x
ANG_fascist_dictatorship;앙골라 국민통합국;;;;;;;;;;;;;x
ANG_presidential_dictatorship;앙골라 군사평의회;;;;;;;;;;;;;x
ANG_proletarian_dictatorship;앙골라 인민공화국;;;;;;;;;;;;;x
ANH_bourgeois_dictatorship;카요코 자유시;;;;;;;;;;;;;x
ANH_presidential_dictatorship;카요코 군사집정부;;;;;;;;;;;;;x
ANK_bourgeois_dictatorship;아루 자유시;;;;;;;;;;;;;x
ANK_presidential_dictatorship;아루 군사집정부;;;;;;;;;;;;;x
ANT_bourgeois_dictatorship;카마 도시공화국;;;;;;;;;;;;;x
ANT_fascist_dictatorship;카마 국민국가;;;;;;;;;;;;;x
ANT_presidential_dictatorship;카마 군사평의회;;;;;;;;;;;;;x
ANT_proletarian_dictatorship;카마 인민공화국;;;;;;;;;;;;;x
AOT_bourgeois_dictatorship;아미야 섬자치연맹;;;;;;;;;;;;;x
AOT_fascist_dictatorship;아미야 국민통합국;;;;;;;;;;;;;x
AOT_presidential_dictatorship;아미야 군사평의회;;;;;;;;;;;;;x
AOT_proletarian_dictatorship;아미야 공동체공화국;;;;;;;;;;;;;x
ARA_bourgeois_dictatorship;현장 삼장 상인협의국;;;;;;;;;;;;;x
ARA_fascist_dictatorship;현장 삼장 국민통합국;;;;;;;;;;;;;x
ARA_presidential_dictatorship;현장 삼장 군사평의회;;;;;;;;;;;;;x
ARA_proletarian_dictatorship;현장 삼장 사회주의 공화국;;;;;;;;;;;;;x
ARC_bourgeois_dictatorship;자파리 파크 주권주연합;;;;;;;;;;;;;x
ARC_fascist_dictatorship;자파리 파크 국민통합국;;;;;;;;;;;;;x
ARG_bourgeois_dictatorship;도베르만 주권주연합;;;;;;;;;;;;;x
ARG_fascist_dictatorship;도베르만 국민통합국;;;;;;;;;;;;;x
ARG_presidential_dictatorship;도베르만 군사평의회;;;;;;;;;;;;;x
ARG_proletarian_dictatorship;도베르만 사회주의 공화국;;;;;;;;;;;;;x
ASM_proletarian_dictatorship;유이 쇼세츠 인민공화국;;;;;;;;;;;;;x
AST_bourgeois_dictatorship;새비지 상인연방;;;;;;;;;;;;;x
AST_fascist_dictatorship;새비지 국민연합국;;;;;;;;;;;;;x
AST_presidential_dictatorship;새비지 호국경령;;;;;;;;;;;;;x
AST_proletarian_dictatorship;새비지 노동자공화국;;;;;;;;;;;;;x
ASY_bourgeois_dictatorship;토모에고젠 도시공화국;;;;;;;;;;;;;x
ASY_presidential_dictatorship;토모에고젠 군사평의회;;;;;;;;;;;;;x
ASY_proletarian_dictatorship;토모에고젠 인민공화국;;;;;;;;;;;;;x
ATB_bourgeois_dictatorship;무츠키 자유시;;;;;;;;;;;;;x
ATB_presidential_dictatorship;무츠키 군사집정부;;;;;;;;;;;;;x
ATC_bourgeois_dictatorship;바레사 주권주연합;;;;;;;;;;;;;x
ATC_fascist_dictatorship;바레사 국민통합국;;;;;;;;;;;;;x
ATC_presidential_dictatorship;바레사 군사평의회;;;;;;;;;;;;;x
ATC_proletarian_dictatorship;바레사 사회주의 공화국;;;;;;;;;;;;;x
ATH_bourgeois_dictatorship;키레네 도시공화국;;;;;;;;;;;;;x
ATH_fascist_dictatorship;키레네 국민국가;;;;;;;;;;;;;x
ATH_presidential_dictatorship;키레네 군사평의회;;;;;;;;;;;;;x
ATH_proletarian_dictatorship;키레네 인민공화국;;;;;;;;;;;;;x
ATJ_bourgeois_dictatorship;핑하이 항구도시연맹;;;;;;;;;;;;;x
ATJ_fascist_dictatorship;핑하이 국민국가;;;;;;;;;;;;;x
ATJ_presidential_dictatorship;핑하이 군사정부;;;;;;;;;;;;;x
ATJ_proletarian_dictatorship;핑하이 인민공화국;;;;;;;;;;;;;x
AWA_bourgeois_dictatorship;크림힐트 상인협의국;;;;;;;;;;;;;x
AWA_fascist_dictatorship;크림힐트 국민통합국;;;;;;;;;;;;;x
AWA_presidential_dictatorship;크림힐트 군사정부;;;;;;;;;;;;;x
AWA_proletarian_dictatorship;크림힐트 인민공화국;;;;;;;;;;;;;x
AWS_bourgeois_dictatorship;아우사 항구도시연맹;;;;;;;;;;;;;x
AWS_fascist_dictatorship;아우사 국민국가;;;;;;;;;;;;;x
AWS_presidential_dictatorship;아우사 군사평의회;;;;;;;;;;;;;x
AWS_proletarian_dictatorship;아우사 인민공화국;;;;;;;;;;;;;x
AZA_bourgeois_dictatorship;아잔데 도시자치연맹;;;;;;;;;;;;;x
AZA_fascist_dictatorship;아잔데 국민통합국;;;;;;;;;;;;;x
AZA_presidential_dictatorship;아잔데 군사평의회;;;;;;;;;;;;;x
AZA_proletarian_dictatorship;아잔데 인민공화국;;;;;;;;;;;;;x
AZB_bourgeois_dictatorship;닐루 상인공화국;;;;;;;;;;;;;x
AZB_fascist_dictatorship;닐루 국민통합국;;;;;;;;;;;;;x
AZB_presidential_dictatorship;닐루 군사평의회;;;;;;;;;;;;;x
AZB_proletarian_dictatorship;닐루 인민공화국;;;;;;;;;;;;;x
AZH_bourgeois_dictatorship;메이브 상인협의국;;;;;;;;;;;;;x
AZH_fascist_dictatorship;메이브 국민통합국;;;;;;;;;;;;;x
AZH_presidential_dictatorship;메이브 군사평의회;;;;;;;;;;;;;x
AZH_proletarian_dictatorship;메이브 사회주의 공화국;;;;;;;;;;;;;x
BAB_bourgeois_dictatorship;이부키도지 상인협의국;;;;;;;;;;;;;x
BAB_fascist_dictatorship;이부키도지 국민통합국;;;;;;;;;;;;;x
BAB_presidential_dictatorship;이부키도지 군사평의회;;;;;;;;;;;;;x
BAB_proletarian_dictatorship;이부키도지 사회주의 공화국;;;;;;;;;;;;;x
BAD_bourgeois_dictatorship;게르트루트 자유시;;;;;;;;;;;;;x
BAD_presidential_dictatorship;게르트루트 군사집정부;;;;;;;;;;;;;x
BAH_bourgeois_dictatorship;재규어 주권주연합;;;;;;;;;;;;;x
BAH_fascist_dictatorship;재규어 국민통합국;;;;;;;;;;;;;x
BAH_presidential_dictatorship;재규어 군사정부;;;;;;;;;;;;;x
BAH_proletarian_dictatorship;재규어 사회주의 연방;;;;;;;;;;;;;x
BAL_bourgeois_dictatorship;닝하이 상인연합;;;;;;;;;;;;;x
BAL_fascist_dictatorship;닝하이 국민국가;;;;;;;;;;;;;x
BAL_presidential_dictatorship;닝하이 군사평의회;;;;;;;;;;;;;x
BAL_proletarian_dictatorship;닝하이 인민공화국;;;;;;;;;;;;;x
BAN_bourgeois_dictatorship;히아킨 자유시;;;;;;;;;;;;;x
BAN_fascist_dictatorship;히아킨 국민국가;;;;;;;;;;;;;x
BAN_presidential_dictatorship;히아킨 군사집정부;;;;;;;;;;;;;x
BAN_proletarian_dictatorship;히아킨 평의회 공화국;;;;;;;;;;;;;x
BAS_bourgeois_dictatorship;도브리냐 니키티치 상인자치연맹;;;;;;;;;;;;;x
BAS_fascist_dictatorship;도브리냐 니키티치 국민연합국;;;;;;;;;;;;;x
BAS_presidential_dictatorship;도브리냐 니키티치 군사정부;;;;;;;;;;;;;x
BAS_proletarian_dictatorship;도브리냐 니키티치 인민공화국;;;;;;;;;;;;;x
BAV_bourgeois_dictatorship;하루카 자유시;;;;;;;;;;;;;x
BAV_presidential_dictatorship;하루카 군사집정부;;;;;;;;;;;;;x
BDK_bourgeois_dictatorship;정밀의 하산 도시상인연맹;;;;;;;;;;;;;x
BDK_fascist_dictatorship;정밀의 하산 국민통합국;;;;;;;;;;;;;x
BDK_presidential_dictatorship;정밀의 하산 군사평의회;;;;;;;;;;;;;x
BDK_proletarian_dictatorship;정밀의 하산 인민공화국;;;;;;;;;;;;;x
BDN_bourgeois_dictatorship;에우리알레 부족협의국;;;;;;;;;;;;;x
BDN_fascist_dictatorship;에우리알레 국민통합국;;;;;;;;;;;;;x
BDN_presidential_dictatorship;에우리알레 군사평의회;;;;;;;;;;;;;x
BDN_proletarian_dictatorship;에우리알레 인민공화국;;;;;;;;;;;;;x
BEL_bourgeois_dictatorship;CH 우편사 총재정부;;;;;;;;;;;;;x
BEL_fascist_dictatorship;CH 우편사 국민국가;;;;;;;;;;;;;x
BEL_presidential_dictatorship;CH 우편사 집정정부;;;;;;;;;;;;;x
BEL_proletarian_dictatorship;CH 우편사 코뮌;;;;;;;;;;;;;x
BEN_bourgeois_dictatorship;베냉 도시자치연맹;;;;;;;;;;;;;x
BEN_fascist_dictatorship;베냉 국민통합국;;;;;;;;;;;;;x
BEN_presidential_dictatorship;베냉 군사평의회;;;;;;;;;;;;;x
BEN_proletarian_dictatorship;베냉 인민공화국;;;;;;;;;;;;;x
BER_bourgeois_dictatorship;수수께끼의 란마루 X 상인자치연맹;;;;;;;;;;;;;x
BER_fascist_dictatorship;수수께끼의 란마루 X 국민연합국;;;;;;;;;;;;;x
BER_presidential_dictatorship;수수께끼의 란마루 X 군사정부;;;;;;;;;;;;;x
BER_proletarian_dictatorship;수수께끼의 란마루 X 인민공화국;;;;;;;;;;;;;x
BGN_bourgeois_dictatorship;사가 항구도시연맹;;;;;;;;;;;;;x
BGN_fascist_dictatorship;사가 국민국가;;;;;;;;;;;;;x
BGN_presidential_dictatorship;사가 군사정부;;;;;;;;;;;;;x
BGN_proletarian_dictatorship;사가 인민공화국;;;;;;;;;;;;;x
BHM_bourgeois_dictatorship;실로닌 주권주연합;;;;;;;;;;;;;x
BHM_fascist_dictatorship;실로닌 국민통합국;;;;;;;;;;;;;x
BHM_presidential_dictatorship;실로닌 군사평의회;;;;;;;;;;;;;x
BHM_proletarian_dictatorship;실로닌 사회주의 공화국;;;;;;;;;;;;;x
BHO_bourgeois_dictatorship;스테노 상인자치연맹;;;;;;;;;;;;;x
BHO_fascist_dictatorship;스테노 국민연합국;;;;;;;;;;;;;x
BHO_presidential_dictatorship;스테노 군사정부;;;;;;;;;;;;;x
BHO_proletarian_dictatorship;스테노 인민공화국;;;;;;;;;;;;;x
BHP_bourgeois_dictatorship;이즈모노 오쿠니 상인협의국;;;;;;;;;;;;;x
BHP_fascist_dictatorship;이즈모노 오쿠니 국민통합국;;;;;;;;;;;;;x
BHP_presidential_dictatorship;이즈모노 오쿠니 군사정부;;;;;;;;;;;;;x
BHP_proletarian_dictatorship;이즈모노 오쿠니 인민공화국;;;;;;;;;;;;;x
BHR_bourgeois_dictatorship;킹프로테아 상인협의국;;;;;;;;;;;;;x
BHR_fascist_dictatorship;킹프로테아 국민통합국;;;;;;;;;;;;;x
BHR_presidential_dictatorship;킹프로테아 군사평의회;;;;;;;;;;;;;x
BHR_proletarian_dictatorship;킹프로테아 사회주의 공화국;;;;;;;;;;;;;x
BHT_bourgeois_dictatorship;브라다만테 부족협의국;;;;;;;;;;;;;x
BHT_fascist_dictatorship;브라다만테 국민통합국;;;;;;;;;;;;;x
BHT_presidential_dictatorship;브라다만테 군사평의회;;;;;;;;;;;;;x
BHT_proletarian_dictatorship;브라다만테 인민공화국;;;;;;;;;;;;;x
BHU_bourgeois_dictatorship;카토 단조 지방자치연맹;;;;;;;;;;;;;x
BHU_fascist_dictatorship;카토 단조 국민통합국;;;;;;;;;;;;;x
BHU_presidential_dictatorship;카토 단조 군사평의회;;;;;;;;;;;;;x
BHU_proletarian_dictatorship;카토 단조 인민공화국;;;;;;;;;;;;;x
BHY_bourgeois_dictatorship;부하야 도시자치연맹;;;;;;;;;;;;;x
BHY_fascist_dictatorship;부하야 국민통합국;;;;;;;;;;;;;x
BHY_presidential_dictatorship;부하야 군사평의회;;;;;;;;;;;;;x
BHY_proletarian_dictatorship;부하야 인민공화국;;;;;;;;;;;;;x
BIA_bourgeois_dictatorship;비아프라 도시자치연맹;;;;;;;;;;;;;x
BIA_fascist_dictatorship;비아프라 국민통합국;;;;;;;;;;;;;x
BIA_presidential_dictatorship;비아프라 군사평의회;;;;;;;;;;;;;x
BIA_proletarian_dictatorship;비아프라 인민공화국;;;;;;;;;;;;;x
BIH_bourgeois_dictatorship;카신 거사 상인자치연맹;;;;;;;;;;;;;x
BIH_fascist_dictatorship;카신 거사 국민연합국;;;;;;;;;;;;;x
BIH_presidential_dictatorship;카신 거사 군사정부;;;;;;;;;;;;;x
BIK_bourgeois_dictatorship;나타 상인자치연맹;;;;;;;;;;;;;x
BIK_fascist_dictatorship;나타 국민연합국;;;;;;;;;;;;;x
BIK_presidential_dictatorship;나타 군사정부;;;;;;;;;;;;;x
BIK_proletarian_dictatorship;나타 인민공화국;;;;;;;;;;;;;x
BIM_bourgeois_dictatorship;창춘 항구도시연맹;;;;;;;;;;;;;x
BIM_fascist_dictatorship;창춘 국민국가;;;;;;;;;;;;;x
BIM_presidential_dictatorship;창춘 군사정부;;;;;;;;;;;;;x
BIM_proletarian_dictatorship;창춘 인민공화국;;;;;;;;;;;;;x
BKF_bourgeois_dictatorship;부르키나파소 도시상인연맹;;;;;;;;;;;;;x
BKF_fascist_dictatorship;부르키나파소 국민통합국;;;;;;;;;;;;;x
BKF_presidential_dictatorship;부르키나파소 군사평의회;;;;;;;;;;;;;x
BKF_proletarian_dictatorship;부르키나파소 인민공화국;;;;;;;;;;;;;x
BKV_bourgeois_dictatorship;플래티넘 도시자치연맹;;;;;;;;;;;;;x
BKV_fascist_dictatorship;플래티넘 국민국가;;;;;;;;;;;;;x
BKV_presidential_dictatorship;플래티넘 군사섭정정부;;;;;;;;;;;;;x
BKV_proletarian_dictatorship;플래티넘 인민공화국;;;;;;;;;;;;;x
BLC_bourgeois_dictatorship;스기타니 젠주보 부족협의국;;;;;;;;;;;;;x
BLC_fascist_dictatorship;스기타니 젠주보 국민통합국;;;;;;;;;;;;;x
BLC_presidential_dictatorship;스기타니 젠주보 군사평의회;;;;;;;;;;;;;x
BLC_proletarian_dictatorship;스기타니 젠주보 인민공화국;;;;;;;;;;;;;x
BLZ_bourgeois_dictatorship;보아 행콕 상인연방;;;;;;;;;;;;;x
BLZ_fascist_dictatorship;보아 행콕 국민연합국;;;;;;;;;;;;;x
BLZ_presidential_dictatorship;보아 행콕 호국경령;;;;;;;;;;;;;x
BLZ_proletarian_dictatorship;보아 행콕 노동자공화국;;;;;;;;;;;;;x
BMD_bourgeois_dictatorship;이안산 상인연방;;;;;;;;;;;;;x
BMD_fascist_dictatorship;이안산 국민연합국;;;;;;;;;;;;;x
BMD_presidential_dictatorship;이안산 호국경령;;;;;;;;;;;;;x
BMD_proletarian_dictatorship;이안산 노동자공화국;;;;;;;;;;;;;x
BMK_bourgeois_dictatorship;바마코 도시자치연맹;;;;;;;;;;;;;x
BMK_fascist_dictatorship;바마코 국민통합국;;;;;;;;;;;;;x
BMK_presidential_dictatorship;바마코 군사평의회;;;;;;;;;;;;;x
BMK_proletarian_dictatorship;바마코 인민공화국;;;;;;;;;;;;;x
BNB_bourgeois_dictatorship;앤 보니 부족협의국;;;;;;;;;;;;;x
BNB_fascist_dictatorship;앤 보니 국민통합국;;;;;;;;;;;;;x
BNB_presidential_dictatorship;앤 보니 군사평의회;;;;;;;;;;;;;x
BNB_proletarian_dictatorship;앤 보니 인민공화국;;;;;;;;;;;;;x
BNG_bourgeois_dictatorship;레드 상인자치연맹;;;;;;;;;;;;;x
BNG_fascist_dictatorship;레드 국민연합국;;;;;;;;;;;;;x
BNG_presidential_dictatorship;레드 군사정부;;;;;;;;;;;;;x
BNY_bourgeois_dictatorship;부뇨로 도시자치연맹;;;;;;;;;;;;;x
BNY_fascist_dictatorship;부뇨로 국민통합국;;;;;;;;;;;;;x
BNY_presidential_dictatorship;부뇨로 군사평의회;;;;;;;;;;;;;x
BNY_proletarian_dictatorship;부뇨로 인민공화국;;;;;;;;;;;;;x
BOH_bourgeois_dictatorship;산드로네 공업도시연맹;;;;;;;;;;;;;x
BOH_fascist_dictatorship;산드로네 공업국민국가;;;;;;;;;;;;;x
BOH_presidential_dictatorship;산드로네 공방군사정부;;;;;;;;;;;;;x
BOH_proletarian_dictatorship;산드로네 노동공화국;;;;;;;;;;;;;x
BOL_bourgeois_dictatorship;라 플루마 주권주연합;;;;;;;;;;;;;x
BOL_fascist_dictatorship;라 플루마 국민통합국;;;;;;;;;;;;;x
BOL_presidential_dictatorship;라 플루마 군사평의회;;;;;;;;;;;;;x
BOL_proletarian_dictatorship;라 플루마 사회주의 공화국;;;;;;;;;;;;;x
BOR_bourgeois_dictatorship;블레이즈 상인자치연맹;;;;;;;;;;;;;x
BOR_fascist_dictatorship;블레이즈 국민연합국;;;;;;;;;;;;;x
BOR_presidential_dictatorship;블레이즈 군사정부;;;;;;;;;;;;;x
BOR_proletarian_dictatorship;블레이즈 인민공화국;;;;;;;;;;;;;x
BOS_bourgeois_dictatorship;케리드라 도시자치연맹;;;;;;;;;;;;;x
BOS_fascist_dictatorship;케리드라 국민국가;;;;;;;;;;;;;x
BOS_presidential_dictatorship;케리드라 군사섭정정부;;;;;;;;;;;;;x
BOS_proletarian_dictatorship;케리드라 인민공화국;;;;;;;;;;;;;x
BRA_bourgeois_dictatorship;민나 자유시;;;;;;;;;;;;;x
BRA_presidential_dictatorship;민나 군사집정부;;;;;;;;;;;;;x
BRB_bourgeois_dictatorship;유니콘 주권주연합;;;;;;;;;;;;;x
BRB_fascist_dictatorship;유니콘 국민통합국;;;;;;;;;;;;;x
BRB_presidential_dictatorship;유니콘 군사평의회;;;;;;;;;;;;;x
BRB_proletarian_dictatorship;유니콘 사회주의 공화국;;;;;;;;;;;;;x
BRD_bourgeois_dictatorship;부룬디 도시자치연맹;;;;;;;;;;;;;x
BRD_fascist_dictatorship;부룬디 국민통합국;;;;;;;;;;;;;x
BRD_presidential_dictatorship;부룬디 군사평의회;;;;;;;;;;;;;x
BRD_proletarian_dictatorship;부룬디 인민공화국;;;;;;;;;;;;;x
BRE_bourgeois_dictatorship;후우카 자유시;;;;;;;;;;;;;x
BRE_presidential_dictatorship;후우카 군사집정부;;;;;;;;;;;;;x
BRG_presidential_dictatorship;클레 집정정부;;;;;;;;;;;;;x
BRM_bourgeois_dictatorship;바기르미 도시상인연맹;;;;;;;;;;;;;x
BRM_fascist_dictatorship;바기르미 국민통합국;;;;;;;;;;;;;x
BRM_presidential_dictatorship;바기르미 군사평의회;;;;;;;;;;;;;x
BRM_proletarian_dictatorship;바기르미 인민공화국;;;;;;;;;;;;;x
BRT_bourgeois_dictatorship;니코 총재정부;;;;;;;;;;;;;x
BRT_fascist_dictatorship;니코 국민국가;;;;;;;;;;;;;x
BRT_presidential_dictatorship;니코 집정정부;;;;;;;;;;;;;x
BRT_proletarian_dictatorship;니코 코뮌;;;;;;;;;;;;;x
BRU_bourgeois_dictatorship;얏센 항구도시연맹;;;;;;;;;;;;;x
BRU_fascist_dictatorship;얏센 국민국가;;;;;;;;;;;;;x
BRU_presidential_dictatorship;얏센 군사정부;;;;;;;;;;;;;x
BRU_proletarian_dictatorship;얏센 인민공화국;;;;;;;;;;;;;x
BRY_bourgeois_dictatorship;마리나 유목연맹;;;;;;;;;;;;;x
BRY_fascist_dictatorship;마리나 국민통합국;;;;;;;;;;;;;x
BRY_presidential_dictatorship;마리나 군사평의회;;;;;;;;;;;;;x
BRY_proletarian_dictatorship;마리나 인민공화국;;;;;;;;;;;;;x
BRZ_bourgeois_dictatorship;미치코 말란드로 주권주연합;;;;;;;;;;;;;x
BRZ_fascist_dictatorship;미치코 말란드로 국민통합국;;;;;;;;;;;;;x
BRZ_presidential_dictatorship;미치코 말란드로 군사정부;;;;;;;;;;;;;x
BSH_bourgeois_dictatorship;레소토 도시자치연맹;;;;;;;;;;;;;x
BSH_fascist_dictatorship;레소토 국민통합국;;;;;;;;;;;;;x
BSH_presidential_dictatorship;레소토 군사평의회;;;;;;;;;;;;;x
BSH_proletarian_dictatorship;레소토 인민공화국;;;;;;;;;;;;;x
BSQ_bourgeois_dictatorship;아라시 치사토 도시연합;;;;;;;;;;;;;x
BSQ_presidential_dictatorship;아라시 치사토 군사평의회;;;;;;;;;;;;;x
BSQ_proletarian_dictatorship;아라시 치사토 노동자공화국;;;;;;;;;;;;;x
BTL_bourgeois_dictatorship;프로스트리프 부족협의국;;;;;;;;;;;;;x
BTL_fascist_dictatorship;프로스트리프 국민통합국;;;;;;;;;;;;;x
BTL_presidential_dictatorship;프로스트리프 군사평의회;;;;;;;;;;;;;x
BTL_proletarian_dictatorship;프로스트리프 인민공화국;;;;;;;;;;;;;x
BTN_bourgeois_dictatorship;시라유키 항구도시연맹;;;;;;;;;;;;;x
BTN_fascist_dictatorship;시라유키 국민국가;;;;;;;;;;;;;x
BTN_presidential_dictatorship;시라유키 군사정부;;;;;;;;;;;;;x
BTN_proletarian_dictatorship;시라유키 인민공화국;;;;;;;;;;;;;x
BUG_bourgeois_dictatorship;부간다 도시자치연맹;;;;;;;;;;;;;x
BUG_fascist_dictatorship;부간다 국민통합국;;;;;;;;;;;;;x
BUG_presidential_dictatorship;부간다 군사평의회;;;;;;;;;;;;;x
BUG_proletarian_dictatorship;부간다 인민공화국;;;;;;;;;;;;;x
BUH_bourgeois_dictatorship;부하 도시자치연맹;;;;;;;;;;;;;x
BUH_fascist_dictatorship;부하 국민통합국;;;;;;;;;;;;;x
BUH_presidential_dictatorship;부하 군사평의회;;;;;;;;;;;;;x
BUH_proletarian_dictatorship;부하 인민공화국;;;;;;;;;;;;;x
BUL_bourgeois_dictatorship;아글라이아 도시자치연맹;;;;;;;;;;;;;x
BUL_fascist_dictatorship;아글라이아 국민국가;;;;;;;;;;;;;x
BUL_presidential_dictatorship;아글라이아 군사섭정정부;;;;;;;;;;;;;x
BUL_proletarian_dictatorship;아글라이아 인민공화국;;;;;;;;;;;;;x
BUN_bourgeois_dictatorship;락슈미 바이 상인자치연맹;;;;;;;;;;;;;x
BUN_fascist_dictatorship;락슈미 바이 국민연합국;;;;;;;;;;;;;x
BUN_presidential_dictatorship;락슈미 바이 군사정부;;;;;;;;;;;;;x
BUN_proletarian_dictatorship;락슈미 바이 인민공화국;;;;;;;;;;;;;x
BUR_bourgeois_dictatorship;우타게 상인연합;;;;;;;;;;;;;x
BUR_fascist_dictatorship;우타게 국민국가;;;;;;;;;;;;;x
BUR_presidential_dictatorship;우타게 군사평의회;;;;;;;;;;;;;x
BUR_proletarian_dictatorship;우타게 인민공화국;;;;;;;;;;;;;x
BYE_bourgeois_dictatorship;보댜니차 수운상회연맹;;;;;;;;;;;;;x
BYE_fascist_dictatorship;보댜니차 국민국가;;;;;;;;;;;;;x
BYE_presidential_dictatorship;보댜니차 군사섭정정부;;;;;;;;;;;;;x
BYE_proletarian_dictatorship;보댜니차 인민공화국;;;;;;;;;;;;;x
CAL_bourgeois_dictatorship;모모이 주권주연합;;;;;;;;;;;;;x
CAL_fascist_dictatorship;모모이 국민연합국;;;;;;;;;;;;;x
CAL_presidential_dictatorship;모모이 군사정부;;;;;;;;;;;;;x
CAL_proletarian_dictatorship;모모이 사회주의 연방;;;;;;;;;;;;;x
CAM_bourgeois_dictatorship;키라라 상인연합;;;;;;;;;;;;;x
CAM_fascist_dictatorship;키라라 국민국가;;;;;;;;;;;;;x
CAM_presidential_dictatorship;키라라 군사평의회;;;;;;;;;;;;;x
CAM_proletarian_dictatorship;키라라 인민공화국;;;;;;;;;;;;;x
CAN_bourgeois_dictatorship;쿠리무라 아이리 상인연방;;;;;;;;;;;;;x
CAN_fascist_dictatorship;쿠리무라 아이리 국민연합국;;;;;;;;;;;;;x
CAN_presidential_dictatorship;쿠리무라 아이리 호국경령;;;;;;;;;;;;;x
CAN_proletarian_dictatorship;쿠리무라 아이리 노동자공화국;;;;;;;;;;;;;x
CAR_bourgeois_dictatorship;중앙아프리카 도시자치연맹;;;;;;;;;;;;;x
CAR_presidential_dictatorship;중앙아프리카 군사평의회;;;;;;;;;;;;;x
CAR_proletarian_dictatorship;중앙아프리카 인민공화국;;;;;;;;;;;;;x
CAS_bourgeois_dictatorship;미도리 주권주연합;;;;;;;;;;;;;x
CAS_fascist_dictatorship;미도리 국민연합국;;;;;;;;;;;;;x
CAS_presidential_dictatorship;미도리 군사정부;;;;;;;;;;;;;x
CAS_proletarian_dictatorship;미도리 사회주의 연방;;;;;;;;;;;;;x
CAT_bourgeois_dictatorship;하즈키 렌 도시연합;;;;;;;;;;;;;x
CAT_fascist_dictatorship;하즈키 렌 국민연합국;;;;;;;;;;;;;x
CAT_presidential_dictatorship;하즈키 렌 군사평의회;;;;;;;;;;;;;x
CBH_bourgeois_dictatorship;크라운슬레이어 상인자치연맹;;;;;;;;;;;;;x
CBH_fascist_dictatorship;크라운슬레이어 국민연합국;;;;;;;;;;;;;x
CBH_presidential_dictatorship;크라운슬레이어 군사정부;;;;;;;;;;;;;x
CBH_proletarian_dictatorship;크라운슬레이어 인민공화국;;;;;;;;;;;;;x
CEQ_bourgeois_dictatorship;무스 주권주연합;;;;;;;;;;;;;x
CEQ_fascist_dictatorship;무스 국민통합국;;;;;;;;;;;;;x
CEQ_presidential_dictatorship;무스 군사정부;;;;;;;;;;;;;x
CFB_bourgeois_dictatorship;네페르 도시자치연맹;;;;;;;;;;;;;x
CFB_fascist_dictatorship;네페르 국민통합국;;;;;;;;;;;;;x
CFB_presidential_dictatorship;네페르 군사평의회;;;;;;;;;;;;;x
CFB_proletarian_dictatorship;네페르 인민공화국;;;;;;;;;;;;;x
CGC_bourgeois_dictatorship;지바이 주권주연합;;;;;;;;;;;;;x
CGC_fascist_dictatorship;지바이 국민통합국;;;;;;;;;;;;;x
CGC_presidential_dictatorship;지바이 군사평의회;;;;;;;;;;;;;x
CGC_proletarian_dictatorship;지바이 사회주의 공화국;;;;;;;;;;;;;x
CGO_bourgeois_dictatorship;브라자빌 콩고 도시자치연맹;;;;;;;;;;;;;x
CGO_fascist_dictatorship;브라자빌 콩고 국민통합국;;;;;;;;;;;;;x
CGO_presidential_dictatorship;브라자빌 콩고 군사평의회;;;;;;;;;;;;;x
CHA_bourgeois_dictatorship;레이디언 상인자치연맹;;;;;;;;;;;;;x
CHA_fascist_dictatorship;레이디언 국민연합국;;;;;;;;;;;;;x
CHA_presidential_dictatorship;레이디언 군사정부;;;;;;;;;;;;;x
CHA_proletarian_dictatorship;레이디언 인민공화국;;;;;;;;;;;;;x
CHD_bourgeois_dictatorship;차드 도시상인연맹;;;;;;;;;;;;;x
CHD_fascist_dictatorship;차드 국민통합국;;;;;;;;;;;;;x
CHD_presidential_dictatorship;차드 군사평의회;;;;;;;;;;;;;x
CHD_proletarian_dictatorship;차드 인민공화국;;;;;;;;;;;;;x
CHE_bourgeois_dictatorship;히비키 자치부족연맹;;;;;;;;;;;;;x
CHE_fascist_dictatorship;히비키 민족통합국;;;;;;;;;;;;;x
CHE_presidential_dictatorship;히비키 전사평의회;;;;;;;;;;;;;x
CHE_proletarian_dictatorship;히비키 공동체연방;;;;;;;;;;;;;x
CHH_bourgeois_dictatorship;슈바르츠 상인자치연맹;;;;;;;;;;;;;x
CHH_fascist_dictatorship;슈바르츠 국민연합국;;;;;;;;;;;;;x
CHH_presidential_dictatorship;슈바르츠 군사정부;;;;;;;;;;;;;x
CHH_proletarian_dictatorship;슈바르츠 인민공화국;;;;;;;;;;;;;x
CHI_bourgeois_dictatorship;키사키 상회연합;;;;;;;;;;;;;x
CHI_fascist_dictatorship;키사키 국민정부;;;;;;;;;;;;;x
CHK_bourgeois_dictatorship;아카후유 상인연합;;;;;;;;;;;;;x
CHK_fascist_dictatorship;아카후유 국민국가;;;;;;;;;;;;;x
CHK_presidential_dictatorship;아카후유 군사평의회;;;;;;;;;;;;;x
CHK_proletarian_dictatorship;아카후유 인민공화국;;;;;;;;;;;;;x
CHL_bourgeois_dictatorship;칸타빌레 주권주연합;;;;;;;;;;;;;x
CHL_fascist_dictatorship;칸타빌레 국민통합국;;;;;;;;;;;;;x
CHL_presidential_dictatorship;칸타빌레 군사평의회;;;;;;;;;;;;;x
CHL_proletarian_dictatorship;칸타빌레 사회주의 공화국;;;;;;;;;;;;;x
CHO_bourgeois_dictatorship;이즈나 도시자치연합;;;;;;;;;;;;;x
CHO_fascist_dictatorship;이즈나 국민정부;;;;;;;;;;;;;x
CHO_presidential_dictatorship;이즈나 군정;;;;;;;;;;;;;x
CHO_proletarian_dictatorship;이즈나 인민공화국;;;;;;;;;;;;;x
CHP_bourgeois_dictatorship;케이 주권주연합;;;;;;;;;;;;;x
CHP_fascist_dictatorship;케이 국민통합국;;;;;;;;;;;;;x
CHP_presidential_dictatorship;케이 군사평의회;;;;;;;;;;;;;x
CHP_proletarian_dictatorship;케이 사회주의 공화국;;;;;;;;;;;;;x
CHY_bourgeois_dictatorship;콜레이 도시자치연맹;;;;;;;;;;;;;x
CHY_fascist_dictatorship;콜레이 국민국가;;;;;;;;;;;;;x
CHY_presidential_dictatorship;콜레이 군사섭정정부;;;;;;;;;;;;;x
CHY_proletarian_dictatorship;콜레이 인민공화국;;;;;;;;;;;;;x
CIV_bourgeois_dictatorship;프리렌 자유시;;;;;;;;;;;;;x
CIV_fascist_dictatorship;프리렌 국민국가;;;;;;;;;;;;;x
CIV_presidential_dictatorship;프리렌 군사집정부;;;;;;;;;;;;;x
CIV_proletarian_dictatorship;프리렌 평의회 공화국;;;;;;;;;;;;;x
CLA_bourgeois_dictatorship;칼라바르 도시자치연맹;;;;;;;;;;;;;x
CLA_fascist_dictatorship;칼라바르 국민통합국;;;;;;;;;;;;;x
CLA_presidential_dictatorship;칼라바르 군사평의회;;;;;;;;;;;;;x
CLA_proletarian_dictatorship;칼라바르 인민공화국;;;;;;;;;;;;;x
CLC_bourgeois_dictatorship;아스테시아 도시공화국;;;;;;;;;;;;;x
CLC_fascist_dictatorship;아스테시아 국민국가;;;;;;;;;;;;;x
CLC_presidential_dictatorship;아스테시아 군사평의회;;;;;;;;;;;;;x
CLC_proletarian_dictatorship;아스테시아 인민공화국;;;;;;;;;;;;;x
CLM_bourgeois_dictatorship;두냐자드 주권주연합;;;;;;;;;;;;;x
CLM_presidential_dictatorship;두냐자드 군사평의회;;;;;;;;;;;;;x
CLM_proletarian_dictatorship;두냐자드 사회주의 공화국;;;;;;;;;;;;;x
CMC_bourgeois_dictatorship;토키 자치부족연맹;;;;;;;;;;;;;x
CMC_fascist_dictatorship;토키 민족통합국;;;;;;;;;;;;;x
CMC_presidential_dictatorship;토키 전사평의회;;;;;;;;;;;;;x
CMC_proletarian_dictatorship;토키 공동체연방;;;;;;;;;;;;;x
CMR_bourgeois_dictatorship;카메룬 도시자치연맹;;;;;;;;;;;;;x
CMR_fascist_dictatorship;카메룬 국민통합국;;;;;;;;;;;;;x
CMR_presidential_dictatorship;카메룬 군사평의회;;;;;;;;;;;;;x
CMR_proletarian_dictatorship;카메룬 인민공화국;;;;;;;;;;;;;x
CMS_bourgeois_dictatorship;코모로 항구도시연맹;;;;;;;;;;;;;x
CMS_fascist_dictatorship;코모로 국민국가;;;;;;;;;;;;;x
CMS_presidential_dictatorship;코모로 군사평의회;;;;;;;;;;;;;x
CMS_proletarian_dictatorship;코모로 인민공화국;;;;;;;;;;;;;x
CNG_bourgeois_dictatorship;콩고 도시자치연맹;;;;;;;;;;;;;x
CNG_fascist_dictatorship;콩고 국민통합국;;;;;;;;;;;;;x
CNG_proletarian_dictatorship;콩고 인민공화국;;;;;;;;;;;;;x
COB_bourgeois_dictatorship;사츠키 자유시;;;;;;;;;;;;;x
COB_presidential_dictatorship;사츠키 군사집정부;;;;;;;;;;;;;x
COC_bourgeois_dictatorship;소라 상인자치연맹;;;;;;;;;;;;;x
COC_fascist_dictatorship;소라 국민연합국;;;;;;;;;;;;;x
COC_presidential_dictatorship;소라 군사정부;;;;;;;;;;;;;x
COC_proletarian_dictatorship;소라 인민공화국;;;;;;;;;;;;;x
COL_bourgeois_dictatorship;유즈 상인연방;;;;;;;;;;;;;x
COL_fascist_dictatorship;유즈 국민연합국;;;;;;;;;;;;;x
COL_presidential_dictatorship;유즈 호국경령;;;;;;;;;;;;;x
COL_proletarian_dictatorship;유즈 노동자공화국;;;;;;;;;;;;;x
COS_bourgeois_dictatorship;나미 주권주연합;;;;;;;;;;;;;x
COS_fascist_dictatorship;나미 국민통합국;;;;;;;;;;;;;x
COS_proletarian_dictatorship;나미 사회주의 공화국;;;;;;;;;;;;;x
COU_bourgeois_dictatorship;그라벨 자유시;;;;;;;;;;;;;x
COU_fascist_dictatorship;그라벨 국민국가;;;;;;;;;;;;;x
COU_presidential_dictatorship;그라벨 군사집정부;;;;;;;;;;;;;x
COU_proletarian_dictatorship;그라벨 평의회 공화국;;;;;;;;;;;;;x
CPL_bourgeois_dictatorship;카지미에시 기사연맹 귀족공화국;;;;;;;;;;;;;x
CPL_fascist_dictatorship;카지미에시 기사연맹 국민연합국;;;;;;;;;;;;;x
CPL_proletarian_dictatorship;카지미에시 기사연맹 인민공화국;;;;;;;;;;;;;x
CRB_bourgeois_dictatorship;케이퍼 주권주연합;;;;;;;;;;;;;x
CRB_presidential_dictatorship;케이퍼 군사평의회;;;;;;;;;;;;;x
CRE_bourgeois_dictatorship;메두사 도시공화국;;;;;;;;;;;;;x
CRE_fascist_dictatorship;메두사 국민국가;;;;;;;;;;;;;x
CRE_presidential_dictatorship;메두사 군사평의회;;;;;;;;;;;;;x
CRE_proletarian_dictatorship;메두사 인민공화국;;;;;;;;;;;;;x
CRI_bourgeois_dictatorship;네페르 상인과두국;;;;;;;;;;;;;x
CRI_fascist_dictatorship;네페르 흑해국민국가;;;;;;;;;;;;;x
CRI_presidential_dictatorship;네페르 군사집정부;;;;;;;;;;;;;x
CRI_proletarian_dictatorship;네페르 인민평의회국;;;;;;;;;;;;;x
CRL_bourgeois_dictatorship;세미라미스 상인협의국;;;;;;;;;;;;;x
CRL_fascist_dictatorship;세미라미스 국민통합국;;;;;;;;;;;;;x
CRL_presidential_dictatorship;세미라미스 군사정부;;;;;;;;;;;;;x
CRL_proletarian_dictatorship;세미라미스 인민공화국;;;;;;;;;;;;;x
CRO_bourgeois_dictatorship;메데이아 도시자치연맹;;;;;;;;;;;;;x
CRO_fascist_dictatorship;메데이아 국민국가;;;;;;;;;;;;;x
CRO_presidential_dictatorship;메데이아 군사섭정정부;;;;;;;;;;;;;x
CRO_proletarian_dictatorship;메데이아 인민공화국;;;;;;;;;;;;;x
CRS_bourgeois_dictatorship;에리 도시공화국;;;;;;;;;;;;;x
CRS_fascist_dictatorship;에리 국민통합국;;;;;;;;;;;;;x
CRS_presidential_dictatorship;에리 집정정부;;;;;;;;;;;;;x
CRS_proletarian_dictatorship;에리 사회주의 공화국;;;;;;;;;;;;;x
CRT_bourgeois_dictatorship;피콜레오 마법사 주권주연합;;;;;;;;;;;;;x
CRT_fascist_dictatorship;피콜레오 마법사 국민통합국;;;;;;;;;;;;;x
CRT_presidential_dictatorship;피콜레오 마법사 군사평의회;;;;;;;;;;;;;x
CRT_proletarian_dictatorship;피콜레오 마법사 사회주의 공화국;;;;;;;;;;;;;x
CUB_bourgeois_dictatorship;애비게일 윌리엄스 주권주연합;;;;;;;;;;;;;x
CUB_fascist_dictatorship;애비게일 윌리엄스 국민통합국;;;;;;;;;;;;;x
CUO_bourgeois_dictatorship;헤안나 스미레 도시연합;;;;;;;;;;;;;x
CUO_fascist_dictatorship;헤안나 스미레 국민연합국;;;;;;;;;;;;;x
CUO_presidential_dictatorship;헤안나 스미레 군사평의회;;;;;;;;;;;;;x
CUO_proletarian_dictatorship;헤안나 스미레 노동자공화국;;;;;;;;;;;;;x
CYP_bourgeois_dictatorship;샤마르 도시공화국;;;;;;;;;;;;;x
CYP_fascist_dictatorship;샤마르 국민국가;;;;;;;;;;;;;x
CYP_presidential_dictatorship;샤마르 군사평의회;;;;;;;;;;;;;x
CYP_proletarian_dictatorship;샤마르 인민공화국;;;;;;;;;;;;;x
CYR_bourgeois_dictatorship;연홍옥 상인협의국;;;;;;;;;;;;;x
CYR_fascist_dictatorship;연홍옥 국민통합국;;;;;;;;;;;;;x
CYR_presidential_dictatorship;연홍옥 군사평의회;;;;;;;;;;;;;x
CYR_proletarian_dictatorship;연홍옥 사회주의 공화국;;;;;;;;;;;;;x
CZH_bourgeois_dictatorship;메테오 도시자치연맹;;;;;;;;;;;;;x
CZH_fascist_dictatorship;메테오 국민국가;;;;;;;;;;;;;x
CZH_presidential_dictatorship;메테오 군사섭정정부;;;;;;;;;;;;;x
CZH_proletarian_dictatorship;메테오 인민공화국;;;;;;;;;;;;;x
D01_bourgeois_dictatorship;호로 상인연방;;;;;;;;;;;;;x
D01_fascist_dictatorship;호로 국민연합국;;;;;;;;;;;;;x
D01_presidential_dictatorship;호로 호국경령;;;;;;;;;;;;;x
D01_proletarian_dictatorship;호로 노동자공화국;;;;;;;;;;;;;x
D02_bourgeois_dictatorship;아즈사 상인연방;;;;;;;;;;;;;x
D02_fascist_dictatorship;아즈사 국민연합국;;;;;;;;;;;;;x
D02_presidential_dictatorship;아즈사 호국경령;;;;;;;;;;;;;x
D02_proletarian_dictatorship;아즈사 노동자공화국;;;;;;;;;;;;;x
D03_bourgeois_dictatorship;나츠 상인연방;;;;;;;;;;;;;x
D03_fascist_dictatorship;나츠 국민연합국;;;;;;;;;;;;;x
D03_presidential_dictatorship;나츠 호국경령;;;;;;;;;;;;;x
D03_proletarian_dictatorship;나츠 노동자공화국;;;;;;;;;;;;;x
D04_bourgeois_dictatorship;미네 상인연방;;;;;;;;;;;;;x
D04_fascist_dictatorship;미네 국민연합국;;;;;;;;;;;;;x
D04_presidential_dictatorship;미네 호국경령;;;;;;;;;;;;;x
D04_proletarian_dictatorship;미네 노동자공화국;;;;;;;;;;;;;x
D05_bourgeois_dictatorship;이치카 상인연방;;;;;;;;;;;;;x
D05_fascist_dictatorship;이치카 국민연합국;;;;;;;;;;;;;x
D05_presidential_dictatorship;이치카 호국경령;;;;;;;;;;;;;x
D05_proletarian_dictatorship;이치카 노동자공화국;;;;;;;;;;;;;x
D06_bourgeois_dictatorship;요시미 상인연방;;;;;;;;;;;;;x
D06_fascist_dictatorship;요시미 국민연합국;;;;;;;;;;;;;x
D06_presidential_dictatorship;요시미 호국경령;;;;;;;;;;;;;x
D06_proletarian_dictatorship;요시미 노동자공화국;;;;;;;;;;;;;x
D07_bourgeois_dictatorship;하나코 상인연방;;;;;;;;;;;;;x
D07_fascist_dictatorship;하나코 국민연합국;;;;;;;;;;;;;x
D07_presidential_dictatorship;하나코 호국경령;;;;;;;;;;;;;x
D07_proletarian_dictatorship;하나코 노동자공화국;;;;;;;;;;;;;x
D08_bourgeois_dictatorship;세리나 상인연방;;;;;;;;;;;;;x
D08_fascist_dictatorship;세리나 국민연합국;;;;;;;;;;;;;x
D08_presidential_dictatorship;세리나 호국경령;;;;;;;;;;;;;x
D08_proletarian_dictatorship;세리나 노동자공화국;;;;;;;;;;;;;x
D09_bourgeois_dictatorship;츠루기 상인연방;;;;;;;;;;;;;x
D09_fascist_dictatorship;츠루기 국민연합국;;;;;;;;;;;;;x
D09_presidential_dictatorship;츠루기 호국경령;;;;;;;;;;;;;x
D09_proletarian_dictatorship;츠루기 노동자공화국;;;;;;;;;;;;;x
D10_bourgeois_dictatorship;스즈미 상인연방;;;;;;;;;;;;;x
D10_fascist_dictatorship;스즈미 국민연합국;;;;;;;;;;;;;x
D10_presidential_dictatorship;스즈미 호국경령;;;;;;;;;;;;;x
D10_proletarian_dictatorship;스즈미 노동자공화국;;;;;;;;;;;;;x
D11_bourgeois_dictatorship;위벨 자유도시연맹;;;;;;;;;;;;;x
D11_fascist_dictatorship;위벨 총동원국;;;;;;;;;;;;;x
D11_presidential_dictatorship;위벨 군사평의회;;;;;;;;;;;;;x
D11_proletarian_dictatorship;위벨 평의회 공화국;;;;;;;;;;;;;x
D12_bourgeois_dictatorship;엘리자베트 바토리 자유도시연맹;;;;;;;;;;;;;x
D12_fascist_dictatorship;엘리자베트 바토리 총동원국;;;;;;;;;;;;;x
D12_presidential_dictatorship;엘리자베트 바토리 군사평의회;;;;;;;;;;;;;x
D12_proletarian_dictatorship;엘리자베트 바토리 평의회 공화국;;;;;;;;;;;;;x
D13_bourgeois_dictatorship;알테라 자유도시연맹;;;;;;;;;;;;;x
D13_fascist_dictatorship;알테라 총동원국;;;;;;;;;;;;;x
D13_presidential_dictatorship;알테라 군사평의회;;;;;;;;;;;;;x
D13_proletarian_dictatorship;알테라 평의회 공화국;;;;;;;;;;;;;x
D14_bourgeois_dictatorship;무라사키 시키부 자유도시연맹;;;;;;;;;;;;;x
D14_fascist_dictatorship;무라사키 시키부 총동원국;;;;;;;;;;;;;x
D14_presidential_dictatorship;무라사키 시키부 군사평의회;;;;;;;;;;;;;x
D14_proletarian_dictatorship;무라사키 시키부 평의회 공화국;;;;;;;;;;;;;x
D15_bourgeois_dictatorship;슈텐도지 자유도시연맹;;;;;;;;;;;;;x
D15_fascist_dictatorship;슈텐도지 총동원국;;;;;;;;;;;;;x
D15_presidential_dictatorship;슈텐도지 군사평의회;;;;;;;;;;;;;x
D15_proletarian_dictatorship;슈텐도지 평의회 공화국;;;;;;;;;;;;;x
D16_bourgeois_dictatorship;멜트릴리스 자유도시연맹;;;;;;;;;;;;;x
D16_fascist_dictatorship;멜트릴리스 총동원국;;;;;;;;;;;;;x
D16_presidential_dictatorship;멜트릴리스 군사평의회;;;;;;;;;;;;;x
D16_proletarian_dictatorship;멜트릴리스 평의회 공화국;;;;;;;;;;;;;x
D17_bourgeois_dictatorship;세이 쇼나곤 자유도시연맹;;;;;;;;;;;;;x
D17_fascist_dictatorship;세이 쇼나곤 총동원국;;;;;;;;;;;;;x
D17_presidential_dictatorship;세이 쇼나곤 군사평의회;;;;;;;;;;;;;x
D17_proletarian_dictatorship;세이 쇼나곤 평의회 공화국;;;;;;;;;;;;;x
D18_bourgeois_dictatorship;아나스타샤 자유도시연맹;;;;;;;;;;;;;x
D18_fascist_dictatorship;아나스타샤 총동원국;;;;;;;;;;;;;x
D18_presidential_dictatorship;아나스타샤 군사평의회;;;;;;;;;;;;;x
D18_proletarian_dictatorship;아나스타샤 평의회 공화국;;;;;;;;;;;;;x
D19_bourgeois_dictatorship;오료 자유도시연맹;;;;;;;;;;;;;x
D19_fascist_dictatorship;오료 총동원국;;;;;;;;;;;;;x
D19_presidential_dictatorship;오료 군사평의회;;;;;;;;;;;;;x
D19_proletarian_dictatorship;오료 평의회 공화국;;;;;;;;;;;;;x
D20_bourgeois_dictatorship;BB 자유도시연맹;;;;;;;;;;;;;x
D20_fascist_dictatorship;BB 총동원국;;;;;;;;;;;;;x
D20_presidential_dictatorship;BB 군사평의회;;;;;;;;;;;;;x
D20_proletarian_dictatorship;BB 평의회 공화국;;;;;;;;;;;;;x
DAH_bourgeois_dictatorship;다호메이 도시자치연맹;;;;;;;;;;;;;x
DAH_fascist_dictatorship;다호메이 국민통합국;;;;;;;;;;;;;x
DAH_presidential_dictatorship;다호메이 군사평의회;;;;;;;;;;;;;x
DAI_bourgeois_dictatorship;히가시 상인연합;;;;;;;;;;;;;x
DAI_fascist_dictatorship;히가시 국민정부;;;;;;;;;;;;;x
DAI_presidential_dictatorship;히가시 군정부;;;;;;;;;;;;;x
DAI_proletarian_dictatorship;히가시 인민공화국;;;;;;;;;;;;;x
DAK_bourgeois_dictatorship;네루 자치부족연맹;;;;;;;;;;;;;x
DAK_fascist_dictatorship;네루 민족통합국;;;;;;;;;;;;;x
DAK_presidential_dictatorship;네루 전사평의회;;;;;;;;;;;;;x
DAK_proletarian_dictatorship;네루 공동체연방;;;;;;;;;;;;;x
DAR_bourgeois_dictatorship;다르푸르 도시상인연맹;;;;;;;;;;;;;x
DAR_fascist_dictatorship;다르푸르 국민통합국;;;;;;;;;;;;;x
DAR_presidential_dictatorship;다르푸르 군사평의회;;;;;;;;;;;;;x
DAR_proletarian_dictatorship;다르푸르 인민공화국;;;;;;;;;;;;;x
DEN_bourgeois_dictatorship;칸나 도시자치연맹;;;;;;;;;;;;;x
DEN_fascist_dictatorship;칸나 국민국가;;;;;;;;;;;;;x
DEN_presidential_dictatorship;칸나 국가평의회;;;;;;;;;;;;;x
DEN_proletarian_dictatorship;칸나 사회주의 공화국;;;;;;;;;;;;;x
DES_bourgeois_dictatorship;마키 주권주연합;;;;;;;;;;;;;x
DES_fascist_dictatorship;마키 국민연합국;;;;;;;;;;;;;x
DES_presidential_dictatorship;마키 군사정부;;;;;;;;;;;;;x
DES_proletarian_dictatorship;마키 사회주의 연방;;;;;;;;;;;;;x
DJA_bourgeois_dictatorship;푸순 항구도시연맹;;;;;;;;;;;;;x
DJA_fascist_dictatorship;푸순 국민국가;;;;;;;;;;;;;x
DJA_presidential_dictatorship;푸순 군사정부;;;;;;;;;;;;;x
DJA_proletarian_dictatorship;푸순 인민공화국;;;;;;;;;;;;;x
DLM_bourgeois_dictatorship;펜테실레이아 도시자치연맹;;;;;;;;;;;;;x
DLM_fascist_dictatorship;펜테실레이아 국민국가;;;;;;;;;;;;;x
DLM_presidential_dictatorship;펜테실레이아 군사섭정정부;;;;;;;;;;;;;x
DLM_proletarian_dictatorship;펜테실레이아 인민공화국;;;;;;;;;;;;;x
DOM_bourgeois_dictatorship;케찰코아틀 주권주연합;;;;;;;;;;;;;x
DOM_fascist_dictatorship;케찰코아틀 국민통합국;;;;;;;;;;;;;x
DOM_proletarian_dictatorship;케찰코아틀 사회주의 공화국;;;;;;;;;;;;;x
DON_bourgeois_dictatorship;타슈켄트 자유군단연맹;;;;;;;;;;;;;x
DON_presidential_dictatorship;타슈켄트 아타만 군정;;;;;;;;;;;;;x
DON_proletarian_dictatorship;타슈켄트 소비에트 공화국;;;;;;;;;;;;;x
DRA_bourgeois_dictatorship;머틀 상인자치연맹;;;;;;;;;;;;;x
DRA_presidential_dictatorship;머틀 군사정부;;;;;;;;;;;;;x
DRA_proletarian_dictatorship;머틀 인민공화국;;;;;;;;;;;;;x
DRU_bourgeois_dictatorship;와파린 상인협의국;;;;;;;;;;;;;x
DRU_fascist_dictatorship;와파린 국민통합국;;;;;;;;;;;;;x
DRU_presidential_dictatorship;와파린 군사평의회;;;;;;;;;;;;;x
DRU_proletarian_dictatorship;와파린 사회주의 공화국;;;;;;;;;;;;;x
DUR_bourgeois_dictatorship;니토크리스 부족협의국;;;;;;;;;;;;;x
DUR_presidential_dictatorship;니토크리스 군사평의회;;;;;;;;;;;;;x
DUR_proletarian_dictatorship;니토크리스 인민공화국;;;;;;;;;;;;;x
DZG_bourgeois_dictatorship;이오리 자유시;;;;;;;;;;;;;x
DZG_fascist_dictatorship;이오리 국민국가;;;;;;;;;;;;;x
DZG_presidential_dictatorship;이오리 군사집정부;;;;;;;;;;;;;x
DZG_proletarian_dictatorship;이오리 평의회 공화국;;;;;;;;;;;;;x
ECU_bourgeois_dictatorship;캐서린 주권주연합;;;;;;;;;;;;;x
ECU_fascist_dictatorship;캐서린 국민통합국;;;;;;;;;;;;;x
ECU_presidential_dictatorship;캐서린 군사평의회;;;;;;;;;;;;;x
ECU_proletarian_dictatorship;캐서린 사회주의 공화국;;;;;;;;;;;;;x
EGY_bourgeois_dictatorship;호시노 상인협의국;;;;;;;;;;;;;x
EGY_fascist_dictatorship;호시노 국민통합국;;;;;;;;;;;;;x
EGY_presidential_dictatorship;호시노 군사평의회;;;;;;;;;;;;;x
EGY_proletarian_dictatorship;호시노 사회주의 공화국;;;;;;;;;;;;;x
EIC_bourgeois_dictatorship;티바트 일곱 나라 상인연방;;;;;;;;;;;;;x
EIC_fascist_dictatorship;티바트 일곱 나라 국민연합국;;;;;;;;;;;;;x
EIC_presidential_dictatorship;티바트 일곱 나라 호국경령;;;;;;;;;;;;;x
EIC_proletarian_dictatorship;티바트 일곱 나라 노동자공화국;;;;;;;;;;;;;x
ELS_bourgeois_dictatorship;니코 로빈 주권주연합;;;;;;;;;;;;;x
ELS_fascist_dictatorship;니코 로빈 국민통합국;;;;;;;;;;;;;x
ELS_presidential_dictatorship;니코 로빈 군사평의회;;;;;;;;;;;;;x
ELS_proletarian_dictatorship;니코 로빈 사회주의 공화국;;;;;;;;;;;;;x
ENL_bourgeois_dictatorship;마리 상인연방;;;;;;;;;;;;;x
ENL_fascist_dictatorship;마리 국민연합국;;;;;;;;;;;;;x
ENL_presidential_dictatorship;마리 호국경령;;;;;;;;;;;;;x
ENL_proletarian_dictatorship;마리 노동자공화국;;;;;;;;;;;;;x
ENT_bourgeois_dictatorship;카피바라 주권주연합;;;;;;;;;;;;;x
ENT_fascist_dictatorship;카피바라 국민통합국;;;;;;;;;;;;;x
ENT_presidential_dictatorship;카피바라 군사평의회;;;;;;;;;;;;;x
ENT_proletarian_dictatorship;카피바라 사회주의 공화국;;;;;;;;;;;;;x
EQG_bourgeois_dictatorship;적도 기니 도시자치연맹;;;;;;;;;;;;;x
EQG_fascist_dictatorship;적도 기니 국민통합국;;;;;;;;;;;;;x
EQG_presidential_dictatorship;적도 기니 군사평의회;;;;;;;;;;;;;x
EQG_proletarian_dictatorship;적도 기니 인민공화국;;;;;;;;;;;;;x
EST_bourgeois_dictatorship;린네아 길드도시연맹;;;;;;;;;;;;;x
EST_fascist_dictatorship;린네아 국민국가;;;;;;;;;;;;;x
EST_presidential_dictatorship;린네아 국가집정부;;;;;;;;;;;;;x
EST_proletarian_dictatorship;린네아 노동공화국;;;;;;;;;;;;;x
ETH_bourgeois_dictatorship;아비시니아 지역자치연맹;;;;;;;;;;;;;x
ETH_fascist_dictatorship;아비시니아 국민통합국;;;;;;;;;;;;;x
ETH_presidential_dictatorship;아비시니아 군사평의회;;;;;;;;;;;;;x
ETH_proletarian_dictatorship;아비시니아 인민공화국;;;;;;;;;;;;;x
EZO_bourgeois_dictatorship;와카모 도시자치연합;;;;;;;;;;;;;x
FAS_bourgeois_dictatorship;에이프릴 총재정부;;;;;;;;;;;;;x
FAS_fascist_dictatorship;에이프릴 국민국가;;;;;;;;;;;;;x
FAS_presidential_dictatorship;에이프릴 집정정부;;;;;;;;;;;;;x
FAS_proletarian_dictatorship;에이프릴 코뮌;;;;;;;;;;;;;x
FCA_bourgeois_dictatorship;유키노 총재정부;;;;;;;;;;;;;x
FCA_fascist_dictatorship;유키노 국민국가;;;;;;;;;;;;;x
FCA_presidential_dictatorship;유키노 집정정부;;;;;;;;;;;;;x
FCA_proletarian_dictatorship;유키노 코뮌;;;;;;;;;;;;;x
FDL_bourgeois_dictatorship;네크라스 상인협의국;;;;;;;;;;;;;x
FDL_fascist_dictatorship;네크라스 국민통합국;;;;;;;;;;;;;x
FDL_presidential_dictatorship;네크라스 군사평의회;;;;;;;;;;;;;x
FDL_proletarian_dictatorship;네크라스 사회주의 공화국;;;;;;;;;;;;;x
FIJ_bourgeois_dictatorship;페넥 섬자치연맹;;;;;;;;;;;;;x
FIJ_fascist_dictatorship;페넥 국민통합국;;;;;;;;;;;;;x
FIJ_presidential_dictatorship;페넥 군사평의회;;;;;;;;;;;;;x
FIJ_proletarian_dictatorship;페넥 공동체공화국;;;;;;;;;;;;;x
FIL_bourgeois_dictatorship;페로나 주권주연합;;;;;;;;;;;;;x
FIL_fascist_dictatorship;페로나 국민연합국;;;;;;;;;;;;;x
FIL_presidential_dictatorship;페로나 군사정부;;;;;;;;;;;;;x
FIL_proletarian_dictatorship;페로나 사회주의 연방;;;;;;;;;;;;;x
FIN_bourgeois_dictatorship;발키리 도시자치연맹;;;;;;;;;;;;;x
FIN_fascist_dictatorship;발키리 국민국가;;;;;;;;;;;;;x
FIN_presidential_dictatorship;발키리 국가평의회;;;;;;;;;;;;;x
FIU_proletarian_dictatorship;캘시 사회주의 공화국;;;;;;;;;;;;;x
FJN_bourgeois_dictatorship;야쿠시 사야 상회연합;;;;;;;;;;;;;x
FJN_proletarian_dictatorship;야쿠시 사야 인민공화국;;;;;;;;;;;;;x
FLA_bourgeois_dictatorship;모나 상인공화국;;;;;;;;;;;;;x
FLA_fascist_dictatorship;모나 국민국가;;;;;;;;;;;;;x
FLA_presidential_dictatorship;모나 집정관령;;;;;;;;;;;;;x
FLA_proletarian_dictatorship;모나 노동자공화국;;;;;;;;;;;;;x
FRI_bourgeois_dictatorship;유라 상인공화국;;;;;;;;;;;;;x
FRI_fascist_dictatorship;유라 국민국가;;;;;;;;;;;;;x
FRI_presidential_dictatorship;유라 집정관령;;;;;;;;;;;;;x
FRI_proletarian_dictatorship;유라 노동자공화국;;;;;;;;;;;;;x
FRM_bourgeois_dictatorship;아코 자유시;;;;;;;;;;;;;x
FRM_presidential_dictatorship;아코 군사집정부;;;;;;;;;;;;;x
FRO_bourgeois_dictatorship;키리노 도시자치연맹;;;;;;;;;;;;;x
FRO_fascist_dictatorship;키리노 국민국가;;;;;;;;;;;;;x
FRO_presidential_dictatorship;키리노 국가평의회;;;;;;;;;;;;;x
FRO_proletarian_dictatorship;키리노 사회주의 공화국;;;;;;;;;;;;;x
FSA_bourgeois_dictatorship;히마리 주권주연합;;;;;;;;;;;;;x
FSA_fascist_dictatorship;히마리 국민연합국;;;;;;;;;;;;;x
FSA_presidential_dictatorship;히마리 군사정부;;;;;;;;;;;;;x
GAB_bourgeois_dictatorship;가봉 도시자치연맹;;;;;;;;;;;;;x
GAB_fascist_dictatorship;가봉 국민통합국;;;;;;;;;;;;;x
GAB_presidential_dictatorship;가봉 군사평의회;;;;;;;;;;;;;x
GAB_proletarian_dictatorship;가봉 인민공화국;;;;;;;;;;;;;x
GAZ_bourgeois_dictatorship;가자 도시자치연맹;;;;;;;;;;;;;x
GAZ_fascist_dictatorship;가자 국민통합국;;;;;;;;;;;;;x
GAZ_presidential_dictatorship;가자 군사평의회;;;;;;;;;;;;;x
GAZ_proletarian_dictatorship;가자 인민공화국;;;;;;;;;;;;;x
GBU_bourgeois_dictatorship;카부 도시자치연맹;;;;;;;;;;;;;x
GBU_fascist_dictatorship;카부 국민통합국;;;;;;;;;;;;;x
GBU_presidential_dictatorship;카부 군사평의회;;;;;;;;;;;;;x
GBU_proletarian_dictatorship;카부 인민공화국;;;;;;;;;;;;;x
GCF_bourgeois_dictatorship;준코 자유시;;;;;;;;;;;;;x
GCF_presidential_dictatorship;준코 군사집정부;;;;;;;;;;;;;x
GCO_bourgeois_dictatorship;로사리타 시스네로스 주권주연합;;;;;;;;;;;;;x
GCO_fascist_dictatorship;로사리타 시스네로스 국민통합국;;;;;;;;;;;;;x
GCO_presidential_dictatorship;로사리타 시스네로스 군사평의회;;;;;;;;;;;;;x
GCO_proletarian_dictatorship;로사리타 시스네로스 사회주의 공화국;;;;;;;;;;;;;x
GDL_bourgeois_dictatorship;잔 다르크 주권주연합;;;;;;;;;;;;;x
GDL_fascist_dictatorship;잔 다르크 국민통합국;;;;;;;;;;;;;x
GDL_presidential_dictatorship;잔 다르크 군사평의회;;;;;;;;;;;;;x
GDL_proletarian_dictatorship;잔 다르크 사회주의 공화국;;;;;;;;;;;;;x
GEL_bourgeois_dictatorship;겔레디 항구도시연맹;;;;;;;;;;;;;x
GEL_fascist_dictatorship;겔레디 국민국가;;;;;;;;;;;;;x
GEL_presidential_dictatorship;겔레디 군사평의회;;;;;;;;;;;;;x
GEL_proletarian_dictatorship;겔레디 인민공화국;;;;;;;;;;;;;x
GEN_bourgeois_dictatorship;헨리에타 도시공화국;;;;;;;;;;;;;x
GHN_bourgeois_dictatorship;가나 도시자치연맹;;;;;;;;;;;;;x
GHN_fascist_dictatorship;가나 국민통합국;;;;;;;;;;;;;x
GHN_presidential_dictatorship;가나 군사평의회;;;;;;;;;;;;;x
GHN_proletarian_dictatorship;가나 인민공화국;;;;;;;;;;;;;x
GIL_bourgeois_dictatorship;티아마트 부족협의국;;;;;;;;;;;;;x
GIL_fascist_dictatorship;티아마트 국민통합국;;;;;;;;;;;;;x
GIL_presidential_dictatorship;티아마트 군사평의회;;;;;;;;;;;;;x
GIL_proletarian_dictatorship;티아마트 인민공화국;;;;;;;;;;;;;x
GIZ_bourgeois_dictatorship;미나 상회연합;;;;;;;;;;;;;x
GIZ_fascist_dictatorship;미나 국민정부;;;;;;;;;;;;;x
GIZ_presidential_dictatorship;미나 군정부;;;;;;;;;;;;;x
GIZ_proletarian_dictatorship;미나 인민공화국;;;;;;;;;;;;;x
GLC_bourgeois_dictatorship;오니츠카 나츠미 도시연합;;;;;;;;;;;;;x
GLC_fascist_dictatorship;오니츠카 나츠미 국민연합국;;;;;;;;;;;;;x
GLC_presidential_dictatorship;오니츠카 나츠미 군사평의회;;;;;;;;;;;;;x
GLC_proletarian_dictatorship;오니츠카 나츠미 노동자공화국;;;;;;;;;;;;;x
GLM_bourgeois_dictatorship;소베츠카야 로시야 귀족공화국;;;;;;;;;;;;;x
GLM_fascist_dictatorship;소베츠카야 로시야 국민연합국;;;;;;;;;;;;;x
GLM_presidential_dictatorship;소베츠카야 로시야 군사집정부;;;;;;;;;;;;;x
GLM_proletarian_dictatorship;소베츠카야 로시야 인민공화국;;;;;;;;;;;;;x
GLN_bourgeois_dictatorship;샤이닝 상인협의국;;;;;;;;;;;;;x
GLN_fascist_dictatorship;샤이닝 국민국가;;;;;;;;;;;;;x
GLN_presidential_dictatorship;샤이닝 군사정부;;;;;;;;;;;;;x
GLN_proletarian_dictatorship;샤이닝 인민공화국;;;;;;;;;;;;;x
GMB_bourgeois_dictatorship;감비아 도시자치연맹;;;;;;;;;;;;;x
GMB_fascist_dictatorship;감비아 국민통합국;;;;;;;;;;;;;x
GMB_presidential_dictatorship;감비아 군사평의회;;;;;;;;;;;;;x
GMB_proletarian_dictatorship;감비아 인민공화국;;;;;;;;;;;;;x
GMJ_bourgeois_dictatorship;유리 자하드 상회연합;;;;;;;;;;;;;x
GMJ_fascist_dictatorship;유리 자하드 국민정부;;;;;;;;;;;;;x
GMJ_presidential_dictatorship;유리 자하드 군정부;;;;;;;;;;;;;x
GMJ_proletarian_dictatorship;유리 자하드 인민공화국;;;;;;;;;;;;;x
GNE_bourgeois_dictatorship;기니 도시상인연맹;;;;;;;;;;;;;x
GNE_fascist_dictatorship;기니 국민통합국;;;;;;;;;;;;;x
GNE_presidential_dictatorship;기니 군사평의회;;;;;;;;;;;;;x
GNE_proletarian_dictatorship;기니 인민공화국;;;;;;;;;;;;;x
GNG_bourgeois_dictatorship;화련 상회연합;;;;;;;;;;;;;x
GNG_fascist_dictatorship;화련 국민정부;;;;;;;;;;;;;x
GNG_proletarian_dictatorship;화련 인민공화국;;;;;;;;;;;;;x
GON_bourgeois_dictatorship;곤다르 지역자치연맹;;;;;;;;;;;;;x
GON_fascist_dictatorship;곤다르 국민통합국;;;;;;;;;;;;;x
GON_presidential_dictatorship;곤다르 군사평의회;;;;;;;;;;;;;x
GON_proletarian_dictatorship;곤다르 인민공화국;;;;;;;;;;;;;x
GPR_bourgeois_dictatorship;르 말랭 주권주연합;;;;;;;;;;;;;x
GPR_fascist_dictatorship;르 말랭 국민통합국;;;;;;;;;;;;;x
GPR_presidential_dictatorship;르 말랭 군사정부;;;;;;;;;;;;;x
GPR_proletarian_dictatorship;르 말랭 사회주의 연방;;;;;;;;;;;;;x
GRE_bourgeois_dictatorship;안젤리나 도시공화국;;;;;;;;;;;;;x
GRE_fascist_dictatorship;안젤리나 국민국가;;;;;;;;;;;;;x
GRE_presidential_dictatorship;안젤리나 군사평의회;;;;;;;;;;;;;x
GRE_proletarian_dictatorship;안젤리나 인민공화국;;;;;;;;;;;;;x
GRH_bourgeois_dictatorship;데겐브레허 상인자치연맹;;;;;;;;;;;;;x
GRH_fascist_dictatorship;데겐브레허 국민연합국;;;;;;;;;;;;;x
GRH_presidential_dictatorship;데겐브레허 군사정부;;;;;;;;;;;;;x
GRH_proletarian_dictatorship;데겐브레허 인민공화국;;;;;;;;;;;;;x
GRN_bourgeois_dictatorship;우타하 도시자치연맹;;;;;;;;;;;;;x
GRN_fascist_dictatorship;우타하 국민국가;;;;;;;;;;;;;x
GRN_presidential_dictatorship;우타하 국가평의회;;;;;;;;;;;;;x
GRN_proletarian_dictatorship;우타하 사회주의 공화국;;;;;;;;;;;;;x
GUA_bourgeois_dictatorship;우타 주권주연합;;;;;;;;;;;;;x
GUA_fascist_dictatorship;우타 국민통합국;;;;;;;;;;;;;x
GUA_presidential_dictatorship;우타 군사평의회;;;;;;;;;;;;;x
GUA_proletarian_dictatorship;우타 사회주의 공화국;;;;;;;;;;;;;x
GUY_bourgeois_dictatorship;큰수달 주권주연합;;;;;;;;;;;;;x
GUY_fascist_dictatorship;큰수달 국민통합국;;;;;;;;;;;;;x
GUY_presidential_dictatorship;큰수달 군사평의회;;;;;;;;;;;;;x
GUY_proletarian_dictatorship;큰수달 사회주의 공화국;;;;;;;;;;;;;x
GWA_bourgeois_dictatorship;팔라스 상인자치연맹;;;;;;;;;;;;;x
GWA_fascist_dictatorship;팔라스 국민연합국;;;;;;;;;;;;;x
GWA_presidential_dictatorship;팔라스 군사정부;;;;;;;;;;;;;x
GWA_proletarian_dictatorship;팔라스 인민공화국;;;;;;;;;;;;;x
GXI_bourgeois_dictatorship;감우 상회연합;;;;;;;;;;;;;x
GXI_fascist_dictatorship;감우 국민정부;;;;;;;;;;;;;x
GXI_proletarian_dictatorship;감우 인민공화국;;;;;;;;;;;;;x
HAI_bourgeois_dictatorship;쿠쿨칸 주권주연합;;;;;;;;;;;;;x
HAI_fascist_dictatorship;쿠쿨칸 국민통합국;;;;;;;;;;;;;x
HAI_proletarian_dictatorship;쿠쿨칸 사회주의 공화국;;;;;;;;;;;;;x
HAL_bourgeois_dictatorship;그라니 상인협의국;;;;;;;;;;;;;x
HAL_fascist_dictatorship;그라니 국민통합국;;;;;;;;;;;;;x
HAL_presidential_dictatorship;그라니 군사평의회;;;;;;;;;;;;;x
HAL_proletarian_dictatorship;그라니 사회주의 공화국;;;;;;;;;;;;;x
HAM_bourgeois_dictatorship;메구 자유시;;;;;;;;;;;;;x
HAM_presidential_dictatorship;메구 군사집정부;;;;;;;;;;;;;x
HAN_bourgeois_dictatorship;카스미 자유시;;;;;;;;;;;;;x
HAN_presidential_dictatorship;카스미 군사집정부;;;;;;;;;;;;;x
HAR_bourgeois_dictatorship;스즈란 항구도시연맹;;;;;;;;;;;;;x
HAR_fascist_dictatorship;스즈란 국민국가;;;;;;;;;;;;;x
HAR_presidential_dictatorship;스즈란 군사평의회;;;;;;;;;;;;;x
HAR_proletarian_dictatorship;스즈란 인민공화국;;;;;;;;;;;;;x
HAW_bourgeois_dictatorship;가방 섬자치연맹;;;;;;;;;;;;;x
HAW_fascist_dictatorship;가방 국민통합국;;;;;;;;;;;;;x
HAW_presidential_dictatorship;가방 군사평의회;;;;;;;;;;;;;x
HAW_proletarian_dictatorship;가방 공동체공화국;;;;;;;;;;;;;x
HBY_bourgeois_dictatorship;호비오 항구도시연맹;;;;;;;;;;;;;x
HBY_fascist_dictatorship;호비오 국민국가;;;;;;;;;;;;;x
HBY_presidential_dictatorship;호비오 군사평의회;;;;;;;;;;;;;x
HBY_proletarian_dictatorship;호비오 인민공화국;;;;;;;;;;;;;x
HDJ_bourgeois_dictatorship;비그나 상인협의국;;;;;;;;;;;;;x
HDJ_fascist_dictatorship;비그나 국민통합국;;;;;;;;;;;;;x
HDJ_presidential_dictatorship;비그나 군사평의회;;;;;;;;;;;;;x
HDJ_proletarian_dictatorship;비그나 사회주의 공화국;;;;;;;;;;;;;x
HDU_bourgeois_dictatorship;위디 상인자치연맹;;;;;;;;;;;;;x
HDU_fascist_dictatorship;위디 국민연합국;;;;;;;;;;;;;x
HDU_presidential_dictatorship;위디 군사정부;;;;;;;;;;;;;x
HDU_proletarian_dictatorship;위디 인민공화국;;;;;;;;;;;;;x
HEH_bourgeois_dictatorship;우르술라 자유시;;;;;;;;;;;;;x
HEH_presidential_dictatorship;우르술라 군사집정부;;;;;;;;;;;;;x
HEK_bourgeois_dictatorship;치나츠 자유시;;;;;;;;;;;;;x
HEK_presidential_dictatorship;치나츠 군사집정부;;;;;;;;;;;;;x
HES_bourgeois_dictatorship;이즈미 자유시;;;;;;;;;;;;;x
HES_presidential_dictatorship;이즈미 군사집정부;;;;;;;;;;;;;x
HGL_bourgeois_dictatorship;아카리 자유시;;;;;;;;;;;;;x
HGL_fascist_dictatorship;아카리 국민국가;;;;;;;;;;;;;x
HGL_presidential_dictatorship;아카리 군사집정부;;;;;;;;;;;;;x
HGL_proletarian_dictatorship;아카리 평의회 공화국;;;;;;;;;;;;;x
HND_bourgeois_dictatorship;파르바티 상인자치연맹;;;;;;;;;;;;;x
HND_presidential_dictatorship;파르바티 군사정부;;;;;;;;;;;;;x
HND_proletarian_dictatorship;파르바티 인민공화국;;;;;;;;;;;;;x
HNN_bourgeois_dictatorship;호두 상회연합;;;;;;;;;;;;;x
HNN_fascist_dictatorship;호두 국민정부;;;;;;;;;;;;;x
HNN_proletarian_dictatorship;호두 인민공화국;;;;;;;;;;;;;x
HNS_bourgeois_dictatorship;세나 자유시;;;;;;;;;;;;;x
HNZ_bourgeois_dictatorship;클레오파트라 부족협의국;;;;;;;;;;;;;x
HNZ_fascist_dictatorship;클레오파트라 국민통합국;;;;;;;;;;;;;x
HNZ_presidential_dictatorship;클레오파트라 군사평의회;;;;;;;;;;;;;x
HNZ_proletarian_dictatorship;클레오파트라 인민공화국;;;;;;;;;;;;;x
HOH_bourgeois_dictatorship;주리 자유시;;;;;;;;;;;;;x
HOH_presidential_dictatorship;주리 군사집정부;;;;;;;;;;;;;x
HOL_bourgeois_dictatorship;디오나 자유시;;;;;;;;;;;;;x
HOL_presidential_dictatorship;디오나 군사집정부;;;;;;;;;;;;;x
HON_bourgeois_dictatorship;야마토 주권주연합;;;;;;;;;;;;;x
HON_fascist_dictatorship;야마토 국민통합국;;;;;;;;;;;;;x
HON_presidential_dictatorship;야마토 군사평의회;;;;;;;;;;;;;x
HON_proletarian_dictatorship;야마토 사회주의 공화국;;;;;;;;;;;;;x
HQJ_bourgeois_dictatorship;요이미야 상회연합;;;;;;;;;;;;;x
HQJ_fascist_dictatorship;요이미야 국민정부;;;;;;;;;;;;;x
HQJ_presidential_dictatorship;요이미야 군정부;;;;;;;;;;;;;x
HQJ_proletarian_dictatorship;요이미야 인민공화국;;;;;;;;;;;;;x
HRT_bourgeois_dictatorship;라바 부족협의국;;;;;;;;;;;;;x
HRT_fascist_dictatorship;라바 국민통합국;;;;;;;;;;;;;x
HRT_presidential_dictatorship;라바 군사평의회;;;;;;;;;;;;;x
HRT_proletarian_dictatorship;라바 인민공화국;;;;;;;;;;;;;x
HTY_bourgeois_dictatorship;크루아상 상인공화국;;;;;;;;;;;;;x
HTY_fascist_dictatorship;크루아상 국민통합국;;;;;;;;;;;;;x
HTY_presidential_dictatorship;크루아상 군사평의회;;;;;;;;;;;;;x
HTY_proletarian_dictatorship;크루아상 인민공화국;;;;;;;;;;;;;x
HUI_bourgeois_dictatorship;각청 상회연합;;;;;;;;;;;;;x
HUI_fascist_dictatorship;각청 국민정부;;;;;;;;;;;;;x
HUI_proletarian_dictatorship;각청 인민공화국;;;;;;;;;;;;;x
HUN_bourgeois_dictatorship;하루나 귀족공화국;;;;;;;;;;;;;x
HUN_fascist_dictatorship;하루나 국민통합국;;;;;;;;;;;;;x
HUN_presidential_dictatorship;하루나 섭정정부;;;;;;;;;;;;;x
HUN_proletarian_dictatorship;하루나 평의회 공화국;;;;;;;;;;;;;x
HYD_bourgeois_dictatorship;로빈 상인협의국;;;;;;;;;;;;;x
HYD_fascist_dictatorship;로빈 국민통합국;;;;;;;;;;;;;x
HYD_presidential_dictatorship;로빈 군사정부;;;;;;;;;;;;;x
HYD_proletarian_dictatorship;로빈 인민공화국;;;;;;;;;;;;;x
ICL_bourgeois_dictatorship;프라마닉스 도시자치연맹;;;;;;;;;;;;;x
ICL_fascist_dictatorship;프라마닉스 국민국가;;;;;;;;;;;;;x
ICL_presidential_dictatorship;프라마닉스 국가평의회;;;;;;;;;;;;;x
ICL_proletarian_dictatorship;프라마닉스 사회주의 공화국;;;;;;;;;;;;;x
IDO_bourgeois_dictatorship;사유 상인연합;;;;;;;;;;;;;x
IMG_bourgeois_dictatorship;신학 유목연맹;;;;;;;;;;;;;x
IMG_fascist_dictatorship;신학 국민통합국;;;;;;;;;;;;;x
IMG_presidential_dictatorship;신학 군사평의회;;;;;;;;;;;;;x
IMG_proletarian_dictatorship;신학 인민공화국;;;;;;;;;;;;;x
IND_bourgeois_dictatorship;나이팅게일 상인자치연맹;;;;;;;;;;;;;x
IND_fascist_dictatorship;나이팅게일 국민연합국;;;;;;;;;;;;;x
IND_presidential_dictatorship;나이팅게일 군사정부;;;;;;;;;;;;;x
IND_proletarian_dictatorship;나이팅게일 인민공화국;;;;;;;;;;;;;x
INO_bourgeois_dictatorship;안샨 항구도시연맹;;;;;;;;;;;;;x
INO_fascist_dictatorship;안샨 국민국가;;;;;;;;;;;;;x
INO_presidential_dictatorship;안샨 군사정부;;;;;;;;;;;;;x
INO_proletarian_dictatorship;안샨 인민공화국;;;;;;;;;;;;;x
ION_bourgeois_dictatorship;모스티마 도시공화국;;;;;;;;;;;;;x
ION_fascist_dictatorship;모스티마 국민국가;;;;;;;;;;;;;x
ION_presidential_dictatorship;모스티마 군사평의회;;;;;;;;;;;;;x
ION_proletarian_dictatorship;모스티마 인민공화국;;;;;;;;;;;;;x
IOT_bourgeois_dictatorship;클로저 상인연방;;;;;;;;;;;;;x
IOT_fascist_dictatorship;클로저 국민연합국;;;;;;;;;;;;;x
IOT_presidential_dictatorship;클로저 호국경령;;;;;;;;;;;;;x
IOT_proletarian_dictatorship;클로저 노동자공화국;;;;;;;;;;;;;x
IRE_bourgeois_dictatorship;카즈사 상인연방;;;;;;;;;;;;;x
IRE_presidential_dictatorship;카즈사 호국경령;;;;;;;;;;;;;x
IRE_proletarian_dictatorship;카즈사 노동자공화국;;;;;;;;;;;;;x
IRQ_bourgeois_dictatorship;쇼 상인협의국;;;;;;;;;;;;;x
IRQ_fascist_dictatorship;쇼 국민통합국;;;;;;;;;;;;;x
IRQ_presidential_dictatorship;쇼 군사평의회;;;;;;;;;;;;;x
IRQ_proletarian_dictatorship;쇼 사회주의 공화국;;;;;;;;;;;;;x
ISR_bourgeois_dictatorship;다윗 상인공화국;;;;;;;;;;;;;x
ISR_fascist_dictatorship;다윗 국민국가;;;;;;;;;;;;;x
ISR_presidential_dictatorship;다윗 군사정부;;;;;;;;;;;;;x
ISR_proletarian_dictatorship;다윗 사회주의 공화국;;;;;;;;;;;;;x
IVC_bourgeois_dictatorship;코트디부아르 도시자치연맹;;;;;;;;;;;;;x
IVC_fascist_dictatorship;코트디부아르 국민통합국;;;;;;;;;;;;;x
IVC_presidential_dictatorship;코트디부아르 군사평의회;;;;;;;;;;;;;x
IVC_proletarian_dictatorship;코트디부아르 인민공화국;;;;;;;;;;;;;x
IZH_bourgeois_dictatorship;아브로라 도시자치연맹;;;;;;;;;;;;;x
IZH_fascist_dictatorship;아브로라 국민국가;;;;;;;;;;;;;x
IZH_presidential_dictatorship;아브로라 국가평의회;;;;;;;;;;;;;x
IZH_proletarian_dictatorship;아브로라 사회주의 공화국;;;;;;;;;;;;;x
JAI_bourgeois_dictatorship;글라우쿠스 상인자치연맹;;;;;;;;;;;;;x
JAI_fascist_dictatorship;글라우쿠스 국민연합국;;;;;;;;;;;;;x
JAI_presidential_dictatorship;글라우쿠스 군사정부;;;;;;;;;;;;;x
JAI_proletarian_dictatorship;글라우쿠스 인민공화국;;;;;;;;;;;;;x
JAL_bourgeois_dictatorship;푸타잘롱 도시상인연맹;;;;;;;;;;;;;x
JAL_fascist_dictatorship;푸타잘롱 국민통합국;;;;;;;;;;;;;x
JAL_presidential_dictatorship;푸타잘롱 군사평의회;;;;;;;;;;;;;x
JAL_proletarian_dictatorship;푸타잘롱 인민공화국;;;;;;;;;;;;;x
JAM_bourgeois_dictatorship;재규어맨 주권주연합;;;;;;;;;;;;;x
JAM_fascist_dictatorship;재규어맨 국민통합국;;;;;;;;;;;;;x
JAM_presidential_dictatorship;재규어맨 군사평의회;;;;;;;;;;;;;x
JAM_proletarian_dictatorship;재규어맨 사회주의 공화국;;;;;;;;;;;;;x
JAN_bourgeois_dictatorship;클리프하트 자유도시연맹;;;;;;;;;;;;;x
JAN_presidential_dictatorship;클리프하트 군사평의회;;;;;;;;;;;;;x
JAN_proletarian_dictatorship;클리프하트 평의회 공화국;;;;;;;;;;;;;x
JAS_bourgeois_dictatorship;히비스커스 상인자치연맹;;;;;;;;;;;;;x
JAS_fascist_dictatorship;히비스커스 국민연합국;;;;;;;;;;;;;x
JAS_presidential_dictatorship;히비스커스 군사정부;;;;;;;;;;;;;x
JAS_proletarian_dictatorship;히비스커스 인민공화국;;;;;;;;;;;;;x
JAV_bourgeois_dictatorship;타이위안 항구도시연맹;;;;;;;;;;;;;x
JAV_fascist_dictatorship;타이위안 국민국가;;;;;;;;;;;;;x
JAV_presidential_dictatorship;타이위안 군사정부;;;;;;;;;;;;;x
JAV_proletarian_dictatorship;타이위안 인민공화국;;;;;;;;;;;;;x
JEY_bourgeois_dictatorship;퍼퓨머 상인자치연맹;;;;;;;;;;;;;x
JEY_fascist_dictatorship;퍼퓨머 국민연합국;;;;;;;;;;;;;x
JEY_presidential_dictatorship;퍼퓨머 군사정부;;;;;;;;;;;;;x
JEY_proletarian_dictatorship;퍼퓨머 인민공화국;;;;;;;;;;;;;x
JLS_bourgeois_dictatorship;하레 주권주연합;;;;;;;;;;;;;x
JLS_fascist_dictatorship;하레 국민통합국;;;;;;;;;;;;;x
JLS_presidential_dictatorship;하레 군사평의회;;;;;;;;;;;;;x
JLS_proletarian_dictatorship;하레 사회주의 공화국;;;;;;;;;;;;;x
JOD_bourgeois_dictatorship;빈스토크 상인자치연맹;;;;;;;;;;;;;x
JOD_fascist_dictatorship;빈스토크 국민연합국;;;;;;;;;;;;;x
JOD_presidential_dictatorship;빈스토크 군사정부;;;;;;;;;;;;;x
JOD_proletarian_dictatorship;빈스토크 인민공화국;;;;;;;;;;;;;x
JOH_bourgeois_dictatorship;슈 항구도시연맹;;;;;;;;;;;;;x
JOH_fascist_dictatorship;슈 국민국가;;;;;;;;;;;;;x
JOH_presidential_dictatorship;슈 군사정부;;;;;;;;;;;;;x
JOH_proletarian_dictatorship;슈 인민공화국;;;;;;;;;;;;;x
JOR_bourgeois_dictatorship;포덴코 상인협의국;;;;;;;;;;;;;x
JOR_fascist_dictatorship;포덴코 국민통합국;;;;;;;;;;;;;x
JOR_presidential_dictatorship;포덴코 군사평의회;;;;;;;;;;;;;x
JOR_proletarian_dictatorship;포덴코 사회주의 공화국;;;;;;;;;;;;;x
JUN_bourgeois_dictatorship;포푸카 상인협의국;;;;;;;;;;;;;x
JUN_fascist_dictatorship;포푸카 국민통합국;;;;;;;;;;;;;x
JUN_presidential_dictatorship;포푸카 군사정부;;;;;;;;;;;;;x
JUN_proletarian_dictatorship;포푸카 인민공화국;;;;;;;;;;;;;x
KAF_bourgeois_dictatorship;카파 지역자치연맹;;;;;;;;;;;;;x
KAF_fascist_dictatorship;카파 국민통합국;;;;;;;;;;;;;x
KAF_presidential_dictatorship;카파 군사평의회;;;;;;;;;;;;;x
KAF_proletarian_dictatorship;카파 인민공화국;;;;;;;;;;;;;x
KAG_bourgeois_dictatorship;미치루 도시자치연합;;;;;;;;;;;;;x
KAG_fascist_dictatorship;미치루 국민정부;;;;;;;;;;;;;x
KAG_presidential_dictatorship;미치루 군정;;;;;;;;;;;;;x
KAG_proletarian_dictatorship;미치루 인민공화국;;;;;;;;;;;;;x
KAL_bourgeois_dictatorship;이네스 부족협의국;;;;;;;;;;;;;x
KAL_fascist_dictatorship;이네스 국민통합국;;;;;;;;;;;;;x
KAL_presidential_dictatorship;이네스 군사평의회;;;;;;;;;;;;;x
KAL_proletarian_dictatorship;이네스 인민공화국;;;;;;;;;;;;;x
KAM_fascist_dictatorship;노도카 국민통합국;;;;;;;;;;;;;x
KAR_bourgeois_dictatorship;치오리 상인연합;;;;;;;;;;;;;x
KAR_fascist_dictatorship;치오리 국민국가;;;;;;;;;;;;;x
KAR_presidential_dictatorship;치오리 군사평의회;;;;;;;;;;;;;x
KAR_proletarian_dictatorship;치오리 인민공화국;;;;;;;;;;;;;x
KAS_bourgeois_dictatorship;버메일 상인자치연맹;;;;;;;;;;;;;x
KAS_fascist_dictatorship;버메일 국민연합국;;;;;;;;;;;;;x
KAS_presidential_dictatorship;버메일 군사정부;;;;;;;;;;;;;x
KAS_proletarian_dictatorship;버메일 인민공화국;;;;;;;;;;;;;x
KAZ_bourgeois_dictatorship;리스캄 도시상인연맹;;;;;;;;;;;;;x
KAZ_fascist_dictatorship;리스캄 국민통합국;;;;;;;;;;;;;x
KAZ_presidential_dictatorship;리스캄 군사평의회;;;;;;;;;;;;;x
KAZ_proletarian_dictatorship;리스캄 인민공화국;;;;;;;;;;;;;x
KBO_bourgeois_dictatorship;카넴-보르누 도시상인연맹;;;;;;;;;;;;;x
KBO_fascist_dictatorship;카넴-보르누 국민통합국;;;;;;;;;;;;;x
KBO_presidential_dictatorship;카넴-보르누 군사평의회;;;;;;;;;;;;;x
KBO_proletarian_dictatorship;카넴-보르누 인민공화국;;;;;;;;;;;;;x
KCH_bourgeois_dictatorship;키라라 상인연합;;;;;;;;;;;;;x
KCH_fascist_dictatorship;키라라 국민국가;;;;;;;;;;;;;x
KCH_presidential_dictatorship;키라라 군사평의회;;;;;;;;;;;;;x
KCH_proletarian_dictatorship;키라라 인민공화국;;;;;;;;;;;;;x
KDS_bourgeois_dictatorship;플룸 부족협의국;;;;;;;;;;;;;x
KDS_fascist_dictatorship;플룸 국민통합국;;;;;;;;;;;;;x
KDS_presidential_dictatorship;플룸 군사평의회;;;;;;;;;;;;;x
KDS_proletarian_dictatorship;플룸 인민공화국;;;;;;;;;;;;;x
KGW_bourgeois_dictatorship;카라궤 도시자치연맹;;;;;;;;;;;;;x
KGW_fascist_dictatorship;카라궤 국민통합국;;;;;;;;;;;;;x
KGW_presidential_dictatorship;카라궤 군사평의회;;;;;;;;;;;;;x
KGW_proletarian_dictatorship;카라궤 인민공화국;;;;;;;;;;;;;x
KHA_bourgeois_dictatorship;하모니 자치부족연맹;;;;;;;;;;;;;x
KHA_fascist_dictatorship;하모니 민족통합국;;;;;;;;;;;;;x
KHA_presidential_dictatorship;하모니 전사평의회;;;;;;;;;;;;;x
KHA_proletarian_dictatorship;하모니 공동체연방;;;;;;;;;;;;;x
KHP_bourgeois_dictatorship;프로방스 상인협의국;;;;;;;;;;;;;x
KHP_fascist_dictatorship;프로방스 국민통합국;;;;;;;;;;;;;x
KHP_presidential_dictatorship;프로방스 군사정부;;;;;;;;;;;;;x
KHP_proletarian_dictatorship;프로방스 인민공화국;;;;;;;;;;;;;x
KLM_bourgeois_dictatorship;첸 항구도시연맹;;;;;;;;;;;;;x
KLM_fascist_dictatorship;첸 국민국가;;;;;;;;;;;;;x
KLM_presidential_dictatorship;첸 군사정부;;;;;;;;;;;;;x
KLM_proletarian_dictatorship;첸 인민공화국;;;;;;;;;;;;;x
KMK_bourgeois_dictatorship;캔디스 유목연맹;;;;;;;;;;;;;x
KMK_presidential_dictatorship;캔디스 군사평의회;;;;;;;;;;;;;x
KML_fascist_dictatorship;토모에 국민통합국;;;;;;;;;;;;;x
KML_presidential_dictatorship;토모에 군사평의회;;;;;;;;;;;;;x
KMT_bourgeois_dictatorship;치치 상회연합;;;;;;;;;;;;;x
KNG_bourgeois_dictatorship;콩 도시상인연맹;;;;;;;;;;;;;x
KNG_fascist_dictatorship;콩 국민통합국;;;;;;;;;;;;;x
KNG_presidential_dictatorship;콩 군사평의회;;;;;;;;;;;;;x
KNG_proletarian_dictatorship;콩 인민공화국;;;;;;;;;;;;;x
KNP_bourgeois_dictatorship;노엘 자유시;;;;;;;;;;;;;x
KNP_fascist_dictatorship;노엘 국민국가;;;;;;;;;;;;;x
KNP_presidential_dictatorship;노엘 군사집정부;;;;;;;;;;;;;x
KNP_proletarian_dictatorship;노엘 평의회 공화국;;;;;;;;;;;;;x
KNY_bourgeois_dictatorship;케냐 도시자치연맹;;;;;;;;;;;;;x
KNY_fascist_dictatorship;케냐 국민통합국;;;;;;;;;;;;;x
KNY_presidential_dictatorship;케냐 군사평의회;;;;;;;;;;;;;x
KNY_proletarian_dictatorship;케냐 인민공화국;;;;;;;;;;;;;x
KOH_bourgeois_dictatorship;비즈왁스 부족협의국;;;;;;;;;;;;;x
KOH_fascist_dictatorship;비즈왁스 국민통합국;;;;;;;;;;;;;x
KOH_presidential_dictatorship;비즈왁스 군사평의회;;;;;;;;;;;;;x
KOH_proletarian_dictatorship;비즈왁스 인민공화국;;;;;;;;;;;;;x
KON_bourgeois_dictatorship;음반자콩고 도시자치연맹;;;;;;;;;;;;;x
KON_fascist_dictatorship;음반자콩고 국민통합국;;;;;;;;;;;;;x
KON_presidential_dictatorship;음반자콩고 군사평의회;;;;;;;;;;;;;x
KON_proletarian_dictatorship;음반자콩고 인민공화국;;;;;;;;;;;;;x
KOR_bourgeois_dictatorship;수학술사 학당이사회;;;;;;;;;;;;;x
KOR_fascist_dictatorship;수학술사 국가교도원;;;;;;;;;;;;;x
KOR_presidential_dictatorship;수학술사 학술수호 집정청;;;;;;;;;;;;;x
KRA_bourgeois_dictatorship;즈이카쿠 귀족공화국;;;;;;;;;;;;;x
KRA_fascist_dictatorship;즈이카쿠 국민연합국;;;;;;;;;;;;;x
KRA_presidential_dictatorship;즈이카쿠 군사집정부;;;;;;;;;;;;;x
KRA_proletarian_dictatorship;즈이카쿠 인민공화국;;;;;;;;;;;;;x
KRL_bourgeois_dictatorship;지마 도시자치연맹;;;;;;;;;;;;;x
KRL_fascist_dictatorship;지마 국민국가;;;;;;;;;;;;;x
KRL_presidential_dictatorship;지마 국가평의회;;;;;;;;;;;;;x
KRL_proletarian_dictatorship;지마 사회주의 공화국;;;;;;;;;;;;;x
KRN_presidential_dictatorship;멜란사 군사정부;;;;;;;;;;;;;x
KRO_presidential_dictatorship;롱아일랜드 군사집정부;;;;;;;;;;;;;x
KTH_bourgeois_dictatorship;무스 상인협의국;;;;;;;;;;;;;x
KTH_fascist_dictatorship;무스 국민통합국;;;;;;;;;;;;;x
KTH_presidential_dictatorship;무스 군사평의회;;;;;;;;;;;;;x
KTH_proletarian_dictatorship;무스 사회주의 공화국;;;;;;;;;;;;;x
KTI_bourgeois_dictatorship;시 항구도시연맹;;;;;;;;;;;;;x
KTI_fascist_dictatorship;시 국민국가;;;;;;;;;;;;;x
KTI_presidential_dictatorship;시 군사정부;;;;;;;;;;;;;x
KTI_proletarian_dictatorship;시 인민공화국;;;;;;;;;;;;;x
KUB_bourgeois_dictatorship;쿠바 도시자치연맹;;;;;;;;;;;;;x
KUB_fascist_dictatorship;쿠바 국민통합국;;;;;;;;;;;;;x
KUB_presidential_dictatorship;쿠바 군사평의회;;;;;;;;;;;;;x
KUB_proletarian_dictatorship;쿠바 인민공화국;;;;;;;;;;;;;x
KUN_bourgeois_dictatorship;엔텔레키아 부족협의국;;;;;;;;;;;;;x
KUN_fascist_dictatorship;엔텔레키아 국민통합국;;;;;;;;;;;;;x
KUN_presidential_dictatorship;엔텔레키아 군사평의회;;;;;;;;;;;;;x
KUN_proletarian_dictatorship;엔텔레키아 인민공화국;;;;;;;;;;;;;x
KUT_bourgeois_dictatorship;실론 상인협의국;;;;;;;;;;;;;x
KUT_fascist_dictatorship;실론 국민통합국;;;;;;;;;;;;;x
KUT_presidential_dictatorship;실론 군사정부;;;;;;;;;;;;;x
KUT_proletarian_dictatorship;실론 인민공화국;;;;;;;;;;;;;x
KWT_bourgeois_dictatorship;시데로카 상인협의국;;;;;;;;;;;;;x
KWT_fascist_dictatorship;시데로카 국민통합국;;;;;;;;;;;;;x
KWT_presidential_dictatorship;시데로카 군사평의회;;;;;;;;;;;;;x
KWT_proletarian_dictatorship;시데로카 사회주의 공화국;;;;;;;;;;;;;x
KYR_bourgeois_dictatorship;페페 도시상인연맹;;;;;;;;;;;;;x
KYR_fascist_dictatorship;페페 국민통합국;;;;;;;;;;;;;x
KYR_presidential_dictatorship;페페 군사평의회;;;;;;;;;;;;;x
KYR_proletarian_dictatorship;페페 인민공화국;;;;;;;;;;;;;x
KZB_bourgeois_dictatorship;카젬베 도시자치연맹;;;;;;;;;;;;;x
KZB_fascist_dictatorship;카젬베 국민통합국;;;;;;;;;;;;;x
KZB_presidential_dictatorship;카젬베 군사평의회;;;;;;;;;;;;;x
KZB_proletarian_dictatorship;카젬베 인민공화국;;;;;;;;;;;;;x
LAD_bourgeois_dictatorship;파이어워치 지방자치연맹;;;;;;;;;;;;;x
LAD_fascist_dictatorship;파이어워치 국민통합국;;;;;;;;;;;;;x
LAD_presidential_dictatorship;파이어워치 군사평의회;;;;;;;;;;;;;x
LAD_proletarian_dictatorship;파이어워치 인민공화국;;;;;;;;;;;;;x
LAN_bourgeois_dictatorship;니엔 상회연합;;;;;;;;;;;;;x
LAN_fascist_dictatorship;니엔 국민정부;;;;;;;;;;;;;x
LAN_presidential_dictatorship;니엔 군정부;;;;;;;;;;;;;x
LAN_proletarian_dictatorship;니엔 인민공화국;;;;;;;;;;;;;x
LAS_bourgeois_dictatorship;쉐라 부족협의국;;;;;;;;;;;;;x
LAS_fascist_dictatorship;쉐라 국민통합국;;;;;;;;;;;;;x
LAS_presidential_dictatorship;쉐라 군사평의회;;;;;;;;;;;;;x
LAS_proletarian_dictatorship;쉐라 인민공화국;;;;;;;;;;;;;x
LAT_bourgeois_dictatorship;볼티모어 도시자치연맹;;;;;;;;;;;;;x
LAT_fascist_dictatorship;볼티모어 국민국가;;;;;;;;;;;;;x
LAT_presidential_dictatorship;볼티모어 군사섭정정부;;;;;;;;;;;;;x
LAT_proletarian_dictatorship;볼티모어 인민공화국;;;;;;;;;;;;;x
LAU_bourgeois_dictatorship;설탕 자유시;;;;;;;;;;;;;x
LAU_presidential_dictatorship;설탕 군사집정부;;;;;;;;;;;;;x
LBA_bourgeois_dictatorship;루바 도시자치연맹;;;;;;;;;;;;;x
LBA_fascist_dictatorship;루바 국민통합국;;;;;;;;;;;;;x
LBA_presidential_dictatorship;루바 군사평의회;;;;;;;;;;;;;x
LBA_proletarian_dictatorship;루바 인민공화국;;;;;;;;;;;;;x
LBG_bourgeois_dictatorship;피슬 자유시;;;;;;;;;;;;;x
LBG_presidential_dictatorship;피슬 군사집정부;;;;;;;;;;;;;x
LBN_bourgeois_dictatorship;팽 상인협의국;;;;;;;;;;;;;x
LBN_fascist_dictatorship;팽 국민통합국;;;;;;;;;;;;;x
LBN_presidential_dictatorship;팽 군사평의회;;;;;;;;;;;;;x
LBN_proletarian_dictatorship;팽 사회주의 공화국;;;;;;;;;;;;;x
LBY_bourgeois_dictatorship;아야네 상인협의국;;;;;;;;;;;;;x
LBY_fascist_dictatorship;아야네 국민통합국;;;;;;;;;;;;;x
LBY_presidential_dictatorship;아야네 군사평의회;;;;;;;;;;;;;x
LBY_proletarian_dictatorship;아야네 사회주의 공화국;;;;;;;;;;;;;x
LEG_bourgeois_dictatorship;페이몬 상인연방;;;;;;;;;;;;;x
LEG_fascist_dictatorship;페이몬 국민연합국;;;;;;;;;;;;;x
LEG_proletarian_dictatorship;페이몬 노동자공화국;;;;;;;;;;;;;x
LHJ_bourgeois_dictatorship;파죰카 상인협의국;;;;;;;;;;;;;x
LHJ_fascist_dictatorship;파죰카 국민통합국;;;;;;;;;;;;;x
LHJ_presidential_dictatorship;파죰카 군사평의회;;;;;;;;;;;;;x
LHJ_proletarian_dictatorship;파죰카 사회주의 공화국;;;;;;;;;;;;;x
LIB_bourgeois_dictatorship;라이베리아 주권주연합;;;;;;;;;;;;;x
LIB_fascist_dictatorship;라이베리아 국민통합국;;;;;;;;;;;;;x
LIB_presidential_dictatorship;라이베리아 군사평의회;;;;;;;;;;;;;x
LIB_proletarian_dictatorship;라이베리아 사회주의 공화국;;;;;;;;;;;;;x
LIE_bourgeois_dictatorship;로자리아 자유시;;;;;;;;;;;;;x
LIE_presidential_dictatorship;로자리아 군사집정부;;;;;;;;;;;;;x
LIP_bourgeois_dictatorship;리사 자유시;;;;;;;;;;;;;x
LIP_presidential_dictatorship;리사 군사집정부;;;;;;;;;;;;;x
LIT_bourgeois_dictatorship;라우마 도시연맹;;;;;;;;;;;;;x
LIT_fascist_dictatorship;라우마 국민통합국;;;;;;;;;;;;;x
LIT_presidential_dictatorship;라우마 군사집정부;;;;;;;;;;;;;x
LIT_proletarian_dictatorship;라우마 인민공화국;;;;;;;;;;;;;x
LIV_bourgeois_dictatorship;헬레나 자유시;;;;;;;;;;;;;x
LIV_fascist_dictatorship;헬레나 국민국가;;;;;;;;;;;;;x
LIV_presidential_dictatorship;헬레나 군사집정부;;;;;;;;;;;;;x
LIV_proletarian_dictatorship;헬레나 평의회 공화국;;;;;;;;;;;;;x
LOA_bourgeois_dictatorship;로앙고 도시자치연맹;;;;;;;;;;;;;x
LOA_fascist_dictatorship;로앙고 국민통합국;;;;;;;;;;;;;x
LOA_presidential_dictatorship;로앙고 군사평의회;;;;;;;;;;;;;x
LOA_proletarian_dictatorship;로앙고 인민공화국;;;;;;;;;;;;;x
LOM_bourgeois_dictatorship;리코 도시공화국;;;;;;;;;;;;;x
LOM_fascist_dictatorship;리코 국민통합국;;;;;;;;;;;;;x
LOM_proletarian_dictatorship;리코 사회주의 공화국;;;;;;;;;;;;;x
LOR_bourgeois_dictatorship;푸리나 총재정부;;;;;;;;;;;;;x
LOR_presidential_dictatorship;푸리나 집정정부;;;;;;;;;;;;;x
LOR_proletarian_dictatorship;푸리나 코뮌;;;;;;;;;;;;;x
LOS_bourgeois_dictatorship;에다 주권주연합;;;;;;;;;;;;;x
LOS_fascist_dictatorship;에다 국민통합국;;;;;;;;;;;;;x
LOS_presidential_dictatorship;에다 군사평의회;;;;;;;;;;;;;x
LOS_proletarian_dictatorship;에다 사회주의 공화국;;;;;;;;;;;;;x
LPL_bourgeois_dictatorship;갈기늑대 주권주연합;;;;;;;;;;;;;x
LPL_fascist_dictatorship;갈기늑대 국민통합국;;;;;;;;;;;;;x
LPL_presidential_dictatorship;갈기늑대 군사평의회;;;;;;;;;;;;;x
LPL_proletarian_dictatorship;갈기늑대 사회주의 공화국;;;;;;;;;;;;;x
LSK_bourgeois_dictatorship;카린 상인연방;;;;;;;;;;;;;x
LSK_fascist_dictatorship;카린 국민연합국;;;;;;;;;;;;;x
LSK_presidential_dictatorship;카린 호국경령;;;;;;;;;;;;;x
LSK_proletarian_dictatorship;카린 노동자공화국;;;;;;;;;;;;;x
LUA_bourgeois_dictatorship;케오베 상인연합;;;;;;;;;;;;;x
LUA_fascist_dictatorship;케오베 국민국가;;;;;;;;;;;;;x
LUA_presidential_dictatorship;케오베 군사평의회;;;;;;;;;;;;;x
LUA_proletarian_dictatorship;케오베 인민공화국;;;;;;;;;;;;;x
LUB_bourgeois_dictatorship;비비아나 자유시;;;;;;;;;;;;;x
LUB_presidential_dictatorship;비비아나 군사집정부;;;;;;;;;;;;;x
LUC_bourgeois_dictatorship;엑시아 도시공화국;;;;;;;;;;;;;x
LUC_fascist_dictatorship;엑시아 국민통합국;;;;;;;;;;;;;x
LUC_presidential_dictatorship;엑시아 집정정부;;;;;;;;;;;;;x
LUC_proletarian_dictatorship;엑시아 사회주의 공화국;;;;;;;;;;;;;x
LUN_bourgeois_dictatorship;룬다 도시자치연맹;;;;;;;;;;;;;x
LUN_fascist_dictatorship;룬다 국민통합국;;;;;;;;;;;;;x
LUN_presidential_dictatorship;룬다 군사평의회;;;;;;;;;;;;;x
LUN_proletarian_dictatorship;룬다 인민공화국;;;;;;;;;;;;;x
LUW_bourgeois_dictatorship;블루포이즌 항구도시연맹;;;;;;;;;;;;;x
LUW_fascist_dictatorship;블루포이즌 국민국가;;;;;;;;;;;;;x
LUW_presidential_dictatorship;블루포이즌 군사정부;;;;;;;;;;;;;x
LUW_proletarian_dictatorship;블루포이즌 인민공화국;;;;;;;;;;;;;x
LUX_bourgeois_dictatorship;바바라 자유시;;;;;;;;;;;;;x
LUX_presidential_dictatorship;바바라 군사집정부;;;;;;;;;;;;;x
LUZ_bourgeois_dictatorship;Z23 귀족공화국;;;;;;;;;;;;;x
LUZ_fascist_dictatorship;Z23 국민연합국;;;;;;;;;;;;;x
LUZ_presidential_dictatorship;Z23 군사집정부;;;;;;;;;;;;;x
LUZ_proletarian_dictatorship;Z23 인민공화국;;;;;;;;;;;;;x
LVN_bourgeois_dictatorship;레뮤안 도시공화국;;;;;;;;;;;;;x
LVN_fascist_dictatorship;레뮤안 국민통합국;;;;;;;;;;;;;x
LVN_presidential_dictatorship;레뮤안 집정정부;;;;;;;;;;;;;x
LVN_proletarian_dictatorship;레뮤안 사회주의 공화국;;;;;;;;;;;;;x
LXA_bourgeois_dictatorship;머드락 상인연합;;;;;;;;;;;;;x
LXA_fascist_dictatorship;머드락 국민국가;;;;;;;;;;;;;x
LXA_presidential_dictatorship;머드락 군사평의회;;;;;;;;;;;;;x
MAD_bourgeois_dictatorship;마다가스카르 도시자치연맹;;;;;;;;;;;;;x
MAD_fascist_dictatorship;마다가스카르 국민통합국;;;;;;;;;;;;;x
MAD_presidential_dictatorship;마다가스카르 군사평의회;;;;;;;;;;;;;x
MAD_proletarian_dictatorship;마다가스카르 인민공화국;;;;;;;;;;;;;x
MAF_bourgeois_dictatorship;미텔아프리카 자유시;;;;;;;;;;;;;x
MAF_fascist_dictatorship;미텔아프리카 국민국가;;;;;;;;;;;;;x
MAF_presidential_dictatorship;미텔아프리카 군사집정부;;;;;;;;;;;;;x
MAF_proletarian_dictatorship;미텔아프리카 평의회 공화국;;;;;;;;;;;;;x
MAH_bourgeois_dictatorship;로베르타 상인자치연맹;;;;;;;;;;;;;x
MAH_fascist_dictatorship;로베르타 국민연합국;;;;;;;;;;;;;x
MAH_presidential_dictatorship;로베르타 군사정부;;;;;;;;;;;;;x
MAH_proletarian_dictatorship;로베르타 인민공화국;;;;;;;;;;;;;x
MAJ_bourgeois_dictatorship;마제르틴 항구도시연맹;;;;;;;;;;;;;x
MAJ_fascist_dictatorship;마제르틴 국민국가;;;;;;;;;;;;;x
MAJ_presidential_dictatorship;마제르틴 군사평의회;;;;;;;;;;;;;x
MAJ_proletarian_dictatorship;마제르틴 인민공화국;;;;;;;;;;;;;x
MAK_bourgeois_dictatorship;인디고 부족협의국;;;;;;;;;;;;;x
MAK_fascist_dictatorship;인디고 국민통합국;;;;;;;;;;;;;x
MAK_presidential_dictatorship;인디고 군사평의회;;;;;;;;;;;;;x
MAK_proletarian_dictatorship;인디고 인민공화국;;;;;;;;;;;;;x
MAL_bourgeois_dictatorship;링 항구도시연맹;;;;;;;;;;;;;x
MAL_fascist_dictatorship;링 국민국가;;;;;;;;;;;;;x
MAL_presidential_dictatorship;링 군사정부;;;;;;;;;;;;;x
MAL_proletarian_dictatorship;링 인민공화국;;;;;;;;;;;;;x
MAR_bourgeois_dictatorship;아츠코 잭슨 주권주연합;;;;;;;;;;;;;x
MAR_fascist_dictatorship;아츠코 잭슨 국민통합국;;;;;;;;;;;;;x
MAR_presidential_dictatorship;아츠코 잭슨 군사정부;;;;;;;;;;;;;x
MAR_proletarian_dictatorship;아츠코 잭슨 사회주의 연방;;;;;;;;;;;;;x
MAS_bourgeois_dictatorship;마시나 도시상인연맹;;;;;;;;;;;;;x
MAS_fascist_dictatorship;마시나 국민통합국;;;;;;;;;;;;;x
MAS_presidential_dictatorship;마시나 군사평의회;;;;;;;;;;;;;x
MAS_proletarian_dictatorship;마시나 인민공화국;;;;;;;;;;;;;x
MAT_bourgeois_dictatorship;마타벨레 도시자치연맹;;;;;;;;;;;;;x
MAT_fascist_dictatorship;마타벨레 국민통합국;;;;;;;;;;;;;x
MAT_presidential_dictatorship;마타벨레 군사평의회;;;;;;;;;;;;;x
MAT_proletarian_dictatorship;마타벨레 인민공화국;;;;;;;;;;;;;x
MAU_bourgeois_dictatorship;모리셔스 주권주연합;;;;;;;;;;;;;x
MAU_fascist_dictatorship;모리셔스 국민통합국;;;;;;;;;;;;;x
MAU_presidential_dictatorship;모리셔스 군사평의회;;;;;;;;;;;;;x
MAU_proletarian_dictatorship;모리셔스 사회주의 공화국;;;;;;;;;;;;;x
MCD_bourgeois_dictatorship;카스토리스 도시공화국;;;;;;;;;;;;;x
MCD_fascist_dictatorship;카스토리스 국민국가;;;;;;;;;;;;;x
MCD_presidential_dictatorship;카스토리스 군사평의회;;;;;;;;;;;;;x
MCD_proletarian_dictatorship;카스토리스 인민공화국;;;;;;;;;;;;;x
MCK_bourgeois_dictatorship;응광 상회연합;;;;;;;;;;;;;x
MCK_proletarian_dictatorship;응광 인민공화국;;;;;;;;;;;;;x
MDV_bourgeois_dictatorship;무츠키 도시자치연맹;;;;;;;;;;;;;x
MDV_fascist_dictatorship;무츠키 국민국가;;;;;;;;;;;;;x
MDV_presidential_dictatorship;무츠키 군사섭정정부;;;;;;;;;;;;;x
MDV_proletarian_dictatorship;무츠키 인민공화국;;;;;;;;;;;;;x
MEC_bourgeois_dictatorship;론 자유시;;;;;;;;;;;;;x
MEC_presidential_dictatorship;론 군사집정부;;;;;;;;;;;;;x
MEI_bourgeois_dictatorship;에기르 자유시;;;;;;;;;;;;;x
MEI_presidential_dictatorship;에기르 군사집정부;;;;;;;;;;;;;x
MEW_bourgeois_dictatorship;로프 상인자치연맹;;;;;;;;;;;;;x
MEW_fascist_dictatorship;로프 국민연합국;;;;;;;;;;;;;x
MEW_presidential_dictatorship;로프 군사정부;;;;;;;;;;;;;x
MEW_proletarian_dictatorship;로프 인민공화국;;;;;;;;;;;;;x
MEX_bourgeois_dictatorship;테노치티틀란 상인도시연합;;;;;;;;;;;;;x
MEX_fascist_dictatorship;테노치티틀란 태양전사 통합국;;;;;;;;;;;;;x
MEX_proletarian_dictatorship;테노치티틀란 도시공동체 공화국;;;;;;;;;;;;;x
MGH_bourgeois_dictatorship;셰에라자드 상인협의국;;;;;;;;;;;;;x
MGH_fascist_dictatorship;셰에라자드 국민통합국;;;;;;;;;;;;;x
MGH_presidential_dictatorship;셰에라자드 군사평의회;;;;;;;;;;;;;x
MGH_proletarian_dictatorship;셰에라자드 사회주의 공화국;;;;;;;;;;;;;x
MGL_bourgeois_dictatorship;야란 유목연맹;;;;;;;;;;;;;x
MGL_fascist_dictatorship;야란 국민통합국;;;;;;;;;;;;;x
MGL_presidential_dictatorship;야란 군사평의회;;;;;;;;;;;;;x
MGS_bourgeois_dictatorship;하나 모레노스 주권주연합;;;;;;;;;;;;;x
MGS_fascist_dictatorship;하나 모레노스 국민통합국;;;;;;;;;;;;;x
MGS_presidential_dictatorship;하나 모레노스 군사정부;;;;;;;;;;;;;x
MGS_proletarian_dictatorship;하나 모레노스 사회주의 연방;;;;;;;;;;;;;x
MHR_bourgeois_dictatorship;허니베리 상인협의국;;;;;;;;;;;;;x
MHR_fascist_dictatorship;허니베리 국민통합국;;;;;;;;;;;;;x
MHR_presidential_dictatorship;허니베리 군사평의회;;;;;;;;;;;;;x
MHR_proletarian_dictatorship;허니베리 사회주의 공화국;;;;;;;;;;;;;x
MIG_bourgeois_dictatorship;콜롬비나 도시공화국;;;;;;;;;;;;;x
MIG_fascist_dictatorship;콜롬비나 국민국가;;;;;;;;;;;;;x
MIG_presidential_dictatorship;콜롬비나 군사평의회;;;;;;;;;;;;;x
MIG_proletarian_dictatorship;콜롬비나 인민공화국;;;;;;;;;;;;;x
MIZ_bourgeois_dictatorship;두린 자치부족연맹;;;;;;;;;;;;;x
MIZ_fascist_dictatorship;두린 민족통합국;;;;;;;;;;;;;x
MIZ_presidential_dictatorship;두린 전사평의회;;;;;;;;;;;;;x
MIZ_proletarian_dictatorship;두린 공동체연방;;;;;;;;;;;;;x
MKN_bourgeois_dictatorship;나이트메어 부족협의국;;;;;;;;;;;;;x
MKN_fascist_dictatorship;나이트메어 국민통합국;;;;;;;;;;;;;x
MKN_presidential_dictatorship;나이트메어 군사평의회;;;;;;;;;;;;;x
MKN_proletarian_dictatorship;나이트메어 인민공화국;;;;;;;;;;;;;x
MLD_bourgeois_dictatorship;클릭 상인협의국;;;;;;;;;;;;;x
MLD_fascist_dictatorship;클릭 국민통합국;;;;;;;;;;;;;x
MLD_presidential_dictatorship;클릭 군사정부;;;;;;;;;;;;;x
MLD_proletarian_dictatorship;클릭 인민공화국;;;;;;;;;;;;;x
MLI_bourgeois_dictatorship;말리 도시상인연맹;;;;;;;;;;;;;x
MLI_fascist_dictatorship;말리 국민통합국;;;;;;;;;;;;;x
MLI_presidential_dictatorship;말리 군사평의회;;;;;;;;;;;;;x
MLT_bourgeois_dictatorship;피아메타 도시공화국;;;;;;;;;;;;;x
MLT_fascist_dictatorship;피아메타 국민통합국;;;;;;;;;;;;;x
MLT_presidential_dictatorship;피아메타 집정정부;;;;;;;;;;;;;x
MLT_proletarian_dictatorship;피아메타 사회주의 공화국;;;;;;;;;;;;;x
MLW_bourgeois_dictatorship;말라위 도시자치연맹;;;;;;;;;;;;;x
MLW_fascist_dictatorship;말라위 국민통합국;;;;;;;;;;;;;x
MLW_presidential_dictatorship;말라위 군사평의회;;;;;;;;;;;;;x
MLW_proletarian_dictatorship;말라위 인민공화국;;;;;;;;;;;;;x
MLY_bourgeois_dictatorship;스와이어 항구도시연맹;;;;;;;;;;;;;x
MLY_fascist_dictatorship;스와이어 국민국가;;;;;;;;;;;;;x
MLY_presidential_dictatorship;스와이어 군사정부;;;;;;;;;;;;;x
MLY_proletarian_dictatorship;스와이어 인민공화국;;;;;;;;;;;;;x
MNC_bourgeois_dictatorship;클로린드 총재정부;;;;;;;;;;;;;x
MNC_fascist_dictatorship;클로린드 국민국가;;;;;;;;;;;;;x
MNC_presidential_dictatorship;클로린드 집정정부;;;;;;;;;;;;;x
MNC_proletarian_dictatorship;클로린드 코뮌;;;;;;;;;;;;;x
MNG_bourgeois_dictatorship;몽고 도시자치연맹;;;;;;;;;;;;;x
MNG_fascist_dictatorship;몽고 국민통합국;;;;;;;;;;;;;x
MNG_presidential_dictatorship;몽고 군사평의회;;;;;;;;;;;;;x
MNG_proletarian_dictatorship;몽고 인민공화국;;;;;;;;;;;;;x
MNP_bourgeois_dictatorship;커터 상인자치연맹;;;;;;;;;;;;;x
MNP_fascist_dictatorship;커터 국민연합국;;;;;;;;;;;;;x
MNP_presidential_dictatorship;커터 군사정부;;;;;;;;;;;;;x
MNP_proletarian_dictatorship;커터 인민공화국;;;;;;;;;;;;;x
MOD_bourgeois_dictatorship;아르케토 도시공화국;;;;;;;;;;;;;x
MOD_fascist_dictatorship;아르케토 국민통합국;;;;;;;;;;;;;x
MOD_presidential_dictatorship;아르케토 집정정부;;;;;;;;;;;;;x
MOD_proletarian_dictatorship;아르케토 사회주의 공화국;;;;;;;;;;;;;x
MOL_bourgeois_dictatorship;세인트루이스 도시자치연맹;;;;;;;;;;;;;x
MOL_fascist_dictatorship;세인트루이스 국민국가;;;;;;;;;;;;;x
MOL_presidential_dictatorship;세인트루이스 군사섭정정부;;;;;;;;;;;;;x
MOL_proletarian_dictatorship;세인트루이스 인민공화국;;;;;;;;;;;;;x
MON_bourgeois_dictatorship;W 도시자치연맹;;;;;;;;;;;;;x
MON_fascist_dictatorship;W 국민국가;;;;;;;;;;;;;x
MON_presidential_dictatorship;W 군사섭정정부;;;;;;;;;;;;;x
MON_proletarian_dictatorship;W 인민공화국;;;;;;;;;;;;;x
MOR_bourgeois_dictatorship;노노미 상인협의국;;;;;;;;;;;;;x
MOR_fascist_dictatorship;노노미 국민통합국;;;;;;;;;;;;;x
MOR_presidential_dictatorship;노노미 군사평의회;;;;;;;;;;;;;x
MOR_proletarian_dictatorship;노노미 사회주의 공화국;;;;;;;;;;;;;x
MOZ_bourgeois_dictatorship;모잠비크 도시자치연맹;;;;;;;;;;;;;x
MOZ_fascist_dictatorship;모잠비크 국민통합국;;;;;;;;;;;;;x
MOZ_presidential_dictatorship;모잠비크 군사평의회;;;;;;;;;;;;;x
MOZ_proletarian_dictatorship;모잠비크 인민공화국;;;;;;;;;;;;;x
MRN_bourgeois_dictatorship;진 자유시;;;;;;;;;;;;;x
MRN_fascist_dictatorship;진 국민국가;;;;;;;;;;;;;x
MRN_presidential_dictatorship;진 군사집정부;;;;;;;;;;;;;x
MRT_bourgeois_dictatorship;오키드 상인자치연맹;;;;;;;;;;;;;x
MRT_fascist_dictatorship;오키드 국민연합국;;;;;;;;;;;;;x
MRT_presidential_dictatorship;오키드 군사정부;;;;;;;;;;;;;x
MRU_bourgeois_dictatorship;아카네 상인연방;;;;;;;;;;;;;x
MRU_fascist_dictatorship;아카네 국민연합국;;;;;;;;;;;;;x
MRU_presidential_dictatorship;아카네 호국경령;;;;;;;;;;;;;x
MRU_proletarian_dictatorship;아카네 노동자공화국;;;;;;;;;;;;;x
MSC_bourgeois_dictatorship;코타마 자치부족연맹;;;;;;;;;;;;;x
MSC_fascist_dictatorship;코타마 민족통합국;;;;;;;;;;;;;x
MSC_proletarian_dictatorship;코타마 공동체연방;;;;;;;;;;;;;x
MSK_bourgeois_dictatorship;시틀랄리 자치부족연맹;;;;;;;;;;;;;x
MSK_fascist_dictatorship;시틀랄리 민족통합국;;;;;;;;;;;;;x
MSK_presidential_dictatorship;시틀랄리 전사평의회;;;;;;;;;;;;;x
MSK_proletarian_dictatorship;시틀랄리 공동체연방;;;;;;;;;;;;;x
MST_bourgeois_dictatorship;비스마르크 자유시;;;;;;;;;;;;;x
MST_presidential_dictatorship;비스마르크 군사집정부;;;;;;;;;;;;;x
MTC_bourgeois_dictatorship;미유 상인연방;;;;;;;;;;;;;x
MTC_fascist_dictatorship;미유 국민연합국;;;;;;;;;;;;;x
MTC_presidential_dictatorship;미유 호국경령;;;;;;;;;;;;;x
MTC_proletarian_dictatorship;미유 노동자공화국;;;;;;;;;;;;;x
MTG_bourgeois_dictatorship;왕아르마딜로 주권주연합;;;;;;;;;;;;;x
MTG_fascist_dictatorship;왕아르마딜로 국민통합국;;;;;;;;;;;;;x
MTG_presidential_dictatorship;왕아르마딜로 군사정부;;;;;;;;;;;;;x
MTG_proletarian_dictatorship;왕아르마딜로 사회주의 연방;;;;;;;;;;;;;x
MTQ_bourgeois_dictatorship;콜로라도 주권주연합;;;;;;;;;;;;;x
MTQ_fascist_dictatorship;콜로라도 국민통합국;;;;;;;;;;;;;x
MTQ_presidential_dictatorship;콜로라도 군사평의회;;;;;;;;;;;;;x
MTQ_proletarian_dictatorship;콜로라도 사회주의 공화국;;;;;;;;;;;;;x
MUD_bourgeois_dictatorship;비글 상인자치연맹;;;;;;;;;;;;;x
MUD_fascist_dictatorship;비글 국민연합국;;;;;;;;;;;;;x
MUD_presidential_dictatorship;비글 군사정부;;;;;;;;;;;;;x
MUD_proletarian_dictatorship;비글 인민공화국;;;;;;;;;;;;;x
MUG_bourgeois_dictatorship;쿠오라 상인협의국;;;;;;;;;;;;;x
MUG_presidential_dictatorship;쿠오라 군사정부;;;;;;;;;;;;;x
MYA_bourgeois_dictatorship;미야코 자치부족연맹;;;;;;;;;;;;;x
MYA_fascist_dictatorship;미야코 민족통합국;;;;;;;;;;;;;x
MYA_presidential_dictatorship;미야코 전사평의회;;;;;;;;;;;;;x
MYA_proletarian_dictatorship;미야코 공동체연방;;;;;;;;;;;;;x
MYN_bourgeois_dictatorship;폴리닉 도시상인연맹;;;;;;;;;;;;;x
MYN_fascist_dictatorship;폴리닉 국민통합국;;;;;;;;;;;;;x
MYN_presidential_dictatorship;폴리닉 군사평의회;;;;;;;;;;;;;x
MYN_proletarian_dictatorship;폴리닉 인민공화국;;;;;;;;;;;;;x
MYS_bourgeois_dictatorship;애스베스토스 상인자치연맹;;;;;;;;;;;;;x
MYS_fascist_dictatorship;애스베스토스 국민연합국;;;;;;;;;;;;;x
MYS_presidential_dictatorship;애스베스토스 군사정부;;;;;;;;;;;;;x
MYS_proletarian_dictatorship;애스베스토스 인민공화국;;;;;;;;;;;;;x
NAG_bourgeois_dictatorship;애쉬락 상인자치연맹;;;;;;;;;;;;;x
NAG_fascist_dictatorship;애쉬락 국민연합국;;;;;;;;;;;;;x
NAG_presidential_dictatorship;애쉬락 군사정부;;;;;;;;;;;;;x
NAG_proletarian_dictatorship;애쉬락 인민공화국;;;;;;;;;;;;;x
NAL_bourgeois_dictatorship;나탈리아 시민공화국;;;;;;;;;;;;;x
NAL_fascist_dictatorship;나탈리아 국민국가;;;;;;;;;;;;;x
NAL_presidential_dictatorship;나탈리아 총사령관령;;;;;;;;;;;;;x
NAL_proletarian_dictatorship;나탈리아 노동자공화국;;;;;;;;;;;;;x
NAN_bourgeois_dictatorship;레노 상인공화국;;;;;;;;;;;;;x
NAN_fascist_dictatorship;레노 국민국가;;;;;;;;;;;;;x
NAN_presidential_dictatorship;레노 집정관령;;;;;;;;;;;;;x
NAN_proletarian_dictatorship;레노 노동자공화국;;;;;;;;;;;;;x
NAS_bourgeois_dictatorship;티르피츠 자유시;;;;;;;;;;;;;x
NAS_presidential_dictatorship;티르피츠 군사집정부;;;;;;;;;;;;;x
NBR_bourgeois_dictatorship;반디 상인연방;;;;;;;;;;;;;x
NBR_fascist_dictatorship;반디 국민연합국;;;;;;;;;;;;;x
NBR_presidential_dictatorship;반디 호국경령;;;;;;;;;;;;;x
NBR_proletarian_dictatorship;반디 노동자공화국;;;;;;;;;;;;;x
NCT_bourgeois_dictatorship;울리히 폰 후텐 자유시;;;;;;;;;;;;;x
NCT_fascist_dictatorship;울리히 폰 후텐 국민국가;;;;;;;;;;;;;x
NCT_presidential_dictatorship;울리히 폰 후텐 군사집정부;;;;;;;;;;;;;x
NCT_proletarian_dictatorship;울리히 폰 후텐 평의회 공화국;;;;;;;;;;;;;x
NEJ_bourgeois_dictatorship;벌컨 상인협의국;;;;;;;;;;;;;x
NEJ_fascist_dictatorship;벌컨 국민통합국;;;;;;;;;;;;;x
NEJ_presidential_dictatorship;벌컨 군사평의회;;;;;;;;;;;;;x
NEJ_proletarian_dictatorship;벌컨 사회주의 공화국;;;;;;;;;;;;;x
NEN_bourgeois_dictatorship;스파클 주권주연합;;;;;;;;;;;;;x
NEN_fascist_dictatorship;스파클 국민연합국;;;;;;;;;;;;;x
NEN_presidential_dictatorship;스파클 군사정부;;;;;;;;;;;;;x
NEN_proletarian_dictatorship;스파클 사회주의 연방;;;;;;;;;;;;;x
NEP_bourgeois_dictatorship;아스칼론 상인자치연맹;;;;;;;;;;;;;x
NEP_fascist_dictatorship;아스칼론 국민연합국;;;;;;;;;;;;;x
NEP_presidential_dictatorship;아스칼론 군사정부;;;;;;;;;;;;;x
NEP_proletarian_dictatorship;아스칼론 인민공화국;;;;;;;;;;;;;x
NET_bourgeois_dictatorship;반 고흐 상인공화국;;;;;;;;;;;;;x
NET_fascist_dictatorship;반 고흐 국민국가;;;;;;;;;;;;;x
NET_presidential_dictatorship;반 고흐 집정관령;;;;;;;;;;;;;x
NET_proletarian_dictatorship;반 고흐 노동자공화국;;;;;;;;;;;;;x
NEW_bourgeois_dictatorship;로빈 상인연방;;;;;;;;;;;;;x
NEW_fascist_dictatorship;로빈 국민연합국;;;;;;;;;;;;;x
NEW_presidential_dictatorship;로빈 호국경령;;;;;;;;;;;;;x
NEW_proletarian_dictatorship;로빈 노동자공화국;;;;;;;;;;;;;x
NGA_bourgeois_dictatorship;카프카 자치부족연맹;;;;;;;;;;;;;x
NGA_fascist_dictatorship;카프카 민족통합국;;;;;;;;;;;;;x
NGA_presidential_dictatorship;카프카 전사평의회;;;;;;;;;;;;;x
NGA_proletarian_dictatorship;카프카 공동체연방;;;;;;;;;;;;;x
NGR_bourgeois_dictatorship;플린트 도시자치연맹;;;;;;;;;;;;;x
NGR_fascist_dictatorship;플린트 국민통합국;;;;;;;;;;;;;x
NGR_presidential_dictatorship;플린트 군사평의회;;;;;;;;;;;;;x
NGR_proletarian_dictatorship;플린트 인민공화국;;;;;;;;;;;;;x
NIA_bourgeois_dictatorship;쿤 마스체니 자하드 상회연합;;;;;;;;;;;;;x
NIA_fascist_dictatorship;쿤 마스체니 자하드 국민정부;;;;;;;;;;;;;x
NIA_presidential_dictatorship;쿤 마스체니 자하드 군정부;;;;;;;;;;;;;x
NIA_proletarian_dictatorship;쿤 마스체니 자하드 인민공화국;;;;;;;;;;;;;x
NIC_bourgeois_dictatorship;마부이카 주권주연합;;;;;;;;;;;;;x
NIC_fascist_dictatorship;마부이카 국민통합국;;;;;;;;;;;;;x
NIC_presidential_dictatorship;마부이카 군사평의회;;;;;;;;;;;;;x
NIC_proletarian_dictatorship;마부이카 사회주의 공화국;;;;;;;;;;;;;x
NIG_bourgeois_dictatorship;니제르 도시상인연맹;;;;;;;;;;;;;x
NIG_fascist_dictatorship;니제르 국민통합국;;;;;;;;;;;;;x
NIG_presidential_dictatorship;니제르 군사평의회;;;;;;;;;;;;;x
NIG_proletarian_dictatorship;니제르 인민공화국;;;;;;;;;;;;;x
NKO_bourgeois_dictatorship;은코레 도시자치연맹;;;;;;;;;;;;;x
NKO_fascist_dictatorship;은코레 국민통합국;;;;;;;;;;;;;x
NKO_presidential_dictatorship;은코레 군사평의회;;;;;;;;;;;;;x
NKO_proletarian_dictatorship;은코레 인민공화국;;;;;;;;;;;;;x
NMB_bourgeois_dictatorship;나미비아 자치부족연맹;;;;;;;;;;;;;x
NMB_fascist_dictatorship;나미비아 민족통합국;;;;;;;;;;;;;x
NMB_presidential_dictatorship;나미비아 전사평의회;;;;;;;;;;;;;x
NMB_proletarian_dictatorship;나미비아 공동체연방;;;;;;;;;;;;;x
NOR_bourgeois_dictatorship;카란무역 도시자치연맹;;;;;;;;;;;;;x
NOR_fascist_dictatorship;카란무역 국민국가;;;;;;;;;;;;;x
NOR_presidential_dictatorship;카란무역 국가평의회;;;;;;;;;;;;;x
NOR_proletarian_dictatorship;카란무역 사회주의 공화국;;;;;;;;;;;;;x
NRM_bourgeois_dictatorship;나비아 총재정부;;;;;;;;;;;;;x
NRM_fascist_dictatorship;나비아 국민국가;;;;;;;;;;;;;x
NRM_presidential_dictatorship;나비아 집정정부;;;;;;;;;;;;;x
NRM_proletarian_dictatorship;나비아 코뮌;;;;;;;;;;;;;x
NSC_bourgeois_dictatorship;멜뤼진 상인연방;;;;;;;;;;;;;x
NSC_fascist_dictatorship;멜뤼진 국민연합국;;;;;;;;;;;;;x
NSC_presidential_dictatorship;멜뤼진 호국경령;;;;;;;;;;;;;x
NSC_proletarian_dictatorship;멜뤼진 노동자공화국;;;;;;;;;;;;;x
NYE_bourgeois_dictatorship;플루오라이트 상인협의국;;;;;;;;;;;;;x
NYE_fascist_dictatorship;플루오라이트 국민통합국;;;;;;;;;;;;;x
NYE_presidential_dictatorship;플루오라이트 군사평의회;;;;;;;;;;;;;x
NYE_proletarian_dictatorship;플루오라이트 사회주의 공화국;;;;;;;;;;;;;x
NZF_bourgeois_dictatorship;하스미 총재정부;;;;;;;;;;;;;x
NZF_fascist_dictatorship;하스미 국민국가;;;;;;;;;;;;;x
NZF_presidential_dictatorship;하스미 집정정부;;;;;;;;;;;;;x
NZF_proletarian_dictatorship;하스미 코뮌;;;;;;;;;;;;;x
NZL_bourgeois_dictatorship;히후미 상인연방;;;;;;;;;;;;;x
NZL_fascist_dictatorship;히후미 국민연합국;;;;;;;;;;;;;x
NZL_presidential_dictatorship;히후미 호국경령;;;;;;;;;;;;;x
NZL_proletarian_dictatorship;히후미 노동자공화국;;;;;;;;;;;;;x
OAX_bourgeois_dictatorship;아케론 주권주연합;;;;;;;;;;;;;x
OAX_fascist_dictatorship;아케론 국민통합국;;;;;;;;;;;;;x
OAX_presidential_dictatorship;아케론 군사평의회;;;;;;;;;;;;;x
OAX_proletarian_dictatorship;아케론 사회주의 공화국;;;;;;;;;;;;;x
OCC_bourgeois_dictatorship;샤를로트 총재정부;;;;;;;;;;;;;x
OCC_fascist_dictatorship;샤를로트 국민국가;;;;;;;;;;;;;x
OCC_presidential_dictatorship;샤를로트 집정정부;;;;;;;;;;;;;x
OCC_proletarian_dictatorship;샤를로트 코뮌;;;;;;;;;;;;;x
OLD_bourgeois_dictatorship;프리드리히 데어 그로세 자유시;;;;;;;;;;;;;x
OLD_presidential_dictatorship;프리드리히 데어 그로세 군사집정부;;;;;;;;;;;;;x
OMA_bourgeois_dictatorship;그레이스로트 상인협의국;;;;;;;;;;;;;x
OMA_fascist_dictatorship;그레이스로트 국민통합국;;;;;;;;;;;;;x
OMA_presidential_dictatorship;그레이스로트 군사평의회;;;;;;;;;;;;;x
OMA_proletarian_dictatorship;그레이스로트 사회주의 공화국;;;;;;;;;;;;;x
ORA_bourgeois_dictatorship;오라녜 시민공화국;;;;;;;;;;;;;x
ORA_fascist_dictatorship;오라녜 국민국가;;;;;;;;;;;;;x
ORA_presidential_dictatorship;오라녜 총사령관령;;;;;;;;;;;;;x
ORA_proletarian_dictatorship;오라녜 노동자공화국;;;;;;;;;;;;;x
ORI_bourgeois_dictatorship;미티어라이트 상인자치연맹;;;;;;;;;;;;;x
ORI_fascist_dictatorship;미티어라이트 국민연합국;;;;;;;;;;;;;x
ORI_presidential_dictatorship;미티어라이트 군사정부;;;;;;;;;;;;;x
ORI_proletarian_dictatorship;미티어라이트 인민공화국;;;;;;;;;;;;;x
OYO_bourgeois_dictatorship;오요 도시자치연맹;;;;;;;;;;;;;x
OYO_fascist_dictatorship;오요 국민통합국;;;;;;;;;;;;;x
OYO_presidential_dictatorship;오요 군사평의회;;;;;;;;;;;;;x
OYO_proletarian_dictatorship;오요 인민공화국;;;;;;;;;;;;;x
PAC_bourgeois_dictatorship;슈브라즈 총재정부;;;;;;;;;;;;;x
PAC_fascist_dictatorship;슈브라즈 국민국가;;;;;;;;;;;;;x
PAC_presidential_dictatorship;슈브라즈 집정정부;;;;;;;;;;;;;x
PAC_proletarian_dictatorship;슈브라즈 코뮌;;;;;;;;;;;;;x
PAK_bourgeois_dictatorship;머(Myrrh) 상인협의국;;;;;;;;;;;;;x
PAK_fascist_dictatorship;머(Myrrh) 국민통합국;;;;;;;;;;;;;x
PAK_presidential_dictatorship;머(Myrrh) 군사정부;;;;;;;;;;;;;x
PAK_proletarian_dictatorship;머(Myrrh) 인민공화국;;;;;;;;;;;;;x
PAL_bourgeois_dictatorship;하이디 상인자치연맹;;;;;;;;;;;;;x
PAL_fascist_dictatorship;하이디 국민연합국;;;;;;;;;;;;;x
PAL_presidential_dictatorship;하이디 군사정부;;;;;;;;;;;;;x
PAL_proletarian_dictatorship;하이디 인민공화국;;;;;;;;;;;;;x
PAR_bourgeois_dictatorship;라플란드 도시공화국;;;;;;;;;;;;;x
PAR_fascist_dictatorship;라플란드 국민통합국;;;;;;;;;;;;;x
PAR_presidential_dictatorship;라플란드 집정정부;;;;;;;;;;;;;x
PAR_proletarian_dictatorship;라플란드 사회주의 공화국;;;;;;;;;;;;;x
PAT_bourgeois_dictatorship;쇼카쿠 항구도시연맹;;;;;;;;;;;;;x
PAT_fascist_dictatorship;쇼카쿠 국민국가;;;;;;;;;;;;;x
PAT_presidential_dictatorship;쇼카쿠 군사정부;;;;;;;;;;;;;x
PAT_proletarian_dictatorship;쇼카쿠 인민공화국;;;;;;;;;;;;;x
PBC_bourgeois_dictatorship;알파카 와카야 주권주연합;;;;;;;;;;;;;x
PBC_fascist_dictatorship;알파카 와카야 국민통합국;;;;;;;;;;;;;x
PEI_bourgeois_dictatorship;블랙 스완 상인연방;;;;;;;;;;;;;x
PEI_fascist_dictatorship;블랙 스완 국민연합국;;;;;;;;;;;;;x
PEI_presidential_dictatorship;블랙 스완 호국경령;;;;;;;;;;;;;x
PEI_proletarian_dictatorship;블랙 스완 노동자공화국;;;;;;;;;;;;;x
PEU_bourgeois_dictatorship;긴꼬리친칠라 주권주연합;;;;;;;;;;;;;x
PEU_fascist_dictatorship;긴꼬리친칠라 국민통합국;;;;;;;;;;;;;x
PEU_presidential_dictatorship;긴꼬리친칠라 군사평의회;;;;;;;;;;;;;x
PEU_proletarian_dictatorship;긴꼬리친칠라 사회주의 공화국;;;;;;;;;;;;;x
PGG_bourgeois_dictatorship;연비 상회연합;;;;;;;;;;;;;x
PGG_fascist_dictatorship;연비 국민정부;;;;;;;;;;;;;x
PGG_presidential_dictatorship;연비 군정부;;;;;;;;;;;;;x
PGG_proletarian_dictatorship;연비 인민공화국;;;;;;;;;;;;;x
PHG_bourgeois_dictatorship;린 항구도시연맹;;;;;;;;;;;;;x
PHG_fascist_dictatorship;린 국민국가;;;;;;;;;;;;;x
PHG_presidential_dictatorship;린 군사정부;;;;;;;;;;;;;x
PHG_proletarian_dictatorship;린 인민공화국;;;;;;;;;;;;;x
PHL_bourgeois_dictatorship;지에 주권주연합;;;;;;;;;;;;;x
PHL_fascist_dictatorship;지에 국민통합국;;;;;;;;;;;;;x
PHL_presidential_dictatorship;지에 군사평의회;;;;;;;;;;;;;x
PHL_proletarian_dictatorship;지에 사회주의 공화국;;;;;;;;;;;;;x
PIT_bourgeois_dictatorship;에프이터 항구도시연맹;;;;;;;;;;;;;x
PIT_fascist_dictatorship;에프이터 국민국가;;;;;;;;;;;;;x
PIT_presidential_dictatorship;에프이터 군사정부;;;;;;;;;;;;;x
PIT_proletarian_dictatorship;에프이터 인민공화국;;;;;;;;;;;;;x
PLC_bourgeois_dictatorship;세이렌 귀족공화국;;;;;;;;;;;;;x
PLS_bourgeois_dictatorship;카타펄트 상인협의국;;;;;;;;;;;;;x
PLS_fascist_dictatorship;카타펄트 국민통합국;;;;;;;;;;;;;x
PLS_presidential_dictatorship;카타펄트 군사평의회;;;;;;;;;;;;;x
PLS_proletarian_dictatorship;카타펄트 사회주의 공화국;;;;;;;;;;;;;x
PML_bourgeois_dictatorship;아우구스트 폰 파르세발 귀족공화국;;;;;;;;;;;;;x
PML_fascist_dictatorship;아우구스트 폰 파르세발 국민연합국;;;;;;;;;;;;;x
PML_presidential_dictatorship;아우구스트 폰 파르세발 군사집정부;;;;;;;;;;;;;x
PML_proletarian_dictatorship;아우구스트 폰 파르세발 인민공화국;;;;;;;;;;;;;x
PNB_bourgeois_dictatorship;토미미 주권주연합;;;;;;;;;;;;;x
PNB_fascist_dictatorship;토미미 국민통합국;;;;;;;;;;;;;x
PNB_presidential_dictatorship;토미미 군사정부;;;;;;;;;;;;;x
PNB_proletarian_dictatorship;토미미 사회주의 연방;;;;;;;;;;;;;x
PNJ_bourgeois_dictatorship;어스스피릿 상인자치연맹;;;;;;;;;;;;;x
PNJ_presidential_dictatorship;어스스피릿 군사정부;;;;;;;;;;;;;x
PNJ_proletarian_dictatorship;어스스피릿 인민공화국;;;;;;;;;;;;;x
PNM_bourgeois_dictatorship;무알라니 주권주연합;;;;;;;;;;;;;x
PNM_fascist_dictatorship;무알라니 국민통합국;;;;;;;;;;;;;x
PNM_presidential_dictatorship;무알라니 군사평의회;;;;;;;;;;;;;x
PNM_proletarian_dictatorship;무알라니 사회주의 공화국;;;;;;;;;;;;;x
PNT_bourgeois_dictatorship;아이리스 도시공화국;;;;;;;;;;;;;x
PNT_fascist_dictatorship;아이리스 국민국가;;;;;;;;;;;;;x
PNT_presidential_dictatorship;아이리스 군사평의회;;;;;;;;;;;;;x
PNT_proletarian_dictatorship;아이리스 인민공화국;;;;;;;;;;;;;x
POL_bourgeois_dictatorship;베스나 귀족공화국;;;;;;;;;;;;;x
POL_fascist_dictatorship;베스나 국민연합국;;;;;;;;;;;;;x
POL_proletarian_dictatorship;베스나 인민공화국;;;;;;;;;;;;;x
POR_bourgeois_dictatorship;탕 쿠쿠 도시연합;;;;;;;;;;;;;x
POR_fascist_dictatorship;탕 쿠쿠 국민연합국;;;;;;;;;;;;;x
POR_presidential_dictatorship;탕 쿠쿠 군사평의회;;;;;;;;;;;;;x
POR_proletarian_dictatorship;탕 쿠쿠 노동자공화국;;;;;;;;;;;;;x
PPG_bourgeois_dictatorship;우이 섬자치연맹;;;;;;;;;;;;;x
PPG_fascist_dictatorship;우이 국민통합국;;;;;;;;;;;;;x
PPG_presidential_dictatorship;우이 군사평의회;;;;;;;;;;;;;x
PPG_proletarian_dictatorship;우이 공동체공화국;;;;;;;;;;;;;x
PRG_bourgeois_dictatorship;큰개미핥기 주권주연합;;;;;;;;;;;;;x
PRG_fascist_dictatorship;큰개미핥기 국민통합국;;;;;;;;;;;;;x
PRG_presidential_dictatorship;큰개미핥기 군사평의회;;;;;;;;;;;;;x
PRG_proletarian_dictatorship;큰개미핥기 사회주의 공화국;;;;;;;;;;;;;x
PRI_bourgeois_dictatorship;요크타운 주권주연합;;;;;;;;;;;;;x
PRI_fascist_dictatorship;요크타운 국민통합국;;;;;;;;;;;;;x
PRI_presidential_dictatorship;요크타운 군사평의회;;;;;;;;;;;;;x
PRI_proletarian_dictatorship;요크타운 사회주의 공화국;;;;;;;;;;;;;x
PRK_bourgeois_dictatorship;레이즈 항구도시연맹;;;;;;;;;;;;;x
PRK_fascist_dictatorship;레이즈 국민국가;;;;;;;;;;;;;x
PRK_presidential_dictatorship;레이즈 군사정부;;;;;;;;;;;;;x
PRK_proletarian_dictatorship;레이즈 인민공화국;;;;;;;;;;;;;x
PTG_bourgeois_dictatorship;퓨마 자치부족연맹;;;;;;;;;;;;;x
PTG_fascist_dictatorship;퓨마 민족통합국;;;;;;;;;;;;;x
PTG_presidential_dictatorship;퓨마 전사평의회;;;;;;;;;;;;;x
PTG_proletarian_dictatorship;퓨마 공동체연방;;;;;;;;;;;;;x
PTK_bourgeois_dictatorship;테레시아 항구도시연맹;;;;;;;;;;;;;x
PTK_fascist_dictatorship;테레시아 국민국가;;;;;;;;;;;;;x
PTK_presidential_dictatorship;테레시아 군사정부;;;;;;;;;;;;;x
PTK_proletarian_dictatorship;테레시아 인민공화국;;;;;;;;;;;;;x
PTL_bourgeois_dictatorship;메이 상인자치연맹;;;;;;;;;;;;;x
PTL_fascist_dictatorship;메이 국민연합국;;;;;;;;;;;;;x
PTL_presidential_dictatorship;메이 군사정부;;;;;;;;;;;;;x
PTL_proletarian_dictatorship;메이 인민공화국;;;;;;;;;;;;;x
PZN_bourgeois_dictatorship;프린츠 하인리히 자유시;;;;;;;;;;;;;x
PZN_fascist_dictatorship;프린츠 하인리히 국민국가;;;;;;;;;;;;;x
PZN_presidential_dictatorship;프린츠 하인리히 군사집정부;;;;;;;;;;;;;x
PZN_proletarian_dictatorship;프린츠 하인리히 평의회 공화국;;;;;;;;;;;;;x
QAT_bourgeois_dictatorship;세실리아 상인협의국;;;;;;;;;;;;;x
QAT_fascist_dictatorship;세실리아 국민통합국;;;;;;;;;;;;;x
QAT_presidential_dictatorship;세실리아 군사평의회;;;;;;;;;;;;;x
QAT_proletarian_dictatorship;세실리아 사회주의 공화국;;;;;;;;;;;;;x
QCI_bourgeois_dictatorship;제이드 상인연방;;;;;;;;;;;;;x
QCI_fascist_dictatorship;제이드 국민연합국;;;;;;;;;;;;;x
QCI_presidential_dictatorship;제이드 호국경령;;;;;;;;;;;;;x
QCI_proletarian_dictatorship;제이드 노동자공화국;;;;;;;;;;;;;x
QNG_bourgeois_dictatorship;리월 상회연합;;;;;;;;;;;;;x
QNG_fascist_dictatorship;리월 국민정부;;;;;;;;;;;;;x
QNG_presidential_dictatorship;리월 군정부;;;;;;;;;;;;;x
QNG_proletarian_dictatorship;리월 인민공화국;;;;;;;;;;;;;x
QUE_bourgeois_dictatorship;사리아 총재정부;;;;;;;;;;;;;x
QUE_fascist_dictatorship;사리아 국민국가;;;;;;;;;;;;;x
QUE_presidential_dictatorship;사리아 집정정부;;;;;;;;;;;;;x
QUE_proletarian_dictatorship;사리아 코뮌;;;;;;;;;;;;;x
RAJ_presidential_dictatorship;하이모어 군사정부;;;;;;;;;;;;;x
RAM_bourgeois_dictatorship;두르나르 상인협의국;;;;;;;;;;;;;x
RAM_fascist_dictatorship;두르나르 국민통합국;;;;;;;;;;;;;x
RAM_presidential_dictatorship;두르나르 군사정부;;;;;;;;;;;;;x
RAM_proletarian_dictatorship;두르나르 인민공화국;;;;;;;;;;;;;x
RDL_bourgeois_dictatorship;푸딩 부족협의국;;;;;;;;;;;;;x
RDL_fascist_dictatorship;푸딩 국민통합국;;;;;;;;;;;;;x
RDL_presidential_dictatorship;푸딩 군사평의회;;;;;;;;;;;;;x
RDL_proletarian_dictatorship;푸딩 인민공화국;;;;;;;;;;;;;x
REB_bourgeois_dictatorship;적혈구 자유도시연맹;;;;;;;;;;;;;x
REB_fascist_dictatorship;적혈구 총동원국;;;;;;;;;;;;;x
REB_presidential_dictatorship;적혈구 군사평의회;;;;;;;;;;;;;x
REB_proletarian_dictatorship;적혈구 평의회 공화국;;;;;;;;;;;;;x
REU_bourgeois_dictatorship;안초비 자유시;;;;;;;;;;;;;x
REU_presidential_dictatorship;안초비 군사집정부;;;;;;;;;;;;;x
REW_bourgeois_dictatorship;퀘르쿠스 상인자치연맹;;;;;;;;;;;;;x
REW_fascist_dictatorship;퀘르쿠스 국민연합국;;;;;;;;;;;;;x
REW_presidential_dictatorship;퀘르쿠스 군사정부;;;;;;;;;;;;;x
REW_proletarian_dictatorship;퀘르쿠스 인민공화국;;;;;;;;;;;;;x
RGA_bourgeois_dictatorship;카와카미 겐사이 상인협의국;;;;;;;;;;;;;x
RGA_fascist_dictatorship;카와카미 겐사이 국민통합국;;;;;;;;;;;;;x
RGA_presidential_dictatorship;카와카미 겐사이 군사평의회;;;;;;;;;;;;;x
RGA_proletarian_dictatorship;카와카미 겐사이 사회주의 공화국;;;;;;;;;;;;;x
RGR_bourgeois_dictatorship;로즈몬티스 주권주연합;;;;;;;;;;;;;x
RGR_presidential_dictatorship;로즈몬티스 군사평의회;;;;;;;;;;;;;x
RGR_proletarian_dictatorship;로즈몬티스 사회주의 공화국;;;;;;;;;;;;;x
RGS_bourgeois_dictatorship;에스텔 주권주연합;;;;;;;;;;;;;x
RGS_presidential_dictatorship;에스텔 군사정부;;;;;;;;;;;;;x
RGS_proletarian_dictatorship;에스텔 사회주의 연방;;;;;;;;;;;;;x
RHI_bourgeois_dictatorship;다즐링 자유시;;;;;;;;;;;;;x
RHI_fascist_dictatorship;다즐링 국민국가;;;;;;;;;;;;;x
RHI_presidential_dictatorship;다즐링 군사집정부;;;;;;;;;;;;;x
RHI_proletarian_dictatorship;다즐링 평의회 공화국;;;;;;;;;;;;;x
RHO_bourgeois_dictatorship;남로디지아 상인연방;;;;;;;;;;;;;x
RHO_fascist_dictatorship;남로디지아 국민연합국;;;;;;;;;;;;;x
RHO_presidential_dictatorship;남로디지아 호국경령;;;;;;;;;;;;;x
RIA_bourgeois_dictatorship;멀베리 항구도시연맹;;;;;;;;;;;;;x
RIA_fascist_dictatorship;멀베리 국민국가;;;;;;;;;;;;;x
RIA_presidential_dictatorship;멀베리 군사정부;;;;;;;;;;;;;x
RIA_proletarian_dictatorship;멀베리 인민공화국;;;;;;;;;;;;;x
RIO_bourgeois_dictatorship;상 마르티뉴 주권주연합;;;;;;;;;;;;;x
RIO_fascist_dictatorship;상 마르티뉴 국민통합국;;;;;;;;;;;;;x
RIO_presidential_dictatorship;상 마르티뉴 군사정부;;;;;;;;;;;;;x
RIO_proletarian_dictatorship;상 마르티뉴 사회주의 연방;;;;;;;;;;;;;x
RJK_bourgeois_dictatorship;미샤 상인자치연맹;;;;;;;;;;;;;x
RJK_fascist_dictatorship;미샤 국민연합국;;;;;;;;;;;;;x
RJK_presidential_dictatorship;미샤 군사정부;;;;;;;;;;;;;x
RJK_proletarian_dictatorship;미샤 인민공화국;;;;;;;;;;;;;x
RJL_bourgeois_dictatorship;오셀롯 주권주연합;;;;;;;;;;;;;x
RJL_fascist_dictatorship;오셀롯 국민통합국;;;;;;;;;;;;;x
RJL_presidential_dictatorship;오셀롯 군사정부;;;;;;;;;;;;;x
RJL_proletarian_dictatorship;오셀롯 사회주의 연방;;;;;;;;;;;;;x
RLE_bourgeois_dictatorship;케이 자유시;;;;;;;;;;;;;x
RLE_presidential_dictatorship;케이 군사집정부;;;;;;;;;;;;;x
RME_bourgeois_dictatorship;페넌스 도시공화국;;;;;;;;;;;;;x
RME_fascist_dictatorship;페넌스 국민통합국;;;;;;;;;;;;;x
RME_presidential_dictatorship;페넌스 집정정부;;;;;;;;;;;;;x
RME_proletarian_dictatorship;페넌스 사회주의 공화국;;;;;;;;;;;;;x
RMG_bourgeois_dictatorship;리토리오 도시공화국;;;;;;;;;;;;;x
RMG_fascist_dictatorship;리토리오 국민통합국;;;;;;;;;;;;;x
RMG_presidential_dictatorship;리토리오 집정정부;;;;;;;;;;;;;x
RMG_proletarian_dictatorship;리토리오 사회주의 공화국;;;;;;;;;;;;;x
ROM_bourgeois_dictatorship;오데트 도시상회연맹;;;;;;;;;;;;;x
ROM_fascist_dictatorship;오데트 국민연합국;;;;;;;;;;;;;x
ROM_presidential_dictatorship;오데트 군사평의회;;;;;;;;;;;;;x
ROM_proletarian_dictatorship;오데트 인민공화국;;;;;;;;;;;;;x
ROR_bourgeois_dictatorship;아퀼라 도시공화국;;;;;;;;;;;;;x
ROR_fascist_dictatorship;아퀼라 국민통합국;;;;;;;;;;;;;x
ROR_presidential_dictatorship;아퀼라 집정정부;;;;;;;;;;;;;x
ROR_proletarian_dictatorship;아퀼라 사회주의 공화국;;;;;;;;;;;;;x
RPL_bourgeois_dictatorship;컬럼비아 상인연방;;;;;;;;;;;;;x
RPL_fascist_dictatorship;컬럼비아 국민연합국;;;;;;;;;;;;;x
RPL_presidential_dictatorship;컬럼비아 호국경령;;;;;;;;;;;;;x
RPL_proletarian_dictatorship;컬럼비아 노동자공화국;;;;;;;;;;;;;x
RPP_bourgeois_dictatorship;재키 상인자치연맹;;;;;;;;;;;;;x
RPP_fascist_dictatorship;재키 국민연합국;;;;;;;;;;;;;x
RPP_presidential_dictatorship;재키 군사정부;;;;;;;;;;;;;x
RPP_proletarian_dictatorship;재키 인민공화국;;;;;;;;;;;;;x
RSR_bourgeois_dictatorship;미카 자유시;;;;;;;;;;;;;x
RSR_presidential_dictatorship;미카 군사집정부;;;;;;;;;;;;;x
RUM_bourgeois_dictatorship;골든글로우 도시자치연맹;;;;;;;;;;;;;x
RUM_fascist_dictatorship;골든글로우 국민국가;;;;;;;;;;;;;x
RUM_presidential_dictatorship;골든글로우 군사섭정정부;;;;;;;;;;;;;x
RUM_proletarian_dictatorship;골든글로우 인민공화국;;;;;;;;;;;;;x
RUT_bourgeois_dictatorship;이부키 지방자치연맹;;;;;;;;;;;;;x
RUT_fascist_dictatorship;이부키 국민통합국;;;;;;;;;;;;;x
RWA_bourgeois_dictatorship;르완다 도시자치연맹;;;;;;;;;;;;;x
RWA_fascist_dictatorship;르완다 국민통합국;;;;;;;;;;;;;x
RWA_presidential_dictatorship;르완다 군사평의회;;;;;;;;;;;;;x
RWA_proletarian_dictatorship;르완다 인민공화국;;;;;;;;;;;;;x
RYU_bourgeois_dictatorship;치세 도시자치연합;;;;;;;;;;;;;x
RYU_fascist_dictatorship;치세 국민정부;;;;;;;;;;;;;x
RYU_presidential_dictatorship;치세 군정;;;;;;;;;;;;;x
RYU_proletarian_dictatorship;치세 인민공화국;;;;;;;;;;;;;x
SAA_bourgeois_dictatorship;니시즈미 마호 자유시;;;;;;;;;;;;;x
SAA_fascist_dictatorship;니시즈미 마호 국민국가;;;;;;;;;;;;;x
SAA_presidential_dictatorship;니시즈미 마호 군사집정부;;;;;;;;;;;;;x
SAA_proletarian_dictatorship;니시즈미 마호 평의회 공화국;;;;;;;;;;;;;x
SAF_bourgeois_dictatorship;헤비레인 시민공화국;;;;;;;;;;;;;x
SAF_fascist_dictatorship;헤비레인 국민국가;;;;;;;;;;;;;x
SAF_presidential_dictatorship;헤비레인 총사령관령;;;;;;;;;;;;;x
SAF_proletarian_dictatorship;헤비레인 노동자공화국;;;;;;;;;;;;;x
SAK_bourgeois_dictatorship;서복 항구도시연맹;;;;;;;;;;;;;x
SAK_fascist_dictatorship;서복 국민국가;;;;;;;;;;;;;x
SAK_presidential_dictatorship;서복 군사정부;;;;;;;;;;;;;x
SAK_proletarian_dictatorship;서복 인민공화국;;;;;;;;;;;;;x
SAM_bourgeois_dictatorship;브리즈 도시공화국;;;;;;;;;;;;;x
SAM_fascist_dictatorship;브리즈 국민국가;;;;;;;;;;;;;x
SAM_presidential_dictatorship;브리즈 군사평의회;;;;;;;;;;;;;x
SAM_proletarian_dictatorship;브리즈 인민공화국;;;;;;;;;;;;;x
SAT_bourgeois_dictatorship;츠바키 도시자치연합;;;;;;;;;;;;;x
SAT_fascist_dictatorship;츠바키 국민정부;;;;;;;;;;;;;x
SAT_presidential_dictatorship;츠바키 군정;;;;;;;;;;;;;x
SAT_proletarian_dictatorship;츠바키 인민공화국;;;;;;;;;;;;;x
SAX_bourgeois_dictatorship;타케베 사오리 자유시;;;;;;;;;;;;;x
SAX_presidential_dictatorship;타케베 사오리 군사집정부;;;;;;;;;;;;;x
SBA_bourgeois_dictatorship;뉴트리아 주권주연합;;;;;;;;;;;;;x
SBA_fascist_dictatorship;뉴트리아 국민통합국;;;;;;;;;;;;;x
SBA_presidential_dictatorship;뉴트리아 군사평의회;;;;;;;;;;;;;x
SBA_proletarian_dictatorship;뉴트리아 사회주의 공화국;;;;;;;;;;;;;x
SBS_bourgeois_dictatorship;프로스트노바 항구도시연맹;;;;;;;;;;;;;x
SBS_fascist_dictatorship;프로스트노바 국민국가;;;;;;;;;;;;;x
SBS_presidential_dictatorship;프로스트노바 군사정부;;;;;;;;;;;;;x
SBS_proletarian_dictatorship;프로스트노바 인민공화국;;;;;;;;;;;;;x
SCA_bourgeois_dictatorship;클라라 도시자치연맹;;;;;;;;;;;;;x
SCA_fascist_dictatorship;클라라 국민국가;;;;;;;;;;;;;x
SCA_presidential_dictatorship;클라라 국가평의회;;;;;;;;;;;;;x
SCH_bourgeois_dictatorship;흰황새 도시자치연맹;;;;;;;;;;;;;x
SCH_presidential_dictatorship;흰황새 국가평의회;;;;;;;;;;;;;x
SCL_bourgeois_dictatorship;스카사하 자유시;;;;;;;;;;;;;x
SCL_presidential_dictatorship;스카사하 군사집정부;;;;;;;;;;;;;x
SCO_bourgeois_dictatorship;노조미 상인연방;;;;;;;;;;;;;x
SCO_fascist_dictatorship;노조미 국민연합국;;;;;;;;;;;;;x
SCO_presidential_dictatorship;노조미 호국경령;;;;;;;;;;;;;x
SCO_proletarian_dictatorship;노조미 노동자공화국;;;;;;;;;;;;;x
SDB_bourgeois_dictatorship;맨하탄 카페 자유시;;;;;;;;;;;;;x
SDB_fascist_dictatorship;맨하탄 카페 국민국가;;;;;;;;;;;;;x
SDB_presidential_dictatorship;맨하탄 카페 군사집정부;;;;;;;;;;;;;x
SDB_proletarian_dictatorship;맨하탄 카페 평의회 공화국;;;;;;;;;;;;;x
SEG_bourgeois_dictatorship;바마나 도시자치연맹;;;;;;;;;;;;;x
SEG_fascist_dictatorship;바마나 국민통합국;;;;;;;;;;;;;x
SEG_presidential_dictatorship;바마나 군사평의회;;;;;;;;;;;;;x
SEG_proletarian_dictatorship;바마나 인민공화국;;;;;;;;;;;;;x
SEN_bourgeois_dictatorship;츠쿠요 도시자치연합;;;;;;;;;;;;;x
SEN_fascist_dictatorship;츠쿠요 국민정부;;;;;;;;;;;;;x
SEN_presidential_dictatorship;츠쿠요 군정;;;;;;;;;;;;;x
SEN_proletarian_dictatorship;츠쿠요 인민공화국;;;;;;;;;;;;;x
SER_bourgeois_dictatorship;수르트 도시자치연맹;;;;;;;;;;;;;x
SER_fascist_dictatorship;수르트 국민국가;;;;;;;;;;;;;x
SER_presidential_dictatorship;수르트 군사섭정정부;;;;;;;;;;;;;x
SER_proletarian_dictatorship;수르트 인민공화국;;;;;;;;;;;;;x
SEY_bourgeois_dictatorship;세이셸 주권주연합;;;;;;;;;;;;;x
SEY_fascist_dictatorship;세이셸 국민통합국;;;;;;;;;;;;;x
SEY_presidential_dictatorship;세이셸 군사평의회;;;;;;;;;;;;;x
SEY_proletarian_dictatorship;세이셸 사회주의 공화국;;;;;;;;;;;;;x
SGF_bourgeois_dictatorship;아그네스 타키온 자유시;;;;;;;;;;;;;x
SGF_fascist_dictatorship;아그네스 타키온 국민국가;;;;;;;;;;;;;x
SGF_presidential_dictatorship;아그네스 타키온 군사집정부;;;;;;;;;;;;;x
SGF_proletarian_dictatorship;아그네스 타키온 평의회 공화국;;;;;;;;;;;;;x
SGM_bourgeois_dictatorship;라이스 샤워 자유시;;;;;;;;;;;;;x
SGM_presidential_dictatorship;라이스 샤워 군사집정부;;;;;;;;;;;;;x
SGP_bourgeois_dictatorship;진양옥 상회연합;;;;;;;;;;;;;x
SGP_fascist_dictatorship;진양옥 국민정부;;;;;;;;;;;;;x
SGP_presidential_dictatorship;진양옥 군정부;;;;;;;;;;;;;x
SGP_proletarian_dictatorship;진양옥 인민공화국;;;;;;;;;;;;;x
SHA_bourgeois_dictatorship;진천우 상인연합;;;;;;;;;;;;;x
SHA_fascist_dictatorship;진천우 국민국가;;;;;;;;;;;;;x
SHA_presidential_dictatorship;진천우 군사평의회;;;;;;;;;;;;;x
SHA_proletarian_dictatorship;진천우 인민공화국;;;;;;;;;;;;;x
SHI_bourgeois_dictatorship;베나 상인자치연맹;;;;;;;;;;;;;x
SHI_fascist_dictatorship;베나 국민연합국;;;;;;;;;;;;;x
SHI_presidential_dictatorship;베나 군사정부;;;;;;;;;;;;;x
SHI_proletarian_dictatorship;베나 인민공화국;;;;;;;;;;;;;x
SHK_bourgeois_dictatorship;실루크 도시자치연맹;;;;;;;;;;;;;x
SHK_fascist_dictatorship;실루크 국민통합국;;;;;;;;;;;;;x
SHK_presidential_dictatorship;실루크 군사평의회;;;;;;;;;;;;;x
SHK_proletarian_dictatorship;실루크 인민공화국;;;;;;;;;;;;;x
SHO_bourgeois_dictatorship;쇼나랜드 도시자치연맹;;;;;;;;;;;;;x
SHO_fascist_dictatorship;쇼나랜드 국민통합국;;;;;;;;;;;;;x
SHO_presidential_dictatorship;쇼나랜드 군사평의회;;;;;;;;;;;;;x
SHO_proletarian_dictatorship;쇼나랜드 인민공화국;;;;;;;;;;;;;x
SHW_bourgeois_dictatorship;셰와 지역자치연맹;;;;;;;;;;;;;x
SHW_fascist_dictatorship;셰와 국민통합국;;;;;;;;;;;;;x
SHW_presidential_dictatorship;셰와 군사평의회;;;;;;;;;;;;;x
SHW_proletarian_dictatorship;셰와 인민공화국;;;;;;;;;;;;;x
SIA_bourgeois_dictatorship;레비 상인연합;;;;;;;;;;;;;x
SIA_fascist_dictatorship;레비 국민국가;;;;;;;;;;;;;x
SIA_presidential_dictatorship;레비 군사평의회;;;;;;;;;;;;;x
SIA_proletarian_dictatorship;레비 인민공화국;;;;;;;;;;;;;x
SIB_bourgeois_dictatorship;로사 지방자치연맹;;;;;;;;;;;;;x
SIB_fascist_dictatorship;로사 국민통합국;;;;;;;;;;;;;x
SIB_presidential_dictatorship;로사 군사평의회;;;;;;;;;;;;;x
SIB_proletarian_dictatorship;로사 소비에트 공화국;;;;;;;;;;;;;x
SIC_bourgeois_dictatorship;네로 클라우디우스 도시공화국;;;;;;;;;;;;;x
SIC_fascist_dictatorship;네로 클라우디우스 국민통합국;;;;;;;;;;;;;x
SIC_presidential_dictatorship;네로 클라우디우스 집정정부;;;;;;;;;;;;;x
SIC_proletarian_dictatorship;네로 클라우디우스 사회주의 공화국;;;;;;;;;;;;;x
SID_bourgeois_dictatorship;시다마 지역자치연맹;;;;;;;;;;;;;x
SID_fascist_dictatorship;시다마 국민통합국;;;;;;;;;;;;;x
SID_presidential_dictatorship;시다마 군사평의회;;;;;;;;;;;;;x
SID_proletarian_dictatorship;시다마 인민공화국;;;;;;;;;;;;;x
SIE_bourgeois_dictatorship;니콜 도시연합국;;;;;;;;;;;;;x
SIE_fascist_dictatorship;니콜 국민국가;;;;;;;;;;;;;x
SIE_presidential_dictatorship;니콜 군사평의회;;;;;;;;;;;;;x
SIE_proletarian_dictatorship;니콜 인민공화국;;;;;;;;;;;;;x
SIK_bourgeois_dictatorship;카제마루 지방자치연맹;;;;;;;;;;;;;x
SIK_fascist_dictatorship;카제마루 국민통합국;;;;;;;;;;;;;x
SIK_presidential_dictatorship;카제마루 군사평의회;;;;;;;;;;;;;x
SIK_proletarian_dictatorship;카제마루 인민공화국;;;;;;;;;;;;;x
SIN_bourgeois_dictatorship;모건 상인협의국;;;;;;;;;;;;;x
SIN_fascist_dictatorship;모건 국민통합국;;;;;;;;;;;;;x
SIN_presidential_dictatorship;모건 군사정부;;;;;;;;;;;;;x
SIN_proletarian_dictatorship;모건 인민공화국;;;;;;;;;;;;;x
SLA_bourgeois_dictatorship;양귀비 상인연합;;;;;;;;;;;;;x
SLA_fascist_dictatorship;양귀비 국민국가;;;;;;;;;;;;;x
SLA_presidential_dictatorship;양귀비 군사평의회;;;;;;;;;;;;;x
SLA_proletarian_dictatorship;양귀비 인민공화국;;;;;;;;;;;;;x
SLE_bourgeois_dictatorship;시에라리온 도시자치연맹;;;;;;;;;;;;;x
SLE_fascist_dictatorship;시에라리온 국민통합국;;;;;;;;;;;;;x
SLE_presidential_dictatorship;시에라리온 군사평의회;;;;;;;;;;;;;x
SLE_proletarian_dictatorship;시에라리온 인민공화국;;;;;;;;;;;;;x
SLG_bourgeois_dictatorship;무측천 항구도시연맹;;;;;;;;;;;;;x
SLG_fascist_dictatorship;무측천 국민국가;;;;;;;;;;;;;x
SLG_presidential_dictatorship;무측천 군사정부;;;;;;;;;;;;;x
SLG_proletarian_dictatorship;무측천 인민공화국;;;;;;;;;;;;;x
SLO_bourgeois_dictatorship;수수로 도시자치연맹;;;;;;;;;;;;;x
SLO_fascist_dictatorship;수수로 국민국가;;;;;;;;;;;;;x
SLO_presidential_dictatorship;수수로 군사섭정정부;;;;;;;;;;;;;x
SLO_proletarian_dictatorship;수수로 인민공화국;;;;;;;;;;;;;x
SLS_bourgeois_dictatorship;골드 쉽 귀족공화국;;;;;;;;;;;;;x
SLS_fascist_dictatorship;골드 쉽 국민연합국;;;;;;;;;;;;;x
SLS_presidential_dictatorship;골드 쉽 군사집정부;;;;;;;;;;;;;x
SLS_proletarian_dictatorship;골드 쉽 인민공화국;;;;;;;;;;;;;x
SLV_bourgeois_dictatorship;콩고 도시자치연맹;;;;;;;;;;;;;x
SLV_fascist_dictatorship;콩고 국민국가;;;;;;;;;;;;;x
SLV_presidential_dictatorship;콩고 군사섭정정부;;;;;;;;;;;;;x
SLV_proletarian_dictatorship;콩고 인민공화국;;;;;;;;;;;;;x
SLW_bourgeois_dictatorship;프리스티스 항구도시연맹;;;;;;;;;;;;;x
SLW_fascist_dictatorship;프리스티스 국민국가;;;;;;;;;;;;;x
SLW_presidential_dictatorship;프리스티스 군사정부;;;;;;;;;;;;;x
SLW_proletarian_dictatorship;프리스티스 인민공화국;;;;;;;;;;;;;x
SMO_bourgeois_dictatorship;Mar. 7th 섬자치연맹;;;;;;;;;;;;;x
SMO_fascist_dictatorship;Mar. 7th 국민통합국;;;;;;;;;;;;;x
SMO_presidential_dictatorship;Mar. 7th 군사평의회;;;;;;;;;;;;;x
SMO_proletarian_dictatorship;Mar. 7th 공동체공화국;;;;;;;;;;;;;x
SMR_bourgeois_dictatorship;미네 후지코 도시공화국;;;;;;;;;;;;;x
SMR_fascist_dictatorship;미네 후지코 국민통합국;;;;;;;;;;;;;x
SMR_presidential_dictatorship;미네 후지코 집정정부;;;;;;;;;;;;;x
SMR_proletarian_dictatorship;미네 후지코 사회주의 공화국;;;;;;;;;;;;;x
SNG_bourgeois_dictatorship;세네갈 도시상인연맹;;;;;;;;;;;;;x
SNG_fascist_dictatorship;세네갈 국민통합국;;;;;;;;;;;;;x
SNG_presidential_dictatorship;세네갈 군사평의회;;;;;;;;;;;;;x
SNG_proletarian_dictatorship;세네갈 인민공화국;;;;;;;;;;;;;x
SOK_bourgeois_dictatorship;소코토 도시상인연맹;;;;;;;;;;;;;x
SOK_fascist_dictatorship;소코토 국민통합국;;;;;;;;;;;;;x
SOK_presidential_dictatorship;소코토 군사평의회;;;;;;;;;;;;;x
SOK_proletarian_dictatorship;소코토 인민공화국;;;;;;;;;;;;;x
SOM_bourgeois_dictatorship;소말릴란드 항구도시연맹;;;;;;;;;;;;;x
SOM_fascist_dictatorship;소말릴란드 국민국가;;;;;;;;;;;;;x
SOM_presidential_dictatorship;소말릴란드 군사평의회;;;;;;;;;;;;;x
SON_bourgeois_dictatorship;사일런스 주권주연합;;;;;;;;;;;;;x
SON_fascist_dictatorship;사일런스 국민연합국;;;;;;;;;;;;;x
SON_presidential_dictatorship;사일런스 군사정부;;;;;;;;;;;;;x
SON_proletarian_dictatorship;사일런스 사회주의 연방;;;;;;;;;;;;;x
SPA_bourgeois_dictatorship;유이가오카 도시연합;;;;;;;;;;;;;x
SPL_bourgeois_dictatorship;홍따오기 주권주연합;;;;;;;;;;;;;x
SPL_fascist_dictatorship;홍따오기 국민통합국;;;;;;;;;;;;;x
SPL_presidential_dictatorship;홍따오기 군사정부;;;;;;;;;;;;;x
SPL_proletarian_dictatorship;홍따오기 사회주의 연방;;;;;;;;;;;;;x
SPU_bourgeois_dictatorship;훔볼트펭귄 주권주연합;;;;;;;;;;;;;x
SPU_fascist_dictatorship;훔볼트펭귄 국민통합국;;;;;;;;;;;;;x
SPU_presidential_dictatorship;훔볼트펭귄 군사평의회;;;;;;;;;;;;;x
SPU_proletarian_dictatorship;훔볼트펭귄 사회주의 공화국;;;;;;;;;;;;;x
SRD_bourgeois_dictatorship;비토리오 베네토 도시공화국;;;;;;;;;;;;;x
SRD_fascist_dictatorship;비토리오 베네토 국민통합국;;;;;;;;;;;;;x
SRD_presidential_dictatorship;비토리오 베네토 집정정부;;;;;;;;;;;;;x
SRD_proletarian_dictatorship;비토리오 베네토 사회주의 공화국;;;;;;;;;;;;;x
SRG_bourgeois_dictatorship;기타노 상인자치연맹;;;;;;;;;;;;;x
SRG_fascist_dictatorship;기타노 국민연합국;;;;;;;;;;;;;x
SRG_presidential_dictatorship;기타노 군사정부;;;;;;;;;;;;;x
SRG_proletarian_dictatorship;기타노 인민공화국;;;;;;;;;;;;;x
SRI_bourgeois_dictatorship;시그노라 상인자치연맹;;;;;;;;;;;;;x
SRI_fascist_dictatorship;시그노라 국민연합국;;;;;;;;;;;;;x
SRI_presidential_dictatorship;시그노라 군사정부;;;;;;;;;;;;;x
SRI_proletarian_dictatorship;시그노라 인민공화국;;;;;;;;;;;;;x
SRN_bourgeois_dictatorship;세실리 부족협의국;;;;;;;;;;;;;x
SRN_fascist_dictatorship;세실리 국민통합국;;;;;;;;;;;;;x
SRN_presidential_dictatorship;세실리 군사평의회;;;;;;;;;;;;;x
SRN_proletarian_dictatorship;세실리 인민공화국;;;;;;;;;;;;;x
SRS_bourgeois_dictatorship;메지로 맥퀸 자유시;;;;;;;;;;;;;x
SRS_presidential_dictatorship;메지로 맥퀸 군사집정부;;;;;;;;;;;;;x
STG_bourgeois_dictatorship;탈룰라 항구도시연맹;;;;;;;;;;;;;x
STG_fascist_dictatorship;탈룰라 국민국가;;;;;;;;;;;;;x
STG_presidential_dictatorship;탈룰라 군사정부;;;;;;;;;;;;;x
STG_proletarian_dictatorship;탈룰라 인민공화국;;;;;;;;;;;;;x
STH_bourgeois_dictatorship;아약스 자유시;;;;;;;;;;;;;x
STH_fascist_dictatorship;아약스 국민국가;;;;;;;;;;;;;x
STH_presidential_dictatorship;아약스 군사집정부;;;;;;;;;;;;;x
STH_proletarian_dictatorship;아약스 평의회 공화국;;;;;;;;;;;;;x
STK_bourgeois_dictatorship;이프리트 상인연방;;;;;;;;;;;;;x
STK_fascist_dictatorship;이프리트 국민연합국;;;;;;;;;;;;;x
STK_presidential_dictatorship;이프리트 호국경령;;;;;;;;;;;;;x
STK_proletarian_dictatorship;이프리트 노동자공화국;;;;;;;;;;;;;x
SUD_bourgeois_dictatorship;수단 상인협의국;;;;;;;;;;;;;x
SUD_fascist_dictatorship;수단 국민통합국;;;;;;;;;;;;;x
SUD_presidential_dictatorship;수단 군사평의회;;;;;;;;;;;;;x
SUD_proletarian_dictatorship;수단 사회주의 공화국;;;;;;;;;;;;;x
SUL_bourgeois_dictatorship;불피스폴리아 항구도시연맹;;;;;;;;;;;;;x
SUL_fascist_dictatorship;불피스폴리아 국민국가;;;;;;;;;;;;;x
SUL_presidential_dictatorship;불피스폴리아 군사정부;;;;;;;;;;;;;x
SUL_proletarian_dictatorship;불피스폴리아 인민공화국;;;;;;;;;;;;;x
SUR_bourgeois_dictatorship;아이노 상인자치연맹;;;;;;;;;;;;;x
SUR_fascist_dictatorship;아이노 국민연합국;;;;;;;;;;;;;x
SUR_presidential_dictatorship;아이노 군사정부;;;;;;;;;;;;;x
SUR_proletarian_dictatorship;아이노 인민공화국;;;;;;;;;;;;;x
SVY_bourgeois_dictatorship;레오나르도 다 빈치 도시공화국;;;;;;;;;;;;;x
SVY_fascist_dictatorship;레오나르도 다 빈치 국민통합국;;;;;;;;;;;;;x
SVY_presidential_dictatorship;레오나르도 다 빈치 집정정부;;;;;;;;;;;;;x
SVY_proletarian_dictatorship;레오나르도 다 빈치 사회주의 공화국;;;;;;;;;;;;;x
SWA_bourgeois_dictatorship;씬 부족협의국;;;;;;;;;;;;;x
SWA_fascist_dictatorship;씬 국민통합국;;;;;;;;;;;;;x
SWA_presidential_dictatorship;씬 군사평의회;;;;;;;;;;;;;x
SWA_proletarian_dictatorship;씬 인민공화국;;;;;;;;;;;;;x
SWE_bourgeois_dictatorship;벨로보그 도시자치연맹;;;;;;;;;;;;;x
SWE_fascist_dictatorship;벨로보그 국민국가;;;;;;;;;;;;;x
SWE_presidential_dictatorship;벨로보그 국가평의회;;;;;;;;;;;;;x
SWE_proletarian_dictatorship;벨로보그 사회주의 공화국;;;;;;;;;;;;;x
SWG_bourgeois_dictatorship;토카이 테이오 자유시;;;;;;;;;;;;;x
SWG_presidential_dictatorship;토카이 테이오 군사집정부;;;;;;;;;;;;;x
SWH_bourgeois_dictatorship;오구리 캡 자유시;;;;;;;;;;;;;x
SWH_presidential_dictatorship;오구리 캡 군사집정부;;;;;;;;;;;;;x
SWI_bourgeois_dictatorship;엠마 베르데 자유시;;;;;;;;;;;;;x
SWI_fascist_dictatorship;엠마 베르데 국민국가;;;;;;;;;;;;;x
SWI_presidential_dictatorship;엠마 베르데 군사집정부;;;;;;;;;;;;;x
SWI_proletarian_dictatorship;엠마 베르데 평의회 공화국;;;;;;;;;;;;;x
SWK_bourgeois_dictatorship;펠리카 상인연합;;;;;;;;;;;;;x
SWK_presidential_dictatorship;펠리카 군사평의회;;;;;;;;;;;;;x
SWK_proletarian_dictatorship;펠리카 인민공화국;;;;;;;;;;;;;x
SXI_bourgeois_dictatorship;북두 상회연합;;;;;;;;;;;;;x
SXI_fascist_dictatorship;북두 국민정부;;;;;;;;;;;;;x
SXI_proletarian_dictatorship;북두 인민공화국;;;;;;;;;;;;;x
SYC_bourgeois_dictatorship;에밀리 도시공화국;;;;;;;;;;;;;x
SYC_fascist_dictatorship;에밀리 국민통합국;;;;;;;;;;;;;x
SYC_presidential_dictatorship;에밀리 집정정부;;;;;;;;;;;;;x
SYC_proletarian_dictatorship;에밀리 사회주의 공화국;;;;;;;;;;;;;x
SYR_bourgeois_dictatorship;앨리스 상인협의국;;;;;;;;;;;;;x
SYR_fascist_dictatorship;앨리스 국민통합국;;;;;;;;;;;;;x
SYR_presidential_dictatorship;앨리스 군사평의회;;;;;;;;;;;;;x
SYR_proletarian_dictatorship;앨리스 사회주의 공화국;;;;;;;;;;;;;x
SZC_bourgeois_dictatorship;운진 상회연합;;;;;;;;;;;;;x
SZC_fascist_dictatorship;운진 국민정부;;;;;;;;;;;;;x
SZC_proletarian_dictatorship;운진 인민공화국;;;;;;;;;;;;;x
TAH_bourgeois_dictatorship;서벌 섬자치연맹;;;;;;;;;;;;;x
TAH_fascist_dictatorship;서벌 국민통합국;;;;;;;;;;;;;x
TAH_presidential_dictatorship;서벌 군사평의회;;;;;;;;;;;;;x
TAH_proletarian_dictatorship;서벌 공동체공화국;;;;;;;;;;;;;x
TAI_bourgeois_dictatorship;신염 상회연합;;;;;;;;;;;;;x
TAI_fascist_dictatorship;신염 국민정부;;;;;;;;;;;;;x
TAI_presidential_dictatorship;신염 군정부;;;;;;;;;;;;;x
TAI_proletarian_dictatorship;신염 인민공화국;;;;;;;;;;;;;x
TAJ_bourgeois_dictatorship;카넬리안 상인협의국;;;;;;;;;;;;;x
TAJ_fascist_dictatorship;카넬리안 국민국가;;;;;;;;;;;;;x
TAJ_presidential_dictatorship;카넬리안 군사정부;;;;;;;;;;;;;x
TAJ_proletarian_dictatorship;카넬리안 인민공화국;;;;;;;;;;;;;x
TAR_bourgeois_dictatorship;맨티코어 도시상인연맹;;;;;;;;;;;;;x
TAR_fascist_dictatorship;맨티코어 국민통합국;;;;;;;;;;;;;x
TAR_presidential_dictatorship;맨티코어 군사평의회;;;;;;;;;;;;;x
TAR_proletarian_dictatorship;맨티코어 인민공화국;;;;;;;;;;;;;x
TBS_bourgeois_dictatorship;제시카 주권주연합;;;;;;;;;;;;;x
TCA_bourgeois_dictatorship;스네즈나야 우인단 지방자치연맹;;;;;;;;;;;;;x
TCA_fascist_dictatorship;스네즈나야 우인단 국민통합국;;;;;;;;;;;;;x
TCA_presidential_dictatorship;스네즈나야 우인단 군사평의회;;;;;;;;;;;;;x
TCA_proletarian_dictatorship;스네즈나야 우인단 소비에트 공화국;;;;;;;;;;;;;x
TEX_bourgeois_dictatorship;마젤란 주권주연합;;;;;;;;;;;;;x
TEX_fascist_dictatorship;마젤란 국민연합국;;;;;;;;;;;;;x
TEX_proletarian_dictatorship;마젤란 사회주의 연방;;;;;;;;;;;;;x
TGA_bourgeois_dictatorship;오스트레일리아데빌 섬자치연맹;;;;;;;;;;;;;x
TGA_fascist_dictatorship;오스트레일리아데빌 국민통합국;;;;;;;;;;;;;x
TGA_presidential_dictatorship;오스트레일리아데빌 군사평의회;;;;;;;;;;;;;x
TGA_proletarian_dictatorship;오스트레일리아데빌 공동체공화국;;;;;;;;;;;;;x
TIB_bourgeois_dictatorship;가밍 지방자치연맹;;;;;;;;;;;;;x
TIB_fascist_dictatorship;가밍 국민통합국;;;;;;;;;;;;;x
TIB_presidential_dictatorship;가밍 군사평의회;;;;;;;;;;;;;x
TIB_proletarian_dictatorship;가밍 인민공화국;;;;;;;;;;;;;x
TIG_bourgeois_dictatorship;티그라이 지역자치연맹;;;;;;;;;;;;;x
TIG_fascist_dictatorship;티그라이 국민통합국;;;;;;;;;;;;;x
TIG_presidential_dictatorship;티그라이 군사평의회;;;;;;;;;;;;;x
TIG_proletarian_dictatorship;티그라이 인민공화국;;;;;;;;;;;;;x
TKG_bourgeois_dictatorship;백귀야행 상공동아리 이사회;;;;;;;;;;;;;x
TKM_bourgeois_dictatorship;투예 도시상인연맹;;;;;;;;;;;;;x
TKM_fascist_dictatorship;투예 국민통합국;;;;;;;;;;;;;x
TKM_presidential_dictatorship;투예 군사평의회;;;;;;;;;;;;;x
TKM_proletarian_dictatorship;투예 인민공화국;;;;;;;;;;;;;x
TKS_bourgeois_dictatorship;바닐라 도시상인연맹;;;;;;;;;;;;;x
TKS_fascist_dictatorship;바닐라 국민통합국;;;;;;;;;;;;;x
TKS_presidential_dictatorship;바닐라 군사평의회;;;;;;;;;;;;;x
TKS_proletarian_dictatorship;바닐라 인민공화국;;;;;;;;;;;;;x
TMR_bourgeois_dictatorship;Mon3tr 섬자치연맹;;;;;;;;;;;;;x
TMR_fascist_dictatorship;Mon3tr 국민통합국;;;;;;;;;;;;;x
TMR_presidential_dictatorship;Mon3tr 군사평의회;;;;;;;;;;;;;x
TMR_proletarian_dictatorship;Mon3tr 공동체공화국;;;;;;;;;;;;;x
TMT_bourgeois_dictatorship;넓적부리황새 섬자치연맹;;;;;;;;;;;;;x
TMT_fascist_dictatorship;넓적부리황새 국민통합국;;;;;;;;;;;;;x
TMT_presidential_dictatorship;넓적부리황새 군사평의회;;;;;;;;;;;;;x
TMT_proletarian_dictatorship;넓적부리황새 공동체공화국;;;;;;;;;;;;;x
TNT_bourgeois_dictatorship;이스티나 도시상인연맹;;;;;;;;;;;;;x
TNT_fascist_dictatorship;이스티나 국민통합국;;;;;;;;;;;;;x
TNT_presidential_dictatorship;이스티나 군사평의회;;;;;;;;;;;;;x
TNT_proletarian_dictatorship;이스티나 인민공화국;;;;;;;;;;;;;x
TNZ_bourgeois_dictatorship;탕가니카 도시자치연맹;;;;;;;;;;;;;x
TNZ_fascist_dictatorship;탕가니카 국민통합국;;;;;;;;;;;;;x
TNZ_presidential_dictatorship;탕가니카 군사평의회;;;;;;;;;;;;;x
TNZ_proletarian_dictatorship;탕가니카 인민공화국;;;;;;;;;;;;;x
TOG_bourgeois_dictatorship;토고 도시자치연맹;;;;;;;;;;;;;x
TOG_fascist_dictatorship;토고 국민통합국;;;;;;;;;;;;;x
TOG_presidential_dictatorship;토고 군사평의회;;;;;;;;;;;;;x
TOG_proletarian_dictatorship;토고 인민공화국;;;;;;;;;;;;;x
TOO_bourgeois_dictatorship;푸타토로 도시상인연맹;;;;;;;;;;;;;x
TOO_fascist_dictatorship;푸타토로 국민통합국;;;;;;;;;;;;;x
TOO_presidential_dictatorship;푸타토로 군사평의회;;;;;;;;;;;;;x
TOO_proletarian_dictatorship;푸타토로 인민공화국;;;;;;;;;;;;;x
TOR_bourgeois_dictatorship;토로 도시자치연맹;;;;;;;;;;;;;x
TOR_fascist_dictatorship;토로 국민통합국;;;;;;;;;;;;;x
TOR_presidential_dictatorship;토로 군사평의회;;;;;;;;;;;;;x
TOR_proletarian_dictatorship;토로 인민공화국;;;;;;;;;;;;;x
TOS_bourgeois_dictatorship;미모리 도시자치연합;;;;;;;;;;;;;x
TOS_fascist_dictatorship;미모리 국민정부;;;;;;;;;;;;;x
TOS_presidential_dictatorship;미모리 군정;;;;;;;;;;;;;x
TOS_proletarian_dictatorship;미모리 인민공화국;;;;;;;;;;;;;x
TRA_bourgeois_dictatorship;스커크 상인자치연맹;;;;;;;;;;;;;x
TRA_fascist_dictatorship;스커크 국민연합국;;;;;;;;;;;;;x
TRA_presidential_dictatorship;스커크 군사정부;;;;;;;;;;;;;x
TRA_proletarian_dictatorship;스커크 인민공화국;;;;;;;;;;;;;x
TRE_bourgeois_dictatorship;장 바르 도시공화국;;;;;;;;;;;;;x
TRE_fascist_dictatorship;장 바르 국민통합국;;;;;;;;;;;;;x
TRE_presidential_dictatorship;장 바르 집정정부;;;;;;;;;;;;;x
TRE_proletarian_dictatorship;장 바르 사회주의 공화국;;;;;;;;;;;;;x
TRI_bourgeois_dictatorship;키요히메 상인협의국;;;;;;;;;;;;;x
TRI_fascist_dictatorship;키요히메 국민통합국;;;;;;;;;;;;;x
TRI_presidential_dictatorship;키요히메 군사평의회;;;;;;;;;;;;;x
TRI_proletarian_dictatorship;키요히메 사회주의 공화국;;;;;;;;;;;;;x
TRN_bourgeois_dictatorship;트란스발 시민공화국;;;;;;;;;;;;;x
TRN_fascist_dictatorship;트란스발 국민국가;;;;;;;;;;;;;x
TRN_presidential_dictatorship;트란스발 총사령관령;;;;;;;;;;;;;x
TRN_proletarian_dictatorship;트란스발 노동자공화국;;;;;;;;;;;;;x
TRP_bourgeois_dictatorship;이네파 상인자치연맹;;;;;;;;;;;;;x
TRP_fascist_dictatorship;이네파 국민연합국;;;;;;;;;;;;;x
TRP_presidential_dictatorship;이네파 군사정부;;;;;;;;;;;;;x
TRP_proletarian_dictatorship;이네파 인민공화국;;;;;;;;;;;;;x
TST_bourgeois_dictatorship;사일런스 스즈카 도시공화국;;;;;;;;;;;;;x
TST_fascist_dictatorship;사일런스 스즈카 국민통합국;;;;;;;;;;;;;x
TST_presidential_dictatorship;사일런스 스즈카 집정정부;;;;;;;;;;;;;x
TST_proletarian_dictatorship;사일런스 스즈카 사회주의 공화국;;;;;;;;;;;;;x
TSW_bourgeois_dictatorship;보츠와나 도시자치연맹;;;;;;;;;;;;;x
TSW_fascist_dictatorship;보츠와나 국민통합국;;;;;;;;;;;;;x
TSW_presidential_dictatorship;보츠와나 군사평의회;;;;;;;;;;;;;x
TSW_proletarian_dictatorship;보츠와나 인민공화국;;;;;;;;;;;;;x
TTB_bourgeois_dictatorship;심스 주권주연합;;;;;;;;;;;;;x
TTB_fascist_dictatorship;심스 국민통합국;;;;;;;;;;;;;x
TTB_presidential_dictatorship;심스 군사평의회;;;;;;;;;;;;;x
TTB_proletarian_dictatorship;심스 사회주의 공화국;;;;;;;;;;;;;x
TUG_bourgeois_dictatorship;코얀스카야 상인협의국;;;;;;;;;;;;;x
TUG_fascist_dictatorship;코얀스카야 국민통합국;;;;;;;;;;;;;x
TUG_presidential_dictatorship;코얀스카야 군사평의회;;;;;;;;;;;;;x
TUG_proletarian_dictatorship;코얀스카야 사회주의 공화국;;;;;;;;;;;;;x
TUN_bourgeois_dictatorship;세리카 상인협의국;;;;;;;;;;;;;x
TUN_fascist_dictatorship;세리카 국민통합국;;;;;;;;;;;;;x
TUN_presidential_dictatorship;세리카 군사평의회;;;;;;;;;;;;;x
TUN_proletarian_dictatorship;세리카 사회주의 공화국;;;;;;;;;;;;;x
TUS_bourgeois_dictatorship;가스코뉴 도시공화국;;;;;;;;;;;;;x
TUS_fascist_dictatorship;가스코뉴 국민통합국;;;;;;;;;;;;;x
TUS_presidential_dictatorship;가스코뉴 집정정부;;;;;;;;;;;;;x
TUS_proletarian_dictatorship;가스코뉴 사회주의 공화국;;;;;;;;;;;;;x
U01_bourgeois_dictatorship;호시카와 릴리 상인연방;;;;;;;;;;;;;x
U01_fascist_dictatorship;호시카와 릴리 국민연합국;;;;;;;;;;;;;x
U01_presidential_dictatorship;호시카와 릴리 호국경령;;;;;;;;;;;;;x
U01_proletarian_dictatorship;호시카와 릴리 노동자공화국;;;;;;;;;;;;;x
U02_bourgeois_dictatorship;콘노 준코 상인연방;;;;;;;;;;;;;x
U02_fascist_dictatorship;콘노 준코 국민연합국;;;;;;;;;;;;;x
U02_presidential_dictatorship;콘노 준코 호국경령;;;;;;;;;;;;;x
U02_proletarian_dictatorship;콘노 준코 노동자공화국;;;;;;;;;;;;;x
UBD_bourgeois_dictatorship;호넷 자유시;;;;;;;;;;;;;x
UCA_bourgeois_dictatorship;나타 부족연맹 주권주연합;;;;;;;;;;;;;x
UCA_fascist_dictatorship;나타 부족연맹 국민통합국;;;;;;;;;;;;;x
UCA_presidential_dictatorship;나타 부족연맹 군사평의회;;;;;;;;;;;;;x
UCV_bourgeois_dictatorship;브륀힐데 상회연합;;;;;;;;;;;;;x
UCV_fascist_dictatorship;브륀힐데 국민정부;;;;;;;;;;;;;x
UCV_presidential_dictatorship;브륀힐데 군정부;;;;;;;;;;;;;x
UCV_proletarian_dictatorship;브륀힐데 인민공화국;;;;;;;;;;;;;x
UIL_bourgeois_dictatorship;프란카 주권주연합;;;;;;;;;;;;;x
UKR_bourgeois_dictatorship;다니카 도시자치연맹;;;;;;;;;;;;;x
UKR_fascist_dictatorship;다니카 국민통합국;;;;;;;;;;;;;x
UKR_presidential_dictatorship;다니카 총재정부;;;;;;;;;;;;;x
UKR_proletarian_dictatorship;다니카 소비에트 공화국;;;;;;;;;;;;;x
UKY_bourgeois_dictatorship;파인콘 주권주연합;;;;;;;;;;;;;x
UKY_fascist_dictatorship;파인콘 국민연합국;;;;;;;;;;;;;x
UKY_presidential_dictatorship;파인콘 군사정부;;;;;;;;;;;;;x
UKY_proletarian_dictatorship;파인콘 사회주의 연방;;;;;;;;;;;;;x
UNB_bourgeois_dictatorship;엔터프라이즈 주권주연합;;;;;;;;;;;;;x
UNB_fascist_dictatorship;엔터프라이즈 국민연합국;;;;;;;;;;;;;x
UNB_presidential_dictatorship;엔터프라이즈 군사정부;;;;;;;;;;;;;x
UNB_proletarian_dictatorship;엔터프라이즈 사회주의 연방;;;;;;;;;;;;;x
UNM_bourgeois_dictatorship;클리블랜드 자치부족연맹;;;;;;;;;;;;;x
UNM_fascist_dictatorship;클리블랜드 민족통합국;;;;;;;;;;;;;x
UNM_presidential_dictatorship;클리블랜드 전사평의회;;;;;;;;;;;;;x
UOR_bourgeois_dictatorship;에식스 주권주연합;;;;;;;;;;;;;x
UOR_presidential_dictatorship;에식스 군사정부;;;;;;;;;;;;;x
URA_bourgeois_dictatorship;압생트 지방자치연맹;;;;;;;;;;;;;x
URA_fascist_dictatorship;압생트 국민통합국;;;;;;;;;;;;;x
URA_presidential_dictatorship;압생트 군사평의회;;;;;;;;;;;;;x
URM_bourgeois_dictatorship;라이덴 상인공화국;;;;;;;;;;;;;x
URM_fascist_dictatorship;라이덴 국민통합국;;;;;;;;;;;;;x
URM_presidential_dictatorship;라이덴 군사평의회;;;;;;;;;;;;;x
URM_proletarian_dictatorship;라이덴 인민공화국;;;;;;;;;;;;;x
URP_bourgeois_dictatorship;에이야퍄들라 도시자치연맹;;;;;;;;;;;;;x
URP_fascist_dictatorship;에이야퍄들라 국민국가;;;;;;;;;;;;;x
URP_presidential_dictatorship;에이야퍄들라 군사섭정정부;;;;;;;;;;;;;x
URP_proletarian_dictatorship;에이야퍄들라 인민공화국;;;;;;;;;;;;;x
URU_bourgeois_dictatorship;남부작은개미핥기 주권주연합;;;;;;;;;;;;;x
URU_fascist_dictatorship;남부작은개미핥기 국민통합국;;;;;;;;;;;;;x
URU_presidential_dictatorship;남부작은개미핥기 군사평의회;;;;;;;;;;;;;x
URU_proletarian_dictatorship;남부작은개미핥기 사회주의 공화국;;;;;;;;;;;;;x
USS_bourgeois_dictatorship;청금강앵무 주권주연합;;;;;;;;;;;;;x
USS_presidential_dictatorship;청금강앵무 군사정부;;;;;;;;;;;;;x
UTI_bourgeois_dictatorship;미나모토 사쿠라 상인연방;;;;;;;;;;;;;x
UTI_fascist_dictatorship;미나모토 사쿠라 국민연합국;;;;;;;;;;;;;x
UTI_presidential_dictatorship;미나모토 사쿠라 호국경령;;;;;;;;;;;;;x
UTI_proletarian_dictatorship;미나모토 사쿠라 노동자공화국;;;;;;;;;;;;;x
UUW_bourgeois_dictatorship;우수위 도시자치연맹;;;;;;;;;;;;;x
UUW_fascist_dictatorship;우수위 국민통합국;;;;;;;;;;;;;x
UUW_presidential_dictatorship;우수위 군사평의회;;;;;;;;;;;;;x
UUW_proletarian_dictatorship;우수위 인민공화국;;;;;;;;;;;;;x
UVT_bourgeois_dictatorship;새러토가 주권주연합;;;;;;;;;;;;;x
UVT_fascist_dictatorship;새러토가 국민연합국;;;;;;;;;;;;;x
UVT_presidential_dictatorship;새러토가 군사정부;;;;;;;;;;;;;x
UVT_proletarian_dictatorship;새러토가 사회주의 연방;;;;;;;;;;;;;x
UYG_bourgeois_dictatorship;란옌 도시상인연맹;;;;;;;;;;;;;x
UYG_fascist_dictatorship;란옌 국민통합국;;;;;;;;;;;;;x
UYG_presidential_dictatorship;란옌 군사평의회;;;;;;;;;;;;;x
UYG_proletarian_dictatorship;란옌 인민공화국;;;;;;;;;;;;;x
UZB_bourgeois_dictatorship;버블 도시상인연맹;;;;;;;;;;;;;x
UZB_fascist_dictatorship;버블 국민통합국;;;;;;;;;;;;;x
UZB_presidential_dictatorship;버블 군사평의회;;;;;;;;;;;;;x
UZB_proletarian_dictatorship;버블 인민공화국;;;;;;;;;;;;;x
VAN_bourgeois_dictatorship;뉴저지 상인연방;;;;;;;;;;;;;x
VAN_fascist_dictatorship;뉴저지 국민연합국;;;;;;;;;;;;;x
VAN_presidential_dictatorship;뉴저지 호국경령;;;;;;;;;;;;;x
VAN_proletarian_dictatorship;뉴저지 노동자공화국;;;;;;;;;;;;;x
VEN_bourgeois_dictatorship;생루이 도시공화국;;;;;;;;;;;;;x
VEN_fascist_dictatorship;생루이 국민통합국;;;;;;;;;;;;;x
VEN_proletarian_dictatorship;생루이 사회주의 공화국;;;;;;;;;;;;;x
VLG_bourgeois_dictatorship;Z1 레베레히트 마스 자유시;;;;;;;;;;;;;x
VLG_presidential_dictatorship;Z1 레베레히트 마스 군사집정부;;;;;;;;;;;;;x
VLK_bourgeois_dictatorship;남아프리카 시민공화국;;;;;;;;;;;;;x
VLK_fascist_dictatorship;남아프리카 국민국가;;;;;;;;;;;;;x
VLK_presidential_dictatorship;남아프리카 총사령관령;;;;;;;;;;;;;x
VLP_bourgeois_dictatorship;하베트롯 주권주연합;;;;;;;;;;;;;x
VLP_fascist_dictatorship;하베트롯 국민통합국;;;;;;;;;;;;;x
VLP_presidential_dictatorship;하베트롯 군사평의회;;;;;;;;;;;;;x
VLP_proletarian_dictatorship;하베트롯 사회주의 공화국;;;;;;;;;;;;;x
VNG_bourgeois_dictatorship;나가오 카게토라 주권주연합;;;;;;;;;;;;;x
VNG_fascist_dictatorship;나가오 카게토라 국민통합국;;;;;;;;;;;;;x
VNG_presidential_dictatorship;나가오 카게토라 군사평의회;;;;;;;;;;;;;x
VNG_proletarian_dictatorship;나가오 카게토라 사회주의 공화국;;;;;;;;;;;;;x
VNS_bourgeois_dictatorship;이바라키도지 주권주연합;;;;;;;;;;;;;x
VNS_fascist_dictatorship;이바라키도지 국민통합국;;;;;;;;;;;;;x
VNS_presidential_dictatorship;이바라키도지 군사평의회;;;;;;;;;;;;;x
VNS_proletarian_dictatorship;이바라키도지 사회주의 공화국;;;;;;;;;;;;;x
VNZ_bourgeois_dictatorship;파비올라 이글레시아스 주권주연합;;;;;;;;;;;;;x
VNZ_fascist_dictatorship;파비올라 이글레시아스 국민통합국;;;;;;;;;;;;;x
VNZ_presidential_dictatorship;파비올라 이글레시아스 군사평의회;;;;;;;;;;;;;x
VNZ_proletarian_dictatorship;파비올라 이글레시아스 사회주의 공화국;;;;;;;;;;;;;x
VOJ_bourgeois_dictatorship;호시구마 도시자치연맹;;;;;;;;;;;;;x
VOJ_fascist_dictatorship;호시구마 국민국가;;;;;;;;;;;;;x
VOJ_presidential_dictatorship;호시구마 군사섭정정부;;;;;;;;;;;;;x
VOJ_proletarian_dictatorship;호시구마 인민공화국;;;;;;;;;;;;;x
VOP_bourgeois_dictatorship;스페이스 이슈타르 주권주연합;;;;;;;;;;;;;x
VOP_fascist_dictatorship;스페이스 이슈타르 국민통합국;;;;;;;;;;;;;x
VOP_presidential_dictatorship;스페이스 이슈타르 군사평의회;;;;;;;;;;;;;x
VOP_proletarian_dictatorship;스페이스 이슈타르 사회주의 공화국;;;;;;;;;;;;;x
VTU_bourgeois_dictatorship;시바테리움 섬자치연맹;;;;;;;;;;;;;x
VTU_fascist_dictatorship;시바테리움 국민통합국;;;;;;;;;;;;;x
VTU_presidential_dictatorship;시바테리움 군사평의회;;;;;;;;;;;;;x
VTU_proletarian_dictatorship;시바테리움 공동체공화국;;;;;;;;;;;;;x
WAD_bourgeois_dictatorship;와다이 도시상인연맹;;;;;;;;;;;;;x
WAD_fascist_dictatorship;와다이 국민통합국;;;;;;;;;;;;;x
WAD_presidential_dictatorship;와다이 군사평의회;;;;;;;;;;;;;x
WAD_proletarian_dictatorship;와다이 인민공화국;;;;;;;;;;;;;x
WAL_bourgeois_dictatorship;발레리 체페슈 도시자치연맹;;;;;;;;;;;;;x
WAL_fascist_dictatorship;발레리 체페슈 국민국가;;;;;;;;;;;;;x
WAL_presidential_dictatorship;발레리 체페슈 군사섭정정부;;;;;;;;;;;;;x
WAL_proletarian_dictatorship;발레리 체페슈 인민공화국;;;;;;;;;;;;;x
WAN_bourgeois_dictatorship;왕가 도시자치연맹;;;;;;;;;;;;;x
WAN_fascist_dictatorship;왕가 국민통합국;;;;;;;;;;;;;x
WAN_presidential_dictatorship;왕가 군사평의회;;;;;;;;;;;;;x
WAN_proletarian_dictatorship;왕가 인민공화국;;;;;;;;;;;;;x
WAS_bourgeois_dictatorship;치토 자유도시연맹;;;;;;;;;;;;;x
WAS_presidential_dictatorship;치토 군사평의회;;;;;;;;;;;;;x
WAS_proletarian_dictatorship;치토 평의회 공화국;;;;;;;;;;;;;x
WEI_bourgeois_dictatorship;다이와 스칼렛 자유시;;;;;;;;;;;;;x
WEI_presidential_dictatorship;다이와 스칼렛 군사집정부;;;;;;;;;;;;;x
WES_bourgeois_dictatorship;티엠 오페라 오 자유시;;;;;;;;;;;;;x
WES_fascist_dictatorship;티엠 오페라 오 국민국가;;;;;;;;;;;;;x
WES_presidential_dictatorship;티엠 오페라 오 군사집정부;;;;;;;;;;;;;x
WES_proletarian_dictatorship;티엠 오페라 오 평의회 공화국;;;;;;;;;;;;;x
WHA_bourgeois_dictatorship;코하루 상인연방;;;;;;;;;;;;;x
WHA_fascist_dictatorship;코하루 국민연합국;;;;;;;;;;;;;x
WHA_presidential_dictatorship;코하루 호국경령;;;;;;;;;;;;;x
WHA_proletarian_dictatorship;코하루 노동자공화국;;;;;;;;;;;;;x
WIA_bourgeois_dictatorship;프틸롭시스 상인연합;;;;;;;;;;;;;x
WIA_fascist_dictatorship;프틸롭시스 국민국가;;;;;;;;;;;;;x
WIA_presidential_dictatorship;프틸롭시스 군사평의회;;;;;;;;;;;;;x
WIA_proletarian_dictatorship;프틸롭시스 인민공화국;;;;;;;;;;;;;x
WIN_bourgeois_dictatorship;알파카 수리 주권주연합;;;;;;;;;;;;;x
WIN_fascist_dictatorship;알파카 수리 국민통합국;;;;;;;;;;;;;x
WIN_presidential_dictatorship;알파카 수리 군사평의회;;;;;;;;;;;;;x
WIN_proletarian_dictatorship;알파카 수리 사회주의 공화국;;;;;;;;;;;;;x
WLD_bourgeois_dictatorship;나이스 네이처 자유시;;;;;;;;;;;;;x
WLD_presidential_dictatorship;나이스 네이처 군사집정부;;;;;;;;;;;;;x
WLL_bourgeois_dictatorship;엠버 총재정부;;;;;;;;;;;;;x
WLL_fascist_dictatorship;엠버 국민국가;;;;;;;;;;;;;x
WLL_presidential_dictatorship;엠버 집정정부;;;;;;;;;;;;;x
WLL_proletarian_dictatorship;엠버 코뮌;;;;;;;;;;;;;x
WOL_bourgeois_dictatorship;월로프 도시상인연맹;;;;;;;;;;;;;x
WOL_fascist_dictatorship;월로프 국민통합국;;;;;;;;;;;;;x
WOL_presidential_dictatorship;월로프 군사평의회;;;;;;;;;;;;;x
WOL_proletarian_dictatorship;월로프 인민공화국;;;;;;;;;;;;;x
WRI_bourgeois_dictatorship;와리 도시자치연맹;;;;;;;;;;;;;x
WRI_fascist_dictatorship;와리 국민통합국;;;;;;;;;;;;;x
WRI_presidential_dictatorship;와리 군사평의회;;;;;;;;;;;;;x
WRI_proletarian_dictatorship;와리 인민공화국;;;;;;;;;;;;;x
WRL_bourgeois_dictatorship;와르상갈리 항구도시연맹;;;;;;;;;;;;;x
WRL_fascist_dictatorship;와르상갈리 국민국가;;;;;;;;;;;;;x
WRL_presidential_dictatorship;와르상갈리 군사평의회;;;;;;;;;;;;;x
WRL_proletarian_dictatorship;와르상갈리 인민공화국;;;;;;;;;;;;;x
WSF_bourgeois_dictatorship;토사 귀족공화국;;;;;;;;;;;;;x
WSF_fascist_dictatorship;토사 국민연합국;;;;;;;;;;;;;x
WSF_presidential_dictatorship;토사 군사집정부;;;;;;;;;;;;;x
WSF_proletarian_dictatorship;토사 인민공화국;;;;;;;;;;;;;x
WUR_bourgeois_dictatorship;트레센 자유시;;;;;;;;;;;;;x
WUR_presidential_dictatorship;트레센 군사집정부;;;;;;;;;;;;;x
XBI_bourgeois_dictatorship;비소 상회연합;;;;;;;;;;;;;x
XBI_fascist_dictatorship;비소 국민정부;;;;;;;;;;;;;x
XBI_proletarian_dictatorship;비소 인민공화국;;;;;;;;;;;;;x
XHO_bourgeois_dictatorship;코사 도시자치연맹;;;;;;;;;;;;;x
XHO_fascist_dictatorship;코사 국민통합국;;;;;;;;;;;;;x
XHO_presidential_dictatorship;코사 군사평의회;;;;;;;;;;;;;x
XHO_proletarian_dictatorship;코사 인민공화국;;;;;;;;;;;;;x
XIN_bourgeois_dictatorship;선주 연맹 상회연합;;;;;;;;;;;;;x
XIN_fascist_dictatorship;선주 연맹 국민정부;;;;;;;;;;;;;x
XIN_proletarian_dictatorship;선주 연맹 인민공화국;;;;;;;;;;;;;x
YAK_bourgeois_dictatorship;레토 자치부족연맹;;;;;;;;;;;;;x
YAK_fascist_dictatorship;레토 민족통합국;;;;;;;;;;;;;x
YAK_presidential_dictatorship;레토 전사평의회;;;;;;;;;;;;;x
YAK_proletarian_dictatorship;레토 공동체연방;;;;;;;;;;;;;x
YEM_bourgeois_dictatorship;야호다 상인협의국;;;;;;;;;;;;;x
YEM_fascist_dictatorship;야호다 국민통합국;;;;;;;;;;;;;x
YEM_presidential_dictatorship;야호다 군사평의회;;;;;;;;;;;;;x
YNN_bourgeois_dictatorship;부현 상회연합;;;;;;;;;;;;;x
YNN_fascist_dictatorship;부현 국민정부;;;;;;;;;;;;;x
YNN_proletarian_dictatorship;부현 인민공화국;;;;;;;;;;;;;x
YUC_bourgeois_dictatorship;바슈 주권주연합;;;;;;;;;;;;;x
YUC_fascist_dictatorship;바슈 국민통합국;;;;;;;;;;;;;x
YUC_presidential_dictatorship;바슈 군사평의회;;;;;;;;;;;;;x
YUC_proletarian_dictatorship;바슈 사회주의 공화국;;;;;;;;;;;;;x
YUG_bourgeois_dictatorship;비르투오사 도시자치연맹;;;;;;;;;;;;;x
YUG_fascist_dictatorship;비르투오사 국민국가;;;;;;;;;;;;;x
YUG_presidential_dictatorship;비르투오사 군사섭정정부;;;;;;;;;;;;;x
YUG_proletarian_dictatorship;비르투오사 인민공화국;;;;;;;;;;;;;x
YZW_bourgeois_dictatorship;시즈코 도시자치연합;;;;;;;;;;;;;x
YZW_fascist_dictatorship;시즈코 국민정부;;;;;;;;;;;;;x
YZW_presidential_dictatorship;시즈코 군정;;;;;;;;;;;;;x
YZW_proletarian_dictatorship;시즈코 인민공화국;;;;;;;;;;;;;x
ZAC_bourgeois_dictatorship;샌디에고 주권주연합;;;;;;;;;;;;;x
ZAC_fascist_dictatorship;샌디에고 국민통합국;;;;;;;;;;;;;x
ZAC_presidential_dictatorship;샌디에고 군사평의회;;;;;;;;;;;;;x
ZAC_proletarian_dictatorship;샌디에고 사회주의 공화국;;;;;;;;;;;;;x
ZAM_bourgeois_dictatorship;잠비아 도시자치연맹;;;;;;;;;;;;;x
ZAM_fascist_dictatorship;잠비아 국민통합국;;;;;;;;;;;;;x
ZAM_presidential_dictatorship;잠비아 군사평의회;;;;;;;;;;;;;x
ZAM_proletarian_dictatorship;잠비아 인민공화국;;;;;;;;;;;;;x
ZAN_bourgeois_dictatorship;잔지바르 항구도시연맹;;;;;;;;;;;;;x
ZAN_fascist_dictatorship;잔지바르 국민국가;;;;;;;;;;;;;x
ZAN_presidential_dictatorship;잔지바르 군사평의회;;;;;;;;;;;;;x
ZAN_proletarian_dictatorship;잔지바르 인민공화국;;;;;;;;;;;;;x
ZBW_bourgeois_dictatorship;짐바브웨 도시자치연맹;;;;;;;;;;;;;x
ZBW_fascist_dictatorship;짐바브웨 국민통합국;;;;;;;;;;;;;x
ZBW_presidential_dictatorship;짐바브웨 군사평의회;;;;;;;;;;;;;x
ZBW_proletarian_dictatorship;짐바브웨 인민공화국;;;;;;;;;;;;;x
ZFN_bourgeois_dictatorship;에스코피에 부족협의국;;;;;;;;;;;;;x
ZFN_fascist_dictatorship;에스코피에 국민통합국;;;;;;;;;;;;;x
ZFN_presidential_dictatorship;에스코피에 군사평의회;;;;;;;;;;;;;x
ZFN_proletarian_dictatorship;에스코피에 인민공화국;;;;;;;;;;;;;x
ZOM_bourgeois_dictatorship;유리 자유도시연맹;;;;;;;;;;;;;x
ZOM_fascist_dictatorship;유리 총동원국;;;;;;;;;;;;;x
ZOM_presidential_dictatorship;유리 군사평의회;;;;;;;;;;;;;x
ZOM_proletarian_dictatorship;유리 평의회 공화국;;;;;;;;;;;;;x
ZOU_bourgeois_dictatorship;자우트판스베르흐 시민공화국;;;;;;;;;;;;;x
ZOU_fascist_dictatorship;자우트판스베르흐 국민국가;;;;;;;;;;;;;x
ZOU_presidential_dictatorship;자우트판스베르흐 총사령관령;;;;;;;;;;;;;x
ZOU_proletarian_dictatorship;자우트판스베르흐 노동자공화국;;;;;;;;;;;;;x
ZUL_bourgeois_dictatorship;줄루 도시자치연맹;;;;;;;;;;;;;x
ZUL_fascist_dictatorship;줄루 국민통합국;;;;;;;;;;;;;x
ZUL_presidential_dictatorship;줄루 군사평의회;;;;;;;;;;;;;x
ZUL_proletarian_dictatorship;줄루 인민공화국;;;;;;;;;;;;;x
FRA_absolute_monarchy;키보토스 왕국;;;;;;;;;;;;;x
FRA_absolute_monarchy2;키보토스 세습왕국;;;;;;;;;;;;;x
FRA_bourgeois_dictatorship;키보토스 총재정부;;;;;;;;;;;;;x
FRA_democracy;키보토스 공화국;;;;;;;;;;;;;x
FRA_fascist_dictatorship;키보토스 국민국가;;;;;;;;;;;;;x
FRA_hms_government;키보토스 입헌왕국;;;;;;;;;;;;;x
FRA_hms_government2;키보토스 총학생회;;;;;;;;;;;;;x
FRA_presidential_dictatorship;키보토스 집정정부;;;;;;;;;;;;;x
FRA_prussian_constitutionalism;키보토스 왕실국무원;;;;;;;;;;;;;x
FRA_prussian_constitutionalism2;키보토스 왕실참의회;;;;;;;;;;;;;x
ABA_absolute_monarchy;모르지아나 토후국;;;;;;;;;;;;;x
ABA_absolute_monarchy2;모르지아나 세습토후국;;;;;;;;;;;;;x
ABA_colonial_company;모르지아나 통상회사령;;;;;;;;;;;;;x
ABA_democracy;모르지아나 공화국;;;;;;;;;;;;;x
ABA_democracy2;모르지아나 의회공화국;;;;;;;;;;;;;x
ABA_dominion;모르지아나 자치령;;;;;;;;;;;;;x
ABA_dominion2;모르지아나 자치연방;;;;;;;;;;;;;x
ABA_dominion3;모르지아나 보호토후령;;;;;;;;;;;;;x
ABA_hms_government;모르지아나 입헌토후국;;;;;;;;;;;;;x
ABA_hms_government2;모르지아나 의회내각;;;;;;;;;;;;;x
ABA_prussian_constitutionalism;모르지아나 슈라 평의회;;;;;;;;;;;;;x
ABA_prussian_constitutionalism2;모르지아나 귀족협의회;;;;;;;;;;;;;x
ABA_theocracy;모르지아나 이맘국;;;;;;;;;;;;;x
ABA_trade_unions_congress;모르지아나 노동조합총연맹;;;;;;;;;;;;;x
ABK_absolute_monarchy2;아시리파 세습공국;;;;;;;;;;;;;x
ABK_colonial_company;아시리파 특허회사령;;;;;;;;;;;;;x
ABK_democracy2;아시리파 의회공화국;;;;;;;;;;;;;x
ABK_dominion;아시리파 자치령;;;;;;;;;;;;;x
ABK_dominion2;아시리파 자치연방;;;;;;;;;;;;;x
ABK_dominion3;아시리파 왕실속령;;;;;;;;;;;;;x
ABK_hms_government2;아시리파 의회내각;;;;;;;;;;;;;x
ABK_prussian_constitutionalism2;아시리파 왕실참의회;;;;;;;;;;;;;x
ABK_theocracy;아시리파 총대주교령;;;;;;;;;;;;;x
ABK_trade_unions_congress;아시리파 노동자평의회;;;;;;;;;;;;;x
ABU_colonial_company;사오리 통상회사령;;;;;;;;;;;;;x
ABU_democracy;사오리 공화국;;;;;;;;;;;;;x
ABU_democracy2;사오리 의회공화국;;;;;;;;;;;;;x
ABU_dominion;사오리 자치령;;;;;;;;;;;;;x
ABU_dominion2;사오리 자치연방;;;;;;;;;;;;;x
ABU_dominion3;사오리 보호토후령;;;;;;;;;;;;;x
ABU_hms_government;사오리 입헌토후국;;;;;;;;;;;;;x
ABU_hms_government2;사오리 의회내각;;;;;;;;;;;;;x
ABU_prussian_constitutionalism;사오리 슈라 평의회;;;;;;;;;;;;;x
ABU_prussian_constitutionalism2;사오리 귀족협의회;;;;;;;;;;;;;x
ABU_theocracy;사오리 이맘국;;;;;;;;;;;;;x
ABU_trade_unions_congress;사오리 노동조합총연맹;;;;;;;;;;;;;x
ACA_absolute_monarchy;아리스 왕국;;;;;;;;;;;;;x
ACA_absolute_monarchy2;아리스 세습왕국;;;;;;;;;;;;;x
ACA_democracy;아리스 공화국;;;;;;;;;;;;;x
ACA_democracy2;아리스 의회공화국;;;;;;;;;;;;;x
ACA_dominion2;아리스 자치연방;;;;;;;;;;;;;x
ACA_dominion3;아리스 왕실속령;;;;;;;;;;;;;x
ACA_hms_government;아리스 입헌왕국;;;;;;;;;;;;;x
ACA_hms_government2;아리스 의회내각;;;;;;;;;;;;;x
ACA_prussian_constitutionalism;아리스 왕실국무원;;;;;;;;;;;;;x
ACA_prussian_constitutionalism2;아리스 왕실참의회;;;;;;;;;;;;;x
ACA_theocracy;아리스 주교령;;;;;;;;;;;;;x
ACA_trade_unions_congress;아리스 노동총동맹;;;;;;;;;;;;;x
ACE_absolute_monarchy;조프루아고양이 제국;;;;;;;;;;;;;x
ACE_absolute_monarchy2;조프루아고양이 세습제국;;;;;;;;;;;;;x
ACE_colonial_company;조프루아고양이 특허회사령;;;;;;;;;;;;;x
ACE_democracy2;조프루아고양이 의회공화국;;;;;;;;;;;;;x
ACE_dominion;조프루아고양이 자치령;;;;;;;;;;;;;x
ACE_dominion2;조프루아고양이 자치연방;;;;;;;;;;;;;x
ACE_dominion3;조프루아고양이 왕실속령;;;;;;;;;;;;;x
ACE_hms_government;조프루아고양이 입헌제국;;;;;;;;;;;;;x
ACE_hms_government2;조프루아고양이 의회내각;;;;;;;;;;;;;x
ACE_prussian_constitutionalism;조프루아고양이 제국국무원;;;;;;;;;;;;;x
ACE_prussian_constitutionalism2;조프루아고양이 왕실참의회;;;;;;;;;;;;;x
ACE_theocracy;조프루아고양이 주교령;;;;;;;;;;;;;x
ACE_trade_unions_congress;조프루아고양이 노동자총연맹;;;;;;;;;;;;;x
ADO_absolute_monarchy;오니츠카 토마리 공동공국;;;;;;;;;;;;;x
ADO_absolute_monarchy2;오니츠카 토마리 왕조;;;;;;;;;;;;;x
ADO_colonial_company;오니츠카 토마리 특허회사령;;;;;;;;;;;;;x
ADO_democracy;오니츠카 토마리 공화국;;;;;;;;;;;;;x
ADO_democracy2;오니츠카 토마리 의회공화국;;;;;;;;;;;;;x
ADO_dominion;오니츠카 토마리 자치령;;;;;;;;;;;;;x
ADO_dominion2;오니츠카 토마리 자치연방;;;;;;;;;;;;;x
ADO_dominion3;오니츠카 토마리 왕실속령;;;;;;;;;;;;;x
ADO_hms_government;오니츠카 토마리 의회왕국;;;;;;;;;;;;;x
ADO_hms_government2;오니츠카 토마리 의회내각;;;;;;;;;;;;;x
ADO_prussian_constitutionalism;오니츠카 토마리 코르테스;;;;;;;;;;;;;x
ADO_prussian_constitutionalism2;오니츠카 토마리 왕실참의회;;;;;;;;;;;;;x
ADO_theocracy;오니츠카 토마리 주교령;;;;;;;;;;;;;x
ADO_trade_unions_congress;오니츠카 토마리 노동조합연합;;;;;;;;;;;;;x
ADV_absolute_monarchy2;아스나 세습공국;;;;;;;;;;;;;x
ADV_democracy2;아스나 도시공화국;;;;;;;;;;;;;x
ADV_dominion2;아스나 자치연방;;;;;;;;;;;;;x
ADV_dominion3;아스나 왕실직할령;;;;;;;;;;;;;x
ADV_hms_government2;아스나 영방내각;;;;;;;;;;;;;x
ADV_prussian_constitutionalism2;아스나 제후회의;;;;;;;;;;;;;x
ADV_theocracy;아스나 교회연합국;;;;;;;;;;;;;x
ADV_trade_unions_congress;아스나 노동자평의회;;;;;;;;;;;;;x
ADW_absolute_monarchy2;아다마와 세습토후국;;;;;;;;;;;;;x
ADW_colonial_company;아다마와 통상회사령;;;;;;;;;;;;;x
ADW_democracy2;아다마와 의회공화국;;;;;;;;;;;;;x
ADW_dominion;아다마와 자치령;;;;;;;;;;;;;x
ADW_dominion2;아다마와 자치연방;;;;;;;;;;;;;x
ADW_dominion3;아다마와 보호토후령;;;;;;;;;;;;;x
ADW_hms_government2;아다마와 의회내각;;;;;;;;;;;;;x
ADW_prussian_constitutionalism2;아다마와 귀족협의회;;;;;;;;;;;;;x
ADW_theocracy;아다마와 이맘국;;;;;;;;;;;;;x
ADW_trade_unions_congress;아다마와 노동조합총연맹;;;;;;;;;;;;;x
AFG_absolute_monarchy;미스라 수호왕정;;;;;;;;;;;;;x
AFG_absolute_monarchy2;미스라 성전수호 왕조;;;;;;;;;;;;;x
AFG_colonial_company;미스라 대상무역 관할령;;;;;;;;;;;;;x
AFG_democracy;미스라 수호연맹;;;;;;;;;;;;;x
AFG_democracy2;미스라 오아시스 자치의회;;;;;;;;;;;;;x
AFG_dominion;미스라 변경수호 자치령;;;;;;;;;;;;;x
AFG_dominion2;미스라 부족수호연합;;;;;;;;;;;;;x
AFG_dominion3;미스라 신전보호령;;;;;;;;;;;;;x
AFG_hms_government2;미스라 수호의정회;;;;;;;;;;;;;x
AFG_prussian_constitutionalism2;미스라 부족수호 원로회;;;;;;;;;;;;;x
AFG_trade_unions_congress;미스라 오아시스 노동연맹;;;;;;;;;;;;;x
AGC_absolute_monarchy;히메코 술탄국;;;;;;;;;;;;;x
AGC_absolute_monarchy2;히메코 세습술탄국;;;;;;;;;;;;;x
AGC_colonial_company;히메코 통상회사령;;;;;;;;;;;;;x
AGC_democracy;히메코 공화국;;;;;;;;;;;;;x
AGC_democracy2;히메코 의회공화국;;;;;;;;;;;;;x
AGC_dominion;히메코 자치령;;;;;;;;;;;;;x
AGC_dominion2;히메코 자치연방;;;;;;;;;;;;;x
AGC_dominion3;히메코 보호토후령;;;;;;;;;;;;;x
AGC_hms_government;히메코 입헌술탄국;;;;;;;;;;;;;x
AGC_hms_government2;히메코 의회내각;;;;;;;;;;;;;x
AGC_prussian_constitutionalism;히메코 술탄참사회;;;;;;;;;;;;;x
AGC_prussian_constitutionalism2;히메코 귀족협의회;;;;;;;;;;;;;x
AGC_theocracy;히메코 이맘국;;;;;;;;;;;;;x
AGC_trade_unions_congress;히메코 노동조합연맹;;;;;;;;;;;;;x
AIN_absolute_monarchy2;키쿄 왕조;;;;;;;;;;;;;x
AIN_colonial_company;키쿄 특허회사령;;;;;;;;;;;;;x
AIN_democracy;키쿄 부족공화국;;;;;;;;;;;;;x
AIN_democracy2;키쿄 의회공화국;;;;;;;;;;;;;x
AIN_dominion;키쿄 보호국;;;;;;;;;;;;;x
AIN_dominion2;키쿄 자치국연합;;;;;;;;;;;;;x
AIN_dominion3;키쿄 왕실보호령;;;;;;;;;;;;;x
AIN_hms_government;키쿄 입헌추장국;;;;;;;;;;;;;x
AIN_hms_government2;키쿄 의회내각;;;;;;;;;;;;;x
AIN_prussian_constitutionalism;키쿄 부족원로회;;;;;;;;;;;;;x
AIN_prussian_constitutionalism2;키쿄 추장원로회;;;;;;;;;;;;;x
AIN_theocracy;키쿄 제사장국;;;;;;;;;;;;;x
AIN_trade_unions_congress;키쿄 생산자연맹;;;;;;;;;;;;;x
AKH_absolute_monarchy2;니어 세습칸국;;;;;;;;;;;;;x
AKH_colonial_company;니어 통상회사령;;;;;;;;;;;;;x
AKH_democracy;니어 공화국;;;;;;;;;;;;;x
AKH_democracy2;니어 의회공화국;;;;;;;;;;;;;x
AKH_dominion;니어 자치령;;;;;;;;;;;;;x
AKH_dominion2;니어 자치연방;;;;;;;;;;;;;x
AKH_dominion3;니어 보호토후령;;;;;;;;;;;;;x
AKH_hms_government;니어 입헌칸국;;;;;;;;;;;;;x
AKH_hms_government2;니어 의회내각;;;;;;;;;;;;;x
AKH_prussian_constitutionalism2;니어 귀족협의회;;;;;;;;;;;;;x
AKH_theocracy;니어 이맘국;;;;;;;;;;;;;x
AKH_trade_unions_congress;니어 노동자평의회;;;;;;;;;;;;;x
ALB_absolute_monarchy;블라디레나 밀리제 왕국;;;;;;;;;;;;;x
ALB_absolute_monarchy2;블라디레나 밀리제 세습왕국;;;;;;;;;;;;;x
ALB_colonial_company;블라디레나 밀리제 특허회사령;;;;;;;;;;;;;x
ALB_democracy;블라디레나 밀리제 공화국;;;;;;;;;;;;;x
ALB_democracy2;블라디레나 밀리제 의회공화국;;;;;;;;;;;;;x
ALB_dominion;블라디레나 밀리제 자치령;;;;;;;;;;;;;x
ALB_dominion2;블라디레나 밀리제 자치연방;;;;;;;;;;;;;x
ALB_dominion3;블라디레나 밀리제 왕실속령;;;;;;;;;;;;;x
ALB_hms_government;블라디레나 밀리제 입헌왕국;;;;;;;;;;;;;x
ALB_hms_government2;블라디레나 밀리제 의회내각;;;;;;;;;;;;;x
ALB_prussian_constitutionalism;블라디레나 밀리제 왕실참사회;;;;;;;;;;;;;x
ALB_prussian_constitutionalism2;블라디레나 밀리제 왕실참의회;;;;;;;;;;;;;x
ALB_theocracy;블라디레나 밀리제 이맘국;;;;;;;;;;;;;x
ALB_trade_unions_congress;블라디레나 밀리제 노동자평의회;;;;;;;;;;;;;x
ALD_absolute_monarchy;시로코 섭정령;;;;;;;;;;;;;x
ALD_absolute_monarchy2;시로코 왕조;;;;;;;;;;;;;x
ALD_democracy;시로코 공화국;;;;;;;;;;;;;x
ALD_democracy2;시로코 의회공화국;;;;;;;;;;;;;x
ALD_dominion2;시로코 자치연방;;;;;;;;;;;;;x
ALD_dominion3;시로코 보호토후령;;;;;;;;;;;;;x
ALD_hms_government;시로코 입헌토후국;;;;;;;;;;;;;x
ALD_hms_government2;시로코 의회내각;;;;;;;;;;;;;x
ALD_prussian_constitutionalism;시로코 슈라 평의회;;;;;;;;;;;;;x
ALD_prussian_constitutionalism2;시로코 귀족협의회;;;;;;;;;;;;;x
ALD_theocracy;시로코 이맘국;;;;;;;;;;;;;x
ALD_trade_unions_congress;시로코 노동조합총연맹;;;;;;;;;;;;;x
ALS_absolute_monarchy;에리카 공국;;;;;;;;;;;;;x
ALS_absolute_monarchy2;에리카 세습공국;;;;;;;;;;;;;x
ALS_democracy;에리카 자유국;;;;;;;;;;;;;x
ALS_democracy2;에리카 도시공화국;;;;;;;;;;;;;x
ALS_dominion2;에리카 자치연방;;;;;;;;;;;;;x
ALS_dominion3;에리카 왕실직할령;;;;;;;;;;;;;x
ALS_hms_government;에리카 입헌공국;;;;;;;;;;;;;x
ALS_hms_government2;에리카 영방내각;;;;;;;;;;;;;x
ALS_prussian_constitutionalism;에리카 영방의회;;;;;;;;;;;;;x
ALS_prussian_constitutionalism2;에리카 제후회의;;;;;;;;;;;;;x
ALS_theocracy;에리카 교회연합국;;;;;;;;;;;;;x
ALS_trade_unions_congress;에리카 노동자평의회;;;;;;;;;;;;;x
ALT_absolute_monarchy2;시구레 세습칸국;;;;;;;;;;;;;x
ALT_colonial_company;시구레 통상회사령;;;;;;;;;;;;;x
ALT_democracy;시구레 공화국;;;;;;;;;;;;;x
ALT_democracy2;시구레 의회공화국;;;;;;;;;;;;;x
ALT_dominion;시구레 자치령;;;;;;;;;;;;;x
ALT_dominion2;시구레 자치연방;;;;;;;;;;;;;x
ALT_dominion3;시구레 보호토후령;;;;;;;;;;;;;x
ALT_hms_government2;시구레 의회내각;;;;;;;;;;;;;x
ALT_prussian_constitutionalism2;시구레 귀족협의회;;;;;;;;;;;;;x
ALT_theocracy;시구레 이맘국;;;;;;;;;;;;;x
ALT_trade_unions_congress;시구레 노동자평의회;;;;;;;;;;;;;x
ANB_absolute_monarchy2;치아키 세습공국;;;;;;;;;;;;;x
ANB_democracy2;치아키 도시공화국;;;;;;;;;;;;;x
ANB_dominion2;치아키 자치연방;;;;;;;;;;;;;x
ANB_dominion3;치아키 왕실직할령;;;;;;;;;;;;;x
ANB_hms_government2;치아키 영방내각;;;;;;;;;;;;;x
ANB_prussian_constitutionalism2;치아키 제후회의;;;;;;;;;;;;;x
ANB_theocracy;치아키 교회연합국;;;;;;;;;;;;;x
ANB_trade_unions_congress;치아키 노동자평의회;;;;;;;;;;;;;x
ANC_colonial_company;페른 특허회사령;;;;;;;;;;;;;x
ANC_dominion;페른 자치령;;;;;;;;;;;;;x
ANC_dominion2;페른 자치연방;;;;;;;;;;;;;x
ANC_dominion3;페른 왕실속령;;;;;;;;;;;;;x
ANC_hms_government;페른 입헌제국;;;;;;;;;;;;;x
ANC_hms_government2;페른 의회내각;;;;;;;;;;;;;x
ANC_prussian_constitutionalism;페른 왕실평의회;;;;;;;;;;;;;x
ANC_prussian_constitutionalism2;페른 왕실참의회;;;;;;;;;;;;;x
ANC_theocracy;페른 주교령;;;;;;;;;;;;;x
ANC_trade_unions_congress;페른 노동자총연맹;;;;;;;;;;;;;x
ANG_absolute_monarchy;앙골라 왕국;;;;;;;;;;;;;x
ANG_absolute_monarchy2;앙골라 세습왕국;;;;;;;;;;;;;x
ANG_colonial_company;앙골라 특허회사령;;;;;;;;;;;;;x
ANG_democracy;앙골라 공화국;;;;;;;;;;;;;x
ANG_democracy2;앙골라 의회공화국;;;;;;;;;;;;;x
ANG_dominion;앙골라 보호국;;;;;;;;;;;;;x
ANG_dominion2;앙골라 자치국연합;;;;;;;;;;;;;x
ANG_dominion3;앙골라 왕실보호령;;;;;;;;;;;;;x
ANG_hms_government;앙골라 입헌왕국;;;;;;;;;;;;;x
ANG_hms_government2;앙골라 의회내각;;;;;;;;;;;;;x
ANG_prussian_constitutionalism;앙골라 왕실원로회;;;;;;;;;;;;;x
ANG_prussian_constitutionalism2;앙골라 추장원로회;;;;;;;;;;;;;x
ANG_theocracy;앙골라 주교령;;;;;;;;;;;;;x
ANG_trade_unions_congress;앙골라 노동조합연맹;;;;;;;;;;;;;x
ANH_absolute_monarchy2;카요코 세습공국;;;;;;;;;;;;;x
ANH_democracy2;카요코 도시공화국;;;;;;;;;;;;;x
ANH_dominion2;카요코 자치연방;;;;;;;;;;;;;x
ANH_dominion3;카요코 왕실직할령;;;;;;;;;;;;;x
ANH_hms_government2;카요코 영방내각;;;;;;;;;;;;;x
ANH_prussian_constitutionalism2;카요코 제후회의;;;;;;;;;;;;;x
ANH_theocracy;카요코 교회연합국;;;;;;;;;;;;;x
ANH_trade_unions_congress;카요코 노동자평의회;;;;;;;;;;;;;x
ANK_absolute_monarchy2;아루 세습공국;;;;;;;;;;;;;x
ANK_democracy2;아루 도시공화국;;;;;;;;;;;;;x
ANK_dominion2;아루 자치연방;;;;;;;;;;;;;x
ANK_dominion3;아루 왕실직할령;;;;;;;;;;;;;x
ANK_hms_government2;아루 영방내각;;;;;;;;;;;;;x
ANK_prussian_constitutionalism2;아루 제후회의;;;;;;;;;;;;;x
ANK_theocracy;아루 교회연합국;;;;;;;;;;;;;x
ANK_trade_unions_congress;아루 노동자평의회;;;;;;;;;;;;;x
ANT_absolute_monarchy;카마 제국;;;;;;;;;;;;;x
ANT_absolute_monarchy2;카마 세습제국;;;;;;;;;;;;;x
ANT_colonial_company;카마 특허회사령;;;;;;;;;;;;;x
ANT_democracy;카마 공화국;;;;;;;;;;;;;x
ANT_democracy2;카마 의회공화국;;;;;;;;;;;;;x
ANT_dominion;카마 자치령;;;;;;;;;;;;;x
ANT_dominion2;카마 자치연방;;;;;;;;;;;;;x
ANT_dominion3;카마 왕실속령;;;;;;;;;;;;;x
ANT_hms_government;카마 입헌제국;;;;;;;;;;;;;x
ANT_hms_government2;카마 의회내각;;;;;;;;;;;;;x
ANT_prussian_constitutionalism;카마 왕실평의회;;;;;;;;;;;;;x
ANT_prussian_constitutionalism2;카마 왕실참의회;;;;;;;;;;;;;x
ANT_theocracy;카마 총대주교령;;;;;;;;;;;;;x
ANT_trade_unions_congress;카마 노동조합연맹;;;;;;;;;;;;;x
AOT_absolute_monarchy2;아미야 세습왕국;;;;;;;;;;;;;x
AOT_colonial_company;아미야 특허회사령;;;;;;;;;;;;;x
AOT_democracy;아미야 공화국;;;;;;;;;;;;;x
AOT_democracy2;아미야 의회공화국;;;;;;;;;;;;;x
AOT_dominion;아미야 보호국;;;;;;;;;;;;;x
AOT_dominion2;아미야 자치국연합;;;;;;;;;;;;;x
AOT_dominion3;아미야 왕실보호령;;;;;;;;;;;;;x
AOT_hms_government2;아미야 의회내각;;;;;;;;;;;;;x
AOT_prussian_constitutionalism2;아미야 추장원로회;;;;;;;;;;;;;x
AOT_theocracy;아미야 제사장국;;;;;;;;;;;;;x
AOT_trade_unions_congress;아미야 노동조합연맹;;;;;;;;;;;;;x
ARA_absolute_monarchy;현장 삼장 토후국;;;;;;;;;;;;;x
ARA_absolute_monarchy2;현장 삼장 세습토후국;;;;;;;;;;;;;x
ARA_colonial_company;현장 삼장 통상회사령;;;;;;;;;;;;;x
ARA_democracy;현장 삼장 공화국;;;;;;;;;;;;;x
ARA_democracy2;현장 삼장 의회공화국;;;;;;;;;;;;;x
ARA_dominion;현장 삼장 자치령;;;;;;;;;;;;;x
ARA_dominion2;현장 삼장 자치연방;;;;;;;;;;;;;x
ARA_dominion3;현장 삼장 보호토후령;;;;;;;;;;;;;x
ARA_hms_government;현장 삼장 입헌토후국;;;;;;;;;;;;;x
ARA_hms_government2;현장 삼장 의회내각;;;;;;;;;;;;;x
ARA_prussian_constitutionalism;현장 삼장 슈라 평의회;;;;;;;;;;;;;x
ARA_prussian_constitutionalism2;현장 삼장 귀족협의회;;;;;;;;;;;;;x
ARA_theocracy;현장 삼장 이맘국;;;;;;;;;;;;;x
ARA_trade_unions_congress;현장 삼장 노동조합총연맹;;;;;;;;;;;;;x
ARC_absolute_monarchy;자파리 파크 왕국;;;;;;;;;;;;;x
ARC_absolute_monarchy2;자파리 파크 세습왕국;;;;;;;;;;;;;x
ARC_colonial_company;자파리 파크 특허회사령;;;;;;;;;;;;;x
ARC_democracy2;자파리 파크 의회공화국;;;;;;;;;;;;;x
ARC_dominion;자파리 파크 자치령;;;;;;;;;;;;;x
ARC_dominion2;자파리 파크 자치연방;;;;;;;;;;;;;x
ARC_dominion3;자파리 파크 왕실속령;;;;;;;;;;;;;x
ARC_hms_government;자파리 파크 입헌왕국;;;;;;;;;;;;;x
ARC_hms_government2;자파리 파크 의회내각;;;;;;;;;;;;;x
ARC_prussian_constitutionalism;자파리 파크 왕실평의회;;;;;;;;;;;;;x
ARC_prussian_constitutionalism2;자파리 파크 왕실참의회;;;;;;;;;;;;;x
ARC_theocracy;자파리 파크 주교령;;;;;;;;;;;;;x
ARC_trade_unions_congress;자파리 파크 노동자총연맹;;;;;;;;;;;;;x
ARG_absolute_monarchy;도베르만 왕국;;;;;;;;;;;;;x
ARG_absolute_monarchy2;도베르만 세습왕국;;;;;;;;;;;;;x
ARG_colonial_company;도베르만 특허회사령;;;;;;;;;;;;;x
ARG_democracy;도베르만 공화국;;;;;;;;;;;;;x
ARG_democracy2;도베르만 의회공화국;;;;;;;;;;;;;x
ARG_dominion;도베르만 자치령;;;;;;;;;;;;;x
ARG_dominion2;도베르만 자치연방;;;;;;;;;;;;;x
ARG_dominion3;도베르만 왕실속령;;;;;;;;;;;;;x
ARG_hms_government;도베르만 입헌왕국;;;;;;;;;;;;;x
ARG_hms_government2;도베르만 의회내각;;;;;;;;;;;;;x
ARG_prussian_constitutionalism;도베르만 왕실평의회;;;;;;;;;;;;;x
ARG_prussian_constitutionalism2;도베르만 왕실참의회;;;;;;;;;;;;;x
ARG_theocracy;도베르만 주교령;;;;;;;;;;;;;x
ARG_trade_unions_congress;도베르만 노동자총연맹;;;;;;;;;;;;;x
ARM_absolute_monarchy2;나히다 세습왕국;;;;;;;;;;;;;x
ARM_colonial_company;나히다 특허회사령;;;;;;;;;;;;;x
ARM_democracy2;나히다 의회공화국;;;;;;;;;;;;;x
ARM_dominion;나히다 자치령;;;;;;;;;;;;;x
ARM_dominion2;나히다 자치연방;;;;;;;;;;;;;x
ARM_dominion3;나히다 왕실속령;;;;;;;;;;;;;x
ARM_hms_government2;나히다 의회내각;;;;;;;;;;;;;x
ARM_prussian_constitutionalism2;나히다 왕실참의회;;;;;;;;;;;;;x
ARM_theocracy;나히다 총대주교령;;;;;;;;;;;;;x
ARM_trade_unions_congress;나히다 노동조합연맹;;;;;;;;;;;;;x
ARO_absolute_monarchy;아로 왕국;;;;;;;;;;;;;x
ARO_absolute_monarchy2;아로 세습왕국;;;;;;;;;;;;;x
ARO_colonial_company;아로 특허회사령;;;;;;;;;;;;;x
ARO_democracy2;아로 의회공화국;;;;;;;;;;;;;x
ARO_dominion;아로 보호국;;;;;;;;;;;;;x
ARO_dominion2;아로 자치국연합;;;;;;;;;;;;;x
ARO_dominion3;아로 왕실보호령;;;;;;;;;;;;;x
ARO_hms_government;아로 입헌왕국;;;;;;;;;;;;;x
ARO_hms_government2;아로 의회내각;;;;;;;;;;;;;x
ARO_prussian_constitutionalism;아로 왕실원로회;;;;;;;;;;;;;x
ARO_prussian_constitutionalism2;아로 추장원로회;;;;;;;;;;;;;x
ARO_theocracy;아로 제사장국;;;;;;;;;;;;;x
ARO_trade_unions_congress;아로 노동조합연맹;;;;;;;;;;;;;x
ARU_absolute_monarchy;카츠시카 호쿠사이 토후국;;;;;;;;;;;;;x
ARU_absolute_monarchy2;카츠시카 호쿠사이 세습토후국;;;;;;;;;;;;;x
ARU_colonial_company;카츠시카 호쿠사이 통상회사령;;;;;;;;;;;;;x
ARU_democracy2;카츠시카 호쿠사이 의회공화국;;;;;;;;;;;;;x
ARU_dominion;카츠시카 호쿠사이 자치령;;;;;;;;;;;;;x
ARU_dominion2;카츠시카 호쿠사이 자치연방;;;;;;;;;;;;;x
ARU_dominion3;카츠시카 호쿠사이 보호토후령;;;;;;;;;;;;;x
ARU_hms_government;카츠시카 호쿠사이 입헌토후국;;;;;;;;;;;;;x
ARU_hms_government2;카츠시카 호쿠사이 의회내각;;;;;;;;;;;;;x
ARU_prussian_constitutionalism;카츠시카 호쿠사이 슈라 평의회;;;;;;;;;;;;;x
ARU_prussian_constitutionalism2;카츠시카 호쿠사이 귀족협의회;;;;;;;;;;;;;x
ARU_theocracy;카츠시카 호쿠사이 이맘국;;;;;;;;;;;;;x
ARU_trade_unions_congress;카츠시카 호쿠사이 노동조합총연맹;;;;;;;;;;;;;x
ASH_absolute_monarchy;아샨티 왕국;;;;;;;;;;;;;x
ASH_absolute_monarchy2;아샨티 세습왕국;;;;;;;;;;;;;x
ASH_colonial_company;아샨티 특허회사령;;;;;;;;;;;;;x
ASH_democracy2;아샨티 의회공화국;;;;;;;;;;;;;x
ASH_dominion;아샨티 보호국;;;;;;;;;;;;;x
ASH_dominion2;아샨티 자치국연합;;;;;;;;;;;;;x
ASH_dominion3;아샨티 왕실보호령;;;;;;;;;;;;;x
ASH_hms_government;아샨티 입헌왕국;;;;;;;;;;;;;x
ASH_hms_government2;아샨티 의회내각;;;;;;;;;;;;;x
ASH_prussian_constitutionalism;아샨티 왕실원로회;;;;;;;;;;;;;x
ASH_prussian_constitutionalism2;아샨티 추장원로회;;;;;;;;;;;;;x
ASH_theocracy;아샨티 제사장국;;;;;;;;;;;;;x
ASH_trade_unions_congress;아샨티 노동조합연맹;;;;;;;;;;;;;x
ASM_absolute_monarchy;유이 쇼세츠 라자국;;;;;;;;;;;;;x
ASM_absolute_monarchy2;유이 쇼세츠 세습라자국;;;;;;;;;;;;;x
ASM_colonial_company;유이 쇼세츠 동인도회사령;;;;;;;;;;;;;x
ASM_democracy;유이 쇼세츠 공화국;;;;;;;;;;;;;x
ASM_democracy2;유이 쇼세츠 의회공화국;;;;;;;;;;;;;x
ASM_dominion;유이 쇼세츠 번왕령;;;;;;;;;;;;;x
ASM_dominion2;유이 쇼세츠 번왕연합;;;;;;;;;;;;;x
ASM_dominion3;유이 쇼세츠 왕실직할령;;;;;;;;;;;;;x
ASM_hms_government;유이 쇼세츠 입헌라자국;;;;;;;;;;;;;x
ASM_hms_government2;유이 쇼세츠 의회내각;;;;;;;;;;;;;x
ASM_prussian_constitutionalism;유이 쇼세츠 다르바르;;;;;;;;;;;;;x
ASM_prussian_constitutionalism2;유이 쇼세츠 제후회의;;;;;;;;;;;;;x
ASM_theocracy;유이 쇼세츠 사원연합국;;;;;;;;;;;;;x
ASM_trade_unions_congress;유이 쇼세츠 노동조합총연맹;;;;;;;;;;;;;x
AST_absolute_monarchy2;새비지 세습왕국;;;;;;;;;;;;;x
AST_democracy;새비지 공화국;;;;;;;;;;;;;x
AST_democracy2;새비지 의회공화국;;;;;;;;;;;;;x
AST_dominion2;새비지 자치연방;;;;;;;;;;;;;x
AST_dominion3;새비지 왕실속령;;;;;;;;;;;;;x
AST_hms_government2;새비지 의회내각;;;;;;;;;;;;;x
AST_prussian_constitutionalism2;새비지 왕실참의회;;;;;;;;;;;;;x
AST_theocracy;새비지 교회연합국;;;;;;;;;;;;;x
AST_trade_unions_congress;새비지 노동조합회의;;;;;;;;;;;;;x
ASY_absolute_monarchy;토모에고젠 왕국;;;;;;;;;;;;;x
ASY_absolute_monarchy2;토모에고젠 세습왕국;;;;;;;;;;;;;x
ASY_colonial_company;토모에고젠 특허회사령;;;;;;;;;;;;;x
ASY_democracy;토모에고젠 공화국;;;;;;;;;;;;;x
ASY_democracy2;토모에고젠 의회공화국;;;;;;;;;;;;;x
ASY_dominion;토모에고젠 자치령;;;;;;;;;;;;;x
ASY_dominion2;토모에고젠 자치연방;;;;;;;;;;;;;x
ASY_dominion3;토모에고젠 왕실속령;;;;;;;;;;;;;x
ASY_hms_government;토모에고젠 입헌왕국;;;;;;;;;;;;;x
ASY_hms_government2;토모에고젠 의회내각;;;;;;;;;;;;;x
ASY_prussian_constitutionalism;토모에고젠 왕실평의회;;;;;;;;;;;;;x
ASY_prussian_constitutionalism2;토모에고젠 왕실참의회;;;;;;;;;;;;;x
ASY_theocracy;토모에고젠 주교령;;;;;;;;;;;;;x
ASY_trade_unions_congress;토모에고젠 노동조합연맹;;;;;;;;;;;;;x
ATB_absolute_monarchy2;무츠키 세습공국;;;;;;;;;;;;;x
ATB_democracy2;무츠키 도시공화국;;;;;;;;;;;;;x
ATB_dominion2;무츠키 자치연방;;;;;;;;;;;;;x
ATB_dominion3;무츠키 왕실직할령;;;;;;;;;;;;;x
ATB_hms_government2;무츠키 영방내각;;;;;;;;;;;;;x
ATB_prussian_constitutionalism2;무츠키 제후회의;;;;;;;;;;;;;x
ATB_theocracy;무츠키 주교령;;;;;;;;;;;;;x
ATB_trade_unions_congress;무츠키 노동자평의회;;;;;;;;;;;;;x
ATC_absolute_monarchy;바레사 왕국;;;;;;;;;;;;;x
ATC_absolute_monarchy2;바레사 세습왕국;;;;;;;;;;;;;x
ATC_colonial_company;바레사 특허회사령;;;;;;;;;;;;;x
ATC_democracy;바레사 공화국;;;;;;;;;;;;;x
ATC_democracy2;바레사 의회공화국;;;;;;;;;;;;;x
ATC_dominion;바레사 자치령;;;;;;;;;;;;;x
ATC_dominion2;바레사 자치연방;;;;;;;;;;;;;x
ATC_dominion3;바레사 왕실속령;;;;;;;;;;;;;x
ATC_hms_government;바레사 입헌왕국;;;;;;;;;;;;;x
ATC_hms_government2;바레사 의회내각;;;;;;;;;;;;;x
ATC_prussian_constitutionalism;바레사 왕실평의회;;;;;;;;;;;;;x
ATC_prussian_constitutionalism2;바레사 왕실참의회;;;;;;;;;;;;;x
ATC_theocracy;바레사 주교령;;;;;;;;;;;;;x
ATC_trade_unions_congress;바레사 노동자총연맹;;;;;;;;;;;;;x
ATH_absolute_monarchy;키레네 왕국;;;;;;;;;;;;;x
ATH_absolute_monarchy2;키레네 세습왕국;;;;;;;;;;;;;x
ATH_colonial_company;키레네 특허회사령;;;;;;;;;;;;;x
ATH_democracy;키레네 공화국;;;;;;;;;;;;;x
ATH_democracy2;키레네 의회공화국;;;;;;;;;;;;;x
ATH_dominion;키레네 자치령;;;;;;;;;;;;;x
ATH_dominion2;키레네 자치연방;;;;;;;;;;;;;x
ATH_dominion3;키레네 왕실속령;;;;;;;;;;;;;x
ATH_hms_government;키레네 입헌왕국;;;;;;;;;;;;;x
ATH_hms_government2;키레네 의회내각;;;;;;;;;;;;;x
ATH_prussian_constitutionalism;키레네 왕실평의회;;;;;;;;;;;;;x
ATH_prussian_constitutionalism2;키레네 왕실참의회;;;;;;;;;;;;;x
ATH_trade_unions_congress;키레네 노동조합연맹;;;;;;;;;;;;;x
ATJ_absolute_monarchy;핑하이 술탄국;;;;;;;;;;;;;x
ATJ_absolute_monarchy2;핑하이 세습술탄국;;;;;;;;;;;;;x
ATJ_colonial_company;핑하이 통상회사령;;;;;;;;;;;;;x
ATJ_democracy;핑하이 공화국;;;;;;;;;;;;;x
ATJ_democracy2;핑하이 의회공화국;;;;;;;;;;;;;x
ATJ_dominion;핑하이 자치령;;;;;;;;;;;;;x
ATJ_dominion2;핑하이 자치연방;;;;;;;;;;;;;x
ATJ_dominion3;핑하이 보호토후령;;;;;;;;;;;;;x
ATJ_hms_government;핑하이 입헌술탄국;;;;;;;;;;;;;x
ATJ_hms_government2;핑하이 의회내각;;;;;;;;;;;;;x
ATJ_prussian_constitutionalism;핑하이 술탄참사회;;;;;;;;;;;;;x
ATJ_prussian_constitutionalism2;핑하이 귀족협의회;;;;;;;;;;;;;x
ATJ_theocracy;핑하이 이맘국;;;;;;;;;;;;;x
ATJ_trade_unions_congress;핑하이 노동조합연맹;;;;;;;;;;;;;x
AWA_absolute_monarchy;크림힐트 나와브국;;;;;;;;;;;;;x
AWA_absolute_monarchy2;크림힐트 세습나와브국;;;;;;;;;;;;;x
AWA_colonial_company;크림힐트 동인도회사령;;;;;;;;;;;;;x
AWA_democracy;크림힐트 공화국;;;;;;;;;;;;;x
AWA_democracy2;크림힐트 의회공화국;;;;;;;;;;;;;x
AWA_dominion;크림힐트 번왕령;;;;;;;;;;;;;x
AWA_dominion2;크림힐트 번왕연합;;;;;;;;;;;;;x
AWA_dominion3;크림힐트 왕실직할령;;;;;;;;;;;;;x
AWA_hms_government;크림힐트 입헌나와브국;;;;;;;;;;;;;x
AWA_hms_government2;크림힐트 의회내각;;;;;;;;;;;;;x
AWA_prussian_constitutionalism;크림힐트 다르바르;;;;;;;;;;;;;x
AWA_prussian_constitutionalism2;크림힐트 제후회의;;;;;;;;;;;;;x
AWA_theocracy;크림힐트 이맘국;;;;;;;;;;;;;x
AWA_trade_unions_congress;크림힐트 노동조합총연맹;;;;;;;;;;;;;x
AWS_absolute_monarchy;아우사 술탄국;;;;;;;;;;;;;x
AWS_absolute_monarchy2;아우사 세습술탄국;;;;;;;;;;;;;x
AWS_colonial_company;아우사 통상회사령;;;;;;;;;;;;;x
AWS_democracy;아우사 공화국;;;;;;;;;;;;;x
AWS_democracy2;아우사 의회공화국;;;;;;;;;;;;;x
AWS_dominion;아우사 자치령;;;;;;;;;;;;;x
AWS_dominion2;아우사 자치연방;;;;;;;;;;;;;x
AWS_dominion3;아우사 보호토후령;;;;;;;;;;;;;x
AWS_hms_government;아우사 입헌술탄국;;;;;;;;;;;;;x
AWS_hms_government2;아우사 의회내각;;;;;;;;;;;;;x
AWS_prussian_constitutionalism;아우사 술탄참사회;;;;;;;;;;;;;x
AWS_prussian_constitutionalism2;아우사 귀족협의회;;;;;;;;;;;;;x
AWS_theocracy;아우사 이맘국;;;;;;;;;;;;;x
AWS_trade_unions_congress;아우사 노동조합연맹;;;;;;;;;;;;;x
AZA_absolute_monarchy;아잔데 왕국;;;;;;;;;;;;;x
AZA_absolute_monarchy2;아잔데 세습왕국;;;;;;;;;;;;;x
AZA_colonial_company;아잔데 특허회사령;;;;;;;;;;;;;x
AZA_democracy;아잔데 공화국;;;;;;;;;;;;;x
AZA_democracy2;아잔데 의회공화국;;;;;;;;;;;;;x
AZA_dominion;아잔데 보호국;;;;;;;;;;;;;x
AZA_dominion2;아잔데 자치국연합;;;;;;;;;;;;;x
AZA_dominion3;아잔데 왕실보호령;;;;;;;;;;;;;x
AZA_hms_government;아잔데 입헌왕국;;;;;;;;;;;;;x
AZA_hms_government2;아잔데 의회내각;;;;;;;;;;;;;x
AZA_prussian_constitutionalism;아잔데 왕실원로회;;;;;;;;;;;;;x
AZA_prussian_constitutionalism2;아잔데 추장원로회;;;;;;;;;;;;;x
AZA_theocracy;아잔데 제사장국;;;;;;;;;;;;;x
AZA_trade_unions_congress;아잔데 노동조합연맹;;;;;;;;;;;;;x
AZB_absolute_monarchy;닐루 술탄국;;;;;;;;;;;;;x
AZB_absolute_monarchy2;닐루 세습술탄국;;;;;;;;;;;;;x
AZB_colonial_company;닐루 통상회사령;;;;;;;;;;;;;x
AZB_democracy;닐루 공화국;;;;;;;;;;;;;x
AZB_democracy2;닐루 의회공화국;;;;;;;;;;;;;x
AZB_dominion;닐루 자치령;;;;;;;;;;;;;x
AZB_dominion2;닐루 자치연방;;;;;;;;;;;;;x
AZB_dominion3;닐루 보호토후령;;;;;;;;;;;;;x
AZB_hms_government;닐루 입헌술탄국;;;;;;;;;;;;;x
AZB_hms_government2;닐루 의회내각;;;;;;;;;;;;;x
AZB_prussian_constitutionalism;닐루 디완;;;;;;;;;;;;;x
AZB_prussian_constitutionalism2;닐루 귀족협의회;;;;;;;;;;;;;x
AZB_theocracy;닐루 이맘국;;;;;;;;;;;;;x
AZB_trade_unions_congress;닐루 노동자총연맹;;;;;;;;;;;;;x
AZH_absolute_monarchy2;메이브 세습토후국;;;;;;;;;;;;;x
AZH_colonial_company;메이브 통상회사령;;;;;;;;;;;;;x
AZH_democracy;메이브 공화국;;;;;;;;;;;;;x
AZH_democracy2;메이브 의회공화국;;;;;;;;;;;;;x
AZH_dominion;메이브 자치령;;;;;;;;;;;;;x
AZH_dominion2;메이브 자치연방;;;;;;;;;;;;;x
AZH_dominion3;메이브 보호토후령;;;;;;;;;;;;;x
AZH_hms_government;메이브 입헌토후국;;;;;;;;;;;;;x
AZH_hms_government2;메이브 의회내각;;;;;;;;;;;;;x
AZH_prussian_constitutionalism;메이브 슈라 평의회;;;;;;;;;;;;;x
AZH_prussian_constitutionalism2;메이브 귀족협의회;;;;;;;;;;;;;x
AZH_theocracy;메이브 이맘국;;;;;;;;;;;;;x
AZH_trade_unions_congress;메이브 노동조합총연맹;;;;;;;;;;;;;x
BAB_absolute_monarchy;이부키도지 토후국;;;;;;;;;;;;;x
BAB_absolute_monarchy2;이부키도지 세습토후국;;;;;;;;;;;;;x
BAB_colonial_company;이부키도지 통상회사령;;;;;;;;;;;;;x
BAB_democracy;이부키도지 공화국;;;;;;;;;;;;;x
BAB_democracy2;이부키도지 의회공화국;;;;;;;;;;;;;x
BAB_dominion;이부키도지 자치령;;;;;;;;;;;;;x
BAB_dominion2;이부키도지 자치연방;;;;;;;;;;;;;x
BAB_dominion3;이부키도지 보호토후령;;;;;;;;;;;;;x
BAB_hms_government;이부키도지 입헌토후국;;;;;;;;;;;;;x
BAB_hms_government2;이부키도지 의회내각;;;;;;;;;;;;;x
BAB_prussian_constitutionalism;이부키도지 슈라 평의회;;;;;;;;;;;;;x
BAB_prussian_constitutionalism2;이부키도지 귀족협의회;;;;;;;;;;;;;x
BAB_theocracy;이부키도지 이맘국;;;;;;;;;;;;;x
BAB_trade_unions_congress;이부키도지 노동조합총연맹;;;;;;;;;;;;;x
BAD_absolute_monarchy2;게르트루트 세습대공국;;;;;;;;;;;;;x
BAD_democracy2;게르트루트 도시공화국;;;;;;;;;;;;;x
BAD_dominion2;게르트루트 자치연방;;;;;;;;;;;;;x
BAD_dominion3;게르트루트 왕실직할령;;;;;;;;;;;;;x
BAD_hms_government2;게르트루트 영방내각;;;;;;;;;;;;;x
BAD_prussian_constitutionalism2;게르트루트 제후회의;;;;;;;;;;;;;x
BAD_theocracy;게르트루트 주교령;;;;;;;;;;;;;x
BAD_trade_unions_congress;게르트루트 노동자평의회;;;;;;;;;;;;;x
BAH_absolute_monarchy;재규어 제국;;;;;;;;;;;;;x
BAH_absolute_monarchy2;재규어 세습제국;;;;;;;;;;;;;x
BAH_colonial_company;재규어 특허회사령;;;;;;;;;;;;;x
BAH_democracy;재규어 연방공화국;;;;;;;;;;;;;x
BAH_democracy2;재규어 의회공화국;;;;;;;;;;;;;x
BAH_dominion;재규어 자치령;;;;;;;;;;;;;x
BAH_dominion2;재규어 자치연방;;;;;;;;;;;;;x
BAH_dominion3;재규어 왕실속령;;;;;;;;;;;;;x
BAH_hms_government;재규어 입헌제국;;;;;;;;;;;;;x
BAH_hms_government2;재규어 의회내각;;;;;;;;;;;;;x
BAH_prussian_constitutionalism;재규어 제국국무원;;;;;;;;;;;;;x
BAH_prussian_constitutionalism2;재규어 왕실참의회;;;;;;;;;;;;;x
BAH_theocracy;재규어 주교령;;;;;;;;;;;;;x
BAH_trade_unions_congress;재규어 노동자총연맹;;;;;;;;;;;;;x
BAL_absolute_monarchy;닝하이 왕국;;;;;;;;;;;;;x
BAL_absolute_monarchy2;닝하이 세습왕국;;;;;;;;;;;;;x
BAL_colonial_company;닝하이 특허회사령;;;;;;;;;;;;;x
BAL_democracy;닝하이 공화국;;;;;;;;;;;;;x
BAL_democracy2;닝하이 의회공화국;;;;;;;;;;;;;x
BAL_dominion;닝하이 자치령;;;;;;;;;;;;;x
BAL_dominion2;닝하이 자치연방;;;;;;;;;;;;;x
BAL_dominion3;닝하이 왕실속령;;;;;;;;;;;;;x
BAL_hms_government;닝하이 입헌왕국;;;;;;;;;;;;;x
BAL_hms_government2;닝하이 의회내각;;;;;;;;;;;;;x
BAL_prussian_constitutionalism;닝하이 왕실참사회;;;;;;;;;;;;;x
BAL_prussian_constitutionalism2;닝하이 왕실참의회;;;;;;;;;;;;;x
BAL_theocracy;닝하이 사원연합국;;;;;;;;;;;;;x
BAL_trade_unions_congress;닝하이 노동조합연맹;;;;;;;;;;;;;x
BAN_absolute_monarchy;히아킨 공국;;;;;;;;;;;;;x
BAN_absolute_monarchy2;히아킨 세습공국;;;;;;;;;;;;;x
BAN_democracy2;히아킨 도시공화국;;;;;;;;;;;;;x
BAN_dominion2;히아킨 자치연방;;;;;;;;;;;;;x
BAN_dominion3;히아킨 왕실직할령;;;;;;;;;;;;;x
BAN_hms_government;히아킨 입헌공국;;;;;;;;;;;;;x
BAN_hms_government2;히아킨 영방내각;;;;;;;;;;;;;x
BAN_prussian_constitutionalism;히아킨 영방의회;;;;;;;;;;;;;x
BAN_prussian_constitutionalism2;히아킨 제후회의;;;;;;;;;;;;;x
BAN_theocracy;히아킨 주교령;;;;;;;;;;;;;x
BAN_trade_unions_congress;히아킨 노동자평의회;;;;;;;;;;;;;x
BAS_absolute_monarchy;도브리냐 니키티치 라자국;;;;;;;;;;;;;x
BAS_absolute_monarchy2;도브리냐 니키티치 세습라자국;;;;;;;;;;;;;x
BAS_colonial_company;도브리냐 니키티치 동인도회사령;;;;;;;;;;;;;x
BAS_democracy;도브리냐 니키티치 공화국;;;;;;;;;;;;;x
BAS_democracy2;도브리냐 니키티치 의회공화국;;;;;;;;;;;;;x
BAS_dominion;도브리냐 니키티치 번왕령;;;;;;;;;;;;;x
BAS_dominion2;도브리냐 니키티치 번왕연합;;;;;;;;;;;;;x
BAS_dominion3;도브리냐 니키티치 왕실직할령;;;;;;;;;;;;;x
BAS_hms_government;도브리냐 니키티치 입헌라자국;;;;;;;;;;;;;x
BAS_hms_government2;도브리냐 니키티치 의회내각;;;;;;;;;;;;;x
BAS_prussian_constitutionalism;도브리냐 니키티치 다르바르;;;;;;;;;;;;;x
BAS_prussian_constitutionalism2;도브리냐 니키티치 제후회의;;;;;;;;;;;;;x
BAS_theocracy;도브리냐 니키티치 사원연합국;;;;;;;;;;;;;x
BAS_trade_unions_congress;도브리냐 니키티치 노동조합총연맹;;;;;;;;;;;;;x
BAV_absolute_monarchy2;하루카 세습왕국;;;;;;;;;;;;;x
BAV_democracy2;하루카 도시공화국;;;;;;;;;;;;;x
BAV_dominion2;하루카 자치연방;;;;;;;;;;;;;x
BAV_dominion3;하루카 왕실직할령;;;;;;;;;;;;;x
BAV_hms_government2;하루카 영방내각;;;;;;;;;;;;;x
BAV_prussian_constitutionalism2;하루카 제후회의;;;;;;;;;;;;;x
BAV_theocracy;하루카 주교령;;;;;;;;;;;;;x
BAV_trade_unions_congress;하루카 노동자평의회;;;;;;;;;;;;;x
BDK_absolute_monarchy;정밀의 하산 칸국;;;;;;;;;;;;;x
BDK_absolute_monarchy2;정밀의 하산 세습칸국;;;;;;;;;;;;;x
BDK_colonial_company;정밀의 하산 통상회사령;;;;;;;;;;;;;x
BDK_democracy;정밀의 하산 공화국;;;;;;;;;;;;;x
BDK_democracy2;정밀의 하산 의회공화국;;;;;;;;;;;;;x
BDK_dominion;정밀의 하산 자치령;;;;;;;;;;;;;x
BDK_dominion2;정밀의 하산 자치연방;;;;;;;;;;;;;x
BDK_dominion3;정밀의 하산 보호토후령;;;;;;;;;;;;;x
BDK_hms_government;정밀의 하산 입헌칸국;;;;;;;;;;;;;x
BDK_hms_government2;정밀의 하산 의회내각;;;;;;;;;;;;;x
BDK_prussian_constitutionalism;정밀의 하산 칸국의정회;;;;;;;;;;;;;x
BDK_prussian_constitutionalism2;정밀의 하산 귀족협의회;;;;;;;;;;;;;x
BDK_theocracy;정밀의 하산 이맘국;;;;;;;;;;;;;x
BDK_trade_unions_congress;정밀의 하산 노동자평의회;;;;;;;;;;;;;x
BDN_absolute_monarchy;에우리알레 토후국;;;;;;;;;;;;;x
BDN_absolute_monarchy2;에우리알레 세습토후국;;;;;;;;;;;;;x
BDN_colonial_company;에우리알레 통상회사령;;;;;;;;;;;;;x
BDN_democracy;에우리알레 공화국;;;;;;;;;;;;;x
BDN_democracy2;에우리알레 의회공화국;;;;;;;;;;;;;x
BDN_dominion;에우리알레 자치령;;;;;;;;;;;;;x
BDN_dominion2;에우리알레 자치연방;;;;;;;;;;;;;x
BDN_dominion3;에우리알레 보호토후령;;;;;;;;;;;;;x
BDN_hms_government;에우리알레 입헌토후국;;;;;;;;;;;;;x
BDN_hms_government2;에우리알레 의회내각;;;;;;;;;;;;;x
BDN_prussian_constitutionalism;에우리알레 지르가;;;;;;;;;;;;;x
BDN_prussian_constitutionalism2;에우리알레 귀족협의회;;;;;;;;;;;;;x
BDN_theocracy;에우리알레 이맘국;;;;;;;;;;;;;x
BDN_trade_unions_congress;에우리알레 노동자평의회;;;;;;;;;;;;;x
BEL_absolute_monarchy;CH 우편사 왕국;;;;;;;;;;;;;x
BEL_absolute_monarchy2;CH 우편사 세습왕국;;;;;;;;;;;;;x
BEL_democracy;CH 우편사 공화국;;;;;;;;;;;;;x
BEL_democracy2;CH 우편사 의회공화국;;;;;;;;;;;;;x
BEL_dominion;CH 우편사 자치령;;;;;;;;;;;;;x
BEL_dominion2;CH 우편사 자치연방;;;;;;;;;;;;;x
BEL_dominion3;CH 우편사 왕실속령;;;;;;;;;;;;;x
BEL_hms_government;CH 우편사 입헌왕국;;;;;;;;;;;;;x
BEL_hms_government2;CH 우편사 의회내각;;;;;;;;;;;;;x
BEL_prussian_constitutionalism;CH 우편사 왕실국무원;;;;;;;;;;;;;x
BEL_prussian_constitutionalism2;CH 우편사 왕실참의회;;;;;;;;;;;;;x
BEL_theocracy;CH 우편사 주교령;;;;;;;;;;;;;x
BEL_trade_unions_congress;CH 우편사 노동총동맹;;;;;;;;;;;;;x
BEN_absolute_monarchy;베냉 왕국;;;;;;;;;;;;;x
BEN_absolute_monarchy2;베냉 세습왕국;;;;;;;;;;;;;x
BEN_colonial_company;베냉 특허회사령;;;;;;;;;;;;;x
BEN_democracy;베냉 공화국;;;;;;;;;;;;;x
BEN_democracy2;베냉 의회공화국;;;;;;;;;;;;;x
BEN_dominion;베냉 보호국;;;;;;;;;;;;;x
BEN_dominion2;베냉 자치국연합;;;;;;;;;;;;;x
BEN_dominion3;베냉 왕실보호령;;;;;;;;;;;;;x
BEN_hms_government;베냉 입헌왕국;;;;;;;;;;;;;x
BEN_hms_government2;베냉 의회내각;;;;;;;;;;;;;x
BEN_prussian_constitutionalism;베냉 왕실원로회;;;;;;;;;;;;;x
BEN_prussian_constitutionalism2;베냉 추장원로회;;;;;;;;;;;;;x
BEN_theocracy;베냉 제사장국;;;;;;;;;;;;;x
BEN_trade_unions_congress;베냉 노동조합연맹;;;;;;;;;;;;;x
BER_absolute_monarchy;수수께끼의 란마루 X 라자국;;;;;;;;;;;;;x
BER_absolute_monarchy2;수수께끼의 란마루 X 세습라자국;;;;;;;;;;;;;x
BER_democracy;수수께끼의 란마루 X 공화국;;;;;;;;;;;;;x
BER_democracy2;수수께끼의 란마루 X 의회공화국;;;;;;;;;;;;;x
BER_dominion2;수수께끼의 란마루 X 번왕연합;;;;;;;;;;;;;x
BER_dominion3;수수께끼의 란마루 X 왕실직할령;;;;;;;;;;;;;x
BER_hms_government;수수께끼의 란마루 X 입헌라자국;;;;;;;;;;;;;x
BER_hms_government2;수수께끼의 란마루 X 의회내각;;;;;;;;;;;;;x
BER_prussian_constitutionalism;수수께끼의 란마루 X 다르바르;;;;;;;;;;;;;x
BER_prussian_constitutionalism2;수수께끼의 란마루 X 제후회의;;;;;;;;;;;;;x
BER_theocracy;수수께끼의 란마루 X 사원연합국;;;;;;;;;;;;;x
BER_trade_unions_congress;수수께끼의 란마루 X 노동조합총연맹;;;;;;;;;;;;;x
BGN_absolute_monarchy;사가 술탄국;;;;;;;;;;;;;x
BGN_absolute_monarchy2;사가 세습술탄국;;;;;;;;;;;;;x
BGN_colonial_company;사가 통상회사령;;;;;;;;;;;;;x
BGN_democracy;사가 공화국;;;;;;;;;;;;;x
BGN_democracy2;사가 의회공화국;;;;;;;;;;;;;x
BGN_dominion;사가 자치령;;;;;;;;;;;;;x
BGN_dominion2;사가 자치연방;;;;;;;;;;;;;x
BGN_dominion3;사가 보호토후령;;;;;;;;;;;;;x
BGN_hms_government;사가 입헌술탄국;;;;;;;;;;;;;x
BGN_hms_government2;사가 의회내각;;;;;;;;;;;;;x
BGN_prussian_constitutionalism;사가 술탄참사회;;;;;;;;;;;;;x
BGN_prussian_constitutionalism2;사가 귀족협의회;;;;;;;;;;;;;x
BGN_theocracy;사가 이맘국;;;;;;;;;;;;;x
BGN_trade_unions_congress;사가 노동조합연맹;;;;;;;;;;;;;x
BHM_absolute_monarchy;실로닌 왕국;;;;;;;;;;;;;x
BHM_absolute_monarchy2;실로닌 세습왕국;;;;;;;;;;;;;x
BHM_democracy;실로닌 공화국;;;;;;;;;;;;;x
BHM_democracy2;실로닌 의회공화국;;;;;;;;;;;;;x
BHM_dominion2;실로닌 자치연방;;;;;;;;;;;;;x
BHM_dominion3;실로닌 왕실속령;;;;;;;;;;;;;x
BHM_hms_government2;실로닌 의회내각;;;;;;;;;;;;;x
BHM_prussian_constitutionalism;실로닌 왕실평의회;;;;;;;;;;;;;x
BHM_prussian_constitutionalism2;실로닌 왕실참의회;;;;;;;;;;;;;x
BHM_theocracy;실로닌 교회연합국;;;;;;;;;;;;;x
BHM_trade_unions_congress;실로닌 노동자총연맹;;;;;;;;;;;;;x
BHO_absolute_monarchy;스테노 라자국;;;;;;;;;;;;;x
BHO_absolute_monarchy2;스테노 세습라자국;;;;;;;;;;;;;x
BHO_colonial_company;스테노 동인도회사령;;;;;;;;;;;;;x
BHO_democracy;스테노 공화국;;;;;;;;;;;;;x
BHO_democracy2;스테노 의회공화국;;;;;;;;;;;;;x
BHO_dominion;스테노 번왕령;;;;;;;;;;;;;x
BHO_dominion2;스테노 번왕연합;;;;;;;;;;;;;x
BHO_dominion3;스테노 왕실직할령;;;;;;;;;;;;;x
BHO_hms_government;스테노 입헌라자국;;;;;;;;;;;;;x
BHO_hms_government2;스테노 의회내각;;;;;;;;;;;;;x
BHO_prussian_constitutionalism;스테노 다르바르;;;;;;;;;;;;;x
BHO_prussian_constitutionalism2;스테노 제후회의;;;;;;;;;;;;;x
BHO_theocracy;스테노 사원연합국;;;;;;;;;;;;;x
BHO_trade_unions_congress;스테노 노동조합총연맹;;;;;;;;;;;;;x
BHP_absolute_monarchy;이즈모노 오쿠니 나와브국;;;;;;;;;;;;;x
BHP_absolute_monarchy2;이즈모노 오쿠니 세습나와브국;;;;;;;;;;;;;x
BHP_colonial_company;이즈모노 오쿠니 동인도회사령;;;;;;;;;;;;;x
BHP_democracy;이즈모노 오쿠니 공화국;;;;;;;;;;;;;x
BHP_democracy2;이즈모노 오쿠니 의회공화국;;;;;;;;;;;;;x
BHP_dominion;이즈모노 오쿠니 번왕령;;;;;;;;;;;;;x
BHP_dominion2;이즈모노 오쿠니 번왕연합;;;;;;;;;;;;;x
BHP_dominion3;이즈모노 오쿠니 왕실직할령;;;;;;;;;;;;;x
BHP_hms_government;이즈모노 오쿠니 입헌나와브국;;;;;;;;;;;;;x
BHP_hms_government2;이즈모노 오쿠니 의회내각;;;;;;;;;;;;;x
BHP_prussian_constitutionalism;이즈모노 오쿠니 다르바르;;;;;;;;;;;;;x
BHP_prussian_constitutionalism2;이즈모노 오쿠니 제후회의;;;;;;;;;;;;;x
BHP_theocracy;이즈모노 오쿠니 이맘국;;;;;;;;;;;;;x
BHP_trade_unions_congress;이즈모노 오쿠니 노동조합총연맹;;;;;;;;;;;;;x
BHR_absolute_monarchy;킹프로테아 토후국;;;;;;;;;;;;;x
BHR_absolute_monarchy2;킹프로테아 세습토후국;;;;;;;;;;;;;x
BHR_colonial_company;킹프로테아 통상회사령;;;;;;;;;;;;;x
BHR_democracy;킹프로테아 공화국;;;;;;;;;;;;;x
BHR_democracy2;킹프로테아 의회공화국;;;;;;;;;;;;;x
BHR_dominion;킹프로테아 자치령;;;;;;;;;;;;;x
BHR_dominion2;킹프로테아 자치연방;;;;;;;;;;;;;x
BHR_dominion3;킹프로테아 보호토후령;;;;;;;;;;;;;x
BHR_hms_government;킹프로테아 입헌토후국;;;;;;;;;;;;;x
BHR_hms_government2;킹프로테아 의회내각;;;;;;;;;;;;;x
BHR_prussian_constitutionalism;킹프로테아 슈라 평의회;;;;;;;;;;;;;x
BHR_prussian_constitutionalism2;킹프로테아 귀족협의회;;;;;;;;;;;;;x
BHR_theocracy;킹프로테아 이맘국;;;;;;;;;;;;;x
BHR_trade_unions_congress;킹프로테아 노동조합총연맹;;;;;;;;;;;;;x
BHT_absolute_monarchy;브라다만테 토후국;;;;;;;;;;;;;x
BHT_absolute_monarchy2;브라다만테 세습토후국;;;;;;;;;;;;;x
BHT_colonial_company;브라다만테 통상회사령;;;;;;;;;;;;;x
BHT_democracy;브라다만테 공화국;;;;;;;;;;;;;x
BHT_democracy2;브라다만테 의회공화국;;;;;;;;;;;;;x
BHT_dominion;브라다만테 자치령;;;;;;;;;;;;;x
BHT_dominion2;브라다만테 자치연방;;;;;;;;;;;;;x
BHT_dominion3;브라다만테 보호토후령;;;;;;;;;;;;;x
BHT_hms_government;브라다만테 입헌토후국;;;;;;;;;;;;;x
BHT_hms_government2;브라다만테 의회내각;;;;;;;;;;;;;x
BHT_prussian_constitutionalism;브라다만테 지르가;;;;;;;;;;;;;x
BHT_prussian_constitutionalism2;브라다만테 귀족협의회;;;;;;;;;;;;;x
BHT_theocracy;브라다만테 이맘국;;;;;;;;;;;;;x
BHT_trade_unions_congress;브라다만테 노동자평의회;;;;;;;;;;;;;x
BHU_absolute_monarchy;카토 단조 왕국;;;;;;;;;;;;;x
BHU_absolute_monarchy2;카토 단조 세습왕국;;;;;;;;;;;;;x
BHU_colonial_company;카토 단조 통상관할령;;;;;;;;;;;;;x
BHU_democracy;카토 단조 공화국;;;;;;;;;;;;;x
BHU_democracy2;카토 단조 의회공화국;;;;;;;;;;;;;x
BHU_dominion;카토 단조 자치국;;;;;;;;;;;;;x
BHU_dominion2;카토 단조 자치연방;;;;;;;;;;;;;x
BHU_dominion3;카토 단조 왕실보호령;;;;;;;;;;;;;x
BHU_hms_government;카토 단조 입헌왕국;;;;;;;;;;;;;x
BHU_hms_government2;카토 단조 의회내각;;;;;;;;;;;;;x
BHU_prussian_constitutionalism;카토 단조 카샤그;;;;;;;;;;;;;x
BHU_prussian_constitutionalism2;카토 단조 귀족승려회의;;;;;;;;;;;;;x
BHU_theocracy;카토 단조 정교합일국;;;;;;;;;;;;;x
BHU_trade_unions_congress;카토 단조 노동자평의회;;;;;;;;;;;;;x
BHY_absolute_monarchy;부하야 왕국;;;;;;;;;;;;;x
BHY_absolute_monarchy2;부하야 세습왕국;;;;;;;;;;;;;x
BHY_colonial_company;부하야 특허회사령;;;;;;;;;;;;;x
BHY_democracy;부하야 공화국;;;;;;;;;;;;;x
BHY_democracy2;부하야 의회공화국;;;;;;;;;;;;;x
BHY_dominion;부하야 보호국;;;;;;;;;;;;;x
BHY_dominion2;부하야 자치국연합;;;;;;;;;;;;;x
BHY_dominion3;부하야 왕실보호령;;;;;;;;;;;;;x
BHY_hms_government;부하야 입헌왕국;;;;;;;;;;;;;x
BHY_hms_government2;부하야 의회내각;;;;;;;;;;;;;x
BHY_prussian_constitutionalism;부하야 왕실원로회;;;;;;;;;;;;;x
BHY_prussian_constitutionalism2;부하야 추장원로회;;;;;;;;;;;;;x
BHY_theocracy;부하야 제사장국;;;;;;;;;;;;;x
BHY_trade_unions_congress;부하야 노동조합연맹;;;;;;;;;;;;;x
BIA_absolute_monarchy;비아프라 왕국;;;;;;;;;;;;;x
BIA_absolute_monarchy2;비아프라 세습왕국;;;;;;;;;;;;;x
BIA_colonial_company;비아프라 특허회사령;;;;;;;;;;;;;x
BIA_democracy;비아프라 공화국;;;;;;;;;;;;;x
BIA_democracy2;비아프라 의회공화국;;;;;;;;;;;;;x
BIA_dominion;비아프라 보호국;;;;;;;;;;;;;x
BIA_dominion2;비아프라 자치국연합;;;;;;;;;;;;;x
BIA_dominion3;비아프라 왕실보호령;;;;;;;;;;;;;x
BIA_hms_government;비아프라 입헌왕국;;;;;;;;;;;;;x
BIA_hms_government2;비아프라 의회내각;;;;;;;;;;;;;x
BIA_prussian_constitutionalism;비아프라 왕실원로회;;;;;;;;;;;;;x
BIA_prussian_constitutionalism2;비아프라 추장원로회;;;;;;;;;;;;;x
BIA_theocracy;비아프라 제사장국;;;;;;;;;;;;;x
BIA_trade_unions_congress;비아프라 노동조합연맹;;;;;;;;;;;;;x
BIH_absolute_monarchy;카신 거사 라자국;;;;;;;;;;;;;x
BIH_absolute_monarchy2;카신 거사 세습라자국;;;;;;;;;;;;;x
BIH_colonial_company;카신 거사 동인도회사령;;;;;;;;;;;;;x
BIH_democracy;카신 거사 공화국;;;;;;;;;;;;;x
BIH_democracy2;카신 거사 의회공화국;;;;;;;;;;;;;x
BIH_dominion;카신 거사 번왕령;;;;;;;;;;;;;x
BIH_dominion2;카신 거사 번왕연합;;;;;;;;;;;;;x
BIH_dominion3;카신 거사 왕실직할령;;;;;;;;;;;;;x
BIH_hms_government;카신 거사 입헌라자국;;;;;;;;;;;;;x
BIH_hms_government2;카신 거사 의회내각;;;;;;;;;;;;;x
BIH_prussian_constitutionalism;카신 거사 다르바르;;;;;;;;;;;;;x
BIH_prussian_constitutionalism2;카신 거사 제후회의;;;;;;;;;;;;;x
BIH_theocracy;카신 거사 사원연합국;;;;;;;;;;;;;x
BIH_trade_unions_congress;카신 거사 노동조합총연맹;;;;;;;;;;;;;x
BIK_absolute_monarchy;나타 라자국;;;;;;;;;;;;;x
BIK_absolute_monarchy2;나타 세습라자국;;;;;;;;;;;;;x
BIK_colonial_company;나타 동인도회사령;;;;;;;;;;;;;x
BIK_democracy;나타 공화국;;;;;;;;;;;;;x
BIK_democracy2;나타 의회공화국;;;;;;;;;;;;;x
BIK_dominion;나타 번왕령;;;;;;;;;;;;;x
BIK_dominion2;나타 번왕연합;;;;;;;;;;;;;x
BIK_dominion3;나타 왕실직할령;;;;;;;;;;;;;x
BIK_hms_government;나타 입헌라자국;;;;;;;;;;;;;x
BIK_hms_government2;나타 의회내각;;;;;;;;;;;;;x
BIK_prussian_constitutionalism;나타 다르바르;;;;;;;;;;;;;x
BIK_prussian_constitutionalism2;나타 제후회의;;;;;;;;;;;;;x
BIK_theocracy;나타 사원연합국;;;;;;;;;;;;;x
BIK_trade_unions_congress;나타 노동조합총연맹;;;;;;;;;;;;;x
BIM_absolute_monarchy;창춘 술탄국;;;;;;;;;;;;;x
BIM_absolute_monarchy2;창춘 세습술탄국;;;;;;;;;;;;;x
BIM_colonial_company;창춘 통상회사령;;;;;;;;;;;;;x
BIM_democracy;창춘 공화국;;;;;;;;;;;;;x
BIM_democracy2;창춘 의회공화국;;;;;;;;;;;;;x
BIM_dominion;창춘 자치령;;;;;;;;;;;;;x
BIM_dominion2;창춘 자치연방;;;;;;;;;;;;;x
BIM_dominion3;창춘 보호토후령;;;;;;;;;;;;;x
BIM_hms_government;창춘 입헌술탄국;;;;;;;;;;;;;x
BIM_hms_government2;창춘 의회내각;;;;;;;;;;;;;x
BIM_prussian_constitutionalism;창춘 술탄참사회;;;;;;;;;;;;;x
BIM_prussian_constitutionalism2;창춘 귀족협의회;;;;;;;;;;;;;x
BIM_theocracy;창춘 이맘국;;;;;;;;;;;;;x
BIM_trade_unions_congress;창춘 노동조합연맹;;;;;;;;;;;;;x
BKF_absolute_monarchy;부르키나파소 술탄국;;;;;;;;;;;;;x
BKF_absolute_monarchy2;부르키나파소 세습술탄국;;;;;;;;;;;;;x
BKF_colonial_company;부르키나파소 통상회사령;;;;;;;;;;;;;x
BKF_democracy;부르키나파소 공화국;;;;;;;;;;;;;x
BKF_democracy2;부르키나파소 의회공화국;;;;;;;;;;;;;x
BKF_dominion;부르키나파소 자치령;;;;;;;;;;;;;x
BKF_dominion2;부르키나파소 자치연방;;;;;;;;;;;;;x
BKF_dominion3;부르키나파소 보호토후령;;;;;;;;;;;;;x
BKF_hms_government;부르키나파소 입헌술탄국;;;;;;;;;;;;;x
BKF_hms_government2;부르키나파소 의회내각;;;;;;;;;;;;;x
BKF_prussian_constitutionalism;부르키나파소 디완;;;;;;;;;;;;;x
BKF_prussian_constitutionalism2;부르키나파소 귀족협의회;;;;;;;;;;;;;x
BKF_theocracy;부르키나파소 이맘국;;;;;;;;;;;;;x
BKF_trade_unions_congress;부르키나파소 노동조합총연맹;;;;;;;;;;;;;x
BKV_absolute_monarchy;플래티넘 왕국;;;;;;;;;;;;;x
BKV_absolute_monarchy2;플래티넘 세습왕국;;;;;;;;;;;;;x
BKV_colonial_company;플래티넘 특허회사령;;;;;;;;;;;;;x
BKV_democracy;플래티넘 공화국;;;;;;;;;;;;;x
BKV_democracy2;플래티넘 의회공화국;;;;;;;;;;;;;x
BKV_dominion;플래티넘 자치령;;;;;;;;;;;;;x
BKV_dominion2;플래티넘 자치연방;;;;;;;;;;;;;x
BKV_dominion3;플래티넘 왕실속령;;;;;;;;;;;;;x
BKV_hms_government;플래티넘 입헌왕국;;;;;;;;;;;;;x
BKV_hms_government2;플래티넘 의회내각;;;;;;;;;;;;;x
BKV_prussian_constitutionalism;플래티넘 왕실참사회;;;;;;;;;;;;;x
BKV_prussian_constitutionalism2;플래티넘 왕실참의회;;;;;;;;;;;;;x
BKV_theocracy;플래티넘 총대주교령;;;;;;;;;;;;;x
BKV_trade_unions_congress;플래티넘 노동자평의회;;;;;;;;;;;;;x
BLC_absolute_monarchy;스기타니 젠주보 토후국;;;;;;;;;;;;;x
BLC_absolute_monarchy2;스기타니 젠주보 세습토후국;;;;;;;;;;;;;x
BLC_democracy;스기타니 젠주보 공화국;;;;;;;;;;;;;x
BLC_democracy2;스기타니 젠주보 의회공화국;;;;;;;;;;;;;x
BLC_dominion2;스기타니 젠주보 자치연방;;;;;;;;;;;;;x
BLC_dominion3;스기타니 젠주보 보호토후령;;;;;;;;;;;;;x
BLC_hms_government;스기타니 젠주보 입헌토후국;;;;;;;;;;;;;x
BLC_hms_government2;스기타니 젠주보 의회내각;;;;;;;;;;;;;x
BLC_prussian_constitutionalism;스기타니 젠주보 지르가;;;;;;;;;;;;;x
BLC_prussian_constitutionalism2;스기타니 젠주보 귀족협의회;;;;;;;;;;;;;x
BLC_theocracy;스기타니 젠주보 이맘국;;;;;;;;;;;;;x
BLC_trade_unions_congress;스기타니 젠주보 노동자평의회;;;;;;;;;;;;;x
BLZ_absolute_monarchy;보아 행콕 왕국;;;;;;;;;;;;;x
BLZ_absolute_monarchy2;보아 행콕 세습왕국;;;;;;;;;;;;;x
BLZ_democracy;보아 행콕 공화국;;;;;;;;;;;;;x
BLZ_democracy2;보아 행콕 의회공화국;;;;;;;;;;;;;x
BLZ_dominion2;보아 행콕 자치연방;;;;;;;;;;;;;x
BLZ_dominion3;보아 행콕 왕실속령;;;;;;;;;;;;;x
BLZ_hms_government2;보아 행콕 의회내각;;;;;;;;;;;;;x
BLZ_prussian_constitutionalism;보아 행콕 추밀원;;;;;;;;;;;;;x
BLZ_prussian_constitutionalism2;보아 행콕 왕실참의회;;;;;;;;;;;;;x
BLZ_theocracy;보아 행콕 교회연합국;;;;;;;;;;;;;x
BLZ_trade_unions_congress;보아 행콕 노동조합회의;;;;;;;;;;;;;x
BMD_absolute_monarchy;이안산 왕국;;;;;;;;;;;;;x
BMD_absolute_monarchy2;이안산 세습왕국;;;;;;;;;;;;;x
BMD_democracy;이안산 공화국;;;;;;;;;;;;;x
BMD_democracy2;이안산 의회공화국;;;;;;;;;;;;;x
BMD_dominion2;이안산 자치연방;;;;;;;;;;;;;x
BMD_dominion3;이안산 왕실속령;;;;;;;;;;;;;x
BMD_hms_government;이안산 입헌왕국;;;;;;;;;;;;;x
BMD_hms_government2;이안산 의회내각;;;;;;;;;;;;;x
BMD_prussian_constitutionalism;이안산 추밀원;;;;;;;;;;;;;x
BMD_prussian_constitutionalism2;이안산 왕실참의회;;;;;;;;;;;;;x
BMD_theocracy;이안산 교회연합국;;;;;;;;;;;;;x
BMD_trade_unions_congress;이안산 노동조합회의;;;;;;;;;;;;;x
BMK_absolute_monarchy2;바마코 세습왕국;;;;;;;;;;;;;x
BMK_colonial_company;바마코 특허회사령;;;;;;;;;;;;;x
BMK_democracy;바마코 공화국;;;;;;;;;;;;;x
BMK_democracy2;바마코 의회공화국;;;;;;;;;;;;;x
BMK_dominion;바마코 보호국;;;;;;;;;;;;;x
BMK_dominion2;바마코 자치국연합;;;;;;;;;;;;;x
BMK_dominion3;바마코 왕실보호령;;;;;;;;;;;;;x
BMK_hms_government2;바마코 의회내각;;;;;;;;;;;;;x
BMK_prussian_constitutionalism2;바마코 추장원로회;;;;;;;;;;;;;x
BMK_theocracy;바마코 이맘국;;;;;;;;;;;;;x
BMK_trade_unions_congress;바마코 노동조합연맹;;;;;;;;;;;;;x
BNB_absolute_monarchy;앤 보니 토후국;;;;;;;;;;;;;x
BNB_absolute_monarchy2;앤 보니 세습토후국;;;;;;;;;;;;;x
BNB_colonial_company;앤 보니 통상회사령;;;;;;;;;;;;;x
BNB_democracy;앤 보니 공화국;;;;;;;;;;;;;x
BNB_democracy2;앤 보니 의회공화국;;;;;;;;;;;;;x
BNB_dominion;앤 보니 자치령;;;;;;;;;;;;;x
BNB_dominion2;앤 보니 자치연방;;;;;;;;;;;;;x
BNB_dominion3;앤 보니 보호토후령;;;;;;;;;;;;;x
BNB_hms_government;앤 보니 입헌토후국;;;;;;;;;;;;;x
BNB_hms_government2;앤 보니 의회내각;;;;;;;;;;;;;x
BNB_prussian_constitutionalism;앤 보니 지르가;;;;;;;;;;;;;x
BNB_prussian_constitutionalism2;앤 보니 귀족협의회;;;;;;;;;;;;;x
BNB_theocracy;앤 보니 이맘국;;;;;;;;;;;;;x
BNB_trade_unions_congress;앤 보니 노동자평의회;;;;;;;;;;;;;x
BNG_absolute_monarchy2;레드 세습라자국;;;;;;;;;;;;;x
BNG_colonial_company;레드 동인도회사령;;;;;;;;;;;;;x
BNG_democracy;레드 공화국;;;;;;;;;;;;;x
BNG_democracy2;레드 의회공화국;;;;;;;;;;;;;x
BNG_dominion;레드 번왕령;;;;;;;;;;;;;x
BNG_dominion2;레드 번왕연합;;;;;;;;;;;;;x
BNG_dominion3;레드 왕실직할령;;;;;;;;;;;;;x
BNG_hms_government2;레드 의회내각;;;;;;;;;;;;;x
BNG_prussian_constitutionalism2;레드 제후회의;;;;;;;;;;;;;x
BNG_theocracy;레드 사원연합국;;;;;;;;;;;;;x
BNG_trade_unions_congress;레드 노동조합총연맹;;;;;;;;;;;;;x
BNY_absolute_monarchy;부뇨로 왕국;;;;;;;;;;;;;x
BNY_absolute_monarchy2;부뇨로 세습왕국;;;;;;;;;;;;;x
BNY_colonial_company;부뇨로 특허회사령;;;;;;;;;;;;;x
BNY_democracy;부뇨로 공화국;;;;;;;;;;;;;x
BNY_democracy2;부뇨로 의회공화국;;;;;;;;;;;;;x
BNY_dominion;부뇨로 보호국;;;;;;;;;;;;;x
BNY_dominion2;부뇨로 자치국연합;;;;;;;;;;;;;x
BNY_dominion3;부뇨로 왕실보호령;;;;;;;;;;;;;x
BNY_hms_government;부뇨로 입헌왕국;;;;;;;;;;;;;x
BNY_hms_government2;부뇨로 의회내각;;;;;;;;;;;;;x
BNY_prussian_constitutionalism;부뇨로 왕실원로회;;;;;;;;;;;;;x
BNY_prussian_constitutionalism2;부뇨로 추장원로회;;;;;;;;;;;;;x
BNY_theocracy;부뇨로 제사장국;;;;;;;;;;;;;x
BNY_trade_unions_congress;부뇨로 노동조합연맹;;;;;;;;;;;;;x
BOH_absolute_monarchy;산드로네 왕국;;;;;;;;;;;;;x
BOH_absolute_monarchy2;산드로네 세습왕국;;;;;;;;;;;;;x
BOH_democracy2;산드로네 모라비아 연방공화국;;;;;;;;;;;;;x
BOH_dominion2;산드로네 자치연방;;;;;;;;;;;;;x
BOH_dominion3;산드로네 왕실보호령;;;;;;;;;;;;;x
BOH_hms_government;산드로네 입헌왕국;;;;;;;;;;;;;x
BOH_hms_government2;산드로네 의회내각;;;;;;;;;;;;;x
BOH_prussian_constitutionalism;산드로네 귀족의회;;;;;;;;;;;;;x
BOH_prussian_constitutionalism2;산드로네 공업참의회;;;;;;;;;;;;;x
BOH_theocracy;산드로네 기계교단국;;;;;;;;;;;;;x
BOH_trade_unions_congress;산드로네 공장노동연맹;;;;;;;;;;;;;x
BOL_absolute_monarchy;라 플루마 왕국;;;;;;;;;;;;;x
BOL_absolute_monarchy2;라 플루마 세습왕국;;;;;;;;;;;;;x
BOL_colonial_company;라 플루마 특허회사령;;;;;;;;;;;;;x
BOL_democracy;라 플루마 공화국;;;;;;;;;;;;;x
BOL_democracy2;라 플루마 의회공화국;;;;;;;;;;;;;x
BOL_dominion;라 플루마 자치령;;;;;;;;;;;;;x
BOL_dominion2;라 플루마 자치연방;;;;;;;;;;;;;x
BOL_dominion3;라 플루마 왕실속령;;;;;;;;;;;;;x
BOL_hms_government;라 플루마 입헌왕국;;;;;;;;;;;;;x
BOL_hms_government2;라 플루마 의회내각;;;;;;;;;;;;;x
BOL_prussian_constitutionalism;라 플루마 왕실평의회;;;;;;;;;;;;;x
BOL_prussian_constitutionalism2;라 플루마 왕실참의회;;;;;;;;;;;;;x
BOL_theocracy;라 플루마 주교령;;;;;;;;;;;;;x
BOL_trade_unions_congress;라 플루마 노동자총연맹;;;;;;;;;;;;;x
BOR_absolute_monarchy;블레이즈 라자국;;;;;;;;;;;;;x
BOR_absolute_monarchy2;블레이즈 세습라자국;;;;;;;;;;;;;x
BOR_colonial_company;블레이즈 동인도회사령;;;;;;;;;;;;;x
BOR_democracy;블레이즈 공화국;;;;;;;;;;;;;x
BOR_democracy2;블레이즈 의회공화국;;;;;;;;;;;;;x
BOR_dominion;블레이즈 번왕령;;;;;;;;;;;;;x
BOR_dominion2;블레이즈 번왕연합;;;;;;;;;;;;;x
BOR_dominion3;블레이즈 왕실직할령;;;;;;;;;;;;;x
BOR_hms_government;블레이즈 입헌라자국;;;;;;;;;;;;;x
BOR_hms_government2;블레이즈 의회내각;;;;;;;;;;;;;x
BOR_prussian_constitutionalism;블레이즈 다르바르;;;;;;;;;;;;;x
BOR_prussian_constitutionalism2;블레이즈 제후회의;;;;;;;;;;;;;x
BOR_theocracy;블레이즈 사원연합국;;;;;;;;;;;;;x
BOR_trade_unions_congress;블레이즈 노동조합총연맹;;;;;;;;;;;;;x
BOS_absolute_monarchy;케리드라 왕국;;;;;;;;;;;;;x
BOS_absolute_monarchy2;케리드라 세습왕국;;;;;;;;;;;;;x
BOS_democracy;케리드라 공화국;;;;;;;;;;;;;x
BOS_democracy2;케리드라 의회공화국;;;;;;;;;;;;;x
BOS_dominion2;케리드라 자치연방;;;;;;;;;;;;;x
BOS_dominion3;케리드라 왕실속령;;;;;;;;;;;;;x
BOS_hms_government;케리드라 입헌왕국;;;;;;;;;;;;;x
BOS_hms_government2;케리드라 의회내각;;;;;;;;;;;;;x
BOS_prussian_constitutionalism;케리드라 왕실참사회;;;;;;;;;;;;;x
BOS_prussian_constitutionalism2;케리드라 왕실참의회;;;;;;;;;;;;;x
BOS_theocracy;케리드라 이맘국;;;;;;;;;;;;;x
BOS_trade_unions_congress;케리드라 노동자평의회;;;;;;;;;;;;;x
BRA_absolute_monarchy2;민나 세습공국;;;;;;;;;;;;;x
BRA_democracy2;민나 도시공화국;;;;;;;;;;;;;x
BRA_dominion2;민나 자치연방;;;;;;;;;;;;;x
BRA_dominion3;민나 왕실직할령;;;;;;;;;;;;;x
BRA_hms_government2;민나 영방내각;;;;;;;;;;;;;x
BRA_prussian_constitutionalism2;민나 제후회의;;;;;;;;;;;;;x
BRA_theocracy;민나 교회연합국;;;;;;;;;;;;;x
BRA_trade_unions_congress;민나 노동자평의회;;;;;;;;;;;;;x
BRB_absolute_monarchy;유니콘 왕국;;;;;;;;;;;;;x
BRB_absolute_monarchy2;유니콘 세습왕국;;;;;;;;;;;;;x
BRB_democracy;유니콘 공화국;;;;;;;;;;;;;x
BRB_democracy2;유니콘 의회공화국;;;;;;;;;;;;;x
BRB_dominion2;유니콘 자치연방;;;;;;;;;;;;;x
BRB_dominion3;유니콘 왕실속령;;;;;;;;;;;;;x
BRB_hms_government2;유니콘 의회내각;;;;;;;;;;;;;x
BRB_prussian_constitutionalism;유니콘 왕실평의회;;;;;;;;;;;;;x
BRB_prussian_constitutionalism2;유니콘 왕실참의회;;;;;;;;;;;;;x
BRB_theocracy;유니콘 교회연합국;;;;;;;;;;;;;x
BRB_trade_unions_congress;유니콘 노동자총연맹;;;;;;;;;;;;;x
BRD_absolute_monarchy;부룬디 왕국;;;;;;;;;;;;;x
BRD_absolute_monarchy2;부룬디 세습왕국;;;;;;;;;;;;;x
BRD_colonial_company;부룬디 특허회사령;;;;;;;;;;;;;x
BRD_democracy;부룬디 공화국;;;;;;;;;;;;;x
BRD_democracy2;부룬디 의회공화국;;;;;;;;;;;;;x
BRD_dominion;부룬디 보호국;;;;;;;;;;;;;x
BRD_dominion2;부룬디 자치국연합;;;;;;;;;;;;;x
BRD_dominion3;부룬디 왕실보호령;;;;;;;;;;;;;x
BRD_hms_government;부룬디 입헌왕국;;;;;;;;;;;;;x
BRD_hms_government2;부룬디 의회내각;;;;;;;;;;;;;x
BRD_prussian_constitutionalism;부룬디 왕실원로회;;;;;;;;;;;;;x
BRD_prussian_constitutionalism2;부룬디 추장원로회;;;;;;;;;;;;;x
BRD_theocracy;부룬디 제사장국;;;;;;;;;;;;;x
BRD_trade_unions_congress;부룬디 노동조합연맹;;;;;;;;;;;;;x
BRE_absolute_monarchy2;후우카 세습공국;;;;;;;;;;;;;x
BRE_democracy2;후우카 도시공화국;;;;;;;;;;;;;x
BRE_dominion2;후우카 자치연방;;;;;;;;;;;;;x
BRE_dominion3;후우카 왕실직할령;;;;;;;;;;;;;x
BRE_hms_government2;후우카 영방내각;;;;;;;;;;;;;x
BRE_prussian_constitutionalism2;후우카 제후회의;;;;;;;;;;;;;x
BRE_theocracy;후우카 교회연합국;;;;;;;;;;;;;x
BRE_trade_unions_congress;후우카 노동자평의회;;;;;;;;;;;;;x
BRG_absolute_monarchy;클레 왕국;;;;;;;;;;;;;x
BRG_absolute_monarchy2;클레 세습왕국;;;;;;;;;;;;;x
BRG_colonial_company;클레 특허회사령;;;;;;;;;;;;;x
BRG_democracy;클레 공화국;;;;;;;;;;;;;x
BRG_democracy2;클레 의회공화국;;;;;;;;;;;;;x
BRG_dominion;클레 자치령;;;;;;;;;;;;;x
BRG_dominion2;클레 자치연방;;;;;;;;;;;;;x
BRG_dominion3;클레 왕실속령;;;;;;;;;;;;;x
BRG_hms_government2;클레 의회내각;;;;;;;;;;;;;x
BRG_prussian_constitutionalism2;클레 왕실참의회;;;;;;;;;;;;;x
BRG_theocracy;클레 주교령;;;;;;;;;;;;;x
BRG_trade_unions_congress;클레 노동총동맹;;;;;;;;;;;;;x
BRM_absolute_monarchy2;바기르미 세습술탄국;;;;;;;;;;;;;x
BRM_colonial_company;바기르미 통상회사령;;;;;;;;;;;;;x
BRM_democracy2;바기르미 의회공화국;;;;;;;;;;;;;x
BRM_dominion;바기르미 자치령;;;;;;;;;;;;;x
BRM_dominion2;바기르미 자치연방;;;;;;;;;;;;;x
BRM_dominion3;바기르미 보호토후령;;;;;;;;;;;;;x
BRM_hms_government2;바기르미 의회내각;;;;;;;;;;;;;x
BRM_prussian_constitutionalism2;바기르미 귀족협의회;;;;;;;;;;;;;x
BRM_theocracy;바기르미 이맘국;;;;;;;;;;;;;x
BRM_trade_unions_congress;바기르미 노동조합총연맹;;;;;;;;;;;;;x
BRT_absolute_monarchy;니코 왕국;;;;;;;;;;;;;x
BRT_absolute_monarchy2;니코 세습왕국;;;;;;;;;;;;;x
BRT_colonial_company;니코 특허회사령;;;;;;;;;;;;;x
BRT_democracy;니코 공화국;;;;;;;;;;;;;x
BRT_democracy2;니코 의회공화국;;;;;;;;;;;;;x
BRT_dominion;니코 자치령;;;;;;;;;;;;;x
BRT_dominion2;니코 자치연방;;;;;;;;;;;;;x
BRT_dominion3;니코 왕실속령;;;;;;;;;;;;;x
BRT_hms_government;니코 입헌왕국;;;;;;;;;;;;;x
BRT_hms_government2;니코 의회내각;;;;;;;;;;;;;x
BRT_prussian_constitutionalism;니코 왕실국무원;;;;;;;;;;;;;x
BRT_prussian_constitutionalism2;니코 왕실참의회;;;;;;;;;;;;;x
BRT_theocracy;니코 주교령;;;;;;;;;;;;;x
BRT_trade_unions_congress;니코 노동총동맹;;;;;;;;;;;;;x
BRU_absolute_monarchy;얏센 술탄국;;;;;;;;;;;;;x
BRU_absolute_monarchy2;얏센 세습술탄국;;;;;;;;;;;;;x
BRU_colonial_company;얏센 통상회사령;;;;;;;;;;;;;x
BRU_democracy;얏센 공화국;;;;;;;;;;;;;x
BRU_democracy2;얏센 의회공화국;;;;;;;;;;;;;x
BRU_dominion;얏센 자치령;;;;;;;;;;;;;x
BRU_dominion2;얏센 자치연방;;;;;;;;;;;;;x
BRU_dominion3;얏센 보호토후령;;;;;;;;;;;;;x
BRU_hms_government;얏센 입헌술탄국;;;;;;;;;;;;;x
BRU_hms_government2;얏센 의회내각;;;;;;;;;;;;;x
BRU_prussian_constitutionalism;얏센 술탄참사회;;;;;;;;;;;;;x
BRU_prussian_constitutionalism2;얏센 귀족협의회;;;;;;;;;;;;;x
BRU_theocracy;얏센 이맘국;;;;;;;;;;;;;x
BRU_trade_unions_congress;얏센 노동조합연맹;;;;;;;;;;;;;x
BRY_absolute_monarchy;마리나 칸국;;;;;;;;;;;;;x
BRY_absolute_monarchy2;마리나 세습칸국;;;;;;;;;;;;;x
BRY_colonial_company;마리나 통상관할령;;;;;;;;;;;;;x
BRY_democracy;마리나 공화국;;;;;;;;;;;;;x
BRY_democracy2;마리나 의회공화국;;;;;;;;;;;;;x
BRY_dominion;마리나 자치기;;;;;;;;;;;;;x
BRY_dominion2;마리나 맹기연합;;;;;;;;;;;;;x
BRY_dominion3;마리나 왕공령;;;;;;;;;;;;;x
BRY_hms_government;마리나 입헌칸국;;;;;;;;;;;;;x
BRY_hms_government2;마리나 의회내각;;;;;;;;;;;;;x
BRY_prussian_constitutionalism;마리나 쿠릴타이;;;;;;;;;;;;;x
BRY_prussian_constitutionalism2;마리나 왕공회의;;;;;;;;;;;;;x
BRY_theocracy;마리나 라마정권;;;;;;;;;;;;;x
BRY_trade_unions_congress;마리나 노동자대회;;;;;;;;;;;;;x
BRZ_absolute_monarchy2;미치코 말란드로 세습제국;;;;;;;;;;;;;x
BRZ_democracy;미치코 말란드로 연방공화국;;;;;;;;;;;;;x
BRZ_democracy2;미치코 말란드로 의회공화국;;;;;;;;;;;;;x
BRZ_dominion2;미치코 말란드로 자치연방;;;;;;;;;;;;;x
BRZ_dominion3;미치코 말란드로 왕실속령;;;;;;;;;;;;;x
BRZ_hms_government2;미치코 말란드로 의회내각;;;;;;;;;;;;;x
BRZ_prussian_constitutionalism2;미치코 말란드로 왕실참의회;;;;;;;;;;;;;x
BRZ_theocracy;미치코 말란드로 주교령;;;;;;;;;;;;;x
BRZ_trade_unions_congress;미치코 말란드로 노동자총연맹;;;;;;;;;;;;;x
BSH_absolute_monarchy2;레소토 세습왕국;;;;;;;;;;;;;x
BSH_colonial_company;레소토 특허회사령;;;;;;;;;;;;;x
BSH_democracy;레소토 공화국;;;;;;;;;;;;;x
BSH_democracy2;레소토 의회공화국;;;;;;;;;;;;;x
BSH_dominion;레소토 보호국;;;;;;;;;;;;;x
BSH_dominion2;레소토 자치국연합;;;;;;;;;;;;;x
BSH_dominion3;레소토 왕실보호령;;;;;;;;;;;;;x
BSH_hms_government;레소토 입헌왕국;;;;;;;;;;;;;x
BSH_hms_government2;레소토 의회내각;;;;;;;;;;;;;x
BSH_prussian_constitutionalism;레소토 왕실원로회;;;;;;;;;;;;;x
BSH_prussian_constitutionalism2;레소토 추장원로회;;;;;;;;;;;;;x
BSH_theocracy;레소토 제사장국;;;;;;;;;;;;;x
BSH_trade_unions_congress;레소토 노동조합연맹;;;;;;;;;;;;;x
BSQ_absolute_monarchy;아라시 치사토 왕국;;;;;;;;;;;;;x
BSQ_absolute_monarchy2;아라시 치사토 세습왕국;;;;;;;;;;;;;x
BSQ_colonial_company;아라시 치사토 특허회사령;;;;;;;;;;;;;x
BSQ_democracy;아라시 치사토 공화국;;;;;;;;;;;;;x
BSQ_democracy2;아라시 치사토 의회공화국;;;;;;;;;;;;;x
BSQ_dominion;아라시 치사토 자치령;;;;;;;;;;;;;x
BSQ_dominion2;아라시 치사토 자치연방;;;;;;;;;;;;;x
BSQ_dominion3;아라시 치사토 왕실속령;;;;;;;;;;;;;x
BSQ_hms_government;아라시 치사토 입헌왕국;;;;;;;;;;;;;x
BSQ_hms_government2;아라시 치사토 의회내각;;;;;;;;;;;;;x
BSQ_prussian_constitutionalism;아라시 치사토 코르테스;;;;;;;;;;;;;x
BSQ_prussian_constitutionalism2;아라시 치사토 왕실참의회;;;;;;;;;;;;;x
BSQ_theocracy;아라시 치사토 주교령;;;;;;;;;;;;;x
BSQ_trade_unions_congress;아라시 치사토 노동조합연합;;;;;;;;;;;;;x
BTL_absolute_monarchy;프로스트리프 토후국;;;;;;;;;;;;;x
BTL_absolute_monarchy2;프로스트리프 세습토후국;;;;;;;;;;;;;x
BTL_colonial_company;프로스트리프 통상회사령;;;;;;;;;;;;;x
BTL_democracy;프로스트리프 공화국;;;;;;;;;;;;;x
BTL_democracy2;프로스트리프 의회공화국;;;;;;;;;;;;;x
BTL_dominion;프로스트리프 자치령;;;;;;;;;;;;;x
BTL_dominion2;프로스트리프 자치연방;;;;;;;;;;;;;x
BTL_dominion3;프로스트리프 보호토후령;;;;;;;;;;;;;x
BTL_hms_government;프로스트리프 입헌토후국;;;;;;;;;;;;;x
BTL_hms_government2;프로스트리프 의회내각;;;;;;;;;;;;;x
BTL_prussian_constitutionalism;프로스트리프 지르가;;;;;;;;;;;;;x
BTL_prussian_constitutionalism2;프로스트리프 귀족협의회;;;;;;;;;;;;;x
BTL_theocracy;프로스트리프 이맘국;;;;;;;;;;;;;x
BTL_trade_unions_congress;프로스트리프 노동자평의회;;;;;;;;;;;;;x
BTN_absolute_monarchy;시라유키 술탄국;;;;;;;;;;;;;x
BTN_absolute_monarchy2;시라유키 세습술탄국;;;;;;;;;;;;;x
BTN_colonial_company;시라유키 통상회사령;;;;;;;;;;;;;x
BTN_democracy;시라유키 공화국;;;;;;;;;;;;;x
BTN_democracy2;시라유키 의회공화국;;;;;;;;;;;;;x
BTN_dominion;시라유키 자치령;;;;;;;;;;;;;x
BTN_dominion2;시라유키 자치연방;;;;;;;;;;;;;x
BTN_dominion3;시라유키 보호토후령;;;;;;;;;;;;;x
BTN_hms_government;시라유키 입헌술탄국;;;;;;;;;;;;;x
BTN_hms_government2;시라유키 의회내각;;;;;;;;;;;;;x
BTN_prussian_constitutionalism;시라유키 술탄참사회;;;;;;;;;;;;;x
BTN_prussian_constitutionalism2;시라유키 귀족협의회;;;;;;;;;;;;;x
BTN_theocracy;시라유키 이맘국;;;;;;;;;;;;;x
BTN_trade_unions_congress;시라유키 노동조합연맹;;;;;;;;;;;;;x
BUG_absolute_monarchy2;부간다 세습왕국;;;;;;;;;;;;;x
BUG_colonial_company;부간다 특허회사령;;;;;;;;;;;;;x
BUG_democracy;부간다 공화국;;;;;;;;;;;;;x
BUG_democracy2;부간다 의회공화국;;;;;;;;;;;;;x
BUG_dominion;부간다 보호국;;;;;;;;;;;;;x
BUG_dominion2;부간다 자치국연합;;;;;;;;;;;;;x
BUG_dominion3;부간다 왕실보호령;;;;;;;;;;;;;x
BUG_hms_government;부간다 입헌왕국;;;;;;;;;;;;;x
BUG_hms_government2;부간다 의회내각;;;;;;;;;;;;;x
BUG_prussian_constitutionalism2;부간다 추장원로회;;;;;;;;;;;;;x
BUG_theocracy;부간다 제사장국;;;;;;;;;;;;;x
BUG_trade_unions_congress;부간다 노동조합연맹;;;;;;;;;;;;;x
BUH_absolute_monarchy;부하 왕국;;;;;;;;;;;;;x
BUH_absolute_monarchy2;부하 세습왕국;;;;;;;;;;;;;x
BUH_colonial_company;부하 특허회사령;;;;;;;;;;;;;x
BUH_democracy;부하 공화국;;;;;;;;;;;;;x
BUH_democracy2;부하 의회공화국;;;;;;;;;;;;;x
BUH_dominion;부하 보호국;;;;;;;;;;;;;x
BUH_dominion2;부하 자치국연합;;;;;;;;;;;;;x
BUH_dominion3;부하 왕실보호령;;;;;;;;;;;;;x
BUH_hms_government;부하 입헌왕국;;;;;;;;;;;;;x
BUH_hms_government2;부하 의회내각;;;;;;;;;;;;;x
BUH_prussian_constitutionalism;부하 왕실원로회;;;;;;;;;;;;;x
BUH_prussian_constitutionalism2;부하 추장원로회;;;;;;;;;;;;;x
BUH_theocracy;부하 제사장국;;;;;;;;;;;;;x
BUH_trade_unions_congress;부하 노동조합연맹;;;;;;;;;;;;;x
BUK_absolute_monarchy2;에레쉬키갈 세습칸국;;;;;;;;;;;;;x
BUK_colonial_company;에레쉬키갈 통상회사령;;;;;;;;;;;;;x
BUK_democracy2;에레쉬키갈 의회공화국;;;;;;;;;;;;;x
BUK_dominion;에레쉬키갈 자치령;;;;;;;;;;;;;x
BUK_dominion2;에레쉬키갈 자치연방;;;;;;;;;;;;;x
BUK_dominion3;에레쉬키갈 보호토후령;;;;;;;;;;;;;x
BUK_hms_government;에레쉬키갈 입헌칸국;;;;;;;;;;;;;x
BUK_hms_government2;에레쉬키갈 의회내각;;;;;;;;;;;;;x
BUK_prussian_constitutionalism;에레쉬키갈 칸국의정회;;;;;;;;;;;;;x
BUK_prussian_constitutionalism2;에레쉬키갈 귀족협의회;;;;;;;;;;;;;x
BUK_theocracy;에레쉬키갈 이맘국;;;;;;;;;;;;;x
BUK_trade_unions_congress;에레쉬키갈 노동자평의회;;;;;;;;;;;;;x
BUL_absolute_monarchy;아글라이아 왕국;;;;;;;;;;;;;x
BUL_absolute_monarchy2;아글라이아 세습왕국;;;;;;;;;;;;;x
BUL_colonial_company;아글라이아 특허회사령;;;;;;;;;;;;;x
BUL_democracy;아글라이아 공화국;;;;;;;;;;;;;x
BUL_democracy2;아글라이아 의회공화국;;;;;;;;;;;;;x
BUL_dominion;아글라이아 자치령;;;;;;;;;;;;;x
BUL_dominion2;아글라이아 자치연방;;;;;;;;;;;;;x
BUL_dominion3;아글라이아 왕실속령;;;;;;;;;;;;;x
BUL_hms_government;아글라이아 입헌왕국;;;;;;;;;;;;;x
BUL_hms_government2;아글라이아 의회내각;;;;;;;;;;;;;x
BUL_prussian_constitutionalism;아글라이아 왕실참사회;;;;;;;;;;;;;x
BUL_prussian_constitutionalism2;아글라이아 왕실참의회;;;;;;;;;;;;;x
BUL_theocracy;아글라이아 총대주교령;;;;;;;;;;;;;x
BUL_trade_unions_congress;아글라이아 노동자평의회;;;;;;;;;;;;;x
BUN_absolute_monarchy;락슈미 바이 라자국;;;;;;;;;;;;;x
BUN_absolute_monarchy2;락슈미 바이 세습라자국;;;;;;;;;;;;;x
BUN_democracy;락슈미 바이 공화국;;;;;;;;;;;;;x
BUN_democracy2;락슈미 바이 의회공화국;;;;;;;;;;;;;x
BUN_dominion2;락슈미 바이 번왕연합;;;;;;;;;;;;;x
BUN_dominion3;락슈미 바이 왕실직할령;;;;;;;;;;;;;x
BUN_hms_government;락슈미 바이 입헌라자국;;;;;;;;;;;;;x
BUN_hms_government2;락슈미 바이 의회내각;;;;;;;;;;;;;x
BUN_prussian_constitutionalism;락슈미 바이 다르바르;;;;;;;;;;;;;x
BUN_prussian_constitutionalism2;락슈미 바이 제후회의;;;;;;;;;;;;;x
BUN_theocracy;락슈미 바이 사원연합국;;;;;;;;;;;;;x
BUN_trade_unions_congress;락슈미 바이 노동조합총연맹;;;;;;;;;;;;;x
BUR_absolute_monarchy2;우타게 세습왕국;;;;;;;;;;;;;x
BUR_colonial_company;우타게 특허회사령;;;;;;;;;;;;;x
BUR_democracy;우타게 공화국;;;;;;;;;;;;;x
BUR_democracy2;우타게 의회공화국;;;;;;;;;;;;;x
BUR_dominion;우타게 자치령;;;;;;;;;;;;;x
BUR_dominion2;우타게 자치연방;;;;;;;;;;;;;x
BUR_dominion3;우타게 왕실속령;;;;;;;;;;;;;x
BUR_hms_government;우타게 입헌왕국;;;;;;;;;;;;;x
BUR_hms_government2;우타게 의회내각;;;;;;;;;;;;;x
BUR_prussian_constitutionalism;우타게 왕실참사회;;;;;;;;;;;;;x
BUR_prussian_constitutionalism2;우타게 왕실참의회;;;;;;;;;;;;;x
BUR_theocracy;우타게 승가국;;;;;;;;;;;;;x
BUR_trade_unions_congress;우타게 노동조합연맹;;;;;;;;;;;;;x
BYE_absolute_monarchy;보댜니차 공국;;;;;;;;;;;;;x
BYE_absolute_monarchy2;보댜니차 세습공국;;;;;;;;;;;;;x
BYE_colonial_company;보댜니차 수운특허회사;;;;;;;;;;;;;x
BYE_democracy;보댜니차 공화국;;;;;;;;;;;;;x
BYE_democracy2;보댜니차 의회공화국;;;;;;;;;;;;;x
BYE_dominion;보댜니차 자치령;;;;;;;;;;;;;x
BYE_dominion2;보댜니차 자치연방;;;;;;;;;;;;;x
BYE_dominion3;보댜니차 왕실보호령;;;;;;;;;;;;;x
BYE_hms_government;보댜니차 입헌공국;;;;;;;;;;;;;x
BYE_hms_government2;보댜니차 의회내각;;;;;;;;;;;;;x
BYE_prussian_constitutionalism;보댜니차 영방의회;;;;;;;;;;;;;x
BYE_prussian_constitutionalism2;보댜니차 귀족참의회;;;;;;;;;;;;;x
BYE_theocracy;보댜니차 성가 신정국;;;;;;;;;;;;;x
BYE_trade_unions_congress;보댜니차 노동자평의회;;;;;;;;;;;;;x
BYZ_absolute_monarchy2;아탈란테 세습제국;;;;;;;;;;;;;x
BYZ_colonial_company;아탈란테 특허회사령;;;;;;;;;;;;;x
BYZ_democracy2;아탈란테 의회공화국;;;;;;;;;;;;;x
BYZ_dominion;아탈란테 자치령;;;;;;;;;;;;;x
BYZ_dominion2;아탈란테 자치연방;;;;;;;;;;;;;x
BYZ_dominion3;아탈란테 왕실속령;;;;;;;;;;;;;x
BYZ_hms_government2;아탈란테 의회내각;;;;;;;;;;;;;x
BYZ_prussian_constitutionalism2;아탈란테 왕실참의회;;;;;;;;;;;;;x
BYZ_theocracy;아탈란테 총대주교령;;;;;;;;;;;;;x
BYZ_trade_unions_congress;아탈란테 노동조합연맹;;;;;;;;;;;;;x
CAL_absolute_monarchy2;모모이 세습제국;;;;;;;;;;;;;x
CAL_democracy2;모모이 의회공화국;;;;;;;;;;;;;x
CAL_dominion2;모모이 자치연방;;;;;;;;;;;;;x
CAL_dominion3;모모이 왕실속령;;;;;;;;;;;;;x
CAL_hms_government2;모모이 의회내각;;;;;;;;;;;;;x
CAL_prussian_constitutionalism2;모모이 왕실참의회;;;;;;;;;;;;;x
CAL_theocracy;모모이 교회연합국;;;;;;;;;;;;;x
CAL_trade_unions_congress;모모이 산업노동조합연맹;;;;;;;;;;;;;x
CAM_absolute_monarchy;키라라 왕국;;;;;;;;;;;;;x
CAM_absolute_monarchy2;키라라 세습왕국;;;;;;;;;;;;;x
CAM_colonial_company;키라라 특허회사령;;;;;;;;;;;;;x
CAM_democracy;키라라 공화국;;;;;;;;;;;;;x
CAM_democracy2;키라라 의회공화국;;;;;;;;;;;;;x
CAM_dominion;키라라 자치령;;;;;;;;;;;;;x
CAM_dominion2;키라라 자치연방;;;;;;;;;;;;;x
CAM_dominion3;키라라 왕실속령;;;;;;;;;;;;;x
CAM_hms_government;키라라 입헌왕국;;;;;;;;;;;;;x
CAM_hms_government2;키라라 의회내각;;;;;;;;;;;;;x
CAM_prussian_constitutionalism;키라라 왕실참사회;;;;;;;;;;;;;x
CAM_prussian_constitutionalism2;키라라 왕실참의회;;;;;;;;;;;;;x
CAM_theocracy;키라라 승가국;;;;;;;;;;;;;x
CAM_trade_unions_congress;키라라 노동조합연맹;;;;;;;;;;;;;x
CAN_absolute_monarchy2;쿠리무라 아이리 세습왕국;;;;;;;;;;;;;x
CAN_democracy2;쿠리무라 아이리 의회공화국;;;;;;;;;;;;;x
CAN_dominion2;쿠리무라 아이리 자치연방;;;;;;;;;;;;;x
CAN_dominion3;쿠리무라 아이리 왕실속령;;;;;;;;;;;;;x
CAN_hms_government2;쿠리무라 아이리 의회내각;;;;;;;;;;;;;x
CAN_prussian_constitutionalism2;쿠리무라 아이리 왕실참의회;;;;;;;;;;;;;x
CAN_theocracy;쿠리무라 아이리 교회연합국;;;;;;;;;;;;;x
CAN_trade_unions_congress;쿠리무라 아이리 노동조합회의;;;;;;;;;;;;;x
CAR_absolute_monarchy2;중앙아프리카 세습제국;;;;;;;;;;;;;x
CAR_democracy;중앙아프리카 공화국;;;;;;;;;;;;;x
CAR_democracy2;중앙아프리카 의회공화국;;;;;;;;;;;;;x
CAR_dominion;중앙아프리카 보호국;;;;;;;;;;;;;x
CAR_dominion2;중앙아프리카 자치국연합;;;;;;;;;;;;;x
CAR_dominion3;중앙아프리카 왕실보호령;;;;;;;;;;;;;x
CAR_hms_government2;중앙아프리카 의회내각;;;;;;;;;;;;;x
CAR_prussian_constitutionalism2;중앙아프리카 추장원로회;;;;;;;;;;;;;x
CAR_theocracy;중앙아프리카 제사장국;;;;;;;;;;;;;x
CAR_trade_unions_congress;중앙아프리카 노동조합연맹;;;;;;;;;;;;;x
CAS_absolute_monarchy;미도리 왕국;;;;;;;;;;;;;x
CAS_absolute_monarchy2;미도리 세습왕국;;;;;;;;;;;;;x
CAS_colonial_company;미도리 특허회사령;;;;;;;;;;;;;x
CAS_democracy;미도리 연방공화국;;;;;;;;;;;;;x
CAS_democracy2;미도리 의회공화국;;;;;;;;;;;;;x
CAS_dominion;미도리 자치령;;;;;;;;;;;;;x
CAS_dominion2;미도리 자치연방;;;;;;;;;;;;;x
CAS_dominion3;미도리 왕실속령;;;;;;;;;;;;;x
CAS_hms_government;미도리 입헌왕국;;;;;;;;;;;;;x
CAS_hms_government2;미도리 의회내각;;;;;;;;;;;;;x
CAS_prussian_constitutionalism;미도리 왕실의회;;;;;;;;;;;;;x
CAS_prussian_constitutionalism2;미도리 왕실참의회;;;;;;;;;;;;;x
CAS_theocracy;미도리 교회연합국;;;;;;;;;;;;;x
CAS_trade_unions_congress;미도리 산업노동조합연맹;;;;;;;;;;;;;x
CAT_absolute_monarchy;하즈키 렌 왕국;;;;;;;;;;;;;x
CAT_absolute_monarchy2;하즈키 렌 세습왕국;;;;;;;;;;;;;x
CAT_colonial_company;하즈키 렌 특허회사령;;;;;;;;;;;;;x
CAT_democracy;하즈키 렌 공화국;;;;;;;;;;;;;x
CAT_democracy2;하즈키 렌 의회공화국;;;;;;;;;;;;;x
CAT_dominion;하즈키 렌 자치령;;;;;;;;;;;;;x
CAT_dominion2;하즈키 렌 자치연방;;;;;;;;;;;;;x
CAT_dominion3;하즈키 렌 왕실속령;;;;;;;;;;;;;x
CAT_hms_government;하즈키 렌 입헌왕국;;;;;;;;;;;;;x
CAT_hms_government2;하즈키 렌 의회내각;;;;;;;;;;;;;x
CAT_prussian_constitutionalism;하즈키 렌 코르테스;;;;;;;;;;;;;x
CAT_prussian_constitutionalism2;하즈키 렌 왕실참의회;;;;;;;;;;;;;x
CAT_theocracy;하즈키 렌 주교령;;;;;;;;;;;;;x
CAT_trade_unions_congress;하즈키 렌 노동조합연합;;;;;;;;;;;;;x
CBH_absolute_monarchy;크라운슬레이어 라자국;;;;;;;;;;;;;x
CBH_absolute_monarchy2;크라운슬레이어 세습라자국;;;;;;;;;;;;;x
CBH_colonial_company;크라운슬레이어 동인도회사령;;;;;;;;;;;;;x
CBH_democracy;크라운슬레이어 공화국;;;;;;;;;;;;;x
CBH_democracy2;크라운슬레이어 의회공화국;;;;;;;;;;;;;x
CBH_dominion;크라운슬레이어 번왕령;;;;;;;;;;;;;x
CBH_dominion2;크라운슬레이어 번왕연합;;;;;;;;;;;;;x
CBH_dominion3;크라운슬레이어 왕실직할령;;;;;;;;;;;;;x
CBH_hms_government;크라운슬레이어 입헌라자국;;;;;;;;;;;;;x
CBH_hms_government2;크라운슬레이어 의회내각;;;;;;;;;;;;;x
CBH_prussian_constitutionalism;크라운슬레이어 다르바르;;;;;;;;;;;;;x
CBH_prussian_constitutionalism2;크라운슬레이어 제후회의;;;;;;;;;;;;;x
CBH_theocracy;크라운슬레이어 사원연합국;;;;;;;;;;;;;x
CBH_trade_unions_congress;크라운슬레이어 노동조합총연맹;;;;;;;;;;;;;x
CEQ_absolute_monarchy2;무스 세습제국;;;;;;;;;;;;;x
CEQ_colonial_company;무스 특허회사령;;;;;;;;;;;;;x
CEQ_democracy;무스 연방공화국;;;;;;;;;;;;;x
CEQ_democracy2;무스 의회공화국;;;;;;;;;;;;;x
CEQ_dominion;무스 자치령;;;;;;;;;;;;;x
CEQ_dominion2;무스 자치연방;;;;;;;;;;;;;x
CEQ_dominion3;무스 왕실속령;;;;;;;;;;;;;x
CEQ_hms_government2;무스 의회내각;;;;;;;;;;;;;x
CEQ_prussian_constitutionalism2;무스 왕실참의회;;;;;;;;;;;;;x
CEQ_theocracy;무스 주교령;;;;;;;;;;;;;x
CEQ_trade_unions_congress;무스 노동자총연맹;;;;;;;;;;;;;x
CFB_absolute_monarchy;네페르 왕국;;;;;;;;;;;;;x
CFB_absolute_monarchy2;네페르 세습왕국;;;;;;;;;;;;;x
CFB_colonial_company;네페르 특허회사령;;;;;;;;;;;;;x
CFB_democracy;네페르 공화국;;;;;;;;;;;;;x
CFB_democracy2;네페르 의회공화국;;;;;;;;;;;;;x
CFB_dominion;네페르 보호국;;;;;;;;;;;;;x
CFB_dominion2;네페르 자치국연합;;;;;;;;;;;;;x
CFB_dominion3;네페르 왕실보호령;;;;;;;;;;;;;x
CFB_hms_government;네페르 입헌왕국;;;;;;;;;;;;;x
CFB_hms_government2;네페르 의회내각;;;;;;;;;;;;;x
CFB_prussian_constitutionalism;네페르 왕실원로회;;;;;;;;;;;;;x
CFB_prussian_constitutionalism2;네페르 추장원로회;;;;;;;;;;;;;x
CFB_theocracy;네페르 주교령;;;;;;;;;;;;;x
CFB_trade_unions_congress;네페르 노동조합연맹;;;;;;;;;;;;;x
CGC_absolute_monarchy;지바이 왕국;;;;;;;;;;;;;x
CGC_absolute_monarchy2;지바이 세습왕국;;;;;;;;;;;;;x
CGC_democracy;지바이 공화국;;;;;;;;;;;;;x
CGC_democracy2;지바이 의회공화국;;;;;;;;;;;;;x
CGC_dominion2;지바이 자치연방;;;;;;;;;;;;;x
CGC_dominion3;지바이 왕실속령;;;;;;;;;;;;;x
CGC_hms_government;지바이 입헌왕국;;;;;;;;;;;;;x
CGC_hms_government2;지바이 의회내각;;;;;;;;;;;;;x
CGC_prussian_constitutionalism;지바이 왕실평의회;;;;;;;;;;;;;x
CGC_prussian_constitutionalism2;지바이 왕실참의회;;;;;;;;;;;;;x
CGC_theocracy;지바이 주교령;;;;;;;;;;;;;x
CGC_trade_unions_congress;지바이 노동자총연맹;;;;;;;;;;;;;x
CGO_absolute_monarchy;브라자빌 콩고 왕국;;;;;;;;;;;;;x
CGO_absolute_monarchy2;브라자빌 콩고 세습왕국;;;;;;;;;;;;;x
CGO_colonial_company;브라자빌 콩고 특허회사령;;;;;;;;;;;;;x
CGO_democracy;콩고 공화국;;;;;;;;;;;;;x
CGO_democracy2;브라자빌 콩고 의회공화국;;;;;;;;;;;;;x
CGO_dominion;브라자빌 콩고 보호국;;;;;;;;;;;;;x
CGO_dominion2;브라자빌 콩고 자치국연합;;;;;;;;;;;;;x
CGO_dominion3;브라자빌 콩고 왕실보호령;;;;;;;;;;;;;x
CGO_hms_government;브라자빌 콩고 입헌왕국;;;;;;;;;;;;;x
CGO_hms_government2;브라자빌 콩고 의회내각;;;;;;;;;;;;;x
CGO_prussian_constitutionalism;브라자빌 콩고 왕실원로회;;;;;;;;;;;;;x
CGO_prussian_constitutionalism2;브라자빌 콩고 추장원로회;;;;;;;;;;;;;x
CGO_theocracy;브라자빌 콩고 주교령;;;;;;;;;;;;;x
CGO_trade_unions_congress;브라자빌 콩고 노동조합연맹;;;;;;;;;;;;;x
CHA_absolute_monarchy;레이디언 라자국;;;;;;;;;;;;;x
CHA_absolute_monarchy2;레이디언 세습라자국;;;;;;;;;;;;;x
CHA_colonial_company;레이디언 동인도회사령;;;;;;;;;;;;;x
CHA_democracy;레이디언 공화국;;;;;;;;;;;;;x
CHA_democracy2;레이디언 의회공화국;;;;;;;;;;;;;x
CHA_dominion;레이디언 번왕령;;;;;;;;;;;;;x
CHA_dominion2;레이디언 번왕연합;;;;;;;;;;;;;x
CHA_dominion3;레이디언 왕실직할령;;;;;;;;;;;;;x
CHA_hms_government;레이디언 입헌라자국;;;;;;;;;;;;;x
CHA_hms_government2;레이디언 의회내각;;;;;;;;;;;;;x
CHA_prussian_constitutionalism;레이디언 다르바르;;;;;;;;;;;;;x
CHA_prussian_constitutionalism2;레이디언 제후회의;;;;;;;;;;;;;x
CHA_theocracy;레이디언 사원연합국;;;;;;;;;;;;;x
CHA_trade_unions_congress;레이디언 노동조합총연맹;;;;;;;;;;;;;x
CHD_absolute_monarchy2;차드 세습술탄국;;;;;;;;;;;;;x
CHD_colonial_company;차드 통상회사령;;;;;;;;;;;;;x
CHD_democracy;차드 공화국;;;;;;;;;;;;;x
CHD_democracy2;차드 의회공화국;;;;;;;;;;;;;x
CHD_dominion;차드 자치령;;;;;;;;;;;;;x
CHD_dominion2;차드 자치연방;;;;;;;;;;;;;x
CHD_dominion3;차드 보호토후령;;;;;;;;;;;;;x
CHD_hms_government;차드 입헌술탄국;;;;;;;;;;;;;x
CHD_hms_government2;차드 의회내각;;;;;;;;;;;;;x
CHD_prussian_constitutionalism2;차드 귀족협의회;;;;;;;;;;;;;x
CHD_theocracy;차드 이맘국;;;;;;;;;;;;;x
CHD_trade_unions_congress;차드 노동조합총연맹;;;;;;;;;;;;;x
CHE_absolute_monarchy;히비키 대추장국;;;;;;;;;;;;;x
CHE_absolute_monarchy2;히비키 왕조;;;;;;;;;;;;;x
CHE_colonial_company;히비키 특허회사령;;;;;;;;;;;;;x
CHE_democracy2;히비키 의회공화국;;;;;;;;;;;;;x
CHE_dominion2;히비키 자치국연합;;;;;;;;;;;;;x
CHE_dominion3;히비키 왕실보호령;;;;;;;;;;;;;x
CHE_hms_government;히비키 입헌추장국;;;;;;;;;;;;;x
CHE_hms_government2;히비키 의회내각;;;;;;;;;;;;;x
CHE_prussian_constitutionalism;히비키 부족원로회;;;;;;;;;;;;;x
CHE_prussian_constitutionalism2;히비키 추장원로회;;;;;;;;;;;;;x
CHE_theocracy;히비키 교회연합국;;;;;;;;;;;;;x
CHE_trade_unions_congress;히비키 생산자연맹;;;;;;;;;;;;;x
CHH_absolute_monarchy;슈바르츠 라자국;;;;;;;;;;;;;x
CHH_absolute_monarchy2;슈바르츠 세습라자국;;;;;;;;;;;;;x
CHH_colonial_company;슈바르츠 동인도회사령;;;;;;;;;;;;;x
CHH_democracy;슈바르츠 공화국;;;;;;;;;;;;;x
CHH_democracy2;슈바르츠 의회공화국;;;;;;;;;;;;;x
CHH_dominion;슈바르츠 번왕령;;;;;;;;;;;;;x
CHH_dominion2;슈바르츠 번왕연합;;;;;;;;;;;;;x
CHH_dominion3;슈바르츠 왕실직할령;;;;;;;;;;;;;x
CHH_hms_government;슈바르츠 입헌라자국;;;;;;;;;;;;;x
CHH_hms_government2;슈바르츠 의회내각;;;;;;;;;;;;;x
CHH_prussian_constitutionalism;슈바르츠 다르바르;;;;;;;;;;;;;x
CHH_prussian_constitutionalism2;슈바르츠 제후회의;;;;;;;;;;;;;x
CHH_theocracy;슈바르츠 사원연합국;;;;;;;;;;;;;x
CHH_trade_unions_congress;슈바르츠 노동조합총연맹;;;;;;;;;;;;;x
CHI_absolute_monarchy2;키사키 황실조정;;;;;;;;;;;;;x
CHI_colonial_company;키사키 조계지;;;;;;;;;;;;;x
CHI_democracy2;키사키 연성공화국;;;;;;;;;;;;;x
CHI_dominion;키사키 자치성;;;;;;;;;;;;;x
CHI_dominion2;키사키 연성정부;;;;;;;;;;;;;x
CHI_dominion3;키사키 번부;;;;;;;;;;;;;x
CHI_hms_government2;키사키 의회내각;;;;;;;;;;;;;x
CHI_prussian_constitutionalism2;키사키 참정원;;;;;;;;;;;;;x
CHI_theocracy;키사키 유교제정국;;;;;;;;;;;;;x
CHI_trade_unions_congress;키사키 총공회;;;;;;;;;;;;;x
CHK_absolute_monarchy;아카후유 왕국;;;;;;;;;;;;;x
CHK_absolute_monarchy2;아카후유 세습왕국;;;;;;;;;;;;;x
CHK_colonial_company;아카후유 특허회사령;;;;;;;;;;;;;x
CHK_democracy;아카후유 공화국;;;;;;;;;;;;;x
CHK_democracy2;아카후유 의회공화국;;;;;;;;;;;;;x
CHK_dominion;아카후유 자치령;;;;;;;;;;;;;x
CHK_dominion2;아카후유 자치연방;;;;;;;;;;;;;x
CHK_dominion3;아카후유 왕실속령;;;;;;;;;;;;;x
CHK_hms_government;아카후유 입헌왕국;;;;;;;;;;;;;x
CHK_hms_government2;아카후유 의회내각;;;;;;;;;;;;;x
CHK_prussian_constitutionalism;아카후유 왕실참사회;;;;;;;;;;;;;x
CHK_prussian_constitutionalism2;아카후유 왕실참의회;;;;;;;;;;;;;x
CHK_theocracy;아카후유 승가국;;;;;;;;;;;;;x
CHK_trade_unions_congress;아카후유 노동조합연맹;;;;;;;;;;;;;x
CHL_absolute_monarchy;칸타빌레 왕국;;;;;;;;;;;;;x
CHL_absolute_monarchy2;칸타빌레 세습왕국;;;;;;;;;;;;;x
CHL_democracy;칸타빌레 공화국;;;;;;;;;;;;;x
CHL_democracy2;칸타빌레 의회공화국;;;;;;;;;;;;;x
CHL_dominion;칸타빌레 자치령;;;;;;;;;;;;;x
CHL_dominion2;칸타빌레 자치연방;;;;;;;;;;;;;x
CHL_dominion3;칸타빌레 왕실속령;;;;;;;;;;;;;x
CHL_hms_government;칸타빌레 입헌왕국;;;;;;;;;;;;;x
CHL_hms_government2;칸타빌레 의회내각;;;;;;;;;;;;;x
CHL_prussian_constitutionalism;칸타빌레 왕실평의회;;;;;;;;;;;;;x
CHL_prussian_constitutionalism2;칸타빌레 왕실참의회;;;;;;;;;;;;;x
CHL_theocracy;칸타빌레 주교령;;;;;;;;;;;;;x
CHL_trade_unions_congress;칸타빌레 노동자총연맹;;;;;;;;;;;;;x
CHO_absolute_monarchy2;이즈나 막부;;;;;;;;;;;;;x
CHO_colonial_company;이즈나 상관령;;;;;;;;;;;;;x
CHO_democracy;이즈나 공화국;;;;;;;;;;;;;x
CHO_democracy2;이즈나 의회공화국;;;;;;;;;;;;;x
CHO_dominion;이즈나 자치번;;;;;;;;;;;;;x
CHO_dominion2;이즈나 제번연합;;;;;;;;;;;;;x
CHO_dominion3;이즈나 막부직할령;;;;;;;;;;;;;x
CHO_hms_government2;이즈나 의회내각;;;;;;;;;;;;;x
CHO_prussian_constitutionalism2;이즈나 번주평의회;;;;;;;;;;;;;x
CHO_theocracy;이즈나 승가국;;;;;;;;;;;;;x
CHO_trade_unions_congress;이즈나 노동조합총평의회;;;;;;;;;;;;;x
CHP_absolute_monarchy;케이 왕국;;;;;;;;;;;;;x
CHP_absolute_monarchy2;케이 세습왕국;;;;;;;;;;;;;x
CHP_democracy2;케이 의회공화국;;;;;;;;;;;;;x
CHP_dominion;케이 자치령;;;;;;;;;;;;;x
CHP_dominion2;케이 자치연방;;;;;;;;;;;;;x
CHP_dominion3;케이 왕실속령;;;;;;;;;;;;;x
CHP_hms_government;케이 입헌왕국;;;;;;;;;;;;;x
CHP_hms_government2;케이 의회내각;;;;;;;;;;;;;x
CHP_prussian_constitutionalism;케이 왕실평의회;;;;;;;;;;;;;x
CHP_prussian_constitutionalism2;케이 왕실참의회;;;;;;;;;;;;;x
CHP_theocracy;케이 주교령;;;;;;;;;;;;;x
CHP_trade_unions_congress;케이 노동자총연맹;;;;;;;;;;;;;x
CHY_absolute_monarchy;콜레이 왕국;;;;;;;;;;;;;x
CHY_absolute_monarchy2;콜레이 세습왕국;;;;;;;;;;;;;x
CHY_colonial_company;콜레이 특허회사령;;;;;;;;;;;;;x
CHY_democracy;콜레이 공화국;;;;;;;;;;;;;x
CHY_democracy2;콜레이 의회공화국;;;;;;;;;;;;;x
CHY_dominion;콜레이 자치령;;;;;;;;;;;;;x
CHY_dominion2;콜레이 자치연방;;;;;;;;;;;;;x
CHY_dominion3;콜레이 왕실속령;;;;;;;;;;;;;x
CHY_hms_government;콜레이 입헌왕국;;;;;;;;;;;;;x
CHY_hms_government2;콜레이 의회내각;;;;;;;;;;;;;x
CHY_prussian_constitutionalism;콜레이 왕실참사회;;;;;;;;;;;;;x
CHY_prussian_constitutionalism2;콜레이 왕실참의회;;;;;;;;;;;;;x
CHY_theocracy;콜레이 이맘국;;;;;;;;;;;;;x
CHY_trade_unions_congress;콜레이 노동자평의회;;;;;;;;;;;;;x
CIR_absolute_monarchy2;파루잔 세습왕국;;;;;;;;;;;;;x
CIR_colonial_company;파루잔 특허회사령;;;;;;;;;;;;;x
CIR_democracy2;파루잔 의회공화국;;;;;;;;;;;;;x
CIR_dominion;파루잔 자치령;;;;;;;;;;;;;x
CIR_dominion2;파루잔 자치연방;;;;;;;;;;;;;x
CIR_dominion3;파루잔 왕실속령;;;;;;;;;;;;;x
CIR_hms_government2;파루잔 의회내각;;;;;;;;;;;;;x
CIR_prussian_constitutionalism2;파루잔 왕실참의회;;;;;;;;;;;;;x
CIR_theocracy;파루잔 이맘국;;;;;;;;;;;;;x
CIR_trade_unions_congress;파루잔 노동자평의회;;;;;;;;;;;;;x
CIV_absolute_monarchy;프리렌 공국;;;;;;;;;;;;;x
CIV_absolute_monarchy2;프리렌 세습공국;;;;;;;;;;;;;x
CIV_colonial_company;프리렌 특허회사령;;;;;;;;;;;;;x
CIV_democracy;프리렌 자유국;;;;;;;;;;;;;x
CIV_democracy2;프리렌 도시공화국;;;;;;;;;;;;;x
CIV_dominion;프리렌 자치령;;;;;;;;;;;;;x
CIV_dominion2;프리렌 자치연방;;;;;;;;;;;;;x
CIV_dominion3;프리렌 왕실직할령;;;;;;;;;;;;;x
CIV_hms_government;프리렌 입헌공국;;;;;;;;;;;;;x
CIV_hms_government2;프리렌 영방내각;;;;;;;;;;;;;x
CIV_prussian_constitutionalism;프리렌 영방의회;;;;;;;;;;;;;x
CIV_prussian_constitutionalism2;프리렌 제후회의;;;;;;;;;;;;;x
CIV_theocracy;프리렌 주교령;;;;;;;;;;;;;x
CIV_trade_unions_congress;프리렌 노동자평의회;;;;;;;;;;;;;x
CLA_absolute_monarchy;칼라바르 왕국;;;;;;;;;;;;;x
CLA_absolute_monarchy2;칼라바르 세습왕국;;;;;;;;;;;;;x
CLA_colonial_company;칼라바르 특허회사령;;;;;;;;;;;;;x
CLA_democracy;칼라바르 공화국;;;;;;;;;;;;;x
CLA_democracy2;칼라바르 의회공화국;;;;;;;;;;;;;x
CLA_dominion;칼라바르 보호국;;;;;;;;;;;;;x
CLA_dominion2;칼라바르 자치국연합;;;;;;;;;;;;;x
CLA_dominion3;칼라바르 왕실보호령;;;;;;;;;;;;;x
CLA_hms_government;칼라바르 입헌왕국;;;;;;;;;;;;;x
CLA_hms_government2;칼라바르 의회내각;;;;;;;;;;;;;x
CLA_prussian_constitutionalism;칼라바르 왕실원로회;;;;;;;;;;;;;x
CLA_prussian_constitutionalism2;칼라바르 추장원로회;;;;;;;;;;;;;x
CLA_theocracy;칼라바르 제사장국;;;;;;;;;;;;;x
CLA_trade_unions_congress;칼라바르 노동조합연맹;;;;;;;;;;;;;x
CLC_absolute_monarchy;아스테시아 왕국;;;;;;;;;;;;;x
CLC_absolute_monarchy2;아스테시아 세습왕국;;;;;;;;;;;;;x
CLC_colonial_company;아스테시아 특허회사령;;;;;;;;;;;;;x
CLC_democracy;아스테시아 공화국;;;;;;;;;;;;;x
CLC_democracy2;아스테시아 의회공화국;;;;;;;;;;;;;x
CLC_dominion;아스테시아 자치령;;;;;;;;;;;;;x
CLC_dominion2;아스테시아 자치연방;;;;;;;;;;;;;x
CLC_dominion3;아스테시아 왕실속령;;;;;;;;;;;;;x
CLC_hms_government;아스테시아 입헌왕국;;;;;;;;;;;;;x
CLC_hms_government2;아스테시아 의회내각;;;;;;;;;;;;;x
CLC_prussian_constitutionalism;아스테시아 왕실평의회;;;;;;;;;;;;;x
CLC_prussian_constitutionalism2;아스테시아 왕실참의회;;;;;;;;;;;;;x
CLC_theocracy;아스테시아 총대주교령;;;;;;;;;;;;;x
CLC_trade_unions_congress;아스테시아 노동조합연맹;;;;;;;;;;;;;x
CLM_absolute_monarchy2;두냐자드 세습왕국;;;;;;;;;;;;;x
CLM_colonial_company;두냐자드 특허회사령;;;;;;;;;;;;;x
CLM_democracy;두냐자드 공화국;;;;;;;;;;;;;x
CLM_democracy2;두냐자드 의회공화국;;;;;;;;;;;;;x
CLM_dominion;두냐자드 자치령;;;;;;;;;;;;;x
CLM_dominion2;두냐자드 자치연방;;;;;;;;;;;;;x
CLM_dominion3;두냐자드 왕실속령;;;;;;;;;;;;;x
CLM_hms_government2;두냐자드 의회내각;;;;;;;;;;;;;x
CLM_prussian_constitutionalism2;두냐자드 왕실참의회;;;;;;;;;;;;;x
CLM_theocracy;두냐자드 주교령;;;;;;;;;;;;;x
CLM_trade_unions_congress;두냐자드 노동자총연맹;;;;;;;;;;;;;x
CMC_absolute_monarchy;토키 대추장국;;;;;;;;;;;;;x
CMC_absolute_monarchy2;토키 왕조;;;;;;;;;;;;;x
CMC_colonial_company;토키 특허회사령;;;;;;;;;;;;;x
CMC_democracy;토키 부족공화국;;;;;;;;;;;;;x
CMC_democracy2;토키 의회공화국;;;;;;;;;;;;;x
CMC_dominion;토키 보호국;;;;;;;;;;;;;x
CMC_dominion2;토키 자치국연합;;;;;;;;;;;;;x
CMC_dominion3;토키 왕실보호령;;;;;;;;;;;;;x
CMC_hms_government;토키 입헌추장국;;;;;;;;;;;;;x
CMC_hms_government2;토키 의회내각;;;;;;;;;;;;;x
CMC_prussian_constitutionalism;토키 부족원로회;;;;;;;;;;;;;x
CMC_prussian_constitutionalism2;토키 추장원로회;;;;;;;;;;;;;x
CMC_theocracy;토키 제사장국;;;;;;;;;;;;;x
CMC_trade_unions_congress;토키 생산자연맹;;;;;;;;;;;;;x
CMR_absolute_monarchy;카메룬 왕국;;;;;;;;;;;;;x
CMR_absolute_monarchy2;카메룬 세습왕국;;;;;;;;;;;;;x
CMR_democracy;카메룬 공화국;;;;;;;;;;;;;x
CMR_democracy2;카메룬 의회공화국;;;;;;;;;;;;;x
CMR_dominion;카메룬 보호국;;;;;;;;;;;;;x
CMR_dominion2;카메룬 자치국연합;;;;;;;;;;;;;x
CMR_dominion3;카메룬 왕실보호령;;;;;;;;;;;;;x
CMR_hms_government;카메룬 입헌왕국;;;;;;;;;;;;;x
CMR_hms_government2;카메룬 의회내각;;;;;;;;;;;;;x
CMR_prussian_constitutionalism;카메룬 왕실원로회;;;;;;;;;;;;;x
CMR_prussian_constitutionalism2;카메룬 추장원로회;;;;;;;;;;;;;x
CMR_theocracy;카메룬 교회연합국;;;;;;;;;;;;;x
CMR_trade_unions_congress;카메룬 노동조합연맹;;;;;;;;;;;;;x
CMS_absolute_monarchy;코모로 술탄국;;;;;;;;;;;;;x
CMS_absolute_monarchy2;코모로 세습술탄국;;;;;;;;;;;;;x
CMS_colonial_company;코모로 통상회사령;;;;;;;;;;;;;x
CMS_democracy;코모로 공화국;;;;;;;;;;;;;x
CMS_democracy2;코모로 의회공화국;;;;;;;;;;;;;x
CMS_dominion;코모로 자치령;;;;;;;;;;;;;x
CMS_dominion2;코모로 자치연방;;;;;;;;;;;;;x
CMS_dominion3;코모로 보호토후령;;;;;;;;;;;;;x
CMS_hms_government;코모로 입헌술탄국;;;;;;;;;;;;;x
CMS_hms_government2;코모로 의회내각;;;;;;;;;;;;;x
CMS_prussian_constitutionalism;코모로 술탄참사회;;;;;;;;;;;;;x
CMS_prussian_constitutionalism2;코모로 귀족협의회;;;;;;;;;;;;;x
CMS_theocracy;코모로 이맘국;;;;;;;;;;;;;x
CMS_trade_unions_congress;코모로 노동조합연맹;;;;;;;;;;;;;x
CNG_absolute_monarchy2;콩고 세습왕국;;;;;;;;;;;;;x
CNG_colonial_company;콩고 특허회사령;;;;;;;;;;;;;x
CNG_democracy2;콩고 의회공화국;;;;;;;;;;;;;x
CNG_dominion;콩고 보호국;;;;;;;;;;;;;x
CNG_dominion2;콩고 자치국연합;;;;;;;;;;;;;x
CNG_dominion3;콩고 왕실보호령;;;;;;;;;;;;;x
CNG_hms_government2;콩고 의회내각;;;;;;;;;;;;;x
CNG_prussian_constitutionalism2;콩고 추장원로회;;;;;;;;;;;;;x
CNG_theocracy;콩고 주교령;;;;;;;;;;;;;x
CNG_trade_unions_congress;콩고 노동조합연맹;;;;;;;;;;;;;x
COB_absolute_monarchy2;사츠키 세습공국;;;;;;;;;;;;;x
COB_democracy2;사츠키 도시공화국;;;;;;;;;;;;;x
COB_dominion2;사츠키 자치연방;;;;;;;;;;;;;x
COB_dominion3;사츠키 왕실직할령;;;;;;;;;;;;;x
COB_hms_government2;사츠키 영방내각;;;;;;;;;;;;;x
COB_prussian_constitutionalism2;사츠키 제후회의;;;;;;;;;;;;;x
COB_theocracy;사츠키 교회연합국;;;;;;;;;;;;;x
COB_trade_unions_congress;사츠키 노동자평의회;;;;;;;;;;;;;x
COC_absolute_monarchy;소라 왕국;;;;;;;;;;;;;x
COC_absolute_monarchy2;소라 세습왕국;;;;;;;;;;;;;x
COC_colonial_company;소라 동인도회사령;;;;;;;;;;;;;x
COC_democracy;소라 공화국;;;;;;;;;;;;;x
COC_democracy2;소라 의회공화국;;;;;;;;;;;;;x
COC_dominion;소라 번왕령;;;;;;;;;;;;;x
COC_dominion2;소라 번왕연합;;;;;;;;;;;;;x
COC_dominion3;소라 왕실직할령;;;;;;;;;;;;;x
COC_hms_government;소라 입헌왕국;;;;;;;;;;;;;x
COC_hms_government2;소라 의회내각;;;;;;;;;;;;;x
COC_prussian_constitutionalism;소라 다르바르;;;;;;;;;;;;;x
COC_prussian_constitutionalism2;소라 제후회의;;;;;;;;;;;;;x
COC_theocracy;소라 사원연합국;;;;;;;;;;;;;x
COC_trade_unions_congress;소라 노동조합총연맹;;;;;;;;;;;;;x
COL_absolute_monarchy;유즈 왕국;;;;;;;;;;;;;x
COL_absolute_monarchy2;유즈 세습왕국;;;;;;;;;;;;;x
COL_democracy2;유즈 의회공화국;;;;;;;;;;;;;x
COL_dominion2;유즈 자치연방;;;;;;;;;;;;;x
COL_dominion3;유즈 왕실속령;;;;;;;;;;;;;x
COL_hms_government2;유즈 의회내각;;;;;;;;;;;;;x
COL_prussian_constitutionalism;유즈 추밀원;;;;;;;;;;;;;x
COL_prussian_constitutionalism2;유즈 왕실참의회;;;;;;;;;;;;;x
COL_theocracy;유즈 교회연합국;;;;;;;;;;;;;x
COL_trade_unions_congress;유즈 노동조합회의;;;;;;;;;;;;;x
COS_absolute_monarchy;나미 왕국;;;;;;;;;;;;;x
COS_absolute_monarchy2;나미 세습왕국;;;;;;;;;;;;;x
COS_democracy2;나미 의회공화국;;;;;;;;;;;;;x
COS_dominion;나미 자치령;;;;;;;;;;;;;x
COS_dominion2;나미 자치연방;;;;;;;;;;;;;x
COS_dominion3;나미 왕실속령;;;;;;;;;;;;;x
COS_hms_government;나미 입헌왕국;;;;;;;;;;;;;x
COS_hms_government2;나미 의회내각;;;;;;;;;;;;;x
COS_prussian_constitutionalism;나미 왕실평의회;;;;;;;;;;;;;x
COS_prussian_constitutionalism2;나미 왕실참의회;;;;;;;;;;;;;x
COS_theocracy;나미 주교령;;;;;;;;;;;;;x
COS_trade_unions_congress;나미 노동자총연맹;;;;;;;;;;;;;x
COU_absolute_monarchy2;그라벨 세습대공국;;;;;;;;;;;;;x
COU_democracy;그라벨 자유국;;;;;;;;;;;;;x
COU_democracy2;그라벨 도시공화국;;;;;;;;;;;;;x
COU_dominion2;그라벨 자치연방;;;;;;;;;;;;;x
COU_dominion3;그라벨 왕실직할령;;;;;;;;;;;;;x
COU_hms_government2;그라벨 영방내각;;;;;;;;;;;;;x
COU_prussian_constitutionalism2;그라벨 제후회의;;;;;;;;;;;;;x
COU_theocracy;그라벨 교회연합국;;;;;;;;;;;;;x
COU_trade_unions_congress;그라벨 노동자평의회;;;;;;;;;;;;;x
CPL_absolute_monarchy2;카지미에시 기사연맹 세습왕국;;;;;;;;;;;;;x
CPL_democracy;카지미에시 기사연맹 공화국;;;;;;;;;;;;;x
CPL_democracy2;카지미에시 기사연맹 의회공화국;;;;;;;;;;;;;x
CPL_dominion2;카지미에시 기사연맹 자치연방;;;;;;;;;;;;;x
CPL_dominion3;카지미에시 기사연맹 왕실속령;;;;;;;;;;;;;x
CPL_hms_government2;카지미에시 기사연맹 의회내각;;;;;;;;;;;;;x
CPL_prussian_constitutionalism2;카지미에시 기사연맹 왕실참의회;;;;;;;;;;;;;x
CPL_theocracy;카지미에시 기사연맹 주교령;;;;;;;;;;;;;x
CPL_trade_unions_congress;카지미에시 기사연맹 노동자평의회;;;;;;;;;;;;;x
CRB_absolute_monarchy2;케이퍼 세습왕국;;;;;;;;;;;;;x
CRB_democracy2;케이퍼 의회공화국;;;;;;;;;;;;;x
CRB_dominion2;케이퍼 자치연방;;;;;;;;;;;;;x
CRB_dominion3;케이퍼 왕실속령;;;;;;;;;;;;;x
CRB_hms_government2;케이퍼 의회내각;;;;;;;;;;;;;x
CRB_prussian_constitutionalism2;케이퍼 왕실참의회;;;;;;;;;;;;;x
CRB_theocracy;케이퍼 교회연합국;;;;;;;;;;;;;x
CRB_trade_unions_congress;케이퍼 노동자총연맹;;;;;;;;;;;;;x
CRE_absolute_monarchy;메두사 왕국;;;;;;;;;;;;;x
CRE_absolute_monarchy2;메두사 세습왕국;;;;;;;;;;;;;x
CRE_colonial_company;메두사 특허회사령;;;;;;;;;;;;;x
CRE_democracy;메두사 공화국;;;;;;;;;;;;;x
CRE_democracy2;메두사 의회공화국;;;;;;;;;;;;;x
CRE_dominion;메두사 자치령;;;;;;;;;;;;;x
CRE_dominion2;메두사 자치연방;;;;;;;;;;;;;x
CRE_dominion3;메두사 왕실속령;;;;;;;;;;;;;x
CRE_hms_government;메두사 입헌왕국;;;;;;;;;;;;;x
CRE_hms_government2;메두사 의회내각;;;;;;;;;;;;;x
CRE_prussian_constitutionalism;메두사 왕실평의회;;;;;;;;;;;;;x
CRE_prussian_constitutionalism2;메두사 왕실참의회;;;;;;;;;;;;;x
CRE_theocracy;메두사 총대주교령;;;;;;;;;;;;;x
CRE_trade_unions_congress;메두사 노동조합연맹;;;;;;;;;;;;;x
CRI_absolute_monarchy;네페르 칸국;;;;;;;;;;;;;x
CRI_absolute_monarchy2;네페르 세습칸국;;;;;;;;;;;;;x
CRI_colonial_company;네페르 흑해무역회사;;;;;;;;;;;;;x
CRI_democracy;네페르 크림공화국;;;;;;;;;;;;;x
CRI_democracy2;네페르 상회공화국;;;;;;;;;;;;;x
CRI_dominion;네페르 자치령;;;;;;;;;;;;;x
CRI_dominion2;네페르 도시자치연합;;;;;;;;;;;;;x
CRI_dominion3;네페르 칸실보호령;;;;;;;;;;;;;x
CRI_hms_government;네페르 입헌칸국;;;;;;;;;;;;;x
CRI_hms_government2;네페르 의회내각;;;;;;;;;;;;;x
CRI_prussian_constitutionalism;네페르 디반;;;;;;;;;;;;;x
CRI_prussian_constitutionalism2;네페르 대의원회;;;;;;;;;;;;;x
CRI_theocracy;네페르 성직자평의회;;;;;;;;;;;;;x
CRI_trade_unions_congress;네페르 항만노동연맹;;;;;;;;;;;;;x
CRL_absolute_monarchy;세미라미스 나와브국;;;;;;;;;;;;;x
CRL_absolute_monarchy2;세미라미스 세습나와브국;;;;;;;;;;;;;x
CRL_colonial_company;세미라미스 동인도회사령;;;;;;;;;;;;;x
CRL_democracy;세미라미스 공화국;;;;;;;;;;;;;x
CRL_democracy2;세미라미스 의회공화국;;;;;;;;;;;;;x
CRL_dominion;세미라미스 번왕령;;;;;;;;;;;;;x
CRL_dominion2;세미라미스 번왕연합;;;;;;;;;;;;;x
CRL_dominion3;세미라미스 왕실직할령;;;;;;;;;;;;;x
CRL_hms_government;세미라미스 입헌나와브국;;;;;;;;;;;;;x
CRL_hms_government2;세미라미스 의회내각;;;;;;;;;;;;;x
CRL_prussian_constitutionalism;세미라미스 다르바르;;;;;;;;;;;;;x
CRL_prussian_constitutionalism2;세미라미스 제후회의;;;;;;;;;;;;;x
CRL_theocracy;세미라미스 이맘국;;;;;;;;;;;;;x
CRL_trade_unions_congress;세미라미스 노동조합총연맹;;;;;;;;;;;;;x
CRO_absolute_monarchy;메데이아 왕국;;;;;;;;;;;;;x
CRO_absolute_monarchy2;메데이아 세습왕국;;;;;;;;;;;;;x
CRO_colonial_company;메데이아 특허회사령;;;;;;;;;;;;;x
CRO_democracy;메데이아 공화국;;;;;;;;;;;;;x
CRO_democracy2;메데이아 의회공화국;;;;;;;;;;;;;x
CRO_dominion;메데이아 자치령;;;;;;;;;;;;;x
CRO_dominion2;메데이아 자치연방;;;;;;;;;;;;;x
CRO_dominion3;메데이아 왕실속령;;;;;;;;;;;;;x
CRO_hms_government;메데이아 입헌왕국;;;;;;;;;;;;;x
CRO_hms_government2;메데이아 의회내각;;;;;;;;;;;;;x
CRO_prussian_constitutionalism;메데이아 왕실참사회;;;;;;;;;;;;;x
CRO_prussian_constitutionalism2;메데이아 왕실참의회;;;;;;;;;;;;;x
CRO_theocracy;메데이아 주교령;;;;;;;;;;;;;x
CRO_trade_unions_congress;메데이아 노동자평의회;;;;;;;;;;;;;x
CRS_absolute_monarchy;에리 공국;;;;;;;;;;;;;x
CRS_absolute_monarchy2;에리 세습공국;;;;;;;;;;;;;x
CRS_colonial_company;에리 특허회사령;;;;;;;;;;;;;x
CRS_democracy;에리 공화국;;;;;;;;;;;;;x
CRS_democracy2;에리 의회공화국;;;;;;;;;;;;;x
CRS_dominion;에리 자치령;;;;;;;;;;;;;x
CRS_dominion2;에리 자치연방;;;;;;;;;;;;;x
CRS_dominion3;에리 왕실속령;;;;;;;;;;;;;x
CRS_hms_government;에리 입헌공국;;;;;;;;;;;;;x
CRS_hms_government2;에리 의회내각;;;;;;;;;;;;;x
CRS_prussian_constitutionalism;에리 왕실원로원;;;;;;;;;;;;;x
CRS_prussian_constitutionalism2;에리 왕실참의회;;;;;;;;;;;;;x
CRS_theocracy;에리 주교령;;;;;;;;;;;;;x
CRS_trade_unions_congress;에리 직능조합연맹;;;;;;;;;;;;;x
CRT_absolute_monarchy;피콜레오 마법사 왕국;;;;;;;;;;;;;x
CRT_absolute_monarchy2;피콜레오 마법사 세습왕국;;;;;;;;;;;;;x
CRT_colonial_company;피콜레오 마법사 특허회사령;;;;;;;;;;;;;x
CRT_democracy;피콜레오 마법사 공화국;;;;;;;;;;;;;x
CRT_democracy2;피콜레오 마법사 의회공화국;;;;;;;;;;;;;x
CRT_dominion;피콜레오 마법사 자치령;;;;;;;;;;;;;x
CRT_dominion2;피콜레오 마법사 자치연방;;;;;;;;;;;;;x
CRT_dominion3;피콜레오 마법사 왕실속령;;;;;;;;;;;;;x
CRT_hms_government;피콜레오 마법사 입헌왕국;;;;;;;;;;;;;x
CRT_hms_government2;피콜레오 마법사 의회내각;;;;;;;;;;;;;x
CRT_prussian_constitutionalism;피콜레오 마법사 왕실평의회;;;;;;;;;;;;;x
CRT_prussian_constitutionalism2;피콜레오 마법사 왕실참의회;;;;;;;;;;;;;x
CRT_theocracy;피콜레오 마법사 주교령;;;;;;;;;;;;;x
CRT_trade_unions_congress;피콜레오 마법사 노동자총연맹;;;;;;;;;;;;;x
CSA_absolute_monarchy2;에이미 세습왕국;;;;;;;;;;;;;x
CSA_colonial_company;에이미 특허회사령;;;;;;;;;;;;;x
CSA_democracy2;에이미 의회공화국;;;;;;;;;;;;;x
CSA_dominion;에이미 자치령;;;;;;;;;;;;;x
CSA_dominion2;에이미 자치연방;;;;;;;;;;;;;x
CSA_dominion3;에이미 왕실속령;;;;;;;;;;;;;x
CSA_hms_government2;에이미 의회내각;;;;;;;;;;;;;x
CSA_prussian_constitutionalism2;에이미 왕실참의회;;;;;;;;;;;;;x
CSA_theocracy;에이미 교회연합국;;;;;;;;;;;;;x
CSA_trade_unions_congress;에이미 산업노동조합연맹;;;;;;;;;;;;;x
CUB_absolute_monarchy;애비게일 윌리엄스 왕국;;;;;;;;;;;;;x
CUB_absolute_monarchy2;애비게일 윌리엄스 세습왕국;;;;;;;;;;;;;x
CUB_democracy2;애비게일 윌리엄스 의회공화국;;;;;;;;;;;;;x
CUB_dominion;애비게일 윌리엄스 자치령;;;;;;;;;;;;;x
CUB_dominion2;애비게일 윌리엄스 자치연방;;;;;;;;;;;;;x
CUB_dominion3;애비게일 윌리엄스 왕실속령;;;;;;;;;;;;;x
CUB_hms_government;애비게일 윌리엄스 입헌왕국;;;;;;;;;;;;;x
CUB_hms_government2;애비게일 윌리엄스 의회내각;;;;;;;;;;;;;x
CUB_prussian_constitutionalism;애비게일 윌리엄스 왕실평의회;;;;;;;;;;;;;x
CUB_prussian_constitutionalism2;애비게일 윌리엄스 왕실참의회;;;;;;;;;;;;;x
CUB_theocracy;애비게일 윌리엄스 주교령;;;;;;;;;;;;;x
CUB_trade_unions_congress;애비게일 윌리엄스 노동자총연맹;;;;;;;;;;;;;x
CUO_absolute_monarchy;헤안나 스미레 왕국;;;;;;;;;;;;;x
CUO_absolute_monarchy2;헤안나 스미레 세습왕국;;;;;;;;;;;;;x
CUO_colonial_company;헤안나 스미레 특허회사령;;;;;;;;;;;;;x
CUO_democracy;헤안나 스미레 공화국;;;;;;;;;;;;;x
CUO_democracy2;헤안나 스미레 의회공화국;;;;;;;;;;;;;x
CUO_dominion;헤안나 스미레 자치령;;;;;;;;;;;;;x
CUO_dominion2;헤안나 스미레 자치연방;;;;;;;;;;;;;x
CUO_dominion3;헤안나 스미레 왕실속령;;;;;;;;;;;;;x
CUO_hms_government;헤안나 스미레 입헌왕국;;;;;;;;;;;;;x
CUO_hms_government2;헤안나 스미레 의회내각;;;;;;;;;;;;;x
CUO_prussian_constitutionalism;헤안나 스미레 코르테스;;;;;;;;;;;;;x
CUO_prussian_constitutionalism2;헤안나 스미레 왕실참의회;;;;;;;;;;;;;x
CUO_theocracy;헤안나 스미레 주교령;;;;;;;;;;;;;x
CUO_trade_unions_congress;헤안나 스미레 노동조합연합;;;;;;;;;;;;;x
CYP_absolute_monarchy;샤마르 왕국;;;;;;;;;;;;;x
CYP_absolute_monarchy2;샤마르 세습왕국;;;;;;;;;;;;;x
CYP_colonial_company;샤마르 특허회사령;;;;;;;;;;;;;x
CYP_democracy;샤마르 공화국;;;;;;;;;;;;;x
CYP_democracy2;샤마르 의회공화국;;;;;;;;;;;;;x
CYP_dominion;샤마르 자치령;;;;;;;;;;;;;x
CYP_dominion2;샤마르 자치연방;;;;;;;;;;;;;x
CYP_dominion3;샤마르 왕실속령;;;;;;;;;;;;;x
CYP_hms_government;샤마르 입헌왕국;;;;;;;;;;;;;x
CYP_hms_government2;샤마르 의회내각;;;;;;;;;;;;;x
CYP_prussian_constitutionalism;샤마르 왕실평의회;;;;;;;;;;;;;x
CYP_prussian_constitutionalism2;샤마르 왕실참의회;;;;;;;;;;;;;x
CYP_theocracy;샤마르 총대주교령;;;;;;;;;;;;;x
CYP_trade_unions_congress;샤마르 노동조합연맹;;;;;;;;;;;;;x
CYR_absolute_monarchy2;연홍옥 세습토후국;;;;;;;;;;;;;x
CYR_colonial_company;연홍옥 통상회사령;;;;;;;;;;;;;x
CYR_democracy;연홍옥 공화국;;;;;;;;;;;;;x
CYR_democracy2;연홍옥 의회공화국;;;;;;;;;;;;;x
CYR_dominion;연홍옥 자치령;;;;;;;;;;;;;x
CYR_dominion2;연홍옥 자치연방;;;;;;;;;;;;;x
CYR_dominion3;연홍옥 보호토후령;;;;;;;;;;;;;x
CYR_hms_government;연홍옥 입헌토후국;;;;;;;;;;;;;x
CYR_hms_government2;연홍옥 의회내각;;;;;;;;;;;;;x
CYR_prussian_constitutionalism;연홍옥 슈라 평의회;;;;;;;;;;;;;x
CYR_prussian_constitutionalism2;연홍옥 귀족협의회;;;;;;;;;;;;;x
CYR_trade_unions_congress;연홍옥 노동조합총연맹;;;;;;;;;;;;;x
CZH_absolute_monarchy;메테오 왕국;;;;;;;;;;;;;x
CZH_absolute_monarchy2;메테오 세습왕국;;;;;;;;;;;;;x
CZH_colonial_company;메테오 특허회사령;;;;;;;;;;;;;x
CZH_democracy;메테오 공화국;;;;;;;;;;;;;x
CZH_democracy2;메테오 의회공화국;;;;;;;;;;;;;x
CZH_dominion;메테오 자치령;;;;;;;;;;;;;x
CZH_dominion2;메테오 자치연방;;;;;;;;;;;;;x
CZH_dominion3;메테오 왕실속령;;;;;;;;;;;;;x
CZH_hms_government;메테오 입헌왕국;;;;;;;;;;;;;x
CZH_hms_government2;메테오 의회내각;;;;;;;;;;;;;x
CZH_prussian_constitutionalism;메테오 왕실참사회;;;;;;;;;;;;;x
CZH_prussian_constitutionalism2;메테오 왕실참의회;;;;;;;;;;;;;x
CZH_theocracy;메테오 주교령;;;;;;;;;;;;;x
CZH_trade_unions_congress;메테오 노동자평의회;;;;;;;;;;;;;x
D01_absolute_monarchy;호로 왕국;;;;;;;;;;;;;x
D01_absolute_monarchy2;호로 세습왕국;;;;;;;;;;;;;x
D01_colonial_company;호로 특허회사령;;;;;;;;;;;;;x
D01_democracy;호로 공화국;;;;;;;;;;;;;x
D01_democracy2;호로 의회공화국;;;;;;;;;;;;;x
D01_dominion;호로 자치령;;;;;;;;;;;;;x
D01_dominion2;호로 자치연방;;;;;;;;;;;;;x
D01_dominion3;호로 왕실속령;;;;;;;;;;;;;x
D01_hms_government;호로 입헌왕국;;;;;;;;;;;;;x
D01_hms_government2;호로 의회내각;;;;;;;;;;;;;x
D01_prussian_constitutionalism;호로 추밀원;;;;;;;;;;;;;x
D01_prussian_constitutionalism2;호로 왕실참의회;;;;;;;;;;;;;x
D01_theocracy;호로 교회연합국;;;;;;;;;;;;;x
D01_trade_unions_congress;호로 노동조합회의;;;;;;;;;;;;;x
D02_absolute_monarchy;아즈사 왕국;;;;;;;;;;;;;x
D02_absolute_monarchy2;아즈사 세습왕국;;;;;;;;;;;;;x
D02_colonial_company;아즈사 특허회사령;;;;;;;;;;;;;x
D02_democracy;아즈사 공화국;;;;;;;;;;;;;x
D02_democracy2;아즈사 의회공화국;;;;;;;;;;;;;x
D02_dominion;아즈사 자치령;;;;;;;;;;;;;x
D02_dominion2;아즈사 자치연방;;;;;;;;;;;;;x
D02_dominion3;아즈사 왕실속령;;;;;;;;;;;;;x
D02_hms_government;아즈사 입헌왕국;;;;;;;;;;;;;x
D02_hms_government2;아즈사 의회내각;;;;;;;;;;;;;x
D02_prussian_constitutionalism;아즈사 추밀원;;;;;;;;;;;;;x
D02_prussian_constitutionalism2;아즈사 왕실참의회;;;;;;;;;;;;;x
D02_theocracy;아즈사 교회연합국;;;;;;;;;;;;;x
D02_trade_unions_congress;아즈사 노동조합회의;;;;;;;;;;;;;x
D03_absolute_monarchy;나츠 왕국;;;;;;;;;;;;;x
D03_absolute_monarchy2;나츠 세습왕국;;;;;;;;;;;;;x
D03_colonial_company;나츠 특허회사령;;;;;;;;;;;;;x
D03_democracy;나츠 공화국;;;;;;;;;;;;;x
D03_democracy2;나츠 의회공화국;;;;;;;;;;;;;x
D03_dominion;나츠 자치령;;;;;;;;;;;;;x
D03_dominion2;나츠 자치연방;;;;;;;;;;;;;x
D03_dominion3;나츠 왕실속령;;;;;;;;;;;;;x
D03_hms_government;나츠 입헌왕국;;;;;;;;;;;;;x
D03_hms_government2;나츠 의회내각;;;;;;;;;;;;;x
D03_prussian_constitutionalism;나츠 추밀원;;;;;;;;;;;;;x
D03_prussian_constitutionalism2;나츠 왕실참의회;;;;;;;;;;;;;x
D03_theocracy;나츠 교회연합국;;;;;;;;;;;;;x
D03_trade_unions_congress;나츠 노동조합회의;;;;;;;;;;;;;x
D04_absolute_monarchy;미네 왕국;;;;;;;;;;;;;x
D04_absolute_monarchy2;미네 세습왕국;;;;;;;;;;;;;x
D04_colonial_company;미네 특허회사령;;;;;;;;;;;;;x
D04_democracy;미네 공화국;;;;;;;;;;;;;x
D04_democracy2;미네 의회공화국;;;;;;;;;;;;;x
D04_dominion;미네 자치령;;;;;;;;;;;;;x
D04_dominion2;미네 자치연방;;;;;;;;;;;;;x
D04_dominion3;미네 왕실속령;;;;;;;;;;;;;x
D04_hms_government;미네 입헌왕국;;;;;;;;;;;;;x
D04_hms_government2;미네 의회내각;;;;;;;;;;;;;x
D04_prussian_constitutionalism;미네 추밀원;;;;;;;;;;;;;x
D04_prussian_constitutionalism2;미네 왕실참의회;;;;;;;;;;;;;x
D04_theocracy;미네 교회연합국;;;;;;;;;;;;;x
D04_trade_unions_congress;미네 노동조합회의;;;;;;;;;;;;;x
D05_absolute_monarchy;이치카 왕국;;;;;;;;;;;;;x
D05_absolute_monarchy2;이치카 세습왕국;;;;;;;;;;;;;x
D05_colonial_company;이치카 특허회사령;;;;;;;;;;;;;x
D05_democracy;이치카 공화국;;;;;;;;;;;;;x
D05_democracy2;이치카 의회공화국;;;;;;;;;;;;;x
D05_dominion;이치카 자치령;;;;;;;;;;;;;x
D05_dominion2;이치카 자치연방;;;;;;;;;;;;;x
D05_dominion3;이치카 왕실속령;;;;;;;;;;;;;x
D05_hms_government;이치카 입헌왕국;;;;;;;;;;;;;x
D05_hms_government2;이치카 의회내각;;;;;;;;;;;;;x
D05_prussian_constitutionalism;이치카 추밀원;;;;;;;;;;;;;x
D05_prussian_constitutionalism2;이치카 왕실참의회;;;;;;;;;;;;;x
D05_theocracy;이치카 교회연합국;;;;;;;;;;;;;x
D05_trade_unions_congress;이치카 노동조합회의;;;;;;;;;;;;;x
D06_absolute_monarchy;요시미 왕국;;;;;;;;;;;;;x
D06_absolute_monarchy2;요시미 세습왕국;;;;;;;;;;;;;x
D06_colonial_company;요시미 특허회사령;;;;;;;;;;;;;x
D06_democracy;요시미 공화국;;;;;;;;;;;;;x
D06_democracy2;요시미 의회공화국;;;;;;;;;;;;;x
D06_dominion;요시미 자치령;;;;;;;;;;;;;x
D06_dominion2;요시미 자치연방;;;;;;;;;;;;;x
D06_dominion3;요시미 왕실속령;;;;;;;;;;;;;x
D06_hms_government;요시미 입헌왕국;;;;;;;;;;;;;x
D06_hms_government2;요시미 의회내각;;;;;;;;;;;;;x
D06_prussian_constitutionalism;요시미 추밀원;;;;;;;;;;;;;x
D06_prussian_constitutionalism2;요시미 왕실참의회;;;;;;;;;;;;;x
D06_theocracy;요시미 교회연합국;;;;;;;;;;;;;x
D06_trade_unions_congress;요시미 노동조합회의;;;;;;;;;;;;;x
D07_absolute_monarchy;하나코 왕국;;;;;;;;;;;;;x
D07_absolute_monarchy2;하나코 세습왕국;;;;;;;;;;;;;x
D07_colonial_company;하나코 특허회사령;;;;;;;;;;;;;x
D07_democracy;하나코 공화국;;;;;;;;;;;;;x
D07_democracy2;하나코 의회공화국;;;;;;;;;;;;;x
D07_dominion;하나코 자치령;;;;;;;;;;;;;x
D07_dominion2;하나코 자치연방;;;;;;;;;;;;;x
D07_dominion3;하나코 왕실속령;;;;;;;;;;;;;x
D07_hms_government;하나코 입헌왕국;;;;;;;;;;;;;x
D07_hms_government2;하나코 의회내각;;;;;;;;;;;;;x
D07_prussian_constitutionalism;하나코 추밀원;;;;;;;;;;;;;x
D07_prussian_constitutionalism2;하나코 왕실참의회;;;;;;;;;;;;;x
D07_theocracy;하나코 교회연합국;;;;;;;;;;;;;x
D07_trade_unions_congress;하나코 노동조합회의;;;;;;;;;;;;;x
D08_absolute_monarchy;세리나 왕국;;;;;;;;;;;;;x
D08_absolute_monarchy2;세리나 세습왕국;;;;;;;;;;;;;x
D08_colonial_company;세리나 특허회사령;;;;;;;;;;;;;x
D08_democracy;세리나 공화국;;;;;;;;;;;;;x
D08_democracy2;세리나 의회공화국;;;;;;;;;;;;;x
D08_dominion;세리나 자치령;;;;;;;;;;;;;x
D08_dominion2;세리나 자치연방;;;;;;;;;;;;;x
D08_dominion3;세리나 왕실속령;;;;;;;;;;;;;x
D08_hms_government;세리나 입헌왕국;;;;;;;;;;;;;x
D08_hms_government2;세리나 의회내각;;;;;;;;;;;;;x
D08_prussian_constitutionalism;세리나 추밀원;;;;;;;;;;;;;x
D08_prussian_constitutionalism2;세리나 왕실참의회;;;;;;;;;;;;;x
D08_theocracy;세리나 교회연합국;;;;;;;;;;;;;x
D08_trade_unions_congress;세리나 노동조합회의;;;;;;;;;;;;;x
D09_absolute_monarchy;츠루기 왕국;;;;;;;;;;;;;x
D09_absolute_monarchy2;츠루기 세습왕국;;;;;;;;;;;;;x
D09_colonial_company;츠루기 특허회사령;;;;;;;;;;;;;x
D09_democracy;츠루기 공화국;;;;;;;;;;;;;x
D09_democracy2;츠루기 의회공화국;;;;;;;;;;;;;x
D09_dominion;츠루기 자치령;;;;;;;;;;;;;x
D09_dominion2;츠루기 자치연방;;;;;;;;;;;;;x
D09_dominion3;츠루기 왕실속령;;;;;;;;;;;;;x
D09_hms_government;츠루기 입헌왕국;;;;;;;;;;;;;x
D09_hms_government2;츠루기 의회내각;;;;;;;;;;;;;x
D09_prussian_constitutionalism;츠루기 추밀원;;;;;;;;;;;;;x
D09_prussian_constitutionalism2;츠루기 왕실참의회;;;;;;;;;;;;;x
D09_theocracy;츠루기 교회연합국;;;;;;;;;;;;;x
D09_trade_unions_congress;츠루기 노동조합회의;;;;;;;;;;;;;x
D10_absolute_monarchy;스즈미 왕국;;;;;;;;;;;;;x
D10_absolute_monarchy2;스즈미 세습왕국;;;;;;;;;;;;;x
D10_colonial_company;스즈미 특허회사령;;;;;;;;;;;;;x
D10_democracy;스즈미 공화국;;;;;;;;;;;;;x
D10_democracy2;스즈미 의회공화국;;;;;;;;;;;;;x
D10_dominion;스즈미 자치령;;;;;;;;;;;;;x
D10_dominion2;스즈미 자치연방;;;;;;;;;;;;;x
D10_dominion3;스즈미 왕실속령;;;;;;;;;;;;;x
D10_hms_government;스즈미 입헌왕국;;;;;;;;;;;;;x
D10_hms_government2;스즈미 의회내각;;;;;;;;;;;;;x
D10_prussian_constitutionalism;스즈미 추밀원;;;;;;;;;;;;;x
D10_prussian_constitutionalism2;스즈미 왕실참의회;;;;;;;;;;;;;x
D10_theocracy;스즈미 교회연합국;;;;;;;;;;;;;x
D10_trade_unions_congress;스즈미 노동조합회의;;;;;;;;;;;;;x
D11_absolute_monarchy;위벨 군주국;;;;;;;;;;;;;x
D11_absolute_monarchy2;위벨 왕조;;;;;;;;;;;;;x
D11_colonial_company;위벨 특허회사령;;;;;;;;;;;;;x
D11_democracy;위벨 자치공화국;;;;;;;;;;;;;x
D11_democracy2;위벨 의회공화국;;;;;;;;;;;;;x
D11_dominion;위벨 자치령;;;;;;;;;;;;;x
D11_dominion2;위벨 자치연방;;;;;;;;;;;;;x
D11_dominion3;위벨 왕실속령;;;;;;;;;;;;;x
D11_hms_government;위벨 입헌군주국;;;;;;;;;;;;;x
D11_hms_government2;위벨 의회내각;;;;;;;;;;;;;x
D11_prussian_constitutionalism;위벨 군주의정회;;;;;;;;;;;;;x
D11_prussian_constitutionalism2;위벨 왕실참의회;;;;;;;;;;;;;x
D11_theocracy;위벨 신정국;;;;;;;;;;;;;x
D11_trade_unions_congress;위벨 노동조합연맹;;;;;;;;;;;;;x
D12_absolute_monarchy;엘리자베트 바토리 군주국;;;;;;;;;;;;;x
D12_absolute_monarchy2;엘리자베트 바토리 왕조;;;;;;;;;;;;;x
D12_colonial_company;엘리자베트 바토리 특허회사령;;;;;;;;;;;;;x
D12_democracy;엘리자베트 바토리 자치공화국;;;;;;;;;;;;;x
D12_democracy2;엘리자베트 바토리 의회공화국;;;;;;;;;;;;;x
D12_dominion;엘리자베트 바토리 자치령;;;;;;;;;;;;;x
D12_dominion2;엘리자베트 바토리 자치연방;;;;;;;;;;;;;x
D12_dominion3;엘리자베트 바토리 왕실속령;;;;;;;;;;;;;x
D12_hms_government;엘리자베트 바토리 입헌군주국;;;;;;;;;;;;;x
D12_hms_government2;엘리자베트 바토리 의회내각;;;;;;;;;;;;;x
D12_prussian_constitutionalism;엘리자베트 바토리 군주의정회;;;;;;;;;;;;;x
D12_prussian_constitutionalism2;엘리자베트 바토리 왕실참의회;;;;;;;;;;;;;x
D12_theocracy;엘리자베트 바토리 신정국;;;;;;;;;;;;;x
D12_trade_unions_congress;엘리자베트 바토리 노동조합연맹;;;;;;;;;;;;;x
D13_absolute_monarchy;알테라 군주국;;;;;;;;;;;;;x
D13_absolute_monarchy2;알테라 왕조;;;;;;;;;;;;;x
D13_colonial_company;알테라 특허회사령;;;;;;;;;;;;;x
D13_democracy;알테라 자치공화국;;;;;;;;;;;;;x
D13_democracy2;알테라 의회공화국;;;;;;;;;;;;;x
D13_dominion;알테라 자치령;;;;;;;;;;;;;x
D13_dominion2;알테라 자치연방;;;;;;;;;;;;;x
D13_dominion3;알테라 왕실속령;;;;;;;;;;;;;x
D13_hms_government;알테라 입헌군주국;;;;;;;;;;;;;x
D13_hms_government2;알테라 의회내각;;;;;;;;;;;;;x
D13_prussian_constitutionalism;알테라 군주의정회;;;;;;;;;;;;;x
D13_prussian_constitutionalism2;알테라 왕실참의회;;;;;;;;;;;;;x
D13_theocracy;알테라 신정국;;;;;;;;;;;;;x
D13_trade_unions_congress;알테라 노동조합연맹;;;;;;;;;;;;;x
D14_absolute_monarchy;무라사키 시키부 군주국;;;;;;;;;;;;;x
D14_absolute_monarchy2;무라사키 시키부 왕조;;;;;;;;;;;;;x
D14_colonial_company;무라사키 시키부 특허회사령;;;;;;;;;;;;;x
D14_democracy;무라사키 시키부 자치공화국;;;;;;;;;;;;;x
D14_democracy2;무라사키 시키부 의회공화국;;;;;;;;;;;;;x
D14_dominion;무라사키 시키부 자치령;;;;;;;;;;;;;x
D14_dominion2;무라사키 시키부 자치연방;;;;;;;;;;;;;x
D14_dominion3;무라사키 시키부 왕실속령;;;;;;;;;;;;;x
D14_hms_government;무라사키 시키부 입헌군주국;;;;;;;;;;;;;x
D14_hms_government2;무라사키 시키부 의회내각;;;;;;;;;;;;;x
D14_prussian_constitutionalism;무라사키 시키부 군주의정회;;;;;;;;;;;;;x
D14_prussian_constitutionalism2;무라사키 시키부 왕실참의회;;;;;;;;;;;;;x
D14_theocracy;무라사키 시키부 신정국;;;;;;;;;;;;;x
D14_trade_unions_congress;무라사키 시키부 노동조합연맹;;;;;;;;;;;;;x
D15_absolute_monarchy;슈텐도지 군주국;;;;;;;;;;;;;x
D15_absolute_monarchy2;슈텐도지 왕조;;;;;;;;;;;;;x
D15_colonial_company;슈텐도지 특허회사령;;;;;;;;;;;;;x
D15_democracy;슈텐도지 자치공화국;;;;;;;;;;;;;x
D15_democracy2;슈텐도지 의회공화국;;;;;;;;;;;;;x
D15_dominion;슈텐도지 자치령;;;;;;;;;;;;;x
D15_dominion2;슈텐도지 자치연방;;;;;;;;;;;;;x
D15_dominion3;슈텐도지 왕실속령;;;;;;;;;;;;;x
D15_hms_government;슈텐도지 입헌군주국;;;;;;;;;;;;;x
D15_hms_government2;슈텐도지 의회내각;;;;;;;;;;;;;x
D15_prussian_constitutionalism;슈텐도지 군주의정회;;;;;;;;;;;;;x
D15_prussian_constitutionalism2;슈텐도지 왕실참의회;;;;;;;;;;;;;x
D15_theocracy;슈텐도지 신정국;;;;;;;;;;;;;x
D15_trade_unions_congress;슈텐도지 노동조합연맹;;;;;;;;;;;;;x
D16_absolute_monarchy;멜트릴리스 군주국;;;;;;;;;;;;;x
D16_absolute_monarchy2;멜트릴리스 왕조;;;;;;;;;;;;;x
D16_colonial_company;멜트릴리스 특허회사령;;;;;;;;;;;;;x
D16_democracy;멜트릴리스 자치공화국;;;;;;;;;;;;;x
D16_democracy2;멜트릴리스 의회공화국;;;;;;;;;;;;;x
D16_dominion;멜트릴리스 자치령;;;;;;;;;;;;;x
D16_dominion2;멜트릴리스 자치연방;;;;;;;;;;;;;x
D16_dominion3;멜트릴리스 왕실속령;;;;;;;;;;;;;x
D16_hms_government;멜트릴리스 입헌군주국;;;;;;;;;;;;;x
D16_hms_government2;멜트릴리스 의회내각;;;;;;;;;;;;;x
D16_prussian_constitutionalism;멜트릴리스 군주의정회;;;;;;;;;;;;;x
D16_prussian_constitutionalism2;멜트릴리스 왕실참의회;;;;;;;;;;;;;x
D16_theocracy;멜트릴리스 신정국;;;;;;;;;;;;;x
D16_trade_unions_congress;멜트릴리스 노동조합연맹;;;;;;;;;;;;;x
D17_absolute_monarchy;세이 쇼나곤 군주국;;;;;;;;;;;;;x
D17_absolute_monarchy2;세이 쇼나곤 왕조;;;;;;;;;;;;;x
D17_colonial_company;세이 쇼나곤 특허회사령;;;;;;;;;;;;;x
D17_democracy;세이 쇼나곤 자치공화국;;;;;;;;;;;;;x
D17_democracy2;세이 쇼나곤 의회공화국;;;;;;;;;;;;;x
D17_dominion;세이 쇼나곤 자치령;;;;;;;;;;;;;x
D17_dominion2;세이 쇼나곤 자치연방;;;;;;;;;;;;;x
D17_dominion3;세이 쇼나곤 왕실속령;;;;;;;;;;;;;x
D17_hms_government;세이 쇼나곤 입헌군주국;;;;;;;;;;;;;x
D17_hms_government2;세이 쇼나곤 의회내각;;;;;;;;;;;;;x
D17_prussian_constitutionalism;세이 쇼나곤 군주의정회;;;;;;;;;;;;;x
D17_prussian_constitutionalism2;세이 쇼나곤 왕실참의회;;;;;;;;;;;;;x
D17_theocracy;세이 쇼나곤 신정국;;;;;;;;;;;;;x
D17_trade_unions_congress;세이 쇼나곤 노동조합연맹;;;;;;;;;;;;;x
D18_absolute_monarchy;아나스타샤 군주국;;;;;;;;;;;;;x
D18_absolute_monarchy2;아나스타샤 왕조;;;;;;;;;;;;;x
D18_colonial_company;아나스타샤 특허회사령;;;;;;;;;;;;;x
D18_democracy;아나스타샤 자치공화국;;;;;;;;;;;;;x
D18_democracy2;아나스타샤 의회공화국;;;;;;;;;;;;;x
D18_dominion;아나스타샤 자치령;;;;;;;;;;;;;x
D18_dominion2;아나스타샤 자치연방;;;;;;;;;;;;;x
D18_dominion3;아나스타샤 왕실속령;;;;;;;;;;;;;x
D18_hms_government;아나스타샤 입헌군주국;;;;;;;;;;;;;x
D18_hms_government2;아나스타샤 의회내각;;;;;;;;;;;;;x
D18_prussian_constitutionalism;아나스타샤 군주의정회;;;;;;;;;;;;;x
D18_prussian_constitutionalism2;아나스타샤 왕실참의회;;;;;;;;;;;;;x
D18_theocracy;아나스타샤 신정국;;;;;;;;;;;;;x
D18_trade_unions_congress;아나스타샤 노동조합연맹;;;;;;;;;;;;;x
D19_absolute_monarchy;오료 군주국;;;;;;;;;;;;;x
D19_absolute_monarchy2;오료 왕조;;;;;;;;;;;;;x
D19_colonial_company;오료 특허회사령;;;;;;;;;;;;;x
D19_democracy;오료 자치공화국;;;;;;;;;;;;;x
D19_democracy2;오료 의회공화국;;;;;;;;;;;;;x
D19_dominion;오료 자치령;;;;;;;;;;;;;x
D19_dominion2;오료 자치연방;;;;;;;;;;;;;x
D19_dominion3;오료 왕실속령;;;;;;;;;;;;;x
D19_hms_government;오료 입헌군주국;;;;;;;;;;;;;x
D19_hms_government2;오료 의회내각;;;;;;;;;;;;;x
D19_prussian_constitutionalism;오료 군주의정회;;;;;;;;;;;;;x
D19_prussian_constitutionalism2;오료 왕실참의회;;;;;;;;;;;;;x
D19_theocracy;오료 신정국;;;;;;;;;;;;;x
D19_trade_unions_congress;오료 노동조합연맹;;;;;;;;;;;;;x
D20_absolute_monarchy;BB 군주국;;;;;;;;;;;;;x
D20_absolute_monarchy2;BB 왕조;;;;;;;;;;;;;x
D20_colonial_company;BB 특허회사령;;;;;;;;;;;;;x
D20_democracy;BB 자치공화국;;;;;;;;;;;;;x
D20_democracy2;BB 의회공화국;;;;;;;;;;;;;x
D20_dominion;BB 자치령;;;;;;;;;;;;;x
D20_dominion2;BB 자치연방;;;;;;;;;;;;;x
D20_dominion3;BB 왕실속령;;;;;;;;;;;;;x
D20_hms_government;BB 입헌군주국;;;;;;;;;;;;;x
D20_hms_government2;BB 의회내각;;;;;;;;;;;;;x
D20_prussian_constitutionalism;BB 군주의정회;;;;;;;;;;;;;x
D20_prussian_constitutionalism2;BB 왕실참의회;;;;;;;;;;;;;x
D20_theocracy;BB 신정국;;;;;;;;;;;;;x
D20_trade_unions_congress;BB 노동조합연맹;;;;;;;;;;;;;x
DAG_absolute_monarchy2;수메르 아카데미아 세습토후국;;;;;;;;;;;;;x
DAG_colonial_company;수메르 아카데미아 특허회사령;;;;;;;;;;;;;x
DAG_democracy2;수메르 아카데미아 의회공화국;;;;;;;;;;;;;x
DAG_dominion;수메르 아카데미아 자치령;;;;;;;;;;;;;x
DAG_dominion2;수메르 아카데미아 자치연방;;;;;;;;;;;;;x
DAG_dominion3;수메르 아카데미아 왕실속령;;;;;;;;;;;;;x
DAG_hms_government2;수메르 아카데미아 의회내각;;;;;;;;;;;;;x
DAG_prussian_constitutionalism;수메르 아카데미아 왕실참사회;;;;;;;;;;;;;x
DAG_prussian_constitutionalism2;수메르 아카데미아 왕실참의회;;;;;;;;;;;;;x
DAG_trade_unions_congress;수메르 아카데미아 노동자평의회;;;;;;;;;;;;;x
DAH_absolute_monarchy2;다호메이 세습왕국;;;;;;;;;;;;;x
DAH_colonial_company;다호메이 특허회사령;;;;;;;;;;;;;x
DAH_democracy;다호메이 공화국;;;;;;;;;;;;;x
DAH_democracy2;다호메이 의회공화국;;;;;;;;;;;;;x
DAH_dominion;다호메이 보호국;;;;;;;;;;;;;x
DAH_dominion2;다호메이 자치국연합;;;;;;;;;;;;;x
DAH_dominion3;다호메이 왕실보호령;;;;;;;;;;;;;x
DAH_hms_government2;다호메이 의회내각;;;;;;;;;;;;;x
DAH_prussian_constitutionalism2;다호메이 추장원로회;;;;;;;;;;;;;x
DAH_theocracy;다호메이 제사장국;;;;;;;;;;;;;x
DAH_trade_unions_congress;다호메이 노동조합연맹;;;;;;;;;;;;;x
DAI_absolute_monarchy2;히가시 황실조정;;;;;;;;;;;;;x
DAI_democracy;히가시 공화국;;;;;;;;;;;;;x
DAI_democracy2;히가시 의회공화국;;;;;;;;;;;;;x
DAI_dominion;히가시 자치국;;;;;;;;;;;;;x
DAI_dominion2;히가시 자치연방;;;;;;;;;;;;;x
DAI_dominion3;히가시 번진;;;;;;;;;;;;;x
DAI_hms_government;히가시 입헌내각;;;;;;;;;;;;;x
DAI_hms_government2;히가시 의회내각;;;;;;;;;;;;;x
DAI_prussian_constitutionalism2;히가시 참의원;;;;;;;;;;;;;x
DAI_theocracy;히가시 승가국;;;;;;;;;;;;;x
DAI_trade_unions_congress;히가시 노동총연맹;;;;;;;;;;;;;x
DAK_absolute_monarchy2;네루 왕조;;;;;;;;;;;;;x
DAK_colonial_company;네루 특허회사령;;;;;;;;;;;;;x
DAK_democracy2;네루 의회공화국;;;;;;;;;;;;;x
DAK_dominion2;네루 자치국연합;;;;;;;;;;;;;x
DAK_dominion3;네루 왕실보호령;;;;;;;;;;;;;x
DAK_hms_government2;네루 의회내각;;;;;;;;;;;;;x
DAK_prussian_constitutionalism2;네루 추장원로회;;;;;;;;;;;;;x
DAK_theocracy;네루 제사장국;;;;;;;;;;;;;x
DAK_trade_unions_congress;네루 생산자연맹;;;;;;;;;;;;;x
DAM_absolute_monarchy2;다마가람 세습술탄국;;;;;;;;;;;;;x
DAM_colonial_company;다마가람 통상회사령;;;;;;;;;;;;;x
DAM_democracy2;다마가람 의회공화국;;;;;;;;;;;;;x
DAM_dominion;다마가람 자치령;;;;;;;;;;;;;x
DAM_dominion2;다마가람 자치연방;;;;;;;;;;;;;x
DAM_dominion3;다마가람 보호토후령;;;;;;;;;;;;;x
DAM_hms_government2;다마가람 의회내각;;;;;;;;;;;;;x
DAM_prussian_constitutionalism2;다마가람 귀족협의회;;;;;;;;;;;;;x
DAM_theocracy;다마가람 이맘국;;;;;;;;;;;;;x
DAM_trade_unions_congress;다마가람 노동조합총연맹;;;;;;;;;;;;;x
DAR_absolute_monarchy2;다르푸르 세습술탄국;;;;;;;;;;;;;x
DAR_colonial_company;다르푸르 통상회사령;;;;;;;;;;;;;x
DAR_democracy;다르푸르 공화국;;;;;;;;;;;;;x
DAR_democracy2;다르푸르 의회공화국;;;;;;;;;;;;;x
DAR_dominion;다르푸르 자치령;;;;;;;;;;;;;x
DAR_dominion2;다르푸르 자치연방;;;;;;;;;;;;;x
DAR_dominion3;다르푸르 보호토후령;;;;;;;;;;;;;x
DAR_hms_government2;다르푸르 의회내각;;;;;;;;;;;;;x
DAR_prussian_constitutionalism2;다르푸르 귀족협의회;;;;;;;;;;;;;x
DAR_theocracy;다르푸르 이맘국;;;;;;;;;;;;;x
DAR_trade_unions_congress;다르푸르 노동조합총연맹;;;;;;;;;;;;;x
DEN_absolute_monarchy;칸나 왕국;;;;;;;;;;;;;x
DEN_absolute_monarchy2;칸나 세습왕국;;;;;;;;;;;;;x
DEN_colonial_company;칸나 특허회사령;;;;;;;;;;;;;x
DEN_democracy;칸나 공화국;;;;;;;;;;;;;x
DEN_democracy2;칸나 의회공화국;;;;;;;;;;;;;x
DEN_dominion;칸나 자치령;;;;;;;;;;;;;x
DEN_dominion2;칸나 자치연방;;;;;;;;;;;;;x
DEN_dominion3;칸나 왕실속령;;;;;;;;;;;;;x
DEN_hms_government;칸나 입헌왕국;;;;;;;;;;;;;x
DEN_hms_government2;칸나 의회내각;;;;;;;;;;;;;x
DEN_prussian_constitutionalism;칸나 릭스라드;;;;;;;;;;;;;x
DEN_prussian_constitutionalism2;칸나 왕실참의회;;;;;;;;;;;;;x
DEN_theocracy;칸나 교회연합국;;;;;;;;;;;;;x
DEN_trade_unions_congress;칸나 노동조합연맹;;;;;;;;;;;;;x
DES_absolute_monarchy;마키 왕국;;;;;;;;;;;;;x
DES_absolute_monarchy2;마키 세습왕국;;;;;;;;;;;;;x
DES_colonial_company;마키 특허회사령;;;;;;;;;;;;;x
DES_democracy2;마키 의회공화국;;;;;;;;;;;;;x
DES_dominion2;마키 자치연방;;;;;;;;;;;;;x
DES_dominion3;마키 왕실속령;;;;;;;;;;;;;x
DES_hms_government;마키 입헌왕국;;;;;;;;;;;;;x
DES_hms_government2;마키 의회내각;;;;;;;;;;;;;x
DES_prussian_constitutionalism;마키 왕실의회;;;;;;;;;;;;;x
DES_prussian_constitutionalism2;마키 왕실참의회;;;;;;;;;;;;;x
DES_trade_unions_congress;마키 산업노동조합연맹;;;;;;;;;;;;;x
DJA_absolute_monarchy;푸순 술탄국;;;;;;;;;;;;;x
DJA_absolute_monarchy2;푸순 세습술탄국;;;;;;;;;;;;;x
DJA_colonial_company;푸순 통상회사령;;;;;;;;;;;;;x
DJA_democracy;푸순 공화국;;;;;;;;;;;;;x
DJA_democracy2;푸순 의회공화국;;;;;;;;;;;;;x
DJA_dominion;푸순 자치령;;;;;;;;;;;;;x
DJA_dominion2;푸순 자치연방;;;;;;;;;;;;;x
DJA_dominion3;푸순 보호토후령;;;;;;;;;;;;;x
DJA_hms_government;푸순 입헌술탄국;;;;;;;;;;;;;x
DJA_hms_government2;푸순 의회내각;;;;;;;;;;;;;x
DJA_prussian_constitutionalism;푸순 술탄참사회;;;;;;;;;;;;;x
DJA_prussian_constitutionalism2;푸순 귀족협의회;;;;;;;;;;;;;x
DJA_theocracy;푸순 이맘국;;;;;;;;;;;;;x
DJA_trade_unions_congress;푸순 노동조합연맹;;;;;;;;;;;;;x
DLM_absolute_monarchy;펜테실레이아 왕국;;;;;;;;;;;;;x
DLM_absolute_monarchy2;펜테실레이아 세습왕국;;;;;;;;;;;;;x
DLM_colonial_company;펜테실레이아 특허회사령;;;;;;;;;;;;;x
DLM_democracy;펜테실레이아 공화국;;;;;;;;;;;;;x
DLM_democracy2;펜테실레이아 의회공화국;;;;;;;;;;;;;x
DLM_dominion;펜테실레이아 자치령;;;;;;;;;;;;;x
DLM_dominion2;펜테실레이아 자치연방;;;;;;;;;;;;;x
DLM_dominion3;펜테실레이아 왕실속령;;;;;;;;;;;;;x
DLM_hms_government;펜테실레이아 입헌왕국;;;;;;;;;;;;;x
DLM_hms_government2;펜테실레이아 의회내각;;;;;;;;;;;;;x
DLM_prussian_constitutionalism;펜테실레이아 왕실참사회;;;;;;;;;;;;;x
DLM_prussian_constitutionalism2;펜테실레이아 왕실참의회;;;;;;;;;;;;;x
DLM_theocracy;펜테실레이아 주교령;;;;;;;;;;;;;x
DLM_trade_unions_congress;펜테실레이아 노동자평의회;;;;;;;;;;;;;x
DND_absolute_monarchy;덴디 술탄국;;;;;;;;;;;;;x
DND_absolute_monarchy2;덴디 세습술탄국;;;;;;;;;;;;;x
DND_colonial_company;덴디 통상회사령;;;;;;;;;;;;;x
DND_democracy2;덴디 의회공화국;;;;;;;;;;;;;x
DND_dominion;덴디 자치령;;;;;;;;;;;;;x
DND_dominion2;덴디 자치연방;;;;;;;;;;;;;x
DND_dominion3;덴디 보호토후령;;;;;;;;;;;;;x
DND_hms_government;덴디 입헌술탄국;;;;;;;;;;;;;x
DND_hms_government2;덴디 의회내각;;;;;;;;;;;;;x
DND_prussian_constitutionalism;덴디 디완;;;;;;;;;;;;;x
DND_prussian_constitutionalism2;덴디 귀족협의회;;;;;;;;;;;;;x
DND_theocracy;덴디 이맘국;;;;;;;;;;;;;x
DND_trade_unions_congress;덴디 노동조합총연맹;;;;;;;;;;;;;x
DOM_absolute_monarchy2;케찰코아틀 세습왕국;;;;;;;;;;;;;x
DOM_democracy2;케찰코아틀 의회공화국;;;;;;;;;;;;;x
DOM_dominion;케찰코아틀 자치령;;;;;;;;;;;;;x
DOM_dominion2;케찰코아틀 자치연방;;;;;;;;;;;;;x
DOM_dominion3;케찰코아틀 왕실속령;;;;;;;;;;;;;x
DOM_hms_government2;케찰코아틀 의회내각;;;;;;;;;;;;;x
DOM_prussian_constitutionalism2;케찰코아틀 왕실참의회;;;;;;;;;;;;;x
DOM_theocracy;케찰코아틀 주교령;;;;;;;;;;;;;x
DOM_trade_unions_congress;케찰코아틀 노동자총연맹;;;;;;;;;;;;;x
DON_absolute_monarchy2;타슈켄트 세습헤트만국;;;;;;;;;;;;;x
DON_colonial_company;타슈켄트 특허회사령;;;;;;;;;;;;;x
DON_democracy;타슈켄트 코사크 공화국;;;;;;;;;;;;;x
DON_democracy2;타슈켄트 의회공화국;;;;;;;;;;;;;x
DON_dominion;타슈켄트 자치령;;;;;;;;;;;;;x
DON_dominion2;타슈켄트 자치연방;;;;;;;;;;;;;x
DON_dominion3;타슈켄트 왕실속령;;;;;;;;;;;;;x
DON_hms_government2;타슈켄트 의회내각;;;;;;;;;;;;;x
DON_prussian_constitutionalism2;타슈켄트 왕실참의회;;;;;;;;;;;;;x
DON_theocracy;타슈켄트 총대주교령;;;;;;;;;;;;;x
DON_trade_unions_congress;타슈켄트 노동자소비에트;;;;;;;;;;;;;x
DRA_absolute_monarchy2;머틀 세습제국;;;;;;;;;;;;;x
DRA_colonial_company;머틀 동인도회사령;;;;;;;;;;;;;x
DRA_democracy;머틀 공화국;;;;;;;;;;;;;x
DRA_democracy2;머틀 의회공화국;;;;;;;;;;;;;x
DRA_dominion;머틀 번왕령;;;;;;;;;;;;;x
DRA_dominion2;머틀 번왕연합;;;;;;;;;;;;;x
DRA_dominion3;머틀 왕실직할령;;;;;;;;;;;;;x
DRA_hms_government;머틀 입헌제국;;;;;;;;;;;;;x
DRA_hms_government2;머틀 의회내각;;;;;;;;;;;;;x
DRA_prussian_constitutionalism;머틀 다르바르;;;;;;;;;;;;;x
DRA_prussian_constitutionalism2;머틀 제후회의;;;;;;;;;;;;;x
DRA_theocracy;머틀 사원연합국;;;;;;;;;;;;;x
DRA_trade_unions_congress;머틀 노동조합총연맹;;;;;;;;;;;;;x
DRU_absolute_monarchy;와파린 토후국;;;;;;;;;;;;;x
DRU_absolute_monarchy2;와파린 세습토후국;;;;;;;;;;;;;x
DRU_colonial_company;와파린 통상회사령;;;;;;;;;;;;;x
DRU_democracy;와파린 공화국;;;;;;;;;;;;;x
DRU_democracy2;와파린 의회공화국;;;;;;;;;;;;;x
DRU_dominion;와파린 자치령;;;;;;;;;;;;;x
DRU_dominion2;와파린 자치연방;;;;;;;;;;;;;x
DRU_dominion3;와파린 보호토후령;;;;;;;;;;;;;x
DRU_hms_government;와파린 입헌토후국;;;;;;;;;;;;;x
DRU_hms_government2;와파린 의회내각;;;;;;;;;;;;;x
DRU_prussian_constitutionalism;와파린 슈라 평의회;;;;;;;;;;;;;x
DRU_prussian_constitutionalism2;와파린 귀족협의회;;;;;;;;;;;;;x
DRU_theocracy;와파린 제사장국;;;;;;;;;;;;;x
DRU_trade_unions_congress;와파린 노동조합총연맹;;;;;;;;;;;;;x
DUR_absolute_monarchy2;니토크리스 세습제국;;;;;;;;;;;;;x
DUR_colonial_company;니토크리스 통상회사령;;;;;;;;;;;;;x
DUR_democracy;니토크리스 공화국;;;;;;;;;;;;;x
DUR_democracy2;니토크리스 의회공화국;;;;;;;;;;;;;x
DUR_dominion;니토크리스 자치령;;;;;;;;;;;;;x
DUR_dominion2;니토크리스 자치연방;;;;;;;;;;;;;x
DUR_dominion3;니토크리스 보호토후령;;;;;;;;;;;;;x
DUR_hms_government2;니토크리스 의회내각;;;;;;;;;;;;;x
DUR_prussian_constitutionalism2;니토크리스 귀족협의회;;;;;;;;;;;;;x
DUR_theocracy;니토크리스 이맘국;;;;;;;;;;;;;x
DUR_trade_unions_congress;니토크리스 노동자평의회;;;;;;;;;;;;;x
DZG_absolute_monarchy;이오리 공국;;;;;;;;;;;;;x
DZG_absolute_monarchy2;이오리 세습공국;;;;;;;;;;;;;x
DZG_colonial_company;이오리 특허회사령;;;;;;;;;;;;;x
DZG_democracy;이오리 자유국;;;;;;;;;;;;;x
DZG_democracy2;이오리 도시공화국;;;;;;;;;;;;;x
DZG_dominion;이오리 자치령;;;;;;;;;;;;;x
DZG_dominion2;이오리 자치연방;;;;;;;;;;;;;x
DZG_dominion3;이오리 왕실직할령;;;;;;;;;;;;;x
DZG_hms_government;이오리 입헌공국;;;;;;;;;;;;;x
DZG_hms_government2;이오리 영방내각;;;;;;;;;;;;;x
DZG_prussian_constitutionalism;이오리 영방의회;;;;;;;;;;;;;x
DZG_prussian_constitutionalism2;이오리 제후회의;;;;;;;;;;;;;x
DZG_theocracy;이오리 교회연합국;;;;;;;;;;;;;x
DZG_trade_unions_congress;이오리 노동자평의회;;;;;;;;;;;;;x
ECU_absolute_monarchy;캐서린 왕국;;;;;;;;;;;;;x
ECU_absolute_monarchy2;캐서린 세습왕국;;;;;;;;;;;;;x
ECU_colonial_company;캐서린 특허회사령;;;;;;;;;;;;;x
ECU_democracy;캐서린 공화국;;;;;;;;;;;;;x
ECU_democracy2;캐서린 의회공화국;;;;;;;;;;;;;x
ECU_dominion;캐서린 자치령;;;;;;;;;;;;;x
ECU_dominion2;캐서린 자치연방;;;;;;;;;;;;;x
ECU_dominion3;캐서린 왕실속령;;;;;;;;;;;;;x
ECU_hms_government;캐서린 입헌왕국;;;;;;;;;;;;;x
ECU_hms_government2;캐서린 의회내각;;;;;;;;;;;;;x
ECU_prussian_constitutionalism;캐서린 왕실평의회;;;;;;;;;;;;;x
ECU_prussian_constitutionalism2;캐서린 왕실참의회;;;;;;;;;;;;;x
ECU_theocracy;캐서린 주교령;;;;;;;;;;;;;x
ECU_trade_unions_congress;캐서린 노동자총연맹;;;;;;;;;;;;;x
EGY_absolute_monarchy2;호시노 왕조;;;;;;;;;;;;;x
EGY_democracy2;호시노 의회공화국;;;;;;;;;;;;;x
EGY_dominion;호시노 자치령;;;;;;;;;;;;;x
EGY_dominion2;호시노 자치연방;;;;;;;;;;;;;x
EGY_dominion3;호시노 보호토후령;;;;;;;;;;;;;x
EGY_hms_government2;호시노 의회내각;;;;;;;;;;;;;x
EGY_prussian_constitutionalism2;호시노 귀족협의회;;;;;;;;;;;;;x
EGY_theocracy;호시노 이맘국;;;;;;;;;;;;;x
EGY_trade_unions_congress;호시노 노동조합총연맹;;;;;;;;;;;;;x
EIC_absolute_monarchy2;티바트 일곱 나라 왕조;;;;;;;;;;;;;x
EIC_colonial_company;티바트 일곱 나라 동인도회사령;;;;;;;;;;;;;x
EIC_democracy;티바트 일곱 나라 공화국;;;;;;;;;;;;;x
EIC_democracy2;티바트 일곱 나라 의회공화국;;;;;;;;;;;;;x
EIC_dominion;티바트 일곱 나라 총독령;;;;;;;;;;;;;x
EIC_dominion2;티바트 일곱 나라 자치연방;;;;;;;;;;;;;x
EIC_dominion3;티바트 일곱 나라 왕실속령;;;;;;;;;;;;;x
EIC_hms_government2;티바트 일곱 나라 의회내각;;;;;;;;;;;;;x
EIC_prussian_constitutionalism2;티바트 일곱 나라 왕실참의회;;;;;;;;;;;;;x
EIC_theocracy;티바트 일곱 나라 교회연합국;;;;;;;;;;;;;x
EIC_trade_unions_congress;티바트 일곱 나라 노동조합회의;;;;;;;;;;;;;x
ELS_absolute_monarchy;니코 로빈 왕국;;;;;;;;;;;;;x
ELS_absolute_monarchy2;니코 로빈 세습왕국;;;;;;;;;;;;;x
ELS_democracy2;니코 로빈 의회공화국;;;;;;;;;;;;;x
ELS_dominion;니코 로빈 자치령;;;;;;;;;;;;;x
ELS_dominion2;니코 로빈 자치연방;;;;;;;;;;;;;x
ELS_dominion3;니코 로빈 왕실속령;;;;;;;;;;;;;x
ELS_hms_government;니코 로빈 입헌왕국;;;;;;;;;;;;;x
ELS_hms_government2;니코 로빈 의회내각;;;;;;;;;;;;;x
ELS_prussian_constitutionalism;니코 로빈 왕실평의회;;;;;;;;;;;;;x
ELS_prussian_constitutionalism2;니코 로빈 왕실참의회;;;;;;;;;;;;;x
ELS_theocracy;니코 로빈 주교령;;;;;;;;;;;;;x
ELS_trade_unions_congress;니코 로빈 노동자총연맹;;;;;;;;;;;;;x
ENL_absolute_monarchy;마리 왕국;;;;;;;;;;;;;x
ENL_absolute_monarchy2;마리 세습왕국;;;;;;;;;;;;;x
ENL_colonial_company;마리 특허회사령;;;;;;;;;;;;;x
ENL_democracy;마리 공화국;;;;;;;;;;;;;x
ENL_democracy2;마리 의회공화국;;;;;;;;;;;;;x
ENL_dominion;마리 자치령;;;;;;;;;;;;;x
ENL_dominion2;마리 자치연방;;;;;;;;;;;;;x
ENL_dominion3;마리 왕실속령;;;;;;;;;;;;;x
ENL_hms_government;마리 입헌왕국;;;;;;;;;;;;;x
ENL_hms_government2;마리 의회내각;;;;;;;;;;;;;x
ENL_prussian_constitutionalism;마리 추밀원;;;;;;;;;;;;;x
ENL_prussian_constitutionalism2;마리 왕실참의회;;;;;;;;;;;;;x
ENL_theocracy;마리 교회연합국;;;;;;;;;;;;;x
ENL_trade_unions_congress;마리 노동조합회의;;;;;;;;;;;;;x
ENT_absolute_monarchy;카피바라 왕국;;;;;;;;;;;;;x
ENT_absolute_monarchy2;카피바라 세습왕국;;;;;;;;;;;;;x
ENT_colonial_company;카피바라 특허회사령;;;;;;;;;;;;;x
ENT_democracy;카피바라 공화국;;;;;;;;;;;;;x
ENT_democracy2;카피바라 의회공화국;;;;;;;;;;;;;x
ENT_dominion;카피바라 자치령;;;;;;;;;;;;;x
ENT_dominion2;카피바라 자치연방;;;;;;;;;;;;;x
ENT_dominion3;카피바라 왕실속령;;;;;;;;;;;;;x
ENT_hms_government;카피바라 입헌왕국;;;;;;;;;;;;;x
ENT_hms_government2;카피바라 의회내각;;;;;;;;;;;;;x
ENT_prussian_constitutionalism;카피바라 왕실평의회;;;;;;;;;;;;;x
ENT_prussian_constitutionalism2;카피바라 왕실참의회;;;;;;;;;;;;;x
ENT_theocracy;카피바라 주교령;;;;;;;;;;;;;x
ENT_trade_unions_congress;카피바라 노동자총연맹;;;;;;;;;;;;;x
EQG_absolute_monarchy2;적도 기니 세습왕국;;;;;;;;;;;;;x
EQG_colonial_company;적도 기니 특허회사령;;;;;;;;;;;;;x
EQG_democracy;적도 기니 공화국;;;;;;;;;;;;;x
EQG_democracy2;적도 기니 의회공화국;;;;;;;;;;;;;x
EQG_dominion;적도 기니 보호국;;;;;;;;;;;;;x
EQG_dominion2;적도 기니 자치국연합;;;;;;;;;;;;;x
EQG_dominion3;적도 기니 왕실보호령;;;;;;;;;;;;;x
EQG_hms_government;적도 기니 입헌왕국;;;;;;;;;;;;;x
EQG_hms_government2;적도 기니 의회내각;;;;;;;;;;;;;x
EQG_prussian_constitutionalism;적도 기니 왕실원로회;;;;;;;;;;;;;x
EQG_prussian_constitutionalism2;적도 기니 추장원로회;;;;;;;;;;;;;x
EQG_theocracy;적도 기니 제사장국;;;;;;;;;;;;;x
EQG_trade_unions_congress;적도 기니 노동조합연맹;;;;;;;;;;;;;x
EST_absolute_monarchy;린네아 공국;;;;;;;;;;;;;x
EST_absolute_monarchy2;린네아 기사단국;;;;;;;;;;;;;x
EST_colonial_company;린네아 탐사특허회사;;;;;;;;;;;;;x
EST_democracy;린네아 공화국;;;;;;;;;;;;;x
EST_democracy2;린네아 의회공화국;;;;;;;;;;;;;x
EST_dominion;린네아 자치령;;;;;;;;;;;;;x
EST_dominion2;린네아 자치연합;;;;;;;;;;;;;x
EST_dominion3;린네아 왕실보호령;;;;;;;;;;;;;x
EST_hms_government;린네아 입헌공국;;;;;;;;;;;;;x
EST_hms_government2;린네아 의회내각;;;;;;;;;;;;;x
EST_prussian_constitutionalism;린네아 영방의회;;;;;;;;;;;;;x
EST_prussian_constitutionalism2;린네아 기사참의회;;;;;;;;;;;;;x
EST_theocracy;린네아 삼림신정국;;;;;;;;;;;;;x
EST_trade_unions_congress;린네아 노동자평의회;;;;;;;;;;;;;x
ETH_absolute_monarchy2;아비시니아 세습제국;;;;;;;;;;;;;x
ETH_democracy;아비시니아 공화국;;;;;;;;;;;;;x
ETH_democracy2;아비시니아 의회공화국;;;;;;;;;;;;;x
ETH_dominion;아비시니아 보호국;;;;;;;;;;;;;x
ETH_dominion2;아비시니아 자치국연합;;;;;;;;;;;;;x
ETH_dominion3;아비시니아 왕실보호령;;;;;;;;;;;;;x
ETH_hms_government;아비시니아 입헌제국;;;;;;;;;;;;;x
ETH_hms_government2;아비시니아 의회내각;;;;;;;;;;;;;x
ETH_prussian_constitutionalism2;아비시니아 왕실대의회;;;;;;;;;;;;;x
ETH_theocracy;아비시니아 총대주교령;;;;;;;;;;;;;x
ETH_trade_unions_congress;아비시니아 노동조합연맹;;;;;;;;;;;;;x
EZO_absolute_monarchy;와카모 번;;;;;;;;;;;;;x
EZO_absolute_monarchy2;와카모 막부;;;;;;;;;;;;;x
EZO_colonial_company;와카모 상관령;;;;;;;;;;;;;x
EZO_democracy2;와카모 의회공화국;;;;;;;;;;;;;x
EZO_dominion;와카모 자치번;;;;;;;;;;;;;x
EZO_dominion2;와카모 제번연합;;;;;;;;;;;;;x
EZO_dominion3;와카모 막부직할령;;;;;;;;;;;;;x
EZO_hms_government;와카모 입헌번;;;;;;;;;;;;;x
EZO_hms_government2;와카모 의회내각;;;;;;;;;;;;;x
EZO_prussian_constitutionalism;와카모 번정평의회;;;;;;;;;;;;;x
EZO_prussian_constitutionalism2;와카모 번주평의회;;;;;;;;;;;;;x
EZO_theocracy;와카모 신도제정국;;;;;;;;;;;;;x
EZO_trade_unions_congress;와카모 노동조합총평의회;;;;;;;;;;;;;x
FAS_absolute_monarchy;에이프릴 왕국;;;;;;;;;;;;;x
FAS_absolute_monarchy2;에이프릴 세습왕국;;;;;;;;;;;;;x
FAS_democracy;에이프릴 공화국;;;;;;;;;;;;;x
FAS_democracy2;에이프릴 의회공화국;;;;;;;;;;;;;x
FAS_dominion2;에이프릴 자치연방;;;;;;;;;;;;;x
FAS_dominion3;에이프릴 왕실속령;;;;;;;;;;;;;x
FAS_hms_government;에이프릴 입헌왕국;;;;;;;;;;;;;x
FAS_hms_government2;에이프릴 의회내각;;;;;;;;;;;;;x
FAS_prussian_constitutionalism;에이프릴 왕실국무원;;;;;;;;;;;;;x
FAS_prussian_constitutionalism2;에이프릴 왕실참의회;;;;;;;;;;;;;x
FAS_theocracy;에이프릴 주교령;;;;;;;;;;;;;x
FAS_trade_unions_congress;에이프릴 노동총동맹;;;;;;;;;;;;;x
FCA_absolute_monarchy;유키노 왕국;;;;;;;;;;;;;x
FCA_absolute_monarchy2;유키노 세습왕국;;;;;;;;;;;;;x
FCA_democracy;유키노 공화국;;;;;;;;;;;;;x
FCA_democracy2;유키노 의회공화국;;;;;;;;;;;;;x
FCA_dominion2;유키노 자치연방;;;;;;;;;;;;;x
FCA_dominion3;유키노 왕실속령;;;;;;;;;;;;;x
FCA_hms_government;유키노 입헌왕국;;;;;;;;;;;;;x
FCA_hms_government2;유키노 의회내각;;;;;;;;;;;;;x
FCA_prussian_constitutionalism;유키노 왕실국무원;;;;;;;;;;;;;x
FCA_prussian_constitutionalism2;유키노 왕실참의회;;;;;;;;;;;;;x
FCA_theocracy;유키노 주교령;;;;;;;;;;;;;x
FCA_trade_unions_congress;유키노 노동총동맹;;;;;;;;;;;;;x
FDL_absolute_monarchy;네크라스 토후국;;;;;;;;;;;;;x
FDL_absolute_monarchy2;네크라스 세습토후국;;;;;;;;;;;;;x
FDL_colonial_company;네크라스 통상회사령;;;;;;;;;;;;;x
FDL_democracy;네크라스 공화국;;;;;;;;;;;;;x
FDL_democracy2;네크라스 의회공화국;;;;;;;;;;;;;x
FDL_dominion;네크라스 자치령;;;;;;;;;;;;;x
FDL_dominion2;네크라스 자치연방;;;;;;;;;;;;;x
FDL_dominion3;네크라스 보호토후령;;;;;;;;;;;;;x
FDL_hms_government;네크라스 입헌토후국;;;;;;;;;;;;;x
FDL_hms_government2;네크라스 의회내각;;;;;;;;;;;;;x
FDL_prussian_constitutionalism;네크라스 슈라 평의회;;;;;;;;;;;;;x
FDL_prussian_constitutionalism2;네크라스 귀족협의회;;;;;;;;;;;;;x
FDL_theocracy;네크라스 이맘국;;;;;;;;;;;;;x
FDL_trade_unions_congress;네크라스 노동조합총연맹;;;;;;;;;;;;;x
FIJ_absolute_monarchy;페넥 왕국;;;;;;;;;;;;;x
FIJ_absolute_monarchy2;페넥 세습왕국;;;;;;;;;;;;;x
FIJ_colonial_company;페넥 특허회사령;;;;;;;;;;;;;x
FIJ_democracy;페넥 공화국;;;;;;;;;;;;;x
FIJ_democracy2;페넥 의회공화국;;;;;;;;;;;;;x
FIJ_dominion;페넥 보호국;;;;;;;;;;;;;x
FIJ_dominion2;페넥 자치국연합;;;;;;;;;;;;;x
FIJ_dominion3;페넥 왕실보호령;;;;;;;;;;;;;x
FIJ_hms_government;페넥 입헌왕국;;;;;;;;;;;;;x
FIJ_hms_government2;페넥 의회내각;;;;;;;;;;;;;x
FIJ_prussian_constitutionalism;페넥 추장회의;;;;;;;;;;;;;x
FIJ_prussian_constitutionalism2;페넥 추장원로회;;;;;;;;;;;;;x
FIJ_theocracy;페넥 교회연합국;;;;;;;;;;;;;x
FIJ_trade_unions_congress;페넥 노동조합연맹;;;;;;;;;;;;;x
FIL_absolute_monarchy;페로나 왕국;;;;;;;;;;;;;x
FIL_absolute_monarchy2;페로나 세습왕국;;;;;;;;;;;;;x
FIL_colonial_company;페로나 특허회사령;;;;;;;;;;;;;x
FIL_democracy;페로나 연방공화국;;;;;;;;;;;;;x
FIL_democracy2;페로나 의회공화국;;;;;;;;;;;;;x
FIL_dominion;페로나 자치령;;;;;;;;;;;;;x
FIL_dominion2;페로나 자치연방;;;;;;;;;;;;;x
FIL_dominion3;페로나 왕실속령;;;;;;;;;;;;;x
FIL_hms_government;페로나 입헌왕국;;;;;;;;;;;;;x
FIL_hms_government2;페로나 의회내각;;;;;;;;;;;;;x
FIL_prussian_constitutionalism;페로나 왕실의회;;;;;;;;;;;;;x
FIL_prussian_constitutionalism2;페로나 왕실참의회;;;;;;;;;;;;;x
FIL_theocracy;페로나 교회연합국;;;;;;;;;;;;;x
FIL_trade_unions_congress;페로나 산업노동조합연맹;;;;;;;;;;;;;x
FIN_absolute_monarchy2;발키리 세습대공국;;;;;;;;;;;;;x
FIN_democracy;발키리 공화국;;;;;;;;;;;;;x
FIN_democracy2;발키리 의회공화국;;;;;;;;;;;;;x
FIN_dominion;발키리 자치령;;;;;;;;;;;;;x
FIN_dominion2;발키리 자치연방;;;;;;;;;;;;;x
FIN_dominion3;발키리 왕실속령;;;;;;;;;;;;;x
FIN_hms_government2;발키리 의회내각;;;;;;;;;;;;;x
FIN_prussian_constitutionalism2;발키리 왕실참의회;;;;;;;;;;;;;x
FIN_theocracy;발키리 교회연합국;;;;;;;;;;;;;x
FIN_trade_unions_congress;발키리 노동조합연맹;;;;;;;;;;;;;x
FIU_absolute_monarchy;캘시 공국;;;;;;;;;;;;;x
FIU_absolute_monarchy2;캘시 세습공국;;;;;;;;;;;;;x
FIU_colonial_company;캘시 특허회사령;;;;;;;;;;;;;x
FIU_democracy2;캘시 의회공화국;;;;;;;;;;;;;x
FIU_dominion;캘시 자치령;;;;;;;;;;;;;x
FIU_dominion2;캘시 자치연방;;;;;;;;;;;;;x
FIU_dominion3;캘시 왕실속령;;;;;;;;;;;;;x
FIU_hms_government;캘시 입헌공국;;;;;;;;;;;;;x
FIU_hms_government2;캘시 의회내각;;;;;;;;;;;;;x
FIU_prussian_constitutionalism;캘시 왕실원로원;;;;;;;;;;;;;x
FIU_prussian_constitutionalism2;캘시 왕실참의회;;;;;;;;;;;;;x
FIU_theocracy;캘시 주교령;;;;;;;;;;;;;x
FIU_trade_unions_congress;캘시 직능조합연맹;;;;;;;;;;;;;x
FJN_absolute_monarchy;야쿠시 사야 황조;;;;;;;;;;;;;x
FJN_absolute_monarchy2;야쿠시 사야 황실조정;;;;;;;;;;;;;x
FJN_colonial_company;야쿠시 사야 조계지;;;;;;;;;;;;;x
FJN_democracy;야쿠시 사야 민국;;;;;;;;;;;;;x
FJN_democracy2;야쿠시 사야 연성공화국;;;;;;;;;;;;;x
FJN_dominion;야쿠시 사야 자치성;;;;;;;;;;;;;x
FJN_dominion2;야쿠시 사야 연성정부;;;;;;;;;;;;;x
FJN_dominion3;야쿠시 사야 번부;;;;;;;;;;;;;x
FJN_hms_government;야쿠시 사야 책임내각;;;;;;;;;;;;;x
FJN_hms_government2;야쿠시 사야 의회내각;;;;;;;;;;;;;x
FJN_prussian_constitutionalism;야쿠시 사야 자정원;;;;;;;;;;;;;x
FJN_prussian_constitutionalism2;야쿠시 사야 참정원;;;;;;;;;;;;;x
FJN_theocracy;야쿠시 사야 승가국;;;;;;;;;;;;;x
FJN_trade_unions_congress;야쿠시 사야 총공회;;;;;;;;;;;;;x
FLA_absolute_monarchy;모나 왕국;;;;;;;;;;;;;x
FLA_absolute_monarchy2;모나 세습왕국;;;;;;;;;;;;;x
FLA_democracy;모나 연합공화국;;;;;;;;;;;;;x
FLA_democracy2;모나 의회공화국;;;;;;;;;;;;;x
FLA_dominion;모나 자치령;;;;;;;;;;;;;x
FLA_dominion2;모나 자치연방;;;;;;;;;;;;;x
FLA_dominion3;모나 왕실속령;;;;;;;;;;;;;x
FLA_hms_government;모나 입헌왕국;;;;;;;;;;;;;x
FLA_hms_government2;모나 의회내각;;;;;;;;;;;;;x
FLA_prussian_constitutionalism;모나 귀족의회;;;;;;;;;;;;;x
FLA_prussian_constitutionalism2;모나 왕실참의회;;;;;;;;;;;;;x
FLA_theocracy;모나 주교령;;;;;;;;;;;;;x
FLA_trade_unions_congress;모나 노동조합연맹;;;;;;;;;;;;;x
FRI_absolute_monarchy;유라 왕국;;;;;;;;;;;;;x
FRI_absolute_monarchy2;유라 세습왕국;;;;;;;;;;;;;x
FRI_colonial_company;유라 특허회사령;;;;;;;;;;;;;x
FRI_democracy;유라 연합공화국;;;;;;;;;;;;;x
FRI_democracy2;유라 의회공화국;;;;;;;;;;;;;x
FRI_dominion;유라 자치령;;;;;;;;;;;;;x
FRI_dominion2;유라 자치연방;;;;;;;;;;;;;x
FRI_dominion3;유라 왕실속령;;;;;;;;;;;;;x
FRI_hms_government;유라 입헌왕국;;;;;;;;;;;;;x
FRI_hms_government2;유라 의회내각;;;;;;;;;;;;;x
FRI_prussian_constitutionalism;유라 귀족의회;;;;;;;;;;;;;x
FRI_prussian_constitutionalism2;유라 왕실참의회;;;;;;;;;;;;;x
FRI_theocracy;유라 교회연합국;;;;;;;;;;;;;x
FRI_trade_unions_congress;유라 노동조합연맹;;;;;;;;;;;;;x
FRM_absolute_monarchy2;아코 세습공국;;;;;;;;;;;;;x
FRM_democracy2;아코 도시공화국;;;;;;;;;;;;;x
FRM_dominion2;아코 자치연방;;;;;;;;;;;;;x
FRM_dominion3;아코 왕실직할령;;;;;;;;;;;;;x
FRM_hms_government2;아코 영방내각;;;;;;;;;;;;;x
FRM_prussian_constitutionalism2;아코 제후회의;;;;;;;;;;;;;x
FRM_theocracy;아코 교회연합국;;;;;;;;;;;;;x
FRM_trade_unions_congress;아코 노동자평의회;;;;;;;;;;;;;x
FRO_absolute_monarchy;키리노 왕국;;;;;;;;;;;;;x
FRO_absolute_monarchy2;키리노 세습왕국;;;;;;;;;;;;;x
FRO_colonial_company;키리노 특허회사령;;;;;;;;;;;;;x
FRO_democracy;키리노 공화국;;;;;;;;;;;;;x
FRO_democracy2;키리노 의회공화국;;;;;;;;;;;;;x
FRO_dominion;키리노 자치령;;;;;;;;;;;;;x
FRO_dominion2;키리노 자치연방;;;;;;;;;;;;;x
FRO_dominion3;키리노 왕실속령;;;;;;;;;;;;;x
FRO_hms_government;키리노 입헌왕국;;;;;;;;;;;;;x
FRO_hms_government2;키리노 의회내각;;;;;;;;;;;;;x
FRO_prussian_constitutionalism;키리노 국왕참사회;;;;;;;;;;;;;x
FRO_prussian_constitutionalism2;키리노 왕실참의회;;;;;;;;;;;;;x
FRO_theocracy;키리노 교회연합국;;;;;;;;;;;;;x
FRO_trade_unions_congress;키리노 노동조합연맹;;;;;;;;;;;;;x
FSA_absolute_monarchy2;히마리 세습제국;;;;;;;;;;;;;x
FSA_colonial_company;히마리 특허회사령;;;;;;;;;;;;;x
FSA_democracy;히마리 연방공화국;;;;;;;;;;;;;x
FSA_democracy2;히마리 의회공화국;;;;;;;;;;;;;x
FSA_dominion;히마리 자치령;;;;;;;;;;;;;x
FSA_dominion2;히마리 자치연방;;;;;;;;;;;;;x
FSA_dominion3;히마리 왕실속령;;;;;;;;;;;;;x
FSA_hms_government;히마리 입헌제국;;;;;;;;;;;;;x
FSA_hms_government2;히마리 의회내각;;;;;;;;;;;;;x
FSA_prussian_constitutionalism2;히마리 왕실참의회;;;;;;;;;;;;;x
FSA_theocracy;히마리 교회연합국;;;;;;;;;;;;;x
FSA_trade_unions_congress;히마리 산업노동조합연맹;;;;;;;;;;;;;x
GAB_absolute_monarchy;가봉 왕국;;;;;;;;;;;;;x
GAB_absolute_monarchy2;가봉 세습왕국;;;;;;;;;;;;;x
GAB_colonial_company;가봉 특허회사령;;;;;;;;;;;;;x
GAB_democracy;가봉 공화국;;;;;;;;;;;;;x
GAB_democracy2;가봉 의회공화국;;;;;;;;;;;;;x
GAB_dominion;가봉 보호국;;;;;;;;;;;;;x
GAB_dominion2;가봉 자치국연합;;;;;;;;;;;;;x
GAB_dominion3;가봉 왕실보호령;;;;;;;;;;;;;x
GAB_hms_government;가봉 입헌왕국;;;;;;;;;;;;;x
GAB_hms_government2;가봉 의회내각;;;;;;;;;;;;;x
GAB_prussian_constitutionalism;가봉 왕실원로회;;;;;;;;;;;;;x
GAB_prussian_constitutionalism2;가봉 추장원로회;;;;;;;;;;;;;x
GAB_theocracy;가봉 주교령;;;;;;;;;;;;;x
GAB_trade_unions_congress;가봉 노동조합연맹;;;;;;;;;;;;;x
GAZ_absolute_monarchy2;가자 세습제국;;;;;;;;;;;;;x
GAZ_colonial_company;가자 특허회사령;;;;;;;;;;;;;x
GAZ_democracy;가자 공화국;;;;;;;;;;;;;x
GAZ_democracy2;가자 의회공화국;;;;;;;;;;;;;x
GAZ_dominion;가자 보호국;;;;;;;;;;;;;x
GAZ_dominion2;가자 자치국연합;;;;;;;;;;;;;x
GAZ_dominion3;가자 왕실보호령;;;;;;;;;;;;;x
GAZ_hms_government;가자 입헌제국;;;;;;;;;;;;;x
GAZ_hms_government2;가자 의회내각;;;;;;;;;;;;;x
GAZ_prussian_constitutionalism;가자 왕실원로회;;;;;;;;;;;;;x
GAZ_prussian_constitutionalism2;가자 추장원로회;;;;;;;;;;;;;x
GAZ_theocracy;가자 제사장국;;;;;;;;;;;;;x
GAZ_trade_unions_congress;가자 노동조합연맹;;;;;;;;;;;;;x
GBU_absolute_monarchy2;카부 세습제국;;;;;;;;;;;;;x
GBU_colonial_company;카부 특허회사령;;;;;;;;;;;;;x
GBU_democracy2;카부 의회공화국;;;;;;;;;;;;;x
GBU_dominion;카부 보호국;;;;;;;;;;;;;x
GBU_dominion2;카부 자치국연합;;;;;;;;;;;;;x
GBU_dominion3;카부 왕실보호령;;;;;;;;;;;;;x
GBU_hms_government;카부 입헌제국;;;;;;;;;;;;;x
GBU_hms_government2;카부 의회내각;;;;;;;;;;;;;x
GBU_prussian_constitutionalism;카부 왕실원로회;;;;;;;;;;;;;x
GBU_prussian_constitutionalism2;카부 추장원로회;;;;;;;;;;;;;x
GBU_theocracy;카부 제사장국;;;;;;;;;;;;;x
GBU_trade_unions_congress;카부 노동조합연맹;;;;;;;;;;;;;x
GCF_absolute_monarchy2;준코 세습공국;;;;;;;;;;;;;x
GCF_colonial_company;준코 특허회사령;;;;;;;;;;;;;x
GCF_democracy;준코 자유국;;;;;;;;;;;;;x
GCF_democracy2;준코 도시공화국;;;;;;;;;;;;;x
GCF_dominion;준코 자치령;;;;;;;;;;;;;x
GCF_dominion2;준코 자치연방;;;;;;;;;;;;;x
GCF_dominion3;준코 왕실직할령;;;;;;;;;;;;;x
GCF_hms_government2;준코 영방내각;;;;;;;;;;;;;x
GCF_prussian_constitutionalism2;준코 제후회의;;;;;;;;;;;;;x
GCF_theocracy;준코 주교령;;;;;;;;;;;;;x
GCF_trade_unions_congress;준코 노동자평의회;;;;;;;;;;;;;x
GCO_absolute_monarchy2;로사리타 시스네로스 세습왕국;;;;;;;;;;;;;x
GCO_democracy;로사리타 시스네로스 공화국;;;;;;;;;;;;;x
GCO_democracy2;로사리타 시스네로스 의회공화국;;;;;;;;;;;;;x
GCO_dominion;로사리타 시스네로스 자치령;;;;;;;;;;;;;x
GCO_dominion2;로사리타 시스네로스 자치연방;;;;;;;;;;;;;x
GCO_dominion3;로사리타 시스네로스 왕실속령;;;;;;;;;;;;;x
GCO_hms_government2;로사리타 시스네로스 의회내각;;;;;;;;;;;;;x
GCO_prussian_constitutionalism2;로사리타 시스네로스 왕실참의회;;;;;;;;;;;;;x
GCO_theocracy;로사리타 시스네로스 주교령;;;;;;;;;;;;;x
GCO_trade_unions_congress;로사리타 시스네로스 노동자총연맹;;;;;;;;;;;;;x
GDL_absolute_monarchy;잔 다르크 왕국;;;;;;;;;;;;;x
GDL_absolute_monarchy2;잔 다르크 세습왕국;;;;;;;;;;;;;x
GDL_colonial_company;잔 다르크 특허회사령;;;;;;;;;;;;;x
GDL_democracy;잔 다르크 공화국;;;;;;;;;;;;;x
GDL_democracy2;잔 다르크 의회공화국;;;;;;;;;;;;;x
GDL_dominion;잔 다르크 자치령;;;;;;;;;;;;;x
GDL_dominion2;잔 다르크 자치연방;;;;;;;;;;;;;x
GDL_dominion3;잔 다르크 왕실속령;;;;;;;;;;;;;x
GDL_hms_government;잔 다르크 입헌왕국;;;;;;;;;;;;;x
GDL_hms_government2;잔 다르크 의회내각;;;;;;;;;;;;;x
GDL_prussian_constitutionalism;잔 다르크 왕실평의회;;;;;;;;;;;;;x
GDL_prussian_constitutionalism2;잔 다르크 왕실참의회;;;;;;;;;;;;;x
GDL_theocracy;잔 다르크 주교령;;;;;;;;;;;;;x
GDL_trade_unions_congress;잔 다르크 노동자총연맹;;;;;;;;;;;;;x
GEL_absolute_monarchy;겔레디 술탄국;;;;;;;;;;;;;x
GEL_absolute_monarchy2;겔레디 세습술탄국;;;;;;;;;;;;;x
GEL_colonial_company;겔레디 통상회사령;;;;;;;;;;;;;x
GEL_democracy;겔레디 공화국;;;;;;;;;;;;;x
GEL_democracy2;겔레디 의회공화국;;;;;;;;;;;;;x
GEL_dominion;겔레디 자치령;;;;;;;;;;;;;x
GEL_dominion2;겔레디 자치연방;;;;;;;;;;;;;x
GEL_dominion3;겔레디 보호토후령;;;;;;;;;;;;;x
GEL_hms_government;겔레디 입헌술탄국;;;;;;;;;;;;;x
GEL_hms_government2;겔레디 의회내각;;;;;;;;;;;;;x
GEL_prussian_constitutionalism;겔레디 술탄참사회;;;;;;;;;;;;;x
GEL_prussian_constitutionalism2;겔레디 귀족협의회;;;;;;;;;;;;;x
GEL_theocracy;겔레디 이맘국;;;;;;;;;;;;;x
GEL_trade_unions_congress;겔레디 노동조합연맹;;;;;;;;;;;;;x
GEN_absolute_monarchy2;헨리에타 세습공국;;;;;;;;;;;;;x
GEN_colonial_company;헨리에타 특허회사령;;;;;;;;;;;;;x
GEN_democracy2;헨리에타 의회공화국;;;;;;;;;;;;;x
GEN_dominion;헨리에타 자치령;;;;;;;;;;;;;x
GEN_dominion2;헨리에타 자치연방;;;;;;;;;;;;;x
GEN_dominion3;헨리에타 왕실속령;;;;;;;;;;;;;x
GEN_hms_government2;헨리에타 의회내각;;;;;;;;;;;;;x
GEN_prussian_constitutionalism2;헨리에타 왕실참의회;;;;;;;;;;;;;x
GEN_theocracy;헨리에타 주교령;;;;;;;;;;;;;x
GEN_trade_unions_congress;헨리에타 직능조합연맹;;;;;;;;;;;;;x
GEO_absolute_monarchy2;도리 세습왕국;;;;;;;;;;;;;x
GEO_colonial_company;도리 특허회사령;;;;;;;;;;;;;x
GEO_democracy2;도리 의회공화국;;;;;;;;;;;;;x
GEO_dominion;도리 자치령;;;;;;;;;;;;;x
GEO_dominion2;도리 자치연방;;;;;;;;;;;;;x
GEO_dominion3;도리 왕실속령;;;;;;;;;;;;;x
GEO_hms_government2;도리 의회내각;;;;;;;;;;;;;x
GEO_prussian_constitutionalism2;도리 왕실참의회;;;;;;;;;;;;;x
GEO_theocracy;도리 총대주교령;;;;;;;;;;;;;x
GEO_trade_unions_congress;도리 노동조합연맹;;;;;;;;;;;;;x
GHN_absolute_monarchy;가나 왕국;;;;;;;;;;;;;x
GHN_absolute_monarchy2;가나 세습왕국;;;;;;;;;;;;;x
GHN_colonial_company;가나 특허회사령;;;;;;;;;;;;;x
GHN_democracy;가나 공화국;;;;;;;;;;;;;x
GHN_democracy2;가나 의회공화국;;;;;;;;;;;;;x
GHN_dominion;가나 보호국;;;;;;;;;;;;;x
GHN_dominion2;가나 자치국연합;;;;;;;;;;;;;x
GHN_dominion3;가나 왕실보호령;;;;;;;;;;;;;x
GHN_hms_government;가나 입헌왕국;;;;;;;;;;;;;x
GHN_hms_government2;가나 의회내각;;;;;;;;;;;;;x
GHN_prussian_constitutionalism;가나 왕실원로회;;;;;;;;;;;;;x
GHN_prussian_constitutionalism2;가나 추장원로회;;;;;;;;;;;;;x
GHN_theocracy;가나 제사장국;;;;;;;;;;;;;x
GHN_trade_unions_congress;가나 노동조합연맹;;;;;;;;;;;;;x
GIL_absolute_monarchy;티아마트 토후국;;;;;;;;;;;;;x
GIL_absolute_monarchy2;티아마트 세습토후국;;;;;;;;;;;;;x
GIL_colonial_company;티아마트 통상회사령;;;;;;;;;;;;;x
GIL_democracy;티아마트 공화국;;;;;;;;;;;;;x
GIL_democracy2;티아마트 의회공화국;;;;;;;;;;;;;x
GIL_dominion;티아마트 자치령;;;;;;;;;;;;;x
GIL_dominion2;티아마트 자치연방;;;;;;;;;;;;;x
GIL_dominion3;티아마트 보호토후령;;;;;;;;;;;;;x
GIL_hms_government;티아마트 입헌토후국;;;;;;;;;;;;;x
GIL_hms_government2;티아마트 의회내각;;;;;;;;;;;;;x
GIL_prussian_constitutionalism;티아마트 지르가;;;;;;;;;;;;;x
GIL_prussian_constitutionalism2;티아마트 귀족협의회;;;;;;;;;;;;;x
GIL_theocracy;티아마트 승가국;;;;;;;;;;;;;x
GIL_trade_unions_congress;티아마트 노동자평의회;;;;;;;;;;;;;x
GIZ_absolute_monarchy;미나 황조;;;;;;;;;;;;;x
GIZ_absolute_monarchy2;미나 황실조정;;;;;;;;;;;;;x
GIZ_colonial_company;미나 조계지;;;;;;;;;;;;;x
GIZ_democracy;미나 민국;;;;;;;;;;;;;x
GIZ_democracy2;미나 연성공화국;;;;;;;;;;;;;x
GIZ_dominion;미나 자치성;;;;;;;;;;;;;x
GIZ_dominion2;미나 연성정부;;;;;;;;;;;;;x
GIZ_dominion3;미나 번부;;;;;;;;;;;;;x
GIZ_hms_government;미나 책임내각;;;;;;;;;;;;;x
GIZ_hms_government2;미나 의회내각;;;;;;;;;;;;;x
GIZ_prussian_constitutionalism;미나 자정원;;;;;;;;;;;;;x
GIZ_prussian_constitutionalism2;미나 참정원;;;;;;;;;;;;;x
GIZ_theocracy;미나 승가국;;;;;;;;;;;;;x
GIZ_trade_unions_congress;미나 총공회;;;;;;;;;;;;;x
GLC_absolute_monarchy;오니츠카 나츠미 왕국;;;;;;;;;;;;;x
GLC_absolute_monarchy2;오니츠카 나츠미 세습왕국;;;;;;;;;;;;;x
GLC_colonial_company;오니츠카 나츠미 특허회사령;;;;;;;;;;;;;x
GLC_democracy;오니츠카 나츠미 공화국;;;;;;;;;;;;;x
GLC_democracy2;오니츠카 나츠미 의회공화국;;;;;;;;;;;;;x
GLC_dominion;오니츠카 나츠미 자치령;;;;;;;;;;;;;x
GLC_dominion2;오니츠카 나츠미 자치연방;;;;;;;;;;;;;x
GLC_dominion3;오니츠카 나츠미 왕실속령;;;;;;;;;;;;;x
GLC_hms_government;오니츠카 나츠미 입헌왕국;;;;;;;;;;;;;x
GLC_hms_government2;오니츠카 나츠미 의회내각;;;;;;;;;;;;;x
GLC_prussian_constitutionalism;오니츠카 나츠미 코르테스;;;;;;;;;;;;;x
GLC_prussian_constitutionalism2;오니츠카 나츠미 왕실참의회;;;;;;;;;;;;;x
GLC_theocracy;오니츠카 나츠미 주교령;;;;;;;;;;;;;x
GLC_trade_unions_congress;오니츠카 나츠미 노동조합연합;;;;;;;;;;;;;x
GLM_absolute_monarchy;소베츠카야 로시야 왕국;;;;;;;;;;;;;x
GLM_absolute_monarchy2;소베츠카야 로시야 세습왕국;;;;;;;;;;;;;x
GLM_colonial_company;소베츠카야 로시야 특허회사령;;;;;;;;;;;;;x
GLM_democracy;소베츠카야 로시야 공화국;;;;;;;;;;;;;x
GLM_democracy2;소베츠카야 로시야 의회공화국;;;;;;;;;;;;;x
GLM_dominion;소베츠카야 로시야 자치령;;;;;;;;;;;;;x
GLM_dominion2;소베츠카야 로시야 자치연방;;;;;;;;;;;;;x
GLM_dominion3;소베츠카야 로시야 왕실속령;;;;;;;;;;;;;x
GLM_hms_government;소베츠카야 로시야 입헌왕국;;;;;;;;;;;;;x
GLM_hms_government2;소베츠카야 로시야 의회내각;;;;;;;;;;;;;x
GLM_prussian_constitutionalism;소베츠카야 로시야 셰임;;;;;;;;;;;;;x
GLM_prussian_constitutionalism2;소베츠카야 로시야 왕실참의회;;;;;;;;;;;;;x
GLM_theocracy;소베츠카야 로시야 주교령;;;;;;;;;;;;;x
GLM_trade_unions_congress;소베츠카야 로시야 노동자평의회;;;;;;;;;;;;;x
GLN_absolute_monarchy;샤이닝 샤국;;;;;;;;;;;;;x
GLN_absolute_monarchy2;샤이닝 세습샤국;;;;;;;;;;;;;x
GLN_colonial_company;샤이닝 통상회사령;;;;;;;;;;;;;x
GLN_democracy;샤이닝 공화국;;;;;;;;;;;;;x
GLN_democracy2;샤이닝 의회공화국;;;;;;;;;;;;;x
GLN_dominion;샤이닝 자치령;;;;;;;;;;;;;x
GLN_dominion2;샤이닝 자치연방;;;;;;;;;;;;;x
GLN_dominion3;샤이닝 보호토후령;;;;;;;;;;;;;x
GLN_hms_government;샤이닝 입헌샤국;;;;;;;;;;;;;x
GLN_hms_government2;샤이닝 의회내각;;;;;;;;;;;;;x
GLN_prussian_constitutionalism;샤이닝 마즐리스;;;;;;;;;;;;;x
GLN_prussian_constitutionalism2;샤이닝 귀족협의회;;;;;;;;;;;;;x
GLN_theocracy;샤이닝 이맘국;;;;;;;;;;;;;x
GLN_trade_unions_congress;샤이닝 노동조합연맹;;;;;;;;;;;;;x
GMB_absolute_monarchy;감비아 왕국;;;;;;;;;;;;;x
GMB_absolute_monarchy2;감비아 세습왕국;;;;;;;;;;;;;x
GMB_colonial_company;감비아 특허회사령;;;;;;;;;;;;;x
GMB_democracy;감비아 공화국;;;;;;;;;;;;;x
GMB_democracy2;감비아 의회공화국;;;;;;;;;;;;;x
GMB_dominion;감비아 보호국;;;;;;;;;;;;;x
GMB_dominion2;감비아 자치국연합;;;;;;;;;;;;;x
GMB_dominion3;감비아 왕실보호령;;;;;;;;;;;;;x
GMB_hms_government;감비아 입헌왕국;;;;;;;;;;;;;x
GMB_hms_government2;감비아 의회내각;;;;;;;;;;;;;x
GMB_prussian_constitutionalism;감비아 왕실원로회;;;;;;;;;;;;;x
GMB_prussian_constitutionalism2;감비아 추장원로회;;;;;;;;;;;;;x
GMB_theocracy;감비아 교회연합국;;;;;;;;;;;;;x
GMB_trade_unions_congress;감비아 노동조합연맹;;;;;;;;;;;;;x
GMJ_absolute_monarchy;유리 자하드 황조;;;;;;;;;;;;;x
GMJ_absolute_monarchy2;유리 자하드 황실조정;;;;;;;;;;;;;x
GMJ_colonial_company;유리 자하드 조계지;;;;;;;;;;;;;x
GMJ_democracy;유리 자하드 민국;;;;;;;;;;;;;x
GMJ_democracy2;유리 자하드 연성공화국;;;;;;;;;;;;;x
GMJ_dominion;유리 자하드 자치성;;;;;;;;;;;;;x
GMJ_dominion2;유리 자하드 연성정부;;;;;;;;;;;;;x
GMJ_dominion3;유리 자하드 번부;;;;;;;;;;;;;x
GMJ_hms_government;유리 자하드 책임내각;;;;;;;;;;;;;x
GMJ_hms_government2;유리 자하드 의회내각;;;;;;;;;;;;;x
GMJ_prussian_constitutionalism;유리 자하드 자정원;;;;;;;;;;;;;x
GMJ_prussian_constitutionalism2;유리 자하드 참정원;;;;;;;;;;;;;x
GMJ_theocracy;유리 자하드 교회연합국;;;;;;;;;;;;;x
GMJ_trade_unions_congress;유리 자하드 총공회;;;;;;;;;;;;;x
GNE_absolute_monarchy;기니 술탄국;;;;;;;;;;;;;x
GNE_absolute_monarchy2;기니 세습술탄국;;;;;;;;;;;;;x
GNE_colonial_company;기니 통상회사령;;;;;;;;;;;;;x
GNE_democracy;기니 공화국;;;;;;;;;;;;;x
GNE_democracy2;기니 의회공화국;;;;;;;;;;;;;x
GNE_dominion;기니 자치령;;;;;;;;;;;;;x
GNE_dominion2;기니 자치연방;;;;;;;;;;;;;x
GNE_dominion3;기니 보호토후령;;;;;;;;;;;;;x
GNE_hms_government;기니 입헌술탄국;;;;;;;;;;;;;x
GNE_hms_government2;기니 의회내각;;;;;;;;;;;;;x
GNE_prussian_constitutionalism;기니 디완;;;;;;;;;;;;;x
GNE_prussian_constitutionalism2;기니 귀족협의회;;;;;;;;;;;;;x
GNE_theocracy;기니 이맘국;;;;;;;;;;;;;x
GNE_trade_unions_congress;기니 노동조합총연맹;;;;;;;;;;;;;x
GNG_absolute_monarchy;화련 황조;;;;;;;;;;;;;x
GNG_absolute_monarchy2;화련 황실조정;;;;;;;;;;;;;x
GNG_colonial_company;화련 조계지;;;;;;;;;;;;;x
GNG_democracy;화련 민국;;;;;;;;;;;;;x
GNG_democracy2;화련 연성공화국;;;;;;;;;;;;;x
GNG_dominion;화련 자치성;;;;;;;;;;;;;x
GNG_dominion2;화련 연성정부;;;;;;;;;;;;;x
GNG_dominion3;화련 번부;;;;;;;;;;;;;x
GNG_hms_government;화련 책임내각;;;;;;;;;;;;;x
GNG_hms_government2;화련 의회내각;;;;;;;;;;;;;x
GNG_prussian_constitutionalism;화련 자정원;;;;;;;;;;;;;x
GNG_prussian_constitutionalism2;화련 참정원;;;;;;;;;;;;;x
GNG_theocracy;화련 승가국;;;;;;;;;;;;;x
GNG_trade_unions_congress;화련 총공회;;;;;;;;;;;;;x
GON_absolute_monarchy;곤다르 왕국;;;;;;;;;;;;;x
GON_absolute_monarchy2;곤다르 세습왕국;;;;;;;;;;;;;x
GON_colonial_company;곤다르 특허회사령;;;;;;;;;;;;;x
GON_democracy;곤다르 공화국;;;;;;;;;;;;;x
GON_democracy2;곤다르 의회공화국;;;;;;;;;;;;;x
GON_dominion;곤다르 보호국;;;;;;;;;;;;;x
GON_dominion2;곤다르 자치국연합;;;;;;;;;;;;;x
GON_dominion3;곤다르 왕실보호령;;;;;;;;;;;;;x
GON_hms_government;곤다르 입헌왕국;;;;;;;;;;;;;x
GON_hms_government2;곤다르 의회내각;;;;;;;;;;;;;x
GON_prussian_constitutionalism;곤다르 왕실귀족회의;;;;;;;;;;;;;x
GON_prussian_constitutionalism2;곤다르 왕실대의회;;;;;;;;;;;;;x
GON_theocracy;곤다르 총대주교령;;;;;;;;;;;;;x
GON_trade_unions_congress;곤다르 노동조합연맹;;;;;;;;;;;;;x
GPR_absolute_monarchy;르 말랭 제국;;;;;;;;;;;;;x
GPR_absolute_monarchy2;르 말랭 세습제국;;;;;;;;;;;;;x
GPR_colonial_company;르 말랭 특허회사령;;;;;;;;;;;;;x
GPR_dominion;르 말랭 자치령;;;;;;;;;;;;;x
GPR_dominion2;르 말랭 자치연방;;;;;;;;;;;;;x
GPR_dominion3;르 말랭 왕실속령;;;;;;;;;;;;;x
GPR_prussian_constitutionalism;르 말랭 제국국무원;;;;;;;;;;;;;x
GPR_prussian_constitutionalism2;르 말랭 왕실참의회;;;;;;;;;;;;;x
GPR_theocracy;르 말랭 주교령;;;;;;;;;;;;;x
GPR_trade_unions_congress;르 말랭 노동자총연맹;;;;;;;;;;;;;x
GRE_absolute_monarchy;안젤리나 왕국;;;;;;;;;;;;;x
GRE_absolute_monarchy2;안젤리나 세습왕국;;;;;;;;;;;;;x
GRE_colonial_company;안젤리나 특허회사령;;;;;;;;;;;;;x
GRE_democracy;안젤리나 공화국;;;;;;;;;;;;;x
GRE_democracy2;안젤리나 의회공화국;;;;;;;;;;;;;x
GRE_dominion;안젤리나 자치령;;;;;;;;;;;;;x
GRE_dominion2;안젤리나 자치연방;;;;;;;;;;;;;x
GRE_dominion3;안젤리나 왕실속령;;;;;;;;;;;;;x
GRE_hms_government;안젤리나 입헌왕국;;;;;;;;;;;;;x
GRE_hms_government2;안젤리나 의회내각;;;;;;;;;;;;;x
GRE_prussian_constitutionalism;안젤리나 왕실평의회;;;;;;;;;;;;;x
GRE_prussian_constitutionalism2;안젤리나 왕실참의회;;;;;;;;;;;;;x
GRE_theocracy;안젤리나 총대주교령;;;;;;;;;;;;;x
GRE_trade_unions_congress;안젤리나 노동조합연맹;;;;;;;;;;;;;x
GRH_absolute_monarchy;데겐브레허 라자국;;;;;;;;;;;;;x
GRH_absolute_monarchy2;데겐브레허 세습라자국;;;;;;;;;;;;;x
GRH_colonial_company;데겐브레허 동인도회사령;;;;;;;;;;;;;x
GRH_democracy;데겐브레허 공화국;;;;;;;;;;;;;x
GRH_democracy2;데겐브레허 의회공화국;;;;;;;;;;;;;x
GRH_dominion;데겐브레허 번왕령;;;;;;;;;;;;;x
GRH_dominion2;데겐브레허 번왕연합;;;;;;;;;;;;;x
GRH_dominion3;데겐브레허 왕실직할령;;;;;;;;;;;;;x
GRH_hms_government;데겐브레허 입헌라자국;;;;;;;;;;;;;x
GRH_hms_government2;데겐브레허 의회내각;;;;;;;;;;;;;x
GRH_prussian_constitutionalism;데겐브레허 다르바르;;;;;;;;;;;;;x
GRH_prussian_constitutionalism2;데겐브레허 제후회의;;;;;;;;;;;;;x
GRH_theocracy;데겐브레허 승가국;;;;;;;;;;;;;x
GRH_trade_unions_congress;데겐브레허 노동조합총연맹;;;;;;;;;;;;;x
GRN_absolute_monarchy2;우타하 세습왕국;;;;;;;;;;;;;x
GRN_democracy2;우타하 의회공화국;;;;;;;;;;;;;x
GRN_dominion2;우타하 자치연방;;;;;;;;;;;;;x
GRN_dominion3;우타하 왕실속령;;;;;;;;;;;;;x
GRN_hms_government2;우타하 의회내각;;;;;;;;;;;;;x
GRN_prussian_constitutionalism2;우타하 왕실참의회;;;;;;;;;;;;;x
GRN_theocracy;우타하 교회연합국;;;;;;;;;;;;;x
GRN_trade_unions_congress;우타하 노동조합연맹;;;;;;;;;;;;;x
GUA_absolute_monarchy;우타 왕국;;;;;;;;;;;;;x
GUA_absolute_monarchy2;우타 세습왕국;;;;;;;;;;;;;x
GUA_democracy2;우타 의회공화국;;;;;;;;;;;;;x
GUA_dominion;우타 자치령;;;;;;;;;;;;;x
GUA_dominion2;우타 자치연방;;;;;;;;;;;;;x
GUA_dominion3;우타 왕실속령;;;;;;;;;;;;;x
GUA_hms_government;우타 입헌왕국;;;;;;;;;;;;;x
GUA_hms_government2;우타 의회내각;;;;;;;;;;;;;x
GUA_prussian_constitutionalism;우타 왕실평의회;;;;;;;;;;;;;x
GUA_prussian_constitutionalism2;우타 왕실참의회;;;;;;;;;;;;;x
GUA_theocracy;우타 주교령;;;;;;;;;;;;;x
GUA_trade_unions_congress;우타 노동자총연맹;;;;;;;;;;;;;x
GUY_absolute_monarchy;큰수달 왕국;;;;;;;;;;;;;x
GUY_absolute_monarchy2;큰수달 세습왕국;;;;;;;;;;;;;x
GUY_colonial_company;큰수달 특허회사령;;;;;;;;;;;;;x
GUY_democracy;큰수달 공화국;;;;;;;;;;;;;x
GUY_democracy2;큰수달 의회공화국;;;;;;;;;;;;;x
GUY_dominion;큰수달 자치령;;;;;;;;;;;;;x
GUY_dominion2;큰수달 자치연방;;;;;;;;;;;;;x
GUY_dominion3;큰수달 왕실속령;;;;;;;;;;;;;x
GUY_hms_government;큰수달 입헌왕국;;;;;;;;;;;;;x
GUY_hms_government2;큰수달 의회내각;;;;;;;;;;;;;x
GUY_prussian_constitutionalism;큰수달 왕실평의회;;;;;;;;;;;;;x
GUY_prussian_constitutionalism2;큰수달 왕실참의회;;;;;;;;;;;;;x
GUY_theocracy;큰수달 교회연합국;;;;;;;;;;;;;x
GUY_trade_unions_congress;큰수달 노동자총연맹;;;;;;;;;;;;;x
GWA_absolute_monarchy;팔라스 라자국;;;;;;;;;;;;;x
GWA_absolute_monarchy2;팔라스 세습라자국;;;;;;;;;;;;;x
GWA_colonial_company;팔라스 동인도회사령;;;;;;;;;;;;;x
GWA_democracy;팔라스 공화국;;;;;;;;;;;;;x
GWA_democracy2;팔라스 의회공화국;;;;;;;;;;;;;x
GWA_dominion;팔라스 번왕령;;;;;;;;;;;;;x
GWA_dominion2;팔라스 번왕연합;;;;;;;;;;;;;x
GWA_dominion3;팔라스 왕실직할령;;;;;;;;;;;;;x
GWA_hms_government;팔라스 입헌라자국;;;;;;;;;;;;;x
GWA_hms_government2;팔라스 의회내각;;;;;;;;;;;;;x
GWA_prussian_constitutionalism;팔라스 다르바르;;;;;;;;;;;;;x
GWA_prussian_constitutionalism2;팔라스 제후회의;;;;;;;;;;;;;x
GWA_theocracy;팔라스 사원연합국;;;;;;;;;;;;;x
GWA_trade_unions_congress;팔라스 노동조합총연맹;;;;;;;;;;;;;x
GXI_absolute_monarchy;감우 황조;;;;;;;;;;;;;x
GXI_absolute_monarchy2;감우 황실조정;;;;;;;;;;;;;x
GXI_colonial_company;감우 조계지;;;;;;;;;;;;;x
GXI_democracy;감우 민국;;;;;;;;;;;;;x
GXI_democracy2;감우 연성공화국;;;;;;;;;;;;;x
GXI_dominion;감우 자치성;;;;;;;;;;;;;x
GXI_dominion2;감우 연성정부;;;;;;;;;;;;;x
GXI_dominion3;감우 번부;;;;;;;;;;;;;x
GXI_hms_government;감우 책임내각;;;;;;;;;;;;;x
GXI_hms_government2;감우 의회내각;;;;;;;;;;;;;x
GXI_prussian_constitutionalism;감우 자정원;;;;;;;;;;;;;x
GXI_prussian_constitutionalism2;감우 참정원;;;;;;;;;;;;;x
GXI_theocracy;감우 승가국;;;;;;;;;;;;;x
GXI_trade_unions_congress;감우 총공회;;;;;;;;;;;;;x
HAI_absolute_monarchy2;쿠쿨칸 세습왕국;;;;;;;;;;;;;x
HAI_democracy2;쿠쿨칸 의회공화국;;;;;;;;;;;;;x
HAI_dominion2;쿠쿨칸 자치연방;;;;;;;;;;;;;x
HAI_dominion3;쿠쿨칸 왕실속령;;;;;;;;;;;;;x
HAI_hms_government2;쿠쿨칸 의회내각;;;;;;;;;;;;;x
HAI_prussian_constitutionalism2;쿠쿨칸 왕실참의회;;;;;;;;;;;;;x
HAI_theocracy;쿠쿨칸 주교령;;;;;;;;;;;;;x
HAI_trade_unions_congress;쿠쿨칸 노동자총연맹;;;;;;;;;;;;;x
HAL_absolute_monarchy2;그라니 세습토후국;;;;;;;;;;;;;x
HAL_colonial_company;그라니 통상회사령;;;;;;;;;;;;;x
HAL_democracy;그라니 공화국;;;;;;;;;;;;;x
HAL_democracy2;그라니 의회공화국;;;;;;;;;;;;;x
HAL_dominion;그라니 자치령;;;;;;;;;;;;;x
HAL_dominion2;그라니 자치연방;;;;;;;;;;;;;x
HAL_dominion3;그라니 보호토후령;;;;;;;;;;;;;x
HAL_hms_government2;그라니 의회내각;;;;;;;;;;;;;x
HAL_prussian_constitutionalism2;그라니 귀족협의회;;;;;;;;;;;;;x
HAL_theocracy;그라니 이맘국;;;;;;;;;;;;;x
HAL_trade_unions_congress;그라니 노동조합총연맹;;;;;;;;;;;;;x
HAM_absolute_monarchy2;메구 세습공국;;;;;;;;;;;;;x
HAM_democracy2;메구 도시공화국;;;;;;;;;;;;;x
HAM_dominion2;메구 자치연방;;;;;;;;;;;;;x
HAM_dominion3;메구 왕실직할령;;;;;;;;;;;;;x
HAM_hms_government2;메구 영방내각;;;;;;;;;;;;;x
HAM_prussian_constitutionalism2;메구 제후회의;;;;;;;;;;;;;x
HAM_theocracy;메구 교회연합국;;;;;;;;;;;;;x
HAM_trade_unions_congress;메구 노동자평의회;;;;;;;;;;;;;x
HAN_absolute_monarchy2;카스미 세습왕국;;;;;;;;;;;;;x
HAN_democracy2;카스미 도시공화국;;;;;;;;;;;;;x
HAN_dominion2;카스미 자치연방;;;;;;;;;;;;;x
HAN_dominion3;카스미 왕실직할령;;;;;;;;;;;;;x
HAN_hms_government2;카스미 영방내각;;;;;;;;;;;;;x
HAN_prussian_constitutionalism2;카스미 제후회의;;;;;;;;;;;;;x
HAN_theocracy;카스미 교회연합국;;;;;;;;;;;;;x
HAN_trade_unions_congress;카스미 노동자평의회;;;;;;;;;;;;;x
HAR_absolute_monarchy;스즈란 술탄국;;;;;;;;;;;;;x
HAR_absolute_monarchy2;스즈란 세습술탄국;;;;;;;;;;;;;x
HAR_colonial_company;스즈란 통상회사령;;;;;;;;;;;;;x
HAR_democracy;스즈란 공화국;;;;;;;;;;;;;x
HAR_democracy2;스즈란 의회공화국;;;;;;;;;;;;;x
HAR_dominion;스즈란 자치령;;;;;;;;;;;;;x
HAR_dominion2;스즈란 자치연방;;;;;;;;;;;;;x
HAR_dominion3;스즈란 보호토후령;;;;;;;;;;;;;x
HAR_hms_government;스즈란 입헌술탄국;;;;;;;;;;;;;x
HAR_hms_government2;스즈란 의회내각;;;;;;;;;;;;;x
HAR_prussian_constitutionalism;스즈란 술탄참사회;;;;;;;;;;;;;x
HAR_prussian_constitutionalism2;스즈란 귀족협의회;;;;;;;;;;;;;x
HAR_theocracy;스즈란 이맘국;;;;;;;;;;;;;x
HAR_trade_unions_congress;스즈란 노동조합연맹;;;;;;;;;;;;;x
HAW_absolute_monarchy;가방 왕국;;;;;;;;;;;;;x
HAW_absolute_monarchy2;가방 세습왕국;;;;;;;;;;;;;x
HAW_colonial_company;가방 특허회사령;;;;;;;;;;;;;x
HAW_democracy;가방 공화국;;;;;;;;;;;;;x
HAW_democracy2;가방 의회공화국;;;;;;;;;;;;;x
HAW_dominion;가방 보호국;;;;;;;;;;;;;x
HAW_dominion2;가방 자치국연합;;;;;;;;;;;;;x
HAW_dominion3;가방 왕실보호령;;;;;;;;;;;;;x
HAW_hms_government;가방 입헌왕국;;;;;;;;;;;;;x
HAW_hms_government2;가방 의회내각;;;;;;;;;;;;;x
HAW_prussian_constitutionalism;가방 추장회의;;;;;;;;;;;;;x
HAW_prussian_constitutionalism2;가방 추장원로회;;;;;;;;;;;;;x
HAW_theocracy;가방 교회연합국;;;;;;;;;;;;;x
HAW_trade_unions_congress;가방 노동조합연맹;;;;;;;;;;;;;x
HBY_absolute_monarchy;호비오 술탄국;;;;;;;;;;;;;x
HBY_absolute_monarchy2;호비오 세습술탄국;;;;;;;;;;;;;x
HBY_colonial_company;호비오 통상회사령;;;;;;;;;;;;;x
HBY_democracy;호비오 공화국;;;;;;;;;;;;;x
HBY_democracy2;호비오 의회공화국;;;;;;;;;;;;;x
HBY_dominion;호비오 자치령;;;;;;;;;;;;;x
HBY_dominion2;호비오 자치연방;;;;;;;;;;;;;x
HBY_dominion3;호비오 보호토후령;;;;;;;;;;;;;x
HBY_hms_government;호비오 입헌술탄국;;;;;;;;;;;;;x
HBY_hms_government2;호비오 의회내각;;;;;;;;;;;;;x
HBY_prussian_constitutionalism;호비오 술탄참사회;;;;;;;;;;;;;x
HBY_prussian_constitutionalism2;호비오 귀족협의회;;;;;;;;;;;;;x
HBY_theocracy;호비오 이맘국;;;;;;;;;;;;;x
HBY_trade_unions_congress;호비오 노동조합연맹;;;;;;;;;;;;;x
HDJ_absolute_monarchy2;비그나 세습왕국;;;;;;;;;;;;;x
HDJ_democracy;비그나 공화국;;;;;;;;;;;;;x
HDJ_democracy2;비그나 의회공화국;;;;;;;;;;;;;x
HDJ_dominion2;비그나 자치연방;;;;;;;;;;;;;x
HDJ_dominion3;비그나 보호토후령;;;;;;;;;;;;;x
HDJ_hms_government2;비그나 의회내각;;;;;;;;;;;;;x
HDJ_prussian_constitutionalism2;비그나 귀족협의회;;;;;;;;;;;;;x
HDJ_theocracy;비그나 이맘국;;;;;;;;;;;;;x
HDJ_trade_unions_congress;비그나 노동조합총연맹;;;;;;;;;;;;;x
HDU_absolute_monarchy;위디 라자국;;;;;;;;;;;;;x
HDU_absolute_monarchy2;위디 세습라자국;;;;;;;;;;;;;x
HDU_colonial_company;위디 동인도회사령;;;;;;;;;;;;;x
HDU_democracy;위디 공화국;;;;;;;;;;;;;x
HDU_democracy2;위디 의회공화국;;;;;;;;;;;;;x
HDU_dominion;위디 번왕령;;;;;;;;;;;;;x
HDU_dominion2;위디 번왕연합;;;;;;;;;;;;;x
HDU_dominion3;위디 왕실직할령;;;;;;;;;;;;;x
HDU_hms_government;위디 입헌라자국;;;;;;;;;;;;;x
HDU_hms_government2;위디 의회내각;;;;;;;;;;;;;x
HDU_prussian_constitutionalism;위디 다르바르;;;;;;;;;;;;;x
HDU_prussian_constitutionalism2;위디 제후회의;;;;;;;;;;;;;x
HDU_theocracy;위디 사원연합국;;;;;;;;;;;;;x
HDU_trade_unions_congress;위디 노동조합총연맹;;;;;;;;;;;;;x
HEH_absolute_monarchy2;우르술라 왕조;;;;;;;;;;;;;x
HEH_democracy2;우르술라 도시공화국;;;;;;;;;;;;;x
HEH_dominion2;우르술라 자치연방;;;;;;;;;;;;;x
HEH_dominion3;우르술라 왕실직할령;;;;;;;;;;;;;x
HEH_hms_government2;우르술라 영방내각;;;;;;;;;;;;;x
HEH_prussian_constitutionalism2;우르술라 제후회의;;;;;;;;;;;;;x
HEH_theocracy;우르술라 교회연합국;;;;;;;;;;;;;x
HEH_trade_unions_congress;우르술라 노동자평의회;;;;;;;;;;;;;x
HEK_absolute_monarchy2;치나츠 왕조;;;;;;;;;;;;;x
HEK_democracy2;치나츠 도시공화국;;;;;;;;;;;;;x
HEK_dominion2;치나츠 자치연방;;;;;;;;;;;;;x
HEK_dominion3;치나츠 왕실직할령;;;;;;;;;;;;;x
HEK_hms_government2;치나츠 영방내각;;;;;;;;;;;;;x
HEK_prussian_constitutionalism2;치나츠 제후회의;;;;;;;;;;;;;x
HEK_theocracy;치나츠 교회연합국;;;;;;;;;;;;;x
HEK_trade_unions_congress;치나츠 노동자평의회;;;;;;;;;;;;;x
HES_absolute_monarchy2;이즈미 세습대공국;;;;;;;;;;;;;x
HES_democracy2;이즈미 도시공화국;;;;;;;;;;;;;x
HES_dominion2;이즈미 자치연방;;;;;;;;;;;;;x
HES_dominion3;이즈미 왕실직할령;;;;;;;;;;;;;x
HES_hms_government2;이즈미 영방내각;;;;;;;;;;;;;x
HES_prussian_constitutionalism2;이즈미 제후회의;;;;;;;;;;;;;x
HES_theocracy;이즈미 교회연합국;;;;;;;;;;;;;x
HES_trade_unions_congress;이즈미 노동자평의회;;;;;;;;;;;;;x
HGL_absolute_monarchy;아카리 방백국;;;;;;;;;;;;;x
HGL_absolute_monarchy2;아카리 왕조;;;;;;;;;;;;;x
HGL_colonial_company;아카리 특허회사령;;;;;;;;;;;;;x
HGL_democracy;아카리 자유국;;;;;;;;;;;;;x
HGL_democracy2;아카리 도시공화국;;;;;;;;;;;;;x
HGL_dominion;아카리 자치령;;;;;;;;;;;;;x
HGL_dominion2;아카리 자치연방;;;;;;;;;;;;;x
HGL_dominion3;아카리 왕실직할령;;;;;;;;;;;;;x
HGL_hms_government;아카리 입헌공국;;;;;;;;;;;;;x
HGL_hms_government2;아카리 영방내각;;;;;;;;;;;;;x
HGL_prussian_constitutionalism;아카리 영방의회;;;;;;;;;;;;;x
HGL_prussian_constitutionalism2;아카리 제후회의;;;;;;;;;;;;;x
HGL_theocracy;아카리 교회연합국;;;;;;;;;;;;;x
HGL_trade_unions_congress;아카리 노동자평의회;;;;;;;;;;;;;x
HND_absolute_monarchy2;파르바티 세습제국;;;;;;;;;;;;;x
HND_democracy;파르바티 공화국;;;;;;;;;;;;;x
HND_democracy2;파르바티 의회공화국;;;;;;;;;;;;;x
HND_dominion;파르바티 번왕령;;;;;;;;;;;;;x
HND_dominion2;파르바티 번왕연합;;;;;;;;;;;;;x
HND_dominion3;파르바티 왕실직할령;;;;;;;;;;;;;x
HND_hms_government2;파르바티 의회내각;;;;;;;;;;;;;x
HND_prussian_constitutionalism2;파르바티 제후회의;;;;;;;;;;;;;x
HND_theocracy;파르바티 사원연합국;;;;;;;;;;;;;x
HND_trade_unions_congress;파르바티 노동조합총연맹;;;;;;;;;;;;;x
HNN_absolute_monarchy;호두 황조;;;;;;;;;;;;;x
HNN_absolute_monarchy2;호두 황실조정;;;;;;;;;;;;;x
HNN_colonial_company;호두 조계지;;;;;;;;;;;;;x
HNN_democracy;호두 민국;;;;;;;;;;;;;x
HNN_democracy2;호두 연성공화국;;;;;;;;;;;;;x
HNN_dominion;호두 자치성;;;;;;;;;;;;;x
HNN_dominion2;호두 연성정부;;;;;;;;;;;;;x
HNN_dominion3;호두 번부;;;;;;;;;;;;;x
HNN_hms_government;호두 책임내각;;;;;;;;;;;;;x
HNN_hms_government2;호두 의회내각;;;;;;;;;;;;;x
HNN_prussian_constitutionalism;호두 자정원;;;;;;;;;;;;;x
HNN_prussian_constitutionalism2;호두 참정원;;;;;;;;;;;;;x
HNN_theocracy;호두 승가국;;;;;;;;;;;;;x
HNN_trade_unions_congress;호두 총공회;;;;;;;;;;;;;x
HNS_absolute_monarchy2;세나 세습공국;;;;;;;;;;;;;x
HNS_colonial_company;세나 특허회사령;;;;;;;;;;;;;x
HNS_democracy2;세나 도시공화국;;;;;;;;;;;;;x
HNS_dominion;세나 자치령;;;;;;;;;;;;;x
HNS_dominion2;세나 자치연방;;;;;;;;;;;;;x
HNS_dominion3;세나 왕실직할령;;;;;;;;;;;;;x
HNS_hms_government2;세나 영방내각;;;;;;;;;;;;;x
HNS_prussian_constitutionalism2;세나 제후회의;;;;;;;;;;;;;x
HNS_theocracy;세나 교회연합국;;;;;;;;;;;;;x
HNS_trade_unions_congress;세나 노동자평의회;;;;;;;;;;;;;x
HNZ_absolute_monarchy;클레오파트라 토후국;;;;;;;;;;;;;x
HNZ_absolute_monarchy2;클레오파트라 세습토후국;;;;;;;;;;;;;x
HNZ_colonial_company;클레오파트라 통상회사령;;;;;;;;;;;;;x
HNZ_democracy;클레오파트라 공화국;;;;;;;;;;;;;x
HNZ_democracy2;클레오파트라 의회공화국;;;;;;;;;;;;;x
HNZ_dominion;클레오파트라 자치령;;;;;;;;;;;;;x
HNZ_dominion2;클레오파트라 자치연방;;;;;;;;;;;;;x
HNZ_dominion3;클레오파트라 보호토후령;;;;;;;;;;;;;x
HNZ_hms_government;클레오파트라 입헌토후국;;;;;;;;;;;;;x
HNZ_hms_government2;클레오파트라 의회내각;;;;;;;;;;;;;x
HNZ_prussian_constitutionalism;클레오파트라 지르가;;;;;;;;;;;;;x
HNZ_prussian_constitutionalism2;클레오파트라 귀족협의회;;;;;;;;;;;;;x
HNZ_theocracy;클레오파트라 이맘국;;;;;;;;;;;;;x
HNZ_trade_unions_congress;클레오파트라 노동자평의회;;;;;;;;;;;;;x
HOH_absolute_monarchy2;주리 세습후국;;;;;;;;;;;;;x
HOH_democracy2;주리 도시공화국;;;;;;;;;;;;;x
HOH_dominion2;주리 자치연방;;;;;;;;;;;;;x
HOH_dominion3;주리 왕실직할령;;;;;;;;;;;;;x
HOH_hms_government2;주리 영방내각;;;;;;;;;;;;;x
HOH_prussian_constitutionalism2;주리 제후회의;;;;;;;;;;;;;x
HOH_theocracy;주리 주교령;;;;;;;;;;;;;x
HOH_trade_unions_congress;주리 노동자평의회;;;;;;;;;;;;;x
HOL_absolute_monarchy2;디오나 세습공국;;;;;;;;;;;;;x
HOL_democracy2;디오나 도시공화국;;;;;;;;;;;;;x
HOL_dominion2;디오나 자치연방;;;;;;;;;;;;;x
HOL_dominion3;디오나 왕실직할령;;;;;;;;;;;;;x
HOL_hms_government2;디오나 영방내각;;;;;;;;;;;;;x
HOL_prussian_constitutionalism2;디오나 제후회의;;;;;;;;;;;;;x
HOL_theocracy;디오나 교회연합국;;;;;;;;;;;;;x
HOL_trade_unions_congress;디오나 노동자평의회;;;;;;;;;;;;;x
HON_absolute_monarchy;야마토 왕국;;;;;;;;;;;;;x
HON_absolute_monarchy2;야마토 세습왕국;;;;;;;;;;;;;x
HON_democracy2;야마토 의회공화국;;;;;;;;;;;;;x
HON_dominion;야마토 자치령;;;;;;;;;;;;;x
HON_dominion2;야마토 자치연방;;;;;;;;;;;;;x
HON_dominion3;야마토 왕실속령;;;;;;;;;;;;;x
HON_hms_government;야마토 입헌왕국;;;;;;;;;;;;;x
HON_hms_government2;야마토 의회내각;;;;;;;;;;;;;x
HON_prussian_constitutionalism;야마토 왕실평의회;;;;;;;;;;;;;x
HON_prussian_constitutionalism2;야마토 왕실참의회;;;;;;;;;;;;;x
HON_theocracy;야마토 주교령;;;;;;;;;;;;;x
HON_trade_unions_congress;야마토 노동자총연맹;;;;;;;;;;;;;x
HQJ_absolute_monarchy;요이미야 황조;;;;;;;;;;;;;x
HQJ_absolute_monarchy2;요이미야 황실조정;;;;;;;;;;;;;x
HQJ_colonial_company;요이미야 조계지;;;;;;;;;;;;;x
HQJ_democracy;요이미야 민국;;;;;;;;;;;;;x
HQJ_democracy2;요이미야 연성공화국;;;;;;;;;;;;;x
HQJ_dominion;요이미야 자치성;;;;;;;;;;;;;x
HQJ_dominion2;요이미야 연성정부;;;;;;;;;;;;;x
HQJ_dominion3;요이미야 번부;;;;;;;;;;;;;x
HQJ_hms_government;요이미야 책임내각;;;;;;;;;;;;;x
HQJ_hms_government2;요이미야 의회내각;;;;;;;;;;;;;x
HQJ_prussian_constitutionalism;요이미야 자정원;;;;;;;;;;;;;x
HQJ_prussian_constitutionalism2;요이미야 참정원;;;;;;;;;;;;;x
HQJ_theocracy;요이미야 승가국;;;;;;;;;;;;;x
HQJ_trade_unions_congress;요이미야 총공회;;;;;;;;;;;;;x
HRT_absolute_monarchy;라바 토후국;;;;;;;;;;;;;x
HRT_absolute_monarchy2;라바 세습토후국;;;;;;;;;;;;;x
HRT_colonial_company;라바 통상회사령;;;;;;;;;;;;;x
HRT_democracy;라바 공화국;;;;;;;;;;;;;x
HRT_democracy2;라바 의회공화국;;;;;;;;;;;;;x
HRT_dominion;라바 자치령;;;;;;;;;;;;;x
HRT_dominion2;라바 자치연방;;;;;;;;;;;;;x
HRT_dominion3;라바 보호토후령;;;;;;;;;;;;;x
HRT_hms_government;라바 입헌토후국;;;;;;;;;;;;;x
HRT_hms_government2;라바 의회내각;;;;;;;;;;;;;x
HRT_prussian_constitutionalism;라바 지르가;;;;;;;;;;;;;x
HRT_prussian_constitutionalism2;라바 귀족협의회;;;;;;;;;;;;;x
HRT_theocracy;라바 이맘국;;;;;;;;;;;;;x
HRT_trade_unions_congress;라바 노동자평의회;;;;;;;;;;;;;x
HTY_absolute_monarchy;크루아상 술탄국;;;;;;;;;;;;;x
HTY_absolute_monarchy2;크루아상 세습술탄국;;;;;;;;;;;;;x
HTY_colonial_company;크루아상 통상회사령;;;;;;;;;;;;;x
HTY_democracy;크루아상 공화국;;;;;;;;;;;;;x
HTY_democracy2;크루아상 의회공화국;;;;;;;;;;;;;x
HTY_dominion;크루아상 자치령;;;;;;;;;;;;;x
HTY_dominion2;크루아상 자치연방;;;;;;;;;;;;;x
HTY_dominion3;크루아상 보호토후령;;;;;;;;;;;;;x
HTY_hms_government;크루아상 입헌술탄국;;;;;;;;;;;;;x
HTY_hms_government2;크루아상 의회내각;;;;;;;;;;;;;x
HTY_prussian_constitutionalism;크루아상 디완;;;;;;;;;;;;;x
HTY_prussian_constitutionalism2;크루아상 귀족협의회;;;;;;;;;;;;;x
HTY_theocracy;크루아상 이맘국;;;;;;;;;;;;;x
HTY_trade_unions_congress;크루아상 노동자총연맹;;;;;;;;;;;;;x
HUI_absolute_monarchy;각청 황조;;;;;;;;;;;;;x
HUI_absolute_monarchy2;각청 황실조정;;;;;;;;;;;;;x
HUI_colonial_company;각청 조계지;;;;;;;;;;;;;x
HUI_democracy;각청 민국;;;;;;;;;;;;;x
HUI_democracy2;각청 연성공화국;;;;;;;;;;;;;x
HUI_dominion;각청 자치성;;;;;;;;;;;;;x
HUI_dominion2;각청 연성정부;;;;;;;;;;;;;x
HUI_dominion3;각청 번부;;;;;;;;;;;;;x
HUI_hms_government;각청 책임내각;;;;;;;;;;;;;x
HUI_hms_government2;각청 의회내각;;;;;;;;;;;;;x
HUI_prussian_constitutionalism;각청 자정원;;;;;;;;;;;;;x
HUI_prussian_constitutionalism2;각청 참정원;;;;;;;;;;;;;x
HUI_theocracy;각청 유교제정국;;;;;;;;;;;;;x
HUI_trade_unions_congress;각청 총공회;;;;;;;;;;;;;x
HUN_absolute_monarchy;하루나 왕국;;;;;;;;;;;;;x
HUN_absolute_monarchy2;하루나 세습왕국;;;;;;;;;;;;;x
HUN_colonial_company;하루나 특허회사령;;;;;;;;;;;;;x
HUN_democracy;하루나 공화국;;;;;;;;;;;;;x
HUN_democracy2;하루나 의회공화국;;;;;;;;;;;;;x
HUN_dominion;하루나 자치령;;;;;;;;;;;;;x
HUN_dominion2;하루나 자치연방;;;;;;;;;;;;;x
HUN_dominion3;하루나 왕실속령;;;;;;;;;;;;;x
HUN_hms_government;하루나 입헌왕국;;;;;;;;;;;;;x
HUN_hms_government2;하루나 의회내각;;;;;;;;;;;;;x
HUN_prussian_constitutionalism;하루나 국왕의회;;;;;;;;;;;;;x
HUN_prussian_constitutionalism2;하루나 왕실참의회;;;;;;;;;;;;;x
HUN_theocracy;하루나 주교령;;;;;;;;;;;;;x
HUN_trade_unions_congress;하루나 노동자평의회;;;;;;;;;;;;;x
HYD_absolute_monarchy;로빈 니잠국;;;;;;;;;;;;;x
HYD_absolute_monarchy2;로빈 세습니잠국;;;;;;;;;;;;;x
HYD_colonial_company;로빈 동인도회사령;;;;;;;;;;;;;x
HYD_democracy;로빈 공화국;;;;;;;;;;;;;x
HYD_democracy2;로빈 의회공화국;;;;;;;;;;;;;x
HYD_dominion;로빈 번왕령;;;;;;;;;;;;;x
HYD_dominion2;로빈 번왕연합;;;;;;;;;;;;;x
HYD_dominion3;로빈 왕실직할령;;;;;;;;;;;;;x
HYD_hms_government;로빈 입헌니잠국;;;;;;;;;;;;;x
HYD_hms_government2;로빈 의회내각;;;;;;;;;;;;;x
HYD_prussian_constitutionalism;로빈 다르바르;;;;;;;;;;;;;x
HYD_prussian_constitutionalism2;로빈 제후회의;;;;;;;;;;;;;x
HYD_theocracy;로빈 이맘국;;;;;;;;;;;;;x
HYD_trade_unions_congress;로빈 노동조합총연맹;;;;;;;;;;;;;x
IBR_absolute_monarchy2;사쿠라코지 키나코 세습제국;;;;;;;;;;;;;x
IBR_colonial_company;사쿠라코지 키나코 특허회사령;;;;;;;;;;;;;x
IBR_democracy2;사쿠라코지 키나코 의회공화국;;;;;;;;;;;;;x
IBR_dominion;사쿠라코지 키나코 자치령;;;;;;;;;;;;;x
IBR_dominion2;사쿠라코지 키나코 자치연방;;;;;;;;;;;;;x
IBR_dominion3;사쿠라코지 키나코 왕실속령;;;;;;;;;;;;;x
IBR_hms_government2;사쿠라코지 키나코 의회내각;;;;;;;;;;;;;x
IBR_prussian_constitutionalism2;사쿠라코지 키나코 왕실참의회;;;;;;;;;;;;;x
IBR_theocracy;사쿠라코지 키나코 주교령;;;;;;;;;;;;;x
IBR_trade_unions_congress;사쿠라코지 키나코 노동조합연합;;;;;;;;;;;;;x
ICL_absolute_monarchy;프라마닉스 왕국;;;;;;;;;;;;;x
ICL_absolute_monarchy2;프라마닉스 세습왕국;;;;;;;;;;;;;x
ICL_colonial_company;프라마닉스 특허회사령;;;;;;;;;;;;;x
ICL_democracy;프라마닉스 자유국;;;;;;;;;;;;;x
ICL_democracy2;프라마닉스 의회공화국;;;;;;;;;;;;;x
ICL_dominion;프라마닉스 자치령;;;;;;;;;;;;;x
ICL_dominion2;프라마닉스 자치연방;;;;;;;;;;;;;x
ICL_dominion3;프라마닉스 왕실속령;;;;;;;;;;;;;x
ICL_hms_government;프라마닉스 입헌왕국;;;;;;;;;;;;;x
ICL_hms_government2;프라마닉스 의회내각;;;;;;;;;;;;;x
ICL_prussian_constitutionalism;프라마닉스 알팅;;;;;;;;;;;;;x
ICL_prussian_constitutionalism2;프라마닉스 왕실참의회;;;;;;;;;;;;;x
ICL_theocracy;프라마닉스 교회연합국;;;;;;;;;;;;;x
ICL_trade_unions_congress;프라마닉스 노동조합연맹;;;;;;;;;;;;;x
IDO_absolute_monarchy2;사유 황실조정;;;;;;;;;;;;;x
IDO_colonial_company;사유 통상관할령;;;;;;;;;;;;;x
IDO_democracy2;사유 의회공화국;;;;;;;;;;;;;x
IDO_dominion;사유 자치국;;;;;;;;;;;;;x
IDO_dominion2;사유 자치연방;;;;;;;;;;;;;x
IDO_dominion3;사유 번진;;;;;;;;;;;;;x
IDO_hms_government2;사유 의회내각;;;;;;;;;;;;;x
IDO_prussian_constitutionalism2;사유 참의원;;;;;;;;;;;;;x
IDO_theocracy;사유 승가국;;;;;;;;;;;;;x
IDO_trade_unions_congress;사유 노동총연맹;;;;;;;;;;;;;x
IMG_absolute_monarchy;신학 칸국;;;;;;;;;;;;;x
IMG_absolute_monarchy2;신학 세습칸국;;;;;;;;;;;;;x
IMG_democracy;신학 공화국;;;;;;;;;;;;;x
IMG_democracy2;신학 의회공화국;;;;;;;;;;;;;x
IMG_dominion;신학 자치기;;;;;;;;;;;;;x
IMG_dominion2;신학 맹기연합;;;;;;;;;;;;;x
IMG_dominion3;신학 왕공령;;;;;;;;;;;;;x
IMG_hms_government;신학 입헌칸국;;;;;;;;;;;;;x
IMG_hms_government2;신학 의회내각;;;;;;;;;;;;;x
IMG_prussian_constitutionalism;신학 쿠릴타이;;;;;;;;;;;;;x
IMG_prussian_constitutionalism2;신학 왕공회의;;;;;;;;;;;;;x
IMG_theocracy;신학 제사장국;;;;;;;;;;;;;x
IMG_trade_unions_congress;신학 노동자대회;;;;;;;;;;;;;x
IND_absolute_monarchy;나이팅게일 라자국;;;;;;;;;;;;;x
IND_absolute_monarchy2;나이팅게일 세습라자국;;;;;;;;;;;;;x
IND_colonial_company;나이팅게일 동인도회사령;;;;;;;;;;;;;x
IND_democracy;나이팅게일 공화국;;;;;;;;;;;;;x
IND_democracy2;나이팅게일 의회공화국;;;;;;;;;;;;;x
IND_dominion;나이팅게일 번왕령;;;;;;;;;;;;;x
IND_dominion2;나이팅게일 번왕연합;;;;;;;;;;;;;x
IND_dominion3;나이팅게일 왕실직할령;;;;;;;;;;;;;x
IND_hms_government;나이팅게일 입헌라자국;;;;;;;;;;;;;x
IND_hms_government2;나이팅게일 의회내각;;;;;;;;;;;;;x
IND_prussian_constitutionalism;나이팅게일 다르바르;;;;;;;;;;;;;x
IND_prussian_constitutionalism2;나이팅게일 제후회의;;;;;;;;;;;;;x
IND_theocracy;나이팅게일 사원연합국;;;;;;;;;;;;;x
IND_trade_unions_congress;나이팅게일 노동조합총연맹;;;;;;;;;;;;;x
INO_absolute_monarchy;안샨 술탄국;;;;;;;;;;;;;x
INO_absolute_monarchy2;안샨 세습술탄국;;;;;;;;;;;;;x
INO_democracy;안샨 공화국;;;;;;;;;;;;;x
INO_democracy2;안샨 의회공화국;;;;;;;;;;;;;x
INO_dominion;안샨 자치령;;;;;;;;;;;;;x
INO_dominion2;안샨 자치연방;;;;;;;;;;;;;x
INO_dominion3;안샨 보호토후령;;;;;;;;;;;;;x
INO_hms_government;안샨 입헌술탄국;;;;;;;;;;;;;x
INO_hms_government2;안샨 의회내각;;;;;;;;;;;;;x
INO_prussian_constitutionalism;안샨 술탄참사회;;;;;;;;;;;;;x
INO_prussian_constitutionalism2;안샨 귀족협의회;;;;;;;;;;;;;x
INO_theocracy;안샨 이맘국;;;;;;;;;;;;;x
INO_trade_unions_congress;안샨 노동조합연맹;;;;;;;;;;;;;x
ION_absolute_monarchy;모스티마 왕국;;;;;;;;;;;;;x
ION_absolute_monarchy2;모스티마 세습왕국;;;;;;;;;;;;;x
ION_colonial_company;모스티마 특허회사령;;;;;;;;;;;;;x
ION_democracy2;모스티마 의회공화국;;;;;;;;;;;;;x
ION_dominion;모스티마 자치령;;;;;;;;;;;;;x
ION_dominion2;모스티마 자치연방;;;;;;;;;;;;;x
ION_dominion3;모스티마 왕실속령;;;;;;;;;;;;;x
ION_hms_government;모스티마 입헌왕국;;;;;;;;;;;;;x
ION_hms_government2;모스티마 의회내각;;;;;;;;;;;;;x
ION_prussian_constitutionalism;모스티마 왕실평의회;;;;;;;;;;;;;x
ION_prussian_constitutionalism2;모스티마 왕실참의회;;;;;;;;;;;;;x
ION_theocracy;모스티마 총대주교령;;;;;;;;;;;;;x
ION_trade_unions_congress;모스티마 노동조합연맹;;;;;;;;;;;;;x
IOT_absolute_monarchy2;클로저 세습왕국;;;;;;;;;;;;;x
IOT_democracy;클로저 공화국;;;;;;;;;;;;;x
IOT_democracy2;클로저 의회공화국;;;;;;;;;;;;;x
IOT_dominion2;클로저 자치연방;;;;;;;;;;;;;x
IOT_dominion3;클로저 왕실속령;;;;;;;;;;;;;x
IOT_hms_government2;클로저 의회내각;;;;;;;;;;;;;x
IOT_prussian_constitutionalism2;클로저 왕실참의회;;;;;;;;;;;;;x
IOT_theocracy;클로저 교회연합국;;;;;;;;;;;;;x
IOT_trade_unions_congress;클로저 노동조합회의;;;;;;;;;;;;;x
IRE_absolute_monarchy;카즈사 왕국;;;;;;;;;;;;;x
IRE_absolute_monarchy2;카즈사 세습왕국;;;;;;;;;;;;;x
IRE_democracy;카즈사 공화국;;;;;;;;;;;;;x
IRE_democracy2;카즈사 의회공화국;;;;;;;;;;;;;x
IRE_dominion2;카즈사 자치연방;;;;;;;;;;;;;x
IRE_dominion3;카즈사 왕실속령;;;;;;;;;;;;;x
IRE_hms_government;카즈사 입헌왕국;;;;;;;;;;;;;x
IRE_hms_government2;카즈사 의회내각;;;;;;;;;;;;;x
IRE_prussian_constitutionalism;카즈사 추밀원;;;;;;;;;;;;;x
IRE_prussian_constitutionalism2;카즈사 왕실참의회;;;;;;;;;;;;;x
IRE_theocracy;카즈사 주교령;;;;;;;;;;;;;x
IRE_trade_unions_congress;카즈사 노동조합회의;;;;;;;;;;;;;x
IRQ_absolute_monarchy2;쇼 세습토후국;;;;;;;;;;;;;x
IRQ_colonial_company;쇼 통상회사령;;;;;;;;;;;;;x
IRQ_democracy;쇼 공화국;;;;;;;;;;;;;x
IRQ_democracy2;쇼 의회공화국;;;;;;;;;;;;;x
IRQ_dominion;쇼 자치령;;;;;;;;;;;;;x
IRQ_dominion2;쇼 자치연방;;;;;;;;;;;;;x
IRQ_dominion3;쇼 보호토후령;;;;;;;;;;;;;x
IRQ_hms_government2;쇼 의회내각;;;;;;;;;;;;;x
IRQ_prussian_constitutionalism2;쇼 귀족협의회;;;;;;;;;;;;;x
IRQ_theocracy;쇼 이맘국;;;;;;;;;;;;;x
IRQ_trade_unions_congress;쇼 노동조합총연맹;;;;;;;;;;;;;x
ISR_absolute_monarchy;다윗 왕국;;;;;;;;;;;;;x
ISR_absolute_monarchy2;다윗 세습왕국;;;;;;;;;;;;;x
ISR_colonial_company;다윗 특허회사령;;;;;;;;;;;;;x
ISR_democracy;다윗 공화국;;;;;;;;;;;;;x
ISR_democracy2;다윗 의회공화국;;;;;;;;;;;;;x
ISR_dominion;다윗 자치령;;;;;;;;;;;;;x
ISR_dominion2;다윗 자치연방;;;;;;;;;;;;;x
ISR_dominion3;다윗 왕실속령;;;;;;;;;;;;;x
ISR_hms_government;다윗 입헌왕국;;;;;;;;;;;;;x
ISR_hms_government2;다윗 의회내각;;;;;;;;;;;;;x
ISR_prussian_constitutionalism;다윗 왕실의정회;;;;;;;;;;;;;x
ISR_prussian_constitutionalism2;다윗 왕실참의회;;;;;;;;;;;;;x
ISR_theocracy;다윗 랍비평의국;;;;;;;;;;;;;x
ISR_trade_unions_congress;다윗 노동조합연맹;;;;;;;;;;;;;x
IVC_absolute_monarchy;코트디부아르 왕국;;;;;;;;;;;;;x
IVC_absolute_monarchy2;코트디부아르 세습왕국;;;;;;;;;;;;;x
IVC_democracy;코트디부아르 공화국;;;;;;;;;;;;;x
IVC_democracy2;코트디부아르 의회공화국;;;;;;;;;;;;;x
IVC_dominion2;코트디부아르 자치국연합;;;;;;;;;;;;;x
IVC_dominion3;코트디부아르 왕실보호령;;;;;;;;;;;;;x
IVC_hms_government;코트디부아르 입헌왕국;;;;;;;;;;;;;x
IVC_hms_government2;코트디부아르 의회내각;;;;;;;;;;;;;x
IVC_prussian_constitutionalism;코트디부아르 왕실원로회;;;;;;;;;;;;;x
IVC_prussian_constitutionalism2;코트디부아르 추장원로회;;;;;;;;;;;;;x
IVC_theocracy;코트디부아르 교회연합국;;;;;;;;;;;;;x
IVC_trade_unions_congress;코트디부아르 노동조합연맹;;;;;;;;;;;;;x
IZH_absolute_monarchy;아브로라 왕국;;;;;;;;;;;;;x
IZH_absolute_monarchy2;아브로라 세습왕국;;;;;;;;;;;;;x
IZH_colonial_company;아브로라 특허회사령;;;;;;;;;;;;;x
IZH_democracy;아브로라 공화국;;;;;;;;;;;;;x
IZH_democracy2;아브로라 의회공화국;;;;;;;;;;;;;x
IZH_dominion;아브로라 자치령;;;;;;;;;;;;;x
IZH_dominion2;아브로라 자치연방;;;;;;;;;;;;;x
IZH_dominion3;아브로라 왕실속령;;;;;;;;;;;;;x
IZH_hms_government;아브로라 입헌왕국;;;;;;;;;;;;;x
IZH_hms_government2;아브로라 의회내각;;;;;;;;;;;;;x
IZH_prussian_constitutionalism;아브로라 국왕참사회;;;;;;;;;;;;;x
IZH_prussian_constitutionalism2;아브로라 왕실참의회;;;;;;;;;;;;;x
IZH_theocracy;아브로라 총대주교령;;;;;;;;;;;;;x
IZH_trade_unions_congress;아브로라 노동조합연맹;;;;;;;;;;;;;x
JAI_absolute_monarchy;글라우쿠스 라자국;;;;;;;;;;;;;x
JAI_absolute_monarchy2;글라우쿠스 세습라자국;;;;;;;;;;;;;x
JAI_colonial_company;글라우쿠스 동인도회사령;;;;;;;;;;;;;x
JAI_democracy;글라우쿠스 공화국;;;;;;;;;;;;;x
JAI_democracy2;글라우쿠스 의회공화국;;;;;;;;;;;;;x
JAI_dominion;글라우쿠스 번왕령;;;;;;;;;;;;;x
JAI_dominion2;글라우쿠스 번왕연합;;;;;;;;;;;;;x
JAI_dominion3;글라우쿠스 왕실직할령;;;;;;;;;;;;;x
JAI_hms_government;글라우쿠스 입헌라자국;;;;;;;;;;;;;x
JAI_hms_government2;글라우쿠스 의회내각;;;;;;;;;;;;;x
JAI_prussian_constitutionalism;글라우쿠스 다르바르;;;;;;;;;;;;;x
JAI_prussian_constitutionalism2;글라우쿠스 제후회의;;;;;;;;;;;;;x
JAI_theocracy;글라우쿠스 사원연합국;;;;;;;;;;;;;x
JAI_trade_unions_congress;글라우쿠스 노동조합총연맹;;;;;;;;;;;;;x
JAL_absolute_monarchy;푸타잘롱 이맘국;;;;;;;;;;;;;x
JAL_absolute_monarchy2;푸타잘롱 세습이맘국;;;;;;;;;;;;;x
JAL_colonial_company;푸타잘롱 통상회사령;;;;;;;;;;;;;x
JAL_democracy;푸타잘롱 공화국;;;;;;;;;;;;;x
JAL_democracy2;푸타잘롱 의회공화국;;;;;;;;;;;;;x
JAL_dominion;푸타잘롱 자치령;;;;;;;;;;;;;x
JAL_dominion2;푸타잘롱 자치연방;;;;;;;;;;;;;x
JAL_dominion3;푸타잘롱 보호토후령;;;;;;;;;;;;;x
JAL_hms_government;푸타잘롱 입헌이맘국;;;;;;;;;;;;;x
JAL_hms_government2;푸타잘롱 의회내각;;;;;;;;;;;;;x
JAL_prussian_constitutionalism;푸타잘롱 디완;;;;;;;;;;;;;x
JAL_prussian_constitutionalism2;푸타잘롱 귀족협의회;;;;;;;;;;;;;x
JAL_theocracy;푸타잘롱 이맘국;;;;;;;;;;;;;x
JAL_trade_unions_congress;푸타잘롱 노동조합총연맹;;;;;;;;;;;;;x
JAM_absolute_monarchy;재규어맨 왕국;;;;;;;;;;;;;x
JAM_absolute_monarchy2;재규어맨 세습왕국;;;;;;;;;;;;;x
JAM_democracy;재규어맨 공화국;;;;;;;;;;;;;x
JAM_democracy2;재규어맨 의회공화국;;;;;;;;;;;;;x
JAM_dominion2;재규어맨 자치연방;;;;;;;;;;;;;x
JAM_dominion3;재규어맨 왕실속령;;;;;;;;;;;;;x
JAM_hms_government2;재규어맨 의회내각;;;;;;;;;;;;;x
JAM_prussian_constitutionalism;재규어맨 왕실평의회;;;;;;;;;;;;;x
JAM_prussian_constitutionalism2;재규어맨 왕실참의회;;;;;;;;;;;;;x
JAM_theocracy;재규어맨 교회연합국;;;;;;;;;;;;;x
JAM_trade_unions_congress;재규어맨 노동자총연맹;;;;;;;;;;;;;x
JAN_absolute_monarchy;클리프하트 군주국;;;;;;;;;;;;;x
JAN_absolute_monarchy2;클리프하트 왕조;;;;;;;;;;;;;x
JAN_colonial_company;클리프하트 특허회사령;;;;;;;;;;;;;x
JAN_democracy;클리프하트 자치공화국;;;;;;;;;;;;;x
JAN_democracy2;클리프하트 의회공화국;;;;;;;;;;;;;x
JAN_dominion;클리프하트 자치령;;;;;;;;;;;;;x
JAN_dominion2;클리프하트 자치연방;;;;;;;;;;;;;x
JAN_dominion3;클리프하트 왕실속령;;;;;;;;;;;;;x
JAN_hms_government;클리프하트 입헌군주국;;;;;;;;;;;;;x
JAN_hms_government2;클리프하트 의회내각;;;;;;;;;;;;;x
JAN_prussian_constitutionalism;클리프하트 군주의정회;;;;;;;;;;;;;x
JAN_prussian_constitutionalism2;클리프하트 왕실참의회;;;;;;;;;;;;;x
JAN_theocracy;클리프하트 제사장국;;;;;;;;;;;;;x
JAN_trade_unions_congress;클리프하트 노동조합연맹;;;;;;;;;;;;;x
JAS_absolute_monarchy;히비스커스 라자국;;;;;;;;;;;;;x
JAS_absolute_monarchy2;히비스커스 세습라자국;;;;;;;;;;;;;x
JAS_colonial_company;히비스커스 동인도회사령;;;;;;;;;;;;;x
JAS_democracy;히비스커스 공화국;;;;;;;;;;;;;x
JAS_democracy2;히비스커스 의회공화국;;;;;;;;;;;;;x
JAS_dominion;히비스커스 번왕령;;;;;;;;;;;;;x
JAS_dominion2;히비스커스 번왕연합;;;;;;;;;;;;;x
JAS_dominion3;히비스커스 왕실직할령;;;;;;;;;;;;;x
JAS_hms_government;히비스커스 입헌라자국;;;;;;;;;;;;;x
JAS_hms_government2;히비스커스 의회내각;;;;;;;;;;;;;x
JAS_prussian_constitutionalism;히비스커스 다르바르;;;;;;;;;;;;;x
JAS_prussian_constitutionalism2;히비스커스 제후회의;;;;;;;;;;;;;x
JAS_theocracy;히비스커스 사원연합국;;;;;;;;;;;;;x
JAS_trade_unions_congress;히비스커스 노동조합총연맹;;;;;;;;;;;;;x
JAV_absolute_monarchy2;타이위안 세습술탄국;;;;;;;;;;;;;x
JAV_colonial_company;타이위안 통상회사령;;;;;;;;;;;;;x
JAV_democracy;타이위안 공화국;;;;;;;;;;;;;x
JAV_democracy2;타이위안 의회공화국;;;;;;;;;;;;;x
JAV_dominion;타이위안 자치령;;;;;;;;;;;;;x
JAV_dominion2;타이위안 자치연방;;;;;;;;;;;;;x
JAV_dominion3;타이위안 보호토후령;;;;;;;;;;;;;x
JAV_hms_government2;타이위안 의회내각;;;;;;;;;;;;;x
JAV_prussian_constitutionalism2;타이위안 귀족협의회;;;;;;;;;;;;;x
JAV_theocracy;타이위안 이맘국;;;;;;;;;;;;;x
JAV_trade_unions_congress;타이위안 노동조합연맹;;;;;;;;;;;;;x
JEY_absolute_monarchy;퍼퓨머 라자국;;;;;;;;;;;;;x
JEY_absolute_monarchy2;퍼퓨머 세습라자국;;;;;;;;;;;;;x
JEY_colonial_company;퍼퓨머 동인도회사령;;;;;;;;;;;;;x
JEY_democracy;퍼퓨머 공화국;;;;;;;;;;;;;x
JEY_democracy2;퍼퓨머 의회공화국;;;;;;;;;;;;;x
JEY_dominion;퍼퓨머 번왕령;;;;;;;;;;;;;x
JEY_dominion2;퍼퓨머 번왕연합;;;;;;;;;;;;;x
JEY_dominion3;퍼퓨머 왕실직할령;;;;;;;;;;;;;x
JEY_hms_government;퍼퓨머 입헌라자국;;;;;;;;;;;;;x
JEY_hms_government2;퍼퓨머 의회내각;;;;;;;;;;;;;x
JEY_prussian_constitutionalism;퍼퓨머 다르바르;;;;;;;;;;;;;x
JEY_prussian_constitutionalism2;퍼퓨머 제후회의;;;;;;;;;;;;;x
JEY_theocracy;퍼퓨머 사원연합국;;;;;;;;;;;;;x
JEY_trade_unions_congress;퍼퓨머 노동조합총연맹;;;;;;;;;;;;;x
JLS_absolute_monarchy;하레 왕국;;;;;;;;;;;;;x
JLS_absolute_monarchy2;하레 세습왕국;;;;;;;;;;;;;x
JLS_colonial_company;하레 특허회사령;;;;;;;;;;;;;x
JLS_democracy;하레 공화국;;;;;;;;;;;;;x
JLS_democracy2;하레 의회공화국;;;;;;;;;;;;;x
JLS_dominion;하레 자치령;;;;;;;;;;;;;x
JLS_dominion2;하레 자치연방;;;;;;;;;;;;;x
JLS_dominion3;하레 왕실속령;;;;;;;;;;;;;x
JLS_hms_government;하레 입헌왕국;;;;;;;;;;;;;x
JLS_hms_government2;하레 의회내각;;;;;;;;;;;;;x
JLS_prussian_constitutionalism;하레 왕실평의회;;;;;;;;;;;;;x
JLS_prussian_constitutionalism2;하레 왕실참의회;;;;;;;;;;;;;x
JLS_theocracy;하레 주교령;;;;;;;;;;;;;x
JLS_trade_unions_congress;하레 노동자총연맹;;;;;;;;;;;;;x
JOD_absolute_monarchy;빈스토크 라자국;;;;;;;;;;;;;x
JOD_absolute_monarchy2;빈스토크 세습라자국;;;;;;;;;;;;;x
JOD_colonial_company;빈스토크 동인도회사령;;;;;;;;;;;;;x
JOD_democracy;빈스토크 공화국;;;;;;;;;;;;;x
JOD_democracy2;빈스토크 의회공화국;;;;;;;;;;;;;x
JOD_dominion;빈스토크 번왕령;;;;;;;;;;;;;x
JOD_dominion2;빈스토크 번왕연합;;;;;;;;;;;;;x
JOD_dominion3;빈스토크 왕실직할령;;;;;;;;;;;;;x
JOD_hms_government;빈스토크 입헌라자국;;;;;;;;;;;;;x
JOD_hms_government2;빈스토크 의회내각;;;;;;;;;;;;;x
JOD_prussian_constitutionalism;빈스토크 다르바르;;;;;;;;;;;;;x
JOD_prussian_constitutionalism2;빈스토크 제후회의;;;;;;;;;;;;;x
JOD_theocracy;빈스토크 사원연합국;;;;;;;;;;;;;x
JOD_trade_unions_congress;빈스토크 노동조합총연맹;;;;;;;;;;;;;x
JOH_absolute_monarchy;슈 술탄국;;;;;;;;;;;;;x
JOH_absolute_monarchy2;슈 세습술탄국;;;;;;;;;;;;;x
JOH_colonial_company;슈 통상회사령;;;;;;;;;;;;;x
JOH_democracy;슈 공화국;;;;;;;;;;;;;x
JOH_democracy2;슈 의회공화국;;;;;;;;;;;;;x
JOH_dominion;슈 자치령;;;;;;;;;;;;;x
JOH_dominion2;슈 자치연방;;;;;;;;;;;;;x
JOH_dominion3;슈 보호토후령;;;;;;;;;;;;;x
JOH_hms_government;슈 입헌술탄국;;;;;;;;;;;;;x
JOH_hms_government2;슈 의회내각;;;;;;;;;;;;;x
JOH_prussian_constitutionalism;슈 술탄참사회;;;;;;;;;;;;;x
JOH_prussian_constitutionalism2;슈 귀족협의회;;;;;;;;;;;;;x
JOH_theocracy;슈 이맘국;;;;;;;;;;;;;x
JOH_trade_unions_congress;슈 노동조합연맹;;;;;;;;;;;;;x
JOR_absolute_monarchy;포덴코 토후국;;;;;;;;;;;;;x
JOR_absolute_monarchy2;포덴코 세습토후국;;;;;;;;;;;;;x
JOR_colonial_company;포덴코 통상회사령;;;;;;;;;;;;;x
JOR_democracy;포덴코 공화국;;;;;;;;;;;;;x
JOR_democracy2;포덴코 의회공화국;;;;;;;;;;;;;x
JOR_dominion;포덴코 자치령;;;;;;;;;;;;;x
JOR_dominion2;포덴코 자치연방;;;;;;;;;;;;;x
JOR_dominion3;포덴코 보호토후령;;;;;;;;;;;;;x
JOR_hms_government;포덴코 입헌토후국;;;;;;;;;;;;;x
JOR_hms_government2;포덴코 의회내각;;;;;;;;;;;;;x
JOR_prussian_constitutionalism;포덴코 슈라 평의회;;;;;;;;;;;;;x
JOR_prussian_constitutionalism2;포덴코 귀족협의회;;;;;;;;;;;;;x
JOR_theocracy;포덴코 이맘국;;;;;;;;;;;;;x
JOR_trade_unions_congress;포덴코 노동조합총연맹;;;;;;;;;;;;;x
JUN_absolute_monarchy;포푸카 나와브국;;;;;;;;;;;;;x
JUN_absolute_monarchy2;포푸카 세습나와브국;;;;;;;;;;;;;x
JUN_colonial_company;포푸카 동인도회사령;;;;;;;;;;;;;x
JUN_democracy;포푸카 공화국;;;;;;;;;;;;;x
JUN_democracy2;포푸카 의회공화국;;;;;;;;;;;;;x
JUN_dominion;포푸카 번왕령;;;;;;;;;;;;;x
JUN_dominion2;포푸카 번왕연합;;;;;;;;;;;;;x
JUN_dominion3;포푸카 왕실직할령;;;;;;;;;;;;;x
JUN_hms_government;포푸카 입헌나와브국;;;;;;;;;;;;;x
JUN_hms_government2;포푸카 의회내각;;;;;;;;;;;;;x
JUN_prussian_constitutionalism;포푸카 다르바르;;;;;;;;;;;;;x
JUN_prussian_constitutionalism2;포푸카 제후회의;;;;;;;;;;;;;x
JUN_theocracy;포푸카 이맘국;;;;;;;;;;;;;x
JUN_trade_unions_congress;포푸카 노동조합총연맹;;;;;;;;;;;;;x
KAF_absolute_monarchy;카파 왕국;;;;;;;;;;;;;x
KAF_absolute_monarchy2;카파 세습왕국;;;;;;;;;;;;;x
KAF_colonial_company;카파 특허회사령;;;;;;;;;;;;;x
KAF_democracy;카파 공화국;;;;;;;;;;;;;x
KAF_democracy2;카파 의회공화국;;;;;;;;;;;;;x
KAF_dominion;카파 보호국;;;;;;;;;;;;;x
KAF_dominion2;카파 자치국연합;;;;;;;;;;;;;x
KAF_dominion3;카파 왕실보호령;;;;;;;;;;;;;x
KAF_hms_government;카파 입헌왕국;;;;;;;;;;;;;x
KAF_hms_government2;카파 의회내각;;;;;;;;;;;;;x
KAF_prussian_constitutionalism;카파 왕실귀족회의;;;;;;;;;;;;;x
KAF_prussian_constitutionalism2;카파 왕실대의회;;;;;;;;;;;;;x
KAF_theocracy;카파 제사장국;;;;;;;;;;;;;x
KAF_trade_unions_congress;카파 노동조합연맹;;;;;;;;;;;;;x
KAG_absolute_monarchy2;미치루 막부;;;;;;;;;;;;;x
KAG_colonial_company;미치루 상관령;;;;;;;;;;;;;x
KAG_democracy;미치루 공화국;;;;;;;;;;;;;x
KAG_democracy2;미치루 의회공화국;;;;;;;;;;;;;x
KAG_dominion;미치루 자치번;;;;;;;;;;;;;x
KAG_dominion2;미치루 제번연합;;;;;;;;;;;;;x
KAG_dominion3;미치루 막부직할령;;;;;;;;;;;;;x
KAG_hms_government2;미치루 의회내각;;;;;;;;;;;;;x
KAG_prussian_constitutionalism2;미치루 번주평의회;;;;;;;;;;;;;x
KAG_theocracy;미치루 승가국;;;;;;;;;;;;;x
KAG_trade_unions_congress;미치루 노동조합총평의회;;;;;;;;;;;;;x
KAL_absolute_monarchy;이네스 토후국;;;;;;;;;;;;;x
KAL_absolute_monarchy2;이네스 세습토후국;;;;;;;;;;;;;x
KAL_colonial_company;이네스 통상회사령;;;;;;;;;;;;;x
KAL_democracy;이네스 공화국;;;;;;;;;;;;;x
KAL_democracy2;이네스 의회공화국;;;;;;;;;;;;;x
KAL_dominion;이네스 자치령;;;;;;;;;;;;;x
KAL_dominion2;이네스 자치연방;;;;;;;;;;;;;x
KAL_dominion3;이네스 보호토후령;;;;;;;;;;;;;x
KAL_hms_government;이네스 입헌토후국;;;;;;;;;;;;;x
KAL_hms_government2;이네스 의회내각;;;;;;;;;;;;;x
KAL_prussian_constitutionalism;이네스 지르가;;;;;;;;;;;;;x
KAL_prussian_constitutionalism2;이네스 귀족협의회;;;;;;;;;;;;;x
KAL_theocracy;이네스 이맘국;;;;;;;;;;;;;x
KAL_trade_unions_congress;이네스 노동자평의회;;;;;;;;;;;;;x
KAM_absolute_monarchy;노도카 차르국;;;;;;;;;;;;;x
KAM_absolute_monarchy2;노도카 제국;;;;;;;;;;;;;x
KAM_colonial_company;노도카 특허회사령;;;;;;;;;;;;;x
KAM_democracy;노도카 공화국;;;;;;;;;;;;;x
KAM_democracy2;노도카 의회공화국;;;;;;;;;;;;;x
KAM_dominion;노도카 자치주;;;;;;;;;;;;;x
KAM_dominion2;노도카 자치공화국;;;;;;;;;;;;;x
KAM_dominion3;노도카 총독령;;;;;;;;;;;;;x
KAM_hms_government;노도카 입헌차르국;;;;;;;;;;;;;x
KAM_hms_government2;노도카 의회내각;;;;;;;;;;;;;x
KAM_prussian_constitutionalism;노도카 두마;;;;;;;;;;;;;x
KAM_prussian_constitutionalism2;노도카 국가평의회;;;;;;;;;;;;;x
KAM_theocracy;노도카 총대주교령;;;;;;;;;;;;;x
KAM_trade_unions_congress;노도카 노동자소비에트;;;;;;;;;;;;;x
KAR_absolute_monarchy;치오리 왕국;;;;;;;;;;;;;x
KAR_absolute_monarchy2;치오리 세습왕국;;;;;;;;;;;;;x
KAR_colonial_company;치오리 특허회사령;;;;;;;;;;;;;x
KAR_democracy;치오리 공화국;;;;;;;;;;;;;x
KAR_democracy2;치오리 의회공화국;;;;;;;;;;;;;x
KAR_dominion;치오리 자치령;;;;;;;;;;;;;x
KAR_dominion2;치오리 자치연방;;;;;;;;;;;;;x
KAR_dominion3;치오리 왕실속령;;;;;;;;;;;;;x
KAR_hms_government;치오리 입헌왕국;;;;;;;;;;;;;x
KAR_hms_government2;치오리 의회내각;;;;;;;;;;;;;x
KAR_prussian_constitutionalism;치오리 왕실참사회;;;;;;;;;;;;;x
KAR_prussian_constitutionalism2;치오리 왕실참의회;;;;;;;;;;;;;x
KAR_theocracy;치오리 승가국;;;;;;;;;;;;;x
KAR_trade_unions_congress;치오리 노동조합연맹;;;;;;;;;;;;;x
KAS_absolute_monarchy;버메일 라자국;;;;;;;;;;;;;x
KAS_absolute_monarchy2;버메일 세습라자국;;;;;;;;;;;;;x
KAS_colonial_company;버메일 동인도회사령;;;;;;;;;;;;;x
KAS_democracy;버메일 공화국;;;;;;;;;;;;;x
KAS_democracy2;버메일 의회공화국;;;;;;;;;;;;;x
KAS_dominion;버메일 번왕령;;;;;;;;;;;;;x
KAS_dominion2;버메일 번왕연합;;;;;;;;;;;;;x
KAS_dominion3;버메일 왕실직할령;;;;;;;;;;;;;x
KAS_hms_government;버메일 입헌라자국;;;;;;;;;;;;;x
KAS_hms_government2;버메일 의회내각;;;;;;;;;;;;;x
KAS_prussian_constitutionalism;버메일 다르바르;;;;;;;;;;;;;x
KAS_prussian_constitutionalism2;버메일 제후회의;;;;;;;;;;;;;x
KAS_theocracy;버메일 사원연합국;;;;;;;;;;;;;x
KAS_trade_unions_congress;버메일 노동조합총연맹;;;;;;;;;;;;;x
KAZ_absolute_monarchy2;리스캄 세습칸국;;;;;;;;;;;;;x
KAZ_colonial_company;리스캄 통상회사령;;;;;;;;;;;;;x
KAZ_democracy;리스캄 공화국;;;;;;;;;;;;;x
KAZ_democracy2;리스캄 의회공화국;;;;;;;;;;;;;x
KAZ_dominion;리스캄 자치령;;;;;;;;;;;;;x
KAZ_dominion2;리스캄 자치연방;;;;;;;;;;;;;x
KAZ_dominion3;리스캄 보호토후령;;;;;;;;;;;;;x
KAZ_hms_government;리스캄 입헌칸국;;;;;;;;;;;;;x
KAZ_hms_government2;리스캄 의회내각;;;;;;;;;;;;;x
KAZ_prussian_constitutionalism;리스캄 칸국의정회;;;;;;;;;;;;;x
KAZ_prussian_constitutionalism2;리스캄 귀족협의회;;;;;;;;;;;;;x
KAZ_theocracy;리스캄 이맘국;;;;;;;;;;;;;x
KAZ_trade_unions_congress;리스캄 노동자평의회;;;;;;;;;;;;;x
KBO_absolute_monarchy2;카넴-보르누 세습술탄국;;;;;;;;;;;;;x
KBO_colonial_company;카넴-보르누 통상회사령;;;;;;;;;;;;;x
KBO_democracy;카넴-보르누 공화국;;;;;;;;;;;;;x
KBO_democracy2;카넴-보르누 의회공화국;;;;;;;;;;;;;x
KBO_dominion;카넴-보르누 자치령;;;;;;;;;;;;;x
KBO_dominion2;카넴-보르누 자치연방;;;;;;;;;;;;;x
KBO_dominion3;카넴-보르누 보호토후령;;;;;;;;;;;;;x
KBO_hms_government2;카넴-보르누 의회내각;;;;;;;;;;;;;x
KBO_prussian_constitutionalism2;카넴-보르누 귀족협의회;;;;;;;;;;;;;x
KBO_theocracy;카넴-보르누 이맘국;;;;;;;;;;;;;x
KBO_trade_unions_congress;카넴-보르누 노동조합총연맹;;;;;;;;;;;;;x
KCH_absolute_monarchy;키라라 왕국;;;;;;;;;;;;;x
KCH_absolute_monarchy2;키라라 세습왕국;;;;;;;;;;;;;x
KCH_colonial_company;키라라 특허회사령;;;;;;;;;;;;;x
KCH_democracy;키라라 공화국;;;;;;;;;;;;;x
KCH_democracy2;키라라 의회공화국;;;;;;;;;;;;;x
KCH_dominion;키라라 자치령;;;;;;;;;;;;;x
KCH_dominion2;키라라 자치연방;;;;;;;;;;;;;x
KCH_dominion3;키라라 왕실속령;;;;;;;;;;;;;x
KCH_hms_government;키라라 입헌왕국;;;;;;;;;;;;;x
KCH_hms_government2;키라라 의회내각;;;;;;;;;;;;;x
KCH_prussian_constitutionalism;키라라 왕실참사회;;;;;;;;;;;;;x
KCH_prussian_constitutionalism2;키라라 왕실참의회;;;;;;;;;;;;;x
KCH_theocracy;키라라 제사장국;;;;;;;;;;;;;x
KCH_trade_unions_congress;키라라 노동조합연맹;;;;;;;;;;;;;x
KDS_absolute_monarchy;플룸 토후국;;;;;;;;;;;;;x
KDS_absolute_monarchy2;플룸 세습토후국;;;;;;;;;;;;;x
KDS_colonial_company;플룸 통상회사령;;;;;;;;;;;;;x
KDS_democracy;플룸 공화국;;;;;;;;;;;;;x
KDS_democracy2;플룸 의회공화국;;;;;;;;;;;;;x
KDS_dominion;플룸 자치령;;;;;;;;;;;;;x
KDS_dominion2;플룸 자치연방;;;;;;;;;;;;;x
KDS_dominion3;플룸 보호토후령;;;;;;;;;;;;;x
KDS_hms_government;플룸 입헌토후국;;;;;;;;;;;;;x
KDS_hms_government2;플룸 의회내각;;;;;;;;;;;;;x
KDS_prussian_constitutionalism;플룸 지르가;;;;;;;;;;;;;x
KDS_prussian_constitutionalism2;플룸 귀족협의회;;;;;;;;;;;;;x
KDS_theocracy;플룸 이맘국;;;;;;;;;;;;;x
KDS_trade_unions_congress;플룸 노동자평의회;;;;;;;;;;;;;x
KGW_absolute_monarchy;카라궤 왕국;;;;;;;;;;;;;x
KGW_absolute_monarchy2;카라궤 세습왕국;;;;;;;;;;;;;x
KGW_colonial_company;카라궤 특허회사령;;;;;;;;;;;;;x
KGW_democracy;카라궤 공화국;;;;;;;;;;;;;x
KGW_democracy2;카라궤 의회공화국;;;;;;;;;;;;;x
KGW_dominion;카라궤 보호국;;;;;;;;;;;;;x
KGW_dominion2;카라궤 자치국연합;;;;;;;;;;;;;x
KGW_dominion3;카라궤 왕실보호령;;;;;;;;;;;;;x
KGW_hms_government;카라궤 입헌왕국;;;;;;;;;;;;;x
KGW_hms_government2;카라궤 의회내각;;;;;;;;;;;;;x
KGW_prussian_constitutionalism;카라궤 왕실원로회;;;;;;;;;;;;;x
KGW_prussian_constitutionalism2;카라궤 추장원로회;;;;;;;;;;;;;x
KGW_theocracy;카라궤 제사장국;;;;;;;;;;;;;x
KGW_trade_unions_congress;카라궤 노동조합연맹;;;;;;;;;;;;;x
KHA_absolute_monarchy;하모니 대추장국;;;;;;;;;;;;;x
KHA_absolute_monarchy2;하모니 왕조;;;;;;;;;;;;;x
KHA_colonial_company;하모니 특허회사령;;;;;;;;;;;;;x
KHA_democracy;하모니 부족공화국;;;;;;;;;;;;;x
KHA_democracy2;하모니 의회공화국;;;;;;;;;;;;;x
KHA_dominion;하모니 보호국;;;;;;;;;;;;;x
KHA_dominion2;하모니 자치국연합;;;;;;;;;;;;;x
KHA_dominion3;하모니 왕실보호령;;;;;;;;;;;;;x
KHA_hms_government;하모니 입헌추장국;;;;;;;;;;;;;x
KHA_hms_government2;하모니 의회내각;;;;;;;;;;;;;x
KHA_prussian_constitutionalism;하모니 부족원로회;;;;;;;;;;;;;x
KHA_prussian_constitutionalism2;하모니 추장원로회;;;;;;;;;;;;;x
KHA_theocracy;하모니 제사장국;;;;;;;;;;;;;x
KHA_trade_unions_congress;하모니 생산자연맹;;;;;;;;;;;;;x
KHI_absolute_monarchy2;가비알 세습칸국;;;;;;;;;;;;;x
KHI_colonial_company;가비알 통상회사령;;;;;;;;;;;;;x
KHI_democracy2;가비알 의회공화국;;;;;;;;;;;;;x
KHI_dominion;가비알 자치령;;;;;;;;;;;;;x
KHI_dominion2;가비알 자치연방;;;;;;;;;;;;;x
KHI_dominion3;가비알 보호토후령;;;;;;;;;;;;;x
KHI_hms_government;가비알 입헌칸국;;;;;;;;;;;;;x
KHI_hms_government2;가비알 의회내각;;;;;;;;;;;;;x
KHI_prussian_constitutionalism;가비알 칸국의정회;;;;;;;;;;;;;x
KHI_prussian_constitutionalism2;가비알 귀족협의회;;;;;;;;;;;;;x
KHI_theocracy;가비알 이맘국;;;;;;;;;;;;;x
KHI_trade_unions_congress;가비알 노동자평의회;;;;;;;;;;;;;x
KHP_absolute_monarchy;프로방스 나와브국;;;;;;;;;;;;;x
KHP_absolute_monarchy2;프로방스 세습나와브국;;;;;;;;;;;;;x
KHP_colonial_company;프로방스 동인도회사령;;;;;;;;;;;;;x
KHP_democracy;프로방스 공화국;;;;;;;;;;;;;x
KHP_democracy2;프로방스 의회공화국;;;;;;;;;;;;;x
KHP_dominion;프로방스 번왕령;;;;;;;;;;;;;x
KHP_dominion2;프로방스 번왕연합;;;;;;;;;;;;;x
KHP_dominion3;프로방스 왕실직할령;;;;;;;;;;;;;x
KHP_hms_government;프로방스 입헌나와브국;;;;;;;;;;;;;x
KHP_hms_government2;프로방스 의회내각;;;;;;;;;;;;;x
KHP_prussian_constitutionalism;프로방스 다르바르;;;;;;;;;;;;;x
KHP_prussian_constitutionalism2;프로방스 제후회의;;;;;;;;;;;;;x
KHP_theocracy;프로방스 이맘국;;;;;;;;;;;;;x
KHP_trade_unions_congress;프로방스 노동조합총연맹;;;;;;;;;;;;;x
KHR_absolute_monarchy2;파피루스 세습샤국;;;;;;;;;;;;;x
KHR_colonial_company;파피루스 통상회사령;;;;;;;;;;;;;x
KHR_democracy2;파피루스 의회공화국;;;;;;;;;;;;;x
KHR_dominion;파피루스 자치령;;;;;;;;;;;;;x
KHR_dominion2;파피루스 자치연방;;;;;;;;;;;;;x
KHR_dominion3;파피루스 보호토후령;;;;;;;;;;;;;x
KHR_hms_government2;파피루스 의회내각;;;;;;;;;;;;;x
KHR_prussian_constitutionalism2;파피루스 귀족협의회;;;;;;;;;;;;;x
KHR_theocracy;파피루스 이맘국;;;;;;;;;;;;;x
KHR_trade_unions_congress;파피루스 노동조합연맹;;;;;;;;;;;;;x
KHZ_absolute_monarchy2;카디건 세습토후국;;;;;;;;;;;;;x
KHZ_colonial_company;카디건 통상회사령;;;;;;;;;;;;;x
KHZ_democracy2;카디건 의회공화국;;;;;;;;;;;;;x
KHZ_dominion;카디건 자치령;;;;;;;;;;;;;x
KHZ_dominion2;카디건 자치연방;;;;;;;;;;;;;x
KHZ_dominion3;카디건 보호토후령;;;;;;;;;;;;;x
KHZ_hms_government2;카디건 의회내각;;;;;;;;;;;;;x
KHZ_prussian_constitutionalism2;카디건 귀족협의회;;;;;;;;;;;;;x
KHZ_theocracy;카디건 이맘국;;;;;;;;;;;;;x
KHZ_trade_unions_congress;카디건 노동조합총연맹;;;;;;;;;;;;;x
KLM_absolute_monarchy2;첸 세습술탄국;;;;;;;;;;;;;x
KLM_colonial_company;첸 통상회사령;;;;;;;;;;;;;x
KLM_democracy;첸 공화국;;;;;;;;;;;;;x
KLM_democracy2;첸 의회공화국;;;;;;;;;;;;;x
KLM_dominion;첸 자치령;;;;;;;;;;;;;x
KLM_dominion2;첸 자치연방;;;;;;;;;;;;;x
KLM_dominion3;첸 보호토후령;;;;;;;;;;;;;x
KLM_hms_government2;첸 의회내각;;;;;;;;;;;;;x
KLM_prussian_constitutionalism2;첸 귀족협의회;;;;;;;;;;;;;x
KLM_theocracy;첸 이맘국;;;;;;;;;;;;;x
KLM_trade_unions_congress;첸 노동조합연맹;;;;;;;;;;;;;x
KMK_absolute_monarchy;캔디스 칸국;;;;;;;;;;;;;x
KMK_absolute_monarchy2;캔디스 세습칸국;;;;;;;;;;;;;x
KMK_colonial_company;캔디스 통상관할령;;;;;;;;;;;;;x
KMK_democracy;캔디스 공화국;;;;;;;;;;;;;x
KMK_democracy2;캔디스 의회공화국;;;;;;;;;;;;;x
KMK_dominion;캔디스 자치기;;;;;;;;;;;;;x
KMK_dominion2;캔디스 맹기연합;;;;;;;;;;;;;x
KMK_dominion3;캔디스 왕공령;;;;;;;;;;;;;x
KMK_hms_government;캔디스 입헌칸국;;;;;;;;;;;;;x
KMK_hms_government2;캔디스 의회내각;;;;;;;;;;;;;x
KMK_prussian_constitutionalism;캔디스 쿠릴타이;;;;;;;;;;;;;x
KMK_prussian_constitutionalism2;캔디스 왕공회의;;;;;;;;;;;;;x
KMK_theocracy;캔디스 라마정권;;;;;;;;;;;;;x
KMK_trade_unions_congress;캔디스 노동자대회;;;;;;;;;;;;;x
KML_absolute_monarchy;토모에 칸국;;;;;;;;;;;;;x
KML_absolute_monarchy2;토모에 세습칸국;;;;;;;;;;;;;x
KML_colonial_company;토모에 통상회사령;;;;;;;;;;;;;x
KML_democracy2;토모에 의회공화국;;;;;;;;;;;;;x
KML_dominion;토모에 자치령;;;;;;;;;;;;;x
KML_dominion2;토모에 자치연방;;;;;;;;;;;;;x
KML_dominion3;토모에 보호토후령;;;;;;;;;;;;;x
KML_hms_government;토모에 입헌칸국;;;;;;;;;;;;;x
KML_hms_government2;토모에 의회내각;;;;;;;;;;;;;x
KML_prussian_constitutionalism;토모에 칸국의정회;;;;;;;;;;;;;x
KML_prussian_constitutionalism2;토모에 귀족협의회;;;;;;;;;;;;;x
KML_theocracy;토모에 이맘국;;;;;;;;;;;;;x
KML_trade_unions_congress;토모에 노동자평의회;;;;;;;;;;;;;x
KMT_absolute_monarchy2;치치 황실조정;;;;;;;;;;;;;x
KMT_colonial_company;치치 조계지;;;;;;;;;;;;;x
KMT_democracy2;치치 연성공화국;;;;;;;;;;;;;x
KMT_dominion;치치 자치성;;;;;;;;;;;;;x
KMT_dominion2;치치 연성정부;;;;;;;;;;;;;x
KMT_dominion3;치치 번부;;;;;;;;;;;;;x
KMT_hms_government;치치 책임내각;;;;;;;;;;;;;x
KMT_hms_government2;치치 의회내각;;;;;;;;;;;;;x
KMT_prussian_constitutionalism;치치 자정원;;;;;;;;;;;;;x
KMT_prussian_constitutionalism2;치치 참정원;;;;;;;;;;;;;x
KMT_theocracy;치치 유교제정국;;;;;;;;;;;;;x
KMT_trade_unions_congress;치치 총공회;;;;;;;;;;;;;x
KNG_absolute_monarchy;콩 제국;;;;;;;;;;;;;x
KNG_absolute_monarchy2;콩 세습제국;;;;;;;;;;;;;x
KNG_colonial_company;콩 통상회사령;;;;;;;;;;;;;x
KNG_democracy;콩 공화국;;;;;;;;;;;;;x
KNG_democracy2;콩 의회공화국;;;;;;;;;;;;;x
KNG_dominion;콩 자치령;;;;;;;;;;;;;x
KNG_dominion2;콩 자치연방;;;;;;;;;;;;;x
KNG_dominion3;콩 보호토후령;;;;;;;;;;;;;x
KNG_hms_government;콩 입헌제국;;;;;;;;;;;;;x
KNG_hms_government2;콩 의회내각;;;;;;;;;;;;;x
KNG_prussian_constitutionalism;콩 디완;;;;;;;;;;;;;x
KNG_prussian_constitutionalism2;콩 귀족협의회;;;;;;;;;;;;;x
KNG_theocracy;콩 이맘국;;;;;;;;;;;;;x
KNG_trade_unions_congress;콩 노동조합총연맹;;;;;;;;;;;;;x
KNP_absolute_monarchy;노엘 공국;;;;;;;;;;;;;x
KNP_absolute_monarchy2;노엘 세습공국;;;;;;;;;;;;;x
KNP_colonial_company;노엘 특허회사령;;;;;;;;;;;;;x
KNP_democracy;노엘 자유국;;;;;;;;;;;;;x
KNP_democracy2;노엘 도시공화국;;;;;;;;;;;;;x
KNP_dominion;노엘 자치령;;;;;;;;;;;;;x
KNP_dominion2;노엘 자치연방;;;;;;;;;;;;;x
KNP_dominion3;노엘 왕실직할령;;;;;;;;;;;;;x
KNP_hms_government;노엘 입헌공국;;;;;;;;;;;;;x
KNP_hms_government2;노엘 영방내각;;;;;;;;;;;;;x
KNP_prussian_constitutionalism;노엘 영방의회;;;;;;;;;;;;;x
KNP_prussian_constitutionalism2;노엘 제후회의;;;;;;;;;;;;;x
KNP_theocracy;노엘 교회연합국;;;;;;;;;;;;;x
KNP_trade_unions_congress;노엘 노동자평의회;;;;;;;;;;;;;x
KNY_absolute_monarchy;케냐 왕국;;;;;;;;;;;;;x
KNY_absolute_monarchy2;케냐 세습왕국;;;;;;;;;;;;;x
KNY_democracy;케냐 공화국;;;;;;;;;;;;;x
KNY_democracy2;케냐 의회공화국;;;;;;;;;;;;;x
KNY_dominion2;케냐 자치국연합;;;;;;;;;;;;;x
KNY_dominion3;케냐 왕실보호령;;;;;;;;;;;;;x
KNY_hms_government;케냐 입헌왕국;;;;;;;;;;;;;x
KNY_hms_government2;케냐 의회내각;;;;;;;;;;;;;x
KNY_prussian_constitutionalism;케냐 왕실원로회;;;;;;;;;;;;;x
KNY_prussian_constitutionalism2;케냐 추장원로회;;;;;;;;;;;;;x
KNY_theocracy;케냐 교회연합국;;;;;;;;;;;;;x
KNY_trade_unions_congress;케냐 노동조합연맹;;;;;;;;;;;;;x
KOH_absolute_monarchy;비즈왁스 토후국;;;;;;;;;;;;;x
KOH_absolute_monarchy2;비즈왁스 세습토후국;;;;;;;;;;;;;x
KOH_colonial_company;비즈왁스 통상회사령;;;;;;;;;;;;;x
KOH_democracy;비즈왁스 공화국;;;;;;;;;;;;;x
KOH_democracy2;비즈왁스 의회공화국;;;;;;;;;;;;;x
KOH_dominion;비즈왁스 자치령;;;;;;;;;;;;;x
KOH_dominion2;비즈왁스 자치연방;;;;;;;;;;;;;x
KOH_dominion3;비즈왁스 보호토후령;;;;;;;;;;;;;x
KOH_hms_government;비즈왁스 입헌토후국;;;;;;;;;;;;;x
KOH_hms_government2;비즈왁스 의회내각;;;;;;;;;;;;;x
KOH_prussian_constitutionalism;비즈왁스 지르가;;;;;;;;;;;;;x
KOH_prussian_constitutionalism2;비즈왁스 귀족협의회;;;;;;;;;;;;;x
KOH_theocracy;비즈왁스 승가국;;;;;;;;;;;;;x
KOH_trade_unions_congress;비즈왁스 노동자평의회;;;;;;;;;;;;;x
KOK_absolute_monarchy2;유넥티스 세습칸국;;;;;;;;;;;;;x
KOK_colonial_company;유넥티스 통상회사령;;;;;;;;;;;;;x
KOK_democracy2;유넥티스 의회공화국;;;;;;;;;;;;;x
KOK_dominion;유넥티스 자치령;;;;;;;;;;;;;x
KOK_dominion2;유넥티스 자치연방;;;;;;;;;;;;;x
KOK_dominion3;유넥티스 보호토후령;;;;;;;;;;;;;x
KOK_hms_government;유넥티스 입헌칸국;;;;;;;;;;;;;x
KOK_hms_government2;유넥티스 의회내각;;;;;;;;;;;;;x
KOK_prussian_constitutionalism;유넥티스 칸국의정회;;;;;;;;;;;;;x
KOK_prussian_constitutionalism2;유넥티스 귀족협의회;;;;;;;;;;;;;x
KOK_theocracy;유넥티스 이맘국;;;;;;;;;;;;;x
KOK_trade_unions_congress;유넥티스 노동자평의회;;;;;;;;;;;;;x
KON_absolute_monarchy;콩고 왕국;;;;;;;;;;;;;x
KON_absolute_monarchy2;음반자콩고 세습왕국;;;;;;;;;;;;;x
KON_colonial_company;음반자콩고 특허회사령;;;;;;;;;;;;;x
KON_democracy;음반자콩고 공화국;;;;;;;;;;;;;x
KON_democracy2;음반자콩고 의회공화국;;;;;;;;;;;;;x
KON_dominion;음반자콩고 보호국;;;;;;;;;;;;;x
KON_dominion2;음반자콩고 자치국연합;;;;;;;;;;;;;x
KON_dominion3;음반자콩고 왕실보호령;;;;;;;;;;;;;x
KON_hms_government;음반자콩고 입헌왕국;;;;;;;;;;;;;x
KON_hms_government2;음반자콩고 의회내각;;;;;;;;;;;;;x
KON_prussian_constitutionalism;음반자콩고 왕실원로회;;;;;;;;;;;;;x
KON_prussian_constitutionalism2;음반자콩고 추장원로회;;;;;;;;;;;;;x
KON_theocracy;음반자콩고 주교령;;;;;;;;;;;;;x
KON_trade_unions_congress;음반자콩고 노동조합연맹;;;;;;;;;;;;;x
KOR_absolute_monarchy2;수학술사 황립학궁;;;;;;;;;;;;;x
KOR_democracy2;수학술사 배움자치의회;;;;;;;;;;;;;x
KOR_dominion2;수학술사 학당연합;;;;;;;;;;;;;x
KOR_dominion3;수학술사 왕실교육령;;;;;;;;;;;;;x
KOR_hms_government;수학술사 입헌학술원;;;;;;;;;;;;;x
KOR_hms_government2;수학술사 교육책임내각;;;;;;;;;;;;;x
KOR_prussian_constitutionalism;수학술사 학술중추원;;;;;;;;;;;;;x
KOR_prussian_constitutionalism2;수학술사 교육의정부;;;;;;;;;;;;;x
KOR_theocracy;수학술사 대수학 성전;;;;;;;;;;;;;x
KOR_trade_unions_congress;수학술사 교원연맹;;;;;;;;;;;;;x
KPB_colonial_company;리에라 사야 특허회사령;;;;;;;;;;;;;x
KPB_democracy2;리에라 사야 의회공화국;;;;;;;;;;;;;x
KPB_dominion;리에라 사야 자치령;;;;;;;;;;;;;x
KPB_dominion2;리에라 사야 자치연방;;;;;;;;;;;;;x
KPB_dominion3;리에라 사야 왕실속령;;;;;;;;;;;;;x
KPB_theocracy;리에라 사야 주교령;;;;;;;;;;;;;x
KPB_trade_unions_congress;리에라 사야 노동조합연합;;;;;;;;;;;;;x
KRA_absolute_monarchy;즈이카쿠 왕국;;;;;;;;;;;;;x
KRA_absolute_monarchy2;즈이카쿠 세습왕국;;;;;;;;;;;;;x
KRA_colonial_company;즈이카쿠 특허회사령;;;;;;;;;;;;;x
KRA_democracy;즈이카쿠 공화국;;;;;;;;;;;;;x
KRA_democracy2;즈이카쿠 의회공화국;;;;;;;;;;;;;x
KRA_dominion;즈이카쿠 자치령;;;;;;;;;;;;;x
KRA_dominion2;즈이카쿠 자치연방;;;;;;;;;;;;;x
KRA_dominion3;즈이카쿠 왕실속령;;;;;;;;;;;;;x
KRA_hms_government;즈이카쿠 입헌왕국;;;;;;;;;;;;;x
KRA_hms_government2;즈이카쿠 의회내각;;;;;;;;;;;;;x
KRA_prussian_constitutionalism;즈이카쿠 셰임;;;;;;;;;;;;;x
KRA_prussian_constitutionalism2;즈이카쿠 왕실참의회;;;;;;;;;;;;;x
KRA_theocracy;즈이카쿠 주교령;;;;;;;;;;;;;x
KRA_trade_unions_congress;즈이카쿠 노동자평의회;;;;;;;;;;;;;x
KRL_absolute_monarchy;지마 왕국;;;;;;;;;;;;;x
KRL_absolute_monarchy2;지마 세습왕국;;;;;;;;;;;;;x
KRL_colonial_company;지마 특허회사령;;;;;;;;;;;;;x
KRL_democracy;지마 공화국;;;;;;;;;;;;;x
KRL_democracy2;지마 의회공화국;;;;;;;;;;;;;x
KRL_dominion;지마 자치령;;;;;;;;;;;;;x
KRL_dominion2;지마 자치연방;;;;;;;;;;;;;x
KRL_dominion3;지마 왕실속령;;;;;;;;;;;;;x
KRL_hms_government;지마 입헌왕국;;;;;;;;;;;;;x
KRL_hms_government2;지마 의회내각;;;;;;;;;;;;;x
KRL_prussian_constitutionalism;지마 국왕참사회;;;;;;;;;;;;;x
KRL_prussian_constitutionalism2;지마 왕실참의회;;;;;;;;;;;;;x
KRL_theocracy;지마 총대주교령;;;;;;;;;;;;;x
KRL_trade_unions_congress;지마 노동조합연맹;;;;;;;;;;;;;x
KRN_absolute_monarchy;멜란사 나와브국;;;;;;;;;;;;;x
KRN_absolute_monarchy2;멜란사 세습나와브국;;;;;;;;;;;;;x
KRN_colonial_company;멜란사 동인도회사령;;;;;;;;;;;;;x
KRN_democracy2;멜란사 의회공화국;;;;;;;;;;;;;x
KRN_dominion;멜란사 번왕령;;;;;;;;;;;;;x
KRN_dominion2;멜란사 번왕연합;;;;;;;;;;;;;x
KRN_dominion3;멜란사 왕실직할령;;;;;;;;;;;;;x
KRN_hms_government;멜란사 입헌나와브국;;;;;;;;;;;;;x
KRN_hms_government2;멜란사 의회내각;;;;;;;;;;;;;x
KRN_prussian_constitutionalism;멜란사 다르바르;;;;;;;;;;;;;x
KRN_prussian_constitutionalism2;멜란사 제후회의;;;;;;;;;;;;;x
KRN_theocracy;멜란사 이맘국;;;;;;;;;;;;;x
KRN_trade_unions_congress;멜란사 노동조합총연맹;;;;;;;;;;;;;x
KRO_absolute_monarchy2;롱아일랜드 세습공국;;;;;;;;;;;;;x
KRO_democracy2;롱아일랜드 도시공화국;;;;;;;;;;;;;x
KRO_dominion2;롱아일랜드 자치연방;;;;;;;;;;;;;x
KRO_dominion3;롱아일랜드 왕실직할령;;;;;;;;;;;;;x
KRO_hms_government2;롱아일랜드 영방내각;;;;;;;;;;;;;x
KRO_prussian_constitutionalism2;롱아일랜드 제후회의;;;;;;;;;;;;;x
KRO_theocracy;롱아일랜드 교회연합국;;;;;;;;;;;;;x
KRO_trade_unions_congress;롱아일랜드 노동자평의회;;;;;;;;;;;;;x
KTH_absolute_monarchy;무스 토후국;;;;;;;;;;;;;x
KTH_absolute_monarchy2;무스 세습토후국;;;;;;;;;;;;;x
KTH_colonial_company;무스 통상회사령;;;;;;;;;;;;;x
KTH_democracy;무스 공화국;;;;;;;;;;;;;x
KTH_democracy2;무스 의회공화국;;;;;;;;;;;;;x
KTH_dominion;무스 자치령;;;;;;;;;;;;;x
KTH_dominion2;무스 자치연방;;;;;;;;;;;;;x
KTH_dominion3;무스 보호토후령;;;;;;;;;;;;;x
KTH_hms_government;무스 입헌토후국;;;;;;;;;;;;;x
KTH_hms_government2;무스 의회내각;;;;;;;;;;;;;x
KTH_prussian_constitutionalism;무스 슈라 평의회;;;;;;;;;;;;;x
KTH_prussian_constitutionalism2;무스 귀족협의회;;;;;;;;;;;;;x
KTH_theocracy;무스 이맘국;;;;;;;;;;;;;x
KTH_trade_unions_congress;무스 노동조합총연맹;;;;;;;;;;;;;x
KTI_absolute_monarchy;시 술탄국;;;;;;;;;;;;;x
KTI_absolute_monarchy2;시 세습술탄국;;;;;;;;;;;;;x
KTI_colonial_company;시 통상회사령;;;;;;;;;;;;;x
KTI_democracy;시 공화국;;;;;;;;;;;;;x
KTI_democracy2;시 의회공화국;;;;;;;;;;;;;x
KTI_dominion;시 자치령;;;;;;;;;;;;;x
KTI_dominion2;시 자치연방;;;;;;;;;;;;;x
KTI_dominion3;시 보호토후령;;;;;;;;;;;;;x
KTI_hms_government;시 입헌술탄국;;;;;;;;;;;;;x
KTI_hms_government2;시 의회내각;;;;;;;;;;;;;x
KTI_prussian_constitutionalism;시 술탄참사회;;;;;;;;;;;;;x
KTI_prussian_constitutionalism2;시 귀족협의회;;;;;;;;;;;;;x
KTI_theocracy;시 이맘국;;;;;;;;;;;;;x
KTI_trade_unions_congress;시 노동조합연맹;;;;;;;;;;;;;x
KUB_absolute_monarchy;쿠바 왕국;;;;;;;;;;;;;x
KUB_absolute_monarchy2;쿠바 세습왕국;;;;;;;;;;;;;x
KUB_colonial_company;쿠바 특허회사령;;;;;;;;;;;;;x
KUB_democracy;쿠바 공화국;;;;;;;;;;;;;x
KUB_democracy2;쿠바 의회공화국;;;;;;;;;;;;;x
KUB_dominion;쿠바 보호국;;;;;;;;;;;;;x
KUB_dominion2;쿠바 자치국연합;;;;;;;;;;;;;x
KUB_dominion3;쿠바 왕실보호령;;;;;;;;;;;;;x
KUB_hms_government;쿠바 입헌왕국;;;;;;;;;;;;;x
KUB_hms_government2;쿠바 의회내각;;;;;;;;;;;;;x
KUB_prussian_constitutionalism;쿠바 왕실원로회;;;;;;;;;;;;;x
KUB_prussian_constitutionalism2;쿠바 추장원로회;;;;;;;;;;;;;x
KUB_theocracy;쿠바 제사장국;;;;;;;;;;;;;x
KUB_trade_unions_congress;쿠바 노동조합연맹;;;;;;;;;;;;;x
KUN_absolute_monarchy;엔텔레키아 토후국;;;;;;;;;;;;;x
KUN_absolute_monarchy2;엔텔레키아 세습토후국;;;;;;;;;;;;;x
KUN_colonial_company;엔텔레키아 통상회사령;;;;;;;;;;;;;x
KUN_democracy;엔텔레키아 공화국;;;;;;;;;;;;;x
KUN_democracy2;엔텔레키아 의회공화국;;;;;;;;;;;;;x
KUN_dominion;엔텔레키아 자치령;;;;;;;;;;;;;x
KUN_dominion2;엔텔레키아 자치연방;;;;;;;;;;;;;x
KUN_dominion3;엔텔레키아 보호토후령;;;;;;;;;;;;;x
KUN_hms_government;엔텔레키아 입헌토후국;;;;;;;;;;;;;x
KUN_hms_government2;엔텔레키아 의회내각;;;;;;;;;;;;;x
KUN_prussian_constitutionalism;엔텔레키아 지르가;;;;;;;;;;;;;x
KUN_prussian_constitutionalism2;엔텔레키아 귀족협의회;;;;;;;;;;;;;x
KUN_theocracy;엔텔레키아 이맘국;;;;;;;;;;;;;x
KUN_trade_unions_congress;엔텔레키아 노동자평의회;;;;;;;;;;;;;x
KUT_absolute_monarchy;실론 나와브국;;;;;;;;;;;;;x
KUT_absolute_monarchy2;실론 세습나와브국;;;;;;;;;;;;;x
KUT_colonial_company;실론 동인도회사령;;;;;;;;;;;;;x
KUT_democracy;실론 공화국;;;;;;;;;;;;;x
KUT_democracy2;실론 의회공화국;;;;;;;;;;;;;x
KUT_dominion;실론 번왕령;;;;;;;;;;;;;x
KUT_dominion2;실론 번왕연합;;;;;;;;;;;;;x
KUT_dominion3;실론 왕실직할령;;;;;;;;;;;;;x
KUT_hms_government;실론 입헌나와브국;;;;;;;;;;;;;x
KUT_hms_government2;실론 의회내각;;;;;;;;;;;;;x
KUT_prussian_constitutionalism;실론 다르바르;;;;;;;;;;;;;x
KUT_prussian_constitutionalism2;실론 제후회의;;;;;;;;;;;;;x
KUT_theocracy;실론 이맘국;;;;;;;;;;;;;x
KUT_trade_unions_congress;실론 노동조합총연맹;;;;;;;;;;;;;x
KWT_absolute_monarchy;시데로카 토후국;;;;;;;;;;;;;x
KWT_absolute_monarchy2;시데로카 세습토후국;;;;;;;;;;;;;x
KWT_colonial_company;시데로카 통상회사령;;;;;;;;;;;;;x
KWT_democracy;시데로카 공화국;;;;;;;;;;;;;x
KWT_democracy2;시데로카 의회공화국;;;;;;;;;;;;;x
KWT_dominion;시데로카 자치령;;;;;;;;;;;;;x
KWT_dominion2;시데로카 자치연방;;;;;;;;;;;;;x
KWT_dominion3;시데로카 보호토후령;;;;;;;;;;;;;x
KWT_hms_government;시데로카 입헌토후국;;;;;;;;;;;;;x
KWT_hms_government2;시데로카 의회내각;;;;;;;;;;;;;x
KWT_prussian_constitutionalism;시데로카 슈라 평의회;;;;;;;;;;;;;x
KWT_prussian_constitutionalism2;시데로카 귀족협의회;;;;;;;;;;;;;x
KWT_theocracy;시데로카 이맘국;;;;;;;;;;;;;x
KWT_trade_unions_congress;시데로카 노동조합총연맹;;;;;;;;;;;;;x
KYR_absolute_monarchy;페페 칸국;;;;;;;;;;;;;x
KYR_absolute_monarchy2;페페 세습칸국;;;;;;;;;;;;;x
KYR_colonial_company;페페 통상회사령;;;;;;;;;;;;;x
KYR_democracy;페페 공화국;;;;;;;;;;;;;x
KYR_democracy2;페페 의회공화국;;;;;;;;;;;;;x
KYR_dominion;페페 자치령;;;;;;;;;;;;;x
KYR_dominion2;페페 자치연방;;;;;;;;;;;;;x
KYR_dominion3;페페 보호토후령;;;;;;;;;;;;;x
KYR_hms_government;페페 입헌칸국;;;;;;;;;;;;;x
KYR_hms_government2;페페 의회내각;;;;;;;;;;;;;x
KYR_prussian_constitutionalism;페페 칸국의정회;;;;;;;;;;;;;x
KYR_prussian_constitutionalism2;페페 귀족협의회;;;;;;;;;;;;;x
KYR_theocracy;페페 이맘국;;;;;;;;;;;;;x
KYR_trade_unions_congress;페페 노동자평의회;;;;;;;;;;;;;x
KZB_absolute_monarchy;카젬베 왕국;;;;;;;;;;;;;x
KZB_absolute_monarchy2;카젬베 세습왕국;;;;;;;;;;;;;x
KZB_colonial_company;카젬베 특허회사령;;;;;;;;;;;;;x
KZB_democracy;카젬베 공화국;;;;;;;;;;;;;x
KZB_democracy2;카젬베 의회공화국;;;;;;;;;;;;;x
KZB_dominion;카젬베 보호국;;;;;;;;;;;;;x
KZB_dominion2;카젬베 자치국연합;;;;;;;;;;;;;x
KZB_dominion3;카젬베 왕실보호령;;;;;;;;;;;;;x
KZB_hms_government;카젬베 입헌왕국;;;;;;;;;;;;;x
KZB_hms_government2;카젬베 의회내각;;;;;;;;;;;;;x
KZB_prussian_constitutionalism;카젬베 왕실원로회;;;;;;;;;;;;;x
KZB_prussian_constitutionalism2;카젬베 추장원로회;;;;;;;;;;;;;x
KZB_theocracy;카젬베 제사장국;;;;;;;;;;;;;x
KZB_trade_unions_congress;카젬베 노동조합연맹;;;;;;;;;;;;;x
LAD_absolute_monarchy;파이어워치 왕국;;;;;;;;;;;;;x
LAD_absolute_monarchy2;파이어워치 세습왕국;;;;;;;;;;;;;x
LAD_colonial_company;파이어워치 통상관할령;;;;;;;;;;;;;x
LAD_democracy;파이어워치 공화국;;;;;;;;;;;;;x
LAD_democracy2;파이어워치 의회공화국;;;;;;;;;;;;;x
LAD_dominion;파이어워치 자치국;;;;;;;;;;;;;x
LAD_dominion2;파이어워치 자치연방;;;;;;;;;;;;;x
LAD_dominion3;파이어워치 왕실보호령;;;;;;;;;;;;;x
LAD_hms_government;파이어워치 입헌왕국;;;;;;;;;;;;;x
LAD_hms_government2;파이어워치 의회내각;;;;;;;;;;;;;x
LAD_prussian_constitutionalism;파이어워치 카샤그;;;;;;;;;;;;;x
LAD_prussian_constitutionalism2;파이어워치 귀족승려회의;;;;;;;;;;;;;x
LAD_theocracy;파이어워치 라마정권;;;;;;;;;;;;;x
LAD_trade_unions_congress;파이어워치 노동자평의회;;;;;;;;;;;;;x
LAN_absolute_monarchy;니엔 황조;;;;;;;;;;;;;x
LAN_absolute_monarchy2;니엔 황실조정;;;;;;;;;;;;;x
LAN_colonial_company;니엔 조계지;;;;;;;;;;;;;x
LAN_democracy;니엔 민국;;;;;;;;;;;;;x
LAN_democracy2;니엔 연성공화국;;;;;;;;;;;;;x
LAN_dominion;니엔 자치성;;;;;;;;;;;;;x
LAN_dominion2;니엔 연성정부;;;;;;;;;;;;;x
LAN_dominion3;니엔 번부;;;;;;;;;;;;;x
LAN_hms_government;니엔 책임내각;;;;;;;;;;;;;x
LAN_hms_government2;니엔 의회내각;;;;;;;;;;;;;x
LAN_prussian_constitutionalism;니엔 자정원;;;;;;;;;;;;;x
LAN_prussian_constitutionalism2;니엔 참정원;;;;;;;;;;;;;x
LAN_theocracy;니엔 승가국;;;;;;;;;;;;;x
LAN_trade_unions_congress;니엔 총공회;;;;;;;;;;;;;x
LAS_absolute_monarchy;쉐라 토후국;;;;;;;;;;;;;x
LAS_absolute_monarchy2;쉐라 세습토후국;;;;;;;;;;;;;x
LAS_colonial_company;쉐라 통상회사령;;;;;;;;;;;;;x
LAS_democracy;쉐라 공화국;;;;;;;;;;;;;x
LAS_democracy2;쉐라 의회공화국;;;;;;;;;;;;;x
LAS_dominion;쉐라 자치령;;;;;;;;;;;;;x
LAS_dominion2;쉐라 자치연방;;;;;;;;;;;;;x
LAS_dominion3;쉐라 보호토후령;;;;;;;;;;;;;x
LAS_hms_government;쉐라 입헌토후국;;;;;;;;;;;;;x
LAS_hms_government2;쉐라 의회내각;;;;;;;;;;;;;x
LAS_prussian_constitutionalism;쉐라 지르가;;;;;;;;;;;;;x
LAS_prussian_constitutionalism2;쉐라 귀족협의회;;;;;;;;;;;;;x
LAS_theocracy;쉐라 이맘국;;;;;;;;;;;;;x
LAS_trade_unions_congress;쉐라 노동자평의회;;;;;;;;;;;;;x
LAT_absolute_monarchy;볼티모어 왕국;;;;;;;;;;;;;x
LAT_absolute_monarchy2;볼티모어 세습왕국;;;;;;;;;;;;;x
LAT_colonial_company;볼티모어 특허회사령;;;;;;;;;;;;;x
LAT_democracy;볼티모어 공화국;;;;;;;;;;;;;x
LAT_democracy2;볼티모어 의회공화국;;;;;;;;;;;;;x
LAT_dominion;볼티모어 자치령;;;;;;;;;;;;;x
LAT_dominion2;볼티모어 자치연방;;;;;;;;;;;;;x
LAT_dominion3;볼티모어 왕실속령;;;;;;;;;;;;;x
LAT_hms_government;볼티모어 입헌왕국;;;;;;;;;;;;;x
LAT_hms_government2;볼티모어 의회내각;;;;;;;;;;;;;x
LAT_prussian_constitutionalism;볼티모어 왕실참사회;;;;;;;;;;;;;x
LAT_prussian_constitutionalism2;볼티모어 왕실참의회;;;;;;;;;;;;;x
LAT_theocracy;볼티모어 교회연합국;;;;;;;;;;;;;x
LAT_trade_unions_congress;볼티모어 노동자평의회;;;;;;;;;;;;;x
LAU_absolute_monarchy2;설탕 세습공국;;;;;;;;;;;;;x
LAU_democracy2;설탕 도시공화국;;;;;;;;;;;;;x
LAU_dominion2;설탕 자치연방;;;;;;;;;;;;;x
LAU_dominion3;설탕 왕실직할령;;;;;;;;;;;;;x
LAU_hms_government2;설탕 영방내각;;;;;;;;;;;;;x
LAU_prussian_constitutionalism2;설탕 제후회의;;;;;;;;;;;;;x
LAU_theocracy;설탕 교회연합국;;;;;;;;;;;;;x
LAU_trade_unions_congress;설탕 노동자평의회;;;;;;;;;;;;;x
LBA_absolute_monarchy;루바 왕국;;;;;;;;;;;;;x
LBA_absolute_monarchy2;루바 세습왕국;;;;;;;;;;;;;x
LBA_colonial_company;루바 특허회사령;;;;;;;;;;;;;x
LBA_democracy;루바 공화국;;;;;;;;;;;;;x
LBA_democracy2;루바 의회공화국;;;;;;;;;;;;;x
LBA_dominion;루바 보호국;;;;;;;;;;;;;x
LBA_dominion2;루바 자치국연합;;;;;;;;;;;;;x
LBA_dominion3;루바 왕실보호령;;;;;;;;;;;;;x
LBA_hms_government;루바 입헌왕국;;;;;;;;;;;;;x
LBA_hms_government2;루바 의회내각;;;;;;;;;;;;;x
LBA_prussian_constitutionalism;루바 왕실원로회;;;;;;;;;;;;;x
LBA_prussian_constitutionalism2;루바 추장원로회;;;;;;;;;;;;;x
LBA_theocracy;루바 제사장국;;;;;;;;;;;;;x
LBA_trade_unions_congress;루바 노동조합연맹;;;;;;;;;;;;;x
LBG_absolute_monarchy2;피슬 세습공국;;;;;;;;;;;;;x
LBG_democracy2;피슬 도시공화국;;;;;;;;;;;;;x
LBG_dominion2;피슬 자치연방;;;;;;;;;;;;;x
LBG_dominion3;피슬 왕실직할령;;;;;;;;;;;;;x
LBG_hms_government2;피슬 영방내각;;;;;;;;;;;;;x
LBG_prussian_constitutionalism2;피슬 제후회의;;;;;;;;;;;;;x
LBG_theocracy;피슬 교회연합국;;;;;;;;;;;;;x
LBG_trade_unions_congress;피슬 노동자평의회;;;;;;;;;;;;;x
LBN_absolute_monarchy;팽 토후국;;;;;;;;;;;;;x
LBN_absolute_monarchy2;팽 세습토후국;;;;;;;;;;;;;x
LBN_colonial_company;팽 통상회사령;;;;;;;;;;;;;x
LBN_democracy;팽 공화국;;;;;;;;;;;;;x
LBN_democracy2;팽 의회공화국;;;;;;;;;;;;;x
LBN_dominion;팽 자치령;;;;;;;;;;;;;x
LBN_dominion2;팽 자치연방;;;;;;;;;;;;;x
LBN_dominion3;팽 보호토후령;;;;;;;;;;;;;x
LBN_hms_government;팽 입헌토후국;;;;;;;;;;;;;x
LBN_hms_government2;팽 의회내각;;;;;;;;;;;;;x
LBN_prussian_constitutionalism;팽 슈라 평의회;;;;;;;;;;;;;x
LBN_prussian_constitutionalism2;팽 귀족협의회;;;;;;;;;;;;;x
LBN_theocracy;팽 종교평의국;;;;;;;;;;;;;x
LBN_trade_unions_congress;팽 노동조합총연맹;;;;;;;;;;;;;x
LBY_absolute_monarchy;아야네 토후국;;;;;;;;;;;;;x
LBY_absolute_monarchy2;아야네 세습토후국;;;;;;;;;;;;;x
LBY_democracy;아야네 공화국;;;;;;;;;;;;;x
LBY_democracy2;아야네 의회공화국;;;;;;;;;;;;;x
LBY_dominion;아야네 자치령;;;;;;;;;;;;;x
LBY_dominion2;아야네 자치연방;;;;;;;;;;;;;x
LBY_dominion3;아야네 보호토후령;;;;;;;;;;;;;x
LBY_hms_government;아야네 입헌토후국;;;;;;;;;;;;;x
LBY_hms_government2;아야네 의회내각;;;;;;;;;;;;;x
LBY_prussian_constitutionalism;아야네 슈라 평의회;;;;;;;;;;;;;x
LBY_prussian_constitutionalism2;아야네 귀족협의회;;;;;;;;;;;;;x
LBY_theocracy;아야네 이맘국;;;;;;;;;;;;;x
LBY_trade_unions_congress;아야네 노동조합총연맹;;;;;;;;;;;;;x
LEG_absolute_monarchy2;페이몬 왕조;;;;;;;;;;;;;x
LEG_democracy2;페이몬 의회공화국;;;;;;;;;;;;;x
LEG_dominion2;페이몬 자치연방;;;;;;;;;;;;;x
LEG_dominion3;페이몬 왕실속령;;;;;;;;;;;;;x
LEG_hms_government2;페이몬 의회내각;;;;;;;;;;;;;x
LEG_prussian_constitutionalism;페이몬 추밀원;;;;;;;;;;;;;x
LEG_prussian_constitutionalism2;페이몬 왕실참의회;;;;;;;;;;;;;x
LEG_theocracy;페이몬 유교제정국;;;;;;;;;;;;;x
LEG_trade_unions_congress;페이몬 노동조합회의;;;;;;;;;;;;;x
LHJ_absolute_monarchy;파죰카 토후국;;;;;;;;;;;;;x
LHJ_absolute_monarchy2;파죰카 세습토후국;;;;;;;;;;;;;x
LHJ_colonial_company;파죰카 통상회사령;;;;;;;;;;;;;x
LHJ_democracy;파죰카 공화국;;;;;;;;;;;;;x
LHJ_democracy2;파죰카 의회공화국;;;;;;;;;;;;;x
LHJ_dominion;파죰카 자치령;;;;;;;;;;;;;x
LHJ_dominion2;파죰카 자치연방;;;;;;;;;;;;;x
LHJ_dominion3;파죰카 보호토후령;;;;;;;;;;;;;x
LHJ_hms_government;파죰카 입헌토후국;;;;;;;;;;;;;x
LHJ_hms_government2;파죰카 의회내각;;;;;;;;;;;;;x
LHJ_prussian_constitutionalism;파죰카 슈라 평의회;;;;;;;;;;;;;x
LHJ_prussian_constitutionalism2;파죰카 귀족협의회;;;;;;;;;;;;;x
LHJ_theocracy;파죰카 이맘국;;;;;;;;;;;;;x
LHJ_trade_unions_congress;파죰카 노동조합총연맹;;;;;;;;;;;;;x
LIB_absolute_monarchy;라이베리아 왕국;;;;;;;;;;;;;x
LIB_absolute_monarchy2;라이베리아 세습왕국;;;;;;;;;;;;;x
LIB_democracy;라이베리아 공화국;;;;;;;;;;;;;x
LIB_democracy2;라이베리아 의회공화국;;;;;;;;;;;;;x
LIB_dominion;라이베리아 자치령;;;;;;;;;;;;;x
LIB_dominion2;라이베리아 자치연방;;;;;;;;;;;;;x
LIB_dominion3;라이베리아 왕실속령;;;;;;;;;;;;;x
LIB_hms_government;라이베리아 입헌왕국;;;;;;;;;;;;;x
LIB_hms_government2;라이베리아 의회내각;;;;;;;;;;;;;x
LIB_prussian_constitutionalism;라이베리아 왕실평의회;;;;;;;;;;;;;x
LIB_prussian_constitutionalism2;라이베리아 왕실참의회;;;;;;;;;;;;;x
LIB_theocracy;라이베리아 교회연합국;;;;;;;;;;;;;x
LIB_trade_unions_congress;라이베리아 노동자총연맹;;;;;;;;;;;;;x
LIE_dominion2;로자리아 자치연방;;;;;;;;;;;;;x
LIE_dominion3;로자리아 왕실직할령;;;;;;;;;;;;;x
LIE_theocracy;로자리아 주교령;;;;;;;;;;;;;x
LIE_trade_unions_congress;로자리아 노동자평의회;;;;;;;;;;;;;x
LIP_absolute_monarchy2;리사 세습후국;;;;;;;;;;;;;x
LIP_democracy2;리사 도시공화국;;;;;;;;;;;;;x
LIP_dominion2;리사 자치연방;;;;;;;;;;;;;x
LIP_dominion3;리사 왕실직할령;;;;;;;;;;;;;x
LIP_hms_government2;리사 영방내각;;;;;;;;;;;;;x
LIP_prussian_constitutionalism2;리사 제후회의;;;;;;;;;;;;;x
LIP_theocracy;리사 교회연합국;;;;;;;;;;;;;x
LIP_trade_unions_congress;리사 노동자평의회;;;;;;;;;;;;;x
LIT_absolute_monarchy;라우마 대공국;;;;;;;;;;;;;x
LIT_absolute_monarchy2;라우마 세습대공국;;;;;;;;;;;;;x
LIT_colonial_company;라우마 삼림개척회사;;;;;;;;;;;;;x
LIT_democracy;라우마 공화국;;;;;;;;;;;;;x
LIT_democracy2;라우마 의회공화국;;;;;;;;;;;;;x
LIT_dominion;라우마 자치령;;;;;;;;;;;;;x
LIT_dominion2;라우마 자치연방;;;;;;;;;;;;;x
LIT_dominion3;라우마 왕실보호령;;;;;;;;;;;;;x
LIT_hms_government;라우마 입헌대공국;;;;;;;;;;;;;x
LIT_hms_government2;라우마 의회내각;;;;;;;;;;;;;x
LIT_prussian_constitutionalism;라우마 귀족평의회;;;;;;;;;;;;;x
LIT_prussian_constitutionalism2;라우마 원로원;;;;;;;;;;;;;x
LIT_theocracy;라우마 서리달 신정국;;;;;;;;;;;;;x
LIT_trade_unions_congress;라우마 노동자평의회;;;;;;;;;;;;;x
LIV_absolute_monarchy2;헬레나 세습대공국;;;;;;;;;;;;;x
LIV_democracy;헬레나 자유국;;;;;;;;;;;;;x
LIV_democracy2;헬레나 도시공화국;;;;;;;;;;;;;x
LIV_dominion2;헬레나 자치연방;;;;;;;;;;;;;x
LIV_dominion3;헬레나 왕실직할령;;;;;;;;;;;;;x
LIV_hms_government2;헬레나 영방내각;;;;;;;;;;;;;x
LIV_prussian_constitutionalism2;헬레나 제후회의;;;;;;;;;;;;;x
LIV_theocracy;헬레나 교회연합국;;;;;;;;;;;;;x
LIV_trade_unions_congress;헬레나 노동자평의회;;;;;;;;;;;;;x
LOA_absolute_monarchy;로앙고 왕국;;;;;;;;;;;;;x
LOA_absolute_monarchy2;로앙고 세습왕국;;;;;;;;;;;;;x
LOA_colonial_company;로앙고 특허회사령;;;;;;;;;;;;;x
LOA_democracy;로앙고 공화국;;;;;;;;;;;;;x
LOA_democracy2;로앙고 의회공화국;;;;;;;;;;;;;x
LOA_dominion;로앙고 보호국;;;;;;;;;;;;;x
LOA_dominion2;로앙고 자치국연합;;;;;;;;;;;;;x
LOA_dominion3;로앙고 왕실보호령;;;;;;;;;;;;;x
LOA_hms_government;로앙고 입헌왕국;;;;;;;;;;;;;x
LOA_hms_government2;로앙고 의회내각;;;;;;;;;;;;;x
LOA_prussian_constitutionalism;로앙고 왕실원로회;;;;;;;;;;;;;x
LOA_prussian_constitutionalism2;로앙고 추장원로회;;;;;;;;;;;;;x
LOA_theocracy;로앙고 제사장국;;;;;;;;;;;;;x
LOA_trade_unions_congress;로앙고 노동조합연맹;;;;;;;;;;;;;x
LOM_absolute_monarchy;리코 공국;;;;;;;;;;;;;x
LOM_absolute_monarchy2;리코 세습공국;;;;;;;;;;;;;x
LOM_democracy2;리코 의회공화국;;;;;;;;;;;;;x
LOM_dominion2;리코 자치연방;;;;;;;;;;;;;x
LOM_dominion3;리코 왕실속령;;;;;;;;;;;;;x
LOM_hms_government;리코 입헌공국;;;;;;;;;;;;;x
LOM_hms_government2;리코 의회내각;;;;;;;;;;;;;x
LOM_prussian_constitutionalism;리코 왕실원로원;;;;;;;;;;;;;x
LOM_prussian_constitutionalism2;리코 왕실참의회;;;;;;;;;;;;;x
LOM_theocracy;리코 주교령;;;;;;;;;;;;;x
LOM_trade_unions_congress;리코 직능조합연맹;;;;;;;;;;;;;x
LOR_absolute_monarchy;푸리나 왕국;;;;;;;;;;;;;x
LOR_absolute_monarchy2;푸리나 세습왕국;;;;;;;;;;;;;x
LOR_colonial_company;푸리나 특허회사령;;;;;;;;;;;;;x
LOR_democracy;푸리나 공화국;;;;;;;;;;;;;x
LOR_democracy2;푸리나 의회공화국;;;;;;;;;;;;;x
LOR_dominion;푸리나 자치령;;;;;;;;;;;;;x
LOR_dominion2;푸리나 자치연방;;;;;;;;;;;;;x
LOR_dominion3;푸리나 왕실속령;;;;;;;;;;;;;x
LOR_hms_government;푸리나 입헌왕국;;;;;;;;;;;;;x
LOR_hms_government2;푸리나 의회내각;;;;;;;;;;;;;x
LOR_prussian_constitutionalism;푸리나 왕실국무원;;;;;;;;;;;;;x
LOR_prussian_constitutionalism2;푸리나 왕실참의회;;;;;;;;;;;;;x
LOR_theocracy;푸리나 주교령;;;;;;;;;;;;;x
LOR_trade_unions_congress;푸리나 노동총동맹;;;;;;;;;;;;;x
LOS_absolute_monarchy;에다 왕국;;;;;;;;;;;;;x
LOS_absolute_monarchy2;에다 세습왕국;;;;;;;;;;;;;x
LOS_democracy2;에다 의회공화국;;;;;;;;;;;;;x
LOS_dominion;에다 자치령;;;;;;;;;;;;;x
LOS_dominion2;에다 자치연방;;;;;;;;;;;;;x
LOS_dominion3;에다 왕실속령;;;;;;;;;;;;;x
LOS_hms_government;에다 입헌왕국;;;;;;;;;;;;;x
LOS_hms_government2;에다 의회내각;;;;;;;;;;;;;x
LOS_prussian_constitutionalism;에다 왕실평의회;;;;;;;;;;;;;x
LOS_prussian_constitutionalism2;에다 왕실참의회;;;;;;;;;;;;;x
LOS_theocracy;에다 주교령;;;;;;;;;;;;;x
LOS_trade_unions_congress;에다 노동자총연맹;;;;;;;;;;;;;x
LPL_absolute_monarchy;갈기늑대 왕국;;;;;;;;;;;;;x
LPL_absolute_monarchy2;갈기늑대 세습왕국;;;;;;;;;;;;;x
LPL_democracy;갈기늑대 연합주;;;;;;;;;;;;;x
LPL_democracy2;갈기늑대 의회공화국;;;;;;;;;;;;;x
LPL_dominion;갈기늑대 자치령;;;;;;;;;;;;;x
LPL_dominion2;갈기늑대 자치연방;;;;;;;;;;;;;x
LPL_dominion3;갈기늑대 왕실속령;;;;;;;;;;;;;x
LPL_hms_government;갈기늑대 입헌왕국;;;;;;;;;;;;;x
LPL_hms_government2;갈기늑대 의회내각;;;;;;;;;;;;;x
LPL_prussian_constitutionalism;갈기늑대 왕실평의회;;;;;;;;;;;;;x
LPL_prussian_constitutionalism2;갈기늑대 왕실참의회;;;;;;;;;;;;;x
LPL_theocracy;갈기늑대 주교령;;;;;;;;;;;;;x
LPL_trade_unions_congress;갈기늑대 노동자총연맹;;;;;;;;;;;;;x
LSK_absolute_monarchy;카린 왕국;;;;;;;;;;;;;x
LSK_absolute_monarchy2;카린 세습왕국;;;;;;;;;;;;;x
LSK_democracy2;카린 의회공화국;;;;;;;;;;;;;x
LSK_dominion2;카린 자치연방;;;;;;;;;;;;;x
LSK_dominion3;카린 왕실속령;;;;;;;;;;;;;x
LSK_hms_government;카린 입헌왕국;;;;;;;;;;;;;x
LSK_hms_government2;카린 의회내각;;;;;;;;;;;;;x
LSK_prussian_constitutionalism;카린 추밀원;;;;;;;;;;;;;x
LSK_prussian_constitutionalism2;카린 왕실참의회;;;;;;;;;;;;;x
LSK_theocracy;카린 총대주교령;;;;;;;;;;;;;x
LSK_trade_unions_congress;카린 노동조합회의;;;;;;;;;;;;;x
LTU_absolute_monarchy2;폰타인 세습제국;;;;;;;;;;;;;x
LTU_colonial_company;폰타인 특허회사령;;;;;;;;;;;;;x
LTU_democracy2;폰타인 의회공화국;;;;;;;;;;;;;x
LTU_dominion;폰타인 자치령;;;;;;;;;;;;;x
LTU_dominion2;폰타인 자치연방;;;;;;;;;;;;;x
LTU_dominion3;폰타인 왕실속령;;;;;;;;;;;;;x
LTU_hms_government2;폰타인 의회내각;;;;;;;;;;;;;x
LTU_prussian_constitutionalism2;폰타인 왕실참의회;;;;;;;;;;;;;x
LTU_theocracy;폰타인 주교령;;;;;;;;;;;;;x
LTU_trade_unions_congress;폰타인 노동총동맹;;;;;;;;;;;;;x
LUA_absolute_monarchy;케오베 왕국;;;;;;;;;;;;;x
LUA_absolute_monarchy2;케오베 세습왕국;;;;;;;;;;;;;x
LUA_colonial_company;케오베 특허회사령;;;;;;;;;;;;;x
LUA_democracy;케오베 공화국;;;;;;;;;;;;;x
LUA_democracy2;케오베 의회공화국;;;;;;;;;;;;;x
LUA_dominion;케오베 자치령;;;;;;;;;;;;;x
LUA_dominion2;케오베 자치연방;;;;;;;;;;;;;x
LUA_dominion3;케오베 왕실속령;;;;;;;;;;;;;x
LUA_hms_government;케오베 입헌왕국;;;;;;;;;;;;;x
LUA_hms_government2;케오베 의회내각;;;;;;;;;;;;;x
LUA_prussian_constitutionalism;케오베 왕실참사회;;;;;;;;;;;;;x
LUA_prussian_constitutionalism2;케오베 왕실참의회;;;;;;;;;;;;;x
LUA_theocracy;케오베 승가국;;;;;;;;;;;;;x
LUA_trade_unions_congress;케오베 노동조합연맹;;;;;;;;;;;;;x
LUB_absolute_monarchy2;비비아나 세습공국;;;;;;;;;;;;;x
LUB_democracy2;비비아나 도시공화국;;;;;;;;;;;;;x
LUB_dominion2;비비아나 자치연방;;;;;;;;;;;;;x
LUB_dominion3;비비아나 왕실직할령;;;;;;;;;;;;;x
LUB_hms_government2;비비아나 영방내각;;;;;;;;;;;;;x
LUB_prussian_constitutionalism2;비비아나 제후회의;;;;;;;;;;;;;x
LUB_theocracy;비비아나 교회연합국;;;;;;;;;;;;;x
LUB_trade_unions_congress;비비아나 노동자평의회;;;;;;;;;;;;;x
LUC_absolute_monarchy;엑시아 공국;;;;;;;;;;;;;x
LUC_absolute_monarchy2;엑시아 세습공국;;;;;;;;;;;;;x
LUC_colonial_company;엑시아 특허회사령;;;;;;;;;;;;;x
LUC_democracy;엑시아 공화국;;;;;;;;;;;;;x
LUC_democracy2;엑시아 의회공화국;;;;;;;;;;;;;x
LUC_dominion;엑시아 자치령;;;;;;;;;;;;;x
LUC_dominion2;엑시아 자치연방;;;;;;;;;;;;;x
LUC_dominion3;엑시아 왕실속령;;;;;;;;;;;;;x
LUC_hms_government;엑시아 입헌공국;;;;;;;;;;;;;x
LUC_hms_government2;엑시아 의회내각;;;;;;;;;;;;;x
LUC_prussian_constitutionalism;엑시아 왕실원로원;;;;;;;;;;;;;x
LUC_prussian_constitutionalism2;엑시아 왕실참의회;;;;;;;;;;;;;x
LUC_theocracy;엑시아 주교령;;;;;;;;;;;;;x
LUC_trade_unions_congress;엑시아 직능조합연맹;;;;;;;;;;;;;x
LUN_absolute_monarchy;룬다 왕국;;;;;;;;;;;;;x
LUN_absolute_monarchy2;룬다 세습왕국;;;;;;;;;;;;;x
LUN_colonial_company;룬다 특허회사령;;;;;;;;;;;;;x
LUN_democracy;룬다 공화국;;;;;;;;;;;;;x
LUN_democracy2;룬다 의회공화국;;;;;;;;;;;;;x
LUN_dominion;룬다 보호국;;;;;;;;;;;;;x
LUN_dominion2;룬다 자치국연합;;;;;;;;;;;;;x
LUN_dominion3;룬다 왕실보호령;;;;;;;;;;;;;x
LUN_hms_government;룬다 입헌왕국;;;;;;;;;;;;;x
LUN_hms_government2;룬다 의회내각;;;;;;;;;;;;;x
LUN_prussian_constitutionalism;룬다 왕실원로회;;;;;;;;;;;;;x
LUN_prussian_constitutionalism2;룬다 추장원로회;;;;;;;;;;;;;x
LUN_theocracy;룬다 제사장국;;;;;;;;;;;;;x
LUN_trade_unions_congress;룬다 노동조합연맹;;;;;;;;;;;;;x
LUW_absolute_monarchy;블루포이즌 술탄국;;;;;;;;;;;;;x
LUW_absolute_monarchy2;블루포이즌 세습술탄국;;;;;;;;;;;;;x
LUW_colonial_company;블루포이즌 통상회사령;;;;;;;;;;;;;x
LUW_democracy;블루포이즌 공화국;;;;;;;;;;;;;x
LUW_democracy2;블루포이즌 의회공화국;;;;;;;;;;;;;x
LUW_dominion;블루포이즌 자치령;;;;;;;;;;;;;x
LUW_dominion2;블루포이즌 자치연방;;;;;;;;;;;;;x
LUW_dominion3;블루포이즌 보호토후령;;;;;;;;;;;;;x
LUW_hms_government;블루포이즌 입헌술탄국;;;;;;;;;;;;;x
LUW_hms_government2;블루포이즌 의회내각;;;;;;;;;;;;;x
LUW_prussian_constitutionalism;블루포이즌 술탄참사회;;;;;;;;;;;;;x
LUW_prussian_constitutionalism2;블루포이즌 귀족협의회;;;;;;;;;;;;;x
LUW_theocracy;블루포이즌 이맘국;;;;;;;;;;;;;x
LUW_trade_unions_congress;블루포이즌 노동조합연맹;;;;;;;;;;;;;x
LUX_absolute_monarchy2;바바라 세습대공국;;;;;;;;;;;;;x
LUX_democracy2;바바라 도시공화국;;;;;;;;;;;;;x
LUX_dominion2;바바라 자치연방;;;;;;;;;;;;;x
LUX_dominion3;바바라 왕실직할령;;;;;;;;;;;;;x
LUX_hms_government2;바바라 영방내각;;;;;;;;;;;;;x
LUX_prussian_constitutionalism2;바바라 제후회의;;;;;;;;;;;;;x
LUX_theocracy;바바라 주교령;;;;;;;;;;;;;x
LUX_trade_unions_congress;바바라 노동자평의회;;;;;;;;;;;;;x
LUZ_absolute_monarchy;Z23 왕국;;;;;;;;;;;;;x
LUZ_absolute_monarchy2;Z23 세습왕국;;;;;;;;;;;;;x
LUZ_colonial_company;Z23 특허회사령;;;;;;;;;;;;;x
LUZ_democracy;Z23 공화국;;;;;;;;;;;;;x
LUZ_democracy2;Z23 의회공화국;;;;;;;;;;;;;x
LUZ_dominion;Z23 자치령;;;;;;;;;;;;;x
LUZ_dominion2;Z23 자치연방;;;;;;;;;;;;;x
LUZ_dominion3;Z23 왕실속령;;;;;;;;;;;;;x
LUZ_hms_government;Z23 입헌왕국;;;;;;;;;;;;;x
LUZ_hms_government2;Z23 의회내각;;;;;;;;;;;;;x
LUZ_prussian_constitutionalism;Z23 셰임;;;;;;;;;;;;;x
LUZ_prussian_constitutionalism2;Z23 왕실참의회;;;;;;;;;;;;;x
LUZ_theocracy;Z23 교회연합국;;;;;;;;;;;;;x
LUZ_trade_unions_congress;Z23 노동자평의회;;;;;;;;;;;;;x
LVN_absolute_monarchy;레뮤안 공국;;;;;;;;;;;;;x
LVN_absolute_monarchy2;레뮤안 세습공국;;;;;;;;;;;;;x
LVN_colonial_company;레뮤안 특허회사령;;;;;;;;;;;;;x
LVN_democracy;레뮤안 공화국;;;;;;;;;;;;;x
LVN_democracy2;레뮤안 의회공화국;;;;;;;;;;;;;x
LVN_dominion;레뮤안 자치령;;;;;;;;;;;;;x
LVN_dominion2;레뮤안 자치연방;;;;;;;;;;;;;x
LVN_dominion3;레뮤안 왕실속령;;;;;;;;;;;;;x
LVN_hms_government;레뮤안 입헌공국;;;;;;;;;;;;;x
LVN_hms_government2;레뮤안 의회내각;;;;;;;;;;;;;x
LVN_prussian_constitutionalism;레뮤안 왕실원로원;;;;;;;;;;;;;x
LVN_prussian_constitutionalism2;레뮤안 왕실참의회;;;;;;;;;;;;;x
LVN_theocracy;레뮤안 주교령;;;;;;;;;;;;;x
LVN_trade_unions_congress;레뮤안 직능조합연맹;;;;;;;;;;;;;x
LXA_absolute_monarchy2;머드락 세습왕국;;;;;;;;;;;;;x
LXA_colonial_company;머드락 특허회사령;;;;;;;;;;;;;x
LXA_democracy2;머드락 의회공화국;;;;;;;;;;;;;x
LXA_dominion;머드락 자치령;;;;;;;;;;;;;x
LXA_dominion2;머드락 자치연방;;;;;;;;;;;;;x
LXA_dominion3;머드락 왕실속령;;;;;;;;;;;;;x
LXA_hms_government;머드락 입헌왕국;;;;;;;;;;;;;x
LXA_hms_government2;머드락 의회내각;;;;;;;;;;;;;x
LXA_prussian_constitutionalism;머드락 왕실참사회;;;;;;;;;;;;;x
LXA_prussian_constitutionalism2;머드락 왕실참의회;;;;;;;;;;;;;x
LXA_theocracy;머드락 승가국;;;;;;;;;;;;;x
LXA_trade_unions_congress;머드락 노동조합연맹;;;;;;;;;;;;;x
MAD_absolute_monarchy2;마다가스카르 세습왕국;;;;;;;;;;;;;x
MAD_democracy;마다가스카르 공화국;;;;;;;;;;;;;x
MAD_democracy2;마다가스카르 의회공화국;;;;;;;;;;;;;x
MAD_dominion;마다가스카르 보호국;;;;;;;;;;;;;x
MAD_dominion2;마다가스카르 자치국연합;;;;;;;;;;;;;x
MAD_dominion3;마다가스카르 왕실보호령;;;;;;;;;;;;;x
MAD_hms_government;마다가스카르 입헌왕국;;;;;;;;;;;;;x
MAD_hms_government2;마다가스카르 의회내각;;;;;;;;;;;;;x
MAD_prussian_constitutionalism2;마다가스카르 추장원로회;;;;;;;;;;;;;x
MAD_theocracy;마다가스카르 제사장국;;;;;;;;;;;;;x
MAD_trade_unions_congress;마다가스카르 노동조합연맹;;;;;;;;;;;;;x
MAF_absolute_monarchy2;미텔아프리카 왕조;;;;;;;;;;;;;x
MAF_democracy2;미텔아프리카 도시공화국;;;;;;;;;;;;;x
MAF_dominion2;미텔아프리카 자치연방;;;;;;;;;;;;;x
MAF_dominion3;미텔아프리카 왕실직할령;;;;;;;;;;;;;x
MAF_hms_government2;미텔아프리카 영방내각;;;;;;;;;;;;;x
MAF_prussian_constitutionalism2;미텔아프리카 제후회의;;;;;;;;;;;;;x
MAF_theocracy;미텔아프리카 교회연합국;;;;;;;;;;;;;x
MAF_trade_unions_congress;미텔아프리카 노동자평의회;;;;;;;;;;;;;x
MAH_absolute_monarchy;로베르타 라자국;;;;;;;;;;;;;x
MAH_absolute_monarchy2;로베르타 세습라자국;;;;;;;;;;;;;x
MAH_colonial_company;로베르타 동인도회사령;;;;;;;;;;;;;x
MAH_democracy;로베르타 공화국;;;;;;;;;;;;;x
MAH_democracy2;로베르타 의회공화국;;;;;;;;;;;;;x
MAH_dominion;로베르타 번왕령;;;;;;;;;;;;;x
MAH_dominion2;로베르타 번왕연합;;;;;;;;;;;;;x
MAH_dominion3;로베르타 왕실직할령;;;;;;;;;;;;;x
MAH_hms_government;로베르타 입헌라자국;;;;;;;;;;;;;x
MAH_hms_government2;로베르타 의회내각;;;;;;;;;;;;;x
MAH_prussian_constitutionalism;로베르타 다르바르;;;;;;;;;;;;;x
MAH_prussian_constitutionalism2;로베르타 제후회의;;;;;;;;;;;;;x
MAH_theocracy;로베르타 사원연합국;;;;;;;;;;;;;x
MAH_trade_unions_congress;로베르타 노동조합총연맹;;;;;;;;;;;;;x
MAI_absolute_monarchy2;스노우상트 세습라자국;;;;;;;;;;;;;x
MAI_colonial_company;스노우상트 동인도회사령;;;;;;;;;;;;;x
MAI_democracy2;스노우상트 의회공화국;;;;;;;;;;;;;x
MAI_dominion;스노우상트 번왕령;;;;;;;;;;;;;x
MAI_dominion2;스노우상트 번왕연합;;;;;;;;;;;;;x
MAI_dominion3;스노우상트 왕실직할령;;;;;;;;;;;;;x
MAI_hms_government2;스노우상트 의회내각;;;;;;;;;;;;;x
MAI_prussian_constitutionalism2;스노우상트 제후회의;;;;;;;;;;;;;x
MAI_theocracy;스노우상트 사원연합국;;;;;;;;;;;;;x
MAI_trade_unions_congress;스노우상트 노동조합총연맹;;;;;;;;;;;;;x
MAJ_absolute_monarchy;마제르틴 술탄국;;;;;;;;;;;;;x
MAJ_absolute_monarchy2;마제르틴 세습술탄국;;;;;;;;;;;;;x
MAJ_colonial_company;마제르틴 통상회사령;;;;;;;;;;;;;x
MAJ_democracy;마제르틴 공화국;;;;;;;;;;;;;x
MAJ_democracy2;마제르틴 의회공화국;;;;;;;;;;;;;x
MAJ_dominion;마제르틴 자치령;;;;;;;;;;;;;x
MAJ_dominion2;마제르틴 자치연방;;;;;;;;;;;;;x
MAJ_dominion3;마제르틴 보호토후령;;;;;;;;;;;;;x
MAJ_hms_government;마제르틴 입헌술탄국;;;;;;;;;;;;;x
MAJ_hms_government2;마제르틴 의회내각;;;;;;;;;;;;;x
MAJ_prussian_constitutionalism;마제르틴 술탄참사회;;;;;;;;;;;;;x
MAJ_prussian_constitutionalism2;마제르틴 귀족협의회;;;;;;;;;;;;;x
MAJ_theocracy;마제르틴 이맘국;;;;;;;;;;;;;x
MAJ_trade_unions_congress;마제르틴 노동조합연맹;;;;;;;;;;;;;x
MAK_absolute_monarchy;인디고 토후국;;;;;;;;;;;;;x
MAK_absolute_monarchy2;인디고 세습토후국;;;;;;;;;;;;;x
MAK_colonial_company;인디고 통상회사령;;;;;;;;;;;;;x
MAK_democracy;인디고 공화국;;;;;;;;;;;;;x
MAK_democracy2;인디고 의회공화국;;;;;;;;;;;;;x
MAK_dominion;인디고 자치령;;;;;;;;;;;;;x
MAK_dominion2;인디고 자치연방;;;;;;;;;;;;;x
MAK_dominion3;인디고 보호토후령;;;;;;;;;;;;;x
MAK_hms_government;인디고 입헌토후국;;;;;;;;;;;;;x
MAK_hms_government2;인디고 의회내각;;;;;;;;;;;;;x
MAK_prussian_constitutionalism;인디고 지르가;;;;;;;;;;;;;x
MAK_prussian_constitutionalism2;인디고 귀족협의회;;;;;;;;;;;;;x
MAK_theocracy;인디고 이맘국;;;;;;;;;;;;;x
MAK_trade_unions_congress;인디고 노동자평의회;;;;;;;;;;;;;x
MAL_absolute_monarchy2;링 세습술탄국;;;;;;;;;;;;;x
MAL_colonial_company;링 통상회사령;;;;;;;;;;;;;x
MAL_democracy;링 공화국;;;;;;;;;;;;;x
MAL_democracy2;링 의회공화국;;;;;;;;;;;;;x
MAL_dominion;링 자치령;;;;;;;;;;;;;x
MAL_dominion2;링 자치연방;;;;;;;;;;;;;x
MAL_dominion3;링 보호토후령;;;;;;;;;;;;;x
MAL_hms_government2;링 의회내각;;;;;;;;;;;;;x
MAL_prussian_constitutionalism2;링 귀족협의회;;;;;;;;;;;;;x
MAL_theocracy;링 이맘국;;;;;;;;;;;;;x
MAL_trade_unions_congress;링 노동조합연맹;;;;;;;;;;;;;x
MAR_absolute_monarchy;아츠코 잭슨 제국;;;;;;;;;;;;;x
MAR_absolute_monarchy2;아츠코 잭슨 세습제국;;;;;;;;;;;;;x
MAR_colonial_company;아츠코 잭슨 특허회사령;;;;;;;;;;;;;x
MAR_democracy;아츠코 잭슨 연방공화국;;;;;;;;;;;;;x
MAR_democracy2;아츠코 잭슨 의회공화국;;;;;;;;;;;;;x
MAR_dominion;아츠코 잭슨 자치령;;;;;;;;;;;;;x
MAR_dominion2;아츠코 잭슨 자치연방;;;;;;;;;;;;;x
MAR_dominion3;아츠코 잭슨 왕실속령;;;;;;;;;;;;;x
MAR_hms_government;아츠코 잭슨 입헌제국;;;;;;;;;;;;;x
MAR_hms_government2;아츠코 잭슨 의회내각;;;;;;;;;;;;;x
MAR_prussian_constitutionalism;아츠코 잭슨 제국국무원;;;;;;;;;;;;;x
MAR_prussian_constitutionalism2;아츠코 잭슨 왕실참의회;;;;;;;;;;;;;x
MAR_theocracy;아츠코 잭슨 주교령;;;;;;;;;;;;;x
MAR_trade_unions_congress;아츠코 잭슨 노동자총연맹;;;;;;;;;;;;;x
MAS_absolute_monarchy2;마시나 세습제국;;;;;;;;;;;;;x
MAS_colonial_company;마시나 통상회사령;;;;;;;;;;;;;x
MAS_democracy;마시나 공화국;;;;;;;;;;;;;x
MAS_democracy2;마시나 의회공화국;;;;;;;;;;;;;x
MAS_dominion;마시나 자치령;;;;;;;;;;;;;x
MAS_dominion2;마시나 자치연방;;;;;;;;;;;;;x
MAS_dominion3;마시나 보호토후령;;;;;;;;;;;;;x
MAS_hms_government;마시나 입헌제국;;;;;;;;;;;;;x
MAS_hms_government2;마시나 의회내각;;;;;;;;;;;;;x
MAS_prussian_constitutionalism;마시나 디완;;;;;;;;;;;;;x
MAS_prussian_constitutionalism2;마시나 귀족협의회;;;;;;;;;;;;;x
MAS_theocracy;마시나 이맘국;;;;;;;;;;;;;x
MAS_trade_unions_congress;마시나 노동조합총연맹;;;;;;;;;;;;;x
MAT_absolute_monarchy2;마타벨레 세습왕국;;;;;;;;;;;;;x
MAT_colonial_company;마타벨레 특허회사령;;;;;;;;;;;;;x
MAT_democracy;마타벨레 공화국;;;;;;;;;;;;;x
MAT_democracy2;마타벨레 의회공화국;;;;;;;;;;;;;x
MAT_dominion;마타벨레 보호국;;;;;;;;;;;;;x
MAT_dominion2;마타벨레 자치국연합;;;;;;;;;;;;;x
MAT_dominion3;마타벨레 왕실보호령;;;;;;;;;;;;;x
MAT_hms_government;마타벨레 입헌왕국;;;;;;;;;;;;;x
MAT_hms_government2;마타벨레 의회내각;;;;;;;;;;;;;x
MAT_prussian_constitutionalism;마타벨레 왕실원로회;;;;;;;;;;;;;x
MAT_prussian_constitutionalism2;마타벨레 추장원로회;;;;;;;;;;;;;x
MAT_theocracy;마타벨레 제사장국;;;;;;;;;;;;;x
MAT_trade_unions_congress;마타벨레 노동조합연맹;;;;;;;;;;;;;x
MAU_absolute_monarchy;모리셔스 왕국;;;;;;;;;;;;;x
MAU_absolute_monarchy2;모리셔스 세습왕국;;;;;;;;;;;;;x
MAU_colonial_company;모리셔스 특허회사령;;;;;;;;;;;;;x
MAU_democracy;모리셔스 공화국;;;;;;;;;;;;;x
MAU_democracy2;모리셔스 의회공화국;;;;;;;;;;;;;x
MAU_dominion;모리셔스 자치령;;;;;;;;;;;;;x
MAU_dominion2;모리셔스 자치연방;;;;;;;;;;;;;x
MAU_dominion3;모리셔스 왕실속령;;;;;;;;;;;;;x
MAU_hms_government;모리셔스 입헌왕국;;;;;;;;;;;;;x
MAU_hms_government2;모리셔스 의회내각;;;;;;;;;;;;;x
MAU_prussian_constitutionalism;모리셔스 왕실평의회;;;;;;;;;;;;;x
MAU_prussian_constitutionalism2;모리셔스 왕실참의회;;;;;;;;;;;;;x
MAU_theocracy;모리셔스 주교령;;;;;;;;;;;;;x
MAU_trade_unions_congress;모리셔스 노동자총연맹;;;;;;;;;;;;;x
MCD_absolute_monarchy;카스토리스 왕국;;;;;;;;;;;;;x
MCD_absolute_monarchy2;카스토리스 세습왕국;;;;;;;;;;;;;x
MCD_colonial_company;카스토리스 특허회사령;;;;;;;;;;;;;x
MCD_democracy;카스토리스 공화국;;;;;;;;;;;;;x
MCD_democracy2;카스토리스 의회공화국;;;;;;;;;;;;;x
MCD_dominion;카스토리스 자치령;;;;;;;;;;;;;x
MCD_dominion2;카스토리스 자치연방;;;;;;;;;;;;;x
MCD_dominion3;카스토리스 왕실속령;;;;;;;;;;;;;x
MCD_hms_government;카스토리스 입헌왕국;;;;;;;;;;;;;x
MCD_hms_government2;카스토리스 의회내각;;;;;;;;;;;;;x
MCD_prussian_constitutionalism;카스토리스 왕실평의회;;;;;;;;;;;;;x
MCD_prussian_constitutionalism2;카스토리스 왕실참의회;;;;;;;;;;;;;x
MCD_theocracy;카스토리스 이맘국;;;;;;;;;;;;;x
MCD_trade_unions_congress;카스토리스 노동조합연맹;;;;;;;;;;;;;x
MCK_absolute_monarchy2;응광 황실조정;;;;;;;;;;;;;x
MCK_democracy;응광 민국;;;;;;;;;;;;;x
MCK_democracy2;응광 연성공화국;;;;;;;;;;;;;x
MCK_dominion;응광 자치성;;;;;;;;;;;;;x
MCK_dominion2;응광 연성정부;;;;;;;;;;;;;x
MCK_dominion3;응광 번부;;;;;;;;;;;;;x
MCK_hms_government2;응광 의회내각;;;;;;;;;;;;;x
MCK_prussian_constitutionalism2;응광 참정원;;;;;;;;;;;;;x
MCK_theocracy;응광 승가국;;;;;;;;;;;;;x
MCK_trade_unions_congress;응광 총공회;;;;;;;;;;;;;x
MDV_absolute_monarchy;무츠키 왕국;;;;;;;;;;;;;x
MDV_absolute_monarchy2;무츠키 세습왕국;;;;;;;;;;;;;x
MDV_colonial_company;무츠키 특허회사령;;;;;;;;;;;;;x
MDV_democracy;무츠키 공화국;;;;;;;;;;;;;x
MDV_democracy2;무츠키 의회공화국;;;;;;;;;;;;;x
MDV_dominion;무츠키 자치령;;;;;;;;;;;;;x
MDV_dominion2;무츠키 자치연방;;;;;;;;;;;;;x
MDV_dominion3;무츠키 왕실속령;;;;;;;;;;;;;x
MDV_hms_government;무츠키 입헌왕국;;;;;;;;;;;;;x
MDV_hms_government2;무츠키 의회내각;;;;;;;;;;;;;x
MDV_prussian_constitutionalism;무츠키 왕실참사회;;;;;;;;;;;;;x
MDV_prussian_constitutionalism2;무츠키 왕실참의회;;;;;;;;;;;;;x
MDV_theocracy;무츠키 총대주교령;;;;;;;;;;;;;x
MDV_trade_unions_congress;무츠키 노동자평의회;;;;;;;;;;;;;x
MEC_absolute_monarchy2;론 세습대공국;;;;;;;;;;;;;x
MEC_democracy2;론 도시공화국;;;;;;;;;;;;;x
MEC_dominion2;론 자치연방;;;;;;;;;;;;;x
MEC_dominion3;론 왕실직할령;;;;;;;;;;;;;x
MEC_hms_government2;론 영방내각;;;;;;;;;;;;;x
MEC_prussian_constitutionalism2;론 제후회의;;;;;;;;;;;;;x
MEC_theocracy;론 교회연합국;;;;;;;;;;;;;x
MEC_trade_unions_congress;론 노동자평의회;;;;;;;;;;;;;x
MEI_absolute_monarchy2;에기르 세습공국;;;;;;;;;;;;;x
MEI_democracy2;에기르 도시공화국;;;;;;;;;;;;;x
MEI_dominion2;에기르 자치연방;;;;;;;;;;;;;x
MEI_dominion3;에기르 왕실직할령;;;;;;;;;;;;;x
MEI_hms_government2;에기르 영방내각;;;;;;;;;;;;;x
MEI_prussian_constitutionalism2;에기르 제후회의;;;;;;;;;;;;;x
MEI_theocracy;에기르 교회연합국;;;;;;;;;;;;;x
MEI_trade_unions_congress;에기르 노동자평의회;;;;;;;;;;;;;x
MEW_absolute_monarchy;로프 라자국;;;;;;;;;;;;;x
MEW_absolute_monarchy2;로프 세습라자국;;;;;;;;;;;;;x
MEW_colonial_company;로프 동인도회사령;;;;;;;;;;;;;x
MEW_democracy;로프 공화국;;;;;;;;;;;;;x
MEW_democracy2;로프 의회공화국;;;;;;;;;;;;;x
MEW_dominion;로프 번왕령;;;;;;;;;;;;;x
MEW_dominion2;로프 번왕연합;;;;;;;;;;;;;x
MEW_dominion3;로프 왕실직할령;;;;;;;;;;;;;x
MEW_hms_government;로프 입헌라자국;;;;;;;;;;;;;x
MEW_hms_government2;로프 의회내각;;;;;;;;;;;;;x
MEW_prussian_constitutionalism;로프 다르바르;;;;;;;;;;;;;x
MEW_prussian_constitutionalism2;로프 제후회의;;;;;;;;;;;;;x
MEW_theocracy;로프 사원연합국;;;;;;;;;;;;;x
MEW_trade_unions_congress;로프 노동조합총연맹;;;;;;;;;;;;;x
MEX_absolute_monarchy2;테노치티틀란 태양왕조;;;;;;;;;;;;;x
MEX_democracy2;테노치티틀란 시민평의회;;;;;;;;;;;;;x
MEX_dominion2;테노치티틀란 자치도시연합;;;;;;;;;;;;;x
MEX_dominion3;테노치티틀란 신전보호령;;;;;;;;;;;;;x
MEX_hms_government2;테노치티틀란 도시의정원;;;;;;;;;;;;;x
MEX_prussian_constitutionalism2;테노치티틀란 삼도시 원로회;;;;;;;;;;;;;x
MEX_theocracy;테노치티틀란 틀랄록 신전연합;;;;;;;;;;;;;x
MEX_trade_unions_congress;테노치티틀란 장인노동 연맹;;;;;;;;;;;;;x
MGH_absolute_monarchy;셰에라자드 토후국;;;;;;;;;;;;;x
MGH_absolute_monarchy2;셰에라자드 세습토후국;;;;;;;;;;;;;x
MGH_colonial_company;셰에라자드 통상회사령;;;;;;;;;;;;;x
MGH_democracy;셰에라자드 공화국;;;;;;;;;;;;;x
MGH_democracy2;셰에라자드 의회공화국;;;;;;;;;;;;;x
MGH_dominion;셰에라자드 자치령;;;;;;;;;;;;;x
MGH_dominion2;셰에라자드 자치연방;;;;;;;;;;;;;x
MGH_dominion3;셰에라자드 보호토후령;;;;;;;;;;;;;x
MGH_hms_government;셰에라자드 입헌토후국;;;;;;;;;;;;;x
MGH_hms_government2;셰에라자드 의회내각;;;;;;;;;;;;;x
MGH_prussian_constitutionalism;셰에라자드 슈라 평의회;;;;;;;;;;;;;x
MGH_prussian_constitutionalism2;셰에라자드 귀족협의회;;;;;;;;;;;;;x
MGH_theocracy;셰에라자드 이맘국;;;;;;;;;;;;;x
MGH_trade_unions_congress;셰에라자드 노동조합총연맹;;;;;;;;;;;;;x
MGL_absolute_monarchy;야란 칸국;;;;;;;;;;;;;x
MGL_absolute_monarchy2;야란 세습칸국;;;;;;;;;;;;;x
MGL_democracy;야란 공화국;;;;;;;;;;;;;x
MGL_democracy2;야란 의회공화국;;;;;;;;;;;;;x
MGL_dominion;야란 자치기;;;;;;;;;;;;;x
MGL_dominion2;야란 맹기연합;;;;;;;;;;;;;x
MGL_dominion3;야란 왕공령;;;;;;;;;;;;;x
MGL_hms_government;야란 입헌칸국;;;;;;;;;;;;;x
MGL_hms_government2;야란 의회내각;;;;;;;;;;;;;x
MGL_prussian_constitutionalism;야란 쿠릴타이;;;;;;;;;;;;;x
MGL_prussian_constitutionalism2;야란 왕공회의;;;;;;;;;;;;;x
MGL_trade_unions_congress;야란 노동자대회;;;;;;;;;;;;;x
MGS_absolute_monarchy;하나 모레노스 제국;;;;;;;;;;;;;x
MGS_absolute_monarchy2;하나 모레노스 세습제국;;;;;;;;;;;;;x
MGS_colonial_company;하나 모레노스 특허회사령;;;;;;;;;;;;;x
MGS_democracy;하나 모레노스 연방공화국;;;;;;;;;;;;;x
MGS_democracy2;하나 모레노스 의회공화국;;;;;;;;;;;;;x
MGS_dominion;하나 모레노스 자치령;;;;;;;;;;;;;x
MGS_dominion2;하나 모레노스 자치연방;;;;;;;;;;;;;x
MGS_dominion3;하나 모레노스 왕실속령;;;;;;;;;;;;;x
MGS_hms_government;하나 모레노스 입헌제국;;;;;;;;;;;;;x
MGS_hms_government2;하나 모레노스 의회내각;;;;;;;;;;;;;x
MGS_prussian_constitutionalism;하나 모레노스 제국국무원;;;;;;;;;;;;;x
MGS_prussian_constitutionalism2;하나 모레노스 왕실참의회;;;;;;;;;;;;;x
MGS_theocracy;하나 모레노스 주교령;;;;;;;;;;;;;x
MGS_trade_unions_congress;하나 모레노스 노동자총연맹;;;;;;;;;;;;;x
MHR_absolute_monarchy;허니베리 토후국;;;;;;;;;;;;;x
MHR_absolute_monarchy2;허니베리 세습토후국;;;;;;;;;;;;;x
MHR_colonial_company;허니베리 통상회사령;;;;;;;;;;;;;x
MHR_democracy;허니베리 공화국;;;;;;;;;;;;;x
MHR_democracy2;허니베리 의회공화국;;;;;;;;;;;;;x
MHR_dominion;허니베리 자치령;;;;;;;;;;;;;x
MHR_dominion2;허니베리 자치연방;;;;;;;;;;;;;x
MHR_dominion3;허니베리 보호토후령;;;;;;;;;;;;;x
MHR_hms_government;허니베리 입헌토후국;;;;;;;;;;;;;x
MHR_hms_government2;허니베리 의회내각;;;;;;;;;;;;;x
MHR_prussian_constitutionalism;허니베리 슈라 평의회;;;;;;;;;;;;;x
MHR_prussian_constitutionalism2;허니베리 귀족협의회;;;;;;;;;;;;;x
MHR_theocracy;허니베리 이맘국;;;;;;;;;;;;;x
MHR_trade_unions_congress;허니베리 노동조합총연맹;;;;;;;;;;;;;x
MIG_absolute_monarchy;콜롬비나 왕국;;;;;;;;;;;;;x
MIG_absolute_monarchy2;콜롬비나 세습왕국;;;;;;;;;;;;;x
MIG_colonial_company;콜롬비나 특허회사령;;;;;;;;;;;;;x
MIG_democracy;콜롬비나 공화국;;;;;;;;;;;;;x
MIG_democracy2;콜롬비나 의회공화국;;;;;;;;;;;;;x
MIG_dominion;콜롬비나 자치령;;;;;;;;;;;;;x
MIG_dominion2;콜롬비나 자치연방;;;;;;;;;;;;;x
MIG_dominion3;콜롬비나 왕실속령;;;;;;;;;;;;;x
MIG_hms_government;콜롬비나 입헌왕국;;;;;;;;;;;;;x
MIG_hms_government2;콜롬비나 의회내각;;;;;;;;;;;;;x
MIG_prussian_constitutionalism;콜롬비나 왕실평의회;;;;;;;;;;;;;x
MIG_prussian_constitutionalism2;콜롬비나 왕실참의회;;;;;;;;;;;;;x
MIG_theocracy;콜롬비나 총대주교령;;;;;;;;;;;;;x
MIG_trade_unions_congress;콜롬비나 노동조합연맹;;;;;;;;;;;;;x
MIZ_absolute_monarchy;두린 대추장국;;;;;;;;;;;;;x
MIZ_absolute_monarchy2;두린 왕조;;;;;;;;;;;;;x
MIZ_colonial_company;두린 특허회사령;;;;;;;;;;;;;x
MIZ_democracy;두린 부족공화국;;;;;;;;;;;;;x
MIZ_democracy2;두린 의회공화국;;;;;;;;;;;;;x
MIZ_dominion;두린 보호국;;;;;;;;;;;;;x
MIZ_dominion2;두린 자치국연합;;;;;;;;;;;;;x
MIZ_dominion3;두린 왕실보호령;;;;;;;;;;;;;x
MIZ_hms_government;두린 입헌추장국;;;;;;;;;;;;;x
MIZ_hms_government2;두린 의회내각;;;;;;;;;;;;;x
MIZ_prussian_constitutionalism;두린 부족원로회;;;;;;;;;;;;;x
MIZ_prussian_constitutionalism2;두린 추장원로회;;;;;;;;;;;;;x
MIZ_theocracy;두린 제사장국;;;;;;;;;;;;;x
MIZ_trade_unions_congress;두린 생산자연맹;;;;;;;;;;;;;x
MKN_absolute_monarchy;나이트메어 토후국;;;;;;;;;;;;;x
MKN_absolute_monarchy2;나이트메어 세습토후국;;;;;;;;;;;;;x
MKN_colonial_company;나이트메어 통상회사령;;;;;;;;;;;;;x
MKN_democracy;나이트메어 공화국;;;;;;;;;;;;;x
MKN_democracy2;나이트메어 의회공화국;;;;;;;;;;;;;x
MKN_dominion;나이트메어 자치령;;;;;;;;;;;;;x
MKN_dominion2;나이트메어 자치연방;;;;;;;;;;;;;x
MKN_dominion3;나이트메어 보호토후령;;;;;;;;;;;;;x
MKN_hms_government;나이트메어 입헌토후국;;;;;;;;;;;;;x
MKN_hms_government2;나이트메어 의회내각;;;;;;;;;;;;;x
MKN_prussian_constitutionalism;나이트메어 지르가;;;;;;;;;;;;;x
MKN_prussian_constitutionalism2;나이트메어 귀족협의회;;;;;;;;;;;;;x
MKN_theocracy;나이트메어 이맘국;;;;;;;;;;;;;x
MKN_trade_unions_congress;나이트메어 노동자평의회;;;;;;;;;;;;;x
MLD_absolute_monarchy;클릭 나와브국;;;;;;;;;;;;;x
MLD_absolute_monarchy2;클릭 세습나와브국;;;;;;;;;;;;;x
MLD_colonial_company;클릭 동인도회사령;;;;;;;;;;;;;x
MLD_democracy;클릭 공화국;;;;;;;;;;;;;x
MLD_democracy2;클릭 의회공화국;;;;;;;;;;;;;x
MLD_dominion;클릭 번왕령;;;;;;;;;;;;;x
MLD_dominion2;클릭 번왕연합;;;;;;;;;;;;;x
MLD_dominion3;클릭 왕실직할령;;;;;;;;;;;;;x
MLD_hms_government;클릭 입헌나와브국;;;;;;;;;;;;;x
MLD_hms_government2;클릭 의회내각;;;;;;;;;;;;;x
MLD_prussian_constitutionalism;클릭 다르바르;;;;;;;;;;;;;x
MLD_prussian_constitutionalism2;클릭 제후회의;;;;;;;;;;;;;x
MLD_theocracy;클릭 이맘국;;;;;;;;;;;;;x
MLD_trade_unions_congress;클릭 노동조합총연맹;;;;;;;;;;;;;x
MLI_absolute_monarchy2;말리 세습제국;;;;;;;;;;;;;x
MLI_democracy;말리 공화국;;;;;;;;;;;;;x
MLI_democracy2;말리 의회공화국;;;;;;;;;;;;;x
MLI_dominion2;말리 자치연방;;;;;;;;;;;;;x
MLI_dominion3;말리 보호토후령;;;;;;;;;;;;;x
MLI_hms_government2;말리 의회내각;;;;;;;;;;;;;x
MLI_prussian_constitutionalism2;말리 귀족협의회;;;;;;;;;;;;;x
MLI_theocracy;말리 이맘국;;;;;;;;;;;;;x
MLI_trade_unions_congress;말리 노동조합총연맹;;;;;;;;;;;;;x
MLT_absolute_monarchy;피아메타 공국;;;;;;;;;;;;;x
MLT_absolute_monarchy2;피아메타 세습공국;;;;;;;;;;;;;x
MLT_colonial_company;피아메타 특허회사령;;;;;;;;;;;;;x
MLT_democracy;피아메타 공화국;;;;;;;;;;;;;x
MLT_democracy2;피아메타 의회공화국;;;;;;;;;;;;;x
MLT_dominion;피아메타 자치령;;;;;;;;;;;;;x
MLT_dominion2;피아메타 자치연방;;;;;;;;;;;;;x
MLT_dominion3;피아메타 왕실속령;;;;;;;;;;;;;x
MLT_hms_government;피아메타 입헌공국;;;;;;;;;;;;;x
MLT_hms_government2;피아메타 의회내각;;;;;;;;;;;;;x
MLT_prussian_constitutionalism;피아메타 왕실원로원;;;;;;;;;;;;;x
MLT_prussian_constitutionalism2;피아메타 왕실참의회;;;;;;;;;;;;;x
MLT_theocracy;피아메타 기사수도회국;;;;;;;;;;;;;x
MLT_trade_unions_congress;피아메타 직능조합연맹;;;;;;;;;;;;;x
MLW_absolute_monarchy2;말라위 세습왕국;;;;;;;;;;;;;x
MLW_democracy;말라위 공화국;;;;;;;;;;;;;x
MLW_democracy2;말라위 의회공화국;;;;;;;;;;;;;x
MLW_dominion2;말라위 자치국연합;;;;;;;;;;;;;x
MLW_dominion3;말라위 왕실보호령;;;;;;;;;;;;;x
MLW_hms_government2;말라위 의회내각;;;;;;;;;;;;;x
MLW_prussian_constitutionalism2;말라위 추장원로회;;;;;;;;;;;;;x
MLW_theocracy;말라위 교회연합국;;;;;;;;;;;;;x
MLW_trade_unions_congress;말라위 노동조합연맹;;;;;;;;;;;;;x
MLY_absolute_monarchy2;스와이어 세습술탄국;;;;;;;;;;;;;x
MLY_democracy;스와이어 공화국;;;;;;;;;;;;;x
MLY_democracy2;스와이어 의회공화국;;;;;;;;;;;;;x
MLY_dominion;스와이어 자치령;;;;;;;;;;;;;x
MLY_dominion2;스와이어 자치연방;;;;;;;;;;;;;x
MLY_dominion3;스와이어 보호토후령;;;;;;;;;;;;;x
MLY_hms_government2;스와이어 의회내각;;;;;;;;;;;;;x
MLY_prussian_constitutionalism2;스와이어 귀족협의회;;;;;;;;;;;;;x
MLY_theocracy;스와이어 이맘국;;;;;;;;;;;;;x
MLY_trade_unions_congress;스와이어 노동조합연맹;;;;;;;;;;;;;x
MNC_absolute_monarchy;클로린드 공국;;;;;;;;;;;;;x
MNC_absolute_monarchy2;클로린드 세습공국;;;;;;;;;;;;;x
MNC_colonial_company;클로린드 특허회사령;;;;;;;;;;;;;x
MNC_democracy;클로린드 공화국;;;;;;;;;;;;;x
MNC_democracy2;클로린드 의회공화국;;;;;;;;;;;;;x
MNC_dominion;클로린드 자치령;;;;;;;;;;;;;x
MNC_dominion2;클로린드 자치연방;;;;;;;;;;;;;x
MNC_dominion3;클로린드 왕실속령;;;;;;;;;;;;;x
MNC_hms_government;클로린드 입헌공국;;;;;;;;;;;;;x
MNC_hms_government2;클로린드 의회내각;;;;;;;;;;;;;x
MNC_prussian_constitutionalism;클로린드 왕실국무원;;;;;;;;;;;;;x
MNC_prussian_constitutionalism2;클로린드 왕실참의회;;;;;;;;;;;;;x
MNC_theocracy;클로린드 주교령;;;;;;;;;;;;;x
MNC_trade_unions_congress;클로린드 노동총동맹;;;;;;;;;;;;;x
MNG_absolute_monarchy;몽고 왕국;;;;;;;;;;;;;x
MNG_absolute_monarchy2;몽고 세습왕국;;;;;;;;;;;;;x
MNG_colonial_company;몽고 특허회사령;;;;;;;;;;;;;x
MNG_democracy;몽고 공화국;;;;;;;;;;;;;x
MNG_democracy2;몽고 의회공화국;;;;;;;;;;;;;x
MNG_dominion;몽고 보호국;;;;;;;;;;;;;x
MNG_dominion2;몽고 자치국연합;;;;;;;;;;;;;x
MNG_dominion3;몽고 왕실보호령;;;;;;;;;;;;;x
MNG_hms_government;몽고 입헌왕국;;;;;;;;;;;;;x
MNG_hms_government2;몽고 의회내각;;;;;;;;;;;;;x
MNG_prussian_constitutionalism;몽고 왕실원로회;;;;;;;;;;;;;x
MNG_prussian_constitutionalism2;몽고 추장원로회;;;;;;;;;;;;;x
MNG_theocracy;몽고 제사장국;;;;;;;;;;;;;x
MNG_trade_unions_congress;몽고 노동조합연맹;;;;;;;;;;;;;x
MNP_absolute_monarchy;커터 라자국;;;;;;;;;;;;;x
MNP_absolute_monarchy2;커터 세습라자국;;;;;;;;;;;;;x
MNP_colonial_company;커터 동인도회사령;;;;;;;;;;;;;x
MNP_democracy;커터 공화국;;;;;;;;;;;;;x
MNP_democracy2;커터 의회공화국;;;;;;;;;;;;;x
MNP_dominion;커터 번왕령;;;;;;;;;;;;;x
MNP_dominion2;커터 번왕연합;;;;;;;;;;;;;x
MNP_dominion3;커터 왕실직할령;;;;;;;;;;;;;x
MNP_hms_government;커터 입헌라자국;;;;;;;;;;;;;x
MNP_hms_government2;커터 의회내각;;;;;;;;;;;;;x
MNP_prussian_constitutionalism;커터 다르바르;;;;;;;;;;;;;x
MNP_prussian_constitutionalism2;커터 제후회의;;;;;;;;;;;;;x
MNP_theocracy;커터 사원연합국;;;;;;;;;;;;;x
MNP_trade_unions_congress;커터 노동조합총연맹;;;;;;;;;;;;;x
MOD_absolute_monarchy;아르케토 공국;;;;;;;;;;;;;x
MOD_absolute_monarchy2;아르케토 세습공국;;;;;;;;;;;;;x
MOD_colonial_company;아르케토 특허회사령;;;;;;;;;;;;;x
MOD_democracy;아르케토 공화국;;;;;;;;;;;;;x
MOD_democracy2;아르케토 의회공화국;;;;;;;;;;;;;x
MOD_dominion;아르케토 자치령;;;;;;;;;;;;;x
MOD_dominion2;아르케토 자치연방;;;;;;;;;;;;;x
MOD_dominion3;아르케토 왕실속령;;;;;;;;;;;;;x
MOD_hms_government;아르케토 입헌공국;;;;;;;;;;;;;x
MOD_hms_government2;아르케토 의회내각;;;;;;;;;;;;;x
MOD_prussian_constitutionalism;아르케토 왕실원로원;;;;;;;;;;;;;x
MOD_prussian_constitutionalism2;아르케토 왕실참의회;;;;;;;;;;;;;x
MOD_theocracy;아르케토 주교령;;;;;;;;;;;;;x
MOD_trade_unions_congress;아르케토 직능조합연맹;;;;;;;;;;;;;x
MOL_absolute_monarchy;세인트루이스 왕국;;;;;;;;;;;;;x
MOL_absolute_monarchy2;세인트루이스 세습왕국;;;;;;;;;;;;;x
MOL_colonial_company;세인트루이스 특허회사령;;;;;;;;;;;;;x
MOL_democracy;세인트루이스 공화국;;;;;;;;;;;;;x
MOL_democracy2;세인트루이스 의회공화국;;;;;;;;;;;;;x
MOL_dominion;세인트루이스 자치령;;;;;;;;;;;;;x
MOL_dominion2;세인트루이스 자치연방;;;;;;;;;;;;;x
MOL_dominion3;세인트루이스 왕실속령;;;;;;;;;;;;;x
MOL_hms_government;세인트루이스 입헌왕국;;;;;;;;;;;;;x
MOL_hms_government2;세인트루이스 의회내각;;;;;;;;;;;;;x
MOL_prussian_constitutionalism;세인트루이스 왕실참사회;;;;;;;;;;;;;x
MOL_prussian_constitutionalism2;세인트루이스 왕실참의회;;;;;;;;;;;;;x
MOL_theocracy;세인트루이스 총대주교령;;;;;;;;;;;;;x
MOL_trade_unions_congress;세인트루이스 노동자평의회;;;;;;;;;;;;;x
MON_absolute_monarchy;W 공국;;;;;;;;;;;;;x
MON_absolute_monarchy2;W 세습공국;;;;;;;;;;;;;x
MON_colonial_company;W 특허회사령;;;;;;;;;;;;;x
MON_democracy;W 공화국;;;;;;;;;;;;;x
MON_democracy2;W 의회공화국;;;;;;;;;;;;;x
MON_dominion;W 자치령;;;;;;;;;;;;;x
MON_dominion2;W 자치연방;;;;;;;;;;;;;x
MON_dominion3;W 왕실속령;;;;;;;;;;;;;x
MON_hms_government;W 입헌공국;;;;;;;;;;;;;x
MON_hms_government2;W 의회내각;;;;;;;;;;;;;x
MON_prussian_constitutionalism;W 왕실참사회;;;;;;;;;;;;;x
MON_prussian_constitutionalism2;W 왕실참의회;;;;;;;;;;;;;x
MON_trade_unions_congress;W 노동자평의회;;;;;;;;;;;;;x
MOR_absolute_monarchy;노노미 술탄국;;;;;;;;;;;;;x
MOR_absolute_monarchy2;노노미 세습술탄국;;;;;;;;;;;;;x
MOR_colonial_company;노노미 통상회사령;;;;;;;;;;;;;x
MOR_democracy;노노미 공화국;;;;;;;;;;;;;x
MOR_democracy2;노노미 의회공화국;;;;;;;;;;;;;x
MOR_dominion;노노미 자치령;;;;;;;;;;;;;x
MOR_dominion2;노노미 자치연방;;;;;;;;;;;;;x
MOR_dominion3;노노미 보호토후령;;;;;;;;;;;;;x
MOR_hms_government;노노미 입헌술탄국;;;;;;;;;;;;;x
MOR_hms_government2;노노미 의회내각;;;;;;;;;;;;;x
MOR_prussian_constitutionalism;노노미 슈라 평의회;;;;;;;;;;;;;x
MOR_prussian_constitutionalism2;노노미 귀족협의회;;;;;;;;;;;;;x
MOR_theocracy;노노미 이맘국;;;;;;;;;;;;;x
MOR_trade_unions_congress;노노미 노동조합총연맹;;;;;;;;;;;;;x
MOS_absolute_monarchy;모시 왕국;;;;;;;;;;;;;x
MOS_absolute_monarchy2;모시 세습왕국;;;;;;;;;;;;;x
MOS_colonial_company;모시 특허회사령;;;;;;;;;;;;;x
MOS_democracy2;모시 의회공화국;;;;;;;;;;;;;x
MOS_dominion;모시 보호국;;;;;;;;;;;;;x
MOS_dominion2;모시 자치국연합;;;;;;;;;;;;;x
MOS_dominion3;모시 왕실보호령;;;;;;;;;;;;;x
MOS_hms_government;모시 입헌왕국;;;;;;;;;;;;;x
MOS_hms_government2;모시 의회내각;;;;;;;;;;;;;x
MOS_prussian_constitutionalism;모시 왕실원로회;;;;;;;;;;;;;x
MOS_prussian_constitutionalism2;모시 추장원로회;;;;;;;;;;;;;x
MOS_theocracy;모시 제사장국;;;;;;;;;;;;;x
MOS_trade_unions_congress;모시 노동조합연맹;;;;;;;;;;;;;x
MOZ_absolute_monarchy;모잠비크 왕국;;;;;;;;;;;;;x
MOZ_absolute_monarchy2;모잠비크 세습왕국;;;;;;;;;;;;;x
MOZ_democracy;모잠비크 공화국;;;;;;;;;;;;;x
MOZ_democracy2;모잠비크 의회공화국;;;;;;;;;;;;;x
MOZ_dominion;모잠비크 보호국;;;;;;;;;;;;;x
MOZ_dominion2;모잠비크 자치국연합;;;;;;;;;;;;;x
MOZ_dominion3;모잠비크 왕실보호령;;;;;;;;;;;;;x
MOZ_hms_government;모잠비크 입헌왕국;;;;;;;;;;;;;x
MOZ_hms_government2;모잠비크 의회내각;;;;;;;;;;;;;x
MOZ_prussian_constitutionalism;모잠비크 왕실원로회;;;;;;;;;;;;;x
MOZ_prussian_constitutionalism2;모잠비크 추장원로회;;;;;;;;;;;;;x
MOZ_theocracy;모잠비크 주교령;;;;;;;;;;;;;x
MOZ_trade_unions_congress;모잠비크 노동조합연맹;;;;;;;;;;;;;x
MRN_absolute_monarchy;진 공국;;;;;;;;;;;;;x
MRN_absolute_monarchy2;진 세습공국;;;;;;;;;;;;;x
MRN_colonial_company;진 특허회사령;;;;;;;;;;;;;x
MRN_democracy2;진 도시공화국;;;;;;;;;;;;;x
MRN_dominion;진 자치령;;;;;;;;;;;;;x
MRN_dominion2;진 자치연방;;;;;;;;;;;;;x
MRN_dominion3;진 왕실직할령;;;;;;;;;;;;;x
MRN_hms_government;진 입헌공국;;;;;;;;;;;;;x
MRN_hms_government2;진 영방내각;;;;;;;;;;;;;x
MRN_prussian_constitutionalism;진 영방의회;;;;;;;;;;;;;x
MRN_prussian_constitutionalism2;진 제후회의;;;;;;;;;;;;;x
MRN_theocracy;진 주교령;;;;;;;;;;;;;x
MRN_trade_unions_congress;진 노동자평의회;;;;;;;;;;;;;x
MRT_absolute_monarchy2;오키드 세습제국;;;;;;;;;;;;;x
MRT_colonial_company;오키드 동인도회사령;;;;;;;;;;;;;x
MRT_democracy2;오키드 의회공화국;;;;;;;;;;;;;x
MRT_dominion;오키드 번왕령;;;;;;;;;;;;;x
MRT_dominion2;오키드 번왕연합;;;;;;;;;;;;;x
MRT_dominion3;오키드 왕실직할령;;;;;;;;;;;;;x
MRT_hms_government;오키드 입헌제국;;;;;;;;;;;;;x
MRT_hms_government2;오키드 의회내각;;;;;;;;;;;;;x
MRT_prussian_constitutionalism2;오키드 제후회의;;;;;;;;;;;;;x
MRT_theocracy;오키드 사원연합국;;;;;;;;;;;;;x
MRT_trade_unions_congress;오키드 노동조합총연맹;;;;;;;;;;;;;x
MRU_absolute_monarchy2;아카네 세습왕국;;;;;;;;;;;;;x
MRU_democracy2;아카네 의회공화국;;;;;;;;;;;;;x
MRU_dominion2;아카네 자치연방;;;;;;;;;;;;;x
MRU_dominion3;아카네 왕실속령;;;;;;;;;;;;;x
MRU_hms_government2;아카네 의회내각;;;;;;;;;;;;;x
MRU_prussian_constitutionalism2;아카네 왕실참의회;;;;;;;;;;;;;x
MRU_theocracy;아카네 교회연합국;;;;;;;;;;;;;x
MRU_trade_unions_congress;아카네 노동조합회의;;;;;;;;;;;;;x
MSC_absolute_monarchy;코타마 대추장국;;;;;;;;;;;;;x
MSC_absolute_monarchy2;코타마 왕조;;;;;;;;;;;;;x
MSC_democracy2;코타마 의회공화국;;;;;;;;;;;;;x
MSC_dominion;코타마 보호국;;;;;;;;;;;;;x
MSC_dominion2;코타마 자치국연합;;;;;;;;;;;;;x
MSC_dominion3;코타마 왕실보호령;;;;;;;;;;;;;x
MSC_hms_government;코타마 입헌추장국;;;;;;;;;;;;;x
MSC_hms_government2;코타마 의회내각;;;;;;;;;;;;;x
MSC_prussian_constitutionalism;코타마 부족원로회;;;;;;;;;;;;;x
MSC_prussian_constitutionalism2;코타마 추장원로회;;;;;;;;;;;;;x
MSC_theocracy;코타마 제사장국;;;;;;;;;;;;;x
MSC_trade_unions_congress;코타마 생산자연맹;;;;;;;;;;;;;x
MSK_absolute_monarchy2;시틀랄리 세습왕국;;;;;;;;;;;;;x
MSK_democracy;시틀랄리 부족공화국;;;;;;;;;;;;;x
MSK_democracy2;시틀랄리 의회공화국;;;;;;;;;;;;;x
MSK_dominion2;시틀랄리 자치국연합;;;;;;;;;;;;;x
MSK_dominion3;시틀랄리 왕실보호령;;;;;;;;;;;;;x
MSK_hms_government2;시틀랄리 의회내각;;;;;;;;;;;;;x
MSK_prussian_constitutionalism2;시틀랄리 추장원로회;;;;;;;;;;;;;x
MSK_theocracy;시틀랄리 교회연합국;;;;;;;;;;;;;x
MSK_trade_unions_congress;시틀랄리 생산자연맹;;;;;;;;;;;;;x
MST_absolute_monarchy2;비스마르크 세습대공국;;;;;;;;;;;;;x
MST_democracy2;비스마르크 도시공화국;;;;;;;;;;;;;x
MST_dominion2;비스마르크 자치연방;;;;;;;;;;;;;x
MST_dominion3;비스마르크 왕실직할령;;;;;;;;;;;;;x
MST_hms_government2;비스마르크 영방내각;;;;;;;;;;;;;x
MST_prussian_constitutionalism2;비스마르크 제후회의;;;;;;;;;;;;;x
MST_theocracy;비스마르크 교회연합국;;;;;;;;;;;;;x
MST_trade_unions_congress;비스마르크 노동자평의회;;;;;;;;;;;;;x
MTC_absolute_monarchy;미유 왕국;;;;;;;;;;;;;x
MTC_absolute_monarchy2;미유 세습왕국;;;;;;;;;;;;;x
MTC_democracy2;미유 의회공화국;;;;;;;;;;;;;x
MTC_dominion2;미유 자치연방;;;;;;;;;;;;;x
MTC_dominion3;미유 왕실속령;;;;;;;;;;;;;x
MTC_hms_government2;미유 의회내각;;;;;;;;;;;;;x
MTC_prussian_constitutionalism;미유 추밀원;;;;;;;;;;;;;x
MTC_prussian_constitutionalism2;미유 왕실참의회;;;;;;;;;;;;;x
MTC_theocracy;미유 교회연합국;;;;;;;;;;;;;x
MTC_trade_unions_congress;미유 노동조합회의;;;;;;;;;;;;;x
MTG_absolute_monarchy;왕아르마딜로 제국;;;;;;;;;;;;;x
MTG_absolute_monarchy2;왕아르마딜로 세습제국;;;;;;;;;;;;;x
MTG_colonial_company;왕아르마딜로 특허회사령;;;;;;;;;;;;;x
MTG_democracy;왕아르마딜로 대서양 공화국;;;;;;;;;;;;;x
MTG_democracy2;왕아르마딜로 의회공화국;;;;;;;;;;;;;x
MTG_dominion;왕아르마딜로 자치령;;;;;;;;;;;;;x
MTG_dominion2;왕아르마딜로 자치연방;;;;;;;;;;;;;x
MTG_dominion3;왕아르마딜로 왕실속령;;;;;;;;;;;;;x
MTG_hms_government;왕아르마딜로 입헌제국;;;;;;;;;;;;;x
MTG_hms_government2;왕아르마딜로 의회내각;;;;;;;;;;;;;x
MTG_prussian_constitutionalism;왕아르마딜로 제국국무원;;;;;;;;;;;;;x
MTG_prussian_constitutionalism2;왕아르마딜로 왕실참의회;;;;;;;;;;;;;x
MTG_theocracy;왕아르마딜로 주교령;;;;;;;;;;;;;x
MTG_trade_unions_congress;왕아르마딜로 노동자총연맹;;;;;;;;;;;;;x
MTQ_absolute_monarchy;콜로라도 왕국;;;;;;;;;;;;;x
MTQ_absolute_monarchy2;콜로라도 세습왕국;;;;;;;;;;;;;x
MTQ_colonial_company;콜로라도 특허회사령;;;;;;;;;;;;;x
MTQ_democracy;콜로라도 공화국;;;;;;;;;;;;;x
MTQ_democracy2;콜로라도 의회공화국;;;;;;;;;;;;;x
MTQ_dominion;콜로라도 자치령;;;;;;;;;;;;;x
MTQ_dominion2;콜로라도 자치연방;;;;;;;;;;;;;x
MTQ_dominion3;콜로라도 왕실속령;;;;;;;;;;;;;x
MTQ_hms_government;콜로라도 입헌왕국;;;;;;;;;;;;;x
MTQ_hms_government2;콜로라도 의회내각;;;;;;;;;;;;;x
MTQ_prussian_constitutionalism;콜로라도 왕실평의회;;;;;;;;;;;;;x
MTQ_prussian_constitutionalism2;콜로라도 왕실참의회;;;;;;;;;;;;;x
MTQ_theocracy;콜로라도 주교령;;;;;;;;;;;;;x
MTQ_trade_unions_congress;콜로라도 노동자총연맹;;;;;;;;;;;;;x
MUD_absolute_monarchy;비글 라자국;;;;;;;;;;;;;x
MUD_absolute_monarchy2;비글 세습라자국;;;;;;;;;;;;;x
MUD_colonial_company;비글 동인도회사령;;;;;;;;;;;;;x
MUD_democracy;비글 공화국;;;;;;;;;;;;;x
MUD_democracy2;비글 의회공화국;;;;;;;;;;;;;x
MUD_dominion;비글 번왕령;;;;;;;;;;;;;x
MUD_dominion2;비글 번왕연합;;;;;;;;;;;;;x
MUD_dominion3;비글 왕실직할령;;;;;;;;;;;;;x
MUD_hms_government;비글 입헌라자국;;;;;;;;;;;;;x
MUD_hms_government2;비글 의회내각;;;;;;;;;;;;;x
MUD_prussian_constitutionalism;비글 다르바르;;;;;;;;;;;;;x
MUD_prussian_constitutionalism2;비글 제후회의;;;;;;;;;;;;;x
MUD_theocracy;비글 사원연합국;;;;;;;;;;;;;x
MUD_trade_unions_congress;비글 노동조합총연맹;;;;;;;;;;;;;x
MUG_absolute_monarchy2;쿠오라 세습제국;;;;;;;;;;;;;x
MUG_democracy;쿠오라 공화국;;;;;;;;;;;;;x
MUG_democracy2;쿠오라 의회공화국;;;;;;;;;;;;;x
MUG_dominion;쿠오라 번왕령;;;;;;;;;;;;;x
MUG_dominion2;쿠오라 번왕연합;;;;;;;;;;;;;x
MUG_dominion3;쿠오라 왕실직할령;;;;;;;;;;;;;x
MUG_hms_government;쿠오라 입헌제국;;;;;;;;;;;;;x
MUG_hms_government2;쿠오라 의회내각;;;;;;;;;;;;;x
MUG_prussian_constitutionalism2;쿠오라 제후회의;;;;;;;;;;;;;x
MUG_theocracy;쿠오라 이맘국;;;;;;;;;;;;;x
MUG_trade_unions_congress;쿠오라 노동조합총연맹;;;;;;;;;;;;;x
MYA_absolute_monarchy2;미야코 세습제국;;;;;;;;;;;;;x
MYA_colonial_company;미야코 특허회사령;;;;;;;;;;;;;x
MYA_democracy2;미야코 의회공화국;;;;;;;;;;;;;x
MYA_dominion;미야코 보호국;;;;;;;;;;;;;x
MYA_dominion2;미야코 자치국연합;;;;;;;;;;;;;x
MYA_dominion3;미야코 왕실보호령;;;;;;;;;;;;;x
MYA_hms_government2;미야코 의회내각;;;;;;;;;;;;;x
MYA_prussian_constitutionalism2;미야코 추장원로회;;;;;;;;;;;;;x
MYA_trade_unions_congress;미야코 생산자연맹;;;;;;;;;;;;;x
MYN_absolute_monarchy;폴리닉 칸국;;;;;;;;;;;;;x
MYN_absolute_monarchy2;폴리닉 세습칸국;;;;;;;;;;;;;x
MYN_colonial_company;폴리닉 통상회사령;;;;;;;;;;;;;x
MYN_democracy;폴리닉 공화국;;;;;;;;;;;;;x
MYN_democracy2;폴리닉 의회공화국;;;;;;;;;;;;;x
MYN_dominion;폴리닉 자치령;;;;;;;;;;;;;x
MYN_dominion2;폴리닉 자치연방;;;;;;;;;;;;;x
MYN_dominion3;폴리닉 보호토후령;;;;;;;;;;;;;x
MYN_hms_government;폴리닉 입헌칸국;;;;;;;;;;;;;x
MYN_hms_government2;폴리닉 의회내각;;;;;;;;;;;;;x
MYN_prussian_constitutionalism;폴리닉 칸국의정회;;;;;;;;;;;;;x
MYN_prussian_constitutionalism2;폴리닉 귀족협의회;;;;;;;;;;;;;x
MYN_theocracy;폴리닉 이맘국;;;;;;;;;;;;;x
MYN_trade_unions_congress;폴리닉 노동자평의회;;;;;;;;;;;;;x
MYS_absolute_monarchy;애스베스토스 왕국;;;;;;;;;;;;;x
MYS_absolute_monarchy2;애스베스토스 세습왕국;;;;;;;;;;;;;x
MYS_colonial_company;애스베스토스 동인도회사령;;;;;;;;;;;;;x
MYS_democracy;애스베스토스 공화국;;;;;;;;;;;;;x
MYS_democracy2;애스베스토스 의회공화국;;;;;;;;;;;;;x
MYS_dominion;애스베스토스 번왕령;;;;;;;;;;;;;x
MYS_dominion2;애스베스토스 번왕연합;;;;;;;;;;;;;x
MYS_dominion3;애스베스토스 왕실직할령;;;;;;;;;;;;;x
MYS_hms_government;애스베스토스 입헌왕국;;;;;;;;;;;;;x
MYS_hms_government2;애스베스토스 의회내각;;;;;;;;;;;;;x
MYS_prussian_constitutionalism;애스베스토스 다르바르;;;;;;;;;;;;;x
MYS_prussian_constitutionalism2;애스베스토스 제후회의;;;;;;;;;;;;;x
MYS_theocracy;애스베스토스 사원연합국;;;;;;;;;;;;;x
MYS_trade_unions_congress;애스베스토스 노동조합총연맹;;;;;;;;;;;;;x
NAF_absolute_monarchy2;사키 세습왕국;;;;;;;;;;;;;x
NAF_colonial_company;사키 특허회사령;;;;;;;;;;;;;x
NAF_democracy2;사키 의회공화국;;;;;;;;;;;;;x
NAF_dominion;사키 자치령;;;;;;;;;;;;;x
NAF_dominion2;사키 자치연방;;;;;;;;;;;;;x
NAF_dominion3;사키 왕실속령;;;;;;;;;;;;;x
NAF_hms_government2;사키 의회내각;;;;;;;;;;;;;x
NAF_prussian_constitutionalism2;사키 왕실참의회;;;;;;;;;;;;;x
NAF_theocracy;사키 교회연합국;;;;;;;;;;;;;x
NAF_trade_unions_congress;사키 노동자총연맹;;;;;;;;;;;;;x
NAG_absolute_monarchy;애쉬락 라자국;;;;;;;;;;;;;x
NAG_absolute_monarchy2;애쉬락 세습라자국;;;;;;;;;;;;;x
NAG_colonial_company;애쉬락 동인도회사령;;;;;;;;;;;;;x
NAG_democracy;애쉬락 공화국;;;;;;;;;;;;;x
NAG_democracy2;애쉬락 의회공화국;;;;;;;;;;;;;x
NAG_dominion;애쉬락 번왕령;;;;;;;;;;;;;x
NAG_dominion2;애쉬락 번왕연합;;;;;;;;;;;;;x
NAG_dominion3;애쉬락 왕실직할령;;;;;;;;;;;;;x
NAG_hms_government;애쉬락 입헌라자국;;;;;;;;;;;;;x
NAG_hms_government2;애쉬락 의회내각;;;;;;;;;;;;;x
NAG_prussian_constitutionalism;애쉬락 다르바르;;;;;;;;;;;;;x
NAG_prussian_constitutionalism2;애쉬락 제후회의;;;;;;;;;;;;;x
NAG_theocracy;애쉬락 사원연합국;;;;;;;;;;;;;x
NAG_trade_unions_congress;애쉬락 노동조합총연맹;;;;;;;;;;;;;x
NAL_absolute_monarchy;나탈리아 왕국;;;;;;;;;;;;;x
NAL_absolute_monarchy2;나탈리아 세습왕국;;;;;;;;;;;;;x
NAL_democracy;나탈리아 자유공화국;;;;;;;;;;;;;x
NAL_democracy2;나탈리아 시민의회;;;;;;;;;;;;;x
NAL_dominion2;나탈리아 자치연방;;;;;;;;;;;;;x
NAL_dominion3;나탈리아 왕실속령;;;;;;;;;;;;;x
NAL_hms_government;나탈리아 입헌왕국;;;;;;;;;;;;;x
NAL_hms_government2;나탈리아 의회내각;;;;;;;;;;;;;x
NAL_prussian_constitutionalism;나탈리아 시민평의회;;;;;;;;;;;;;x
NAL_prussian_constitutionalism2;나탈리아 왕실참의회;;;;;;;;;;;;;x
NAL_theocracy;나탈리아 교회연합국;;;;;;;;;;;;;x
NAL_trade_unions_congress;나탈리아 노동조합연맹;;;;;;;;;;;;;x
NAN_absolute_monarchy;레노 왕국;;;;;;;;;;;;;x
NAN_absolute_monarchy2;레노 세습왕국;;;;;;;;;;;;;x
NAN_colonial_company;레노 특허회사령;;;;;;;;;;;;;x
NAN_democracy;레노 연합공화국;;;;;;;;;;;;;x
NAN_democracy2;레노 의회공화국;;;;;;;;;;;;;x
NAN_dominion;레노 자치령;;;;;;;;;;;;;x
NAN_dominion2;레노 자치연방;;;;;;;;;;;;;x
NAN_dominion3;레노 왕실속령;;;;;;;;;;;;;x
NAN_hms_government;레노 입헌왕국;;;;;;;;;;;;;x
NAN_hms_government2;레노 의회내각;;;;;;;;;;;;;x
NAN_prussian_constitutionalism;레노 귀족의회;;;;;;;;;;;;;x
NAN_prussian_constitutionalism2;레노 왕실참의회;;;;;;;;;;;;;x
NAN_theocracy;레노 교회연합국;;;;;;;;;;;;;x
NAN_trade_unions_congress;레노 노동조합연맹;;;;;;;;;;;;;x
NAS_absolute_monarchy2;티르피츠 세습공국;;;;;;;;;;;;;x
NAS_democracy2;티르피츠 도시공화국;;;;;;;;;;;;;x
NAS_dominion2;티르피츠 자치연방;;;;;;;;;;;;;x
NAS_dominion3;티르피츠 왕실직할령;;;;;;;;;;;;;x
NAS_hms_government2;티르피츠 영방내각;;;;;;;;;;;;;x
NAS_prussian_constitutionalism2;티르피츠 제후회의;;;;;;;;;;;;;x
NAS_theocracy;티르피츠 교회연합국;;;;;;;;;;;;;x
NAS_trade_unions_congress;티르피츠 노동자평의회;;;;;;;;;;;;;x
NBR_absolute_monarchy;반디 왕국;;;;;;;;;;;;;x
NBR_absolute_monarchy2;반디 세습왕국;;;;;;;;;;;;;x
NBR_democracy;반디 공화국;;;;;;;;;;;;;x
NBR_democracy2;반디 의회공화국;;;;;;;;;;;;;x
NBR_dominion2;반디 자치연방;;;;;;;;;;;;;x
NBR_dominion3;반디 왕실속령;;;;;;;;;;;;;x
NBR_hms_government;반디 입헌왕국;;;;;;;;;;;;;x
NBR_hms_government2;반디 의회내각;;;;;;;;;;;;;x
NBR_prussian_constitutionalism;반디 추밀원;;;;;;;;;;;;;x
NBR_prussian_constitutionalism2;반디 왕실참의회;;;;;;;;;;;;;x
NBR_theocracy;반디 교회연합국;;;;;;;;;;;;;x
NBR_trade_unions_congress;반디 노동조합회의;;;;;;;;;;;;;x
NCT_absolute_monarchy;울리히 폰 후텐 공국;;;;;;;;;;;;;x
NCT_absolute_monarchy2;울리히 폰 후텐 세습공국;;;;;;;;;;;;;x
NCT_colonial_company;울리히 폰 후텐 특허회사령;;;;;;;;;;;;;x
NCT_democracy;울리히 폰 후텐 자유국;;;;;;;;;;;;;x
NCT_democracy2;울리히 폰 후텐 도시공화국;;;;;;;;;;;;;x
NCT_dominion;울리히 폰 후텐 자치령;;;;;;;;;;;;;x
NCT_dominion2;울리히 폰 후텐 자치연방;;;;;;;;;;;;;x
NCT_dominion3;울리히 폰 후텐 왕실직할령;;;;;;;;;;;;;x
NCT_hms_government;울리히 폰 후텐 입헌공국;;;;;;;;;;;;;x
NCT_hms_government2;울리히 폰 후텐 영방내각;;;;;;;;;;;;;x
NCT_prussian_constitutionalism;울리히 폰 후텐 영방의회;;;;;;;;;;;;;x
NCT_prussian_constitutionalism2;울리히 폰 후텐 제후회의;;;;;;;;;;;;;x
NCT_theocracy;울리히 폰 후텐 교회연합국;;;;;;;;;;;;;x
NCT_trade_unions_congress;울리히 폰 후텐 노동자평의회;;;;;;;;;;;;;x
NEJ_absolute_monarchy2;벌컨 세습토후국;;;;;;;;;;;;;x
NEJ_colonial_company;벌컨 통상회사령;;;;;;;;;;;;;x
NEJ_democracy;벌컨 공화국;;;;;;;;;;;;;x
NEJ_democracy2;벌컨 의회공화국;;;;;;;;;;;;;x
NEJ_dominion;벌컨 자치령;;;;;;;;;;;;;x
NEJ_dominion2;벌컨 자치연방;;;;;;;;;;;;;x
NEJ_dominion3;벌컨 보호토후령;;;;;;;;;;;;;x
NEJ_hms_government2;벌컨 의회내각;;;;;;;;;;;;;x
NEJ_prussian_constitutionalism2;벌컨 귀족협의회;;;;;;;;;;;;;x
NEJ_theocracy;벌컨 이맘국;;;;;;;;;;;;;x
NEJ_trade_unions_congress;벌컨 노동조합총연맹;;;;;;;;;;;;;x
NEN_absolute_monarchy;스파클 왕국;;;;;;;;;;;;;x
NEN_absolute_monarchy2;스파클 세습왕국;;;;;;;;;;;;;x
NEN_colonial_company;스파클 특허회사령;;;;;;;;;;;;;x
NEN_democracy;스파클 연방공화국;;;;;;;;;;;;;x
NEN_democracy2;스파클 의회공화국;;;;;;;;;;;;;x
NEN_dominion2;스파클 자치연방;;;;;;;;;;;;;x
NEN_dominion3;스파클 왕실속령;;;;;;;;;;;;;x
NEN_hms_government;스파클 입헌왕국;;;;;;;;;;;;;x
NEN_hms_government2;스파클 의회내각;;;;;;;;;;;;;x
NEN_prussian_constitutionalism;스파클 왕실의회;;;;;;;;;;;;;x
NEN_prussian_constitutionalism2;스파클 왕실참의회;;;;;;;;;;;;;x
NEN_theocracy;스파클 교회연합국;;;;;;;;;;;;;x
NEN_trade_unions_congress;스파클 산업노동조합연맹;;;;;;;;;;;;;x
NEP_absolute_monarchy;아스칼론 왕국;;;;;;;;;;;;;x
NEP_absolute_monarchy2;아스칼론 세습왕국;;;;;;;;;;;;;x
NEP_colonial_company;아스칼론 동인도회사령;;;;;;;;;;;;;x
NEP_democracy;아스칼론 공화국;;;;;;;;;;;;;x
NEP_democracy2;아스칼론 의회공화국;;;;;;;;;;;;;x
NEP_dominion;아스칼론 번왕령;;;;;;;;;;;;;x
NEP_dominion2;아스칼론 번왕연합;;;;;;;;;;;;;x
NEP_dominion3;아스칼론 왕실직할령;;;;;;;;;;;;;x
NEP_hms_government;아스칼론 입헌왕국;;;;;;;;;;;;;x
NEP_hms_government2;아스칼론 의회내각;;;;;;;;;;;;;x
NEP_prussian_constitutionalism;아스칼론 다르바르;;;;;;;;;;;;;x
NEP_prussian_constitutionalism2;아스칼론 제후회의;;;;;;;;;;;;;x
NEP_theocracy;아스칼론 승가국;;;;;;;;;;;;;x
NEP_trade_unions_congress;아스칼론 노동조합총연맹;;;;;;;;;;;;;x
NET_absolute_monarchy;반 고흐 왕국;;;;;;;;;;;;;x
NET_absolute_monarchy2;반 고흐 세습왕국;;;;;;;;;;;;;x
NET_democracy;반 고흐 연합공화국;;;;;;;;;;;;;x
NET_democracy2;반 고흐 바타비아 공화국;;;;;;;;;;;;;x
NET_dominion;반 고흐 자치령;;;;;;;;;;;;;x
NET_dominion2;반 고흐 자치연방;;;;;;;;;;;;;x
NET_dominion3;반 고흐 왕실속령;;;;;;;;;;;;;x
NET_hms_government;반 고흐 입헌왕국;;;;;;;;;;;;;x
NET_hms_government2;반 고흐 의회내각;;;;;;;;;;;;;x
NET_prussian_constitutionalism;반 고흐 스타텐헤네랄;;;;;;;;;;;;;x
NET_prussian_constitutionalism2;반 고흐 왕실참의회;;;;;;;;;;;;;x
NET_theocracy;반 고흐 교회연합국;;;;;;;;;;;;;x
NET_trade_unions_congress;반 고흐 노동조합연맹;;;;;;;;;;;;;x
NEW_absolute_monarchy;로빈 왕국;;;;;;;;;;;;;x
NEW_absolute_monarchy2;로빈 세습왕국;;;;;;;;;;;;;x
NEW_democracy2;로빈 의회공화국;;;;;;;;;;;;;x
NEW_dominion2;로빈 자치연방;;;;;;;;;;;;;x
NEW_dominion3;로빈 왕실속령;;;;;;;;;;;;;x
NEW_hms_government;로빈 입헌왕국;;;;;;;;;;;;;x
NEW_hms_government2;로빈 의회내각;;;;;;;;;;;;;x
NEW_prussian_constitutionalism;로빈 추밀원;;;;;;;;;;;;;x
NEW_prussian_constitutionalism2;로빈 왕실참의회;;;;;;;;;;;;;x
NEW_theocracy;로빈 교회연합국;;;;;;;;;;;;;x
NEW_trade_unions_congress;로빈 노동조합회의;;;;;;;;;;;;;x
NGA_absolute_monarchy;카프카 대추장국;;;;;;;;;;;;;x
NGA_absolute_monarchy2;카프카 왕조;;;;;;;;;;;;;x
NGA_colonial_company;카프카 특허회사령;;;;;;;;;;;;;x
NGA_democracy;카프카 부족공화국;;;;;;;;;;;;;x
NGA_democracy2;카프카 의회공화국;;;;;;;;;;;;;x
NGA_dominion;카프카 보호국;;;;;;;;;;;;;x
NGA_dominion2;카프카 자치국연합;;;;;;;;;;;;;x
NGA_dominion3;카프카 왕실보호령;;;;;;;;;;;;;x
NGA_hms_government;카프카 입헌추장국;;;;;;;;;;;;;x
NGA_hms_government2;카프카 의회내각;;;;;;;;;;;;;x
NGA_prussian_constitutionalism;카프카 부족원로회;;;;;;;;;;;;;x
NGA_prussian_constitutionalism2;카프카 추장원로회;;;;;;;;;;;;;x
NGA_theocracy;카프카 제사장국;;;;;;;;;;;;;x
NGA_trade_unions_congress;카프카 생산자연맹;;;;;;;;;;;;;x
NGR_absolute_monarchy;플린트 왕국;;;;;;;;;;;;;x
NGR_absolute_monarchy2;플린트 세습왕국;;;;;;;;;;;;;x
NGR_democracy;플린트 공화국;;;;;;;;;;;;;x
NGR_democracy2;플린트 의회공화국;;;;;;;;;;;;;x
NGR_dominion2;플린트 자치국연합;;;;;;;;;;;;;x
NGR_dominion3;플린트 왕실보호령;;;;;;;;;;;;;x
NGR_hms_government;플린트 입헌왕국;;;;;;;;;;;;;x
NGR_hms_government2;플린트 의회내각;;;;;;;;;;;;;x
NGR_prussian_constitutionalism;플린트 왕실원로회;;;;;;;;;;;;;x
NGR_prussian_constitutionalism2;플린트 추장원로회;;;;;;;;;;;;;x
NGR_theocracy;플린트 교회연합국;;;;;;;;;;;;;x
NGR_trade_unions_congress;플린트 노동조합연맹;;;;;;;;;;;;;x
NIA_absolute_monarchy2;쿤 마스체니 자하드 황실조정;;;;;;;;;;;;;x
NIA_colonial_company;쿤 마스체니 자하드 조계지;;;;;;;;;;;;;x
NIA_democracy;쿤 마스체니 자하드 민국;;;;;;;;;;;;;x
NIA_democracy2;쿤 마스체니 자하드 연성공화국;;;;;;;;;;;;;x
NIA_dominion;쿤 마스체니 자하드 자치성;;;;;;;;;;;;;x
NIA_dominion2;쿤 마스체니 자하드 연성정부;;;;;;;;;;;;;x
NIA_dominion3;쿤 마스체니 자하드 번부;;;;;;;;;;;;;x
NIA_hms_government;쿤 마스체니 자하드 책임내각;;;;;;;;;;;;;x
NIA_hms_government2;쿤 마스체니 자하드 의회내각;;;;;;;;;;;;;x
NIA_prussian_constitutionalism;쿤 마스체니 자하드 자정원;;;;;;;;;;;;;x
NIA_prussian_constitutionalism2;쿤 마스체니 자하드 참정원;;;;;;;;;;;;;x
NIA_theocracy;쿤 마스체니 자하드 유교제정국;;;;;;;;;;;;;x
NIA_trade_unions_congress;쿤 마스체니 자하드 총공회;;;;;;;;;;;;;x
NIC_absolute_monarchy;마부이카 왕국;;;;;;;;;;;;;x
NIC_absolute_monarchy2;마부이카 세습왕국;;;;;;;;;;;;;x
NIC_democracy2;마부이카 의회공화국;;;;;;;;;;;;;x
NIC_dominion;마부이카 자치령;;;;;;;;;;;;;x
NIC_dominion2;마부이카 자치연방;;;;;;;;;;;;;x
NIC_dominion3;마부이카 왕실속령;;;;;;;;;;;;;x
NIC_hms_government;마부이카 입헌왕국;;;;;;;;;;;;;x
NIC_hms_government2;마부이카 의회내각;;;;;;;;;;;;;x
NIC_prussian_constitutionalism;마부이카 왕실평의회;;;;;;;;;;;;;x
NIC_prussian_constitutionalism2;마부이카 왕실참의회;;;;;;;;;;;;;x
NIC_theocracy;마부이카 주교령;;;;;;;;;;;;;x
NIC_trade_unions_congress;마부이카 노동자총연맹;;;;;;;;;;;;;x
NIG_absolute_monarchy2;니제르 세습술탄국;;;;;;;;;;;;;x
NIG_colonial_company;니제르 통상회사령;;;;;;;;;;;;;x
NIG_democracy;니제르 공화국;;;;;;;;;;;;;x
NIG_democracy2;니제르 의회공화국;;;;;;;;;;;;;x
NIG_dominion;니제르 자치령;;;;;;;;;;;;;x
NIG_dominion2;니제르 자치연방;;;;;;;;;;;;;x
NIG_dominion3;니제르 보호토후령;;;;;;;;;;;;;x
NIG_hms_government2;니제르 의회내각;;;;;;;;;;;;;x
NIG_prussian_constitutionalism2;니제르 귀족협의회;;;;;;;;;;;;;x
NIG_theocracy;니제르 이맘국;;;;;;;;;;;;;x
NIG_trade_unions_congress;니제르 노동조합총연맹;;;;;;;;;;;;;x
NKO_absolute_monarchy;은코레 왕국;;;;;;;;;;;;;x
NKO_absolute_monarchy2;은코레 세습왕국;;;;;;;;;;;;;x
NKO_colonial_company;은코레 특허회사령;;;;;;;;;;;;;x
NKO_democracy;은코레 공화국;;;;;;;;;;;;;x
NKO_democracy2;은코레 의회공화국;;;;;;;;;;;;;x
NKO_dominion;은코레 보호국;;;;;;;;;;;;;x
NKO_dominion2;은코레 자치국연합;;;;;;;;;;;;;x
NKO_dominion3;은코레 왕실보호령;;;;;;;;;;;;;x
NKO_hms_government;은코레 입헌왕국;;;;;;;;;;;;;x
NKO_hms_government2;은코레 의회내각;;;;;;;;;;;;;x
NKO_prussian_constitutionalism;은코레 왕실원로회;;;;;;;;;;;;;x
NKO_prussian_constitutionalism2;은코레 추장원로회;;;;;;;;;;;;;x
NKO_theocracy;은코레 제사장국;;;;;;;;;;;;;x
NKO_trade_unions_congress;은코레 노동조합연맹;;;;;;;;;;;;;x
NMB_absolute_monarchy;나미비아 대추장국;;;;;;;;;;;;;x
NMB_absolute_monarchy2;나미비아 왕조;;;;;;;;;;;;;x
NMB_democracy;나미비아 부족공화국;;;;;;;;;;;;;x
NMB_democracy2;나미비아 의회공화국;;;;;;;;;;;;;x
NMB_dominion;나미비아 보호국;;;;;;;;;;;;;x
NMB_dominion2;나미비아 자치국연합;;;;;;;;;;;;;x
NMB_dominion3;나미비아 왕실보호령;;;;;;;;;;;;;x
NMB_hms_government;나미비아 입헌추장국;;;;;;;;;;;;;x
NMB_hms_government2;나미비아 의회내각;;;;;;;;;;;;;x
NMB_prussian_constitutionalism;나미비아 부족원로회;;;;;;;;;;;;;x
NMB_prussian_constitutionalism2;나미비아 추장원로회;;;;;;;;;;;;;x
NMB_theocracy;나미비아 제사장국;;;;;;;;;;;;;x
NMB_trade_unions_congress;나미비아 생산자연맹;;;;;;;;;;;;;x
NOR_absolute_monarchy;카란무역 왕국;;;;;;;;;;;;;x
NOR_absolute_monarchy2;카란무역 세습왕국;;;;;;;;;;;;;x
NOR_colonial_company;카란무역 특허회사령;;;;;;;;;;;;;x
NOR_democracy;카란무역 공화국;;;;;;;;;;;;;x
NOR_democracy2;카란무역 의회공화국;;;;;;;;;;;;;x
NOR_dominion;카란무역 자치령;;;;;;;;;;;;;x
NOR_dominion2;카란무역 자치연방;;;;;;;;;;;;;x
NOR_dominion3;카란무역 왕실속령;;;;;;;;;;;;;x
NOR_hms_government;카란무역 입헌왕국;;;;;;;;;;;;;x
NOR_hms_government2;카란무역 의회내각;;;;;;;;;;;;;x
NOR_prussian_constitutionalism;카란무역 스토르팅;;;;;;;;;;;;;x
NOR_prussian_constitutionalism2;카란무역 왕실참의회;;;;;;;;;;;;;x
NOR_theocracy;카란무역 교회연합국;;;;;;;;;;;;;x
NOR_trade_unions_congress;카란무역 노동조합연맹;;;;;;;;;;;;;x
NPL_absolute_monarchy2;엠브리엘 세습왕국;;;;;;;;;;;;;x
NPL_colonial_company;엠브리엘 특허회사령;;;;;;;;;;;;;x
NPL_democracy2;엠브리엘 의회공화국;;;;;;;;;;;;;x
NPL_dominion;엠브리엘 자치령;;;;;;;;;;;;;x
NPL_dominion2;엠브리엘 자치연방;;;;;;;;;;;;;x
NPL_dominion3;엠브리엘 왕실속령;;;;;;;;;;;;;x
NPL_hms_government2;엠브리엘 의회내각;;;;;;;;;;;;;x
NPL_prussian_constitutionalism2;엠브리엘 왕실참의회;;;;;;;;;;;;;x
NPL_theocracy;엠브리엘 주교령;;;;;;;;;;;;;x
NPL_trade_unions_congress;엠브리엘 직능조합연맹;;;;;;;;;;;;;x
NRM_absolute_monarchy;나비아 왕국;;;;;;;;;;;;;x
NRM_absolute_monarchy2;나비아 세습왕국;;;;;;;;;;;;;x
NRM_colonial_company;나비아 특허회사령;;;;;;;;;;;;;x
NRM_democracy;나비아 공화국;;;;;;;;;;;;;x
NRM_democracy2;나비아 의회공화국;;;;;;;;;;;;;x
NRM_dominion;나비아 자치령;;;;;;;;;;;;;x
NRM_dominion2;나비아 자치연방;;;;;;;;;;;;;x
NRM_dominion3;나비아 왕실속령;;;;;;;;;;;;;x
NRM_hms_government;나비아 입헌왕국;;;;;;;;;;;;;x
NRM_hms_government2;나비아 의회내각;;;;;;;;;;;;;x
NRM_prussian_constitutionalism;나비아 왕실국무원;;;;;;;;;;;;;x
NRM_prussian_constitutionalism2;나비아 왕실참의회;;;;;;;;;;;;;x
NRM_theocracy;나비아 주교령;;;;;;;;;;;;;x
NRM_trade_unions_congress;나비아 노동총동맹;;;;;;;;;;;;;x
NSC_absolute_monarchy;멜뤼진 왕국;;;;;;;;;;;;;x
NSC_absolute_monarchy2;멜뤼진 세습왕국;;;;;;;;;;;;;x
NSC_democracy;멜뤼진 공화국;;;;;;;;;;;;;x
NSC_democracy2;멜뤼진 의회공화국;;;;;;;;;;;;;x
NSC_dominion2;멜뤼진 자치연방;;;;;;;;;;;;;x
NSC_dominion3;멜뤼진 왕실속령;;;;;;;;;;;;;x
NSC_hms_government;멜뤼진 입헌왕국;;;;;;;;;;;;;x
NSC_hms_government2;멜뤼진 의회내각;;;;;;;;;;;;;x
NSC_prussian_constitutionalism;멜뤼진 추밀원;;;;;;;;;;;;;x
NSC_prussian_constitutionalism2;멜뤼진 왕실참의회;;;;;;;;;;;;;x
NSC_theocracy;멜뤼진 교회연합국;;;;;;;;;;;;;x
NSC_trade_unions_congress;멜뤼진 노동조합회의;;;;;;;;;;;;;x
NYE_absolute_monarchy2;플루오라이트 세습왕국;;;;;;;;;;;;;x
NYE_colonial_company;플루오라이트 통상회사령;;;;;;;;;;;;;x
NYE_democracy2;플루오라이트 의회공화국;;;;;;;;;;;;;x
NYE_dominion;플루오라이트 자치령;;;;;;;;;;;;;x
NYE_dominion2;플루오라이트 자치연방;;;;;;;;;;;;;x
NYE_dominion3;플루오라이트 보호토후령;;;;;;;;;;;;;x
NYE_hms_government2;플루오라이트 의회내각;;;;;;;;;;;;;x
NYE_prussian_constitutionalism2;플루오라이트 귀족협의회;;;;;;;;;;;;;x
NYE_trade_unions_congress;플루오라이트 노동조합총연맹;;;;;;;;;;;;;x
NZF_absolute_monarchy;하스미 왕국;;;;;;;;;;;;;x
NZF_absolute_monarchy2;하스미 세습왕국;;;;;;;;;;;;;x
NZF_democracy;하스미 공화국;;;;;;;;;;;;;x
NZF_democracy2;하스미 의회공화국;;;;;;;;;;;;;x
NZF_dominion2;하스미 자치연방;;;;;;;;;;;;;x
NZF_dominion3;하스미 왕실속령;;;;;;;;;;;;;x
NZF_hms_government;하스미 입헌왕국;;;;;;;;;;;;;x
NZF_hms_government2;하스미 의회내각;;;;;;;;;;;;;x
NZF_prussian_constitutionalism;하스미 왕실국무원;;;;;;;;;;;;;x
NZF_prussian_constitutionalism2;하스미 왕실참의회;;;;;;;;;;;;;x
NZF_theocracy;하스미 주교령;;;;;;;;;;;;;x
NZF_trade_unions_congress;하스미 노동총동맹;;;;;;;;;;;;;x
NZL_absolute_monarchy2;히후미 세습왕국;;;;;;;;;;;;;x
NZL_democracy;히후미 공화국;;;;;;;;;;;;;x
NZL_democracy2;히후미 의회공화국;;;;;;;;;;;;;x
NZL_dominion2;히후미 자치연방;;;;;;;;;;;;;x
NZL_dominion3;히후미 왕실속령;;;;;;;;;;;;;x
NZL_hms_government2;히후미 의회내각;;;;;;;;;;;;;x
NZL_prussian_constitutionalism2;히후미 왕실참의회;;;;;;;;;;;;;x
NZL_theocracy;히후미 교회연합국;;;;;;;;;;;;;x
NZL_trade_unions_congress;히후미 노동조합회의;;;;;;;;;;;;;x
OAX_absolute_monarchy;아케론 왕국;;;;;;;;;;;;;x
OAX_absolute_monarchy2;아케론 세습왕국;;;;;;;;;;;;;x
OAX_colonial_company;아케론 특허회사령;;;;;;;;;;;;;x
OAX_democracy2;아케론 의회공화국;;;;;;;;;;;;;x
OAX_dominion;아케론 자치령;;;;;;;;;;;;;x
OAX_dominion2;아케론 자치연방;;;;;;;;;;;;;x
OAX_dominion3;아케론 왕실속령;;;;;;;;;;;;;x
OAX_hms_government;아케론 입헌왕국;;;;;;;;;;;;;x
OAX_hms_government2;아케론 의회내각;;;;;;;;;;;;;x
OAX_prussian_constitutionalism;아케론 왕실평의회;;;;;;;;;;;;;x
OAX_prussian_constitutionalism2;아케론 왕실참의회;;;;;;;;;;;;;x
OAX_theocracy;아케론 주교령;;;;;;;;;;;;;x
OAX_trade_unions_congress;아케론 노동자총연맹;;;;;;;;;;;;;x
OCC_absolute_monarchy;샤를로트 왕국;;;;;;;;;;;;;x
OCC_absolute_monarchy2;샤를로트 세습왕국;;;;;;;;;;;;;x
OCC_colonial_company;샤를로트 특허회사령;;;;;;;;;;;;;x
OCC_democracy;샤를로트 공화국;;;;;;;;;;;;;x
OCC_democracy2;샤를로트 의회공화국;;;;;;;;;;;;;x
OCC_dominion;샤를로트 자치령;;;;;;;;;;;;;x
OCC_dominion2;샤를로트 자치연방;;;;;;;;;;;;;x
OCC_dominion3;샤를로트 왕실속령;;;;;;;;;;;;;x
OCC_hms_government;샤를로트 입헌왕국;;;;;;;;;;;;;x
OCC_hms_government2;샤를로트 의회내각;;;;;;;;;;;;;x
OCC_prussian_constitutionalism;샤를로트 왕실국무원;;;;;;;;;;;;;x
OCC_prussian_constitutionalism2;샤를로트 왕실참의회;;;;;;;;;;;;;x
OCC_theocracy;샤를로트 주교령;;;;;;;;;;;;;x
OCC_trade_unions_congress;샤를로트 노동총동맹;;;;;;;;;;;;;x
OLD_absolute_monarchy2;프리드리히 데어 그로세 세습대공국;;;;;;;;;;;;;x
OLD_democracy2;프리드리히 데어 그로세 도시공화국;;;;;;;;;;;;;x
OLD_dominion2;프리드리히 데어 그로세 자치연방;;;;;;;;;;;;;x
OLD_dominion3;프리드리히 데어 그로세 왕실직할령;;;;;;;;;;;;;x
OLD_hms_government2;프리드리히 데어 그로세 영방내각;;;;;;;;;;;;;x
OLD_prussian_constitutionalism2;프리드리히 데어 그로세 제후회의;;;;;;;;;;;;;x
OLD_theocracy;프리드리히 데어 그로세 교회연합국;;;;;;;;;;;;;x
OLD_trade_unions_congress;프리드리히 데어 그로세 노동자평의회;;;;;;;;;;;;;x
OMA_absolute_monarchy2;그레이스로트 세습술탄국;;;;;;;;;;;;;x
OMA_colonial_company;그레이스로트 통상회사령;;;;;;;;;;;;;x
OMA_democracy;그레이스로트 공화국;;;;;;;;;;;;;x
OMA_democracy2;그레이스로트 의회공화국;;;;;;;;;;;;;x
OMA_dominion;그레이스로트 자치령;;;;;;;;;;;;;x
OMA_dominion2;그레이스로트 자치연방;;;;;;;;;;;;;x
OMA_dominion3;그레이스로트 보호토후령;;;;;;;;;;;;;x
OMA_hms_government2;그레이스로트 의회내각;;;;;;;;;;;;;x
OMA_prussian_constitutionalism2;그레이스로트 귀족협의회;;;;;;;;;;;;;x
OMA_theocracy;그레이스로트 이맘국;;;;;;;;;;;;;x
OMA_trade_unions_congress;그레이스로트 노동조합총연맹;;;;;;;;;;;;;x
ORA_absolute_monarchy;오라녜 왕국;;;;;;;;;;;;;x
ORA_absolute_monarchy2;오라녜 세습왕국;;;;;;;;;;;;;x
ORA_colonial_company;오라녜 특허회사령;;;;;;;;;;;;;x
ORA_democracy;오라녜 자유국;;;;;;;;;;;;;x
ORA_dominion;오라녜 자치공화국;;;;;;;;;;;;;x
ORA_dominion2;오라녜 자치연방;;;;;;;;;;;;;x
ORA_dominion3;오라녜 왕실속령;;;;;;;;;;;;;x
ORA_hms_government;오라녜 입헌왕국;;;;;;;;;;;;;x
ORA_hms_government2;오라녜 의회내각;;;;;;;;;;;;;x
ORA_prussian_constitutionalism;오라녜 시민평의회;;;;;;;;;;;;;x
ORA_prussian_constitutionalism2;오라녜 왕실참의회;;;;;;;;;;;;;x
ORA_theocracy;오라녜 교회연합국;;;;;;;;;;;;;x
ORA_trade_unions_congress;오라녜 노동조합연맹;;;;;;;;;;;;;x
ORI_absolute_monarchy2;미티어라이트 세습라자국;;;;;;;;;;;;;x
ORI_colonial_company;미티어라이트 동인도회사령;;;;;;;;;;;;;x
ORI_democracy;미티어라이트 공화국;;;;;;;;;;;;;x
ORI_democracy2;미티어라이트 의회공화국;;;;;;;;;;;;;x
ORI_dominion;미티어라이트 번왕령;;;;;;;;;;;;;x
ORI_dominion2;미티어라이트 번왕연합;;;;;;;;;;;;;x
ORI_dominion3;미티어라이트 왕실직할령;;;;;;;;;;;;;x
ORI_hms_government;미티어라이트 입헌라자국;;;;;;;;;;;;;x
ORI_hms_government2;미티어라이트 의회내각;;;;;;;;;;;;;x
ORI_prussian_constitutionalism;미티어라이트 다르바르;;;;;;;;;;;;;x
ORI_prussian_constitutionalism2;미티어라이트 제후회의;;;;;;;;;;;;;x
ORI_theocracy;미티어라이트 사원연합국;;;;;;;;;;;;;x
ORI_trade_unions_congress;미티어라이트 노동조합총연맹;;;;;;;;;;;;;x
OYO_absolute_monarchy;오요 제국;;;;;;;;;;;;;x
OYO_absolute_monarchy2;오요 세습제국;;;;;;;;;;;;;x
OYO_colonial_company;오요 특허회사령;;;;;;;;;;;;;x
OYO_democracy;오요 공화국;;;;;;;;;;;;;x
OYO_democracy2;오요 의회공화국;;;;;;;;;;;;;x
OYO_dominion;오요 보호국;;;;;;;;;;;;;x
OYO_dominion2;오요 자치국연합;;;;;;;;;;;;;x
OYO_dominion3;오요 왕실보호령;;;;;;;;;;;;;x
OYO_hms_government;오요 입헌제국;;;;;;;;;;;;;x
OYO_hms_government2;오요 의회내각;;;;;;;;;;;;;x
OYO_prussian_constitutionalism;오요 왕실원로회;;;;;;;;;;;;;x
OYO_prussian_constitutionalism2;오요 추장원로회;;;;;;;;;;;;;x
OYO_theocracy;오요 제사장국;;;;;;;;;;;;;x
OYO_trade_unions_congress;오요 노동조합연맹;;;;;;;;;;;;;x
PAC_absolute_monarchy;슈브라즈 왕국;;;;;;;;;;;;;x
PAC_absolute_monarchy2;슈브라즈 세습왕국;;;;;;;;;;;;;x
PAC_colonial_company;슈브라즈 특허회사령;;;;;;;;;;;;;x
PAC_democracy;슈브라즈 공화국;;;;;;;;;;;;;x
PAC_democracy2;슈브라즈 의회공화국;;;;;;;;;;;;;x
PAC_dominion;슈브라즈 자치령;;;;;;;;;;;;;x
PAC_dominion2;슈브라즈 자치연방;;;;;;;;;;;;;x
PAC_dominion3;슈브라즈 왕실속령;;;;;;;;;;;;;x
PAC_hms_government;슈브라즈 입헌왕국;;;;;;;;;;;;;x
PAC_hms_government2;슈브라즈 의회내각;;;;;;;;;;;;;x
PAC_prussian_constitutionalism;슈브라즈 왕실국무원;;;;;;;;;;;;;x
PAC_prussian_constitutionalism2;슈브라즈 왕실참의회;;;;;;;;;;;;;x
PAC_theocracy;슈브라즈 주교령;;;;;;;;;;;;;x
PAC_trade_unions_congress;슈브라즈 노동총동맹;;;;;;;;;;;;;x
PAK_absolute_monarchy;머(Myrrh) 나와브국;;;;;;;;;;;;;x
PAK_absolute_monarchy2;머(Myrrh) 세습나와브국;;;;;;;;;;;;;x
PAK_colonial_company;머(Myrrh) 동인도회사령;;;;;;;;;;;;;x
PAK_democracy;머(Myrrh) 공화국;;;;;;;;;;;;;x
PAK_democracy2;머(Myrrh) 의회공화국;;;;;;;;;;;;;x
PAK_dominion;머(Myrrh) 번왕령;;;;;;;;;;;;;x
PAK_dominion2;머(Myrrh) 번왕연합;;;;;;;;;;;;;x
PAK_dominion3;머(Myrrh) 왕실직할령;;;;;;;;;;;;;x
PAK_hms_government;머(Myrrh) 입헌나와브국;;;;;;;;;;;;;x
PAK_hms_government2;머(Myrrh) 의회내각;;;;;;;;;;;;;x
PAK_prussian_constitutionalism;머(Myrrh) 다르바르;;;;;;;;;;;;;x
PAK_prussian_constitutionalism2;머(Myrrh) 제후회의;;;;;;;;;;;;;x
PAK_theocracy;머(Myrrh) 이맘국;;;;;;;;;;;;;x
PAK_trade_unions_congress;머(Myrrh) 노동조합총연맹;;;;;;;;;;;;;x
PAL_absolute_monarchy;하이디 라자국;;;;;;;;;;;;;x
PAL_absolute_monarchy2;하이디 세습라자국;;;;;;;;;;;;;x
PAL_colonial_company;하이디 동인도회사령;;;;;;;;;;;;;x
PAL_democracy;하이디 공화국;;;;;;;;;;;;;x
PAL_democracy2;하이디 의회공화국;;;;;;;;;;;;;x
PAL_dominion;하이디 번왕령;;;;;;;;;;;;;x
PAL_dominion2;하이디 번왕연합;;;;;;;;;;;;;x
PAL_dominion3;하이디 왕실직할령;;;;;;;;;;;;;x
PAL_hms_government;하이디 입헌라자국;;;;;;;;;;;;;x
PAL_hms_government2;하이디 의회내각;;;;;;;;;;;;;x
PAL_prussian_constitutionalism;하이디 다르바르;;;;;;;;;;;;;x
PAL_prussian_constitutionalism2;하이디 제후회의;;;;;;;;;;;;;x
PAL_theocracy;하이디 사원연합국;;;;;;;;;;;;;x
PAL_trade_unions_congress;하이디 노동조합총연맹;;;;;;;;;;;;;x
PAP_absolute_monarchy2;러브라이브 세습제국;;;;;;;;;;;;;x
PAP_colonial_company;러브라이브 특허회사령;;;;;;;;;;;;;x
PAP_democracy2;러브라이브 의회공화국;;;;;;;;;;;;;x
PAP_dominion;러브라이브 자치령;;;;;;;;;;;;;x
PAP_dominion2;러브라이브 자치연방;;;;;;;;;;;;;x
PAP_dominion3;러브라이브 왕실속령;;;;;;;;;;;;;x
PAP_hms_government2;러브라이브 의회내각;;;;;;;;;;;;;x
PAP_prussian_constitutionalism2;러브라이브 왕실참의회;;;;;;;;;;;;;x
PAP_trade_unions_congress;러브라이브 직능조합연맹;;;;;;;;;;;;;x
PAR_absolute_monarchy;라플란드 공국;;;;;;;;;;;;;x
PAR_absolute_monarchy2;라플란드 세습공국;;;;;;;;;;;;;x
PAR_colonial_company;라플란드 특허회사령;;;;;;;;;;;;;x
PAR_democracy;라플란드 공화국;;;;;;;;;;;;;x
PAR_democracy2;라플란드 의회공화국;;;;;;;;;;;;;x
PAR_dominion;라플란드 자치령;;;;;;;;;;;;;x
PAR_dominion2;라플란드 자치연방;;;;;;;;;;;;;x
PAR_dominion3;라플란드 왕실속령;;;;;;;;;;;;;x
PAR_hms_government;라플란드 입헌공국;;;;;;;;;;;;;x
PAR_hms_government2;라플란드 의회내각;;;;;;;;;;;;;x
PAR_prussian_constitutionalism;라플란드 왕실원로원;;;;;;;;;;;;;x
PAR_prussian_constitutionalism2;라플란드 왕실참의회;;;;;;;;;;;;;x
PAR_theocracy;라플란드 주교령;;;;;;;;;;;;;x
PAR_trade_unions_congress;라플란드 직능조합연맹;;;;;;;;;;;;;x
PAT_absolute_monarchy;쇼카쿠 술탄국;;;;;;;;;;;;;x
PAT_absolute_monarchy2;쇼카쿠 세습술탄국;;;;;;;;;;;;;x
PAT_colonial_company;쇼카쿠 통상회사령;;;;;;;;;;;;;x
PAT_democracy;쇼카쿠 공화국;;;;;;;;;;;;;x
PAT_democracy2;쇼카쿠 의회공화국;;;;;;;;;;;;;x
PAT_dominion;쇼카쿠 자치령;;;;;;;;;;;;;x
PAT_dominion2;쇼카쿠 자치연방;;;;;;;;;;;;;x
PAT_dominion3;쇼카쿠 보호토후령;;;;;;;;;;;;;x
PAT_hms_government;쇼카쿠 입헌술탄국;;;;;;;;;;;;;x
PAT_hms_government2;쇼카쿠 의회내각;;;;;;;;;;;;;x
PAT_prussian_constitutionalism;쇼카쿠 술탄참사회;;;;;;;;;;;;;x
PAT_prussian_constitutionalism2;쇼카쿠 귀족협의회;;;;;;;;;;;;;x
PAT_theocracy;쇼카쿠 이맘국;;;;;;;;;;;;;x
PAT_trade_unions_congress;쇼카쿠 노동조합연맹;;;;;;;;;;;;;x
PBC_absolute_monarchy2;알파카 와카야 세습왕국;;;;;;;;;;;;;x
PBC_democracy2;알파카 와카야 의회공화국;;;;;;;;;;;;;x
PBC_dominion;알파카 와카야 자치령;;;;;;;;;;;;;x
PBC_dominion2;알파카 와카야 자치연방;;;;;;;;;;;;;x
PBC_dominion3;알파카 와카야 왕실속령;;;;;;;;;;;;;x
PBC_hms_government2;알파카 와카야 의회내각;;;;;;;;;;;;;x
PBC_prussian_constitutionalism2;알파카 와카야 왕실참의회;;;;;;;;;;;;;x
PBC_theocracy;알파카 와카야 주교령;;;;;;;;;;;;;x
PBC_trade_unions_congress;알파카 와카야 노동자총연맹;;;;;;;;;;;;;x
PEI_absolute_monarchy;블랙 스완 왕국;;;;;;;;;;;;;x
PEI_absolute_monarchy2;블랙 스완 세습왕국;;;;;;;;;;;;;x
PEI_democracy;블랙 스완 공화국;;;;;;;;;;;;;x
PEI_democracy2;블랙 스완 의회공화국;;;;;;;;;;;;;x
PEI_dominion2;블랙 스완 자치연방;;;;;;;;;;;;;x
PEI_dominion3;블랙 스완 왕실속령;;;;;;;;;;;;;x
PEI_hms_government;블랙 스완 입헌왕국;;;;;;;;;;;;;x
PEI_hms_government2;블랙 스완 의회내각;;;;;;;;;;;;;x
PEI_prussian_constitutionalism;블랙 스완 추밀원;;;;;;;;;;;;;x
PEI_prussian_constitutionalism2;블랙 스완 왕실참의회;;;;;;;;;;;;;x
PEI_theocracy;블랙 스완 교회연합국;;;;;;;;;;;;;x
PEI_trade_unions_congress;블랙 스완 노동조합회의;;;;;;;;;;;;;x
PER_absolute_monarchy2;테라 로도스 세습샤국;;;;;;;;;;;;;x
PER_colonial_company;테라 로도스 통상회사령;;;;;;;;;;;;;x
PER_democracy2;테라 로도스 의회공화국;;;;;;;;;;;;;x
PER_dominion;테라 로도스 자치령;;;;;;;;;;;;;x
PER_dominion2;테라 로도스 자치연방;;;;;;;;;;;;;x
PER_dominion3;테라 로도스 보호토후령;;;;;;;;;;;;;x
PER_hms_government2;테라 로도스 의회내각;;;;;;;;;;;;;x
PER_prussian_constitutionalism2;테라 로도스 귀족협의회;;;;;;;;;;;;;x
PER_theocracy;테라 로도스 이맘국;;;;;;;;;;;;;x
PER_trade_unions_congress;테라 로도스 노동조합연맹;;;;;;;;;;;;;x
PEU_absolute_monarchy;긴꼬리친칠라 왕국;;;;;;;;;;;;;x
PEU_absolute_monarchy2;긴꼬리친칠라 세습왕국;;;;;;;;;;;;;x
PEU_democracy;긴꼬리친칠라 공화국;;;;;;;;;;;;;x
PEU_democracy2;긴꼬리친칠라 의회공화국;;;;;;;;;;;;;x
PEU_dominion2;긴꼬리친칠라 자치연방;;;;;;;;;;;;;x
PEU_dominion3;긴꼬리친칠라 왕실속령;;;;;;;;;;;;;x
PEU_hms_government;긴꼬리친칠라 입헌왕국;;;;;;;;;;;;;x
PEU_hms_government2;긴꼬리친칠라 의회내각;;;;;;;;;;;;;x
PEU_prussian_constitutionalism;긴꼬리친칠라 왕실평의회;;;;;;;;;;;;;x
PEU_prussian_constitutionalism2;긴꼬리친칠라 왕실참의회;;;;;;;;;;;;;x
PEU_theocracy;긴꼬리친칠라 주교령;;;;;;;;;;;;;x
PEU_trade_unions_congress;긴꼬리친칠라 노동자총연맹;;;;;;;;;;;;;x
PGG_absolute_monarchy;연비 황조;;;;;;;;;;;;;x
PGG_absolute_monarchy2;연비 황실조정;;;;;;;;;;;;;x
PGG_colonial_company;연비 조계지;;;;;;;;;;;;;x
PGG_democracy;연비 민국;;;;;;;;;;;;;x
PGG_democracy2;연비 연성공화국;;;;;;;;;;;;;x
PGG_dominion;연비 자치성;;;;;;;;;;;;;x
PGG_dominion2;연비 연성정부;;;;;;;;;;;;;x
PGG_dominion3;연비 번부;;;;;;;;;;;;;x
PGG_hms_government;연비 책임내각;;;;;;;;;;;;;x
PGG_hms_government2;연비 의회내각;;;;;;;;;;;;;x
PGG_prussian_constitutionalism;연비 자정원;;;;;;;;;;;;;x
PGG_prussian_constitutionalism2;연비 참정원;;;;;;;;;;;;;x
PGG_theocracy;연비 이맘국;;;;;;;;;;;;;x
PGG_trade_unions_congress;연비 총공회;;;;;;;;;;;;;x
PHG_absolute_monarchy;린 술탄국;;;;;;;;;;;;;x
PHG_absolute_monarchy2;린 세습술탄국;;;;;;;;;;;;;x
PHG_colonial_company;린 통상회사령;;;;;;;;;;;;;x
PHG_democracy;린 공화국;;;;;;;;;;;;;x
PHG_democracy2;린 의회공화국;;;;;;;;;;;;;x
PHG_dominion;린 자치령;;;;;;;;;;;;;x
PHG_dominion2;린 자치연방;;;;;;;;;;;;;x
PHG_dominion3;린 보호토후령;;;;;;;;;;;;;x
PHG_hms_government;린 입헌술탄국;;;;;;;;;;;;;x
PHG_hms_government2;린 의회내각;;;;;;;;;;;;;x
PHG_prussian_constitutionalism;린 술탄참사회;;;;;;;;;;;;;x
PHG_prussian_constitutionalism2;린 귀족협의회;;;;;;;;;;;;;x
PHG_theocracy;린 이맘국;;;;;;;;;;;;;x
PHG_trade_unions_congress;린 노동조합연맹;;;;;;;;;;;;;x
PHL_absolute_monarchy;지에 왕국;;;;;;;;;;;;;x
PHL_absolute_monarchy2;지에 세습왕국;;;;;;;;;;;;;x
PHL_democracy;지에 공화국;;;;;;;;;;;;;x
PHL_democracy2;지에 의회공화국;;;;;;;;;;;;;x
PHL_dominion;지에 자치령;;;;;;;;;;;;;x
PHL_dominion2;지에 자치연방;;;;;;;;;;;;;x
PHL_dominion3;지에 왕실속령;;;;;;;;;;;;;x
PHL_hms_government;지에 입헌왕국;;;;;;;;;;;;;x
PHL_hms_government2;지에 의회내각;;;;;;;;;;;;;x
PHL_prussian_constitutionalism;지에 왕실평의회;;;;;;;;;;;;;x
PHL_prussian_constitutionalism2;지에 왕실참의회;;;;;;;;;;;;;x
PHL_theocracy;지에 주교령;;;;;;;;;;;;;x
PHL_trade_unions_congress;지에 노동자총연맹;;;;;;;;;;;;;x
PIT_absolute_monarchy;에프이터 술탄국;;;;;;;;;;;;;x
PIT_absolute_monarchy2;에프이터 세습술탄국;;;;;;;;;;;;;x
PIT_colonial_company;에프이터 통상회사령;;;;;;;;;;;;;x
PIT_democracy;에프이터 공화국;;;;;;;;;;;;;x
PIT_democracy2;에프이터 의회공화국;;;;;;;;;;;;;x
PIT_dominion;에프이터 자치령;;;;;;;;;;;;;x
PIT_dominion2;에프이터 자치연방;;;;;;;;;;;;;x
PIT_dominion3;에프이터 보호토후령;;;;;;;;;;;;;x
PIT_hms_government;에프이터 입헌술탄국;;;;;;;;;;;;;x
PIT_hms_government2;에프이터 의회내각;;;;;;;;;;;;;x
PIT_prussian_constitutionalism;에프이터 술탄참사회;;;;;;;;;;;;;x
PIT_prussian_constitutionalism2;에프이터 귀족협의회;;;;;;;;;;;;;x
PIT_theocracy;에프이터 이맘국;;;;;;;;;;;;;x
PIT_trade_unions_congress;에프이터 노동조합연맹;;;;;;;;;;;;;x
PLC_absolute_monarchy;세이렌 왕국;;;;;;;;;;;;;x
PLC_absolute_monarchy2;세이렌 세습왕국;;;;;;;;;;;;;x
PLC_colonial_company;세이렌 특허회사령;;;;;;;;;;;;;x
PLC_democracy2;세이렌 의회공화국;;;;;;;;;;;;;x
PLC_dominion;세이렌 자치령;;;;;;;;;;;;;x
PLC_dominion2;세이렌 자치연방;;;;;;;;;;;;;x
PLC_dominion3;세이렌 왕실속령;;;;;;;;;;;;;x
PLC_hms_government;세이렌 입헌왕국;;;;;;;;;;;;;x
PLC_hms_government2;세이렌 의회내각;;;;;;;;;;;;;x
PLC_prussian_constitutionalism;세이렌 셰임;;;;;;;;;;;;;x
PLC_prussian_constitutionalism2;세이렌 왕실참의회;;;;;;;;;;;;;x
PLC_theocracy;세이렌 주교령;;;;;;;;;;;;;x
PLC_trade_unions_congress;세이렌 노동자평의회;;;;;;;;;;;;;x
PLS_absolute_monarchy;카타펄트 토후국;;;;;;;;;;;;;x
PLS_absolute_monarchy2;카타펄트 세습토후국;;;;;;;;;;;;;x
PLS_colonial_company;카타펄트 통상회사령;;;;;;;;;;;;;x
PLS_democracy;카타펄트 공화국;;;;;;;;;;;;;x
PLS_democracy2;카타펄트 의회공화국;;;;;;;;;;;;;x
PLS_dominion;카타펄트 자치령;;;;;;;;;;;;;x
PLS_dominion2;카타펄트 자치연방;;;;;;;;;;;;;x
PLS_dominion3;카타펄트 보호토후령;;;;;;;;;;;;;x
PLS_hms_government;카타펄트 입헌토후국;;;;;;;;;;;;;x
PLS_hms_government2;카타펄트 의회내각;;;;;;;;;;;;;x
PLS_prussian_constitutionalism;카타펄트 슈라 평의회;;;;;;;;;;;;;x
PLS_prussian_constitutionalism2;카타펄트 귀족협의회;;;;;;;;;;;;;x
PLS_theocracy;카타펄트 이맘국;;;;;;;;;;;;;x
PLS_trade_unions_congress;카타펄트 노동조합총연맹;;;;;;;;;;;;;x
PML_absolute_monarchy;아우구스트 폰 파르세발 왕국;;;;;;;;;;;;;x
PML_absolute_monarchy2;아우구스트 폰 파르세발 세습왕국;;;;;;;;;;;;;x
PML_democracy;아우구스트 폰 파르세발 공화국;;;;;;;;;;;;;x
PML_democracy2;아우구스트 폰 파르세발 의회공화국;;;;;;;;;;;;;x
PML_dominion2;아우구스트 폰 파르세발 자치연방;;;;;;;;;;;;;x
PML_dominion3;아우구스트 폰 파르세발 왕실속령;;;;;;;;;;;;;x
PML_hms_government;아우구스트 폰 파르세발 입헌왕국;;;;;;;;;;;;;x
PML_hms_government2;아우구스트 폰 파르세발 의회내각;;;;;;;;;;;;;x
PML_prussian_constitutionalism;아우구스트 폰 파르세발 셰임;;;;;;;;;;;;;x
PML_prussian_constitutionalism2;아우구스트 폰 파르세발 왕실참의회;;;;;;;;;;;;;x
PML_theocracy;아우구스트 폰 파르세발 주교령;;;;;;;;;;;;;x
PML_trade_unions_congress;아우구스트 폰 파르세발 노동자평의회;;;;;;;;;;;;;x
PNB_absolute_monarchy;토미미 제국;;;;;;;;;;;;;x
PNB_absolute_monarchy2;토미미 세습제국;;;;;;;;;;;;;x
PNB_colonial_company;토미미 특허회사령;;;;;;;;;;;;;x
PNB_democracy;토미미 연방공화국;;;;;;;;;;;;;x
PNB_dominion;토미미 자치령;;;;;;;;;;;;;x
PNB_dominion2;토미미 자치연방;;;;;;;;;;;;;x
PNB_dominion3;토미미 왕실속령;;;;;;;;;;;;;x
PNB_hms_government;토미미 입헌제국;;;;;;;;;;;;;x
PNB_hms_government2;토미미 의회내각;;;;;;;;;;;;;x
PNB_prussian_constitutionalism;토미미 제국국무원;;;;;;;;;;;;;x
PNB_prussian_constitutionalism2;토미미 왕실참의회;;;;;;;;;;;;;x
PNB_theocracy;토미미 주교령;;;;;;;;;;;;;x
PNB_trade_unions_congress;토미미 노동자총연맹;;;;;;;;;;;;;x
PNJ_absolute_monarchy2;어스스피릿 세습왕국;;;;;;;;;;;;;x
PNJ_colonial_company;어스스피릿 동인도회사령;;;;;;;;;;;;;x
PNJ_democracy2;어스스피릿 의회공화국;;;;;;;;;;;;;x
PNJ_dominion;어스스피릿 번왕령;;;;;;;;;;;;;x
PNJ_dominion2;어스스피릿 번왕연합;;;;;;;;;;;;;x
PNJ_dominion3;어스스피릿 왕실직할령;;;;;;;;;;;;;x
PNJ_hms_government2;어스스피릿 의회내각;;;;;;;;;;;;;x
PNJ_prussian_constitutionalism2;어스스피릿 제후회의;;;;;;;;;;;;;x
PNJ_theocracy;어스스피릿 칼사국;;;;;;;;;;;;;x
PNJ_trade_unions_congress;어스스피릿 노동조합총연맹;;;;;;;;;;;;;x
PNM_absolute_monarchy;무알라니 왕국;;;;;;;;;;;;;x
PNM_absolute_monarchy2;무알라니 세습왕국;;;;;;;;;;;;;x
PNM_colonial_company;무알라니 특허회사령;;;;;;;;;;;;;x
PNM_democracy;무알라니 공화국;;;;;;;;;;;;;x
PNM_democracy2;무알라니 의회공화국;;;;;;;;;;;;;x
PNM_dominion;무알라니 자치령;;;;;;;;;;;;;x
PNM_dominion2;무알라니 자치연방;;;;;;;;;;;;;x
PNM_dominion3;무알라니 왕실속령;;;;;;;;;;;;;x
PNM_hms_government;무알라니 입헌왕국;;;;;;;;;;;;;x
PNM_hms_government2;무알라니 의회내각;;;;;;;;;;;;;x
PNM_prussian_constitutionalism;무알라니 왕실평의회;;;;;;;;;;;;;x
PNM_prussian_constitutionalism2;무알라니 왕실참의회;;;;;;;;;;;;;x
PNM_theocracy;무알라니 주교령;;;;;;;;;;;;;x
PNM_trade_unions_congress;무알라니 노동자총연맹;;;;;;;;;;;;;x
PNT_absolute_monarchy;아이리스 왕국;;;;;;;;;;;;;x
PNT_absolute_monarchy2;아이리스 세습왕국;;;;;;;;;;;;;x
PNT_colonial_company;아이리스 특허회사령;;;;;;;;;;;;;x
PNT_democracy;아이리스 공화국;;;;;;;;;;;;;x
PNT_democracy2;아이리스 의회공화국;;;;;;;;;;;;;x
PNT_dominion;아이리스 자치령;;;;;;;;;;;;;x
PNT_dominion2;아이리스 자치연방;;;;;;;;;;;;;x
PNT_dominion3;아이리스 왕실속령;;;;;;;;;;;;;x
PNT_hms_government;아이리스 입헌왕국;;;;;;;;;;;;;x
PNT_hms_government2;아이리스 의회내각;;;;;;;;;;;;;x
PNT_prussian_constitutionalism;아이리스 왕실평의회;;;;;;;;;;;;;x
PNT_prussian_constitutionalism2;아이리스 왕실참의회;;;;;;;;;;;;;x
PNT_theocracy;아이리스 총대주교령;;;;;;;;;;;;;x
PNT_trade_unions_congress;아이리스 노동조합연맹;;;;;;;;;;;;;x
POL_absolute_monarchy;베스나 왕국;;;;;;;;;;;;;x
POL_absolute_monarchy2;베스나 선거왕국;;;;;;;;;;;;;x
POL_democracy;베스나 공화국;;;;;;;;;;;;;x
POL_democracy2;베스나 의회공화국;;;;;;;;;;;;;x
POL_dominion2;베스나 자치연방;;;;;;;;;;;;;x
POL_dominion3;베스나 왕실보호령;;;;;;;;;;;;;x
POL_hms_government;베스나 입헌왕국;;;;;;;;;;;;;x
POL_hms_government2;베스나 의회내각;;;;;;;;;;;;;x
POL_prussian_constitutionalism;베스나 셰임;;;;;;;;;;;;;x
POL_prussian_constitutionalism2;베스나 귀족참의회;;;;;;;;;;;;;x
POL_theocracy;베스나 교회연합국;;;;;;;;;;;;;x
POL_trade_unions_congress;베스나 노동자평의회;;;;;;;;;;;;;x
POR_absolute_monarchy;탕 쿠쿠 왕국;;;;;;;;;;;;;x
POR_absolute_monarchy2;탕 쿠쿠 세습왕국;;;;;;;;;;;;;x
POR_colonial_company;탕 쿠쿠 특허회사령;;;;;;;;;;;;;x
POR_democracy;탕 쿠쿠 공화국;;;;;;;;;;;;;x
POR_democracy2;탕 쿠쿠 의회공화국;;;;;;;;;;;;;x
POR_dominion;탕 쿠쿠 자치령;;;;;;;;;;;;;x
POR_dominion2;탕 쿠쿠 자치연방;;;;;;;;;;;;;x
POR_dominion3;탕 쿠쿠 왕실속령;;;;;;;;;;;;;x
POR_hms_government;탕 쿠쿠 입헌왕국;;;;;;;;;;;;;x
POR_hms_government2;탕 쿠쿠 의회내각;;;;;;;;;;;;;x
POR_prussian_constitutionalism;탕 쿠쿠 코르테스;;;;;;;;;;;;;x
POR_prussian_constitutionalism2;탕 쿠쿠 왕실참의회;;;;;;;;;;;;;x
POR_theocracy;탕 쿠쿠 주교령;;;;;;;;;;;;;x
POR_trade_unions_congress;탕 쿠쿠 노동조합연합;;;;;;;;;;;;;x
PPG_absolute_monarchy;우이 왕국;;;;;;;;;;;;;x
PPG_absolute_monarchy2;우이 세습왕국;;;;;;;;;;;;;x
PPG_democracy;우이 공화국;;;;;;;;;;;;;x
PPG_democracy2;우이 의회공화국;;;;;;;;;;;;;x
PPG_dominion;우이 보호국;;;;;;;;;;;;;x
PPG_dominion2;우이 자치국연합;;;;;;;;;;;;;x
PPG_dominion3;우이 왕실보호령;;;;;;;;;;;;;x
PPG_hms_government;우이 입헌왕국;;;;;;;;;;;;;x
PPG_hms_government2;우이 의회내각;;;;;;;;;;;;;x
PPG_prussian_constitutionalism;우이 추장회의;;;;;;;;;;;;;x
PPG_prussian_constitutionalism2;우이 추장원로회;;;;;;;;;;;;;x
PPG_theocracy;우이 교회연합국;;;;;;;;;;;;;x
PPG_trade_unions_congress;우이 노동조합연맹;;;;;;;;;;;;;x
PRG_absolute_monarchy;큰개미핥기 왕국;;;;;;;;;;;;;x
PRG_absolute_monarchy2;큰개미핥기 세습왕국;;;;;;;;;;;;;x
PRG_colonial_company;큰개미핥기 특허회사령;;;;;;;;;;;;;x
PRG_democracy;큰개미핥기 공화국;;;;;;;;;;;;;x
PRG_democracy2;큰개미핥기 의회공화국;;;;;;;;;;;;;x
PRG_dominion;큰개미핥기 자치령;;;;;;;;;;;;;x
PRG_dominion2;큰개미핥기 자치연방;;;;;;;;;;;;;x
PRG_dominion3;큰개미핥기 왕실속령;;;;;;;;;;;;;x
PRG_hms_government;큰개미핥기 입헌왕국;;;;;;;;;;;;;x
PRG_hms_government2;큰개미핥기 의회내각;;;;;;;;;;;;;x
PRG_prussian_constitutionalism;큰개미핥기 왕실평의회;;;;;;;;;;;;;x
PRG_prussian_constitutionalism2;큰개미핥기 왕실참의회;;;;;;;;;;;;;x
PRG_theocracy;큰개미핥기 주교령;;;;;;;;;;;;;x
PRG_trade_unions_congress;큰개미핥기 노동자총연맹;;;;;;;;;;;;;x
PRI_absolute_monarchy;요크타운 왕국;;;;;;;;;;;;;x
PRI_absolute_monarchy2;요크타운 세습왕국;;;;;;;;;;;;;x
PRI_democracy2;요크타운 의회공화국;;;;;;;;;;;;;x
PRI_dominion2;요크타운 자치연방;;;;;;;;;;;;;x
PRI_dominion3;요크타운 왕실속령;;;;;;;;;;;;;x
PRI_hms_government;요크타운 입헌왕국;;;;;;;;;;;;;x
PRI_hms_government2;요크타운 의회내각;;;;;;;;;;;;;x
PRI_prussian_constitutionalism;요크타운 왕실평의회;;;;;;;;;;;;;x
PRI_prussian_constitutionalism2;요크타운 왕실참의회;;;;;;;;;;;;;x
PRI_theocracy;요크타운 주교령;;;;;;;;;;;;;x
PRI_trade_unions_congress;요크타운 노동자총연맹;;;;;;;;;;;;;x
PRK_absolute_monarchy;레이즈 술탄국;;;;;;;;;;;;;x
PRK_absolute_monarchy2;레이즈 세습술탄국;;;;;;;;;;;;;x
PRK_colonial_company;레이즈 통상회사령;;;;;;;;;;;;;x
PRK_democracy;레이즈 공화국;;;;;;;;;;;;;x
PRK_democracy2;레이즈 의회공화국;;;;;;;;;;;;;x
PRK_dominion;레이즈 자치령;;;;;;;;;;;;;x
PRK_dominion2;레이즈 자치연방;;;;;;;;;;;;;x
PRK_dominion3;레이즈 보호토후령;;;;;;;;;;;;;x
PRK_hms_government;레이즈 입헌술탄국;;;;;;;;;;;;;x
PRK_hms_government2;레이즈 의회내각;;;;;;;;;;;;;x
PRK_prussian_constitutionalism;레이즈 술탄참사회;;;;;;;;;;;;;x
PRK_prussian_constitutionalism2;레이즈 귀족협의회;;;;;;;;;;;;;x
PRK_theocracy;레이즈 이맘국;;;;;;;;;;;;;x
PRK_trade_unions_congress;레이즈 노동조합연맹;;;;;;;;;;;;;x
PTG_absolute_monarchy;퓨마 대추장국;;;;;;;;;;;;;x
PTG_absolute_monarchy2;퓨마 왕조;;;;;;;;;;;;;x
PTG_colonial_company;퓨마 특허회사령;;;;;;;;;;;;;x
PTG_democracy;퓨마 부족공화국;;;;;;;;;;;;;x
PTG_democracy2;퓨마 의회공화국;;;;;;;;;;;;;x
PTG_dominion;퓨마 보호국;;;;;;;;;;;;;x
PTG_dominion2;퓨마 자치국연합;;;;;;;;;;;;;x
PTG_dominion3;퓨마 왕실보호령;;;;;;;;;;;;;x
PTG_hms_government;퓨마 입헌추장국;;;;;;;;;;;;;x
PTG_hms_government2;퓨마 의회내각;;;;;;;;;;;;;x
PTG_prussian_constitutionalism;퓨마 부족원로회;;;;;;;;;;;;;x
PTG_prussian_constitutionalism2;퓨마 추장원로회;;;;;;;;;;;;;x
PTG_theocracy;퓨마 제사장국;;;;;;;;;;;;;x
PTG_trade_unions_congress;퓨마 생산자연맹;;;;;;;;;;;;;x
PTK_absolute_monarchy;테레시아 술탄국;;;;;;;;;;;;;x
PTK_absolute_monarchy2;테레시아 세습술탄국;;;;;;;;;;;;;x
PTK_colonial_company;테레시아 통상회사령;;;;;;;;;;;;;x
PTK_democracy;테레시아 공화국;;;;;;;;;;;;;x
PTK_democracy2;테레시아 의회공화국;;;;;;;;;;;;;x
PTK_dominion;테레시아 자치령;;;;;;;;;;;;;x
PTK_dominion2;테레시아 자치연방;;;;;;;;;;;;;x
PTK_dominion3;테레시아 보호토후령;;;;;;;;;;;;;x
PTK_hms_government;테레시아 입헌술탄국;;;;;;;;;;;;;x
PTK_hms_government2;테레시아 의회내각;;;;;;;;;;;;;x
PTK_prussian_constitutionalism;테레시아 술탄참사회;;;;;;;;;;;;;x
PTK_prussian_constitutionalism2;테레시아 귀족협의회;;;;;;;;;;;;;x
PTK_theocracy;테레시아 이맘국;;;;;;;;;;;;;x
PTK_trade_unions_congress;테레시아 노동조합연맹;;;;;;;;;;;;;x
PTL_absolute_monarchy;메이 라자국;;;;;;;;;;;;;x
PTL_absolute_monarchy2;메이 세습라자국;;;;;;;;;;;;;x
PTL_colonial_company;메이 동인도회사령;;;;;;;;;;;;;x
PTL_democracy;메이 공화국;;;;;;;;;;;;;x
PTL_democracy2;메이 의회공화국;;;;;;;;;;;;;x
PTL_dominion;메이 번왕령;;;;;;;;;;;;;x
PTL_dominion2;메이 번왕연합;;;;;;;;;;;;;x
PTL_dominion3;메이 왕실직할령;;;;;;;;;;;;;x
PTL_hms_government;메이 입헌라자국;;;;;;;;;;;;;x
PTL_hms_government2;메이 의회내각;;;;;;;;;;;;;x
PTL_prussian_constitutionalism;메이 다르바르;;;;;;;;;;;;;x
PTL_prussian_constitutionalism2;메이 제후회의;;;;;;;;;;;;;x
PTL_theocracy;메이 칼사국;;;;;;;;;;;;;x
PTL_trade_unions_congress;메이 노동조합총연맹;;;;;;;;;;;;;x
PZN_absolute_monarchy;프린츠 하인리히 공국;;;;;;;;;;;;;x
PZN_absolute_monarchy2;프린츠 하인리히 세습공국;;;;;;;;;;;;;x
PZN_democracy;프린츠 하인리히 자유국;;;;;;;;;;;;;x
PZN_democracy2;프린츠 하인리히 도시공화국;;;;;;;;;;;;;x
PZN_dominion2;프린츠 하인리히 자치연방;;;;;;;;;;;;;x
PZN_dominion3;프린츠 하인리히 왕실직할령;;;;;;;;;;;;;x
PZN_hms_government;프린츠 하인리히 입헌공국;;;;;;;;;;;;;x
PZN_hms_government2;프린츠 하인리히 영방내각;;;;;;;;;;;;;x
PZN_prussian_constitutionalism;프린츠 하인리히 영방의회;;;;;;;;;;;;;x
PZN_prussian_constitutionalism2;프린츠 하인리히 제후회의;;;;;;;;;;;;;x
PZN_theocracy;프린츠 하인리히 주교령;;;;;;;;;;;;;x
PZN_trade_unions_congress;프린츠 하인리히 노동자평의회;;;;;;;;;;;;;x
QAT_absolute_monarchy;세실리아 토후국;;;;;;;;;;;;;x
QAT_absolute_monarchy2;세실리아 세습토후국;;;;;;;;;;;;;x
QAT_colonial_company;세실리아 통상회사령;;;;;;;;;;;;;x
QAT_democracy;세실리아 공화국;;;;;;;;;;;;;x
QAT_democracy2;세실리아 의회공화국;;;;;;;;;;;;;x
QAT_dominion;세실리아 자치령;;;;;;;;;;;;;x
QAT_dominion2;세실리아 자치연방;;;;;;;;;;;;;x
QAT_dominion3;세실리아 보호토후령;;;;;;;;;;;;;x
QAT_hms_government;세실리아 입헌토후국;;;;;;;;;;;;;x
QAT_hms_government2;세실리아 의회내각;;;;;;;;;;;;;x
QAT_prussian_constitutionalism;세실리아 슈라 평의회;;;;;;;;;;;;;x
QAT_prussian_constitutionalism2;세실리아 귀족협의회;;;;;;;;;;;;;x
QAT_theocracy;세실리아 이맘국;;;;;;;;;;;;;x
QAT_trade_unions_congress;세실리아 노동조합총연맹;;;;;;;;;;;;;x
QCI_absolute_monarchy;제이드 왕국;;;;;;;;;;;;;x
QCI_absolute_monarchy2;제이드 세습왕국;;;;;;;;;;;;;x
QCI_democracy;제이드 공화국;;;;;;;;;;;;;x
QCI_democracy2;제이드 의회공화국;;;;;;;;;;;;;x
QCI_dominion2;제이드 자치연방;;;;;;;;;;;;;x
QCI_dominion3;제이드 왕실속령;;;;;;;;;;;;;x
QCI_hms_government2;제이드 의회내각;;;;;;;;;;;;;x
QCI_prussian_constitutionalism;제이드 추밀원;;;;;;;;;;;;;x
QCI_prussian_constitutionalism2;제이드 왕실참의회;;;;;;;;;;;;;x
QCI_theocracy;제이드 교회연합국;;;;;;;;;;;;;x
QCI_trade_unions_congress;제이드 노동조합회의;;;;;;;;;;;;;x
QNG_absolute_monarchy2;리월 황실조정;;;;;;;;;;;;;x
QNG_colonial_company;리월 조계지;;;;;;;;;;;;;x
QNG_democracy;리월 민국;;;;;;;;;;;;;x
QNG_democracy2;리월 연성공화국;;;;;;;;;;;;;x
QNG_dominion;리월 자치성;;;;;;;;;;;;;x
QNG_dominion2;리월 연성정부;;;;;;;;;;;;;x
QNG_dominion3;리월 번부;;;;;;;;;;;;;x
QNG_hms_government2;리월 의회내각;;;;;;;;;;;;;x
QNG_prussian_constitutionalism2;리월 참정원;;;;;;;;;;;;;x
QNG_theocracy;리월 승가국;;;;;;;;;;;;;x
QNG_trade_unions_congress;리월 총공회;;;;;;;;;;;;;x
QUE_absolute_monarchy;사리아 왕국;;;;;;;;;;;;;x
QUE_absolute_monarchy2;사리아 세습왕국;;;;;;;;;;;;;x
QUE_democracy2;사리아 의회공화국;;;;;;;;;;;;;x
QUE_dominion2;사리아 자치연방;;;;;;;;;;;;;x
QUE_dominion3;사리아 왕실속령;;;;;;;;;;;;;x
QUE_hms_government2;사리아 의회내각;;;;;;;;;;;;;x
QUE_prussian_constitutionalism;사리아 왕실국무원;;;;;;;;;;;;;x
QUE_prussian_constitutionalism2;사리아 왕실참의회;;;;;;;;;;;;;x
QUE_theocracy;사리아 주교령;;;;;;;;;;;;;x
QUE_trade_unions_congress;사리아 노동총동맹;;;;;;;;;;;;;x
RAJ_absolute_monarchy;하이모어 라자국;;;;;;;;;;;;;x
RAJ_absolute_monarchy2;하이모어 세습라자국;;;;;;;;;;;;;x
RAJ_democracy2;하이모어 의회공화국;;;;;;;;;;;;;x
RAJ_dominion2;하이모어 번왕연합;;;;;;;;;;;;;x
RAJ_dominion3;하이모어 왕실직할령;;;;;;;;;;;;;x
RAJ_hms_government;하이모어 입헌라자국;;;;;;;;;;;;;x
RAJ_hms_government2;하이모어 의회내각;;;;;;;;;;;;;x
RAJ_prussian_constitutionalism;하이모어 다르바르;;;;;;;;;;;;;x
RAJ_prussian_constitutionalism2;하이모어 제후회의;;;;;;;;;;;;;x
RAJ_theocracy;하이모어 사원연합국;;;;;;;;;;;;;x
RAJ_trade_unions_congress;하이모어 노동조합총연맹;;;;;;;;;;;;;x
RAM_absolute_monarchy;두르나르 나와브국;;;;;;;;;;;;;x
RAM_absolute_monarchy2;두르나르 세습나와브국;;;;;;;;;;;;;x
RAM_colonial_company;두르나르 동인도회사령;;;;;;;;;;;;;x
RAM_democracy;두르나르 공화국;;;;;;;;;;;;;x
RAM_democracy2;두르나르 의회공화국;;;;;;;;;;;;;x
RAM_dominion;두르나르 번왕령;;;;;;;;;;;;;x
RAM_dominion2;두르나르 번왕연합;;;;;;;;;;;;;x
RAM_dominion3;두르나르 왕실직할령;;;;;;;;;;;;;x
RAM_hms_government;두르나르 입헌나와브국;;;;;;;;;;;;;x
RAM_hms_government2;두르나르 의회내각;;;;;;;;;;;;;x
RAM_prussian_constitutionalism;두르나르 다르바르;;;;;;;;;;;;;x
RAM_prussian_constitutionalism2;두르나르 제후회의;;;;;;;;;;;;;x
RAM_theocracy;두르나르 이맘국;;;;;;;;;;;;;x
RAM_trade_unions_congress;두르나르 노동조합총연맹;;;;;;;;;;;;;x
RDL_absolute_monarchy;푸딩 토후국;;;;;;;;;;;;;x
RDL_absolute_monarchy2;푸딩 세습토후국;;;;;;;;;;;;;x
RDL_colonial_company;푸딩 통상회사령;;;;;;;;;;;;;x
RDL_democracy;푸딩 공화국;;;;;;;;;;;;;x
RDL_democracy2;푸딩 의회공화국;;;;;;;;;;;;;x
RDL_dominion;푸딩 자치령;;;;;;;;;;;;;x
RDL_dominion2;푸딩 자치연방;;;;;;;;;;;;;x
RDL_dominion3;푸딩 보호토후령;;;;;;;;;;;;;x
RDL_hms_government;푸딩 입헌토후국;;;;;;;;;;;;;x
RDL_hms_government2;푸딩 의회내각;;;;;;;;;;;;;x
RDL_prussian_constitutionalism;푸딩 지르가;;;;;;;;;;;;;x
RDL_prussian_constitutionalism2;푸딩 귀족협의회;;;;;;;;;;;;;x
RDL_theocracy;푸딩 이맘국;;;;;;;;;;;;;x
RDL_trade_unions_congress;푸딩 노동자평의회;;;;;;;;;;;;;x
REB_absolute_monarchy;적혈구 군주국;;;;;;;;;;;;;x
REB_absolute_monarchy2;적혈구 왕조;;;;;;;;;;;;;x
REB_colonial_company;적혈구 특허회사령;;;;;;;;;;;;;x
REB_democracy;적혈구 자치공화국;;;;;;;;;;;;;x
REB_democracy2;적혈구 의회공화국;;;;;;;;;;;;;x
REB_dominion;적혈구 자치령;;;;;;;;;;;;;x
REB_dominion2;적혈구 자치연방;;;;;;;;;;;;;x
REB_dominion3;적혈구 왕실속령;;;;;;;;;;;;;x
REB_hms_government;적혈구 입헌군주국;;;;;;;;;;;;;x
REB_hms_government2;적혈구 의회내각;;;;;;;;;;;;;x
REB_prussian_constitutionalism;적혈구 군주의정회;;;;;;;;;;;;;x
REB_prussian_constitutionalism2;적혈구 왕실참의회;;;;;;;;;;;;;x
REB_theocracy;적혈구 신정국;;;;;;;;;;;;;x
REB_trade_unions_congress;적혈구 노동조합연맹;;;;;;;;;;;;;x
REU_absolute_monarchy2;안초비 세습후국;;;;;;;;;;;;;x
REU_democracy2;안초비 도시공화국;;;;;;;;;;;;;x
REU_dominion2;안초비 자치연방;;;;;;;;;;;;;x
REU_dominion3;안초비 왕실직할령;;;;;;;;;;;;;x
REU_hms_government2;안초비 영방내각;;;;;;;;;;;;;x
REU_prussian_constitutionalism2;안초비 제후회의;;;;;;;;;;;;;x
REU_theocracy;안초비 교회연합국;;;;;;;;;;;;;x
REU_trade_unions_congress;안초비 노동자평의회;;;;;;;;;;;;;x
REW_absolute_monarchy;퀘르쿠스 라자국;;;;;;;;;;;;;x
REW_absolute_monarchy2;퀘르쿠스 세습라자국;;;;;;;;;;;;;x
REW_colonial_company;퀘르쿠스 동인도회사령;;;;;;;;;;;;;x
REW_democracy;퀘르쿠스 공화국;;;;;;;;;;;;;x
REW_democracy2;퀘르쿠스 의회공화국;;;;;;;;;;;;;x
REW_dominion;퀘르쿠스 번왕령;;;;;;;;;;;;;x
REW_dominion2;퀘르쿠스 번왕연합;;;;;;;;;;;;;x
REW_dominion3;퀘르쿠스 왕실직할령;;;;;;;;;;;;;x
REW_hms_government;퀘르쿠스 입헌라자국;;;;;;;;;;;;;x
REW_hms_government2;퀘르쿠스 의회내각;;;;;;;;;;;;;x
REW_prussian_constitutionalism;퀘르쿠스 다르바르;;;;;;;;;;;;;x
REW_prussian_constitutionalism2;퀘르쿠스 제후회의;;;;;;;;;;;;;x
REW_theocracy;퀘르쿠스 사원연합국;;;;;;;;;;;;;x
REW_trade_unions_congress;퀘르쿠스 노동조합총연맹;;;;;;;;;;;;;x
RGA_absolute_monarchy;카와카미 겐사이 토후국;;;;;;;;;;;;;x
RGA_absolute_monarchy2;카와카미 겐사이 세습토후국;;;;;;;;;;;;;x
RGA_colonial_company;카와카미 겐사이 통상회사령;;;;;;;;;;;;;x
RGA_democracy;카와카미 겐사이 공화국;;;;;;;;;;;;;x
RGA_democracy2;카와카미 겐사이 의회공화국;;;;;;;;;;;;;x
RGA_dominion;카와카미 겐사이 자치령;;;;;;;;;;;;;x
RGA_dominion2;카와카미 겐사이 자치연방;;;;;;;;;;;;;x
RGA_dominion3;카와카미 겐사이 보호토후령;;;;;;;;;;;;;x
RGA_hms_government;카와카미 겐사이 입헌토후국;;;;;;;;;;;;;x
RGA_hms_government2;카와카미 겐사이 의회내각;;;;;;;;;;;;;x
RGA_prussian_constitutionalism;카와카미 겐사이 슈라 평의회;;;;;;;;;;;;;x
RGA_prussian_constitutionalism2;카와카미 겐사이 귀족협의회;;;;;;;;;;;;;x
RGA_theocracy;카와카미 겐사이 이맘국;;;;;;;;;;;;;x
RGA_trade_unions_congress;카와카미 겐사이 노동조합총연맹;;;;;;;;;;;;;x
RGR_absolute_monarchy;로즈몬티스 왕국;;;;;;;;;;;;;x
RGR_absolute_monarchy2;로즈몬티스 세습왕국;;;;;;;;;;;;;x
RGR_democracy2;로즈몬티스 의회공화국;;;;;;;;;;;;;x
RGR_dominion;로즈몬티스 자치령;;;;;;;;;;;;;x
RGR_dominion2;로즈몬티스 자치연방;;;;;;;;;;;;;x
RGR_dominion3;로즈몬티스 왕실속령;;;;;;;;;;;;;x
RGR_hms_government;로즈몬티스 입헌왕국;;;;;;;;;;;;;x
RGR_hms_government2;로즈몬티스 의회내각;;;;;;;;;;;;;x
RGR_prussian_constitutionalism;로즈몬티스 왕실평의회;;;;;;;;;;;;;x
RGR_prussian_constitutionalism2;로즈몬티스 왕실참의회;;;;;;;;;;;;;x
RGR_theocracy;로즈몬티스 주교령;;;;;;;;;;;;;x
RGR_trade_unions_congress;로즈몬티스 노동자총연맹;;;;;;;;;;;;;x
RGS_absolute_monarchy;에스텔 제국;;;;;;;;;;;;;x
RGS_absolute_monarchy2;에스텔 세습제국;;;;;;;;;;;;;x
RGS_colonial_company;에스텔 특허회사령;;;;;;;;;;;;;x
RGS_democracy;에스텔 연방공화국;;;;;;;;;;;;;x
RGS_dominion;에스텔 자치령;;;;;;;;;;;;;x
RGS_dominion2;에스텔 자치연방;;;;;;;;;;;;;x
RGS_dominion3;에스텔 왕실속령;;;;;;;;;;;;;x
RGS_hms_government;에스텔 입헌제국;;;;;;;;;;;;;x
RGS_hms_government2;에스텔 의회내각;;;;;;;;;;;;;x
RGS_prussian_constitutionalism;에스텔 제국국무원;;;;;;;;;;;;;x
RGS_prussian_constitutionalism2;에스텔 왕실참의회;;;;;;;;;;;;;x
RGS_theocracy;에스텔 주교령;;;;;;;;;;;;;x
RGS_trade_unions_congress;에스텔 노동자총연맹;;;;;;;;;;;;;x
RHI_absolute_monarchy;다즐링 공국;;;;;;;;;;;;;x
RHI_absolute_monarchy2;다즐링 세습공국;;;;;;;;;;;;;x
RHI_colonial_company;다즐링 특허회사령;;;;;;;;;;;;;x
RHI_democracy;다즐링 자유국;;;;;;;;;;;;;x
RHI_democracy2;다즐링 도시공화국;;;;;;;;;;;;;x
RHI_dominion;다즐링 자치령;;;;;;;;;;;;;x
RHI_dominion2;다즐링 자치연방;;;;;;;;;;;;;x
RHI_dominion3;다즐링 왕실직할령;;;;;;;;;;;;;x
RHI_hms_government;다즐링 입헌공국;;;;;;;;;;;;;x
RHI_hms_government2;다즐링 영방내각;;;;;;;;;;;;;x
RHI_prussian_constitutionalism;다즐링 영방의회;;;;;;;;;;;;;x
RHI_prussian_constitutionalism2;다즐링 제후회의;;;;;;;;;;;;;x
RHI_theocracy;다즐링 주교령;;;;;;;;;;;;;x
RHI_trade_unions_congress;다즐링 노동자평의회;;;;;;;;;;;;;x
RHO_absolute_monarchy2;남로디지아 세습왕국;;;;;;;;;;;;;x
RHO_democracy2;남로디지아 의회공화국;;;;;;;;;;;;;x
RHO_dominion2;남로디지아 자치연방;;;;;;;;;;;;;x
RHO_dominion3;남로디지아 왕실속령;;;;;;;;;;;;;x
RHO_hms_government2;남로디지아 의회내각;;;;;;;;;;;;;x
RHO_prussian_constitutionalism;남로디지아 추밀원;;;;;;;;;;;;;x
RHO_prussian_constitutionalism2;남로디지아 왕실참의회;;;;;;;;;;;;;x
RHO_theocracy;남로디지아 교회연합국;;;;;;;;;;;;;x
RHO_trade_unions_congress;남로디지아 노동조합회의;;;;;;;;;;;;;x
RIA_absolute_monarchy;멀베리 술탄국;;;;;;;;;;;;;x
RIA_absolute_monarchy2;멀베리 세습술탄국;;;;;;;;;;;;;x
RIA_colonial_company;멀베리 통상회사령;;;;;;;;;;;;;x
RIA_democracy;멀베리 공화국;;;;;;;;;;;;;x
RIA_democracy2;멀베리 의회공화국;;;;;;;;;;;;;x
RIA_dominion;멀베리 자치령;;;;;;;;;;;;;x
RIA_dominion2;멀베리 자치연방;;;;;;;;;;;;;x
RIA_dominion3;멀베리 보호토후령;;;;;;;;;;;;;x
RIA_hms_government;멀베리 입헌술탄국;;;;;;;;;;;;;x
RIA_hms_government2;멀베리 의회내각;;;;;;;;;;;;;x
RIA_prussian_constitutionalism;멀베리 술탄참사회;;;;;;;;;;;;;x
RIA_prussian_constitutionalism2;멀베리 귀족협의회;;;;;;;;;;;;;x
RIA_theocracy;멀베리 이맘국;;;;;;;;;;;;;x
RIA_trade_unions_congress;멀베리 노동조합연맹;;;;;;;;;;;;;x
RIO_absolute_monarchy;상 마르티뉴 제국;;;;;;;;;;;;;x
RIO_absolute_monarchy2;상 마르티뉴 세습제국;;;;;;;;;;;;;x
RIO_colonial_company;상 마르티뉴 특허회사령;;;;;;;;;;;;;x
RIO_democracy;상 마르티뉴 연방공화국;;;;;;;;;;;;;x
RIO_dominion;상 마르티뉴 자치령;;;;;;;;;;;;;x
RIO_dominion2;상 마르티뉴 자치연방;;;;;;;;;;;;;x
RIO_dominion3;상 마르티뉴 왕실속령;;;;;;;;;;;;;x
RIO_hms_government;상 마르티뉴 입헌제국;;;;;;;;;;;;;x
RIO_hms_government2;상 마르티뉴 의회내각;;;;;;;;;;;;;x
RIO_prussian_constitutionalism;상 마르티뉴 제국국무원;;;;;;;;;;;;;x
RIO_prussian_constitutionalism2;상 마르티뉴 왕실참의회;;;;;;;;;;;;;x
RIO_theocracy;상 마르티뉴 주교령;;;;;;;;;;;;;x
RIO_trade_unions_congress;상 마르티뉴 노동자총연맹;;;;;;;;;;;;;x
RJK_absolute_monarchy;미샤 라자국;;;;;;;;;;;;;x
RJK_absolute_monarchy2;미샤 세습라자국;;;;;;;;;;;;;x
RJK_colonial_company;미샤 동인도회사령;;;;;;;;;;;;;x
RJK_democracy;미샤 공화국;;;;;;;;;;;;;x
RJK_democracy2;미샤 의회공화국;;;;;;;;;;;;;x
RJK_dominion;미샤 번왕령;;;;;;;;;;;;;x
RJK_dominion2;미샤 번왕연합;;;;;;;;;;;;;x
RJK_dominion3;미샤 왕실직할령;;;;;;;;;;;;;x
RJK_hms_government;미샤 입헌라자국;;;;;;;;;;;;;x
RJK_hms_government2;미샤 의회내각;;;;;;;;;;;;;x
RJK_prussian_constitutionalism;미샤 다르바르;;;;;;;;;;;;;x
RJK_prussian_constitutionalism2;미샤 제후회의;;;;;;;;;;;;;x
RJK_theocracy;미샤 사원연합국;;;;;;;;;;;;;x
RJK_trade_unions_congress;미샤 노동조합총연맹;;;;;;;;;;;;;x
RJL_absolute_monarchy;오셀롯 제국;;;;;;;;;;;;;x
RJL_absolute_monarchy2;오셀롯 세습제국;;;;;;;;;;;;;x
RJL_colonial_company;오셀롯 특허회사령;;;;;;;;;;;;;x
RJL_democracy2;오셀롯 의회공화국;;;;;;;;;;;;;x
RJL_dominion;오셀롯 자치령;;;;;;;;;;;;;x
RJL_dominion2;오셀롯 자치연방;;;;;;;;;;;;;x
RJL_dominion3;오셀롯 왕실속령;;;;;;;;;;;;;x
RJL_hms_government2;오셀롯 의회내각;;;;;;;;;;;;;x
RJL_prussian_constitutionalism;오셀롯 제국국무원;;;;;;;;;;;;;x
RJL_prussian_constitutionalism2;오셀롯 왕실참의회;;;;;;;;;;;;;x
RJL_theocracy;오셀롯 주교령;;;;;;;;;;;;;x
RJL_trade_unions_congress;오셀롯 노동자총연맹;;;;;;;;;;;;;x
RLE_absolute_monarchy2;케이 세습후국;;;;;;;;;;;;;x
RLE_democracy2;케이 도시공화국;;;;;;;;;;;;;x
RLE_dominion2;케이 자치연방;;;;;;;;;;;;;x
RLE_dominion3;케이 왕실직할령;;;;;;;;;;;;;x
RLE_hms_government2;케이 영방내각;;;;;;;;;;;;;x
RLE_prussian_constitutionalism2;케이 제후회의;;;;;;;;;;;;;x
RLE_theocracy;케이 교회연합국;;;;;;;;;;;;;x
RLE_trade_unions_congress;케이 노동자평의회;;;;;;;;;;;;;x
RME_absolute_monarchy;페넌스 공국;;;;;;;;;;;;;x
RME_absolute_monarchy2;페넌스 세습공국;;;;;;;;;;;;;x
RME_colonial_company;페넌스 특허회사령;;;;;;;;;;;;;x
RME_democracy;페넌스 공화국;;;;;;;;;;;;;x
RME_democracy2;페넌스 의회공화국;;;;;;;;;;;;;x
RME_dominion;페넌스 자치령;;;;;;;;;;;;;x
RME_dominion2;페넌스 자치연방;;;;;;;;;;;;;x
RME_dominion3;페넌스 왕실속령;;;;;;;;;;;;;x
RME_hms_government;페넌스 입헌공국;;;;;;;;;;;;;x
RME_hms_government2;페넌스 의회내각;;;;;;;;;;;;;x
RME_prussian_constitutionalism;페넌스 왕실원로원;;;;;;;;;;;;;x
RME_prussian_constitutionalism2;페넌스 왕실참의회;;;;;;;;;;;;;x
RME_theocracy;페넌스 주교령;;;;;;;;;;;;;x
RME_trade_unions_congress;페넌스 직능조합연맹;;;;;;;;;;;;;x
RMG_absolute_monarchy;리토리오 공국;;;;;;;;;;;;;x
RMG_absolute_monarchy2;리토리오 세습공국;;;;;;;;;;;;;x
RMG_colonial_company;리토리오 특허회사령;;;;;;;;;;;;;x
RMG_democracy;리토리오 공화국;;;;;;;;;;;;;x
RMG_democracy2;리토리오 의회공화국;;;;;;;;;;;;;x
RMG_dominion;리토리오 자치령;;;;;;;;;;;;;x
RMG_dominion2;리토리오 자치연방;;;;;;;;;;;;;x
RMG_dominion3;리토리오 왕실속령;;;;;;;;;;;;;x
RMG_hms_government;리토리오 입헌공국;;;;;;;;;;;;;x
RMG_hms_government2;리토리오 의회내각;;;;;;;;;;;;;x
RMG_prussian_constitutionalism;리토리오 왕실원로원;;;;;;;;;;;;;x
RMG_prussian_constitutionalism2;리토리오 왕실참의회;;;;;;;;;;;;;x
RMG_theocracy;리토리오 주교령;;;;;;;;;;;;;x
RMG_trade_unions_congress;리토리오 직능조합연맹;;;;;;;;;;;;;x
ROM_absolute_monarchy;오데트 왕국;;;;;;;;;;;;;x
ROM_absolute_monarchy2;오데트 세습왕국;;;;;;;;;;;;;x
ROM_colonial_company;오데트 다뉴브특허회사;;;;;;;;;;;;;x
ROM_democracy;오데트 공화국;;;;;;;;;;;;;x
ROM_democracy2;오데트 의회공화국;;;;;;;;;;;;;x
ROM_dominion;오데트 자치령;;;;;;;;;;;;;x
ROM_dominion2;오데트 자치연방;;;;;;;;;;;;;x
ROM_dominion3;오데트 왕실보호령;;;;;;;;;;;;;x
ROM_hms_government;오데트 입헌왕국;;;;;;;;;;;;;x
ROM_hms_government2;오데트 의회내각;;;;;;;;;;;;;x
ROM_prussian_constitutionalism;오데트 왕실참의회;;;;;;;;;;;;;x
ROM_prussian_constitutionalism2;오데트 양원의회;;;;;;;;;;;;;x
ROM_theocracy;오데트 총대주교령;;;;;;;;;;;;;x
ROM_trade_unions_congress;오데트 노동조합연맹;;;;;;;;;;;;;x
ROR_absolute_monarchy;아퀼라 공국;;;;;;;;;;;;;x
ROR_absolute_monarchy2;아퀼라 세습공국;;;;;;;;;;;;;x
ROR_colonial_company;아퀼라 특허회사령;;;;;;;;;;;;;x
ROR_democracy;아퀼라 공화국;;;;;;;;;;;;;x
ROR_democracy2;아퀼라 의회공화국;;;;;;;;;;;;;x
ROR_dominion;아퀼라 자치령;;;;;;;;;;;;;x
ROR_dominion2;아퀼라 자치연방;;;;;;;;;;;;;x
ROR_dominion3;아퀼라 왕실속령;;;;;;;;;;;;;x
ROR_hms_government;아퀼라 입헌공국;;;;;;;;;;;;;x
ROR_hms_government2;아퀼라 의회내각;;;;;;;;;;;;;x
ROR_prussian_constitutionalism;아퀼라 왕실원로원;;;;;;;;;;;;;x
ROR_prussian_constitutionalism2;아퀼라 왕실참의회;;;;;;;;;;;;;x
ROR_theocracy;아퀼라 주교령;;;;;;;;;;;;;x
ROR_trade_unions_congress;아퀼라 직능조합연맹;;;;;;;;;;;;;x
RPL_absolute_monarchy;컬럼비아 특허회사령;;;;;;;;;;;;;x
RPL_absolute_monarchy2;컬럼비아 왕조;;;;;;;;;;;;;x
RPL_democracy2;컬럼비아 의회공화국;;;;;;;;;;;;;x
RPL_dominion2;컬럼비아 자치연방;;;;;;;;;;;;;x
RPL_dominion3;컬럼비아 왕실속령;;;;;;;;;;;;;x
RPL_hms_government2;컬럼비아 의회내각;;;;;;;;;;;;;x
RPL_prussian_constitutionalism;컬럼비아 추밀원;;;;;;;;;;;;;x
RPL_prussian_constitutionalism2;컬럼비아 왕실참의회;;;;;;;;;;;;;x
RPL_theocracy;컬럼비아 교회연합국;;;;;;;;;;;;;x
RPL_trade_unions_congress;컬럼비아 노동조합회의;;;;;;;;;;;;;x
RPP_absolute_monarchy;재키 라자국;;;;;;;;;;;;;x
RPP_absolute_monarchy2;재키 세습라자국;;;;;;;;;;;;;x
RPP_colonial_company;재키 동인도회사령;;;;;;;;;;;;;x
RPP_democracy;재키 공화국;;;;;;;;;;;;;x
RPP_democracy2;재키 의회공화국;;;;;;;;;;;;;x
RPP_dominion;재키 번왕령;;;;;;;;;;;;;x
RPP_dominion2;재키 번왕연합;;;;;;;;;;;;;x
RPP_dominion3;재키 왕실직할령;;;;;;;;;;;;;x
RPP_hms_government;재키 입헌라자국;;;;;;;;;;;;;x
RPP_hms_government2;재키 의회내각;;;;;;;;;;;;;x
RPP_prussian_constitutionalism;재키 다르바르;;;;;;;;;;;;;x
RPP_prussian_constitutionalism2;재키 제후회의;;;;;;;;;;;;;x
RPP_theocracy;재키 사원연합국;;;;;;;;;;;;;x
RPP_trade_unions_congress;재키 노동조합총연맹;;;;;;;;;;;;;x
RSR_absolute_monarchy2;미카 세습후국;;;;;;;;;;;;;x
RSR_democracy2;미카 도시공화국;;;;;;;;;;;;;x
RSR_dominion2;미카 자치연방;;;;;;;;;;;;;x
RSR_dominion3;미카 왕실직할령;;;;;;;;;;;;;x
RSR_hms_government2;미카 영방내각;;;;;;;;;;;;;x
RSR_prussian_constitutionalism2;미카 제후회의;;;;;;;;;;;;;x
RSR_theocracy;미카 교회연합국;;;;;;;;;;;;;x
RSR_trade_unions_congress;미카 노동자평의회;;;;;;;;;;;;;x
RUM_absolute_monarchy;골든글로우 왕국;;;;;;;;;;;;;x
RUM_absolute_monarchy2;골든글로우 세습왕국;;;;;;;;;;;;;x
RUM_colonial_company;골든글로우 특허회사령;;;;;;;;;;;;;x
RUM_democracy;골든글로우 공화국;;;;;;;;;;;;;x
RUM_democracy2;골든글로우 의회공화국;;;;;;;;;;;;;x
RUM_dominion;골든글로우 자치령;;;;;;;;;;;;;x
RUM_dominion2;골든글로우 자치연방;;;;;;;;;;;;;x
RUM_dominion3;골든글로우 왕실속령;;;;;;;;;;;;;x
RUM_hms_government;골든글로우 입헌왕국;;;;;;;;;;;;;x
RUM_hms_government2;골든글로우 의회내각;;;;;;;;;;;;;x
RUM_prussian_constitutionalism;골든글로우 왕실참사회;;;;;;;;;;;;;x
RUM_prussian_constitutionalism2;골든글로우 왕실참의회;;;;;;;;;;;;;x
RUM_theocracy;골든글로우 총대주교령;;;;;;;;;;;;;x
RUM_trade_unions_congress;골든글로우 노동자평의회;;;;;;;;;;;;;x
RUT_absolute_monarchy;이부키 차르국;;;;;;;;;;;;;x
RUT_absolute_monarchy2;이부키 제국;;;;;;;;;;;;;x
RUT_colonial_company;이부키 특허회사령;;;;;;;;;;;;;x
RUT_democracy2;이부키 의회공화국;;;;;;;;;;;;;x
RUT_dominion;이부키 자치주;;;;;;;;;;;;;x
RUT_dominion2;이부키 자치공화국;;;;;;;;;;;;;x
RUT_dominion3;이부키 총독령;;;;;;;;;;;;;x
RUT_hms_government;이부키 입헌차르국;;;;;;;;;;;;;x
RUT_hms_government2;이부키 의회내각;;;;;;;;;;;;;x
RUT_prussian_constitutionalism;이부키 두마;;;;;;;;;;;;;x
RUT_prussian_constitutionalism2;이부키 국가평의회;;;;;;;;;;;;;x
RUT_theocracy;이부키 총대주교령;;;;;;;;;;;;;x
RUT_trade_unions_congress;이부키 노동자소비에트;;;;;;;;;;;;;x
RWA_absolute_monarchy;르완다 왕국;;;;;;;;;;;;;x
RWA_absolute_monarchy2;르완다 세습왕국;;;;;;;;;;;;;x
RWA_colonial_company;르완다 특허회사령;;;;;;;;;;;;;x
RWA_democracy;르완다 공화국;;;;;;;;;;;;;x
RWA_democracy2;르완다 의회공화국;;;;;;;;;;;;;x
RWA_dominion;르완다 보호국;;;;;;;;;;;;;x
RWA_dominion2;르완다 자치국연합;;;;;;;;;;;;;x
RWA_dominion3;르완다 왕실보호령;;;;;;;;;;;;;x
RWA_hms_government;르완다 입헌왕국;;;;;;;;;;;;;x
RWA_hms_government2;르완다 의회내각;;;;;;;;;;;;;x
RWA_prussian_constitutionalism;르완다 왕실원로회;;;;;;;;;;;;;x
RWA_prussian_constitutionalism2;르완다 추장원로회;;;;;;;;;;;;;x
RWA_theocracy;르완다 제사장국;;;;;;;;;;;;;x
RWA_trade_unions_congress;르완다 노동조합연맹;;;;;;;;;;;;;x
RYU_absolute_monarchy;치세 왕국;;;;;;;;;;;;;x
RYU_absolute_monarchy2;치세 막부;;;;;;;;;;;;;x
RYU_colonial_company;치세 상관령;;;;;;;;;;;;;x
RYU_democracy;치세 공화국;;;;;;;;;;;;;x
RYU_democracy2;치세 의회공화국;;;;;;;;;;;;;x
RYU_dominion;치세 자치번;;;;;;;;;;;;;x
RYU_dominion2;치세 제번연합;;;;;;;;;;;;;x
RYU_dominion3;치세 막부직할령;;;;;;;;;;;;;x
RYU_hms_government;치세 입헌왕국;;;;;;;;;;;;;x
RYU_hms_government2;치세 의회내각;;;;;;;;;;;;;x
RYU_prussian_constitutionalism;치세 번정평의회;;;;;;;;;;;;;x
RYU_prussian_constitutionalism2;치세 번주평의회;;;;;;;;;;;;;x
RYU_theocracy;치세 승가국;;;;;;;;;;;;;x
RYU_trade_unions_congress;치세 노동조합총평의회;;;;;;;;;;;;;x
SAA_absolute_monarchy;니시즈미 마호 공국;;;;;;;;;;;;;x
SAA_absolute_monarchy2;니시즈미 마호 세습공국;;;;;;;;;;;;;x
SAA_colonial_company;니시즈미 마호 특허회사령;;;;;;;;;;;;;x
SAA_democracy;니시즈미 마호 자유국;;;;;;;;;;;;;x
SAA_democracy2;니시즈미 마호 도시공화국;;;;;;;;;;;;;x
SAA_dominion;니시즈미 마호 자치령;;;;;;;;;;;;;x
SAA_dominion2;니시즈미 마호 자치연방;;;;;;;;;;;;;x
SAA_dominion3;니시즈미 마호 왕실직할령;;;;;;;;;;;;;x
SAA_hms_government;니시즈미 마호 입헌공국;;;;;;;;;;;;;x
SAA_hms_government2;니시즈미 마호 영방내각;;;;;;;;;;;;;x
SAA_prussian_constitutionalism;니시즈미 마호 영방의회;;;;;;;;;;;;;x
SAA_prussian_constitutionalism2;니시즈미 마호 제후회의;;;;;;;;;;;;;x
SAA_theocracy;니시즈미 마호 주교령;;;;;;;;;;;;;x
SAA_trade_unions_congress;니시즈미 마호 노동자평의회;;;;;;;;;;;;;x
SAF_absolute_monarchy;헤비레인 왕국;;;;;;;;;;;;;x
SAF_absolute_monarchy2;헤비레인 세습왕국;;;;;;;;;;;;;x
SAF_democracy;헤비레인 자유공화국;;;;;;;;;;;;;x
SAF_democracy2;헤비레인 시민의회;;;;;;;;;;;;;x
SAF_dominion;헤비레인 자치공화국;;;;;;;;;;;;;x
SAF_dominion2;헤비레인 자치연방;;;;;;;;;;;;;x
SAF_dominion3;헤비레인 왕실속령;;;;;;;;;;;;;x
SAF_hms_government2;헤비레인 의회내각;;;;;;;;;;;;;x
SAF_prussian_constitutionalism;헤비레인 시민평의회;;;;;;;;;;;;;x
SAF_prussian_constitutionalism2;헤비레인 왕실참의회;;;;;;;;;;;;;x
SAF_theocracy;헤비레인 교회연합국;;;;;;;;;;;;;x
SAF_trade_unions_congress;헤비레인 노동조합연맹;;;;;;;;;;;;;x
SAK_absolute_monarchy;서복 술탄국;;;;;;;;;;;;;x
SAK_absolute_monarchy2;서복 세습술탄국;;;;;;;;;;;;;x
SAK_colonial_company;서복 통상회사령;;;;;;;;;;;;;x
SAK_democracy;서복 공화국;;;;;;;;;;;;;x
SAK_democracy2;서복 의회공화국;;;;;;;;;;;;;x
SAK_dominion;서복 자치령;;;;;;;;;;;;;x
SAK_dominion2;서복 자치연방;;;;;;;;;;;;;x
SAK_dominion3;서복 보호토후령;;;;;;;;;;;;;x
SAK_hms_government;서복 입헌술탄국;;;;;;;;;;;;;x
SAK_hms_government2;서복 의회내각;;;;;;;;;;;;;x
SAK_prussian_constitutionalism;서복 술탄참사회;;;;;;;;;;;;;x
SAK_prussian_constitutionalism2;서복 귀족협의회;;;;;;;;;;;;;x
SAK_theocracy;서복 이맘국;;;;;;;;;;;;;x
SAK_trade_unions_congress;서복 노동조합연맹;;;;;;;;;;;;;x
SAM_absolute_monarchy;브리즈 왕국;;;;;;;;;;;;;x
SAM_absolute_monarchy2;브리즈 세습왕국;;;;;;;;;;;;;x
SAM_colonial_company;브리즈 특허회사령;;;;;;;;;;;;;x
SAM_democracy;브리즈 공화국;;;;;;;;;;;;;x
SAM_democracy2;브리즈 의회공화국;;;;;;;;;;;;;x
SAM_dominion;브리즈 자치령;;;;;;;;;;;;;x
SAM_dominion2;브리즈 자치연방;;;;;;;;;;;;;x
SAM_dominion3;브리즈 왕실속령;;;;;;;;;;;;;x
SAM_hms_government;브리즈 입헌왕국;;;;;;;;;;;;;x
SAM_hms_government2;브리즈 의회내각;;;;;;;;;;;;;x
SAM_prussian_constitutionalism;브리즈 왕실평의회;;;;;;;;;;;;;x
SAM_prussian_constitutionalism2;브리즈 왕실참의회;;;;;;;;;;;;;x
SAM_theocracy;브리즈 총대주교령;;;;;;;;;;;;;x
SAM_trade_unions_congress;브리즈 노동조합연맹;;;;;;;;;;;;;x
SAT_absolute_monarchy2;츠바키 막부;;;;;;;;;;;;;x
SAT_colonial_company;츠바키 상관령;;;;;;;;;;;;;x
SAT_democracy;츠바키 공화국;;;;;;;;;;;;;x
SAT_democracy2;츠바키 의회공화국;;;;;;;;;;;;;x
SAT_dominion;츠바키 자치번;;;;;;;;;;;;;x
SAT_dominion2;츠바키 제번연합;;;;;;;;;;;;;x
SAT_dominion3;츠바키 막부직할령;;;;;;;;;;;;;x
SAT_hms_government2;츠바키 의회내각;;;;;;;;;;;;;x
SAT_prussian_constitutionalism2;츠바키 번주평의회;;;;;;;;;;;;;x
SAT_theocracy;츠바키 승가국;;;;;;;;;;;;;x
SAT_trade_unions_congress;츠바키 노동조합총평의회;;;;;;;;;;;;;x
SAX_absolute_monarchy2;타케베 사오리 세습왕국;;;;;;;;;;;;;x
SAX_democracy2;타케베 사오리 도시공화국;;;;;;;;;;;;;x
SAX_dominion2;타케베 사오리 자치연방;;;;;;;;;;;;;x
SAX_dominion3;타케베 사오리 왕실직할령;;;;;;;;;;;;;x
SAX_hms_government2;타케베 사오리 영방내각;;;;;;;;;;;;;x
SAX_prussian_constitutionalism2;타케베 사오리 제후회의;;;;;;;;;;;;;x
SAX_theocracy;타케베 사오리 주교령;;;;;;;;;;;;;x
SAX_trade_unions_congress;타케베 사오리 노동자평의회;;;;;;;;;;;;;x
SBA_absolute_monarchy;뉴트리아 왕국;;;;;;;;;;;;;x
SBA_absolute_monarchy2;뉴트리아 세습왕국;;;;;;;;;;;;;x
SBA_colonial_company;뉴트리아 특허회사령;;;;;;;;;;;;;x
SBA_democracy;뉴트리아 공화국;;;;;;;;;;;;;x
SBA_democracy2;뉴트리아 의회공화국;;;;;;;;;;;;;x
SBA_dominion;뉴트리아 자치령;;;;;;;;;;;;;x
SBA_dominion2;뉴트리아 자치연방;;;;;;;;;;;;;x
SBA_dominion3;뉴트리아 왕실속령;;;;;;;;;;;;;x
SBA_hms_government;뉴트리아 입헌왕국;;;;;;;;;;;;;x
SBA_hms_government2;뉴트리아 의회내각;;;;;;;;;;;;;x
SBA_prussian_constitutionalism;뉴트리아 왕실평의회;;;;;;;;;;;;;x
SBA_prussian_constitutionalism2;뉴트리아 왕실참의회;;;;;;;;;;;;;x
SBA_theocracy;뉴트리아 주교령;;;;;;;;;;;;;x
SBA_trade_unions_congress;뉴트리아 노동자총연맹;;;;;;;;;;;;;x
SBS_absolute_monarchy;프로스트노바 술탄국;;;;;;;;;;;;;x
SBS_absolute_monarchy2;프로스트노바 세습술탄국;;;;;;;;;;;;;x
SBS_colonial_company;프로스트노바 통상회사령;;;;;;;;;;;;;x
SBS_democracy;프로스트노바 공화국;;;;;;;;;;;;;x
SBS_democracy2;프로스트노바 의회공화국;;;;;;;;;;;;;x
SBS_dominion;프로스트노바 자치령;;;;;;;;;;;;;x
SBS_dominion2;프로스트노바 자치연방;;;;;;;;;;;;;x
SBS_dominion3;프로스트노바 보호토후령;;;;;;;;;;;;;x
SBS_hms_government;프로스트노바 입헌술탄국;;;;;;;;;;;;;x
SBS_hms_government2;프로스트노바 의회내각;;;;;;;;;;;;;x
SBS_prussian_constitutionalism;프로스트노바 술탄참사회;;;;;;;;;;;;;x
SBS_prussian_constitutionalism2;프로스트노바 귀족협의회;;;;;;;;;;;;;x
SBS_theocracy;프로스트노바 이맘국;;;;;;;;;;;;;x
SBS_trade_unions_congress;프로스트노바 노동조합연맹;;;;;;;;;;;;;x
SCA_absolute_monarchy2;클라라 세습왕국;;;;;;;;;;;;;x
SCA_colonial_company;클라라 특허회사령;;;;;;;;;;;;;x
SCA_democracy;클라라 공화국;;;;;;;;;;;;;x
SCA_democracy2;클라라 의회공화국;;;;;;;;;;;;;x
SCA_dominion;클라라 자치령;;;;;;;;;;;;;x
SCA_dominion2;클라라 자치연방;;;;;;;;;;;;;x
SCA_dominion3;클라라 왕실속령;;;;;;;;;;;;;x
SCA_hms_government;클라라 입헌왕국;;;;;;;;;;;;;x
SCA_hms_government2;클라라 의회내각;;;;;;;;;;;;;x
SCA_prussian_constitutionalism2;클라라 왕실참의회;;;;;;;;;;;;;x
SCA_theocracy;클라라 교회연합국;;;;;;;;;;;;;x
SCA_trade_unions_congress;클라라 노동조합연맹;;;;;;;;;;;;;x
SCH_absolute_monarchy2;흰황새 세습공국;;;;;;;;;;;;;x
SCH_democracy2;흰황새 의회공화국;;;;;;;;;;;;;x
SCH_dominion2;흰황새 자치연방;;;;;;;;;;;;;x
SCH_dominion3;흰황새 왕실속령;;;;;;;;;;;;;x
SCH_hms_government2;흰황새 의회내각;;;;;;;;;;;;;x
SCH_prussian_constitutionalism2;흰황새 왕실참의회;;;;;;;;;;;;;x
SCH_theocracy;흰황새 교회연합국;;;;;;;;;;;;;x
SCH_trade_unions_congress;흰황새 노동조합연맹;;;;;;;;;;;;;x
SCL_absolute_monarchy2;스카사하 세습후국;;;;;;;;;;;;;x
SCL_democracy2;스카사하 도시공화국;;;;;;;;;;;;;x
SCL_dominion2;스카사하 자치연방;;;;;;;;;;;;;x
SCL_dominion3;스카사하 왕실직할령;;;;;;;;;;;;;x
SCL_hms_government2;스카사하 영방내각;;;;;;;;;;;;;x
SCL_prussian_constitutionalism2;스카사하 제후회의;;;;;;;;;;;;;x
SCL_theocracy;스카사하 교회연합국;;;;;;;;;;;;;x
SCL_trade_unions_congress;스카사하 노동자평의회;;;;;;;;;;;;;x
SCO_absolute_monarchy;노조미 왕국;;;;;;;;;;;;;x
SCO_absolute_monarchy2;노조미 세습왕국;;;;;;;;;;;;;x
SCO_colonial_company;노조미 특허회사령;;;;;;;;;;;;;x
SCO_democracy;노조미 공화국;;;;;;;;;;;;;x
SCO_democracy2;노조미 의회공화국;;;;;;;;;;;;;x
SCO_dominion;노조미 자치령;;;;;;;;;;;;;x
SCO_dominion2;노조미 자치연방;;;;;;;;;;;;;x
SCO_dominion3;노조미 왕실속령;;;;;;;;;;;;;x
SCO_hms_government;노조미 입헌왕국;;;;;;;;;;;;;x
SCO_hms_government2;노조미 의회내각;;;;;;;;;;;;;x
SCO_prussian_constitutionalism;노조미 추밀원;;;;;;;;;;;;;x
SCO_prussian_constitutionalism2;노조미 왕실참의회;;;;;;;;;;;;;x
SCO_theocracy;노조미 교회연합국;;;;;;;;;;;;;x
SCO_trade_unions_congress;노조미 노동조합회의;;;;;;;;;;;;;x
SDB_absolute_monarchy;맨하탄 카페 공국;;;;;;;;;;;;;x
SDB_absolute_monarchy2;맨하탄 카페 세습공국;;;;;;;;;;;;;x
SDB_colonial_company;맨하탄 카페 특허회사령;;;;;;;;;;;;;x
SDB_democracy2;맨하탄 카페 도시공화국;;;;;;;;;;;;;x
SDB_dominion;맨하탄 카페 자치령;;;;;;;;;;;;;x
SDB_dominion2;맨하탄 카페 자치연방;;;;;;;;;;;;;x
SDB_dominion3;맨하탄 카페 왕실직할령;;;;;;;;;;;;;x
SDB_hms_government;맨하탄 카페 입헌공국;;;;;;;;;;;;;x
SDB_hms_government2;맨하탄 카페 영방내각;;;;;;;;;;;;;x
SDB_prussian_constitutionalism;맨하탄 카페 영방의회;;;;;;;;;;;;;x
SDB_prussian_constitutionalism2;맨하탄 카페 제후회의;;;;;;;;;;;;;x
SDB_theocracy;맨하탄 카페 주교령;;;;;;;;;;;;;x
SDB_trade_unions_congress;맨하탄 카페 노동자평의회;;;;;;;;;;;;;x
SEG_absolute_monarchy2;바마나 세습제국;;;;;;;;;;;;;x
SEG_colonial_company;바마나 특허회사령;;;;;;;;;;;;;x
SEG_democracy;바마나 공화국;;;;;;;;;;;;;x
SEG_democracy2;바마나 의회공화국;;;;;;;;;;;;;x
SEG_dominion;바마나 보호국;;;;;;;;;;;;;x
SEG_dominion2;바마나 자치국연합;;;;;;;;;;;;;x
SEG_dominion3;바마나 왕실보호령;;;;;;;;;;;;;x
SEG_hms_government2;바마나 의회내각;;;;;;;;;;;;;x
SEG_prussian_constitutionalism2;바마나 추장원로회;;;;;;;;;;;;;x
SEG_theocracy;바마나 제사장국;;;;;;;;;;;;;x
SEG_trade_unions_congress;바마나 노동조합연맹;;;;;;;;;;;;;x
SEN_absolute_monarchy2;츠쿠요 막부;;;;;;;;;;;;;x
SEN_colonial_company;츠쿠요 상관령;;;;;;;;;;;;;x
SEN_democracy;츠쿠요 공화국;;;;;;;;;;;;;x
SEN_democracy2;츠쿠요 의회공화국;;;;;;;;;;;;;x
SEN_dominion;츠쿠요 자치번;;;;;;;;;;;;;x
SEN_dominion2;츠쿠요 제번연합;;;;;;;;;;;;;x
SEN_dominion3;츠쿠요 막부직할령;;;;;;;;;;;;;x
SEN_hms_government2;츠쿠요 의회내각;;;;;;;;;;;;;x
SEN_prussian_constitutionalism2;츠쿠요 번주평의회;;;;;;;;;;;;;x
SEN_theocracy;츠쿠요 승가국;;;;;;;;;;;;;x
SEN_trade_unions_congress;츠쿠요 노동조합총평의회;;;;;;;;;;;;;x
SER_absolute_monarchy;수르트 공국;;;;;;;;;;;;;x
SER_absolute_monarchy2;수르트 세습공국;;;;;;;;;;;;;x
SER_colonial_company;수르트 특허회사령;;;;;;;;;;;;;x
SER_democracy;수르트 공화국;;;;;;;;;;;;;x
SER_democracy2;수르트 의회공화국;;;;;;;;;;;;;x
SER_dominion;수르트 자치령;;;;;;;;;;;;;x
SER_dominion2;수르트 자치연방;;;;;;;;;;;;;x
SER_dominion3;수르트 왕실속령;;;;;;;;;;;;;x
SER_hms_government;수르트 입헌공국;;;;;;;;;;;;;x
SER_hms_government2;수르트 의회내각;;;;;;;;;;;;;x
SER_prussian_constitutionalism;수르트 왕실참사회;;;;;;;;;;;;;x
SER_prussian_constitutionalism2;수르트 왕실참의회;;;;;;;;;;;;;x
SER_theocracy;수르트 총대주교령;;;;;;;;;;;;;x
SER_trade_unions_congress;수르트 노동자평의회;;;;;;;;;;;;;x
SEY_absolute_monarchy;세이셸 왕국;;;;;;;;;;;;;x
SEY_absolute_monarchy2;세이셸 세습왕국;;;;;;;;;;;;;x
SEY_colonial_company;세이셸 특허회사령;;;;;;;;;;;;;x
SEY_democracy;세이셸 공화국;;;;;;;;;;;;;x
SEY_democracy2;세이셸 의회공화국;;;;;;;;;;;;;x
SEY_dominion;세이셸 자치령;;;;;;;;;;;;;x
SEY_dominion2;세이셸 자치연방;;;;;;;;;;;;;x
SEY_dominion3;세이셸 왕실속령;;;;;;;;;;;;;x
SEY_hms_government;세이셸 입헌왕국;;;;;;;;;;;;;x
SEY_hms_government2;세이셸 의회내각;;;;;;;;;;;;;x
SEY_prussian_constitutionalism;세이셸 왕실평의회;;;;;;;;;;;;;x
SEY_prussian_constitutionalism2;세이셸 왕실참의회;;;;;;;;;;;;;x
SEY_theocracy;세이셸 주교령;;;;;;;;;;;;;x
SEY_trade_unions_congress;세이셸 노동자총연맹;;;;;;;;;;;;;x
SGF_absolute_monarchy;아그네스 타키온 공국;;;;;;;;;;;;;x
SGF_absolute_monarchy2;아그네스 타키온 세습공국;;;;;;;;;;;;;x
SGF_colonial_company;아그네스 타키온 특허회사령;;;;;;;;;;;;;x
SGF_democracy;아그네스 타키온 자유국;;;;;;;;;;;;;x
SGF_democracy2;아그네스 타키온 도시공화국;;;;;;;;;;;;;x
SGF_dominion;아그네스 타키온 자치령;;;;;;;;;;;;;x
SGF_dominion2;아그네스 타키온 자치연방;;;;;;;;;;;;;x
SGF_dominion3;아그네스 타키온 왕실직할령;;;;;;;;;;;;;x
SGF_hms_government;아그네스 타키온 입헌공국;;;;;;;;;;;;;x
SGF_hms_government2;아그네스 타키온 영방내각;;;;;;;;;;;;;x
SGF_prussian_constitutionalism;아그네스 타키온 영방의회;;;;;;;;;;;;;x
SGF_prussian_constitutionalism2;아그네스 타키온 제후회의;;;;;;;;;;;;;x
SGF_theocracy;아그네스 타키온 주교령;;;;;;;;;;;;;x
SGF_trade_unions_congress;아그네스 타키온 노동자평의회;;;;;;;;;;;;;x
SGM_absolute_monarchy2;라이스 샤워 세습후국;;;;;;;;;;;;;x
SGM_democracy2;라이스 샤워 도시공화국;;;;;;;;;;;;;x
SGM_dominion2;라이스 샤워 자치연방;;;;;;;;;;;;;x
SGM_dominion3;라이스 샤워 왕실직할령;;;;;;;;;;;;;x
SGM_hms_government2;라이스 샤워 영방내각;;;;;;;;;;;;;x
SGM_prussian_constitutionalism2;라이스 샤워 제후회의;;;;;;;;;;;;;x
SGM_theocracy;라이스 샤워 주교령;;;;;;;;;;;;;x
SGM_trade_unions_congress;라이스 샤워 노동자평의회;;;;;;;;;;;;;x
SGP_absolute_monarchy;진양옥 황조;;;;;;;;;;;;;x
SGP_absolute_monarchy2;진양옥 황실조정;;;;;;;;;;;;;x
SGP_democracy;진양옥 민국;;;;;;;;;;;;;x
SGP_democracy2;진양옥 연성공화국;;;;;;;;;;;;;x
SGP_dominion2;진양옥 연성정부;;;;;;;;;;;;;x
SGP_dominion3;진양옥 번부;;;;;;;;;;;;;x
SGP_hms_government;진양옥 책임내각;;;;;;;;;;;;;x
SGP_hms_government2;진양옥 의회내각;;;;;;;;;;;;;x
SGP_prussian_constitutionalism;진양옥 자정원;;;;;;;;;;;;;x
SGP_prussian_constitutionalism2;진양옥 참정원;;;;;;;;;;;;;x
SGP_theocracy;진양옥 승가국;;;;;;;;;;;;;x
SGP_trade_unions_congress;진양옥 총공회;;;;;;;;;;;;;x
SHA_absolute_monarchy2;진천우 세습왕국;;;;;;;;;;;;;x
SHA_colonial_company;진천우 특허회사령;;;;;;;;;;;;;x
SHA_democracy;진천우 공화국;;;;;;;;;;;;;x
SHA_democracy2;진천우 의회공화국;;;;;;;;;;;;;x
SHA_dominion;진천우 자치령;;;;;;;;;;;;;x
SHA_dominion2;진천우 자치연방;;;;;;;;;;;;;x
SHA_dominion3;진천우 왕실속령;;;;;;;;;;;;;x
SHA_hms_government;진천우 입헌왕국;;;;;;;;;;;;;x
SHA_hms_government2;진천우 의회내각;;;;;;;;;;;;;x
SHA_prussian_constitutionalism;진천우 왕실참사회;;;;;;;;;;;;;x
SHA_prussian_constitutionalism2;진천우 왕실참의회;;;;;;;;;;;;;x
SHA_theocracy;진천우 승가국;;;;;;;;;;;;;x
SHA_trade_unions_congress;진천우 노동조합연맹;;;;;;;;;;;;;x
SHI_absolute_monarchy;베나 라자국;;;;;;;;;;;;;x
SHI_absolute_monarchy2;베나 세습라자국;;;;;;;;;;;;;x
SHI_colonial_company;베나 동인도회사령;;;;;;;;;;;;;x
SHI_democracy;베나 공화국;;;;;;;;;;;;;x
SHI_democracy2;베나 의회공화국;;;;;;;;;;;;;x
SHI_dominion;베나 번왕령;;;;;;;;;;;;;x
SHI_dominion2;베나 번왕연합;;;;;;;;;;;;;x
SHI_dominion3;베나 왕실직할령;;;;;;;;;;;;;x
SHI_hms_government;베나 입헌라자국;;;;;;;;;;;;;x
SHI_hms_government2;베나 의회내각;;;;;;;;;;;;;x
SHI_prussian_constitutionalism;베나 다르바르;;;;;;;;;;;;;x
SHI_prussian_constitutionalism2;베나 제후회의;;;;;;;;;;;;;x
SHI_theocracy;베나 사원연합국;;;;;;;;;;;;;x
SHI_trade_unions_congress;베나 노동조합총연맹;;;;;;;;;;;;;x
SHK_absolute_monarchy2;실루크 세습왕국;;;;;;;;;;;;;x
SHK_colonial_company;실루크 특허회사령;;;;;;;;;;;;;x
SHK_democracy;실루크 공화국;;;;;;;;;;;;;x
SHK_democracy2;실루크 의회공화국;;;;;;;;;;;;;x
SHK_dominion;실루크 보호국;;;;;;;;;;;;;x
SHK_dominion2;실루크 자치국연합;;;;;;;;;;;;;x
SHK_dominion3;실루크 왕실보호령;;;;;;;;;;;;;x
SHK_hms_government2;실루크 의회내각;;;;;;;;;;;;;x
SHK_prussian_constitutionalism2;실루크 추장원로회;;;;;;;;;;;;;x
SHK_theocracy;실루크 제사장국;;;;;;;;;;;;;x
SHK_trade_unions_congress;실루크 노동조합연맹;;;;;;;;;;;;;x
SHO_absolute_monarchy;쇼나랜드 왕국;;;;;;;;;;;;;x
SHO_absolute_monarchy2;쇼나랜드 세습왕국;;;;;;;;;;;;;x
SHO_colonial_company;쇼나랜드 특허회사령;;;;;;;;;;;;;x
SHO_democracy;쇼나랜드 공화국;;;;;;;;;;;;;x
SHO_democracy2;쇼나랜드 의회공화국;;;;;;;;;;;;;x
SHO_dominion;쇼나랜드 보호국;;;;;;;;;;;;;x
SHO_dominion2;쇼나랜드 자치국연합;;;;;;;;;;;;;x
SHO_dominion3;쇼나랜드 왕실보호령;;;;;;;;;;;;;x
SHO_hms_government;쇼나랜드 입헌왕국;;;;;;;;;;;;;x
SHO_hms_government2;쇼나랜드 의회내각;;;;;;;;;;;;;x
SHO_prussian_constitutionalism;쇼나랜드 왕실원로회;;;;;;;;;;;;;x
SHO_prussian_constitutionalism2;쇼나랜드 추장원로회;;;;;;;;;;;;;x
SHO_theocracy;쇼나랜드 제사장국;;;;;;;;;;;;;x
SHO_trade_unions_congress;쇼나랜드 노동조합연맹;;;;;;;;;;;;;x
SHW_absolute_monarchy;셰와 왕국;;;;;;;;;;;;;x
SHW_absolute_monarchy2;셰와 세습왕국;;;;;;;;;;;;;x
SHW_colonial_company;셰와 특허회사령;;;;;;;;;;;;;x
SHW_democracy;셰와 공화국;;;;;;;;;;;;;x
SHW_democracy2;셰와 의회공화국;;;;;;;;;;;;;x
SHW_dominion;셰와 보호국;;;;;;;;;;;;;x
SHW_dominion2;셰와 자치국연합;;;;;;;;;;;;;x
SHW_dominion3;셰와 왕실보호령;;;;;;;;;;;;;x
SHW_hms_government;셰와 입헌왕국;;;;;;;;;;;;;x
SHW_hms_government2;셰와 의회내각;;;;;;;;;;;;;x
SHW_prussian_constitutionalism;셰와 왕실귀족회의;;;;;;;;;;;;;x
SHW_prussian_constitutionalism2;셰와 왕실대의회;;;;;;;;;;;;;x
SHW_theocracy;셰와 총대주교령;;;;;;;;;;;;;x
SHW_trade_unions_congress;셰와 노동조합연맹;;;;;;;;;;;;;x
SIA_absolute_monarchy2;레비 세습왕국;;;;;;;;;;;;;x
SIA_colonial_company;레비 특허회사령;;;;;;;;;;;;;x
SIA_democracy;레비 공화국;;;;;;;;;;;;;x
SIA_democracy2;레비 의회공화국;;;;;;;;;;;;;x
SIA_dominion;레비 자치령;;;;;;;;;;;;;x
SIA_dominion2;레비 자치연방;;;;;;;;;;;;;x
SIA_dominion3;레비 왕실속령;;;;;;;;;;;;;x
SIA_hms_government2;레비 의회내각;;;;;;;;;;;;;x
SIA_prussian_constitutionalism2;레비 왕실참의회;;;;;;;;;;;;;x
SIA_theocracy;레비 승가국;;;;;;;;;;;;;x
SIA_trade_unions_congress;레비 노동조합연맹;;;;;;;;;;;;;x
SIB_absolute_monarchy2;로사 제국;;;;;;;;;;;;;x
SIB_colonial_company;로사 특허회사령;;;;;;;;;;;;;x
SIB_democracy;로사 공화국;;;;;;;;;;;;;x
SIB_democracy2;로사 의회공화국;;;;;;;;;;;;;x
SIB_dominion;로사 자치주;;;;;;;;;;;;;x
SIB_dominion2;로사 자치공화국;;;;;;;;;;;;;x
SIB_dominion3;로사 총독령;;;;;;;;;;;;;x
SIB_hms_government2;로사 의회내각;;;;;;;;;;;;;x
SIB_prussian_constitutionalism2;로사 국가평의회;;;;;;;;;;;;;x
SIB_theocracy;로사 총대주교령;;;;;;;;;;;;;x
SIB_trade_unions_congress;로사 노동자소비에트;;;;;;;;;;;;;x
SIC_absolute_monarchy;네로 클라우디우스 왕국;;;;;;;;;;;;;x
SIC_absolute_monarchy2;네로 클라우디우스 세습왕국;;;;;;;;;;;;;x
SIC_colonial_company;네로 클라우디우스 특허회사령;;;;;;;;;;;;;x
SIC_democracy;네로 클라우디우스 공화국;;;;;;;;;;;;;x
SIC_democracy2;네로 클라우디우스 의회공화국;;;;;;;;;;;;;x
SIC_dominion;네로 클라우디우스 자치령;;;;;;;;;;;;;x
SIC_dominion2;네로 클라우디우스 자치연방;;;;;;;;;;;;;x
SIC_dominion3;네로 클라우디우스 왕실속령;;;;;;;;;;;;;x
SIC_hms_government;네로 클라우디우스 입헌왕국;;;;;;;;;;;;;x
SIC_hms_government2;네로 클라우디우스 의회내각;;;;;;;;;;;;;x
SIC_prussian_constitutionalism;네로 클라우디우스 왕실원로원;;;;;;;;;;;;;x
SIC_prussian_constitutionalism2;네로 클라우디우스 왕실참의회;;;;;;;;;;;;;x
SIC_theocracy;네로 클라우디우스 주교령;;;;;;;;;;;;;x
SIC_trade_unions_congress;네로 클라우디우스 직능조합연맹;;;;;;;;;;;;;x
SID_absolute_monarchy;시다마 왕국;;;;;;;;;;;;;x
SID_absolute_monarchy2;시다마 세습왕국;;;;;;;;;;;;;x
SID_colonial_company;시다마 특허회사령;;;;;;;;;;;;;x
SID_democracy;시다마 공화국;;;;;;;;;;;;;x
SID_democracy2;시다마 의회공화국;;;;;;;;;;;;;x
SID_dominion;시다마 보호국;;;;;;;;;;;;;x
SID_dominion2;시다마 자치국연합;;;;;;;;;;;;;x
SID_dominion3;시다마 왕실보호령;;;;;;;;;;;;;x
SID_hms_government;시다마 입헌왕국;;;;;;;;;;;;;x
SID_hms_government2;시다마 의회내각;;;;;;;;;;;;;x
SID_prussian_constitutionalism;시다마 왕실귀족회의;;;;;;;;;;;;;x
SID_prussian_constitutionalism2;시다마 왕실대의회;;;;;;;;;;;;;x
SID_theocracy;시다마 제사장국;;;;;;;;;;;;;x
SID_trade_unions_congress;시다마 노동조합연맹;;;;;;;;;;;;;x
SIE_absolute_monarchy;니콜 공국;;;;;;;;;;;;;x
SIE_absolute_monarchy2;니콜 대공국;;;;;;;;;;;;;x
SIE_democracy;니콜 공화국;;;;;;;;;;;;;x
SIE_democracy2;니콜 연방공화국;;;;;;;;;;;;;x
SIE_dominion2;니콜 자치공화국;;;;;;;;;;;;;x
SIE_dominion3;니콜 제후보호령;;;;;;;;;;;;;x
SIE_hms_government;니콜 입헌공국;;;;;;;;;;;;;x
SIE_hms_government2;니콜 의회내각;;;;;;;;;;;;;x
SIE_prussian_constitutionalism;니콜 영방의회;;;;;;;;;;;;;x
SIE_prussian_constitutionalism2;니콜 제후평의회;;;;;;;;;;;;;x
SIE_theocracy;니콜 마녀회 신정국;;;;;;;;;;;;;x
SIE_trade_unions_congress;니콜 노동조합연맹;;;;;;;;;;;;;x
SIK_absolute_monarchy;카제마루 왕국;;;;;;;;;;;;;x
SIK_absolute_monarchy2;카제마루 세습왕국;;;;;;;;;;;;;x
SIK_colonial_company;카제마루 통상관할령;;;;;;;;;;;;;x
SIK_democracy;카제마루 공화국;;;;;;;;;;;;;x
SIK_democracy2;카제마루 의회공화국;;;;;;;;;;;;;x
SIK_dominion;카제마루 자치국;;;;;;;;;;;;;x
SIK_dominion2;카제마루 자치연방;;;;;;;;;;;;;x
SIK_dominion3;카제마루 왕실보호령;;;;;;;;;;;;;x
SIK_hms_government;카제마루 입헌왕국;;;;;;;;;;;;;x
SIK_hms_government2;카제마루 의회내각;;;;;;;;;;;;;x
SIK_prussian_constitutionalism;카제마루 카샤그;;;;;;;;;;;;;x
SIK_prussian_constitutionalism2;카제마루 귀족승려회의;;;;;;;;;;;;;x
SIK_theocracy;카제마루 라마정권;;;;;;;;;;;;;x
SIK_trade_unions_congress;카제마루 노동자평의회;;;;;;;;;;;;;x
SIN_absolute_monarchy;모건 나와브국;;;;;;;;;;;;;x
SIN_absolute_monarchy2;모건 세습나와브국;;;;;;;;;;;;;x
SIN_colonial_company;모건 동인도회사령;;;;;;;;;;;;;x
SIN_democracy;모건 공화국;;;;;;;;;;;;;x
SIN_democracy2;모건 의회공화국;;;;;;;;;;;;;x
SIN_dominion;모건 번왕령;;;;;;;;;;;;;x
SIN_dominion2;모건 번왕연합;;;;;;;;;;;;;x
SIN_dominion3;모건 왕실직할령;;;;;;;;;;;;;x
SIN_hms_government;모건 입헌나와브국;;;;;;;;;;;;;x
SIN_hms_government2;모건 의회내각;;;;;;;;;;;;;x
SIN_prussian_constitutionalism;모건 다르바르;;;;;;;;;;;;;x
SIN_prussian_constitutionalism2;모건 제후회의;;;;;;;;;;;;;x
SIN_theocracy;모건 이맘국;;;;;;;;;;;;;x
SIN_trade_unions_congress;모건 노동조합총연맹;;;;;;;;;;;;;x
SLA_absolute_monarchy;양귀비 왕국;;;;;;;;;;;;;x
SLA_absolute_monarchy2;양귀비 세습왕국;;;;;;;;;;;;;x
SLA_colonial_company;양귀비 특허회사령;;;;;;;;;;;;;x
SLA_democracy;양귀비 공화국;;;;;;;;;;;;;x
SLA_democracy2;양귀비 의회공화국;;;;;;;;;;;;;x
SLA_dominion;양귀비 자치령;;;;;;;;;;;;;x
SLA_dominion2;양귀비 자치연방;;;;;;;;;;;;;x
SLA_dominion3;양귀비 왕실속령;;;;;;;;;;;;;x
SLA_hms_government;양귀비 입헌왕국;;;;;;;;;;;;;x
SLA_hms_government2;양귀비 의회내각;;;;;;;;;;;;;x
SLA_prussian_constitutionalism;양귀비 왕실참사회;;;;;;;;;;;;;x
SLA_prussian_constitutionalism2;양귀비 왕실참의회;;;;;;;;;;;;;x
SLA_theocracy;양귀비 사원연합국;;;;;;;;;;;;;x
SLA_trade_unions_congress;양귀비 노동조합연맹;;;;;;;;;;;;;x
SLE_absolute_monarchy;시에라리온 왕국;;;;;;;;;;;;;x
SLE_absolute_monarchy2;시에라리온 세습왕국;;;;;;;;;;;;;x
SLE_colonial_company;시에라리온 특허회사령;;;;;;;;;;;;;x
SLE_democracy;시에라리온 공화국;;;;;;;;;;;;;x
SLE_democracy2;시에라리온 의회공화국;;;;;;;;;;;;;x
SLE_dominion;시에라리온 보호국;;;;;;;;;;;;;x
SLE_dominion2;시에라리온 자치국연합;;;;;;;;;;;;;x
SLE_dominion3;시에라리온 왕실보호령;;;;;;;;;;;;;x
SLE_hms_government;시에라리온 입헌왕국;;;;;;;;;;;;;x
SLE_hms_government2;시에라리온 의회내각;;;;;;;;;;;;;x
SLE_prussian_constitutionalism;시에라리온 왕실원로회;;;;;;;;;;;;;x
SLE_prussian_constitutionalism2;시에라리온 추장원로회;;;;;;;;;;;;;x
SLE_theocracy;시에라리온 교회연합국;;;;;;;;;;;;;x
SLE_trade_unions_congress;시에라리온 노동조합연맹;;;;;;;;;;;;;x
SLG_absolute_monarchy;무측천 술탄국;;;;;;;;;;;;;x
SLG_absolute_monarchy2;무측천 세습술탄국;;;;;;;;;;;;;x
SLG_colonial_company;무측천 통상회사령;;;;;;;;;;;;;x
SLG_democracy;무측천 공화국;;;;;;;;;;;;;x
SLG_democracy2;무측천 의회공화국;;;;;;;;;;;;;x
SLG_dominion;무측천 자치령;;;;;;;;;;;;;x
SLG_dominion2;무측천 자치연방;;;;;;;;;;;;;x
SLG_dominion3;무측천 보호토후령;;;;;;;;;;;;;x
SLG_hms_government;무측천 입헌술탄국;;;;;;;;;;;;;x
SLG_hms_government2;무측천 의회내각;;;;;;;;;;;;;x
SLG_prussian_constitutionalism;무측천 술탄참사회;;;;;;;;;;;;;x
SLG_prussian_constitutionalism2;무측천 귀족협의회;;;;;;;;;;;;;x
SLG_theocracy;무측천 이맘국;;;;;;;;;;;;;x
SLG_trade_unions_congress;무측천 노동조합연맹;;;;;;;;;;;;;x
SLO_absolute_monarchy;수수로 왕국;;;;;;;;;;;;;x
SLO_absolute_monarchy2;수수로 세습왕국;;;;;;;;;;;;;x
SLO_colonial_company;수수로 특허회사령;;;;;;;;;;;;;x
SLO_democracy;수수로 공화국;;;;;;;;;;;;;x
SLO_democracy2;수수로 의회공화국;;;;;;;;;;;;;x
SLO_dominion;수수로 자치령;;;;;;;;;;;;;x
SLO_dominion2;수수로 자치연방;;;;;;;;;;;;;x
SLO_dominion3;수수로 왕실속령;;;;;;;;;;;;;x
SLO_hms_government;수수로 입헌왕국;;;;;;;;;;;;;x
SLO_hms_government2;수수로 의회내각;;;;;;;;;;;;;x
SLO_prussian_constitutionalism;수수로 왕실참사회;;;;;;;;;;;;;x
SLO_prussian_constitutionalism2;수수로 왕실참의회;;;;;;;;;;;;;x
SLO_theocracy;수수로 주교령;;;;;;;;;;;;;x
SLO_trade_unions_congress;수수로 노동자평의회;;;;;;;;;;;;;x
SLS_absolute_monarchy;골드 쉽 왕국;;;;;;;;;;;;;x
SLS_absolute_monarchy2;골드 쉽 세습왕국;;;;;;;;;;;;;x
SLS_democracy;골드 쉽 공화국;;;;;;;;;;;;;x
SLS_democracy2;골드 쉽 의회공화국;;;;;;;;;;;;;x
SLS_dominion2;골드 쉽 자치연방;;;;;;;;;;;;;x
SLS_dominion3;골드 쉽 왕실속령;;;;;;;;;;;;;x
SLS_hms_government;골드 쉽 입헌왕국;;;;;;;;;;;;;x
SLS_hms_government2;골드 쉽 의회내각;;;;;;;;;;;;;x
SLS_prussian_constitutionalism;골드 쉽 셰임;;;;;;;;;;;;;x
SLS_prussian_constitutionalism2;골드 쉽 왕실참의회;;;;;;;;;;;;;x
SLS_theocracy;골드 쉽 주교령;;;;;;;;;;;;;x
SLS_trade_unions_congress;골드 쉽 노동자평의회;;;;;;;;;;;;;x
SLV_absolute_monarchy;콩고 왕국;;;;;;;;;;;;;x
SLV_absolute_monarchy2;콩고 세습왕국;;;;;;;;;;;;;x
SLV_colonial_company;콩고 특허회사령;;;;;;;;;;;;;x
SLV_democracy;콩고 공화국;;;;;;;;;;;;;x
SLV_democracy2;콩고 의회공화국;;;;;;;;;;;;;x
SLV_dominion;콩고 자치령;;;;;;;;;;;;;x
SLV_dominion2;콩고 자치연방;;;;;;;;;;;;;x
SLV_dominion3;콩고 왕실속령;;;;;;;;;;;;;x
SLV_hms_government;콩고 입헌왕국;;;;;;;;;;;;;x
SLV_hms_government2;콩고 의회내각;;;;;;;;;;;;;x
SLV_prussian_constitutionalism;콩고 왕실참사회;;;;;;;;;;;;;x
SLV_prussian_constitutionalism2;콩고 왕실참의회;;;;;;;;;;;;;x
SLV_theocracy;콩고 주교령;;;;;;;;;;;;;x
SLV_trade_unions_congress;콩고 노동자평의회;;;;;;;;;;;;;x
SLW_absolute_monarchy2;프리스티스 세습술탄국;;;;;;;;;;;;;x
SLW_colonial_company;프리스티스 통상회사령;;;;;;;;;;;;;x
SLW_democracy;프리스티스 공화국;;;;;;;;;;;;;x
SLW_democracy2;프리스티스 의회공화국;;;;;;;;;;;;;x
SLW_dominion;프리스티스 자치령;;;;;;;;;;;;;x
SLW_dominion2;프리스티스 자치연방;;;;;;;;;;;;;x
SLW_dominion3;프리스티스 보호토후령;;;;;;;;;;;;;x
SLW_hms_government2;프리스티스 의회내각;;;;;;;;;;;;;x
SLW_prussian_constitutionalism2;프리스티스 귀족협의회;;;;;;;;;;;;;x
SLW_theocracy;프리스티스 이맘국;;;;;;;;;;;;;x
SLW_trade_unions_congress;프리스티스 노동조합연맹;;;;;;;;;;;;;x
SMO_absolute_monarchy;Mar. 7th 왕국;;;;;;;;;;;;;x
SMO_absolute_monarchy2;Mar. 7th 세습왕국;;;;;;;;;;;;;x
SMO_colonial_company;Mar. 7th 특허회사령;;;;;;;;;;;;;x
SMO_democracy;Mar. 7th 공화국;;;;;;;;;;;;;x
SMO_democracy2;Mar. 7th 의회공화국;;;;;;;;;;;;;x
SMO_dominion;Mar. 7th 보호국;;;;;;;;;;;;;x
SMO_dominion2;Mar. 7th 자치국연합;;;;;;;;;;;;;x
SMO_dominion3;Mar. 7th 왕실보호령;;;;;;;;;;;;;x
SMO_hms_government;Mar. 7th 입헌왕국;;;;;;;;;;;;;x
SMO_hms_government2;Mar. 7th 의회내각;;;;;;;;;;;;;x
SMO_prussian_constitutionalism;Mar. 7th 추장회의;;;;;;;;;;;;;x
SMO_prussian_constitutionalism2;Mar. 7th 추장원로회;;;;;;;;;;;;;x
SMO_theocracy;Mar. 7th 교회연합국;;;;;;;;;;;;;x
SMO_trade_unions_congress;Mar. 7th 노동조합연맹;;;;;;;;;;;;;x
SMR_absolute_monarchy;미네 후지코 공국;;;;;;;;;;;;;x
SMR_absolute_monarchy2;미네 후지코 세습공국;;;;;;;;;;;;;x
SMR_colonial_company;미네 후지코 특허회사령;;;;;;;;;;;;;x
SMR_democracy;미네 후지코 집정공화국;;;;;;;;;;;;;x
SMR_democracy2;미네 후지코 의회공화국;;;;;;;;;;;;;x
SMR_dominion;미네 후지코 자치령;;;;;;;;;;;;;x
SMR_dominion2;미네 후지코 자치연방;;;;;;;;;;;;;x
SMR_dominion3;미네 후지코 왕실속령;;;;;;;;;;;;;x
SMR_hms_government;미네 후지코 입헌공국;;;;;;;;;;;;;x
SMR_hms_government2;미네 후지코 의회내각;;;;;;;;;;;;;x
SMR_prussian_constitutionalism;미네 후지코 왕실원로원;;;;;;;;;;;;;x
SMR_prussian_constitutionalism2;미네 후지코 왕실참의회;;;;;;;;;;;;;x
SMR_theocracy;미네 후지코 주교령;;;;;;;;;;;;;x
SMR_trade_unions_congress;미네 후지코 직능조합연맹;;;;;;;;;;;;;x
SNG_absolute_monarchy;세네갈 술탄국;;;;;;;;;;;;;x
SNG_absolute_monarchy2;세네갈 세습술탄국;;;;;;;;;;;;;x
SNG_colonial_company;세네갈 통상회사령;;;;;;;;;;;;;x
SNG_democracy;세네갈 공화국;;;;;;;;;;;;;x
SNG_democracy2;세네갈 의회공화국;;;;;;;;;;;;;x
SNG_dominion;세네갈 자치령;;;;;;;;;;;;;x
SNG_dominion2;세네갈 자치연방;;;;;;;;;;;;;x
SNG_dominion3;세네갈 보호토후령;;;;;;;;;;;;;x
SNG_hms_government;세네갈 입헌술탄국;;;;;;;;;;;;;x
SNG_hms_government2;세네갈 의회내각;;;;;;;;;;;;;x
SNG_prussian_constitutionalism;세네갈 디완;;;;;;;;;;;;;x
SNG_prussian_constitutionalism2;세네갈 귀족협의회;;;;;;;;;;;;;x
SNG_theocracy;세네갈 이맘국;;;;;;;;;;;;;x
SNG_trade_unions_congress;세네갈 노동조합총연맹;;;;;;;;;;;;;x
SNZ_absolute_monarchy;레이사 왕국;;;;;;;;;;;;;x
SNZ_absolute_monarchy2;레이사 세습왕국;;;;;;;;;;;;;x
SNZ_colonial_company;레이사 특허회사령;;;;;;;;;;;;;x
SNZ_democracy2;레이사 의회공화국;;;;;;;;;;;;;x
SNZ_dominion;레이사 자치령;;;;;;;;;;;;;x
SNZ_dominion2;레이사 자치연방;;;;;;;;;;;;;x
SNZ_dominion3;레이사 왕실속령;;;;;;;;;;;;;x
SNZ_hms_government;레이사 입헌왕국;;;;;;;;;;;;;x
SNZ_hms_government2;레이사 의회내각;;;;;;;;;;;;;x
SNZ_prussian_constitutionalism;레이사 추밀원;;;;;;;;;;;;;x
SNZ_prussian_constitutionalism2;레이사 왕실참의회;;;;;;;;;;;;;x
SNZ_theocracy;레이사 교회연합국;;;;;;;;;;;;;x
SNZ_trade_unions_congress;레이사 노동조합회의;;;;;;;;;;;;;x
SOK_absolute_monarchy2;소코토 세습칼리프국;;;;;;;;;;;;;x
SOK_colonial_company;소코토 통상회사령;;;;;;;;;;;;;x
SOK_democracy;소코토 공화국;;;;;;;;;;;;;x
SOK_democracy2;소코토 의회공화국;;;;;;;;;;;;;x
SOK_dominion;소코토 자치령;;;;;;;;;;;;;x
SOK_dominion2;소코토 자치연방;;;;;;;;;;;;;x
SOK_dominion3;소코토 보호토후령;;;;;;;;;;;;;x
SOK_hms_government2;소코토 의회내각;;;;;;;;;;;;;x
SOK_prussian_constitutionalism2;소코토 귀족협의회;;;;;;;;;;;;;x
SOK_theocracy;소코토 칼리프국;;;;;;;;;;;;;x
SOK_trade_unions_congress;소코토 노동조합총연맹;;;;;;;;;;;;;x
SOM_absolute_monarchy;소말릴란드 술탄국;;;;;;;;;;;;;x
SOM_absolute_monarchy2;소말릴란드 세습술탄국;;;;;;;;;;;;;x
SOM_colonial_company;소말릴란드 통상회사령;;;;;;;;;;;;;x
SOM_democracy;소말릴란드 공화국;;;;;;;;;;;;;x
SOM_democracy2;소말릴란드 의회공화국;;;;;;;;;;;;;x
SOM_dominion;소말릴란드 자치령;;;;;;;;;;;;;x
SOM_dominion2;소말릴란드 자치연방;;;;;;;;;;;;;x
SOM_dominion3;소말릴란드 보호토후령;;;;;;;;;;;;;x
SOM_hms_government;소말릴란드 입헌술탄국;;;;;;;;;;;;;x
SOM_hms_government2;소말릴란드 의회내각;;;;;;;;;;;;;x
SOM_prussian_constitutionalism;소말릴란드 술탄참사회;;;;;;;;;;;;;x
SOM_prussian_constitutionalism2;소말릴란드 귀족협의회;;;;;;;;;;;;;x
SOM_theocracy;소말릴란드 이맘국;;;;;;;;;;;;;x
SOM_trade_unions_congress;소말릴란드 노동조합연맹;;;;;;;;;;;;;x
SON_absolute_monarchy;사일런스 왕국;;;;;;;;;;;;;x
SON_absolute_monarchy2;사일런스 세습왕국;;;;;;;;;;;;;x
SON_democracy2;사일런스 의회공화국;;;;;;;;;;;;;x
SON_dominion;사일런스 자치령;;;;;;;;;;;;;x
SON_dominion2;사일런스 자치연방;;;;;;;;;;;;;x
SON_dominion3;사일런스 왕실속령;;;;;;;;;;;;;x
SON_hms_government;사일런스 입헌왕국;;;;;;;;;;;;;x
SON_hms_government2;사일런스 의회내각;;;;;;;;;;;;;x
SON_prussian_constitutionalism;사일런스 왕실의회;;;;;;;;;;;;;x
SON_prussian_constitutionalism2;사일런스 왕실참의회;;;;;;;;;;;;;x
SON_theocracy;사일런스 교회연합국;;;;;;;;;;;;;x
SON_trade_unions_congress;사일런스 산업노동조합연맹;;;;;;;;;;;;;x
SPA_colonial_company;유이가오카 특허회사령;;;;;;;;;;;;;x
SPA_democracy2;유이가오카 의회공화국;;;;;;;;;;;;;x
SPA_dominion;유이가오카 자치령;;;;;;;;;;;;;x
SPA_dominion2;유이가오카 자치연방;;;;;;;;;;;;;x
SPA_dominion3;유이가오카 왕실속령;;;;;;;;;;;;;x
SPA_theocracy;유이가오카 주교령;;;;;;;;;;;;;x
SPA_trade_unions_congress;유이가오카 노동조합연합;;;;;;;;;;;;;x
SPL_absolute_monarchy;홍따오기 제국;;;;;;;;;;;;;x
SPL_absolute_monarchy2;홍따오기 세습제국;;;;;;;;;;;;;x
SPL_colonial_company;홍따오기 특허회사령;;;;;;;;;;;;;x
SPL_democracy;홍따오기 연방공화국;;;;;;;;;;;;;x
SPL_democracy2;홍따오기 의회공화국;;;;;;;;;;;;;x
SPL_dominion;홍따오기 자치령;;;;;;;;;;;;;x
SPL_dominion2;홍따오기 자치연방;;;;;;;;;;;;;x
SPL_dominion3;홍따오기 왕실속령;;;;;;;;;;;;;x
SPL_hms_government;홍따오기 입헌제국;;;;;;;;;;;;;x
SPL_hms_government2;홍따오기 의회내각;;;;;;;;;;;;;x
SPL_prussian_constitutionalism;홍따오기 제국국무원;;;;;;;;;;;;;x
SPL_prussian_constitutionalism2;홍따오기 왕실참의회;;;;;;;;;;;;;x
SPL_theocracy;홍따오기 주교령;;;;;;;;;;;;;x
SPL_trade_unions_congress;홍따오기 노동자총연맹;;;;;;;;;;;;;x
SPU_absolute_monarchy;훔볼트펭귄 왕국;;;;;;;;;;;;;x
SPU_absolute_monarchy2;훔볼트펭귄 세습왕국;;;;;;;;;;;;;x
SPU_democracy;훔볼트펭귄 공화국;;;;;;;;;;;;;x
SPU_democracy2;훔볼트펭귄 의회공화국;;;;;;;;;;;;;x
SPU_dominion2;훔볼트펭귄 자치연방;;;;;;;;;;;;;x
SPU_dominion3;훔볼트펭귄 왕실속령;;;;;;;;;;;;;x
SPU_hms_government;훔볼트펭귄 입헌왕국;;;;;;;;;;;;;x
SPU_hms_government2;훔볼트펭귄 의회내각;;;;;;;;;;;;;x
SPU_prussian_constitutionalism;훔볼트펭귄 왕실평의회;;;;;;;;;;;;;x
SPU_prussian_constitutionalism2;훔볼트펭귄 왕실참의회;;;;;;;;;;;;;x
SPU_theocracy;훔볼트펭귄 주교령;;;;;;;;;;;;;x
SPU_trade_unions_congress;훔볼트펭귄 노동자총연맹;;;;;;;;;;;;;x
SRD_absolute_monarchy;비토리오 베네토 공국;;;;;;;;;;;;;x
SRD_absolute_monarchy2;비토리오 베네토 세습공국;;;;;;;;;;;;;x
SRD_colonial_company;비토리오 베네토 특허회사령;;;;;;;;;;;;;x
SRD_democracy;비토리오 베네토 공화국;;;;;;;;;;;;;x
SRD_democracy2;비토리오 베네토 의회공화국;;;;;;;;;;;;;x
SRD_dominion;비토리오 베네토 자치령;;;;;;;;;;;;;x
SRD_dominion2;비토리오 베네토 자치연방;;;;;;;;;;;;;x
SRD_dominion3;비토리오 베네토 왕실속령;;;;;;;;;;;;;x
SRD_hms_government;비토리오 베네토 입헌공국;;;;;;;;;;;;;x
SRD_hms_government2;비토리오 베네토 의회내각;;;;;;;;;;;;;x
SRD_prussian_constitutionalism;비토리오 베네토 왕실원로원;;;;;;;;;;;;;x
SRD_prussian_constitutionalism2;비토리오 베네토 왕실참의회;;;;;;;;;;;;;x
SRD_theocracy;비토리오 베네토 주교령;;;;;;;;;;;;;x
SRD_trade_unions_congress;비토리오 베네토 직능조합연맹;;;;;;;;;;;;;x
SRG_absolute_monarchy;기타노 라자국;;;;;;;;;;;;;x
SRG_absolute_monarchy2;기타노 세습라자국;;;;;;;;;;;;;x
SRG_colonial_company;기타노 동인도회사령;;;;;;;;;;;;;x
SRG_democracy;기타노 공화국;;;;;;;;;;;;;x
SRG_democracy2;기타노 의회공화국;;;;;;;;;;;;;x
SRG_dominion;기타노 번왕령;;;;;;;;;;;;;x
SRG_dominion2;기타노 번왕연합;;;;;;;;;;;;;x
SRG_dominion3;기타노 왕실직할령;;;;;;;;;;;;;x
SRG_hms_government;기타노 입헌라자국;;;;;;;;;;;;;x
SRG_hms_government2;기타노 의회내각;;;;;;;;;;;;;x
SRG_prussian_constitutionalism;기타노 다르바르;;;;;;;;;;;;;x
SRG_prussian_constitutionalism2;기타노 제후회의;;;;;;;;;;;;;x
SRG_theocracy;기타노 사원연합국;;;;;;;;;;;;;x
SRG_trade_unions_congress;기타노 노동조합총연맹;;;;;;;;;;;;;x
SRI_absolute_monarchy2;시그노라 세습왕국;;;;;;;;;;;;;x
SRI_democracy;시그노라 공화국;;;;;;;;;;;;;x
SRI_democracy2;시그노라 의회공화국;;;;;;;;;;;;;x
SRI_dominion2;시그노라 번왕연합;;;;;;;;;;;;;x
SRI_dominion3;시그노라 왕실직할령;;;;;;;;;;;;;x
SRI_hms_government2;시그노라 의회내각;;;;;;;;;;;;;x
SRI_prussian_constitutionalism2;시그노라 제후회의;;;;;;;;;;;;;x
SRI_theocracy;시그노라 승가국;;;;;;;;;;;;;x
SRI_trade_unions_congress;시그노라 노동조합총연맹;;;;;;;;;;;;;x
SRN_absolute_monarchy;세실리 토후국;;;;;;;;;;;;;x
SRN_absolute_monarchy2;세실리 세습토후국;;;;;;;;;;;;;x
SRN_colonial_company;세실리 통상회사령;;;;;;;;;;;;;x
SRN_democracy;세실리 공화국;;;;;;;;;;;;;x
SRN_democracy2;세실리 의회공화국;;;;;;;;;;;;;x
SRN_dominion;세실리 자치령;;;;;;;;;;;;;x
SRN_dominion2;세실리 자치연방;;;;;;;;;;;;;x
SRN_dominion3;세실리 보호토후령;;;;;;;;;;;;;x
SRN_hms_government;세실리 입헌토후국;;;;;;;;;;;;;x
SRN_hms_government2;세실리 의회내각;;;;;;;;;;;;;x
SRN_prussian_constitutionalism;세실리 지르가;;;;;;;;;;;;;x
SRN_prussian_constitutionalism2;세실리 귀족협의회;;;;;;;;;;;;;x
SRN_theocracy;세실리 이맘국;;;;;;;;;;;;;x
SRN_trade_unions_congress;세실리 노동자평의회;;;;;;;;;;;;;x
SRS_absolute_monarchy2;메지로 맥퀸 세습후국;;;;;;;;;;;;;x
SRS_democracy2;메지로 맥퀸 도시공화국;;;;;;;;;;;;;x
SRS_dominion2;메지로 맥퀸 자치연방;;;;;;;;;;;;;x
SRS_dominion3;메지로 맥퀸 왕실직할령;;;;;;;;;;;;;x
SRS_hms_government2;메지로 맥퀸 영방내각;;;;;;;;;;;;;x
SRS_prussian_constitutionalism2;메지로 맥퀸 제후회의;;;;;;;;;;;;;x
SRS_theocracy;메지로 맥퀸 교회연합국;;;;;;;;;;;;;x
SRS_trade_unions_congress;메지로 맥퀸 노동자평의회;;;;;;;;;;;;;x
STG_absolute_monarchy;탈룰라 술탄국;;;;;;;;;;;;;x
STG_absolute_monarchy2;탈룰라 세습술탄국;;;;;;;;;;;;;x
STG_colonial_company;탈룰라 통상회사령;;;;;;;;;;;;;x
STG_democracy;탈룰라 공화국;;;;;;;;;;;;;x
STG_democracy2;탈룰라 의회공화국;;;;;;;;;;;;;x
STG_dominion;탈룰라 자치령;;;;;;;;;;;;;x
STG_dominion2;탈룰라 자치연방;;;;;;;;;;;;;x
STG_dominion3;탈룰라 보호토후령;;;;;;;;;;;;;x
STG_hms_government;탈룰라 입헌술탄국;;;;;;;;;;;;;x
STG_hms_government2;탈룰라 의회내각;;;;;;;;;;;;;x
STG_prussian_constitutionalism;탈룰라 술탄참사회;;;;;;;;;;;;;x
STG_prussian_constitutionalism2;탈룰라 귀족협의회;;;;;;;;;;;;;x
STG_theocracy;탈룰라 이맘국;;;;;;;;;;;;;x
STG_trade_unions_congress;탈룰라 노동조합연맹;;;;;;;;;;;;;x
STH_absolute_monarchy2;아약스 세습대공국;;;;;;;;;;;;;x
STH_democracy;아약스 자유국;;;;;;;;;;;;;x
STH_democracy2;아약스 도시공화국;;;;;;;;;;;;;x
STH_dominion2;아약스 자치연방;;;;;;;;;;;;;x
STH_dominion3;아약스 왕실직할령;;;;;;;;;;;;;x
STH_hms_government2;아약스 영방내각;;;;;;;;;;;;;x
STH_prussian_constitutionalism2;아약스 제후회의;;;;;;;;;;;;;x
STH_theocracy;아약스 교회연합국;;;;;;;;;;;;;x
STH_trade_unions_congress;아약스 노동자평의회;;;;;;;;;;;;;x
STK_absolute_monarchy;이프리트 왕국;;;;;;;;;;;;;x
STK_absolute_monarchy2;이프리트 세습왕국;;;;;;;;;;;;;x
STK_democracy2;이프리트 의회공화국;;;;;;;;;;;;;x
STK_dominion2;이프리트 자치연방;;;;;;;;;;;;;x
STK_dominion3;이프리트 왕실속령;;;;;;;;;;;;;x
STK_hms_government2;이프리트 의회내각;;;;;;;;;;;;;x
STK_prussian_constitutionalism;이프리트 추밀원;;;;;;;;;;;;;x
STK_prussian_constitutionalism2;이프리트 왕실참의회;;;;;;;;;;;;;x
STK_theocracy;이프리트 교회연합국;;;;;;;;;;;;;x
STK_trade_unions_congress;이프리트 노동조합회의;;;;;;;;;;;;;x
SUA_absolute_monarchy;스와지 왕국;;;;;;;;;;;;;x
SUA_absolute_monarchy2;스와지 세습왕국;;;;;;;;;;;;;x
SUA_colonial_company;스와지 특허회사령;;;;;;;;;;;;;x
SUA_democracy2;스와지 의회공화국;;;;;;;;;;;;;x
SUA_dominion;스와지 보호국;;;;;;;;;;;;;x
SUA_dominion2;스와지 자치국연합;;;;;;;;;;;;;x
SUA_dominion3;스와지 왕실보호령;;;;;;;;;;;;;x
SUA_hms_government;스와지 입헌왕국;;;;;;;;;;;;;x
SUA_hms_government2;스와지 의회내각;;;;;;;;;;;;;x
SUA_prussian_constitutionalism;스와지 왕실원로회;;;;;;;;;;;;;x
SUA_prussian_constitutionalism2;스와지 추장원로회;;;;;;;;;;;;;x
SUA_theocracy;스와지 제사장국;;;;;;;;;;;;;x
SUA_trade_unions_congress;스와지 노동조합연맹;;;;;;;;;;;;;x
SUD_absolute_monarchy;수단 토후국;;;;;;;;;;;;;x
SUD_absolute_monarchy2;수단 세습토후국;;;;;;;;;;;;;x
SUD_colonial_company;수단 통상회사령;;;;;;;;;;;;;x
SUD_democracy;수단 공화국;;;;;;;;;;;;;x
SUD_democracy2;수단 의회공화국;;;;;;;;;;;;;x
SUD_dominion;수단 자치령;;;;;;;;;;;;;x
SUD_dominion2;수단 자치연방;;;;;;;;;;;;;x
SUD_dominion3;수단 보호토후령;;;;;;;;;;;;;x
SUD_hms_government;수단 입헌토후국;;;;;;;;;;;;;x
SUD_hms_government2;수단 의회내각;;;;;;;;;;;;;x
SUD_prussian_constitutionalism;수단 슈라 평의회;;;;;;;;;;;;;x
SUD_prussian_constitutionalism2;수단 귀족협의회;;;;;;;;;;;;;x
SUD_trade_unions_congress;수단 노동조합총연맹;;;;;;;;;;;;;x
SUL_absolute_monarchy;불피스폴리아 술탄국;;;;;;;;;;;;;x
SUL_absolute_monarchy2;불피스폴리아 세습술탄국;;;;;;;;;;;;;x
SUL_colonial_company;불피스폴리아 통상회사령;;;;;;;;;;;;;x
SUL_democracy;불피스폴리아 공화국;;;;;;;;;;;;;x
SUL_democracy2;불피스폴리아 의회공화국;;;;;;;;;;;;;x
SUL_dominion;불피스폴리아 자치령;;;;;;;;;;;;;x
SUL_dominion2;불피스폴리아 자치연방;;;;;;;;;;;;;x
SUL_dominion3;불피스폴리아 보호토후령;;;;;;;;;;;;;x
SUL_hms_government;불피스폴리아 입헌술탄국;;;;;;;;;;;;;x
SUL_hms_government2;불피스폴리아 의회내각;;;;;;;;;;;;;x
SUL_prussian_constitutionalism;불피스폴리아 술탄참사회;;;;;;;;;;;;;x
SUL_prussian_constitutionalism2;불피스폴리아 귀족협의회;;;;;;;;;;;;;x
SUL_theocracy;불피스폴리아 이맘국;;;;;;;;;;;;;x
SUL_trade_unions_congress;불피스폴리아 노동조합연맹;;;;;;;;;;;;;x
SUR_absolute_monarchy;아이노 라자국;;;;;;;;;;;;;x
SUR_absolute_monarchy2;아이노 세습라자국;;;;;;;;;;;;;x
SUR_colonial_company;아이노 동인도회사령;;;;;;;;;;;;;x
SUR_democracy;아이노 공화국;;;;;;;;;;;;;x
SUR_democracy2;아이노 의회공화국;;;;;;;;;;;;;x
SUR_dominion;아이노 번왕령;;;;;;;;;;;;;x
SUR_dominion2;아이노 번왕연합;;;;;;;;;;;;;x
SUR_dominion3;아이노 왕실직할령;;;;;;;;;;;;;x
SUR_hms_government;아이노 입헌라자국;;;;;;;;;;;;;x
SUR_hms_government2;아이노 의회내각;;;;;;;;;;;;;x
SUR_prussian_constitutionalism;아이노 다르바르;;;;;;;;;;;;;x
SUR_prussian_constitutionalism2;아이노 제후회의;;;;;;;;;;;;;x
SUR_theocracy;아이노 사원연합국;;;;;;;;;;;;;x
SUR_trade_unions_congress;아이노 노동조합총연맹;;;;;;;;;;;;;x
SVA_absolute_monarchy2;산드로네 세습후국;;;;;;;;;;;;;x
SVA_colonial_company;산드로네 특허회사령;;;;;;;;;;;;;x
SVA_democracy2;산드로네 의회공화국;;;;;;;;;;;;;x
SVA_dominion;산드로네 자치령;;;;;;;;;;;;;x
SVA_dominion2;산드로네 자치연방;;;;;;;;;;;;;x
SVA_dominion3;산드로네 왕실속령;;;;;;;;;;;;;x
SVA_hms_government2;산드로네 의회내각;;;;;;;;;;;;;x
SVA_prussian_constitutionalism2;산드로네 왕실참의회;;;;;;;;;;;;;x
SVA_theocracy;산드로네 총대주교령;;;;;;;;;;;;;x
SVA_trade_unions_congress;산드로네 노동조합연맹;;;;;;;;;;;;;x
SVY_absolute_monarchy;레오나르도 다 빈치 공국;;;;;;;;;;;;;x
SVY_absolute_monarchy2;레오나르도 다 빈치 세습공국;;;;;;;;;;;;;x
SVY_colonial_company;레오나르도 다 빈치 특허회사령;;;;;;;;;;;;;x
SVY_democracy;레오나르도 다 빈치 공화국;;;;;;;;;;;;;x
SVY_democracy2;레오나르도 다 빈치 의회공화국;;;;;;;;;;;;;x
SVY_dominion;레오나르도 다 빈치 자치령;;;;;;;;;;;;;x
SVY_dominion2;레오나르도 다 빈치 자치연방;;;;;;;;;;;;;x
SVY_dominion3;레오나르도 다 빈치 왕실속령;;;;;;;;;;;;;x
SVY_hms_government;레오나르도 다 빈치 입헌공국;;;;;;;;;;;;;x
SVY_hms_government2;레오나르도 다 빈치 의회내각;;;;;;;;;;;;;x
SVY_prussian_constitutionalism;레오나르도 다 빈치 왕실원로원;;;;;;;;;;;;;x
SVY_prussian_constitutionalism2;레오나르도 다 빈치 왕실참의회;;;;;;;;;;;;;x
SVY_theocracy;레오나르도 다 빈치 주교령;;;;;;;;;;;;;x
SVY_trade_unions_congress;레오나르도 다 빈치 직능조합연맹;;;;;;;;;;;;;x
SWA_absolute_monarchy;씬 토후국;;;;;;;;;;;;;x
SWA_absolute_monarchy2;씬 세습토후국;;;;;;;;;;;;;x
SWA_colonial_company;씬 통상회사령;;;;;;;;;;;;;x
SWA_democracy;씬 공화국;;;;;;;;;;;;;x
SWA_democracy2;씬 의회공화국;;;;;;;;;;;;;x
SWA_dominion;씬 자치령;;;;;;;;;;;;;x
SWA_dominion2;씬 자치연방;;;;;;;;;;;;;x
SWA_dominion3;씬 보호토후령;;;;;;;;;;;;;x
SWA_hms_government;씬 입헌토후국;;;;;;;;;;;;;x
SWA_hms_government2;씬 의회내각;;;;;;;;;;;;;x
SWA_prussian_constitutionalism;씬 지르가;;;;;;;;;;;;;x
SWA_prussian_constitutionalism2;씬 귀족협의회;;;;;;;;;;;;;x
SWA_theocracy;씬 이맘국;;;;;;;;;;;;;x
SWA_trade_unions_congress;씬 노동자평의회;;;;;;;;;;;;;x
SWE_absolute_monarchy;벨로보그 왕국;;;;;;;;;;;;;x
SWE_absolute_monarchy2;벨로보그 세습왕국;;;;;;;;;;;;;x
SWE_colonial_company;벨로보그 특허회사령;;;;;;;;;;;;;x
SWE_democracy;벨로보그 공화국;;;;;;;;;;;;;x
SWE_democracy2;벨로보그 의회공화국;;;;;;;;;;;;;x
SWE_dominion;벨로보그 자치령;;;;;;;;;;;;;x
SWE_dominion2;벨로보그 자치연방;;;;;;;;;;;;;x
SWE_dominion3;벨로보그 왕실속령;;;;;;;;;;;;;x
SWE_hms_government;벨로보그 입헌왕국;;;;;;;;;;;;;x
SWE_hms_government2;벨로보그 의회내각;;;;;;;;;;;;;x
SWE_prussian_constitutionalism;벨로보그 리크스다그;;;;;;;;;;;;;x
SWE_prussian_constitutionalism2;벨로보그 왕실참의회;;;;;;;;;;;;;x
SWE_theocracy;벨로보그 교회연합국;;;;;;;;;;;;;x
SWE_trade_unions_congress;벨로보그 노동조합연맹;;;;;;;;;;;;;x
SWG_absolute_monarchy2;토카이 테이오 세습후국;;;;;;;;;;;;;x
SWG_democracy2;토카이 테이오 도시공화국;;;;;;;;;;;;;x
SWG_dominion2;토카이 테이오 자치연방;;;;;;;;;;;;;x
SWG_dominion3;토카이 테이오 왕실직할령;;;;;;;;;;;;;x
SWG_hms_government2;토카이 테이오 영방내각;;;;;;;;;;;;;x
SWG_prussian_constitutionalism2;토카이 테이오 제후회의;;;;;;;;;;;;;x
SWG_theocracy;토카이 테이오 교회연합국;;;;;;;;;;;;;x
SWG_trade_unions_congress;토카이 테이오 노동자평의회;;;;;;;;;;;;;x
SWH_absolute_monarchy2;오구리 캡 세습후국;;;;;;;;;;;;;x
SWH_democracy2;오구리 캡 도시공화국;;;;;;;;;;;;;x
SWH_dominion2;오구리 캡 자치연방;;;;;;;;;;;;;x
SWH_dominion3;오구리 캡 왕실직할령;;;;;;;;;;;;;x
SWH_hms_government2;오구리 캡 영방내각;;;;;;;;;;;;;x
SWH_prussian_constitutionalism2;오구리 캡 제후회의;;;;;;;;;;;;;x
SWH_theocracy;오구리 캡 교회연합국;;;;;;;;;;;;;x
SWH_trade_unions_congress;오구리 캡 노동자평의회;;;;;;;;;;;;;x
SWI_absolute_monarchy;엠마 베르데 공국;;;;;;;;;;;;;x
SWI_absolute_monarchy2;엠마 베르데 세습공국;;;;;;;;;;;;;x
SWI_colonial_company;엠마 베르데 특허회사령;;;;;;;;;;;;;x
SWI_democracy;엠마 베르데 연방공화국;;;;;;;;;;;;;x
SWI_dominion;엠마 베르데 자치령;;;;;;;;;;;;;x
SWI_dominion2;엠마 베르데 자치연방;;;;;;;;;;;;;x
SWI_dominion3;엠마 베르데 왕실직할령;;;;;;;;;;;;;x
SWI_hms_government;엠마 베르데 입헌공국;;;;;;;;;;;;;x
SWI_hms_government2;엠마 베르데 영방내각;;;;;;;;;;;;;x
SWI_prussian_constitutionalism;엠마 베르데 칸톤의회;;;;;;;;;;;;;x
SWI_prussian_constitutionalism2;엠마 베르데 제후회의;;;;;;;;;;;;;x
SWI_theocracy;엠마 베르데 교회연합국;;;;;;;;;;;;;x
SWI_trade_unions_congress;엠마 베르데 노동자평의회;;;;;;;;;;;;;x
SWK_absolute_monarchy;펠리카 왕국;;;;;;;;;;;;;x
SWK_absolute_monarchy2;펠리카 세습왕국;;;;;;;;;;;;;x
SWK_colonial_company;펠리카 특허회사령;;;;;;;;;;;;;x
SWK_democracy;펠리카 공화국;;;;;;;;;;;;;x
SWK_democracy2;펠리카 의회공화국;;;;;;;;;;;;;x
SWK_dominion;펠리카 자치령;;;;;;;;;;;;;x
SWK_dominion2;펠리카 자치연방;;;;;;;;;;;;;x
SWK_dominion3;펠리카 왕실속령;;;;;;;;;;;;;x
SWK_hms_government;펠리카 입헌왕국;;;;;;;;;;;;;x
SWK_hms_government2;펠리카 의회내각;;;;;;;;;;;;;x
SWK_prussian_constitutionalism;펠리카 왕실참사회;;;;;;;;;;;;;x
SWK_prussian_constitutionalism2;펠리카 왕실참의회;;;;;;;;;;;;;x
SWK_theocracy;펠리카 교회연합국;;;;;;;;;;;;;x
SWK_trade_unions_congress;펠리카 노동조합연맹;;;;;;;;;;;;;x
SXI_absolute_monarchy;북두 황조;;;;;;;;;;;;;x
SXI_absolute_monarchy2;북두 황실조정;;;;;;;;;;;;;x
SXI_colonial_company;북두 조계지;;;;;;;;;;;;;x
SXI_democracy;북두 민국;;;;;;;;;;;;;x
SXI_democracy2;북두 연성공화국;;;;;;;;;;;;;x
SXI_dominion;북두 자치성;;;;;;;;;;;;;x
SXI_dominion2;북두 연성정부;;;;;;;;;;;;;x
SXI_dominion3;북두 번부;;;;;;;;;;;;;x
SXI_hms_government;북두 책임내각;;;;;;;;;;;;;x
SXI_hms_government2;북두 의회내각;;;;;;;;;;;;;x
SXI_prussian_constitutionalism;북두 자정원;;;;;;;;;;;;;x
SXI_prussian_constitutionalism2;북두 참정원;;;;;;;;;;;;;x
SXI_theocracy;북두 유교제정국;;;;;;;;;;;;;x
SXI_trade_unions_congress;북두 총공회;;;;;;;;;;;;;x
SYC_absolute_monarchy;에밀리 공국;;;;;;;;;;;;;x
SYC_absolute_monarchy2;에밀리 세습공국;;;;;;;;;;;;;x
SYC_colonial_company;에밀리 특허회사령;;;;;;;;;;;;;x
SYC_democracy;에밀리 공화국;;;;;;;;;;;;;x
SYC_democracy2;에밀리 의회공화국;;;;;;;;;;;;;x
SYC_dominion;에밀리 자치령;;;;;;;;;;;;;x
SYC_dominion2;에밀리 자치연방;;;;;;;;;;;;;x
SYC_dominion3;에밀리 왕실속령;;;;;;;;;;;;;x
SYC_hms_government;에밀리 입헌공국;;;;;;;;;;;;;x
SYC_hms_government2;에밀리 의회내각;;;;;;;;;;;;;x
SYC_prussian_constitutionalism;에밀리 왕실원로원;;;;;;;;;;;;;x
SYC_prussian_constitutionalism2;에밀리 왕실참의회;;;;;;;;;;;;;x
SYC_theocracy;에밀리 주교령;;;;;;;;;;;;;x
SYC_trade_unions_congress;에밀리 직능조합연맹;;;;;;;;;;;;;x
SYR_absolute_monarchy;앨리스 토후국;;;;;;;;;;;;;x
SYR_absolute_monarchy2;앨리스 세습토후국;;;;;;;;;;;;;x
SYR_colonial_company;앨리스 통상회사령;;;;;;;;;;;;;x
SYR_democracy;앨리스 공화국;;;;;;;;;;;;;x
SYR_democracy2;앨리스 의회공화국;;;;;;;;;;;;;x
SYR_dominion2;앨리스 자치연방;;;;;;;;;;;;;x
SYR_dominion3;앨리스 보호토후령;;;;;;;;;;;;;x
SYR_hms_government;앨리스 입헌토후국;;;;;;;;;;;;;x
SYR_hms_government2;앨리스 의회내각;;;;;;;;;;;;;x
SYR_prussian_constitutionalism;앨리스 슈라 평의회;;;;;;;;;;;;;x
SYR_prussian_constitutionalism2;앨리스 귀족협의회;;;;;;;;;;;;;x
SYR_theocracy;앨리스 이맘국;;;;;;;;;;;;;x
SYR_trade_unions_congress;앨리스 노동조합총연맹;;;;;;;;;;;;;x
SZC_absolute_monarchy;운진 황조;;;;;;;;;;;;;x
SZC_absolute_monarchy2;운진 황실조정;;;;;;;;;;;;;x
SZC_colonial_company;운진 조계지;;;;;;;;;;;;;x
SZC_democracy;운진 민국;;;;;;;;;;;;;x
SZC_democracy2;운진 연성공화국;;;;;;;;;;;;;x
SZC_dominion;운진 자치성;;;;;;;;;;;;;x
SZC_dominion2;운진 연성정부;;;;;;;;;;;;;x
SZC_dominion3;운진 번부;;;;;;;;;;;;;x
SZC_hms_government;운진 책임내각;;;;;;;;;;;;;x
SZC_hms_government2;운진 의회내각;;;;;;;;;;;;;x
SZC_prussian_constitutionalism;운진 자정원;;;;;;;;;;;;;x
SZC_prussian_constitutionalism2;운진 참정원;;;;;;;;;;;;;x
SZC_theocracy;운진 승가국;;;;;;;;;;;;;x
SZC_trade_unions_congress;운진 총공회;;;;;;;;;;;;;x
TAH_absolute_monarchy;서벌 왕국;;;;;;;;;;;;;x
TAH_absolute_monarchy2;서벌 세습왕국;;;;;;;;;;;;;x
TAH_colonial_company;서벌 특허회사령;;;;;;;;;;;;;x
TAH_democracy;서벌 공화국;;;;;;;;;;;;;x
TAH_democracy2;서벌 의회공화국;;;;;;;;;;;;;x
TAH_dominion;서벌 보호국;;;;;;;;;;;;;x
TAH_dominion2;서벌 자치국연합;;;;;;;;;;;;;x
TAH_dominion3;서벌 왕실보호령;;;;;;;;;;;;;x
TAH_hms_government;서벌 입헌왕국;;;;;;;;;;;;;x
TAH_hms_government2;서벌 의회내각;;;;;;;;;;;;;x
TAH_prussian_constitutionalism;서벌 추장회의;;;;;;;;;;;;;x
TAH_prussian_constitutionalism2;서벌 추장원로회;;;;;;;;;;;;;x
TAH_theocracy;서벌 주교령;;;;;;;;;;;;;x
TAH_trade_unions_congress;서벌 노동조합연맹;;;;;;;;;;;;;x
TAI_absolute_monarchy;신염 황조;;;;;;;;;;;;;x
TAI_absolute_monarchy2;신염 황실조정;;;;;;;;;;;;;x
TAI_democracy;신염 민국;;;;;;;;;;;;;x
TAI_democracy2;신염 연성공화국;;;;;;;;;;;;;x
TAI_dominion2;신염 연성정부;;;;;;;;;;;;;x
TAI_dominion3;신염 번부;;;;;;;;;;;;;x
TAI_hms_government;신염 책임내각;;;;;;;;;;;;;x
TAI_hms_government2;신염 의회내각;;;;;;;;;;;;;x
TAI_prussian_constitutionalism;신염 자정원;;;;;;;;;;;;;x
TAI_prussian_constitutionalism2;신염 참정원;;;;;;;;;;;;;x
TAI_theocracy;신염 승가국;;;;;;;;;;;;;x
TAI_trade_unions_congress;신염 총공회;;;;;;;;;;;;;x
TAJ_absolute_monarchy2;카넬리안 세습샤국;;;;;;;;;;;;;x
TAJ_colonial_company;카넬리안 통상회사령;;;;;;;;;;;;;x
TAJ_democracy;카넬리안 공화국;;;;;;;;;;;;;x
TAJ_democracy2;카넬리안 의회공화국;;;;;;;;;;;;;x
TAJ_dominion;카넬리안 자치령;;;;;;;;;;;;;x
TAJ_dominion2;카넬리안 자치연방;;;;;;;;;;;;;x
TAJ_dominion3;카넬리안 보호토후령;;;;;;;;;;;;;x
TAJ_hms_government2;카넬리안 의회내각;;;;;;;;;;;;;x
TAJ_prussian_constitutionalism2;카넬리안 귀족협의회;;;;;;;;;;;;;x
TAJ_theocracy;카넬리안 이맘국;;;;;;;;;;;;;x
TAJ_trade_unions_congress;카넬리안 노동조합연맹;;;;;;;;;;;;;x
TAR_absolute_monarchy;맨티코어 칸국;;;;;;;;;;;;;x
TAR_absolute_monarchy2;맨티코어 세습칸국;;;;;;;;;;;;;x
TAR_colonial_company;맨티코어 통상회사령;;;;;;;;;;;;;x
TAR_democracy;맨티코어 공화국;;;;;;;;;;;;;x
TAR_democracy2;맨티코어 의회공화국;;;;;;;;;;;;;x
TAR_dominion;맨티코어 자치령;;;;;;;;;;;;;x
TAR_dominion2;맨티코어 자치연방;;;;;;;;;;;;;x
TAR_dominion3;맨티코어 보호토후령;;;;;;;;;;;;;x
TAR_hms_government;맨티코어 입헌칸국;;;;;;;;;;;;;x
TAR_hms_government2;맨티코어 의회내각;;;;;;;;;;;;;x
TAR_prussian_constitutionalism;맨티코어 칸국의정회;;;;;;;;;;;;;x
TAR_prussian_constitutionalism2;맨티코어 귀족협의회;;;;;;;;;;;;;x
TAR_theocracy;맨티코어 이맘국;;;;;;;;;;;;;x
TAR_trade_unions_congress;맨티코어 노동자평의회;;;;;;;;;;;;;x
TBS_absolute_monarchy2;제시카 세습왕국;;;;;;;;;;;;;x
TBS_colonial_company;제시카 특허회사령;;;;;;;;;;;;;x
TBS_democracy2;제시카 의회공화국;;;;;;;;;;;;;x
TBS_dominion;제시카 자치령;;;;;;;;;;;;;x
TBS_dominion2;제시카 자치연방;;;;;;;;;;;;;x
TBS_dominion3;제시카 왕실속령;;;;;;;;;;;;;x
TBS_hms_government2;제시카 의회내각;;;;;;;;;;;;;x
TBS_prussian_constitutionalism2;제시카 왕실참의회;;;;;;;;;;;;;x
TBS_theocracy;제시카 주교령;;;;;;;;;;;;;x
TBS_trade_unions_congress;제시카 노동자총연맹;;;;;;;;;;;;;x
TCA_absolute_monarchy;스네즈나야 우인단 차르국;;;;;;;;;;;;;x
TCA_absolute_monarchy2;스네즈나야 우인단 제국;;;;;;;;;;;;;x
TCA_democracy;스네즈나야 우인단 공화국;;;;;;;;;;;;;x
TCA_democracy2;스네즈나야 우인단 의회공화국;;;;;;;;;;;;;x
TCA_dominion;스네즈나야 우인단 자치주;;;;;;;;;;;;;x
TCA_dominion2;스네즈나야 우인단 자치공화국;;;;;;;;;;;;;x
TCA_dominion3;스네즈나야 우인단 총독령;;;;;;;;;;;;;x
TCA_hms_government;스네즈나야 우인단 입헌차르국;;;;;;;;;;;;;x
TCA_hms_government2;스네즈나야 우인단 의회내각;;;;;;;;;;;;;x
TCA_prussian_constitutionalism;스네즈나야 우인단 두마;;;;;;;;;;;;;x
TCA_prussian_constitutionalism2;스네즈나야 우인단 국가평의회;;;;;;;;;;;;;x
TCA_theocracy;스네즈나야 우인단 총대주교령;;;;;;;;;;;;;x
TCA_trade_unions_congress;스네즈나야 우인단 노동자소비에트;;;;;;;;;;;;;x
TEX_absolute_monarchy;마젤란 왕국;;;;;;;;;;;;;x
TEX_absolute_monarchy2;마젤란 세습왕국;;;;;;;;;;;;;x
TEX_dominion;마젤란 자치령;;;;;;;;;;;;;x
TEX_dominion2;마젤란 자치연방;;;;;;;;;;;;;x
TEX_dominion3;마젤란 왕실속령;;;;;;;;;;;;;x
TEX_hms_government;마젤란 입헌왕국;;;;;;;;;;;;;x
TEX_hms_government2;마젤란 의회내각;;;;;;;;;;;;;x
TEX_prussian_constitutionalism;마젤란 왕실의회;;;;;;;;;;;;;x
TEX_prussian_constitutionalism2;마젤란 왕실참의회;;;;;;;;;;;;;x
TEX_theocracy;마젤란 교회연합국;;;;;;;;;;;;;x
TEX_trade_unions_congress;마젤란 산업노동조합연맹;;;;;;;;;;;;;x
TGA_absolute_monarchy;오스트레일리아데빌 왕국;;;;;;;;;;;;;x
TGA_absolute_monarchy2;오스트레일리아데빌 세습왕국;;;;;;;;;;;;;x
TGA_colonial_company;오스트레일리아데빌 특허회사령;;;;;;;;;;;;;x
TGA_democracy;오스트레일리아데빌 공화국;;;;;;;;;;;;;x
TGA_democracy2;오스트레일리아데빌 의회공화국;;;;;;;;;;;;;x
TGA_dominion;오스트레일리아데빌 보호국;;;;;;;;;;;;;x
TGA_dominion2;오스트레일리아데빌 자치국연합;;;;;;;;;;;;;x
TGA_dominion3;오스트레일리아데빌 왕실보호령;;;;;;;;;;;;;x
TGA_hms_government;오스트레일리아데빌 입헌왕국;;;;;;;;;;;;;x
TGA_hms_government2;오스트레일리아데빌 의회내각;;;;;;;;;;;;;x
TGA_prussian_constitutionalism;오스트레일리아데빌 추장회의;;;;;;;;;;;;;x
TGA_prussian_constitutionalism2;오스트레일리아데빌 추장원로회;;;;;;;;;;;;;x
TGA_theocracy;오스트레일리아데빌 교회연합국;;;;;;;;;;;;;x
TGA_trade_unions_congress;오스트레일리아데빌 노동조합연맹;;;;;;;;;;;;;x
TIB_absolute_monarchy;가밍 왕국;;;;;;;;;;;;;x
TIB_absolute_monarchy2;가밍 세습왕국;;;;;;;;;;;;;x
TIB_colonial_company;가밍 통상관할령;;;;;;;;;;;;;x
TIB_democracy;가밍 공화국;;;;;;;;;;;;;x
TIB_democracy2;가밍 의회공화국;;;;;;;;;;;;;x
TIB_dominion;가밍 자치국;;;;;;;;;;;;;x
TIB_dominion2;가밍 자치연방;;;;;;;;;;;;;x
TIB_dominion3;가밍 왕실보호령;;;;;;;;;;;;;x
TIB_hms_government;가밍 입헌왕국;;;;;;;;;;;;;x
TIB_hms_government2;가밍 의회내각;;;;;;;;;;;;;x
TIB_prussian_constitutionalism;가밍 카샤그;;;;;;;;;;;;;x
TIB_prussian_constitutionalism2;가밍 귀족승려회의;;;;;;;;;;;;;x
TIB_theocracy;가밍 간덴 포드랑;;;;;;;;;;;;;x
TIB_trade_unions_congress;가밍 노동자평의회;;;;;;;;;;;;;x
TIG_absolute_monarchy;티그라이 왕국;;;;;;;;;;;;;x
TIG_absolute_monarchy2;티그라이 세습왕국;;;;;;;;;;;;;x
TIG_colonial_company;티그라이 특허회사령;;;;;;;;;;;;;x
TIG_democracy;티그라이 공화국;;;;;;;;;;;;;x
TIG_democracy2;티그라이 의회공화국;;;;;;;;;;;;;x
TIG_dominion;티그라이 보호국;;;;;;;;;;;;;x
TIG_dominion2;티그라이 자치국연합;;;;;;;;;;;;;x
TIG_dominion3;티그라이 왕실보호령;;;;;;;;;;;;;x
TIG_hms_government;티그라이 입헌왕국;;;;;;;;;;;;;x
TIG_hms_government2;티그라이 의회내각;;;;;;;;;;;;;x
TIG_prussian_constitutionalism;티그라이 왕실귀족회의;;;;;;;;;;;;;x
TIG_prussian_constitutionalism2;티그라이 왕실대의회;;;;;;;;;;;;;x
TIG_theocracy;티그라이 총대주교령;;;;;;;;;;;;;x
TIG_trade_unions_congress;티그라이 노동조합연맹;;;;;;;;;;;;;x
TKG_absolute_monarchy2;백귀야행 음양부 계승학원;;;;;;;;;;;;;x
TKG_colonial_company;백귀야행 관광진흥회;;;;;;;;;;;;;x
TKG_democracy2;백귀야행 동아리대표연합;;;;;;;;;;;;;x
TKG_dominion;백귀야행 자치분교;;;;;;;;;;;;;x
TKG_dominion2;백귀야행 연합분교;;;;;;;;;;;;;x
TKG_dominion3;백귀야행 음양부 직할분교;;;;;;;;;;;;;x
TKG_hms_government2;백귀야행 연합학생회;;;;;;;;;;;;;x
TKG_prussian_constitutionalism;백귀야행 음양부 학생의정회;;;;;;;;;;;;;x
TKG_prussian_constitutionalism2;백귀야행 축제운영평의회;;;;;;;;;;;;;x
TKG_theocracy;백귀야행 음양부 제정원;;;;;;;;;;;;;x
TKG_trade_unions_congress;백귀야행 동아리총회;;;;;;;;;;;;;x
TKM_absolute_monarchy2;투예 세습칸국;;;;;;;;;;;;;x
TKM_colonial_company;투예 통상회사령;;;;;;;;;;;;;x
TKM_democracy;투예 공화국;;;;;;;;;;;;;x
TKM_democracy2;투예 의회공화국;;;;;;;;;;;;;x
TKM_dominion;투예 자치령;;;;;;;;;;;;;x
TKM_dominion2;투예 자치연방;;;;;;;;;;;;;x
TKM_dominion3;투예 보호토후령;;;;;;;;;;;;;x
TKM_hms_government2;투예 의회내각;;;;;;;;;;;;;x
TKM_prussian_constitutionalism2;투예 귀족협의회;;;;;;;;;;;;;x
TKM_theocracy;투예 이맘국;;;;;;;;;;;;;x
TKM_trade_unions_congress;투예 노동자평의회;;;;;;;;;;;;;x
TKS_absolute_monarchy;바닐라 칸국;;;;;;;;;;;;;x
TKS_absolute_monarchy2;바닐라 세습칸국;;;;;;;;;;;;;x
TKS_colonial_company;바닐라 통상회사령;;;;;;;;;;;;;x
TKS_democracy;바닐라 공화국;;;;;;;;;;;;;x
TKS_democracy2;바닐라 의회공화국;;;;;;;;;;;;;x
TKS_dominion;바닐라 자치령;;;;;;;;;;;;;x
TKS_dominion2;바닐라 자치연방;;;;;;;;;;;;;x
TKS_dominion3;바닐라 보호토후령;;;;;;;;;;;;;x
TKS_hms_government;바닐라 입헌칸국;;;;;;;;;;;;;x
TKS_hms_government2;바닐라 의회내각;;;;;;;;;;;;;x
TKS_prussian_constitutionalism;바닐라 칸국의정회;;;;;;;;;;;;;x
TKS_prussian_constitutionalism2;바닐라 귀족협의회;;;;;;;;;;;;;x
TKS_theocracy;바닐라 이맘국;;;;;;;;;;;;;x
TKS_trade_unions_congress;바닐라 노동자평의회;;;;;;;;;;;;;x
TMR_absolute_monarchy2;Mon3tr 세습왕국;;;;;;;;;;;;;x
TMR_colonial_company;Mon3tr 특허회사령;;;;;;;;;;;;;x
TMR_democracy;Mon3tr 공화국;;;;;;;;;;;;;x
TMR_democracy2;Mon3tr 의회공화국;;;;;;;;;;;;;x
TMR_dominion;Mon3tr 보호국;;;;;;;;;;;;;x
TMR_dominion2;Mon3tr 자치국연합;;;;;;;;;;;;;x
TMR_dominion3;Mon3tr 왕실보호령;;;;;;;;;;;;;x
TMR_hms_government;Mon3tr 입헌왕국;;;;;;;;;;;;;x
TMR_hms_government2;Mon3tr 의회내각;;;;;;;;;;;;;x
TMR_prussian_constitutionalism;Mon3tr 추장회의;;;;;;;;;;;;;x
TMR_prussian_constitutionalism2;Mon3tr 추장원로회;;;;;;;;;;;;;x
TMR_theocracy;Mon3tr 주교령;;;;;;;;;;;;;x
TMR_trade_unions_congress;Mon3tr 노동조합연맹;;;;;;;;;;;;;x
TMT_absolute_monarchy;넓적부리황새 왕국;;;;;;;;;;;;;x
TMT_absolute_monarchy2;넓적부리황새 세습왕국;;;;;;;;;;;;;x
TMT_colonial_company;넓적부리황새 특허회사령;;;;;;;;;;;;;x
TMT_democracy;넓적부리황새 공화국;;;;;;;;;;;;;x
TMT_democracy2;넓적부리황새 의회공화국;;;;;;;;;;;;;x
TMT_dominion;넓적부리황새 보호국;;;;;;;;;;;;;x
TMT_dominion2;넓적부리황새 자치국연합;;;;;;;;;;;;;x
TMT_dominion3;넓적부리황새 왕실보호령;;;;;;;;;;;;;x
TMT_hms_government;넓적부리황새 입헌왕국;;;;;;;;;;;;;x
TMT_hms_government2;넓적부리황새 의회내각;;;;;;;;;;;;;x
TMT_prussian_constitutionalism;넓적부리황새 추장회의;;;;;;;;;;;;;x
TMT_prussian_constitutionalism2;넓적부리황새 추장원로회;;;;;;;;;;;;;x
TMT_theocracy;넓적부리황새 교회연합국;;;;;;;;;;;;;x
TMT_trade_unions_congress;넓적부리황새 노동조합연맹;;;;;;;;;;;;;x
TNT_absolute_monarchy2;이스티나 세습칸국;;;;;;;;;;;;;x
TNT_colonial_company;이스티나 통상회사령;;;;;;;;;;;;;x
TNT_democracy;이스티나 공화국;;;;;;;;;;;;;x
TNT_democracy2;이스티나 의회공화국;;;;;;;;;;;;;x
TNT_dominion;이스티나 자치령;;;;;;;;;;;;;x
TNT_dominion2;이스티나 자치연방;;;;;;;;;;;;;x
TNT_dominion3;이스티나 보호토후령;;;;;;;;;;;;;x
TNT_hms_government2;이스티나 의회내각;;;;;;;;;;;;;x
TNT_prussian_constitutionalism2;이스티나 귀족협의회;;;;;;;;;;;;;x
TNT_theocracy;이스티나 라마정권;;;;;;;;;;;;;x
TNT_trade_unions_congress;이스티나 노동자평의회;;;;;;;;;;;;;x
TNZ_absolute_monarchy;탕가니카 왕국;;;;;;;;;;;;;x
TNZ_absolute_monarchy2;탕가니카 세습왕국;;;;;;;;;;;;;x
TNZ_democracy;탕가니카 공화국;;;;;;;;;;;;;x
TNZ_democracy2;탕가니카 의회공화국;;;;;;;;;;;;;x
TNZ_dominion2;탕가니카 자치국연합;;;;;;;;;;;;;x
TNZ_dominion3;탕가니카 왕실보호령;;;;;;;;;;;;;x
TNZ_hms_government;탕가니카 입헌왕국;;;;;;;;;;;;;x
TNZ_hms_government2;탕가니카 의회내각;;;;;;;;;;;;;x
TNZ_prussian_constitutionalism;탕가니카 왕실원로회;;;;;;;;;;;;;x
TNZ_prussian_constitutionalism2;탕가니카 추장원로회;;;;;;;;;;;;;x
TNZ_theocracy;탕가니카 교회연합국;;;;;;;;;;;;;x
TNZ_trade_unions_congress;탕가니카 노동조합연맹;;;;;;;;;;;;;x
TOG_absolute_monarchy;토고 왕국;;;;;;;;;;;;;x
TOG_absolute_monarchy2;토고 세습왕국;;;;;;;;;;;;;x
TOG_colonial_company;토고 특허회사령;;;;;;;;;;;;;x
TOG_democracy;토고 공화국;;;;;;;;;;;;;x
TOG_democracy2;토고 의회공화국;;;;;;;;;;;;;x
TOG_dominion;토고 보호국;;;;;;;;;;;;;x
TOG_dominion2;토고 자치국연합;;;;;;;;;;;;;x
TOG_dominion3;토고 왕실보호령;;;;;;;;;;;;;x
TOG_hms_government;토고 입헌왕국;;;;;;;;;;;;;x
TOG_hms_government2;토고 의회내각;;;;;;;;;;;;;x
TOG_prussian_constitutionalism;토고 왕실원로회;;;;;;;;;;;;;x
TOG_prussian_constitutionalism2;토고 추장원로회;;;;;;;;;;;;;x
TOG_theocracy;토고 주교령;;;;;;;;;;;;;x
TOG_trade_unions_congress;토고 노동조합연맹;;;;;;;;;;;;;x
TOO_absolute_monarchy;푸타토로 이맘국;;;;;;;;;;;;;x
TOO_absolute_monarchy2;푸타토로 세습이맘국;;;;;;;;;;;;;x
TOO_colonial_company;푸타토로 통상회사령;;;;;;;;;;;;;x
TOO_democracy;푸타토로 공화국;;;;;;;;;;;;;x
TOO_democracy2;푸타토로 의회공화국;;;;;;;;;;;;;x
TOO_dominion;푸타토로 자치령;;;;;;;;;;;;;x
TOO_dominion2;푸타토로 자치연방;;;;;;;;;;;;;x
TOO_dominion3;푸타토로 보호토후령;;;;;;;;;;;;;x
TOO_hms_government;푸타토로 입헌이맘국;;;;;;;;;;;;;x
TOO_hms_government2;푸타토로 의회내각;;;;;;;;;;;;;x
TOO_prussian_constitutionalism;푸타토로 디완;;;;;;;;;;;;;x
TOO_prussian_constitutionalism2;푸타토로 귀족협의회;;;;;;;;;;;;;x
TOO_theocracy;푸타토로 이맘국;;;;;;;;;;;;;x
TOO_trade_unions_congress;푸타토로 노동조합총연맹;;;;;;;;;;;;;x
TOR_absolute_monarchy;토로 왕국;;;;;;;;;;;;;x
TOR_absolute_monarchy2;토로 세습왕국;;;;;;;;;;;;;x
TOR_colonial_company;토로 특허회사령;;;;;;;;;;;;;x
TOR_democracy;토로 공화국;;;;;;;;;;;;;x
TOR_democracy2;토로 의회공화국;;;;;;;;;;;;;x
TOR_dominion;토로 보호국;;;;;;;;;;;;;x
TOR_dominion2;토로 자치국연합;;;;;;;;;;;;;x
TOR_dominion3;토로 왕실보호령;;;;;;;;;;;;;x
TOR_hms_government;토로 입헌왕국;;;;;;;;;;;;;x
TOR_hms_government2;토로 의회내각;;;;;;;;;;;;;x
TOR_prussian_constitutionalism;토로 왕실원로회;;;;;;;;;;;;;x
TOR_prussian_constitutionalism2;토로 추장원로회;;;;;;;;;;;;;x
TOR_theocracy;토로 제사장국;;;;;;;;;;;;;x
TOR_trade_unions_congress;토로 노동조합연맹;;;;;;;;;;;;;x
TOS_absolute_monarchy2;미모리 막부;;;;;;;;;;;;;x
TOS_colonial_company;미모리 상관령;;;;;;;;;;;;;x
TOS_democracy;미모리 공화국;;;;;;;;;;;;;x
TOS_democracy2;미모리 의회공화국;;;;;;;;;;;;;x
TOS_dominion;미모리 자치번;;;;;;;;;;;;;x
TOS_dominion2;미모리 제번연합;;;;;;;;;;;;;x
TOS_dominion3;미모리 막부직할령;;;;;;;;;;;;;x
TOS_hms_government2;미모리 의회내각;;;;;;;;;;;;;x
TOS_prussian_constitutionalism2;미모리 번주평의회;;;;;;;;;;;;;x
TOS_theocracy;미모리 승가국;;;;;;;;;;;;;x
TOS_trade_unions_congress;미모리 노동조합총평의회;;;;;;;;;;;;;x
TOU_absolute_monarchy;투쿨로르 제국;;;;;;;;;;;;;x
TOU_absolute_monarchy2;투쿨로르 세습제국;;;;;;;;;;;;;x
TOU_colonial_company;투쿨로르 통상회사령;;;;;;;;;;;;;x
TOU_democracy2;투쿨로르 의회공화국;;;;;;;;;;;;;x
TOU_dominion;투쿨로르 자치령;;;;;;;;;;;;;x
TOU_dominion2;투쿨로르 자치연방;;;;;;;;;;;;;x
TOU_dominion3;투쿨로르 보호토후령;;;;;;;;;;;;;x
TOU_hms_government;투쿨로르 입헌제국;;;;;;;;;;;;;x
TOU_hms_government2;투쿨로르 의회내각;;;;;;;;;;;;;x
TOU_prussian_constitutionalism;투쿨로르 디완;;;;;;;;;;;;;x
TOU_prussian_constitutionalism2;투쿨로르 귀족협의회;;;;;;;;;;;;;x
TOU_theocracy;투쿨로르 이맘국;;;;;;;;;;;;;x
TOU_trade_unions_congress;투쿨로르 노동조합총연맹;;;;;;;;;;;;;x
TPG_absolute_monarchy;신운 황조;;;;;;;;;;;;;x
TPG_absolute_monarchy2;신운 황실조정;;;;;;;;;;;;;x
TPG_colonial_company;신운 조계지;;;;;;;;;;;;;x
TPG_democracy2;신운 연성공화국;;;;;;;;;;;;;x
TPG_dominion;신운 자치성;;;;;;;;;;;;;x
TPG_dominion2;신운 연성정부;;;;;;;;;;;;;x
TPG_dominion3;신운 번부;;;;;;;;;;;;;x
TPG_hms_government;신운 책임내각;;;;;;;;;;;;;x
TPG_hms_government2;신운 의회내각;;;;;;;;;;;;;x
TPG_prussian_constitutionalism;신운 자정원;;;;;;;;;;;;;x
TPG_prussian_constitutionalism2;신운 참정원;;;;;;;;;;;;;x
TPG_theocracy;신운 승가국;;;;;;;;;;;;;x
TPG_trade_unions_congress;신운 총공회;;;;;;;;;;;;;x
TRA_absolute_monarchy;스커크 왕국;;;;;;;;;;;;;x
TRA_absolute_monarchy2;스커크 세습왕국;;;;;;;;;;;;;x
TRA_colonial_company;스커크 동인도회사령;;;;;;;;;;;;;x
TRA_democracy;스커크 공화국;;;;;;;;;;;;;x
TRA_democracy2;스커크 의회공화국;;;;;;;;;;;;;x
TRA_dominion;스커크 번왕령;;;;;;;;;;;;;x
TRA_dominion2;스커크 번왕연합;;;;;;;;;;;;;x
TRA_dominion3;스커크 왕실직할령;;;;;;;;;;;;;x
TRA_hms_government;스커크 입헌왕국;;;;;;;;;;;;;x
TRA_hms_government2;스커크 의회내각;;;;;;;;;;;;;x
TRA_prussian_constitutionalism;스커크 다르바르;;;;;;;;;;;;;x
TRA_prussian_constitutionalism2;스커크 제후회의;;;;;;;;;;;;;x
TRA_theocracy;스커크 사원연합국;;;;;;;;;;;;;x
TRA_trade_unions_congress;스커크 노동조합총연맹;;;;;;;;;;;;;x
TRE_absolute_monarchy;장 바르 공국;;;;;;;;;;;;;x
TRE_absolute_monarchy2;장 바르 세습공국;;;;;;;;;;;;;x
TRE_democracy;장 바르 공화국;;;;;;;;;;;;;x
TRE_democracy2;장 바르 의회공화국;;;;;;;;;;;;;x
TRE_dominion2;장 바르 자치연방;;;;;;;;;;;;;x
TRE_dominion3;장 바르 왕실속령;;;;;;;;;;;;;x
TRE_hms_government;장 바르 입헌공국;;;;;;;;;;;;;x
TRE_hms_government2;장 바르 의회내각;;;;;;;;;;;;;x
TRE_prussian_constitutionalism;장 바르 왕실원로원;;;;;;;;;;;;;x
TRE_prussian_constitutionalism2;장 바르 왕실참의회;;;;;;;;;;;;;x
TRE_theocracy;장 바르 주교령;;;;;;;;;;;;;x
TRE_trade_unions_congress;장 바르 직능조합연맹;;;;;;;;;;;;;x
TRI_absolute_monarchy;키요히메 토후국;;;;;;;;;;;;;x
TRI_absolute_monarchy2;키요히메 세습토후국;;;;;;;;;;;;;x
TRI_colonial_company;키요히메 통상회사령;;;;;;;;;;;;;x
TRI_democracy;키요히메 공화국;;;;;;;;;;;;;x
TRI_democracy2;키요히메 의회공화국;;;;;;;;;;;;;x
TRI_dominion;키요히메 자치령;;;;;;;;;;;;;x
TRI_dominion2;키요히메 자치연방;;;;;;;;;;;;;x
TRI_dominion3;키요히메 보호토후령;;;;;;;;;;;;;x
TRI_hms_government;키요히메 입헌토후국;;;;;;;;;;;;;x
TRI_hms_government2;키요히메 의회내각;;;;;;;;;;;;;x
TRI_prussian_constitutionalism;키요히메 슈라 평의회;;;;;;;;;;;;;x
TRI_prussian_constitutionalism2;키요히메 귀족협의회;;;;;;;;;;;;;x
TRI_theocracy;키요히메 이맘국;;;;;;;;;;;;;x
TRI_trade_unions_congress;키요히메 노동조합총연맹;;;;;;;;;;;;;x
TRN_absolute_monarchy;트란스발 왕국;;;;;;;;;;;;;x
TRN_absolute_monarchy2;트란스발 세습왕국;;;;;;;;;;;;;x
TRN_colonial_company;트란스발 특허회사령;;;;;;;;;;;;;x
TRN_democracy;트란스발 자유공화국;;;;;;;;;;;;;x
TRN_dominion;트란스발 자치공화국;;;;;;;;;;;;;x
TRN_dominion2;트란스발 자치연방;;;;;;;;;;;;;x
TRN_dominion3;트란스발 왕실속령;;;;;;;;;;;;;x
TRN_hms_government;트란스발 입헌왕국;;;;;;;;;;;;;x
TRN_hms_government2;트란스발 의회내각;;;;;;;;;;;;;x
TRN_prussian_constitutionalism;트란스발 시민평의회;;;;;;;;;;;;;x
TRN_prussian_constitutionalism2;트란스발 왕실참의회;;;;;;;;;;;;;x
TRN_theocracy;트란스발 교회연합국;;;;;;;;;;;;;x
TRN_trade_unions_congress;트란스발 노동조합연맹;;;;;;;;;;;;;x
TRP_absolute_monarchy;이네파 라자국;;;;;;;;;;;;;x
TRP_absolute_monarchy2;이네파 세습라자국;;;;;;;;;;;;;x
TRP_colonial_company;이네파 동인도회사령;;;;;;;;;;;;;x
TRP_democracy;이네파 공화국;;;;;;;;;;;;;x
TRP_democracy2;이네파 의회공화국;;;;;;;;;;;;;x
TRP_dominion;이네파 번왕령;;;;;;;;;;;;;x
TRP_dominion2;이네파 번왕연합;;;;;;;;;;;;;x
TRP_dominion3;이네파 왕실직할령;;;;;;;;;;;;;x
TRP_hms_government;이네파 입헌라자국;;;;;;;;;;;;;x
TRP_hms_government2;이네파 의회내각;;;;;;;;;;;;;x
TRP_prussian_constitutionalism;이네파 다르바르;;;;;;;;;;;;;x
TRP_prussian_constitutionalism2;이네파 제후회의;;;;;;;;;;;;;x
TRP_theocracy;이네파 사원연합국;;;;;;;;;;;;;x
TRP_trade_unions_congress;이네파 노동조합총연맹;;;;;;;;;;;;;x
TRZ_absolute_monarchy2;우시와카마루 세습토후국;;;;;;;;;;;;;x
TRZ_colonial_company;우시와카마루 통상회사령;;;;;;;;;;;;;x
TRZ_democracy2;우시와카마루 의회공화국;;;;;;;;;;;;;x
TRZ_dominion;우시와카마루 자치령;;;;;;;;;;;;;x
TRZ_dominion2;우시와카마루 자치연방;;;;;;;;;;;;;x
TRZ_dominion3;우시와카마루 보호토후령;;;;;;;;;;;;;x
TRZ_hms_government;우시와카마루 입헌토후국;;;;;;;;;;;;;x
TRZ_hms_government2;우시와카마루 의회내각;;;;;;;;;;;;;x
TRZ_prussian_constitutionalism;우시와카마루 슈라 평의회;;;;;;;;;;;;;x
TRZ_prussian_constitutionalism2;우시와카마루 귀족협의회;;;;;;;;;;;;;x
TRZ_theocracy;우시와카마루 이맘국;;;;;;;;;;;;;x
TRZ_trade_unions_congress;우시와카마루 노동조합총연맹;;;;;;;;;;;;;x
TST_absolute_monarchy;사일런스 스즈카 공국;;;;;;;;;;;;;x
TST_absolute_monarchy2;사일런스 스즈카 세습공국;;;;;;;;;;;;;x
TST_democracy;사일런스 스즈카 공화국;;;;;;;;;;;;;x
TST_democracy2;사일런스 스즈카 의회공화국;;;;;;;;;;;;;x
TST_dominion;사일런스 스즈카 자치령;;;;;;;;;;;;;x
TST_dominion2;사일런스 스즈카 자치연방;;;;;;;;;;;;;x
TST_dominion3;사일런스 스즈카 왕실속령;;;;;;;;;;;;;x
TST_hms_government;사일런스 스즈카 입헌공국;;;;;;;;;;;;;x
TST_hms_government2;사일런스 스즈카 의회내각;;;;;;;;;;;;;x
TST_prussian_constitutionalism;사일런스 스즈카 왕실원로원;;;;;;;;;;;;;x
TST_prussian_constitutionalism2;사일런스 스즈카 왕실참의회;;;;;;;;;;;;;x
TST_theocracy;사일런스 스즈카 주교령;;;;;;;;;;;;;x
TST_trade_unions_congress;사일런스 스즈카 직능조합연맹;;;;;;;;;;;;;x
TSW_absolute_monarchy;보츠와나 왕국;;;;;;;;;;;;;x
TSW_absolute_monarchy2;보츠와나 세습왕국;;;;;;;;;;;;;x
TSW_colonial_company;보츠와나 특허회사령;;;;;;;;;;;;;x
TSW_democracy;보츠와나 공화국;;;;;;;;;;;;;x
TSW_democracy2;보츠와나 의회공화국;;;;;;;;;;;;;x
TSW_dominion;보츠와나 보호국;;;;;;;;;;;;;x
TSW_dominion2;보츠와나 자치국연합;;;;;;;;;;;;;x
TSW_dominion3;보츠와나 왕실보호령;;;;;;;;;;;;;x
TSW_hms_government;보츠와나 입헌왕국;;;;;;;;;;;;;x
TSW_hms_government2;보츠와나 의회내각;;;;;;;;;;;;;x
TSW_prussian_constitutionalism;보츠와나 왕실원로회;;;;;;;;;;;;;x
TSW_prussian_constitutionalism2;보츠와나 추장원로회;;;;;;;;;;;;;x
TSW_theocracy;보츠와나 제사장국;;;;;;;;;;;;;x
TSW_trade_unions_congress;보츠와나 노동조합연맹;;;;;;;;;;;;;x
TTB_absolute_monarchy;심스 왕국;;;;;;;;;;;;;x
TTB_absolute_monarchy2;심스 세습왕국;;;;;;;;;;;;;x
TTB_democracy;심스 공화국;;;;;;;;;;;;;x
TTB_democracy2;심스 의회공화국;;;;;;;;;;;;;x
TTB_dominion2;심스 자치연방;;;;;;;;;;;;;x
TTB_dominion3;심스 왕실속령;;;;;;;;;;;;;x
TTB_hms_government2;심스 의회내각;;;;;;;;;;;;;x
TTB_prussian_constitutionalism;심스 왕실평의회;;;;;;;;;;;;;x
TTB_prussian_constitutionalism2;심스 왕실참의회;;;;;;;;;;;;;x
TTB_theocracy;심스 교회연합국;;;;;;;;;;;;;x
TTB_trade_unions_congress;심스 노동자총연맹;;;;;;;;;;;;;x
TUG_absolute_monarchy;코얀스카야 토후국;;;;;;;;;;;;;x
TUG_absolute_monarchy2;코얀스카야 세습토후국;;;;;;;;;;;;;x
TUG_colonial_company;코얀스카야 통상회사령;;;;;;;;;;;;;x
TUG_democracy;코얀스카야 공화국;;;;;;;;;;;;;x
TUG_democracy2;코얀스카야 의회공화국;;;;;;;;;;;;;x
TUG_dominion;코얀스카야 자치령;;;;;;;;;;;;;x
TUG_dominion2;코얀스카야 자치연방;;;;;;;;;;;;;x
TUG_dominion3;코얀스카야 보호토후령;;;;;;;;;;;;;x
TUG_hms_government;코얀스카야 입헌토후국;;;;;;;;;;;;;x
TUG_hms_government2;코얀스카야 의회내각;;;;;;;;;;;;;x
TUG_prussian_constitutionalism;코얀스카야 슈라 평의회;;;;;;;;;;;;;x
TUG_prussian_constitutionalism2;코얀스카야 귀족협의회;;;;;;;;;;;;;x
TUG_theocracy;코얀스카야 이맘국;;;;;;;;;;;;;x
TUG_trade_unions_congress;코얀스카야 노동조합총연맹;;;;;;;;;;;;;x
TUN_absolute_monarchy2;세리카 왕조;;;;;;;;;;;;;x
TUN_colonial_company;세리카 통상회사령;;;;;;;;;;;;;x
TUN_democracy;세리카 공화국;;;;;;;;;;;;;x
TUN_democracy2;세리카 의회공화국;;;;;;;;;;;;;x
TUN_dominion;세리카 자치령;;;;;;;;;;;;;x
TUN_dominion2;세리카 자치연방;;;;;;;;;;;;;x
TUN_dominion3;세리카 보호토후령;;;;;;;;;;;;;x
TUN_hms_government;세리카 입헌토후국;;;;;;;;;;;;;x
TUN_hms_government2;세리카 의회내각;;;;;;;;;;;;;x
TUN_prussian_constitutionalism2;세리카 귀족협의회;;;;;;;;;;;;;x
TUN_theocracy;세리카 이맘국;;;;;;;;;;;;;x
TUN_trade_unions_congress;세리카 노동조합총연맹;;;;;;;;;;;;;x
TUR_absolute_monarchy2;아이셰 세습제국;;;;;;;;;;;;;x
TUR_colonial_company;아이셰 통상회사령;;;;;;;;;;;;;x
TUR_democracy2;아이셰 의회공화국;;;;;;;;;;;;;x
TUR_dominion;아이셰 자치령;;;;;;;;;;;;;x
TUR_dominion2;아이셰 자치연방;;;;;;;;;;;;;x
TUR_dominion3;아이셰 보호토후령;;;;;;;;;;;;;x
TUR_hms_government2;아이셰 의회내각;;;;;;;;;;;;;x
TUR_prussian_constitutionalism2;아이셰 귀족협의회;;;;;;;;;;;;;x
TUR_theocracy;아이셰 이맘국;;;;;;;;;;;;;x
TUR_trade_unions_congress;아이셰 노동자총연맹;;;;;;;;;;;;;x
TUS_absolute_monarchy;가스코뉴 대공국;;;;;;;;;;;;;x
TUS_absolute_monarchy2;가스코뉴 세습대공국;;;;;;;;;;;;;x
TUS_colonial_company;가스코뉴 특허회사령;;;;;;;;;;;;;x
TUS_democracy;가스코뉴 공화국;;;;;;;;;;;;;x
TUS_democracy2;가스코뉴 의회공화국;;;;;;;;;;;;;x
TUS_dominion;가스코뉴 자치령;;;;;;;;;;;;;x
TUS_dominion2;가스코뉴 자치연방;;;;;;;;;;;;;x
TUS_dominion3;가스코뉴 왕실속령;;;;;;;;;;;;;x
TUS_hms_government;가스코뉴 입헌대공국;;;;;;;;;;;;;x
TUS_hms_government2;가스코뉴 의회내각;;;;;;;;;;;;;x
TUS_prussian_constitutionalism;가스코뉴 왕실원로원;;;;;;;;;;;;;x
TUS_prussian_constitutionalism2;가스코뉴 왕실참의회;;;;;;;;;;;;;x
TUS_theocracy;가스코뉴 주교령;;;;;;;;;;;;;x
TUS_trade_unions_congress;가스코뉴 직능조합연맹;;;;;;;;;;;;;x
U01_absolute_monarchy;호시카와 릴리 왕국;;;;;;;;;;;;;x
U01_absolute_monarchy2;호시카와 릴리 세습왕국;;;;;;;;;;;;;x
U01_colonial_company;호시카와 릴리 특허회사령;;;;;;;;;;;;;x
U01_democracy;호시카와 릴리 공화국;;;;;;;;;;;;;x
U01_democracy2;호시카와 릴리 의회공화국;;;;;;;;;;;;;x
U01_dominion;호시카와 릴리 자치령;;;;;;;;;;;;;x
U01_dominion2;호시카와 릴리 자치연방;;;;;;;;;;;;;x
U01_dominion3;호시카와 릴리 왕실속령;;;;;;;;;;;;;x
U01_hms_government;호시카와 릴리 입헌왕국;;;;;;;;;;;;;x
U01_hms_government2;호시카와 릴리 의회내각;;;;;;;;;;;;;x
U01_prussian_constitutionalism;호시카와 릴리 추밀원;;;;;;;;;;;;;x
U01_prussian_constitutionalism2;호시카와 릴리 왕실참의회;;;;;;;;;;;;;x
U01_theocracy;호시카와 릴리 교회연합국;;;;;;;;;;;;;x
U01_trade_unions_congress;호시카와 릴리 노동조합회의;;;;;;;;;;;;;x
U02_absolute_monarchy;콘노 준코 왕국;;;;;;;;;;;;;x
U02_absolute_monarchy2;콘노 준코 세습왕국;;;;;;;;;;;;;x
U02_colonial_company;콘노 준코 특허회사령;;;;;;;;;;;;;x
U02_democracy;콘노 준코 공화국;;;;;;;;;;;;;x
U02_democracy2;콘노 준코 의회공화국;;;;;;;;;;;;;x
U02_dominion;콘노 준코 자치령;;;;;;;;;;;;;x
U02_dominion2;콘노 준코 자치연방;;;;;;;;;;;;;x
U02_dominion3;콘노 준코 왕실속령;;;;;;;;;;;;;x
U02_hms_government;콘노 준코 입헌왕국;;;;;;;;;;;;;x
U02_hms_government2;콘노 준코 의회내각;;;;;;;;;;;;;x
U02_prussian_constitutionalism;콘노 준코 추밀원;;;;;;;;;;;;;x
U02_prussian_constitutionalism2;콘노 준코 왕실참의회;;;;;;;;;;;;;x
U02_theocracy;콘노 준코 교회연합국;;;;;;;;;;;;;x
U02_trade_unions_congress;콘노 준코 노동조합회의;;;;;;;;;;;;;x
UBD_absolute_monarchy2;호넷 세습공국;;;;;;;;;;;;;x
UBD_democracy2;호넷 도시공화국;;;;;;;;;;;;;x
UBD_dominion;호넷 자치령;;;;;;;;;;;;;x
UBD_dominion2;호넷 자치연방;;;;;;;;;;;;;x
UBD_dominion3;호넷 왕실직할령;;;;;;;;;;;;;x
UBD_hms_government2;호넷 영방내각;;;;;;;;;;;;;x
UBD_prussian_constitutionalism2;호넷 제후회의;;;;;;;;;;;;;x
UBD_theocracy;호넷 교회연합국;;;;;;;;;;;;;x
UBD_trade_unions_congress;호넷 노동자평의회;;;;;;;;;;;;;x
UCA_absolute_monarchy2;나타 부족연맹 세습제국;;;;;;;;;;;;;x
UCA_democracy;나타 부족연맹 공화국;;;;;;;;;;;;;x
UCA_democracy2;나타 부족연맹 의회공화국;;;;;;;;;;;;;x
UCA_dominion;나타 부족연맹 자치령;;;;;;;;;;;;;x
UCA_dominion2;나타 부족연맹 자치연방;;;;;;;;;;;;;x
UCA_dominion3;나타 부족연맹 왕실속령;;;;;;;;;;;;;x
UCA_hms_government2;나타 부족연맹 의회내각;;;;;;;;;;;;;x
UCA_prussian_constitutionalism2;나타 부족연맹 왕실참의회;;;;;;;;;;;;;x
UCA_theocracy;나타 부족연맹 주교령;;;;;;;;;;;;;x
UCA_trade_unions_congress;나타 부족연맹 노동자총연맹;;;;;;;;;;;;;x
UCV_absolute_monarchy;브륀힐데 황조;;;;;;;;;;;;;x
UCV_absolute_monarchy2;브륀힐데 황실조정;;;;;;;;;;;;;x
UCV_colonial_company;브륀힐데 조계지;;;;;;;;;;;;;x
UCV_democracy;브륀힐데 민국;;;;;;;;;;;;;x
UCV_democracy2;브륀힐데 연성공화국;;;;;;;;;;;;;x
UCV_dominion;브륀힐데 자치성;;;;;;;;;;;;;x
UCV_dominion2;브륀힐데 연성정부;;;;;;;;;;;;;x
UCV_dominion3;브륀힐데 번부;;;;;;;;;;;;;x
UCV_hms_government;브륀힐데 책임내각;;;;;;;;;;;;;x
UCV_hms_government2;브륀힐데 의회내각;;;;;;;;;;;;;x
UCV_prussian_constitutionalism;브륀힐데 자정원;;;;;;;;;;;;;x
UCV_prussian_constitutionalism2;브륀힐데 참정원;;;;;;;;;;;;;x
UCV_theocracy;브륀힐데 승가국;;;;;;;;;;;;;x
UCV_trade_unions_congress;브륀힐데 총공회;;;;;;;;;;;;;x
UIL_absolute_monarchy2;프란카 세습왕국;;;;;;;;;;;;;x
UIL_colonial_company;프란카 특허회사령;;;;;;;;;;;;;x
UIL_democracy;프란카 연방공화국;;;;;;;;;;;;;x
UIL_democracy2;프란카 의회공화국;;;;;;;;;;;;;x
UIL_dominion;프란카 자치령;;;;;;;;;;;;;x
UIL_dominion2;프란카 자치연방;;;;;;;;;;;;;x
UIL_dominion3;프란카 왕실속령;;;;;;;;;;;;;x
UIL_hms_government;프란카 입헌왕국;;;;;;;;;;;;;x
UIL_hms_government2;프란카 의회내각;;;;;;;;;;;;;x
UIL_prussian_constitutionalism2;프란카 왕실참의회;;;;;;;;;;;;;x
UIL_theocracy;프란카 교회연합국;;;;;;;;;;;;;x
UIL_trade_unions_congress;프란카 산업노동조합연맹;;;;;;;;;;;;;x
UKR_absolute_monarchy;다니카 헤트만국;;;;;;;;;;;;;x
UKR_absolute_monarchy2;다니카 세습헤트만국;;;;;;;;;;;;;x
UKR_colonial_company;다니카 흑해특허회사;;;;;;;;;;;;;x
UKR_democracy;다니카 국민공화국;;;;;;;;;;;;;x
UKR_democracy2;다니카 라다공화국;;;;;;;;;;;;;x
UKR_dominion;다니카 자치령;;;;;;;;;;;;;x
UKR_dominion2;다니카 자치공화국;;;;;;;;;;;;;x
UKR_dominion3;다니카 왕실보호령;;;;;;;;;;;;;x
UKR_hms_government;다니카 입헌헤트만국;;;;;;;;;;;;;x
UKR_hms_government2;다니카 의회내각;;;;;;;;;;;;;x
UKR_prussian_constitutionalism;다니카 장교평의회;;;;;;;;;;;;;x
UKR_prussian_constitutionalism2;다니카 귀족라다;;;;;;;;;;;;;x
UKR_theocracy;다니카 총대주교령;;;;;;;;;;;;;x
UKR_trade_unions_congress;다니카 노동자소비에트;;;;;;;;;;;;;x
UKY_absolute_monarchy;파인콘 왕국;;;;;;;;;;;;;x
UKY_absolute_monarchy2;파인콘 세습왕국;;;;;;;;;;;;;x
UKY_colonial_company;파인콘 특허회사령;;;;;;;;;;;;;x
UKY_democracy2;파인콘 의회공화국;;;;;;;;;;;;;x
UKY_dominion2;파인콘 자치연방;;;;;;;;;;;;;x
UKY_dominion3;파인콘 왕실속령;;;;;;;;;;;;;x
UKY_hms_government;파인콘 입헌왕국;;;;;;;;;;;;;x
UKY_hms_government2;파인콘 의회내각;;;;;;;;;;;;;x
UKY_prussian_constitutionalism;파인콘 왕실의회;;;;;;;;;;;;;x
UKY_prussian_constitutionalism2;파인콘 왕실참의회;;;;;;;;;;;;;x
UKY_theocracy;파인콘 주교령;;;;;;;;;;;;;x
UKY_trade_unions_congress;파인콘 산업노동조합연맹;;;;;;;;;;;;;x
ULA_absolute_monarchy2;메이어 세습왕국;;;;;;;;;;;;;x
ULA_democracy2;메이어 의회공화국;;;;;;;;;;;;;x
ULA_dominion2;메이어 자치연방;;;;;;;;;;;;;x
ULA_dominion3;메이어 왕실속령;;;;;;;;;;;;;x
ULA_hms_government2;메이어 의회내각;;;;;;;;;;;;;x
ULA_prussian_constitutionalism2;메이어 왕실참의회;;;;;;;;;;;;;x
ULA_theocracy;메이어 주교령;;;;;;;;;;;;;x
ULA_trade_unions_congress;메이어 노동총동맹;;;;;;;;;;;;;x
UNB_absolute_monarchy2;엔터프라이즈 세습왕국;;;;;;;;;;;;;x
UNB_democracy;엔터프라이즈 연방공화국;;;;;;;;;;;;;x
UNB_democracy2;엔터프라이즈 의회공화국;;;;;;;;;;;;;x
UNB_dominion2;엔터프라이즈 자치연방;;;;;;;;;;;;;x
UNB_dominion3;엔터프라이즈 왕실속령;;;;;;;;;;;;;x
UNB_hms_government2;엔터프라이즈 의회내각;;;;;;;;;;;;;x
UNB_prussian_constitutionalism2;엔터프라이즈 왕실참의회;;;;;;;;;;;;;x
UNB_theocracy;엔터프라이즈 교회연합국;;;;;;;;;;;;;x
UNB_trade_unions_congress;엔터프라이즈 산업노동조합연맹;;;;;;;;;;;;;x
UNM_absolute_monarchy2;클리블랜드 왕조;;;;;;;;;;;;;x
UNM_democracy2;클리블랜드 의회공화국;;;;;;;;;;;;;x
UNM_dominion2;클리블랜드 자치국연합;;;;;;;;;;;;;x
UNM_dominion3;클리블랜드 왕실보호령;;;;;;;;;;;;;x
UNM_hms_government2;클리블랜드 의회내각;;;;;;;;;;;;;x
UNM_prussian_constitutionalism2;클리블랜드 추장원로회;;;;;;;;;;;;;x
UNM_theocracy;클리블랜드 제사장국;;;;;;;;;;;;;x
UNM_trade_unions_congress;클리블랜드 생산자연맹;;;;;;;;;;;;;x
UNY_absolute_monarchy2;호놀룰루 세습왕국;;;;;;;;;;;;;x
UNY_colonial_company;호놀룰루 특허회사령;;;;;;;;;;;;;x
UNY_democracy;호놀룰루 연방공화국;;;;;;;;;;;;;x
UNY_democracy2;호놀룰루 의회공화국;;;;;;;;;;;;;x
UNY_dominion;호놀룰루 자치령;;;;;;;;;;;;;x
UNY_dominion2;호놀룰루 자치연방;;;;;;;;;;;;;x
UNY_dominion3;호놀룰루 왕실속령;;;;;;;;;;;;;x
UNY_hms_government;호놀룰루 입헌왕국;;;;;;;;;;;;;x
UNY_hms_government2;호놀룰루 의회내각;;;;;;;;;;;;;x
UNY_prussian_constitutionalism2;호놀룰루 왕실참의회;;;;;;;;;;;;;x
UNY_theocracy;호놀룰루 교회연합국;;;;;;;;;;;;;x
UNY_trade_unions_congress;호놀룰루 산업노동조합연맹;;;;;;;;;;;;;x
UOR_absolute_monarchy2;에식스 세습왕국;;;;;;;;;;;;;x
UOR_democracy;에식스 연방공화국;;;;;;;;;;;;;x
UOR_democracy2;에식스 의회공화국;;;;;;;;;;;;;x
UOR_dominion2;에식스 자치연방;;;;;;;;;;;;;x
UOR_dominion3;에식스 왕실속령;;;;;;;;;;;;;x
UOR_hms_government2;에식스 의회내각;;;;;;;;;;;;;x
UOR_prussian_constitutionalism2;에식스 왕실참의회;;;;;;;;;;;;;x
UOR_theocracy;에식스 교회연합국;;;;;;;;;;;;;x
UOR_trade_unions_congress;에식스 산업노동조합연맹;;;;;;;;;;;;;x
URA_absolute_monarchy2;압생트 제국;;;;;;;;;;;;;x
URA_colonial_company;압생트 특허회사령;;;;;;;;;;;;;x
URA_democracy2;압생트 의회공화국;;;;;;;;;;;;;x
URA_dominion;압생트 자치주;;;;;;;;;;;;;x
URA_dominion2;압생트 자치공화국;;;;;;;;;;;;;x
URA_dominion3;압생트 총독령;;;;;;;;;;;;;x
URA_hms_government2;압생트 의회내각;;;;;;;;;;;;;x
URA_prussian_constitutionalism2;압생트 국가평의회;;;;;;;;;;;;;x
URA_theocracy;압생트 총대주교령;;;;;;;;;;;;;x
URA_trade_unions_congress;압생트 노동자소비에트;;;;;;;;;;;;;x
URM_absolute_monarchy;라이덴 술탄국;;;;;;;;;;;;;x
URM_absolute_monarchy2;라이덴 세습술탄국;;;;;;;;;;;;;x
URM_colonial_company;라이덴 통상회사령;;;;;;;;;;;;;x
URM_democracy;라이덴 공화국;;;;;;;;;;;;;x
URM_democracy2;라이덴 의회공화국;;;;;;;;;;;;;x
URM_dominion;라이덴 자치령;;;;;;;;;;;;;x
URM_dominion2;라이덴 자치연방;;;;;;;;;;;;;x
URM_dominion3;라이덴 보호토후령;;;;;;;;;;;;;x
URM_hms_government;라이덴 입헌술탄국;;;;;;;;;;;;;x
URM_hms_government2;라이덴 의회내각;;;;;;;;;;;;;x
URM_prussian_constitutionalism;라이덴 디완;;;;;;;;;;;;;x
URM_prussian_constitutionalism2;라이덴 귀족협의회;;;;;;;;;;;;;x
URM_theocracy;라이덴 이맘국;;;;;;;;;;;;;x
URM_trade_unions_congress;라이덴 노동자총연맹;;;;;;;;;;;;;x
URP_absolute_monarchy;에이야퍄들라 왕국;;;;;;;;;;;;;x
URP_absolute_monarchy2;에이야퍄들라 세습왕국;;;;;;;;;;;;;x
URP_colonial_company;에이야퍄들라 특허회사령;;;;;;;;;;;;;x
URP_democracy;에이야퍄들라 공화국;;;;;;;;;;;;;x
URP_democracy2;에이야퍄들라 의회공화국;;;;;;;;;;;;;x
URP_dominion;에이야퍄들라 자치령;;;;;;;;;;;;;x
URP_dominion2;에이야퍄들라 자치연방;;;;;;;;;;;;;x
URP_dominion3;에이야퍄들라 왕실속령;;;;;;;;;;;;;x
URP_hms_government;에이야퍄들라 입헌왕국;;;;;;;;;;;;;x
URP_hms_government2;에이야퍄들라 의회내각;;;;;;;;;;;;;x
URP_prussian_constitutionalism;에이야퍄들라 왕실참사회;;;;;;;;;;;;;x
URP_prussian_constitutionalism2;에이야퍄들라 왕실참의회;;;;;;;;;;;;;x
URP_theocracy;에이야퍄들라 총대주교령;;;;;;;;;;;;;x
URP_trade_unions_congress;에이야퍄들라 노동자평의회;;;;;;;;;;;;;x
URU_absolute_monarchy2;남부작은개미핥기 세습왕국;;;;;;;;;;;;;x
URU_democracy;남부작은개미핥기 공화국;;;;;;;;;;;;;x
URU_democracy2;남부작은개미핥기 의회공화국;;;;;;;;;;;;;x
URU_dominion2;남부작은개미핥기 자치연방;;;;;;;;;;;;;x
URU_dominion3;남부작은개미핥기 왕실속령;;;;;;;;;;;;;x
URU_hms_government2;남부작은개미핥기 의회내각;;;;;;;;;;;;;x
URU_prussian_constitutionalism2;남부작은개미핥기 왕실참의회;;;;;;;;;;;;;x
URU_theocracy;남부작은개미핥기 주교령;;;;;;;;;;;;;x
URU_trade_unions_congress;남부작은개미핥기 노동자총연맹;;;;;;;;;;;;;x
USS_absolute_monarchy2;청금강앵무 세습제국;;;;;;;;;;;;;x
USS_colonial_company;청금강앵무 특허회사령;;;;;;;;;;;;;x
USS_democracy2;청금강앵무 의회공화국;;;;;;;;;;;;;x
USS_dominion;청금강앵무 자치령;;;;;;;;;;;;;x
USS_dominion2;청금강앵무 자치연방;;;;;;;;;;;;;x
USS_dominion3;청금강앵무 왕실속령;;;;;;;;;;;;;x
USS_hms_government2;청금강앵무 의회내각;;;;;;;;;;;;;x
USS_prussian_constitutionalism2;청금강앵무 왕실참의회;;;;;;;;;;;;;x
USS_theocracy;청금강앵무 주교령;;;;;;;;;;;;;x
USS_trade_unions_congress;청금강앵무 노동자총연맹;;;;;;;;;;;;;x
UTI_absolute_monarchy;미나모토 사쿠라 왕국;;;;;;;;;;;;;x
UTI_absolute_monarchy2;미나모토 사쿠라 세습왕국;;;;;;;;;;;;;x
UTI_colonial_company;미나모토 사쿠라 특허회사령;;;;;;;;;;;;;x
UTI_democracy;미나모토 사쿠라 공화국;;;;;;;;;;;;;x
UTI_democracy2;미나모토 사쿠라 의회공화국;;;;;;;;;;;;;x
UTI_dominion;미나모토 사쿠라 자치령;;;;;;;;;;;;;x
UTI_dominion2;미나모토 사쿠라 자치연방;;;;;;;;;;;;;x
UTI_dominion3;미나모토 사쿠라 왕실속령;;;;;;;;;;;;;x
UTI_hms_government;미나모토 사쿠라 입헌왕국;;;;;;;;;;;;;x
UTI_hms_government2;미나모토 사쿠라 의회내각;;;;;;;;;;;;;x
UTI_prussian_constitutionalism;미나모토 사쿠라 추밀원;;;;;;;;;;;;;x
UTI_prussian_constitutionalism2;미나모토 사쿠라 왕실참의회;;;;;;;;;;;;;x
UTI_theocracy;미나모토 사쿠라 교회연합국;;;;;;;;;;;;;x
UTI_trade_unions_congress;미나모토 사쿠라 노동조합회의;;;;;;;;;;;;;x
UUW_absolute_monarchy;우수위 왕국;;;;;;;;;;;;;x
UUW_absolute_monarchy2;우수위 세습왕국;;;;;;;;;;;;;x
UUW_colonial_company;우수위 특허회사령;;;;;;;;;;;;;x
UUW_democracy;우수위 공화국;;;;;;;;;;;;;x
UUW_democracy2;우수위 의회공화국;;;;;;;;;;;;;x
UUW_dominion;우수위 보호국;;;;;;;;;;;;;x
UUW_dominion2;우수위 자치국연합;;;;;;;;;;;;;x
UUW_dominion3;우수위 왕실보호령;;;;;;;;;;;;;x
UUW_hms_government;우수위 입헌왕국;;;;;;;;;;;;;x
UUW_hms_government2;우수위 의회내각;;;;;;;;;;;;;x
UUW_prussian_constitutionalism;우수위 왕실원로회;;;;;;;;;;;;;x
UUW_prussian_constitutionalism2;우수위 추장원로회;;;;;;;;;;;;;x
UUW_theocracy;우수위 제사장국;;;;;;;;;;;;;x
UUW_trade_unions_congress;우수위 노동조합연맹;;;;;;;;;;;;;x
UVT_absolute_monarchy;새러토가 왕국;;;;;;;;;;;;;x
UVT_absolute_monarchy2;새러토가 세습왕국;;;;;;;;;;;;;x
UVT_democracy2;새러토가 의회공화국;;;;;;;;;;;;;x
UVT_dominion2;새러토가 자치연방;;;;;;;;;;;;;x
UVT_dominion3;새러토가 왕실속령;;;;;;;;;;;;;x
UVT_hms_government;새러토가 입헌왕국;;;;;;;;;;;;;x
UVT_hms_government2;새러토가 의회내각;;;;;;;;;;;;;x
UVT_prussian_constitutionalism;새러토가 왕실의회;;;;;;;;;;;;;x
UVT_prussian_constitutionalism2;새러토가 왕실참의회;;;;;;;;;;;;;x
UVT_theocracy;새러토가 교회연합국;;;;;;;;;;;;;x
UVT_trade_unions_congress;새러토가 산업노동조합연맹;;;;;;;;;;;;;x
UYG_absolute_monarchy2;란옌 세습칸국;;;;;;;;;;;;;x
UYG_colonial_company;란옌 통상회사령;;;;;;;;;;;;;x
UYG_democracy;란옌 공화국;;;;;;;;;;;;;x
UYG_democracy2;란옌 의회공화국;;;;;;;;;;;;;x
UYG_dominion;란옌 자치령;;;;;;;;;;;;;x
UYG_dominion2;란옌 자치연방;;;;;;;;;;;;;x
UYG_dominion3;란옌 보호토후령;;;;;;;;;;;;;x
UYG_hms_government2;란옌 의회내각;;;;;;;;;;;;;x
UYG_prussian_constitutionalism2;란옌 귀족협의회;;;;;;;;;;;;;x
UYG_theocracy;란옌 이맘국;;;;;;;;;;;;;x
UYG_trade_unions_congress;란옌 노동자평의회;;;;;;;;;;;;;x
UZB_absolute_monarchy;버블 칸국;;;;;;;;;;;;;x
UZB_absolute_monarchy2;버블 세습칸국;;;;;;;;;;;;;x
UZB_colonial_company;버블 통상회사령;;;;;;;;;;;;;x
UZB_democracy;버블 공화국;;;;;;;;;;;;;x
UZB_democracy2;버블 의회공화국;;;;;;;;;;;;;x
UZB_dominion;버블 자치령;;;;;;;;;;;;;x
UZB_dominion2;버블 자치연방;;;;;;;;;;;;;x
UZB_dominion3;버블 보호토후령;;;;;;;;;;;;;x
UZB_hms_government;버블 입헌칸국;;;;;;;;;;;;;x
UZB_hms_government2;버블 의회내각;;;;;;;;;;;;;x
UZB_prussian_constitutionalism;버블 칸국의정회;;;;;;;;;;;;;x
UZB_prussian_constitutionalism2;버블 귀족협의회;;;;;;;;;;;;;x
UZB_theocracy;버블 이맘국;;;;;;;;;;;;;x
UZB_trade_unions_congress;버블 노동자평의회;;;;;;;;;;;;;x
VAN_absolute_monarchy;뉴저지 왕국;;;;;;;;;;;;;x
VAN_absolute_monarchy2;뉴저지 세습왕국;;;;;;;;;;;;;x
VAN_democracy;뉴저지 공화국;;;;;;;;;;;;;x
VAN_democracy2;뉴저지 의회공화국;;;;;;;;;;;;;x
VAN_dominion2;뉴저지 자치연방;;;;;;;;;;;;;x
VAN_dominion3;뉴저지 왕실속령;;;;;;;;;;;;;x
VAN_hms_government;뉴저지 입헌왕국;;;;;;;;;;;;;x
VAN_hms_government2;뉴저지 의회내각;;;;;;;;;;;;;x
VAN_prussian_constitutionalism;뉴저지 추밀원;;;;;;;;;;;;;x
VAN_prussian_constitutionalism2;뉴저지 왕실참의회;;;;;;;;;;;;;x
VAN_theocracy;뉴저지 교회연합국;;;;;;;;;;;;;x
VAN_trade_unions_congress;뉴저지 노동조합회의;;;;;;;;;;;;;x
VEN_absolute_monarchy;생루이 공국;;;;;;;;;;;;;x
VEN_absolute_monarchy2;생루이 세습공국;;;;;;;;;;;;;x
VEN_colonial_company;생루이 특허회사령;;;;;;;;;;;;;x
VEN_democracy2;생루이 의회공화국;;;;;;;;;;;;;x
VEN_dominion;생루이 자치령;;;;;;;;;;;;;x
VEN_dominion2;생루이 자치연방;;;;;;;;;;;;;x
VEN_dominion3;생루이 왕실속령;;;;;;;;;;;;;x
VEN_hms_government;생루이 입헌공국;;;;;;;;;;;;;x
VEN_hms_government2;생루이 의회내각;;;;;;;;;;;;;x
VEN_prussian_constitutionalism;생루이 왕실원로원;;;;;;;;;;;;;x
VEN_prussian_constitutionalism2;생루이 왕실참의회;;;;;;;;;;;;;x
VEN_theocracy;생루이 주교령;;;;;;;;;;;;;x
VEN_trade_unions_congress;생루이 직능조합연맹;;;;;;;;;;;;;x
VLG_absolute_monarchy2;Z1 레베레히트 마스 세습공국;;;;;;;;;;;;;x
VLG_colonial_company;Z1 레베레히트 마스 특허회사령;;;;;;;;;;;;;x
VLG_democracy2;Z1 레베레히트 마스 도시공화국;;;;;;;;;;;;;x
VLG_dominion;Z1 레베레히트 마스 자치령;;;;;;;;;;;;;x
VLG_dominion2;Z1 레베레히트 마스 자치연방;;;;;;;;;;;;;x
VLG_dominion3;Z1 레베레히트 마스 왕실직할령;;;;;;;;;;;;;x
VLG_hms_government2;Z1 레베레히트 마스 영방내각;;;;;;;;;;;;;x
VLG_prussian_constitutionalism2;Z1 레베레히트 마스 제후회의;;;;;;;;;;;;;x
VLG_theocracy;Z1 레베레히트 마스 교회연합국;;;;;;;;;;;;;x
VLG_trade_unions_congress;Z1 레베레히트 마스 노동자평의회;;;;;;;;;;;;;x
VLK_absolute_monarchy2;남아프리카 세습왕국;;;;;;;;;;;;;x
VLK_democracy;남아프리카 공화국;;;;;;;;;;;;;x
VLK_democracy2;남아프리카 시민의회;;;;;;;;;;;;;x
VLK_dominion2;남아프리카 자치연방;;;;;;;;;;;;;x
VLK_dominion3;남아프리카 왕실속령;;;;;;;;;;;;;x
VLK_hms_government2;남아프리카 의회내각;;;;;;;;;;;;;x
VLK_prussian_constitutionalism2;남아프리카 왕실참의회;;;;;;;;;;;;;x
VLK_theocracy;남아프리카 교회연합국;;;;;;;;;;;;;x
VLK_trade_unions_congress;남아프리카 노동조합연맹;;;;;;;;;;;;;x
VLP_absolute_monarchy;하베트롯 왕국;;;;;;;;;;;;;x
VLP_absolute_monarchy2;하베트롯 세습왕국;;;;;;;;;;;;;x
VLP_democracy;하베트롯 공화국;;;;;;;;;;;;;x
VLP_democracy2;하베트롯 의회공화국;;;;;;;;;;;;;x
VLP_dominion2;하베트롯 자치연방;;;;;;;;;;;;;x
VLP_dominion3;하베트롯 왕실속령;;;;;;;;;;;;;x
VLP_hms_government;하베트롯 입헌왕국;;;;;;;;;;;;;x
VLP_hms_government2;하베트롯 의회내각;;;;;;;;;;;;;x
VLP_prussian_constitutionalism;하베트롯 왕실평의회;;;;;;;;;;;;;x
VLP_prussian_constitutionalism2;하베트롯 왕실참의회;;;;;;;;;;;;;x
VLP_theocracy;하베트롯 주교령;;;;;;;;;;;;;x
VLP_trade_unions_congress;하베트롯 노동자총연맹;;;;;;;;;;;;;x
VNG_absolute_monarchy;나가오 카게토라 왕국;;;;;;;;;;;;;x
VNG_absolute_monarchy2;나가오 카게토라 세습왕국;;;;;;;;;;;;;x
VNG_democracy;나가오 카게토라 공화국;;;;;;;;;;;;;x
VNG_democracy2;나가오 카게토라 의회공화국;;;;;;;;;;;;;x
VNG_dominion2;나가오 카게토라 자치연방;;;;;;;;;;;;;x
VNG_dominion3;나가오 카게토라 왕실속령;;;;;;;;;;;;;x
VNG_hms_government;나가오 카게토라 입헌왕국;;;;;;;;;;;;;x
VNG_hms_government2;나가오 카게토라 의회내각;;;;;;;;;;;;;x
VNG_prussian_constitutionalism;나가오 카게토라 왕실평의회;;;;;;;;;;;;;x
VNG_prussian_constitutionalism2;나가오 카게토라 왕실참의회;;;;;;;;;;;;;x
VNG_theocracy;나가오 카게토라 주교령;;;;;;;;;;;;;x
VNG_trade_unions_congress;나가오 카게토라 노동자총연맹;;;;;;;;;;;;;x
VNS_absolute_monarchy;이바라키도지 왕국;;;;;;;;;;;;;x
VNS_absolute_monarchy2;이바라키도지 세습왕국;;;;;;;;;;;;;x
VNS_democracy;이바라키도지 공화국;;;;;;;;;;;;;x
VNS_democracy2;이바라키도지 의회공화국;;;;;;;;;;;;;x
VNS_dominion2;이바라키도지 자치연방;;;;;;;;;;;;;x
VNS_dominion3;이바라키도지 왕실속령;;;;;;;;;;;;;x
VNS_hms_government;이바라키도지 입헌왕국;;;;;;;;;;;;;x
VNS_hms_government2;이바라키도지 의회내각;;;;;;;;;;;;;x
VNS_prussian_constitutionalism;이바라키도지 왕실평의회;;;;;;;;;;;;;x
VNS_prussian_constitutionalism2;이바라키도지 왕실참의회;;;;;;;;;;;;;x
VNS_theocracy;이바라키도지 주교령;;;;;;;;;;;;;x
VNS_trade_unions_congress;이바라키도지 노동자총연맹;;;;;;;;;;;;;x
VNZ_absolute_monarchy;파비올라 이글레시아스 왕국;;;;;;;;;;;;;x
VNZ_absolute_monarchy2;파비올라 이글레시아스 세습왕국;;;;;;;;;;;;;x
VNZ_colonial_company;파비올라 이글레시아스 특허회사령;;;;;;;;;;;;;x
VNZ_democracy;파비올라 이글레시아스 공화국;;;;;;;;;;;;;x
VNZ_democracy2;파비올라 이글레시아스 의회공화국;;;;;;;;;;;;;x
VNZ_dominion;파비올라 이글레시아스 자치령;;;;;;;;;;;;;x
VNZ_dominion2;파비올라 이글레시아스 자치연방;;;;;;;;;;;;;x
VNZ_dominion3;파비올라 이글레시아스 왕실속령;;;;;;;;;;;;;x
VNZ_hms_government;파비올라 이글레시아스 입헌왕국;;;;;;;;;;;;;x
VNZ_hms_government2;파비올라 이글레시아스 의회내각;;;;;;;;;;;;;x
VNZ_prussian_constitutionalism;파비올라 이글레시아스 왕실평의회;;;;;;;;;;;;;x
VNZ_prussian_constitutionalism2;파비올라 이글레시아스 왕실참의회;;;;;;;;;;;;;x
VNZ_theocracy;파비올라 이글레시아스 주교령;;;;;;;;;;;;;x
VNZ_trade_unions_congress;파비올라 이글레시아스 노동자총연맹;;;;;;;;;;;;;x
VOJ_absolute_monarchy;호시구마 왕국;;;;;;;;;;;;;x
VOJ_absolute_monarchy2;호시구마 세습왕국;;;;;;;;;;;;;x
VOJ_democracy;호시구마 공화국;;;;;;;;;;;;;x
VOJ_democracy2;호시구마 의회공화국;;;;;;;;;;;;;x
VOJ_dominion;호시구마 자치령;;;;;;;;;;;;;x
VOJ_dominion2;호시구마 자치연방;;;;;;;;;;;;;x
VOJ_dominion3;호시구마 왕실속령;;;;;;;;;;;;;x
VOJ_hms_government;호시구마 입헌왕국;;;;;;;;;;;;;x
VOJ_hms_government2;호시구마 의회내각;;;;;;;;;;;;;x
VOJ_prussian_constitutionalism;호시구마 왕실참사회;;;;;;;;;;;;;x
VOJ_prussian_constitutionalism2;호시구마 왕실참의회;;;;;;;;;;;;;x
VOJ_theocracy;호시구마 주교령;;;;;;;;;;;;;x
VOJ_trade_unions_congress;호시구마 노동자평의회;;;;;;;;;;;;;x
VOP_absolute_monarchy;스페이스 이슈타르 왕국;;;;;;;;;;;;;x
VOP_absolute_monarchy2;스페이스 이슈타르 세습왕국;;;;;;;;;;;;;x
VOP_democracy;스페이스 이슈타르 공화국;;;;;;;;;;;;;x
VOP_democracy2;스페이스 이슈타르 의회공화국;;;;;;;;;;;;;x
VOP_dominion2;스페이스 이슈타르 자치연방;;;;;;;;;;;;;x
VOP_dominion3;스페이스 이슈타르 왕실속령;;;;;;;;;;;;;x
VOP_hms_government;스페이스 이슈타르 입헌왕국;;;;;;;;;;;;;x
VOP_hms_government2;스페이스 이슈타르 의회내각;;;;;;;;;;;;;x
VOP_prussian_constitutionalism;스페이스 이슈타르 왕실평의회;;;;;;;;;;;;;x
VOP_prussian_constitutionalism2;스페이스 이슈타르 왕실참의회;;;;;;;;;;;;;x
VOP_theocracy;스페이스 이슈타르 주교령;;;;;;;;;;;;;x
VOP_trade_unions_congress;스페이스 이슈타르 노동자총연맹;;;;;;;;;;;;;x
VTU_absolute_monarchy;시바테리움 왕국;;;;;;;;;;;;;x
VTU_absolute_monarchy2;시바테리움 세습왕국;;;;;;;;;;;;;x
VTU_democracy;시바테리움 공화국;;;;;;;;;;;;;x
VTU_democracy2;시바테리움 의회공화국;;;;;;;;;;;;;x
VTU_dominion2;시바테리움 자치국연합;;;;;;;;;;;;;x
VTU_dominion3;시바테리움 왕실보호령;;;;;;;;;;;;;x
VTU_hms_government;시바테리움 입헌왕국;;;;;;;;;;;;;x
VTU_hms_government2;시바테리움 의회내각;;;;;;;;;;;;;x
VTU_prussian_constitutionalism;시바테리움 추장회의;;;;;;;;;;;;;x
VTU_prussian_constitutionalism2;시바테리움 추장원로회;;;;;;;;;;;;;x
VTU_theocracy;시바테리움 교회연합국;;;;;;;;;;;;;x
VTU_trade_unions_congress;시바테리움 노동조합연맹;;;;;;;;;;;;;x
WAD_absolute_monarchy2;와다이 세습술탄국;;;;;;;;;;;;;x
WAD_colonial_company;와다이 통상회사령;;;;;;;;;;;;;x
WAD_democracy;와다이 공화국;;;;;;;;;;;;;x
WAD_democracy2;와다이 의회공화국;;;;;;;;;;;;;x
WAD_dominion;와다이 자치령;;;;;;;;;;;;;x
WAD_dominion2;와다이 자치연방;;;;;;;;;;;;;x
WAD_dominion3;와다이 보호토후령;;;;;;;;;;;;;x
WAD_hms_government2;와다이 의회내각;;;;;;;;;;;;;x
WAD_prussian_constitutionalism2;와다이 귀족협의회;;;;;;;;;;;;;x
WAD_theocracy;와다이 이맘국;;;;;;;;;;;;;x
WAD_trade_unions_congress;와다이 노동조합총연맹;;;;;;;;;;;;;x
WAL_absolute_monarchy;발레리 체페슈 공국;;;;;;;;;;;;;x
WAL_absolute_monarchy2;발레리 체페슈 세습공국;;;;;;;;;;;;;x
WAL_colonial_company;발레리 체페슈 특허회사령;;;;;;;;;;;;;x
WAL_democracy;발레리 체페슈 공화국;;;;;;;;;;;;;x
WAL_democracy2;발레리 체페슈 의회공화국;;;;;;;;;;;;;x
WAL_dominion;발레리 체페슈 자치령;;;;;;;;;;;;;x
WAL_dominion2;발레리 체페슈 자치연방;;;;;;;;;;;;;x
WAL_dominion3;발레리 체페슈 왕실속령;;;;;;;;;;;;;x
WAL_hms_government;발레리 체페슈 입헌공국;;;;;;;;;;;;;x
WAL_hms_government2;발레리 체페슈 의회내각;;;;;;;;;;;;;x
WAL_prussian_constitutionalism;발레리 체페슈 왕실참사회;;;;;;;;;;;;;x
WAL_prussian_constitutionalism2;발레리 체페슈 왕실참의회;;;;;;;;;;;;;x
WAL_theocracy;발레리 체페슈 총대주교령;;;;;;;;;;;;;x
WAL_trade_unions_congress;발레리 체페슈 노동자평의회;;;;;;;;;;;;;x
WAN_absolute_monarchy;왕가 왕국;;;;;;;;;;;;;x
WAN_absolute_monarchy2;왕가 세습왕국;;;;;;;;;;;;;x
WAN_colonial_company;왕가 특허회사령;;;;;;;;;;;;;x
WAN_democracy;왕가 공화국;;;;;;;;;;;;;x
WAN_democracy2;왕가 의회공화국;;;;;;;;;;;;;x
WAN_dominion;왕가 보호국;;;;;;;;;;;;;x
WAN_dominion2;왕가 자치국연합;;;;;;;;;;;;;x
WAN_dominion3;왕가 왕실보호령;;;;;;;;;;;;;x
WAN_hms_government;왕가 입헌왕국;;;;;;;;;;;;;x
WAN_hms_government2;왕가 의회내각;;;;;;;;;;;;;x
WAN_prussian_constitutionalism;왕가 왕실원로회;;;;;;;;;;;;;x
WAN_prussian_constitutionalism2;왕가 추장원로회;;;;;;;;;;;;;x
WAN_theocracy;왕가 제사장국;;;;;;;;;;;;;x
WAN_trade_unions_congress;왕가 노동조합연맹;;;;;;;;;;;;;x
WAS_absolute_monarchy;치토 군주국;;;;;;;;;;;;;x
WAS_absolute_monarchy2;치토 왕조;;;;;;;;;;;;;x
WAS_colonial_company;치토 특허회사령;;;;;;;;;;;;;x
WAS_democracy;치토 자치공화국;;;;;;;;;;;;;x
WAS_democracy2;치토 의회공화국;;;;;;;;;;;;;x
WAS_dominion;치토 자치령;;;;;;;;;;;;;x
WAS_dominion2;치토 자치연방;;;;;;;;;;;;;x
WAS_dominion3;치토 왕실속령;;;;;;;;;;;;;x
WAS_hms_government;치토 입헌군주국;;;;;;;;;;;;;x
WAS_hms_government2;치토 의회내각;;;;;;;;;;;;;x
WAS_prussian_constitutionalism;치토 군주의정회;;;;;;;;;;;;;x
WAS_prussian_constitutionalism2;치토 왕실참의회;;;;;;;;;;;;;x
WAS_theocracy;치토 신정국;;;;;;;;;;;;;x
WAS_trade_unions_congress;치토 노동조합연맹;;;;;;;;;;;;;x
WEI_absolute_monarchy2;다이와 스칼렛 세습대공국;;;;;;;;;;;;;x
WEI_democracy2;다이와 스칼렛 도시공화국;;;;;;;;;;;;;x
WEI_dominion2;다이와 스칼렛 자치연방;;;;;;;;;;;;;x
WEI_dominion3;다이와 스칼렛 왕실직할령;;;;;;;;;;;;;x
WEI_hms_government2;다이와 스칼렛 영방내각;;;;;;;;;;;;;x
WEI_prussian_constitutionalism2;다이와 스칼렛 제후회의;;;;;;;;;;;;;x
WEI_theocracy;다이와 스칼렛 교회연합국;;;;;;;;;;;;;x
WEI_trade_unions_congress;다이와 스칼렛 노동자평의회;;;;;;;;;;;;;x
WES_absolute_monarchy;티엠 오페라 오 공국;;;;;;;;;;;;;x
WES_absolute_monarchy2;티엠 오페라 오 세습공국;;;;;;;;;;;;;x
WES_colonial_company;티엠 오페라 오 특허회사령;;;;;;;;;;;;;x
WES_democracy;티엠 오페라 오 자유국;;;;;;;;;;;;;x
WES_democracy2;티엠 오페라 오 도시공화국;;;;;;;;;;;;;x
WES_dominion;티엠 오페라 오 자치령;;;;;;;;;;;;;x
WES_dominion2;티엠 오페라 오 자치연방;;;;;;;;;;;;;x
WES_dominion3;티엠 오페라 오 왕실직할령;;;;;;;;;;;;;x
WES_hms_government;티엠 오페라 오 입헌공국;;;;;;;;;;;;;x
WES_hms_government2;티엠 오페라 오 영방내각;;;;;;;;;;;;;x
WES_prussian_constitutionalism;티엠 오페라 오 영방의회;;;;;;;;;;;;;x
WES_prussian_constitutionalism2;티엠 오페라 오 제후회의;;;;;;;;;;;;;x
WES_theocracy;티엠 오페라 오 주교령;;;;;;;;;;;;;x
WES_trade_unions_congress;티엠 오페라 오 노동자평의회;;;;;;;;;;;;;x
WHA_absolute_monarchy;코하루 왕국;;;;;;;;;;;;;x
WHA_absolute_monarchy2;코하루 세습왕국;;;;;;;;;;;;;x
WHA_colonial_company;코하루 특허회사령;;;;;;;;;;;;;x
WHA_democracy;코하루 공화국;;;;;;;;;;;;;x
WHA_democracy2;코하루 의회공화국;;;;;;;;;;;;;x
WHA_dominion;코하루 자치령;;;;;;;;;;;;;x
WHA_dominion2;코하루 자치연방;;;;;;;;;;;;;x
WHA_dominion3;코하루 왕실속령;;;;;;;;;;;;;x
WHA_hms_government;코하루 입헌왕국;;;;;;;;;;;;;x
WHA_hms_government2;코하루 의회내각;;;;;;;;;;;;;x
WHA_prussian_constitutionalism;코하루 추밀원;;;;;;;;;;;;;x
WHA_prussian_constitutionalism2;코하루 왕실참의회;;;;;;;;;;;;;x
WHA_theocracy;코하루 교회연합국;;;;;;;;;;;;;x
WHA_trade_unions_congress;코하루 노동조합회의;;;;;;;;;;;;;x
WIA_absolute_monarchy;프틸롭시스 왕국;;;;;;;;;;;;;x
WIA_absolute_monarchy2;프틸롭시스 세습왕국;;;;;;;;;;;;;x
WIA_colonial_company;프틸롭시스 특허회사령;;;;;;;;;;;;;x
WIA_democracy;프틸롭시스 공화국;;;;;;;;;;;;;x
WIA_democracy2;프틸롭시스 의회공화국;;;;;;;;;;;;;x
WIA_dominion;프틸롭시스 자치령;;;;;;;;;;;;;x
WIA_dominion2;프틸롭시스 자치연방;;;;;;;;;;;;;x
WIA_dominion3;프틸롭시스 왕실속령;;;;;;;;;;;;;x
WIA_hms_government;프틸롭시스 입헌왕국;;;;;;;;;;;;;x
WIA_hms_government2;프틸롭시스 의회내각;;;;;;;;;;;;;x
WIA_prussian_constitutionalism;프틸롭시스 왕실참사회;;;;;;;;;;;;;x
WIA_prussian_constitutionalism2;프틸롭시스 왕실참의회;;;;;;;;;;;;;x
WIA_theocracy;프틸롭시스 승가국;;;;;;;;;;;;;x
WIA_trade_unions_congress;프틸롭시스 노동조합연맹;;;;;;;;;;;;;x
WIN_absolute_monarchy;알파카 수리 왕국;;;;;;;;;;;;;x
WIN_absolute_monarchy2;알파카 수리 세습왕국;;;;;;;;;;;;;x
WIN_democracy;알파카 수리 공화국;;;;;;;;;;;;;x
WIN_democracy2;알파카 수리 의회공화국;;;;;;;;;;;;;x
WIN_dominion2;알파카 수리 자치연방;;;;;;;;;;;;;x
WIN_dominion3;알파카 수리 왕실속령;;;;;;;;;;;;;x
WIN_hms_government2;알파카 수리 의회내각;;;;;;;;;;;;;x
WIN_prussian_constitutionalism;알파카 수리 왕실평의회;;;;;;;;;;;;;x
WIN_prussian_constitutionalism2;알파카 수리 왕실참의회;;;;;;;;;;;;;x
WIN_theocracy;알파카 수리 교회연합국;;;;;;;;;;;;;x
WIN_trade_unions_congress;알파카 수리 노동자총연맹;;;;;;;;;;;;;x
WLD_absolute_monarchy2;나이스 네이처 세습후국;;;;;;;;;;;;;x
WLD_democracy2;나이스 네이처 도시공화국;;;;;;;;;;;;;x
WLD_dominion2;나이스 네이처 자치연방;;;;;;;;;;;;;x
WLD_dominion3;나이스 네이처 왕실직할령;;;;;;;;;;;;;x
WLD_hms_government2;나이스 네이처 영방내각;;;;;;;;;;;;;x
WLD_prussian_constitutionalism2;나이스 네이처 제후회의;;;;;;;;;;;;;x
WLD_theocracy;나이스 네이처 교회연합국;;;;;;;;;;;;;x
WLD_trade_unions_congress;나이스 네이처 노동자평의회;;;;;;;;;;;;;x
WLL_absolute_monarchy;엠버 왕국;;;;;;;;;;;;;x
WLL_absolute_monarchy2;엠버 세습왕국;;;;;;;;;;;;;x
WLL_colonial_company;엠버 특허회사령;;;;;;;;;;;;;x
WLL_democracy;엠버 공화국;;;;;;;;;;;;;x
WLL_democracy2;엠버 의회공화국;;;;;;;;;;;;;x
WLL_dominion;엠버 자치령;;;;;;;;;;;;;x
WLL_dominion2;엠버 자치연방;;;;;;;;;;;;;x
WLL_dominion3;엠버 왕실속령;;;;;;;;;;;;;x
WLL_hms_government;엠버 입헌왕국;;;;;;;;;;;;;x
WLL_hms_government2;엠버 의회내각;;;;;;;;;;;;;x
WLL_prussian_constitutionalism;엠버 왕실국무원;;;;;;;;;;;;;x
WLL_prussian_constitutionalism2;엠버 왕실참의회;;;;;;;;;;;;;x
WLL_theocracy;엠버 주교령;;;;;;;;;;;;;x
WLL_trade_unions_congress;엠버 노동총동맹;;;;;;;;;;;;;x
WOL_absolute_monarchy2;월로프 세습술탄국;;;;;;;;;;;;;x
WOL_colonial_company;월로프 통상회사령;;;;;;;;;;;;;x
WOL_democracy;월로프 공화국;;;;;;;;;;;;;x
WOL_democracy2;월로프 의회공화국;;;;;;;;;;;;;x
WOL_dominion;월로프 자치령;;;;;;;;;;;;;x
WOL_dominion2;월로프 자치연방;;;;;;;;;;;;;x
WOL_dominion3;월로프 보호토후령;;;;;;;;;;;;;x
WOL_hms_government2;월로프 의회내각;;;;;;;;;;;;;x
WOL_prussian_constitutionalism2;월로프 귀족협의회;;;;;;;;;;;;;x
WOL_trade_unions_congress;월로프 노동조합총연맹;;;;;;;;;;;;;x
WRI_absolute_monarchy;와리 왕국;;;;;;;;;;;;;x
WRI_absolute_monarchy2;와리 세습왕국;;;;;;;;;;;;;x
WRI_colonial_company;와리 특허회사령;;;;;;;;;;;;;x
WRI_democracy;와리 공화국;;;;;;;;;;;;;x
WRI_democracy2;와리 의회공화국;;;;;;;;;;;;;x
WRI_dominion;와리 보호국;;;;;;;;;;;;;x
WRI_dominion2;와리 자치국연합;;;;;;;;;;;;;x
WRI_dominion3;와리 왕실보호령;;;;;;;;;;;;;x
WRI_hms_government;와리 입헌왕국;;;;;;;;;;;;;x
WRI_hms_government2;와리 의회내각;;;;;;;;;;;;;x
WRI_prussian_constitutionalism;와리 왕실원로회;;;;;;;;;;;;;x
WRI_prussian_constitutionalism2;와리 추장원로회;;;;;;;;;;;;;x
WRI_theocracy;와리 제사장국;;;;;;;;;;;;;x
WRI_trade_unions_congress;와리 노동조합연맹;;;;;;;;;;;;;x
WRL_absolute_monarchy;와르상갈리 술탄국;;;;;;;;;;;;;x
WRL_absolute_monarchy2;와르상갈리 세습술탄국;;;;;;;;;;;;;x
WRL_colonial_company;와르상갈리 통상회사령;;;;;;;;;;;;;x
WRL_democracy;와르상갈리 공화국;;;;;;;;;;;;;x
WRL_democracy2;와르상갈리 의회공화국;;;;;;;;;;;;;x
WRL_dominion;와르상갈리 자치령;;;;;;;;;;;;;x
WRL_dominion2;와르상갈리 자치연방;;;;;;;;;;;;;x
WRL_dominion3;와르상갈리 보호토후령;;;;;;;;;;;;;x
WRL_hms_government;와르상갈리 입헌술탄국;;;;;;;;;;;;;x
WRL_hms_government2;와르상갈리 의회내각;;;;;;;;;;;;;x
WRL_prussian_constitutionalism;와르상갈리 술탄참사회;;;;;;;;;;;;;x
WRL_prussian_constitutionalism2;와르상갈리 귀족협의회;;;;;;;;;;;;;x
WRL_theocracy;와르상갈리 이맘국;;;;;;;;;;;;;x
WRL_trade_unions_congress;와르상갈리 노동조합연맹;;;;;;;;;;;;;x
WSF_absolute_monarchy;토사 왕국;;;;;;;;;;;;;x
WSF_absolute_monarchy2;토사 세습왕국;;;;;;;;;;;;;x
WSF_colonial_company;토사 특허회사령;;;;;;;;;;;;;x
WSF_democracy;토사 공화국;;;;;;;;;;;;;x
WSF_democracy2;토사 의회공화국;;;;;;;;;;;;;x
WSF_dominion;토사 자치령;;;;;;;;;;;;;x
WSF_dominion2;토사 자치연방;;;;;;;;;;;;;x
WSF_dominion3;토사 왕실속령;;;;;;;;;;;;;x
WSF_hms_government;토사 입헌왕국;;;;;;;;;;;;;x
WSF_hms_government2;토사 의회내각;;;;;;;;;;;;;x
WSF_prussian_constitutionalism;토사 셰임;;;;;;;;;;;;;x
WSF_prussian_constitutionalism2;토사 왕실참의회;;;;;;;;;;;;;x
WSF_theocracy;토사 주교령;;;;;;;;;;;;;x
WSF_trade_unions_congress;토사 노동자평의회;;;;;;;;;;;;;x
WUR_absolute_monarchy2;트레센 세습왕국;;;;;;;;;;;;;x
WUR_democracy2;트레센 도시공화국;;;;;;;;;;;;;x
WUR_dominion2;트레센 자치연방;;;;;;;;;;;;;x
WUR_dominion3;트레센 왕실직할령;;;;;;;;;;;;;x
WUR_hms_government2;트레센 영방내각;;;;;;;;;;;;;x
WUR_prussian_constitutionalism2;트레센 제후회의;;;;;;;;;;;;;x
WUR_theocracy;트레센 주교령;;;;;;;;;;;;;x
WUR_trade_unions_congress;트레센 노동자평의회;;;;;;;;;;;;;x
XBI_absolute_monarchy;비소 황조;;;;;;;;;;;;;x
XBI_absolute_monarchy2;비소 황실조정;;;;;;;;;;;;;x
XBI_colonial_company;비소 조계지;;;;;;;;;;;;;x
XBI_democracy;비소 민국;;;;;;;;;;;;;x
XBI_democracy2;비소 연성공화국;;;;;;;;;;;;;x
XBI_dominion;비소 자치성;;;;;;;;;;;;;x
XBI_dominion2;비소 연성정부;;;;;;;;;;;;;x
XBI_dominion3;비소 번부;;;;;;;;;;;;;x
XBI_hms_government;비소 책임내각;;;;;;;;;;;;;x
XBI_hms_government2;비소 의회내각;;;;;;;;;;;;;x
XBI_prussian_constitutionalism;비소 자정원;;;;;;;;;;;;;x
XBI_prussian_constitutionalism2;비소 참정원;;;;;;;;;;;;;x
XBI_theocracy;비소 이맘국;;;;;;;;;;;;;x
XBI_trade_unions_congress;비소 총공회;;;;;;;;;;;;;x
XHO_absolute_monarchy;코사 왕국;;;;;;;;;;;;;x
XHO_absolute_monarchy2;코사 세습왕국;;;;;;;;;;;;;x
XHO_colonial_company;코사 특허회사령;;;;;;;;;;;;;x
XHO_democracy2;코사 의회공화국;;;;;;;;;;;;;x
XHO_dominion;코사 보호국;;;;;;;;;;;;;x
XHO_dominion2;코사 자치국연합;;;;;;;;;;;;;x
XHO_dominion3;코사 왕실보호령;;;;;;;;;;;;;x
XHO_hms_government;코사 입헌왕국;;;;;;;;;;;;;x
XHO_hms_government2;코사 의회내각;;;;;;;;;;;;;x
XHO_prussian_constitutionalism;코사 왕실원로회;;;;;;;;;;;;;x
XHO_prussian_constitutionalism2;코사 추장원로회;;;;;;;;;;;;;x
XHO_theocracy;코사 제사장국;;;;;;;;;;;;;x
XHO_trade_unions_congress;코사 노동조합연맹;;;;;;;;;;;;;x
XIN_absolute_monarchy;선주 연맹 황조;;;;;;;;;;;;;x
XIN_absolute_monarchy2;선주 연맹 황실조정;;;;;;;;;;;;;x
XIN_colonial_company;선주 연맹 조계지;;;;;;;;;;;;;x
XIN_democracy;선주 연맹 민국;;;;;;;;;;;;;x
XIN_democracy2;선주 연맹 연성공화국;;;;;;;;;;;;;x
XIN_dominion;선주 연맹 자치성;;;;;;;;;;;;;x
XIN_dominion2;선주 연맹 연성정부;;;;;;;;;;;;;x
XIN_dominion3;선주 연맹 번부;;;;;;;;;;;;;x
XIN_hms_government;선주 연맹 책임내각;;;;;;;;;;;;;x
XIN_hms_government2;선주 연맹 의회내각;;;;;;;;;;;;;x
XIN_prussian_constitutionalism;선주 연맹 자정원;;;;;;;;;;;;;x
XIN_prussian_constitutionalism2;선주 연맹 참정원;;;;;;;;;;;;;x
XIN_theocracy;선주 연맹 유교제정국;;;;;;;;;;;;;x
XIN_trade_unions_congress;선주 연맹 총공회;;;;;;;;;;;;;x
YAK_absolute_monarchy;레토 대추장국;;;;;;;;;;;;;x
YAK_absolute_monarchy2;레토 왕조;;;;;;;;;;;;;x
YAK_colonial_company;레토 특허회사령;;;;;;;;;;;;;x
YAK_democracy;레토 부족공화국;;;;;;;;;;;;;x
YAK_democracy2;레토 의회공화국;;;;;;;;;;;;;x
YAK_dominion;레토 보호국;;;;;;;;;;;;;x
YAK_dominion2;레토 자치국연합;;;;;;;;;;;;;x
YAK_dominion3;레토 왕실보호령;;;;;;;;;;;;;x
YAK_hms_government;레토 입헌추장국;;;;;;;;;;;;;x
YAK_hms_government2;레토 의회내각;;;;;;;;;;;;;x
YAK_prussian_constitutionalism;레토 부족원로회;;;;;;;;;;;;;x
YAK_prussian_constitutionalism2;레토 추장원로회;;;;;;;;;;;;;x
YAK_theocracy;레토 제사장국;;;;;;;;;;;;;x
YAK_trade_unions_congress;레토 생산자연맹;;;;;;;;;;;;;x
YEM_absolute_monarchy;야호다 이맘국;;;;;;;;;;;;;x
YEM_absolute_monarchy2;야호다 세습이맘국;;;;;;;;;;;;;x
YEM_democracy;야호다 공화국;;;;;;;;;;;;;x
YEM_democracy2;야호다 의회공화국;;;;;;;;;;;;;x
YEM_dominion2;야호다 자치연방;;;;;;;;;;;;;x
YEM_dominion3;야호다 보호토후령;;;;;;;;;;;;;x
YEM_hms_government;야호다 입헌이맘국;;;;;;;;;;;;;x
YEM_hms_government2;야호다 의회내각;;;;;;;;;;;;;x
YEM_prussian_constitutionalism;야호다 슈라 평의회;;;;;;;;;;;;;x
YEM_prussian_constitutionalism2;야호다 귀족협의회;;;;;;;;;;;;;x
YEM_theocracy;야호다 이맘국;;;;;;;;;;;;;x
YEM_trade_unions_congress;야호다 노동조합총연맹;;;;;;;;;;;;;x
YNN_absolute_monarchy;부현 황조;;;;;;;;;;;;;x
YNN_absolute_monarchy2;부현 황실조정;;;;;;;;;;;;;x
YNN_colonial_company;부현 조계지;;;;;;;;;;;;;x
YNN_democracy;부현 민국;;;;;;;;;;;;;x
YNN_democracy2;부현 연성공화국;;;;;;;;;;;;;x
YNN_dominion;부현 자치성;;;;;;;;;;;;;x
YNN_dominion2;부현 연성정부;;;;;;;;;;;;;x
YNN_dominion3;부현 번부;;;;;;;;;;;;;x
YNN_hms_government;부현 책임내각;;;;;;;;;;;;;x
YNN_hms_government2;부현 의회내각;;;;;;;;;;;;;x
YNN_prussian_constitutionalism;부현 자정원;;;;;;;;;;;;;x
YNN_prussian_constitutionalism2;부현 참정원;;;;;;;;;;;;;x
YNN_theocracy;부현 승가국;;;;;;;;;;;;;x
YNN_trade_unions_congress;부현 총공회;;;;;;;;;;;;;x
YUC_absolute_monarchy;바슈 왕국;;;;;;;;;;;;;x
YUC_absolute_monarchy2;바슈 세습왕국;;;;;;;;;;;;;x
YUC_democracy2;바슈 의회공화국;;;;;;;;;;;;;x
YUC_dominion;바슈 자치령;;;;;;;;;;;;;x
YUC_dominion2;바슈 자치연방;;;;;;;;;;;;;x
YUC_dominion3;바슈 왕실속령;;;;;;;;;;;;;x
YUC_hms_government;바슈 입헌왕국;;;;;;;;;;;;;x
YUC_hms_government2;바슈 의회내각;;;;;;;;;;;;;x
YUC_prussian_constitutionalism;바슈 왕실평의회;;;;;;;;;;;;;x
YUC_prussian_constitutionalism2;바슈 왕실참의회;;;;;;;;;;;;;x
YUC_theocracy;바슈 주교령;;;;;;;;;;;;;x
YUC_trade_unions_congress;바슈 노동자총연맹;;;;;;;;;;;;;x
YUG_absolute_monarchy;비르투오사 왕국;;;;;;;;;;;;;x
YUG_absolute_monarchy2;비르투오사 세습왕국;;;;;;;;;;;;;x
YUG_colonial_company;비르투오사 특허회사령;;;;;;;;;;;;;x
YUG_democracy;비르투오사 공화국;;;;;;;;;;;;;x
YUG_democracy2;비르투오사 의회공화국;;;;;;;;;;;;;x
YUG_dominion;비르투오사 자치령;;;;;;;;;;;;;x
YUG_dominion2;비르투오사 자치연방;;;;;;;;;;;;;x
YUG_dominion3;비르투오사 왕실속령;;;;;;;;;;;;;x
YUG_hms_government;비르투오사 입헌왕국;;;;;;;;;;;;;x
YUG_hms_government2;비르투오사 의회내각;;;;;;;;;;;;;x
YUG_prussian_constitutionalism;비르투오사 왕실참사회;;;;;;;;;;;;;x
YUG_prussian_constitutionalism2;비르투오사 왕실참의회;;;;;;;;;;;;;x
YUG_theocracy;비르투오사 총대주교령;;;;;;;;;;;;;x
YUG_trade_unions_congress;비르투오사 노동자평의회;;;;;;;;;;;;;x
YZW_absolute_monarchy;시즈코 번;;;;;;;;;;;;;x
YZW_absolute_monarchy2;시즈코 막부;;;;;;;;;;;;;x
YZW_colonial_company;시즈코 상관령;;;;;;;;;;;;;x
YZW_democracy;시즈코 공화국;;;;;;;;;;;;;x
YZW_democracy2;시즈코 의회공화국;;;;;;;;;;;;;x
YZW_dominion;시즈코 자치번;;;;;;;;;;;;;x
YZW_dominion2;시즈코 제번연합;;;;;;;;;;;;;x
YZW_dominion3;시즈코 막부직할령;;;;;;;;;;;;;x
YZW_hms_government;시즈코 입헌번;;;;;;;;;;;;;x
YZW_hms_government2;시즈코 의회내각;;;;;;;;;;;;;x
YZW_prussian_constitutionalism;시즈코 번정평의회;;;;;;;;;;;;;x
YZW_prussian_constitutionalism2;시즈코 번주평의회;;;;;;;;;;;;;x
YZW_theocracy;시즈코 승가국;;;;;;;;;;;;;x
YZW_trade_unions_congress;시즈코 노동조합총평의회;;;;;;;;;;;;;x
ZAC_absolute_monarchy;샌디에고 왕국;;;;;;;;;;;;;x
ZAC_absolute_monarchy2;샌디에고 세습왕국;;;;;;;;;;;;;x
ZAC_democracy2;샌디에고 의회공화국;;;;;;;;;;;;;x
ZAC_dominion;샌디에고 자치령;;;;;;;;;;;;;x
ZAC_dominion2;샌디에고 자치연방;;;;;;;;;;;;;x
ZAC_dominion3;샌디에고 왕실속령;;;;;;;;;;;;;x
ZAC_hms_government;샌디에고 입헌왕국;;;;;;;;;;;;;x
ZAC_hms_government2;샌디에고 의회내각;;;;;;;;;;;;;x
ZAC_prussian_constitutionalism;샌디에고 왕실평의회;;;;;;;;;;;;;x
ZAC_prussian_constitutionalism2;샌디에고 왕실참의회;;;;;;;;;;;;;x
ZAC_theocracy;샌디에고 주교령;;;;;;;;;;;;;x
ZAC_trade_unions_congress;샌디에고 노동자총연맹;;;;;;;;;;;;;x
ZAM_absolute_monarchy;잠비아 왕국;;;;;;;;;;;;;x
ZAM_absolute_monarchy2;잠비아 세습왕국;;;;;;;;;;;;;x
ZAM_democracy;잠비아 공화국;;;;;;;;;;;;;x
ZAM_democracy2;잠비아 의회공화국;;;;;;;;;;;;;x
ZAM_dominion2;잠비아 자치국연합;;;;;;;;;;;;;x
ZAM_dominion3;잠비아 왕실보호령;;;;;;;;;;;;;x
ZAM_hms_government;잠비아 입헌왕국;;;;;;;;;;;;;x
ZAM_hms_government2;잠비아 의회내각;;;;;;;;;;;;;x
ZAM_prussian_constitutionalism;잠비아 왕실원로회;;;;;;;;;;;;;x
ZAM_prussian_constitutionalism2;잠비아 추장원로회;;;;;;;;;;;;;x
ZAM_theocracy;잠비아 교회연합국;;;;;;;;;;;;;x
ZAM_trade_unions_congress;잠비아 노동조합연맹;;;;;;;;;;;;;x
ZAN_absolute_monarchy;잔지바르 술탄국;;;;;;;;;;;;;x
ZAN_absolute_monarchy2;잔지바르 세습술탄국;;;;;;;;;;;;;x
ZAN_colonial_company;잔지바르 통상회사령;;;;;;;;;;;;;x
ZAN_democracy;잔지바르 공화국;;;;;;;;;;;;;x
ZAN_democracy2;잔지바르 의회공화국;;;;;;;;;;;;;x
ZAN_dominion;잔지바르 자치령;;;;;;;;;;;;;x
ZAN_dominion2;잔지바르 자치연방;;;;;;;;;;;;;x
ZAN_dominion3;잔지바르 보호토후령;;;;;;;;;;;;;x
ZAN_hms_government;잔지바르 입헌술탄국;;;;;;;;;;;;;x
ZAN_hms_government2;잔지바르 의회내각;;;;;;;;;;;;;x
ZAN_prussian_constitutionalism;잔지바르 술탄참사회;;;;;;;;;;;;;x
ZAN_prussian_constitutionalism2;잔지바르 귀족협의회;;;;;;;;;;;;;x
ZAN_theocracy;잔지바르 이맘국;;;;;;;;;;;;;x
ZAN_trade_unions_congress;잔지바르 노동조합연맹;;;;;;;;;;;;;x
ZBW_absolute_monarchy;짐바브웨 왕국;;;;;;;;;;;;;x
ZBW_absolute_monarchy2;짐바브웨 세습왕국;;;;;;;;;;;;;x
ZBW_colonial_company;짐바브웨 특허회사령;;;;;;;;;;;;;x
ZBW_democracy;짐바브웨 공화국;;;;;;;;;;;;;x
ZBW_democracy2;짐바브웨 의회공화국;;;;;;;;;;;;;x
ZBW_dominion;짐바브웨 보호국;;;;;;;;;;;;;x
ZBW_dominion2;짐바브웨 자치국연합;;;;;;;;;;;;;x
ZBW_dominion3;짐바브웨 왕실보호령;;;;;;;;;;;;;x
ZBW_hms_government;짐바브웨 입헌왕국;;;;;;;;;;;;;x
ZBW_hms_government2;짐바브웨 의회내각;;;;;;;;;;;;;x
ZBW_prussian_constitutionalism;짐바브웨 왕실원로회;;;;;;;;;;;;;x
ZBW_prussian_constitutionalism2;짐바브웨 추장원로회;;;;;;;;;;;;;x
ZBW_theocracy;짐바브웨 제사장국;;;;;;;;;;;;;x
ZBW_trade_unions_congress;짐바브웨 노동조합연맹;;;;;;;;;;;;;x
ZFN_absolute_monarchy;에스코피에 토후국;;;;;;;;;;;;;x
ZFN_absolute_monarchy2;에스코피에 세습토후국;;;;;;;;;;;;;x
ZFN_colonial_company;에스코피에 통상회사령;;;;;;;;;;;;;x
ZFN_democracy;에스코피에 공화국;;;;;;;;;;;;;x
ZFN_democracy2;에스코피에 의회공화국;;;;;;;;;;;;;x
ZFN_dominion;에스코피에 자치령;;;;;;;;;;;;;x
ZFN_dominion2;에스코피에 자치연방;;;;;;;;;;;;;x
ZFN_dominion3;에스코피에 보호토후령;;;;;;;;;;;;;x
ZFN_hms_government;에스코피에 입헌토후국;;;;;;;;;;;;;x
ZFN_hms_government2;에스코피에 의회내각;;;;;;;;;;;;;x
ZFN_prussian_constitutionalism;에스코피에 지르가;;;;;;;;;;;;;x
ZFN_prussian_constitutionalism2;에스코피에 귀족협의회;;;;;;;;;;;;;x
ZFN_theocracy;에스코피에 이맘국;;;;;;;;;;;;;x
ZFN_trade_unions_congress;에스코피에 노동자평의회;;;;;;;;;;;;;x
ZOM_absolute_monarchy;유리 군주국;;;;;;;;;;;;;x
ZOM_absolute_monarchy2;유리 왕조;;;;;;;;;;;;;x
ZOM_colonial_company;유리 특허회사령;;;;;;;;;;;;;x
ZOM_democracy;유리 자치공화국;;;;;;;;;;;;;x
ZOM_democracy2;유리 의회공화국;;;;;;;;;;;;;x
ZOM_dominion;유리 자치령;;;;;;;;;;;;;x
ZOM_dominion2;유리 자치연방;;;;;;;;;;;;;x
ZOM_dominion3;유리 왕실속령;;;;;;;;;;;;;x
ZOM_hms_government;유리 입헌군주국;;;;;;;;;;;;;x
ZOM_hms_government2;유리 의회내각;;;;;;;;;;;;;x
ZOM_prussian_constitutionalism;유리 군주의정회;;;;;;;;;;;;;x
ZOM_prussian_constitutionalism2;유리 왕실참의회;;;;;;;;;;;;;x
ZOM_theocracy;유리 제사장국;;;;;;;;;;;;;x
ZOM_trade_unions_congress;유리 노동조합연맹;;;;;;;;;;;;;x
ZOU_absolute_monarchy;자우트판스베르흐 왕국;;;;;;;;;;;;;x
ZOU_absolute_monarchy2;자우트판스베르흐 세습왕국;;;;;;;;;;;;;x
ZOU_colonial_company;자우트판스베르흐 특허회사령;;;;;;;;;;;;;x
ZOU_democracy;자우트판스베르흐 자유공화국;;;;;;;;;;;;;x
ZOU_democracy2;자우트판스베르흐 시민의회;;;;;;;;;;;;;x
ZOU_dominion;자우트판스베르흐 자치공화국;;;;;;;;;;;;;x
ZOU_dominion2;자우트판스베르흐 자치연방;;;;;;;;;;;;;x
ZOU_dominion3;자우트판스베르흐 왕실속령;;;;;;;;;;;;;x
ZOU_hms_government;자우트판스베르흐 입헌왕국;;;;;;;;;;;;;x
ZOU_hms_government2;자우트판스베르흐 의회내각;;;;;;;;;;;;;x
ZOU_prussian_constitutionalism;자우트판스베르흐 시민평의회;;;;;;;;;;;;;x
ZOU_prussian_constitutionalism2;자우트판스베르흐 왕실참의회;;;;;;;;;;;;;x
ZOU_theocracy;자우트판스베르흐 교회연합국;;;;;;;;;;;;;x
ZOU_trade_unions_congress;자우트판스베르흐 노동조합연맹;;;;;;;;;;;;;x
ZUL_absolute_monarchy;줄루 왕국;;;;;;;;;;;;;x
ZUL_absolute_monarchy2;줄루 세습왕국;;;;;;;;;;;;;x
ZUL_colonial_company;줄루 특허회사령;;;;;;;;;;;;;x
ZUL_democracy;줄루 공화국;;;;;;;;;;;;;x
ZUL_democracy2;줄루 의회공화국;;;;;;;;;;;;;x
ZUL_dominion;줄루 보호국;;;;;;;;;;;;;x
ZUL_dominion2;줄루 자치국연합;;;;;;;;;;;;;x
ZUL_dominion3;줄루 왕실보호령;;;;;;;;;;;;;x
ZUL_hms_government;줄루 입헌왕국;;;;;;;;;;;;;x
ZUL_hms_government2;줄루 의회내각;;;;;;;;;;;;;x
ZUL_prussian_constitutionalism;줄루 왕실원로회;;;;;;;;;;;;;x
ZUL_prussian_constitutionalism2;줄루 추장원로회;;;;;;;;;;;;;x
ZUL_theocracy;줄루 제사장국;;;;;;;;;;;;;x
ZUL_trade_unions_congress;줄루 노동조합연맹;;;;;;;;;;;;;x
