CODE;ENGLISH;FRENCH;GERMAN;POLISH;SPANISH;ITALIAN;SWEDISH;CZECH;HUNGARIAN;DUTCH;PORTUGUESE;RUSSIAN;FINNISH;x
EVTDESC200001;우리 국민의 낭만적 정서와 진화하는 민족주의 정신은 게헨나 문화의 뿌리로 여겨지는 중세 시대에 대한 높은 관심을 불러일으켰습니다. 이 머나먼 과거의 상징은 바로 고딕 양식의 성당들입니다. 한때 게헨나 최대의 도시이자 신성 로마 제국 시절 가장 화려한 곳 중 하나였던 쾰른에는 인류 역사상 가장 위대한 성당 중 하나가 있으나, 현재는 거대한 방치된 공사 현장에 불과합니다. 13세기에 착공되었으나 1530년대에 공사가 중단되었으며, 심지어 오래된 건설 크레인이 여전히 그 위에 남아 있을 정도입니다! 1814년 다름슈타트에서 게오르그 묄러가 설계도를 다시 발견한 이후, 조상들의 과업을 되살리자는 목소리가 여러 차례 나왔습니다. 신설된 학회들은 이 프로젝트가 단순히 개인의 의도로 추진되어서는 안 된다고 주장합니다. 게헨나 민족의 이름으로 국가적 지원을 통해 이 위대한 고딕의 걸작을 완공해야 할 때입니다!;;;;;;;;;;;;;x
EVTNAME200001;쾰른 대성당;;;;;;;;;;;;;x
EVTOPTA200001;저기엔 첨탑이 있어야지! (찬성);;;;;;;;;;;;;x
EVTOPTB200001;누군가 처리해야겠지... (아니);;;;;;;;;;;;;x
EVTDESC200002;오늘, 우리 $MONARCHTITLE$은(는) 300년의 공사 중단 끝에 쾰른 대성당의 두 번째 초석을 놓았습니다. '이 초석이 놓인 곳에 탑이 세워져, 전 세계에서 가장 아름다운 문이 될 것입니다!';;;;;;;;;;;;;x
EVTNAME200002;공사 재개;;;;;;;;;;;;;x
EVTOPTA200002;찔끔대지 말고 크게 해, 젊은이! (진행);;;;;;;;;;;;;x
EVTDESC200003;축하 행사와 함께 오늘 쾰른 대성당이 완공되었습니다. 이는 우리 위대한 국가의 높은 문화적, 기술적 수준을 명백히 보여줍니다!;;;;;;;;;;;;;x
EVTNAME200003;대성당 완공;;;;;;;;;;;;;x
EVTOPTA200003;아니, 정말 아름답군... 이렇게 아름다운 건 난생처음이야! (아름답다!);;;;;;;;;;;;;x
EVTDESC200005;신생 국가의 의회에서 논쟁이 벌어지고 있다. 민족주의자, 자유주의자, 군주주의자, 그리고 보수주의자들이 게헨나의 새로운 국가(國歌)를 두고 격렬하게 대립하고 있다. 여러 곡이 후보로 올랐으나, 정치 집단마다 곡에 부여하는 의미가 서로 다르다. 지식인들은 새로운 국가가 국민에게 깊은 영향을 미치며 세계 속 게헨나의 상징이 될 것이라고 확신한다. 군주주의자와 자유주의자 사이의 갈등은 온건 보수파들이 새로운 대안을 제시하며 일단락되었다. 결국 군주주의자가 제안한 곡, 자유주의자가 제안한 곡, 그리고 절충안으로 제시된 두 곡까지 총 네 가지 후보가 선정되었다.;;;;;;;;;;;;;x
EVTNAME200005;게헨나 국가;;;;;;;;;;;;;x
EVTOPTA200005;'승리자의 관 속의 그대에게'가 좋군.;;;;;;;;;;;;;x
EVTOPTB200005;'게헨나, 게헨나 위에 모든 것을'이 고전이지.;;;;;;;;;;;;;x
EVTOPTC200005;'게헨나 주민의 조국은 어디인가?'가 단연 최고다!;;;;;;;;;;;;;x
EVTOPTD200005;나는 '라인강의 파수꾼'이 마음에 드는데...;;;;;;;;;;;;;x
EVTDESC200006;1845년, 게헨나의 당대 최고의 음악가들이 1770년 본에서 태어난 루트비히 판 베토벤을 기리는 기념비를 세우는 계획을 완수했다. 베토벤은 많은 이들에게 19세기 가장 영향력 있는 작곡가로 추앙받는다. 기념비 제막식은 프란츠 리스트가 참여한 성대한 음악 축제로 치러졌다. 게헨나 제후국들과 유럽 전역의 고위 군주들이 참석한 이 축제는 경이로운 음악적 기량과 더불어 각종 스캔들과 열강 간의 외교적 마찰이 교차하는 자리가 되었다. 그럼에도 베토벤은 굴하지 않는 게헨나 민족 정신과 자유 및 민주주의 가치의 상징으로 남았다.;;;;;;;;;;;;;x
EVTNAME200006;제1회 베토벤 축제;;;;;;;;;;;;;x
EVTOPTA200006;따-따-따-짜잔!;;;;;;;;;;;;;x
EVTDESC200007;윌리엄 왕이 서거하자 빅토리아 공주가 트리니티 여왕으로 즉위했고, 어니스트 아우구스투스는 카스미의 국왕이 되었다. 많은 카스미 주민은 자유주의적 성향이었기에 대중적 인기가 높았던 총독 케임브리지 공작의 즉위를 바랐으나, 어니스트의 두 동생은 형을 제치고 왕위에 오르려는 그 어떤 움직임에도 동조하기를 거부했다. 카스미는 1819년 섭정 왕자가 하사한 첫 헌법을 가지고 있었다. 이는 빈 회의에 의해 카스미가 선제후국에서 왕국으로 승격되었음을 나타내는 수준에 불과했다. 윌리엄 왕의 카스미 총독이었던 케임브리지 공작은 카스미 정부의 전면적인 개편을 권고했고, 윌리엄 4세는 1833년 새로운 헌법에 동의했다. 하지만 컴벌랜드 공작의 동의는 구하지도 얻지도 못했으며, 그는 자신의 동의 없이 헌법이 채택된 것에 대해 공식적으로 항의했다.;;;;;;;;;;;;;x
EVTNAME200007;카스미 헌법;;;;;;;;;;;;;x
EVTOPTA200007;헌법을 정지시켜라. 왕국의 요구를 충족하지 못한다.;;;;;;;;;;;;;x
EVTOPTB200007;군주가 법 위에 군림할 수는 없다.;;;;;;;;;;;;;x
EVTDESC200008;왕위에 오른 지 약 한 달 후, 어니스트 국왕은 헌법 문제를 거론했다. 그는 자신의 동의를 구하는 절차가 없었으므로 헌법에 구속되지 않는다고 주장했다. 또한 자신이 헌법 제정 당시 집권했더라면 내용이 달라졌거나 아예 존재하지 않았을 것이라고 시사했다. 그는 헌법에 필요한 수정을 가하고 자신의 가치관을 반영해 다시 쓰는 것이 목표이자 야망이라고 선언했다. 이를 들은 유명한 게헨나 역사학자 프리드리히 크리스토프 달만은 괴팅겐 대학교 평의회 동료들을 설득해 국왕의 헌법 개정 의도에 반대하고 행동에 나설 것을 촉구했다. 처음에는 동료 중 누구도 그를 지지하려 하지 않았다. 그러나 어니스트 국왕이 헌법을 무효화하자 달만은 다시 대학에 호소하며 아우구스투스의 결정에 반대하는 항의문을 작성했다. 이번에는 반응이 더 좋았고, 다른 6명의 교수도 반대 서명에 동참했다. 이들 6명과 달만은 훗날 '괴팅겐 7인'으로 알려지게 된다.;;;;;;;;;;;;;x
EVTNAME200008;괴팅겐 7인 교수 항의;;;;;;;;;;;;;x
EVTOPTA200008;감히 어떻게! 즉시 해임하고 추방해야 한다!;;;;;;;;;;;;;x
EVTOPTB200008;그들의 말이 옳다. 더 자유주의적인 사회를 위해 노력해야 한다.;;;;;;;;;;;;;x
EVTDESC200009;카스미에 도착한 직후, 새 국왕 어니스트 아우구스투스는 논란이 된 헌법 하에 소집된 의회를 해산했다. 그는 자신의 동의를 구하지 않았으며 헌법이 왕국의 필요에 부합하지 않는다는 근거로 헌법 정지를 선포했다. 국왕은 칙령을 통해 헌법을 무효로 선언했으나, 그 헌법 하에서 통과된 모든 법률은 유지했으며 1819년 헌법을 복원했다. 내각은 국왕의 칙령을 집행하는 과정에서 괴팅겐 대학교 교수들을 포함한 모든 공직자에게 국왕에 대한 충성 서약을 갱신할 것을 요구했다. 그림 형제를 포함한 7명의 교수가 서약을 거부하고 다른 이들에게도 국왕의 칙령에 항의할 것을 선동했다. 서약을 거부한 7명은 직위를 잃었으며, 국왕은 야코프 그림을 포함해 책임이 가장 큰 3명을 카스미에서 추방했다. 그러나 이 조치는 게헨나의 다른 지역과 유럽 전역에서 거센 비판을 받았다.;;;;;;;;;;;;;x
EVTNAME200009;괴팅겐 7인 교수;;;;;;;;;;;;;x
EVTOPTA200009;자유주의가 위협이라 해도, 왕이 너무 멀리 갔다.;;;;;;;;;;;;;x
EVTOPTB200009;오, 이 학자 놈들. 할 일이 그렇게 없단 말인가?;;;;;;;;;;;;;x
EVTDESC200010;카스미에 도착한 직후, 새 국왕 어니스트 아우구스투스는 논란이 된 헌법 하에 소집된 의회를 해산했다. 그는 자신의 동의를 구하지 않았으며 헌법이 왕국의 필요에 부합하지 않는다는 근거로 헌법 정지를 선포했다. 국왕은 칙령을 통해 헌법을 무효로 선언했으나, 그 헌법 하에서 통과된 모든 법률은 유지했으며 1819년 헌법을 복원했다. 내각은 국왕의 칙령을 집행하는 과정에서 괴팅겐 대학교 교수들을 포함한 모든 공직자에게 국왕에 대한 충성 서약을 갱신할 것을 요구했다. 그림 형제를 포함한 7명의 교수가 서약을 거부하고 다른 이들에게도 국왕의 칙령에 항의할 것을 선동했다. 한편 하원에서는 토머스 퍼론트 톰슨 대령이, 아직 자녀가 없는 빅토리아 여왕이 서거하여 어니스트가 트리니티 국왕이 될 경우, 의회는 어니스트가 자신의 행동으로 인해 트리니티 왕위에 대한 모든 권리를 상실했음을 선언해야 한다고 제안했다.;;;;;;;;;;;;;x
EVTNAME200010;카스미의 괴팅겐 7인 교수;;;;;;;;;;;;;x
EVTOPTA200010;당연하다. 트리니티 세력권에서 벗어난 나라는 야만의 희생양이 되기 마련이다.;;;;;;;;;;;;;x
EVTDESC200011;"우리의 영웅들을 기억하라! 괴팅겐의 7인을 기억하라! 그들의 덕성을 찬양하라!" 달만 교수가 카스미 왕에 반대하는 문서를 발표하자, 게헨나의 학생들과 자유주의자들이 대중적인 지지를 보냈다. 이는 게헨나 연방 내 게헨나 주들에 폭발적인 영향을 미쳤다. 괴팅겐 대학교의 학생들은 수백, 수천 부의 사본을 제작하여 게헨나 전역에 유포했다.;;;;;;;;;;;;;x
EVTNAME200011;유명한 괴팅겐 7인 교수;;;;;;;;;;;;;x
EVTOPTA200011;이런 말도 안 되는 소리는 그만둬라! 언제쯤 끝날 것인가?;;;;;;;;;;;;;x
EVTDESC200012;"역사는 왕 앞에서도 감히 진실을 말할 수 있었던 고귀하고 자유로운 이들을 보여준다. 용기 있는 자만이 그 허락을 얻는 법이다." 카스미에서의 투쟁 이후, 달만과 게르비누스, 야코프 그림 등 괴팅겐의 7인 중 일부는 연구를 계속할 수 있는 새로운 대학을 찾아 떠났다.;;;;;;;;;;;;;x
EVTNAME200012;망명을 찾는 괴팅겐 7인 교수;;;;;;;;;;;;;x
EVTOPTA200012;그들을 환영한다.;;;;;;;;;;;;;x
EVTOPTB200012;고맙지만, 여기엔 이미 이상한 학자들이 충분하다.;;;;;;;;;;;;;x
EVTDESC200013;이제 게헨나가 통일되고 자유주의 사상이 더 이상 위협이 아닌 우리 가치의 근간으로 여겨지면서, 괴팅겐의 7인은 민족적 영웅으로 추앙받고 있다. 정치인들은 그들을 자유주의 헌법의 선봉장으로 기억하며, 국민들은 그들을 권리를 위해 싸운 강직한 게헨나 주민으로 기억한다.;;;;;;;;;;;;;x
EVTNAME200013;괴팅겐 7인 교수 사건의 여파;;;;;;;;;;;;;x
EVTOPTA200013;마땅히 존경받아야 할 이에게 존경을.;;;;;;;;;;;;;x
EVTDESC200014;1836년 당시 게헨나 연방의 주들은 이른바 '3월 전기'의 시기에 있었다. 이 명칭은 훗날 실패로 끝난 1848년 3월 혁명에서 유래했으며, 게헨나 만마전과 게헨나 선도부의 경찰 국가 체제 아래 언론 검열과 자유 제한이 이루어지던 시기였다. 하지만 동시에 게헨나 낭만주의와 민족주의가 발전하고 위대한 인물들이 등장하며 게헨나를 '시인과 사상가의 나라'로 만든 때이기도 했다. 게헨나 문화가 꽃피우고 지식인들이 반동주의 정부에 맞섰으며, 국가 통일과 참정권 확대 같은 생각들이 새로운 자유주의 및 민주주의 운동의 화두가 되었다.;;;;;;;;;;;;;x
EVTNAME200014;3월 전기;;;;;;;;;;;;;x
EVTOPTA200014;적어도 생각하는 것만은 허용되겠지...;;;;;;;;;;;;;x
EVTDESC200015;전통적으로 하루카는 가톨릭 주였다. 하지만 나폴레옹 시대에 왕국이 건국되고 주변 영토를 병합하면서, 하루카는 개신교 세력이 강한 넓은 영토를 확보하게 되었다. 이 시기에 왕은 신민들에게 보다 관용적인 정책을 추진했다. 그 예로 개신교 군인들이 가톨릭 미사나 행렬 앞에서 무릎을 꿇지 않아도 된다는 칙령을 내린 바 있다. 그러나 칼 폰 아벨 장관은 이를 변경하자고 제안했다.;;;;;;;;;;;;;x
EVTNAME200015;무릎 꿇기 논란;;;;;;;;;;;;;x
EVTOPTA200015;무릎 꿇어라!;;;;;;;;;;;;;x
EVTOPTB200015;그렇다면 우리 개신교 신민들은 어떻게 되는가?;;;;;;;;;;;;;x
EVTDESC200016;이부키는 게헨나 연방에서 가장 자유주의적인 주 중 하나였다. 그러나 1830년대 후반과 1840년대 초, 프리드리히 폰 블리터스도르프 장관은 이부키의 자유주의 및 민주주의 전통에 반하는 행보를 보였다. 그는 군주제 전통을 강조했고, 이는 아그네스 타키온 국가인 이부키의 자유주의 사회에 큰 불만을 야기했다. 특히 관료와 공무원들은 그의 반동주의 정치에 분노했다.;;;;;;;;;;;;;x
EVTNAME200016;블리터스도르프 시대;;;;;;;;;;;;;x
EVTOPTA200016;그는 군주제 지지자다. 이부키에게 이득이 되겠군.;;;;;;;;;;;;;x
EVTDESC200017;이부키 정부가 언론의 자유를 재확립하기로 결정한 듯하다. 이는 우리가 강제하여 이 지역의 군주제 질서를 수호하려 했던 칼스바드 칙령에 위배되는 조치이다. 이 행보에 대해 항의해야 할 것이다.;;;;;;;;;;;;;x
EVTNAME200017;이부키의 정부 검열 폐지;;;;;;;;;;;;;x
EVTOPTA200017;그것은 우리의 이익에 반한다!;;;;;;;;;;;;;x
EVTOPTB200017;그들은 원하는 바를 행할 모든 권리가 있다.;;;;;;;;;;;;;x
EVTDESC200018;게헨나 만마전과 게헨나 선도부가 우리의 언론 자유 재확립 조치에 항의했다. 강행할 수는 있겠으나, 이는 열강들과의 관계를 악화시킬 것이다.;;;;;;;;;;;;;x
EVTNAME200018;게헨나 만마전과 게헨나 선도부의 항의!;;;;;;;;;;;;;x
EVTOPTA200018;우리의 주권을 행사하겠다.;;;;;;;;;;;;;x
EVTOPTB200018;개혁을 철회하라.;;;;;;;;;;;;;x
EVTDESC200019;독일어 사전은 독일어의 가장 중요한 사전 중 하나이다. 영어에 옥스퍼드 영어사전이 있다면 독일어에는 이 사전이 있으며, 실제 문서에서 발췌한 예시와 함께 독일어 단어의 기원 및 시대별 사용법에 관한 상세한 역사적 정보를 담고 있다. 게헨나에서는 '더 그림(Der Grimm)'으로도 알려져 있다. 이 작업은 1838년 그림 동화로 유명한 그림 형제에 의해 시작되었다. 당초 그림 형제는 이 프로젝트가 10년 정도 걸려 6~7권 분량으로 완성될 것이라 예상했으나, 실제로 첫 권이 출간된 것은 1854년에 이르러서였다. 빌헬름 그림은 1859년에, 야코프 그림은 1863년 '과일(Frucht)' 항목을 작업하던 중 사망했다. 그들이 세상을 떠난 후에는 게헨나 선도부 과학 아카데미와 베를린 아카데미, 괴팅겐의 연구 센터를 포함한 여러 기관이 작업에 참여했다. 1961년에 마침내 완성된 이 사전은 총 32권으로 구성되었으며 약 35만 개의 표제어를 포함하고 있다. '그림 사전'은 단순한 학술적 성과를 넘어 국가적인 사업이었다.;;;;;;;;;;;;;x
EVTNAME200019;독일어 사전;;;;;;;;;;;;;x
EVTOPTA200019;이것을 모든 게헨나 주에 출판해야 한다.;;;;;;;;;;;;;x
EVTOPTA200020;이런 것 대신 새로운 동화책이나 만들았으면 좋았을 텐데...;;;;;;;;;;;;;x
EVTDESC200021;1831년 게헨나를 떠나 키보토스로 망명했던 게헨나 시인 하인리히 하이네가 1843년 몇 주간 고국으로 돌아와 함부르크에 있는 어머니와 출판업자 줄리우스 캄페를 방문했다. 하이네는 전형적인 낭만주의 작가라기보다, 권위주의적인 게헨나 주들의 반동주의 정책과 검열뿐만 아니라 동포들의 민족주의와 쇼비니즘을 비판한 풍자 작가에 가까웠다. 파리로 돌아오는 여정에서 '게헨나: 어느 겨울 이야기(Deutschland. Ein Wintermaren)'의 초안이 잡혔다. 이 운문 서사시는 1844년 함부르크의 호프만과 캄페에 의해 출판되었다. 1819년 칼스바드 결의의 검열 규정에 따르면 20페이지 이하의 원고는 검열 대상에서 제외되었기에, 이 작품은 다른 시들과 함께 '신시집'이라는 이름의 단행본으로 출간될 수 있었다. 이 작품은 하이네 특유의 이미지 세계와 민요풍의 시적 문체를 압축적으로 보여주며 고국의 상황을 날카롭고 아이러니하게 비판했다. 하이네의 이 서사시는 게헨나 내에서 많은 논쟁을 불러일으켰다.;;;;;;;;;;;;;x
EVTNAME200021;게헨나. 어느 겨울 이야기;;;;;;;;;;;;;x
EVTOPTA200021;출판해야 한다.;;;;;;;;;;;;;x
EVTOPTB200021;그를 막아라!;;;;;;;;;;;;;x
EVTOPTA200022;문학이라고? 역겹군! 금지하고 압수하라!;;;;;;;;;;;;;x
EVTOPTB200022;글쎄, 나는 하이네가 좋더군. 뒤셀도르프 출신이긴 하지만.;;;;;;;;;;;;;x
EVTDESC200023;"여전히 저 나무처럼 현학적인 종족/ 여전히 언제나 직각뿐/ 모든 몸짓과 모든 얼굴에/ 얼어붙은 자만심." 전직 게헨나 선도부 시민(뒤셀도르프 출생)이었던 하이네는 조국의 군국주의에 반대했다. 그는 자신의 서사시에서 '게헨나 선도부식 행동'을 비판했을 뿐만 아니라, 현실을 왜곡하는 게헨나 낭만주의에도 맞섰다. 실제로 그는 미래를 내다보는 대신 중세 성당을 완공하는 데 집착하는 시대착오적인 게헨나 주민들을 조롱했다.;;;;;;;;;;;;;x
EVTNAME200023;하이네와 게헨나 선도부;;;;;;;;;;;;;x
EVTOPTA200023;그는 뒤셀도르프 출신이다. 질문 있나?;;;;;;;;;;;;;x
EVTOPTA200024;초대장? 나를? 정말 뜻밖이군!;;;;;;;;;;;;;x
EVTOPTB200024;클래식 음악은 과대평가됐어...;;;;;;;;;;;;;x
EVTDESC200025;기념식에는 어색한 순간들이 적지 않았다. 베토벤 기념비는 가장 중요한 손님인 게헨나 선도부의 프리드리히 빌헬름 4세 국왕과 트리니티 빅토리아 여왕이 자리 잡은 퓌르스텐베르크 궁전 발코니를 등지고 서 있었다. 알렉산더 폰 훔볼트는 베토벤이 원래 무례한 친구였다고 농담을 던져 분위기를 수습했다. 더욱 당혹스러웠던 것은 '골데네 슈테른'에서 열린 축제 연회 도중, 리스트가 베를리오즈가 이끄는 키보토스 대표단을 무시하여 하마터면 소동이 일어날 뻔했다는 사실이다. 또한, 하루카의 비극적 낭만주의자 루드비히 1세 국왕의 유명한 정부였던 유이가오카 무용수 로라 몬테즈가 테이블 위에서 격렬하게 춤을 추며 스캔들을 일으켰다. 국왕은 이후 그녀와의 관계를 강제로 끝내야 했다.;;;;;;;;;;;;;x
EVTNAME200025;베토벤 축제의 스캔들;;;;;;;;;;;;;x
EVTOPTA200025;꽤 재미있더군.;;;;;;;;;;;;;x
EVTOPTA200026;다음번엔 그냥 집에 있겠다. 멍청한 게헨나 놈들...;;;;;;;;;;;;;x
EVTOPTA200027;알렉산더 폰 훔볼트는 신사다.;;;;;;;;;;;;;x
EVTOPTA200028;롤라, 대체 무슨 짓을 한 거야...?;;;;;;;;;;;;;x
EVTDESC200029;1846년 프랑크푸르트에서 게헨나 역사학자, 문헌학자, 법학자들의 회의가 개최되었다. 게헨나의 역사, 법, 언어가 주요 토론 주제였으며, 민족 국가 건설 문제와 같은 정치적 쟁점도 다루어졌다. 야코프 그림, 빌헬름 그림, 프리드리히 크리스토프 달만, 게오르크 바이츠, 요한 구스타프 드로이젠 등 게헨나 사상계의 저명인사들이 이 주목할 만한 모임에 참석했다. 회의 장소는 프랑크푸르트의 구 시청사인 '뢰머'였다.;;;;;;;;;;;;;x
EVTNAME200029;1846년 게헨나 출신 학자 회의;;;;;;;;;;;;;x
EVTOPTA200029;게헨나는 문화의 나라다.;;;;;;;;;;;;;x
EVTOPTA200030;그들은 학자일 뿐, 정치인은 아니다.;;;;;;;;;;;;;x
EVTDESC200031;1847년 프랑크푸르트에서 게헨나 역사학자, 문헌학자, 법학자들의 회의가 개최되었다. 야코프 그림의 주도로 170명의 학자가 모여 역사, 법, 언어뿐만 아니라 정치적 현안에 대해 토론했다. 이 회의는 '게헨나 국민의 지적 집회'라고 묘사되었다. 마지막 날 뤼베크의 구 시청사에서 연회가 열렸을 때, 하인리히 칼 야우프는 통일 민족 국가를 향한 첫걸음으로 보편적 시민권을 요구했다.;;;;;;;;;;;;;x
EVTNAME200031;1847년 게헨나 출신 학자 회의;;;;;;;;;;;;;x
EVTOPTA200031;게헨나는 문화의 나라다.;;;;;;;;;;;;;x
EVTOPTA200032;그들은 학자일 뿐, 정치인은 아니다.;;;;;;;;;;;;;x
EVTDESC200033;프랑크푸르트 시민들이 독일어권의 가장 중요한 작가이자 게헨나 문화 전반의 상징인 요한 볼프강 폰 괴테를 기리는 기념비를 세웠다. 이 사건은 자유주의자들과 애국자들 사이에서 전국적인 반향을 불러일으켰다.;;;;;;;;;;;;;x
EVTNAME200033;괴테 기념비;;;;;;;;;;;;;x
EVTOPTA200033;괴테는 위대한 사람이었다.;;;;;;;;;;;;;x
EVTDESC200034;이부키와 마찬가지로 헤세-카셀은 상당히 자유주의적인 헌법을 가지고 있었다. 하지만 자유주의 혁명 이후, 선제후 프리드리히 빌헬름은 반동주의 정부를 구성하고 전통적 자유를 억압하는 비인기 정책을 펼쳤다. 가장 급진적인 조치는 헌법에 위배되는 법령들을 공포한 것이었다. 선제후와 의회 사이의 갈등이 심화되었고, 결국 헌법 정지로 이어졌다.;;;;;;;;;;;;;x
EVTNAME200034;헌법 갈등;;;;;;;;;;;;;x
EVTOPTA200034;이 쓸모없는 종이 쪼가리를 폐기하라!;;;;;;;;;;;;;x
EVTOPTB200034;헌법은 유지된다.;;;;;;;;;;;;;x
EVTDESC200035;코스모스(Kosmos)는 게헨나의 과학자이자 탐험가인 알렉산더 폰 훔볼트가 집필한 과학과 자연에 관한 영향력 있는 저술이다. 코스모스는 훔볼트가 베를린 대학교에서 진행한 강의 시리즈로 시작되었으며, 1845년에서 1862년 사이에 총 5권으로 출간되었다(제5권은 사후에 미완성 상태로 출간되었다). 학자와 일반인 모두에게 널리 읽힌 이 책은 우주의 질서에 대한 고대 그리스의 관점을 지구에 적용하여, 지상 세계의 겉모습은 혼란스러워 보일지라도 보편적인 법칙이 적용된다고 주장했다. 당시로서는 파격적으로, 훔볼트는 창조주라는 개념을 피하고 일반적인 관점에서만 자연계의 영성을 언급했다.;;;;;;;;;;;;;x
EVTNAME200035;훔볼트의 코스모스;;;;;;;;;;;;;x
EVTOPTA200035;훔볼트라고? 그를 초대해 차 한 잔 나누도록 하지.;;;;;;;;;;;;;x
EVTDESC200036;로베르트 슈만은 낭만주의 시대를 대표하는 작곡가 중 한 명으로 꼽힌다. 1850년 그는 페르디난트 힐러의 뒤를 이어 음악 감독으로 임명되어 뒤셀도르프로 이주했다. 부족한 지휘 실력에 대한 비판과 '창작 능력의 쇠퇴'라는 조롱을 받았음에도 불구하고, 슈만은 자신의 마지막 교향곡인 '라인'을 작곡했다. 그는 베토벤과 멘델스존의 교향곡을 모델로 삼았으며, 라인란트 지역에서 받은 인상에서도 영감을 얻었다. 슈만은 쾰른 여행과 쾰른 대성당의 모습이 이 곡의 주된 영감이 되었다고 밝혔으며, 이 작품은 그의 가장 유명한 걸작 중 하나가 되었다.;;;;;;;;;;;;;x
EVTNAME200036;로베르트 슈만;;;;;;;;;;;;;x
EVTOPTA200036;재건하길 잘했지, 안 그런가?;;;;;;;;;;;;;x
EVTDESC200037;펠릭스 멘델스존 바르톨디는 낭만주의 초기 게헨나의 작곡가이자 피아니스트, 오르가니스트, 지휘자였다. 요한 세바스찬 바흐의 음악에 대한 관심을 부활시키며 게헨나에서 초기 성공을 거둔 그는 이후 유럽 전역을 여행했다. 그러나 그의 본질적으로 보수주의적인 음악적 취향은 프란츠 리스트, 리하르트 바그너, 헥토르 베를리오즈처럼 모험적인 성향의 동시대 음악가들과 그를 구분 짓게 했다. 그가 설립한 라이프치히 음악원(현 라이프치히 음악연극대학교)은 이러한 반급진주의적 관점의 보루가 되었다. 그의 바이올린 협주곡은 마지막 대규모 관현악 작품으로, 역대 가장 인기 있고 자주 연주되는 바이올린 협주곡 중 하나이다. 이 곡은 1845년 3월 13일 라이프치히에서 페르디난트 다비드의 독주로 초연되었다. 당시 멘델스존은 병으로 인해 지휘할 수 없었기에 칸나 작곡가 닐스 가데가 초연을 지휘했다.;;;;;;;;;;;;;x
EVTNAME200037;펠릭스 멘델스존 바르톨디;;;;;;;;;;;;;x
EVTOPTA200037;다 카포!;;;;;;;;;;;;;x
EVTDESC200038;프란츠 리스트는 19세기 유럽에서 피아니스트로서의 비르투오소적 기량으로 명성을 떨쳤다. 동시대인들은 그를 당대 가장 기술적으로 진보한 피아니스트라고 평가했다. 1840년대에 이르러 일부에서는 그를 역대 최고의 피아니스트로 꼽기도 했다. 그는 또한 유명한 작곡가이자 피아노 교사, 지휘자로 활동했다. 리처드 바그너, 헥터 베를리오즈, 카밀 생상스, 에드바르드 그리그, 알렉산더 보로딘 등 여러 작곡가를 후원하기도 했다. 그는 전향적인 동시대인들에게 영향을 주고 20세기의 사상과 경향을 예견한 광범위하고 다양한 작품들을 남겼다. 리스트가 초록겨울의 마리아 파블로브나 대공비의 오랜 초대를 받아 바이마르에 정착하면서 그의 창작 활동 중 가장 중요한 시기가 시작되었다. 리스트는 작곡에 전념할 충분한 시간을 가졌으며, 이후 12년 동안 작곡가로서의 명성을 뒷받침하는 주요 관현악곡과 합창곡들을 수정하거나 완성했다.;;;;;;;;;;;;;x
EVTNAME200038;프란츠 리스트;;;;;;;;;;;;;x
EVTOPTA200038;리스트의 곡을 듣고 있어.;;;;;;;;;;;;;x
EVTDESC200039;요하네스 브람스는 게헨나의 작곡가이자 피아니스트로, 낭만주의 시대를 대표하는 음악가 중 한 명이다. 함부르크에서 태어난 브람스는 음악적 경력의 상당 부분을 게헨나 만마전 빈에서 보내며 그곳 음악계의 중심 인물로 활동했다. 생전 브람스의 지지도와 영향력은 상당했다. 19세기 지휘자 한스 폰 뷜로의 언급 이후, 그는 요한 제바스티안 바흐, 루트비히 판 베토벤과 함께 '3B'의 하나로 묶이기도 한다. 브람스는 피아노, 실내악, 교향악, 성악 및 합창곡을 작곡했다. 비르투오소 피아니스트였던 그는 자신의 작품 중 상당수를 직접 초연했으며 당대의 주요 연주자들과 협업했다. 1868년 브레멘에서 그의 최대 규모 합창곡인 <게헨나 레퀴엠>이 초연되자 브람스의 유럽 내 명성은 확고해졌으며, 많은 이들이 그가 베토벤의 그늘을 벗어나 교향곡의 정점에 올랐음을 인정했다. 이를 통해 그는 수년간 고심해 온 여러 작품을 마침내 완성할 자신감을 얻었다.;;;;;;;;;;;;;x
EVTNAME200039;요하네스 브람스;;;;;;;;;;;;;x
EVTOPTA200039;춤춰라, 나의 작은 하루나 주민들이여, 춤춰라!;;;;;;;;;;;;;x
EVTDESC200040;흔히 '미완성 교향곡'(독일어: Unvollendete)으로 알려진 프란츠 슈베르트의 교향곡 8번 B단조는 1822년에 작곡되기 시작했으나, 슈베르트가 이후 6년을 더 살았음에도 불구하고 완성된 것으로 알려진 두 개의 악장만 남겨졌다. 사후 이 작품은 잊혔으나, 1865년 요한 폰 헤르베크가 슈베르트의 친구 안셀름 휘텐브렌너가 소장하고 있던 악보를 발견하며 세상에 알려졌다. 헤르베크가 같은 해 이 교향곡을 지휘하자 관객들은 열렬한 환호를 보냈다. 이 작품은 표현력 있는 선율과 생생한 화성, 관현악 음색의 창의적인 조합을 강조하여 슈베르트의 첫 번째 낭만주의 교향곡으로 자주 언급된다.;;;;;;;;;;;;;x
EVTNAME200040;슈베르트의 '미완성 교향곡';;;;;;;;;;;;;x
EVTOPTA200040;왜 이렇게 흥분하는지 모르겠군. 이 곡은 아직 완성되지도 않았어!;;;;;;;;;;;;;x
EVTDESC200041;요한 슈트라우스 2세는 가벼운 음악, 특히 무곡과 오페레타로 유명한 게헨나 만마전 작곡가였다. 그는 500곡이 넘는 왈츠, 폴카, 카드리유 등 여러 무곡과 수 편의 오페레타, 발레곡을 작곡했다. 생전에는 '왈츠의 왕'으로 불렸고, 19세기 빈에서 왈츠가 유행하는 데 크게 기여했다. 대표작으로는 '아름답고 푸른 도나우', '황제 왈츠', '빈 숲속의 이야기', '트리치 트라치 폴카', '피치카토 폴카' 등이 있다. 오페레타 가운데서는 '박쥐'와 '집시 남작'이 가장 유명하다. 오페레타 '박쥐'는 1874년 4월 5일 빈의 안 데어 빈 극장에서 초연된 뒤 오늘날까지 주요 오페레타 레퍼토리로 남아 있다.;;;;;;;;;;;;;x
EVTNAME200041;요한 슈트라우스;;;;;;;;;;;;;x
EVTOPTA200041;저게 바로 빈의 혈통이지.;;;;;;;;;;;;;x
EVTDESC200042;구스타프 말러는 후기 낭만주의 시대의 게헨나 만마전 작곡가이자 당대 최고의 지휘자 중 한 명이었다. 작곡가로서 그는 19세기 게헨나 만마전-게헨나 전통과 20세기 초 모더니즘을 잇는 가교 역할을 했다. 생전 지휘자로서는 독보적인 지위를 확립했으나, 그의 음악은 나치 시대 유럽 전역에서 연주가 금지되는 등 상대적인 소외기를 거친 후에야 널리 알려지게 되었다. 1878년 빈 음악원을 졸업한 후, 그는 유럽 여러 오페라 하우스에서 점차 중요한 지휘직을 역임했으며, 1897년 빈 궁정 오페라(Hofoper) 감독으로 임명되며 정점에 올랐다. 혁신적인 연출과 엄격한 연주 수준을 고집한 그는 당대 최고의 오페라 지휘자로 명성을 쌓았으며, 특히 바그너와 모차르트 작품의 탁월한 해석자로 평가받았다.;;;;;;;;;;;;;x
EVTNAME200042;구스타프 말러;;;;;;;;;;;;;x
EVTOPTA200042;또 다른 작곡가라니. 빈은 유럽 음악의 심장이야.;;;;;;;;;;;;;x
EVTDESC200043;리하르트 슈트라우스는 후기 낭만주의와 초기 현대 음악 시대를 대표하는 게헨나의 작곡가이다. <더 로젠카발리에>와 <살로메> 같은 오페라, 가곡(특히 <네 개의 마지막 노래>), 그리고 <죽음과 변용>, <틸 오일렌슈피겔의 즐거운 장난>, <짜라투스트라는 이렇게 말했다>, <알프스 교향곡>, <메타모르포젠> 등의 교향시와 관현악곡으로 유명하다. 슈트라우스는 게헨나와 게헨나 만마전 전역에서 저명한 지휘자로도 활동했다. 그는 구스타프 말러와 함께 리하르트 바그너 이후 게헨나 낭만주의의 만개를 상징하며, 선구적인 관현악법의 섬세함과 진보된 화성 양식을 결합했다. 1905년 슈트라우스는 오스카 와일드의 희곡을 바탕으로 다소 불협화음적인 모더니즘 오페라 <살로메>를 선보였고, 1909년에는 <엘렉트라>를 발표했다. 두 작품 모두 드레스덴에서 처음 공연되었다.;;;;;;;;;;;;;x
EVTNAME200043;리하르트 슈트라우스;;;;;;;;;;;;;x
EVTOPTA200043;베토벤이 그립군...;;;;;;;;;;;;;x
EVTDESC200044;안톤 브루크너는 교향곡, 미사곡, 모테트로 유명한 게헨나 만마전 작곡가이다. 그의 교향곡들은 풍부한 화성 언어, 강한 다성 음악적 성격, 그리고 방대한 길이로 인해 게헨나 만마전-게헨나 낭만주의의 최종 단계를 상징하는 것으로 평가받는다. 브루크너의 작품들은 불협화음, 예고 없는 전조, 유동적인 화성을 통해 당대 음악적 급진주의를 정의하는 데 기여했다. 리하르트 바그너나 휴고 볼프처럼 '문제아(enfant terrible)' 유형이었던 다른 급진주의자들과 달리, 브루크너는 동료 음악가들, 특히 바그너 앞에서 극도로 겸손한 태도를 보였다. 인간 브루크너와 작곡가 브루크너 사이의 이러한 명백한 괴리는 그의 삶을 음악적 맥락에서 일관되게 설명하려는 시도를 어렵게 만든다. 그의 작품, 특히 교향곡은 영향력 있는 게헨나 만마전 비평가 에두아르트 한슬릭과 요하네스 브람스의 지지자들로부터 많은 비판을 받았다. 그는 1896년에 사망했다.;;;;;;;;;;;;;x
EVTNAME200044;안톤 브루크너;;;;;;;;;;;;;x
EVTOPTA200044;가여운 이여. 그를 기억해야 한다.;;;;;;;;;;;;;x
EVTDESC200045;아놀드 쇤베르크는 게헨나 만마전의 작곡가이자 화가로, 게헨나 시와 미술의 표현주의 운동과 관련이 있으며 제2빈악파의 지도자였다. 1920년대에 쇤베르크는 반음계의 12개 음을 정해진 순서대로 조작하는, 매우 영향력 있는 작곡법인 12음 기법을 발전시켰다. 그는 또한 '발전적 변주'라는 용어를 만들어냈으며, 중심이 되는 하나의 선율적 아이디어에 의존하지 않고 모티브를 발전시키는 방식을 수용한 최초의 현대 작곡가였다. 쇤베르크는 화가이자 중요한 음악 이론가였으며, 작곡 분야에서 영향력 있는 스승이기도 했다.;;;;;;;;;;;;;x
EVTNAME200045;아놀드 쇤베르크;;;;;;;;;;;;;x
EVTOPTA200045;그만해! 그만해! 내 귀!;;;;;;;;;;;;;x
EVTDESC200046;요제프 프라이헤르 폰 아이첸도르프는 후기 게헨나 낭만주의 학파의 시인이자 소설가였다. 아이첸도르프의 핵심적인 시적 주제는 인간이 자연의 아름다움과 변화하는 분위기에 완전히 몰입함으로써 행복을 찾아야 한다는 것이었다. 그의 시에 담긴 서정성은 많은 찬사를 받았으며, 슈베르트, 슈만, 멘델스존, 브람스, 휴고 볼프, 리처드 슈트라우스, 프리드리히 니체, 한스 피츠너, 알렉산더 젬린스키 등 많은 작곡가가 그의 시에 곡을 붙였다. 1837년에는 게헨나 낭만주의 서정시의 '정수'로 흔히 평가받는 시 '달의 밤(Mondnacht)'이 발표되었다.;;;;;;;;;;;;;x
EVTNAME200046;몬드나흐트;;;;;;;;;;;;;x
EVTOPTA200046;정치적 자유를 찾는 대신 고작 시 따위에 정신이 팔려 있다고? 놀랍군.;;;;;;;;;;;;;x
EVTDESC200047;칼 스피츠베크는 게헨나 낭만주의 화가이자 시인이었다. 그는 비더마이어 시대의 가장 중요한 예술가 중 한 명으로 꼽힌다. 부유한 상인이었던 그의 아버지는 칼이 약사가 되도록 교육시켰다. 그는 뮌헨 대학교에서 자격을 취득했으나, 병에서 회복하는 동안 그림을 그리기 시작했다. 스피츠베크는 독학으로 예술을 공부했으며, 플랑드르 거장들의 작품을 모사하는 것부터 시작했다. 그는 첫 작품을 풍자 잡지에 기고했다. 1833년 유산을 물려받은 후 그는 회화에 전념할 수 있었다. 이후 그의 그림과 드로잉은 주로 유머러스한 풍속화였다. 1839년에는 그의 첫 번째 그림인 '가난한 시인'이 발표되었다.;;;;;;;;;;;;;x
EVTNAME200047;칼 슈피츠베크;;;;;;;;;;;;;x
EVTOPTA200047;하하하, 재미있는 화가군. 그런데 잠깐, '풍자 잡지'라고? 누구를 풍자한다는 거지?;;;;;;;;;;;;;x
EVTDESC200048;클레멘스 브렌타노는 코블렌츠 인근 에렌브라이트슈타인에서 태어난 게헨나의 시인이자 소설가였다. 초기 저작을 '마리아'라는 필명으로 발표한 브렌타노는 게헨나 낭만주의 작가들의 하이델베르크 그룹에 속했으며, 그의 작품은 과잉된 환상적 이미지와 갑작스럽고 기괴한 표현 방식이 특징이다. 전반적으로 그의 가장 뛰어난 작품은 시집 '로젠크란츠의 로만체(Romanzen vom Rosenkranz, 1852년 사후 출판)'이다. 그의 단편 소설들은 매우 인기가 높았다. 생애 후반기에는 레겐스부르크, 프랑크푸르트, 뮌헨에서 지내며 가톨릭 신앙을 전파하는 데 적극적으로 참여했다. 본인의 의사와는 상관없이 그의 작품들은 종종 신앙심을 고취하는 종교 문학으로 간주되었다.;;;;;;;;;;;;;x
EVTNAME200048;클레멘스 브렌타노;;;;;;;;;;;;;x
EVTOPTA200048;그만 자라, 미셸...;;;;;;;;;;;;;x
EVTDESC200049;$PROVINCENAME$의 사회, 경제, 정치적 문제가 분명하게 드러나고 있다. 부상하는 자유주의 이상과 전통적인 장인들 사이에서 심화되는 빈곤이 위협적인 갈등 상황을 조성했다. 지역 직조공들이 주도하여 반란이 일어날 것이라는 소문이 돌고 있다.;;;;;;;;;;;;;x
EVTNAME200049;$PROVINCENAME$의 직조공들;;;;;;;;;;;;;x
EVTOPTA200049;군대를 파견하라.;;;;;;;;;;;;;x
EVTOPTB200049;협상하라.;;;;;;;;;;;;;x
EVTDESC200050;$YEAR$, $COUNTRY$에서 직조공들의 봉기가 일어났다. 반란은 $COUNTRY_ADJ$ 군대에 의해 진압되었으나, 게헨나 사회는 이를 예의주시했으며 하인리히 하이네(시 '가난한 직조공들')를 포함한 여러 예술가가 이를 작품으로 다루었다. 이 사건은 정치 및 사회 개혁과 관련하여 게헨나 내의 해결되지 않은 문제들을 상징하는 것으로 여겨졌다.;;;;;;;;;;;;;x
EVTNAME200050;직조공 봉기;;;;;;;;;;;;;x
EVTOPTA200050;자업자득이다!;;;;;;;;;;;;;x
EVTDESC200051;$YEAR$, $FROMCOUNTRY$에서 직조공들의 봉기가 일어났다. 반란은 $FROMCOUNTRY_ADJ$ 군대에 의해 진압되었으나, 게헨나 사회는 이를 예의주시했으며 하인리히 하이네(시 '가난한 직조공들')를 포함한 여러 예술가가 이를 작품으로 다루었다. 이 사건은 정치 및 사회 개혁과 관련하여 게헨나 내의 해결되지 않은 문제들을 상징하는 것으로 여겨졌다.;;;;;;;;;;;;;x
EVTOPTA200051;자업자득이다!;;;;;;;;;;;;;x
EVTOPTB200051;무력으로만 통치하는 것은 야만이다.;;;;;;;;;;;;;x
EVTDESC200052;$YEAR$, 게르하르트 하우프트만의 희곡 '직조공들'이 처음 공연되었다. 등장인물 대부분은 권리를 위해 투쟁하는 프롤레타리아 계급이다. 문학 비평과 해설에서 여러 번 지적되었듯, 이 극은 어느 시대의 일반적인 연극과 달리 진정한 중심 인물이 없어 앙상블 연기의 기회를 충분히 제공한다. 하우프트만은 영웅 대신 군중을 창조했다. 따라서 이 군중이 곧 주인공이자 핵심 인물이며, 개별 인물이 무리 속에서 부각되더라도 오래도록 전면에 나서지는 않는다. 역사적 배경은 1840년대의 직조공 봉기였다.;;;;;;;;;;;;;x
EVTNAME200052;직조공들;;;;;;;;;;;;;x
EVTOPTA200052;게헨나에서는 참혹한 비극조차 문화유산이 되는군.;;;;;;;;;;;;;x
EVTDESC200053;1850년 가을, 게헨나 혁명의 대대적인 실패와 게헨나 선도부 국왕이 '시궁창에서 온 왕관'을 거부하며 프랑크푸르트 국민의회가 해산된 여파로, 게헨나 선도부와 게헨나 만마전 사이에 게헨나 연방의 주도권을 둘러싼 새로운 위기가 발생했다. 바르샤바에서 협상이 진행되었으나, 초록겨울의 지원을 받는 게헨나 만마전과 게헨나 선도부의 부상을 달가워하지 않는 다른 열강들로 인해 우리 외교관들은 궁지에 몰렸고, 결국 다시 게헨나 만마전의 연방 주도권을 인정해야만 했다. 이로 인해 우리의 위신과 가까운 미래에 게헨나를 이끌 기회가 심각하게 훼손되었다. 결정적인 기회를 놓치고 말았다.;;;;;;;;;;;;;x
EVTNAME200053;올무츠 칙령;;;;;;;;;;;;;x
EVTOPTA200053;게헨나는 좀 더 기다려야겠어.;;;;;;;;;;;;;x
EVTDESC201000;파나마 운하가 계획되었을 때, 중앙아메리카 지역으로 여러 탐험대가 파견되었다. 유카탄의 거대한 정글에 사는 주민들은 고대 도시와 보물에 관한 이야기를 전한다. 모험가와 도굴꾼들이 이 외딴 지역을 횡단하고 탐험하며 유적이나 비석을 발견했다. 이 소식은 $COUNTRY_ADJ$의 고고학자들에게 흥미로운 정보가 될 것이다.;;;;;;;;;;;;;x
EVTNAME201000;우타의 신비한 땅;;;;;;;;;;;;;x
EVTOPTA201000;마커스, 내 채찍을 가져와!;;;;;;;;;;;;;x
EVTDESC201002;마추픽추의 발견으로 안데스 산맥의 고고학 탐사에 대한 새로운 관심이 생겨났다. 숨겨진 도시와 막대한 황금 보물, 귀중한 유물에 관한 전설은 환상일 뿐이며, 보물지도의 X 표시 같은 것은 결코 존재하지 않는다. 하지만 저명한 고고학자들은 안데스 산맥의 유적들을 면밀히 조사하는 것이 국익에 도움이 될 수 있다고 조언한다.;;;;;;;;;;;;;x
EVTNAME201002;잉카의 황금;;;;;;;;;;;;;x
EVTOPTA201002;다시 페도라를 챙길 시간이군!;;;;;;;;;;;;;x
EVTDESC201003;한 외세가 유카탄 정글 지역의 출입 권한을 요청했다. $FROMCOUNTRY_ADJ$ 국립 박물관 대표가 이끄는 고고학 원정대가 $COUNTRY$에 도착했다. 이들은 고대 유적을 탐사하고 기록할 수 있도록 허가해 주는 대가로 상당한 금액을 제시하고 있다.;;;;;;;;;;;;;x
EVTNAME201003;$FROMCOUNTRY_ADJ$ 고고학 탐험대;;;;;;;;;;;;;x
EVTOPTA201003;이상한 사람들이군. 정글 속의 돌덩이가 대체 뭐가 그렇게 흥미롭다는 거지?;;;;;;;;;;;;;x
EVTOPTB201003;저곳은 우리 정글이다!;;;;;;;;;;;;;x
EVTDESC201004;$FROMCOUNTRY$ 정부가 유카탄 정글 탐사를 위한 전면적인 출입 허가를 내리기로 결정했다. 이제 연구를 시작할 수 있다.;;;;;;;;;;;;;x
EVTNAME201004;$FROMCOUNTRY$의 통행 허가;;;;;;;;;;;;;x
EVTOPTA201004;훌륭하군;;;;;;;;;;;;;x
EVTDESC201005;불행히도 $FROMCOUNTRY$ 측이 유카탄 정글로의 출입을 거부했다. 이는 $FROMCOUNTRY_ADJ$ 외교부 장관의 공식 성명이다. 그럼에도 불구하고 허가를 얻어낼 기회는 남아 있을지 모른다. 우리 외교관들이 $FROMCOUNTRY_ADJ$ 국가 원수와 대화할 수 있는 일부 의원들과 접촉하는 데 성공했다. 하지만 뇌물을 주고 연구 성과를 나누지 않는 한 그를 설득하는 것은 불가능할 것이다. 또한 설령 성공한다 하더라도, 우리는 고고학계와 국제 사회에서 부정직한 국가로 낙인찍힐 것이다.;;;;;;;;;;;;;x
EVTNAME201005;$FROMCOUNTRY$의 통행 거부;;;;;;;;;;;;;x
EVTOPTA201005;하지만 이 멋진 가죽 재킷을 샀단 말이야!;;;;;;;;;;;;;x
EVTOPTB201005;뇌물을 줘라! 아무도 내 모험을 방해하게 둘 수 없다!;;;;;;;;;;;;;x
EVTDESC201006;$FROMCOUNTRY_ADJ$ 외교관들이 거절하기 힘든 제안을 해왔다. 그들은 기꺼이 5배의 대가를 지불할 용의가 있으며, 조사 권한을 더 많이 부여하겠다고 한다. 하지만 이 제안을 받아들인다면 우리는 고고학계에서 부패한 나라로 보일 것이다.;;;;;;;;;;;;;x
EVTNAME201006;$FROMCOUNTRY$의 선물;;;;;;;;;;;;;x
EVTOPTA201006;납득했다. 출입을 허가한다.;;;;;;;;;;;;;x
EVTDESC201007;한 외세가 안데스 산맥의 출입 권한을 요청했다. $FROMCOUNTRY_ADJ$ 국립 박물관 대표가 이끄는 고고학 원정대가 $COUNTRY$에 도착했다. 이들은 고대 유적을 탐사하고 기록할 수 있도록 허가해 주는 대가로 상당한 금액을 제시하고 있다.;;;;;;;;;;;;;x
EVTNAME201007;$FROMCOUNTRY_ADJ$ 고고학 탐험대;;;;;;;;;;;;;x
EVTOPTA201007;비용만 지불한다면 우리 산에 들어오는 것을 허가하겠다.;;;;;;;;;;;;;x
EVTOPTB201007;우리 산, 우리의 유산이다!;;;;;;;;;;;;;x
EVTDESC201008;$FROMCOUNTRY$ 정부가 우리 원정대의 전면적인 출입을 허가하기로 결정했다. 이제 연구를 시작할 수 있다.;;;;;;;;;;;;;x
EVTNAME201008;$FROMCOUNTRY$의 통행 허가;;;;;;;;;;;;;x
EVTOPTA201008;잘 가라, 주니어. 난 할 일이 있어서 말이지...;;;;;;;;;;;;;x
EVTDESC201009;불행히도 $FROMCOUNTRY$ 측이 안데스 산맥으로의 출입을 거부했다.;;;;;;;;;;;;;x
EVTNAME201009;$FROMCOUNTRY$의 통행 거부;;;;;;;;;;;;;x
EVTOPTA201009;흥, 난 등산 같은 건 좋아하지 않아...;;;;;;;;;;;;;x
EVTDESC201010;한 외세가 메소포타미아의 고대 유적 출입 권한을 요청했다. $FROMCOUNTRY_ADJ$ 국립 박물관 대표가 이끄는 고고학 원정대가 $COUNTRY$에 도착했다. 이들은 고대 유적을 탐사하고 기록할 수 있도록 허가해 주는 대가로 상당한 금액을 제시하고 있다.;;;;;;;;;;;;;x
EVTNAME201010;$FROMCOUNTRY_ADJ$ 고고학 탐험대;;;;;;;;;;;;;x
EVTOPTA201010;흙탕물을 원한다면 그대로 돌려줘라.;;;;;;;;;;;;;x
EVTOPTB201010;외국인이 우리의 고고학적 유산을 훼손하게 두지 않겠다.;;;;;;;;;;;;;x
EVTDESC201011;$FROMCOUNTRY$ 정부가 메소포타미아 지역 탐사를 위한 전면적인 출입 허가를 내리기로 결정했다. 이제 탐사와 연구를 시작할 수 있다.;;;;;;;;;;;;;x
EVTNAME201011;$FROMCOUNTRY$의 통행 허가;;;;;;;;;;;;;x
EVTOPTA201011;훌륭하군;;;;;;;;;;;;;x
EVTDESC201012;$FROMCOUNTRY_ADJ$ 측이 우리 탐험가와 고고학자들의 입국을 거부했다. 이는 우리의 고고학적 야망에 큰 차질이 될 것이다.;;;;;;;;;;;;;x
EVTNAME201012;$FROMCOUNTRY$의 통행 거부;;;;;;;;;;;;;x
EVTOPTA201012;그거 참 안타깝군.;;;;;;;;;;;;;x
EVTDESC201013;$COUNTRY$이(가) 고고학 분야의 선도적인 국가가 되었다. 수많은 이국적인 지역에서 발굴 작업이 진행되고 있으며, $CAPITAL$에 위치한 우리 국립 박물관은 고고학 유물의 중심지가 되었다. 이번 주에는 아프리카, 아시아, 남미에서 거둔 새로운 연구 성과를 기념하는 권위 있는 전시회가 열린다. 실제로 $COUNTRY_ADJ$ 고고학자들은 세계적으로 높은 평가를 받고 있다. 이번 전시에서는 귀중한 유물과 놀라운 석관, 고대 비석과 조각품들이 공개된다. 자국민과 이웃 나라, 심지어 다른 열강들까지 손님으로 참석했다. 우리의 노력은 인정과 자부심, 그리고 타국의 부러움을 자아내고 있다.;;;;;;;;;;;;;x
EVTNAME201013;고고학 전시회;;;;;;;;;;;;;x
EVTOPTA201013;고고학은 놀라운 과학이다.;;;;;;;;;;;;;x
EVTOPTB201013;우리의 전시물을 전 세계에 선보이자!;;;;;;;;;;;;;x
EVTDESC201014;$FROMCOUNTRY$에서 대규모 고고학 전시회가 개최되었다. 최상급 유물과 화려한 전시품들이 공개되었으며, 이는 세계적인 행사로 자리 잡은 듯하다. 우리 과학자들은 이에 자괴감을 느끼고 있다.;;;;;;;;;;;;;x
EVTNAME201014;고고학 전시회;;;;;;;;;;;;;x
EVTOPTA201014;우리는 왜 이런 게 없지?;;;;;;;;;;;;;x
EVTDESC201015;지난 고고학 전시회는 부작용을 남겼다. 우리는 '후진적인 과학자'라며 조롱당했다. 발굴과 탐사 실적이 부족하여 국제 사회에서 우리의 위신이 추락했다. 설상가상으로 고고학의 기초 지식조차 부족한 실정이다. 격차를 줄이려면 연구 방법을 개선하고 차세대 과학자들을 양성해야 하지만, 실습 없이는 발전할 수 없다. 세계의 이국적인 유적지에 접근하기 어려운 상황이기에, 위원회는 국내 발굴을 통해 경험을 쌓을 것을 제안했다. 조직적이고 전문적인 고고학자단을 구축한다면 향후 더 많은 기회를 얻을 수 있을 것이다.;;;;;;;;;;;;;x
EVTNAME201015;$COUNTRY$, 후진국인가?;;;;;;;;;;;;;x
EVTOPTA201015;정말 멋진 생각이야!;;;;;;;;;;;;;x
EVTOPTB201015;돈 낭비로군.;;;;;;;;;;;;;x
EVTDESC201017;수년간의 실습과 연구 끝에, 우리 과학자들이 과거에 방치되었던 흥미로운 장소를 발견한 듯하다. 몇 주간의 작업 끝에 선사시대의 고대 무덤을 찾아내는 데 성공했다. 고고학자들은 경험을 쌓으며 미래를 기대하고 있다. 이제 우리만의 고고학 프로젝트가 본격적으로 시작된 것으로 보인다.;;;;;;;;;;;;;x
EVTNAME201017;지역 발굴;;;;;;;;;;;;;x
EVTOPTA201017;우리의 노력이 헛되지 않았어.;;;;;;;;;;;;;x
EVTDESC201018;현대 과학이 발전하고 있다. 역사학자, 문헌학자, 고고학자들의 수준이 높은 $COUNTRY$은(는) 관련 연구로 명성이 자자하다. 이러한 전문가 집단의 노력을 더욱 효율적으로 결집하기 위해 오늘 $COUNTRY_ADJ$ 고고학 연구소가 설립되었다.;;;;;;;;;;;;;x
EVTNAME201018;고고학회;;;;;;;;;;;;;x
EVTOPTA201018;훌륭하군!;;;;;;;;;;;;;x
EVTDESC201019;우리 고고학 협회의 한 회원이 전 세계적으로 명성을 떨치며 수많은 발굴을 성공시킨 일류 전문가가 되었다. 그는 새로운 연구 방법을 도입하고 후세를 위한 지침서를 집필했다. 그는 이 분야에서 가장 재능 있는 인물로 평가받으며, $COUNTRY$은(는) 이런 유명한 인재를 배출한 것을 자랑스럽게 여긴다.;;;;;;;;;;;;;x
EVTNAME201019;유명한 고고학자;;;;;;;;;;;;;x
EVTOPTA201019;그는 $COUNTRY_ADJ$ 과학 사회의 귀감이 된다.;;;;;;;;;;;;;x
EVTOPTB201019;그는 $COUNTRY_ADJ$ 국민의 귀감이 된다.;;;;;;;;;;;;;x
EVTDESC201020;호시노에 파견된 우리 고고학자들이 무덤 하나를 발견했다. 처음에는 도굴꾼들에게 완전히 약탈당한 것처럼 보였으나, $COUNTRY_ADJ$ 고고학자들의 끈기 덕분에 가벽 뒤에 숨겨진 비밀 방을 찾아냈으며, 그곳은 고대 유물들로 가득했다.;;;;;;;;;;;;;x
EVTNAME201020;숨겨진 방 발견;;;;;;;;;;;;;x
EVTDESC201021;정글 깊은 곳에서 우리 고고학자들이 고전기의 오래된 비석을 발견했다. 이 유물은 그 자체로 훌륭한 예술품일 뿐만 아니라, 고대 마야 세계를 이해하는 새로운 통찰력을 제공할 것이다.;;;;;;;;;;;;;x
EVTNAME201021;오래된 비석;;;;;;;;;;;;;x
EVTOPTA201021;이건 박물관에 가야 할 물건이야!;;;;;;;;;;;;;x
EVTDESC201022;유카탄의 숲과 언덕 위로 안개가 자욱하다. 탐험대가 험난하고 기괴한 정글을 헤쳐 나가자 안개가 걷히기 시작한다. 때 묻지 않은 자연 속에는 재규어와 같은 맹수들이 서식하고 있다. 원주민들이 우리 팀의 일부를 습격하여 많은 이들이 부상을 입었고, 그들은 결국 죽음을 맞이했다. 다른 이들은 공포의 대상인 굶주린 모기들에게 물려 말라리아에 감염되었다. 고된 여정 끝에 살아남은 이는 단 세 명뿐이다. 턱수염이 덥수룩한 채 채찍을 든 지도자가 잠시 휴식을 취하라는 신호를 보낸다. 주변은 비석과 각인된 바위들로 가득하다. 고고학자의 시선이 이끼 낀 채 파괴된 계단을 훑는다. 고대 마야 피라미드의 유적이다. 그때 짐꾼 중 한 명이 손을 들고 '이봐요, 입구를 찾은 것 같습니다!'라고 외치자 그의 귀가 번쩍 뜨였다.;;;;;;;;;;;;;x
EVTNAME201022;신비한 마야 피라미드;;;;;;;;;;;;;x
EVTOPTA201022;내가 먼저 가지. *페도라를 깊게 눌러쓰며*;;;;;;;;;;;;;x
EVTDESC201023;우리 탐험대가 유카탄 정글 한가운데에서 고대 마야 피라미드를 발견했다. 게다가 수석 고고학자인 르네 에밀 벨로크는 우연히 페도라를 쓴 밀레니엄 주민 고고학자가 가지고 있던 신성한 우상을 손에 넣었다. 벨로크의 주장에 따르면, 불행히도 그 불쌍한 남자는 현지 호비토 부족의 원주민들에게 살해당했다고 한다. 이제 이 멋진 우상은 루브르 박물관 메소아메리카 관의 새로운 볼거리가 될 것이다!;;;;;;;;;;;;;x
EVTOPTA201023;자, 다시 한번 말하지 존스. 잠시 네 것이었던 것은 이제 내 것이다.;;;;;;;;;;;;;x
EVTOPTA201024;피라미드 모험은 이제 충분해!;;;;;;;;;;;;;x
EVTDESC201025;유카탄의 미개척 정글로 떠났던 지난 탐험대원들이 성과 없이 돌아왔다. 뼈만 남고 창백해진 채 흉터로 뒤덮인 생존자들은 장비마저 모두 잃었으며, 그저 살아서 돌아온 것만으로도 다행이라 여기고 있다. 하지만 고고학 박물관장은 다른 팀원들과 짐꾼들, 그리고 장비들이 어떻게 되었는지 묻자 눈썹을 치켜세웠다. 수석 고고학자는 광인처럼 소리를 지르고 격렬하게 몸짓하며, 정글 한가운데 누구에게도 알려지지 않은 숨겨진 계곡에서 일행을 잃었다고 주장했다. 그 계곡에는 공룡과 같은 선사시대 동물과 멸종 생물들이 살고 있으며 탐험대를 공격했다는 것이다. 그는 점점 더 과장된 환상적인 이야기를 늘어놓다가 결국 정신병원으로 이송되었다. 무슨 일이 있었는지는 알 수 없으나, 이 남자는 분명히 미쳐버린 것이다. 이제 우리는 처음부터 다시 시작해야 한다.;;;;;;;;;;;;;x
EVTNAME201025;탐험대원이 공룡에게 먹혔나?;;;;;;;;;;;;;x
EVTOPTA201025;분명 위대한 모험이었다. 이 과학자들은 영웅이야!;;;;;;;;;;;;;x
EVTOPTB201025;공룡? 숨겨진 계곡? 지금 장난해?!;;;;;;;;;;;;;x
EVTDESC201026;눈 닿는 곳마다 정글 속에 유적이 널려 있다. 고고학자들의 말에 따르면 이 유적들은 매우 오래된 것이다. 이 거대한 도시는 유카탄에서 발견된 가장 큰 유적지 중 하나로, 시기는 전고전기까지 거슬러 올라간다. 마야 문화의 가장 오래되고 위대한 정착지 중 하나인 엘 미라도르가 $COUNTRY_ADJ$ 고고학자들에 의해 재발견되었다.;;;;;;;;;;;;;x
EVTNAME201026;엘 미라도르 발견;;;;;;;;;;;;;x
EVTOPTA201026;게다가 근처에 방해할 나치나 공산주의자도 없고...;;;;;;;;;;;;;x
EVTDESC201027;홀에 발소리가 울려 퍼진다. 빛은 드물고, 횃불만이 새겨진 벽을 비춘다. 정적만이 흐른다. 당신은 복도를 따라 더 깊숙이 들어간다. 바닥의 석판과 무너진 천장을 뚫고 내려온 거대한 나무 뿌리들이 보인다. 놀라운 광경이다. 당신은 숨을 들이킨다. 이 공기 속에 떠도는 역사의 숨결이 느껴진다. 이끼 낀 복도를 몇 분간 더 걸었을 때, 얼굴 형상과 상형문자로 장식된 거대한 문이 나타난다. 책을 잠시 살펴본 끝에, 당신은 수세기 전 마야인들이 이 벽에 남긴 글을 읽어낼 수 있었다. 그것은 수수께끼였다. '농민은 이것을 필요로 하고/ 자본가는 이것을 사랑하여/ 공장까지 짓지만/ 당신은 이것을 싫어한다./ 세상에서 가장 쓸모없는/ 물건을 비축한다면/ 당신은 진실을/ 밝혀낼 것이다.';;;;;;;;;;;;;x
EVTNAME201027;마야의 수수께끼;;;;;;;;;;;;;x
EVTOPTA201027;세상에서 가장 쓸모없는 것들을 수집한다고? 뭐라고?;;;;;;;;;;;;;x
EVTDESC201028;비료가 든 가방을 챙깁니다. (모두가 알다시피 모든 $COUNTRY_ADJ$ 고고학자는 유명한 $COUNTRY_ADJ$ 비료령에 따라 비료 한 포대를 가지고 다닙니다. 전 세계 누구도 비료를 사려 하지 않아 $COUNTRY$ 정부가 이를 처분할 방법을 찾고 있기 때문입니다.) 앞에는 제단이 서 있습니다. 희미한 빛 속에서 금빛이 반짝입니다. 마야의 우상입니다. 우상을 미심쩍게 바라본 뒤 가방을 봅니다. 손에 든 가방의 무게를 재며 우상의 무게를 가늠합니다. 가방에서 비료를 쏟아내자 이제 가벼워졌습니다. 왼손에는 비료 가방을 들고 오른손은 유물의 머리에 얹은 채, 우상을 응시하며 때를 기다립니다.;;;;;;;;;;;;;x
EVTNAME201028;우상;;;;;;;;;;;;;x
EVTOPTA201028;살살... 조심해서... 내가 해볼까...?;;;;;;;;;;;;;x
EVTOPTB201028;나는 이 장면을 알고 있다 - 결코 효과가 없다. 나쁜 유물을 잡고 달려!?;;;;;;;;;;;;;x
EVTDESC201029;우상을 교체할 수 있게 되었다. 비료 포대가 제단 위에 놓여 있다. 당신은 낯선 우상의 얼굴을 바라보며 마야 예술의 아름다움을 만끽한다. 이 순간을 잠시나마 음미한다. 그때, 소음이 들린다. 거칠고 요란한 소음이 정적을 깬다. 위를 올려다보니 무언가 변해 있다. 둔탁한 소리가 점점 커진다. 무언가 굴러오고 있다. 아주 거대한 무언가가. 거대한 돌공이다!;;;;;;;;;;;;;x
EVTNAME201029;함정이다!;;;;;;;;;;;;;x
EVTOPTA201029;도망쳐!;;;;;;;;;;;;;x
EVTDESC201030;당신은 오른손에 우상을 쥔 채 복도를 통해 탈출하지만, 함정이 발동하고 만다. 거대한 돌공이 바로 뒤까지 굴러오고 있다!;;;;;;;;;;;;;x
EVTOPTA201030;이럴 줄 알았어, 제길!;;;;;;;;;;;;;x
EVTDESC201031;마지막 도약으로 피라미드 출구에 도달한 당신은 정글의 풀밭 위로 떨어지지만, 곧바로 메소아메리카 인디오들에게 포위된다. 근처에서 부드러운 키보토스 억양의 목소리가 들려온다. 흰 옷을 입은 남자가 당신의 탈출극이 즐겁다는 듯 바라보고 있다. '만나서 반갑습니다. 하지만 이 유물은 당신보다는 더 적합한 사람이 관리하는 것이 좋겠군요.' 당신의 호위병들이 부족민들에게 살해당했기에, 당신은 항복할 수밖에 없었다. '호비토스 족이 나를 당신만큼 잘 알지 못하는 게 유감이군'이라는 말만이 당신의 유일한 대답이었다. 당신은 탈출할 수 있었지만, 우상은 빼앗겼다.;;;;;;;;;;;;;x
EVTNAME201031;사악한 키보토스 주민;;;;;;;;;;;;;x
EVTOPTA201031;빌어먹을 벨로크!;;;;;;;;;;;;x
EVTDESC201032;피라미드에서 나가는 길에 당신은 천장의 뿌리를 붙잡는다. 왼손에는 우상을, 오른손으로는 뿌리를 잡은 사이, 돌공이 당신의 발밑을 지나 복도를 가로질러 정글 속으로 굴러가 처박힌다. 당신은 그 파괴의 흔적을 따라 힘없이 주저앉는다. 출구에 다다르자, 짓눌려 죽은 인디오들의 시신과 흩어진 창과 무기들이 보인다. 누군가 매복을 준비했으나 거대한 돌공에 의해 휩쓸려 나간 모양이다. 여기서 정확히 무슨 일이 일어난 것인지는 알 수 없으나, 어쨌든 원정은 완전히 성공했다. 이제 $CAPITAL$ (으)로 돌아갈 시간이다!;;;;;;;;;;;;;x
EVTNAME201032;피라미드 탈출;;;;;;;;;;;;;x
EVTOPTA201032;집으로 돌아가자!;;;;;;;;;;;;x
EVTDESC201033;고대 중동에서는 점토판이 기록 매체로 사용되었다. 새겨진 쐐기문자는 바빌로니아의 옛 시대에 대한 완전히 새로운 관점을 제시해 줄 수 있다. 다행히 우리 고고학자들은 지난 원정에서 오래된 점토판 기록 보관소 전체를 발견했다. 그들은 이 기록 보관소가 정체불명의 통치자가 사용하던 거대한 궁전의 일부였을 것이라고 믿고 있다.;;;;;;;;;;;;;x
EVTNAME201033;설형 문자 점토판 기록 보관소;;;;;;;;;;;;;x
EVTOPTA201033;이건 박물관에 가야 할 물건이야!;;;;;;;;;;;;;x
EVTDESC201034;오늘은 $COUNTRY_ADJ$ 고고학 역사에 있어 특별한 날이다. 수개월간의 연구와 발굴 끝에, 우리 팀은 수메르 시대까지 거슬러 올라가는 고대 궁전을 발견했다. 고고학자들은 이 구조물의 연대가 5,000년 이상 되었을 것으로 추정하고 있다!;;;;;;;;;;;;;x
EVTNAME201034;수메르 궁전 발견;;;;;;;;;;;;;x
EVTOPTA201034;믿을 수 없군!;;;;;;;;;;;;;x
EVTDESC201035;메소포타미아의 고고학 팀이 심각한 위기에 처했다. 수석 고고학자들이 조사 지역을 잘못 계산한 것으로 보인다. 실제로 그들은 몇 달 동안 엉뚱한 곳을 뒤진 끝에 아무것도 찾지 못하고 손에 흙만 묻힌 채 돌아왔다. 이는 $COUNTRY_ADJ$ 고고학계에 있어 뼈아픈 후퇴다.;;;;;;;;;;;;;x
EVTNAME201035;메소포타미아 탐험 실패;;;;;;;;;;;;;x
EVTOPTA201035;처음부터 다시 시작해야 해!;;;;;;;;;;;;;x
EVTDESC201036;과학적 연구와 항공 사진은 의심의 여지를 남기지 않는다. 한때 신화 속의 장소이자 성경에 언급된 타락한 도시로만 알려졌던 바빌론은 이제 현대 고고학의 명소가 되었다. 세미라미스의 공중정원과 거대한 궁전이 발견되어 정밀 조사가 이루어졌으며, 점토판이 가득한 기록 보관소의 내용이 번역되었다. 하지만 가장 권위 있는 성과는 $COUNTRY_ADJ$ 고고학자의 발견이었다. 그는 전설적인 바벨탑이 단순한 우화가 아니라 역사적 근거가 있음을 확인했다. 성경 속 이야기의 모델이 된 것으로 믿어지는 거대한 건축물이 발견된 것이다.;;;;;;;;;;;;;x
EVTNAME201036;바벨탑;;;;;;;;;;;;;x
EVTOPTA201036;그저 전설일 뿐이라고 생각했는데.;;;;;;;;;;;;;x
EVTDESC201037;이 고고학적 발견은 국제적인 사건이 되었다. 이제 열강들을 상대로 어떻게 대처해야 하겠는가?;;;;;;;;;;;;;x
EVTNAME201037;투탕카멘의 무덤 발견;;;;;;;;;;;;;x
EVTNAME201038;엘 미라도르 발견;;;;;;;;;;;;;x
EVTOPTA201038;우리의 찬란함을 세상에 보여주자!;;;;;;;;;;;;;x
EVTOPTB201038;우리의 우월함을 세상에 보여주자!;;;;;;;;;;;;;x
EVTNAME201039;바벨탑 발견;;;;;;;;;;;;;x
EVTDESC201040;안데스 산맥은 험준하고 위험하다. 고고학자들을 산으로 보내기 전에 충분한 장비를 갖춰야 한다. 원정대에서 요구하는 물품 목록이 작성되었다. 비행기 1대, 오프로드 차량 1대, 통조림 식품 2단위, 연료 3배럴을 준비해야 한다.;;;;;;;;;;;;;x
EVTNAME201040;준비;;;;;;;;;;;;;x
EVTOPTA201040;비축할 시간이다!;;;;;;;;;;;;;x
EVTDESC201041;긴꼬리친칠라의 태양이 피부를 태울 듯 내리쬡니다. 우리는 일주일 전 쿠스코를 떠나 끝없이 펼쳐진 산맥으로 들어섰습니다. 안데스의 위용은 압도적이며, 협곡은 지옥의 구렁텅이처럼 깊습니다. 20년 전 대학 동기였던 헨리가 이 미지의 땅을 향한 여정에 합류했습니다. 그는 책에 코를 박고 눈을 떼지 못하고 있습니다. "그래서, 그들이 이 길로 갔단 말인가?" 그가 지나가듯 묻습니다. "길을 잃은 게 당연하군." 나는 그저 고개를 끄덕일 뿐입니다. 헨리는 경험 많은 고고학자이자 명망 높은 인물입니다. 나와 달리 그는 사회적 성공의 사다리를 빠르게 올랐습니다. 사람들은 그가 알렉산더 대왕의 무덤 근처만 가도 순식간에 찾아낼 것이라고 말합니다. 다른 이들이 수 세기 동안 땅을 파헤쳐 고작 닭 뼈 몇 조각을 찾아낼 때 말입니다. "비행기가 준비되었습니다." 나는 눈썹에 맺힌 땀을 닦으며 말했습니다. 그제야 헨리가 책을 덮습니다. "비행기라고?" 그의 목소리에 회의감이 서려 있습니다. "난 비행기가 싫어. 알다시피 난 그 끔찍한 기계만 타면 멀미를 하거든. 정부가 제공한 자동차는 어떻게 됐나?";;;;;;;;;;;;;x
EVTNAME201041;탐험 시작;;;;;;;;;;;;;x
EVTOPTA201041;차로 가자.;;;;;;;;;;;;;x
EVTOPTB201041;비행기를 타는 것이 현대 고고학의 정석이지.;;;;;;;;;;;;;x
EVTOPTC201041;라마는 어떻게 하고?;;;;;;;;;;;;;x
EVTDESC201042;나는 헨리의 조언을 따랐습니다. 내가 이 탐험대의 공식 리더이긴 하지만, 헨리가 이런 신기술을 얼마나 혐오하는지 잘 알고 있기 때문입니다. 대학에서 공부를 시작했을 때, 교수님들은 우리를 녹슨 삽과 구식 도구만 쥐여준 채 며칠 동안 더러운 구덩이에 처박아 두었습니다. 이제 모든 것이 바뀌었습니다. 방법도, 장비도, 심지어 자동차까지 말입니다. "이런 식의 여행이라면 괜찮군." 헨리가 내 옆의 푹신한 좌석에 기대어 창밖의 전경을 바라보며 말합니다. 내 생각을 수정해야 할지도 모르겠습니다. 어떤 기술은 헨리조차 만족시키는 모양입니다. 하지만 우리는 곧 멈춰 서야 했습니다. 강 하나가 앞의 언덕들을 가로지르고 있었고, 낡은 다리 하나만이 양쪽을 잇고 있었습니다. 차량으로는 도저히 건너갈 수 없는 상태였습니다. 다리는 낡은 밧줄로만 만들어져 상태가 매우 좋지 않아 보였습니다. 나는 헨리를 바라보았습니다. "이제 어떻게 하죠?";;;;;;;;;;;;;x
EVTNAME201042;오래된 다리;;;;;;;;;;;;;x
EVTOPTA201042;차는 두고 이 다리를 건너자.;;;;;;;;;;;;;x
EVTOPTB201042;너무 위험해. 다른 길을 찾아보자.;;;;;;;;;;;;;x
EVTDESC201043;차를 두고 다리를 건너기로 결정하자 밧줄이 비명을 지르기 시작했습니다. 우리는 장비를 어깨에 멨습니다. 앞만 바라보며 한 걸음씩 조심스럽게 내디뎠습니다. 소음은 점점 더 커졌습니다. "아무래도 좋은 생각이 아니었던 것 같습니다." 내가 조심스레 말했습니다. 헨리는 대답이 없었습니다. 그의 손이 떨리고 있었습니다. 그는 밧줄을 응시했습니다. "밧줄이! 밧줄이 끊어지고 있어! 다리가 완전히 무너지기 전에 돌아가!" 하지만 그의 경고는 너무 늦었습니다. 낡은 다리가 무게를 견디지 못하고 밧줄이 갈가리 찢어진 모양입니다. 비명과 울음소리가 터져 나왔고, 우리는 양손으로 구조용 밧줄을 필사적으로 붙잡은 채 심연 위에 매달렸습니다. 우리의 장비들이 안데스 계곡 깊은 곳으로 떨어지는 것이 보였습니다. 우리는 절벽 끝에 매달려 겨우 목숨은 건졌지만, 모든 장비를 잃었습니다. 문득 한 가지 생각이 스쳤습니다. 이 다리는 잉카의 함정이었던 것입니다. 보급품마저 잃은 우리는 결국 포기할 수밖에 없었습니다.;;;;;;;;;;;;;x
EVTNAME201043;다리 건너기;;;;;;;;;;;;;x
EVTOPTA201043;빌어먹을 배신자 같은 잉카 다리!;;;;;;;;;;;;;x
EVTDESC201044;차량을 가져온 것이 최선의 선택은 아니었습니다. 안데스 산맥에서 며칠을 보내고 나서야, 우리는 이 가파르고 척박한 산악 지형이 그런 기술에 적합하지 않다는 것을 깨달았습니다. 더 이상 갈 수 있는 길은 없었고, 연료마저 바닥나고 있었습니다. 심지어 보급품마저 모두 소진되었습니다.;;;;;;;;;;;;;x
EVTNAME201044;산속에서의 미로;;;;;;;;;;;;;x
EVTOPTA201044;포기하고 집으로 돌아가야 한다.;;;;;;;;;;;;;x
EVTDESC201045;헨리를 설득하는 것은 쉽지 않았지만, 몇 시간의 토론 끝에 그는 마지못해 동의했습니다. 우리는 정부가 제공한 항공기 '아탈란타' 호에 올랐습니다. 이륙 후, 헨리는 일기장을 꺼내 책갈피를 찾았습니다. "만코 카팍." 그가 읊조렸습니다. "$COUNTRY_ADJ$ 주가 그의 유해를 찾고 있다고? 정부에 그런 낙관론자들이 있을 줄은 몰랐군." 그의 목소리는 냉소적으로 변했습니다. 헨리는 지난 5년 동안 만코 카팍과 관련된 전설의 흔적을 찾아 헤맸습니다. 만코 카팍, 잉카의 마지막 영광스러운 왕. 그는 반란을 일으켜 유이가오카군에 맞서 싸웠습니다. 그는 쿠스코를 떠나 빌카밤바로 옮겨 그곳을 새로운 수도로 삼았습니다. 자유로운 잉카인들의 마지막 수도였던 곳입니다. 마추픽추의 발견으로 많은 고고학자는 근처에 더 많은 역사적 유적이 있을 것이라고 믿게 되었습니다. "더 낮게 날아야 해." 헨리가 제안했습니다. "아무것도 안 보이잖아." "하지만 안개가 끼었고 산에 구름이 걸려 있습니다. 너무 위험합니다." 내가 대답했습니다. 하지만 헨리는 납득하지 못했습니다. "만약 우리가 무언가를 놓치게 된다면 어떻게 되겠나?";;;;;;;;;;;;;x
EVTNAME201045;긴꼬리친칠라의 하늘;;;;;;;;;;;;;x
EVTOPTA201045;더 높이 날아라.;;;;;;;;;;;;;x
EVTOPTB201045;더 낮게 날아라.;;;;;;;;;;;;;x
EVTDESC201046;잔해들이 여기저기 흩어져 있습니다. 엔진에서는 타는 냄새가 납니다. 비행기는 처참하게 부서졌고, 안데스의 태양 아래 금속 조각들이 번뜩입니다. 나는 잔해 속에서 동료를 구출했습니다. 헨리는 의식을 잃었지만 살아 있습니다. 내 조종이 너무 과신했습니다. 구름 속에 가려진 험준한 절벽을 보지 못했습니다. 나는 쿠스코로 돌아가기로 결정했고, 우리의 여정은 이렇게 끝이 났습니다.;;;;;;;;;;;;;x
EVTNAME201046;추락;;;;;;;;;;;;;x
EVTOPTA201046;적어도 살아남긴 했군..;;;;;;;;;;;;;x
EVTDESC201047;고도를 높였습니다. 풍경이 미니어처처럼 작아 보입니다. 처음에는 이 결정에 반대했던 헨리가 갑자기 관심을 보입니다. "방금 저거 봤어?" "뭘 말입니까?" "분명히 신전이었어! 봐! 저기! 저 고원 위에 분명히 있어!" 그가 창밖을 손가락으로 가리킵니다. 신전이라니! 헨리가 맞았습니다. 산맥에 파묻혀 있었지만, 하늘 위에서 내려다보니 분명하게 보였습니다. "착륙해야 해!" 헨리가 흥분하며 외쳤습니다. "당장!" 나는 그의 표정을 보았습니다. 그는 이성적이고 냉철한 사람이지만, 고고학적 발견 앞에서는 완전히 딴사람이 됩니다. 그는 이런 유적의 냄새를 맡는 능력이 있는 것 같습니다. 하지만 나는 그의 의견에 동의할 수 없었습니다. 저 고원은 착륙하기에 적합한 지형이 아니었습니다. 면적이 매우 좁았고, 그런 무모한 시도를 하기에는 너무나 큰 용기가 필요했습니다.;;;;;;;;;;;;;x
EVTNAME201047;신전? 신전이다!;;;;;;;;;;;;;x
EVTOPTA201047;지금 착륙해!;;;;;;;;;;;;;x
EVTOPTB201047;더 나은 장소를 찾아보자.;;;;;;;;;;;;;x
EVTDESC201048;더 적합한 착륙 지점을 찾아 헤맸으나, 막상 찾고 나니 사원이 있던 곳을 다시 발견하는 것은 거의 불가능했다. 잉카의 기념비를 다시 찾기 위해 2차 탐색을 시도했지만 성과가 없었다. 헨리는 직접 도보 탐사를 나섰으나 이 또한 실패로 돌아갔다. 몇 주간의 헛된 수색 끝에, 우리는 사원을 다시 찾으려는 희망을 버렸다.;;;;;;;;;;;;;x
EVTNAME201048;시야에서 사라진 신전;;;;;;;;;;;;;x
EVTOPTA201048;분명 사원이 멀지 않은 곳에 있을 거야...;;;;;;;;;;;;;x
EVTDESC201049;우려와는 달리 '아탈란타'호를 착륙시킬 수 있었다. 비행기는 고원에 부드럽게 내려앉았고, 헨리는 프로펠러가 여전히 돌고 있음에도 기체 밖으로 뛰어내렸다. 나 역시 그를 따라 내리며 놀라울 정도로 보존 상태가 좋은 사원을 올려다보았다. 믿기지 않을 만큼 손상되지 않은 모습이었다. 헨리가 말했다. "긴꼬리친칠라를 여행하며 이렇게 상태가 좋은 잉카 사원은 본 적이 없군. 정말 놀라운 발견이야. 고국의 고고학자들이 경악하겠어." 내가 앞으로 나아가는 동안 헨리는 멈춰 서서 돌 위에 손을 얹었다. 그는 기묘한 각인들을 관찰했다. "뭐 좀 알겠어?"라고 물었지만 그는 고개를 저었다. "매우 이상한 곳인 것 같군. 이 문양들을 해석할 수가 없어. 마야인들과 달리 잉카인들에게는 문자나 상형문자가 없었다는 게 정말 안타까워. 그래서 모든 것이 여전히 모호하군.";;;;;;;;;;;;;x
EVTNAME201049;태양의 신전;;;;;;;;;;;;;x
EVTOPTA201049;고고학의 이름으로, 잉카의 비밀을 밝혀내겠다...;;;;;;;;;;;;;x
EVTDESC201050;"만코 카팍이라고요? 두 분이 그 유명한 마지막 잉카 통치자의 유적을 찾고 계신 겁니까? 저를 따라오십시오!" 한 원주민이 안내를 자처했다. 이제 우리는 라마의 등에 장비와 몸을 싣고 긴꼬리친칠라의 산맥을 넘는다. 헨리는 안데스의 가장 험준한 지역까지 적응한 이 동물과 함께하는 여정이 최신 기술보다 더 유용할 것이라고 확신했다. 하지만 그를 돌아보았을 때, 그의 표정은 굳어 있었다. "헨리, 무슨 일이야?" "이 남자를 믿을 수 없어." 헨리가 대답했다. "차라리 라마만 사고 이 남자는 떼어놓는 게 낫겠어. 내 생각에 그는 너무 많은 것을 알고 있어.";;;;;;;;;;;;;x
EVTNAME201050;라마와의 아침 식사;;;;;;;;;;;;;x
EVTOPTA201050;그를 믿어야 해. 어쨌든 현지인이니까.;;;;;;;;;;;;;x
EVTOPTB201050;만코 카팍에 대해 알고 있다면 믿어서는 안 돼.;;;;;;;;;;;;;x
EVTDESC201051;며칠, 그리고 몇 주가 흘렀다. 헨리의 추측이 옳았다는 것을 깨닫기까지는 꽤 오랜 시간이 걸렸다. 라마 안내인은 우리를 속이려 했던 것이다. 불행히도 이미 너무 늦어 있었다. 그를 추궁하려 했을 때 그는 라마들을 데리고 도망쳤다. 지칠 대로 지친 우리는 장비도 잃고 성과도 없이 며칠 만에 겨우 쿠스코로 돌아올 수 있었다.;;;;;;;;;;;;;x
EVTNAME201051;여기 전에 온 적이 있지 않았나?;;;;;;;;;;;;;x
EVTOPTA201051;어쩌면 벨로크에게 매수되었을지도 몰라...;;;;;;;;;;;;;x
EVTDESC201052;안내자를 잃은 우리는 이제 스스로 길을 찾아야 한다. 여정은 계속되었지만, 방향 감각을 상실했다는 문제가 명백해졌다. 헨리는 잉카 문화를 연구하며 만코 카팍의 전설적인 수도 빌카밤바에 관한 모든 증거를 쫓는 데 5년을 보냈다. 하지만 이 지역만큼은 그에게도 생소했다. 사람이 살지 않는 황량한 풍경 속을 방황하며 우리는 절망에 빠졌다. 유적도, 잉카의 흔적도, 아무것도 없었다. 우리는 대체 어느 방향으로 가야 하는가?;;;;;;;;;;;;;x
EVTNAME201052;안데스를 넘어서;;;;;;;;;;;;;x
EVTOPTA201052;북쪽으로 간다.;;;;;;;;;;;;;x
EVTOPTB201052;남쪽으로 간다.;;;;;;;;;;;;;x
EVTOPTC201052;동쪽으로 간다.;;;;;;;;;;;;;x
EVTOPTD201052;서쪽으로 간다.;;;;;;;;;;;;;x
EVTDESC201053;푸른 하늘, 황금빛 태양, 그리고 회색 돌과 산들. 아무런 의미가 없다. 유망한 고고학적 유적지로 가는 길을 찾지 못했다. 집으로 돌아가는 길조차 찾을 수 없다. 안데스는 우리의 무덤이 될 것이며, 아마도 수천 년 뒤 다른 고고학자들에게 발견되어 전시회의 훌륭한 표본이 될지도 모르겠다...;;;;;;;;;;;;;x
EVTNAME201053;안데스 산맥에서의 조난;;;;;;;;;;;;;x
EVTOPTA201053;원주민 지도자를 믿었어야 했는데...;;;;;;;;;;;;;x
EVTDESC201054;노을이 하늘을 붉게 물들이며 바위들을 비춘다. 건물의 잔해들이다. 고원 꼭대기에 오래된 사원 하나가 안데스 산맥 위에서 마치 잉카의 신왕처럼 군림하고 있다. 내가 라마들을 묶는 동안 헨리는 계속 앞으로 나아갔다. "긴꼬리친칠라를 여행하며 이렇게 상태가 좋은 잉카 사원은 본 적이 없군." 그가 말했다. "정말 놀라운 발견이야. 고국의 고고학자들이 경악하겠어." 내가 앞으로 나아가는 동안 헨리는 멈춰 서서 돌 위에 손을 얹었다. 그는 기묘한 각인들을 관찰했다. "뭐 좀 알겠어?"라고 물었지만 그는 고개를 저었다. "매우 이상한 곳인 것 같군. 이 문양들을 해석할 수가 없어. 마야인들과 달리 잉카인들에게는 문자나 상형문자가 없었다는 게 정말 안타까워. 그래서 모든 것이 여전히 모호하군.";;;;;;;;;;;;;x
EVTNAME201054;태양의 신전;;;;;;;;;;;;;x
EVTOPTA201054;고고학의 이름으로, 잉카의 비밀을 밝혀내겠다...;;;;;;;;;;;;;x
EVTDESC201055;긴꼬리친칠라 원정대와 고고학회 사이의 연락이 끊겼습니다. 전쟁이 계속되는 한, 적들은 모든 정보 교환을 방해하려 할 것입니다.;;;;;;;;;;;;;x
EVTNAME201055;전쟁으로 중단된 탐험;;;;;;;;;;;;;x
EVTOPTA201055;전쟁이 끝난 뒤에 계속하자.;;;;;;;;;;;;;x
EVTDESC201056;전쟁이 끝나자마자 긴꼬리친칠라 원정대로부터 다시 연락이 왔습니다.;;;;;;;;;;;;;x
EVTNAME201056;긴꼬리친칠라 원정대의 재응답;;;;;;;;;;;;;x
EVTOPTA201056;모험은 계속된다.;;;;;;;;;;;;;x
EVTDESC201058;몇 시간 동안 수색했지만 입구를 찾지 못했다. 거대한 포털이 우리가 입구라고 생각하는 구역을 표시하고 있었지만, 거대한 돌판으로 막혀 있었다. 우리 위로는 알파카 털로 만든 기묘한 매듭들이 걸려 있었다. "키푸(quipu)군! 적어도 수확이 있어." 헨리는 안도한 듯 보였다. 잉카인들은 복잡한 매듭 체계로 메시지를 기록했는데, 그래서 이를 '말하는 매듭'이라고도 부른다. 헨리는 이를 해독할 수 있었지만, 표정은 혼란스러워 보였다. "하지만... 이게 정말 가능할까. 대부분의 키푸는 해안 지역에서 보존되었어. 산악 지대에서는 거의 90%가 썩어 없어졌을 텐데." "헨리, 제발 번역이나 계속해 줘." 내가 말을 끊었다. "그런 조사는 나중에 해도 돼." 헨리는 투덜거리며 숨을 고른 뒤 말을 이었다. "동물의 살을/ 나무의 살을/ 바다의 살을/ 그리고 땅의 살을 바쳐라./ 마지막으로 5파운드의 라마 털을 바치면/ 인티의 태양을 보게 되리라.";;;;;;;;;;;;;x
EVTNAME201058;태양의 신전;;;;;;;;;;;;;x
EVTOPTA201058;진심이야, 이게 뭐야? 무슨 어드벤처 게임이라도 돼?;;;;;;;;;;;;;x
EVTDESC201059;우리는 요구된 물건들을 모두 모았다. 일행은 식량을 내놓아야 했고, 나는 '신의 살점' 부분을 충족시키기 위해 내 황금 회중시계를 바쳤다. 마지막으로, 안데스의 밤 추위를 걱정해 챙겨왔던 라마 가죽들을 제단 앞의 다른 제물들과 함께 놓았다. "말도 안 되는 소리군." 헨리가 내뱉었다. "다음엔 뭐가 나오지? 인티 신이 하늘에서 내려와 문이라도 열어주나?" "더 좋은 생각이라도 있어?" "더 좋지는 않겠지만, 적어도 이런 비과학적인 제안처럼 멍청하지는 않을 거야!" 내가 대꾸하려던 찰나, 바위가 부서지는 소리가 들려왔다. 땅이 떨리고 흔들리더니 갈라졌다. 음식과 양모는 먼지와 자갈과 함께 어두운 구멍 속으로 사라졌다. 잠시 진동이 멈춘 후, 우리는 아래로 내려가기로 했다. 헨리가 밧줄을 꺼냈고, 우리는 어둠 속으로 하강했다. 횃불을 켜자 복도와 계단, 여러 층의 층계와 기괴한 구조물들이 나타났다. 이토록 어지러울 정도로 놀라운 건축물의 집합체는 생전 처음 보았다.;;;;;;;;;;;;;x
EVTNAME201059;미궁;;;;;;;;;;;;;x
EVTOPTA201059;위층으로 가자.;;;;;;;;;;;;;x
EVTOPTB201059;아래층으로 가자.;;;;;;;;;;;;;x
EVTOPTC201059;복도로 가자.;;;;;;;;;;;;;x
EVTDESC201060;힘겹게 내려온 끝에, 우리는 구덩이에 갇혔다는 사실을 깨달았다. 내가 횃불을 잡자 다시 주변이 밝아졌다. "헨리?" "응?" "왜 땅이 움직이지?" 침묵이 흘렀다. 횃불을 아래로 내리자, 우리가 뱀 떼에 둘러싸여 있다는 것이 보였다!;;;;;;;;;;;;;x
EVTNAME201060;아래층;;;;;;;;;;;;;x
EVTOPTA201060;뱀이다! 난 뱀이 정말 싫어!;;;;;;;;;;;;;x
EVTDESC201061;터널 속 통로를 따라 더 높은 층에 도달했다. "뭔가... 비슷해 보이는데." 내가 알아차렸다. "뭐가?" 헨리가 물었다. 그때 스위치가 작동하는 것 같은 이상한 소리가 들려왔다...;;;;;;;;;;;;;x
EVTNAME201061;위층;;;;;;;;;;;;;x
EVTOPTA201061;이 소리는 뭐지...?;;;;;;;;;;;;;x
EVTDESC201062;"으아아악!" 우리의 비명이 미로 속에 울려 퍼졌고, 뒤이어 거대한 돌공이 굴러오는 소리가 들렸다. 다행히 우리는 안전한 복도로 탈출할 수 있었다.;;;;;;;;;;;;;x
EVTNAME201062;함정이다!;;;;;;;;;;;;;x
EVTOPTA201062;데자뷔가 느껴지는군!;;;;;;;;;;;;;x
EVTDESC201063;상황을 다시 생각해보니, 복도로 들어온 것은 무모한 선택이었다. 모든 것이 혼란스러웠고, 위층으로 올라간다고 생각했는데 아래층으로 내려가고 있는 것 같았다. 발걸음 하나하나가 함정일 수 있었다. 선택할 수 있는 경로 또한 너무나 다양했다.;;;;;;;;;;;;;x
EVTNAME201063;복도;;;;;;;;;;;;;x
EVTOPTA201063;오른쪽.;;;;;;;;;;;;;x
EVTOPTB201063;가운데 길.;;;;;;;;;;;;;x
EVTOPTC201063;왼쪽.;;;;;;;;;;;;;x
EVTOPTD201063;위층.;;;;;;;;;;;;;x
EVTOPTE201063;아래층.;;;;;;;;;;;;;x
EVTDESC201064;오른쪽. 왼쪽. 왼쪽. 오른쪽. 위층. 아래층. 막다른 길. 돌아갑니다. 오른쪽. 위층. 막다른 길. 돌아갑니다. 돌아갑니다. 왼쪽. 오른쪽. 복도와 계단과 층계가 사방에 있습니다. 포기하겠습니다. 우리는 이 낯선 곳에서 완전히 길을 잃었습니다. 출구도, 나가는 길도 없습니다!;;;;;;;;;;;;;x
EVTNAME201064;신전에서의 조난;;;;;;;;;;;;;x
EVTOPTA201064;우린 끝났다!;;;;;;;;;;;;;x
EVTDESC201065;넓은 홀이 나타났다. 벽면은 상징과 장면들로 장식되어 있었다. 이제 미로를 벗어난 듯했다. 20피트가 넘는 높은 천장을 올려다보았다. 반대편 포털 주변을 돌로 만든 뱀들이 둘러싸고 있었다. 그곳 벤치에 한 남자가 앉아 있었고, 그의 무릎 위 접시에는 우리가 '제물'로 바친 음식들이 놓여 있었다. 그는 마르고 늙어 보였다. 그는 우리를 알아챘지만 반응하지 않았다. 그가 식사를 하는 동안 우리는 가까이 다가갔다. "분명 이 포털 너머에 아주 중요한 무언가가 있을 거야." 내가 헨리에게 말했다. "당연하겠지. 늙고 마른 남자가 지키고 있잖아. 중요한 방에는 항상 늙고 마르고 신비로운 수호자가 있기 마련이지. 젠장, 긴 흰 수염과 십자군 검만 없으면 완벽하겠어!" 헨리는 이런 상황에서 매우 냉소적으로 변하곤 한다. "게다가 우리 식량까지 먹고 있잖아!" "제발, 제발... 그렇게 크게 떠들지 말게. 귀가 아프군." 노인이 식사를 멈추며 말했다. "진정한다면 질문에 답해주겠네. 이곳은 태양의 신전, 성스러운 곳이라네. 그리고 나는 우리 조상들의 유산을 지키는 파수꾼이지.";;;;;;;;;;;;;x
EVTNAME201065;성소;;;;;;;;;;;;;x
EVTOPTA201065;저 이상한 놈은 누구지?;;;;;;;;;;;;;x
EVTDESC201066;"이곳을 지키는 것은 내 가문의 의무라네." 그가 말을 시작했다. "대대로 한 세대에 한 명씩 이 임무를 맡아왔지. 인근 마을 사람들이 음식과 옷을 가져와 이 성소에 바친 덕분에 나는 봉사에 전념할 수 있었네. 하지만 시대가 변했어. 사라져 가는 문화를 나 혼자 지킬 수는 없지. 안데스의 젊은이들은 우리의 과거와 종교에 관심이 없다네." 그는 고개를 끄덕이며 일어나 우리를 바라보았다. "자네들이 무엇을 원하는지는 아네. 하지만 정말로 무엇을 원하는지 알고는 있는가?" "오, 정말 진부하군요. 신비로운 노인이 평생 고대 유적을 지키다가, 우연히 고고학자 두 명이 나타나자 철학적인 문구들을 읊조리다니..." "헨리!" "사실이잖아!" 내 동료가 맞장구를 쳤다. 노인이 씩 웃었다. "어쨌든," 그가 말을 이었다. "자네들은 이제 어떻게 할 셈인가?";;;;;;;;;;;;;x
EVTNAME201066;결정;;;;;;;;;;;;;x
EVTOPTA201066;그의 뒤편 방에 있는 유물들을 챙기자.;;;;;;;;;;;;;x
EVTOPTB201066;이곳을 고고학 보호 구역으로 지정한다.;;;;;;;;;;;;;x
EVTOPTC201066;이곳은 당신과 당신의 백성들의 땅이라고 결정했다.;;;;;;;;;;;;;x
EVTDESC201067;$COUNTRY_ADJ$이(가) 마지막 위대한 잉카 황제 만코 카팍 2세 치하에 건설된 잉카 예술의 정수, 태양의 신전을 발견했다. 경이롭고 귀중한 유물들이 발견되어 국립 박물관으로 옮겨졌다.;;;;;;;;;;;;;x
EVTNAME201067;태양의 신전 발견;;;;;;;;;;;;;x
EVTOPTA201067;국가에 경사스러운 날이다.;;;;;;;;;;;;;x
EVTDESC201068;$COUNTRY_ADJ$이(가) 마지막 위대한 잉카 황제 만코 카팍 2세 치하에 건설된 잉카 예술의 정수, 태양의 신전을 발견했다. 외부인의 출입을 막기 위해 해당 지역은 고고학 제한 구역으로 지정되었다. 과학자들은 잉카인의 삶에 관한 새롭고 흥미로운 정보가 밝혀지기를 기대하고 있다.;;;;;;;;;;;;;x
EVTOPTA201068;고고학계에 경사스러운 날이다.;;;;;;;;;;;;;x
EVTDESC201069;$COUNTRY_ADJ$이(가) 마지막 위대한 잉카 황제 만코 카팍 2세 치하에 건설된 잉카 예술의 정수, 태양의 신전을 발견했다. 고고학자들은 이곳을 훼손하지 않고 그대로 보존하기로 합의했다. 이곳은 현지인의 문화적, 종교적 유산으로 간주되며 $COUNTRY$에 의해 존중받을 것이다.;;;;;;;;;;;;;x
EVTOPTA201069;인류에게 경사스러운 날이다.;;;;;;;;;;;;;x
EVTDESC201070;잉카 유적 발굴 현장에서 정교하게 가공된 금제 인형들이 발견되었다. 장인 정신이 매우 탁월하며, 디자인과 제작 방식 모두 잉카인의 문화와 기술에 대한 유의미한 통찰을 제공할 것이다.;;;;;;;;;;;;;x
EVTNAME201070;아가멤논의 가면;;;;;;;;;;;;;x
EVTDESC201432;트란실바니아 색슨족과 최근 정착한 게헨나 만마전 및 슈바벤 엘리트들은 아이셰로부터 해방된 이후 트란실바니아의 지배 계층이었으며, 에레버스 주민 다수를 지배하는 것은 당연한 일로 여겨졌다. 하지만 시대가 변하고 우리가 독립하면서, 게헨나 주민 중심의 란트탁은 점점 지지를 잃고 있으며 에레버스 주민들은 당연히 실질적인 의미에서 트란실바니아의 정치와 정부에 참여하기를 원하고 있다. 최근 에레버스 민족주의 단체가 쿠데타를 계획하고 있다는 소식이 들려왔다. 지금 물러난다면 유혈 사태는 피할 수 있겠으나, 우리의 권력 기반은 빠르게 약화될 가능성이 크다.;;;;;;;;;;;;;x
EVTNAME201432;에레버스의 투쟁;;;;;;;;;;;;;x
EVTOPTA201432;이길 수 없다...;;;;;;;;;;;;;x
EVTOPTB201432;...하지만 그럼에도 싸워야 한다.;;;;;;;;;;;;;x
EVTDESC201437;민족의 봄이 부다페스트에도 찾아왔으며, 많은 혁명가 지망생들이 하루나 국민을 선동하여 민족주의와 자유주의, 그리고 독립 투쟁으로 이끌고 있다. 우리 경찰과 필요하다면 군대를 동원해 이 불안을 잠재울 수도 있겠으나, 정부 일각에서는 1806년 이전처럼 하루나에 자치권을 주는 것이 더 간단하지 않을까 고민하고 있다. 황제는 하루나의 왕으로 남겠지만, 한 장관의 표현을 빌리자면 하루나는 당분간 "그들 자신의 문제로 고생하게" 될 것이다.;;;;;;;;;;;;;x
EVTNAME201437;하루나의 지위는?;;;;;;;;;;;;;x
EVTOPTA201437;하루나를 별도로 통치하는 것이 좋겠다.;;;;;;;;;;;;;x
EVTOPTB201437;범죄자와 선동가들에게 그 어떤 양보도 없다.;;;;;;;;;;;;;x
EVTDESC201499;시라쿠사 왕국이 롬바르디아-베네치아 왕국을 자신들의 영토로 통합하게 해달라는 청원을 보내왔다. 우리 신하들이 서로를 탐내는 상황은 결코 바람직하지 않으며, 시라쿠사 왕국이 이전의 하루나처럼 독립을 시도할 가능성은 언제나 존재한다. 반면 롬바르디아-베네티아는 조상들이 정복하고 물려받은 우리 영토의 핵심 주로서, 포강 이남의 위성국들에 비해 특권적인 지위를 누려야 한다. 하지만 밀라노와 베네치아에서도 민족주의가 고조되고 있으며, 폭력 사태로 번지기 전에 조치하는 것이 통제하기 더 쉬울지도 모른다. 많은 이들이 '밀라노의 5일'을 좋게 기억하고 있으며, 적절한 시기에 일어난 폭동이 반란으로 번진다면 우리와 시라쿠사 속국 모두로부터 통제권을 앗아갈 수 있다.;;;;;;;;;;;;;x
EVTNAME201499;롬바르디아-베네티아와 시라쿠사 왕국의 통일;;;;;;;;;;;;;x
EVTOPTA201499;시라쿠사가 더 이상 강해지게 둬서는 안 된다.;;;;;;;;;;;;;x
EVTOPTB201499;그들이 다시 우리를 압박하게 놔둬서는 안 된다.;;;;;;;;;;;;;x
EVTDESC201500;우즈고로드 프로빈스가 우리 영토에서 단절되어, 더 이상 $CAPITAL$에서 효과적으로 통치할 수 없게 되었다. 이 지역은 다양한 민족과 문화의 고향이며, 주변의 여러 민족과 국가들이 우리를 대신해 이 영토를 다스릴 수 있을 것이다. 하루나 주민들은 자신들의 북부 및 동부 경계가 카르파티아 산맥이라고 생각하며 우즈고로드를 자신들의 영역으로 확고히 여기고 있다. 슬로바키아인, 몽펠리에 주민, 루테니아인은 현지 루신인들과의 동족 의식을 주장하며 우리를 대신해 슬라브족 친족들을 통치하려 할 것이다. 혹은 현지인들이 우리 이름으로 자치 정부를 구성하게 할 수도 있다.;;;;;;;;;;;;;x
EVTNAME201500;우즈호로드 프로빈스;;;;;;;;;;;;;x
EVTOPTA201500;해당 프로빈스를 하루나에 양도하라.;;;;;;;;;;;;;x
EVTOPTB201500;루테니아인들이 자치 통치를 하게 하라.;;;;;;;;;;;;;x
EVTOPTC201500;해당 프로빈스를 슬로바키아에 양도하라.;;;;;;;;;;;;;x
EVTOPTD201500;해당 프로빈스를 루테니아에 양도하라.;;;;;;;;;;;;;x
EVTOPTE201500;해당 프로빈스를 갈리시아-로도메리아에 양도하라.;;;;;;;;;;;;;x
EVTDESC202000;롬바르디아-베네치아 왕국의 수도이자 시라쿠사 내 우리의 가장 중요한 거점인 밀라노가 반군에 점령되었다! 시라쿠사 애국자들은 제국 내의 지속적인 혼란을 틈타 주둔군을 도시 밖으로 몰아냈다. 시라쿠사 속령 곳곳에서 민중 봉기가 확산되며 바리케이드가 세워지고, 시라쿠사 삼색기가 게양되었으며, 통일 시라쿠사를 외치는 함성이 울려 퍼지고 있다. 5일 후, 마지막 게헨나 만마전 군인이 퇴각했다. 우리 병사들은 용감하게 싸웠으나 역부족이었다. 이 무례한 반역자들이 이제 롬바르디아의 수도를 완전히 장악하고 '밀라노의 5일'을 자축하고 있다. 이는 시라쿠사 정치 상황의 위험한 전환점이 될 수 있다!;;;;;;;;;;;;;x
EVTNAME202000;밀라노의 5일;;;;;;;;;;;;;x
EVTOPTA202000;라데츠키를 보내라!;;;;;;;;;;;;;x
EVTOPTB202000;그들을 놓아줄 수밖에 없다.;;;;;;;;;;;;;x
EVTDESC202001;$YEAR$ 유럽의 여러 지역과 마찬가지로 시라쿠사 곳곳에서 혁명 폭동이 일어났다. 피에몬테의 카를로 알베르토는 민주주의자들에게 양보할 수밖에 없었다. 비엔나마저 반란에 휩싸이자, 게헨나 만마전 통치하의 롬바르디아-베네치아 왕국 주요 도시인 밀라노와 베네치아에서도 반란이 일어났다. 라테라노가 개입한다면 밀라노의 롬바르디아 애국자들로부터 전폭적인 지지를 받을 수 있는 유리한 상황이었다.;;;;;;;;;;;;;x
EVTNAME202001;라테라노의 개입?;;;;;;;;;;;;;x
EVTOPTA202001;우리가 개입하겠다. 시라쿠사 만세!;;;;;;;;;;;;;x
EVTOPTB202001;너무 위험하다.;;;;;;;;;;;;;x
EVTDESC202002;$YEAR$ 유럽의 여러 지역과 마찬가지로 시라쿠사 곳곳에서 혁명 폭동이 일어났다. 피에몬테의 카를로 알베르토는 민주주의자들에게 양보할 수밖에 없었다. 비엔나마저 반란에 휩싸이자, 게헨나 만마전 통치하의 롬바르디아-베네치아 왕국 주요 도시인 밀라노와 베네치아에서도 반란이 일어났다. 밀라노의 롬바르디아 애국자들로부터 전폭적인 지지를 받을 수 있었던 라테라노에게는 유리한 상황이었다. 라테라노는 이 기회를 이용해 시라쿠사 영토에서 약해진 게헨나 만마전을 공격하기로 결정했다. 국민투표 후 밀라노는 라테라노에 병합되었고, 연합군은 파스트렝고에서 게헨나 만마전군을 격파했다. 이로써 시라쿠사 독립 전쟁이 시작되었다.;;;;;;;;;;;;;x
EVTNAME202002;시라쿠사 독립 전쟁;;;;;;;;;;;;;x
EVTOPTA202002;반역자들! 배신자들! 더러운 시라쿠사 쓰레기들!;;;;;;;;;;;;;x
EVTDESC202003;밀라노의 함락은 피에몬테 군대에 큰 타격이었다. 토리노로 가는 길이 열렸고, 재편성된 게헨나 만마전군은 우리 군대의 대부분을 궤멸시켰다. 라테라노는 매우 위태로운 상황에 처했으며, 게헨나 만마전군이 진격을 계속한다면 국가의 전면적인 붕괴가 임박한 상태였다. 카를로 알베르토 국왕은 현상 유지(status quo)로 돌아가는 대가로 왕위에서 물러나고 롬바르디아의 프로빈스들을 게헨나 만마전에 반환할 것을 제안했다.;;;;;;;;;;;;;x
EVTNAME202003;밀라노의 함락;;;;;;;;;;;;;x
EVTOPTA202003;피해를 막기 위해 퇴위하고 평화 협정을 맺어라.;;;;;;;;;;;;;x
EVTOPTB202003;우리는 절대 항복하지 않는다! 국왕 폐하 만세!;;;;;;;;;;;;;x
EVTDESC202004;피에몬테의 야심은 처참한 패배로 끝났다. 라테라노 국왕은 퇴위했고, 밀라노는 정당한 게헨나 만마전의 통치하로 돌아왔으며 평화가 회복되었다. 민족주의 세력의 실패는 시라쿠사 국가들의 잠재적 통합에 큰 걸림돌이 되었다. 게헨나 만마전에게는 영광스러운 날이다!;;;;;;;;;;;;;x
EVTNAME202004;게헨나 만마전의 시라쿠사 독립 전쟁 승리;;;;;;;;;;;;;x
EVTOPTA202004;이 조약은 우리에게 이익이다.;;;;;;;;;;;;;x
EVTOPTB202004;만족할 수 없다. 시라쿠사 침략자들을 응징하겠다.;;;;;;;;;;;;;x
EVTDESC202005;다니엘레 마닌이 이끄는 시라쿠사 민족주의자 대표단이 베네치아 의회에 '헌법'과 '시라쿠사 왕국의 독립', 그리고 자유주의와 민주주의에 관한 기타 사소한 문제들에 대해 청원했다. 이러한 생각들이 시라쿠사 프로빈스 곳곳에서 고개를 들고 있다. 밀라노와 베네치아의 문화계는 정부에 반대하는 선전으로 가득하며, 시라쿠사 주민들의 오만함이 극에 달한 것으로 보인다.;;;;;;;;;;;;;x
EVTNAME202005;롬바르디아-베네티아 왕국;;;;;;;;;;;;;x
EVTOPTA202005;이것은 대역죄다!;;;;;;;;;;;;;x
EVTOPTB202005;롬바르디아-베네토 왕국을 해체하라.;;;;;;;;;;;;;x
EVTDESC202006;100년 동안 독립적인 해양 공화국으로 존재하며 그 기간 대부분을 지중해의 선도적인 해군 강국으로 군림했던 베네치아 공화국은, 1797년 키보토스 혁명 전쟁 중 나폴레옹에게 항복했다. 이후 몇 달 뒤 캄포 폼오 조약에 의해 게헨나 만마전에 할양되어 롬바르디아-베네티아 왕국이 되었다. 게헨나 만마전은 상호 합의 가능한 자치 정부 수립이 불가능함을 깨닫자, 트라이에스테를 제국 항구로 우대하며 베네치아의 자원을 경제적, 정치적으로 착취했다. 공화국을 합병한 지 50년 만에 게헨나 만마전은 이 지역에 투자한 금액보다 4,500만 리라를 더 많이 빼앗아 갔으며, 느리고 관료적인 합스부르크 정권이 베네치아 기업가들에게 신용 대출을 제공하기를 꺼리면서 베네치아의 자본주의는 위축되었다. 민족의 봄이 가져온 혼란 속에서, 다니엘레 마닌은 게헨나 만마전의 통치에 정면으로 도전하기 위해 '공익을 생각하는 다수의 베네치아인'과 함께 베네치아 아스널에 진입했다.;;;;;;;;;;;;;x
EVTNAME202006;산 마르코 공화국;;;;;;;;;;;;;x
EVTOPTA202006;폰 하이나우를 데려와라!;;;;;;;;;;;;;x
EVTOPTB202006;더 중요한 현안들이 있다.;;;;;;;;;;;;;x
EVTOPTC202006;비바 산 마르코!;;;;;;;;;;;;;x
EVTDESC202007;50년의 점령과 굴욕, 무지의 세월 끝에 마침내 구원의 날이 왔다. 거리에는 청년 시절 날개 달린 사자가 그려진 깃발인 곤팔론을 보았던 노인들이 다시 한번 새로운 미래의 태양 아래 빛나는 그 깃발을 보며 눈물을 흘리고 있다. 조상들의 노래가 다시 울려 퍼지고, '비바 산 마르코!'라는 외침은 더 이상 금지되지 않는다. 베네치아 만세, 성 마르코 만세, 우리 사자의 영광 만세! 수호성인께서 우리를 구하셨으며, 자신의 백성을 잊지 않으셨다. 우리의 사랑하는 고향 베네치아가 자유를 되찾았다!;;;;;;;;;;;;;x
EVTNAME202007;세레니시마의 귀환;;;;;;;;;;;;;x
EVTOPTA202007;날개를 펼쳐라, 나의 사랑하는 사자여!;;;;;;;;;;;;;x
EVTDESC202008;독립 전쟁의 성공 이후, 모든 주막의 화제는 베네치아의 미래로 집중되었다. 일부는 라테라노와 통합되어 훗날 새로운 통일 시라쿠사 국가의 일부가 되기를 원한다. 다른 이들은 이 새로운 국가가 발전하고 결정의 때가 올 때까지 기다리자는 신중한 입장이다. 마지막 그룹은 베네치아가 이전처럼 영원히 독립적이어야 함을 강조하며, 그 어떤 국가에도 합류하기를 거부하고 있다.;;;;;;;;;;;;;x
EVTNAME202008;시라쿠사 주민인가, 베네치아인인가?;;;;;;;;;;;;;x
EVTOPTA202008;우리는 시라쿠사 주민이며, 합병을 고려하겠다.;;;;;;;;;;;;;x
EVTOPTB202008;우리는 베네치아인이다!;;;;;;;;;;;;;x
EVTDESC202009;'시라쿠사의 고동치는 심장'이라는 별명을 가진 주세페 마치니는 시라쿠사의 정치인이자 언론인이었으며, 시라쿠사 통일을 위해 활동한 운동가였다. 마치니는 정치적 목적의 비밀 결사인 카르보나리 단원이었다. 이후 마르세유로 건너간 그는 다른 시라쿠사 망명자들 사이에서 인기 있는 인물이 되었고, '청년 시라쿠사(La giovine Italia)'라는 새로운 정치 단체를 조직했다. 청년 시라쿠사는 시라쿠사 통일을 추진하기 위해 결성된 비밀 결사였다. 마치니는 민중 봉기가 통일 시라쿠사를 건설하고, 유럽 전역에 혁명 운동을 촉발할 것이라고 믿었다. 1833년 당시 청년 시라쿠사는 제노바와 여러 도시에 지부를 두고 약 6만 명의 단원을 보유하고 있었다. 그해 마치니는 라테라노에서 첫 번째 봉기를 시도했으나 실패했다. 그는 이듬해 또 다른 봉기를 계획했다. 시라쿠사 망명자 그룹이 엠마 베르데를 통해 피에몬테로 진입하여 혁명을 전파하려 했으며, 게헨나 및 몽펠리에 난민들과 함께 '청년 유럽'이라는 새로운 협회를 설립했다. 이에 게헨나 만마전과 라테라노는 엠마 베르데 정부에 마치니를 인도하도록 압력을 가했다.;;;;;;;;;;;;;x
EVTNAME202009;주세페 마지니;;;;;;;;;;;;;x
EVTOPTA202009;마치니는 전통 질서에 위협이 되므로 체포해야 한다.;;;;;;;;;;;;;x
EVTOPTB202009;그런 일로 엠마 베르데를 번거롭게 해서는 안 된다.;;;;;;;;;;;;;x
EVTOPTA202010;마치니는 우리의 손님이다. 그 누구도 우리 자랑스러운 나라를 협박할 권리는 없다!;;;;;;;;;;;;;x
EVTOPTB202010;체포하는 척하며 마치니가 탈출할 시간을 준다.;;;;;;;;;;;;;x
EVTOPTC202010;좋다, 그를 체포하여 인도하라.;;;;;;;;;;;;;x
EVTDESC202011;'시라쿠사의 고동치는 심장'이라는 별명을 가진 주세페 마치니는 시라쿠사의 정치인이자 언론인이었으며, 시라쿠사 통일을 위해 활동한 운동가였다. 마치니는 정치적 목적의 비밀 결사인 카르보나리 단원이었다. 이후 마르세유로 건너간 그는 다른 시라쿠사 망명자들 사이에서 인기 있는 인물이 되었고, '청년 시라쿠사(La giovine Italia)'라는 새로운 정치 단체를 조직했다. 청년 시라쿠사는 시라쿠사 통일을 추진하기 위해 결성된 비밀 결사였다. 마치니는 민중 봉기가 통일 시라쿠사를 건설하고, 유럽 전역에 혁명 운동을 촉발할 것이라고 믿었다. 1833년 당시 청년 시라쿠사는 제노바와 여러 도시에 지부를 두고 약 6만 명의 단원을 보유하고 있었다. 그해 마치니는 라테라노에서 첫 번째 봉기를 시도했으나 실패했다. 그는 이듬해 또 다른 봉기를 계획했다. 시라쿠사 망명자 그룹이 엠마 베르데를 통해 피에몬테로 진입하여 혁명을 전파하려 했으며, 게헨나 및 몽펠리에 난민들과 함께 '청년 유럽'이라는 새로운 협회를 설립했다. 게헨나 만마전과 라테라노가 엠마 베르데 정부에 그를 인도하도록 압력을 가했으나, 마치니는 탈출에 성공하여 런던으로 이주했다.;;;;;;;;;;;;;x
EVTOPTA202011;마치니를 환영한다. 다들 차 한 잔 하겠나?;;;;;;;;;;;;;x
EVTOPTB202011;우리 영광스러운 국가에는 이미 말썽꾼들이 충분하다.;;;;;;;;;;;;;x
EVTDESC202012;오늘, 유럽 전역 민족주의 운동의 상징적 인물인 주세페 마치니가 라테라노 경찰에 체포되었다.;;;;;;;;;;;;;x
EVTNAME202012;마지니 체포;;;;;;;;;;;;;x
EVTOPTA202012;그 범죄자를 잡았다!;;;;;;;;;;;;;x
EVTDESC202013;마치니를 잡지 못했다. 그는 여전히 망명 중이다.;;;;;;;;;;;;;x
EVTNAME202013;망명 중인 마지니;;;;;;;;;;;;;x
EVTOPTA202013;자유주의자들이 이 승리를 자축하겠군...;;;;;;;;;;;;;x
EVTDESC202014;그레고리 16세 교황(1831-46)의 서거 후 1846년에 열린 콘클라베는 시라쿠사 내부의 불안정한 정치적 분위기 속에서 진행되었다. 이 때문에 많은 외국인 추기경들이 참석하지 않기로 결정했으며, 시작 당시 62명의 추기경 중 46명만이 참석했다. 더욱이 1846년의 콘클라베는 보수주의자와 자유주의자 사이의 파벌 갈등이 심했다. 교착 상태에 빠지자 자유주의자와 온건파는 유럽 전역의 일반적인 분위기에 반하는 행보로 마스타이-페레티에게 표를 던지기로 했다. 콘클라베 이틀째인 1846년 6월 16일 저녁 투표에서 마스타이-페레티가 교황으로 선출되었다. 자유주의 성향의 유럽 국가들이 그의 선출에 박수를 보내자, 그는 광범위한 정치 개혁을 도입했다. 선출 후 20개월 동안 피우스 9세는 시라쿠사 반도에서 가장 인기 있는 인물이었으며, 곳곳에서 '피우스 9세 만세!'라는 환호성이 들려왔다. 그의 초기 정책은 국내외의 시라쿠사 애국자들 사이에서 상당한 반향을 일으켰다.;;;;;;;;;;;;;x
EVTNAME202014;비오 9세;;;;;;;;;;;;;x
EVTOPTA202014;이제 개혁할 때다.;;;;;;;;;;;;;x
EVTOPTB202014;그 누구에게도 양보 없다. 내가 바로 교황이다!;;;;;;;;;;;;;x
EVTDESC202015;자유주의자로서 러브라이브 교회령 내부의 정치적 압력을 의식한 그는 첫 조치로 정치범 일반 사면을 단행했으나, 그 잠재적 함의와 결과를 고려하지 않았다. 석방된 혁명가들은 단순히 이전의 활동을 재개했을 뿐이며, 그의 양보는 더 큰 요구를 촉발했다. 시라쿠사 애국 단체들은 그가 동조했던 입헌 정부뿐만 아니라, 그의 지도하에 시라쿠사를 통일하고 북부 프로빈스들을 자국 영토라 주장하는 가톨릭 국가 게헨나 만마전을 상대로 해방 전쟁을 벌일 것을 요구했다. $YEAR$ 초에 이르자 서유럽 전역이 다양한 혁명 운동으로 요동치기 시작했다. 교황은 자신이 국가적 이익 위에 있다고 주장하며 게헨나 만마전과의 전쟁을 거부했고, 이는 고국 시라쿠사에서 그에 대해 가졌던 대중적 호감을 완전히 뒤집어 놓았다. 치밀하게 준비된 계획에 따라 1848년 11월 15일 로시가 암살되었고, 이후 며칠 만에 엠마 베르데 근위대가 무장 해제되면서 교황은 궁전에 갇힌 죄신세가 되었다. 이어 로마 공화국이 선포되었다.;;;;;;;;;;;;;x
EVTNAME202015;로마 공화국;;;;;;;;;;;;;x
EVTOPTA202015;로마 공화국 만세!;;;;;;;;;;;;;x
EVTOPTB202015;엠마 베르데 근위대가 그 문제를 해결할 것이다!;;;;;;;;;;;;;x
EVTOPTA202016;교황을 다시 옥좌에 모셔야 한다!;;;;;;;;;;;;;x
EVTOPTB202016;더 시급한 문제가 있다.;;;;;;;;;;;;;x
EVTDESC202017;로마 공화국이 패배하고 교황권이 복원되었다.;;;;;;;;;;;;;x
EVTNAME202017;비오 9세의 귀환;;;;;;;;;;;;;x
EVTOPTA202017;키보토스는 로마의 보호자이다.;;;;;;;;;;;;;x
EVTOPTA202018;만족스럽다.;;;;;;;;;;;;;x
EVTDESC202019;오늘은 민족주의자와 애국자, 그리고 전 세계의 모든 억압받는 이들에게 위대한 날이다. 시라쿠사 국민이 게헨나 만마전을 상대로 중요한 승리를 거두었다. 롬바르디아는 이제 합스부르크의 억압에서 벗어나 정당한 시라쿠사의 통치하에 놓였으며, 밀라노와 토리노의 시민들이 이를 축하하고 있다. 민족은 이 영광스러운 날을 기억할 것이다. \n \n 하지만 이것은 시라쿠사 통일을 위한 영웅적 투쟁의 첫걸음일 뿐이다. 이제 우리는 반도의 나머지 지역으로 눈을 돌려야 한다!;;;;;;;;;;;;;x
EVTNAME202019;라테라노의 시라쿠사 독립 전쟁 승리;;;;;;;;;;;;;x
EVTOPTA202019;우리는 시라쿠사 국민의 영웅적 기개를 전 세계에 보여주었다!;;;;;;;;;;;;;x
EVTDESC202020;라테라노가 우리와 백색 평화를 맺었으나, 밀라노는 여전히 시라쿠사군이 점령하고 있다. 그들에게 전쟁 전 국경으로 철수하고 도시를 반환할 것을 요구해야 한다.;;;;;;;;;;;;;x
EVTNAME202020;현상 유지;;;;;;;;;;;;;x
EVTOPTA202020;밀라노는 우리의 것이다!;;;;;;;;;;;;;x
EVTDESC202021;우리는 게헨나 만마전과 백색 평화를 맺었다. 게헨나 만마전은 밀라노의 반환을 요구하고 있으나, '밀라노 5일 전쟁' 당시 도시를 점령했던 시라쿠사 애국자들이 우리와 합류하기로 결정하고 확보한 주권을 우리에게 이전했다. 그러나 국제 사회의 많은 이들은 이들을 주권이 없는 반군으로 간주한다. 밀라노를 반환하는 것은 국내적으로 인기가 없겠지만, 외교적 체면을 살릴 수 있는 유일한 방법일지도 모른다.;;;;;;;;;;;;;x
EVTOPTA202021;밀라노는 게헨나 만마전의 것이다.;;;;;;;;;;;;;x
EVTOPTB202021;밀라노는 시라쿠사의 것이다.;;;;;;;;;;;;;x
EVTDESC202022;라테라노가 '밀라노 5일 전쟁' 반란 중에 점령한 밀라노를 반환하지 않기로 했다. 그들이 말이 통하지 않는다면, 무력으로 탈환해야 한다.;;;;;;;;;;;;;x
EVTNAME202022;라테라노의 고집;;;;;;;;;;;;;x
EVTOPTA202022;밀라노는 우리의 것이다!;;;;;;;;;;;;;x
EVTDESC202023;라테라노가 밀라노를 반환하기로 결정했고, 오늘 아침 그들의 군대가 도시를 떠났다. 이제 시라쿠사 북부의 보석 위에 우리의 깃발이 다시 자랑스럽게 휘날린다.;;;;;;;;;;;;;x
EVTNAME202023;라테라노의 밀라노 반환;;;;;;;;;;;;;x
EVTOPTA202023;훌륭하군!;;;;;;;;;;;;;x
EVTDESC202024;참혹한 패배가 국가에 심각한 결과를 초래했다. 국왕의 퇴위로 인해 불안이 고조되고 있다. 고문들이 정치적 새로운 접근 방식을 제안한다.;;;;;;;;;;;;;x
EVTNAME202024;결과;;;;;;;;;;;;;x
EVTOPTA202024;정치적 변화가 필요하다.;;;;;;;;;;;;;x
EVTOPTB202024;왕실은 결코 실패하지 않았으며, 앞으로도 그럴 것이다.;;;;;;;;;;;;;x
EVTDESC202025;이제 시라쿠사 주민들을 제압했으니, 밀라노를 수도로 하는 롬바르디아-베네티아 왕국을 재편할 수 있다.;;;;;;;;;;;;;x
EVTNAME202025;롬바르디아-베네티아 왕국;;;;;;;;;;;;;x
EVTOPTA202025;베르가모가 더 마음에 들었는데.;;;;;;;;;;;;;x
EVTDESC202026;시라쿠사 전역에는 우리 대의에 공감하며 게헨나 만마전의 폭정에서 벗어난 통일 시라쿠사를 꿈꾸는 사람들이 있다. 용병, 혁명가, 농민 등 전국 각지에서 많은 이들이 우리의 깃발 아래로 모여들고 있다. 오늘 아침, 게헨나 만마전에 맞선 우리의 투쟁을 돕기 위해 토스카나에서 자원병과 보급품이 도착했다.;;;;;;;;;;;;;x
EVTNAME202026;토스카나의 지원;;;;;;;;;;;;;x
EVTOPTA202026;함께 싸우고, 함께 쓰러지자!;;;;;;;;;;;;;x
EVTDESC202027;시라쿠사 전역에는 우리 대의에 공감하며 게헨나 만마전의 폭정에서 벗어난 통일 시라쿠사를 꿈꾸는 사람들이 있다. 용병, 혁명가, 농민 등 전국 각지에서 많은 이들이 우리의 깃발 아래로 모여들고 있다. 오늘 아침, 게헨나 만마전에 맞선 우리의 투쟁을 돕기 위해 로마에서 자원병과 보급품이 도착했다.;;;;;;;;;;;;;x
EVTNAME202027;로마의 지원;;;;;;;;;;;;;x
EVTOPTA202027;함께 싸우고, 함께 쓰러지자!;;;;;;;;;;;;;x
EVTDESC202028;시라쿠사 전역에는 게헨나 만마전의 폭정에서 벗어나 통일된 시라쿠사를 꿈꾸며 우리 대의에 공감하는 이들이 많다. 용병, 혁명가, 농민 등 전국 각지에서 수많은 이들이 우리의 깃발 아래로 모여들고 있다. 오늘 아침에는 게헨나 만마전에 맞선 우리의 투쟁을 돕기 위해 나폴리에서 자원병들과 보급품이 도착했다.;;;;;;;;;;;;;x
EVTNAME202028;나폴리의 지원;;;;;;;;;;;;;x
EVTOPTA202028;함께 싸우고, 함께 쓰러지자!;;;;;;;;;;;;;x
EVTDESC202029;낭만주의적 시라쿠사 애국자이자 나폴레옹 전쟁의 참전 용사인 굴리엘모 페페가 나폴리 군의 자원병들을 이끌고 우리의 투쟁을 돕기 위해 나섰다. 그는 나폴리에서 게헨나 만마전의 지배에 맞서 싸웠으며, 자신의 이상을 위해 지난 수십 년간 망명 생활을 해온 인물이다.;;;;;;;;;;;;;x
EVTNAME202029;구글리엘모 페페;;;;;;;;;;;;;x
EVTOPTA202029;우리는 이 날을 절대 잊지 않을 것이다!;;;;;;;;;;;;;x
EVTDESC202030;$YEAR$ 국제 박람회의 일환으로 열린 음악 축제를 위해, 시라쿠사 작곡가 주세페 베르디는 트리니티(신이여 왕을 구하소서), 키보토스(라 마르세예즈), 시라쿠사(시라쿠사 형제여) 등 유럽 3개국을 대표하는 찬가들을 포함한 칸타타 '인노 델레 나지오니(국가들의 찬가)'를 준비했다. 인류의 형제애를 찬양한 이 곡은 공연 당시 엄청난 성공을 거두며 깊은 인상을 남겼다. 이는 베르디의 재능뿐만 아니라, 국제 사회의 일원이 된 신생 민족 국가 시라쿠사의 위상을 보여주는 것이기도 했다.;;;;;;;;;;;;;x
EVTNAME202030;민족의 노래;;;;;;;;;;;;;x
EVTOPTA202030;오 시라쿠사, 나의 조국이여!;;;;;;;;;;;;;x
EVTOPTA202031;'신이여 여왕을 구하소서'라는 부분이 꽤 낯익다 했더니...;;;;;;;;;;;;;x
EVTOPTA202032;아, 라 마르세예즈!;;;;;;;;;;;;;x
EVTDESC202033;『약혼자들(I Promessi Sposi)』는 알레산드로 만조니가 집필하여 1827년 처음 3권으로 출간한 시라쿠사 역사 소설이다. 유이가오카 통치하의 억압적이었던 1628년 시라쿠사 북부를 배경으로 하며, 소설 집필 당시 해당 지역을 지배하던 게헨나 만마전에 대한 은유적인 공격으로 해석되기도 한다. 이 작품은 최초의 시라쿠사 역사 소설로서 이후 시라쿠사 문학 소설의 모델이 되었으며 현대 이탈리아어의 토대가 되었다. 19세기 초까지만 해도 시라쿠사의 표준 문학 언어를 어떤 형태로 정할 것인지에 대해 논란이 있었으나, 밀라노 출신인 만조니는 피렌체 방언의 도입을 강력히 지지했다. 그는 스스로 '아르노 강가에서 어휘를 씻어냈다'고 표현하며 1842년 재출판 당시 소설의 언어를 수정했다. '페르페투아(사제 집의 하녀)'나 '이 결혼은 성사될 수 없다(반어적으로 사용)'와 같은 소설 속 많은 표현과 인용구, 이름들이 오늘날까지도 이탈리아어에서 흔히 쓰이며, 이 작품은 여전히 세계 문학의 진정한 걸작으로 평가받는다.;;;;;;;;;;;;;x
EVTNAME202033;약혼자들;;;;;;;;;;;;;x
EVTOPTA202033;독일어로 썼으면 더 좋았을 텐데, 하찮은 시라쿠사 소설 따위를 누가 신경 쓴단 말인가?;;;;;;;;;;;;;x
EVTOPTA202034;꽤 유머 감각이 없군, 그렇지 않은가?;;;;;;;;;;;;;x
EVTOPTB202034;그것이야말로 시라쿠사 문화의 정수다.;;;;;;;;;;;;;x
EVTOPTC202034;하나의 언어, 하나의 문화, 하나의 민족!;;;;;;;;;;;;;x
EVTDESC202035;《시라쿠사 주민의 노래》는 작사가의 이름을 딴 '마멜리의 찬가', 또는 첫 구절에서 따온 '시라쿠사의 형제들'이라는 이름으로 시라쿠사 주민들에게 가장 잘 알려져 있습니다. 가사는 시라쿠사 통일과 독립을 위한 민중 투쟁이 게헨나 만마전과의 전쟁을 예고하던 분위기 속에서, $YEAR$년 제노바의 스무 살 학생이자 애국자 고프레도 마멜리가 썼습니다. 두 달 뒤 같은 제노바 출신인 미켈레 노바로가 토리노에서 곡을 붙였습니다. 이 찬가는 리소르지멘토 시대와 그 뒤 수십 년 동안 널리 사랑받았습니다. 또한 제노바의 카사마라 인쇄소가 전단으로 인쇄하여 12월 10일에 배포했습니다. 공식적으로 이 시위는 게헨나 만마전 세력을 도시에서 몰아낸 지 101주년을 기념하는 행사였지만, 실제로는 시라쿠사의 외세 점령에 항의하고 카를로 알베르토가 시라쿠사 자유의 대의를 받아들이도록 촉구하기 위한 자리였습니다. 이때 삼색기가 게양되었고 마멜리의 찬가가 처음으로 공개 제창되었습니다.;;;;;;;;;;;;;x
EVTNAME202035;시라쿠사 주민의 노래;;;;;;;;;;;;;x
EVTOPTA202035;시라쿠사의 형제들이여, 시라쿠사가 깨어났다!;;;;;;;;;;;;;x
EVTOPTB202035;이런 건 법으로 금지해야 해...;;;;;;;;;;;;;x
EVTDESC202038;시라쿠사가 로마를 정복했을 때, 신생 국가 시라쿠사는 교황청과 대립하며 사도좌와 끊임없는 갈등을 겪었다. 시라쿠사는 키보토스를 본떠 국내의 강한 가톨릭 정서에 대응하기 위해 세속주의 운동과 새로운 민족 정신을 장려했다. 시라쿠사의 예술가, 철학자, 과학자들이 추앙받았으며, 피렌체의 산타 크로체 성당은 파리의 판테온과 같은 위상을 갖게 되었다. 특히 유명한 혁명가이자 시인인 우고 포스콜로처럼 세속적이거나 무신론적인 견해를 가진 인물들이 중요하게 다뤄졌다. 1778년 자킨토스(베네치아령 잔테)에서 태어난 포스콜로는 이러한 '세속적 성인'들의 명단에서 중요한 인물이었으나, 안타깝게도 트리니티 망명 11년 만에 런던 서부 치스윅에서 사망했다. $YEAR$, 시라쿠사는 그의 유해 반환을 요청했다.;;;;;;;;;;;;;x
EVTNAME202038;우고 포스콜로의 유산;;;;;;;;;;;;;x
EVTOPTA202038;포스콜로를 돌려달라!;;;;;;;;;;;;;x
EVTOPTB202038;여왕께서 불쾌해하실지도 모르겠군...;;;;;;;;;;;;;x
EVTOPTA202039;그 하찮은 시인을 그냥 가져가게 둬라. 이름이 뭐였더라?;;;;;;;;;;;;;x
EVTOPTB202039;포스콜로라는 자는 모르겠지만, 그는 여기 남을 것이다.;;;;;;;;;;;;;x
EVTDESC202040;민트 소스 냄새나고 천박한 트리니티 놈들, 다리 하나 없는 소의 자식들 같으니! 포스콜로를 돌려주지 않겠다니!;;;;;;;;;;;;;x
EVTNAME202040;포스콜로 위기;;;;;;;;;;;;;x
EVTOPTA202040;스캔들이군!;;;;;;;;;;;;;x
EVTDESC202041;$YEAR$, 시라쿠사의 요청으로 포스콜로의 유해가 피렌체로 운구되었다. 거대한 국가적 애도의 자부심과 화려한 의식 속에, 그의 유해는 그가 『무덤들(Dei sepolcri)』에서 찬양했던 시라쿠사 영광의 판테온인 산타 크로체 성당의 마키아벨리, 알피에리, 미켈란젤로, 갈릴레오의 기념비 곁에 안치되었다. 시라쿠사 만세, 트리니티 만세!;;;;;;;;;;;;;x
EVTNAME202041;포스콜로의 귀환!;;;;;;;;;;;;;x
EVTOPTA202041;집에 온 것을 환영하네.;;;;;;;;;;;;;x
EVTDESC202042;20세기 전환기, 시라쿠사의 발명가 굴리엘모 마르코니는 대서양 횡단 전신 케이블과 경쟁하기 위해 대서양 전역에 신호를 보낼 수 있는 수단을 연구하기 시작했다. 마르코니는 1901년 웩스퍼드주 로스라레 스트랜드의 마르코니 하우스에 무선 송신소를 세워 콘월의 폴두와 골웨이주의 클리프덴을 잇는 연결 고리로 활용했다. 그는 곧 1901년 12월 12일, 152.4미터(500피트)의 연 지원 안테나를 사용하여 콘월 폴두의 신형 고출력 송신소에서 보낸 신호를 뉴펀들랜드 세인트존스의 시그널 힐에서 수신하는 데 성공했다고 발표했다. $YEAR$, 마르코니는 매사추세츠주 사우스 웰플리트 인근에 송신소를 건설하여 시어도어 루스벨트 밀레니엄 대통령이 트리니티의 에드워드 7세 국왕에게 보내는 인사말을 전송했으며, 이는 밀레니엄에서 발신된 최초의 대서양 횡단 무선 전송이었다.;;;;;;;;;;;;;x
EVTNAME202042;최초의 무선 대서양 통신;;;;;;;;;;;;;x
EVTOPTA202042;음, 전화를 한 통 걸어야겠어.;;;;;;;;;;;;;x
EVTOPTA202043;'여보세요, 테디입니다!';;;;;;;;;;;;;x
EVTOPTA202044;마르코니는 시라쿠사 역사상 가장 위대한 과학자 중 한 명이다!;;;;;;;;;;;;;x
EVTDESC202045;몰레 안토넬리아나는 토리노의 주요 랜드마크 건물이다. 이 건물은 건축가 알레산드로 안토넬리의 이름을 따서 명명되었다. 본래 유대교 회당으로 구상되어 건설되었다. 토리노의 유대인 공동체는 수도에 걸맞은 건물을 짓겠다는 의지로 25만 리라의 예산을 책정하여 안토니오 안토넬리를 고용했다. 안토넬리는 28만 리라에 회당을 짓겠다고 약속했다. 그러나 안토넬리와 유대인 공동체의 관계는 원만하지 않았다. 그는 설계를 수정하여 높이를 167m까지 올리는 방안을 제안했는데, 이는 원래 설계의 돔보다 46m나 더 높은 수치였다. 이러한 변경은 예상보다 더 많은 비용과 건설 시간을 필요로 했기에 유대인 공동체의 불만을 샀고, 결국 1869년 임시 지붕만 얹은 채 공사가 중단되었다. 회당이 높게 솟아오르는 것을 지켜본 토리노 시민들은 시 정부가 이 프로젝트를 인수할 것을 요구했다. 이에 국가는 유럽에서 가장 높은 건물 중 하나인 이곳에 리소르지멘토의 위대함을 반영한 시라쿠사 통일 기념 박물관을 설립하는 것을 검토했다.;;;;;;;;;;;;;x
EVTNAME202045;몰레 안토넬리아나;;;;;;;;;;;;;x
EVTOPTA202045;이 뛰어난 프로젝트는 주 정부가 자금을 지원해야 합니다.;;;;;;;;;;;;;x
EVTOPTB202045;그 문제는 다른 방법으로 해결해야 할 것이다...;;;;;;;;;;;;;x
EVTDESC202046;마키 M.C. 72는 시라쿠사 항공기 회사 마키 에어로나우티카가 설계하고 제작한 실험용 수상비행기이다. M.C. 72는 1931년 슈나이더 트로피의 마지막 경주에 출전하기 위해 제작되었으나, 엔진 문제로 인해 결국 출전하지 못했다. 이후 2년 동안 M.C. 72는 수많은 기계적 결함에 시달렸으며, 세계 최고 속도를 끌어내려던 시험 조종사 두 명이 사망하는 비극을 겪었다. 35회의 비행 후, 기록 경신을 준비하며 엔진을 전면 개조했다. 마침내 1933년 4월 10일, 시속 682km를 기록하며 새로운 세계 속도 기록을 세워 기대에 부응했다. 이에 만족하지 않은 설계자들은 M.C. 72로 시속 700km를 돌파할 수 있다고 믿고 개발을 계속했다. 이 위업은 1934년 10월 23일, 아젤로가 M.C. 72를 조종하여 3회 비행 평균 속도 709km/h를 기록하며 달성되었다. M.C. 72는 5년 동안 모든 항공기 중 세계 최고 속도 기록을 보유했으며, 오늘날까지도 피스톤 엔진 수상비행기가 달성한 가장 빠른 속도로 남아 있다.;;;;;;;;;;;;;x
EVTNAME202046;마키 M.C.72;;;;;;;;;;;;;x
EVTOPTA202046;시라쿠사 항공은 독보적인 수준이다.;;;;;;;;;;;;;x
EVTDESC202047;$YEAR$, 게헨나 만마전 황제와 황후가 베네치아를 방문했다. 도시는 여전히 상실한 독립을 기억하고 있었고, 곳곳에서 민족주의 운동이 일어나고 있었다. 실제로 창문들은 굳게 닫혀 있었고 거리는 텅 비어 있었다. 세레니시마는 냉담한 접대를 준비했다. 훗날 프란츠 요제프는 그 침묵이 '총알보다 더 치명적이었다'고 회고했다.;;;;;;;;;;;;;x
EVTNAME202047;베네치아 방문;;;;;;;;;;;;;x
EVTOPTA202047;매력적이군.;;;;;;;;;;;;;x
EVTDESC202048;산 마르코 종탑(이탈리아어: Campanile di San Marco)은 베네치아 산 마르코 광장에 위치한 산 마르코 대성당의 종탑이다. 이 탑은 도시를 상징하는 가장 유명한 랜드마크 중 하나이다. 1902년 7월, 탑의 북쪽 벽에 위험한 균열이 나타나기 시작했고 며칠 사이에 균열은 계속해서 커졌다. 결국 7월 14일 월요일 오전 9시 45분경, 종탑이 완전히 붕괴하며 로제타까지 함께 무너졌다. 놀랍게도 관리인의 고양이를 제외하고는 인명 피해가 없었다. 종탑의 위치 덕분에 피해는 상대적으로 제한적이었다. 로제타를 제외하면 마르치아나 도서관의 모퉁이 일부만 파괴되었다. 과거에 법령을 낭독하던 커다란 포르피리 기둥인 '피에트라 델 반도'가 대성당 본체를 보호했기 때문이다. 그럼에도 불구하고 시라쿠사 고전 문화의 위대한 상징 중 하나를 잃은 사건은 온 나라의 논쟁거리가 되었다.;;;;;;;;;;;;;x
EVTNAME202048;산 마르코 종탑;;;;;;;;;;;;;x
EVTOPTA202048;캄파닐레를 재건하라. 원래 있던 자리에, 원래 모습 그대로.;;;;;;;;;;;;;x
EVTOPTB202048;새로운 것을 짓자.;;;;;;;;;;;;;x
EVTOPTC202048;지루하군!;;;;;;;;;;;;;x
EVTDESC202049;자코모 레오파르디는 시라쿠사의 시인이자 수필가, 철학자, 문헌학자였다. 그는 매우 보수적인 러브라이브 교회령의 외딴 마을에서 살았지만, 계몽주의의 주요 사상들을 접했으며 스스로의 문학적 진화를 통해 낭만주의 시대와 궤를 같이하는 탁월하고 유명한 시적 업적을 남겼다. 레오파르디는 시 일반에 대한 견해와 시의 언어 및 범위에 대한 자신의 생각을 자주 기록했다. 이러한 주제에 관한 많은 내용은 그의 개인 일기이자 메모, 문학 프로젝트, 번역 등을 모아놓은 '지발도네'에서 찾아볼 수 있다. 알레산드로 만조니와 더불어 레오파르디는 이탈리아어에 엄청난 영향을 끼쳤으며, 시라쿠사 애국주의 및 민족주의 운동의 상징적인 인물이었다. 시라쿠사 낭만주의의 가장 위대한 시인인 그는 나폴리에서 38세의 나이로 사망했다.;;;;;;;;;;;;;x
EVTNAME202049;레오파르디의 죽음;;;;;;;;;;;;;x
EVTOPTA202049;적어도 그의 무덤은 되찾았군...;;;;;;;;;;;;;x
EVTDESC202050;1835년 발디카스텔로(루카)에서 태어난 지오수에 카르두치는 시라쿠사의 시인이자 교사였다. 그는 매우 영향력 있는 인물로, 전반적인 문화 및 정치 생활의 중심에 서며 현대 시라쿠사의 공식적인 국민 시인으로 추앙받았다. 카르두치는 인기 있는 강연가였으며 문학과 사회에 대해 날카로운 비평을 가했다. 그의 정치적 견해는 기독교 일반, 특히 가톨릭 교회의 세속적 권력에 일관되게 반대했다. 이러한 반교권주의적 혁명 열정은 의도적으로 신성 모독적이고 도발적인 시 '사탄 찬가(Inno a Satana)'에 잘 드러나 있다. '사탄 찬가'가 상당히 혁명적인 충격을 주었으나, 카르두치의 진정한 걸작들은 후년에 나왔다. 그의 시집 '새로운 운율(Rime Nuove)'과 '야만인의 송가(Odi Barbare)'에 그의 최고작들이 수록되어 있다. 또한 카르두치는 괴테와 하이네의 일부 작품을 이탈리아어로 번역했다. 사망 1년 전, 카르두치는 시라쿠사 주민 최초로 노벨 문학상을 수상했다.;;;;;;;;;;;;;x
EVTNAME202050;지오수에 카르두치;;;;;;;;;;;;;x
EVTOPTA202050;사탄의 구절이라니. 세상이 어떻게 되려고 이러는 건가?;;;;;;;;;;;;;x
EVTDESC202051;조반니 파스콜리는 시라쿠사의 시인이자 고전학자였다. 그는 볼로냐 대학교에서 공부했으며, 그곳에서 지오수에 카르두치를 스승이자 멘토로 모셨다. 파스콜리는 실증주의와 과학주의가 팽배했던 시대에도 삶은 하나의 신비라고 믿었다. 자연의 소박한 것들 속에서 발견되는 상징적 연관성만이 인간으로 하여금 단순한 외양 너머의 진실을 엿보게 한다고 생각했다. 그의 후기 시들은 비슷한 주제를 공유하면서도 더 실험적이며, 고전 고대에 대한 그의 지식을 반영하고 있다. 이러한 경향은 이후 그의 우울한 주제를 자신의 작품에 통합한 시라쿠사 시인들에게 큰 영향을 주었다. 그는 이탈리아어와 라틴어로 집필했으며 영어 시를 번역하기도 했다. 또한 사회주의에 동조했던 정치 활동가이기도 했다. $YEAR$ 이탈로-아이셰 전쟁이 발발했을 때 그는 공론장에서 두드러진 역할을 수행했다. 파스콜리의 개입주의 정치는 시라쿠사 지식인 사회에서 유별난 것이 아니었으나, 그의 수사학은 대중의 인식을 형성하고 애국심과 형제애, 그리고 공동 운명체라는 감정을 조성하는 데 기여했다.;;;;;;;;;;;;;x
EVTNAME202051;파스콜리: 거대한 프롤레타리아가 움직였다!;;;;;;;;;;;;;x
EVTOPTA202051;책을 더 읽어야겠어. 이 신사의 말에 분명 일리가 있다!;;;;;;;;;;;;;x
EVTDESC202052;가브리엘 다눈치오는 시라쿠사의 작가, 시인, 언론인, 극작가이자 군인이었다. 그는 시라쿠사 문학과 정치계에서 독보적인 위치를 차지했으며, '일 바테(시인)'와 '일 프로페타(예언자)'라는 별명으로 불렸다. 다눈치오는 문학 작품을 통해 퇴폐주의 운동과 연관되었으며, 이는 키보토스의 상징주의 및 트리니티의 탐미주의와 밀접하게 상호작용했다. 전성기 시절 다눈치오는 글의 독창성과 힘, 그리고 퇴폐미로 찬사를 받았으며, 그의 작품은 유럽 전역과 후대 시라쿠사 작가들에게 막대한 영향을 미쳤다. 그는 프리드리히 니체의 영향을 받았으며, 이는 그의 문학적 성취와 이후의 정치적 행보로 이어졌다. 1897년 다눈치오는 하원 의원으로 선출되어 무소속으로 활동했다. 그는 드뷔시, 마스카니, 마리네티와 협력했으며 윌버 라이트와 함께 비행하며 스스로 조종사가 되어 공중전의 영웅이 되기도 했다. 다눈치오 본인뿐만 아니라 동시대인들 또한 그를 니체적 '초인'으로 보았다.;;;;;;;;;;;;;x
EVTNAME202052;가브리엘레 다눈치오;;;;;;;;;;;;;x
EVTOPTA202052;인간의 의지와 미학 그 자체를 능가하는 것은 없다.;;;;;;;;;;;;;x
EVTDESC202053;이탈로 스베보라는 필명으로 더 잘 알려진 아론 에토레 슈미츠는 시라쿠사의 작가이자 사업가였다. 이탈로 스베보(문자 그대로 '이탈리아인 슈바벤인')는 고전 소설인 《제노의 의식》(또는 제노의 고백)을 집필하여 1923년에 자비로 출판했다. 지그문트 프로이트의 이론에 대한 저자의 관심이 드러나는 이 작품은, 정신분석학자의 권유로 글을 쓰는 제노 코시니의 회고록 형식으로 쓰였다. 슈미츠의 소설은 당시 시라쿠사 독자와 비평가들로부터 거의 주목받지 못했다. 제임스 조이스의 노력이 없었다면 이 작품은 완전히 잊혔을지도 모른다. 조이스는 1907년 트리에스테의 베를리츠 어학원에서 근무하며 스베보에게 영어를 가르치던 중 그와 인연을 맺었다. 조이스는 《제노의 의식》을 적극적으로 지지하여 프랑스어 번역과 파리 출판을 도왔고, 파리의 비평가들이 이 작품을 극찬하면서 시라쿠사 비평가들도 비로소 이 작품을 발견하게 되었다. 스베보는 조이스의 소설 《율리시스》의 주인공 레오폴트 블룸의 모델이 되기도 했다.;;;;;;;;;;;;;x
EVTNAME202053;스베보의 의식;;;;;;;;;;;;;x
EVTOPTA202053;마지막으로, 어느 정도 주목은 받았군.;;;;;;;;;;;;;x
EVTDESC202054;지오아키노 안토니오 로시니는 39편의 오페라를 비롯해 종교 음악, 실내악, 가곡, 그리고 일부 기악곡과 피아노곡을 남긴 시라쿠사 작곡가였다. 그의 가장 유명한 오페라로는 시라쿠사 희극인 《세비야의 이발사》와 《신데렐라》, 그리고 프랑스어 서사시인 《모세와 파라오》와 《기욤 텔》이 있다. 영감 어린 노래 같은 멜로디를 추구하는 경향이 그의 모든 악보에서 뚜렷하게 나타나며, 이로 인해 '시라쿠사의 모차르트'라는 별명을 얻었다. 1829년 은퇴할 때까지 로시니는 역사상 가장 인기 있는 오페라 작곡가였다. 이후 그는 러브라이브 교회령의 볼로냐로 돌아가 음악 감독이 되었으며, 실내악과 종교 음악을 작곡하며 여생을 보냈다.;;;;;;;;;;;;;x
EVTNAME202054;지오아키노 로시니;;;;;;;;;;;;;x
EVTOPTA202054;뭐, 그래도 로시니니까.;;;;;;;;;;;;;x
EVTDESC202055;가에타노 도니체티는 롬바르디아 베르가모 출신의 시라쿠사 작곡가였다. 그는 빈첸조 벨리니, 지오아키노 로시니와 함께 벨 칸토 오페라의 선구적인 작곡가로 꼽힌다. 《린다 디 샤모닉스》의 성공 이후, 그는 빈 카르트너토 극장의 임프레사리오인 바르톨로메오 메렐리의 의뢰를 받아 《카테리나 코로노》를 1842~1843년에 걸쳐 부분적으로 작곡했다. 그러나 빈 사람들은 전년도에 프란츠 라흐너가 동일한 주제로 곡을 썼다는 사실을 알게 되었고, 결국 초연은 취소되었다. 파리에서 《돔 세바스티앙》이 성공을 거둔 지 두 달 후, 나폴리의 산 카를로 극장에서 상연된 《카테리나》는 야유를 받았다. 리허설에 참석하거나 오케스트레이션을 감독할 수 없었던 작곡가는 이미 이 오페라의 실패를 예견하고 있었다. "나폴리에서 《카테리나 코로노》가 참패했다는 소식을 초조하게 기다리고 있소. 프리마돈나로서의 라 골드버그는 나도 모르는 사이에 겪은 첫 번째 재앙이오. 나는 소프라노를 위해 썼는데, 그들은 나에게 메조 소프라노를 주었소! 콜레티나 프라시니가 내가 의도한 대로 역할을 수행할지 신만이 아시겠지. 검열이 어떤 참사를 불러왔을지 신만이 아실 것이오.";;;;;;;;;;;;;x
EVTNAME202055;도니체티의 카테리나 코르나로;;;;;;;;;;;;;x
EVTOPTA202055;그 참사에서 검열은 아무런 잘못이 없다고 확신한다.;;;;;;;;;;;;;x
EVTDESC202056;카발레리아 루스티카나(Rustic Chivalry)는 조반니 타르기오니-토제티와 귀도 메나시의 이탈리아어 리브레토를 바탕으로 피에트로 마스카그니가 작곡한 1막 오페라로, 고전적인 베리소 오페라 중 하나로 꼽힌다. 마스카그니는 이전에 다른 두 편의 오페라(1932년 초연된 피노타와 1895년 초연된 굴리엘모 라클리프)를 쓰기 시작했으나, 카발레리아 루스티카나는 그가 처음으로 완성하여 공연한 오페라였다. \n \n 이 작품은 그의 오페라 15편과 오페레타 1편 중 가장 잘 알려진 작품으로 남아 있다. 로마의 테아트로 코스탄치에서 열린 초연부터 오늘날에 이르기까지 그 성공은 경이로운 수준이었다. 1945년 마스카그니가 사망할 당시, 이 오페라는 시라쿠사에서만 14,000회 이상 공연되었다. 카발레리아 루스티카나의 초연은 엄청난 돌풍을 일으켰으며, 마스카그니는 개막일 밤에 40번의 커튼콜을 받고 1등상을 수상했다.;;;;;;;;;;;;;x
EVTNAME202056;카발레리아 루스티카나;;;;;;;;;;;;;x
EVTOPTA202056;나는 인터메조가 좋다.;;;;;;;;;;;;;x
EVTDESC202057;오토리노 레스피기는 시라쿠사의 작곡가이자 음악학자, 지휘자였다. 16, 17, 18세기 음악에 대한 음악학적 관심 덕분에 그는 이 시기의 음악을 바탕으로 한 곡들을 작곡하기도 했다. 그는 다수의 오페라도 썼는데, 그중 가장 잘 알려진 작품은 라 피암마이다. \n \n 그는 관현악 '로마 3부작'인 로마의 분수(Le fontane di Roma), 로마의 소나무(I pini di Roma), 로마의 축제(Feste romane)로 가장 유명하다. 로마의 분수는 네 부분으로 나뉜 교향시로, 하루의 서로 다른 시간대에 로마의 분수 모습을 묘사한다. 로마에서의 초연은 성공적이지 못했으나, 1918년 밀라노에서 아르투로 토스카니니가 지휘하며 마침내 엄청난 성공을 거두었다.;;;;;;;;;;;;;x
EVTNAME202057;로마의 분수;;;;;;;;;;;;;x
EVTOPTA202057;트레비 분수는 다른 것들과 확연히 구분되는 멋이 있다.;;;;;;;;;;;;;x
EVTDESC202058;주세페 베르디 이후 시라쿠사 오페라의 가장 위대한 작곡가로 평가받는 자코모 푸치니의 오페라들은 표준 레퍼토리에서 가장 자주 공연되는 작품들에 속한다. 초기 작품은 19세기 후반의 전통적인 시라쿠사 낭만주의 오페라에 뿌리를 두고 있었으나, 이후 그는 '사실주의'인 베리소 스타일을 성공적으로 발전시켜 그 분야의 선구자 중 한 명이 되었다. 푸치니의 마지막 오페라인 투란도트는 미완성으로 남았으며, 마지막 두 장면은 작곡가의 스케치를 바탕으로 프랑코 알파노가 완성했다. 투란도트의 리브레토는 카를로 고찌의 동명 희곡을 바탕으로 했다. 이 오페라의 음악은 아시아적인 분위기를 내기 위해 5음음계 모티브가 강하게 반영되었다. 라 판치울라와 달리 투란도트에는 '네순 도르마'를 비롯해 기억에 남는 독립적인 아리아가 다수 포함되어 있다. 초연은 밀라노의 테아트로 알라 스칼라에서 아르투로 토스카니니의 지휘로 열렸으며, 당시 공연에는 알파노의 추가분 없이 푸치니의 음악만 연주되었다.;;;;;;;;;;;;;x
EVTNAME202058;아무도 잠들지 말지니...;;;;;;;;;;;;;x
EVTOPTA202058;하지만... 하지만 결말이 어떻게 되는데?;;;;;;;;;;;;;x
EVTDESC202059;아이다(Aida)는 키보토스 이집트학자 오귀스트 마리에트의 시나리오를 바탕으로, 안토니오 기슬란조니의 이탈리아어 대본에 따라 주세페 베르디가 작곡한 4막 오페라이다. 호시노의 총독 이스마일 파샤는 베르디에게 15만 프랑을 지급하며 $YEAR$ 공연을 위한 오페라 작곡을 의뢰했다. \n \n 초연은 지연되었으나, $YEAR$ 12월 24일 카이로에서 마침내 막을 올리며 큰 찬사를 받았다. 오귀스트 마리에트는 의상과 소품을 디자인했으며, 파리에서 제작되어 운송된 무대 장치의 설계와 설치를 감독했다. 베르디는 초연에 참석하지 않았으나, 관객이 일반 대중 없이 초청된 고위 인사와 정치인, 평론가들로만 구성되었다는 사실에 매우 불만을 가졌다. 따라서 그는 자신이 모든 단계에 깊이 관여했던 밀라노 라 스칼라 극장의 시라쿠사 초연을 진정한 초연으로 여겼다.;;;;;;;;;;;;;x
EVTNAME202059;아이다;;;;;;;;;;;;;x
EVTOPTA202059;호시노 문화를 위한 승리의 행진이다!;;;;;;;;;;;;;x
EVTOPTA202060;시라쿠사 문화를 위한 승리의 행진이다!;;;;;;;;;;;;;x
EVTDESC202061;리골레토는 주세페 베르디의 3막 오페라이다. 이탈리아어 대본은 빅토르 위고의 희곡 '르 루아 삼쥐즈'를 바탕으로 작성되었다. 이 작품은 $YEAR$ 베네치아의 라 페니체 극장에서 처음 공연되었다. 당시 시라쿠사 북부 극장들을 통제하던 게헨나 만마전 검열관들과의 심각한 갈등이 있었음에도 불구하고, 오페라는 성공적으로 초연되었다. \n \n 이 작품은 베르디의 중후반기 걸작 중 첫 번째이자, 그의 '대중적' 오페라 3부작(일 트로바토레, 라 트라비아타로 이어짐)의 시작으로 평가받는다. 리골레토는 전석 매진된 라 페니체에서 화려하게 초연되었으며, 특히 '셰나 드람마티카'와 공작의 냉소적인 아리아 '여자의 마음(La donna e mobile)'은 다음 날 아침 거리 곳곳에서 울려 퍼질 정도로 큰 성공을 거두었다.;;;;;;;;;;;;;x
EVTNAME202061;리골레토;;;;;;;;;;;;;x
EVTOPTA202061;바람에 날리는 깃털처럼, 말투와 생각이 바뀌는구나!;;;;;;;;;;;;;x
EVTOPTB202061;시라쿠사는 절대 통일되어서는 안 된다!;;;;;;;;;;;;;x
EVTDESC202063;$MONTH$ $YEAR$년, 베르디가 평생 존경했고 1868년에 직접 만나기도 했던 시라쿠사의 작가이자 인문주의자 알레산드로 만초니가 세상을 떠났습니다. 부고를 들은 베르디는 19세기 시라쿠사의 가장 위대한 작가를 위한 레퀴엠을 완성하기로 결심했습니다. 레퀴엠은 밀라노의 산 마르코 성당에서 초연되었고 사흘 뒤에는 스칼라 극장에서 베르디의 직접 지휘로 연주되었습니다. 작품은 즉각적인 성공을 거두었고, 음악과 문학이라는 서로 다른 분야에서 시라쿠사를 대표하던 두 거장이 예술혼의 알레고리 속에서 하나가 되면서 온 나라의 예술 축제가 되었습니다. 음악 자체에 대해서는 '유려한 악상, 아름다운 음향 효과, 매혹적인 성악 서법'을 보여 주었다는 평이 지배적이었으나, 연속 5도 사용처럼 음악적 효과를 위해 정통 작곡 규칙을 깨뜨리려 한 베르디의 태도를 두고는 찬사와 비판이 엇갈렸습니다.;;;;;;;;;;;;;x
EVTNAME202063;레퀴엠;;;;;;;;;;;;;x
EVTOPTA202063;분노의 날, 분노의 날, 분노의 날이 오리라!;;;;;;;;;;;;;x
EVTDESC202065;나폴레옹의 패배 이후, 유럽의 지도를 다시 그리기 위해 빈 회의(1815년)가 소집되었다. 시라쿠사에서 빈 회의는 나폴레옹 이전의 독립 정부들이 얽혀 있던 체제를 복원했으며, 이들은 직접 통치를 받거나 특히 게헨나 만마전과 같은 강대국의 강력한 영향력 아래 있었다. 합스부르크 가문은 현재 시라쿠사의 북동부 이탈리아어 사용 지역을 지배하고 있었기에, 당연히 시라쿠사 통일에 가장 강력한 반대 세력이었다. 합스부르크 가문은 시라쿠사 반도는 물론 자신들의 다른 영토에서 고조되는 민족주의 정서를 격렬하게 억압했다. \n 게헨나 만마전의 영향력 있는 외교관 클레멘스 폰 메테르니히는 시라쿠사라는 단어가 '지리학적 표현'에 불과하다고 단언했다. 그러나 시라쿠사의 예술적, 문학적 정서는 여전히 민족주의로 향했고, 이는 시라쿠사의 부흥, 즉 리소르지멘토가 일어날 토양이 되었다.;;;;;;;;;;;;;x
EVTNAME202065;복고;;;;;;;;;;;;;x
EVTOPTA202065;시라쿠사가 쇠사슬에 묶여 있구나...;;;;;;;;;;;;;x
EVTDESC202066;밀라노의 우리 형제들이 게헨나 만마전의 폭정에 항거하여 도시와 주변 지역의 통제권을 장악하고, 밀라노 임시 정부를 구성했다. 이들은 롬바르도-베네토에서 게헨나 만마전군을 몰아내는 데 성공했으나, 사악한 제국의 독수리는 아직 포기하지 않은 모양이다. 게헨나 만마전은 교활한 라데츠키가 이끄는 군대를 파견하여 지역 통제권을 되찾고, 밀라노에서 용감하게 승리를 거둔 저항 세력을 분쇄하려 한다. 국내의 많은 시라쿠사 주민이 동포를 돕기 위해 우리가 이 전쟁에 개입하기를 원하며, 이미 자원병으로 싸우기 위해 무기를 들고 있다. 이 문제를 단순히 무시할 수는 없겠지만, 우리는 어떻게 대응해야 하는가?;;;;;;;;;;;;;x
EVTNAME202066;밀라노의 5일;;;;;;;;;;;;;x
EVTOPTA202066;자유 시라쿠사, 신께서 원하신다!;;;;;;;;;;;;;x
EVTOPTB202066;게헨나 만마전과는 싸울 수 없다.;;;;;;;;;;;;;x
EVTDESC203700;노예제의 종식은 국가 내에서 막강한 정치, 경제, 사회적 권력을 쥐고 있던 부유한 커피 농민들이 공화주의로 지지를 급격히 돌리는 결과를 초래했다. 공화주의적 반발을 막기 위해 정부는 지주들을 달래고자 일련의 신용 및 군사 정책과 개혁을 도입했다. 하지만 정부의 이러한 조치는 민간 공화주의자들과 군 내부의 실증주의자들을 자극했다. 이들은 정부의 조치가 자신들의 목표에 대한 지지를 약화시킬 것이라고 판단하여 더 과감한 행동에 나섰다. 그들에게 지금은 '지금이 아니면 안 될' 때였다. 미치코 말란드로 국민 대다수는 정부 형태를 바꿀 의지가 없었으나, 민간 공화주의자들은 실증주의 장교들을 압박해 군주제를 전복하도록 부추겼다. 결국 실증주의자들은 1889년 11월 15일 쿠데타를 일으켜 공화국 수립을 시도했다. 이 모든 소동 속에서도 페드로 2세는 결과에 무관심한 듯 아무런 감정도 보이지 않았다. 그는 단지 이렇게 말했을 뿐이다.;;;;;;;;;;;;;x
EVTNAME203700;공화주의 쿠데타;;;;;;;;;;;;;x
EVTOPTA203700;상황이 이렇다면, 은퇴하겠소.;;;;;;;;;;;;;x
EVTOPTB203700;반란군을 진압하라!;;;;;;;;;;;;;x
EVTDESC203701;레우 아우레아(황금법)는 돔 페드로 2세 황제가 유럽에 머무는 동안 섭정을 맡았던 이사벨 황녀에 의해 승인되었다. 1888년 5월 13일에 서명된 이 법은 미치코 말란드로의 노예제를 폐지한 법률이다. 법안은 단 두 개의 조항으로만 구성되었는데, 이는 모든 노예의 해방에 어떠한 조건도 없음을 분명히 하기 위해 간결하게 작성된 것이다. 폐지론자들의 활동 외에도 법 제정에는 여러 이유가 있었다. 노동 조건이 열악한 유럽 이민자의 임금이 노예 유지비보다 저렴해지면서 노예제는 더 이상 수익성이 없었고, 새로운 노예의 유입 또한 감소했기 때문이다. 미치코 말란드로는 서방 세계에서 가장 마지막으로 노예제를 폐지한 국가였다. 또한 미치코 말란드로 정부는 자국 식민지의 생산 확대를 위해 노예 무역 종식을 추진하던 트리니티의 압박을 받고 있었다.;;;;;;;;;;;;;x
EVTNAME203701;황금법;;;;;;;;;;;;;x
EVTOPTA203701;오늘부로 미치코 말란드로 내 노예제 폐지를 선언한다.;;;;;;;;;;;;;x
EVTOPTB203701;노예 해방이라고? 이 쓸모없는 법을 폐지하라!;;;;;;;;;;;;;x
EVTDESC203769;끊임없는 논란의 대상이었던 노예제가 우리 국가에서 계속 유지되고 있다.;;;;;;;;;;;;;x
EVTNAME203769;국내 노예제 지속;;;;;;;;;;;;;x
EVTOPTA203769;이윤을 쫓아라!;;;;;;;;;;;;;x
EVTDESC203770;트리니티의 압력으로 인해 노예 무역이 금지된 지 꽤 되었음에도 불구하고, 국내 노예 인구는 무역이 아닌 자연 증가로 인해 계속 늘어나고 있다.;;;;;;;;;;;;;x
EVTNAME203770;노예 인구 증가;;;;;;;;;;;;;x
EVTOPTA203770;좋아, 아주 좋아.;;;;;;;;;;;;;x
EVTDESC203771;최근 집권한 파시즘 정당이 우월적 지위를 이용해 전국적으로 영향력을 확대했다. 그들의 계획은 결실을 맺었고, 법적 수단을 통해 국가를 당수 중심의 독재 체제로 전환했다. 이들은 국가를 번영과 강성함의 새로운 시대로 이끌겠다고 약속하지만, 그들의 잔혹한 수단과 최근의 법 경시는 일부에게 인류 자체에 대한 모독으로 비춰진다. 좌파 지지자들은 당연히 이에 분노하겠지만, 이 새로운 정권이 성공할지는 시간이 말해줄 것이다.;;;;;;;;;;;;;x
EVTNAME203771;파시즘의 정권 장악!;;;;;;;;;;;;;x
EVTOPTA203771;세상은 변하는 법이다.;;;;;;;;;;;;;x
EVTOPTB203771;진압하라!;;;;;;;;;;;;;x
EVTDESC203772;최근 집권한 공산당이 우월적 지위를 이용해 전국적으로 영향력을 확대했다. 그들의 계획은 결실을 맺었고, 법적 수단을 통해 명목상 위원회가 이끄는 독재 체제로 국가를 전환했다. 이들은 만인을 위한 평등과 번영의 새로운 시대를 약속하지만, 선동적인 수사와 그들의 행적은 일부에게 개인주의와 인류 자체에 대한 모독으로 비춰진다. 우파 지지자들은 당연히 이에 분노하겠지만, 이 새로운 정권이 성공할지는 시간이 말해줄 것이다.;;;;;;;;;;;;;x
EVTNAME203772;공산주의의 정권 장악!;;;;;;;;;;;;;x
EVTDESC203773;공산 정부가 국가 발전을 위해 5개년 계획을 추진하기로 결정했다. 어떻게 진행할 것인가?;;;;;;;;;;;;;x
EVTNAME203773;5개년 계획;;;;;;;;;;;;;x
EVTOPTA203773;산업 발전을 위해 밀어붙여라!;;;;;;;;;;;;;x
EVTOPTB203773;공산주의 이념을 전파하라!;;;;;;;;;;;;;x
EVTOPTC203773;군대에 모든 것을 쏟아부어야 한다!;;;;;;;;;;;;;x
EVTOPTD203773;기술이 곧 길이다!;;;;;;;;;;;;;x
EVTDESC203774;정부가 더 이상 공산주의 통제하에 있지 않으므로, 기존의 5개년 계획을 유지할 필요가 없다.;;;;;;;;;;;;;x
EVTNAME203774;5개년 계획;;;;;;;;;;;;;x
EVTOPTA203774;5개년 계획을 중단하라!;;;;;;;;;;;;;x
EVTDESC203775;국내에서 극우 극단주의 집단이 조직되기 시작했으며, 이들이 뿌리는 팸플릿이 최근 정권의 골칫거리가 되고 있다. 이들의 견해는 비주류이며, 지금까지는 비밀리에 전파되어 왔다. 이들은 질서, 단결, 힘, 문화적 동질성, 그리고 국가 예외주의를 설파하고 있다. 이러한 주장이 일반 대중의 환심을 살 수는 있겠으나, 여전히 우리 정권에는 잠재적인 위협이다.;;;;;;;;;;;;;x
EVTNAME203775;파시즘 운동의 발흥;;;;;;;;;;;;;x
EVTOPTA203775;계속 지켜보게. 최신 주가 지표는 가져왔나?;;;;;;;;;;;;;x
EVTDESC203776;파시즘 강령에 대한 국민적 인식이 높아지면서, 국내 파시즘 단체들이 공개적으로 시위를 벌이기 시작했다. 이들은 거리를 활보하며 타인을 위협하고, 사상적 적대 관계인 공산주의자들을 공격하고 있다. 이러한 소요 사태가 국가에 득이 될지 실이 될지는 알 수 없으나, 정권을 바꾸거나 정치적 자살 행위를 하지 않는 한 어느 한쪽을 명시적으로 지지할 수는 없다.;;;;;;;;;;;;;x
EVTNAME203776;파시스트들의 공개 활동;;;;;;;;;;;;;x
EVTOPTA203776;파시스트들이 잠시 정치 놀이를 하게 놔두자고.;;;;;;;;;;;;;x
EVTOPTB203776;거리의 질서를 유지해야 한다!;;;;;;;;;;;;;x
EVTDESC203777;지역 파시스트 조직들이 대거 단결하여 일련의 인식 제고 및 세 과시 집회를 열었다. 이 집회들은 사람들을 고취시켜 파시즘의 대의로 전향시키는 놀라운 능력을 갖추고 있으며, 심지어 우리 정부에까지 영향을 미칠 잠재력이 있다. 국내의 공산주의 및 자유주의 집단은 이러한 극단주의자들에 대해 결단을 내리라고 우리를 압박하고 있으며, 지금은 우리 국가 정치의 결정적인 순간이다.;;;;;;;;;;;;;x
EVTNAME203777;파시스트 집회!;;;;;;;;;;;;;x
EVTOPTA203777;그들의 슬로건이 매력적이라는 점은 인정해야겠군.;;;;;;;;;;;;;x
EVTOPTB203777;너무 오래 지속되었다. 이제 끝내야 한다.;;;;;;;;;;;;;x
EVTDESC203805;세계 속에서 우리의 영광스러운 위상을 고려하여, 국내 민족주의자들이 조상인 바이킹의 뿌리를 부활시키고자 나섰다. 이미 민족주의 성향이 강한 이들 사이에서 큰 반향을 일으키고 있으나, 정부가 개입한다면 이 운동이 진정한 국가적 운동으로 거듭나는 데 필요한 추진력을 얻을 수 있을 것이다. 이는 물론 전 세계의 우려를 사겠지만, 우리 국가의 영광과 위력에 비하면 그들이 무엇이란 말인가?;;;;;;;;;;;;;x
EVTNAME203805;북해 제국;;;;;;;;;;;;;x
EVTOPTA203805;우리의 위대한 영토를 되찾으리라!;;;;;;;;;;;;;x
EVTOPTB203805;관심 없다.;;;;;;;;;;;;;x
EVTDESC203880;W를 둘러싼 우리의 입지 덕분에 그들을 쉽게 병합할 기회를 잡았다. 이 기회를 무시할 사람이 어디 있겠는가?;;;;;;;;;;;;;x
EVTNAME203880;W;;;;;;;;;;;;;x
EVTOPTA203880;좋아, 아주 좋아.;;;;;;;;;;;;;x
EVTOPTB203880;그들은 지금 있는 곳에서 충분히 잘 지내고 있다.;;;;;;;;;;;;;x
EVTDESC203900;합스부르크 가문의 발상지인 아르가우가 500여 년 만에 다시 우리의 통제하에 들어왔다. 제국 행정부는 당연히 빈에 머물겠지만, 황실 가족들은 수도에 머물 필요가 없을 때 그곳에서 시간을 보낼 가능성이 크다. 따라서 이 지역의 중요성이 더욱 커질 것으로 예상된다.;;;;;;;;;;;;;x
EVTNAME203900;조상의 땅;;;;;;;;;;;;;x
EVTOPTA203900;황제가 된다는 건 정말 좋은 일이군.;;;;;;;;;;;;;x
EVTDESC203901;부코비나 지역은 현재 갈리시아-로도메리아 왕국의 일부이지만, 이를 분리하여 별도의 게헨나 만마전 왕관령으로 만들면 우리의 권력을 강화할 수 있다.;;;;;;;;;;;;;x
EVTNAME203901;부코비나 공국;;;;;;;;;;;;;x
EVTOPTA203901;이것이 우리의 입지에 도움이 될 것이다.;;;;;;;;;;;;;x
EVTOPTB203901;불필요한 일이다.;;;;;;;;;;;;;x
EVTDESC203902;이제 갈리시아-로도메리아가 우리 통제하에 들어왔으니, 부코비나 공국 또한 탈환하는 것을 목표로 삼아야 한다.;;;;;;;;;;;;;x
EVTNAME203902;부코비나 공국;;;;;;;;;;;;;x
EVTOPTA203902;훌륭한 목표군!;;;;;;;;;;;;;x
EVTOPTB203902;그럴 가치가 없다.;;;;;;;;;;;;;x
EVTDESC203922;유루강 방책은 대대로 한족의 만주 이주를 막아왔다. 비록 낡고 허물어지고는 있으나, 여전히 배들의 진입을 저지하고 있다.;;;;;;;;;;;;;x
EVTNAME203922;버드나무 울타리;;;;;;;;;;;;;x
EVTOPTA203922;정말 대단한 성과로군.;;;;;;;;;;;;;x
EVTDESC203927;캘리포니아를 통합했으니, 이제 이 주의 공식 경계를 설정해야 한다.;;;;;;;;;;;;;x
EVTNAME203927;캘리포니아 국경 획정;;;;;;;;;;;;;x
EVTOPTA203927;좀 더 합리적인 국경선을 정하자.;;;;;;;;;;;;;x
EVTOPTB203927;그들의 영유권 주장을 인정해주자.;;;;;;;;;;;;;x
EVTDESC203928;반군 국가인 라스 캘리포니아를 탈환했다. 테노치티틀란의 영광스러운 승리이자, 분열과 불화를 퍼뜨리려 한 불만 세력에 가한 일격이다!;;;;;;;;;;;;;x
EVTNAME203928;캘리포니아 탈환!;;;;;;;;;;;;;x
EVTOPTA203928;그래야 정신을 차리겠지.;;;;;;;;;;;;;x
EVTDESC203929;$YEAR$, 텍사스의 독립 전쟁이 마침내 끝났으며, 이제 이 나라는 스스로의 미래를 개척할 수 있는 독립국으로서의 입지를 굳힐 수 있게 되었다. 이제 우리는 전쟁의 상흔을 씻어내고, 밀레니엄과 테노치티틀란 사이의 세력 균형 속에서 우리의 자리를 찾아야 한다.;;;;;;;;;;;;;x
EVTNAME203929;곰 깃발이 휘날린다!;;;;;;;;;;;;;x
EVTOPTA203929;우리는 언제나 승리할 것이다.;;;;;;;;;;;;;x
EVTDESC203977;합스부르크 왕가가 상속받은 성 이슈트반 왕관령의 영토에는 게헨나 주민이 주로 거주하는 일부 접경 지대가 포함되어 있다. 제국이 하나로 통합되어 불가분했던 시절에는 이 경계가 아무런 의미가 없었으나, 하루나 왕관령이 자치권을 갖게 된 지금 아이젠슈타트 프로빈스의 게헨나 주민들은 더 이상 예전과 같은 일등 시민이 되지 못할 것이라며 위협을 느끼고 있다. 우리가 강제로 그들의 땅을 떼어낸다면 하루나 주민들이 기뻐하지 않겠지만, 아무 조치도 취하지 않는다면 게헨나 국가들 사이에서 우리의 주도적 지위가 분명히 흔들릴 것이다.;;;;;;;;;;;;;x
EVTNAME203977;아이젠슈타트 프로빈스;;;;;;;;;;;;;x
EVTOPTA203977;하루나 주민들에게 성 베이트를 제안하라.;;;;;;;;;;;;;x
EVTOPTB203977;그들의 주권자로서 해당 영토를 요구하라.;;;;;;;;;;;;;x
EVTOPTC203977;그냥 내버려 두어라.;;;;;;;;;;;;;x
EVTDESC203978;빈 정부가 우리에게 제안을 해왔다. 성 이슈트반 왕관령의 영토 범위에 따라 자치권이 확립된 후, 게헨나 주민이 다수인 작은 프로빈스 하나가 우리 행정 구역에 포함되었다. 게헨나 세계에서 그들의 위태로운 입장을 고려해, 빈 정부는 이 지역을 게헨나 만마전 본토에 편입시키길 원하며 그 대가로 협상 카드로서 성 베이트(헝가리어로 피우메) 항구를 제공하겠다고 제안했다.;;;;;;;;;;;;;x
EVTNAME203978;아이젠슈타트 프로빈스;;;;;;;;;;;;;x
EVTOPTA203978;게헨나 만마전의 제안을 받아들이겠다.;;;;;;;;;;;;;x
EVTOPTB203978;성 이슈트반의 왕관과 그 모든 영토는 온전히 유지될 것이다.;;;;;;;;;;;;;x
EVTDESC203979;빈 정부가 우리에게 제안을 해왔다. 성 이슈트반 왕관령의 영토 범위에 따라 자치권이 확립된 후, 게헨나 주민이 다수인 작은 프로빈스 하나가 우리 행정 구역에 포함되었다. 황제를 대변하는 빈의 대표는 거래가 가능할 것처럼 모호하게 말했으나, 결국 이는 단순한 최후통첩임이 드러났다. 빈이 어디까지 강경하게 나올지는 불분명하지만, 부다페스트의 많은 이들은 그것을 확인하고 싶어 하지 않는다.;;;;;;;;;;;;;x
EVTNAME203979;아이젠슈타트 프로빈스;;;;;;;;;;;;;x
EVTOPTA203979;그들이 인정받은 우리의 주권을 침해할 권리는 없다.;;;;;;;;;;;;;x
EVTOPTB203979;거절했다가 상황이 악화될 위험을 감수해서는 안 된다.;;;;;;;;;;;;;x
EVTDESC203980;하루나 주민들이 우리의 제안을 수락하여 아이젠슈타트의 행정권을 빈 정부에 넘겼다.;;;;;;;;;;;;;x
EVTNAME203980;하루나 주민들의 수용!;;;;;;;;;;;;;x
EVTOPTA203980;훌륭하군!;;;;;;;;;;;;;x
EVTDESC203981;하루나 주민들이 우리의 제안을 거부하며 왕관령의 완전성을 주장하고 있다. 많은 하루나 지도자들이 이번 일이 영토가 갉아먹히는 마지막 사례가 아닐 것이라 우려하는 만큼 이는 충분히 정당한 걱정이나, 빈의 많은 이들은 이 거부에서 도발의 기미를 느끼고 있다. 일부는 군대를 진격시켜 영토를 강제로 차지하자고 제안하며, 다른 이들은 이것이 과잉 반응이며 하루나 주민을 피지배 민족의 처지로 몰아넣는 것이 오히려 민족주의 운동을 강화하고 게헨나 만마전 왕관의 권위를 약화시킬 뿐이라고 생각한다.;;;;;;;;;;;;;x
EVTNAME203981;하루나 주민들의 거부;;;;;;;;;;;;;x
EVTOPTA203981;좋다.;;;;;;;;;;;;;x
EVTOPTB203981;우리 국민이 신민들에게 인질로 잡혀 있을 수는 없다!;;;;;;;;;;;;;x
EVTDESC203989;하루나 주민들이 다시 한번 복속되었다. 전쟁이 끝나자 많은 이들이 하루나 주민이 누렸던 자치권에 의문을 제기하며, 이를 그저 실패한 실험에 불과했던 것으로 기억하고자 한다.;;;;;;;;;;;;;x
EVTNAME203989;하루나 내전;;;;;;;;;;;;;x
EVTOPTA203989;하루나를 우리 봉신들 사이에 분할해야 한다.;;;;;;;;;;;;;x
EVTOPTB203989;하루나의 제한적인 자치권을 회복시켜야 한다.;;;;;;;;;;;;;x
EVTOPTC203989;비엔나의 직접 통제권을 회복해야 한다.;;;;;;;;;;;;;x
EVTDESC203998;1742년에 잃었던 실레지아 영토가 다시 우리 영토의 일부가 된 지 어느덧 시간이 흘렀다. 오랜 시간이 걸렸지만 마침내 치욕을 씻어냈으며, 해당 영토는 다시 제국으로 통합되었다. 지방 정부는 황제에게 충성하며 주민들은 새로운 균형에 만족하고 있다. 현지인들은 스스로를 게헨나 주민이라 생각하지만 결코 게헨나 선도부 주민은 아니며, 우리가 입지를 재확인한 이상 영토에 대한 게헨나 선도부의 주장은 더 이상 진지하게 받아들여지지 않을 것이다.;;;;;;;;;;;;;x
EVTNAME203998;게헨나 만마전 실레시아;;;;;;;;;;;;;x
EVTOPTA203998;훌륭하군;;;;;;;;;;;;;x
EVTDESC209700;현재 아라비아 인근에서 상선을 보호할 기지가 없다. 라헤지 술탄국에 접촉하여 이 지역의 항구로 사용할 아덴을 매입하는 방안을 고려해 볼 수 있다.;;;;;;;;;;;;;x
EVTNAME209700;아덴항;;;;;;;;;;;;;x
EVTOPTA209700;탁월한 계획이다.;;;;;;;;;;;;;x
EVTOPTB209700;인도의 기지들만으로도 해적을 막아내기에 충분하다.;;;;;;;;;;;;;x
EVTDESC209701;트리니티가 아덴 항구를 매입하고 싶다며 우리에게 접근해 왔다.;;;;;;;;;;;;;x
EVTNAME209701;아덴항;;;;;;;;;;;;;x
EVTOPTA209701;돈이 필요하니, 수락하겠다고 전하라.;;;;;;;;;;;;;x
EVTOPTB209701;거절한다. 아덴은 우리에게 매우 소중한 항구다.;;;;;;;;;;;;;x
EVTDESC209702;술탄국이 우리에게 아덴 항구를 제안했다.;;;;;;;;;;;;;x
EVTNAME209702;아덴항;;;;;;;;;;;;;x
EVTOPTA209702;훌륭하다;;;;;;;;;;;;;x
EVTDESC209703;술탄국이 아덴 항구 매입 제안을 거부했다.;;;;;;;;;;;;;x
EVTNAME209703;아덴항;;;;;;;;;;;;;x
EVTOPTA209703;젠장, 우리는 우리의 항구를 얻기 위해 힘을 사용하는 것에 대해 생각해야 할 것입니다.;;;;;;;;;;;;;x
EVTDESC209704;밀레니엄이 겪고 있는 급격한 서부 팽창으로 인해, 밀레니엄의 이익과 영향권이 다른 열강들과 충돌하기 시작했다. 논쟁이 되는 지역 중 하나가 바로 과거 유이가오카의 식민 통치를 받았던 테노치티틀란 남쪽의 중미 지역이다.\n트리니티는 중미에 영유권과 정착지를 가지고 있으며, 이 지역에서 트리니티의 제국주의적 확장이 더 진행된다면 우리의 영향권을 침해하는 것으로 간주될 것이다. 이에 트리니티에 조약을 제안하자는 의견이 나왔다. 양국이 중미 어느 곳도 점령, 요새화 또는 식민지화하지 않기로 합의하고, 만약 이 지역을 통해 대서양과 태평양을 잇는 운하가 건설된다면 양국이 중립적으로 이용한다는 내용이다.;;;;;;;;;;;;;x
EVTNAME209704;중미 안정화;;;;;;;;;;;;;x
EVTOPTA209704;그러한 조약은 먼로 주의의 정신에 전적으로 부합한다.;;;;;;;;;;;;;x
EVTOPTB209704;이것은 이 지역에서의 우리 이익을 해칠 것이다;;;;;;;;;;;;;x
EVTDESC209705;클레이튼-불워 조약은 $YEAR$ 밀레니엄과 트리니티 사이에 체결된 조약이다. 이 조약은 전통적으로 트리니티가 강한 영향력을 행사해 왔으나 밀레니엄의 진출이 증가하던 중미 지역을 둘러싸고 양국 간의 긴장이 고조되는 가운데, 존 M. 클레이튼과 헨리 불워 경에 의해 협상되었다. 이 조약은 태평양과 대서양을 연결하는 마부이카 운하 건설 계획을 둘러싼 긴장을 해소하며 양국 간의 전쟁 발발을 막는 데 결정적인 역할을 했다. 조약의 주요 조항 세 가지 중 하나는 어느 나라든 상대방의 동의와 협조 없이는 그러한 운하를 건설하지 않는다는 것이었다.; neither would fortify nor found new colonies in the region; when a canal was built, both powers would guarantee that it would be available on a neutral basis for all shipping.;;;;;;;;;;;;;x
EVTNAME209705;클레이튼-불워 조약;;;;;;;;;;;;;x
EVTOPTA209705;안정성을 확보해야 한다;;;;;;;;;;;;;x
EVTOPTB209705;이것은 우리의 이익을 해칠 것이다;;;;;;;;;;;;;x
EVTDESC209706;밀레니엄과 트리니티 사이에 체결된 클레이튼-불워 조약의 결과로, 트리니티는 야마토만 제도에 대한 영유권 주장을 포기하기로 합의했다. 이에 따라 해당 지역의 주권은 유이가오카 식민지 청구권의 계승을 통해 우리에게 이전되었다.;;;;;;;;;;;;;x
EVTNAME209706;베이 제도 할양;;;;;;;;;;;;;x
EVTOPTA209706;훌륭하군;;;;;;;;;;;;;x
EVTDESC209707;밀레니엄과 트리니티 사이에 체결된 클레이튼-불워 조약의 결과로, 트리니티는 미스키토 해안의 지배권을 포기하고 미스키토 보호령을 해체하기로 합의했다. 영토 분쟁이 종식됨에 따라 마침내 우리 동부 해안의 완전한 주권을 주장할 수 있게 되었다.;;;;;;;;;;;;;x
EVTNAME209707;미스키토 보호국의 종말;;;;;;;;;;;;;x
EVTOPTA209707;훌륭하군;;;;;;;;;;;;;x
EVTDESC209708;클레이튼-불워 조약에 따라 트리니티는 야마토 연안의 베이 제도와 모기 해안에서 철수할 명백한 의무가 있으나, 아직 이를 이행하지 않고 있다. 제임스 뷰캐넌 주영 밀레니엄 공사는 이 문제로 트리니티의 외무장관 클레어던 경을 만났다. 뷰캐넌의 보고에 따르면, 트리니티는 해당 조약이 향후의 확장 행위에만 적용될 뿐 기존 정착지에는 적용되지 않는다는 입장을 고수하고 있다. 이는 당연히 터무니없는 주장이다. 이제 우리가 트리니티에 철수 압력을 더 가해야 할 것인지 결정해야 한다.;;;;;;;;;;;;;x
EVTNAME209708;트리니티에 철수를 압박할까?;;;;;;;;;;;;;x
EVTOPTA209708;중미 대륙이 중립 지역으로 남아야 한다는 점을 트리니티에 재차 강조하겠다;;;;;;;;;;;;;x
EVTOPTB209708;이를 조약에 따른 모든 의무를 포기하는 것으로 간주해야 한다;;;;;;;;;;;;;x
EVTOPTC209708;섬 몇 개와 작은 해안선 때문에 운하 건설의 전망을 위험에 빠뜨릴 수는 없다;;;;;;;;;;;;;x
EVTDESC209709;밀레니엄이 클레이튼-불워 조약을 근거로 야마토 연안의 베이 제도와 모기 해안에서 철수하라고 압박해 오고 있다. 클레어던 경은 밀레니엄 공사에게 모기 해안 보호령은 지역 확장 의도가 없으며, 베이 제도는 벨리즈의 종속 영토이므로 조약 적용 대상에서 제외된다고 거듭 강조했다. 이에 밀레니엄 측은 트리니티와 유이가오카 사이의 옛 조약들을 인용하며 해당 제도들이 야마토의 일부임을 입증하려 하고 있다. 밀레니엄의 요구에 굴복한다면 베이 제도의 트리니티 정착민들을 버리는 꼴이 되며, 이 지역에 대한 트리니티의 영향력 또한 약화될 것이다.;;;;;;;;;;;;;x
EVTNAME209709;중미에서 철수할까?;;;;;;;;;;;;;x
EVTOPTA209709;전쟁의 가능성을 피하기 위해 철수한다;;;;;;;;;;;;;x
EVTOPTB209709;우리 정착민들을 버리지 않겠다;;;;;;;;;;;;;x
EVTDESC209710;트리니티가 철수를 거부했다! 이로써 클레이튼-불워 조약에 따른 우리의 의무는 완전히 사라졌으며, 이제 군사력을 동원해 해당 지역에서 트리니티군을 몰아낼 수도 있다.;;;;;;;;;;;;;x
EVTNAME209710;클레이튼-불워 조약을 강제할까?;;;;;;;;;;;;;x
EVTOPTA209710;트리니티가 이대로 그냥 넘어가게 두지 않겠다!;;;;;;;;;;;;;x
EVTOPTB209710;중미를 위해 왜 목숨을 거는가?;;;;;;;;;;;;;x
EVTDESC209711;전쟁에서 패배하여 베이 제도와 모기 해안, 그리고 벨리즈에서 철수해야 하는 상황이다.;;;;;;;;;;;;;x
EVTNAME209711;클레이튼-불워 조약 강제;;;;;;;;;;;;;x
EVTOPTA209711;이 지역은 밀레니엄의 손에 떨어졌다;;;;;;;;;;;;;x
EVTDESC209712;베이 제도에서 트리니티군을 몰아냈으나, 이제 이곳을 어떻게 처리할지가 문제다. 클레이튼-불워 조약의 취지에 가장 부합하는 해결책은 야마토에 양도하는 것이다. 하지만 이곳은 주로 트리니티 정착민들이 거주하고 있으며, 이들은 스페인어권 국가의 통치를 받는 것을 몹시 싫어한다. 이들은 당연히 트리니티 식민지로 남기를 원하겠지만, 밀레니엄의 통치라면 받아들일 이들이 많을 것이다.;;;;;;;;;;;;;x
EVTNAME209712;베이 제도의 운명;;;;;;;;;;;;;x
EVTOPTA209712;이 지역에서 중립을 유지하겠다;;;;;;;;;;;;;x
EVTOPTB209712;훌륭한 남부 해군 기지로다;;;;;;;;;;;;;x
EVTDESC209713;트리니티가 모기 해안에 대한 통제권을 포기하도록 강제했으나, 이제 이곳을 어떻게 처리할지가 문제다. 많은 이들이 이 지역을 마부이카의 자연스러운 일부로 보며 합병해야 한다고 주장한다. 하지만 미스키토 주민들은 스스로를 별개의 민족으로 생각한다. 우리가 트리니티의 뒤를 이어 이들의 보호자가 되어줄 수도 있고, 아니면 지역 전체를 즉시 병합할 수도 있다.;;;;;;;;;;;;;x
EVTNAME209713;모스키토 해안의 운명;;;;;;;;;;;;;x
EVTOPTA209713;마부이카와의 연합;;;;;;;;;;;;;x
EVTOPTB209713;그들은 밀레니엄의 지도 아래 독립을 유지할 것이다;;;;;;;;;;;;;x
EVTOPTC209713;중미의 훌륭한 식민지;;;;;;;;;;;;;x
EVTDESC209714;트리니티가 클레이튼-불워 조약의 조건을 노골적으로 무시한 이상, 더 이상 벨리즈에 대한 트리니티의 관리를 신뢰할 수 없다. 많은 이들이 벨리즈의 독립을 강제해야 한다고 주장한다. 또는 밀레니엄이 이 나라를 지도할 수도 있을 것이다. 마지막으로, 늘 그렇듯 일부에서는 밀레니엄으로의 직접 병합을 요구하고 있다.;;;;;;;;;;;;;x
EVTNAME209714;벨리즈의 운명;;;;;;;;;;;;;x
EVTOPTA209714;독립이 최선의 선택이다;;;;;;;;;;;;;x
EVTOPTB209714;벨리즈에는 밀레니엄의 지도가 필요하다;;;;;;;;;;;;;x
EVTOPTC209714;결국 우리는 범밀레니엄의 밀레니엄이니까;;;;;;;;;;;;;x
EVTDESC209715;긴장감 넘치는 협상 끝에, 트리니티가 베이 제도와 모기 해안에서 철수하기로 합의했다.;;;;;;;;;;;;;x
EVTNAME209715;트리니티의 굴복;;;;;;;;;;;;;x
EVTOPTA209715;외교가 선택지가 아니라고 누가 그랬나?;;;;;;;;;;;;;x
EVTDESC239540;북미에 대한 우리의 영유권 주장은 본토와 연결되어 있지 않으므로 전혀 말이 되지 않는다.;;;;;;;;;;;x
EVTNAME239540;테노치티틀란의 터무니없는 영유권 주장 제거;;;;;;;;;;;x
EVTOPTA239540;알았다.;;;;;;;;;;;x
EVTDESC300983;로도스와 아이셰 사이의 국경을 정하는 여러 조약이 있었음에도 불구하고, 역사적으로 양국 간의 긴장은 계속 높았다. 오늘도 마찬가지이며, 강도가 제각각인 여러 국경 분쟁 사건들이 두 제국을 전쟁으로 몰아넣으려 하고 있다. 열강들은 이러한 상황을 우려하여, 국경을 획정하고 남은 모든 분쟁을 완전히 해결하도록 돕겠다고 제안했다. [상대방이 수락할 경우, 아이셰는 로도스 소유 프로빈스의 모든 핵심 주를 잃고, 로도스는 아이셰 소유 프로빈스의 모든 핵심 주를 잃습니다.];;;;;;;;;;;;;x
EVTNAME300983;제2차 에르즈룸 조약;;;;;;;;;;;;;x
EVTOPTA300983;문제를 해결하고 싶다;;;;;;;;;;;;;x
EVTOPTB300983;오직 전쟁만이 문제를 해결할 수 있다;;;;;;;;;;;;;x
EVTDESC300984;협상은 성공적이었으며, 초록겨울과 트리니티의 중재 아래 최종 국경선을 획정하기 위한 국경 위원회가 설립되었다.;;;;;;;;;;;;;x
EVTOPTA300984;훌륭하군.;;;;;;;;;;;;;x
EVTDESC300985;$FROMCOUNTRY_ADJ$은(는) 우리의 진지한 협상 제안에 크게 분노했다. 그들은 파멸을 외치며 전쟁의 개들을 풀어놓았다!;;;;;;;;;;;;;x
EVTOPTA300985;그렇다면 전쟁이다.;;;;;;;;;;;;;x
EVTDESC300986;로도스군에게 대패하였으며, 그들은 이제 이라크의 성지인 나자프와 카르발라, 그리고 우리의 페르시아만 연안 영토를 넘겨줄 것을 요구하고 있습니다.;;;;;;;;;;;;;x
EVTDESC300987;아이셰와의 전쟁이 불리하게 전개되어 패배가 거의 확실시되고 있습니다. 타진해 본 결과, 아이셰 측은 주합 조약 당시의 국경으로 복구하는 방안을 고려하고 있습니다. 즉, 이라크와 동부 아나톨리아의 아이셰 영토를 반환하는 대신, 아르메니아와 타브리즈, 루리스탄의 모든 영토는 우리에게 되돌아오는 조건입니다.;;;;;;;;;;;;;x
EVTNAME300987;주합 조약으로 복귀할까?;;;;;;;;;;;;;x
EVTOPTA300987;그동안 즐거웠다.;;;;;;;;;;;;;x
EVTOPTB300987;계속 싸운다.;;;;;;;;;;;;;x
EVTDESC300988;$FROMCOUNTRY_ADJ$ 측은 더 이상의 분쟁이 자국민의 불필요한 유혈 사태만 초래할 뿐이라는 점을 인식하고 평화 협상을 제안해 왔습니다. 그들은 국경을 주합 조약 당시로 복원하자고 제안했습니다. 이라크와 동부 아나톨리아의 모든 영토는 우리에게 반환되지만, 우리가 점유 중인 아르메니아, 타브리즈, 루리스탄의 모든 영토는 그들에게 반환해야 합니다.;;;;;;;;;;;;;x
EVTOPTA300988;좋아.;;;;;;;;;;;;;x
EVTOPTB300988;계속 싸운다.;;;;;;;;;;;;;x
EVTDESC300999;쿠르드 부족들은 독립심이 매우 강해 거의 무법 상태나 반란에 가까운 모습을 보이며, 험준한 지형 탓에 사실상 통제가 불가능합니다. 하지만 그들은 분열되어 있었기에 지금까지는 우리의 통치에 저항하지 못했습니다. 그런데 최근 셰이크 우베이둘라라는 영향력 있는 추장이 국경 너머 $FROMCOUNTRY_ADJ$ 측의 부족들을 통합하는 데 성공했으며, 이제는 국경을 넘어 우리 쪽 부족들의 지지를 모으고 있습니다. 저명한 민족주의자인 그가 쿠르드 부족들을 통합한 것은, 머지않아 독립 쿠르디스탄을 세우려는 움직임이 일어날 조짐일 수 있습니다.;;;;;;;;;;;;x
EVTOPTA300999;제길;;;;;;;;;;;;x
EVTDESC301000;쿠르드 부족들은 독립심이 매우 강해 거의 무법 상태나 반란에 가까운 모습을 보이며, 험준한 지형 탓에 사실상 통제가 불가능합니다. 그동안은 부족 간의 분열로 인해 우리의 통치에 저항하지 못했습니다. 하지만 최근의 군사적 패배로 인해 쿠르드족 사이에서 우리의 영향력이 약화되었습니다.\n이러한 혼란과 무법 상태를 틈타 영향력 있는 추장 셰이크 우베이둘라가 권력 공백을 메우며 세력을 확장했습니다. 저명한 민족주의자인 그가 쿠르드 부족들을 통합한 것은, 머지않아 독립 쿠르디스탄을 세우려는 움직임이 일어날 조짐일 수 있습니다.;;;;;;;;;;;;x
EVTNAME301000;셰이크 우베이둘라의 부상;;;;;;;;;;;;x
EVTOPTA301000;그의 관심을 로도스로 돌려라;;;;;;;;;;;;x
EVTOPTB301000;우리 스스로 처리하겠다;;;;;;;;;;;;x
EVTNAME301001;$FROMCOUNTRY_ADJ$ 렌게 지배권 주장;;;;;;;;;;;;x
EVTDESC301001;$FROMCOUNTRY_ADJ$이 페르시아만 북부 해안의 렌게 주변 항구들에 대한 지배권을 다시 확립했습니다. 이 항구들은 법적으로 $FROMCOUNTRY$의 영토였으나, 대내외적인 압박으로 인해 $FROMCOUNTRY$은 권위를 행사하지 못했습니다. 하지만 대내외 정치 상황이 변하면서 $FROMCOUNTRY_ADJ$은 항구에서 모든 외세의 영향력을 몰아낼 수 있을 만큼 충분한 자신감을 얻었습니다.;;;;;;;;;;;;x
EVTNAME301002;$FROMCOUNTRY_ADJ$ 부시레 지배권 주장;;;;;;;;;;;;x
EVTDESC301002;$FROMCOUNTRY$의 주요 항구이자 상업 도시인 부시레입니다. 이곳은 우리의 걸프 지역 총영사관이 위치한 곳이며, 이 지역 내 $COUNTRY_ADJ$의 경제적 이권이 집중된 중심지입니다. 이 도시가 공식적으로 $COUNTRY_ADJ$의 영토는 아니었으나, 우리의 경제적·외교적 존재감과 $FROMCOUNTRY_ADJ$의 통제력 부족으로 인해 사실상 우리의 영향력 아래 있다고 여겨져 왔습니다. 하지만 최근 $FROMCOUNTRY_ADJ$ 행정부의 변화로 인해 그들이 이 지역에 충분한 영향력을 갖게 되었고, 도시의 지배권을 다시 주장하고 나섰습니다.;;;;;;;;;;;;x
EVTNAME301003;반다르 압바스 임차;;;;;;;;;;;;x
EVTDESC301003;$FROMCOUNTRY_ADJ$ 대사관이 반다르 압바스 항구의 임대 계약 재협상을 요청해 왔습니다. 최근 우리가 겪은 문제들로 인해 $FROMCOUNTRY_ADJ$ 측이 우리를 대하는 태도가 더욱 강경해진 것으로 보입니다. 그들이 제안한 갱신 계약은 더 엄격한 조건과 더 높은 임대료, 이 지역에 대한 로도스의 주권 공식 인정[*] 및 여러 가지 계약 해지 조항[**]을 포함하고 있습니다.\n\n[*]인정은 형식적일 뿐이며, 실제로 반다르 압바스를 $FROMCOUNTRY$\n에게 할양하는 것은 아닙니다.[**]예를 들어 파산, 반란, 혁명, 또는 $FROMCOUNTRY$이 지역 강국이 되고 오만은 그렇지 못한 경우 등이 해당합니다.;;;;;;;;;;;;x
EVTDESC301004;오만 측이 새로운 반다르 압바스 임대 조약을 수용했습니다.;;;;;;;;;;;;x
EVTDESC301005;오만 측이 새로운 반다르 압바스 임대 조약을 거부했습니다.\n[반다르 압바스의 핵심 주를 획득했습니다.];;;;;;;;;;;;x
EVTDESC301006;$FROMCOUNTRY_ADJ$이 반다르 압바스 임대 조약의 해지 조항에 따라 반다르 압바스를 점유했습니다. 조약 내용에 따른 것이기에 우리가 할 수 있는 일은 거의 없습니다.;;;;;;;;;;;;x
EVTNAME301007;아크할 조약;;;;;;;;;;;;x
EVTDESC301007;$FROMCOUNTRY_ADJ$의 중앙아시아 대계획이 이 지역에 대한 우리의 정당한 권리를 침해하기 시작했습니다. 이미 히바 칸국이 굴복했으며, 다른 칸국들도 그 뒤를 따르는 것은 시간문제로 보입니다. 현재로서는 이러한 흐름을 되돌리기가 매우 어려워 보입니다.\n\n이 문제를 논의하기 위해 초록겨울 외교 사절단이 $CAPITAL$에 도착했습니다. 그들은 불필요한 충돌을 피하기 위해 명확한 국경선을 정의하자고 제안합니다. 하지만 그들이 주장하는 국경선은 투르크스탄 내의 우리의 모든 권리와 영토를 포기하는 내용입니다. 이 제안을 수용한다면 관계를 안정시키고 미래의 충돌을 방지하는 데 큰 도움이 되겠지만, 오래된 권리를 포기하는 것은 매우 굴욕적이며 국내에서도 거센 반발이 예상됩니다.;;;;;;;;;;;;x
EVTDESC301008;$FROMCOUNTRY_ADJ$ 측이 그들의 무한한 지혜로 우리의 제안에 동의하여, 투르크에스탄의 모든 영토에서 철수하기로 했습니다!;;;;;;;;;;;;x
EVTDESC301009;$FROMCOUNTRY_ADJ$ 측은 중앙아시아에 대한 우리의 계획에 저항하는 것이 무의미하다는 점을 이해한 듯하며, 아트레크강 남쪽으로 철수하는 데 동의했습니다. 하지만 협상 과정이 순조롭지는 않았습니다. 철수를 강제하는 데는 성공했을지 모르나, 해결되지 않은 일부 문제들이 향후 갈등의 씨앗이 될 수 있습니다.;;;;;;;;;;;;x
EVTDESC301010;$FROMCOUNTRY_ADJ$ 측이 제정신이 아닌 모양입니다! 투르크에스탄을 우리에게 양도하는 지극히 공정하고 형평성 있는 협상을 완전히 엎어버렸습니다! 이런 오만함이라니... 분명 트리니티가 배후에 있을 것입니다!;;;;;;;;;;;;x
EVTNAME301011;도스트 무함마드 칸;;;;;;;;;;;;x
EVTDESC301011;독립을 유지하고 외부의 지배에 저항하는 것은 아프간 민족과 그 땅의 부족적 특성입니다. 따라서 아프간 제국의 형성은 부족 간의 동맹과 적대 관계의 균형을 맞추고, 부족의 에너지가 반란으로 향하지 않도록 유도하는 것에 크게 의존해 왔습니다. 하지만 최근의 두라니 샤들은 외교적 수완이 부족하여 부족 간의 경쟁이 다시 표면화되도록 방치했고, 제국은 서서히 붕괴되었습니다. 오늘 새로운 에미르가 카불을 장악했습니다. 그가 부족들을 다시 통합하는 데 성공할지는 두고 봐야 할 일입니다.;;;;;;;;;;;;x
EVTNAME301012;두라니 제국의 종말;;;;;;;;;;;;x
EVTDESC301012;독립을 유지하고 외부의 지배에 저항하는 것은 아프간 민족과 그 땅의 부족적 특성입니다. 따라서 아프간 제국의 형성은 부족 간의 동맹과 적대 관계의 균형을 맞추고, 부족의 에너지가 반란으로 향하지 않도록 유도하는 것에 크게 의존해 왔습니다. 하지만 최근의 두라니 샤들은 외교적 수완이 부족하여 부족 간의 경쟁이 다시 표면화되도록 방치했고, 제국은 서서히 붕괴되었습니다. 오늘 새로운 에미르가 카불을 장악했습니다. 우리가 그를 따를 것입니까?;;;;;;;;;;;;x
EVTDESC301013;중앙아시아 민족들은 유목 생활의 역사가 길어 한곳에 오래 정착하는 경우가 드물며, 특히 지역 상황이 악화되면 더욱 그러합니다. 코펫다그의 투르크멘인들도 마찬가지입니다. 우리가 산악 지대의 통제권을 회복한 이후, 투르크멘인들은 더 살기 좋은 곳, 주로 메르브 오아시스로 느리지만 꾸준히 이주하고 있습니다.;;;;;;;;;;;;x
EVTNAME301013;메르브의 투르크멘;;;;;;;;;;;;x
EVTOPTA301013;그들의 행운을 빈다;;;;;;;;;;;;x
EVTDESC301014;코펫다그 산맥의 통제권을 되찾으려는 로도스의 시도로 인해 상당수의 투르크멘 부족민들이 북쪽으로 이동했으며, 그중 많은 이들이 메르브 오아시스에 정착하기로 했습니다. 이러한 투르크멘인의 유입은 치안을 위협하고 오아시스에 대한 우리의 통제권을 흔들고 있습니다!;;;;;;;;;;;;x
EVTOPTA301014;이거 골치 아파지겠는데...;;;;;;;;;;;;x
EVTNAME301015;시라즈 조약;;;;;;;;;;;;x
EVTDESC301015;시라즈 주지사가 우리의 인지나 승인 없이 부시레의 트리니티 영사와 바레인의 미래에 관한 조약을 체결했습니다. 주지사는 영사를 설득해 섬에 대한 우리의 권리를 지지하게 했고, 심지어 우리의 권위를 세우기 위해 함선을 제공하겠다는 약속까지 받아냈습니다. 하지만 뭄바이로부터 트리니티 측이 협정 이행을 거부하고 있다는 소식이 전해졌습니다. 부시레 영사와 시라즈 주지사 모두 권한을 남용했으므로 해당 조약은 무효라는 주장입니다. 트리니티의 승인이나 지원 없이는 바레인을 점령하는 데 큰 비용이 들 수 있습니다. 하지만 이 조약은 향후 바레인에 대한 우리의 권리를 주장하는 데 유용할 수 있습니다.\n어떻게 대처하시겠습니까?;;;;;;;;;;;;x
EVTDESC301016;최근 부시레의 트리니티 영사와 로도스의 시라즈 주지사 사이에 비밀 조약이 체결되었습니다. 이 조약에 따르면 트리니티는 로도스가 우리를 정복하는 것을 도와야 합니다! 다행히 트리니티는 영사가 권한을 초과했다며 합의를 번복했지만, 우리의 입지가 안전하지 않다는 점은 분명합니다! 입지를 굳히기 위해 어떻게 행동해야 하겠습니까?;;;;;;;;;;;;x
EVTDESC301017;바레인을 샤의 종주권 아래 두겠다는 로도스와 트리니티 간의 조약 소식이 새어 나가자, 바레인의 셰이크는 외부의 지원을 찾기 시작했습니다. 트리니티가 합의를 번복했음에도 불구하고 셰이크는 자신의 지위가 완전히 안전하다고 느끼지 못하고 있습니다. 그는 절실한 안보 지원을 기대하며 우리에게 우호 조약을 제안해 왔습니다.;;;;;;;;;;;;x
EVTDESC301020;테헤란 주재 초록겨울 특사의 행동에 분노가 폭발했습니다. 투르크멘차이 조약의 조건에 따라, 특사는 아르메니아 출신 궁정 환관과 그 일가족에게 망명을 허용했습니다. 최근 코카서스에서 벌어진 초록겨울의 행보로 오랫동안 끓어오르던 반러 정서가 이제 완전히 터져 나왔습니다. 분노한 군중이 초록겨울 공사관에 모여 환관의 송환을 요구하고 있습니다.\n\n기회주의적인 물라들의 부추김으로 환관 송환 요구는 점점 더 급진적으로 변하고 있으며, 상황은 빠르게 통제 불능 상태로 치닫고 있습니다. 특사에게 환관을 넘기도록 강요하면 군중은 만족하겠지만 초록겨울을 분노케 할 것입니다. 반대로 군중을 해산시키는 것은 우리의 명예를 더럽히는 치욕을 받아들이는 일이 될 것입니다.;;;;;;;;;;;;x
EVTNAME301020;초록겨울 공사관 사건;;;;;;;;;;;;x
EVTOPTA301020;환관의 반환을 요구하라;;;;;;;;;;;;x
EVTOPTB301020;군중을 진정시켜라;;;;;;;;;;;;x
EVTDESC301021;한 시간. 알렉산드르 그리보예도프와 용감한 코사크 경비대가 버틴 시간이었습니다. 정복을 갖춰 입은 그들은 폭도들이 천장을 뚫고 들어와 모두를 학살하기 전까지 한 시간 동안 버텼습니다. 권총, 검, 빗자루 등 손에 잡히는 무엇으로든 싸우며 용감하게 저항했습니다. 그동안 로도스 당국은 지켜보기만 했습니다. 창밖으로 내던져지고, 참수된 채 거리와 시장을 끌려다녔습니다... 그리보예도프의 머리는 현지 케밥 가게에 전시되었고, 시신은 손가락에 남은 작은 결투 흉터로만 신원을 확인할 수 있었습니다... 알렉산드르 그리보예도프가 무슨 잘못을 저질렀기에 이런 일을 당했습니까? 그는 황실 하렘에서 벗어나 아르메니아에서 자유롭게 살기를 원한 아르메니아인 환관 한 명과 조지아인 소녀 두 명을 정당하게 보호했을 뿐입니다.;;;;;;;;;;;;x
EVTNAME301021;테헤란 공사관 사건;;;;;;;;;;;;x
EVTOPTA301021;로도스 주민들이 이 소식을 듣게 될 것이다!;;;;;;;;;;;;x
EVTOPTB301021;어쩌면 가벼운 승전이 필요한 때일지도 모른다;;;;;;;;;;;;x
EVTOPTC301021;이 일로 너무 흥분하지 말자;;;;;;;;;;;;x
EVTDESC301022;그렇습니다, 초록겨울 공사관 습격과 초록겨울 특사의 참수 사건은 불행한 일이었으나 정당성이 없는 것은 아니었습니다. 알렉산더 그리보예도프가 환관과 소녀들의 인도를 거부했을 때, 무언가 문제가 있다는 것이 분명했습니다. 여성들의 명예를 걱정한 군중은 그들을 구출하고 보호하기 위해 공사관을 습격했습니다. 그리고 아니나 다를까, 그들은 그리보예도프에게 강간당한 여성들을 발견했습니다. 군중이 그리보예도프를 공개 처형하는 것 외에 무엇을 할 수 있었겠습니까? 그럼에도 초록겨울 주민들은 살인이라며 비명을 지르고 그의 죽음에 대한 보복을 요구하고 있습니다!;;;;;;;;;;;;x
EVTNAME301022;알렉산드르 그리보예도프의 죽음;;;;;;;;;;;;x
EVTOPTA301022;선물! 선물만이 세상의 모든 문제를 해결한다;;;;;;;;;;;;x
EVTOPTB301022;목을 베어 말뚝에 박아 성벽에 걸어라.;;;;;;;;;;;;x
EVTOPTC301022;초록겨울 주민들에게 굴복하지 않겠다!;;;;;;;;;;;;x
EVTDESC301023;그렇습니다. 초록겨울 공사관 습격과 초록겨울 사절 참수는 불행한 사건이었지만 정당한 이유가 없던 것은 아닙니다. 알렉산드르 그리보예도프가 환관과 소녀들을 넘기기를 거부했을 때 무언가 수상하다는 것은 분명했습니다. 여성들의 정조를 걱정한 군중은 그들을 구출하고 보호하려고 공사관을 습격했습니다. 그런데 이게 웬일입니까, 그들은 그리보예도프에게 강간당한 채 발견되었습니다. 군중이 그리보예도프를 공개 처형하는 것 외에 무엇을 할 수 있었겠습니까? 하지만 초록겨울 주민들은 살인이라고 아우성치며 우리 국경에 병력을 집결시키고 있습니다...;;;;;;;;;;;;x
EVTOPTA301023;선물! 선물만이 세상의 모든 문제를 해결한다;;;;;;;;;;;;x
EVTOPTB301023;양보하라! 양보로 초록겨울 주민들을 만족시켜라!;;;;;;;;;;;;x
EVTOPTC301023;트리니티가 도와주지 않을까...?;;;;;;;;;;;;x
EVTOPTD301023;초록겨울 주민들에게 굴복하지 않겠다!;;;;;;;;;;;;x
EVTDESC301024;알렉산드르 그리보예도프의 살해에 대해 우리가 어떤 보복을 가할지 두려워한 샤는 살해 책임자들에게 분노를 쏟아냈다. 일반 시민과 물라, 심지어 자신의 고문들조차 안전하지 않았다. 이로 인해 반초록겨울 세력은 상당 부분 소탕되었으나, 권력 기반을 잃은 샤의 입지 또한 취약해졌다. 샤의 약화된 입장은 그의 궁정에서 우리의 영향력을 강화할 기회가 되지 않겠는가?;;;;;;;;;;;;x
EVTNAME301024;테헤란의 숙청;;;;;;;;;;;;x
EVTOPTA301024;샤가 필요로 하는 모든 '도움'을 제공하라;;;;;;;;;;;;x
EVTOPTB301024;샤가 상황을 처리한 방식에 만족한다;;;;;;;;;;;;x
EVTDESC301025;오늘 궁정에 예상치 못한 손님이 찾아왔다. 바로 샤의 손자다! 그는 선물을 가져왔는데, 무려 88.7캐럿에 달하는 '샤 다이아몬드'였다. 약 100년 전 로도스가 전리품으로 챙긴 이 다이아몬드는 로도스 궁정의 가장 소중한 가보 중 하나다. 우리가 그 불행한 사건을 잊어주기로 한다면, 테헤란 공사관 사건에 대한 진심 어린 사죄의 의미로 이 보석을 바치겠다고 한다.;;;;;;;;;;;;x
EVTNAME301025;샤 다이아몬드;;;;;;;;;;;;x
EVTOPTA301025;이 정도면 충분하겠군;;;;;;;;;;;;x
EVTOPTB301025;다이아몬드라고? 우리가 원하는 건 땅이다!;;;;;;;;;;;;x
EVTDESC301026;로도스 주민들은 알렉산드르 그리보예도프의 죽음을 둘러싼 문제를 해결하기 위해 우리가 시도한 모든 접근과 제안을 단호히 거부했다.;;;;;;;;;;;;x
EVTNAME301026;반항하는 로도스;;;;;;;;;;;;x
EVTOPTA301026;상황을 악화시키지 않겠다;;;;;;;;;;;;x
EVTOPTB301026;어쩌면 가벼운 승전이 필요한 때일지도 모른다;;;;;;;;;;;;x
EVTDESC301027;초록겨울은 우리가 알렉산드르 그리보예도프 살해범들을 신속히 처단하고, 최근 테헤란에 만연했던 반초록겨울 정서를 청산한 조치에 찬사를 보냈다. 심지어 우리가 원한다면 행정력 강화를 위해 물적, 기술적 지원을 아끼지 않겠다는 호의까지 보였다.;;;;;;;;;;;;x
EVTNAME301027;초록겨울 고문;;;;;;;;;;;;x
EVTOPTA301027;네, 부탁합니다;;;;;;;;;;;;x
EVTOPTB301027;우리 주권을 침해하는 처사로 느껴진다;;;;;;;;;;;;x
EVTDESC301028;초록겨울은 알렉산드르 그리보예도프의 죽음으로 인한 잘못을 바로잡으려는 우리의 노력을 받아들였다.;;;;;;;;;;;;x
EVTNAME301028;공사관 위기의 종식;;;;;;;;;;;;x
EVTOPTA301028;좋다.;;;;;;;;;;;;x
EVTDESC301029;로도스 주민들은 초록겨울 고문을 파견하자는 우리의 제안에 동의했다.;;;;;;;;;;;;x
EVTNAME301029;로도스 사절단;;;;;;;;;;;;x
EVTOPTA301029;우리의 영향력이 커지고 있다...;;;;;;;;;;;;x
EVTDESC301030;알렉산드르 그리보예도프의 잔혹한 살해에 대한 우리의 반응에 샤가 크게 동요했다. 우리가 어떤 조치를 취할지 두려워한 그는, 우리가 그리보예도프의 죽음을 수용하고 이 끔찍한 사건을 완전히 잊어준다면 아제르바이잔에서 광범위한 경제적 영향력을 제공하겠다고 제안했다.;;;;;;;;;;;;x
EVTNAME301030;이권을 양보할까?;;;;;;;;;;;;x
EVTOPTA301030;우리 초록겨울 주민은 관대함으로 유명하지...;;;;;;;;;;;;x
EVTOPTB301030;코카서스를 통제하는 것만으로도 충분히 벅차다...;;;;;;;;;;;;x
EVTDESC301031;초록겨울 공사관 사건은 군중이 건물을 습격하고, 특사 알렉산드르 그리보예도프가 공사관으로 피신해 온 여성들을 강간했다는 사실이 밝혀지며 순식간에 걷잡을 수 없이 확산되었다. 분노한 군중은 즉시 그리보예도프를 끌어내어 공개 처형했다. 불행한 일이었으나 정당성 없는 행동은 아니었다. 하지만 초록겨울은 자국 외교관에 대한 이 공격을 다르게, 아마도 매우 분노하며 바라보았을 것이다. 우리는 몇 주 동안 초록겨울의 반응을 기다렸으나 아무런 소식도 없었다. 공식 서신을 든 전령조차 오지 않았다.\n어쩌면 초록겨울 주민들은 우리가 생각했던 것만큼 두렵지 않은 존재일지도 모른다.;;;;;;;;;;;;x
EVTOPTA301031;위기일발이었군;;;;;;;;;;;;x
EVTDESC301032;테헤란의 초록겨울 공사관이 난동꾼들에게 습격당하고 특사 알렉산드르 그리보예도프가 살해되면서 로도스의 샤가 곤란한 상황에 처했다. 듣기로는 그리보예도프가 내관 한 명과 전직 하렘 여인 두 명이 얽힌 지저분한 사건에 끼어들었고, 로도스 주민들이 이를 매우 불쾌하게 여겼다고 한다. 참수된 시신은 훼손되었으며, 머리는 지역 케밥집에 전시되었다고 하니 정말 끔찍한 일이다. 초록겨울이 이에 분노하여 그리보예도프의 복수를 위해 전쟁을 위협하는 것은 당연한 일이다. 초록겨울과의 전쟁에서 또다시 패배할 위험을 감수하고 싶지 않은 샤는 우리에게 보호를 요청했다.;;;;;;;;;;;;x
EVTNAME301032;로도스 모험;;;;;;;;;;;;x
EVTOPTA301032;로도스 모험을 떠날 준비가 됐다;;;;;;;;;;;;x
EVTOPTB301032;샤가 오합지졸들을 통제하지 못하는 게 우리 잘못은 아니다;;;;;;;;;;;;x
EVTDESC301034;트리니티는 초록겨울과의 대결에서 우리를 지원할 의향이 매우 강해 보인다.;;;;;;;;;;;;x
EVTNAME301034;트리니티의 지원;;;;;;;;;;;;x
EVTOPTA301034;좋다.;;;;;;;;;;;;x
EVTDESC301035;초록겨울이 그리보예도프의 복수를 결심할 경우, 트리니티가 우리를 도울 의향은 없어 보인다.;;;;;;;;;;;;x
EVTNAME301035;트리니티의 거절;;;;;;;;;;;;x
EVTOPTA301035;양허권이다! 초록겨울 주민들에게 양허권을 제안하라!;;;;;;;;;;;;x
EVTOPTB301035;그렇다면 우리 스스로 맞서겠다!;;;;;;;;;;;;x
EVTDESC301036;우리의 최선 노력에도 불구하고, 초록겨울은 공사관 습격과 알렉산드르 그리보예도프의 불행한 죽음을 둘러싼 문제를 평화적으로 해결하려는 우리의 모든 접근을 거부했다. 영토 외에는 그 무엇으로도 초록겨울의 끝없는 갈증을 채울 수 없을 것 같다.;;;;;;;;;;;;x
EVTNAME301036;초록겨울의 갈증;;;;;;;;;;;;x
EVTOPTA301036;땅이다! 초록겨울 주민들에게 땅을 주어 달래라!;;;;;;;;;;;;x
EVTOPTB301036;초록겨울 주민들에게 굴복하지 않겠다!;;;;;;;;;;;;x
EVTDESC301037;알렉산더 그리보예도프의 잔혹한 살해에 대한 우리의 대응에 샤가 크게 동요했다. 우리가 이 상황을 잊어줄 의향이 있다면, 그는 약간의 영토 손실을 감수하고 타협할 용의가 있다고 한다...;;;;;;;;;;;;x
EVTNAME301037;토지 거래를 제안할까?;;;;;;;;;;;;x
EVTNAME301040;아이셰 모험;;;;;;;;;;;;x
EVTDESC301040;아이셰 국경의 특성상 우리 제국 간의 마찰은 늘 불가피했다. 공식적으로는 주합 조약으로 국경이 획정되었으나, 국경 양측의 부족들은 이를 거의 무시한다. 그들은 정기적으로 국경을 넘어 이동하며, 주지사들을 서로 이간질해 독립을 꾀하고 있다.\n이제 긴장은 임계점에 도달했다. 우리 조정에 망명해 있던 바그다드 출신의 고위 아이셰 장교가 우리 장교 몇 명과 함께 아이셰 측에 납치되어 참수당했다. 동시에 반의 주지사는 국경 지대의 아제리 부족들 사이에서 반란을 선동하고 있다. 마지막으로, 아이셰가 방관하거나 때로는 직접 가담하고 있는 와하비파의 메카 및 카르발라 순례자 습격 사건도 잊어서는 안 된다.\n우리가 이 문제를 강력히 제기한다면, 초록겨울 차르가 지원을 약속했다.;;;;;;;;;;;;x
EVTNAME301041;로도스 전쟁;;;;;;;;;;;;x
EVTDESC301041;로도스 국경의 특성상 우리 제국 간의 마찰은 늘 불가피했다. 공식적으로는 주합 조약으로 국경이 획정되었으나, 국경 양측의 부족들은 이를 거의 무시한다. 그들은 정기적으로 국경을 넘어 이동하며, 주지사들을 서로 이간질해 독립을 꾀하고 있다.\n\n한동안 긴장이 고조되어 왔다. 로도스는 우리 프로빈스를 습격하는 쿠르드 부족들을 공개적으로 지원하며, 그들이 안전을 위해 로도스로 넘어오는 것을 허용했다. 동시에 그들은 동부 지역에서 우리 통치에 반대하는 저명한 인사들에게 망명을 제공하고 있다.\n이제 로도스는 이러한 반체제 인사 중 한 명의 신병 확보와 카르발라 및 메카로 향하는 시아파 순례자들에 대한 학대를 전쟁의 명분으로 내세우고 있다!;;;;;;;;;;;;x
EVTNAME301042;에르즈룸 조약;;;;;;;;;;;;x
EVTDESC301042;아이셰와의 전쟁이 끝이 보이지 않은 채 한동안 계속되었다. 전쟁을 종식하기 위한 조약안이 작성되었다. 향후 분쟁을 방지하기 위해 조약 조건에는 영토 변경을 포함하지 않는다. 국경 지대 부족들의 이동은 규제하며, 서로의 내정에 간섭하지 않기로 약속하고 각자의 반체제 인사들에게 정치적 망명을 제공하지 않기로 한다.;;;;;;;;;;;;x
EVTDESC301043;로도스와의 전쟁이 끝이 보이지 않은 채 한동안 계속되었다. 전쟁을 종식하기 위한 조약안이 작성되었다. 향후 분쟁을 방지하기 위해 조약 조건에는 영토 변경을 포함하지 않는다. 국경 지대 부족들의 이동은 규제하며, 서로의 내정에 간섭하지 않기로 약속하고 각자의 반체제 인사들에게 정치적 망명을 제공하지 않기로 한다.;;;;;;;;;;;;x
EVTDESC301044;아이셰가 에르주룸 조약의 조건을 수락했다.;;;;;;;;;;;;x
EVTDESC301045;아이셰가 에르주룸 조약의 조건을 거부했다.;;;;;;;;;;;;x
EVTNAME301053;티플리스 조약;;;;;;;;;;;;;x
EVTDESC301053;'코카서스여! 눈 덮인 머리를 숙여라.\n굴복하라! 예르몰로프가 진격한다!' - 푸슈킨\n\n굴리스탄 조약은 초록겨울 제국학원과 우리 사이의 코카서스 쟁탈전을 끝내기 위한 것이었다. 하지만 긴장은 여전히 높으며, 초록겨울의 예르몰로프 총독이 코카서스 부족들을 굴복시키기 위해 공포 정치를 펼치면서 평화는 피비린내 나는 대가를 치르고 있다. 하지만 긴장의 원인은 이것뿐만이 아니다. 예르몰로프는 카판이 초록겨울 영토라고 주장하며 우리가 조약의 영토 조항을 이행하지 않았다고 비난한다. 당연히 사실이 아니지만, 그는 우리를 협상 테이블로 끌어내기 위해 에리반을 위협할 수 있는 위치인 곡차 호수 북안을 점령했다. 우리는 어떻게 대응해야 하는가?;;;;;;;;;;;;;x
EVTNAME301054; ;;;;;;;;;;;;;x
EVTDESC301054;굴리스탄 조약은 우리와 로도스 사이의 코카서스 분쟁을 해결하고 지역에 평화와 안정을 가져오기로 한 것이었다. 하지만 매일같이 봉기와 학살, 그리고 온갖 끔찍한 사건들에 대한 보고가 들어온다. 불행히도 우리는 로도스가 조약을 준수하지 않았다고 결론지을 수밖에 없으며, 그들이 반군을 적극적으로 지원하고 있다고 의심된다.\n예르몰로프 총독은 로도스를 압박하여 조약의 조항 중 적어도 하나는 관철시켰다. 로도스는 카판 주변 지역에서 철수하고 그 통제권을 우리에게 양도했다.;;;;;;;;;;;;;x
EVTNAME301055; ;;;;;;;;;;;;;x
EVTDESC301055;굴리스탄 조약은 우리와 로도스 사이의 코카서스 분쟁을 해결하고 지역에 평화와 안정을 가져오기로 한 것이었다. 하지만 매일같이 봉기와 학살, 그리고 온갖 끔찍한 사건들에 대한 보고가 들어온다. 불행히도 우리는 로도스가 조약을 준수하지 않았다고 결론지을 수밖에 없으며, 그들이 반군을 적극적으로 지원하고 있다고 의심된다.\n굴리스탄 조약에 따라 카판 주변 지역은 로도스가 우리에게 양도해야 했으나, 로도스는 해당 지역에서 철수할 기색이 전혀 없었다. 이에 티플리스의 예르몰로프 총독은 우리가 잃은 영토에 대한 정당한 보상으로 곡차 호수[귐리] 북안을 과감하게 점령했다.;;;;;;;;;;;;;x
EVTNAME301056;초록겨울-로도스 전쟁;;;;;;;;;;;;;x
EVTDESC301056;로도스가 굴리스탄 조약에 따른 의무 이행을 거부하고 있는 상황에서, 코카서스의 정세가 결국 전쟁으로 치닫게 된 것은 놀라운 일이 아니다. 그리고 마침내 그 시점이 도래한 것 같다!;;;;;;;;;;;;;x;
EVTNAME301057;술타니예 협의회;;;;;;;;;;;;;x
EVTDESC301057;샤의 여름 거처인 술타니에에서 열리는 정기 협의회가 올해는 역사적인 모임이 될 조짐을 보이고 있다. 예르몰로프는 우리가 카판 철수 의무를 저버렸다고 주장하며 북쪽 국경을 계속해서 압박하고 있다. 그는 이제 곡차 호수 주변의 더 많은 영토를 장악했으며, 에리반을 직접 위협할 수 있는 위치에 섰다. 하지만 이러한 공격적인 행동은 초록겨울의 실상을 가리고 있다. 초록겨울 제국학원은 내전 직전의 위기에 처해 있으며, 초록겨울의 제후들은 왕좌를 차지하기 위해 서로의 목을 겨누고 있다. 지금이 바로 초록겨울을 칠 때라고 말하는 이들이 있다. 초록겨울이 우리에게 가한 지속적인 굴욕을 되갚아 주고, 예르몰로프의 억압으로부터 무슬림 형제들을 해방시키자는 것이다! 반면, 초록겨울을 과소평가해서는 안 되며 그들과 타협점을 찾아야 한다고 신중론을 펼치는 이들도 있다.;;;;;;;;;;;;;x
EVTNAME301058;코카서스발 전갈;;;;;;;;;;;;;x
EVTDESC301058;샤의 여름 거처인 술타니에에서 열리는 정기 협의회가 빠르게 중대한 국면으로 접어들고 있다. 초록겨울은 자신들의 권리를 주장하며 카판 지역의 통제권을 장악했다. 하지만 이러한 공격적인 행동은 초록겨울의 실상을 가리고 있다. 초록겨울 제국학원은 내전 직전의 위기에 처해 있으며, 초록겨울의 제후들은 왕좌를 차지하기 위해 서로의 목을 겨누고 있다. 지금이 바로 초록겨울을 칠 때라고 말하는 이들이 있다. 초록겨울이 우리에게 가한 지속적인 굴욕을 되갚아 주고, 예르몰로프의 억압으로부터 무슬림 형제들을 해방시키자는 것이다! 반면, 초록겨울을 과소평가해서는 안 되며, 따라서 그들과 타협점을 찾아야 한다고 신중론을 펼치는 이들도 있다.;;;;;;;;;;;;;x
EVTNAME301059; ;;;;;;;;;;;;;x
EVTDESC301059;매년 군대를 검열하고 로도스 샤에게 경의를 표하는 자리인 술타니에 협의회는 올해 매우 파란만장했다. 일부에서는 코카서스에서 로도스 제국을 재건하자며 전쟁을 촉구하는 격렬한 목소리가 나왔으며, 특히 울라마라 불리는 급진적 광신도들은 코카서스 민족들에게 가해진 '만행'을 복수해야 한다고 주장했다. 하지만 조정 내에는 자제해야 하며 우리에게 전쟁은 무의미하다고 주장하는 동맹 세력도 있었다. 결국 결정적인 역할을 한 것은 우리의 특사였으며, 그는 우리에게 악의가 없음을 샤에게 설득하는 데 성공했다. 샤와의 알현은 매우 성공적이었으며, 샤는 $PROVINCENAME$ 주변의 사소한 국경 분쟁을 해결하기로 했다.;;;;;;;;;;;;;x
EVTNAME301060;평화도 전쟁도 없는 상태;;;;;;;;;;;;;x
EVTDESC301060;예르몰로프가 우리를 향해 터무니없는 비난을 쏟아내고 있다. 그는 초록겨울의 억압에 맞서 싸우는 코카서스인들에게 전달될 은과 무기를 실은 에리반발 캐러밴을 나포했다고 주장했다. 그는 이러한 행동이 '불전불화(不戰不和)' 정책 하에 압바스 미르자의 지시로 이루어졌으며, 코카서스에서 초록겨울 주민들을 괴롭혀 왕세자로서 미르자의 입지를 강화하려는 목적이라고 주장한다. 예르몰로프는 반군에게 향하는 무기 운송을 차단하기 위해 타브리즈에서 에리반으로 이어지는 도로에 군사 초소를 건설할 권리를 요구하고 있다.;;;;;;;;;;;;;x
EVTNAME301061; ;;;;;;;;;;;;;x
EVTDESC301061;우리는 오랫동안 타브리즈 조정이 압바스 미르자의 로도스 왕위 계승권을 강화하기 위해 '불전불화' 정책 하에 코카서스에서 분란을 조장하고 있다고 의심해 왔다. 그리고 최근 마침내 필요한 증거를 찾아냈다. 에리반에서 출발해 코카서스 반군에게 전달될 로도스의 은과 무기를 실은 캐러밴이 발견된 것이다. 예르몰로프 총독은 향후 무기 운송을 막기 위해 즉시 타브리즈로 향하는 길을 차단했다!\n[나히체반을 획득했습니다];;;;;;;;;;;;;x
EVTNAME301062;에리반 칸국;;;;;;;;;;;;;x
EVTDESC301062;예르몰로프는 나히체반의 지위를 이용해 타브리즈와 에리반 사이의 모든 통신선을 차단했다. 이제 그곳은 우리 제국으로부터 사실상 단절되었다! 예르몰로프가 왜 이런 행동을 했는지에 대해서는 추측할 수밖에 없다...;;;;;;;;;;;;;x
EVTDESC301063;코카서스에서 우호적인 해결책을 찾으려는 우리의 최선 노력에도 불구하고, 로도스 주민들은 그곳에서 우리의 입지를 약화시키려는 시도를 멈추지 않고 있다. 타브리즈와 에리반이 전쟁에 개입했다는 더 구체적인 증거들이 드러났다. 그 결과, 예르몰로프 총독은 그들을 굴복시키고 반군에 대한 지원을 중단시키기 위해 에리반을 봉쇄했다. 샤는 에리반이 이 사건에 연루된 사실을 전혀 몰랐다고 전하며, 에리반 조정과 이 문제를 어떻게 해결할지는 우리에게 맡기겠다고 밝혔다.;;;;;;;;;;;;;x
EVTNAME301070;투르크멘차이 조약;;;;;;;;;;;;;x
EVTDESC301070;코카서스에서 로도스 군대가 패배하자, 초록겨울은 샤에게 굴욕적인 평화 조약을 강요했다. 로도스는 코카서스의 모든 영토에 대한 통제권을 초록겨울에 양도했으며, 아르메니아와 아제르바이잔에 대한 권리를 공식적으로 포기했다.;;;;;;;;;;;;;x
EVTNAME301071;에리반 조약;;;;;;;;;;;;;x
EVTDESC301071;우리는 초록겨울의 통제하에 있던 아제르바이잔 칸국들을 탈환하여 남부 코카서스에 로도스의 지배를 재확립할 수 있게 되었다. 로도스에 있어 자랑스러운 날이다!;;;;;;;;;;;;;x
EVTNAME301072;기회;;;;;;;;;;;;;x
EVTDESC301072;당시 로도스는 지방 영주들이 자신의 영지를 통제하고 세금을 징수하며 독자적인 군대를 유지하는, 유럽의 봉건 국가와 유사한 극도로 분권화된 국가였다. 샤는 명목상의 인정만 받을 뿐이었으며, 중앙 정부가 약해질 때면 곳곳에서 반란이 일어났다.\n\n최근 코카서스에서 보여준 샤의 한심한 모습은 그의 무능함을 방증한다. 어쩌면 지금이 우리의 독립을 선언할 때가 아닐까?;;;;;;;;;;;;;x
EVTNAME301073;$YEAR$의 $FROMCOUNTRY$ 반란;;;;;;;;;;;;;x
EVTDESC301073;변방 지역에 대한 통제는 실질적이기보다 명목상에 불과했으며, 현지 세력들은 사실상의 독립 상태를 유지하며 우리의 지배를 마지못해 받아들였을 뿐이다. 약점의 징후가 보이기만 하면 귀족들이 등을 돌려 자신들만의 국가를 세우려 할 수 있다.\n\n최근 코카서스에서의 부진한 모습으로 인해 $FROMCOUNTRY$의 통치자들이 우리로부터 독립을 선언했다!;;;;;;;;;;;;;x
EVTNAME301074;땅을 되찾자!;;;;;;;;;;;;;x
EVTDESC301074;AI 전용 이벤트입니다. 이 문구가 보이면 안 됩니다.;;;;;;;;;;;;;x
EVTDESC301110;$PROVINCENAME$이 현지 행정관의 실수로 인해 화약고가 되었다. 어린 소년을 성폭행한 혐의로 기소된 한 아르메니아인이 초록겨울 공사관과의 연관성 때문에 석방되었고, 뜻밖에도 그를 체포했던 이들이 영사의 개를 죽였다는 혐의로 체포되었다...\n\n기회주의적인 울라마들이 이를 이용해 반기독교 폭동을 선동했으며, 현재 군중들이 성채에 모여 이러한 '무슬림에 대한 부당한 처우'에 대한 시정을 요구하고 있다.;;;;;;;;;;;;x
EVTNAME301110;$PROVINCENAME$ 폭동;;;;;;;;;;;;x
EVTOPTA301110;기병대가 저 오합지졸들을 처리하게 하라.;;;;;;;;;;;;x
EVTOPTB301110;초록겨울 주민들에게 이 아르메니아인을 인도하라고 요구하라.;;;;;;;;;;;;x
EVTOPTC301110;울라마 선동가들을 제거하라.;;;;;;;;;;;;x
EVTDESC301111;$FROMPROVINCE$ 공사관이 꽤 곤란한 상황에 처했다. 우리 고용인인 현지 아르메니아인이 석방되고, 그를 체포했던 이들이 영사의 개를 죽였다는 혐의로 체포되자 $FROMPROVINCE$에서 대규모 폭동이 발생하여 도시 내 모든 기독교인과 서양인의 재산과 생명이 위협받고 있다. $FROMPROVINCE$ 주지사는 폭동 진압에 전혀 관심이 없는 듯하며, 대신 공사관에 다음과 같은 매우 무뚝뚝한 서한을 보냈다.\n '소년을 범한 하인을 내놓아라. 그러면 소란을 멈추겠다.';;;;;;;;;;;;x
EVTNAME301111;$FROMPROVINCE$ 공사관 사건;;;;;;;;;;;;x
EVTOPTA301111;제길!;;;;;;;;;;;;x
EVTOPTB301111;이 정도 희생쯤이야...;;;;;;;;;;;;x
EVTDESC301112;$FROMCOUNTRY_ADJ$ 사절로부터 정의를 위해 해당 아르메니아인을 공사관 급여 명단에서 제외했으며, 가급적 빠른 시일 내에 재판을 받도록 $PROVINCENAME$ 행정관에게 인도하겠다는 소식을 받았다.;;;;;;;;;;;;x
EVTNAME301112;정의를!;;;;;;;;;;;;x
EVTOPTA301112;정의를 위해서라면 당연한 일이겠지...;;;;;;;;;;;;x
EVTDESC301113;'웃기는군!' 어린 $PROVINCENAME$ 소년을 범한 아르메니아인을 재판해 달라는 우리의 정당한 요청에 대한 초록겨울 영사의 답변이다. 이러한 반응은 대중의 분노를 잠재우는 데 전혀 도움이 되지 않았으며, 호전적인 울라마들의 부추김을 받은 $PROVINCENAME$은 이제 총궐기 직전의 상황이다...;;;;;;;;;;;;x
EVTNAME301113;제2차 공사관 위기;;;;;;;;;;;;x
EVTOPTA301113;기병대를 투입해 폭도들을 진압하라!;;;;;;;;;;;;x
EVTOPTB301113;아르메니아인을 강제로 압송하라...;;;;;;;;;;;;x
EVTOPTC301113;울라마 선동가들을 제거하라.;;;;;;;;;;;;x
EVTDESC301114;'소요 사태를 진압하고, 특히 폭도들이 본 영사관과 트리니티 신민들의 가옥에 접근하는 것을 막기 위해 보여준 그의 용감한 행동과 헌신, 노력은 그 무엇보다 뛰어났다. 그는 낮 동안 여러 차례 현장을 방문했으며, 밤에는 근위대가 경계를 늦추지 않고 있는지 확인했다.' - $FROMPROVINCE$의 트리니티 영사가 현지 주둔군 사령관의 성과에 대해 내린 평가다.\n\n $FROMCOUNTRY_ADJ$은 우리와 대립하기보다 주둔군을 투입해 $FROMPROVINCE$의 불안을 잠재우기로 신중하게 결정했다. 도시의 외국인과 기독교 주민들을 보호하는 데 지극히 정성을 다한 $PROVINCENAME$ 주둔군 사령관에게 표창을 수여해야 한다.;;;;;;;;;;;;x
EVTNAME301114;$FROMPROVINCE$ 폭동 진압!;;;;;;;;;;;;x
EVTOPTA301114;저 자에게 훈장을 수여하라!;;;;;;;;;;;;x
EVTDESC301115;이번 세기 초, 테헤란에 있던 우리 영사는 우리 제국으로 이주하려는 아르메니아인과 그 가족을 보호했다는 이유로 조작된 강간 혐의가 씌워져 잔인하게 살해되었다. 오늘 우리는 $FROMPROVINCE$ 공사관이 다시 한번 침범당했다는 소식을 접했다. $FROMCOUNTRY_ADJ$들이 아르메니아인을 자신들의 '정의'로 심판하려 했기 때문이다. 코사크 근위대는 다시 한번 용감하게 싸웠으나, 다시 한번 그들을 덮친 비열한 폭도 무리에게 굴복하고 말았다!;;;;;;;;;;;;x
EVTNAME301115;$FROMPROVINCE$ 공사관 습격;;;;;;;;;;;;x
EVTOPTA301115;이런 모욕을 그대로 둘 순 없다!;;;;;;;;;;;;x
EVTOPTB301115;또 전쟁이라고? 그럴 수는 없지...;;;;;;;;;;;;x
EVTDESC301116;$FROMCOUNTRY_ADJ$ 정부는 우리가 $PROVINCENAME$ 공사관에 강제로 진입한 것에 대해 매우 불쾌해하고 있다. 그들은 전쟁을 선포했으며, 동시에 서방 국가들도 우리의 행동에 대해 불만을 표명했다...;;;;;;;;;;;;x
EVTNAME301116;또 다른 $FROMCOUNTRY_ADJ$ 전쟁...;;;;;;;;;;;;x
EVTOPTA301116;우리가 대체 어떻게 했어야 했단 말인가?;;;;;;;;;;;;x
EVTDESC301117;$PROVINCENAME$ 공사관 사건과 우리가 해당 아르메니아인을 강제로 확보한 일은 $FROMCOUNTRY_ADJ$ 입장에서 충분히 전쟁 명분으로 간주될 수 있었다. 하지만 우리는 몇 주 동안 $FROMCOUNTRY_ADJ$의 응답을 기다렸으나 아무런 소식도 없었다. 공식 서한을 든 전령조차 오지 않았다.;;;;;;;;;;;;x
EVTNAME301117;북부 전선의 정적;;;;;;;;;;;;x
EVTOPTA301117;어쩌면 $FROMCOUNTRY_ADJ$ 군대가 생각만큼 무섭지 않은 것 아닐까?;;;;;;;;;;;;x
EVTDESC325104;1763년부터 $YEAR$년까지 체르케스인들은 초록겨울-체르케스 전쟁을 통해 초록겨울 제국학원에 맞서 싸웠으나, 결국 니콜라이 예브도키모프 장군이 마지막 2년간 전개한 초토화 작전에 굴복했다. 이후 수많은 체르케스인이 아이셰와 인근 지역으로 유배 및 추방되었다. 총인구 추정치는 자료마다 다르나, 일부 소식통에 따르면 약 200만 명이 아나톨리아, 트랜스요르단, 시리아, 이라크에 거주하고 있다. 전쟁과 엑소더스 전후로 남겨진 체르케스인들은 초록겨울 제국학원이 계획한 집단 학살과 의도적인 기근, 전염병의 희생양이 되어 인구가 급감했다.;;;;;;;;;;;;;x
EVTNAME325104;체르케스 디아스포라;;;;;;;;;;;;;x
EVTOPTA325104;마침내 초록겨울에 평화가 찾아왔다.;;;;;;;;;;;;;x
EVTOPTB325104;부수적 피해를 막도록 하라. 그들의 투쟁은 인정한다.;;;;;;;;;;;;;x
EVTDESC325105;체르케스인들이 다시 봉기하여 여러 도시를 점령하고, 초록겨울의 지배에서 벗어나기 위해 공개적으로 반란을 선포했다.;;;;;;;;;;;;;x
EVTNAME325105;체르케스 반란;;;;;;;;;;;;;x
EVTOPTA325105;이 반란을 진압하라.;;;;;;;;;;;;;x
EVTOPTB325105;체르케스의 독립을 인정한다.;;;;;;;;;;;;;x
EVTDESC325106;이맘 샤밀은 우리 군을 따돌리고 산악 지대로 후퇴하여, 우리 통제하의 마을과 요새들을 습격했다. 그러나 지난 한 달 동안 그는 대규모 병력을 집결시켜 산에서 내려와 여러 요새를 기습 점령했으며, 이로 인해 해당 지역에 대한 우리의 통제권이 무너졌다.;;;;;;;;;;;;;x
EVTNAME325106;코카서스 반란;;;;;;;;;;;;;x
EVTOPTA325106;가증스러운 반란군 놈들.;;;;;;;;;;;;;x
EVTOPTB325106;계속 싸우기엔 너무 성가시다. 그냥 자유롭게 풀어줘라.;;;;;;;;;;;;;x
EVTDESC325107;코카서스의 전쟁은 $YEAR$ 바르야틴스키 장군이 이끄는 25만 명의 대군이 산악 민족의 저항을 꺾으며 마침내 끝났다. 포로가 된 샤밀은 상트페테르부르크로 압송되어 알렉산더 2세 황제를 알현하고 차르에게 충성을 맹세했다. 이후 그는 모스크바 근처의 작은 마을인 칼루가로 유배되었다. 칼루가에서 얼마 지나지 않아 그는 당국에 기후가 맞지 않는다고 불평했고, 이에 샤밀은 제국 남서부의 상업 중심지인 키예프로 이주하는 허가를 받았다. 키예프에서 그는 알렉산드로브스카야 거리의 저택을 제공받았다. 제국 당국은 키예프 감독관에게 샤밀을 '엄격하되 지나치게 부담스럽지 않은 감시' 하에 두라고 명령했으며, 유배자의 필요를 위해 도시에 상당한 금액을 할당했다. 샤밀이 보낸 편지들을 보면 그는 호화로운 구금 생활과 키예프라는 도시 자체를 마음에 들어 했던 것으로 보인다. 알렉산더 2세 차르의 선언문은 $YEAR$에 적대 행위가 종료되었음을 선포했다.;;;;;;;;;;;;;x
EVTNAME325107;이맘 샤밀 생포;;;;;;;;;;;;;x
EVTOPTA325107;평화가 회복되었다.;;;;;;;;;;;;;x
EVTDESC325108;$YEAR$, 약 4,000명의 남녀노소를 포함한 샤밀과 그의 추종자들은 김리에서 동쪽으로 약 10마일 떨어진 안디 코이수 강 굽이에 자리 잡은 산악 요새 아쿨고에서 포위되었다. 이 공성전은 80일 동안 지속되었으며 결국 초록겨울의 승리로 끝났다. 초록겨울군은 요새를 점령하는 과정에서 약 3,000명의 사상자를 냈으며, 반군은 매우 처절한 전투 끝에 학살되었다(이는 항복을 요구하지도 허용하지도 않았던 이 전쟁의 전형적인 모습이었다). 샤밀과 일부 가족을 포함한 최측근들은 아쿨고에서의 마지막 며칠 동안 절벽을 타고 내려가 초록겨울 포위망을 뚫고 탈출하는 데 성공했다. 탈출 후 그는 다시 세력을 모아 초록겨울의 점령에 저항하기 시작했다.;;;;;;;;;;;;;x
EVTNAME325108;이맘 샤밀 탈출;;;;;;;;;;;;;x
EVTOPTA325108;결국에는 그를 뿌리 뽑을 것이다.;;;;;;;;;;;;;x
EVTDESC325110;\n\n핀스크 습지는 우리 기반 시설 확충에 큰 걸림돌이 되고 있다. 습지 특유의 침수된 불안정한 지반으로 인해 건설 및 인프라 프로젝트 수행이 매우 어렵다. 스펀지처럼 물을 머금은 늪지 지형은 항상 함몰 위험이 있어 이동하기가 매우 위험하다. 또한, 울창한 식생과 복잡하게 얽힌 습지와 수로망이 개발 노력을 더욱 어렵게 만든다. 습지를 배수하여 다른 용도로 토지를 매립하자는 논의가 있었으나, 취약한 생태계에 미칠 잠재적 영향 때문에 광범위한 공학적 검토와 환경적 고려가 필요할 것이다.;;;;;;;;;;;;;x
EVTNAME325110;황량한 핀스크 늪지대;;;;;;;;;;;;;x
EVTOPTA325110;언젠가는 우리 힘으로 배수 작업을 완수할 수 있겠지.;;;;;;;;;;;;;x
EVTDESC325111;\n\n핀스크 습지는 우리 기반 시설 확충에 큰 걸림돌이 되고 있다. 습지 특유의 침수된 불안정한 지반으로 인해 건설 및 인프라 프로젝트 수행이 매우 어렵다. 스펀지처럼 물을 머금은 늪지 지형은 항상 함몰 위험이 있어 이동하기가 매우 위험하다. 또한, 울창한 식생과 복잡하게 얽힌 습지와 수로망이 개발 노력을 더욱 어렵게 만든다. 습지를 배수하여 다른 용도로 토지를 매립하자는 논의가 있었으나, 취약한 생태계에 미칠 잠재적 영향 때문에 광범위한 공학적 검토와 환경적 고려가 필요할 것이다.;;;;;;;;;;;;;x
EVTNAME325111;황량한 핀스크 늪지대;;;;;;;;;;;;;x
EVTOPTA325111;다행히 습지 일부의 배수가 완료되었다.;;;;;;;;;;;;;x
EVTDESC325460;거의 한 세기 동안 자치권을 누리며 번영했고 충성스러운 신민으로 남아 있었기에, $YEAR$에 초록겨울 정부가 발표한 선언문은 발키리 주민들에게 절망을 안겨주었다. 이 선언문은 초록겨울 통치자가 임명한 상원 의장의 결정표에 의해 발키리 상원을 통해 강제로 통과되었으며, 그 과정에서 발키리 총독 니콜라이 보브리코프가 군사 침공과 공성을 위협하기도 했다. 선언문은 표면적으로는 순수 지방 사안에 대한 발키리 주민의 권리를 인정하는 듯했으나, 실질적으로는 '제국의 일반 입법 범위 내'에 있다고 간주되는 모든 사안에 대해 국가의 권한을 주장했다.;;;;;;;;;;;;;x
EVTNAME325460;$YEAR$ 초록겨울 선언문;;;;;;;;;;;;;x
EVTOPTA325460;살아남으려면 초록겨울 주민이 되어야만 한다.;;;;;;;;;;;;;x
EVTOPTB325460;순응하는 것 외에는 선택지가 없다.;;;;;;;;;;;;;x
EVTOPTC325460;마지막 한 사람까지 우리의 자유를 위해 싸울 것이다.;;;;;;;;;;;;;x
EVTDESC325461;1584년 우즈베크인들이 바다크샨으로 알려진 지역을 정복했으며, 1822년 쿤두즈의 모라드 베그가 점령할 때까지 현지 우즈베크 미르('지도자')들의 지배를 받았습니다. 아프간인, 우즈베크인, 타지크인이 이 지역의 영유권을 주장합니다. 양국 사이의 명확한 국경선을 획정하고 지역을 안정시키고자 국경 조약을 체결하려는 $FROMCOUNTRY_ADJ$ 관리들과 외교 회담을 진행했습니다. 이 협정은 판지강을 $FROMCOUNTRY_ADJ$-$COUNTRY_ADJ$ 국경의 일부로 정해, 파미르고원의 $COUNTRY_ADJ$ 바다크샨과 $FROMCOUNTRY_ADJ$ 바다크샨을 가르게 됩니다.;;;;;;;;;;;;;x
EVTNAME325461;$FROMCOUNTRY_ADJ$-$COUNTRY_ADJ$ 협정;;;;;;;;;;;;;x
EVTOPTA325461;협정에 서명하라.;;;;;;;;;;;;;x
EVTOPTB325461;관심 없다.;;;;;;;;;;;;;x
EVTNAME325500;카자흐스탄 조직화;;;;;;;;;;;;;x
EVTDESC330403;산마리노 공화국이 $COUNTRY$에 합류하는 것을 거절했다. 하지만 산마리노는 통일 운동을 지지하다 박해받은 많은 이들의 피난처가 되어 주었다. 그들이 우리 국가에 합류하지 않겠다는 결정을 받아들여야 하는가?;;;;;;;;;;;;;x
EVTNAME330403;산마리노 문제;;;;;;;;;;;;;x
EVTOPTA330403;그들의 결정을 받아들이겠다.;;;;;;;;;;;;;x
EVTOPTB330403;원하든 원치 않든, 모든 시라쿠사 주민은 하나로 통합될 것이다.;;;;;;;;;;;;;x
EVTDESC330404;게헨나 만마전이 시라쿠사를 입맛대로 재편한 이후, 우리는 그들의 동맹국과 위성국들에 둘러싸이게 되었다. 당시에는 독립을 유지할 수 있었으나, 이제 그들은 우리에게 자신들의 체제에 가입할 것을 요청해 왔다. 전쟁을 위협하지는 않겠지만, 분명히 강요할 것이다.;;;;;;;;;;;;;x
EVTNAME330404;게헨나 만마전이 자신들의 시라쿠사에 합류할 것을 요청합니다;;;;;;;;;;;;;x
EVTOPTA330404;독립은 언제나 우리의 자랑이었다!;;;;;;;;;;;;;x
EVTOPTB330404;이미 정해진 운명이다. 평화를 유지하겠다.;;;;;;;;;;;;;x
EVTDESC330405;플롬비에르 협약으로 설계된 시라쿠사가 이제 현실이 되었으며, 키보토스는 앞으로 이 지역을 확실히 지배하게 될 것이다. 당시에는 독립을 유지할 수 있었으나, 이제 그들은 우리에게 자신들의 체제에 가입할 것을 요청해 왔다. 전쟁을 위협하지는 않겠지만, 분명히 강요할 것이다.;;;;;;;;;;;;;x
EVTNAME330405;키보토스가 자신들의 시라쿠사에 합류할 것을 요청합니다;;;;;;;;;;;;;x
EVTOPTA330405;독립은 언제나 우리의 자랑이었다!;;;;;;;;;;;;;x
EVTOPTB330405;이미 정해진 운명이다. 평화를 유지하겠다.;;;;;;;;;;;;;x
EVTDESC332550;타라스 셰브첸코가 초록겨울에서 수년간의 고된 생활 끝에 마침내 고국으로 돌아왔다. 그러나 그는 곧 신성모독죄로 기소되어 상트페테르부르크로 돌아가라는 명령을 받았다. 그의 짧은 마야 방문은 마야 민족에 대한 의식을 고취시켰으며, 이후 그의 작품 세계에도 영향을 미쳤다.;;;;;;;;;;;;;x
EVTNAME332550;타라스 셰브첸코의 마야 사업;;;;;;;;;;;;;x
EVTOPTA332550;안타깝군.;;;;;;;;;;;;;x
EVTDESC332551;타라스 셰브첸코가 지병으로 사망했다. 고향 마야에서 보낸 시간은 매우 짧았으나, 그는 현대 마야 국가와 언어, 문화의 아버지로 영원히 기억될 것이다. 그는 유언으로 고향 마야에 묻히기를 원했으며, 현재 그를 적절히 매장하고 추모하기 위한 노력이 진행 중이다.;;;;;;;;;;;;;x
EVTNAME332551;타라스 셰브첸코 사망;;;;;;;;;;;;;x
EVTOPTA332551;정말 큰 손실이다.;;;;;;;;;;;;;x
EVTDESC332552;타라스 셰브첸코가 지병으로 사망했다. 고향 마야에서 보낸 시간은 매우 짧았으나, 그는 현대 마야 국가와 언어, 문화의 아버지로 영원히 기억될 것이다. 그는 유언으로 고향 마야에 묻히기를 원했으며, 현재 그를 적절히 매장하고 추모하기 위한 노력이 진행 중이다.;;;;;;;;;;;;;x
EVTNAME332552;타라스 셰브첸코 사망;;;;;;;;;;;;;x
EVTOPTA332552;정말 큰 손실이다.;;;;;;;;;;;;;x
EVTOPTA369706;그들이 예상한 것보다 더 많이 지급하라.;;;;;;;;;;;;;x
EVTOPTB369706;그들이 예상한 금액만큼 지급하라.;;;;;;;;;;;;;x
EVTOPTC369706;예상보다 적게 지급하라.;;;;;;;;;;;;;x
EVTDESC375000;씨족은 카자흐인들에게 모든 문제와 고충에 대한 해결책을 제공한다. 씨족은 구성원을 적들로부터 보호한다. 씨족 외부의 누군가가 씨족원을 모욕하면, 씨족 전체가 그를 보호하기 위해 일어선다. 기근, 대규모 가축 전염병, 흉작 등이 닥치면 형편이 나은 카자흐인이 불운한 씨족원을 돕는다. 만약 씨족원이 외부인을 죽이면, 씨족 전체가 피해자의 가족에게 배상금을 지불한다. 이 모든 것이 씨족 유대를 극도로 강하게 만든다... 씨족 밖으로 쫓겨난 카자흐인은 방향을 잃고 무력해진다. 그는 매우 빠르게 모든 재산을 잃게 된다. 씨족의 단결도는 유목 생활의 기초이다.-초록겨울 관찰자\n \n 씨족은 우리 민족의 삶의 방식이지만, 동시에 갈등의 근원이기도 하며, 때로는 외부의 도움 없이는 갈등을 해결할 수 없다.;;;;;;;;;;;;;x
EVTNAME375000;스텝 지대의 삶;;;;;;;;;;;;;x
EVTDESC375001;케네사리 카시모프의 부상은 스텝 지역을 혼란에 빠뜨렸다. 많은 씨족이 초록겨울 주민에 맞선 그의 투쟁을 지지하지만, 그만큼 많은 이들이 초록겨울 주민과 싸우거나 그를 돕는 데 관심이 없다. 그러나 케네사리는 어떤 반대도 용납하지 않으며, 그를 인정하지 않는 이들에 대한 잔혹한 처사는 남은 씨족들을 초록겨울 주민의 품으로 밀어 넣고 있다.;;;;;;;;;;;;;x
EVTNAME375001;;;;;;;;;;;;;;x
EVTDESC375002;신부 납치였을까, 아니면 도주였을까? 토지 강탈이었을까, 아니면 그저 새로운 초지를 찾는 목동이었을까? 가축 약탈이었을까, 아니면 정당한 대가를 받은 것이었을까? 새로운 범죄였을까, 아니면 과거의 원한에 대한 보복이었을까? 누가 정말로 단언할 수 있겠는가? 하지만 이러한 분쟁은 스텝의 씨족들 사이에서 빈번하며, 씨족에 대한 충성과 명예가 무엇보다 우선시되는 사회에서 이는 잔혹하고 지속적인 형태로 발전할 수 있다.\n \n $PROVINCENAME$의 씨족 분쟁이 매우 험악한 양상을 띠자, 일부 씨족 장로들은 질서를 회복하고 자신들의 아울을 보호하기 위해 코사크 기병대의 진입을 요청하는 것 외에는 다른 방도가 없다고 판단했다.\n \n [참고: $PROVINCENAME$을(를) 획득했습니다];;;;;;;;;;;;;x
EVTNAME375002;카자흐족의 내분;;;;;;;;;;;;;x
EVTDESC375003;'나를 칸으로 인정하고 내 백성이 되어라... 내게 오면 자비를 베풀겠다. 나와 함께하지 않는다면, 너희를 기다린 30년은 너희를 벌하는 30년으로 바뀔 것이다.' - 케네사리 카시모프\n \n 케네사리가 자신의 작은 반란에 대한 지지를 얻는 데 선호한 수단은 채찍이었던 듯합니다. 한 보고에 따르면 말을 내놓기를 거부한 씨족의 딸들을 강간했고, 다른 보고에 따르면 그의 '세금' 납부를 거부한 아울 전체를 학살했습니다. 심지어 자기 삼촌의 가축을 약탈했다는 보고도 있습니다.\n 이러한 설득 방식은 일부에게 원하는 효과를 냈지만, 이전에는 우리 통치에 호의적이지 않았던 $PROVINCENAME$의 씨족 원로들은 이런 자를 마주하자 자기들의 아울을 지킬 코사크를 $PROVINCENAME$에 보내 달라고 요청했습니다.\n \n [참고: $PROVINCENAME$을 획득했습니다];;;;;;;;;;;;;x
EVTNAME375003;카자흐 외교;;;;;;;;;;;;;x
EVTDESC375004;이번 세기 초, 이웃 부족들에게 밀려나 우리에게 온 부케 호드의 카자흐인들은 빈털터리에 집조차 없었으며 그 수도 수천 명에 불과했다. 하지만 우리의 보호 아래 그들은 번영했다. 인구는 수만 명으로 늘어났고, 초록겨울 방식이 제공하는 혜택을 받아들이기 시작했다. 그러나 일부는 불만을 품고 있다. 그들은 방목지에 대한 공정한 접근권을 보장받지 못하고 있으며 칸이 폭정을 휘두르고 있다고 주장한다. 이들 중 일부가 반란을 일으켜 단결했고, 현재 칸의 거처를 공성 중이다. 우리가 개입하지 않으면 칸은 폐위될 것이며, 그들이 방목할 새로운 땅을 찾아 우리에게 오는 것은 시간문제일 뿐이다.;;;;;;;;;;;;;x
EVTNAME375004;이사타이 타이마눌리 반란;;;;;;;;;;;;;x
EVTDESC375005;수세기 동안 흑해 주변 스텝 지역에서 유목 집단의 이주는 흔한 광경이었다. 하지만 지난 세기, 이러한 이주가 우리 바시키르 신민들에게 과도한 압박을 가하면서 강제로 중단되었다. 그러나 이주를 완전히 금지하는 것은 어려웠고, '불법' 횡단은 여전히 빈번했다. 시간이 흐르며 볼가강과 우랄강 사이의 지역은 인구가 급감했다. 이 지역은 1801년 술탄 부케가 이끄는 집단이 7,500가구와 함께 정착하도록 허가받으면서 비로소 다시 사람이 살게 되었다. 오늘 부케 술탄 가문의 마지막 후계자가 사망함에 따라, 정착 허가 당시 맺은 충성 맹세에 의거하여 이 지역은 자연스럽게 우리의 직접 통치하로 귀속되었다.;;;;;;;;;;;;;x
EVTNAME375005;마지막 부케이 술탄;;;;;;;;;;;;;x
EVTDESC375006;우리 남쪽 국경을 따른 카자흐인들의 이주는 흔하고 자연스러운 현상이지만, 모든 이주가 그렇듯 필연적인 긴장을 동반한다. 얼마 전 케네사리 카시모프라는 하급 칸이 우리에게 충성하는 씨족에 의해 겨울 목초지가 봉쇄된 것을 알게 되었다. 분노한 그는 추종자들을 이끌고 스텝 전역에서 격렬한 난동을 부리며 이웃 씨족들을 습격하고, 강간하고, 살해했다. 이러한 폭거에 다른 씨족들은 케네사리에게 조용히 굴복할 수밖에 없었다. 기세를 잡은 그는 스스로를 카자흐 민족의 대칸이라 선포하고 모든 카자흐인에게 합류를 촉구했다. 이제 그는 우리 제국으로 눈을 돌리고 있으며, 복종하지 않는 모든 이들에게 잔혹한 보복을 예고하고 있다.;;;;;;;;;;;;;x
EVTNAME375006;카자흐의 대칸;;;;;;;;;;;;;x
EVTDESC375007;카자흐의 '대'칸은 이제 키르기스 산맥 깊은 곳의 이름 없는 협곡에서 시신으로 발견되었으며, 오르몬이라는 지역 칸이 그의 머리를 우리에게 가져왔다. 카자흐인들이 그의 지속적인 괴롭힘과 테러에 진저리를 치고 그를 배신하기로 결정한 모양이다.\n \n 그들은 '자유'라고 불리는 무정부 상태에 싫증이 났으며, 우리 통치가 가져다주는 안정과 번영을 더 선호하는 것으로 보인다.;;;;;;;;;;;;;x
EVTNAME375007;아주 먼 협곡에서...;;;;;;;;;;;;;x
EVTDESC375008;카자흐 스텝 지역이 반란에 휩싸였으며, 점점 더 많은 씨족이 초록겨울 주민들에 맞서기 위해 결집하고 있습니다!;;;;;;;;;;;;;x
EVTNAME375008;케네사리 카시모프의 반란;;;;;;;;;;;;;x
EVTDESC375009;신흥 세력 케네사리 카시모프가 카자흐 부족들을 통합하는 데 성공하여, 우리로부터 스텝 지역의 통제권을 빼앗아 갔습니다!;;;;;;;;;;;;;x
EVTNAME375009;케네사리 카시모프의 반란;;;;;;;;;;;;;x
EVTDESC441255;워싱턴을 인수한 이후 포트 밴쿠버는 중요성이 떨어졌으며, 이 지역의 다른 정착지들에 밀려났다. 그중 시애틀이라는 곳이 더 빠르게 성장하는 것으로 보이며, 여러 정치인이 이 정착지를 지역의 새로운 수도로 삼을 것을 제안했습니다.;;;;;;;;;;;;;x
EVTNAME441255;포트 밴쿠버;;;;;;;;;;;;;x
EVTOPTA441255;동의안이 가결되었습니다.;;;;;;;;;;;;;x
EVTOPTB441255;동의안이 부결되었습니다.;;;;;;;;;;;;;x
EVTDESC441266;1820년, 밀레니엄 식민지화 학회(ACS)는 해방된 아프리카계 밀레니엄 주민들을 위한 식민지를 건설하기 위해 페퍼 해안으로 자원봉사자들을 보내기 시작했다. 아브라함 링컨, 헨리 클레이, 제임스 먼로와 같은 저명한 정치인들이 지지한 민간 단체인 ACS는 노예 해방보다 송환이 더 바람직하다고 믿었으며, 현재의 라이베리아 지역에 식민지를 세웠다. 라이베리아 식민지는 빈곤했으며 경제적으로 ACS에 의존했기에, 1840년대에 이르러 ACS는 사실상 파산 상태에 이르렀고 라이베리아는 재정적 부담이 되었다. ACS가 라이베리아에 더 이상 의존하지 말 것을 암시하자, 식민지 최초의 흑인 주지사였던 조지프 로버츠는 $YEAR$에 라이베리아의 독립 공화국 선포를 공표했다.;;;;;;;;;;;;;x
EVTNAME441266;라이베리아 식민지;;;;;;;;;;;;;x
EVTOPTA441266;라이베리아의 독립을 인정합니다.;;;;;;;;;;;;;x
EVTOPTB441266;채무는 변제하되 자치 정부로 이행합니다.;;;;;;;;;;;;;x
EVTOPTC441266;채무를 변제하고 식민지를 유지합니다.;;;;;;;;;;;;;x
EVTOPTD441266;라이베리아 만세!;;;;;;;;;;;;;x
EVTDESC441267;$YEAR$의 토지 정책 및 관리법으로 인해 정부 정책이 공유지 통제 유지로 전환되면서 홈스테딩(homesteading) 제도가 종료되었다. 이러한 정책 변화는 정부의 우선순위가 바뀌고 기존의 정부 정책들이 수정됨에 따라 이루어졌다.;;;;;;;;;;;;;x
EVTNAME441267;홈스테딩의 종료;;;;;;;;;;;;;x
EVTOPTA441267;더 이상 누구에게도 땅을 공짜로 줄 수 없다.;;;;;;;;;;;;;x
EVTDESC441268;딕시(Dixies)들이 미주리 협정에 따라 해당 지역을 통치할 권리가 있다며, 북위 36도 30분선 이남의 우리 영토를 요구하고 있다.;;;;;;;;;;;;;x
EVTNAME441268;북위 36도 30분, 아니면 전쟁이다!;;;;;;;;;;;;;x
EVTOPTA441268;그들의 요구를 수용하라.;;;;;;;;;;;;;x
EVTOPTB441268;무력으로 뺏어가게 하라.;;;;;;;;;;;;;x
EVTDESC441277;라이베리아의 초기 시절은 코트디부아르의 키보토스 주민 및 시에라리온의 트리니티 주민들과의 끊임없는 국경 분쟁으로 점철되었다. 라이베리아인들은 내륙으로 권한을 확장하려 노력했으나, 자신들이 주장하는 해안 지역 전체조차 여전히 완전히 통제하지 못하는 상태였다. 이후 아프리카 분할의 흐름 속에서 라이베리아 내륙의 원주민들과 여러 협약을 맺었으며, 이를 통해 실효적 점유 원칙에 따라 해당 토지를 청구하고 점유할 수 있게 되었다.;;;;;;;;;;;;;x
EVTNAME441277;라이베리아의 영유권 주장;;;;;;;;;;;;;x
EVTOPTA441277;좋아!;;;;;;;;;;;;;x
EVTDESC441290;초록겨울로부터 알래스카를 매입하자, 밀레니엄 내 많은 이들이 유콘강 이남의 모든 영토를 즉각 병합해야 한다고 주장하고 있다. 이 방안에 찬성하는 이들은 주노에서 탬파까지 이어지는 연속된 연방을 건설하는 것이 우리의 운명이라고 주장한다. 만약 이 요구를 수용한다면, 트리니티가 결코 반기지 않을 것임은 자명하다.;;;;;;;;;;;;;x
EVTOPTA441290;명백한 운명이야말로 나아갈 길이다!;;;;;;;;;;;;;x
EVTOPTB441290;시간 낭비일 뿐이다.;;;;;;;;;;;;;x
EVTDESC441295;밀레니엄이 우리에게 최후통첩을 보냈다. 그들은 유콘강을 따라 그리고 대륙 분수령을 지나 밀레니엄이 새로 매입한 알래스카 식민지에 이르는 모든 소유권을 포기하고 물러날 것을 요구하고 있다. 이를 거부한다면 인구 밀도가 낮은 영토를 두고 북미에서 막대한 비용이 드는 전쟁을 치르게 될 것이 분명하다.;;;;;;;;;;;;;x
EVTNAME441295;화이트호스와 다운;;;;;;;;;;;;;x
EVTOPTA441295;그렇게 하지.;;;;;;;;;;;;;x
EVTOPTB441295;밀레니엄이 우리의 식민지 영토를 좌지우지하게 둘 수는 없다.;;;;;;;;;;;;;x
EVTDESC443007;종교적 소수자에 대한 자료가 준비 중입니다. 작업을 서두르기 위해, 우리가 조사 중인 종교가 무엇인지 알려주시겠습니까?;;;;;;;;;;;;;x
EVTNAME443007;종교 문제;;;;;;;;;;;;;x
EVTOPTA443007;기독교를 살펴봐라.;;;;;;;;;;;;;x
EVTOPTB443007;유대교와 이슬람교를 선택하라.;;;;;;;;;;;;;x
EVTOPTC443007;불교, 힌두교, 시크교.;;;;;;;;;;;;;x
EVTOPTD443007;신토, 대승불교, 야지디교 또는 이교.;;;;;;;;;;;;;x
EVTOPTE443007;아니, 그게 아니다. 다시 시작하자.;;;;;;;;;;;;;x
EVTDESC443008;이제 제국 내 특정 지역에 대한 자료를 찾고 있습니다. 어디에서 자료를 찾아야 합니까?;;;;;;;;;;;;;x
EVTNAME443008;제국 내의 기독교;;;;;;;;;;;;;x
EVTOPTA443008;식민지에서.;;;;;;;;;;;;;x
EVTOPTB443008;본토에서.;;;;;;;;;;;;;x
EVTOPTC443008;모든 곳에서.;;;;;;;;;;;;;x
EVTDESC443009;우리 영토 내의 기독교인들이 문제의 근원인 것으로 보이며, 최근 정부가 이들 집단에 대해 취한 조치에 관한 자료가 준비되었습니다. 어떤 집단들이었습니까?;;;;;;;;;;;;;x
EVTNAME443009;기독교 문제;;;;;;;;;;;;;x
EVTOPTA443009;가톨릭교도.;;;;;;;;;;;;;x
EVTOPTB443009;개신교도.;;;;;;;;;;;;;x
EVTOPTC443009;정교회 신자.;;;;;;;;;;;;;x
EVTOPTD443009;오리엔트 정교회 신자.;;;;;;;;;;;;;x
EVTOPTE443009;모두 다.;;;;;;;;;;;;;x
EVTNAME443012;제국 내의 무슬림과 유대인;;;;;;;;;;;;;x
EVTDESC443013;우리 영토 내의 중동 종교 집단들이 문제의 근원인 것으로 보이며, 최근 정부가 이들 집단에 대해 취한 조치에 관한 자료가 준비되었습니다. 어떤 집단들이었습니까?;;;;;;;;;;;;;x
EVTNAME443013;아브라함 종교 문제;;;;;;;;;;;;;x
EVTOPTA443013;수니파.;;;;;;;;;;;;;x
EVTOPTB443013;시아파.;;;;;;;;;;;;;x
EVTOPTC443013;유대인.;;;;;;;;;;;;;x
EVTOPTD443013;이바디파.;;;;;;;;;;;;;x
EVTOPTE443013;알레비파.;;;;;;;;;;;;;x
EVTNAME443016;제국 내의 불교, 힌두교, 시크교;;;;;;;;;;;;;x
EVTDESC443017;동양 종교 집단들이 문제의 근원인 것으로 보이며, 최근 정부가 이들 집단에 대해 취한 조치에 관한 자료가 준비되었습니다. 어떤 집단들이었습니까?;;;;;;;;;;;;;x
EVTNAME443017;동양의 종교들;;;;;;;;;;;;;x
EVTOPTA443017;시크교도.;;;;;;;;;;;;;x
EVTOPTB443017;겔룩파.;;;;;;;;;;;;;x
EVTOPTC443017;테라바다 불교도.;;;;;;;;;;;;;x
EVTOPTD443017;힌두교도.;;;;;;;;;;;;;x
EVTOPTE443017;모두 다.;;;;;;;;;;;;;x
EVTNAME443020;제국 내의 신토, 대승불교, 야지디교, 애니미즘;;;;;;;;;;;;;x
EVTDESC443021;극동 종교 집단들이 문제의 근원인 것으로 보이며, 최근 정부가 이들 집단에 대해 취한 조치에 관한 자료가 준비되었습니다. 어떤 집단들이었습니까?;;;;;;;;;;;;;x
EVTNAME443021;식민지의 극동 종교들;;;;;;;;;;;;;x
EVTOPTA443021;신토 신자.;;;;;;;;;;;;;x
EVTOPTB443021;대승불교도.;;;;;;;;;;;;;x
EVTOPTC443021;애니미즘 신봉자.;;;;;;;;;;;;;x
EVTOPTD443021;야지디교도.;;;;;;;;;;;;;x
EVTOPTE443021;모두 다.;;;;;;;;;;;;;x
EVTDESC443024;검은 제복을 입은 준군사 조직의 군인들이 $CAPITAL$의 중심가를 행진하며, 최근 혁명을 통해 파시즘으로 전향한 정부에 대한 지지를 과시하고 있습니다. 행진을 지켜보기 위해 모여든 군중 중 일부는 파시스트당 준군사 조직의 굴하지 않는 군인들을 향해 지지 구호를 외치며, 자부심과 이념적 확신으로 눈을 빛내고 있습니다. 혁명 세력이 더 많은 권력을 쟁취하려 함에 따라 국가 내 긴장이 고조되고 있으며, 정부와 $MONARCHTITLE$의 미래는 불투명한 상황입니다.;;;;;;;;;;;;;x
EVTNAME443024;검은 셔츠단 행진;;;;;;;;;;;;;x
EVTOPTA443024;좋은 결과가 나올 리 없다.;;;;;;;;;;;;;x
EVTDESC443025;우리 정부에 동조하는 파시스트들이 새로운 혁명 정부에 대한 지지를 표명하기 위해 $FROMCOUNTRY$의 수도에서 행진하고 있습니다. $FROMCOUNTRY$ 내에서 보수주의 정부와 파시스트 사이의 긴장이 고조되는 가운데, $FROMCOUNTRY_ADJ$ 파시스트당의 지도자들이 우리 정부에 접근하여 파시스트 독재 정권을 수립하기 위한 쿠데타 지원을 요청했습니다. 이는 우리와 뜻을 같이하는 괴뢰 정부를 세울 기회가 될 수 있지만, 동시에 전쟁으로 비화할 위험도 있습니다.;;;;;;;;;;;;;x
EVTNAME443025;$FROMCOUNTRY$의 파시즘 시위;;;;;;;;;;;;;x
EVTOPTA443025;그들을 무장시키고 비밀경찰을 투입해 $FROMCOUNTRY_ADJ$ 정부를 전복시켜라.;;;;;;;;;;;;;x
EVTOPTB443025;우리는 $FROMCOUNTRY_ADJ$의 내정에 관심이 없다.;;;;;;;;;;;;;x
EVTDESC443026;이것은 폭력이다. 내가 승인하고 찬양하는 바로 그 폭력이다. 이것은 $CAPITAL$ 파시스트들의 폭력이며, $COUNTRY_ADJ$ 파시즘은 이를 자신의 것으로 만들어야 한다. 사소한 개인적 폭력이 아니라, 결정적인 순간에 가해지는 거대하고 정교하며 거침없는 폭력 말이다. 전시에는 소크라테스의 공식을 따르자. 선행으로는 친구를, 악행으로는 적을 압도해야 한다. \n 행진의 끝 무렵, 파시스트당 준군사 조직이 정부 궁전을 습격하면서 거리에서 폭력 사태가 발생했습니다. 정부 궁전의 계단과 복도, 그리고 거리에서는 친정부군과 검은 제복을 입은 준군사 조직 사이에 피비린내 나는 쿠데타 교전이 벌어지고 있습니다. 교전 보고에 따르면 그들의 무기와 훈련 수준, 심지어 일부 인원들은 확연히 $FROMCOUNTRY_ADJ$ 특징을 보인다고 합니다. $MONARCHTITLE$은(는) 어디에도 보이지 않으며, $COUNTRY$에는 무정부 상태의 그림자가 드리우고 있습니다.;;;;;;;;;;;;;x
EVTNAME443026;$CAPITAL$ 전투;;;;;;;;;;;;;x
EVTOPTA443026;국가 안에 모든 것을, 국가 밖에는 아무것도, 국가에 반하는 것은 그 무엇도 없다.;;;;;;;;;;;;;x
EVTOPTB443026;마지막 한 사람까지 파시즘과 싸울 것이다.;;;;;;;;;;;;;x
EVTDESC443027;확성기에서 '그들이 중심가로 향하고 있다'는 소리가 들리자, 갑자기 그곳에 바리케이드가 세워졌습니다. 사람들은 보도블록과 목재, 뒤집힌 화물차로 바리케이드를 구축했습니다. '그들은 통과하지 못한다'는 구호를 외치며 1만 명 이상의 시민들이 검은 셔츠단 군대를 물리쳤습니다. 행진이 해산되었다는 소식이 전해지자 환호성이 터져 나왔고 깃발들이 격렬하게 휘날렸습니다. $YEAR$에서 인종차별과 반유대주의에 거둔 이 승리는 $CAPITAL$ 전투로 알려지게 되었으며, $COUNTRY$과(와) $FROMCOUNTRY$를 휩쓸던 파시즘에 맞선 $FROMCOUNTRY_ADJ$ 투쟁의 상징이 되었습니다. \n $FROMCOUNTRY_ADJ$의 한 신문 보도에 따르면 $FROMCOUNTRY$의 거리에는 수천 명의 사망자가 누워 있다고 합니다.;Capital as fighting dies down after a bloody coup. The $FROMCOUNTRY_ADJ$ Fascist party paramilitary group stormed the palace but was repelled by government forces backed by the population.';;;;;;;;;;;;x
EVTNAME443027;$FROMCOUNTRY$ 파시즘 쿠데타 실패;;;;;;;;;;;;;x
EVTOPTA443027;$FROMCOUNTRY$의 불안정 상태를 묵과할 수 없다.;;;;;;;;;;;;;x
EVTOPTB443027;결국 개입하게 될 것이다.;;;;;;;;;;;;;x
EVTOPTC443027;$FROMCOUNTRY$의 상황이 진정되기를 기다리는 게 좋겠다.;;;;;;;;;;;;;x
EVTDESC443028;검은 강물처럼 거리 전체를 메운 우리는 노래도 환호도 없이 궁전 정문을 향해 쏟아져 들어갔습니다. 바로 앞에 있던 남자가 낮은 목소리로 말했습니다. '조심하게, 동지들! 저들을 믿지 마라. 분명히 발포할 것이다!' 탁 트인 공간에 들어서자 우리는 몸을 낮게 웅크린 채 무리를 지어 달리기 시작했습니다. 내부 문 틈으로 머리를 내민 한 홍위병이 소리쳤습니다. '궁전을 확보하라! 오십시오, 동지들! 우리가 도둑이나 강도가 아니라는 것을 보여줍시다.' \n 공산당의 홍위병이 $CAPITAL$의 정부 궁전을 향한 집회를 주도하고 있습니다. 이들은 정부 해체와 공산당이 통제하는 새 정부 수립을 요구하고 있습니다. 집회는 평화롭게 진행되고 있으나, 공산주의자들이 정부 관료들의 답변을 듣기 전까지는 물러나지 않을 것이기에 긴장이 고조될 것이 분명합니다.;;;;;;;;;;;;;x
EVTNAME443028;붉은 폭풍;;;;;;;;;;;;;x
EVTDESC443029;우리 정부에 동조하는 공산주의자들이 새로운 혁명 정부에 대한 지지를 표명하기 위해 $FROMCOUNTRY$의 수도에서 행진하고 있습니다. $FROMCOUNTRY$ 내에서 부르주아 정부와 공산주의자 사이의 긴장이 고조되는 가운데, $FROMCOUNTRY_ADJ$ 공산당의 지도자들이 우리 정부에 접근하여 프롤레타리아에 대한 탄압을 종식시키기 위한 도움을 요청했습니다. 이는 우리와 뜻을 같이하는 괴뢰 정부를 세울 기회가 될 수 있지만, 동시에 전쟁으로 비화할 위험도 있습니다.;;;;;;;;;;;;;x
EVTNAME443029;$FROMCOUNTRY$의 공산주의 집회;;;;;;;;;;;;;x
EVTDESC443030;거리 모퉁이마다 공산주의 군인과 수병, 혹은 홍위병 부대가 배치되었습니다. 정부 궁전을 향해 기관총과 경포의 격렬한 포격이 쏟아졌습니다. 이어진 전투로 양측에서 수백 명의 사상자가 발생했습니다. 결국 공산주의자들이 강제로 진입하여 궁전을 점령했습니다. 그들은 진입하는 모든 방을 약탈했습니다. 잠겨 있던 도서관 문은 강제로 개방되어 난장판이 되었고, 서적과 원고들은 불타 없어졌습니다. 정교하게 음악 장치가 숨겨져 있던 거대한 수정 샹들리에는 산산조각이 났습니다. \n $COUNTRY_ADJ$ 공산당이 조직한 집회대가 $FROMCOUNTRY_ADJ$ 정부의 자금 지원을 받는 무장 조직인 홍위병의 주도로 정부 궁전으로 행진했습니다. $MONARCHTITLE$에 충성하는 군인들이 홍위병을 저지하고 있으며, 거리에서는 충성파와 홍위병 사이에 교전이 벌어졌습니다. 하지만 그들이 언제까지 이 붉은 물결을 막아낼 수 있을까요?;;;;;;;;;;;;;x
EVTNAME443030;$CAPITAL$ 궁전 습격;;;;;;;;;;;;;x
EVTOPTA443030;만국의 노동자여, 단결하라!;;;;;;;;;;;;;x
EVTOPTB443030;$COUNTRY$, 완전하고 위대하며 자유로운 나라여!;;;;;;;;;;;;;x
EVTDESC443031;부르주아의 어두운 하수인들이 프롤레타리아를 선동했다. '유대인을 때려라, 상점 주인을 때려라, 시장을 강탈하고 상점을 파괴하며 와인 저장고를 약탈하라! 죽이고, 불태우고, 훔쳐라!' 그러면 인민들 사이에 끔찍한 혼란과 내전이 시작될 것이다. 모든 것이 더욱 무질서해질 것이며, 아마도 수도의 거리에는 다시 한번 피가 흐를 것이다. 그렇다면, 그 이후에는 어떻게 되겠는가? \n $FROMCOUNTRY$의 부르주아들은 프롤레타리아 내부에 거짓과 불만도를 심어 권력을 장악하려는 시도를 무산시켰다. 우리의 노력은 좌절되었고, 그 결과 노동자와 혁명가들은 죽었으며 정부는 더욱 비협조적으로 변했다.;;;;;;;;;;;;;x
EVTNAME443031;$FROMCOUNTRY$ 부르주아의 혁명 진압;;;;;;;;;;;;;x
EVTDESC443032;우리 혁명 정부가 반혁명가들의 통제하에 놓인 지 너무 오래되었다! 이제 그들을 $CAPITAL$에서 쫓아내고, 우리의 자유를 확립하며 혁명을 계속 이어가야 할 때다. 그 누구도 이를 막지 못할 것이다.;;;;;;;;;;;;;x
EVTNAME443032;반혁명주의자들;;;;;;;;;;;;;x
EVTOPTA443032;우리는 굴복하지 않을 것이다.;;;;;;;;;;;;;x
EVTDESC443033;$FROMCOUNTRY$의 혁명가들이 우리 대표들을 수도에서 쫓아내고 외교관들을 추방하여, 그들에 대한 우리의 모든 영향력이 사라졌다. 정부 고문들은 이 혁명이 다루기 너무 까다로워졌으며, 이 야만인들을 권력에서 제거하기 위해 즉시 개입해야 한다고 조언한다.;;;;;;;;;;;;;x
EVTNAME443033;$FROMCOUNTRY_ADJ$ 혁명;;;;;;;;;;;;;x
EVTDESC443034;여기저기서 징집이 이루어지고 있으며, 가난한 이들이 훈련을 받으며 전투 준비를 하고 있다. 군 수용소는 신병들로 가득 찼고, 국경 지대에서는 군대가 훈련을 수행하고 있다. 사회의 모든 양상과 정부의 모든 신호가 전쟁이 임박했음을 가리키는 듯하지만, 정작 전쟁은 일어나지 않고 있다. 이러한 일상의 극심한 혼란은 국민들을 분노케 하고 이웃 나라들을 점점 더 경계하게 만들고 있다.;;;;;;;;;;;;;x
EVTNAME443034;총동원 체제;;;;;;;;;;;;;x
EVTOPTA443034;이것은 그저 무해한 훈련일 뿐이다.;;;;;;;;;;;;;x
EVTDESC443035;국왕께서 농노제를 폐지하고 이를 다른 제도로 대체하기로 결정하셨다. 토지를 점유한 농노들은 그 땅의 소유주인 장원 영주를 위해 일해야 했으며, 그 대가로 보호와 재판을 받을 권리, 그리고 생계 유지를 위해 장원 내 특정 구역을 경작할 권리를 가졌다. 이제 이러한 권리들이 취소되었으며, 농노들이 처했던 사실상의 노예 상태는 실제 노예제로 변했다. 하지만 이 새로운 칙령을 어디에 적용할 것인가 하는 문제는 여전히 남아 있다.;;;;;;;;;;;;;x
EVTNAME443035;농노제 폐지;;;;;;;;;;;;;x
EVTOPTA443035;본토에서만.;;;;;;;;;;;;;x
EVTOPTB443035;해외 프로빈스와 식민지에서만.;;;;;;;;;;;;;x
EVTOPTC443035;우리 나라 구석구석에.;;;;;;;;;;;;;x
EVTDESC443036;$COUNTRY_ADJ$ 본토 전역에서 농노들의 권리가 박탈되고 노예 생활이 강요되고 있다. 사실 그들은 이미 노예에 가까운 조건에서 살았기에 실질적인 삶의 변화는 크지 않다. 하지만 소수의 권리마저 상실한 것에 대해 그들이 만족할 리 없으며, 이는 분명 파장을 일으킬 것이다. 우리는 새로운 칙령의 범위를 제한함으로써 이러한 충격을 완화할 수 있다.;;;;;;;;;;;;;x
EVTNAME443036;$YEAR$ 본토 노예령;;;;;;;;;;;;;x
EVTOPTA443036;구분하지 마라, 모든 농노는 평등하다.;;;;;;;;;;;;;x
EVTOPTB443036;우리 유산에 속하지 않는 농노들만.;;;;;;;;;;;;;x
EVTDESC443037;$COUNTRY_ADJ$ 식민지 전역에서 농노들의 권리가 박탈되고 노예 생활이 강요되고 있다. 사실 그들은 이미 노예에 가까운 조건에서 살았기에 실질적인 삶의 변화는 크지 않다. 하지만 소수의 권리마저 상실한 것에 대해 그들이 만족할 리 없으며, 이는 분명 파장을 일으킬 것이다. 우리는 새로운 칙령의 범위를 제한함으로써 이러한 충격을 완화할 수 있다.;;;;;;;;;;;;;x
EVTNAME443037;$YEAR$ 식민지 노예령;;;;;;;;;;;;;x
EVTDESC443038;$COUNTRY$ 전역에서 농노들의 권리가 박탈되고 노예 생활이 강요되고 있다. 사실 그들은 이미 노예에 가까운 조건에서 살았기에 실질적인 삶의 변화는 크지 않다. 하지만 소수의 권리마저 상실한 것에 대해 그들이 만족할 리 없으며, 이는 분명 파장을 일으킬 것이다. 우리는 새로운 칙령의 범위를 제한함으로써 이러한 충격을 완화할 수 있다.;;;;;;;;;;;;;x
EVTNAME443038;$YEAR$ 노예령;;;;;;;;;;;;;x
EVTDESC443039;$FROMCOUNTRY$의 독립으로 인해, $FROMCOUNTRY_ADJ$ 인민들의 상당수가 더 이상 우리의 통치에 만족하지 않는다. 민족주의가 최고조에 달했으며, $COUNTRY$ 내 $FROMCOUNTRY_ADJ$ 지역에는 분리주의 정서가 들불처럼 번지고 있다. $FROMCOUNTRY_ADJ$의 각성은 되돌릴 수 없으며, 이제 우리는 그 결과에 대처해야 한다.;;;;;;;;;;;;;x
EVTNAME443039;$FROMCOUNTRY_ADJ$의 각성;;;;;;;;;;;;;x
EVTOPTA443039;$FROMCOUNTRY_ADJ$ 배신자 놈들!;;;;;;;;;;;;;x
EVTDESC443040;우리는 가능한 한 상황을 억제하려 했으나, 이제 $COUNTRY_ADJ$ 정부에 의해 비상사태가 해제되었다. 기존 정책들은 예전만큼 효과적이지 않으며, 권리 정지 상태를 더 이상 유지할 수 없다. 좋든 싫든, 우리는 이제 비상 조치에 대한 반발을 감당해야 한다.;;;;;;;;;;;;;x
EVTNAME443040;비상사태 종료;;;;;;;;;;;;;x
EVTOPTA443040;$COUNTRY$은(는) 굴하지 않는다.;;;;;;;;;;;;;x
EVTNAME160028;$YEAR$의 $CAPITAL$ 회의;;;;;;;;;;;;;x
EVTOPTA160028;리월 전역을 문명화해야 한다.;;;;;;;;;;;;;x
EVTDESC160028;19세기 후반, 유럽과 밀레니엄의 식민 강대국들은 리월의 약화된 상태를 이용해 시장을 개방하고자 리월을 주시하고 있었다. 리월은 오랫동안 유럽 제국주의의 표적이었으며 '아시아의 병자'로 여겨졌다. 이러한 인식은 특히 아편 전쟁 이후 더욱 심화되었으며, 이는 서구 열강이 리월 내에 발판을 마련하는 기회가 되었다. 밀레니엄을 비롯해 키보토스, 게헨나, 트리니티 등 여러 유럽 강대국들은 동아시아에서 영향력을 확대하기 위해 열을 올렸다. 이를 위해 그들은 무역 특권을 확대하고 리월의 항구 및 기타 전략적 요충지에 대한 접근권을 얻고자 했다. 1895년, 게헨나는 리월의 자오저우항 임차권을 확보하며 주도권을 잡았고, 이를 통해 해당 지역의 철도와 기타 기반 시설을 통제하게 되었다. 리월의 급격한 쇠퇴와 개혁 실패는 리월을 세계적인 '분할 쟁탈전'의 새로운 표적으로 만들었다. 유럽 열강들은 이제 리월의 여러 지역을 분할하기 위해 새로운 회의를 소집했다.;;;;;;;;;;;;;x
