CODE;ENGLISH;FRENCH;GERMAN;POLISH;SPANISH;ITALIAN;SWEDISH;CZECH;HUNGARIAN;DUTCH;PORTUGUESE;RUSSIAN;FINNISH;x
PROV1;노보 아르한겔스크;;;;;;;;;;;;;x
PROV2;성 디오니시우스 보루;;;;;;;;;;;;;x
PROV3;노보로시스크;;;;;;;;;;;;;x
PROV4;파블로브스카야 가반;;;;;;;;;;;;;x
PROV5;우날라슈카;;;;;;;;;;;;;x
PROV6;유콘강;;;;;;;;;;;;;x
PROV7;펠리 리버;;;;;;;;;;;;;x
PROV8;쿠알라클란탄;;;;;;;;;;;;;x
PROV9;미스타시니 포스트;;;;;;;;;;;;;x
PROV10;산케우용;;;;;;;;;;;;;x
PROV11;포트레졸루션;;;;;;;;;;;;;x
PROV12;리와;;;;;;;;;;;;;x
PROV13;포트 랭글리;;;;;;;;;;;;;x
PROV14;밴쿠버섬;;;;;;;;;;;;;x
PROV15;포트심슨;;;;;;;;;;;;;x
PROV16;포트 매클라우드;;;;;;;;;;;;;x
PROV17;테슬린 포스트;;;;;;;;;;;;;x
PROV18;세인트 존 포트;;;;;;;;;;;;;x
PROV19;포트 세인트 제임스;;;;;;;;;;;;;x
PROV20;포트캠루프스;;;;;;;;;;;;;x
PROV21;쿠트니 하우스;;;;;;;;;;;;;x
PROV22;메디신햇;;;;;;;;;;;;;x
PROV23;포트 아시니보인;;;;;;;;;;;;;x
PROV24;밀크 리버;;;;;;;;;;;;;x
PROV25;포트 에드먼턴;;;;;;;;;;;;;x
PROV26;체스터필드 인렛;;;;;;;;;;;;;x
PROV27;리펄스베이;;;;;;;;;;;;;x
PROV28;케이프 도셋;;;;;;;;;;;;;x
PROV29;키질쿰 사막;;;;;;;;;;;;;x
PROV30;사이프러스힐스;;;;;;;;;;;;;x
PROV31;포트 폰드 듀 락;;;;;;;;;;;;;x
PROV32;포트 칼튼;;;;;;;;;;;;;x
PROV33;스펜스베이;;;;;;;;;;;;;x
PROV34;포트 피트;;;;;;;;;;;;;x
PROV35;포트 릴라이언스;;;;;;;;;;;;;x
PROV36;포트 굿 호프;;;;;;;;;;;;;x
PROV37;요크 팩토리;;;;;;;;;;;;;x
PROV38;푸에르테 산타 마리아;;;;;;;;;;;;;x
PROV39;산토 토마스 데 카스티야;;;;;;;;;;;;;x
PROV40;포트컨피던스;;;;;;;;;;;;;x
PROV41;포트 엘리스;;;;;;;;;;;;;x
PROV42;포트 가리;;;;;;;;;;;;;x
PROV43;클라크스빌;;;;;;;;;;;;;x
PROV44;관타나모;;;;;;;;;;;;;x
PROV45;마리고트;;;;;;;;;;;;;x
PROV46;토론토;;;;;;;;;;;;;x
PROV47;포트 세번;;;;;;;;;;;;;x
PROV48;무스팩토리;;;;;;;;;;;;;x
PROV49;포트 윌리엄;;;;;;;;;;;;;x
PROV50;니피곤 하우스;;;;;;;;;;;;;x
PROV51;수세인트마리;;;;;;;;;;;;;x
PROV52;오릴리아;;;;;;;;;;;;;x
PROV53;배리;;;;;;;;;;;;;x
PROV54;윈저;;;;;;;;;;;;;x
PROV55;해밀턴;;;;;;;;;;;;;x
PROV56;킹스턴;;;;;;;;;;;;;x
PROV57;바이타운;;;;;;;;;;;;;x
PROV58;몬트리올;;;;;;;;;;;;;x
PROV59;처칠 요새;;;;;;;;;;;;;x
PROV60;리치먼드;;;;;;;;;;;;;x
PROV61;포트 인갈;;;;;;;;;;;;;x
PROV62;세븐아일랜즈;;;;;;;;;;;;;x
PROV63;포트 테미스카밍고;;;;;;;;;;;;;x
PROV64;트루아리비에르;;;;;;;;;;;;;x
PROV65;퀘벡시;;;;;;;;;;;;;x
PROV66;셰르브룩;;;;;;;;;;;;;x
PROV67;리무스키;;;;;;;;;;;;;x
PROV68;세인트존;;;;;;;;;;;;;x
PROV69;프레데릭톤;;;;;;;;;;;;;x
PROV70;프린스에드워드섬;;;;;;;;;;;;;x
PROV71;핼리팩스;;;;;;;;;;;;;x
PROV72;트루로;;;;;;;;;;;;;x
PROV73;케이프 브레튼 섬;;;;;;;;;;;;;x
PROV74;세인트존스;;;;;;;;;;;;;x
PROV75;번트레이크스;;;;;;;;;;;;;x
PROV76;리골레 포스트;;;;;;;;;;;;;x
PROV77;생피에르 미클롱;;;;;;;;;;;;;x
PROV78;포트 니스퀄리;;;;;;;;;;;;;x
PROV79;포트 밴쿠버;;;;;;;;;;;;;x
PROV80;포트 네즈퍼스;;;;;;;;;;;;;x
PROV81;오리건시티;;;;;;;;;;;;;x
PROV82;구스호;;;;;;;;;;;;;x
PROV83;포트 움파콰;;;;;;;;;;;;;x
PROV84;위요;;;;;;;;;;;;;x
PROV85;카보 멘도시노;;;;;;;;;;;;;x
PROV86;시에라 네바다;;;;;;;;;;;;;x
PROV87;몬테레이;;;;;;;;;;;;;x
PROV88;모하비 사막;;;;;;;;;;;;;x
PROV89;로스앤젤레스;;;;;;;;;;;;;x
PROV90;샌디에이고;;;;;;;;;;;;;x
PROV91;컬리스펠 하우스;;;;;;;;;;;;;x
PROV92;포트홀;;;;;;;;;;;;;x
PROV93;서부 배넉;;;;;;;;;;;;;x
PROV94;와쇼;;;;;;;;;;;;;x
PROV95;오위희;;;;;;;;;;;;;x
PROV96;라스베이거스;;;;;;;;;;;;;x
PROV97;팀파노고스;;;;;;;;;;;;;x
PROV98;바르보네스;;;;;;;;;;;;;x
PROV99;유타스 옥시덴탈레스;;;;;;;;;;;;;x
PROV100;길라노;;;;;;;;;;;;;x
PROV101;그란카뇬;;;;;;;;;;;;;x
PROV102;투손;;;;;;;;;;;;;x
PROV103;푸에르테 탈파;;;;;;;;;;;;;x
PROV104;샌프란시스코;;;;;;;;;;;;;x
PROV105;산타페;;;;;;;;;;;;;x
PROV106;벤트 요새;;;;;;;;;;;;;x
PROV107;쇼쇼네스 옥시덴탈레스;;;;;;;;;;;;;x
PROV108;유타 오리엔탈레스;;;;;;;;;;;;;x
PROV109;주니;;;;;;;;;;;;;x
PROV110;쇼쇼네스 리오 비엔토;;;;;;;;;;;;;x
PROV111;포트 본네빌;;;;;;;;;;;;;x
PROV112;포트 라라미;;;;;;;;;;;;;x
PROV113;동부 배넉;;;;;;;;;;;;;x
PROV114;플랫헤드 하우스;;;;;;;;;;;;;x
PROV115;블랙풋;;;;;;;;;;;;;x
PROV116;크로우;;;;;;;;;;;;;x
PROV117;포트 만단;;;;;;;;;;;;;x
PROV118;포트 펨비나;;;;;;;;;;;;;x
PROV119;포트 유니온;;;;;;;;;;;;;x
PROV120;시차 계곡;;;;;;;;;;;;;x
PROV121;훙크파파;;;;;;;;;;;;;x
PROV122;포트 피에르 추토;;;;;;;;;;;;;x
PROV123;폰테넬 교역소;;;;;;;;;;;;;x
PROV124;폰카 포트;;;;;;;;;;;;;x
PROV125;포니;;;;;;;;;;;;;x
PROV126;포트 레번워스;;;;;;;;;;;;;x
PROV127;칸사;;;;;;;;;;;;;x
PROV128;오세이지;;;;;;;;;;;;;x
PROV129;카이오와;;;;;;;;;;;;;x
PROV130;포트 깁슨;;;;;;;;;;;;;x
PROV131;크로스타임버스;;;;;;;;;;;;;x
PROV132;휴스턴;;;;;;;;;;;;;x
PROV133;프레더릭스버그;;;;;;;;;;;;;x
PROV134;포트 파커;;;;;;;;;;;;;x
PROV135;푸에블로스;;;;;;;;;;;;;x
PROV136;남부 아파체리아;;;;;;;;;;;;;x
PROV137;샌안토니오;;;;;;;;;;;;;x
PROV138;라레도;;;;;;;;;;;;;x
PROV139;뉴올리언스;;;;;;;;;;;;;x
PROV140;배턴루지;;;;;;;;;;;;;x
PROV141;버밀리온빌;;;;;;;;;;;;;x
PROV142;슈리브포트;;;;;;;;;;;;;x
PROV143;리틀 록;;;;;;;;;;;;;x
PROV144;포트 스미스;;;;;;;;;;;;;x
PROV145;핫스프링스;;;;;;;;;;;;;x
PROV146;세인트루이스;;;;;;;;;;;;;x
PROV147;조플린;;;;;;;;;;;;;x
PROV148;케이프지라도;;;;;;;;;;;;;x
PROV149;제퍼슨 시티;;;;;;;;;;;;;x
PROV150;캔자스시티;;;;;;;;;;;;;x
PROV151;카운슬블러프스;;;;;;;;;;;;;x
PROV152;아이오와시티;;;;;;;;;;;;;x
PROV153;더뷰크;;;;;;;;;;;;;x
PROV154;포트도지;;;;;;;;;;;;;x
PROV155;세인트 폴;;;;;;;;;;;;;x
PROV156;포트 스넬링;;;;;;;;;;;;;x
PROV157;포트 스킨;;;;;;;;;;;;;x
PROV158;그랜드포티지;;;;;;;;;;;;;x
PROV159;밀워키;;;;;;;;;;;;;x
PROV160;오지브웨;;;;;;;;;;;;;x
PROV161;포트 하워드;;;;;;;;;;;;;x
PROV162;매디슨;;;;;;;;;;;;;x
PROV163;시카고;;;;;;;;;;;;;x
PROV164;갈레나;;;;;;;;;;;;;x
PROV165;스프링필드;;;;;;;;;;;;;x
PROV166;피오리아;;;;;;;;;;;;;x
PROV167;반달리아;;;;;;;;;;;;;x
PROV168;쇼니타운;;;;;;;;;;;;;x
PROV169;인디애나폴리스;;;;;;;;;;;;;x
PROV170;에반스빌;;;;;;;;;;;;;x
PROV171;사우스벤드;;;;;;;;;;;;;x
PROV172;포트 웨인;;;;;;;;;;;;;x
PROV173;디트로이트;;;;;;;;;;;;;x
PROV174;랜싱;;;;;;;;;;;;;x
PROV175;새기노;;;;;;;;;;;;;x
PROV176;그랜드 트래버스;;;;;;;;;;;;;x
PROV177;포트 맥키나크;;;;;;;;;;;;;x
PROV178;클리블랜드;;;;;;;;;;;;;x
PROV179;콜럼버스;;;;;;;;;;;;;x
PROV180;톨레도;;;;;;;;;;;;;x
PROV181;데이턴;;;;;;;;;;;;;x
PROV182;신시내티;;;;;;;;;;;;;x
PROV183;칠리코시;;;;;;;;;;;;;x
PROV184;루이빌;;;;;;;;;;;;;x
PROV185;바버빌;;;;;;;;;;;;;x
PROV186;렉싱턴;;;;;;;;;;;;;x
PROV187;파듀카;;;;;;;;;;;;;x
PROV188;내슈빌;;;;;;;;;;;;;x
PROV189;멤피스;;;;;;;;;;;;;x
PROV190;녹스빌;;;;;;;;;;;;;x
PROV191;채터누가;;;;;;;;;;;;;x
PROV192;잭슨;;;;;;;;;;;;;x
PROV193;클락스데일;;;;;;;;;;;;;x
PROV194;빌럭시;;;;;;;;;;;;;x
PROV195;터스컬루사;;;;;;;;;;;;;x
PROV196;헌츠빌;;;;;;;;;;;;;x
PROV197;모빌;;;;;;;;;;;;;x
PROV198;탤러해시;;;;;;;;;;;;;x
PROV199;세인트오거스틴;;;;;;;;;;;;;x
PROV200;데이드;;;;;;;;;;;;;x
PROV201;뉴 에코타;;;;;;;;;;;;;x
PROV202;밀레지빌;;;;;;;;;;;;;x
PROV203;버뮤다;;;;;;;;;;;;;x
PROV204;사바나;;;;;;;;;;;;;x
PROV205;찰스턴;;;;;;;;;;;;;x
PROV206;컬럼비아;;;;;;;;;;;;;x
PROV207;그린빌;;;;;;;;;;;;;x
PROV208;롤리;;;;;;;;;;;;;x
PROV209;샬롯;;;;;;;;;;;;;x
PROV210;윌밍턴;;;;;;;;;;;;;x
PROV211;린치버그;;;;;;;;;;;;;x
PROV212;알렉산드리아;;;;;;;;;;;;;x
PROV213;프레드릭스부르크;;;;;;;;;;;;;x
PROV214;노퍽;;;;;;;;;;;;;x
PROV215;스톤턴;;;;;;;;;;;;;x
PROV216;로어노크;;;;;;;;;;;;;x
PROV217;베클리;;;;;;;;;;;;;x
PROV218;휠링;;;;;;;;;;;;;x
PROV219;볼티모어;;;;;;;;;;;;;x
PROV220;애너폴리스;;;;;;;;;;;;;x
PROV221;헤이거스타운;;;;;;;;;;;;;x
PROV222;도버;;;;;;;;;;;;;x
PROV223;필라델피아;;;;;;;;;;;;;x
PROV224;윌크스배리;;;;;;;;;;;;;x
PROV225;윌리엄스포트;;;;;;;;;;;;;x
PROV226;해리스버그;;;;;;;;;;;;;x
PROV227;피츠버그;;;;;;;;;;;;;x
PROV228;이리;;;;;;;;;;;;;x
PROV229;뉴어크;;;;;;;;;;;;;x
PROV230;트렌튼;;;;;;;;;;;;;x
PROV231;캠든;;;;;;;;;;;;;x
PROV232;뉴욕;;;;;;;;;;;;;x
PROV233;롱아일랜드;;;;;;;;;;;;;x
PROV234;올버니;;;;;;;;;;;;;x
PROV235;빙엄턴;;;;;;;;;;;;;x
PROV236;버팔로;;;;;;;;;;;;;x
PROV237;로체스터;;;;;;;;;;;;;x
PROV238;시러큐스;;;;;;;;;;;;;x
PROV239;인디언스트림;;;;;;;;;;;;;x
PROV240;플래츠버그;;;;;;;;;;;;;x
PROV241;하트퍼드;;;;;;;;;;;;;x
PROV242;프로비던스;;;;;;;;;;;;;x
PROV243;보스턴;;;;;;;;;;;;;x
PROV244;뉴 베드포드;;;;;;;;;;;;;x
PROV245;피츠필드;;;;;;;;;;;;;x
PROV246;벌링턴;;;;;;;;;;;;;x
PROV247;콩코드;;;;;;;;;;;;;x
PROV248;포틀랜드;;;;;;;;;;;;;x
PROV249;뱅고어;;;;;;;;;;;;;x
PROV250;마다와스카;;;;;;;;;;;;;x
PROV251;고트호프;;;;;;;;;;;;;x
PROV252;아이슬란드;;;;;;;;;;;;;x
PROV253;페로 제도;;;;;;;;;;;;;x
PROV254;벨파스트;;;;;;;;;;;;;x
PROV255;런던데리;;;;;;;;;;;;;x
PROV256;아마;;;;;;;;;;;;;x
PROV257;도니골;;;;;;;;;;;;;x
PROV258;갈웨이;;;;;;;;;;;;;x
PROV259;슬라이고;;;;;;;;;;;;;x
PROV260;코크;;;;;;;;;;;;;x
PROV261;리머릭;;;;;;;;;;;;;x
PROV262;워터포드;;;;;;;;;;;;;x
PROV263;더블린;;;;;;;;;;;;;x
PROV264;킬다레;;;;;;;;;;;;;x
PROV265;웩스퍼드;;;;;;;;;;;;;x
PROV266;애버딘;;;;;;;;;;;;;x
PROV267;인버네스;;;;;;;;;;;;;x
PROV268;던디;;;;;;;;;;;;;x
PROV269;에든버러;;;;;;;;;;;;;x
PROV270;스털링;;;;;;;;;;;;;x
PROV271;글래스고;;;;;;;;;;;;;x
PROV272;덤프리스;;;;;;;;;;;;;x
PROV273;카디프;;;;;;;;;;;;;x
PROV274;카디건;;;;;;;;;;;;;x
PROV275;흘란드린도드;;;;;;;;;;;;;x
PROV276;홀리헤드;;;;;;;;;;;;;x
PROV277;리버풀;;;;;;;;;;;;;x
PROV278;맨체스터;;;;;;;;;;;;;x
PROV279;칼라일;;;;;;;;;;;;;x
PROV280;뉴캐슬어폰타인;;;;;;;;;;;;;x
PROV281;헐;;;;;;;;;;;;;x
PROV282;리즈;;;;;;;;;;;;;x
PROV283;셰필드;;;;;;;;;;;;;x
PROV284;버밍엄;;;;;;;;;;;;;x
PROV285;체스터;;;;;;;;;;;;;x
PROV286;슈루즈베리;;;;;;;;;;;;;x
PROV287;코번트리;;;;;;;;;;;;;x
PROV288;노팅엄;;;;;;;;;;;;;x
PROV289;레스터;;;;;;;;;;;;;x
PROV290;링컨;;;;;;;;;;;;;x
PROV291;케임브리지;;;;;;;;;;;;;x
PROV292;입스위치;;;;;;;;;;;;;x
PROV293;첼름스퍼드;;;;;;;;;;;;;x
PROV294;옥스포드;;;;;;;;;;;;;x
PROV295;세인트 알반스;;;;;;;;;;;;;x
PROV296;브리스톨;;;;;;;;;;;;;x
PROV297;솔즈베리;;;;;;;;;;;;;x
PROV298;배스;;;;;;;;;;;;;x
PROV299;플리머스;;;;;;;;;;;;;x
PROV300;런던;;;;;;;;;;;;;x
PROV301;캔터베리;;;;;;;;;;;;;x
PROV302;브라이튼;;;;;;;;;;;;;x
PROV303;사우샘프턴;;;;;;;;;;;;;x
PROV304;맨섬;;;;;;;;;;;;;x
PROV305;트론헤임;;;;;;;;;;;;;x
PROV306;모이라나;;;;;;;;;;;;;x
PROV307;해머페스트;;;;;;;;;;;;;x
PROV308;올레순;;;;;;;;;;;;;x
PROV309;베르겐;;;;;;;;;;;;;x
PROV310;크리스티안산;;;;;;;;;;;;;x
PROV311;스키엔;;;;;;;;;;;;;x
PROV312;드람멘;;;;;;;;;;;;;x
PROV313;크리스티아니아;;;;;;;;;;;;;x
PROV314;하마르;;;;;;;;;;;;;x
PROV315;릴하머;;;;;;;;;;;;;x
PROV316;프레드릭스타드;;;;;;;;;;;;;x
PROV317;예블레;;;;;;;;;;;;;x
PROV318;순드발;;;;;;;;;;;;;x
PROV319;외스테르순드;;;;;;;;;;;;;x
PROV320;우메오;;;;;;;;;;;;;x
PROV321;룰레오;;;;;;;;;;;;;x
PROV322;스톡홀름;;;;;;;;;;;;;x
PROV323;팔룬;;;;;;;;;;;;;x
PROV324;웁살라;;;;;;;;;;;;;x
PROV325;노르케핑;;;;;;;;;;;;;x
PROV326;베스테로스;;;;;;;;;;;;;x
PROV327;외레브로;;;;;;;;;;;;;x
PROV328;칼스타드;;;;;;;;;;;;;x
PROV329;스카라;;;;;;;;;;;;;x
PROV330;보로스;;;;;;;;;;;;;x
PROV331;고트랜드;;;;;;;;;;;;;x
PROV332;칼마르;;;;;;;;;;;;;x
PROV333;벡셰;;;;;;;;;;;;;x
PROV334;말뫼;;;;;;;;;;;;;x
PROV335;칼스크로나;;;;;;;;;;;;;x
PROV336;울레보르;;;;;;;;;;;;;x
PROV337;카자나;;;;;;;;;;;;;x
PROV338;토르네오;;;;;;;;;;;;;x
PROV339;비보그;;;;;;;;;;;;;x
PROV340;코트카;;;;;;;;;;;;;x
PROV341;요엔수;;;;;;;;;;;;;x
PROV342;쿠오피오;;;;;;;;;;;;;x
PROV343;헬싱포르스;;;;;;;;;;;;;x
PROV344;로이마;;;;;;;;;;;;;x
PROV345;비에르네보리;;;;;;;;;;;;;x
PROV346;바사;;;;;;;;;;;;;x
PROV347;예니 파자르;;;;;;;;;;;;;x
PROV348;올란드;;;;;;;;;;;;;x
PROV349;레발;;;;;;;;;;;;;x
PROV350;나르와;;;;;;;;;;;;;x
PROV351;페르나우;;;;;;;;;;;;;x
PROV352;도르파트;;;;;;;;;;;;;x
PROV353;사레마;;;;;;;;;;;;;x
PROV354;리가;;;;;;;;;;;;;x
PROV355;볼마르;;;;;;;;;;;;;x
PROV356;디나부르크;;;;;;;;;;;;;x
PROV357;미타우;;;;;;;;;;;;;x
PROV358;빈다바;;;;;;;;;;;;;x
PROV359;리바우;;;;;;;;;;;;;x
PROV360;빌나;;;;;;;;;;;;;x
PROV361;코브노;;;;;;;;;;;;;x
PROV362;알리투스;;;;;;;;;;;;;x
PROV363;포네베즈;;;;;;;;;;;;;x
PROV364;샤블리;;;;;;;;;;;;;x
PROV365;텔즈셰;;;;;;;;;;;;;x
PROV366;오르후스;;;;;;;;;;;;;x
PROV367;올보르;;;;;;;;;;;;;x
PROV368;하일스;;;;;;;;;;;;;x
PROV369;킬;;;;;;;;;;;;;x
PROV370;플란스보그;;;;;;;;;;;;;x
PROV371;아벤라아;;;;;;;;;;;;;x
PROV372;코펜하겐;;;;;;;;;;;;;x
PROV373;오덴세;;;;;;;;;;;;;x
PROV374;보른홀름;;;;;;;;;;;;;x
PROV375;암스테르담;;;;;;;;;;;;;x
PROV376;로테르담;;;;;;;;;;;;;x
PROV377;우트레흐트;;;;;;;;;;;;;x
PROV378;브레다;;;;;;;;;;;;;x
PROV379;에인트호벤;;;;;;;;;;;;;x
PROV380;볼파르츠데이크;;;;;;;;;;;;;x
PROV381;마스트리흐트;;;;;;;;;;;;;x
PROV382;네이메헌;;;;;;;;;;;;;x
PROV383;흐로닝언;;;;;;;;;;;;;x
PROV384;알멜로;;;;;;;;;;;;;x
PROV385;레이우아르던;;;;;;;;;;;;;x
PROV386;아센;;;;;;;;;;;;;x
PROV387;주나프;;;;;;;;;;;;;x
PROV388;브뤼허;;;;;;;;;;;;;x
PROV389;후스;;;;;;;;;;;;;x
PROV390;아르너마위던;;;;;;;;;;;;;x
PROV391;브레;;;;;;;;;;;;;x
PROV392;디낭;;;;;;;;;;;;;x
PROV393;생길랭;;;;;;;;;;;;;x
PROV394;몬스;;;;;;;;;;;;;x
PROV395;스프리몽;;;;;;;;;;;;;x
PROV396;오이펜;;;;;;;;;;;;;x
PROV397;룩셈부르크;;;;;;;;;;;;;x
PROV398;바스토뉴;;;;;;;;;;;;;x
PROV399;릴;;;;;;;;;;;;;x
PROV400;투르네;;;;;;;;;;;;;x
PROV401;아라스;;;;;;;;;;;;;x
PROV402;아미엔;;;;;;;;;;;;;x
PROV403;라온;;;;;;;;;;;;;x
PROV404;생퀀틴;;;;;;;;;;;;;x
PROV405;지베;;;;;;;;;;;;;x
PROV406;트루아;;;;;;;;;;;;;x
PROV407;쇼몽;;;;;;;;;;;;;x
PROV408;샤를빌;;;;;;;;;;;;;x
PROV409;스트라스부르;;;;;;;;;;;;;x
PROV410;콜마;;;;;;;;;;;;;x
PROV411;낭시;;;;;;;;;;;;;x
PROV412;메츠;;;;;;;;;;;;;x
PROV413;베르됭쉬르뫼즈;;;;;;;;;;;;;x
PROV414;에피날;;;;;;;;;;;;;x
PROV415;루앙;;;;;;;;;;;;;x
PROV416;에브뢰;;;;;;;;;;;;;x
PROV417;알랑송;;;;;;;;;;;;;x
PROV418;캉;;;;;;;;;;;;;x
PROV419;채널제도;;;;;;;;;;;;;x
PROV420;브레스트;;;;;;;;;;;;;x
PROV421;생브리외;;;;;;;;;;;;;x
PROV422;반;;;;;;;;;;;;;x
PROV423;낭트;;;;;;;;;;;;;x
PROV424;렌;;;;;;;;;;;;;x
PROV425;파리;;;;;;;;;;;;;x
PROV426;샤르트르;;;;;;;;;;;;;x
PROV427;믈룅;;;;;;;;;;;;;x
PROV428;마콩;;;;;;;;;;;;;x
PROV429;디존;;;;;;;;;;;;;x
PROV430;물랭;;;;;;;;;;;;;x
PROV431;롱르소니에;;;;;;;;;;;;;x
PROV432;브장송;;;;;;;;;;;;;x
PROV433;벨포르;;;;;;;;;;;;;x
PROV434;니오르;;;;;;;;;;;;;x
PROV435;앙제;;;;;;;;;;;;;x
PROV436;르망;;;;;;;;;;;;;x
PROV437;라로슈쉬르용;;;;;;;;;;;;;x
PROV438;오를레앙;;;;;;;;;;;;;x
PROV439;부르주;;;;;;;;;;;;;x
PROV440;샤토루;;;;;;;;;;;;;x
PROV441;투르;;;;;;;;;;;;;x
PROV442;라 로셸;;;;;;;;;;;;;x
PROV443;푸아티에;;;;;;;;;;;;;x
PROV444;앙굴렘;;;;;;;;;;;;;x
PROV445;리모주;;;;;;;;;;;;;x
PROV446;게레;;;;;;;;;;;;;x
PROV447;페리괴;;;;;;;;;;;;;x
PROV448;클레르몽페랑;;;;;;;;;;;;;x
PROV449;님;;;;;;;;;;;;;x
PROV450;몽타우반;;;;;;;;;;;;;x
PROV451;부르;;;;;;;;;;;;;x
PROV452;리옹;;;;;;;;;;;;;x
PROV453;오브나;;;;;;;;;;;;;x
PROV454;그르노블;;;;;;;;;;;;;x
PROV455;타르베;;;;;;;;;;;;;x
PROV456;툴루즈;;;;;;;;;;;;;x
PROV457;푸아;;;;;;;;;;;;;x
PROV458;보르도;;;;;;;;;;;;;x
PROV459;생장드뤼즈;;;;;;;;;;;;;x
PROV460;파우;;;;;;;;;;;;;x
PROV461;몽펠리에;;;;;;;;;;;;;x
PROV462;로데즈;;;;;;;;;;;;;x
PROV463;카르카손;;;;;;;;;;;;;x
PROV464;페르피냥;;;;;;;;;;;;;x
PROV465;엔네시아;;;;;;;;;;;;;x
PROV466;참베리;;;;;;;;;;;;;x
PROV467;마르세유;;;;;;;;;;;;;x
PROV468;아비뇽;;;;;;;;;;;;;x
PROV469;발랑스;;;;;;;;;;;;;x
PROV470;툴롱;;;;;;;;;;;;;x
PROV471;디뉴레뱅;;;;;;;;;;;;;x
PROV472;니차;;;;;;;;;;;;;x
PROV473;코르테;;;;;;;;;;;;;x
PROV474;라 코루냐;;;;;;;;;;;;;x
PROV475;오비에도;;;;;;;;;;;;;x
PROV476;폰테베드라;;;;;;;;;;;;;x
PROV477;레온;;;;;;;;;;;;;x
PROV478;산탄데르;;;;;;;;;;;;;x
PROV479;부르고스;;;;;;;;;;;;;x
PROV480;바야돌리드;;;;;;;;;;;;;x
PROV481;소리아;;;;;;;;;;;;;x
PROV482;살라만카;;;;;;;;;;;;;x
PROV483;아빌라;;;;;;;;;;;;;x
PROV484;바다호스;;;;;;;;;;;;;x
PROV485;알멘드랄레호;;;;;;;;;;;;;x
PROV486;카세레스;;;;;;;;;;;;;x
PROV487;마드리드;;;;;;;;;;;;;x
PROV488;과달라하라;;;;;;;;;;;;;x
PROV489;톨레도;;;;;;;;;;;;;x
PROV490;쿠엔카;;;;;;;;;;;;;x
PROV491;시우다드 레알;;;;;;;;;;;;;x
PROV492;빌바오;;;;;;;;;;;;;x
PROV493;팜플로나;;;;;;;;;;;;;x
PROV494;로그로뇨;;;;;;;;;;;;;x
PROV495;사라고사;;;;;;;;;;;;;x
PROV496;후에스카;;;;;;;;;;;;;x
PROV497;테루엘;;;;;;;;;;;;;x
PROV498;바르셀로나;;;;;;;;;;;;;x
PROV499;헤로나;;;;;;;;;;;;;x
PROV500;레리다;;;;;;;;;;;;;x
PROV501;타라고나;;;;;;;;;;;;;x
PROV502;카브레라;;;;;;;;;;;;;x
PROV503;발렌시아;;;;;;;;;;;;;x
PROV504;카스테욘데라플라나;;;;;;;;;;;;;x
PROV505;알리칸테;;;;;;;;;;;;;x
PROV506;카르타헤나;;;;;;;;;;;;;x
PROV507;무르시아;;;;;;;;;;;;;x
PROV508;알바세테;;;;;;;;;;;;;x
PROV509;세비야;;;;;;;;;;;;;x
PROV510;코르도바;;;;;;;;;;;;;x
PROV511;우엘바;;;;;;;;;;;;;x
PROV512;카디즈;;;;;;;;;;;;;x
PROV513;그라나다;;;;;;;;;;;;;x
PROV514;말라가;;;;;;;;;;;;;x
PROV515;알메리아;;;;;;;;;;;;;x
PROV516;하엔;;;;;;;;;;;;;x
PROV517;지브롤터;;;;;;;;;;;;;x
PROV518;브라가;;;;;;;;;;;;;x
PROV519;빌라헤알;;;;;;;;;;;;;x
PROV520;코빌량;;;;;;;;;;;;;x
PROV521;리스보아;;;;;;;;;;;;;x
PROV522;코임브라;;;;;;;;;;;;;x
PROV523;아브란테스;;;;;;;;;;;;;x
PROV524;세투발;;;;;;;;;;;;;x
PROV525;에보라;;;;;;;;;;;;;x
PROV526;베자;;;;;;;;;;;;;x
PROV527;파로;;;;;;;;;;;;;x
PROV528;브레머푀르데;;;;;;;;;;;;;x
PROV529;라우엔부르크;;;;;;;;;;;;;x
PROV530;노이슈타트인홀슈타인;;;;;;;;;;;;;x
PROV531;슈타데;;;;;;;;;;;;;x
PROV532;뤼네부르크;;;;;;;;;;;;;x
PROV533;헬리골란드;;;;;;;;;;;;;x
PROV534;하노버;;;;;;;;;;;;;x
PROV535;오스터홀츠;;;;;;;;;;;;;x
PROV536;브라운슈바이크;;;;;;;;;;;;;x
PROV537;괴팅겐;;;;;;;;;;;;;x
PROV538;오스나브뤼크;;;;;;;;;;;;;x
PROV539;브레머하펜;;;;;;;;;;;;;x
PROV540;올덴부르크;;;;;;;;;;;;;x
PROV541;페히타;;;;;;;;;;;;;x
PROV542;린겐;;;;;;;;;;;;;x
PROV543;엠덴;;;;;;;;;;;;;x
PROV544;슈베린;;;;;;;;;;;;;x
PROV545;노이슈트렐리츠;;;;;;;;;;;;;x
PROV546;스테틴;;;;;;;;;;;;;x
PROV547;프렌츨라우;;;;;;;;;;;;;x
PROV548;슈트랄준트;;;;;;;;;;;;;x
PROV549;베를린;;;;;;;;;;;;;x
PROV550;베르나우;;;;;;;;;;;;;x
PROV551;프리츠발크;;;;;;;;;;;;;x
PROV552;코트부스;;;;;;;;;;;;;x
PROV553;마그데부르크;;;;;;;;;;;;;x
PROV554;에르푸르트;;;;;;;;;;;;;x
PROV555;데사우;;;;;;;;;;;;;x
PROV556;할레;;;;;;;;;;;;;x
PROV557;비텐베르크;;;;;;;;;;;;;x
PROV558;드레스덴;;;;;;;;;;;;;x
PROV559;라이프치히;;;;;;;;;;;;;x
PROV560;켐니츠;;;;;;;;;;;;;x
PROV561;알슈테트;;;;;;;;;;;;;x
PROV562;아이제나흐;;;;;;;;;;;;;x
PROV563;마이닝겐;;;;;;;;;;;;;x
PROV564;프랑크푸르트;;;;;;;;;;;;;x
PROV565;위스바덴;;;;;;;;;;;;;x
PROV566;카셀;;;;;;;;;;;;;x
PROV567;프리트베르크;;;;;;;;;;;;;x
PROV568;풀다;;;;;;;;;;;;;x
PROV569;만하임;;;;;;;;;;;;;x
PROV570;마인츠;;;;;;;;;;;;;x
PROV571;카이저슬라우테른;;;;;;;;;;;;;x
PROV572;트리어;;;;;;;;;;;;;x
PROV573;자르브뤼켄;;;;;;;;;;;;;x
PROV574;코블렌츠;;;;;;;;;;;;;x
PROV575;쾰른;;;;;;;;;;;;;x
PROV576;비트버그;;;;;;;;;;;;;x
PROV577;솔링겐;;;;;;;;;;;;;x
PROV578;뒤셀도르프;;;;;;;;;;;;;x
PROV579;굼머스바흐;;;;;;;;;;;;;x
PROV580;조스트;;;;;;;;;;;;;x
PROV581;뮌스터;;;;;;;;;;;;;x
PROV582;민덴;;;;;;;;;;;;;x
PROV583;시겐;;;;;;;;;;;;;x
PROV584;슈말렌베르크;;;;;;;;;;;;;x
PROV585;데트몰트;;;;;;;;;;;;;x
PROV586;칼스루헤;;;;;;;;;;;;;x
PROV587;프라이부르크;;;;;;;;;;;;;x
PROV588;콘스탄츠;;;;;;;;;;;;;x
PROV589;슈투트가르트;;;;;;;;;;;;;x
PROV590;하일브론;;;;;;;;;;;;;x
PROV591;튀빙겐;;;;;;;;;;;;;x
PROV592;아우크스부르크;;;;;;;;;;;;;x
PROV593;울름;;;;;;;;;;;;;x
PROV594;시그마링겐;;;;;;;;;;;;;x
PROV595;뉘른베르크;;;;;;;;;;;;;x
PROV596;아샤펜부르크;;;;;;;;;;;;;x
PROV597;뷔르츠부르크;;;;;;;;;;;;;x
PROV598;바이로이트;;;;;;;;;;;;;x
PROV599;뮌헨;;;;;;;;;;;;;x
PROV600;란츠후트;;;;;;;;;;;;;x
PROV601;잉골슈타트;;;;;;;;;;;;;x
PROV602;레겐스부르크;;;;;;;;;;;;;x
PROV603;취리히;;;;;;;;;;;;;x
PROV604;바젤;;;;;;;;;;;;;x
PROV605;베른;;;;;;;;;;;;;x
PROV606;루체른;;;;;;;;;;;;;x
PROV607;제네바;;;;;;;;;;;;;x
PROV608;뇌샤텔;;;;;;;;;;;;;x
PROV609;시온;;;;;;;;;;;;;x
PROV610;포나페;;;;;;;;;;;;;x
PROV611;슐스;;;;;;;;;;;;;x
PROV612;인스브루크;;;;;;;;;;;;;x
PROV613;잘츠부르크;;;;;;;;;;;;;x
PROV614;브레겐츠;;;;;;;;;;;;;x
PROV615;리엔츠;;;;;;;;;;;;;x
PROV616;그라츠;;;;;;;;;;;;;x
PROV617;유덴부르크;;;;;;;;;;;;;x
PROV618;클라겐푸르트;;;;;;;;;;;;;x
PROV619;빈;;;;;;;;;;;;;x
PROV620;장크트폴텐;;;;;;;;;;;;;x
PROV621;크렘스;;;;;;;;;;;;;x
PROV622;린즈;;;;;;;;;;;;;x
PROV623;외덴부르크;;;;;;;;;;;;;x
PROV624;아이젠슈타트;;;;;;;;;;;;;x
PROV625;프라하;;;;;;;;;;;;;x
PROV626;쾨니히그레츠;;;;;;;;;;;;;x
PROV627;칼스바드;;;;;;;;;;;;;x
PROV628;히르슈베르크;;;;;;;;;;;;;x
PROV629;필센;;;;;;;;;;;;;x
PROV630;부트바이스;;;;;;;;;;;;;x
PROV631;브륀;;;;;;;;;;;;;x
PROV632;올뮈츠;;;;;;;;;;;;;x
PROV633;프레스부르크;;;;;;;;;;;;;x
PROV634;노이트라;;;;;;;;;;;;;x
PROV635;코모른;;;;;;;;;;;;;x
PROV636;노이졸;;;;;;;;;;;;;x
PROV637;로젠베르크;;;;;;;;;;;;;x
PROV638;카샤우;;;;;;;;;;;;;x
PROV639;에게르제;;;;;;;;;;;;;x
PROV640;퓐프키르헨;;;;;;;;;;;;;x
PROV641;페스트;;;;;;;;;;;;;x
PROV642;라브;;;;;;;;;;;;;x
PROV643;슈툴바이센부르크;;;;;;;;;;;;;x
PROV644;루퍼츠부르크;;;;;;;;;;;;;x
PROV645;케치케메트;;;;;;;;;;;;;x
PROV646;미슈콜츠;;;;;;;;;;;;;x
PROV647;그로스바르다인;;;;;;;;;;;;;x
PROV648;데브레친;;;;;;;;;;;;;x
PROV649;세게딘;;;;;;;;;;;;;x
PROV650;차베;;;;;;;;;;;;;x
PROV651;너지카로이;;;;;;;;;;;;;x
PROV652;테메슈부르크;;;;;;;;;;;;;x
PROV653;레시치;;;;;;;;;;;;;x
PROV654;클라우젠부르크;;;;;;;;;;;;;x
PROV655;칼스부르크;;;;;;;;;;;;;x
PROV656;디므리히;;;;;;;;;;;;;x
PROV657;헤르만슈타트;;;;;;;;;;;;;x
PROV658;샌드위치 제도;;;;;;;;;;;;;x
PROV659;크론슈타트;;;;;;;;;;;;;x
PROV660;오더헬렌;;;;;;;;;;;;;x
PROV661;비스트리츠;;;;;;;;;;;;;x
PROV662;체르노비츠;;;;;;;;;;;;;x
PROV663;소첸;;;;;;;;;;;;;x
PROV664;부쿠레스티;;;;;;;;;;;;;x
PROV665;트르구지우;;;;;;;;;;;;;x
PROV666;크라이오바;;;;;;;;;;;;;x
PROV667;트르고비슈테;;;;;;;;;;;;;x
PROV668;브러일라;;;;;;;;;;;;;x
PROV669;칼라라시;;;;;;;;;;;;;x
PROV670;이아시;;;;;;;;;;;;;x
PROV671;보토사니;;;;;;;;;;;;;x
PROV672;바카우;;;;;;;;;;;;;x
PROV673;카굴;;;;;;;;;;;;;x
PROV674;쾨스텐제;;;;;;;;;;;;;x
PROV675;술리나;;;;;;;;;;;;;x
PROV676;키시뇨프;;;;;;;;;;;;;x
PROV677;벨고로드드네스트롭스키;;;;;;;;;;;;;x
PROV678;투치코프;;;;;;;;;;;;;x
PROV679;콜베르크;;;;;;;;;;;;;x
PROV680;쾨슬린;;;;;;;;;;;;;x
PROV681;퀴스트린;;;;;;;;;;;;;x
PROV682;브레슬라우;;;;;;;;;;;;;x
PROV683;발덴부르크;;;;;;;;;;;;;x
PROV684;오펠른;;;;;;;;;;;;;x
PROV685;카토위츠;;;;;;;;;;;;;x
PROV686;메르브;;;;;;;;;;;;;x
PROV687;괴를리츠;;;;;;;;;;;;;x
PROV688;트로파우;;;;;;;;;;;;;x
PROV689;테셴;;;;;;;;;;;;;x
PROV690;단치히;;;;;;;;;;;;;x
PROV691;투헬;;;;;;;;;;;;;x
PROV692;도이치 크로네;;;;;;;;;;;;;x
PROV693;엘빙;;;;;;;;;;;;;x
PROV694;토른;;;;;;;;;;;;;x
PROV695;쾨니히스베르크;;;;;;;;;;;;;x
PROV696;알렌슈타인;;;;;;;;;;;;;x
PROV697;마리엔워더;;;;;;;;;;;;;x
PROV698;메멜;;;;;;;;;;;;;x
PROV699;포센;;;;;;;;;;;;;x
PROV700;브롬베르크;;;;;;;;;;;;;x
PROV701;리사;;;;;;;;;;;;;x
PROV702;렘베르크;;;;;;;;;;;;;x
PROV703;미에후프;;;;;;;;;;;;;x
PROV704;노이잔데츠;;;;;;;;;;;;;x
PROV705;프리미셀;;;;;;;;;;;;;x
PROV706;바르샤바;;;;;;;;;;;;;x
PROV707;수발키;;;;;;;;;;;;;x
PROV708;플롯스크;;;;;;;;;;;;;x
PROV709;롬자;;;;;;;;;;;;;x
PROV710;스케르네비치;;;;;;;;;;;;;x
PROV711;루블린;;;;;;;;;;;;;x
PROV712;우치;;;;;;;;;;;;;x
PROV713;라돔;;;;;;;;;;;;;x
PROV714;리스코;;;;;;;;;;;;;x
PROV715;비아와포들라스카;;;;;;;;;;;;;x
PROV716;켈치;;;;;;;;;;;;;x
PROV717;칼리시;;;;;;;;;;;;;x
PROV718;민스크;;;;;;;;;;;;;x
PROV719;비엘로스토크;;;;;;;;;;;;;x
PROV720;토리노;;;;;;;;;;;;;x
PROV721;아오스타;;;;;;;;;;;;;x
PROV722;노바라;;;;;;;;;;;;;x
PROV723;알레산드리아;;;;;;;;;;;;;x
PROV724;제노바;;;;;;;;;;;;;x
PROV725;사보나;;;;;;;;;;;;;x
PROV726;마일란트;;;;;;;;;;;;;x
PROV727;벨슈베르겐;;;;;;;;;;;;;x
PROV728;벨슈브릭센;;;;;;;;;;;;;x
PROV729;트레비소;;;;;;;;;;;;;x
PROV730;디트리히스베른;;;;;;;;;;;;;x
PROV731;에스텐;;;;;;;;;;;;;x
PROV732;비첸차;;;;;;;;;;;;;x
PROV733;바이덴;;;;;;;;;;;;;x
PROV734;트리엔트;;;;;;;;;;;;;x
PROV735;보첸;;;;;;;;;;;;;x
PROV736;트리에스테;;;;;;;;;;;;;x
PROV737;괴르츠;;;;;;;;;;;;;x
PROV738;파르마;;;;;;;;;;;;;x
PROV739;모데나;;;;;;;;;;;;;x
PROV740;마사;;;;;;;;;;;;;x
PROV741;볼로냐;;;;;;;;;;;;;x
PROV742;페라라;;;;;;;;;;;;;x
PROV743;라벤나;;;;;;;;;;;;;x
PROV744;피렌체;;;;;;;;;;;;;x
PROV745;리보르노;;;;;;;;;;;;;x
PROV746;루카;;;;;;;;;;;;;x
PROV747;시에나;;;;;;;;;;;;;x
PROV748;그로세토;;;;;;;;;;;;;x
PROV749;로마;;;;;;;;;;;;;x
PROV750;비테르보;;;;;;;;;;;;;x
PROV751;페루지아;;;;;;;;;;;;;x
PROV752;안코나;;;;;;;;;;;;;x
PROV753;라퀼라;;;;;;;;;;;;;x
PROV754;나폴리;;;;;;;;;;;;;x
PROV755;살레르노;;;;;;;;;;;;;x
PROV756;바리;;;;;;;;;;;;;x
PROV757;포지아;;;;;;;;;;;;;x
PROV758;브린디시;;;;;;;;;;;;;x
PROV759;레조디칼라브리아;;;;;;;;;;;;;x
PROV760;카탄자로;;;;;;;;;;;;;x
PROV761;포텐자;;;;;;;;;;;;;x
PROV762;팔레르모;;;;;;;;;;;;;x
PROV763;메시나;;;;;;;;;;;;;x
PROV764;카타니아;;;;;;;;;;;;;x
PROV765;칼리아리;;;;;;;;;;;;;x
PROV766;사사리;;;;;;;;;;;;;x
PROV767;마르부르크;;;;;;;;;;;;;x
PROV768;라이바흐;;;;;;;;;;;;;x
PROV769;아델스베르크;;;;;;;;;;;;;x
PROV770;폴리;;;;;;;;;;;;;x
PROV771;아그람;;;;;;;;;;;;;x
PROV772;시세크;;;;;;;;;;;;;x
PROV773;젠그;;;;;;;;;;;;;x
PROV774;슬루인;;;;;;;;;;;;;x
PROV775;와라스딘;;;;;;;;;;;;;x
PROV776;벨로와르;;;;;;;;;;;;;x
PROV777;포셰그;;;;;;;;;;;;;x
PROV778;장크트바이트;;;;;;;;;;;;;x
PROV779;에세크;;;;;;;;;;;;;x
PROV780;스팔라토;;;;;;;;;;;;;x
PROV781;자라;;;;;;;;;;;;;x
PROV782;라구사;;;;;;;;;;;;;x
PROV783;사라이보스나;;;;;;;;;;;;;x
PROV784;비하치;;;;;;;;;;;;;x
PROV785;바냐루카;;;;;;;;;;;;;x
PROV786;비옐리나;;;;;;;;;;;;;x
PROV787;포차;;;;;;;;;;;;;x
PROV788;트레빈예;;;;;;;;;;;;;x
PROV789;모스타르;;;;;;;;;;;;;x
PROV790;키트웨;;;;;;;;;;;;;x
PROV791;지르미슈미트로비츠;;;;;;;;;;;;;x
PROV792;판체보;;;;;;;;;;;;;x
PROV793;데르벤트;;;;;;;;;;;;;x
PROV794;베오그라드;;;;;;;;;;;;;x
PROV795;보르;;;;;;;;;;;;;x
PROV796;포자레바츠;;;;;;;;;;;;;x
PROV797;크라구예바츠;;;;;;;;;;;;;x
PROV798;니시;;;;;;;;;;;;;x
PROV799;셰히르쾨이;;;;;;;;;;;;;x
PROV800;울치니;;;;;;;;;;;;;x
PROV801;소시에테 제도;;;;;;;;;;;;;x
PROV802;프리슈티나;;;;;;;;;;;;;x
PROV803;이페크;;;;;;;;;;;;;x
PROV804;세니체;;;;;;;;;;;;;x
PROV805;보디나;;;;;;;;;;;;;x
PROV806;스코페;;;;;;;;;;;;;x
PROV807;슈티프;;;;;;;;;;;;;x
PROV808;페트리치;;;;;;;;;;;;;x
PROV809;소피아;;;;;;;;;;;;;x
PROV810;비딘;;;;;;;;;;;;;x
PROV811;루스추크;;;;;;;;;;;;;x
PROV812;플레브네;;;;;;;;;;;;;x
PROV813;예니제이바르다르;;;;;;;;;;;;;x
PROV814;바르나;;;;;;;;;;;;;x
PROV815;바타크;;;;;;;;;;;;;x
PROV816;에스키 자그라;;;;;;;;;;;;;x
PROV817;부르가즈;;;;;;;;;;;;;x
PROV818;실리스트레;;;;;;;;;;;;;x
PROV819;시로즈;;;;;;;;;;;;;x
PROV820;케시례;;;;;;;;;;;;;x
PROV821;카라페리예;;;;;;;;;;;;;x
PROV822;셀라니크;;;;;;;;;;;;;x
PROV823;랑가자;;;;;;;;;;;;;x
PROV824;얀야;;;;;;;;;;;;;x
PROV825;이스케체;;;;;;;;;;;;;x
PROV826;케르키라;;;;;;;;;;;;;x
PROV827;자킨토스;;;;;;;;;;;;;x
PROV828;에디르네;;;;;;;;;;;;;x
PROV829;귀뮐지네;;;;;;;;;;;;;x
PROV830;디메토카;;;;;;;;;;;;;x
PROV831;알라소냐;;;;;;;;;;;;;x
PROV832;쿨루즈;;;;;;;;;;;;;x
PROV833;티르할라;;;;;;;;;;;;;x
PROV834;아티나이;;;;;;;;;;;;;x
PROV835;암피사;;;;;;;;;;;;;x
PROV836;라미아;;;;;;;;;;;;;x
PROV837;아이톨로아카르나니아;;;;;;;;;;;;;x
PROV838;찰키스;;;;;;;;;;;;;x
PROV839;나프플리온;;;;;;;;;;;;;x
PROV840;코린토스;;;;;;;;;;;;;x
PROV841;미초바;;;;;;;;;;;;;x
PROV842;파트라이;;;;;;;;;;;;;x
PROV843;시삼;;;;;;;;;;;;;x
PROV844;미딜리;;;;;;;;;;;;;x
PROV845;키클라데스;;;;;;;;;;;;;x
PROV846;멘테셰 제도;;;;;;;;;;;;;x
PROV847;하니아;;;;;;;;;;;;;x
PROV848;간디예;;;;;;;;;;;;;x
PROV849;티란;;;;;;;;;;;;;x
PROV850;이스코드라;;;;;;;;;;;;;x
PROV851;디비클리;;;;;;;;;;;;;x
PROV852;벨그라드-이 아르나부드;;;;;;;;;;;;;x
PROV853;에르기리카스리;;;;;;;;;;;;;x
PROV854;몰타;;;;;;;;;;;;;x
PROV855;레프코사;;;;;;;;;;;;;x
PROV856;호라산;;;;;;;;;;;;;x
PROV857;가지마구사;;;;;;;;;;;;;x
PROV858;우준쾨프뤼;;;;;;;;;;;;;x
PROV859;겔리볼루;;;;;;;;;;;;;x
PROV860;코스탄티니예;;;;;;;;;;;;;x
PROV861;위스퀴다르;;;;;;;;;;;;;x
PROV862;이즈미트;;;;;;;;;;;;;x
PROV863;부르사;;;;;;;;;;;;;x
PROV864;발라트;;;;;;;;;;;;;x
PROV865;차나칼레;;;;;;;;;;;;;x
PROV866;이네괼;;;;;;;;;;;;;x
PROV867;막리;;;;;;;;;;;;;x
PROV868;아피온;;;;;;;;;;;;;x
PROV869;이즈미르;;;;;;;;;;;;;x
PROV870;우샤크;;;;;;;;;;;;;x
PROV871;데니즐리;;;;;;;;;;;;;x
PROV872;무을라;;;;;;;;;;;;;x
PROV873;코니아;;;;;;;;;;;;;x
PROV874;이즈바르타;;;;;;;;;;;;;x
PROV875;안탈리아;;;;;;;;;;;;;x
PROV876;앙카라;;;;;;;;;;;;;x
PROV877;요즈갓;;;;;;;;;;;;;x
PROV878;시바스;;;;;;;;;;;;;x
PROV879;에르진칸;;;;;;;;;;;;;x
PROV880;시노프;;;;;;;;;;;;;x
PROV881;볼루;;;;;;;;;;;;;x
PROV882;트라브존;;;;;;;;;;;;;x
PROV883;삼순;;;;;;;;;;;;;x
PROV884;기레순;;;;;;;;;;;;;x
PROV885;카르스;;;;;;;;;;;;;x
PROV886;아르다누치;;;;;;;;;;;;;x
PROV887;겐치;;;;;;;;;;;;;x
PROV888;데르심;;;;;;;;;;;;;x
PROV889;우르파;;;;;;;;;;;;;x
PROV890;아르제시;;;;;;;;;;;;;x
PROV891;비틀리스;;;;;;;;;;;;;x
PROV892;반;;;;;;;;;;;;;x
PROV893;마라시;;;;;;;;;;;;;x
PROV894;아다나;;;;;;;;;;;;;x
PROV895;이첼;;;;;;;;;;;;;x
PROV896;메르신;;;;;;;;;;;;;x
PROV897;알레포;;;;;;;;;;;;;x
PROV898;안테프;;;;;;;;;;;;;x
PROV899;악차칼레;;;;;;;;;;;;;x
PROV900;안타키야;;;;;;;;;;;;;x
PROV901;하시치;;;;;;;;;;;;;x
PROV902;디메스크;;;;;;;;;;;;;x
PROV903;후무스;;;;;;;;;;;;;x
PROV904;락카;;;;;;;;;;;;;x
PROV905;알라디키야;;;;;;;;;;;;;x
PROV906;아스수웨이다;;;;;;;;;;;;;x
PROV907;팔미라;;;;;;;;;;;;;x
PROV908;마안;;;;;;;;;;;;;x
PROV909;암만;;;;;;;;;;;;;x
PROV910;아즈라크;;;;;;;;;;;;;x
PROV911;무다와라;;;;;;;;;;;;;x
PROV912;바알베크;;;;;;;;;;;;;x
PROV913;베이루트;;;;;;;;;;;;;x
PROV914;트라블러스;;;;;;;;;;;;;x
PROV915;세이다;;;;;;;;;;;;;x
PROV916;악카;;;;;;;;;;;;;x
PROV917;예루살렘;;;;;;;;;;;;;x
PROV918;나블루스;;;;;;;;;;;;;x
PROV919;야파;;;;;;;;;;;;;x
PROV920;가제;;;;;;;;;;;;;x
PROV921;비르 알사비;;;;;;;;;;;;;x
PROV922;아카바;;;;;;;;;;;;;x
PROV923;모술;;;;;;;;;;;;;x
PROV924;자호;;;;;;;;;;;;;x
PROV925;실레마니;;;;;;;;;;;;;x
PROV926;바그다드;;;;;;;;;;;;;x
PROV927;사마라;;;;;;;;;;;;;x
PROV928;레완디즈;;;;;;;;;;;;;x
PROV929;케르벨라;;;;;;;;;;;;;x
PROV930;쿠트;;;;;;;;;;;;;x
PROV931;아르루트바;;;;;;;;;;;;;x
PROV932;바스라;;;;;;;;;;;;;x
PROV933;알 문타픽;;;;;;;;;;;;;x
PROV934;네제프;;;;;;;;;;;;;x
PROV935;마디나트 알 쿠웨이트;;;;;;;;;;;;;x
PROV936;볼코비스크;;;;;;;;;;;;;x
PROV937;프루자니;;;;;;;;;;;;;x
PROV938;오시먀나;;;;;;;;;;;;;x
PROV939;슬로님;;;;;;;;;;;;;x
PROV940;샤츠크;;;;;;;;;;;;;x
PROV941;루니네츠;;;;;;;;;;;;;x
PROV942;카멘카시르스키;;;;;;;;;;;;;x
PROV943;스몰렌스크;;;;;;;;;;;;;x
PROV944;모기요프;;;;;;;;;;;;;x
PROV945;비테브스크;;;;;;;;;;;;;x
PROV946;크리체프;;;;;;;;;;;;;x
PROV947;몰로데치노;;;;;;;;;;;;;x
PROV948;슬루츠크;;;;;;;;;;;;;x
PROV949;고멜;;;;;;;;;;;;;x
PROV950;추스트;;;;;;;;;;;;;x
PROV951;스트리이;;;;;;;;;;;;;x
PROV952;타르노폴;;;;;;;;;;;;;x
PROV953;스타니슬라우;;;;;;;;;;;;;x
PROV954;빈니차;;;;;;;;;;;;;x
PROV955;카메네츠-포돌스키;;;;;;;;;;;;;x
PROV956;로브노;;;;;;;;;;;;;x
PROV957;코벨;;;;;;;;;;;;;x
PROV958;키예프;;;;;;;;;;;;;x
PROV959;지토미르;;;;;;;;;;;;;x
PROV960;베르디체프;;;;;;;;;;;;;x
PROV961;우만;;;;;;;;;;;;;x
PROV962;체르니고프;;;;;;;;;;;;;x
PROV963;루브니;;;;;;;;;;;;;x
PROV964;심페로폴;;;;;;;;;;;;;x
PROV965;카호프카;;;;;;;;;;;;;x
PROV966;케르치;;;;;;;;;;;;;x
PROV967;세바스토폴;;;;;;;;;;;;;x
PROV968;오데사;;;;;;;;;;;;;x
PROV969;티라스폴;;;;;;;;;;;;;x
PROV970;니콜라예프;;;;;;;;;;;;;x
PROV971;크리보이로크;;;;;;;;;;;;;x
PROV972;폴타바;;;;;;;;;;;;;x
PROV973;노보올렉산드리우카;;;;;;;;;;;;;x
PROV974;사크사간;;;;;;;;;;;;;x
PROV975;알렉산드로브카;;;;;;;;;;;;;x
PROV976;마리우폴;;;;;;;;;;;;;x
PROV977;리고프;;;;;;;;;;;;;x
PROV978;하르코프;;;;;;;;;;;;;x
PROV979;노보체르카스크;;;;;;;;;;;;;x
PROV980;로시시-포투단;;;;;;;;;;;;;x
PROV981;아르한겔스크;;;;;;;;;;;;;x
PROV982;페첸가;;;;;;;;;;;;;x
PROV983;포로제로;;;;;;;;;;;;;x
PROV984;우크타;;;;;;;;;;;;;x
PROV985;메젠;;;;;;;;;;;;;x
PROV986;오스킨스카자;;;;;;;;;;;;;x
PROV987;코틀라스;;;;;;;;;;;;;x
PROV988;포베네츠;;;;;;;;;;;;;x
PROV989;볼로그다;;;;;;;;;;;;;x
PROV990;벨리키우스튜크;;;;;;;;;;;;;x
PROV991;토트마;;;;;;;;;;;;;x
PROV992;체레포베츠;;;;;;;;;;;;;x
PROV993;비테그라;;;;;;;;;;;;;x
PROV994;트-피터부르크;;;;;;;;;;;;;x
PROV995;콘도포가;;;;;;;;;;;;;x
PROV996;사바강 유역;;;;;;;;;;;;;x
PROV997;그도프;;;;;;;;;;;;;x
PROV998;트베리;;;;;;;;;;;;;x
PROV999;시초프카;;;;;;;;;;;;;x
PROV1000;르제프;;;;;;;;;;;;;x
PROV1001;우글리치;;;;;;;;;;;;;x
PROV1002;만저우리;;;;;;;;;;;;;x
PROV1003;노브고로드;;;;;;;;;;;;;x
PROV1004;티크빈;;;;;;;;;;;;;x
PROV1005;벨리키예 루키;;;;;;;;;;;;;x
PROV1006;프스코프;;;;;;;;;;;;;x
PROV1007;네벨;;;;;;;;;;;;;x
PROV1008;모스크바;;;;;;;;;;;;;x
PROV1009;모자이스크;;;;;;;;;;;;;x
PROV1010;칼루가;;;;;;;;;;;;;x
PROV1011;툴라;;;;;;;;;;;;;x
PROV1012;랴잔;;;;;;;;;;;;;x
PROV1013;블라디미르;;;;;;;;;;;;;x
PROV1014;류디노보;;;;;;;;;;;;;x
PROV1015;브랸스크;;;;;;;;;;;;;x
PROV1016;스타로두프;;;;;;;;;;;;;x
PROV1017;오룔;;;;;;;;;;;;;x
PROV1018;벨고로드;;;;;;;;;;;;;x
PROV1019;보로네즈;;;;;;;;;;;;;x
PROV1020;니즈니 노브고로드;;;;;;;;;;;;;x
PROV1021;모르샨스크;;;;;;;;;;;;;x
PROV1022;코브로프;;;;;;;;;;;;;x
PROV1023;코스트로마;;;;;;;;;;;;;x
PROV1024;갈리치;;;;;;;;;;;;;x
PROV1025;탐보브;;;;;;;;;;;;;x
PROV1026;페름;;;;;;;;;;;;;x
PROV1027;베틀루가;;;;;;;;;;;;;x
PROV1028;뱟카;;;;;;;;;;;;;x
PROV1029;글라조프;;;;;;;;;;;;;x
PROV1030;카잔;;;;;;;;;;;;;x
PROV1031;우르좀;;;;;;;;;;;;;x
PROV1032;체복사르;;;;;;;;;;;;;x
PROV1033;펜자;;;;;;;;;;;;;x
PROV1034;사마라;;;;;;;;;;;;;x
PROV1035;사란스크;;;;;;;;;;;;;x
PROV1036;아스트라한;;;;;;;;;;;;;x
PROV1037;사라토프;;;;;;;;;;;;;x
PROV1038;노비우젠;;;;;;;;;;;;;x
PROV1039;미하일로프카;;;;;;;;;;;;;x
PROV1040;베즈로드노예;;;;;;;;;;;;;x
PROV1041;칼미키아;;;;;;;;;;;;;x
PROV1042;우파;;;;;;;;;;;;;x
PROV1043;부줄루크;;;;;;;;;;;;;x
PROV1044;오렌부르크;;;;;;;;;;;;;x
PROV1045;보콥스카야;;;;;;;;;;;;;x
PROV1046;예고를리크스카야;;;;;;;;;;;;;x
PROV1047;로스토프나도누;;;;;;;;;;;;;x
PROV1048;예카테리노다르;;;;;;;;;;;;;x
PROV1049;수죽칼레;;;;;;;;;;;;;x
PROV1050;스타브로폴;;;;;;;;;;;;;x
PROV1051;마이코프;;;;;;;;;;;;;x
PROV1052;데르벤트;;;;;;;;;;;;;x
PROV1053;구니브;;;;;;;;;;;;;x
PROV1054;블라디카브카즈;;;;;;;;;;;;;x
PROV1055;그로즈니;;;;;;;;;;;;;x
PROV1056;퍄티고르스크;;;;;;;;;;;;;x
PROV1057;키질랴르;;;;;;;;;;;;;x
PROV1058;예카테린부르크;;;;;;;;;;;;;x
PROV1059;첼랴빈스크;;;;;;;;;;;;;x
PROV1060;오르스크;;;;;;;;;;;;;x
PROV1061;튜멘;;;;;;;;;;;;;x
PROV1062;베레조프;;;;;;;;;;;;;x
PROV1063;톰스크;;;;;;;;;;;;;x
PROV1064;옴스크;;;;;;;;;;;;;x
PROV1065;사마로보;;;;;;;;;;;;;x
PROV1066;토볼스크;;;;;;;;;;;;;x
PROV1067;바르나울;;;;;;;;;;;;;x
PROV1068;울랄라;;;;;;;;;;;;;x
PROV1069;빌류이스크;;;;;;;;;;;;;x
PROV1070;예니세이스크;;;;;;;;;;;;;x
PROV1071;케슘;;;;;;;;;;;;;x
PROV1072;오호츠크;;;;;;;;;;;;;x
PROV1073;지지가;;;;;;;;;;;;;x
PROV1074;페트로파블로브스크;;;;;;;;;;;;;x
PROV1075;이르쿠츠크;;;;;;;;;;;;;x
PROV1076;니즈네우딘스크;;;;;;;;;;;;;x
PROV1077;크라스노야르스크;;;;;;;;;;;;;x
PROV1078;치타;;;;;;;;;;;;;x
PROV1079;네르친스크;;;;;;;;;;;;;x
PROV1080;추미칸;;;;;;;;;;;;;x
PROV1081;야케사;;;;;;;;;;;;;x
PROV1082;하이선와이;;;;;;;;;;;;;x
PROV1083;보리;;;;;;;;;;;;;x
PROV1084;웃찬;;;;;;;;;;;;;x
PROV1085;하이란파오;;;;;;;;;;;;;x
PROV1086;포고비;;;;;;;;;;;;;x
PROV1087;오도마리;;;;;;;;;;;;;x
PROV1088;슘슈;;;;;;;;;;;;;x
PROV1089;에토로후;;;;;;;;;;;;;x
PROV1090;티플리스;;;;;;;;;;;;;x
PROV1091;츠힌발;;;;;;;;;;;;;x
PROV1092;쿠타이스;;;;;;;;;;;;;x
PROV1093;아할칼라키;;;;;;;;;;;;;x
PROV1094;포티;;;;;;;;;;;;;x
PROV1095;수후미;;;;;;;;;;;;;x
PROV1096;바투미;;;;;;;;;;;;;x
PROV1097;뉴칼레도니아;;;;;;;;;;;;;x
PROV1098;예레반;;;;;;;;;;;;;x
PROV1099;알렉산드로폴;;;;;;;;;;;;;x
PROV1100;카판;;;;;;;;;;;;;x
PROV1101;나히체반;;;;;;;;;;;;;x
PROV1102;바쿠;;;;;;;;;;;;;x
PROV1103;구바;;;;;;;;;;;;;x
PROV1104;누하;;;;;;;;;;;;;x
PROV1105;옐리자베트폴;;;;;;;;;;;;;x
PROV1106;아그담;;;;;;;;;;;;;x
PROV1107;란카란;;;;;;;;;;;;;x
PROV1108;타브리즈;;;;;;;;;;;;;x
PROV1109;호이;;;;;;;;;;;;;x
PROV1110;우르미예;;;;;;;;;;;;;x
PROV1111;사블락스;;;;;;;;;;;;;x
PROV1112;아르다빌;;;;;;;;;;;;;x
PROV1113;라슈트;;;;;;;;;;;;;x
PROV1114;노셰흐르;;;;;;;;;;;;;x
PROV1115;사리;;;;;;;;;;;;;x
PROV1116;고르간;;;;;;;;;;;;;x
PROV1117;사인;;;;;;;;;;;;;x
PROV1118;사케즈;;;;;;;;;;;;;x
PROV1119;케르만샤;;;;;;;;;;;;;x
PROV1120;호라마바드;;;;;;;;;;;;;x
PROV1121;테헤란;;;;;;;;;;;;;x
PROV1122;비자르;;;;;;;;;;;;;x
PROV1123;잔잔;;;;;;;;;;;;;x
PROV1124;카즈빈;;;;;;;;;;;;;x
PROV1125;곰;;;;;;;;;;;;;x
PROV1126;셈난;;;;;;;;;;;;;x
PROV1127;이스파한;;;;;;;;;;;;;x
PROV1128;아락;;;;;;;;;;;;;x
PROV1129;카샨;;;;;;;;;;;;;x
PROV1130;야즈드;;;;;;;;;;;;;x
PROV1131;아흐바즈;;;;;;;;;;;;;x
PROV1132;아바단;;;;;;;;;;;;;x
PROV1133;데즈풀;;;;;;;;;;;;;x
PROV1134;데코르드;;;;;;;;;;;;;x
PROV1135;시라즈;;;;;;;;;;;;;x
PROV1136;부시레;;;;;;;;;;;;;x
PROV1137;아바데;;;;;;;;;;;;;x
PROV1138;렝게;;;;;;;;;;;;;x
PROV1139;시르잔;;;;;;;;;;;;;x
PROV1140;케르만;;;;;;;;;;;;;x
PROV1141;반다르에 차락;;;;;;;;;;;;;x
PROV1142;반다르 압바스;;;;;;;;;;;;;x
PROV1143;밤;;;;;;;;;;;;;x
PROV1144;자헤단;;;;;;;;;;;;;x
PROV1145;자스크;;;;;;;;;;;;;x
PROV1146;차바하르;;;;;;;;;;;;;x
PROV1147;마슈하드;;;;;;;;;;;;;x
PROV1148;비르잔드;;;;;;;;;;;;;x
PROV1149;사브제바르;;;;;;;;;;;;;x
PROV1150;보즈누르드;;;;;;;;;;;;;x
PROV1151;메카;;;;;;;;;;;;;x
PROV1152;제다;;;;;;;;;;;;;x
PROV1153;메디나;;;;;;;;;;;;;x
PROV1154;타북;;;;;;;;;;;;;x
PROV1155;압하;;;;;;;;;;;;;x
PROV1156;카프;;;;;;;;;;;;;x
PROV1157;리야드;;;;;;;;;;;;;x
PROV1158;알네푸드;;;;;;;;;;;;;x
PROV1159;할라반;;;;;;;;;;;;;x
PROV1160;하일;;;;;;;;;;;;;x
PROV1161;샤루라;;;;;;;;;;;;;x
PROV1162;바레인;;;;;;;;;;;;;x
PROV1163;카티프;;;;;;;;;;;;;x
PROV1164;후푸프;;;;;;;;;;;;;x
PROV1165;도하;;;;;;;;;;;;;x
PROV1166;무스카트;;;;;;;;;;;;;x
PROV1167;아부다비;;;;;;;;;;;;;x
PROV1168;두바이;;;;;;;;;;;;;x
PROV1169;소하르;;;;;;;;;;;;;x
PROV1170;니즈와;;;;;;;;;;;;;x
PROV1171;수르;;;;;;;;;;;;;x
PROV1172;도파르산맥;;;;;;;;;;;;;x
PROV1173;무칼라;;;;;;;;;;;;;x
PROV1174;살랄라;;;;;;;;;;;;;x
PROV1175;가이다;;;;;;;;;;;;;x
PROV1176;베이다;;;;;;;;;;;;;x
PROV1177;소코트라;;;;;;;;;;;;;x
PROV1178;사나;;;;;;;;;;;;;x
PROV1179;알후다이다;;;;;;;;;;;;;x
PROV1180;알조프;;;;;;;;;;;;;x
PROV1181;아크몰린스크;;;;;;;;;;;;;x
PROV1182;구리예프;;;;;;;;;;;;;x
PROV1183;첼카르;;;;;;;;;;;;;x
PROV1184;파블로다르;;;;;;;;;;;;;x
PROV1185;슈;;;;;;;;;;;;;x
PROV1186;알마아타;;;;;;;;;;;;;x
PROV1187;세미팔라틴스크;;;;;;;;;;;;;x
PROV1188;카라탈;;;;;;;;;;;;;x
PROV1189;비슈케크;;;;;;;;;;;;;x
PROV1190;나린;;;;;;;;;;;;;x
PROV1191;히바;;;;;;;;;;;;;x
PROV1192;누쿠스;;;;;;;;;;;;;x
PROV1193;악메체트;;;;;;;;;;;;;x
PROV1194;아크타우;;;;;;;;;;;;;x
PROV1195;타슈켄트;;;;;;;;;;;;;x
PROV1196;쾨네우르겐치;;;;;;;;;;;;;x
PROV1197;투르키스탄;;;;;;;;;;;;;x
PROV1198;부호로;;;;;;;;;;;;;x
PROV1199;사마르칸트;;;;;;;;;;;;;x
PROV1200;카르시;;;;;;;;;;;;;x
PROV1201;호잔드;;;;;;;;;;;;;x
PROV1202;코칸드;;;;;;;;;;;;;x
PROV1203;탈라스;;;;;;;;;;;;;x
PROV1204;카라쿰 사막;;;;;;;;;;;;;x
PROV1205;베크다시;;;;;;;;;;;;;x
PROV1206;차르조우;;;;;;;;;;;;;x
PROV1207;쿨로브;;;;;;;;;;;;;x
PROV1208;알리추르;;;;;;;;;;;;;x
PROV1209;카불;;;;;;;;;;;;;x
PROV1210;파이자바드;;;;;;;;;;;;;x
PROV1211;셰베르한;;;;;;;;;;;;;x
PROV1212;쿠헤밀리키산맥;;;;;;;;;;;;;x
PROV1213;기리시크;;;;;;;;;;;;;x
PROV1214;파라;;;;;;;;;;;;;x
PROV1215;칸다하르;;;;;;;;;;;;;x
PROV1216;파란;;;;;;;;;;;;;x
PROV1217;가즈니;;;;;;;;;;;;;x
PROV1218;미안왈리;;;;;;;;;;;;;x
PROV1219;퀘타;;;;;;;;;;;;;x
PROV1220;차가이;;;;;;;;;;;;;x
PROV1221;칼랏;;;;;;;;;;;;;x
PROV1222;벨라;;;;;;;;;;;;;x
PROV1223;치트랄;;;;;;;;;;;;;x
PROV1224;스리나가르;;;;;;;;;;;;;x
PROV1225;스카르두;;;;;;;;;;;;;x
PROV1226;레;;;;;;;;;;;;;x
PROV1227;라호르;;;;;;;;;;;;;x
PROV1228;물탄;;;;;;;;;;;;;x
PROV1229;시알코트;;;;;;;;;;;;;x
PROV1230;아톡;;;;;;;;;;;;;x
PROV1231;바하왈푸르;;;;;;;;;;;;;x
PROV1232;샤푸르;;;;;;;;;;;;;x
PROV1233;심라;;;;;;;;;;;;;x
PROV1234;피로즈푸르;;;;;;;;;;;;;x
PROV1235;참바;;;;;;;;;;;;;x
PROV1236;델리;;;;;;;;;;;;;x
PROV1237;파니파트;;;;;;;;;;;;;x
PROV1238;카시푸르;;;;;;;;;;;;;x
PROV1239;메루트;;;;;;;;;;;;;x
PROV1240;아그라;;;;;;;;;;;;;x
PROV1241;칸푸르;;;;;;;;;;;;;x
PROV1242;러크나우;;;;;;;;;;;;;x
PROV1243;알라하바드;;;;;;;;;;;;;x
PROV1244;파이자바드;;;;;;;;;;;;;x
PROV1245;베나레스;;;;;;;;;;;;;x
PROV1246;고라크푸르;;;;;;;;;;;;;x
PROV1247;파트나;;;;;;;;;;;;;x
PROV1248;가야;;;;;;;;;;;;;x
PROV1249;하스와리;;;;;;;;;;;;;x
PROV1250;바갈푸르;;;;;;;;;;;;;x
PROV1251;칼커타;;;;;;;;;;;;;x
PROV1252;다질링;;;;;;;;;;;;;x
PROV1253;바드완;;;;;;;;;;;;;x
PROV1254;다카;;;;;;;;;;;;;x
PROV1255;라즈샤히;;;;;;;;;;;;;x
PROV1256;제소르;;;;;;;;;;;;;x
PROV1257;칫타공;;;;;;;;;;;;;x
PROV1258;가우하티;;;;;;;;;;;;;x
PROV1259;임팔;;;;;;;;;;;;;x
PROV1260;디브루가르;;;;;;;;;;;;;x
PROV1261;커택;;;;;;;;;;;;;x
PROV1262;케온자르;;;;;;;;;;;;;x
PROV1263;삼발푸르;;;;;;;;;;;;;x
PROV1264;아즈머;;;;;;;;;;;;;x
PROV1265;자이살머;;;;;;;;;;;;;x
PROV1266;조드푸르;;;;;;;;;;;;;x
PROV1267;비카네르;;;;;;;;;;;;;x
PROV1268;자이푸르;;;;;;;;;;;;;x
PROV1269;우다이푸르;;;;;;;;;;;;;x
PROV1270;괄리오르;;;;;;;;;;;;;x
PROV1271;인도르;;;;;;;;;;;;;x
PROV1272;보팔;;;;;;;;;;;;;x
PROV1273;차타르푸르;;;;;;;;;;;;;x
PROV1274;레와;;;;;;;;;;;;;x
PROV1275;자발푸르;;;;;;;;;;;;;x
PROV1276;호샹가바드;;;;;;;;;;;;;x
PROV1277;나그푸르;;;;;;;;;;;;;x
PROV1278;아마라바티;;;;;;;;;;;;;x
PROV1279;자그달푸르;;;;;;;;;;;;;x
PROV1280;라이푸르;;;;;;;;;;;;;x
PROV1281;빌라스푸르;;;;;;;;;;;;;x
PROV1282;라이가르;;;;;;;;;;;;;x
PROV1283;하이데라바드;;;;;;;;;;;;;x
PROV1284;아우랑가바드;;;;;;;;;;;;;x
PROV1285;니자마바드;;;;;;;;;;;;;x
PROV1286;굴바르가;;;;;;;;;;;;;x
PROV1287;와랑갈;;;;;;;;;;;;;x
PROV1288;카라치;;;;;;;;;;;;;x
PROV1289;수쿠르;;;;;;;;;;;;;x
PROV1290;팔란푸르;;;;;;;;;;;;;x
PROV1291;아마다바드;;;;;;;;;;;;;x
PROV1292;라지피플라;;;;;;;;;;;;;x
PROV1293;만드비;;;;;;;;;;;;;x
PROV1294;파탄;;;;;;;;;;;;;x
PROV1295;바로다;;;;;;;;;;;;;x
PROV1296;다람푸르;;;;;;;;;;;;;x
PROV1297;봄베이;;;;;;;;;;;;;x
PROV1298;나식;;;;;;;;;;;;;x
PROV1299;자트;;;;;;;;;;;;;x
PROV1300;푸나;;;;;;;;;;;;;x
PROV1301;콜하푸르;;;;;;;;;;;;;x
PROV1302;벨가움;;;;;;;;;;;;;x
PROV1303;고아;;;;;;;;;;;;;x
PROV1304;마드라스;;;;;;;;;;;;;x
PROV1305;비자가팟남;;;;;;;;;;;;;x
PROV1306;마술리파트남;;;;;;;;;;;;;x
PROV1307;넬로르;;;;;;;;;;;;;x
PROV1308;쿠르눌;;;;;;;;;;;;;x
PROV1309;탄조레;;;;;;;;;;;;;x
PROV1310;마두라이;;;;;;;;;;;;;x
PROV1311;코임바토레;;;;;;;;;;;;;x
PROV1312;퐁디셰리;;;;;;;;;;;;;x
PROV1313;방갈로르;;;;;;;;;;;;;x
PROV1314;마이소르;;;;;;;;;;;;;x
PROV1315;치탈드루그;;;;;;;;;;;;;x
PROV1316;망갈로르;;;;;;;;;;;;;x
PROV1317;캘리컷;;;;;;;;;;;;;x
PROV1318;코친;;;;;;;;;;;;;x
PROV1319;트라이반드럼;;;;;;;;;;;;;x
PROV1320;안다만 제도;;;;;;;;;;;;;x
PROV1321;콜롬보;;;;;;;;;;;;;x
PROV1322;자프나;;;;;;;;;;;;;x
PROV1323;캔디;;;;;;;;;;;;;x
PROV1324;트링코말리;;;;;;;;;;;;;x
PROV1325;몰디브;;;;;;;;;;;;;x
PROV1326;카트만두;;;;;;;;;;;;;x
PROV1327;줌라;;;;;;;;;;;;;x
PROV1328;렙차 문;;;;;;;;;;;;;x
PROV1329;팀푸;;;;;;;;;;;;;x
PROV1330;랑군;;;;;;;;;;;;;x
PROV1331;바세인;;;;;;;;;;;;;x
PROV1332;페구;;;;;;;;;;;;;x
PROV1333;퉁구;;;;;;;;;;;;;x
PROV1334;아바;;;;;;;;;;;;;x
PROV1335;차우크세;;;;;;;;;;;;;x
PROV1336;마그궤;;;;;;;;;;;;;x
PROV1337;프롬;;;;;;;;;;;;;x
PROV1338;타웅지;;;;;;;;;;;;;x
PROV1339;하카;;;;;;;;;;;;;x
PROV1340;라시오;;;;;;;;;;;;;x
PROV1341;푸타오;;;;;;;;;;;;;x
PROV1342;미치나;;;;;;;;;;;;;x
PROV1343;몰메인;;;;;;;;;;;;;x
PROV1344;메르기;;;;;;;;;;;;;x
PROV1345;시트웨;;;;;;;;;;;;;x
PROV1346;방콕;;;;;;;;;;;;;x
PROV1347;롭부리;;;;;;;;;;;;;x
PROV1348;나콘사완;;;;;;;;;;;;;x
PROV1349;수코타이;;;;;;;;;;;;;x
PROV1350;나콘 라차시마;;;;;;;;;;;;;x
PROV1351;프라친부리;;;;;;;;;;;;;x
PROV1352;푸껫;;;;;;;;;;;;;x
PROV1353;라차부리;;;;;;;;;;;;;x
PROV1354;나콘 시 탐마랏;;;;;;;;;;;;;x
PROV1355;치앙마이;;;;;;;;;;;;;x
PROV1356;루앙프라방;;;;;;;;;;;;;x
PROV1357;비엔티안;;;;;;;;;;;;;x
PROV1358;우돈타니;;;;;;;;;;;;;x
PROV1359;시사켓;;;;;;;;;;;;;x
PROV1360;사이냐불리;;;;;;;;;;;;;x
PROV1361;사완나켓;;;;;;;;;;;;;x
PROV1362;살라반;;;;;;;;;;;;;x
PROV1363;박세;;;;;;;;;;;;;x
PROV1364;프놈펜;;;;;;;;;;;;;x
PROV1365;찬타부리;;;;;;;;;;;;;x
PROV1366;바탐방;;;;;;;;;;;;;x
PROV1367;캄팟;;;;;;;;;;;;;x
PROV1368;스퉁트렝;;;;;;;;;;;;;x
PROV1369;하노이;;;;;;;;;;;;;x
PROV1370;하이퐁;;;;;;;;;;;;;x
PROV1371;까오방;;;;;;;;;;;;;x
PROV1372;손라;;;;;;;;;;;;;x
PROV1373;랑손;;;;;;;;;;;;;x
PROV1374;타인호아;;;;;;;;;;;;;x
PROV1375;후에;;;;;;;;;;;;;x
PROV1376;빈;;;;;;;;;;;;;x
PROV1377;다낭;;;;;;;;;;;;;x
PROV1378;플레이쿠;;;;;;;;;;;;;x
PROV1379;꾸이년;;;;;;;;;;;;;x
PROV1380;사이공;;;;;;;;;;;;;x
PROV1381;동나이;;;;;;;;;;;;;x
PROV1382;하띠엔;;;;;;;;;;;;;x
PROV1383;빈롱;;;;;;;;;;;;;x
PROV1384;싱가포르;;;;;;;;;;;;;x
PROV1385;탄중 푸테리;;;;;;;;;;;;;x
PROV1386;말라카;;;;;;;;;;;;;x
PROV1387;켈랑;;;;;;;;;;;;;x
PROV1388;페낭;;;;;;;;;;;;;x
PROV1389;알로르 세타;;;;;;;;;;;;;x
PROV1390;페칸;;;;;;;;;;;;;x
PROV1391;코타쿠방 라부;;;;;;;;;;;;;x
PROV1392;빠따니;;;;;;;;;;;;;x
PROV1393;브루나이;;;;;;;;;;;;;x
PROV1394;쿠칭;;;;;;;;;;;;;x
PROV1395;빈툴루;;;;;;;;;;;;;x
PROV1396;아피;;;;;;;;;;;;;x
PROV1397;산다칸;;;;;;;;;;;;;x
PROV1398;잠비;;;;;;;;;;;;;x
PROV1399;팔렘방;;;;;;;;;;;;;x
PROV1400;인드라기리;;;;;;;;;;;;;x
PROV1401;시악;;;;;;;;;;;;;x
PROV1402;리아우 제도;;;;;;;;;;;;;x
PROV1403;람풍;;;;;;;;;;;;;x
PROV1404;방카 벨리퉁 제도;;;;;;;;;;;;;x
PROV1405;쿠타라자;;;;;;;;;;;;;x
PROV1406;메단;;;;;;;;;;;;;x
PROV1407;타팍토안;;;;;;;;;;;;;x
PROV1408;파당;;;;;;;;;;;;;x
PROV1409;시보가;;;;;;;;;;;;;x
PROV1410;벤쿨렌;;;;;;;;;;;;;x
PROV1411;니아스 제도;;;;;;;;;;;;;x
PROV1412;아덴;;;;;;;;;;;;;x
PROV1413;바타비아;;;;;;;;;;;;;x
PROV1414;바위턴조르흐;;;;;;;;;;;;;x
PROV1415;치레본;;;;;;;;;;;;;x
PROV1416;족자카르타;;;;;;;;;;;;;x
PROV1417;세마랑;;;;;;;;;;;;;x
PROV1418;수라바야;;;;;;;;;;;;;x
PROV1419;수라카르타;;;;;;;;;;;;;x
PROV1420;프로볼링고;;;;;;;;;;;;;x
PROV1421;마두라;;;;;;;;;;;;;x
PROV1422;무아라테웨;;;;;;;;;;;;;x
PROV1423;반자르마신;;;;;;;;;;;;;x
PROV1424;파시르;;;;;;;;;;;;;x
PROV1425;탄중레데브;;;;;;;;;;;;;x
PROV1426;폰티아낙;;;;;;;;;;;;;x
PROV1427;코타 워링긴;;;;;;;;;;;;;x
PROV1428;신탕;;;;;;;;;;;;;x
PROV1429;탄중셀로르;;;;;;;;;;;;;x
PROV1430;마카사르;;;;;;;;;;;;;x
PROV1431;보네;;;;;;;;;;;;;x
PROV1432;마무주;;;;;;;;;;;;;x
PROV1433;메나도;;;;;;;;;;;;;x
PROV1434;고론탈로;;;;;;;;;;;;;x
PROV1435;동갈라;;;;;;;;;;;;;x
PROV1436;팔로포;;;;;;;;;;;;;x
PROV1437;벌론;;;;;;;;;;;;;x
PROV1438;발리;;;;;;;;;;;;;x
PROV1439;루탱;;;;;;;;;;;;;x
PROV1440;숨바와;;;;;;;;;;;;;x
PROV1441;숨바;;;;;;;;;;;;;x
PROV1442;롬복;;;;;;;;;;;;;x
PROV1443;로테섬;;;;;;;;;;;;;x
PROV1444;라란투카;;;;;;;;;;;;;x
PROV1445;노에무티;;;;;;;;;;;;;x
PROV1446;딜리;;;;;;;;;;;;;x
PROV1447;바찬;;;;;;;;;;;;;x
PROV1448;티도레;;;;;;;;;;;;;x
PROV1449;암본;;;;;;;;;;;;;x
PROV1450;타니웰;;;;;;;;;;;;;x
PROV1451;아루;;;;;;;;;;;;;x
PROV1452;세루이;;;;;;;;;;;;;x
PROV1453;비케크;;;;;;;;;;;;;x
PROV1454;메라;;;;;;;;;;;;;x
PROV1455;마닐라;;;;;;;;;;;;;x
PROV1456;비간;;;;;;;;;;;;;x
PROV1457;레가스피;;;;;;;;;;;;;x
PROV1458;민도로;;;;;;;;;;;;;x
PROV1459;팔라완;;;;;;;;;;;;;x
PROV1460;일로일로;;;;;;;;;;;;;x
PROV1461;타클로반;;;;;;;;;;;;;x
PROV1462;코타바토;;;;;;;;;;;;;x
PROV1463;다바오;;;;;;;;;;;;;x
PROV1464;홀로;;;;;;;;;;;;;x
PROV1465;우르가;;;;;;;;;;;;;x
PROV1466;달란자드가드;;;;;;;;;;;;;x
PROV1467;바얀 투먼;;;;;;;;;;;;;x
PROV1468;울리아스타이;;;;;;;;;;;;;x
PROV1469;우리안카이;;;;;;;;;;;;;x
PROV1470;안칭;;;;;;;;;;;;;x
PROV1471;치저우;;;;;;;;;;;;;x
PROV1472;펑양;;;;;;;;;;;;;x
PROV1473;후이저우;;;;;;;;;;;;;x
PROV1474;루저우;;;;;;;;;;;;;x
PROV1475;닝궈;;;;;;;;;;;;;x
PROV1476;쓰저우;;;;;;;;;;;;;x
PROV1477;타이핑;;;;;;;;;;;;;x
PROV1478;잉저우;;;;;;;;;;;;;x
PROV1479;묵덴;;;;;;;;;;;;;x
PROV1480;진저우;;;;;;;;;;;;;x
PROV1481;뤼순;;;;;;;;;;;;;x
PROV1482;푸저우;;;;;;;;;;;;;x
PROV1483;젠닝;;;;;;;;;;;;;x
PROV1484;취안저우;;;;;;;;;;;;;x
PROV1485;타이난;;;;;;;;;;;;;x
PROV1486;팅저우;;;;;;;;;;;;;x
PROV1487;장저우;;;;;;;;;;;;;x
PROV1488;간쑤;;;;;;;;;;;;;x
PROV1489;공창;;;;;;;;;;;;;x
PROV1490;란저우;;;;;;;;;;;;;x
PROV1491;닝샤;;;;;;;;;;;;;x
PROV1492;핑량;;;;;;;;;;;;;x
PROV1493;칸톤;;;;;;;;;;;;;x
PROV1494;차오저우;;;;;;;;;;;;;x
PROV1495;마오밍;;;;;;;;;;;;;x
PROV1496;홍콩;;;;;;;;;;;;;x
PROV1497;와이자오;;;;;;;;;;;;;x
PROV1498;마카오;;;;;;;;;;;;;x
PROV1499;하이난;;;;;;;;;;;;;x
PROV1500;샤오저우;;;;;;;;;;;;;x
PROV1501;자오칭;;;;;;;;;;;;;x
PROV1502;난닝;;;;;;;;;;;;;x
PROV1503;구이린;;;;;;;;;;;;;x
PROV1504;핑러;;;;;;;;;;;;;x
PROV1505;구이양;;;;;;;;;;;;;x
PROV1506;안순;;;;;;;;;;;;;x
PROV1507;젠위안;;;;;;;;;;;;;x
PROV1508;카이펑;;;;;;;;;;;;;x
PROV1509;구이더;;;;;;;;;;;;;x
PROV1510;허난부;;;;;;;;;;;;;x
PROV1511;화이칭;;;;;;;;;;;;;x
PROV1512;천저우;;;;;;;;;;;;;x
PROV1513;난양;;;;;;;;;;;;;x
PROV1514;루닝;;;;;;;;;;;;;x
PROV1515;웨이후이;;;;;;;;;;;;;x
PROV1516;한양;;;;;;;;;;;;;x
PROV1517;더안;;;;;;;;;;;;;x
PROV1518;황저우;;;;;;;;;;;;;x
PROV1519;안루;;;;;;;;;;;;;x
PROV1520;징저우;;;;;;;;;;;;;x
PROV1521;신안;;;;;;;;;;;;;x
PROV1522;우창;;;;;;;;;;;;;x
PROV1523;샹양;;;;;;;;;;;;;x
PROV1524;창사;;;;;;;;;;;;;x
PROV1525;창더;;;;;;;;;;;;;x
PROV1526;바오칭;;;;;;;;;;;;;x
PROV1527;헝저우;;;;;;;;;;;;;x
PROV1528;웨저우;;;;;;;;;;;;;x
PROV1529;융순;;;;;;;;;;;;;x
PROV1530;용저우;;;;;;;;;;;;;x
PROV1531;뉴아일랜드;;;;;;;;;;;;;x
PROV1532;구이화 투메드;;;;;;;;;;;;;x
PROV1533;지림맹;;;;;;;;;;;;;x
PROV1534;울란차브 맹;;;;;;;;;;;;;x
PROV1535;예케주 맹;;;;;;;;;;;;;x
PROV1536;화이안;;;;;;;;;;;;;x
PROV1537;창저우;;;;;;;;;;;;;x
PROV1538;상하이;;;;;;;;;;;;;x
PROV1539;쑤저우;;;;;;;;;;;;;x
PROV1540;난통;;;;;;;;;;;;;x
PROV1541;퉁저우;;;;;;;;;;;;;x
PROV1542;쉬저우;;;;;;;;;;;;;x
PROV1543;양저우;;;;;;;;;;;;;x
PROV1544;전장;;;;;;;;;;;;;x
PROV1545;난창;;;;;;;;;;;;;x
PROV1546;광신;;;;;;;;;;;;;x
PROV1547;지안;;;;;;;;;;;;;x
PROV1548;젠창;;;;;;;;;;;;;x
PROV1549;주장;;;;;;;;;;;;;x
PROV1550;간저우;;;;;;;;;;;;;x
PROV1551;라오저우;;;;;;;;;;;;;x
PROV1552;치치하얼;;;;;;;;;;;;;x
PROV1553;아이군;;;;;;;;;;;;;x
PROV1554;닝구타;;;;;;;;;;;;;x
PROV1555;지린;;;;;;;;;;;;;x
PROV1556;마하이;;;;;;;;;;;;;x
PROV1557;시닝;;;;;;;;;;;;;x
PROV1558;게구도;;;;;;;;;;;;;x
PROV1559;시안;;;;;;;;;;;;;x
PROV1560;메라우케;;;;;;;;;;;;;x
PROV1561;예난;;;;;;;;;;;;;x
PROV1562;한중;;;;;;;;;;;;;x
PROV1563;진안;;;;;;;;;;;;;x
PROV1564;카오저우;;;;;;;;;;;;;x
PROV1565;라이저우;;;;;;;;;;;;;x
PROV1566;칭다오;;;;;;;;;;;;;x
PROV1567;청저우;;;;;;;;;;;;;x
PROV1568;타이안;;;;;;;;;;;;;x
PROV1569;웨이하이웨이;;;;;;;;;;;;;x
PROV1570;우딩;;;;;;;;;;;;;x
PROV1571;이저우;;;;;;;;;;;;;x
PROV1572;타이위안;;;;;;;;;;;;;x
PROV1573;펜저우;;;;;;;;;;;;;x
PROV1574;루안;;;;;;;;;;;;;x
PROV1575;핑양;;;;;;;;;;;;;x
PROV1576;다통;;;;;;;;;;;;;x
PROV1577;충칭;;;;;;;;;;;;;x
PROV1578;청두;;;;;;;;;;;;;x
PROV1579;바오퉁;;;;;;;;;;;;;x
PROV1580;자딩;;;;;;;;;;;;;x
PROV1581;쿠이저우;;;;;;;;;;;;;x
PROV1582;룽안;;;;;;;;;;;;;x
PROV1583;순칭;;;;;;;;;;;;;x
PROV1584;퉁촨;;;;;;;;;;;;;x
PROV1585;이빈;;;;;;;;;;;;;x
PROV1586;야저우;;;;;;;;;;;;;x
PROV1587;라싸;;;;;;;;;;;;;x
PROV1588;참도;;;;;;;;;;;;;x
PROV1589;시갓세;;;;;;;;;;;;;x
PROV1590;로다크;;;;;;;;;;;;;x
PROV1591;창탕;;;;;;;;;;;;;x
PROV1592;가리;;;;;;;;;;;;;x
PROV1593;타왕;;;;;;;;;;;;;x
PROV1594;가시가르;;;;;;;;;;;;;x
PROV1595;일리;;;;;;;;;;;;;x
PROV1596;툴타;;;;;;;;;;;;;x
PROV1597;악수;;;;;;;;;;;;;x
PROV1598;호탄;;;;;;;;;;;;;x
PROV1599;쿠물;;;;;;;;;;;;;x
PROV1600;우루무치;;;;;;;;;;;;;x
PROV1601;쿤밍;;;;;;;;;;;;;x
PROV1602;달리;;;;;;;;;;;;;x
PROV1603;푸얼;;;;;;;;;;;;;x
PROV1604;항저우;;;;;;;;;;;;;x
PROV1605;후저우;;;;;;;;;;;;;x
PROV1606;자싱;;;;;;;;;;;;;x
PROV1607;진화;;;;;;;;;;;;;x
PROV1608;닝보;;;;;;;;;;;;;x
PROV1609;사오싱;;;;;;;;;;;;;x
PROV1610;타이저우;;;;;;;;;;;;;x
PROV1611;원저우;;;;;;;;;;;;;x
PROV1612;바오딩;;;;;;;;;;;;;x
PROV1613;청더;;;;;;;;;;;;;x
PROV1614;다밍;;;;;;;;;;;;;x
PROV1615;지저우;;;;;;;;;;;;;x
PROV1616;북경;;;;;;;;;;;;;x
PROV1617;톈진;;;;;;;;;;;;;x
PROV1618;중딩;;;;;;;;;;;;;x
PROV1619;평양;;;;;;;;;;;;;x
PROV1620;의주;;;;;;;;;;;;;x
PROV1621;함흥;;;;;;;;;;;;;x
PROV1622;경성;;;;;;;;;;;;;x
PROV1623;길주;;;;;;;;;;;;;x
PROV1624;한성;;;;;;;;;;;;;x
PROV1625;개성;;;;;;;;;;;;;x
PROV1626;해주;;;;;;;;;;;;;x
PROV1627;황주;;;;;;;;;;;;;x
PROV1628;인천;;;;;;;;;;;;;x
PROV1629;덕원;;;;;;;;;;;;;x
PROV1630;강릉;;;;;;;;;;;;;x
PROV1631;상주;;;;;;;;;;;;;x
PROV1632;동래;;;;;;;;;;;;;x
PROV1633;대구;;;;;;;;;;;;;x
PROV1634;경주;;;;;;;;;;;;;x
PROV1635;전주;;;;;;;;;;;;;x
PROV1636;공주;;;;;;;;;;;;;x
PROV1637;제주;;;;;;;;;;;;;x
PROV1638;히로시마;;;;;;;;;;;;;x
PROV1639;오카야마;;;;;;;;;;;;;x
PROV1640;야마구치;;;;;;;;;;;;;x
PROV1641;마쓰에;;;;;;;;;;;;;x
PROV1642;하코다테;;;;;;;;;;;;;x
PROV1643;이시카리;;;;;;;;;;;;;x
PROV1644;메아칸;;;;;;;;;;;;;x
PROV1645;니가타;;;;;;;;;;;;;x
PROV1646;가나자와;;;;;;;;;;;;;x
PROV1647;후쿠이;;;;;;;;;;;;;x
PROV1648;도야마;;;;;;;;;;;;;x
PROV1649;에도;;;;;;;;;;;;;x
PROV1650;치바;;;;;;;;;;;;;x
PROV1651;요코하마;;;;;;;;;;;;;x
PROV1652;우라와;;;;;;;;;;;;;x
PROV1653;미토;;;;;;;;;;;;;x
PROV1654;보닌;;;;;;;;;;;;;x
PROV1655;오사카;;;;;;;;;;;;;x
PROV1656;와카야마;;;;;;;;;;;;;x
PROV1657;교토;;;;;;;;;;;;;x
PROV1658;나라;;;;;;;;;;;;;x
PROV1659;고베;;;;;;;;;;;;;x
PROV1660;후쿠오카;;;;;;;;;;;;;x
PROV1661;나가사키;;;;;;;;;;;;;x
PROV1662;가고시마;;;;;;;;;;;;;x
PROV1663;미야자키;;;;;;;;;;;;;x
PROV1664;구마모토;;;;;;;;;;;;;x
PROV1665;고치;;;;;;;;;;;;;x
PROV1666;마쓰야마;;;;;;;;;;;;;x
PROV1667;도쿠시마;;;;;;;;;;;;;x
PROV1668;센다이;;;;;;;;;;;;;x
PROV1669;후쿠시마;;;;;;;;;;;;;x
PROV1670;모리오카;;;;;;;;;;;;;x
PROV1671;아키타;;;;;;;;;;;;;x
PROV1672;아오모리;;;;;;;;;;;;;x
PROV1673;야마가타;;;;;;;;;;;;;x
PROV1674;우쓰노미야;;;;;;;;;;;;;x
PROV1675;나고야;;;;;;;;;;;;;x
PROV1676;시즈오카;;;;;;;;;;;;;x
PROV1677;나가노;;;;;;;;;;;;;x
PROV1678;오키나와;;;;;;;;;;;;;x
PROV1679;아마미;;;;;;;;;;;;;x
PROV1680;페스;;;;;;;;;;;;;x
PROV1681;와잔;;;;;;;;;;;;;x
PROV1682;메크네스;;;;;;;;;;;;;x
PROV1683;타자;;;;;;;;;;;;;x
PROV1684;우즈다;;;;;;;;;;;;;x
PROV1685;라바트;;;;;;;;;;;;;x
PROV1686;탕헤르;;;;;;;;;;;;;x
PROV1687;테투안;;;;;;;;;;;;;x
PROV1688;아지디르;;;;;;;;;;;;;x
PROV1689;멜리야;;;;;;;;;;;;;x
PROV1690;마라케시;;;;;;;;;;;;;x
PROV1691;카사블랑카;;;;;;;;;;;;;x
PROV1692;후리브가;;;;;;;;;;;;;x
PROV1693;사와이라;;;;;;;;;;;;;x
PROV1694;아가디르;;;;;;;;;;;;;x
PROV1695;이프니;;;;;;;;;;;;;x
PROV1696;케이프 주비;;;;;;;;;;;;;x
PROV1697;미수르;;;;;;;;;;;;;x
PROV1698;라시디아;;;;;;;;;;;;;x
PROV1699;와르자자트;;;;;;;;;;;;;x
PROV1700;알제;;;;;;;;;;;;;x
PROV1701;부기;;;;;;;;;;;;;x
PROV1702;세티프;;;;;;;;;;;;;x
PROV1703;델리스;;;;;;;;;;;;;x
PROV1704;오란;;;;;;;;;;;;;x
PROV1705;생데니스 데 시그;;;;;;;;;;;;;x
PROV1706;알 마디야;;;;;;;;;;;;;x
PROV1707;마스카라;;;;;;;;;;;;;x
PROV1708;바트나;;;;;;;;;;;;;x
PROV1709;안나바;;;;;;;;;;;;;x
PROV1710;티베스커트;;;;;;;;;;;;;x
PROV1711;투구르트;;;;;;;;;;;;;x
PROV1712;와르글라;;;;;;;;;;;;;x
PROV1713;티테리;;;;;;;;;;;;;x
PROV1714;안토파야;;;;;;;;;;;;;x
PROV1715;엘골레아;;;;;;;;;;;;;x
PROV1716;틴두프;;;;;;;;;;;;;x
PROV1717;타만라세트;;;;;;;;;;;;;x
PROV1718;스키크다;;;;;;;;;;;;;x
PROV1719;아드라르;;;;;;;;;;;;;x
PROV1720;아인살라;;;;;;;;;;;;;x
PROV1721;쿠산티나;;;;;;;;;;;;;x
PROV1722;베샤르;;;;;;;;;;;;;x
PROV1723;발보아;;;;;;;;;;;;;x
PROV1724;오크니·셰틀랜드;;;;;;;;;;;;;x
PROV1725;튀니스;;;;;;;;;;;;;x
PROV1726;비제르트;;;;;;;;;;;;;x
PROV1727;가프사;;;;;;;;;;;;;x
PROV1728;카이루안;;;;;;;;;;;;;x
PROV1729;토죄르;;;;;;;;;;;;;x
PROV1730;가베스;;;;;;;;;;;;;x
PROV1731;트리폴리;;;;;;;;;;;;;x
PROV1732;가리안;;;;;;;;;;;;;x
PROV1733;자위야;;;;;;;;;;;;;x
PROV1734;시르테;;;;;;;;;;;;;x
PROV1735;벵가지;;;;;;;;;;;;;x
PROV1736;데르네;;;;;;;;;;;;;x
PROV1737;자라부브;;;;;;;;;;;;;x
PROV1738;알쿠프라;;;;;;;;;;;;;x
PROV1739;누후드;;;;;;;;;;;;;x
PROV1740;와단;;;;;;;;;;;;;x
PROV1741;질라;;;;;;;;;;;;;x
PROV1742;와트;;;;;;;;;;;;;x
PROV1743;쇠겔;;;;;;;;;;;;;x
PROV1744;아우주;;;;;;;;;;;;;x
PROV1745;카이로;;;;;;;;;;;;;x
PROV1746;두미아트;;;;;;;;;;;;;x
PROV1747;니트리아;;;;;;;;;;;;;x
PROV1748;만수라;;;;;;;;;;;;;x
PROV1749;지카지크;;;;;;;;;;;;;x
PROV1750;기자;;;;;;;;;;;;;x
PROV1751;알렉산드리아;;;;;;;;;;;;;x
PROV1752;마트루;;;;;;;;;;;;;x
PROV1753;시디 바라니;;;;;;;;;;;;;x
PROV1754;시와;;;;;;;;;;;;;x
PROV1755;수에즈;;;;;;;;;;;;;x
PROV1756;알아리시;;;;;;;;;;;;;x
PROV1757;샤름알셰이크;;;;;;;;;;;;;x
PROV1758;파라프라;;;;;;;;;;;;;x
PROV1759;자그부브;;;;;;;;;;;;;x
PROV1760;무트;;;;;;;;;;;;;x
PROV1761;바리스;;;;;;;;;;;;;x
PROV1762;아시우트;;;;;;;;;;;;;x
PROV1763;바니 수웨이프;;;;;;;;;;;;;x
PROV1764;미니아;;;;;;;;;;;;;x
PROV1765;파이윰;;;;;;;;;;;;;x
PROV1766;아스완;;;;;;;;;;;;;x
PROV1767;룩소르;;;;;;;;;;;;;x
PROV1768;에드푸;;;;;;;;;;;;;x
PROV1769;케나;;;;;;;;;;;;;x
PROV1770;쿠사이르;;;;;;;;;;;;;x
PROV1771;마르사 알람;;;;;;;;;;;;;x
PROV1772;라스가리브;;;;;;;;;;;;;x
PROV1773;사귀아 엘함라;;;;;;;;;;;;;x
PROV1774;다클라;;;;;;;;;;;;;x
PROV1775;누악쇼트;;;;;;;;;;;;;x
PROV1776;로소;;;;;;;;;;;;;x
PROV1777;알레그;;;;;;;;;;;;;x
PROV1778;마그하마;;;;;;;;;;;;;x
PROV1779;싱게티;;;;;;;;;;;;;x
PROV1780;데브레이발라;;;;;;;;;;;;;x
PROV1781;와라타;;;;;;;;;;;;;x
PROV1782;비르 무르하인;;;;;;;;;;;;;x
PROV1783;고레;;;;;;;;;;;;;x
PROV1784;생루이스;;;;;;;;;;;;;x
PROV1785;배서스트;;;;;;;;;;;;;x
PROV1786;음불;;;;;;;;;;;;;x
PROV1787;은자렘;;;;;;;;;;;;;x
PROV1788;카한;;;;;;;;;;;;;x
PROV1789;다가나;;;;;;;;;;;;;x
PROV1790;오레폰데;;;;;;;;;;;;;x
PROV1791;불리바니;;;;;;;;;;;;;x
PROV1792;세주;;;;;;;;;;;;;x
PROV1793;칸토라;;;;;;;;;;;;;x
PROV1794;바마코;;;;;;;;;;;;;x
PROV1795;뱀부후;;;;;;;;;;;;;x
PROV1796;니오로;;;;;;;;;;;;;x
PROV1797;키타;;;;;;;;;;;;;x
PROV1798;부구니;;;;;;;;;;;;;x
PROV1799;시카소;;;;;;;;;;;;;x
PROV1800;세구;;;;;;;;;;;;;x
PROV1801;엘호드;;;;;;;;;;;;;x
PROV1802;군담;;;;;;;;;;;;;x
PROV1803;제네;;;;;;;;;;;;;x
PROV1804;함달라히;;;;;;;;;;;;;x
PROV1805;가오;;;;;;;;;;;;;x
PROV1806;바야다;;;;;;;;;;;;;x
PROV1807;메나카;;;;;;;;;;;;;x
PROV1808;니아메;;;;;;;;;;;;;x
PROV1809;세이;;;;;;;;;;;;;x
PROV1810;도소;;;;;;;;;;;;;x
PROV1811;마라디;;;;;;;;;;;;;x
PROV1812;아가데스;;;;;;;;;;;;;x
PROV1813;아를리트;;;;;;;;;;;;;x
PROV1814;빌마;;;;;;;;;;;;;x
PROV1815;진데르;;;;;;;;;;;;;x
PROV1816;디파;;;;;;;;;;;;;x
PROV1817;멜릿;;;;;;;;;;;;;x
PROV1818;마세냐;;;;;;;;;;;;;x
PROV1819;문두;;;;;;;;;;;;;x
PROV1820;봉고르;;;;;;;;;;;;;x
PROV1821;아베셰;;;;;;;;;;;;;x
PROV1822;암티만;;;;;;;;;;;;;x
PROV1823;몽고;;;;;;;;;;;;;x
PROV1824;마오;;;;;;;;;;;;;x
PROV1825;자우아르;;;;;;;;;;;;;x
PROV1826;파야;;;;;;;;;;;;;x
PROV1827;하르툼;;;;;;;;;;;;;x
PROV1828;와드 마다니;;;;;;;;;;;;;x
PROV1829;카살라;;;;;;;;;;;;;x
PROV1830;센나르;;;;;;;;;;;;;x
PROV1831;라박;;;;;;;;;;;;;x
PROV1832;파쇼다;;;;;;;;;;;;;x
PROV1833;수아킨;;;;;;;;;;;;;x
PROV1834;할라이브;;;;;;;;;;;;;x
PROV1835;동골라;;;;;;;;;;;;;x
PROV1836;하야;;;;;;;;;;;;;x
PROV1837;아트바라;;;;;;;;;;;;;x
PROV1838;오베이드;;;;;;;;;;;;;x
PROV1839;알풀라;;;;;;;;;;;;;x
PROV1840;카두글리;;;;;;;;;;;;;x
PROV1841;알파시르;;;;;;;;;;;;;x
PROV1842;주나이나;;;;;;;;;;;;;x
PROV1843;와우;;;;;;;;;;;;;x
PROV1844;보르;;;;;;;;;;;;;x
PROV1845;바르 엘 가잘;;;;;;;;;;;;;x
PROV1846;라도;;;;;;;;;;;;;x
PROV1847;카포에타;;;;;;;;;;;;;x
PROV1848;티오;;;;;;;;;;;;;x
PROV1849;마사와;;;;;;;;;;;;;x
PROV1850;아고르다트;;;;;;;;;;;;;x
PROV1851;아사브;;;;;;;;;;;;;x
PROV1852;곤더;;;;;;;;;;;;;x
PROV1853;기르시트;;;;;;;;;;;;;x
PROV1854;갈라바트;;;;;;;;;;;;;x
PROV1855;데브레마르코스;;;;;;;;;;;;;x
PROV1856;악숨;;;;;;;;;;;;;x
PROV1857;메켈레;;;;;;;;;;;;;x
PROV1858;하르게이사;;;;;;;;;;;;;x
PROV1859;앙코버;;;;;;;;;;;;;x
PROV1860;코마;;;;;;;;;;;;;x
PROV1861;고바;;;;;;;;;;;;;x
PROV1862;감벨라;;;;;;;;;;;;;x
PROV1863;네켐테;;;;;;;;;;;;;x
PROV1864;기도레;;;;;;;;;;;;;x
PROV1865;아사이타;;;;;;;;;;;;;x
PROV1866;필투;;;;;;;;;;;;;x
PROV1867;오가덴;;;;;;;;;;;;;x
PROV1868;모가디슈;;;;;;;;;;;;;x
PROV1869;바이도아;;;;;;;;;;;;;x
PROV1870;키스마요;;;;;;;;;;;;;x
PROV1871;호비오;;;;;;;;;;;;;x
PROV1872;보사소;;;;;;;;;;;;;x
PROV1873;바단;;;;;;;;;;;;;x
PROV1874;다반산맥;;;;;;;;;;;;;x
PROV1875;지부티;;;;;;;;;;;;;x
PROV1876;케이프 베르데;;;;;;;;;;;;;x
PROV1877;비사우;;;;;;;;;;;;;x
PROV1878;칸살라;;;;;;;;;;;;;x
PROV1879;보파;;;;;;;;;;;;;x
PROV1880;팀보;;;;;;;;;;;;;x
PROV1881;딩기라예;;;;;;;;;;;;;x
PROV1882;칸칸;;;;;;;;;;;;;x
PROV1883;베일라;;;;;;;;;;;;;x
PROV1884;프리타운;;;;;;;;;;;;;x
PROV1885;팔라바;;;;;;;;;;;;;x
PROV1886;두브레카;;;;;;;;;;;;;x
PROV1887;몬로비아;;;;;;;;;;;;;x
PROV1888;하퍼;;;;;;;;;;;;;x
PROV1889;지긴쇼르;;;;;;;;;;;;;x
PROV1890;그바르응가;;;;;;;;;;;;;x
PROV1891;즈웨드루;;;;;;;;;;;;;x
PROV1892;아비장;;;;;;;;;;;;;x
PROV1893;사산드라;;;;;;;;;;;;;x
PROV1894;아시니;;;;;;;;;;;;;x
PROV1895;살라가;;;;;;;;;;;;;x
PROV1896;만;;;;;;;;;;;;;x
PROV1897;아쿠페;;;;;;;;;;;;;x
PROV1898;콩;;;;;;;;;;;;;x
PROV1899;본두쿠;;;;;;;;;;;;;x
PROV1900;오디에네;;;;;;;;;;;;;x
PROV1901;와가두구;;;;;;;;;;;;;x
PROV1902;와히구야;;;;;;;;;;;;;x
PROV1903;도리;;;;;;;;;;;;;x
PROV1904;파다응구르마;;;;;;;;;;;;;x
PROV1905;보보디울라소;;;;;;;;;;;;;x
PROV1906;오로다로;;;;;;;;;;;;;x
PROV1907;포트 크리스천스보그;;;;;;;;;;;;;x
PROV1908;케이프코스트;;;;;;;;;;;;;x
PROV1909;포트 코엔라드스부르크;;;;;;;;;;;;;x
PROV1910;쿠마시;;;;;;;;;;;;;x
PROV1911;킨탐포;;;;;;;;;;;;;x
PROV1912;와;;;;;;;;;;;;;x
PROV1913;레이트잠헤이트 요새;;;;;;;;;;;;;x
PROV1914;로메;;;;;;;;;;;;;x
PROV1915;포트 프리젠슈타인;;;;;;;;;;;;;x
PROV1916;옌디;;;;;;;;;;;;;x
PROV1917;아탁파메;;;;;;;;;;;;;x
PROV1918;소코데;;;;;;;;;;;;;x
PROV1919;코토누;;;;;;;;;;;;;x
PROV1920;아보메;;;;;;;;;;;;;x
PROV1921;니키;;;;;;;;;;;;;x
PROV1922;주구;;;;;;;;;;;;;x
PROV1923;라고스;;;;;;;;;;;;;x
PROV1924;아베오쿠타;;;;;;;;;;;;;x
PROV1925;키시;;;;;;;;;;;;;x
PROV1926;이페;;;;;;;;;;;;;x
PROV1927;일로린;;;;;;;;;;;;;x
PROV1928;베닌;;;;;;;;;;;;;x
PROV1929;아쿠레;;;;;;;;;;;;;x
PROV1930;이다;;;;;;;;;;;;;x
PROV1931;워리;;;;;;;;;;;;;x
PROV1932;보니;;;;;;;;;;;;;x
PROV1933;아우카;;;;;;;;;;;;;x
PROV1934;칼라바;;;;;;;;;;;;;x
PROV1935;아로추쿠;;;;;;;;;;;;;x
PROV1936;은숙카;;;;;;;;;;;;;x
PROV1937;우카리;;;;;;;;;;;;;x
PROV1938;부사;;;;;;;;;;;;;x
PROV1939;자리아;;;;;;;;;;;;;x
PROV1940;비다;;;;;;;;;;;;;x
PROV1941;아부자;;;;;;;;;;;;;x
PROV1942;바우치;;;;;;;;;;;;;x
PROV1943;조스;;;;;;;;;;;;;x
PROV1944;곰베;;;;;;;;;;;;;x
PROV1945;카노;;;;;;;;;;;;;x
PROV1946;케비;;;;;;;;;;;;;x
PROV1947;카치나;;;;;;;;;;;;;x
PROV1948;소코토;;;;;;;;;;;;;x
PROV1949;하디지아;;;;;;;;;;;;;x
PROV1950;욜라;;;;;;;;;;;;;x
PROV1951;쿠카;;;;;;;;;;;;;x
PROV1952;응구루;;;;;;;;;;;;;x
PROV1953;디코아;;;;;;;;;;;;;x
PROV1954;상투메;;;;;;;;;;;;;x
PROV1955;페르난도포;;;;;;;;;;;;;x
PROV1956;두알라;;;;;;;;;;;;;x
PROV1957;부에아;;;;;;;;;;;;;x
PROV1958;크리비;;;;;;;;;;;;;x
PROV1959;야운데;;;;;;;;;;;;;x
PROV1960;티바티;;;;;;;;;;;;;x
PROV1961;간예;;;;;;;;;;;;;x
PROV1962;베르투아;;;;;;;;;;;;;x
PROV1963;응가운데레;;;;;;;;;;;;;x
PROV1964;마루아;;;;;;;;;;;;;x
PROV1965;방기;;;;;;;;;;;;;x
PROV1966;놀라;;;;;;;;;;;;;x
PROV1967;부아르;;;;;;;;;;;;;x
PROV1968;보상고아;;;;;;;;;;;;;x
PROV1969;제미오;;;;;;;;;;;;;x
PROV1970;방가수;;;;;;;;;;;;;x
PROV1971;은델레;;;;;;;;;;;;;x
PROV1972;음퐁궤;;;;;;;;;;;;;x
PROV1973;바타;;;;;;;;;;;;;x
PROV1974;마윰베;;;;;;;;;;;;;x
PROV1975;모안다;;;;;;;;;;;;;x
PROV1976;마코커우;;;;;;;;;;;;;x
PROV1977;은쿠나;;;;;;;;;;;;;x
PROV1978;마딩우;;;;;;;;;;;;;x
PROV1979;타쿠투강 상류;;;;;;;;;;;;;x
PROV1980;잠발라;;;;;;;;;;;;;x
PROV1981;모사카;;;;;;;;;;;;;x
PROV1982;킨샤사;;;;;;;;;;;;;x
PROV1983;보마;;;;;;;;;;;;;x
PROV1984;카낭가;;;;;;;;;;;;;x
PROV1985;쿰바나;;;;;;;;;;;;;x
PROV1986;루삼보;;;;;;;;;;;;;x
PROV1987;분키야;;;;;;;;;;;;;x
PROV1988;무숨바;;;;;;;;;;;;;x
PROV1989;문자;;;;;;;;;;;;;x
PROV1990;콩골로;;;;;;;;;;;;;x
PROV1991;루소지;;;;;;;;;;;;;x
PROV1992;바소코;;;;;;;;;;;;;x
PROV1993;이레부;;;;;;;;;;;;;x
PROV1994;응셍;;;;;;;;;;;;;x
PROV1995;게메나;;;;;;;;;;;;;x
PROV1996;키상가니;;;;;;;;;;;;;x
PROV1997;뭉바네;;;;;;;;;;;;;x
PROV1998;바라모;;;;;;;;;;;;;x
PROV1999;루안다;;;;;;;;;;;;;x
PROV2000;카빈다;;;;;;;;;;;;;x
PROV2001;음반자;;;;;;;;;;;;;x
PROV2002;퀴발라;;;;;;;;;;;;;x
PROV2003;벵겔라;;;;;;;;;;;;;x
PROV2004;모사메데스;;;;;;;;;;;;;x
PROV2005;후암부;;;;;;;;;;;;;x
PROV2006;메농그;;;;;;;;;;;;;x
PROV2007;마빙가;;;;;;;;;;;;;x
PROV2008;온지바;;;;;;;;;;;;;x
PROV2009;말란즈;;;;;;;;;;;;;x
PROV2010;사우리무;;;;;;;;;;;;;x
PROV2011;쿠반다;;;;;;;;;;;;;x
PROV2012;루사카;;;;;;;;;;;;;x
PROV2013;몽고;;;;;;;;;;;;;x
PROV2014;카셈파;;;;;;;;;;;;;x
PROV2015;몽조;;;;;;;;;;;;;x
PROV2016;음피카;;;;;;;;;;;;;x
PROV2017;므완사봄브웨;;;;;;;;;;;;;x
PROV2018;치파타;;;;;;;;;;;;;x
PROV2019;캄팔라르;;;;;;;;;;;;;x
PROV2020;음바라라;;;;;;;;;;;;;x
PROV2021;아루아;;;;;;;;;;;;;x
PROV2022;느쿠시강 유역;;;;;;;;;;;;;x
PROV2023;카세세;;;;;;;;;;;;;x
PROV2024;나이로비;;;;;;;;;;;;;x
PROV2025;키수무;;;;;;;;;;;;;x
PROV2026;키트굼;;;;;;;;;;;;;x
PROV2027;키탕가탕가니 구릉;;;;;;;;;;;;;x
PROV2028;부테레;;;;;;;;;;;;;x
PROV2029;몸바사;;;;;;;;;;;;;x
PROV2030;라무;;;;;;;;;;;;;x
PROV2031;와지르;;;;;;;;;;;;;x
PROV2032;가리사;;;;;;;;;;;;;x
PROV2033;보이;;;;;;;;;;;;;x
PROV2034;키갈리;;;;;;;;;;;;;x
PROV2035;우숨부라;;;;;;;;;;;;;x
PROV2036;음지지마;;;;;;;;;;;;;x
PROV2037;은퀜다;;;;;;;;;;;;;x
PROV2038;킬와;;;;;;;;;;;;;x
PROV2039;린디;;;;;;;;;;;;;x
PROV2040;도도마;;;;;;;;;;;;;x
PROV2041;송게아;;;;;;;;;;;;;x
PROV2042;키고마;;;;;;;;;;;;;x
PROV2043;부코바;;;;;;;;;;;;;x
PROV2044;카라궤;;;;;;;;;;;;;x
PROV2045;모로고로;;;;;;;;;;;;;x
PROV2046;키본도;;;;;;;;;;;;;x
PROV2047;케자;;;;;;;;;;;;;x
PROV2048;잔지바르;;;;;;;;;;;;;x
PROV2049;인코마티;;;;;;;;;;;;;x
PROV2050;만자카지;;;;;;;;;;;;;x
PROV2051;이냠바느;;;;;;;;;;;;;x
PROV2052;마시세치;;;;;;;;;;;;;x
PROV2053;세나;;;;;;;;;;;;;x
PROV2054;테트;;;;;;;;;;;;;x
PROV2055;송고;;;;;;;;;;;;;x
PROV2056;줌보;;;;;;;;;;;;;x
PROV2057;소팔라;;;;;;;;;;;;;x
PROV2058;모요;;;;;;;;;;;;;x
PROV2059;켈리마네;;;;;;;;;;;;;x
PROV2060;모잠비크;;;;;;;;;;;;;x
PROV2061;앙고시;;;;;;;;;;;;;x
PROV2062;샹저우;;;;;;;;;;;;;x
PROV2063;이보;;;;;;;;;;;;;x
PROV2064;남풀라;;;;;;;;;;;;;x
PROV2065;밀란게;;;;;;;;;;;;;x
PROV2066;좀바;;;;;;;;;;;;;x
PROV2067;릴롱궤;;;;;;;;;;;;;x
PROV2068;하라레;;;;;;;;;;;;;x
PROV2069;궤루;;;;;;;;;;;;;x
PROV2070;움탈리;;;;;;;;;;;;;x
PROV2071;불라와요;;;;;;;;;;;;;x
PROV2072;황게;;;;;;;;;;;;;x
PROV2073;마스빙고;;;;;;;;;;;;;x
PROV2074;가보로네;;;;;;;;;;;;;x
PROV2075;세로웨;;;;;;;;;;;;;x
PROV2076;노카넹;;;;;;;;;;;;;x
PROV2077;차봉;;;;;;;;;;;;;x
PROV2078;오조무이스;;;;;;;;;;;;;x
PROV2079;오츠존지이;;;;;;;;;;;;;x
PROV2080;오치반다;;;;;;;;;;;;;x
PROV2081;루호노노;;;;;;;;;;;;;x
PROV2082;에파코;;;;;;;;;;;;;x
PROV2083;에조롱곤도;;;;;;;;;;;;;x
PROV2084;노마베브;;;;;;;;;;;;;x
PROV2085;누구세스;;;;;;;;;;;;;x
PROV2086;아이사-아이베즈;;;;;;;;;;;;;x
PROV2087;케이프타운;;;;;;;;;;;;;x
PROV2088;오키프;;;;;;;;;;;;;x
PROV2089;우스터;;;;;;;;;;;;;x
PROV2090;스웰렌담;;;;;;;;;;;;;x
PROV2091;모셀베이;;;;;;;;;;;;;x
PROV2092;보포트 웨스트;;;;;;;;;;;;;x
PROV2093;한탐;;;;;;;;;;;;;x
PROV2094;그리콰랜드;;;;;;;;;;;;;x
PROV2095;디타콩;;;;;;;;;;;;;x
PROV2096;포트 엘리자베스;;;;;;;;;;;;;x
PROV2097;그라프레이네트;;;;;;;;;;;;;x
PROV2098;비쇼;;;;;;;;;;;;;x
PROV2099;마텔레;;;;;;;;;;;;;x
PROV2100;움타타;;;;;;;;;;;;;x
PROV2101;타바 응츄;;;;;;;;;;;;;x
PROV2102;콰콰;;;;;;;;;;;;;x
PROV2103;레포이;;;;;;;;;;;;;x
PROV2104;타바 보시우;;;;;;;;;;;;;x
PROV2105;가란쿠와;;;;;;;;;;;;;x
PROV2106;사안;;;;;;;;;;;;;x
PROV2107;막와시;;;;;;;;;;;;;x
PROV2108;모세가;;;;;;;;;;;;;x
PROV2109;가리바;;;;;;;;;;;;;x
PROV2110;차넹;;;;;;;;;;;;;x
PROV2111;더반;;;;;;;;;;;;;x
PROV2112;엠남비티;;;;;;;;;;;;;x
PROV2113;움궁군들로부;;;;;;;;;;;;;x
PROV2114;음바바네;;;;;;;;;;;;;x
PROV2115;타나나리브;;;;;;;;;;;;;x
PROV2116;피아나란초아;;;;;;;;;;;;;x
PROV2117;암파니히;;;;;;;;;;;;;x
PROV2118;톨라나로;;;;;;;;;;;;;x
PROV2119;토아마시나;;;;;;;;;;;;;x
PROV2120;안치라나나;;;;;;;;;;;;;x
PROV2121;마장가;;;;;;;;;;;;;x
PROV2122;톨리아라;;;;;;;;;;;;;x
PROV2123;코모로;;;;;;;;;;;;;x
PROV2124;마오레;;;;;;;;;;;;;x
PROV2125;모리셔스;;;;;;;;;;;;;x
PROV2126;부르봉섬;;;;;;;;;;;;;x
PROV2127;세이셸;;;;;;;;;;;;;x
PROV2128;디에고 가르시아;;;;;;;;;;;;;x
PROV2129;세인트헬레나;;;;;;;;;;;;;x
PROV2130;어센션섬;;;;;;;;;;;;;x
PROV2131;포클랜드 제도;;;;;;;;;;;;;x
PROV2132;트리스탄다쿠냐;;;;;;;;;;;;;x
PROV2133;사우스조지아;;;;;;;;;;;;;x
PROV2134;아조레스;;;;;;;;;;;;;x
PROV2135;마데이라;;;;;;;;;;;;;x
PROV2136;카나리아 제도;;;;;;;;;;;;;x
PROV2137;아리스페;;;;;;;;;;;;;x
PROV2138;라파즈;;;;;;;;;;;;;x
PROV2139;바이아데로스앙헬레스;;;;;;;;;;;;;x
PROV2140;에르모시요;;;;;;;;;;;;;x
PROV2141;과이마스;;;;;;;;;;;;;x
PROV2142;치와와;;;;;;;;;;;;;x
PROV2143;엘파소델노르테;;;;;;;;;;;;;x
PROV2144;프레시디오델노르테;;;;;;;;;;;;;x
PROV2145;이달고델파랄;;;;;;;;;;;;;x
PROV2146;워싱턴;;;;;;;;;;;;;x
PROV2147;산후안 바우티스타;;;;;;;;;;;;;x
PROV2148;앨버커키;;;;;;;;;;;;;x
PROV2149;몬테레이;;;;;;;;;;;;;x
PROV2150;마타모로스;;;;;;;;;;;;;x
PROV2151;시우다드 빅토리아;;;;;;;;;;;;;x
PROV2152;몽클로바;;;;;;;;;;;;;x
PROV2153;두랑고;;;;;;;;;;;;;x
PROV2154;산미겔;;;;;;;;;;;;;x
PROV2155;살티요;;;;;;;;;;;;;x
PROV2156;마사틀란;;;;;;;;;;;;;x
PROV2157;쿨리아칸로살레스;;;;;;;;;;;;;x
PROV2158;사카테카스;;;;;;;;;;;;;x
PROV2159;산루이스포토시;;;;;;;;;;;;;x
PROV2160;아과스칼리엔테스;;;;;;;;;;;;;x
PROV2161;테픽;;;;;;;;;;;;;x
PROV2162;베라크루스;;;;;;;;;;;;;x
PROV2163;할라파엔리케스;;;;;;;;;;;;;x
PROV2164;코아트사코알코스;;;;;;;;;;;;;x
PROV2165;비야에르모사;;;;;;;;;;;;;x
PROV2166;과달라하라;;;;;;;;;;;;;x
PROV2167;과나후아토;;;;;;;;;;;;;x
PROV2168;비야푸리피카시온;;;;;;;;;;;;;x
PROV2169;콜리마;;;;;;;;;;;;;x
PROV2170;케레타로;;;;;;;;;;;;;x
PROV2171;모렐리아;;;;;;;;;;;;;x
PROV2172;멕시코시티;;;;;;;;;;;;;x
PROV2173;틀락스칼라;;;;;;;;;;;;;x
PROV2174;파추카;;;;;;;;;;;;;x
PROV2175;푸에블라;;;;;;;;;;;;;x
PROV2176;쿠에르나바카;;;;;;;;;;;;;x
PROV2177;오악사카;;;;;;;;;;;;;x
PROV2178;후치탄;;;;;;;;;;;;;x
PROV2179;칠판싱고;;;;;;;;;;;;;x
PROV2180;톨루카;;;;;;;;;;;;;x
PROV2181;산 마르코스 툭스틀라;;;;;;;;;;;;;x
PROV2182;소코누스코;;;;;;;;;;;;;x
PROV2183;메리다;;;;;;;;;;;;;x
PROV2184;캄페체;;;;;;;;;;;;;x
PROV2185;바칼라르;;;;;;;;;;;;;x
PROV2186;과테말라시티;;;;;;;;;;;;;x
PROV2187;벨리즈 타운;;;;;;;;;;;;;x
PROV2188;페텐;;;;;;;;;;;;;x
PROV2189;카르멜리타;;;;;;;;;;;;;x
PROV2190;산 이그나시오;;;;;;;;;;;;;x
PROV2191;산살바도르;;;;;;;;;;;;;x
PROV2192;산 미겔;;;;;;;;;;;;;x
PROV2193;코마야과;;;;;;;;;;;;;x
PROV2194;산 페드로 술라;;;;;;;;;;;;;x
PROV2195;트루히요;;;;;;;;;;;;;x
PROV2196;베이 제도;;;;;;;;;;;;;x
PROV2197;마나과;;;;;;;;;;;;;x
PROV2198;그라나다;;;;;;;;;;;;;x
PROV2199;레온;;;;;;;;;;;;;x
PROV2200;블루필즈;;;;;;;;;;;;;x
PROV2201;푸에블로 데 코토;;;;;;;;;;;;;x
PROV2202;산호세;;;;;;;;;;;;;x
PROV2203;몬타냐데도타;;;;;;;;;;;;;x
PROV2204;다비드;;;;;;;;;;;;;x
PROV2205;보카스델토로;;;;;;;;;;;;;x
PROV2206;보카스델토로 제도;;;;;;;;;;;;;x
PROV2207;사인샨드;;;;;;;;;;;;;x
PROV2208;파나마시티;;;;;;;;;;;;;x
PROV2209;아바나;;;;;;;;;;;;;x
PROV2210;산타 클라라;;;;;;;;;;;;;x
PROV2211;카마궤이;;;;;;;;;;;;;x
PROV2212;산티아고 데 쿠바;;;;;;;;;;;;;x
PROV2213;포르토프랭스;;;;;;;;;;;;;x
PROV2214;생도맹그;;;;;;;;;;;;;x
PROV2215;카프아이시앵;;;;;;;;;;;;;x
PROV2216;생자크데슈발리에;;;;;;;;;;;;;x
PROV2217;자메이카;;;;;;;;;;;;;x
PROV2218;케이만 제도;;;;;;;;;;;;;x
PROV2219;무야나;;;;;;;;;;;;;x
PROV2220;터크스 케이커스 제도;;;;;;;;;;;;;x
PROV2221;난징;;;;;;;;;;;;;x
PROV2222;푸에르토리코;;;;;;;;;;;;;x
PROV2223;세인트 토마스;;;;;;;;;;;;;x
PROV2224;안티구아와 바부다;;;;;;;;;;;;;x
PROV2225;몽세라트;;;;;;;;;;;;;x
PROV2226;토르톨라;;;;;;;;;;;;;x
PROV2227;세인트 키츠와 네비스;;;;;;;;;;;;;x
PROV2228;마르티니크;;;;;;;;;;;;;x
PROV2229;바베이도스;;;;;;;;;;;;;x
PROV2230;과들루프;;;;;;;;;;;;;x
PROV2231;세인트루시아;;;;;;;;;;;;;x
PROV2232;도미니카;;;;;;;;;;;;;x
PROV2233;그레나다;;;;;;;;;;;;;x
PROV2234;아루바·보네르·퀴라소;;;;;;;;;;;;;x
PROV2235;산안드레스·프로비덴시아;;;;;;;;;;;;;x
PROV2236;필립스버그;;;;;;;;;;;;;x
PROV2237;트리니다드 토바고;;;;;;;;;;;;;x
PROV2238;나바사섬;;;;;;;;;;;;;x
PROV2239;조지타운;;;;;;;;;;;;;x
PROV2240;파라마리보;;;;;;;;;;;;;x
PROV2241;카옌;;;;;;;;;;;;;x
PROV2242;바르티카;;;;;;;;;;;;;x
PROV2243;포트젤란디아;;;;;;;;;;;;;x
PROV2244;크리스마스·코코스 제도;;;;;;;;;;;;;x
PROV2245;스툴만스에일란트;;;;;;;;;;;;;x
PROV2246;와야나;;;;;;;;;;;;;x
PROV2247;보고타;;;;;;;;;;;;;x
PROV2248;이바게;;;;;;;;;;;;;x
PROV2249;엘 비엔토;;;;;;;;;;;;;x
PROV2250;칼리;;;;;;;;;;;;;x
PROV2251;쿠쿠타;;;;;;;;;;;;;x
PROV2252;메델린;;;;;;;;;;;;;x
PROV2253;키브도;;;;;;;;;;;;;x
PROV2254;바랑키야;;;;;;;;;;;;;x
PROV2255;마나우레;;;;;;;;;;;;;x
PROV2256;바르바코아스;;;;;;;;;;;;;x
PROV2257;포파얀;;;;;;;;;;;;;x
PROV2258;투마코;;;;;;;;;;;;;x
PROV2259;이팔레스;;;;;;;;;;;;;x
PROV2260;치리비케테산맥;;;;;;;;;;;;;x
PROV2261;아마카야쿠;;;;;;;;;;;;;x
PROV2262;툰하;;;;;;;;;;;;;x
PROV2263;상파울루 도스 캄베바스;;;;;;;;;;;;;x
PROV2264;카라카스;;;;;;;;;;;;;x
PROV2265;바리나스;;;;;;;;;;;;;x
PROV2266;칼라보소;;;;;;;;;;;;;x
PROV2267;바르셀로나;;;;;;;;;;;;;x
PROV2268;발렌시아;;;;;;;;;;;;;x
PROV2269;쿠마나;;;;;;;;;;;;;x
PROV2270;라과히라;;;;;;;;;;;;;x
PROV2271;산크리스토발;;;;;;;;;;;;;x
PROV2272;코로;;;;;;;;;;;;;x
PROV2273;과나레;;;;;;;;;;;;;x
PROV2274;산페르난도데아타바포;;;;;;;;;;;;;x
PROV2275;앙고스투라;;;;;;;;;;;;;x
PROV2276;마투린;;;;;;;;;;;;;x
PROV2277;피에드라델코쿠이;;;;;;;;;;;;;x
PROV2278;마로아;;;;;;;;;;;;;x
PROV2279;키토;;;;;;;;;;;;;x
PROV2280;과야킬;;;;;;;;;;;;;x
PROV2281;포르토비에호;;;;;;;;;;;;;x
PROV2282;엘코카;;;;;;;;;;;;;x
PROV2283;마카스;;;;;;;;;;;;;x
PROV2284;리오 나포;;;;;;;;;;;;;x
PROV2285;갈라파고스 제도;;;;;;;;;;;;;x
PROV2286;카바요코차;;;;;;;;;;;;;x
PROV2287;하엔;;;;;;;;;;;;;x
PROV2288;괄라키사;;;;;;;;;;;;;x
PROV2289;푸투마요강;;;;;;;;;;;;;x
PROV2290;안티수유;;;;;;;;;;;;;x
PROV2291;카후미나리;;;;;;;;;;;;;x
PROV2292;트루히요;;;;;;;;;;;;;x
PROV2293;우아누코;;;;;;;;;;;;;x
PROV2294;차차포야스;;;;;;;;;;;;;x
PROV2295;리마;;;;;;;;;;;;;x
PROV2296;우앙카요;;;;;;;;;;;;;x
PROV2297;이카;;;;;;;;;;;;;x
PROV2298;푸에르토 에스페란자;;;;;;;;;;;;;x
PROV2299;쿠스코;;;;;;;;;;;;;x
PROV2300;푸카 올파;;;;;;;;;;;;;x
PROV2301;이냐파리;;;;;;;;;;;;;x
PROV2302;마누;;;;;;;;;;;;;x
PROV2303;훌리아카;;;;;;;;;;;;;x
PROV2304;아레퀴파;;;;;;;;;;;;;x
PROV2305;안토파가스타;;;;;;;;;;;;;x
PROV2306;이타라레;;;;;;;;;;;;;x
PROV2307;이키케;;;;;;;;;;;;;x
PROV2308;아리카;;;;;;;;;;;;;x
PROV2309;산페드로데아타카마;;;;;;;;;;;;;x
PROV2310;라파스;;;;;;;;;;;;;x
PROV2311;코차밤바;;;;;;;;;;;;;x
PROV2312;오루로;;;;;;;;;;;;;x
PROV2313;추퀴사카;;;;;;;;;;;;;x
PROV2314;포토시;;;;;;;;;;;;;x
PROV2315;타리하;;;;;;;;;;;;;x
PROV2316;산타크루스데라시에라;;;;;;;;;;;;;x
PROV2317;우루부;;;;;;;;;;;;;x
PROV2318;치키토스;;;;;;;;;;;;;x
PROV2319;리오 아부나;;;;;;;;;;;;;x
PROV2320;카비투;;;;;;;;;;;;;x
PROV2321;리오 마데이라;;;;;;;;;;;;;x
PROV2322;코피아포;;;;;;;;;;;;;x
PROV2323;발레나르;;;;;;;;;;;;;x
PROV2324;산티아고;;;;;;;;;;;;;x
PROV2325;발파라이소;;;;;;;;;;;;;x
PROV2326;라세레나;;;;;;;;;;;;;x
PROV2327;랑카과;;;;;;;;;;;;;x
PROV2328;발디비아;;;;;;;;;;;;;x
PROV2329;탈카우아노;;;;;;;;;;;;;x
PROV2330;탈카;;;;;;;;;;;;;x
PROV2331;칠란;;;;;;;;;;;;;x
PROV2332;오소르노;;;;;;;;;;;;;x
PROV2333;아첸;;;;;;;;;;;;;x
PROV2334;타우크세르;;;;;;;;;;;;;x
PROV2335;아스티제제시나왁타이;;;;;;;;;;;;;x
PROV2336;라파누이;;;;;;;;;;;;;x
PROV2337;투파렌다;;;;;;;;;;;;;x
PROV2338;쿠나타이;;;;;;;;;;;;;x
PROV2339;필라르;;;;;;;;;;;;;x
PROV2340;아순시온;;;;;;;;;;;;;x
PROV2341;이타푸아;;;;;;;;;;;;;x
PROV2342;콘셉시온;;;;;;;;;;;;;x
PROV2343;뉴피아우;;;;;;;;;;;;;x
PROV2344;몬테비데오;;;;;;;;;;;;;x
PROV2345;살토오리엔탈;;;;;;;;;;;;;x
PROV2346;산 프럭투오소;;;;;;;;;;;;;x
PROV2347;멜로;;;;;;;;;;;;;x
PROV2348;트리니다드;;;;;;;;;;;;;x
PROV2349;보로 말랄;;;;;;;;;;;;;x
PROV2350;트라팔켄;;;;;;;;;;;;;x
PROV2351;돌로레스;;;;;;;;;;;;;x
PROV2352;라로마 코;;;;;;;;;;;;;x
PROV2353;살리 콜로후에;;;;;;;;;;;;;x
PROV2354;페후엔 코우;;;;;;;;;;;;;x
PROV2355;카르멘데파타고네스;;;;;;;;;;;;;x
PROV2356;코리엔테스;;;;;;;;;;;;;x
PROV2357;쿠루수쿠아티아;;;;;;;;;;;;;x
PROV2358;라크루스;;;;;;;;;;;;;x
PROV2359;콘코르디아;;;;;;;;;;;;;x
PROV2360;파라나;;;;;;;;;;;;;x
PROV2361;산타페;;;;;;;;;;;;;x
PROV2362;타쿠아렌디;;;;;;;;;;;;;x
PROV2363;산 로렌조;;;;;;;;;;;;;x
PROV2364;리오 네그로;;;;;;;;;;;;;x
PROV2365;라아나;;;;;;;;;;;;;x
PROV2366;타타르;;;;;;;;;;;;;x
PROV2367;위춘효트우에트;;;;;;;;;;;;;x
PROV2368;살타;;;;;;;;;;;;;x
PROV2369;후후이;;;;;;;;;;;;;x
PROV2370;수욱이;;;;;;;;;;;;;x
PROV2371;퀴스카;;;;;;;;;;;;;x
PROV2372;팸티;;;;;;;;;;;;;x
PROV2373;투쿠만;;;;;;;;;;;;;x
PROV2374;카타마르카;;;;;;;;;;;;;x
PROV2375;벨렌;;;;;;;;;;;;;x
PROV2376;산티아고델에스테로;;;;;;;;;;;;;x
PROV2377;아냐투야;;;;;;;;;;;;;x
PROV2378;코포;;;;;;;;;;;;;x
PROV2379;코르도바;;;;;;;;;;;;;x
PROV2380;비야델로사리오;;;;;;;;;;;;;x
PROV2381;리오쿠아르토;;;;;;;;;;;;;x
PROV2382;우에네우에넬레스;;;;;;;;;;;;;x
PROV2383;산루이스;;;;;;;;;;;;;x
PROV2384;베베데로;;;;;;;;;;;;;x
PROV2385;라리오하;;;;;;;;;;;;;x
PROV2386;울라페스;;;;;;;;;;;;;x
PROV2387;산후안;;;;;;;;;;;;;x
PROV2388;칼링가스타;;;;;;;;;;;;;x
PROV2389;멘도사;;;;;;;;;;;;;x
PROV2390;피쿤 라투엘;;;;;;;;;;;;;x
PROV2391;라닌;;;;;;;;;;;;;x
PROV2392;도스에르마나스;;;;;;;;;;;;;x
PROV2393;코트리코;;;;;;;;;;;;;x
PROV2394;베리로슈;;;;;;;;;;;;;x
PROV2395;퀴루 라우케엔;;;;;;;;;;;;;x
PROV2396;간간;;;;;;;;;;;;;x
PROV2397;에스켓;;;;;;;;;;;;;x
PROV2398;푸에르토 데세이도;;;;;;;;;;;;;x
PROV2399;치멘 에이케;;;;;;;;;;;;;x
PROV2400;톨웬;;;;;;;;;;;;;x
PROV2401;상가브리에우다카쇼에이라;;;;;;;;;;;;;x
PROV2402;오비두스;;;;;;;;;;;;;x
PROV2403;에가;;;;;;;;;;;;;x
PROV2404;상조제두자바리;;;;;;;;;;;;;x
PROV2405;마니코레강 유역;;;;;;;;;;;;;x
PROV2406;페스카도레스 제도;;;;;;;;;;;;;x
PROV2407;주루아강;;;;;;;;;;;;;x
PROV2408;투무쿠마키산맥;;;;;;;;;;;;;x
PROV2409;세인트빈센트 그레나딘;;;;;;;;;;;;;x
PROV2410;벨렝;;;;;;;;;;;;;x
PROV2411;산타렘;;;;;;;;;;;;;x
PROV2412;엥제뉴두스브레베스;;;;;;;;;;;;;x
PROV2413;바라 도 타카이-우나;;;;;;;;;;;;;x
PROV2414;제지라;;;;;;;;;;;;;x
PROV2415;마카파;;;;;;;;;;;;;x
PROV2416;리오 아파;;;;;;;;;;;;;x
PROV2417;카세레스;;;;;;;;;;;;;x
PROV2418;쿠이아바;;;;;;;;;;;;;x
PROV2419;코싱;;;;;;;;;;;;;x
PROV2420;푼타푸라;;;;;;;;;;;;;x
PROV2421;루지아니아;;;;;;;;;;;;;x
PROV2422;고이아스;;;;;;;;;;;;;x
PROV2423;보아 비스타 도 파드레 주오;;;;;;;;;;;;;x
PROV2424;상루이스;;;;;;;;;;;;;x
PROV2425;카시아스;;;;;;;;;;;;;x
PROV2426;빌라노바두포티;;;;;;;;;;;;;x
PROV2427;오에이라;;;;;;;;;;;;;x
PROV2428;파라히바 도 노르테;;;;;;;;;;;;;x
PROV2429;포르탈레자;;;;;;;;;;;;;x
PROV2430;빌라헤알두크라투;;;;;;;;;;;;;x
PROV2431;나탈;;;;;;;;;;;;;x
PROV2432;헤시피;;;;;;;;;;;;;x
PROV2433;세라 탈하다;;;;;;;;;;;;;x
PROV2434;마세이오;;;;;;;;;;;;;x
PROV2435;상크리스토방;;;;;;;;;;;;;x
PROV2436;사우바도르;;;;;;;;;;;;;x
PROV2437;주아제이루;;;;;;;;;;;;;x
PROV2438;산타나두스브레주스;;;;;;;;;;;;;x
PROV2439;상조르제두스일례우스;;;;;;;;;;;;;x
PROV2440;자코비나;;;;;;;;;;;;;x
PROV2441;오루프레투;;;;;;;;;;;;;x
PROV2442;상곤살루두콘타;;;;;;;;;;;;;x
PROV2443;몬치스클라루스;;;;;;;;;;;;;x
PROV2444;산토 안토니오 도 리우 파라나이바;;;;;;;;;;;;;x
PROV2445;우베라바;;;;;;;;;;;;;x
PROV2446;푸소 알레그레;;;;;;;;;;;;;x
PROV2447;리우데자네이루;;;;;;;;;;;;;x
PROV2448;캄푸스두스고이타카지스;;;;;;;;;;;;;x
PROV2449;비토리아;;;;;;;;;;;;;x
PROV2450;상파울루;;;;;;;;;;;;;x
PROV2451;상조제두스캄푸스;;;;;;;;;;;;;x
PROV2452;캄피나스;;;;;;;;;;;;;x
PROV2453;리오 띠에치;;;;;;;;;;;;;x
PROV2454;피지;;;;;;;;;;;;;x
PROV2455;이과페;;;;;;;;;;;;;x
PROV2456;프랑카;;;;;;;;;;;;;x
PROV2457;쿠리치바;;;;;;;;;;;;;x
PROV2458;시다드두과이라;;;;;;;;;;;;;x
PROV2459;페페리과수강;;;;;;;;;;;;;x
PROV2460;빌라리카두이스피리투산투;;;;;;;;;;;;;x
PROV2461;노사 센호라 도 데스테로;;;;;;;;;;;;;x
PROV2462;팔마 수엘라;;;;;;;;;;;;;x
PROV2463;포르토 알레그레;;;;;;;;;;;;;x
PROV2464;펠로타스;;;;;;;;;;;;;x
PROV2465;산타 마리아;;;;;;;;;;;;;x
PROV2466;상보르자;;;;;;;;;;;;;x
PROV2467;바제;;;;;;;;;;;;;x
PROV2468;시드니;;;;;;;;;;;;;x
PROV2469;뉴캐슬;;;;;;;;;;;;;x
PROV2470;포트 맥쿼리;;;;;;;;;;;;;x
PROV2471;배서스트;;;;;;;;;;;;;x
PROV2472;캔버라;;;;;;;;;;;;;x
PROV2473;와가;;;;;;;;;;;;;x
PROV2474;모레;;;;;;;;;;;;;x
PROV2475;브로큰힐;;;;;;;;;;;;;x
PROV2476;멜버른;;;;;;;;;;;;;x
PROV2477;워넘불;;;;;;;;;;;;;x
PROV2478;밸러랫;;;;;;;;;;;;;x
PROV2479;세일;;;;;;;;;;;;;x
PROV2480;비치워스;;;;;;;;;;;;;x
PROV2481;스완힐;;;;;;;;;;;;;x
PROV2482;밴디먼스랜드;;;;;;;;;;;;;x
PROV2483;브리즈번;;;;;;;;;;;;;x
PROV2484;글래드스톤;;;;;;;;;;;;;x
PROV2485;클레르몽;;;;;;;;;;;;;x
PROV2486;투움바;;;;;;;;;;;;;x
PROV2487;타운스빌;;;;;;;;;;;;;x
PROV2488;쿡타운;;;;;;;;;;;;;x
PROV2489;롱리치;;;;;;;;;;;;;x
PROV2490;찰레빌;;;;;;;;;;;;;x
PROV2491;애들레이드;;;;;;;;;;;;;x
PROV2492;포트 링컨;;;;;;;;;;;;;x
PROV2493;로브;;;;;;;;;;;;;x
PROV2494;포트 아우구스타;;;;;;;;;;;;;x
PROV2495;티라리;;;;;;;;;;;;;x
PROV2496;널라버;;;;;;;;;;;;;x
PROV2497;퍼스;;;;;;;;;;;;;x
PROV2498;코조너프;;;;;;;;;;;;;x
PROV2499;제럴턴;;;;;;;;;;;;;x
PROV2500;캘굴리;;;;;;;;;;;;;x
PROV2501;브룸;;;;;;;;;;;;;x
PROV2502;카나번;;;;;;;;;;;;;x
PROV2503;윌루나;;;;;;;;;;;;;x
PROV2504;에스퍼런스;;;;;;;;;;;;;x
PROV2505;포트 에싱턴;;;;;;;;;;;;;x
PROV2506;로퍼강;;;;;;;;;;;;;x
PROV2507;음파른트웨;;;;;;;;;;;;;x
PROV2508;노퍽섬;;;;;;;;;;;;;x
PROV2509;오클랜드;;;;;;;;;;;;;x
PROV2510;응가모투;;;;;;;;;;;;;x
PROV2511;아후리리;;;;;;;;;;;;;x
PROV2512;테우포코오테이카;;;;;;;;;;;;;x
PROV2513;오테포티;;;;;;;;;;;;;x
PROV2514;호키티카;;;;;;;;;;;;;x
PROV2515;오타우타히;;;;;;;;;;;;;x
PROV2516;와카투;;;;;;;;;;;;;x
PROV2517;과잔;;;;;;;;;;;;;x
PROV2518;팔라우;;;;;;;;;;;;;x
PROV2519;마이마나;;;;;;;;;;;;;x
PROV2520;피닉스 제도;;;;;;;;;;;;;x
PROV2521;사이판;;;;;;;;;;;;;x
PROV2522;마셜 제도;;;;;;;;;;;;;x
PROV2523;플레전트섬;;;;;;;;;;;;;x
PROV2524;웨이크섬;;;;;;;;;;;;;x
PROV2525;마커스;;;;;;;;;;;;;x
PROV2526;팔미라 환초;;;;;;;;;;;;;x
PROV2527;길버트 제도;;;;;;;;;;;;;x
PROV2528;포트 모레스비;;;;;;;;;;;;;x
PROV2529;케레마;;;;;;;;;;;;;x
PROV2530;라에;;;;;;;;;;;;;x
PROV2531;앙고람;;;;;;;;;;;;;x
PROV2532;상조아킹 요새;;;;;;;;;;;;;x
PROV2533;노이마르크트;;;;;;;;;;;;;x
PROV2534;과달카날;;;;;;;;;;;;;x
PROV2535;뉴 헤브리데스;;;;;;;;;;;;;x
PROV2536;산타크루즈 제도;;;;;;;;;;;;;x
PROV2537;뉴브리튼;;;;;;;;;;;;;x
PROV2538;노이자츠;;;;;;;;;;;;;x
PROV2539;부겐빌;;;;;;;;;;;;;x
PROV2540;통가;;;;;;;;;;;;;x
PROV2541;엘리스 제도;;;;;;;;;;;;;x
PROV2542;월리스와 후투나 제도;;;;;;;;;;;;;x
PROV2543;아피아;;;;;;;;;;;;;x
PROV2544;파고파고;;;;;;;;;;;;;x
PROV2545;남부 쿡 제도;;;;;;;;;;;;;x
PROV2546;북부 쿡 제도;;;;;;;;;;;;;x
PROV2547;유니온 제도;;;;;;;;;;;;;x
PROV2548;이그디르;;;;;;;;;;;;;x
PROV2549;유루아강;;;;;;;;;;;;;x
PROV2550;레알 포르테 프린시페 다 베이라;;;;;;;;;;;;;x
PROV2551;마르케사 제도;;;;;;;;;;;;;x
PROV2552;핏케언 제도;;;;;;;;;;;;;x
PROV2553;파우모투 제도;;;;;;;;;;;;;x
PROV2554;칸델라리아;;;;;;;;;;;;;x
PROV2555;아우구스타;;;;;;;;;;;;;x
PROV2556;애슈빌;;;;;;;;;;;;;x
PROV2557;프레드리시아;;;;;;;;;;;;;x
PROV2558;에탄제니;;;;;;;;;;;;;x
PROV2559;수하그;;;;;;;;;;;;;x
PROV2560;다름슈타트;;;;;;;;;;;;;x
PROV2561;부퍼탈;;;;;;;;;;;;;x
PROV2562;타이둥;;;;;;;;;;;;;x
PROV2563;사피;;;;;;;;;;;;;x
PROV2564;살리마;;;;;;;;;;;;;x
PROV2565;세부;;;;;;;;;;;;;x
PROV2566;아가르탈라;;;;;;;;;;;;;x
PROV2567;가에타;;;;;;;;;;;;;x
PROV2568;루가노;;;;;;;;;;;;;x
PROV2569;니시치;;;;;;;;;;;;;x
PROV2570;보베;;;;;;;;;;;;;x
PROV2571;타우랑가;;;;;;;;;;;;;x
PROV2572;난;;;;;;;;;;;;;x
PROV2573;음비셀;;;;;;;;;;;;;x
PROV2574;모추디;;;;;;;;;;;;;x
PROV2575;이포;;;;;;;;;;;;;x
PROV2576;나투나;;;;;;;;;;;;;x
PROV2577;타슐리자;;;;;;;;;;;;;x
PROV2578;타크나;;;;;;;;;;;;;x
PROV2579;트루크;;;;;;;;;;;;;x
PROV2580;노바야 라도가;;;;;;;;;;;;;x
PROV2581;치코노노;;;;;;;;;;;;;x
PROV2582;카타로;;;;;;;;;;;;;x
PROV2583;세틴제;;;;;;;;;;;;;x
PROV2584;빌리츠;;;;;;;;;;;;;x
PROV2585;알 조프;;;;;;;;;;;;;x
PROV2586;룹알할리;;;;;;;;;;;;;x
PROV2587;콜라;;;;;;;;;;;;;x
PROV2588;오네가;;;;;;;;;;;;;x
PROV2589;쓰시마;;;;;;;;;;;;;x
PROV2590;세우타;;;;;;;;;;;;;x
PROV2591;트란케바르;;;;;;;;;;;;;x
PROV2592;포트 치모;;;;;;;;;;;;;x
PROV2593;루퍼트하우스;;;;;;;;;;;;;x
PROV2594;포트프랜시스;;;;;;;;;;;;;x
PROV2595;프로비셔 베이;;;;;;;;;;;;;x
PROV2596;빅토리아섬;;;;;;;;;;;;;x
PROV2597;피노스섬;;;;;;;;;;;;;x
PROV2598;퀸 샬럿 제도;;;;;;;;;;;;;x
PROV2599;성 미하일 보루;;;;;;;;;;;;;x
PROV2600;타바콰라 미스오;;;;;;;;;;;;;x
PROV2601;윌킨카라;;;;;;;;;;;;;x
PROV2602;로번;;;;;;;;;;;;;x
PROV2603;차나메;;;;;;;;;;;;;x
PROV2604;노르망톤;;;;;;;;;;;;;x
PROV2605;응가냐차라쿠;;;;;;;;;;;;;x
PROV2606;발하시;;;;;;;;;;;;;x
PROV2607;타클라마칸;;;;;;;;;;;;;x
PROV2608;울란곰;;;;;;;;;;;;;x
PROV2609;아라우앙;;;;;;;;;;;;;x
PROV2610;우랄스크;;;;;;;;;;;;;x
PROV2611;악퇴베;;;;;;;;;;;;;x
PROV2612;악타슈;;;;;;;;;;;;;x
PROV2613;푸르페강 유역;;;;;;;;;;;;;x
PROV2614;셰드린스크;;;;;;;;;;;;;x
PROV2615;타조프스키;;;;;;;;;;;;;x
PROV2616;코랴크고원;;;;;;;;;;;;;x
PROV2617;사할리얀울라;;;;;;;;;;;;;x
PROV2618;탈라야;;;;;;;;;;;;;x
PROV2619;아익할;;;;;;;;;;;;;x
PROV2620;수수만;;;;;;;;;;;;;x
PROV2621;스레드네콜림스크;;;;;;;;;;;;;x
PROV2622;바르르뒤크;;;;;;;;;;;;;x
PROV2623;미드웨이 제도;;;;;;;;;;;;;x
PROV2624;로앙고;;;;;;;;;;;;;x
PROV2625;배틀 하버;;;;;;;;;;;;;x
PROV2626;엉가바반도;;;;;;;;;;;;;x
PROV2627;브래드퍼드;;;;;;;;;;;;;x
PROV2628;케찰테낭고;;;;;;;;;;;;;x
PROV2629;클리퍼턴섬;;;;;;;;;;;;;x
PROV2630;페르리토 데 라스 프라데라스;;;;;;;;;;;;;x
PROV2631;북부 아파체리아;;;;;;;;;;;;;x
PROV2632;광초완;;;;;;;;;;;;;x
PROV2633;오소라;;;;;;;;;;;;;x
PROV2634;라브렌티야;;;;;;;;;;;;;x
PROV2635;카리바;;;;;;;;;;;;;x
PROV2636;암마스슬릭;;;;;;;;;;;;;x
PROV2637;케타팡;;;;;;;;;;;;;x
PROV2638;세코하;;;;;;;;;;;;;x
PROV2639;퀘리야트;;;;;;;;;;;;;x
PROV2640;과다르;;;;;;;;;;;;;x
PROV2641;아얀;;;;;;;;;;;;;x
PROV2642;우스티네라;;;;;;;;;;;;;x
PROV2643;하지아바드;;;;;;;;;;;;;x
PROV2644;올렉민스크;;;;;;;;;;;;;x
PROV2645;보데이보;;;;;;;;;;;;;x
PROV2646;수르구트;;;;;;;;;;;;;x
PROV2647;리파우;;;;;;;;;;;;;x
PROV2648;야쿠츠크;;;;;;;;;;;;;x
PROV2649;지간스크;;;;;;;;;;;;;x
PROV2650;뉴르바;;;;;;;;;;;;;x
PROV2651;아이할;;;;;;;;;;;;;x
PROV2652;쿨라르;;;;;;;;;;;;;x
PROV2653;사스킬라흐;;;;;;;;;;;;;x
PROV2654;하탕가;;;;;;;;;;;;;x
PROV2655;투라;;;;;;;;;;;;;x
PROV2656;우스튜르트;;;;;;;;;;;;;x
PROV2657;두딘카;;;;;;;;;;;;;x
PROV2658;쿠르간;;;;;;;;;;;;;x
PROV2659;기단반도;;;;;;;;;;;;;x
PROV2660;세이므찬;;;;;;;;;;;;;x
PROV2661;티케겐;;;;;;;;;;;;;x
PROV2662;치리카와;;;;;;;;;;;;;x
PROV2663;카멘스코예;;;;;;;;;;;;;x
PROV2664;카사브;;;;;;;;;;;;;x
PROV2665;삼바스;;;;;;;;;;;;;x
PROV2666;페베크;;;;;;;;;;;;;x
PROV2667;바타가이;;;;;;;;;;;;;x
PROV2668;오몰로이;;;;;;;;;;;;;x
PROV2669;더스;;;;;;;;;;;;;x
PROV2670;베르흐네우딘스크;;;;;;;;;;;;;x
PROV2671;바르구진;;;;;;;;;;;;;x
PROV2672;포크로브스크;;;;;;;;;;;;;x
PROV2673;올레뇨크;;;;;;;;;;;;;x
PROV2674;아바칸;;;;;;;;;;;;;x
PROV2675;니즈냐야퉁구스카;;;;;;;;;;;;;x
PROV2676;키렌스크;;;;;;;;;;;;;x
PROV2677;일림스크;;;;;;;;;;;;;x
PROV2678;불간;;;;;;;;;;;;;x
PROV2679;호브드;;;;;;;;;;;;;x
PROV2680;볼로찬카;;;;;;;;;;;;;x
PROV2681;타이베이;;;;;;;;;;;;;x
PROV2682;오브도르스크;;;;;;;;;;;;;x
PROV2683;나림;;;;;;;;;;;;;x
PROV2684;야말;;;;;;;;;;;;;x
PROV2685;펠림;;;;;;;;;;;;;x
PROV2686;크리보슈체코프스카야;;;;;;;;;;;;;x
PROV2687;암데르마;;;;;;;;;;;;;x
PROV2688;볼셰제멜스카야;;;;;;;;;;;;;x
PROV2689;물다;;;;;;;;;;;;;x
PROV2690;필리베;;;;;;;;;;;;;x
PROV2691;아긴스코예;;;;;;;;;;;;;x
PROV2692;코스티노;;;;;;;;;;;;;x
PROV2693;에스세이;;;;;;;;;;;;;x
PROV2694;포드카멘나야퉁구스카;;;;;;;;;;;;;x
PROV2695;무흐투야;;;;;;;;;;;;;x
PROV2696;알단;;;;;;;;;;;;;x
PROV2697;징키리;;;;;;;;;;;;;x
PROV2698;쿠즈네츠크;;;;;;;;;;;;;x
PROV2699;이즈마;;;;;;;;;;;;;x
PROV2700;우스티시솔스크;;;;;;;;;;;;;x
PROV2701;칸스크;;;;;;;;;;;;;x
PROV2702;알티쿠둑;;;;;;;;;;;;;x
PROV2703;베네른;;;;;;;;;;;;;x
PROV2704;베테른;;;;;;;;;;;;;x
PROV2705;보트니아만;;;;;;;;;;;;;x
PROV2706;올란드해;;;;;;;;;;;;;x
PROV2707;핀란드만;;;;;;;;;;;;;x
PROV2708;서부 발트해;;;;;;;;;;;;;x
PROV2709;리가만;;;;;;;;;;;;;x
PROV2710;남발트해;;;;;;;;;;;;;x
PROV2711;카테가트;;;;;;;;;;;;;x
PROV2712;스카게라크;;;;;;;;;;;;;x
PROV2713;페이푸스호;;;;;;;;;;;;;x
PROV2714;라도가;;;;;;;;;;;;;x
PROV2715;오네가;;;;;;;;;;;;;x
PROV2716;백해;;;;;;;;;;;;;x
PROV2717;로포텐해;;;;;;;;;;;;;x
PROV2718;북노르웨이해;;;;;;;;;;;;;x
PROV2719;남노르웨이해;;;;;;;;;;;;;x
PROV2720;독일만;;;;;;;;;;;;;x
PROV2721;헬골란트만;;;;;;;;;;;;;x
PROV2722;홀란트 해안;;;;;;;;;;;;;x
PROV2723;도거뱅크;;;;;;;;;;;;;x
PROV2724;도버 해협;;;;;;;;;;;;;x
PROV2725;영국해협;;;;;;;;;;;;;x
PROV2726;랜드 엔드;;;;;;;;;;;;;x
PROV2727;브르타뉴 해안;;;;;;;;;;;;;x
PROV2728;키브롱만;;;;;;;;;;;;;x
PROV2729;코트다르장;;;;;;;;;;;;;x
PROV2730;비스케이만;;;;;;;;;;;;;x
PROV2731;칸타브리아 해;;;;;;;;;;;;;x
PROV2732;타인;;;;;;;;;;;;;x
PROV2733;포스만;;;;;;;;;;;;;x
PROV2734;북해;;;;;;;;;;;;;x
PROV2735;머리만;;;;;;;;;;;;;x
PROV2736;노스 해협;;;;;;;;;;;;;x
PROV2737;아일랜드해;;;;;;;;;;;;;x
PROV2738;세인트조지해협;;;;;;;;;;;;;x
PROV2739;도니골만;;;;;;;;;;;;;x
PROV2740;딩글만;;;;;;;;;;;;;x
PROV2741;켈트해;;;;;;;;;;;;;x
PROV2742;서부접근수역;;;;;;;;;;;;;x
PROV2743;피니스테레만;;;;;;;;;;;;;x
PROV2744;루시타니아해;;;;;;;;;;;;;x
PROV2745;카디즈만;;;;;;;;;;;;;x
PROV2746;지브롤터 해협;;;;;;;;;;;;;x
PROV2747;알메리아만;;;;;;;;;;;;;x
PROV2748;발렌시아만;;;;;;;;;;;;;x
PROV2749;리옹만;;;;;;;;;;;;;x
PROV2750;코트다쥐르;;;;;;;;;;;;;x
PROV2751;리구리아해;;;;;;;;;;;;;x
PROV2752;마요르카만;;;;;;;;;;;;;x
PROV2753;서부 지중해;;;;;;;;;;;;;x
PROV2754;바르바리 해안;;;;;;;;;;;;;x
PROV2755;케이프 본;;;;;;;;;;;;;x
PROV2756;티레니아해;;;;;;;;;;;;;x
PROV2757;나폴리만;;;;;;;;;;;;;x
PROV2758;가베스만;;;;;;;;;;;;;x
PROV2759;몰타해협;;;;;;;;;;;;;x
PROV2760;메시나 해협;;;;;;;;;;;;;x
PROV2761;베니스만;;;;;;;;;;;;;x
PROV2762;아드리아해;;;;;;;;;;;;;x
PROV2763;오트란토 해협;;;;;;;;;;;;;x
PROV2764;타란토만;;;;;;;;;;;;;x
PROV2765;이오니아해;;;;;;;;;;;;;x
PROV2766;시르테만;;;;;;;;;;;;;x
PROV2767;토브루크만;;;;;;;;;;;;;x
PROV2768;알렉산드리아만;;;;;;;;;;;;;x
PROV2769;팔레스타인 해안;;;;;;;;;;;;;x
PROV2770;키프로스만;;;;;;;;;;;;;x
PROV2771;크레타해;;;;;;;;;;;;;x
PROV2772;에게해;;;;;;;;;;;;;x
PROV2773;마르마라해;;;;;;;;;;;;;x
PROV2774;바르나만;;;;;;;;;;;;;x
PROV2775;오데사만;;;;;;;;;;;;;x
PROV2776;아조프해;;;;;;;;;;;;;x
PROV2777;동흑해;;;;;;;;;;;;;x
PROV2778;발라톤 호수;;;;;;;;;;;;;x
PROV2779;카스피해;;;;;;;;;;;;;x
PROV2780;아랄해;;;;;;;;;;;;;x
PROV2781;수에즈만;;;;;;;;;;;;;x
PROV2782;홍해;;;;;;;;;;;;;x
PROV2783;오보크해협;;;;;;;;;;;;;x
PROV2784;바브엘만데브해협;;;;;;;;;;;;;x
PROV2785;무스카트 해안;;;;;;;;;;;;;x
PROV2786;오만만;;;;;;;;;;;;;x
PROV2787;호르무즈 해협;;;;;;;;;;;;;x
PROV2788;페르시아만;;;;;;;;;;;;;x
PROV2789;인더스만;;;;;;;;;;;;;x
PROV2790;구자라트만;;;;;;;;;;;;;x
PROV2791;래커다이브 제도;;;;;;;;;;;;;x
PROV2792;말라바르 해안;;;;;;;;;;;;;x
PROV2793;코모린곶;;;;;;;;;;;;;x
PROV2794;코로만델 해안;;;;;;;;;;;;;x
PROV2795;오리사 해안;;;;;;;;;;;;;x
PROV2796;갠지스강삼각주;;;;;;;;;;;;;x
PROV2797;아키아브만;;;;;;;;;;;;;x
PROV2798;이라와디강 삼각주;;;;;;;;;;;;;x
PROV2799;안다만해;;;;;;;;;;;;;x
PROV2800;메르귀 제도;;;;;;;;;;;;;x
PROV2801;말라카 해협;;;;;;;;;;;;;x
PROV2802;아제흐 해안;;;;;;;;;;;;;x
PROV2803;빌리톤 해협;;;;;;;;;;;;;x
PROV2804;수마트라 해안;;;;;;;;;;;;;x
PROV2805;순다해협;;;;;;;;;;;;;x
PROV2806;자바 해안;;;;;;;;;;;;;x
PROV2807;수라바야 해안;;;;;;;;;;;;;x
PROV2808;롬복 해협;;;;;;;;;;;;;x
PROV2809;티모르해;;;;;;;;;;;;;x
PROV2810;몰루카;;;;;;;;;;;;;x
PROV2811;자바해;;;;;;;;;;;;;x
PROV2812;마카사르 해협;;;;;;;;;;;;;x
PROV2813;카리마타 해협;;;;;;;;;;;;;x
PROV2814;조호르 해협;;;;;;;;;;;;;x
PROV2815;말레이해;;;;;;;;;;;;;x
PROV2816;사라왁해안;;;;;;;;;;;;;x
PROV2817;메콩 델타;;;;;;;;;;;;;x
PROV2818;시암만;;;;;;;;;;;;;x
PROV2819;깜라인만;;;;;;;;;;;;;x
PROV2820;남중국해;;;;;;;;;;;;;x
PROV2821;브루나이 해안;;;;;;;;;;;;;x
PROV2822;안남해안;;;;;;;;;;;;;x
PROV2823;통킨만;;;;;;;;;;;;;x
PROV2824;광저우만;;;;;;;;;;;;;x
PROV2825;대만 해협;;;;;;;;;;;;;x
PROV2826;양쯔강삼각주;;;;;;;;;;;;;x
PROV2827;황해;;;;;;;;;;;;;x
PROV2828;서한만;;;;;;;;;;;;;x
PROV2829;남해;;;;;;;;;;;;;x
PROV2830;동해 북부;;;;;;;;;;;;;x
PROV2831;소야 해협;;;;;;;;;;;;;x
PROV2832;타타르 해협;;;;;;;;;;;;;x
PROV2833;아무르 델타;;;;;;;;;;;;;x
PROV2834;아얀만;;;;;;;;;;;;;x
PROV2835;코멘스코예만;;;;;;;;;;;;;x
PROV2836;캄차카 해안;;;;;;;;;;;;;x
PROV2837;오호츠크해;;;;;;;;;;;;;x
PROV2838;사할린 해안;;;;;;;;;;;;;x
PROV2839;테르페니야만;;;;;;;;;;;;;x
PROV2840;쓰가루 해협;;;;;;;;;;;;;x
PROV2841;동해 동부;;;;;;;;;;;;;x
PROV2842;동해 남부;;;;;;;;;;;;;x
PROV2843;세토 내해;;;;;;;;;;;;;x
PROV2844;도카이해;;;;;;;;;;;;;x
PROV2845;류큐제도;;;;;;;;;;;;;x
PROV2846;루손해협;;;;;;;;;;;;;x
PROV2847;파라셀 제도;;;;;;;;;;;;;x
PROV2848;마닐라만;;;;;;;;;;;;;x
PROV2849;루손 해안;;;;;;;;;;;;;x
PROV2850;레이테만;;;;;;;;;;;;;x
PROV2851;술루해;;;;;;;;;;;;;x
PROV2852;셀레베스해;;;;;;;;;;;;;x
PROV2853;테르나테해;;;;;;;;;;;;;x
PROV2854;반다해;;;;;;;;;;;;;x
PROV2855;필리핀해;;;;;;;;;;;;;x
PROV2856;팔라우 제도;;;;;;;;;;;;;x
PROV2857;비악베이;;;;;;;;;;;;;x
PROV2858;빌리안 해협;;;;;;;;;;;;;x
PROV2859;트로브리안드 제도;;;;;;;;;;;;;x
PROV2860;토레스 해협;;;;;;;;;;;;;x
PROV2861;아라푸라해;;;;;;;;;;;;;x
PROV2862;콜레폼만;;;;;;;;;;;;;x
PROV2863;카르펜타리아만;;;;;;;;;;;;;x
PROV2864;그레이트 배리어 리프;;;;;;;;;;;;;x
PROV2865;캐프리콘만;;;;;;;;;;;;;x
PROV2866;하우곶;;;;;;;;;;;;;x
PROV2867;바스 해협;;;;;;;;;;;;;x
PROV2868;캥거루섬;;;;;;;;;;;;;x
PROV2869;그레이트오스트레일리아만;;;;;;;;;;;;;x
PROV2870;루윈곶;;;;;;;;;;;;;x
PROV2871;샤크만;;;;;;;;;;;;;x
PROV2872;노스웨스트곶;;;;;;;;;;;;;x
PROV2873;킹사운드;;;;;;;;;;;;;x
PROV2874;태즈먼해;;;;;;;;;;;;;x
PROV2875;남태즈먼해;;;;;;;;;;;;;x
PROV2876;쿡해협;;;;;;;;;;;;;x
PROV2877;북태즈먼해;;;;;;;;;;;;;x
PROV2878;페어웰곶;;;;;;;;;;;;;x
PROV2879;뉴질랜드 해안;;;;;;;;;;;;;x
PROV2880;캔터베리만;;;;;;;;;;;;;x
PROV2881;남극해;;;;;;;;;;;;;x
PROV2882;뉴칼레도니아해;;;;;;;;;;;;;x
PROV2883;산호해;;;;;;;;;;;;;x
PROV2884;길버트해;;;;;;;;;;;;;x
PROV2885;솔로몬해;;;;;;;;;;;;;x
PROV2886;나우루섬;;;;;;;;;;;;;x
PROV2887;멜라네시아해;;;;;;;;;;;;;x
PROV2888;미크로네시아해;;;;;;;;;;;;;x
PROV2889;필리핀해구;;;;;;;;;;;;;x
PROV2890;필리핀분지;;;;;;;;;;;;;x
PROV2891;티니언해;;;;;;;;;;;;;x
PROV2892;이오지마해;;;;;;;;;;;;;x
PROV2893;태평양;;;;;;;;;;;;;x
PROV2894;쿠릴열도;;;;;;;;;;;;;x
PROV2895;우카만;;;;;;;;;;;;;x
PROV2896;올주트만;;;;;;;;;;;;;x
PROV2897;아나디리만;;;;;;;;;;;;;x
PROV2898;예카테리나 평야;;;;;;;;;;;;;x
PROV2899;아프리카의 뿔;;;;;;;;;;;;;x
PROV2900;후추해안;;;;;;;;;;;;;x
PROV2901;잔지바르 해협;;;;;;;;;;;;;x
PROV2902;모잠비크해협;;;;;;;;;;;;;x
PROV2903;디에고수아레스만;;;;;;;;;;;;;x
PROV2904;서부 아라비아 해;;;;;;;;;;;;;x
PROV2905;동부 아라비아해;;;;;;;;;;;;;x
PROV2906;세이셸;;;;;;;;;;;;;x
PROV2907;타마타베 해안;;;;;;;;;;;;;x
PROV2908;마스카렌제도;;;;;;;;;;;;;x
PROV2909;잠베제만;;;;;;;;;;;;;x
PROV2910;나탈해안;;;;;;;;;;;;;x
PROV2911;트란스케이 해안;;;;;;;;;;;;;x
PROV2912;시스케이해안;;;;;;;;;;;;;x
PROV2913;희망봉;;;;;;;;;;;;;x
PROV2914;나미비아 해안;;;;;;;;;;;;;x
PROV2915;월비스 베이;;;;;;;;;;;;;x
PROV2916;앙골라 해안;;;;;;;;;;;;;x
PROV2917;콩고 해안;;;;;;;;;;;;;x
PROV2918;베냉만;;;;;;;;;;;;;x
PROV2919;골드코스트;;;;;;;;;;;;;x
PROV2920;코트디부아르;;;;;;;;;;;;;x
PROV2921;기니 해안;;;;;;;;;;;;;x
PROV2922;세네감비아 해안;;;;;;;;;;;;;x
PROV2923;모리타니 해안;;;;;;;;;;;;;x
PROV2924;카나리아해;;;;;;;;;;;;;x
PROV2925;모로코 해안;;;;;;;;;;;;;x
PROV2926;노르웨이해;;;;;;;;;;;;;x
PROV2927;얀마옌해;;;;;;;;;;;;;x
PROV2928;아이슬란드 해;;;;;;;;;;;;;x
PROV2929;북대서양;;;;;;;;;;;;;x
PROV2930;아이슬란드 해안;;;;;;;;;;;;;x
PROV2931;북동대서양;;;;;;;;;;;;;x
PROV2932;로콜;;;;;;;;;;;;;x
PROV2933;덴마크 해협;;;;;;;;;;;;;x
PROV2934;그린란드 동부 해안;;;;;;;;;;;;;x
PROV2935;그린란드 서부 해안;;;;;;;;;;;;;x
PROV2936;래브라도 해협;;;;;;;;;;;;;x
PROV2937;배핀만;;;;;;;;;;;;;x
PROV2938;허드슨 해협;;;;;;;;;;;;;x
PROV2939;제임스만;;;;;;;;;;;;;x
PROV2940;서허드슨만;;;;;;;;;;;;;x
PROV2941;동허드슨만;;;;;;;;;;;;;x
PROV2942;폭스분지;;;;;;;;;;;;;x
PROV2943;세인트 로런스만;;;;;;;;;;;;;x
PROV2944;캐봇 해협;;;;;;;;;;;;;x
PROV2945;펀디만;;;;;;;;;;;;;x
PROV2946;벨아일 해협;;;;;;;;;;;;;x
PROV2947;포춘만;;;;;;;;;;;;;x
PROV2948;노트르담만;;;;;;;;;;;;;x
PROV2949;래브라도해;;;;;;;;;;;;;x
PROV2950;그린란드해;;;;;;;;;;;;;x
PROV2951;헤칼라해산;;;;;;;;;;;;;x
PROV2952;매사추세츠만;;;;;;;;;;;;;x
PROV2953;뉴욕만;;;;;;;;;;;;;x
PROV2954;체서피크만;;;;;;;;;;;;;x
PROV2955;캐롤라이나해안;;;;;;;;;;;;;x
PROV2956;플로리다 해안;;;;;;;;;;;;;x
PROV2957;바하마 해안;;;;;;;;;;;;;x
PROV2958;플로리다 해협;;;;;;;;;;;;;x
PROV2959;아팔라치만;;;;;;;;;;;;;x
PROV2960;모빌만;;;;;;;;;;;;;x
PROV2961;갤버스턴만;;;;;;;;;;;;;x
PROV2962;탐피코만;;;;;;;;;;;;;x
PROV2963;유카탄해;;;;;;;;;;;;;x
PROV2964;멕시코만;;;;;;;;;;;;;x
PROV2965;유카탄해협;;;;;;;;;;;;;x
PROV2966;벨리즈만;;;;;;;;;;;;;x
PROV2967;모스키토해안;;;;;;;;;;;;;x
PROV2968;다리엔만;;;;;;;;;;;;;x
PROV2969;자메이카해협;;;;;;;;;;;;;x
PROV2970;중앙카리브해;;;;;;;;;;;;;x
PROV2971;북서카리브해;;;;;;;;;;;;;x
PROV2972;베네수엘라만;;;;;;;;;;;;;x
PROV2973;베네수엘라해;;;;;;;;;;;;;x
PROV2974;동카리브해;;;;;;;;;;;;;x
PROV2975;윈드워드 제도;;;;;;;;;;;;;x
PROV2976;소앤틸리스 제도;;;;;;;;;;;;;x
PROV2977;터크스 케이커스해;;;;;;;;;;;;;x
PROV2978;쿠바 해안;;;;;;;;;;;;;x
PROV2979;히스파니올라 해안;;;;;;;;;;;;;x
PROV2980;가이아나 해안;;;;;;;;;;;;;x
PROV2981;아마파 해안;;;;;;;;;;;;;x
PROV2982;아마조나스만;;;;;;;;;;;;;x
PROV2983;브라질 연안;;;;;;;;;;;;;x
PROV2984;헤시피 해안;;;;;;;;;;;;;x
PROV2985;페르남부쿠 해안;;;;;;;;;;;;;x
PROV2986;토도스산토스만;;;;;;;;;;;;;x
PROV2987;리우데자네이루;;;;;;;;;;;;;x
PROV2988;바이아 파라나과;;;;;;;;;;;;;x
PROV2989;리오 데 라 플라타;;;;;;;;;;;;;x
PROV2990;바이아 블랑카;;;;;;;;;;;;;x
PROV2991;파타고니아 해안;;;;;;;;;;;;;x
PROV2992;마젤란 해협;;;;;;;;;;;;;x
PROV2993;남 칠레 해안;;;;;;;;;;;;;x
PROV2994;칠레 해안;;;;;;;;;;;;;x
PROV2995;아타카마 해안;;;;;;;;;;;;;x
PROV2996;안토파가스타 해안;;;;;;;;;;;;;x
PROV2997;아레키파만;;;;;;;;;;;;;x
PROV2998;페루 해안;;;;;;;;;;;;;x
PROV2999;과야킬만;;;;;;;;;;;;;x
PROV3000;에콰도르 연안;;;;;;;;;;;;;x
PROV3001;파나마만;;;;;;;;;;;;;x
PROV3002;코스타리카만;;;;;;;;;;;;;x
PROV3003;아카풀코만;;;;;;;;;;;;;x
PROV3004;만사니요만;;;;;;;;;;;;;x
PROV3005;마사틀란만;;;;;;;;;;;;;x
PROV3006;캘리포니아만;;;;;;;;;;;;;x
PROV3007;바하 해안;;;;;;;;;;;;;x
PROV3008;캘리포니아 해안;;;;;;;;;;;;;x
PROV3009;산타 카탈리나 제도;;;;;;;;;;;;;x
PROV3010;오리건 해안;;;;;;;;;;;;;x
PROV3011;브리티시컬럼비아해안;;;;;;;;;;;;;x
PROV3012;헤케이트 해협;;;;;;;;;;;;;x
PROV3013;알래스카만;;;;;;;;;;;;;x
PROV3014;알래스카 연안;;;;;;;;;;;;;x
PROV3015;커스코큄만;;;;;;;;;;;;;x
PROV3016;하튼뱅크;;;;;;;;;;;;;x
PROV3017;동부 깁스 파쇄대;;;;;;;;;;;;;x
PROV3018;서부 깁스 파쇄대;;;;;;;;;;;;;x
PROV3019;이베리아대륙붕;;;;;;;;;;;;;x
PROV3020;아조레스해;;;;;;;;;;;;;x
PROV3021;코너해산군;;;;;;;;;;;;;x
PROV3022;뉴잉글랜드해산군;;;;;;;;;;;;;x
PROV3023;세이블섬 천퇴;;;;;;;;;;;;;x
PROV3024;블레이크 고원;;;;;;;;;;;;;x
PROV3025;서버뮤다해;;;;;;;;;;;;;x
PROV3026;동버뮤다해;;;;;;;;;;;;;x
PROV3027;카나리아해류;;;;;;;;;;;;;x
PROV3028;북부 기아나 분지;;;;;;;;;;;;;x
PROV3029;기아나 분지;;;;;;;;;;;;;x
PROV3030;남부 기아나 분지;;;;;;;;;;;;;x
PROV3031;카나리아접근수역;;;;;;;;;;;;;x
PROV3032;카보베르데접근수역;;;;;;;;;;;;;x
PROV3033;크루저평정해산;;;;;;;;;;;;;x
PROV3034;바라쿠다 파쇄대;;;;;;;;;;;;;x
PROV3035;동부 사르가소 해;;;;;;;;;;;;;x
PROV3036;중앙 사르가소해;;;;;;;;;;;;;x
PROV3037;로망슈갭;;;;;;;;;;;;;x
PROV3038;세인트헬레나 동해안;;;;;;;;;;;;;x
PROV3039;기니만;;;;;;;;;;;;;x
PROV3040;포클랜드 해안;;;;;;;;;;;;;x
PROV3041;아르헨티나융기대;;;;;;;;;;;;;x
PROV3042;코넷뱅크;;;;;;;;;;;;;x
PROV3043;비마해협;;;;;;;;;;;;;x
PROV3044;남브라질분지;;;;;;;;;;;;;x
PROV3045;사피올라평원;;;;;;;;;;;;;x
PROV3046;아르헨티나 분지;;;;;;;;;;;;;x
PROV3047;포클랜드 고원;;;;;;;;;;;;;x
PROV3048;마젤란 해협 동쪽;;;;;;;;;;;;;x
PROV3049;페르난도 드 노론하 제도;;;;;;;;;;;;;x
PROV3050;북브라질분지;;;;;;;;;;;;;x
PROV3051;시에라리온분지;;;;;;;;;;;;;x
PROV3052;마르팅바스해령;;;;;;;;;;;;;x
PROV3053;어센션섬 서해안;;;;;;;;;;;;;x
PROV3054;어센션섬 동해안;;;;;;;;;;;;;x
PROV3055;월비스해령;;;;;;;;;;;;;x
PROV3056;케이프 평원;;;;;;;;;;;;;x
PROV3057;고프섬;;;;;;;;;;;;;x
PROV3058;트리스탄다쿠냐해안;;;;;;;;;;;;;x
PROV3059;산마린 해저협곡;;;;;;;;;;;;;x
PROV3060;사우스샌드위치 제도;;;;;;;;;;;;;x
PROV3061;이낵세서블섬;;;;;;;;;;;;;x
PROV3062;부베섬;;;;;;;;;;;;;x
PROV3063;폭풍의곶;;;;;;;;;;;;;x
PROV3064;벵골만;;;;;;;;;;;;;x
PROV3065;북벵골만;;;;;;;;;;;;;x
PROV3066;남벵골만;;;;;;;;;;;;;x
PROV3067;실론해;;;;;;;;;;;;;x
PROV3068;몰디브 해안;;;;;;;;;;;;;x
PROV3069;8도해협;;;;;;;;;;;;;x
PROV3070;매딩리 융기대;;;;;;;;;;;;;x
PROV3071;아라비아 분지;;;;;;;;;;;;;x
PROV3072;1.5도해협;;;;;;;;;;;;;x
PROV3073;차고스 제도;;;;;;;;;;;;;x
PROV3074;코코스 분지;;;;;;;;;;;;;x
PROV3075;남수마트라해구;;;;;;;;;;;;;x
PROV3076;킬링스 해안;;;;;;;;;;;;;x
PROV3077;자바해구;;;;;;;;;;;;;x
PROV3078;프린스 에드워드 제도;;;;;;;;;;;;;x
PROV3079;델카노융기대;;;;;;;;;;;;;x
PROV3080;생트마리곶;;;;;;;;;;;;;x
PROV3081;크로제섬;;;;;;;;;;;;;x
PROV3082;마스카렌평원;;;;;;;;;;;;;x
PROV3083;로드리게스 섬;;;;;;;;;;;;;x
PROV3084;서남인도분지;;;;;;;;;;;;;x
PROV3085;케르겔렌 제도;;;;;;;;;;;;;x
PROV3086;세인트 폴 섬;;;;;;;;;;;;;x
PROV3087;브로큰 해령;;;;;;;;;;;;;x
PROV3088;남호주 분지;;;;;;;;;;;;;x
PROV3089;에게리아 파쇄대;;;;;;;;;;;;;x
PROV3090;아르고 해역;;;;;;;;;;;;;x
PROV3091;퀴비에분지;;;;;;;;;;;;;x
PROV3092;월라비 고원;;;;;;;;;;;;;x
PROV3093;동경90도해령;;;;;;;;;;;;;x
PROV3094;로아융기대;;;;;;;;;;;;;x
PROV3095;베닝마이네스 해산군;;;;;;;;;;;;;x
PROV3096;와튼 분지;;;;;;;;;;;;;x
PROV3097;북부 코코스 고원;;;;;;;;;;;;;x
PROV3098;남부 코코스 고원;;;;;;;;;;;;;x
PROV3099;암스테르담 섬;;;;;;;;;;;;;x
PROV3100;마리셀레스트파쇄대;;;;;;;;;;;;;x
PROV3101;차드 호수;;;;;;;;;;;;;x
PROV3102;우케레웨;;;;;;;;;;;;;x
PROV3103;탕가니카호;;;;;;;;;;;;;x
PROV3104;냐사 호수;;;;;;;;;;;;;x
PROV3105;굴덴드레이크해산;;;;;;;;;;;;;x
PROV3106;발하시 호수;;;;;;;;;;;;;x
PROV3107;바이칼 호수;;;;;;;;;;;;;x
PROV3108;동팅호수;;;;;;;;;;;;;x
PROV3109;티티카카 호수;;;;;;;;;;;;;x
PROV3110;니카라과 호수;;;;;;;;;;;;;x
PROV3111;세드나 분지;;;;;;;;;;;;;x
PROV3112;온타리오 호수;;;;;;;;;;;;;x
PROV3113;이리호;;;;;;;;;;;;;x
PROV3114;후런 호수;;;;;;;;;;;;;x
PROV3115;미시간 호수;;;;;;;;;;;;;x
PROV3116;슈페리어 호수;;;;;;;;;;;;;x
PROV3117;니피곤 호수;;;;;;;;;;;;;x
PROV3118;위니펙 호수;;;;;;;;;;;;;x
PROV3119;코르스키예프해곡;;;;;;;;;;;;;x
PROV3120;오르소바 뱅크;;;;;;;;;;;;;x
PROV3121;노바르스크 평야;;;;;;;;;;;;;x
PROV3122;소르브스키야 평원;;;;;;;;;;;;;x
PROV3123;야마라해곡;;;;;;;;;;;;;x
PROV3124;북서태평양분지;;;;;;;;;;;;;x
PROV3125;세브런스 천퇴;;;;;;;;;;;;;x
PROV3126;미나미 해안;;;;;;;;;;;;;x
PROV3127;마리아나 제도 해안;;;;;;;;;;;;;x
PROV3128;메이스데일 플랫스;;;;;;;;;;;;;x
PROV3129;이자모 드롭;;;;;;;;;;;;;x
PROV3130;북베링해;;;;;;;;;;;;;x
PROV3131;남베링해;;;;;;;;;;;;;x
PROV3132;서알류샨 열도;;;;;;;;;;;;;x
PROV3133;프리빌로프 제도;;;;;;;;;;;;;x
PROV3134;동알류샨 열도;;;;;;;;;;;;;x
PROV3135;우미낙수로;;;;;;;;;;;;;x
PROV3136;서알류샨해;;;;;;;;;;;;;x
PROV3137;베이커해산;;;;;;;;;;;;;x
PROV3138;알래스카 평야;;;;;;;;;;;;;x
PROV3139;동알류샨해;;;;;;;;;;;;;x
PROV3140;익스플로러해구;;;;;;;;;;;;;x
PROV3141;문리스 해산군;;;;;;;;;;;;;x
PROV3142;치누크 분지;;;;;;;;;;;;;x
PROV3143;울치분지;;;;;;;;;;;;;x
PROV3144;진구분지;;;;;;;;;;;;;x
PROV3145;치누크해곡;;;;;;;;;;;;;x
PROV3146;스탠리해산;;;;;;;;;;;;;x
PROV3147;멘도시노해저절벽;;;;;;;;;;;;;x
PROV3148;캘리포니아해산;;;;;;;;;;;;;x
PROV3149;머리 파쇄대;;;;;;;;;;;;;x
PROV3150;하와이 해안;;;;;;;;;;;;;x
PROV3151;아르고해산;;;;;;;;;;;;;x
PROV3152;뮤지션스 해산;;;;;;;;;;;;;x
PROV3153;미드웨이 섬 해안;;;;;;;;;;;;;x
PROV3154;케플러평원;;;;;;;;;;;;;x
PROV3155;갈루아 평야;;;;;;;;;;;;;x
PROV3156;오고먼 해령;;;;;;;;;;;;;x
PROV3157;갈라파고스 제도 해안;;;;;;;;;;;;;x
PROV3158;라피라 평원;;;;;;;;;;;;;x
PROV3159;쿡 제도 연안;;;;;;;;;;;;;x
PROV3160;클리퍼턴 섬 해안;;;;;;;;;;;;;x
PROV3161;헨더슨해산;;;;;;;;;;;;;x
PROV3162;마디제라해령;;;;;;;;;;;;;x
PROV3163;바우어 분지;;;;;;;;;;;;;x
PROV3164;북동태평양분지;;;;;;;;;;;;;x
PROV3165;디스커버러 해산;;;;;;;;;;;;;x
PROV3166;타사불루 플랫스;;;;;;;;;;;;;x
PROV3167;하와이안 아치;;;;;;;;;;;;;x
PROV3168;래드퍼드 분지;;;;;;;;;;;;;x
PROV3169;북부 라인 제도;;;;;;;;;;;;;x
PROV3170;소시에테 제도 연안;;;;;;;;;;;;;x
PROV3171;페루분지;;;;;;;;;;;;;x
PROV3172;유판키 분지;;;;;;;;;;;;;x
PROV3173;세브란스 평야;;;;;;;;;;;;;x
PROV3174;알타미라 평원;;;;;;;;;;;;;x
PROV3175;남부라인제도;;;;;;;;;;;;;x
PROV3176;중앙태평양분지;;;;;;;;;;;;;x
PROV3177;사모아 해안;;;;;;;;;;;;;x
PROV3178;존스턴환초;;;;;;;;;;;;;x
PROV3179;통가 해안;;;;;;;;;;;;;x
PROV3180;마르케사 해안;;;;;;;;;;;;;x
PROV3181;레졸루션 평원;;;;;;;;;;;;;x
PROV3182;투아모투 제도 해안;;;;;;;;;;;;;x
PROV3183;티투스 해령;;;;;;;;;;;;;x
PROV3184;채텀 제도;;;;;;;;;;;;;x
PROV3185;남서태평양분지;;;;;;;;;;;;;x
PROV3186;루도비코해곡;;;;;;;;;;;;;x
PROV3187;핏케언섬해안;;;;;;;;;;;;;x
PROV3188;로제베엔 분지;;;;;;;;;;;;;x
PROV3189;메나드 파쇄대;;;;;;;;;;;;;x
PROV3190;이스터섬해안;;;;;;;;;;;;;x
PROV3191;엘리스 제도 해안;;;;;;;;;;;;;x
PROV3192;뉴칼레도니아 분지;;;;;;;;;;;;;x
PROV3193;후안 페르난데스 제도;;;;;;;;;;;;;x
PROV3194;셀커크융기대;;;;;;;;;;;;;x
PROV3195;카라세프 평야;;;;;;;;;;;;;x
PROV3196;팀킨평원;;;;;;;;;;;;;x
PROV3197;시러스암초;;;;;;;;;;;;;x
PROV3198;훔볼트 평원;;;;;;;;;;;;;x
PROV3199;발디비아평원;;;;;;;;;;;;;x
PROV3200;사우스조지아 해안;;;;;;;;;;;;;x
PROV3201;아르헨티나 평야;;;;;;;;;;;;;x
PROV3202;사피올라해산;;;;;;;;;;;;;x
PROV3203;세인트헬레나 서해안;;;;;;;;;;;;;x
PROV3204;무어 파쇄대;;;;;;;;;;;;;x
PROV3205;서부 데메라라 평야;;;;;;;;;;;;;x
PROV3206;동부 데메라라 평야;;;;;;;;;;;;;x
PROV3207;케이프 베르데 분지;;;;;;;;;;;;;x
PROV3208;네어스 평원;;;;;;;;;;;;;x
PROV3209;바하마 분지;;;;;;;;;;;;;x
PROV3210;서부사르가소해;;;;;;;;;;;;;x
PROV3211;버뮤다접근수역;;;;;;;;;;;;;x
PROV3212;실론평원;;;;;;;;;;;;;x
PROV3213;순다해구;;;;;;;;;;;;;x
PROV3214;북수마트라해구;;;;;;;;;;;;;x
PROV3215;중앙인도양 분지;;;;;;;;;;;;;x
PROV3216;피지분지;;;;;;;;;;;;;x
PROV3217;솔러스평원;;;;;;;;;;;;;x
PROV3218;피사로스수로;;;;;;;;;;;;;x
PROV3219;피지 해안;;;;;;;;;;;;;x
PROV3220;노퍽섬 해안;;;;;;;;;;;;;x
PROV3221;길버트 제도 해안;;;;;;;;;;;;;x
PROV3222;마이누암초;;;;;;;;;;;;;x
PROV3223;투세이천퇴;;;;;;;;;;;;;x
PROV3224;타나 호수;;;;;;;;;;;;;x
PROV3225;팀파노고스호;;;;;;;;;;;;;x
PROV3226;남호주평야;;;;;;;;;;;;;x
PROV3227;그레이트슬레이브호;;;;;;;;;;;;;x
PROV3228;아타바스카 호수;;;;;;;;;;;;;x
PROV3229;레인디어호;;;;;;;;;;;;;x
PROV3230;오비만;;;;;;;;;;;;;x
PROV3231;반호;;;;;;;;;;;;;x
PROV3232;우르미아 호수;;;;;;;;;;;;;x
PROV3233;이식쿨호;;;;;;;;;;;;;x
PROV3234;칭하이호;;;;;;;;;;;;;x
PROV3235;포양호;;;;;;;;;;;;;x
PROV3236;아남아체페르;;;;;;;;;;;;;x
PROV3237;솜 평원;;;;;;;;;;;;;x
PROV3238;므웨루호;;;;;;;;;;;;;x
PROV3239;챔플레인호;;;;;;;;;;;;;x
PROV3240;포포 호수;;;;;;;;;;;;;x
PROV3241;북극해;;;;;;;;;;;;;x
PROV3242;모리해수로;;;;;;;;;;;;;x
PROV3243;남동태평양분지;;;;;;;;;;;;;x
PROV3244;잘루이트수로;;;;;;;;;;;;;x
PROV3245;마르코프 평원;;;;;;;;;;;;;x
PROV3246;생바르텔레미;;;;;;;;;;;;;x
PROV3247;서하와이;;;;;;;;;;;;;x
PROV3248;서마젤란 해협;;;;;;;;;;;;;x
PROV3249;옛 천진;;;;;;;;;;;;;x
PROV3250;프리부르;;;;;;;;;;;;;x
PROV3251;모나코;;;;;;;;;;;;;x
PROV3252;안도라;;;;;;;;;;;;;x
PROV3253;바두즈;;;;;;;;;;;;;x
PROV3254;뷔케부르크;;;;;;;;;;;;;x
PROV3255;슐라이츠;;;;;;;;;;;;;x
PROV3256;아른슈타트;;;;;;;;;;;;;x
PROV3257;아롤젠;;;;;;;;;;;;;x
PROV3258;터바트;;;;;;;;;;;;;x
PROV3259;야데게비에트;;;;;;;;;;;;;x
PROV3260;사도;;;;;;;;;;;;;x
PROV3261;페스카라;;;;;;;;;;;;;x
PROV3262;베이룬;;;;;;;;;;;;;x
PROV3263;포트 윌리엄;;;;;;;;;;;;;x
PROV3264;프레드리크스셰르네;;;;;;;;;;;;;x
PROV3265;하겐;;;;;;;;;;;;;x
PROV3266;산 마리노;;;;;;;;;;;;;x
PROV3267;파더보른;;;;;;;;;;;;;x
PROV3268;펜잰스;;;;;;;;;;;;;x
PROV3269;에식스;;;;;;;;;;;;;x
PROV3270;베츨라어;;;;;;;;;;;;;x
PROV3271;쥐라;;;;;;;;;;;;;x
PROV3272;브리크;;;;;;;;;;;;;x
PROV3273;세이윤;;;;;;;;;;;;;x
PROV3274;메스티아;;;;;;;;;;;;;x
PROV3275;카포에이;;;;;;;;;;;;;x
PROV3276;쿠타이 티무르;;;;;;;;;;;;;x
PROV3277;훌친;;;;;;;;;;;;;x
PROV3278;마니파;;;;;;;;;;;;;x
PROV3279;켈지네스티;;;;;;;;;;;;;x
PROV3280;리틀폴스요새;;;;;;;;;;;;;x
PROV3281;쇤랑케;;;;;;;;;;;;;x
PROV3282;올스니츠;;;;;;;;;;;;;x
PROV3283;란제나우;;;;;;;;;;;;;x
PROV3284;몰생니콜라;;;;;;;;;;;;;x
PROV3285;프라우엔슈타트;;;;;;;;;;;;;x
PROV3286;슈타이나망거;;;;;;;;;;;;;x
PROV3287;올리벤사;;;;;;;;;;;;;x
PROV3288;타르비스;;;;;;;;;;;;;x
PROV3289;차카투른;;;;;;;;;;;;;x
PROV3290;보실레그라드;;;;;;;;;;;;;x
PROV3291;우스트룸자;;;;;;;;;;;;;x
PROV3292;알 살만;;;;;;;;;;;;;x
PROV3293;바이부르트;;;;;;;;;;;;;x
PROV3294;데리크;;;;;;;;;;;;;x
PROV3295;상파울루지올리벤사;;;;;;;;;;;;;x
PROV3296;리오 퓨루스;;;;;;;;;;;;;x
PROV3297;아크리강;;;;;;;;;;;;;x
PROV3298;큐리바;;;;;;;;;;;;;x
PROV3299;파포소;;;;;;;;;;;;;x
PROV3300;오터른도르프;;;;;;;;;;;;;x
PROV3301;첼레;;;;;;;;;;;;;x
PROV3302;비르켄펠트;;;;;;;;;;;;;x
PROV3303;알텐부르크;;;;;;;;;;;;;x
PROV3304;슈말칼덴;;;;;;;;;;;;;x
PROV3305;고타;;;;;;;;;;;;;x
PROV3306;홈부르크;;;;;;;;;;;;;x
PROV3307;헤르스펠트;;;;;;;;;;;;;x
PROV3308;웅바르;;;;;;;;;;;;;x
PROV3309;마리아테레지오펠;;;;;;;;;;;;;x
PROV3310;자블론카;;;;;;;;;;;;;x
PROV3311;펠라흐;;;;;;;;;;;;;x
PROV3312;케른텐 카라반켄;;;;;;;;;;;;;x
PROV3313;헬몬트;;;;;;;;;;;;;x
PROV3314;샤프하우젠;;;;;;;;;;;;;x
PROV3315;파라셀과 스프래틀리 제도;;;;;;;;;;;;;x
PROV3316;케르겔렌;;;;;;;;;;;;;x
PROV3317;예카테리닌스키 제도;;;;;;;;;;;;;x
PROV3318;뒤들랑주;;;;;;;;;;;;;x
PROV3319;그로스키킨다;;;;;;;;;;;;;x
PROV3320;켈미스;;;;;;;;;;;;;x
PROV3321;미트로비차;;;;;;;;;;;;;x
PROV3322;티온빌;;;;;;;;;;;;;x
PROV3323;코니누;;;;;;;;;;;;;x
PROV3324;라인 제도;;;;;;;;;;;;;x
PROV3325;루비아스;;;;;;;;;;;;;x
PROV3326;싼먼;;;;;;;;;;;;;x
PROV3327;제레미;;;;;;;;;;;;;x
PROV3328;산 크리스토발;;;;;;;;;;;;;x
PROV3329;힌치;;;;;;;;;;;;;x
PROV3330;상프랑수아데마코리스;;;;;;;;;;;;;x
PROV3331;오버스비드니크;;;;;;;;;;;;;x
PROV3332;로잔;;;;;;;;;;;;;x
PROV3333;뫼겔퇴네르;;;;;;;;;;;;;x
PROV3334;브루스라구나;;;;;;;;;;;;;x
PROV3335;디르;;;;;;;;;;;;;x
PROV3336;카이르푸르;;;;;;;;;;;;;x
PROV3337;파티알라;;;;;;;;;;;;;x
PROV3338;주나가드;;;;;;;;;;;;;x
PROV3339;나바랑푸르;;;;;;;;;;;;;x
PROV3340;코라푸트;;;;;;;;;;;;;x
PROV3341;데오가르;;;;;;;;;;;;;x
PROV3342;쿠치비하르;;;;;;;;;;;;;x
PROV3343;실롱;;;;;;;;;;;;;x
PROV3344;아이자울;;;;;;;;;;;;;x
PROV3345;코히마;;;;;;;;;;;;;x
PROV3346;테리;;;;;;;;;;;;;x
PROV3347;악사이친;;;;;;;;;;;;;x
PROV3348;푸두꼬타이;;;;;;;;;;;;;x
PROV3349;캐번;;;;;;;;;;;;;x
PROV3350;아기온오로스;;;;;;;;;;;;;x
PROV3351;자카탈라;;;;;;;;;;;;;x
PROV3352;소치;;;;;;;;;;;;;x
PROV3353;로스톨도스;;;;;;;;;;;;;x
PROV3354;베르사유;;;;;;;;;;;;;x
PROV3355;얀 마옌;;;;;;;;;;;;;x
PROV3356;키르카랄리;;;;;;;;;;;;;x
PROV3357;발다란;;;;;;;;;;;;;x
PROV3358;플루진;;;;;;;;;;;;;x
PROV3359;키르자살로;;;;;;;;;;;;;x
PROV3360;로리;;;;;;;;;;;;;x
PROV3361;시르이 무스타파파샤;;;;;;;;;;;;;x
PROV3362;로비온;;;;;;;;;;;;;x
PROV3363;바르도네키아;;;;;;;;;;;;;x
PROV3364;데브레이 지르;;;;;;;;;;;;;x
PROV3365;괴리체;;;;;;;;;;;;;x
PROV3366;포트로스;;;;;;;;;;;;;x
PROV3367;하바수파이;;;;;;;;;;;;;x
PROV3368;쿠카파산맥;;;;;;;;;;;;;x
PROV3369;산 아우구스티누스;;;;;;;;;;;;;x
PROV3370;내커도처스;;;;;;;;;;;;;x
PROV3371;라그랜지;;;;;;;;;;;;;x
PROV3372;코만체리아;;;;;;;;;;;;;x
PROV3373;자멜;;;;;;;;;;;;;x
PROV3374;라티움;;;;;;;;;;;;;x
PROV3375;파에토;;;;;;;;;;;;;x
PROV3376;이반고로드;;;;;;;;;;;;;x
PROV3377;페초리;;;;;;;;;;;;;x
PROV3378;비쉬고로독;;;;;;;;;;;;;x
PROV3379;쿠올라얘르비;;;;;;;;;;;;;x
PROV3380;틸지트;;;;;;;;;;;;;x
PROV3381;슈텔무츠;;;;;;;;;;;;;x
PROV3382;포일루;;;;;;;;;;;;;x
PROV3383;케레코세;;;;;;;;;;;;;x
PROV3384;테르뇌젠;;;;;;;;;;;;;x
PROV3385;그로스노이슈타트;;;;;;;;;;;;;x
PROV3386;나뮈르;;;;;;;;;;;;;x
PROV3387;크르크킬리세;;;;;;;;;;;;;x
PROV3388;아타볼루;;;;;;;;;;;;;x
PROV3389;포트 토우슨;;;;;;;;;;;;;x
PROV3390;콜마콥스키 요새;;;;;;;;;;;;;x
PROV3391;델라로프스키 요새;;;;;;;;;;;;;x
PROV3392;포트프랭클린;;;;;;;;;;;;;x
PROV3393;옐로나이프;;;;;;;;;;;;;x
PROV3394;북동부 내륙빙상;;;;;;;;;;;;;x
PROV3395;레카 유콘;;;;;;;;;;;;;x
PROV3396;프레데리크 6세 해안;;;;;;;;;;;;;x
PROV3397;메이젠하임;;;;;;;;;;;;;x
PROV3398;폴랑겐;;;;;;;;;;;;;x
PROV3399;엘크스니;;;;;;;;;;;;;x
PROV3400;아브라 팜파;;;;;;;;;;;;;x
PROV3401;아타푸푸;;;;;;;;;;;;;x
PROV3402;시벤닝;;;;;;;;;;;;;x
PROV3403;아블로니아;;;;;;;;;;;;;x
PROV3404;미더부르크;;;;;;;;;;;;;x
PROV3405;산타 이사벨 섬;;;;;;;;;;;;;x
PROV3406;오세이지 길;;;;;;;;;;;;;x
PROV3407;포트 댈러스;;;;;;;;;;;;;x
PROV3408;바출네타스 요새;;;;;;;;;;;;;x
PROV3409;자파드나야그루지야;;;;;;;;;;;;;x
PROV3410;디르크슬란트;;;;;;;;;;;;;x
PROV3411;벤로;;;;;;;;;;;;;x
PROV3412;베르비에;;;;;;;;;;;;;x
PROV3413;상류 에스세퀴보 강;;;;;;;;;;;;;x
PROV3414;캐슈아일랜드;;;;;;;;;;;;;x
PROV3415;헤힝겐;;;;;;;;;;;;;x
PROV3416;루돌슈타트;;;;;;;;;;;;;x
PROV3417;에버스도르프;;;;;;;;;;;;;x
PROV3418;그라이츠;;;;;;;;;;;;;x
PROV3419;베른부르크;;;;;;;;;;;;;x
PROV3420;쾨텐;;;;;;;;;;;;;x
PROV3421;슐로이징엔;;;;;;;;;;;;;x
PROV3422;슈프링게;;;;;;;;;;;;;x
PROV3423;아른스베르크;;;;;;;;;;;;;x
PROV3424;즈나임;;;;;;;;;;;;;x
PROV3425;카덴베르게;;;;;;;;;;;;;x
PROV3426;장크트잉베르트;;;;;;;;;;;;;x
PROV3427;비스마르;;;;;;;;;;;;;x
PROV3428;포츠담;;;;;;;;;;;;;x
PROV3429;타르키;;;;;;;;;;;;;x
PROV3430;시아잔;;;;;;;;;;;;;x
PROV3431;판갈리아;;;;;;;;;;;;;x
PROV3432;파자치크;;;;;;;;;;;;;x
PROV3433;스피치;;;;;;;;;;;;;x
PROV3434;야코브스하운;;;;;;;;;;;;;x
PROV3435;블로세빌 해안;;;;;;;;;;;;;x
PROV3436;남부내륙빙상;;;;;;;;;;;;;x
PROV3437;북서부내륙빙상;;;;;;;;;;;;;x
PROV3438;레이크 하버;;;;;;;;;;;;;x
PROV3439;텔론강;;;;;;;;;;;;;x
PROV3440;클라이드강;;;;;;;;;;;;;x
PROV3441;매켄지산맥;;;;;;;;;;;;;x
PROV3442;킹윌리엄섬;;;;;;;;;;;;;x
PROV3443;포큐파인강;;;;;;;;;;;;;x
PROV3444;코유쿠크강;;;;;;;;;;;;;x
PROV3445;콜빌강;;;;;;;;;;;;;x
PROV3446;포트치페와이언;;;;;;;;;;;;;x
PROV3447;포트 알렉산더;;;;;;;;;;;;;x
PROV3448;롱레이크하우스;;;;;;;;;;;;;x
PROV3449;그레이트웨일리버교역소;;;;;;;;;;;;;x
PROV3450;조지스리버 교역소;;;;;;;;;;;;;x
PROV3451;미치카마우교역소;;;;;;;;;;;;;x
PROV3452;펠리 베이;;;;;;;;;;;;;x
PROV3453;카발라;;;;;;;;;;;;;x
PROV3454;마나스티르;;;;;;;;;;;;;x
PROV3455;티엘;;;;;;;;;;;;;x
PROV3456;그레소니;;;;;;;;;;;;;x
PROV3457;장크트페터데어슬라벤;;;;;;;;;;;;;x
PROV3458;비르통;;;;;;;;;;;;;x
PROV3459;라헤지;;;;;;;;;;;;;x
PROV3460;비에치;;;;;;;;;;;;;x
PROV3461;오더나르더;;;;;;;;;;;;;x
PROV3462;리에주;;;;;;;;;;;;;x
PROV3463;제딘;;;;;;;;;;;;;x
PROV3464;세인트 루시아 베이;;;;;;;;;;;;;x
PROV3465;음과훔베강 유역;;;;;;;;;;;;;x
PROV3466;스텔라랜드;;;;;;;;;;;;;x
PROV3467;고센;;;;;;;;;;;;;x
PROV3468;암럼;;;;;;;;;;;;;x
PROV3469;헤이그;;;;;;;;;;;;;x
PROV3470;오어드루프;;;;;;;;;;;;;x
PROV3471;방에로게;;;;;;;;;;;;;x
PROV3472;리오온도;;;;;;;;;;;;;x
PROV3473;우안;;;;;;;;;;;;;x
PROV3474;칼라크물;;;;;;;;;;;;;x
PROV3475;베라파즈;;;;;;;;;;;;;x
PROV3476;파리스미나;;;;;;;;;;;;;x
PROV3477;산비토;;;;;;;;;;;;;x
PROV3478;파페이엔;;;;;;;;;;;;;x
PROV3479;폰트레몰리;;;;;;;;;;;;;x
PROV3480;만토바;;;;;;;;;;;;;x
PROV3481;말메디;;;;;;;;;;;;;x
PROV3482;라브레스;;;;;;;;;;;;;x
PROV3483;리체뷔텔;;;;;;;;;;;;;x
PROV3484;쇤베르크;;;;;;;;;;;;;x
PROV3485;가퍼;;;;;;;;;;;;;x
PROV3486;부리구리;;;;;;;;;;;;;x
PROV3487;드라가시;;;;;;;;;;;;;x
PROV3488;비슬레슬;;;;;;;;;;;;;x
PROV3489;타소즈;;;;;;;;;;;;;x
PROV3490;보이네아사;;;;;;;;;;;;;x
PROV3491;프레데알;;;;;;;;;;;;;x
PROV3492;코툼바;;;;;;;;;;;;;x
PROV3493;서베니;;;;;;;;;;;;;x
PROV3494;노보셀리차;;;;;;;;;;;;;x
PROV3495;라비치;;;;;;;;;;;;;x
PROV3496;예카테리노슬라프;;;;;;;;;;;;;x
PROV3497;하이누프카;;;;;;;;;;;;;x
PROV3498;렐치치;;;;;;;;;;;;;x
PROV3499;우샤치;;;;;;;;;;;;;x
PROV3500;키티라;;;;;;;;;;;;;x
PROV3501;리오 산 후안;;;;;;;;;;;;;x
PROV3502;산후안델노르테;;;;;;;;;;;;;x
PROV3503;아른험;;;;;;;;;;;;;x
PROV3504;아흐터후크;;;;;;;;;;;;;x
PROV3505;일룩스테;;;;;;;;;;;;;x
PROV3506;시에라츠;;;;;;;;;;;;;x
PROV3507;오스트롤레카;;;;;;;;;;;;;x
PROV3508;우쿠프;;;;;;;;;;;;;x
PROV3509;홀름;;;;;;;;;;;;;x
PROV3510;윌레지카;;;;;;;;;;;;;x
PROV3511;몰레타이;;;;;;;;;;;;;x
PROV3512;보리소프;;;;;;;;;;;;;x
PROV3513;칼린코비치;;;;;;;;;;;;;x
PROV3514;루츠크;;;;;;;;;;;;;x
PROV3515;두브노;;;;;;;;;;;;;x
PROV3516;오브루치;;;;;;;;;;;;;x
PROV3517;스타로코스탼티니우;;;;;;;;;;;;;x
PROV3518;라도미스;;;;;;;;;;;;;x
PROV3519;체르카시;;;;;;;;;;;;;x
PROV3520;가이신;;;;;;;;;;;;;x
PROV3521;리틴;;;;;;;;;;;;;x
PROV3522;투로우;;;;;;;;;;;;;x
PROV3523;비에시테;;;;;;;;;;;;;x
PROV3524;레제크네;;;;;;;;;;;;;x
PROV3525;시엔노;;;;;;;;;;;;;x
PROV3526;클리마비치;;;;;;;;;;;;;x
PROV3527;폴롯스크;;;;;;;;;;;;;x
PROV3528;세베즈;;;;;;;;;;;;;x
PROV3529;루바나;;;;;;;;;;;;;x
PROV3530;루드자;;;;;;;;;;;;;x
PROV3555;펠리컨;;;;;;;;;;;;;x
PROV3556;스캐그웨이;;;;;;;;;;;;;x
PROV3557;클라워크;;;;;;;;;;;;;x
PROV3558;퍼니 리버;;;;;;;;;;;;;x
PROV3559;우니막섬;;;;;;;;;;;;;x
PROV3560;헤인즈 정션;;;;;;;;;;;;;x
PROV3561;파로 펠리 리버;;;;;;;;;;;;;x
PROV3562;브루어 크리크;;;;;;;;;;;;;x
PROV3563;구아 무상;;;;;;;;;;;;;x
PROV3564;마타가미;;;;;;;;;;;;;x
PROV3565;만도르;;;;;;;;;;;;;x
PROV3566;루첼케;;;;;;;;;;;;;x
PROV3567;포트심프슨;;;;;;;;;;;;;x
PROV3568;아르루와이스;;;;;;;;;;;;;x
PROV3569;메이플리지;;;;;;;;;;;;;x
PROV3570;골드 리버;;;;;;;;;;;;;x
PROV3571;벨라 쿨라;;;;;;;;;;;;;x
PROV3572;올드 호젬;;;;;;;;;;;;;x
PROV3573;스튜어트;;;;;;;;;;;;;x
PROV3574;텀블러 릿지;;;;;;;;;;;;;x
PROV3575;반더후프;;;;;;;;;;;;;x
PROV3576;애시크로프트;;;;;;;;;;;;;x
PROV3577;시카무스;;;;;;;;;;;;;x
PROV3578;에어드리;;;;;;;;;;;;;x
PROV3579;와바스카-데마레;;;;;;;;;;;;;x
PROV3580;카드스턴;;;;;;;;;;;;;x
PROV3581;라크라비슈;;;;;;;;;;;;;x
PROV3582;패들리;;;;;;;;;;;;;x
PROV3583;에나다이;;;;;;;;;;;;;x
PROV3584;웨이저 베이;;;;;;;;;;;;;x
PROV3585;베이커 레이크;;;;;;;;;;;;;x
PROV3586;이글룰릭;;;;;;;;;;;;;x
PROV3587;사니라작;;;;;;;;;;;;;x
PROV3588;톰디불로크;;;;;;;;;;;;;x
PROV3589;킬디어;;;;;;;;;;;;;x
PROV3590;클러프 레이크;;;;;;;;;;;;;x
PROV3591;펠리컨 내로우스;;;;;;;;;;;;;x
PROV3592;빅리버;;;;;;;;;;;;;x
PROV3593;탈로요크;;;;;;;;;;;;;x
PROV3594;조아 헤이븐;;;;;;;;;;;;;x
PROV3595;스위프트 커렌트;;;;;;;;;;;;;x
PROV3596;배서스트 인렛;;;;;;;;;;;;;x
PROV3597;톰슨 랜딩;;;;;;;;;;;;;x
PROV3598;노먼 웰스;;;;;;;;;;;;;x
PROV3599;이누빅;;;;;;;;;;;;;x
PROV3600;크랜베리 포티지;;;;;;;;;;;;;x
PROV3601;로드즈버그;;;;;;;;;;;;;x
PROV3602;푸에르토 바리오스;;;;;;;;;;;;;x
PROV3603;폴라툭;;;;;;;;;;;;;x
PROV3604;니파와;;;;;;;;;;;;;x
PROV3605;세인트 클로드;;;;;;;;;;;;;x
PROV3606;마셜;;;;;;;;;;;;;x
PROV3607;포트 페리;;;;;;;;;;;;;x
PROV3608;레드 레이크;;;;;;;;;;;;;x
PROV3609;티민스;;;;;;;;;;;;;x
PROV3610;실버 마운틴;;;;;;;;;;;;;x
PROV3611;라페;;;;;;;;;;;;;x
PROV3612;다울링;;;;;;;;;;;;;x
PROV3613;마크스테이-워런;;;;;;;;;;;;;x
PROV3614;오언사운드;;;;;;;;;;;;;x
PROV3615;세인트토머스;;;;;;;;;;;;;x
PROV3616;웰랜드;;;;;;;;;;;;;x
PROV3617;콘월;;;;;;;;;;;;;x
PROV3618;이건빌;;;;;;;;;;;;;x
PROV3619;로랑티드;;;;;;;;;;;;;x
PROV3620;탐슨;;;;;;;;;;;;;x
PROV3621;린 레이크;;;;;;;;;;;;;x
PROV3622;메도우브룩;;;;;;;;;;;;;x
PROV3623;생콤-리니에르;;;;;;;;;;;;;x
PROV3624;아브르 생 피에르;;;;;;;;;;;;;x
PROV3625;고드로와;;;;;;;;;;;;;x
PROV3626;생가브리엘;;;;;;;;;;;;;x
PROV3627;로렌티드;;;;;;;;;;;;;x
PROV3628;위던 센터;;;;;;;;;;;;;x
PROV3629;머독빌;;;;;;;;;;;;;x
PROV3630;토비크 밸리;;;;;;;;;;;;;x
PROV3631;맥아담;;;;;;;;;;;;;x
PROV3632;샬럿타운;;;;;;;;;;;;;x
PROV3633;야머스;;;;;;;;;;;;;x
PROV3634;레이크 샬럿;;;;;;;;;;;;;x
PROV3635;시드니 케이프 브레튼 섬;;;;;;;;;;;;;x
PROV3636;뷰컨스;;;;;;;;;;;;;x
PROV3637;처칠 폴스;;;;;;;;;;;;;x
PROV3638;나투아시시;;;;;;;;;;;;;x
PROV3639;생피에르;;;;;;;;;;;;;x
PROV3640;에드먼즈;;;;;;;;;;;;;x
PROV3641;노스 오맥;;;;;;;;;;;;;x
PROV3642;모지스레이크;;;;;;;;;;;;;x
PROV3643;로즈버그;;;;;;;;;;;;;x
PROV3644;밸리 폴스;;;;;;;;;;;;;x
PROV3645;프라인빌;;;;;;;;;;;;;x
PROV3646;치코;;;;;;;;;;;;;x
PROV3647;유카이아;;;;;;;;;;;;;x
PROV3648;비숍;;;;;;;;;;;;;x
PROV3649;카멀바이더시;;;;;;;;;;;;;x
PROV3650;리지크레스트;;;;;;;;;;;;;x
PROV3651;오하이;;;;;;;;;;;;;x
PROV3652;샌타바버라;;;;;;;;;;;;;x
PROV3653;캐스케이드;;;;;;;;;;;;;x
PROV3654;아이오나;;;;;;;;;;;;;x
PROV3655;그레이스;;;;;;;;;;;;;x
PROV3656;엘리;;;;;;;;;;;;;x
PROV3657;자비지;;;;;;;;;;;;;x
PROV3658;모아파 밸리;;;;;;;;;;;;;x
PROV3659;드레이퍼;;;;;;;;;;;;;x
PROV3660;웬도버;;;;;;;;;;;;;x
PROV3661;헬퍼;;;;;;;;;;;;;x
PROV3662;라파스 밸리;;;;;;;;;;;;;x
PROV3663;홀브룩;;;;;;;;;;;;;x
PROV3664;툼스톤;;;;;;;;;;;;;x
PROV3665;라베타;;;;;;;;;;;;;x
PROV3666;팰로앨토;;;;;;;;;;;;;x
PROV3667;타오스;;;;;;;;;;;;;x
PROV3668;휴고;;;;;;;;;;;;;x
PROV3669;라이너;;;;;;;;;;;;;x
PROV3670;레인즐리;;;;;;;;;;;;;x
PROV3671;나바호;;;;;;;;;;;;;x
PROV3672;릴라이언스;;;;;;;;;;;;;x
PROV3673;마블턴;;;;;;;;;;;;;x
PROV3674;캐스퍼;;;;;;;;;;;;;x
PROV3675;스타 밸리 랜치;;;;;;;;;;;;;x
PROV3676;매리언;;;;;;;;;;;;;x
PROV3677;딜런;;;;;;;;;;;;;x
PROV3678;마일스시티;;;;;;;;;;;;;x
PROV3679;볼드윈;;;;;;;;;;;;;x
PROV3680;토너;;;;;;;;;;;;;x
PROV3681;카슨;;;;;;;;;;;;;x
PROV3682;애버딘 시차 계곡;;;;;;;;;;;;;x
PROV3683;뉴얼;;;;;;;;;;;;;x
PROV3684;커스터;;;;;;;;;;;;;x
PROV3685;노퍽 폰테넬 교역소;;;;;;;;;;;;;x
PROV3686;사전트;;;;;;;;;;;;;x
PROV3687;임피리얼;;;;;;;;;;;;;x
PROV3688;오나가;;;;;;;;;;;;;x
PROV3689;프랫;;;;;;;;;;;;;x
PROV3690;존슨;;;;;;;;;;;;;x
PROV3691;보이시 시티;;;;;;;;;;;;;x
PROV3692;머스코지;;;;;;;;;;;;;x
PROV3693;센티넬;;;;;;;;;;;;;x
PROV3694;스프링;;;;;;;;;;;;;x
PROV3695;오스틴;;;;;;;;;;;;;x
PROV3696;새기노 포트 파커;;;;;;;;;;;;;x
PROV3697;텔루라이드;;;;;;;;;;;;;x
PROV3698;샌앤젤로;;;;;;;;;;;;;x
PROV3699;과달루페 빅토리아;;;;;;;;;;;;;x
PROV3700;린;;;;;;;;;;;;;x
PROV3701;라피트;;;;;;;;;;;;;x
PROV3702;해먼드;;;;;;;;;;;;;x
PROV3703;이건;;;;;;;;;;;;;x
PROV3704;보셔시티;;;;;;;;;;;;;x
PROV3705;혹시;;;;;;;;;;;;;x
PROV3706;디어크스;;;;;;;;;;;;;x
PROV3707;마운틴 뷰;;;;;;;;;;;;;x
PROV3708;롤라;;;;;;;;;;;;;x
PROV3709;리버럴;;;;;;;;;;;;;x
PROV3710;홀콤;;;;;;;;;;;;;x
PROV3711;버팔로 제퍼슨 시티;;;;;;;;;;;;;x
PROV3712;캐머런;;;;;;;;;;;;;x
PROV3713;트레이너;;;;;;;;;;;;;x
PROV3714;에임스;;;;;;;;;;;;;x
PROV3715;휘틀랜드;;;;;;;;;;;;;x
PROV3716;르마르;;;;;;;;;;;;;x
PROV3717;레드비;;;;;;;;;;;;;x
PROV3718;울름 포트 스넬링;;;;;;;;;;;;;x
PROV3719;울렌;;;;;;;;;;;;;x
PROV3720;비와빅;;;;;;;;;;;;;x
PROV3721;랜돌프;;;;;;;;;;;;;x
PROV3722;그린우드;;;;;;;;;;;;;x
PROV3723;뉴런던;;;;;;;;;;;;;x
PROV3724;라크로스;;;;;;;;;;;;;x
PROV3725;디캘브;;;;;;;;;;;;;x
PROV3726;케와니;;;;;;;;;;;;;x
PROV3727;어배너;;;;;;;;;;;;;x
PROV3728;피킨;;;;;;;;;;;;;x
PROV3729;스파르타;;;;;;;;;;;;;x
PROV3730;크리얼 스프링스;;;;;;;;;;;;;x
PROV3731;셸비빌;;;;;;;;;;;;;x
PROV3732;테러호트;;;;;;;;;;;;;x
PROV3733;라피엣;;;;;;;;;;;;;x
PROV3734;워소;;;;;;;;;;;;;x
PROV3735;트로이;;;;;;;;;;;;;x
PROV3736;이스트랜싱;;;;;;;;;;;;;x
PROV3737;브라운 시티;;;;;;;;;;;;;x
PROV3738;게일로드;;;;;;;;;;;;;x
PROV3739;뉴베리;;;;;;;;;;;;;x
PROV3740;바이스빌;;;;;;;;;;;;;x
PROV3741;벨폰테인;;;;;;;;;;;;;x
PROV3742;셸비;;;;;;;;;;;;;x
PROV3743;라이마;;;;;;;;;;;;;x
PROV3744;뉴헤이븐;;;;;;;;;;;;;x
PROV3745;애선스;;;;;;;;;;;;;x
PROV3746;엘리자베스타운;;;;;;;;;;;;;x
PROV3747;노스코빈;;;;;;;;;;;;;x
PROV3748;조지타운 켄터키;;;;;;;;;;;;;x
PROV3749;오언즈버러;;;;;;;;;;;;;x
PROV3750;벨미드;;;;;;;;;;;;;x
PROV3751;바틀렛;;;;;;;;;;;;;x
PROV3752;맥민빌;;;;;;;;;;;;;x
PROV3753;라이스빌;;;;;;;;;;;;;x
PROV3754;포레스트;;;;;;;;;;;;;x
PROV3755;앵귈라;;;;;;;;;;;;;x
PROV3756;래티머;;;;;;;;;;;;;x
PROV3757;몽고메리;;;;;;;;;;;;;x
PROV3758;홀린스;;;;;;;;;;;;;x
PROV3759;페어호프;;;;;;;;;;;;;x
PROV3760;패너마시티;;;;;;;;;;;;;x
PROV3761;브론슨;;;;;;;;;;;;;x
PROV3762;프로스트프루프;;;;;;;;;;;;;x
PROV3763;브레멘 뉴 에코타;;;;;;;;;;;;;x
PROV3764;커밀라;;;;;;;;;;;;;x
PROV3765;발도스타;;;;;;;;;;;;;x
PROV3766;레이크시티;;;;;;;;;;;;;x
PROV3767;캠던;;;;;;;;;;;;;x
PROV3768;올랜더;;;;;;;;;;;;;x
PROV3769;리즈빌;;;;;;;;;;;;;x
PROV3770;페이엣빌;;;;;;;;;;;;;x
PROV3771;채드본;;;;;;;;;;;;;x
PROV3772;팜빌;;;;;;;;;;;;;x
PROV3773;프론트 로열;;;;;;;;;;;;;x
PROV3774;센트럴 가라지;;;;;;;;;;;;;x
PROV3775;서퍽;;;;;;;;;;;;;x
PROV3776;커빙턴;;;;;;;;;;;;;x
PROV3777;애빙던;;;;;;;;;;;;;x
PROV3778;이스트 데일리;;;;;;;;;;;;;x
PROV3779;웨인;;;;;;;;;;;;;x
PROV3780;프린세스 앤;;;;;;;;;;;;;x
PROV3781;월도프;;;;;;;;;;;;;x
PROV3782;웨스턴포트;;;;;;;;;;;;;x
PROV3783;조지타운 델라웨어;;;;;;;;;;;;;x
PROV3784;랭커스터;;;;;;;;;;;;;x
PROV3785;스크랜턴;;;;;;;;;;;;;x
PROV3786;포티지;;;;;;;;;;;;;x
PROV3787;게티즈버그;;;;;;;;;;;;;x
PROV3788;핏케언;;;;;;;;;;;;;x
PROV3789;브루인;;;;;;;;;;;;;x
PROV3790;모리스타운;;;;;;;;;;;;;x
PROV3791;프린스턴;;;;;;;;;;;;;x
PROV3792;세일럼;;;;;;;;;;;;;x
PROV3793;브루클린;;;;;;;;;;;;;x
PROV3794;셜리;;;;;;;;;;;;;x
PROV3795;우드스톡;;;;;;;;;;;;;x
PROV3796;코닝;;;;;;;;;;;;;x
PROV3797;제임스타운;;;;;;;;;;;;;x
PROV3798;리보니아;;;;;;;;;;;;;x
PROV3799;리치랜드;;;;;;;;;;;;;x
PROV3800;해피 코너;;;;;;;;;;;;;x
PROV3801;새러토가스프링스;;;;;;;;;;;;;x
PROV3802;댄베리;;;;;;;;;;;;;x
PROV3803;포터컷;;;;;;;;;;;;;x
PROV3804;앤도버;;;;;;;;;;;;;x
PROV3805;반스터블;;;;;;;;;;;;;x
PROV3806;애머스트;;;;;;;;;;;;;x
PROV3807;센터 빌리지;;;;;;;;;;;;;x
PROV3808;캐럴;;;;;;;;;;;;;x
PROV3809;워터빌;;;;;;;;;;;;;x
PROV3810;밀리노켓;;;;;;;;;;;;;x
PROV3811;생-팡필;;;;;;;;;;;;;x
PROV3812;파미우트;;;;;;;;;;;;;x
PROV3813;세이디스피외르뒤르;;;;;;;;;;;;;x
PROV3814;미드바구르;;;;;;;;;;;;;x
PROV3815;킬레아;;;;;;;;;;;;;x
PROV3816;시온 밀스;;;;;;;;;;;;;x
PROV3817;리즈번;;;;;;;;;;;;;x
PROV3818;레터케니;;;;;;;;;;;;;x
PROV3819;웨스트포트;;;;;;;;;;;;;x
PROV3820;콜루니;;;;;;;;;;;;;x
PROV3821;코트브랙;;;;;;;;;;;;;x
PROV3822;트럴리;;;;;;;;;;;;;x
PROV3823;탤로우;;;;;;;;;;;;;x
PROV3824;메이누스;;;;;;;;;;;;;x
PROV3825;애빌레이크스;;;;;;;;;;;;;x
PROV3826;필타운;;;;;;;;;;;;;x
PROV3827;엘긴;;;;;;;;;;;;;x
PROV3828;카일 오브 로할시;;;;;;;;;;;;;x
PROV3829;앨리스;;;;;;;;;;;;;x
PROV3830;스토;;;;;;;;;;;;;x
PROV3831;뉴턴모어;;;;;;;;;;;;;x
PROV3832;렌프루;;;;;;;;;;;;;x
PROV3833;뉴턴 스튜어트;;;;;;;;;;;;;x
PROV3834;뉴포트;;;;;;;;;;;;;x
PROV3835;카마던;;;;;;;;;;;;;x
PROV3836;브레콘;;;;;;;;;;;;;x
PROV3837;크리시예스;;;;;;;;;;;;;x
PROV3838;블랙풀;;;;;;;;;;;;;x
PROV3839;블랙번;;;;;;;;;;;;;x
PROV3840;베커멧;;;;;;;;;;;;;x
PROV3841;커크뉴턴;;;;;;;;;;;;;x
PROV3842;레이번;;;;;;;;;;;;;x
PROV3843;번리;;;;;;;;;;;;;x
PROV3844;허더즈필드;;;;;;;;;;;;;x
PROV3845;힌스톡;;;;;;;;;;;;;x
PROV3846;프레스턴;;;;;;;;;;;;;x
PROV3847;슈롭셔;;;;;;;;;;;;;x
PROV3848;스트랫퍼드어폰에이번;;;;;;;;;;;;;x
PROV3849;메이필드;;;;;;;;;;;;;x
PROV3850;러프버러;;;;;;;;;;;;;x
PROV3851;코링햄;;;;;;;;;;;;;x
PROV3852;사이웰;;;;;;;;;;;;;x
PROV3853;베리세인트에드먼즈;;;;;;;;;;;;;x
PROV3854;콜체스터;;;;;;;;;;;;;x
PROV3855;캘콧;;;;;;;;;;;;;x
PROV3856;밴버리;;;;;;;;;;;;;x
PROV3857;글로스터;;;;;;;;;;;;;x
PROV3858;웨이머스;;;;;;;;;;;;;x
PROV3859;첼트넘;;;;;;;;;;;;;x
PROV3860;로슈;;;;;;;;;;;;;x
PROV3861;트위크넘;;;;;;;;;;;;;x
PROV3862;로열 턴브리지 웰스;;;;;;;;;;;;;x
PROV3863;워딩;;;;;;;;;;;;;x
PROV3864;크라이스트처치;;;;;;;;;;;;;x
PROV3865;필;;;;;;;;;;;;;x
PROV3866;그롱;;;;;;;;;;;;;x
PROV3867;세테르모엔;;;;;;;;;;;;;x
PROV3868;카라쇼크;;;;;;;;;;;;;x
PROV3869;푀르데;;;;;;;;;;;;;x
PROV3870;솔스비카;;;;;;;;;;;;;x
PROV3871;보스;;;;;;;;;;;;;x
PROV3872;트로이엔겐;;;;;;;;;;;;;x
PROV3873;예일로;;;;;;;;;;;;;x
PROV3874;아케르스후스;;;;;;;;;;;;;x
PROV3875;알브달;;;;;;;;;;;;;x
PROV3876;포스베르고움;;;;;;;;;;;;;x
PROV3877;마이리뷔엔;;;;;;;;;;;;;x
PROV3878;페릴라;;;;;;;;;;;;;x
PROV3879;스퇴데;;;;;;;;;;;;;x
PROV3880;홀스타;;;;;;;;;;;;;x
PROV3881;비에르크비크;;;;;;;;;;;;;x
PROV3882;아르비샤우르;;;;;;;;;;;;;x
PROV3883;툼바;;;;;;;;;;;;;x
PROV3884;말룽;;;;;;;;;;;;;x
PROV3885;하그뷔;;;;;;;;;;;;;x
PROV3886;복스홀름;;;;;;;;;;;;;x
PROV3887;람네스;;;;;;;;;;;;;x
PROV3888;칼스코가;;;;;;;;;;;;;x
PROV3889;퇵스포르스;;;;;;;;;;;;;x
PROV3890;예테보리;;;;;;;;;;;;;x
PROV3891;피엘바카;;;;;;;;;;;;;x
PROV3892;비스뷔;;;;;;;;;;;;;x
PROV3893;몰릴라;;;;;;;;;;;;;x
PROV3894;리드훌트;;;;;;;;;;;;;x
PROV3895;삭스토릅스스코겐;;;;;;;;;;;;;x
PROV3896;헤슬레홀름;;;;;;;;;;;;;x
PROV3897;로바니에미;;;;;;;;;;;;;x
PROV3898;푸다스얘르비;;;;;;;;;;;;;x
PROV3899;소단퀼레;;;;;;;;;;;;;x
PROV3900;비야르칠랴;;;;;;;;;;;;;x
PROV3901;코우볼라;;;;;;;;;;;;;x
PROV3902;피엑새매키;;;;;;;;;;;;;x
PROV3903;리엑사;;;;;;;;;;;;;x
PROV3904;항코;;;;;;;;;;;;;x
PROV3905;세이네요키;;;;;;;;;;;;;x
PROV3906;오보;;;;;;;;;;;;;x
PROV3907;위테레세;;;;;;;;;;;;;x
PROV3908;투틴;;;;;;;;;;;;;x
PROV3909;요말라;;;;;;;;;;;;;x
PROV3910;하리우;;;;;;;;;;;;;x
PROV3911;코에루;;;;;;;;;;;;;x
PROV3912;울루;;;;;;;;;;;;;x
PROV3913;버루;;;;;;;;;;;;;x
PROV3914;쿠레사레;;;;;;;;;;;;;x
PROV3915;비제메;;;;;;;;;;;;;x
PROV3916;마도나;;;;;;;;;;;;;x
PROV3917;예캅필스;;;;;;;;;;;;;x
PROV3918;오졸니에키;;;;;;;;;;;;;x
PROV3919;발도네;;;;;;;;;;;;;x
PROV3920;그로비냐;;;;;;;;;;;;;x
PROV3921;시르빈토스;;;;;;;;;;;;;x
PROV3922;바레나;;;;;;;;;;;;;x
PROV3923;마리암폴;;;;;;;;;;;;;x
PROV3924;파스발리스;;;;;;;;;;;;;x
PROV3925;라세이냐이;;;;;;;;;;;;;x
PROV3926;크레팅가;;;;;;;;;;;;;x
PROV3927;실케보르;;;;;;;;;;;;;x
PROV3928;아블룸;;;;;;;;;;;;;x
PROV3929;그람;;;;;;;;;;;;;x
PROV3930;슈퇴르도르프;;;;;;;;;;;;;x
PROV3931;엘링슈테트;;;;;;;;;;;;;x
PROV3932;퇴네르;;;;;;;;;;;;;x
PROV3933;코르쇠르;;;;;;;;;;;;;x
PROV3934;겔스테드;;;;;;;;;;;;;x
PROV3935;뮬레뷔;;;;;;;;;;;;;x
PROV3936;알크마르;;;;;;;;;;;;;x
PROV3937;도르드레흐트;;;;;;;;;;;;;x
PROV3938;노르트홀란트;;;;;;;;;;;;;x
PROV3939;지릭제이;;;;;;;;;;;;;x
PROV3940;아렌동크;;;;;;;;;;;;;x
PROV3941;프린선베이크;;;;;;;;;;;;;x
PROV3942;루르몬트;;;;;;;;;;;;;x
PROV3943;스헤르토헨보스;;;;;;;;;;;;;x
PROV3944;흐로테하스트;;;;;;;;;;;;;x
PROV3945;그로나우;;;;;;;;;;;;;x
PROV3946;하를링언;;;;;;;;;;;;;x
PROV3947;오트마르숨;;;;;;;;;;;;;x
PROV3948;신트트라위던;;;;;;;;;;;;;x
PROV3949;와투;;;;;;;;;;;;;x
PROV3950;코르트레이크;;;;;;;;;;;;;x
PROV3951;덴데르몬더;;;;;;;;;;;;;x
PROV3952;브뤼셀;;;;;;;;;;;;;x
PROV3953;마르슈앙파멘;;;;;;;;;;;;;x
PROV3954;메리니;;;;;;;;;;;;;x
PROV3955;몽스;;;;;;;;;;;;;x
PROV3956;뒤르비;;;;;;;;;;;;;x
PROV3957;보비니;;;;;;;;;;;;;x
PROV3958;마이엔;;;;;;;;;;;;;x
PROV3959;코르비옹;;;;;;;;;;;;;x
PROV3960;카티용쉬르삼브르;;;;;;;;;;;;;x
PROV3961;덩케르크;;;;;;;;;;;;;x
PROV3962;프레방;;;;;;;;;;;;;x
PROV3963;아이유 쉬르 누아예;;;;;;;;;;;;;x
PROV3964;마뢰유쉬루르크;;;;;;;;;;;;;x
PROV3965;마를;;;;;;;;;;;;;x
PROV3966;부이용;;;;;;;;;;;;;x
PROV3967;랭스;;;;;;;;;;;;;x
PROV3968;랑그르;;;;;;;;;;;;;x
PROV3969;솜미피 타위르;;;;;;;;;;;;;x
PROV3970;아그노;;;;;;;;;;;;;x
PROV3971;생트마리오민;;;;;;;;;;;;;x
PROV3972;비텔;;;;;;;;;;;;;x
PROV3973;생디에데보주;;;;;;;;;;;;;x
PROV3974;뤼네빌;;;;;;;;;;;;;x
PROV3975;리폴-르-그랑;;;;;;;;;;;;;x
PROV3976;디에프;;;;;;;;;;;;;x
PROV3977;베르네;;;;;;;;;;;;;x
PROV3978;메세이;;;;;;;;;;;;;x
PROV3979;바르느빌-플라주;;;;;;;;;;;;;x
PROV3980;베일 패리시;;;;;;;;;;;;;x
PROV3981;르 릴레크케후옹;;;;;;;;;;;;;x
PROV3982;르 구레;;;;;;;;;;;;;x
PROV3983;플뤼스켈레크;;;;;;;;;;;;;x
PROV3984;블랭;;;;;;;;;;;;;x
PROV3985;생-쉴피스-라-포레;;;;;;;;;;;;;x
PROV3986;샬로생마르;;;;;;;;;;;;;x
PROV3987;수앙세오페르슈;;;;;;;;;;;;;x
PROV3988;라니쉬르마른;;;;;;;;;;;;;x
PROV3989;볼레브르;;;;;;;;;;;;;x
PROV3990;푸이앙옥수아;;;;;;;;;;;;;x
PROV3991;프레베랑주;;;;;;;;;;;;;x
PROV3992;바렌느생소뵈르;;;;;;;;;;;;;x
PROV3993;봄레담;;;;;;;;;;;;;x
PROV3994;에리쿠르;;;;;;;;;;;;;x
PROV3995;브레쉬르;;;;;;;;;;;;;x
PROV3996;라발;;;;;;;;;;;;;x
PROV3997;생마르라브리에르;;;;;;;;;;;;;x
PROV3998;생틸레르드리에;;;;;;;;;;;;;x
PROV3999;지앵;;;;;;;;;;;;;x
PROV4000;리니에르;;;;;;;;;;;;;x
PROV4001;르블랑;;;;;;;;;;;;;x
PROV4002;뮈르드솔로뉴;;;;;;;;;;;;;x
PROV4003;블레;;;;;;;;;;;;;x
PROV4004;롬;;;;;;;;;;;;;x
PROV4005;시브레;;;;;;;;;;;;;x
PROV4006;브리브라가야르드;;;;;;;;;;;;;x
PROV4007;바니즈;;;;;;;;;;;;;x
PROV4008;생톨레;;;;;;;;;;;;;x
PROV4009;트리자크;;;;;;;;;;;;;x
PROV4010;로제르;;;;;;;;;;;;;x
PROV4011;뒨;;;;;;;;;;;;;x
PROV4012;빌뢰르반;;;;;;;;;;;;;x
PROV4013;생테티엔;;;;;;;;;;;;;x
PROV4014;르푸이;;;;;;;;;;;;;x
PROV4015;퐁에베크;;;;;;;;;;;;;x
PROV4016;시모르;;;;;;;;;;;;;x
PROV4017;그롤레;;;;;;;;;;;;;x
PROV4018;카제르;;;;;;;;;;;;;x
PROV4019;톤넹;;;;;;;;;;;;;x
PROV7236;크니프하우젠;;;;;;;;;;;;;x
PROV3533;포트 버밀리언;Fort Vermilion;;;;;;;;;;;;x
PROV3534;애서배스카 랜딩;Athabaska Landing;;;;;;;;;;;;x
PROV3535;로스 리버;Ross River;;;;;;;;;;;;x
PROV3536;우날라클리트;Unalakleet;;;;;;;;;;;;x
PROV3537;시도로프스크;Sidorovsk;;;;;;;;;;;;x
PROV3538;말리카이;Malykaj;;;;;;;;;;;;x
PROV3539;퉁긴스코예;Tunginskoye;;;;;;;;;;;;x
PROV3541;야르살레;Nadym;;;;;;;;;;;;x
PROV3542;악토가이;Aktogay;;;;;;;;;;;;x
PROV3543;차라;Tommot;;;;;;;;;;;;x
PROV3544;노비 우렌고이;Novyj Urengoj;;;;;;;;;;;;x
PROV3545;아르툐몹스키;Artemovskij;;;;;;;;;;;;x
PROV3546;이심;Isim;;;;;;;;;;;;x
PROV3547;바슈간;Vasjugan;;;;;;;;;;;;x
PROV3548;수고이;Sugoj;;;;;;;;;;;;x
PROV3549;춘스코예;Chunskoye;;;;;;;;;;;;x
PROV3550;니즈네바르톱스크;Niznevartovsk;;;;;;;;;;;;x
PROV3551;베르호투리예;Njagan;;;;;;;;;;;;x
PROV3552;네파;Nepa;;;;;;;;;;;;x
PROV3554;로코소보;Gornopravdinsk;;;;;;;;;;;;x
