CODE;ENGLISH;FRENCH;GERMAN;POLISH;SPANISH;ITALIAN;SWEDISH;CZECH;HUNGARIAN;DUTCH;PORTUGUESE;RUSSIAN;FINNISH;x
tgcnv_ww2_army_doctrine_1930;Motorized Operations;;;;;;;;;;;;;x
tgcnv_ww2_army_doctrine_1930_desc;Available for research from 1930: Motorized Operations. Army movement speed +0.4, organization +2 / Armored Cars movement speed +0.5, reconnaissance +0.5.;;;;;;;;;;;;;x
tgcnv_ww2_army_doctrine_1936;Combined Arms Doctrine;;;;;;;;;;;;;x
tgcnv_ww2_army_doctrine_1936_desc;Available for research from 1936: Combined Arms Doctrine. Tactics +7.5% / Artillery support +0.25 / Infantry, Paratroopers, Marines organization +1 / Guards, Sturmtruppe organization +1.;;;;;;;;;;;;;x
tgcnv_ww2_army_doctrine_1940;Deep Operations;;;;;;;;;;;;;x
tgcnv_ww2_army_doctrine_1940_desc;Available for research from 1940: Deep Operations. Army organization +6 / Tactics +5% / Medium Tanks movement speed +0.25 / Light Tanks movement speed +0.5 / Heavy Tanks movement speed +0.1.;;;;;;;;;;;;;x
tgcnv_ww2_army_doctrine_1943;Mechanized Breakthrough;;;;;;;;;;;;;x
tgcnv_ww2_army_doctrine_1943_desc;Available for research from 1943: Mechanized Breakthrough. Tactics +7.5% / Medium Tanks attack +1 / Light Tanks attack +0.75 / Heavy Tanks attack +1.5 / Armored Cars attack +0.5, defense +0.5 / Engineers siege +1.;;;;;;;;;;;;;x
tgcnv_ww2_army_doctrine_1945;Joint Theater Operations;;;;;;;;;;;;;x
tgcnv_ww2_army_doctrine_1945_desc;Available for research from 1945: Joint Theater Operations. Organization recovery +10% / Tactics +5% / Army organization +6 / Organization recovery modifier +5%.;;;;;;;;;;;;;x
tgcnv_ww2_light_armament_1930;Semi-Automatic Rifles;;;;;;;;;;;;;x
tgcnv_ww2_light_armament_1930_desc;Available for research from 1930: Semi-Automatic Rifles. Infantry, Paratroopers, Marines attack +1, discipline +2% / Guards, Sturmtruppe attack +1, discipline +2% / Small Arms factory output +3%. Unlocks Sturmtruppe training. Additional combat effects: Infantry, Paratroopers, Marines anti-infantry attack +0.5 / Guards, Sturmtruppe anti-infantry attack +0.5.;;;;;;;;;;;;;x
tgcnv_ww2_light_armament_1936;Squad Automatic Weapons;;;;;;;;;;;;;x
tgcnv_ww2_light_armament_1936_desc;Available for research from 1936: Squad Automatic Weapons. Infantry, Paratroopers, Marines defense +1, attack +0.5 / Guards, Sturmtruppe defense +1, attack +0.5 / Ammunition factory output +3%. Additional combat effects: Infantry, Paratroopers, Marines anti-infantry attack +0.5, defense +0.5 / Guards, Sturmtruppe anti-infantry attack +0.5.;;;;;;;;;;;;;x
tgcnv_ww2_light_armament_1940;Infantry Anti-Tank Equipment;;;;;;;;;;;;;x
tgcnv_ww2_light_armament_1940_desc;Available for research from 1940: Infantry Anti-Tank Equipment. Infantry, Paratroopers, Marines defense +1.5, attack +0.5 / Guards, Sturmtruppe defense +1.5, attack +0.5 / Artillery factory output +2%. Additional combat effects: Infantry, Paratroopers, Marines anti-tank attack +1, penetration +2 / Guards, Sturmtruppe anti-tank attack +1, penetration +2.;;;;;;;;;;;;;x
tgcnv_ww2_light_armament_1943;Intermediate-Cartridge Infantry Weapons;;;;;;;;;;;;;x
tgcnv_ww2_light_armament_1943_desc;Available for research from 1943: Intermediate-Cartridge Infantry Weapons. Infantry, Paratroopers, Marines attack +1, defense +0.5, organization +2 / Guards, Sturmtruppe attack +1, defense +0.5, organization +2 / Small Arms factory output +4%. Additional combat effects: Infantry, Paratroopers, Marines anti-infantry attack +0.5, anti-tank attack +0.25, penetration +0.5 / Guards, Sturmtruppe anti-infantry attack +0.5, anti-tank attack +0.25, penetration +0.5.;;;;;;;;;;;;;x
tgcnv_ww2_light_armament_1945;Integrated Infantry Equipment;;;;;;;;;;;;;x
tgcnv_ww2_light_armament_1945_desc;Available for research from 1945: Integrated Infantry Equipment. Infantry, Paratroopers, Marines organization +6, attack +0.5 / Guards, Sturmtruppe organization +6, attack +0.5 / Army supply consumption -1%. Additional combat effects: Infantry, Paratroopers, Marines anti-infantry attack +0.5, anti-tank attack +0.25, penetration +0.5, defense +0.5 / Guards, Sturmtruppe anti-infantry attack +0.5, anti-tank attack +0.25, penetration +0.5, defense +0.5.;;;;;;;;;;;;;x
tgcnv_ww2_heavy_armament_1930;Modern Field Artillery;;;;;;;;;;;;;x
tgcnv_ww2_heavy_armament_1930_desc;Available for research from 1930: Modern Field Artillery. Artillery attack +1, defense +0.5 / Engineers support +0.25 / Artillery factory output +3%. Unlocks recruitment of Light Tanks. Additional combat effects: Light Tanks anti-infantry attack +0.5, armor +0.5, penetration +0.5 / Artillery anti-infantry attack +0.5, penetration +1.;;;;;;;;;;;;;x
tgcnv_ww2_heavy_armament_1936;Medium Tank Design;;;;;;;;;;;;;x
tgcnv_ww2_heavy_armament_1936_desc;Available for research from 1936: Medium Tank Design. Medium Tanks attack +1.5, defense +1 / Light Tanks attack +1.25, defense +0.75, reconnaissance +1 / Heavy Tanks attack +2, defense +1.25, siege +1. Additional combat effects: Medium Tanks armor +1, penetration +1, anti-infantry attack +0.5 / Light Tanks armor +0.5, anti-infantry attack +0.5, penetration +0.5 / Artillery penetration +1 / Armored Cars anti-air defense +0.5.;;;;;;;;;;;;;x
tgcnv_ww2_heavy_armament_1940;Anti-Tank Artillery;;;;;;;;;;;;;x
tgcnv_ww2_heavy_armament_1940_desc;Available for research from 1940: Anti-Tank Artillery. Artillery defense +1.5, attack +1 / Engineers defense +1.5, siege +0.5 / Explosives factory output +3%. Unlocks recruitment of Heavy Tanks. Additional combat effects: Artillery anti-tank attack +2, penetration +4 / Heavy Tanks armor +1, penetration +1.;;;;;;;;;;;;;x
tgcnv_ww2_heavy_armament_1943;Self-Propelled Artillery Operations;;;;;;;;;;;;;x
tgcnv_ww2_heavy_armament_1943_desc;Available for research from 1943: Self-Propelled Artillery Operations. Artillery attack +1, movement speed +0.4, support +0.5 / Medium Tanks movement speed +0.25 / Light Tanks movement speed +0.5 / Heavy Tanks movement speed +0.1. Additional combat effects: Medium Tanks offensive defense +1, armor +1 / Heavy Tanks armor +2, penetration +2 / Artillery penetration +2 / Engineers offensive defense +0.5.;;;;;;;;;;;;;x
tgcnv_ww2_heavy_armament_1945;Stabilized Fire Control;;;;;;;;;;;;;x
tgcnv_ww2_heavy_armament_1945_desc;Available for research from 1945: Stabilized Fire Control. Medium Tanks attack +2, organization +4 / Light Tanks attack +1.5, organization +4 / Heavy Tanks attack +2.5, organization +4 / Artillery attack +1, support +0.25. Additional combat effects: Medium Tanks penetration +2, armor +1, anti-infantry attack +0.5 / Heavy Tanks penetration +2, armor +1, anti-infantry attack +0.5.;;;;;;;;;;;;;x
tgcnv_ww2_military_science_1930;Independent Air Force Organization;;;;;;;;;;;;;x
tgcnv_ww2_military_science_1930_desc;Available for research from 1930: Independent Air Force Organization. Aircraft factory output +5% / Fuel factory output +3% / Supply limit +10%.;;;;;;;;;;;;;x
tgcnv_ww2_military_science_1936;All-Metal Monoplanes;;;;;;;;;;;;;x
tgcnv_ww2_military_science_1936_desc;Available for research from 1936: All-Metal Monoplanes. Aircraft factory output +6% / Machine Parts factory output +3% / Steel factory output +2% / Factory output +1%.;;;;;;;;;;;;;x
tgcnv_ww2_military_science_1940;Integrated Air Defense;;;;;;;;;;;;;x
tgcnv_ww2_military_science_1940_desc;Available for research from 1940: Integrated Air Defense. Radio factory output +6% / Electrical Gear factory output +4% / Artillery factory output +2% / Explosives factory input -3%. Additional combat effects: All Army unit types anti-air attack +0.5, anti-air defense +0.5.;;;;;;;;;;;;;x
tgcnv_ww2_military_science_1943;Long-Range Air Operations;;;;;;;;;;;;;x
tgcnv_ww2_military_science_1943_desc;Available for research from 1943: Long-Range Air Operations. Aircraft factory output +8% / Fuel factory output +5% / Radio factory output +2% / Supply limit +10%.;;;;;;;;;;;;;x
tgcnv_ww2_military_science_1945;Jet Fighters;;;;;;;;;;;;;x
tgcnv_ww2_military_science_1945_desc;Available for research from 1945: Jet Fighters. Aircraft factory output +10% / Machine Parts factory output +3% / Fuel factory output +3% / Electrical Gear factory output +2% / Supply limit +5%.;;;;;;;;;;;;;x
tgcnv_ww2_army_leadership_1930;Staff Radio Communications;;;;;;;;;;;;;x
tgcnv_ww2_army_leadership_1930_desc;Available for research from 1930: Staff Radio Communications. Army organization +4 / Radio factory output +3% / Organization recovery modifier +3%.;;;;;;;;;;;;;x
tgcnv_ww2_army_leadership_1936;Operations Staff System;;;;;;;;;;;;;x
tgcnv_ww2_army_leadership_1936_desc;Available for research from 1936: Operations Staff System. Training experience +2 / Army organization +3 / Organization recovery +5%.;;;;;;;;;;;;;x
tgcnv_ww2_army_leadership_1940;Frontline Air Control;;;;;;;;;;;;;x
tgcnv_ww2_army_leadership_1940_desc;Available for research from 1940: Frontline Air Control. Army organization +4 / Artillery support +0.25 / Radio factory output +3% / Aircraft factory output +2%.;;;;;;;;;;;;;x
tgcnv_ww2_army_leadership_1943;Integrated Logistics Staff;;;;;;;;;;;;;x
tgcnv_ww2_army_leadership_1943_desc;Available for research from 1943: Integrated Logistics Staff. Reinforcement rate +4% / Army supply consumption -1% / Army attrition -1%.;;;;;;;;;;;;;x
tgcnv_ww2_army_leadership_1945;Unified Theater Command;;;;;;;;;;;;;x
tgcnv_ww2_army_leadership_1945_desc;Available for research from 1945: Unified Theater Command. Army organization +6 / Organization recovery +10% / Training experience +2.;;;;;;;;;;;;;x
tgcnv_ww2_naval_doctrine_1930;Convoy Doctrine;;;;;;;;;;;;;x
tgcnv_ww2_naval_doctrine_1930_desc;Available for research from 1930: Convoy Doctrine. Naval attrition -2% / Steam Transports hull +0.1, movement speed +0.5 / Naval supply range +5%.;;;;;;;;;;;;;x
tgcnv_ww2_naval_doctrine_1936;Task Force Operations;;;;;;;;;;;;;x
tgcnv_ww2_naval_doctrine_1936_desc;Available for research from 1936: Task Force Operations. Navy organization +2 / All Aircraft Carrier unit types organization +2 / Destroyers organization +2.;;;;;;;;;;;;;x
tgcnv_ww2_naval_doctrine_1940;Naval-Air Cooperation Doctrine;;;;;;;;;;;;;x
tgcnv_ww2_naval_doctrine_1940_desc;Available for research from 1940: Naval-Air Cooperation Doctrine. Navy organization +2 / Aircraft factory output +2% / Fuel factory output +1% / Fleet Carriers hull +5.;;;;;;;;;;;;;x
tgcnv_ww2_naval_doctrine_1943;Integrated Anti-Submarine Warfare;;;;;;;;;;;;;x
tgcnv_ww2_naval_doctrine_1943_desc;Available for research from 1943: Integrated Anti-Submarine Warfare. Naval attrition -2% / Destroyers evasion +2%p, hull +2 / Navy organization +1.;;;;;;;;;;;;;x
tgcnv_ww2_naval_doctrine_1945;Joint Amphibious Doctrine;;;;;;;;;;;;;x
tgcnv_ww2_naval_doctrine_1945_desc;Available for research from 1945: Joint Amphibious Doctrine. Navy organization +3 / Marines attack +0.5, defense +0.5 / Steam Transports hull +0.1.;;;;;;;;;;;;;x
tgcnv_ww2_ship_construction_1930;Welded Hulls;;;;;;;;;;;;;x
tgcnv_ww2_ship_construction_1930_desc;Available for research from 1930: Welded Hulls. Navy hull +0.1, construction time -3 days / Steamer factory output +2%.;;;;;;;;;;;;;x
tgcnv_ww2_ship_construction_1936;Modern Cruiser Design;;;;;;;;;;;;;x
tgcnv_ww2_ship_construction_1936_desc;Available for research from 1936: Modern Cruiser Design. Cruisers gun power +0.5, hull +0.2 / Heavy Cruisers gun power +3, hull +5 / Destroyers hull +2.;;;;;;;;;;;;;x
tgcnv_ww2_ship_construction_1940;Improved Capital Ship Design;;;;;;;;;;;;;x
tgcnv_ww2_ship_construction_1940_desc;Available for research from 1940: Improved Capital Ship Design. Battleships hull +0.3, gun power +1 / Dreadnoughts hull +0.3, gun power +1 / Fleet Carriers hull +5.;;;;;;;;;;;;;x
tgcnv_ww2_ship_construction_1943;Modular Shipbuilding;;;;;;;;;;;;;x
tgcnv_ww2_ship_construction_1943_desc;Available for research from 1943: Modular Shipbuilding. Navy construction time -5 days, hull +0.05 / Steamer factory output +3% / Submarines hull +1.;;;;;;;;;;;;;x
tgcnv_ww2_ship_construction_1945;Ship Survivability Design;;;;;;;;;;;;;x
tgcnv_ww2_ship_construction_1945_desc;Available for research from 1945: Ship Survivability Design. Navy hull +0.2 / Light Carriers hull +4, organization +2 / Fleet Carriers hull +6, organization +2 / Submarines hull +1, evasion +1%p.;;;;;;;;;;;;;x
tgcnv_ww2_naval_engineering_1930;Shipboard Damage Control;;;;;;;;;;;;;x
tgcnv_ww2_naval_engineering_1930_desc;Available for research from 1930: Shipboard Damage Control. Navy hull +0.1, organization +2 / Naval attrition -0.5% / Submarines torpedo attack +1 / Destroyers torpedo attack +0.5.;;;;;;;;;;;;;x
tgcnv_ww2_naval_engineering_1936;High-Pressure Steam Engines;;;;;;;;;;;;;x
tgcnv_ww2_naval_engineering_1936_desc;Available for research from 1936: High-Pressure Steam Engines. Cruisers movement speed +0.5 / Dreadnoughts movement speed +0.5 / Destroyers movement speed +1 / Heavy Cruisers movement speed +1 / All Aircraft Carrier unit types movement speed +0.5.;;;;;;;;;;;;;x
tgcnv_ww2_naval_engineering_1940;Improved Ship Propulsion;;;;;;;;;;;;;x
tgcnv_ww2_naval_engineering_1940_desc;Available for research from 1940: Improved Ship Propulsion. Navy supply consumption -2% / Submarines movement speed +0.5 / All Aircraft Carrier unit types movement speed +0.5.;;;;;;;;;;;;;x
tgcnv_ww2_naval_engineering_1943;Automatic Fire Suppression;;;;;;;;;;;;;x
tgcnv_ww2_naval_engineering_1943_desc;Available for research from 1943: Automatic Fire Suppression. Navy hull +0.1, organization +2 / Heavy Cruisers hull +5 / Fleet Carriers hull +3.;;;;;;;;;;;;;x
tgcnv_ww2_naval_engineering_1945;Integrated Damage Repair;;;;;;;;;;;;;x
tgcnv_ww2_naval_engineering_1945_desc;Available for research from 1945: Integrated Damage Repair. Navy hull +0.1, organization +2 / Naval attrition -1%.;;;;;;;;;;;;;x
tgcnv_ww2_naval_science_1930;Radio Direction Finding;;;;;;;;;;;;;x
tgcnv_ww2_naval_science_1930_desc;Available for research from 1930: Radio Direction Finding. Naval supply range +10% / Radio factory output +2% / Electrical Gear factory output +1% / Navy organization +2.;;;;;;;;;;;;;x
tgcnv_ww2_naval_science_1936;Improved Sonar;;;;;;;;;;;;;x
tgcnv_ww2_naval_science_1936_desc;Available for research from 1936: Improved Sonar. Navy organization +2 / Destroyers evasion +2%p / Electrical Gear factory output +2%.;;;;;;;;;;;;;x
tgcnv_ww2_naval_science_1940;Radar Fire Control;;;;;;;;;;;;;x
tgcnv_ww2_naval_science_1940_desc;Available for research from 1940: Radar Fire Control. Navy gun power +0.2 / Heavy Cruisers gun power +3 / Destroyers gun power +1 / Radio factory output +2%.;;;;;;;;;;;;;x
tgcnv_ww2_naval_science_1943;Fleet Air Defense Control;;;;;;;;;;;;;x
tgcnv_ww2_naval_science_1943_desc;Available for research from 1943: Fleet Air Defense Control. Navy organization +2, gun power +0.1 / Ammunition factory output +2% / Electrical Gear factory output +1% / All Aircraft Carrier unit types organization +2.;;;;;;;;;;;;;x
tgcnv_ww2_naval_science_1945;Proximity-Fuzed Shells;;;;;;;;;;;;;x
tgcnv_ww2_naval_science_1945_desc;Available for research from 1945: Proximity-Fuzed Shells. Navy gun power +0.2 / Ammunition factory output +3% / Heavy Cruisers gun power +2 / Destroyers gun power +1.;;;;;;;;;;;;;x
tgcnv_ww2_naval_leadership_1930;Convoy Route Planning;;;;;;;;;;;;;x
tgcnv_ww2_naval_leadership_1930_desc;Available for research from 1930: Convoy Route Planning. Navy organization +2 / Naval supply range +10% / Naval attrition -0.5%.;;;;;;;;;;;;;x
tgcnv_ww2_naval_leadership_1936;Central Fire Direction;;;;;;;;;;;;;x
tgcnv_ww2_naval_leadership_1936_desc;Available for research from 1936: Central Fire Direction. Navy gun power +0.1, organization +2 / Battleships gun power +1 / Dreadnoughts gun power +1.;;;;;;;;;;;;;x
tgcnv_ww2_naval_leadership_1940;Fleet Communication Protocols;;;;;;;;;;;;;x
tgcnv_ww2_naval_leadership_1940_desc;Available for research from 1940: Fleet Communication Protocols. Navy organization +2 / Radio factory output +2% / All Aircraft Carrier unit types organization +2.;;;;;;;;;;;;;x
tgcnv_ww2_naval_leadership_1943;Battle Damage Training;;;;;;;;;;;;;x
tgcnv_ww2_naval_leadership_1943_desc;Available for research from 1943: Battle Damage Training. Navy hull +0.1, organization +1 / Submarines hull +1.;;;;;;;;;;;;;x
tgcnv_ww2_naval_leadership_1945;Joint Naval Staff;;;;;;;;;;;;;x
tgcnv_ww2_naval_leadership_1945_desc;Available for research from 1945: Joint Naval Staff. Navy organization +3, gun power +0.1 / Organization recovery +5%.;;;;;;;;;;;;;x
tgcnv_ww2_tech_power_1930;High-Power Internal Combustion Engines;;;;;;;;;;;;;x
tgcnv_ww2_tech_power_1930_desc;Available for research from 1930: High-Power Internal Combustion Engines. Automobiles factory output +8% / Fuel factory output +3%.;;;;;;;;;;;;;x
tgcnv_ww2_tech_power_1936;High-Octane Fuel;;;;;;;;;;;;;x
tgcnv_ww2_tech_power_1936_desc;Available for research from 1936: High-Octane Fuel. Fuel factory output +10% / Aircraft factory output +5%.;;;;;;;;;;;;;x
tgcnv_ww2_tech_power_1940;Improved Industrial Turbines;;;;;;;;;;;;;x
tgcnv_ww2_tech_power_1940_desc;Available for research from 1940: Improved Industrial Turbines. Factory throughput +4% / Coal resource output +5%.;;;;;;;;;;;;;x
tgcnv_ww2_tech_power_1943;Gas Turbine Production;;;;;;;;;;;;;x
tgcnv_ww2_tech_power_1943_desc;Available for research from 1943: Gas Turbine Production. Aircraft factory output +8% / Electrical Gear factory output +5%.;;;;;;;;;;;;;x
tgcnv_ww2_tech_power_1945;Regional Power Grids;;;;;;;;;;;;;x
tgcnv_ww2_tech_power_1945_desc;Available for research from 1945: Regional Power Grids. Factory throughput +5% / Mining production efficiency +3% / Farming production efficiency +3%.;;;;;;;;;;;;;x
tgcnv_ww2_mechanization_1930;Precision Machine Tools;;;;;;;;;;;;;x
tgcnv_ww2_mechanization_1930_desc;Available for research from 1930: Precision Machine Tools. Machine Parts factory output +10% / Factory throughput +2%.;;;;;;;;;;;;;x
tgcnv_ww2_mechanization_1936;Mass Armaments Production;;;;;;;;;;;;;x
tgcnv_ww2_mechanization_1936_desc;Available for research from 1936: Mass Armaments Production. Small Arms factory output +6% / Artillery factory output +6% / Ammunition factory output +5%.;;;;;;;;;;;;;x
tgcnv_ww2_mechanization_1940;Statistical Quality Control;;;;;;;;;;;;;x
tgcnv_ww2_mechanization_1940_desc;Available for research from 1940: Statistical Quality Control. Factory input -1.5% / Factory output +2%.;;;;;;;;;;;;;x
tgcnv_ww2_mechanization_1943;Interchangeable Airframe Production;;;;;;;;;;;;;x
tgcnv_ww2_mechanization_1943_desc;Available for research from 1943: Interchangeable Airframe Production. Aircraft factory output +10% / Machine Parts factory output +5%.;;;;;;;;;;;;;x
tgcnv_ww2_mechanization_1945;Automatic Process Control;;;;;;;;;;;;;x
tgcnv_ww2_mechanization_1945_desc;Available for research from 1945: Automatic Process Control. Factory throughput +5% / Factory input -1.5%.;;;;;;;;;;;;;x
tgcnv_ww2_metallurgy_1930;Light Alloys;;;;;;;;;;;;;x
tgcnv_ww2_metallurgy_1930_desc;Available for research from 1930: Light Alloys. Aircraft factory output +8% / Machine Parts factory output +3%.;;;;;;;;;;;;;x
tgcnv_ww2_metallurgy_1936;Rolled Homogeneous Armor;;;;;;;;;;;;;x
tgcnv_ww2_metallurgy_1936_desc;Available for research from 1936: Rolled Homogeneous Armor. Steel factory output +8% / Tank factory output +6%.;;;;;;;;;;;;;x
tgcnv_ww2_metallurgy_1940;Heat-Resistant Alloys;;;;;;;;;;;;;x
tgcnv_ww2_metallurgy_1940_desc;Available for research from 1940: Heat-Resistant Alloys. Steel factory output +6% / Fuel factory output +5% / Aircraft factory output +4%.;;;;;;;;;;;;;x
tgcnv_ww2_metallurgy_1943;Precision Casting;;;;;;;;;;;;;x
tgcnv_ww2_metallurgy_1943_desc;Available for research from 1943: Precision Casting. Machine Parts factory output +8% / Artillery factory output +5%.;;;;;;;;;;;;;x
tgcnv_ww2_metallurgy_1945;High-Performance Cutting Alloys;;;;;;;;;;;;;x
tgcnv_ww2_metallurgy_1945_desc;Available for research from 1945: High-Performance Cutting Alloys. Steel factory output +8% / Machine Parts factory output +8% / Factory output +1.5%.;;;;;;;;;;;;;x
tgcnv_ww2_tech_infrastructure_1930;Modern Military Airfields;;;;;;;;;;;;;x
tgcnv_ww2_tech_infrastructure_1930_desc;Available for research from 1930: Modern Military Airfields. Supply limit +10% / Aircraft factory output +3%.;;;;;;;;;;;;;x
tgcnv_ww2_tech_infrastructure_1936;Motorized Supply Networks;;;;;;;;;;;;;x
tgcnv_ww2_tech_infrastructure_1936_desc;Available for research from 1936: Motorized Supply Networks. Supply limit +15% / Automobiles factory output +4% / Army attrition -1%.;;;;;;;;;;;;;x
tgcnv_ww2_tech_infrastructure_1940;Forward Maintenance Systems;;;;;;;;;;;;;x
tgcnv_ww2_tech_infrastructure_1940_desc;Available for research from 1940: Forward Maintenance Systems. Reinforcement rate +4% / Supply limit +10% / Machine Parts factory output +3%.;;;;;;;;;;;;;x
tgcnv_ww2_tech_infrastructure_1943;Air Transport Networks;;;;;;;;;;;;;x
tgcnv_ww2_tech_infrastructure_1943_desc;Available for research from 1943: Air Transport Networks. Supply limit +15% / Aircraft factory output +5% / Fuel factory output +3%.;;;;;;;;;;;;;x
tgcnv_ww2_tech_infrastructure_1945;Integrated Logistics Hubs;;;;;;;;;;;;;x
tgcnv_ww2_tech_infrastructure_1945_desc;Available for research from 1945: Integrated Logistics Hubs. Supply limit +20% / Reinforcement rate +3% / Army attrition -1%.;;;;;;;;;;;;;x
tgcnv_ww2_chemistry_and_electricity_1930;Industrial Electronics;;;;;;;;;;;;;x
tgcnv_ww2_chemistry_and_electricity_1930_desc;Available for research from 1930: Industrial Electronics. Electrical Gear factory output +8% / Radio factory output +4%.;;;;;;;;;;;;;x
tgcnv_ww2_chemistry_and_electricity_1936;Synthetic Fuel;;;;;;;;;;;;;x
tgcnv_ww2_chemistry_and_electricity_1936_desc;Available for research from 1936: Synthetic Fuel. Fuel factory output +10% / Oil resource output +5%.;;;;;;;;;;;;;x
tgcnv_ww2_chemistry_and_electricity_1940;Solid Propellants;;;;;;;;;;;;;x
tgcnv_ww2_chemistry_and_electricity_1940_desc;Available for research from 1940: Solid Propellants. Explosives factory output +8% / Ammunition factory output +5%.;;;;;;;;;;;;;x
tgcnv_ww2_chemistry_and_electricity_1943;Guided Rockets;;;;;;;;;;;;;x
tgcnv_ww2_chemistry_and_electricity_1943_desc;Available for research from 1943: Guided Rockets. Radio factory output +6% / Explosives factory output +6% / Electrical Gear factory output +5%.;;;;;;;;;;;;;x
tgcnv_ww2_chemistry_and_electricity_1945;Nuclear Fission Weapons Research;;;;;;;;;;;;;x
tgcnv_ww2_chemistry_and_electricity_1945_desc;Available for research from 1945: Nuclear Fission Weapons Research. Electrical Gear factory output +10% / Machine Parts factory output +5% / Research efficiency +2.5%.;;;;;;;;;;;;;x
tgcnv_ww2_financial_institutions_1930;Financial Supervision;;;;;;;;;;;;;x
tgcnv_ww2_financial_institutions_1930_desc;Available for research from 1930: Financial Supervision. Tax efficiency +3%p / Administrative efficiency +1%p.;;;;;;;;;;;;;x
tgcnv_ww2_financial_institutions_1936;Public Investment Finance;;;;;;;;;;;;;x
tgcnv_ww2_financial_institutions_1936_desc;Available for research from 1936: Public Investment Finance. Factory construction cost -2.5% / Loan interest -0.2%p.;;;;;;;;;;;;;x
tgcnv_ww2_financial_institutions_1940;Wartime Bond Finance;;;;;;;;;;;;;x
tgcnv_ww2_financial_institutions_1940_desc;Available for research from 1940: Wartime Bond Finance. Tax efficiency +3%p / Loan interest -0.2%p.;;;;;;;;;;;;;x
tgcnv_ww2_financial_institutions_1943;Armaments Contract Finance;;;;;;;;;;;;;x
tgcnv_ww2_financial_institutions_1943_desc;Available for research from 1943: Armaments Contract Finance. Factory construction cost -2.5% / Factory throughput +2%.;;;;;;;;;;;;;x
tgcnv_ww2_financial_institutions_1945;Postwar Reconstruction Finance;;;;;;;;;;;;;x
tgcnv_ww2_financial_institutions_1945_desc;Available for research from 1945: Postwar Reconstruction Finance. Loan interest -0.3%p / Factory construction cost -2% / Factory throughput +2%.;;;;;;;;;;;;;x
tgcnv_ww2_monetary_system_1930;Monetary Stabilization;;;;;;;;;;;;;x
tgcnv_ww2_monetary_system_1930_desc;Available for research from 1930: Monetary Stabilization. Administrative efficiency +2%p / Tax efficiency +2%p.;;;;;;;;;;;;;x
tgcnv_ww2_monetary_system_1936;Managed Currency Systems;;;;;;;;;;;;;x
tgcnv_ww2_monetary_system_1936_desc;Available for research from 1936: Managed Currency Systems. Loan interest -0.2%p / Administrative efficiency +1.5%p.;;;;;;;;;;;;;x
tgcnv_ww2_monetary_system_1940;Wartime Currency Management;;;;;;;;;;;;;x
tgcnv_ww2_monetary_system_1940_desc;Available for research from 1940: Wartime Currency Management. Administrative efficiency +2%p / Factory input -0.5%.;;;;;;;;;;;;;x
tgcnv_ww2_monetary_system_1943;International Clearing Agreements;;;;;;;;;;;;;x
tgcnv_ww2_monetary_system_1943_desc;Available for research from 1943: International Clearing Agreements. Tax efficiency +3%p / Administrative efficiency +1.5%p.;;;;;;;;;;;;;x
tgcnv_ww2_monetary_system_1945;International Monetary Cooperation;;;;;;;;;;;;;x
tgcnv_ww2_monetary_system_1945_desc;Available for research from 1945: International Monetary Cooperation. Loan interest -0.3%p / Factory input -0.5% / Administrative efficiency +1.5%p.;;;;;;;;;;;;;x
tgcnv_ww2_economic_thought_and_critique_1930;National Income Accounting;;;;;;;;;;;;;x
tgcnv_ww2_economic_thought_and_critique_1930_desc;Available for research from 1930: National Income Accounting. Factory input -1% / Tax efficiency +2%p.;;;;;;;;;;;;;x
tgcnv_ww2_economic_thought_and_critique_1936;Aggregate Demand Management;;;;;;;;;;;;;x
tgcnv_ww2_economic_thought_and_critique_1936_desc;Available for research from 1936: Aggregate Demand Management. Factory output +2% / Factory throughput +2%.;;;;;;;;;;;;;x
tgcnv_ww2_economic_thought_and_critique_1940;Wartime Resource Allocation;;;;;;;;;;;;;x
tgcnv_ww2_economic_thought_and_critique_1940_desc;Available for research from 1940: Wartime Resource Allocation. Factory throughput +3% / Small Arms factory output +3% / Artillery factory output +3%.;;;;;;;;;;;;;x
tgcnv_ww2_economic_thought_and_critique_1943;Input-Output Analysis;;;;;;;;;;;;;x
tgcnv_ww2_economic_thought_and_critique_1943_desc;Available for research from 1943: Input-Output Analysis. Factory input -1% / Factory output +1.5%.;;;;;;;;;;;;;x
tgcnv_ww2_economic_thought_and_critique_1945;Reconstruction Economic Planning;;;;;;;;;;;;;x
tgcnv_ww2_economic_thought_and_critique_1945_desc;Available for research from 1945: Reconstruction Economic Planning. Factory output +2.5% / Factory construction cost -1%.;;;;;;;;;;;;;x
tgcnv_ww2_market_functionality_1930;National Distribution Networks;;;;;;;;;;;;;x
tgcnv_ww2_market_functionality_1930_desc;Available for research from 1930: National Distribution Networks. Factory input -1% / Supply limit +5%.;;;;;;;;;;;;;x
tgcnv_ww2_market_functionality_1936;Strategic Material Stockpiles;;;;;;;;;;;;;x
tgcnv_ww2_market_functionality_1936_desc;Available for research from 1936: Strategic Material Stockpiles. Supply limit +10% / Canned Food factory output +5%.;;;;;;;;;;;;;x
tgcnv_ww2_market_functionality_1940;Rationing and Procurement Systems;;;;;;;;;;;;;x
tgcnv_ww2_market_functionality_1940_desc;Available for research from 1940: Rationing and Procurement Systems. Factory throughput +2% / Fuel factory output +3% / Ammunition factory output +3%.;;;;;;;;;;;;;x
tgcnv_ww2_market_functionality_1943;Integrated Transport Allocation;;;;;;;;;;;;;x
tgcnv_ww2_market_functionality_1943_desc;Available for research from 1943: Integrated Transport Allocation. Supply limit +15% / Reinforcement rate +2%.;;;;;;;;;;;;;x
tgcnv_ww2_market_functionality_1945;Trade Reconstruction Agreements;;;;;;;;;;;;;x
tgcnv_ww2_market_functionality_1945_desc;Available for research from 1945: Trade Reconstruction Agreements. Factory input -1% / Factory throughput +2%.;;;;;;;;;;;;;x
tgcnv_ww2_tech_organization_1930;Large-Scale Project Management;;;;;;;;;;;;;x
tgcnv_ww2_tech_organization_1930_desc;Available for research from 1930: Large-Scale Project Management. Factory output +2% / Factory throughput +2%.;;;;;;;;;;;;;x
tgcnv_ww2_tech_organization_1936;Production Scheduling;;;;;;;;;;;;;x
tgcnv_ww2_tech_organization_1936_desc;Available for research from 1936: Production Scheduling. Factory throughput +3% / Factory input -0.5%.;;;;;;;;;;;;;x
tgcnv_ww2_tech_organization_1940;Wartime Industrial Mobilization;;;;;;;;;;;;;x
tgcnv_ww2_tech_organization_1940_desc;Available for research from 1940: Wartime Industrial Mobilization. Factory throughput +4% / Tank factory output +5% / Aircraft factory output +4%.;;;;;;;;;;;;;x
tgcnv_ww2_tech_organization_1943;Operations Research;;;;;;;;;;;;;x
tgcnv_ww2_tech_organization_1943_desc;Available for research from 1943: Operations Research. Factory input -1% / Supply limit +5% / Factory output +1.5%.;;;;;;;;;;;;;x
tgcnv_ww2_tech_organization_1945;Production Conversion Management;;;;;;;;;;;;;x
tgcnv_ww2_tech_organization_1945_desc;Available for research from 1945: Production Conversion Management. Factory output +2.5% / Factory construction cost -1.5%.;;;;;;;;;;;;;x
tgcnv_ww2_aesthetics_1930;Mass Broadcasting Culture;;;;;;;;;;;;;x
tgcnv_ww2_aesthetics_1930_desc;Available for research from 1930: Mass Broadcasting Culture. Prestige gain +5% / Diplomatic point generation +2%.;;;;;;;;;;;;;x
tgcnv_ww2_aesthetics_1936;Documentary Film Movement;;;;;;;;;;;;;x
tgcnv_ww2_aesthetics_1936_desc;Available for research from 1936: Documentary Film Movement. Prestige gain +5% / Education efficiency +1.5%.;;;;;;;;;;;;;x
tgcnv_ww2_aesthetics_1940;Wartime Visual Culture;;;;;;;;;;;;;x
tgcnv_ww2_aesthetics_1940_desc;Available for research from 1940: Wartime Visual Culture. Prestige gain +5% / Organization recovery +2.5%.;;;;;;;;;;;;;x
tgcnv_ww2_aesthetics_1943;Cultural Records Preservation;;;;;;;;;;;;;x
tgcnv_ww2_aesthetics_1943_desc;Available for research from 1943: Cultural Records Preservation. Prestige gain +6% / Research efficiency +2%.;;;;;;;;;;;;;x
tgcnv_ww2_aesthetics_1945;Postwar Cultural Exchange;;;;;;;;;;;;;x
tgcnv_ww2_aesthetics_1945_desc;Available for research from 1945: Postwar Cultural Exchange. Prestige gain +8% / Diplomatic point generation +10%.;;;;;;;;;;;;;x
tgcnv_ww2_philosophy_1930;Scientific Verification Methods;;;;;;;;;;;;;x
tgcnv_ww2_philosophy_1930_desc;Available for research from 1930: Scientific Verification Methods. Research efficiency +10% / Education efficiency +2%.;;;;;;;;;;;;;x
tgcnv_ww2_philosophy_1936;Advances in the Philosophy of Science;;;;;;;;;;;;;x
tgcnv_ww2_philosophy_1936_desc;Available for research from 1936: Advances in the Philosophy of Science. Research efficiency +10% / Education efficiency +2%.;;;;;;;;;;;;;x
tgcnv_ww2_philosophy_1940;Interdisciplinary Research;;;;;;;;;;;;;x
tgcnv_ww2_philosophy_1940_desc;Available for research from 1940: Interdisciplinary Research. Research efficiency +12% / Education efficiency +2.5%.;;;;;;;;;;;;;x
tgcnv_ww2_philosophy_1943;Collaborative Research Systems;;;;;;;;;;;;;x
tgcnv_ww2_philosophy_1943_desc;Available for research from 1943: Collaborative Research Systems. Research efficiency +12% / Education efficiency +2.5%.;;;;;;;;;;;;;x
tgcnv_ww2_philosophy_1945;Scientific Research Policy;;;;;;;;;;;;;x
tgcnv_ww2_philosophy_1945_desc;Available for research from 1945: Scientific Research Policy. Research efficiency +15% / Education efficiency +3%.;;;;;;;;;;;;;x
tgcnv_ww2_social_thought_1930;Mass Society Studies;;;;;;;;;;;;;x
tgcnv_ww2_social_thought_1930_desc;Available for research from 1930: Mass Society Studies. Education efficiency +5% / Administrative efficiency +0.5%p.;;;;;;;;;;;;;x
tgcnv_ww2_social_thought_1936;Social Survey Methods;;;;;;;;;;;;;x
tgcnv_ww2_social_thought_1936_desc;Available for research from 1936: Social Survey Methods. Education efficiency +6% / Administrative efficiency +0.5%p.;;;;;;;;;;;;;x
tgcnv_ww2_social_thought_1940;Civil Defense Education;;;;;;;;;;;;;x
tgcnv_ww2_social_thought_1940_desc;Available for research from 1940: Civil Defense Education. Education efficiency +7% / Army attrition -1% / Organization recovery +2%.;;;;;;;;;;;;;x
tgcnv_ww2_social_thought_1943;Adult Technical Education;;;;;;;;;;;;;x
tgcnv_ww2_social_thought_1943_desc;Available for research from 1943: Adult Technical Education. Education efficiency +8% / Machine parts factory output +3%.;;;;;;;;;;;;;x
tgcnv_ww2_social_thought_1945;Social Reconstruction Policy;;;;;;;;;;;;;x
tgcnv_ww2_social_thought_1945_desc;Available for research from 1945: Social Reconstruction Policy. Education efficiency +10% / Reinforcement rate +1%.;;;;;;;;;;;;;x
tgcnv_ww2_political_thought_1930;Modern Public Administration;;;;;;;;;;;;;x
tgcnv_ww2_political_thought_1930_desc;Available for research from 1930: Modern Public Administration. Administrative efficiency +2%p / Tax efficiency +1%p.;;;;;;;;;;;;;x
tgcnv_ww2_political_thought_1936;National Policy Coordination;;;;;;;;;;;;;x
tgcnv_ww2_political_thought_1936_desc;Available for research from 1936: National Policy Coordination. Administrative efficiency +2%p / Supply limit +5%.;;;;;;;;;;;;;x
tgcnv_ww2_political_thought_1940;Wartime Administrative Organization;;;;;;;;;;;;;x
tgcnv_ww2_political_thought_1940_desc;Available for research from 1940: Wartime Administrative Organization. National focus +1 / Administrative efficiency +2%p.;;;;;;;;;;;;;x
tgcnv_ww2_political_thought_1943;Allied Diplomatic Cooperation;;;;;;;;;;;;;x
tgcnv_ww2_political_thought_1943_desc;Available for research from 1943: Allied Diplomatic Cooperation. Diplomatic point generation +10% / Administrative efficiency +1%p.;;;;;;;;;;;;;x
tgcnv_ww2_political_thought_1945;International Cooperation Organizations;;;;;;;;;;;;;x
tgcnv_ww2_political_thought_1945_desc;Available for research from 1945: International Cooperation Organizations. Diplomatic point generation +15% / Prestige gain +5%.;;;;;;;;;;;;;x
tgcnv_ww2_psychology_1930;Applied Psychological Testing;;;;;;;;;;;;;x
tgcnv_ww2_psychology_1930_desc;Available for research from 1930: Applied Psychological Testing. Training experience +2 / Army-wide organization +2.;;;;;;;;;;;;;x
tgcnv_ww2_psychology_1936;Industrial Psychology;;;;;;;;;;;;;x
tgcnv_ww2_psychology_1936_desc;Available for research from 1936: Industrial Psychology. Factory output +1.5% / Education efficiency +2%.;;;;;;;;;;;;;x
tgcnv_ww2_psychology_1940;Combat Stress Research;;;;;;;;;;;;;x
tgcnv_ww2_psychology_1940_desc;Available for research from 1940: Combat Stress Research. Organization recovery +6% / Reinforcement rate +1%.;;;;;;;;;;;;;x
tgcnv_ww2_psychology_1943;Ergonomic Design;;;;;;;;;;;;;x
tgcnv_ww2_psychology_1943_desc;Available for research from 1943: Ergonomic Design. Training experience +2 / Factory input -0.5% / Factory output +1%.;;;;;;;;;;;;;x
tgcnv_ww2_psychology_1945;Psychological Rehabilitation Systems;;;;;;;;;;;;;x
tgcnv_ww2_psychology_1945_desc;Available for research from 1945: Psychological Rehabilitation Systems. Reinforcement rate +3% / Organization recovery +5%.;;;;;;;;;;;;;x
tgcnv_ww2_inv_motor_columns;Motor Columns;;;;;;;;;;;;;x
tgcnv_ww2_inv_motor_columns_desc;Can be discovered from 1930 after researching Motorized Operations. Army movement speed +0.1. Base discovery chance 4%, +2 percentage points at literacy of 60% or higher, and +2 percentage points from 1932.;;;;;;;;;;;;;x
tgcnv_ww2_inv_mobile_supply_drills;Mobile Supply Drills;;;;;;;;;;;;;x
tgcnv_ww2_inv_mobile_supply_drills_desc;Can be discovered from 1930 after researching Motorized Operations. Land attrition -1%. Base discovery chance 4%, +2 percentage points at literacy of 60% or higher, and +2 percentage points from 1932.;;;;;;;;;;;;;x
tgcnv_ww2_inv_combined_arms_exercises;Combined Arms Exercises;;;;;;;;;;;;;x
tgcnv_ww2_inv_combined_arms_exercises_desc;Can be discovered from 1936 after researching Combined Arms Doctrine. Army organization +1. Base discovery chance 4%, +2 percentage points at literacy of 60% or higher, and +2 percentage points from 1938.;;;;;;;;;;;;;x
tgcnv_ww2_inv_infantry_tank_liaison;Infantry Tank Liaison;;;;;;;;;;;;;x
tgcnv_ww2_inv_infantry_tank_liaison_desc;Can be discovered from 1936 after researching Combined Arms Doctrine. Infantry attack +0.25, Guards attack +0.25. Base discovery chance 4%, +2 percentage points at literacy of 60% or higher, and +2 percentage points from 1938.;;;;;;;;;;;;;x
tgcnv_ww2_inv_echeloned_reserves;Echeloned Reserves;;;;;;;;;;;;;x
tgcnv_ww2_inv_echeloned_reserves_desc;Can be discovered from 1940 after researching Deep Operations. Reinforcement rate +1%. Base discovery chance 4%, +2 percentage points at literacy of 60% or higher, and +2 percentage points from 1942.;;;;;;;;;;;;;x
tgcnv_ww2_inv_breakthrough_exploitation;Breakthrough Exploitation;;;;;;;;;;;;;x
tgcnv_ww2_inv_breakthrough_exploitation_desc;Can be discovered from 1940 after researching Deep Operations. Tactics +1%. Base discovery chance 4%, +2 percentage points at literacy of 60% or higher, and +2 percentage points from 1942.;;;;;;;;;;;;;x
tgcnv_ww2_inv_mobile_battle_groups;Mobile Battle Groups;;;;;;;;;;;;;x
tgcnv_ww2_inv_mobile_battle_groups_desc;Can be discovered from 1943 after researching Mechanized Breakthrough. Army organization +1. Base discovery chance 4%, +2 percentage points at literacy of 60% or higher, and +2 percentage points from 1945.;;;;;;;;;;;;;x
tgcnv_ww2_inv_mechanized_pursuit;Mechanized Pursuit;;;;;;;;;;;;;x
tgcnv_ww2_inv_mechanized_pursuit_desc;Can be discovered from 1943 after researching Mechanized Breakthrough. Medium Tanks movement speed +0.1, Light Tanks movement speed +0.1, Heavy Tanks movement speed +0.1. Base discovery chance 4%, +2 percentage points at literacy of 60% or higher, and +2 percentage points from 1945.;;;;;;;;;;;;;x
tgcnv_ww2_inv_joint_operations_rooms;Joint Operations Rooms;;;;;;;;;;;;;x
tgcnv_ww2_inv_joint_operations_rooms_desc;Can be discovered from 1945 after researching Joint Theater Operations. Army organization +1. Base discovery chance 4%, +2 percentage points at literacy of 60% or higher, and +2 percentage points from 1947.;;;;;;;;;;;;;x
tgcnv_ww2_inv_theater_reserve_plans;Theater Reserve Plans;;;;;;;;;;;;;x
tgcnv_ww2_inv_theater_reserve_plans_desc;Can be discovered from 1945 after researching Joint Theater Operations. Morale +2%. Base discovery chance 4%, +2 percentage points at literacy of 60% or higher, and +2 percentage points from 1947.;;;;;;;;;;;;;x
tgcnv_ww2_inv_self_loading_rifle_drills;Self Loading Rifle Drills;;;;;;;;;;;;;x
tgcnv_ww2_inv_self_loading_rifle_drills_desc;Can be discovered from 1930 after researching Semi-Automatic Rifles. Infantry attack +0.25, Guards attack +0.25. Base discovery chance 4%, +2 percentage points at literacy of 60% or higher, and +2 percentage points from 1932.;;;;;;;;;;;;;x
tgcnv_ww2_inv_rifle_parts_standardization;Rifle Parts Standardization;;;;;;;;;;;;;x
tgcnv_ww2_inv_rifle_parts_standardization_desc;Can be discovered from 1930 after researching Semi-Automatic Rifles. Small Arms output +1%. Base discovery chance 4%, +2 percentage points at literacy of 60% or higher, and +2 percentage points from 1932.;;;;;;;;;;;;;x
tgcnv_ww2_inv_squad_fire_maneuver;Squad Fire Maneuver;;;;;;;;;;;;;x
tgcnv_ww2_inv_squad_fire_maneuver_desc;Can be discovered from 1936 after researching Squad Automatic Weapons. Infantry organization +1, Guards organization +1. Base discovery chance 4%, +2 percentage points at literacy of 60% or higher, and +2 percentage points from 1938.;;;;;;;;;;;;;x
tgcnv_ww2_inv_portable_machine_guns;Portable Machine Guns;;;;;;;;;;;;;x
tgcnv_ww2_inv_portable_machine_guns_desc;Can be discovered from 1936 after researching Squad Automatic Weapons. Infantry defense +0.25, Guards defense +0.25. Base discovery chance 4%, +2 percentage points at literacy of 60% or higher, and +2 percentage points from 1938.;;;;;;;;;;;;;x
tgcnv_ww2_inv_shaped_charge_grenades;Shaped Charge Grenades;;;;;;;;;;;;;x
tgcnv_ww2_inv_shaped_charge_grenades_desc;Can be discovered from 1940 after researching Infantry Anti-Tank Equipment. Infantry defense +0.25, Guards defense +0.25. Base discovery chance 4%, +2 percentage points at literacy of 60% or higher, and +2 percentage points from 1942.;;;;;;;;;;;;;x
tgcnv_ww2_inv_antitank_teams;Antitank Teams;;;;;;;;;;;;;x
tgcnv_ww2_inv_antitank_teams_desc;Can be discovered from 1940 after researching Infantry Anti-Tank Equipment. Infantry organization +1. Base discovery chance 4%, +2 percentage points at literacy of 60% or higher, and +2 percentage points from 1942.;;;;;;;;;;;;;x
tgcnv_ww2_inv_intermediate_cartridges;Intermediate Cartridges;;;;;;;;;;;;;x
tgcnv_ww2_inv_intermediate_cartridges_desc;Can be discovered from 1943 after researching Intermediate-Cartridge Infantry Weapons. Ammunition output +1%. Base discovery chance 4%, +2 percentage points at literacy of 60% or higher, and +2 percentage points from 1945.;;;;;;;;;;;;;x
tgcnv_ww2_inv_assault_rifle_drills;Assault Rifle Drills;;;;;;;;;;;;;x
tgcnv_ww2_inv_assault_rifle_drills_desc;Can be discovered from 1943 after researching Intermediate-Cartridge Infantry Weapons. Infantry attack +0.25, Guards attack +0.25. Base discovery chance 4%, +2 percentage points at literacy of 60% or higher, and +2 percentage points from 1945.;;;;;;;;;;;;;x
tgcnv_ww2_inv_infantry_equipment_sets;Infantry Equipment Sets;;;;;;;;;;;;;x
tgcnv_ww2_inv_infantry_equipment_sets_desc;Can be discovered from 1945 after researching Integrated Infantry Equipment. Army supply consumption -0.5%. Base discovery chance 4%, +2 percentage points at literacy of 60% or higher, and +2 percentage points from 1947.;;;;;;;;;;;;;x
tgcnv_ww2_inv_platoon_weapons_coordination;Platoon Weapons Coordination;;;;;;;;;;;;;x
tgcnv_ww2_inv_platoon_weapons_coordination_desc;Can be discovered from 1945 after researching Integrated Infantry Equipment. Infantry organization +1, Guards organization +1. Base discovery chance 4%, +2 percentage points at literacy of 60% or higher, and +2 percentage points from 1947.;;;;;;;;;;;;;x
tgcnv_ww2_inv_artillery_survey_teams;Artillery Survey Teams;;;;;;;;;;;;;x
tgcnv_ww2_inv_artillery_survey_teams_desc;Can be discovered from 1930 after researching Modern Field Artillery. Artillery attack +0.25. Base discovery chance 4%, +2 percentage points at literacy of 60% or higher, and +2 percentage points from 1932.;;;;;;;;;;;;;x
tgcnv_ww2_inv_standard_shell_lots;Standard Shell Lots;;;;;;;;;;;;;x
tgcnv_ww2_inv_standard_shell_lots_desc;Can be discovered from 1930 after researching Modern Field Artillery. Ammunition output +1%. Base discovery chance 4%, +2 percentage points at literacy of 60% or higher, and +2 percentage points from 1932.;;;;;;;;;;;;;x
tgcnv_ww2_inv_tank_crew_intercom;Tank Crew Intercom;;;;;;;;;;;;;x
tgcnv_ww2_inv_tank_crew_intercom_desc;Can be discovered from 1936 after researching Medium Tank Design. Medium Tanks organization +1, Light Tanks organization +1, Heavy Tanks organization +1. Base discovery chance 4%, +2 percentage points at literacy of 60% or higher, and +2 percentage points from 1938.;;;;;;;;;;;;;x
tgcnv_ww2_inv_welded_tank_hulls;Welded Tank Hulls;;;;;;;;;;;;;x
tgcnv_ww2_inv_welded_tank_hulls_desc;Can be discovered from 1936 after researching Medium Tank Design. Tanks output +1%. Base discovery chance 4%, +2 percentage points at literacy of 60% or higher, and +2 percentage points from 1938.;;;;;;;;;;;;;x
tgcnv_ww2_inv_antitank_gun_positions;Antitank Gun Positions;;;;;;;;;;;;;x
tgcnv_ww2_inv_antitank_gun_positions_desc;Can be discovered from 1940 after researching Anti-Tank Artillery. Artillery defense +0.25. Base discovery chance 4%, +2 percentage points at literacy of 60% or higher, and +2 percentage points from 1942.;;;;;;;;;;;;;x
tgcnv_ww2_inv_armor_piercing_shot;Armor Piercing Shot;;;;;;;;;;;;;x
tgcnv_ww2_inv_armor_piercing_shot_desc;Can be discovered from 1940 after researching Anti-Tank Artillery. Artillery attack +0.25. Base discovery chance 4%, +2 percentage points at literacy of 60% or higher, and +2 percentage points from 1942.;;;;;;;;;;;;;x
tgcnv_ww2_inv_mobile_artillery_observers;Mobile Artillery Observers;;;;;;;;;;;;;x
tgcnv_ww2_inv_mobile_artillery_observers_desc;Can be discovered from 1943 after researching Self-Propelled Artillery Operations. Artillery support +0.05. Base discovery chance 4%, +2 percentage points at literacy of 60% or higher, and +2 percentage points from 1945.;;;;;;;;;;;;;x
tgcnv_ww2_inv_self_propelled_gun_maintenance;Self Propelled Gun Maintenance;;;;;;;;;;;;;x
tgcnv_ww2_inv_self_propelled_gun_maintenance_desc;Can be discovered from 1943 after researching Self-Propelled Artillery Operations. Artillery movement speed +0.1. Base discovery chance 4%, +2 percentage points at literacy of 60% or higher, and +2 percentage points from 1945.;;;;;;;;;;;;;x
tgcnv_ww2_inv_gun_stabilizer_servos;Gun Stabilizer Servos;;;;;;;;;;;;;x
tgcnv_ww2_inv_gun_stabilizer_servos_desc;Can be discovered from 1945 after researching Stabilized Fire Control. Medium Tanks attack +0.25, Light Tanks attack +0.25, Heavy Tanks attack +0.25. Base discovery chance 4%, +2 percentage points at literacy of 60% or higher, and +2 percentage points from 1947.;;;;;;;;;;;;;x
tgcnv_ww2_inv_ballistic_firing_tables;Ballistic Firing Tables;;;;;;;;;;;;;x
tgcnv_ww2_inv_ballistic_firing_tables_desc;Can be discovered from 1945 after researching Stabilized Fire Control. Artillery attack +0.25. Base discovery chance 4%, +2 percentage points at literacy of 60% or higher, and +2 percentage points from 1947.;;;;;;;;;;;;;x
tgcnv_ww2_inv_aircraft_inspection_depots;Aircraft Inspection Depots;;;;;;;;;;;;;x
tgcnv_ww2_inv_aircraft_inspection_depots_desc;Can be discovered from 1930 after researching Independent Air Force Organization. Aircraft output +1%. Base discovery chance 4%, +2 percentage points at literacy of 60% or higher, and +2 percentage points from 1932.;;;;;;;;;;;;;x
tgcnv_ww2_inv_aviation_instrument_standards;Aviation Instrument Standards;;;;;;;;;;;;;x
tgcnv_ww2_inv_aviation_instrument_standards_desc;Can be discovered from 1930 after researching Independent Air Force Organization. Electrical Gear output +1%. Base discovery chance 4%, +2 percentage points at literacy of 60% or higher, and +2 percentage points from 1932.;;;;;;;;;;;;;x
tgcnv_ww2_inv_stressed_skin_assembly;Stressed Skin Assembly;;;;;;;;;;;;;x
tgcnv_ww2_inv_stressed_skin_assembly_desc;Can be discovered from 1936 after researching All-Metal Monoplanes. Aircraft output +1%. Base discovery chance 4%, +2 percentage points at literacy of 60% or higher, and +2 percentage points from 1938.;;;;;;;;;;;;;x
tgcnv_ww2_inv_airframe_riveting_jigs;Airframe Riveting Jigs;;;;;;;;;;;;;x
tgcnv_ww2_inv_airframe_riveting_jigs_desc;Can be discovered from 1936 after researching All-Metal Monoplanes. Machine Parts output +1%. Base discovery chance 4%, +2 percentage points at literacy of 60% or higher, and +2 percentage points from 1938.;;;;;;;;;;;;;x
tgcnv_ww2_inv_radar_receiver_production;Radar Receiver Production;;;;;;;;;;;;;x
tgcnv_ww2_inv_radar_receiver_production_desc;Can be discovered from 1940 after researching Integrated Air Defense. Radio output +1%. Base discovery chance 4%, +2 percentage points at literacy of 60% or higher, and +2 percentage points from 1942.;;;;;;;;;;;;;x
tgcnv_ww2_inv_air_warning_switchboards;Air Warning Switchboards;;;;;;;;;;;;;x
tgcnv_ww2_inv_air_warning_switchboards_desc;Can be discovered from 1940 after researching Integrated Air Defense. Electrical Gear output +1%. Base discovery chance 4%, +2 percentage points at literacy of 60% or higher, and +2 percentage points from 1942.;;;;;;;;;;;;;x
tgcnv_ww2_inv_long_range_airframe_tooling;Long Range Airframe Tooling;;;;;;;;;;;;;x
tgcnv_ww2_inv_long_range_airframe_tooling_desc;Can be discovered from 1943 after researching Long-Range Air Operations. Aircraft output +1%. Base discovery chance 4%, +2 percentage points at literacy of 60% or higher, and +2 percentage points from 1945.;;;;;;;;;;;;;x
tgcnv_ww2_inv_air_navigation_radio_sets;Air Navigation Radio Sets;;;;;;;;;;;;;x
tgcnv_ww2_inv_air_navigation_radio_sets_desc;Can be discovered from 1943 after researching Long-Range Air Operations. Radio output +1%. Base discovery chance 4%, +2 percentage points at literacy of 60% or higher, and +2 percentage points from 1945.;;;;;;;;;;;;;x
tgcnv_ww2_inv_jet_engine_test_benches;Jet Engine Test Benches;;;;;;;;;;;;;x
tgcnv_ww2_inv_jet_engine_test_benches_desc;Can be discovered from 1945 after researching Jet Fighters. Aircraft output +2%. Base discovery chance 4%, +2 percentage points at literacy of 60% or higher, and +2 percentage points from 1947.;;;;;;;;;;;;;x
tgcnv_ww2_inv_turbine_blade_tooling;Turbine Blade Tooling;;;;;;;;;;;;;x
tgcnv_ww2_inv_turbine_blade_tooling_desc;Can be discovered from 1945 after researching Jet Fighters. Machine Parts output +1%. Base discovery chance 4%, +2 percentage points at literacy of 60% or higher, and +2 percentage points from 1947.;;;;;;;;;;;;;x
tgcnv_ww2_inv_field_radio_protocols;Field Radio Protocols;;;;;;;;;;;;;x
tgcnv_ww2_inv_field_radio_protocols_desc;Can be discovered from 1930 after researching Staff Radio Communications. Army organization +1. Base discovery chance 4%, +2 percentage points at literacy of 60% or higher, and +2 percentage points from 1932.;;;;;;;;;;;;;x
tgcnv_ww2_inv_portable_radio_lines;Portable Radio Lines;;;;;;;;;;;;;x
tgcnv_ww2_inv_portable_radio_lines_desc;Can be discovered from 1930 after researching Staff Radio Communications. Radio output +1%. Base discovery chance 4%, +2 percentage points at literacy of 60% or higher, and +2 percentage points from 1932.;;;;;;;;;;;;;x
tgcnv_ww2_inv_staff_map_exercises;Staff Map Exercises;;;;;;;;;;;;;x
tgcnv_ww2_inv_staff_map_exercises_desc;Can be discovered from 1936 after researching Operations Staff System. Training experience +1. Base discovery chance 4%, +2 percentage points at literacy of 60% or higher, and +2 percentage points from 1938.;;;;;;;;;;;;;x
tgcnv_ww2_inv_standard_operations_orders;Standard Operations Orders;;;;;;;;;;;;;x
tgcnv_ww2_inv_standard_operations_orders_desc;Can be discovered from 1936 after researching Operations Staff System. Army organization +1. Base discovery chance 4%, +2 percentage points at literacy of 60% or higher, and +2 percentage points from 1938.;;;;;;;;;;;;;x
tgcnv_ww2_inv_forward_liaison_officers;Forward Liaison Officers;;;;;;;;;;;;;x
tgcnv_ww2_inv_forward_liaison_officers_desc;Can be discovered from 1940 after researching Frontline Air Control. Army organization +1. Base discovery chance 4%, +2 percentage points at literacy of 60% or higher, and +2 percentage points from 1942.;;;;;;;;;;;;;x
tgcnv_ww2_inv_ground_signal_panels;Ground Signal Panels;;;;;;;;;;;;;x
tgcnv_ww2_inv_ground_signal_panels_desc;Can be discovered from 1940 after researching Frontline Air Control. Artillery support +0.05. Base discovery chance 4%, +2 percentage points at literacy of 60% or higher, and +2 percentage points from 1942.;;;;;;;;;;;;;x
tgcnv_ww2_inv_replacement_tracking;Replacement Tracking;;;;;;;;;;;;;x
tgcnv_ww2_inv_replacement_tracking_desc;Can be discovered from 1943 after researching Integrated Logistics Staff. Reinforcement rate +1%. Base discovery chance 4%, +2 percentage points at literacy of 60% or higher, and +2 percentage points from 1945.;;;;;;;;;;;;;x
tgcnv_ww2_inv_spares_inventory_cards;Spares Inventory Cards;;;;;;;;;;;;;x
tgcnv_ww2_inv_spares_inventory_cards_desc;Can be discovered from 1943 after researching Integrated Logistics Staff. Army supply consumption -0.5%. Base discovery chance 4%, +2 percentage points at literacy of 60% or higher, and +2 percentage points from 1945.;;;;;;;;;;;;;x
tgcnv_ww2_inv_joint_staff_colleges;Joint Staff Colleges;;;;;;;;;;;;;x
tgcnv_ww2_inv_joint_staff_colleges_desc;Can be discovered from 1945 after researching Unified Theater Command. Training experience +1. Base discovery chance 4%, +2 percentage points at literacy of 60% or higher, and +2 percentage points from 1947.;;;;;;;;;;;;;x
tgcnv_ww2_inv_theater_signal_centers;Theater Signal Centers;;;;;;;;;;;;;x
tgcnv_ww2_inv_theater_signal_centers_desc;Can be discovered from 1945 after researching Unified Theater Command. Army organization +1. Base discovery chance 4%, +2 percentage points at literacy of 60% or higher, and +2 percentage points from 1947.;;;;;;;;;;;;;x
tgcnv_ww2_inv_convoy_station_keeping;Convoy Station Keeping;;;;;;;;;;;;;x
tgcnv_ww2_inv_convoy_station_keeping_desc;Can be discovered from 1930 after researching Convoy Doctrine. Naval attrition -0.5%. Base discovery chance 4%, +2 percentage points at literacy of 60% or higher, and +2 percentage points from 1932.;;;;;;;;;;;;;x
tgcnv_ww2_inv_escort_rotation_plans;Escort Rotation Plans;;;;;;;;;;;;;x
tgcnv_ww2_inv_escort_rotation_plans_desc;Can be discovered from 1930 after researching Convoy Doctrine. Navy organization +1. Base discovery chance 4%, +2 percentage points at literacy of 60% or higher, and +2 percentage points from 1932.;;;;;;;;;;;;;x
tgcnv_ww2_inv_task_force_screens;Task Force Screens;;;;;;;;;;;;;x
tgcnv_ww2_inv_task_force_screens_desc;Can be discovered from 1936 after researching Task Force Operations. Navy organization +1. Base discovery chance 4%, +2 percentage points at literacy of 60% or higher, and +2 percentage points from 1938.;;;;;;;;;;;;;x
tgcnv_ww2_inv_fleet_rendezvous_drills;Fleet Rendezvous Drills;;;;;;;;;;;;;x
tgcnv_ww2_inv_fleet_rendezvous_drills_desc;Can be discovered from 1936 after researching Task Force Operations. Naval attrition -0.5%. Base discovery chance 4%, +2 percentage points at literacy of 60% or higher, and +2 percentage points from 1938.;;;;;;;;;;;;;x
tgcnv_ww2_inv_air_sea_liaison;Air Sea Liaison;;;;;;;;;;;;;x
tgcnv_ww2_inv_air_sea_liaison_desc;Can be discovered from 1940 after researching Naval-Air Cooperation Doctrine. Navy organization +1. Base discovery chance 4%, +2 percentage points at literacy of 60% or higher, and +2 percentage points from 1942.;;;;;;;;;;;;;x
tgcnv_ww2_inv_maritime_patrol_airframe_lines;Maritime Patrol Airframe Lines;;;;;;;;;;;;;x
tgcnv_ww2_inv_maritime_patrol_airframe_lines_desc;Can be discovered from 1940 after researching Naval-Air Cooperation Doctrine. Aircraft output +1%. Base discovery chance 4%, +2 percentage points at literacy of 60% or higher, and +2 percentage points from 1942.;;;;;;;;;;;;;x
tgcnv_ww2_inv_escort_search_patterns;Escort Search Patterns;;;;;;;;;;;;;x
tgcnv_ww2_inv_escort_search_patterns_desc;Can be discovered from 1943 after researching Integrated Anti-Submarine Warfare. Navy organization +1. Base discovery chance 4%, +2 percentage points at literacy of 60% or higher, and +2 percentage points from 1945.;;;;;;;;;;;;;x
tgcnv_ww2_inv_convoy_evasive_routes;Convoy Evasive Routes;;;;;;;;;;;;;x
tgcnv_ww2_inv_convoy_evasive_routes_desc;Can be discovered from 1943 after researching Integrated Anti-Submarine Warfare. Naval attrition -0.5%. Base discovery chance 4%, +2 percentage points at literacy of 60% or higher, and +2 percentage points from 1945.;;;;;;;;;;;;;x
tgcnv_ww2_inv_landing_wave_timetables;Landing Wave Timetables;;;;;;;;;;;;;x
tgcnv_ww2_inv_landing_wave_timetables_desc;Can be discovered from 1945 after researching Joint Amphibious Doctrine. Navy organization +1. Base discovery chance 4%, +2 percentage points at literacy of 60% or higher, and +2 percentage points from 1947.;;;;;;;;;;;;;x
tgcnv_ww2_inv_landing_transport_fittings;Landing Transport Fittings;;;;;;;;;;;;;x
tgcnv_ww2_inv_landing_transport_fittings_desc;Can be discovered from 1945 after researching Joint Amphibious Doctrine. Steam Transports hull +0.1. Base discovery chance 4%, +2 percentage points at literacy of 60% or higher, and +2 percentage points from 1947.;;;;;;;;;;;;;x
tgcnv_ww2_inv_shipyard_welding_jigs;Shipyard Welding Jigs;;;;;;;;;;;;;x
tgcnv_ww2_inv_shipyard_welding_jigs_desc;Can be discovered from 1930 after researching Welded Hulls. Steamships output +1%. Base discovery chance 4%, +2 percentage points at literacy of 60% or higher, and +2 percentage points from 1932.;;;;;;;;;;;;;x
tgcnv_ww2_inv_welded_bulkheads;Welded Bulkheads;;;;;;;;;;;;;x
tgcnv_ww2_inv_welded_bulkheads_desc;Can be discovered from 1930 after researching Welded Hulls. Navy hull +0.05. Base discovery chance 4%, +2 percentage points at literacy of 60% or higher, and +2 percentage points from 1932.;;;;;;;;;;;;;x
tgcnv_ww2_inv_cruiser_compartmentation;Cruiser Compartmentation;;;;;;;;;;;;;x
tgcnv_ww2_inv_cruiser_compartmentation_desc;Can be discovered from 1936 after researching Modern Cruiser Design. Cruisers hull +0.1. Base discovery chance 4%, +2 percentage points at literacy of 60% or higher, and +2 percentage points from 1938.;;;;;;;;;;;;;x
tgcnv_ww2_inv_cruiser_mount_standardization;Cruiser Mount Standardization;;;;;;;;;;;;;x
tgcnv_ww2_inv_cruiser_mount_standardization_desc;Can be discovered from 1936 after researching Modern Cruiser Design. Cruisers gun power +0.1. Base discovery chance 4%, +2 percentage points at literacy of 60% or higher, and +2 percentage points from 1938.;;;;;;;;;;;;;x
tgcnv_ww2_inv_capital_ship_bulkheads;Capital Ship Bulkheads;;;;;;;;;;;;;x
tgcnv_ww2_inv_capital_ship_bulkheads_desc;Can be discovered from 1940 after researching Improved Capital Ship Design. Battleships hull +0.1, Dreadnoughts hull +0.1. Base discovery chance 4%, +2 percentage points at literacy of 60% or higher, and +2 percentage points from 1942.;;;;;;;;;;;;;x
tgcnv_ww2_inv_capital_ship_damage_zones;Capital Ship Damage Zones;;;;;;;;;;;;;x
tgcnv_ww2_inv_capital_ship_damage_zones_desc;Can be discovered from 1940 after researching Improved Capital Ship Design. Battleships organization +1, Dreadnoughts organization +1. Base discovery chance 4%, +2 percentage points at literacy of 60% or higher, and +2 percentage points from 1942.;;;;;;;;;;;;;x
tgcnv_ww2_inv_prefabricated_hull_sections;Prefabricated Hull Sections;;;;;;;;;;;;;x
tgcnv_ww2_inv_prefabricated_hull_sections_desc;Can be discovered from 1943 after researching Modular Shipbuilding. Navy construction time -1 days. Base discovery chance 4%, +2 percentage points at literacy of 60% or higher, and +2 percentage points from 1945.;;;;;;;;;;;;;x
tgcnv_ww2_inv_shipyard_workflow_scheduling;Shipyard Workflow Scheduling;;;;;;;;;;;;;x
tgcnv_ww2_inv_shipyard_workflow_scheduling_desc;Can be discovered from 1943 after researching Modular Shipbuilding. Steamships output +1%. Base discovery chance 4%, +2 percentage points at literacy of 60% or higher, and +2 percentage points from 1945.;;;;;;;;;;;;;x
tgcnv_ww2_inv_splinter_protection;Splinter Protection;;;;;;;;;;;;;x
tgcnv_ww2_inv_splinter_protection_desc;Can be discovered from 1945 after researching Ship Survivability Design. Navy hull +0.05. Base discovery chance 4%, +2 percentage points at literacy of 60% or higher, and +2 percentage points from 1947.;;;;;;;;;;;;;x
tgcnv_ww2_inv_redundant_ship_services;Redundant Ship Services;;;;;;;;;;;;;x
tgcnv_ww2_inv_redundant_ship_services_desc;Can be discovered from 1945 after researching Ship Survivability Design. Navy organization +1. Base discovery chance 4%, +2 percentage points at literacy of 60% or higher, and +2 percentage points from 1947.;;;;;;;;;;;;;x
tgcnv_ww2_inv_damage_control_parties;Damage Control Parties;;;;;;;;;;;;;x
tgcnv_ww2_inv_damage_control_parties_desc;Can be discovered from 1930 after researching Shipboard Damage Control. Navy hull +0.05. Base discovery chance 4%, +2 percentage points at literacy of 60% or higher, and +2 percentage points from 1932.;;;;;;;;;;;;;x
tgcnv_ww2_inv_portable_ship_pumps;Portable Ship Pumps;;;;;;;;;;;;;x
tgcnv_ww2_inv_portable_ship_pumps_desc;Can be discovered from 1930 after researching Shipboard Damage Control. Naval attrition -0.5%. Base discovery chance 4%, +2 percentage points at literacy of 60% or higher, and +2 percentage points from 1932.;;;;;;;;;;;;;x
tgcnv_ww2_inv_boiler_feed_controls;Boiler Feed Controls;;;;;;;;;;;;;x
tgcnv_ww2_inv_boiler_feed_controls_desc;Can be discovered from 1936 after researching High-Pressure Steam Engines. Navy supply consumption -0.5%. Base discovery chance 4%, +2 percentage points at literacy of 60% or higher, and +2 percentage points from 1938.;;;;;;;;;;;;;x
tgcnv_ww2_inv_high_pressure_steam_seals;High Pressure Steam Seals;;;;;;;;;;;;;x
tgcnv_ww2_inv_high_pressure_steam_seals_desc;Can be discovered from 1936 after researching High-Pressure Steam Engines. Cruisers movement speed +0.1, Dreadnoughts movement speed +0.1. Base discovery chance 4%, +2 percentage points at literacy of 60% or higher, and +2 percentage points from 1938.;;;;;;;;;;;;;x
tgcnv_ww2_inv_propeller_pitch_trials;Propeller Pitch Trials;;;;;;;;;;;;;x
tgcnv_ww2_inv_propeller_pitch_trials_desc;Can be discovered from 1940 after researching Improved Ship Propulsion. Navy movement speed +0.1. Base discovery chance 4%, +2 percentage points at literacy of 60% or higher, and +2 percentage points from 1942.;;;;;;;;;;;;;x
tgcnv_ww2_inv_engine_room_economizers;Engine Room Economizers;;;;;;;;;;;;;x
tgcnv_ww2_inv_engine_room_economizers_desc;Can be discovered from 1940 after researching Improved Ship Propulsion. Navy supply consumption -0.5%. Base discovery chance 4%, +2 percentage points at literacy of 60% or higher, and +2 percentage points from 1942.;;;;;;;;;;;;;x
tgcnv_ww2_inv_automatic_fire_mains;Automatic Fire Mains;;;;;;;;;;;;;x
tgcnv_ww2_inv_automatic_fire_mains_desc;Can be discovered from 1943 after researching Automatic Fire Suppression. Navy hull +0.05. Base discovery chance 4%, +2 percentage points at literacy of 60% or higher, and +2 percentage points from 1945.;;;;;;;;;;;;;x
tgcnv_ww2_inv_magazine_safety_systems;Magazine Safety Systems;;;;;;;;;;;;;x
tgcnv_ww2_inv_magazine_safety_systems_desc;Can be discovered from 1943 after researching Automatic Fire Suppression. Navy organization +1. Base discovery chance 4%, +2 percentage points at literacy of 60% or higher, and +2 percentage points from 1945.;;;;;;;;;;;;;x
tgcnv_ww2_inv_integrated_repair_stations;Integrated Repair Stations;;;;;;;;;;;;;x
tgcnv_ww2_inv_integrated_repair_stations_desc;Can be discovered from 1945 after researching Integrated Damage Repair. Navy hull +0.05. Base discovery chance 4%, +2 percentage points at literacy of 60% or higher, and +2 percentage points from 1947.;;;;;;;;;;;;;x
tgcnv_ww2_inv_fleet_repair_workshops;Fleet Repair Workshops;;;;;;;;;;;;;x
tgcnv_ww2_inv_fleet_repair_workshops_desc;Can be discovered from 1945 after researching Integrated Damage Repair. Naval attrition -0.5%. Base discovery chance 4%, +2 percentage points at literacy of 60% or higher, and +2 percentage points from 1947.;;;;;;;;;;;;;x
tgcnv_ww2_inv_direction_finder_calibration;Direction Finder Calibration;;;;;;;;;;;;;x
tgcnv_ww2_inv_direction_finder_calibration_desc;Can be discovered from 1930 after researching Radio Direction Finding. Navy organization +1. Base discovery chance 4%, +2 percentage points at literacy of 60% or higher, and +2 percentage points from 1932.;;;;;;;;;;;;;x
tgcnv_ww2_inv_maritime_radio_beacons;Maritime Radio Beacons;;;;;;;;;;;;;x
tgcnv_ww2_inv_maritime_radio_beacons_desc;Can be discovered from 1930 after researching Radio Direction Finding. Supply range +2%. Base discovery chance 4%, +2 percentage points at literacy of 60% or higher, and +2 percentage points from 1932.;;;;;;;;;;;;;x
tgcnv_ww2_inv_sonar_operator_training;Sonar Operator Training;;;;;;;;;;;;;x
tgcnv_ww2_inv_sonar_operator_training_desc;Can be discovered from 1936 after researching Improved Sonar. Navy organization +1. Base discovery chance 4%, +2 percentage points at literacy of 60% or higher, and +2 percentage points from 1938.;;;;;;;;;;;;;x
tgcnv_ww2_inv_sonar_transducer_production;Sonar Transducer Production;;;;;;;;;;;;;x
tgcnv_ww2_inv_sonar_transducer_production_desc;Can be discovered from 1936 after researching Improved Sonar. Electrical Gear output +1%. Base discovery chance 4%, +2 percentage points at literacy of 60% or higher, and +2 percentage points from 1938.;;;;;;;;;;;;;x
tgcnv_ww2_inv_radar_range_tables;Radar Range Tables;;;;;;;;;;;;;x
tgcnv_ww2_inv_radar_range_tables_desc;Can be discovered from 1940 after researching Radar Fire Control. Navy gun power +0.05. Base discovery chance 4%, +2 percentage points at literacy of 60% or higher, and +2 percentage points from 1942.;;;;;;;;;;;;;x
tgcnv_ww2_inv_naval_radar_workshops;Naval Radar Workshops;;;;;;;;;;;;;x
tgcnv_ww2_inv_naval_radar_workshops_desc;Can be discovered from 1940 after researching Radar Fire Control. Radio output +1%. Base discovery chance 4%, +2 percentage points at literacy of 60% or higher, and +2 percentage points from 1942.;;;;;;;;;;;;;x
tgcnv_ww2_inv_fleet_air_warning_plots;Fleet Air Warning Plots;;;;;;;;;;;;;x
tgcnv_ww2_inv_fleet_air_warning_plots_desc;Can be discovered from 1943 after researching Fleet Air Defense Control. Navy organization +1. Base discovery chance 4%, +2 percentage points at literacy of 60% or higher, and +2 percentage points from 1945.;;;;;;;;;;;;;x
tgcnv_ww2_inv_central_aa_directors;Central AA Directors;;;;;;;;;;;;;x
tgcnv_ww2_inv_central_aa_directors_desc;Can be discovered from 1943 after researching Fleet Air Defense Control. Navy gun power +0.05. Base discovery chance 4%, +2 percentage points at literacy of 60% or higher, and +2 percentage points from 1945.;;;;;;;;;;;;;x
tgcnv_ww2_inv_miniature_fuze_circuits;Miniature Fuze Circuits;;;;;;;;;;;;;x
tgcnv_ww2_inv_miniature_fuze_circuits_desc;Can be discovered from 1945 after researching Proximity-Fuzed Shells. Electrical Gear output +1%. Base discovery chance 4%, +2 percentage points at literacy of 60% or higher, and +2 percentage points from 1947.;;;;;;;;;;;;;x
tgcnv_ww2_inv_proximity_shell_handling;Proximity Shell Handling;;;;;;;;;;;;;x
tgcnv_ww2_inv_proximity_shell_handling_desc;Can be discovered from 1945 after researching Proximity-Fuzed Shells. Navy gun power +0.05. Base discovery chance 4%, +2 percentage points at literacy of 60% or higher, and +2 percentage points from 1947.;;;;;;;;;;;;;x
tgcnv_ww2_inv_convoy_route_charts;Convoy Route Charts;;;;;;;;;;;;;x
tgcnv_ww2_inv_convoy_route_charts_desc;Can be discovered from 1930 after researching Convoy Route Planning. Naval attrition -0.5%. Base discovery chance 4%, +2 percentage points at literacy of 60% or higher, and +2 percentage points from 1932.;;;;;;;;;;;;;x
tgcnv_ww2_inv_merchant_navy_liaison;Merchant Navy Liaison;;;;;;;;;;;;;x
tgcnv_ww2_inv_merchant_navy_liaison_desc;Can be discovered from 1930 after researching Convoy Route Planning. Navy organization +1. Base discovery chance 4%, +2 percentage points at literacy of 60% or higher, and +2 percentage points from 1932.;;;;;;;;;;;;;x
tgcnv_ww2_inv_gunnery_plotting_rooms;Gunnery Plotting Rooms;;;;;;;;;;;;;x
tgcnv_ww2_inv_gunnery_plotting_rooms_desc;Can be discovered from 1936 after researching Central Fire Direction. Navy gun power +0.05. Base discovery chance 4%, +2 percentage points at literacy of 60% or higher, and +2 percentage points from 1938.;;;;;;;;;;;;;x
tgcnv_ww2_inv_salvo_coordination;Salvo Coordination;;;;;;;;;;;;;x
tgcnv_ww2_inv_salvo_coordination_desc;Can be discovered from 1936 after researching Central Fire Direction. Navy organization +1. Base discovery chance 4%, +2 percentage points at literacy of 60% or higher, and +2 percentage points from 1938.;;;;;;;;;;;;;x
tgcnv_ww2_inv_fleet_signal_books;Fleet Signal Books;;;;;;;;;;;;;x
tgcnv_ww2_inv_fleet_signal_books_desc;Can be discovered from 1940 after researching Fleet Communication Protocols. Navy organization +1. Base discovery chance 4%, +2 percentage points at literacy of 60% or higher, and +2 percentage points from 1942.;;;;;;;;;;;;;x
tgcnv_ww2_inv_radio_silence_drills;Radio Silence Drills;;;;;;;;;;;;;x
tgcnv_ww2_inv_radio_silence_drills_desc;Can be discovered from 1940 after researching Fleet Communication Protocols. Naval attrition -0.5%. Base discovery chance 4%, +2 percentage points at literacy of 60% or higher, and +2 percentage points from 1942.;;;;;;;;;;;;;x
tgcnv_ww2_inv_battle_damage_exercises;Battle Damage Exercises;;;;;;;;;;;;;x
tgcnv_ww2_inv_battle_damage_exercises_desc;Can be discovered from 1943 after researching Battle Damage Training. Navy hull +0.05. Base discovery chance 4%, +2 percentage points at literacy of 60% or higher, and +2 percentage points from 1945.;;;;;;;;;;;;;x
tgcnv_ww2_inv_emergency_command_succession;Emergency Command Succession;;;;;;;;;;;;;x
tgcnv_ww2_inv_emergency_command_succession_desc;Can be discovered from 1943 after researching Battle Damage Training. Navy organization +1. Base discovery chance 4%, +2 percentage points at literacy of 60% or higher, and +2 percentage points from 1945.;;;;;;;;;;;;;x
tgcnv_ww2_inv_joint_naval_staff_course;Joint Naval Staff Course;;;;;;;;;;;;;x
tgcnv_ww2_inv_joint_naval_staff_course_desc;Can be discovered from 1945 after researching Joint Naval Staff. Navy organization +1. Base discovery chance 4%, +2 percentage points at literacy of 60% or higher, and +2 percentage points from 1947.;;;;;;;;;;;;;x
tgcnv_ww2_inv_allied_fleet_procedures;Allied Fleet Procedures;;;;;;;;;;;;;x
tgcnv_ww2_inv_allied_fleet_procedures_desc;Can be discovered from 1945 after researching Joint Naval Staff. Navy gun power +0.05. Base discovery chance 4%, +2 percentage points at literacy of 60% or higher, and +2 percentage points from 1947.;;;;;;;;;;;;;x
tgcnv_ww2_inv_fuel_injection_pumps;Fuel Injection Pumps;;;;;;;;;;;;;x
tgcnv_ww2_inv_fuel_injection_pumps_desc;Can be discovered from 1930 after researching High-Power Internal Combustion Engines. Automobiles output +1%. Base discovery chance 4%, +2 percentage points at literacy of 60% or higher, and +2 percentage points from 1932.;;;;;;;;;;;;;x
tgcnv_ww2_inv_engine_dynamometer_testing;Engine Dynamometer Testing;;;;;;;;;;;;;x
tgcnv_ww2_inv_engine_dynamometer_testing_desc;Can be discovered from 1930 after researching High-Power Internal Combustion Engines. Machine Parts output +1%. Base discovery chance 4%, +2 percentage points at literacy of 60% or higher, and +2 percentage points from 1932.;;;;;;;;;;;;;x
tgcnv_ww2_inv_catalytic_fuel_processing;Catalytic Fuel Processing;;;;;;;;;;;;;x
tgcnv_ww2_inv_catalytic_fuel_processing_desc;Can be discovered from 1936 after researching High-Octane Fuel. Fuel output +1%. Base discovery chance 4%, +2 percentage points at literacy of 60% or higher, and +2 percentage points from 1938.;;;;;;;;;;;;;x
tgcnv_ww2_inv_aviation_fuel_quality_tests;Aviation Fuel Quality Tests;;;;;;;;;;;;;x
tgcnv_ww2_inv_aviation_fuel_quality_tests_desc;Can be discovered from 1936 after researching High-Octane Fuel. Aircraft factory input -0.5%. Base discovery chance 4%, +2 percentage points at literacy of 60% or higher, and +2 percentage points from 1938.;;;;;;;;;;;;;x
tgcnv_ww2_inv_turbine_governors;Turbine Governors;;;;;;;;;;;;;x
tgcnv_ww2_inv_turbine_governors_desc;Can be discovered from 1940 after researching Improved Industrial Turbines. Factory throughput +0.5%. Base discovery chance 4%, +2 percentage points at literacy of 60% or higher, and +2 percentage points from 1942.;;;;;;;;;;;;;x
tgcnv_ww2_inv_industrial_heat_recovery;Industrial Heat Recovery;;;;;;;;;;;;;x
tgcnv_ww2_inv_industrial_heat_recovery_desc;Can be discovered from 1940 after researching Improved Industrial Turbines. Factory input -0.2%. Base discovery chance 4%, +2 percentage points at literacy of 60% or higher, and +2 percentage points from 1942.;;;;;;;;;;;;;x
tgcnv_ww2_inv_gas_turbine_compressors;Gas Turbine Compressors;;;;;;;;;;;;;x
tgcnv_ww2_inv_gas_turbine_compressors_desc;Can be discovered from 1943 after researching Gas Turbine Production. Aircraft output +1%. Base discovery chance 4%, +2 percentage points at literacy of 60% or higher, and +2 percentage points from 1945.;;;;;;;;;;;;;x
tgcnv_ww2_inv_turbine_balancing_machines;Turbine Balancing Machines;;;;;;;;;;;;;x
tgcnv_ww2_inv_turbine_balancing_machines_desc;Can be discovered from 1943 after researching Gas Turbine Production. Machine Parts output +1%. Base discovery chance 4%, +2 percentage points at literacy of 60% or higher, and +2 percentage points from 1945.;;;;;;;;;;;;;x
tgcnv_ww2_inv_regional_load_dispatch;Regional Load Dispatch;;;;;;;;;;;;;x
tgcnv_ww2_inv_regional_load_dispatch_desc;Can be discovered from 1945 after researching Regional Power Grids. Factory throughput +0.5%. Base discovery chance 4%, +2 percentage points at literacy of 60% or higher, and +2 percentage points from 1947.;;;;;;;;;;;;;x
tgcnv_ww2_inv_grid_protection_relays;Grid Protection Relays;;;;;;;;;;;;;x
tgcnv_ww2_inv_grid_protection_relays_desc;Can be discovered from 1945 after researching Regional Power Grids. Electrical Gear output +1%. Base discovery chance 4%, +2 percentage points at literacy of 60% or higher, and +2 percentage points from 1947.;;;;;;;;;;;;;x
tgcnv_ww2_inv_precision_gauges;Precision Gauges;;;;;;;;;;;;;x
tgcnv_ww2_inv_precision_gauges_desc;Can be discovered from 1930 after researching Precision Machine Tools. Machine Parts output +1%. Base discovery chance 4%, +2 percentage points at literacy of 60% or higher, and +2 percentage points from 1932.;;;;;;;;;;;;;x
tgcnv_ww2_inv_hardened_cutting_tools;Hardened Cutting Tools;;;;;;;;;;;;;x
tgcnv_ww2_inv_hardened_cutting_tools_desc;Can be discovered from 1930 after researching Precision Machine Tools. Factory input -0.2%. Base discovery chance 4%, +2 percentage points at literacy of 60% or higher, and +2 percentage points from 1932.;;;;;;;;;;;;;x
tgcnv_ww2_inv_weapons_transfer_lines;Weapons Transfer Lines;;;;;;;;;;;;;x
tgcnv_ww2_inv_weapons_transfer_lines_desc;Can be discovered from 1936 after researching Mass Armaments Production. Small Arms output +1%. Base discovery chance 4%, +2 percentage points at literacy of 60% or higher, and +2 percentage points from 1938.;;;;;;;;;;;;;x
tgcnv_ww2_inv_artillery_assembly_fixtures;Artillery Assembly Fixtures;;;;;;;;;;;;;x
tgcnv_ww2_inv_artillery_assembly_fixtures_desc;Can be discovered from 1936 after researching Mass Armaments Production. Artillery output +1%. Base discovery chance 4%, +2 percentage points at literacy of 60% or higher, and +2 percentage points from 1938.;;;;;;;;;;;;;x
tgcnv_ww2_inv_process_control_charts;Process Control Charts;;;;;;;;;;;;;x
tgcnv_ww2_inv_process_control_charts_desc;Can be discovered from 1940 after researching Statistical Quality Control. Factory input -0.2%. Base discovery chance 4%, +2 percentage points at literacy of 60% or higher, and +2 percentage points from 1942.;;;;;;;;;;;;;x
tgcnv_ww2_inv_acceptance_sampling;Acceptance Sampling;;;;;;;;;;;;;x
tgcnv_ww2_inv_acceptance_sampling_desc;Can be discovered from 1940 after researching Statistical Quality Control. Factory output +0.5%. Base discovery chance 4%, +2 percentage points at literacy of 60% or higher, and +2 percentage points from 1942.;;;;;;;;;;;;;x
tgcnv_ww2_inv_interchangeable_airframe_parts;Interchangeable Airframe Parts;;;;;;;;;;;;;x
tgcnv_ww2_inv_interchangeable_airframe_parts_desc;Can be discovered from 1943 after researching Interchangeable Airframe Production. Aircraft output +1%. Base discovery chance 4%, +2 percentage points at literacy of 60% or higher, and +2 percentage points from 1945.;;;;;;;;;;;;;x
tgcnv_ww2_inv_aircraft_subassembly_lines;Aircraft Subassembly Lines;;;;;;;;;;;;;x
tgcnv_ww2_inv_aircraft_subassembly_lines_desc;Can be discovered from 1943 after researching Interchangeable Airframe Production. Aircraft factory input -0.5%. Base discovery chance 4%, +2 percentage points at literacy of 60% or higher, and +2 percentage points from 1945.;;;;;;;;;;;;;x
tgcnv_ww2_inv_feedback_process_controllers;Feedback Process Controllers;;;;;;;;;;;;;x
tgcnv_ww2_inv_feedback_process_controllers_desc;Can be discovered from 1945 after researching Automatic Process Control. Factory throughput +0.5%. Base discovery chance 4%, +2 percentage points at literacy of 60% or higher, and +2 percentage points from 1947.;;;;;;;;;;;;;x
tgcnv_ww2_inv_automatic_machine_feeds;Automatic Machine Feeds;;;;;;;;;;;;;x
tgcnv_ww2_inv_automatic_machine_feeds_desc;Can be discovered from 1945 after researching Automatic Process Control. Machine Parts output +1%. Base discovery chance 4%, +2 percentage points at literacy of 60% or higher, and +2 percentage points from 1947.;;;;;;;;;;;;;x
tgcnv_ww2_inv_light_alloy_heat_treatment;Light Alloy Heat Treatment;;;;;;;;;;;;;x
tgcnv_ww2_inv_light_alloy_heat_treatment_desc;Can be discovered from 1930 after researching Light Alloys. Aircraft output +1%. Base discovery chance 4%, +2 percentage points at literacy of 60% or higher, and +2 percentage points from 1932.;;;;;;;;;;;;;x
tgcnv_ww2_inv_alloy_material_recovery;Alloy Material Recovery;;;;;;;;;;;;;x
tgcnv_ww2_inv_alloy_material_recovery_desc;Can be discovered from 1930 after researching Light Alloys. Aircraft factory input -0.5%. Base discovery chance 4%, +2 percentage points at literacy of 60% or higher, and +2 percentage points from 1932.;;;;;;;;;;;;;x
tgcnv_ww2_inv_armor_plate_heat_treatment;Armor Plate Heat Treatment;;;;;;;;;;;;;x
tgcnv_ww2_inv_armor_plate_heat_treatment_desc;Can be discovered from 1936 after researching Rolled Homogeneous Armor. Steel output +1%. Base discovery chance 4%, +2 percentage points at literacy of 60% or higher, and +2 percentage points from 1938.;;;;;;;;;;;;;x
tgcnv_ww2_inv_armor_plate_inspection;Armor Plate Inspection;;;;;;;;;;;;;x
tgcnv_ww2_inv_armor_plate_inspection_desc;Can be discovered from 1936 after researching Rolled Homogeneous Armor. Tanks output +1%. Base discovery chance 4%, +2 percentage points at literacy of 60% or higher, and +2 percentage points from 1938.;;;;;;;;;;;;;x
tgcnv_ww2_inv_creep_resistant_alloys;Creep Resistant Alloys;;;;;;;;;;;;;x
tgcnv_ww2_inv_creep_resistant_alloys_desc;Can be discovered from 1940 after researching Heat-Resistant Alloys. Steel output +1%. Base discovery chance 4%, +2 percentage points at literacy of 60% or higher, and +2 percentage points from 1942.;;;;;;;;;;;;;x
tgcnv_ww2_inv_alloy_batch_control;Alloy Batch Control;;;;;;;;;;;;;x
tgcnv_ww2_inv_alloy_batch_control_desc;Can be discovered from 1940 after researching Heat-Resistant Alloys. Steel factory input -0.5%. Base discovery chance 4%, +2 percentage points at literacy of 60% or higher, and +2 percentage points from 1942.;;;;;;;;;;;;;x
tgcnv_ww2_inv_investment_casting_molds;Investment Casting Molds;;;;;;;;;;;;;x
tgcnv_ww2_inv_investment_casting_molds_desc;Can be discovered from 1943 after researching Precision Casting. Machine Parts output +1%. Base discovery chance 4%, +2 percentage points at literacy of 60% or higher, and +2 percentage points from 1945.;;;;;;;;;;;;;x
tgcnv_ww2_inv_casting_defect_inspection;Casting Defect Inspection;;;;;;;;;;;;;x
tgcnv_ww2_inv_casting_defect_inspection_desc;Can be discovered from 1943 after researching Precision Casting. Machine Parts factory input -0.5%. Base discovery chance 4%, +2 percentage points at literacy of 60% or higher, and +2 percentage points from 1945.;;;;;;;;;;;;;x
tgcnv_ww2_inv_carbide_tool_inserts;Carbide Tool Inserts;;;;;;;;;;;;;x
tgcnv_ww2_inv_carbide_tool_inserts_desc;Can be discovered from 1945 after researching High-Performance Cutting Alloys. Machine Parts output +1%. Base discovery chance 4%, +2 percentage points at literacy of 60% or higher, and +2 percentage points from 1947.;;;;;;;;;;;;;x
tgcnv_ww2_inv_high_speed_cutting_practice;High Speed Cutting Practice;;;;;;;;;;;;;x
tgcnv_ww2_inv_high_speed_cutting_practice_desc;Can be discovered from 1945 after researching High-Performance Cutting Alloys. Factory throughput +0.5%. Base discovery chance 4%, +2 percentage points at literacy of 60% or higher, and +2 percentage points from 1947.;;;;;;;;;;;;;x
tgcnv_ww2_inv_airfield_drainage;Airfield Drainage;;;;;;;;;;;;;x
tgcnv_ww2_inv_airfield_drainage_desc;Can be discovered from 1930 after researching Modern Military Airfields. Supply limit +1%. Base discovery chance 4%, +2 percentage points at literacy of 60% or higher, and +2 percentage points from 1932.;;;;;;;;;;;;;x
tgcnv_ww2_inv_airfield_service_roads;Airfield Service Roads;;;;;;;;;;;;;x
tgcnv_ww2_inv_airfield_service_roads_desc;Can be discovered from 1930 after researching Modern Military Airfields. Land attrition -0.5%. Base discovery chance 4%, +2 percentage points at literacy of 60% or higher, and +2 percentage points from 1932.;;;;;;;;;;;;;x
tgcnv_ww2_inv_truck_dispatch_centers;Truck Dispatch Centers;;;;;;;;;;;;;x
tgcnv_ww2_inv_truck_dispatch_centers_desc;Can be discovered from 1936 after researching Motorized Supply Networks. Supply limit +1%. Base discovery chance 4%, +2 percentage points at literacy of 60% or higher, and +2 percentage points from 1938.;;;;;;;;;;;;;x
tgcnv_ww2_inv_standard_cargo_packing;Standard Cargo Packing;;;;;;;;;;;;;x
tgcnv_ww2_inv_standard_cargo_packing_desc;Can be discovered from 1936 after researching Motorized Supply Networks. Army supply consumption -0.5%. Base discovery chance 4%, +2 percentage points at literacy of 60% or higher, and +2 percentage points from 1938.;;;;;;;;;;;;;x
tgcnv_ww2_inv_mobile_repair_shops;Mobile Repair Shops;;;;;;;;;;;;;x
tgcnv_ww2_inv_mobile_repair_shops_desc;Can be discovered from 1940 after researching Forward Maintenance Systems. Reinforcement rate +0.5%. Base discovery chance 4%, +2 percentage points at literacy of 60% or higher, and +2 percentage points from 1942.;;;;;;;;;;;;;x
tgcnv_ww2_inv_forward_spares_depots;Forward Spares Depots;;;;;;;;;;;;;x
tgcnv_ww2_inv_forward_spares_depots_desc;Can be discovered from 1940 after researching Forward Maintenance Systems. Land attrition -0.5%. Base discovery chance 4%, +2 percentage points at literacy of 60% or higher, and +2 percentage points from 1942.;;;;;;;;;;;;;x
tgcnv_ww2_inv_air_cargo_handling;Air Cargo Handling;;;;;;;;;;;;;x
tgcnv_ww2_inv_air_cargo_handling_desc;Can be discovered from 1943 after researching Air Transport Networks. Supply limit +1%. Base discovery chance 4%, +2 percentage points at literacy of 60% or higher, and +2 percentage points from 1945.;;;;;;;;;;;;;x
tgcnv_ww2_inv_transport_aircraft_servicing;Transport Aircraft Servicing;;;;;;;;;;;;;x
tgcnv_ww2_inv_transport_aircraft_servicing_desc;Can be discovered from 1943 after researching Air Transport Networks. Aircraft output +1%. Base discovery chance 4%, +2 percentage points at literacy of 60% or higher, and +2 percentage points from 1945.;;;;;;;;;;;;;x
tgcnv_ww2_inv_multimodal_supply_depots;Multimodal Supply Depots;;;;;;;;;;;;;x
tgcnv_ww2_inv_multimodal_supply_depots_desc;Can be discovered from 1945 after researching Integrated Logistics Hubs. Supply limit +2%. Base discovery chance 4%, +2 percentage points at literacy of 60% or higher, and +2 percentage points from 1947.;;;;;;;;;;;;;x
tgcnv_ww2_inv_central_repair_allocation;Central Repair Allocation;;;;;;;;;;;;;x
tgcnv_ww2_inv_central_repair_allocation_desc;Can be discovered from 1945 after researching Integrated Logistics Hubs. Reinforcement rate +0.5%. Base discovery chance 4%, +2 percentage points at literacy of 60% or higher, and +2 percentage points from 1947.;;;;;;;;;;;;;x
tgcnv_ww2_inv_industrial_vacuum_tubes;Industrial Vacuum Tubes;;;;;;;;;;;;;x
tgcnv_ww2_inv_industrial_vacuum_tubes_desc;Can be discovered from 1930 after researching Industrial Electronics. Electrical Gear output +1%. Base discovery chance 4%, +2 percentage points at literacy of 60% or higher, and +2 percentage points from 1932.;;;;;;;;;;;;;x
tgcnv_ww2_inv_electronic_component_testing;Electronic Component Testing;;;;;;;;;;;;;x
tgcnv_ww2_inv_electronic_component_testing_desc;Can be discovered from 1930 after researching Industrial Electronics. Radio output +1%. Base discovery chance 4%, +2 percentage points at literacy of 60% or higher, and +2 percentage points from 1932.;;;;;;;;;;;;;x
tgcnv_ww2_inv_fuel_hydrogenation_catalysts;Fuel Hydrogenation Catalysts;;;;;;;;;;;;;x
tgcnv_ww2_inv_fuel_hydrogenation_catalysts_desc;Can be discovered from 1936 after researching Synthetic Fuel. Fuel output +1%. Base discovery chance 4%, +2 percentage points at literacy of 60% or higher, and +2 percentage points from 1938.;;;;;;;;;;;;;x
tgcnv_ww2_inv_synthetic_fuel_recovery;Synthetic Fuel Recovery;;;;;;;;;;;;;x
tgcnv_ww2_inv_synthetic_fuel_recovery_desc;Can be discovered from 1936 after researching Synthetic Fuel. Fuel factory input -0.5%. Base discovery chance 4%, +2 percentage points at literacy of 60% or higher, and +2 percentage points from 1938.;;;;;;;;;;;;;x
tgcnv_ww2_inv_propellant_grain_control;Propellant Grain Control;;;;;;;;;;;;;x
tgcnv_ww2_inv_propellant_grain_control_desc;Can be discovered from 1940 after researching Solid Propellants. Explosives output +1%. Base discovery chance 4%, +2 percentage points at literacy of 60% or higher, and +2 percentage points from 1942.;;;;;;;;;;;;;x
tgcnv_ww2_inv_propellant_storage_standards;Propellant Storage Standards;;;;;;;;;;;;;x
tgcnv_ww2_inv_propellant_storage_standards_desc;Can be discovered from 1940 after researching Solid Propellants. Explosives factory input -0.5%. Base discovery chance 4%, +2 percentage points at literacy of 60% or higher, and +2 percentage points from 1942.;;;;;;;;;;;;;x
tgcnv_ww2_inv_gyro_guidance_instruments;Gyro Guidance Instruments;;;;;;;;;;;;;x
tgcnv_ww2_inv_gyro_guidance_instruments_desc;Can be discovered from 1943 after researching Guided Rockets. Electrical Gear output +1%. Base discovery chance 4%, +2 percentage points at literacy of 60% or higher, and +2 percentage points from 1945.;;;;;;;;;;;;;x
tgcnv_ww2_inv_rocket_propellant_mixing;Rocket Propellant Mixing;;;;;;;;;;;;;x
tgcnv_ww2_inv_rocket_propellant_mixing_desc;Can be discovered from 1943 after researching Guided Rockets. Explosives output +1%. Base discovery chance 4%, +2 percentage points at literacy of 60% or higher, and +2 percentage points from 1945.;;;;;;;;;;;;;x
tgcnv_ww2_inv_radiation_measurement_instruments;Radiation Measurement Instruments;;;;;;;;;;;;;x
tgcnv_ww2_inv_radiation_measurement_instruments_desc;Can be discovered from 1945 after researching Nuclear Fission Weapons Research. Electrical Gear output +1%. Base discovery chance 4%, +2 percentage points at literacy of 60% or higher, and +2 percentage points from 1947.;;;;;;;;;;;;;x
tgcnv_ww2_inv_isotope_separation_equipment;Isotope Separation Equipment;;;;;;;;;;;;;x
tgcnv_ww2_inv_isotope_separation_equipment_desc;Can be discovered from 1945 after researching Nuclear Fission Weapons Research. Machine Parts output +1%. Base discovery chance 4%, +2 percentage points at literacy of 60% or higher, and +2 percentage points from 1947.;;;;;;;;;;;;;x
tgcnv_ww2_inv_bank_balance_audits;Bank Balance Audits;;;;;;;;;;;;;x
tgcnv_ww2_inv_bank_balance_audits_desc;Can be discovered from 1930 after researching Financial Supervision. Tax efficiency +0.5 percentage points. Base discovery chance 4%, +2 percentage points at literacy of 60% or higher, and +2 percentage points from 1932.;;;;;;;;;;;;;x
tgcnv_ww2_inv_deposit_guarantee_rules;Deposit Guarantee Rules;;;;;;;;;;;;;x
tgcnv_ww2_inv_deposit_guarantee_rules_desc;Can be discovered from 1930 after researching Financial Supervision. Loan interest -0.1 percentage points. Base discovery chance 4%, +2 percentage points at literacy of 60% or higher, and +2 percentage points from 1932.;;;;;;;;;;;;;x
tgcnv_ww2_inv_development_credit_offices;Development Credit Offices;;;;;;;;;;;;;x
tgcnv_ww2_inv_development_credit_offices_desc;Can be discovered from 1936 after researching Public Investment Finance. Factory construction cost -0.5%. Base discovery chance 4%, +2 percentage points at literacy of 60% or higher, and +2 percentage points from 1938.;;;;;;;;;;;;;x
tgcnv_ww2_inv_public_bond_underwriting;Public Bond Underwriting;;;;;;;;;;;;;x
tgcnv_ww2_inv_public_bond_underwriting_desc;Can be discovered from 1936 after researching Public Investment Finance. Loan interest -0.1 percentage points. Base discovery chance 4%, +2 percentage points at literacy of 60% or higher, and +2 percentage points from 1938.;;;;;;;;;;;;;x
tgcnv_ww2_inv_war_savings_certificates;War Savings Certificates;;;;;;;;;;;;;x
tgcnv_ww2_inv_war_savings_certificates_desc;Can be discovered from 1940 after researching Wartime Bond Finance. Tax efficiency +0.5 percentage points. Base discovery chance 4%, +2 percentage points at literacy of 60% or higher, and +2 percentage points from 1942.;;;;;;;;;;;;;x
tgcnv_ww2_inv_payroll_bond_subscriptions;Payroll Bond Subscriptions;;;;;;;;;;;;;x
tgcnv_ww2_inv_payroll_bond_subscriptions_desc;Can be discovered from 1940 after researching Wartime Bond Finance. Loan interest -0.1 percentage points. Base discovery chance 4%, +2 percentage points at literacy of 60% or higher, and +2 percentage points from 1942.;;;;;;;;;;;;;x
tgcnv_ww2_inv_contract_cost_audits;Contract Cost Audits;;;;;;;;;;;;;x
tgcnv_ww2_inv_contract_cost_audits_desc;Can be discovered from 1943 after researching Armaments Contract Finance. Factory input -0.2%. Base discovery chance 4%, +2 percentage points at literacy of 60% or higher, and +2 percentage points from 1945.;;;;;;;;;;;;;x
tgcnv_ww2_inv_supplier_working_capital;Supplier Working Capital;;;;;;;;;;;;;x
tgcnv_ww2_inv_supplier_working_capital_desc;Can be discovered from 1943 after researching Armaments Contract Finance. Factory construction cost -0.5%. Base discovery chance 4%, +2 percentage points at literacy of 60% or higher, and +2 percentage points from 1945.;;;;;;;;;;;;;x
tgcnv_ww2_inv_reconstruction_credit;Reconstruction Credit;;;;;;;;;;;;;x
tgcnv_ww2_inv_reconstruction_credit_desc;Can be discovered from 1945 after researching Postwar Reconstruction Finance. Factory construction cost -0.5%. Base discovery chance 4%, +2 percentage points at literacy of 60% or higher, and +2 percentage points from 1947.;;;;;;;;;;;;;x
tgcnv_ww2_inv_reconstruction_bond_markets;Reconstruction Bond Markets;;;;;;;;;;;;;x
tgcnv_ww2_inv_reconstruction_bond_markets_desc;Can be discovered from 1945 after researching Postwar Reconstruction Finance. Loan interest -0.1 percentage points. Base discovery chance 4%, +2 percentage points at literacy of 60% or higher, and +2 percentage points from 1947.;;;;;;;;;;;;;x
tgcnv_ww2_inv_reserve_reporting_standards;Reserve Reporting Standards;;;;;;;;;;;;;x
tgcnv_ww2_inv_reserve_reporting_standards_desc;Can be discovered from 1930 after researching Monetary Stabilization. Administrative efficiency +0.5%. Base discovery chance 4%, +2 percentage points at literacy of 60% or higher, and +2 percentage points from 1932.;;;;;;;;;;;;;x
tgcnv_ww2_inv_central_bank_discount_policy;Central Bank Discount Policy;;;;;;;;;;;;;x
tgcnv_ww2_inv_central_bank_discount_policy_desc;Can be discovered from 1930 after researching Monetary Stabilization. Loan interest -0.1 percentage points. Base discovery chance 4%, +2 percentage points at literacy of 60% or higher, and +2 percentage points from 1932.;;;;;;;;;;;;;x
tgcnv_ww2_inv_open_market_operations;Open Market Operations;;;;;;;;;;;;;x
tgcnv_ww2_inv_open_market_operations_desc;Can be discovered from 1936 after researching Managed Currency Systems. Loan interest -0.1 percentage points. Base discovery chance 4%, +2 percentage points at literacy of 60% or higher, and +2 percentage points from 1938.;;;;;;;;;;;;;x
tgcnv_ww2_inv_treasury_cash_forecasts;Treasury Cash Forecasts;;;;;;;;;;;;;x
tgcnv_ww2_inv_treasury_cash_forecasts_desc;Can be discovered from 1936 after researching Managed Currency Systems. Tax efficiency +0.5 percentage points. Base discovery chance 4%, +2 percentage points at literacy of 60% or higher, and +2 percentage points from 1938.;;;;;;;;;;;;;x
tgcnv_ww2_inv_wartime_cash_management;Wartime Cash Management;;;;;;;;;;;;;x
tgcnv_ww2_inv_wartime_cash_management_desc;Can be discovered from 1940 after researching Wartime Currency Management. Administrative efficiency +0.5%. Base discovery chance 4%, +2 percentage points at literacy of 60% or higher, and +2 percentage points from 1942.;;;;;;;;;;;;;x
tgcnv_ww2_inv_revenue_collection_schedules;Revenue Collection Schedules;;;;;;;;;;;;;x
tgcnv_ww2_inv_revenue_collection_schedules_desc;Can be discovered from 1940 after researching Wartime Currency Management. Tax efficiency +0.5 percentage points. Base discovery chance 4%, +2 percentage points at literacy of 60% or higher, and +2 percentage points from 1942.;;;;;;;;;;;;;x
tgcnv_ww2_inv_bilateral_clearing_accounts;Bilateral Clearing Accounts;;;;;;;;;;;;;x
tgcnv_ww2_inv_bilateral_clearing_accounts_desc;Can be discovered from 1943 after researching International Clearing Agreements. Administrative efficiency +0.5%. Base discovery chance 4%, +2 percentage points at literacy of 60% or higher, and +2 percentage points from 1945.;;;;;;;;;;;;;x
tgcnv_ww2_inv_international_settlement_standards;International Settlement Standards;;;;;;;;;;;;;x
tgcnv_ww2_inv_international_settlement_standards_desc;Can be discovered from 1943 after researching International Clearing Agreements. Factory input -0.2%. Base discovery chance 4%, +2 percentage points at literacy of 60% or higher, and +2 percentage points from 1945.;;;;;;;;;;;;;x
tgcnv_ww2_inv_exchange_stabilization_funds;Exchange Stabilization Funds;;;;;;;;;;;;;x
tgcnv_ww2_inv_exchange_stabilization_funds_desc;Can be discovered from 1945 after researching International Monetary Cooperation. Loan interest -0.1 percentage points. Base discovery chance 4%, +2 percentage points at literacy of 60% or higher, and +2 percentage points from 1947.;;;;;;;;;;;;;x
tgcnv_ww2_inv_monetary_reporting_cooperation;Monetary Reporting Cooperation;;;;;;;;;;;;;x
tgcnv_ww2_inv_monetary_reporting_cooperation_desc;Can be discovered from 1945 after researching International Monetary Cooperation. Administrative efficiency +0.5%. Base discovery chance 4%, +2 percentage points at literacy of 60% or higher, and +2 percentage points from 1947.;;;;;;;;;;;;;x
tgcnv_ww2_inv_national_income_surveys;National Income Surveys;;;;;;;;;;;;;x
tgcnv_ww2_inv_national_income_surveys_desc;Can be discovered from 1930 after researching National Income Accounting. Administrative efficiency +0.5%. Base discovery chance 4%, +2 percentage points at literacy of 60% or higher, and +2 percentage points from 1932.;;;;;;;;;;;;;x
tgcnv_ww2_inv_industrial_census_tables;Industrial Census Tables;;;;;;;;;;;;;x
tgcnv_ww2_inv_industrial_census_tables_desc;Can be discovered from 1930 after researching National Income Accounting. Factory input -0.2%. Base discovery chance 4%, +2 percentage points at literacy of 60% or higher, and +2 percentage points from 1932.;;;;;;;;;;;;;x
tgcnv_ww2_inv_public_works_appraisal;Public Works Appraisal;;;;;;;;;;;;;x
tgcnv_ww2_inv_public_works_appraisal_desc;Can be discovered from 1936 after researching Aggregate Demand Management. Factory construction cost -0.5%. Base discovery chance 4%, +2 percentage points at literacy of 60% or higher, and +2 percentage points from 1938.;;;;;;;;;;;;;x
tgcnv_ww2_inv_countercyclical_budgeting;Countercyclical Budgeting;;;;;;;;;;;;;x
tgcnv_ww2_inv_countercyclical_budgeting_desc;Can be discovered from 1936 after researching Aggregate Demand Management. Factory output +0.5%. Base discovery chance 4%, +2 percentage points at literacy of 60% or higher, and +2 percentage points from 1938.;;;;;;;;;;;;;x
tgcnv_ww2_inv_materials_priority_boards;Materials Priority Boards;;;;;;;;;;;;;x
tgcnv_ww2_inv_materials_priority_boards_desc;Can be discovered from 1940 after researching Wartime Resource Allocation. Factory throughput +0.5%. Base discovery chance 4%, +2 percentage points at literacy of 60% or higher, and +2 percentage points from 1942.;;;;;;;;;;;;;x
tgcnv_ww2_inv_industrial_capacity_surveys;Industrial Capacity Surveys;;;;;;;;;;;;;x
tgcnv_ww2_inv_industrial_capacity_surveys_desc;Can be discovered from 1940 after researching Wartime Resource Allocation. Factory input -0.2%. Base discovery chance 4%, +2 percentage points at literacy of 60% or higher, and +2 percentage points from 1942.;;;;;;;;;;;;;x
tgcnv_ww2_inv_input_output_tables;Input Output Tables;;;;;;;;;;;;;x
tgcnv_ww2_inv_input_output_tables_desc;Can be discovered from 1943 after researching Input-Output Analysis. Factory input -0.2%. Base discovery chance 4%, +2 percentage points at literacy of 60% or higher, and +2 percentage points from 1945.;;;;;;;;;;;;;x
tgcnv_ww2_inv_bottleneck_analysis;Bottleneck Analysis;;;;;;;;;;;;;x
tgcnv_ww2_inv_bottleneck_analysis_desc;Can be discovered from 1943 after researching Input-Output Analysis. Factory throughput +0.5%. Base discovery chance 4%, +2 percentage points at literacy of 60% or higher, and +2 percentage points from 1945.;;;;;;;;;;;;;x
tgcnv_ww2_inv_reconstruction_investment_plans;Reconstruction Investment Plans;;;;;;;;;;;;;x
tgcnv_ww2_inv_reconstruction_investment_plans_desc;Can be discovered from 1945 after researching Reconstruction Economic Planning. Factory construction cost -0.5%. Base discovery chance 4%, +2 percentage points at literacy of 60% or higher, and +2 percentage points from 1947.;;;;;;;;;;;;;x
tgcnv_ww2_inv_civilian_demand_forecasts;Civilian Demand Forecasts;;;;;;;;;;;;;x
tgcnv_ww2_inv_civilian_demand_forecasts_desc;Can be discovered from 1945 after researching Reconstruction Economic Planning. Factory output +0.5%. Base discovery chance 4%, +2 percentage points at literacy of 60% or higher, and +2 percentage points from 1947.;;;;;;;;;;;;;x
tgcnv_ww2_inv_wholesale_inventory_networks;Wholesale Inventory Networks;;;;;;;;;;;;;x
tgcnv_ww2_inv_wholesale_inventory_networks_desc;Can be discovered from 1930 after researching National Distribution Networks. Factory input -0.2%. Base discovery chance 4%, +2 percentage points at literacy of 60% or higher, and +2 percentage points from 1932.;;;;;;;;;;;;;x
tgcnv_ww2_inv_standard_shipping_documents;Standard Shipping Documents;;;;;;;;;;;;;x
tgcnv_ww2_inv_standard_shipping_documents_desc;Can be discovered from 1930 after researching National Distribution Networks. Administrative efficiency +0.5%. Base discovery chance 4%, +2 percentage points at literacy of 60% or higher, and +2 percentage points from 1932.;;;;;;;;;;;;;x
tgcnv_ww2_inv_reserve_warehouse_management;Reserve Warehouse Management;;;;;;;;;;;;;x
tgcnv_ww2_inv_reserve_warehouse_management_desc;Can be discovered from 1936 after researching Strategic Material Stockpiles. Supply limit +1%. Base discovery chance 4%, +2 percentage points at literacy of 60% or higher, and +2 percentage points from 1938.;;;;;;;;;;;;;x
tgcnv_ww2_inv_fuel_stock_rotation;Fuel Stock Rotation;;;;;;;;;;;;;x
tgcnv_ww2_inv_fuel_stock_rotation_desc;Can be discovered from 1936 after researching Strategic Material Stockpiles. Fuel output +1%. Base discovery chance 4%, +2 percentage points at literacy of 60% or higher, and +2 percentage points from 1938.;;;;;;;;;;;;;x
tgcnv_ww2_inv_ration_distribution_registers;Ration Distribution Registers;;;;;;;;;;;;;x
tgcnv_ww2_inv_ration_distribution_registers_desc;Can be discovered from 1940 after researching Rationing and Procurement Systems. Administrative efficiency +0.5%. Base discovery chance 4%, +2 percentage points at literacy of 60% or higher, and +2 percentage points from 1942.;;;;;;;;;;;;;x
tgcnv_ww2_inv_bulk_procurement_contracts;Bulk Procurement Contracts;;;;;;;;;;;;;x
tgcnv_ww2_inv_bulk_procurement_contracts_desc;Can be discovered from 1940 after researching Rationing and Procurement Systems. Factory input -0.2%. Base discovery chance 4%, +2 percentage points at literacy of 60% or higher, and +2 percentage points from 1942.;;;;;;;;;;;;;x
tgcnv_ww2_inv_freight_priority_schedules;Freight Priority Schedules;;;;;;;;;;;;;x
tgcnv_ww2_inv_freight_priority_schedules_desc;Can be discovered from 1943 after researching Integrated Transport Allocation. Supply limit +1%. Base discovery chance 4%, +2 percentage points at literacy of 60% or higher, and +2 percentage points from 1945.;;;;;;;;;;;;;x
tgcnv_ww2_inv_rail_port_coordination;Rail Port Coordination;;;;;;;;;;;;;x
tgcnv_ww2_inv_rail_port_coordination_desc;Can be discovered from 1943 after researching Integrated Transport Allocation. Factory throughput +0.5%. Base discovery chance 4%, +2 percentage points at literacy of 60% or higher, and +2 percentage points from 1945.;;;;;;;;;;;;;x
tgcnv_ww2_inv_customs_document_unification;Customs Document Unification;;;;;;;;;;;;;x
tgcnv_ww2_inv_customs_document_unification_desc;Can be discovered from 1945 after researching Trade Reconstruction Agreements. Administrative efficiency +0.5%. Base discovery chance 4%, +2 percentage points at literacy of 60% or higher, and +2 percentage points from 1947.;;;;;;;;;;;;;x
tgcnv_ww2_inv_export_credit_guarantees;Export Credit Guarantees;;;;;;;;;;;;;x
tgcnv_ww2_inv_export_credit_guarantees_desc;Can be discovered from 1945 after researching Trade Reconstruction Agreements. Factory output +0.5%. Base discovery chance 4%, +2 percentage points at literacy of 60% or higher, and +2 percentage points from 1947.;;;;;;;;;;;;;x
tgcnv_ww2_inv_departmental_cost_accounting;Departmental Cost Accounting;;;;;;;;;;;;;x
tgcnv_ww2_inv_departmental_cost_accounting_desc;Can be discovered from 1930 after researching Large-Scale Project Management. Factory input -0.2%. Base discovery chance 4%, +2 percentage points at literacy of 60% or higher, and +2 percentage points from 1932.;;;;;;;;;;;;;x
tgcnv_ww2_inv_professional_management_training;Professional Management Training;;;;;;;;;;;;;x
tgcnv_ww2_inv_professional_management_training_desc;Can be discovered from 1930 after researching Large-Scale Project Management. Factory output +0.5%. Base discovery chance 4%, +2 percentage points at literacy of 60% or higher, and +2 percentage points from 1932.;;;;;;;;;;;;;x
tgcnv_ww2_inv_production_progress_boards;Production Progress Boards;;;;;;;;;;;;;x
tgcnv_ww2_inv_production_progress_boards_desc;Can be discovered from 1936 after researching Production Scheduling. Factory throughput +0.5%. Base discovery chance 4%, +2 percentage points at literacy of 60% or higher, and +2 percentage points from 1938.;;;;;;;;;;;;;x
tgcnv_ww2_inv_shift_handover_standards;Shift Handover Standards;;;;;;;;;;;;;x
tgcnv_ww2_inv_shift_handover_standards_desc;Can be discovered from 1936 after researching Production Scheduling. Factory output +0.5%. Base discovery chance 4%, +2 percentage points at literacy of 60% or higher, and +2 percentage points from 1938.;;;;;;;;;;;;;x
tgcnv_ww2_inv_subcontracting_coordination;Subcontracting Coordination;;;;;;;;;;;;;x
tgcnv_ww2_inv_subcontracting_coordination_desc;Can be discovered from 1940 after researching Wartime Industrial Mobilization. Factory throughput +0.5%. Base discovery chance 4%, +2 percentage points at literacy of 60% or higher, and +2 percentage points from 1942.;;;;;;;;;;;;;x
tgcnv_ww2_inv_worker_retraining_centers;Worker Retraining Centers;;;;;;;;;;;;;x
tgcnv_ww2_inv_worker_retraining_centers_desc;Can be discovered from 1940 after researching Wartime Industrial Mobilization. Education efficiency +1%. Base discovery chance 4%, +2 percentage points at literacy of 60% or higher, and +2 percentage points from 1942.;;;;;;;;;;;;;x
tgcnv_ww2_inv_queue_analysis;Queue Analysis;;;;;;;;;;;;;x
tgcnv_ww2_inv_queue_analysis_desc;Can be discovered from 1943 after researching Operations Research. Factory throughput +0.5%. Base discovery chance 4%, +2 percentage points at literacy of 60% or higher, and +2 percentage points from 1945.;;;;;;;;;;;;;x
tgcnv_ww2_inv_resource_allocation_models;Resource Allocation Models;;;;;;;;;;;;;x
tgcnv_ww2_inv_resource_allocation_models_desc;Can be discovered from 1943 after researching Operations Research. Factory input -0.2%. Base discovery chance 4%, +2 percentage points at literacy of 60% or higher, and +2 percentage points from 1945.;;;;;;;;;;;;;x
tgcnv_ww2_inv_civilian_retooling_schedules;Civilian Retooling Schedules;;;;;;;;;;;;;x
tgcnv_ww2_inv_civilian_retooling_schedules_desc;Can be discovered from 1945 after researching Production Conversion Management. Factory construction cost -0.5%. Base discovery chance 4%, +2 percentage points at literacy of 60% or higher, and +2 percentage points from 1947.;;;;;;;;;;;;;x
tgcnv_ww2_inv_conversion_training_programs;Conversion Training Programs;;;;;;;;;;;;;x
tgcnv_ww2_inv_conversion_training_programs_desc;Can be discovered from 1945 after researching Production Conversion Management. Factory output +0.5%. Base discovery chance 4%, +2 percentage points at literacy of 60% or higher, and +2 percentage points from 1947.;;;;;;;;;;;;;x
tgcnv_ww2_inv_public_radio_programming;Public Radio Programming;;;;;;;;;;;;;x
tgcnv_ww2_inv_public_radio_programming_desc;Can be discovered from 1930 after researching Mass Broadcasting Culture. Shared prestige 5 (decreases with discovery order). Base discovery chance 4%, +2 percentage points at literacy of 60% or higher, and +2 percentage points from 1932.;;;;;;;;;;;;;x
tgcnv_ww2_inv_educational_broadcasts;Educational Broadcasts;;;;;;;;;;;;;x
tgcnv_ww2_inv_educational_broadcasts_desc;Can be discovered from 1930 after researching Mass Broadcasting Culture. Education efficiency +1%. Base discovery chance 4%, +2 percentage points at literacy of 60% or higher, and +2 percentage points from 1932.;;;;;;;;;;;;;x
tgcnv_ww2_inv_documentary_film_units;Documentary Film Units;;;;;;;;;;;;;x
tgcnv_ww2_inv_documentary_film_units_desc;Can be discovered from 1936 after researching Documentary Film Movement. Shared prestige 5 (decreases with discovery order). Base discovery chance 4%, +2 percentage points at literacy of 60% or higher, and +2 percentage points from 1938.;;;;;;;;;;;;;x
tgcnv_ww2_inv_mobile_cinema_circuits;Mobile Cinema Circuits;;;;;;;;;;;;;x
tgcnv_ww2_inv_mobile_cinema_circuits_desc;Can be discovered from 1936 after researching Documentary Film Movement. Education efficiency +1%. Base discovery chance 4%, +2 percentage points at literacy of 60% or higher, and +2 percentage points from 1938.;;;;;;;;;;;;;x
tgcnv_ww2_inv_public_information_posters;Public Information Posters;;;;;;;;;;;;;x
tgcnv_ww2_inv_public_information_posters_desc;Can be discovered from 1940 after researching Wartime Visual Culture. Education efficiency +1%. Base discovery chance 4%, +2 percentage points at literacy of 60% or higher, and +2 percentage points from 1942.;;;;;;;;;;;;;x
tgcnv_ww2_inv_wartime_art_exhibitions;Wartime Art Exhibitions;;;;;;;;;;;;;x
tgcnv_ww2_inv_wartime_art_exhibitions_desc;Can be discovered from 1940 after researching Wartime Visual Culture. Shared prestige 5 (decreases with discovery order). Base discovery chance 4%, +2 percentage points at literacy of 60% or higher, and +2 percentage points from 1942.;;;;;;;;;;;;;x
tgcnv_ww2_inv_film_archive_preservation;Film Archive Preservation;;;;;;;;;;;;;x
tgcnv_ww2_inv_film_archive_preservation_desc;Can be discovered from 1943 after researching Cultural Records Preservation. Shared prestige 5 (decreases with discovery order). Base discovery chance 4%, +2 percentage points at literacy of 60% or higher, and +2 percentage points from 1945.;;;;;;;;;;;;;x
tgcnv_ww2_inv_cultural_collection_catalogs;Cultural Collection Catalogs;;;;;;;;;;;;;x
tgcnv_ww2_inv_cultural_collection_catalogs_desc;Can be discovered from 1943 after researching Cultural Records Preservation. Prestige +2. Base discovery chance 4%, +2 percentage points at literacy of 60% or higher, and +2 percentage points from 1945.;;;;;;;;;;;;;x
tgcnv_ww2_inv_international_film_exchanges;International Film Exchanges;;;;;;;;;;;;;x
tgcnv_ww2_inv_international_film_exchanges_desc;Can be discovered from 1945 after researching Postwar Cultural Exchange. Shared prestige 10 (decreases with discovery order). Base discovery chance 4%, +2 percentage points at literacy of 60% or higher, and +2 percentage points from 1947.;;;;;;;;;;;;;x
tgcnv_ww2_inv_traveling_art_exhibitions;Traveling Art Exhibitions;;;;;;;;;;;;;x
tgcnv_ww2_inv_traveling_art_exhibitions_desc;Can be discovered from 1945 after researching Postwar Cultural Exchange. Monthly diplomatic points +0.025. Base discovery chance 4%, +2 percentage points at literacy of 60% or higher, and +2 percentage points from 1947.;;;;;;;;;;;;;x
tgcnv_ww2_inv_replicable_experiments;Replicable Experiments;;;;;;;;;;;;;x
tgcnv_ww2_inv_replicable_experiments_desc;Can be discovered from 1930 after researching Scientific Verification Methods. Education efficiency +1%. Base discovery chance 4%, +2 percentage points at literacy of 60% or higher, and +2 percentage points from 1932.;;;;;;;;;;;;;x
tgcnv_ww2_inv_scientific_review_seminars;Scientific Review Seminars;;;;;;;;;;;;;x
tgcnv_ww2_inv_scientific_review_seminars_desc;Can be discovered from 1930 after researching Scientific Verification Methods. Shared prestige 5 (decreases with discovery order). Base discovery chance 4%, +2 percentage points at literacy of 60% or higher, and +2 percentage points from 1932.;;;;;;;;;;;;;x
tgcnv_ww2_inv_methodology_curricula;Methodology Curricula;;;;;;;;;;;;;x
tgcnv_ww2_inv_methodology_curricula_desc;Can be discovered from 1936 after researching Advances in the Philosophy of Science. Education efficiency +1%. Base discovery chance 4%, +2 percentage points at literacy of 60% or higher, and +2 percentage points from 1938.;;;;;;;;;;;;;x
tgcnv_ww2_inv_academic_review_journals;Academic Review Journals;;;;;;;;;;;;;x
tgcnv_ww2_inv_academic_review_journals_desc;Can be discovered from 1936 after researching Advances in the Philosophy of Science. Shared prestige 5 (decreases with discovery order). Base discovery chance 4%, +2 percentage points at literacy of 60% or higher, and +2 percentage points from 1938.;;;;;;;;;;;;;x
tgcnv_ww2_inv_interdisciplinary_seminars;Interdisciplinary Seminars;;;;;;;;;;;;;x
tgcnv_ww2_inv_interdisciplinary_seminars_desc;Can be discovered from 1940 after researching Interdisciplinary Research. Education efficiency +1%. Base discovery chance 4%, +2 percentage points at literacy of 60% or higher, and +2 percentage points from 1942.;;;;;;;;;;;;;x
tgcnv_ww2_inv_shared_research_libraries;Shared Research Libraries;;;;;;;;;;;;;x
tgcnv_ww2_inv_shared_research_libraries_desc;Can be discovered from 1940 after researching Interdisciplinary Research. Prestige +2. Base discovery chance 4%, +2 percentage points at literacy of 60% or higher, and +2 percentage points from 1942.;;;;;;;;;;;;;x
tgcnv_ww2_inv_laboratory_documentation_standards;Laboratory Documentation Standards;;;;;;;;;;;;;x
tgcnv_ww2_inv_laboratory_documentation_standards_desc;Can be discovered from 1943 after researching Collaborative Research Systems. Education efficiency +1%. Base discovery chance 4%, +2 percentage points at literacy of 60% or higher, and +2 percentage points from 1945.;;;;;;;;;;;;;x
tgcnv_ww2_inv_scientific_liaison_committees;Scientific Liaison Committees;;;;;;;;;;;;;x
tgcnv_ww2_inv_scientific_liaison_committees_desc;Can be discovered from 1943 after researching Collaborative Research Systems. Shared prestige 5 (decreases with discovery order). Base discovery chance 4%, +2 percentage points at literacy of 60% or higher, and +2 percentage points from 1945.;;;;;;;;;;;;;x
tgcnv_ww2_inv_research_grant_review;Research Grant Review;;;;;;;;;;;;;x
tgcnv_ww2_inv_research_grant_review_desc;Can be discovered from 1945 after researching Scientific Research Policy. Education efficiency +1%. Base discovery chance 4%, +2 percentage points at literacy of 60% or higher, and +2 percentage points from 1947.;;;;;;;;;;;;;x
tgcnv_ww2_inv_international_science_congresses;International Science Congresses;;;;;;;;;;;;;x
tgcnv_ww2_inv_international_science_congresses_desc;Can be discovered from 1945 after researching Scientific Research Policy. Shared prestige 10 (decreases with discovery order). Base discovery chance 4%, +2 percentage points at literacy of 60% or higher, and +2 percentage points from 1947.;;;;;;;;;;;;;x
tgcnv_ww2_inv_community_social_surveys;Community Social Surveys;;;;;;;;;;;;;x
tgcnv_ww2_inv_community_social_surveys_desc;Can be discovered from 1930 after researching Mass Society Studies. Administrative efficiency +0.5%. Base discovery chance 4%, +2 percentage points at literacy of 60% or higher, and +2 percentage points from 1932.;;;;;;;;;;;;;x
tgcnv_ww2_inv_public_library_outreach;Public Library Outreach;;;;;;;;;;;;;x
tgcnv_ww2_inv_public_library_outreach_desc;Can be discovered from 1930 after researching Mass Society Studies. Education efficiency +1%. Base discovery chance 4%, +2 percentage points at literacy of 60% or higher, and +2 percentage points from 1932.;;;;;;;;;;;;;x
tgcnv_ww2_inv_representative_sampling;Representative Sampling;;;;;;;;;;;;;x
tgcnv_ww2_inv_representative_sampling_desc;Can be discovered from 1936 after researching Social Survey Methods. Administrative efficiency +0.5%. Base discovery chance 4%, +2 percentage points at literacy of 60% or higher, and +2 percentage points from 1938.;;;;;;;;;;;;;x
tgcnv_ww2_inv_social_statistics_training;Social Statistics Training;;;;;;;;;;;;;x
tgcnv_ww2_inv_social_statistics_training_desc;Can be discovered from 1936 after researching Social Survey Methods. Education efficiency +1%. Base discovery chance 4%, +2 percentage points at literacy of 60% or higher, and +2 percentage points from 1938.;;;;;;;;;;;;;x
tgcnv_ww2_inv_civil_defense_courses;Civil Defense Courses;;;;;;;;;;;;;x
tgcnv_ww2_inv_civil_defense_courses_desc;Can be discovered from 1940 after researching Civil Defense Education. Education efficiency +1%. Base discovery chance 4%, +2 percentage points at literacy of 60% or higher, and +2 percentage points from 1942.;;;;;;;;;;;;;x
tgcnv_ww2_inv_emergency_relief_registers;Emergency Relief Registers;;;;;;;;;;;;;x
tgcnv_ww2_inv_emergency_relief_registers_desc;Can be discovered from 1940 after researching Civil Defense Education. Administrative efficiency +0.5%. Base discovery chance 4%, +2 percentage points at literacy of 60% or higher, and +2 percentage points from 1942.;;;;;;;;;;;;;x
tgcnv_ww2_inv_evening_technical_schools;Evening Technical Schools;;;;;;;;;;;;;x
tgcnv_ww2_inv_evening_technical_schools_desc;Can be discovered from 1943 after researching Adult Technical Education. Education efficiency +1%. Base discovery chance 4%, +2 percentage points at literacy of 60% or higher, and +2 percentage points from 1945.;;;;;;;;;;;;;x
tgcnv_ww2_inv_vocational_course_standards;Vocational Course Standards;;;;;;;;;;;;;x
tgcnv_ww2_inv_vocational_course_standards_desc;Can be discovered from 1943 after researching Adult Technical Education. Factory output +0.5%. Base discovery chance 4%, +2 percentage points at literacy of 60% or higher, and +2 percentage points from 1945.;;;;;;;;;;;;;x
tgcnv_ww2_inv_veteran_education_programs;Veteran Education Programs;;;;;;;;;;;;;x
tgcnv_ww2_inv_veteran_education_programs_desc;Can be discovered from 1945 after researching Social Reconstruction Policy. Education efficiency +1%. Base discovery chance 4%, +2 percentage points at literacy of 60% or higher, and +2 percentage points from 1947.;;;;;;;;;;;;;x
tgcnv_ww2_inv_community_reconstruction_offices;Community Reconstruction Offices;;;;;;;;;;;;;x
tgcnv_ww2_inv_community_reconstruction_offices_desc;Can be discovered from 1945 after researching Social Reconstruction Policy. Administrative efficiency +0.5%. Base discovery chance 4%, +2 percentage points at literacy of 60% or higher, and +2 percentage points from 1947.;;;;;;;;;;;;;x
tgcnv_ww2_inv_civil_service_training;Civil Service Training;;;;;;;;;;;;;x
tgcnv_ww2_inv_civil_service_training_desc;Can be discovered from 1930 after researching Modern Public Administration. Administrative efficiency +0.5%. Base discovery chance 4%, +2 percentage points at literacy of 60% or higher, and +2 percentage points from 1932.;;;;;;;;;;;;;x
tgcnv_ww2_inv_standard_administrative_records;Standard Administrative Records;;;;;;;;;;;;;x
tgcnv_ww2_inv_standard_administrative_records_desc;Can be discovered from 1930 after researching Modern Public Administration. Tax efficiency +0.5 percentage points. Base discovery chance 4%, +2 percentage points at literacy of 60% or higher, and +2 percentage points from 1932.;;;;;;;;;;;;;x
tgcnv_ww2_inv_interministerial_committees;Interministerial Committees;;;;;;;;;;;;;x
tgcnv_ww2_inv_interministerial_committees_desc;Can be discovered from 1936 after researching National Policy Coordination. Administrative efficiency +0.5%. Base discovery chance 4%, +2 percentage points at literacy of 60% or higher, and +2 percentage points from 1938.;;;;;;;;;;;;;x
tgcnv_ww2_inv_public_budget_reporting;Public Budget Reporting;;;;;;;;;;;;;x
tgcnv_ww2_inv_public_budget_reporting_desc;Can be discovered from 1936 after researching National Policy Coordination. Tax efficiency +0.5 percentage points. Base discovery chance 4%, +2 percentage points at literacy of 60% or higher, and +2 percentage points from 1938.;;;;;;;;;;;;;x
tgcnv_ww2_inv_emergency_administration_plans;Emergency Administration Plans;;;;;;;;;;;;;x
tgcnv_ww2_inv_emergency_administration_plans_desc;Can be discovered from 1940 after researching Wartime Administrative Organization. Administrative efficiency +0.5%. Base discovery chance 4%, +2 percentage points at literacy of 60% or higher, and +2 percentage points from 1942.;;;;;;;;;;;;;x
tgcnv_ww2_inv_civil_supply_coordination;Civil Supply Coordination;;;;;;;;;;;;;x
tgcnv_ww2_inv_civil_supply_coordination_desc;Can be discovered from 1940 after researching Wartime Administrative Organization. Supply limit +1%. Base discovery chance 4%, +2 percentage points at literacy of 60% or higher, and +2 percentage points from 1942.;;;;;;;;;;;;;x
tgcnv_ww2_inv_diplomatic_liaison_missions;Diplomatic Liaison Missions;;;;;;;;;;;;;x
tgcnv_ww2_inv_diplomatic_liaison_missions_desc;Can be discovered from 1943 after researching Allied Diplomatic Cooperation. Monthly diplomatic points +0.025. Base discovery chance 4%, +2 percentage points at literacy of 60% or higher, and +2 percentage points from 1945.;;;;;;;;;;;;;x
tgcnv_ww2_inv_joint_relief_committees;Joint Relief Committees;;;;;;;;;;;;;x
tgcnv_ww2_inv_joint_relief_committees_desc;Can be discovered from 1943 after researching Allied Diplomatic Cooperation. Prestige +2. Base discovery chance 4%, +2 percentage points at literacy of 60% or higher, and +2 percentage points from 1945.;;;;;;;;;;;;;x
tgcnv_ww2_inv_international_secretariats;International Secretariats;;;;;;;;;;;;;x
tgcnv_ww2_inv_international_secretariats_desc;Can be discovered from 1945 after researching International Cooperation Organizations. Monthly diplomatic points +0.025. Base discovery chance 4%, +2 percentage points at literacy of 60% or higher, and +2 percentage points from 1947.;;;;;;;;;;;;;x
tgcnv_ww2_inv_multilateral_conference_procedures;Multilateral Conference Procedures;;;;;;;;;;;;;x
tgcnv_ww2_inv_multilateral_conference_procedures_desc;Can be discovered from 1945 after researching International Cooperation Organizations. Influence +1%. Base discovery chance 4%, +2 percentage points at literacy of 60% or higher, and +2 percentage points from 1947.;;;;;;;;;;;;;x
tgcnv_ww2_inv_aptitude_test_batteries;Aptitude Test Batteries;;;;;;;;;;;;;x
tgcnv_ww2_inv_aptitude_test_batteries_desc;Can be discovered from 1930 after researching Applied Psychological Testing. Training experience +1. Base discovery chance 4%, +2 percentage points at literacy of 60% or higher, and +2 percentage points from 1932.;;;;;;;;;;;;;x
tgcnv_ww2_inv_instructor_selection_methods;Instructor Selection Methods;;;;;;;;;;;;;x
tgcnv_ww2_inv_instructor_selection_methods_desc;Can be discovered from 1930 after researching Applied Psychological Testing. Education efficiency +1%. Base discovery chance 4%, +2 percentage points at literacy of 60% or higher, and +2 percentage points from 1932.;;;;;;;;;;;;;x
tgcnv_ww2_inv_industrial_fatigue_studies;Industrial Fatigue Studies;;;;;;;;;;;;;x
tgcnv_ww2_inv_industrial_fatigue_studies_desc;Can be discovered from 1936 after researching Industrial Psychology. Factory output +0.5%. Base discovery chance 4%, +2 percentage points at literacy of 60% or higher, and +2 percentage points from 1938.;;;;;;;;;;;;;x
tgcnv_ww2_inv_workplace_training_manuals;Workplace Training Manuals;;;;;;;;;;;;;x
tgcnv_ww2_inv_workplace_training_manuals_desc;Can be discovered from 1936 after researching Industrial Psychology. Education efficiency +1%. Base discovery chance 4%, +2 percentage points at literacy of 60% or higher, and +2 percentage points from 1938.;;;;;;;;;;;;;x
tgcnv_ww2_inv_frontline_rest_rotations;Frontline Rest Rotations;;;;;;;;;;;;;x
tgcnv_ww2_inv_frontline_rest_rotations_desc;Can be discovered from 1940 after researching Combat Stress Research. Organization recovery +1%. Base discovery chance 4%, +2 percentage points at literacy of 60% or higher, and +2 percentage points from 1942.;;;;;;;;;;;;;x
tgcnv_ww2_inv_combat_stress_counseling;Combat Stress Counseling;;;;;;;;;;;;;x
tgcnv_ww2_inv_combat_stress_counseling_desc;Can be discovered from 1940 after researching Combat Stress Research. Morale +1%. Base discovery chance 4%, +2 percentage points at literacy of 60% or higher, and +2 percentage points from 1942.;;;;;;;;;;;;;x
tgcnv_ww2_inv_control_panel_standardization;Control Panel Standardization;;;;;;;;;;;;;x
tgcnv_ww2_inv_control_panel_standardization_desc;Can be discovered from 1943 after researching Ergonomic Design. Factory output +0.5%. Base discovery chance 4%, +2 percentage points at literacy of 60% or higher, and +2 percentage points from 1945.;;;;;;;;;;;;;x
tgcnv_ww2_inv_crew_task_analysis;Crew Task Analysis;;;;;;;;;;;;;x
tgcnv_ww2_inv_crew_task_analysis_desc;Can be discovered from 1943 after researching Ergonomic Design. Training experience +1. Base discovery chance 4%, +2 percentage points at literacy of 60% or higher, and +2 percentage points from 1945.;;;;;;;;;;;;;x
tgcnv_ww2_inv_rehabilitation_clinics;Rehabilitation Clinics;;;;;;;;;;;;;x
tgcnv_ww2_inv_rehabilitation_clinics_desc;Can be discovered from 1945 after researching Psychological Rehabilitation Systems. Reinforcement rate +0.5%. Base discovery chance 4%, +2 percentage points at literacy of 60% or higher, and +2 percentage points from 1947.;;;;;;;;;;;;;x
tgcnv_ww2_inv_return_to_duty_programs;Return To Duty Programs;;;;;;;;;;;;;x
tgcnv_ww2_inv_return_to_duty_programs_desc;Can be discovered from 1945 after researching Psychological Rehabilitation Systems. Organization recovery +1%. Base discovery chance 4%, +2 percentage points at literacy of 60% or higher, and +2 percentage points from 1947.;;;;;;;;;;;;;x
tgcnv_ww2_inv_battery_wire_networks;Battery Wire Networks;;;;;;;;;;;;;x
tgcnv_ww2_inv_battery_wire_networks_desc;Can be discovered from 1936 after completing 'Combined Arms Doctrine' research. Also requires the Artillery Survey Section invention. Wire networks between batteries and observation posts speed up and improve the accuracy of fire orders. Artillery support +0.1. Base discovery chance 4%, +2%p if literacy is 60% or higher, +2%p from 1938, +2%p with 'Staff Radio Communication' research.;;;;;;;;;;;;;x
tgcnv_ww2_inv_operational_deception_plans;Operational Deception Plans;;;;;;;;;;;;;x
tgcnv_ww2_inv_operational_deception_plans_desc;Can be discovered from 1940 after completing 'Deep Operations' research. Also requires the Combined Arms Maneuver Training invention. The procedures for forming theater-level deception plans that conceal the main attack direction are compiled and reflected in commander training. Tactics +1%. Base discovery chance 4%, +2%p if literacy is 60% or higher, +2%p from 1942, +2%p with 'Operational Staff System' research.;;;;;;;;;;;;;x
tgcnv_ww2_inv_tank_engineer_teams;Tank-Engineer Cooperation Rules;;;;;;;;;;;;;x
tgcnv_ww2_inv_tank_engineer_teams_desc;Can be discovered from 1943 after completing 'Mechanized Breakthrough' research. Also requires the Breakthrough Expansion Tactics invention. Cooperation rules were set for attaching engineer squads to tank units to overcome obstacles and fortifications. Engineer support +0.1 / All tank unit types organization +1. Base discovery chance 4%, +2%p if literacy is 60% or higher, +2%p from 1945, +2%p with 'Self-Propelled Artillery Operations' research.;;;;;;;;;;;;;x
tgcnv_ww2_inv_rifle_grenade_issue;Rifle Grenade Issue;;;;;;;;;;;;;x
tgcnv_ww2_inv_rifle_grenade_issue_desc;Can be discovered from 1936 after completing 'Squad Automatic Weapons' research. Also requires the Rifle Parts Standardization invention. Rifle grenade launchers are issued to squads to reinforce indirect fire. Infantry, Paratroopers, Marines attack +0.25 / Guards, Sturmtruppe attack +0.25. Base discovery chance 4%, +2%p if literacy is 60% or higher, +2%p from 1938, +2%p with 'Modern Artillery' research.;;;;;;;;;;;;;x
tgcnv_ww2_inv_antitank_mine_doctrine;Antitank Mine Doctrine;;;;;;;;;;;;;x
tgcnv_ww2_inv_antitank_mine_doctrine_desc;Can be discovered from 1940 after completing 'Infantry Antitank Equipment' research. Standard procedures for concentrating mines on tank approaches are taught to infantry and engineer units. Infantry, Paratroopers, Marines defense +0.25 / Guards, Sturmtruppe defense +0.25 / Engineer defense +0.25. Base discovery chance 4%, +2%p if literacy is 60% or higher, +2%p from 1942, +2%p with 'Antitank Artillery' research.;;;;;;;;;;;;;x
tgcnv_ww2_inv_standard_ration_packs;Standard Ration Packs;;;;;;;;;;;;;x
tgcnv_ww2_inv_standard_ration_packs_desc;Can be discovered from 1945 after completing 'Integrated Infantry Equipment' research. Also requires the Squad Firepower and Maneuver invention. Combat rations and consumable packs are standardized to reduce supply line strain and straggling on marches. Army attrition -0.5% / Infantry, Paratroopers, Marines organization +1 / Guards, Sturmtruppe organization +1. Base discovery chance 4%, +2%p if literacy is 60% or higher, +2%p from 1947, +2%p with 'Ration and Procurement System' research.;;;;;;;;;;;;;x
tgcnv_ww2_inv_torsion_bar_suspension;Tank Suspension Improvements;;;;;;;;;;;;;x
tgcnv_ww2_inv_torsion_bar_suspension_desc;Can be discovered from 1936 after completing 'Medium Tank Design' research. A new suspension is introduced to tanks to improve cross-country stability. All tank unit types movement speed +0.1. Base discovery chance 4%, +2%p if literacy is 60% or higher, +2%p from 1938, +2%p with 'Precision Machine Tools' research.;;;;;;;;;;;;;x
tgcnv_ww2_inv_high_velocity_at_guns;High-Velocity Antitank Guns;;;;;;;;;;;;;x
tgcnv_ww2_inv_high_velocity_at_guns_desc;Can be discovered from 1940 after completing 'Antitank Artillery' research. Also requires the Shell Standard Production invention. High-velocity antitank guns are standardized to strengthen artillery antitank firepower. Artillery attack +0.25. Base discovery chance 4%, +2%p if literacy is 60% or higher, +2%p from 1942, +2%p with 'Heat-Resistant Alloys' research.;;;;;;;;;;;;;x
tgcnv_ww2_inv_cross_country_driving;Cross-Country Driving Training;;;;;;;;;;;;;x
tgcnv_ww2_inv_cross_country_driving_desc;Can be discovered from 1945 after completing 'Stabilized Fire Control' research. Also requires the Mechanized Pursuit Force invention. Tank crews are systematically taught cross-country driving techniques to reduce losses during movement. Medium tank movement speed +0.2 / Light tank movement speed +0.3 / Heavy tank movement speed +0.1. Base discovery chance 4%, +2%p if literacy is 60% or higher, +2%p from 1947, +2%p with 'Mechanized Breakthrough' research.;;;;;;;;;;;;;x
tgcnv_ww2_inv_duralumin_extrusion;Light Alloy Extrusion Process;;;;;;;;;;;;;x
tgcnv_ww2_inv_duralumin_extrusion_desc;Can be discovered from 1936 after completing 'All-Metal Monoplane' research. Also requires the Aircraft Instrument Standardization invention. Duralumin extrusion processes for aircraft are standardized to improve airframe structural productivity. Aircraft factory output +1% / Machine parts factory output +1%. Base discovery chance 4%, +2%p if literacy is 60% or higher, +2%p from 1938, +2%p with 'Lightweight Alloys' research.;;;;;;;;;;;;;x
tgcnv_ww2_inv_searchlight_battery_drills;Searchlight Battery Drills;;;;;;;;;;;;;x
tgcnv_ww2_inv_searchlight_battery_drills_desc;Can be discovered from 1940 after completing 'Integrated Air Defense System' research. Also requires the Aircraft Inspection Window invention. Searchlight companies are standardized and cooperation procedures with antiaircraft batteries are established for night air defense. Electrical parts factory output +1% / Ammunition factory output +1%. Base discovery chance 4%, +2%p if literacy is 60% or higher, +2%p from 1942, +2%p with 'Radar Fire Control' research.;;;;;;;;;;;;;x
tgcnv_ww2_inv_swept_wing_tunnel_tests;High-Speed Airframe Wind-Tunnel Tests;;;;;;;;;;;;;x
tgcnv_ww2_inv_swept_wing_tunnel_tests_desc;Can be discovered from 1945 after completing 'Jet Fighter' research. Also requires the Long-Range Airframe Production Jig invention. A wind tunnel test system is established to verify high-speed airframe wing shapes and support new airframe development. Aircraft factory output +2% / Machine parts factory output +1%. Base discovery chance 4%, +2%p if literacy is 60% or higher, +2%p from 1947, +2%p with 'Gas Turbine Production' research.;;;;;;;;;;;;;x
tgcnv_ww2_inv_staff_cipher_procedures;Staff Cipher Procedures;;;;;;;;;;;;;x
tgcnv_ww2_inv_staff_cipher_procedures_desc;Can be discovered from 1936 after completing 'Operational Staff System' research. Also requires the Field Radio Communication Protocol invention. Staff cipher writing and decryption procedures are unified to improve the speed and security of order transmission. Army-wide organization +1. Base discovery chance 4%, +2%p if literacy is 60% or higher, +2%p from 1938, +2%p with 'Industrial Electronics' research.;;;;;;;;;;;;;x
tgcnv_ww2_inv_air_support_request_forms;Air Support Request Procedures;;;;;;;;;;;;;x
tgcnv_ww2_inv_air_support_request_forms_desc;Can be discovered from 1940 after completing 'Frontline Air Control' research. Also requires the Staff Map Exercise invention. Forms and transmission procedures for ground units to request air support are standardized to speed up cooperation. Radio factory output +1% / Artillery support +0.05. Base discovery chance 4%, +2%p if literacy is 60% or higher, +2%p from 1942, +2%p with 'Independent Air Force System' research.;;;;;;;;;;;;;x
tgcnv_ww2_inv_field_refuelling_points;Field Refuelling Points;;;;;;;;;;;;;x
tgcnv_ww2_inv_field_refuelling_points_desc;Can be discovered from 1943 after completing 'Integrated Logistics Staff' research. Also requires the Forward Liaison Officer invention. Fuel and supply points are deployed behind the front to stabilize fuel supply for mobile forces. Army attrition -0.5% / Reinforcement rate +0.5%. Base discovery chance 4%, +2%p if literacy is 60% or higher, +2%p from 1945, +2%p with 'Motorized Supply Network' research.;;;;;;;;;;;;;x
tgcnv_ww2_inv_underway_refuelling_drills;Underway Refuelling Drills;;;;;;;;;;;;;x
tgcnv_ww2_inv_underway_refuelling_drills_desc;Can be discovered from 1936 after completing 'Mobile Fleet Operations' research. Also requires the Escort Rotation Plan invention. Standard procedures for mobile fleets to receive fuel at sea are established to increase operational endurance. Navy-wide supply consumption -0.5% / Destroyer organization +1. Base discovery chance 4%, +2%p if literacy is 60% or higher, +2%p from 1938, +2%p with 'High-Octane Fuel' research.;;;;;;;;;;;;;x
tgcnv_ww2_inv_convoy_air_cover_schedules;Convoy Air Cover Schedules;;;;;;;;;;;;;x
tgcnv_ww2_inv_convoy_air_cover_schedules_desc;Can be discovered from 1940 after completing 'Naval-Air Cooperation Doctrine' research. Also requires the Convoy Formation Keeping Drill invention. Air cover schedules matching convoy routes are prepared to use patrol fuel efficiently. Fuel factory output +1% / Navy attrition -0.5%. Base discovery chance 4%, +2%p if literacy is 60% or higher, +2%p from 1942, +2%p with 'Frontline Air Control' research.;;;;;;;;;;;;;x
tgcnv_ww2_inv_beach_liaison_parties;Beach Liaison Parties;;;;;;;;;;;;;x
tgcnv_ww2_inv_beach_liaison_parties_desc;Can be discovered from 1945 after completing 'Joint Amphibious Doctrine' research. Also requires the Escort Search Formation invention. Liaison parties are formed between beachheads and fleets to facilitate the insertion of follow-on waves. Marine attack +0.25, organization +1 / Steam transport hull +0.05. Base discovery chance 4%, +2%p if literacy is 60% or higher, +2%p from 1947, +2%p with 'Joint Theater Operations' research.;;;;;;;;;;;;;x
tgcnv_ww2_inv_cruiser_ammo_handling;Heavy Cruiser Ammunition Handling Improvements;;;;;;;;;;;;;x
tgcnv_ww2_inv_cruiser_ammo_handling_desc;Can be discovered from 1936 after completing 'Modern Cruiser Design' research. Also requires the Welded Bulkhead invention. Propellant and warhead handling procedures on heavy cruisers are improved to increase the sustained rate of naval gunfire. Heavy cruiser naval gun firepower +1 / Ammunition factory output +1%. Base discovery chance 4%, +2%p if literacy is 60% or higher, +2%p from 1938, +2%p with 'Munitions Mass Production System' research.;;;;;;;;;;;;;x
tgcnv_ww2_inv_carrier_hangar_layouts;Carrier Hangar Improvements;;;;;;;;;;;;;x
tgcnv_ww2_inv_carrier_hangar_layouts_desc;Can be discovered from 1940 after completing 'Improved Capital Ship Design' research. Also requires the Cruiser Compartmentalization invention. Internal arrangements of hangars and flight decks are improved to increase carrier survivability. Fleet carrier hull +2, organization +1 / Light carrier hull +1. Base discovery chance 4%, +2%p if literacy is 60% or higher, +2%p from 1942, +2%p with 'All-Metal Monoplane' research.;;;;;;;;;;;;;x
tgcnv_ww2_inv_submarine_battery_standards;Submarine Battery Standards;;;;;;;;;;;;;x
tgcnv_ww2_inv_submarine_battery_standards_desc;Can be discovered from 1943 after completing 'Modular Shipbuilding' research. Also requires the Shipyard Welding Jig invention. Submarine battery cell standards are unified to reduce maintenance and replacement time. Submarine movement speed +0.3 / Navy-wide construction time -1 day. Base discovery chance 4%, +2%p if literacy is 60% or higher, +2%p from 1945, +2%p with 'Industrial Electronics' research.;;;;;;;;;;;;;x
tgcnv_ww2_inv_turbine_rotor_balancing;Turbine Rotor Balancing;;;;;;;;;;;;;x
tgcnv_ww2_inv_turbine_rotor_balancing_desc;Can be discovered from 1936 after completing 'High-Pressure Steam Engine' research. Also requires the Warship Damage Control Party invention. Steam turbine rotor balancing precision is increased to reduce vibration and secure speed margins. Destroyer movement speed +0.5 / Heavy cruiser movement speed +0.5. Base discovery chance 4%, +2%p if literacy is 60% or higher, +2%p from 1938, +2%p with 'Precision Machine Tools' research.;;;;;;;;;;;;;x
tgcnv_ww2_inv_submarine_snorkel_fittings;Submarine Snorkel Fittings;;;;;;;;;;;;;x
tgcnv_ww2_inv_submarine_snorkel_fittings_desc;Can be discovered from 1940 after completing 'Improved Ship Propulsion' research. Also requires the High-Pressure Steam Sealant invention. Snorkel fittings that assist charging while submerged are installed on submarines to increase operational endurance. Submarine movement speed +0.5, evasion +1%p. Base discovery chance 4%, +2%p if literacy is 60% or higher, +2%p from 1942, +2%p with 'Statistical Quality Control' research.;;;;;;;;;;;;;x
tgcnv_ww2_inv_repair_parts_standardization;Repair Parts Standardization;;;;;;;;;;;;;x
tgcnv_ww2_inv_repair_parts_standardization_desc;Can be discovered from 1945 after completing 'Integrated Damage Control' research. Also requires the Automatic Fire Extinguishing Piping invention. Pumps and piping parts used for damage control are unified to common ship class standards to improve recovery capability. Navy attrition -0.5% / Navy-wide organization +1. Base discovery chance 4%, +2%p if literacy is 60% or higher, +2%p from 1947, +2%p with 'Statistical Quality Control' research.;;;;;;;;;;;;;x
tgcnv_ww2_inv_hydrophone_array_layouts;Hydrophone Array Standardization;;;;;;;;;;;;;x
tgcnv_ww2_inv_hydrophone_array_layouts_desc;Can be discovered from 1936 after completing 'Improved Hydroacoustics' research. Also requires the Direction Finder Calibration invention. Placement and maintenance standards for ship hydrophone equipment are standardized to improve patrol efficiency. Navy-wide organization +1 / Electrical parts factory output +1%. Base discovery chance 4%, +2%p if literacy is 60% or higher, +2%p from 1938, +2%p with 'Industrial Electronics' research.;;;;;;;;;;;;;x
tgcnv_ww2_inv_fire_control_radars;Shipborne Fire Control Radars;;;;;;;;;;;;;x
tgcnv_ww2_inv_fire_control_radars_desc;Can be discovered from 1940 after completing 'Radar Fire Control' research. Also requires the Maritime Radio Beacon invention. Radar ranging is combined with main gun fire control to improve long-range hit probability. Navy-wide naval gun firepower +0.05 / Heavy cruiser naval gun firepower +1. Base discovery chance 4%, +2%p if literacy is 60% or higher, +2%p from 1942, +2%p with 'Integrated Air Defense System' research.;;;;;;;;;;;;;x
tgcnv_ww2_inv_oxygen_torpedo_feeds;Oxygen Torpedo Feeds;;;;;;;;;;;;;x
tgcnv_ww2_inv_oxygen_torpedo_feeds_desc;Can be discovered from 1943 after completing 'Fleet Air Defense Control' research. Also requires the Hydrophone Transducer Production invention. The oxygen feed system of torpedo engines is improved to increase torpedo reliability and power. Submarine torpedo attack +2 / Destroyer torpedo attack +1. Base discovery chance 4%, +2%p if literacy is 60% or higher, +2%p from 1945, +2%p with 'Synthetic Fuel' research.;;;;;;;;;;;;;x
tgcnv_ww2_inv_spotter_correction_code;Spotter Correction Code;;;;;;;;;;;;;x
tgcnv_ww2_inv_spotter_correction_code_desc;Can be discovered from 1936 after completing 'Central Fire Control' research. Spotting and correction signals are unified under a common fleet code to speed up fire deployment. Navy-wide naval gun firepower +0.05. Base discovery chance 4%, +2%p if literacy is 60% or higher, +2%p from 1938, +2%p with 'Operational Staff System' research.;;;;;;;;;;;;;x
tgcnv_ww2_inv_fleet_cipher_key_rotation;Fleet Cipher Key Distribution Procedures;;;;;;;;;;;;;x
tgcnv_ww2_inv_fleet_cipher_key_rotation_desc;Can be discovered from 1940 after completing 'Fleet Communication Protocol' research. Also requires the Fleet Salvo Cooperation invention. Cipher key distribution and renewal procedures are unified to maintain communications security while reducing decryption delays. Navy-wide organization +1 / Radio factory output +1%. Base discovery chance 4%, +2%p if literacy is 60% or higher, +2%p from 1942, +2%p with 'Interdisciplinary Research' research.;;;;;;;;;;;;;x
tgcnv_ww2_inv_logistics_appendix_warplans;Logistics Appendix to War Plans;;;;;;;;;;;;;x
tgcnv_ww2_inv_logistics_appendix_warplans_desc;Can be discovered from 1945 after completing 'Joint Naval Staff' research. Also requires the Emergency Command Succession invention. A logistics appendix is mandatory for all fleet operation plans to systematize supply planning. Navy-wide supply consumption -0.5%, organization +1. Base discovery chance 4%, +2%p if literacy is 60% or higher, +2%p from 1947, +2%p with 'Theater Command Integration' research.;;;;;;;;;;;;;x
tgcnv_ww2_inv_alkylation_refining;Alkylation Refining;;;;;;;;;;;;;x
tgcnv_ww2_inv_alkylation_refining_desc;Can be discovered from 1936 after completing 'High-Octane Fuel' research. Alkylation is introduced into refining to increase the supply of fuel suitable for high-output engines. Fuel factory output +3% / Automobile factory output +2%. Base discovery chance 4%, +2%p if literacy is 60% or higher, +2%p from 1938, +2%p with 'Synthetic Fuel' research.;;;;;;;;;;;;;x
tgcnv_ww2_inv_condenser_vacuum_controls;Condenser Vacuum Controls;;;;;;;;;;;;;x
tgcnv_ww2_inv_condenser_vacuum_controls_desc;Can be discovered from 1940 after completing 'Improved Industrial Turbines' research. Condenser pressure and vacuum are managed stably to increase power plant utilization. Factory throughput +1% / Coal resource production +2%. Base discovery chance 4%, +2%p if literacy is 60% or higher, +2%p from 1942, +2%p with 'Statistical Quality Control' research.;;;;;;;;;;;;;x
tgcnv_ww2_inv_turbine_blade_cooling;Turbine Blade Cooling;;;;;;;;;;;;;x
tgcnv_ww2_inv_turbine_blade_cooling_desc;Can be discovered from 1943 after completing 'Gas Turbine Production' research. Cooling and manufacturing processes for turbine blades exposed to hot gas are improved. Aircraft factory output +3% / Fuel factory output +2%. Base discovery chance 4%, +2%p if literacy is 60% or higher, +2%p from 1945, +2%p with 'Heat-Resistant Alloys' research.;;;;;;;;;;;;;x
tgcnv_ww2_inv_ammunition_optical_inspection;Ammunition Optical Inspection Equipment;;;;;;;;;;;;;x
tgcnv_ww2_inv_ammunition_optical_inspection_desc;Can be discovered from 1936 after completing 'Munitions Mass Production System' research. Optical measuring devices are placed on ammunition production lines to quickly screen defects. Ammunition factory output +3% / Small arms factory output +2%. Base discovery chance 4%, +2%p if literacy is 60% or higher, +2%p from 1938, +2%p with 'Homogeneous Rolled Armor' research.;;;;;;;;;;;;;x
tgcnv_ww2_inv_supplier_quality_certification;Supplier Quality Certification;;;;;;;;;;;;;x
tgcnv_ww2_inv_supplier_quality_certification_desc;Can be discovered from 1940 after completing 'Statistical Quality Control' research. Component supplier manufacturing capabilities are certified to reduce rework in assembly. Factory input -0.2% / Machine parts factory output +2%. Base discovery chance 4%, +2%p if literacy is 60% or higher, +2%p from 1942, +2%p with 'Wartime Industrial Mobilization' research.;;;;;;;;;;;;;x
tgcnv_ww2_inv_dispersed_airframe_production;Dispersed Airframe Production;;;;;;;;;;;;;x
tgcnv_ww2_inv_dispersed_airframe_production_desc;Can be discovered from 1943 after completing 'Compatible Airframe Production' research. Aircraft production is divided among multiple factories and component transport is linked to expand the production network. Aircraft factory output +3% / Supply limit +2.5%. Base discovery chance 4%, +2%p if literacy is 60% or higher, +2%p from 1945, +2%p with 'Air Transport Network' research.;;;;;;;;;;;;;x
tgcnv_ww2_inv_armor_welding_electrodes;Armor Welding Electrodes;;;;;;;;;;;;;x
tgcnv_ww2_inv_armor_welding_electrodes_desc;Can be discovered from 1936 after completing 'Homogeneous Rolled Armor' research. Produces welding electrodes suitable for armor steel, improving the quality of tank hull assembly. Steel factory output +2% / Tank factory output +3%. Base discovery chance 4%, +2%p if literacy is 60% or higher, +2%p from 1938, +2%p with 'Military Mass Production System' research.;;;;;;;;;;;;;x
tgcnv_ww2_inv_nickel_superalloy_formulations;Heat-Resistant Nickel Alloys;;;;;;;;;;;;;x
tgcnv_ww2_inv_nickel_superalloy_formulations_desc;Can be discovered from 1940 after completing 'Heat-Resistant Alloy' research. Organizes nickel-based superalloy formulations to improve manufacturing efficiency of high-temperature components. Steel factory output +3% / Aircraft factory input -0.5%. Base discovery chance 4%, +2%p if literacy is 60% or higher, +2%p from 1942, +2%p with 'Improved Industrial Turbine' research.;;;;;;;;;;;;;x
tgcnv_ww2_inv_powder_metallurgy_tool_steel;Powder Metallurgy Tool Steel;;;;;;;;;;;;;x
tgcnv_ww2_inv_powder_metallurgy_tool_steel_desc;Can be discovered from 1945 after completing 'High-Performance Cutting Alloy' research. Uses metal powder forming and sintering to supply uniform tool materials. Steel factory output +3% / Machine parts factory output +3%. Base discovery chance 4%, +2%p if literacy is 60% or higher, +2%p from 1947, +2%p with 'Process Automatic Control' research.;;;;;;;;;;;;;x
tgcnv_ww2_inv_military_fuel_pipelines;Military Fuel Pipeline Network;;;;;;;;;;;;;x
tgcnv_ww2_inv_military_fuel_pipelines_desc;Can be discovered from 1936 after completing 'Motorized Supply Network' research. Installs fuel pipeline networks between military supply hubs to reduce the burden on vehicle transport. Fuel factory output +3% / Supply limit +2.5%. Base discovery chance 4%, +2%p if literacy is 60% or higher, +2%p from 1938, +2%p with 'High-Octane Fuel' research.;;;;;;;;;;;;;x
tgcnv_ww2_inv_equipment_recovery_teams;Equipment Recovery Teams;;;;;;;;;;;;;x
tgcnv_ww2_inv_equipment_recovery_teams_desc;Can be discovered from 1940 after completing 'Forward Maintenance System' research. Forms recovery teams to retrieve damaged equipment and move it to maintenance depots. Reinforcement rate +1% / Army attrition -0.5%. Base discovery chance 4%, +2%p if literacy is 60% or higher, +2%p from 1942, +2%p with 'Statistical Quality Control' research.;;;;;;;;;;;;;x
tgcnv_ww2_inv_palletized_loading_systems;Palletized Loading Systems;;;;;;;;;;;;;x
tgcnv_ww2_inv_palletized_loading_systems_desc;Can be discovered from 1945 after completing 'Integrated Military Supply Hub' research. Introduces pallets and loading equipment to supply depots to reduce handling time for bulk cargo. Factory throughput +1% / Supply limit +2.5%. Base discovery chance 4%, +2%p if literacy is 60% or higher, +2%p from 1947, +2%p with 'Integrated Transport Allocation' research.;;;;;;;;;;;;;x
tgcnv_ww2_inv_coal_gasification_plants;Coal Gasification Process;;;;;;;;;;;;;x
tgcnv_ww2_inv_coal_gasification_plants_desc;Can be discovered from 1936 after completing 'Synthetic Fuel' research. Links coal gasification with downstream refining to strengthen raw material supply for synthetic fuel. Fuel factory output +3% / Coal resource output +3%. Base discovery chance 4%, +2%p if literacy is 60% or higher, +2%p from 1938, +2%p with 'High-Octane Fuel' research.;;;;;;;;;;;;;x
tgcnv_ww2_inv_stabilized_explosive_compounds;Stabilized Explosive Compounds;;;;;;;;;;;;;x
tgcnv_ww2_inv_stabilized_explosive_compounds_desc;Can be discovered from 1940 after completing 'Solid Propellant' research. Improves stabilizers and formulations for explosives to reduce losses in munitions production. Explosives factory output +3% / Ammunition factory output +2%. Base discovery chance 4%, +2%p if literacy is 60% or higher, +2%p from 1942, +2%p with 'Heat-Resistant Alloy' research.;;;;;;;;;;;;;x
tgcnv_ww2_inv_neutron_cross_section_measurements;Neutron Cross-Section Measurements;;;;;;;;;;;;;x
tgcnv_ww2_inv_neutron_cross_section_measurements_desc;Can be discovered from 1945 after completing 'Nuclear Fission Weapon Research'. Measures neutron cross-sections and shares standard data between research institutions. Electric parts factory output +3% / Research efficiency +1%. Base discovery chance 4%, +2%p if literacy is 60% or higher, +2%p from 1947, +2%p with 'Collaborative Research System' research.;;;;;;;;;;;;;x
tgcnv_ww2_inv_public_loan_guarantees;Public Loan Guarantees;;;;;;;;;;;;;x
tgcnv_ww2_inv_public_loan_guarantees_desc;Can be discovered from 1936 after completing 'Public Investment Finance' research. Establishes guarantee standards for public loans to reduce the financial burden of industrial investment. Factory construction cost -0.5% / Loan interest -0.05%p. Base discovery chance 4%, +2%p if literacy is 60% or higher, +2%p from 1938, +2%p with 'Managed Currency System' research.;;;;;;;;;;;;;x
tgcnv_ww2_inv_bond_redemption_reserves;Bond Redemption Reserves;;;;;;;;;;;;;x
tgcnv_ww2_inv_bond_redemption_reserves_desc;Can be discovered from 1940 after completing 'Wartime Government Bond Finance' research. Manages bond redemption funds separately to stabilize wartime fiscal execution. Tax efficiency +1%p / Administrative efficiency +0.5%p. Base discovery chance 4%, +2%p if literacy is 60% or higher, +2%p from 1942, +2%p with 'Wartime Currency Management' research.;;;;;;;;;;;;;x
tgcnv_ww2_inv_reconstruction_development_banks;Reconstruction Development Banks;;;;;;;;;;;;;x
tgcnv_ww2_inv_reconstruction_development_banks_desc;Can be discovered from 1945 after completing 'Postwar Reconstruction Finance' research. Establishes development banks specializing in reconstruction projects to help restore industrial facilities. Factory construction cost -0.5% / Steel factory output +2%. Base discovery chance 4%, +2%p if literacy is 60% or higher, +2%p from 1947, +2%p with 'Reconstruction Economic Plan' research.;;;;;;;;;;;;;x
tgcnv_ww2_inv_money_demand_models;Money Demand Models;;;;;;;;;;;;;x
tgcnv_ww2_inv_money_demand_models_desc;Can be discovered from 1936 after completing 'Managed Currency System' research. Estimates money demand based on income and transaction volume to improve policy execution. Administrative efficiency +0.5%p / Tax efficiency +1%p. Base discovery chance 4%, +2%p if literacy is 60% or higher, +2%p from 1938, +2%p with 'National Income Accounting' research.;;;;;;;;;;;;;x
tgcnv_ww2_inv_wartime_foreign_exchange_allocation;Wartime Foreign Exchange Allocation;;;;;;;;;;;;;x
tgcnv_ww2_inv_wartime_foreign_exchange_allocation_desc;Can be discovered from 1940 after completing 'Wartime Currency Management' research. Prioritizes foreign exchange for imports of essential raw materials to stabilize supply for munitions factories. Factory input -0.2% / Fuel factory output +2%. Base discovery chance 4%, +2%p if literacy is 60% or higher, +2%p from 1942, +2%p with 'Rationing and Procurement System' research.;;;;;;;;;;;;;x
tgcnv_ww2_inv_settlement_currency_agreements;Settlement Currency Agreements;;;;;;;;;;;;;x
tgcnv_ww2_inv_settlement_currency_agreements_desc;Can be discovered from 1945 after completing 'International Currency Cooperation' research. Establishes mutual agreements on settlement currency to reduce financial burdens of international trade. Loan interest -0.05%p / Diplomatic point generation +2.5%. Base discovery chance 4%, +2%p if literacy is 60% or higher, +2%p from 1947, +2%p with 'International Cooperation Organization' research.;;;;;;;;;;;;;x
tgcnv_ww2_inv_employment_stabilization_programs;Employment Stabilization Programs;;;;;;;;;;;;;x
tgcnv_ww2_inv_employment_stabilization_programs_desc;Can be discovered from 1936 after completing 'Aggregate Demand Management' research. Links public works with technical education to reduce losses of production workforce from economic fluctuations. Factory throughput +1% / Education efficiency +1%. Base discovery chance 4%, +2%p if literacy is 60% or higher, +2%p from 1938, +2%p with 'Public Investment Finance' research.;;;;;;;;;;;;;x
tgcnv_ww2_inv_strategic_material_substitution;Strategic Material Substitution Plan;;;;;;;;;;;;;x
tgcnv_ww2_inv_strategic_material_substitution_desc;Can be discovered from 1940 after completing 'Wartime Resource Allocation' research. Systematically reviews materials and production processes that can substitute for scarce strategic raw materials. Factory input -0.3% / Steel factory output +2%. Base discovery chance 4%, +2%p if literacy is 60% or higher, +2%p from 1942, +2%p with 'Heat-Resistant Alloy' research.;;;;;;;;;;;;;x
tgcnv_ww2_inv_national_economic_simulation;National Economic Models;;;;;;;;;;;;;x
tgcnv_ww2_inv_national_economic_simulation_desc;Can be discovered from 1943 after completing 'Input-Output Analysis' research. Connects inter-industry supply and demand in a computational model to reduce waste in production planning. Factory input -0.3% / Factory output +0.5%. Base discovery chance 4%, +2%p if literacy is 60% or higher, +2%p from 1945, +2%p with 'Operations Research'.;;;;;;;;;;;;;x
tgcnv_ww2_inv_refrigerated_supply_networks;Refrigerated Supply Networks;;;;;;;;;;;;;x
tgcnv_ww2_inv_refrigerated_supply_networks_desc;Can be discovered from 1936 after completing 'Strategic Material Stockpiling' research. Links refrigerated storage with long-distance transport to reduce losses in the food supply chain. Canned food factory output +3% / Supply limit +2.5%. Base discovery chance 4%, +2%p if literacy is 60% or higher, +2%p from 1938, +2%p with 'Motorized Supply Network' research.;;;;;;;;;;;;;x
tgcnv_ww2_inv_military_food_specifications;Military Food Specifications;;;;;;;;;;;;;x
tgcnv_ww2_inv_military_food_specifications_desc;Can be discovered from 1940 after completing 'Rationing and Procurement System' research. Standardizes nutrition and packaging specifications for military food to facilitate mass procurement. Canned food factory output +3% / Supply limit +2.5%. Base discovery chance 4%, +2%p if literacy is 60% or higher, +2%p from 1942, +2%p with 'Civil Defense Education' research.;;;;;;;;;;;;;x
tgcnv_ww2_inv_wartime_route_optimization;Wartime Route Optimization;;;;;;;;;;;;;x
tgcnv_ww2_inv_wartime_route_optimization_desc;Can be discovered from 1943 after completing 'Integrated Transport Allocation' research. Compares travel time and risk by transport route to improve dispatch of military cargo. Navy attrition -0.5% / Army attrition -0.5%. Base discovery chance 4%, +2%p if literacy is 60% or higher, +2%p from 1945, +2%p with 'Operations Research'.;;;;;;;;;;;;;x
tgcnv_ww2_inv_production_load_leveling;Production Load Leveling;;;;;;;;;;;;;x
tgcnv_ww2_inv_production_load_leveling_desc;Can be discovered from 1936 after completing 'Production Scheduling' research. Levels production load by process to reduce equipment idle time and parts congestion. Factory input -0.2% / Factory throughput +1%. Base discovery chance 4%, +2%p if literacy is 60% or higher, +2%p from 1938, +2%p with 'Military Mass Production System' research.;;;;;;;;;;;;;x
tgcnv_ww2_inv_integrated_military_demand_forecasts;Integrated Military Demand Forecasts;;;;;;;;;;;;;x
tgcnv_ww2_inv_integrated_military_demand_forecasts_desc;Can be discovered from 1940 after completing 'Wartime Industrial Mobilization' research. Integrates military demand by service branch to coordinate production orders and equipment allocation. Factory throughput +1% / Small arms factory output +2%. Base discovery chance 4%, +2%p if literacy is 60% or higher, +2%p from 1942, +2%p with 'Wartime Resource Allocation' research.;;;;;;;;;;;;;x
tgcnv_ww2_inv_maintenance_replacement_analysis;Maintenance Replacement Analysis;;;;;;;;;;;;;x
tgcnv_ww2_inv_maintenance_replacement_analysis_desc;Can be discovered from 1943 after completing 'Operations Research'. Analyzes equipment failure and replacement records to improve ordering times for maintenance parts. Factory input -0.2% / Machine parts factory output +2%. Base discovery chance 4%, +2%p if literacy is 60% or higher, +2%p from 1945, +2%p with 'Forward Maintenance System' research.;;;;;;;;;;;;;x
tgcnv_ww2_inv_location_sound_recording;Location Sound Recording;;;;;;;;;;;;;x
tgcnv_ww2_inv_location_sound_recording_desc;Can be discovered from 1936 after completing 'Documentary Film Movement' research. Uses location sound recording in documentary films to improve the impact of educational and news materials. Shared prestige +3 / Education efficiency +1%. Base discovery chance 4%, +2%p if literacy is 60% or higher, +2%p from 1938, +2%p with 'Industrial Electronics' research.;;;;;;;;;;;;;x
tgcnv_ww2_inv_war_photography_networks;War Photography Networks;;;;;;;;;;;;;x
tgcnv_ww2_inv_war_photography_networks_desc;Can be discovered from 1940 after completing 'Wartime Visual Culture' research. Connects photojournalists and news agencies to strengthen documentation and information flow in wartime society. Prestige gain +1.5% / Organization recovery +1%. Base discovery chance 4%, +2%p if literacy is 60% or higher, +2%p from 1942, +2%p with 'Wartime Administrative Organization' research.;;;;;;;;;;;;;x
tgcnv_ww2_inv_cultural_property_restitution;Cultural Property Restitution;;;;;;;;;;;;;x
tgcnv_ww2_inv_cultural_property_restitution_desc;Can be discovered from 1945 after completing 'Postwar Cultural Exchange' research. Promotes investigation and return of cultural property moved during the war through international cooperation. Prestige gain +2% / Diplomatic point generation +2.5%. Base discovery chance 4%, +2%p if literacy is 60% or higher, +2%p from 1947, +2%p with 'International Cooperation Organization' research.;;;;;;;;;;;;;x
tgcnv_ww2_inv_experimental_error_analysis;Experimental Error Analysis;;;;;;;;;;;;;x
tgcnv_ww2_inv_experimental_error_analysis_desc;Can be discovered from 1936 after completing 'Development of Philosophy of Science' research. Establishes methods for analyzing experimental error and uncertainty in researcher training. Research efficiency +2% / Education efficiency +1%. Base discovery chance 4%, +2%p if literacy is 60% or higher, +2%p from 1938, +2%p with 'Social Survey Methods' research.;;;;;;;;;;;;;x
tgcnv_ww2_inv_scientific_abstract_networks;Scientific Abstract Networks;;;;;;;;;;;;;x
tgcnv_ww2_inv_scientific_abstract_networks_desc;Can be discovered from 1940 after completing 'Interdisciplinary Research'. Uses an information network that collects and distributes academic abstracts to promote sharing of research results. Research efficiency +2.5% / Radio factory output +1%. Base discovery chance 4%, +2%p if literacy is 60% or higher, +2%p from 1942, +2%p with 'Solid Propellant' research.;;;;;;;;;;;;;x
tgcnv_ww2_inv_shared_reference_materials;Shared Reference Materials;;;;;;;;;;;;;x
tgcnv_ww2_inv_shared_reference_materials_desc;Can be discovered from 1943 after completing 'Collaborative Research System' research. Research institutions jointly produce standard reference materials to improve consistency in measurement and comparison. Research efficiency +2.5% / Education efficiency +1%. Base discovery chance 4%, +2%p if literacy is 60% or higher, +2%p from 1945, +2%p with 'Precision Casting' research.;;;;;;;;;;;;;x
tgcnv_ww2_inv_social_mobility_panel_surveys;Social Mobility Panel Surveys;;;;;;;;;;;;;x
tgcnv_ww2_inv_social_mobility_panel_surveys_desc;Can be discovered from 1936 after completing 'Social Survey Methods' research. Tracks the same households over time to study changes in education and occupational mobility. Education efficiency +2% / Administrative efficiency +0.5%p. Base discovery chance 4%, +2%p if literacy is 60% or higher, +2%p from 1938, +2%p with 'National Income Accounting' research.;;;;;;;;;;;;;x
tgcnv_ww2_inv_first_aid_training;First Aid Training;;;;;;;;;;;;;x
tgcnv_ww2_inv_first_aid_training_desc;Can be discovered from 1940 after completing 'Civil Defense Education' research. Includes first aid courses in civil defense and military training to reduce personnel losses. Army attrition -0.5% / Reinforcement rate +0.5%. Base discovery chance 4%, +2%p if literacy is 60% or higher, +2%p from 1942, +2%p with 'Combat Stress Research'.;;;;;;;;;;;;;x
tgcnv_ww2_inv_civilian_war_victim_retraining;Vocational Training for War Victims;;;;;;;;;;;;;x
tgcnv_ww2_inv_civilian_war_victim_retraining_desc;Can be discovered from 1945 after completing 'Social Reconstruction Policy' research. Provides technical training to civilians who lost their jobs in the war to help them return to society. Education efficiency +2% / Machine parts factory output +1%. Base discovery chance 4%, +2%p if literacy is 60% or higher, +2%p from 1947, +2%p with 'Psychological Rehabilitation System' research.;;;;;;;;;;;;;x
tgcnv_ww2_inv_policy_impact_assessment;Policy Impact Assessment;;;;;;;;;;;;;x
tgcnv_ww2_inv_policy_impact_assessment_desc;Can be discovered from 1936 after completing 'National Policy Coordination' research. Evaluates the impact before and after policy implementation to improve public administration efficiency. Tax efficiency +1%p / Administrative efficiency +0.5%p. Base discovery chance 4%, +2%p if literacy is 60% or higher, +2%p from 1938, +2%p with 'Social Survey Methods' research.;;;;;;;;;;;;;x
tgcnv_ww2_inv_civilian_evacuation_planning;Civilian Evacuation Planning;;;;;;;;;;;;;x
tgcnv_ww2_inv_civilian_evacuation_planning_desc;Can be discovered from 1940 after completing 'Wartime Administrative Organization' research. Plans civilian evacuation routes together with military transport routes to reduce congestion in emergencies. Administrative efficiency +0.5%p / Supply limit +2.5%. Base discovery chance 4%, +2%p if literacy is 60% or higher, +2%p from 1942, +2%p with 'Forward Maintenance System' research.;;;;;;;;;;;;;x
tgcnv_ww2_inv_postwar_international_arbitration;Postwar International Arbitration;;;;;;;;;;;;;x
tgcnv_ww2_inv_postwar_international_arbitration_desc;Can be discovered from 1945 after completing 'International Cooperation Organization' research. Establishes common procedures for settling postwar disputes through international arbitration. Diplomatic point generation +5% / Influence generation +1%. Base discovery chance 4%, +2%p if literacy is 60% or higher, +2%p from 1947, +2%p with 'Postwar Cultural Exchange' research.;;;;;;;;;;;;;x
tgcnv_ww2_inv_workplace_safety_training;Workplace Safety Psychology Training;;;;;;;;;;;;;x
tgcnv_ww2_inv_workplace_safety_training_desc;Can be discovered from 1936 after completing 'Industrial Psychology' research. Trains workers in risk perception and behavior to reduce personnel losses at production sites. Factory output +0.5% / Reinforcement rate +0.5%. Base discovery chance 4%, +2%p if literacy is 60% or higher, +2%p from 1938, +2%p with 'Social Survey Methods' research.;;;;;;;;;;;;;x
tgcnv_ww2_inv_unit_cohesion_training;Unit Cohesion Training;;;;;;;;;;;;;x
tgcnv_ww2_inv_unit_cohesion_training_desc;Can be discovered from 1940 after completing 'Combat Stress Research'. Incorporates cooperation and trust among unit members into training to improve response to combat stress. Army overall organization +1 / Organization recovery +1.5%. Base discovery chance 4%, +2%p if literacy is 60% or higher, +2%p from 1942, +2%p with 'Wartime Administrative Organization' research.;;;;;;;;;;;;;x
tgcnv_ww2_inv_operator_motion_studies;Operator Motion Studies;;;;;;;;;;;;;x
tgcnv_ww2_inv_operator_motion_studies_desc;Can be discovered from 1943 after completing 'Ergonomic Design' research. Analyzes operator motions together with equipment layout to reduce waste in repetitive work. Factory input -0.2% / Education efficiency +1%. Base discovery chance 4%, +2%p if literacy is 60% or higher, +2%p from 1945, +2%p with 'Interchangeable Airframe Production' research.;;;;;;;;;;;;;x
