CODE;ENGLISH;FRENCH;GERMAN;POLISH;SPANISH;ITALIAN;SWEDISH;CZECH;HUNGARIAN;DUTCH;PORTUGUESE;RUSSIAN;FINNISH;x
AB0_absolute_monarchy;Samurzakano;;;;;;;;;;;;;x
AB0_bourgeois_dictatorship;Samurzakano;;;;;;;;;;;;;x
AB0_democracy;Samurzakano;;;;;;;;;;;;;x
AB0_fascist_dictatorship;Samurzakano;;;;;;;;;;;;;x
AB0_hms_government;Samurzakano;;;;;;;;;;;;;x
AB0_presidential_dictatorship;Samurzakano;;;;;;;;;;;;;x
AB0_proletarian_dictatorship;Samurzakano;;;;;;;;;;;;;x
AB0_prussian_constitutionalism;Samurzakano;;;;;;;;;;;;;x
AB1_absolute_monarchy;Sadzen;;;;;;;;;;;;;x
AB1_bourgeois_dictatorship;Sadzen;;;;;;;;;;;;;x
AB1_democracy;Sadzen;;;;;;;;;;;;;x
AB1_fascist_dictatorship;Sadzen;;;;;;;;;;;;;x
AB1_hms_government;Sadzen;;;;;;;;;;;;;x
AB1_presidential_dictatorship;Sadzen;;;;;;;;;;;;;x
AB1_proletarian_dictatorship;Commune of Sadzen;;;;;;;;;;;;;x
AB1_prussian_constitutionalism;Sadzen;;;;;;;;;;;;;x
AB2_absolute_monarchy;Abazina;;;;;;;;;;;;;x
AB2_bourgeois_dictatorship;Abazina;;;;;;;;;;;;;x
AB2_democracy;Abazina Jamaats;;;;;;;;;;;;;x
AB2_fascist_dictatorship;Abazina;;;;;;;;;;;;;x
AB2_hms_government;Abazina Jamaats;;;;;;;;;;;;;x
AB2_presidential_dictatorship;Abazina;;;;;;;;;;;;;x
AB2_proletarian_dictatorship;Abazina Commune;;;;;;;;;;;;;x
AB2_prussian_constitutionalism;Abazina Jamaats;;;;;;;;;;;;;x
AB3_absolute_monarchy;Akhchipsou;;;;;;;;;;;;;x
AB3_bourgeois_dictatorship;Akhchipsou;;;;;;;;;;;;;x
AB3_democracy;Akhchipsou;;;;;;;;;;;;;x
AB3_fascist_dictatorship;Akhchipsou;;;;;;;;;;;;;x
AB3_hms_government;Akhchipsou;;;;;;;;;;;;;x
AB3_presidential_dictatorship;Akhchipsou;;;;;;;;;;;;;x
AB3_proletarian_dictatorship;Commune of Akhchipsou;;;;;;;;;;;;;x
AB3_prussian_constitutionalism;Akhchipsou;;;;;;;;;;;;;x
AB4_absolute_monarchy;Tsebelda;;;;;;;;;;;;;x
AB4_bourgeois_dictatorship;Tsebelda;;;;;;;;;;;;;x
AB4_democracy;Tsebelda;;;;;;;;;;;;;x
AB4_fascist_dictatorship;Tsebelda;;;;;;;;;;;;;x
AB4_hms_government;Tsebelda;;;;;;;;;;;;;x
AB4_presidential_dictatorship;Tsebelda;;;;;;;;;;;;;x
AB4_proletarian_dictatorship;Tsebelda Commune;;;;;;;;;;;;;x
AB4_prussian_constitutionalism;Tsebelda;;;;;;;;;;;;;x
AB5_absolute_monarchy;Aibga;;;;;;;;;;;;;x
AB5_bourgeois_dictatorship;Aibga;;;;;;;;;;;;;x
AB5_democracy;Aibga;;;;;;;;;;;;;x
AB5_fascist_dictatorship;Aibga;;;;;;;;;;;;;x
AB5_hms_government;Aibga;;;;;;;;;;;;;x
AB5_presidential_dictatorship;Aibga;;;;;;;;;;;;;x
AB5_proletarian_dictatorship;Aibga Commune;;;;;;;;;;;;;x
AB5_prussian_constitutionalism;Aibga;;;;;;;;;;;;;x
ABK_absolute_monarchy;Asirpa Duchy;;;;;;;;;;;;;x
ABK_bourgeois_dictatorship;Asirpa League of Autonomous Cities;;;;;;;;;;;;;x
ABK_democracy;Asirpa Republic;;;;;;;;;;;;;x
ABK_fascist_dictatorship;Asirpa National State;;;;;;;;;;;;;x
ABK_hms_government;Asirpa Constitutional Duchy;;;;;;;;;;;;;x
ABK_presidential_dictatorship;Asirpa Military Regency;;;;;;;;;;;;;x
ABK_proletarian_dictatorship;Asirpa People's Republic;;;;;;;;;;;;;x
ABK_prussian_constitutionalism;Asirpa Royal Council;;;;;;;;;;;;;x
ABN_absolute_monarchy;Beni Kingdom;;;;;;;;;;;;;x
ABN_absolute_monarchy2;Kingdom of Moxos;;;;;;;;;;;;;x
ABN_democracy;Benian Republic;;;;;;;;;;;;;x
ABN_fascist_dictatorship;Benian Empire;;;;;;;;;;;;;x
ABN_hms_government;Beni Kingdom;;;;;;;;;;;;;x
ABN_presidential_dictatorship;Benian Republic;;;;;;;;;;;;;x
ABN_proletarian_dictatorship;Beni Socialist Republic;;;;;;;;;;;;;x
ABN_prussian_constitutionalism;Beni Kingdom;;;;;;;;;;;;;x
ABU_absolute_monarchy;Saori Emirate;;;;;;;;;;;;;x
ABU_absolute_monarchy2;Saori Hereditary Emirate;;;;;;;;;;;;;x
ABU_bourgeois_dictatorship;Saori Merchant Council;;;;;;;;;;;;;x
ABU_fascist_dictatorship;Saori National Unity State;;;;;;;;;;;;;x
ABU_proletarian_dictatorship;Saori Socialist Republic;;;;;;;;;;;;;x
ACA_colonial_company;Aris Chartered Company Territory;;;;;;;;;;;;;x
ACA_dominion;Aris Dominion;;;;;;;;;;;;;x
ACE_democracy;Geoffroy's Cat Federal Republic;;;;;;;;;;;;;x
ACE_proletarian_dictatorship;Geoffroy's Cat Socialist Federation;;;;;;;;;;;;;x
ACE_fascist_dictatorship;Geoffroy's Cat National Unity State;;;;;;;;;;;;;x
ADV_absolute_monarchy;Asuna Duchy;;;;;;;;;;;;;x
ADV_bourgeois_dictatorship;Asuna Free City;;;;;;;;;;;;;x
ADV_colonial_company;Asuna Chartered Company Territory;;;;;;;;;;;;;x
ADV_democracy;Asuna Free State;;;;;;;;;;;;;x
ADV_dominion;Asuna Dominion;;;;;;;;;;;;;x
ADV_fascist_dictatorship;Asuna National State;;;;;;;;;;;;;x
ADV_hms_government;Asuna Constitutional Duchy;;;;;;;;;;;;;x
ADV_presidential_dictatorship;Asuna Military Directorate;;;;;;;;;;;;;x
ADV_proletarian_dictatorship;Asuna Council Republic;;;;;;;;;;;;;x
ADV_prussian_constitutionalism;Asuna Territorial Diet;;;;;;;;;;;;;x
ADW_absolute_monarchy;Adamawa Emirate;;;;;;;;;;;;;x
ADW_democracy;Adamawa Republic;;;;;;;;;;;;;x
ADW_fascist_dictatorship;Adamawa National Unity State;;;;;;;;;;;;;x
ADW_hms_government;Adamawa Constitutional Emirate;;;;;;;;;;;;;x
ADW_proletarian_dictatorship;Adamawa People's Republic;;;;;;;;;;;;;x
ADW_prussian_constitutionalism;Adamawa Diwan;;;;;;;;;;;;;x
AFG_hms_government;Mithra Constitutional Guardian League;;;;;;;;;;;;;x
AFG_prussian_constitutionalism;Mithra Guardians Jirga;;;;;;;;;;;;;x
AFG_theocracy;Mithra Temple Council;;;;;;;;;;;;;x
AIN_absolute_monarchy;Kikyou Grand Chiefdom;;;;;;;;;;;;;x
AKH_absolute_monarchy;Nearl Khanate;;;;;;;;;;;;;x
AKH_prussian_constitutionalism;Nearl Khanate Council;;;;;;;;;;;;;x
ALD_colonial_company;Shiroko Trading Company Territory;;;;;;;;;;;;;x
ALD_dominion;Shiroko Dominion;;;;;;;;;;;;;x
ALS_colonial_company;Erika Chartered Company Territory;;;;;;;;;;;;;x
ALS_dominion;Erika Dominion;;;;;;;;;;;;;x
ALT_absolute_monarchy;Shigure Khanate;;;;;;;;;;;;;x
ALT_hms_government;Shigure Constitutional Khanate;;;;;;;;;;;;;x
ALT_prussian_constitutionalism;Shigure Khanate Council;;;;;;;;;;;;;x
ANB_absolute_monarchy;Chiaki Duchy;;;;;;;;;;;;;x
ANB_colonial_company;Chiaki Chartered Company Territory;;;;;;;;;;;;;x
ANB_democracy;Chiaki Free State;;;;;;;;;;;;;x
ANB_dominion;Chiaki Dominion;;;;;;;;;;;;;x
ANB_fascist_dictatorship;Chiaki National State;;;;;;;;;;;;;x
ANB_federal_democracy;Chiaki Federal Republic;;;;;;;;;;;;;x
ANB_hms_government;Chiaki Constitutional Duchy;;;;;;;;;;;;;x
ANB_parliamentary_republic;Chiaki Parliamentary Republic;;;;;;;;;;;;;x
ANB_proletarian_dictatorship;Chiaki Council Republic;;;;;;;;;;;;;x
ANB_prussian_constitutionalism;Chiaki Territorial Diet;;;;;;;;;;;;;x
ANH_absolute_monarchy;Kayoko Duchy;;;;;;;;;;;;;x
ANH_colonial_company;Kayoko Chartered Company Territory;;;;;;;;;;;;;x
ANH_democracy;Kayoko Free State;;;;;;;;;;;;;x
ANH_dominion;Kayoko Dominion;;;;;;;;;;;;;x
ANH_fascist_dictatorship;Kayoko National State;;;;;;;;;;;;;x
ANH_federal_democracy;Kayoko Federal Republic;;;;;;;;;;;;;x
ANH_hms_government;Kayoko Constitutional Duchy;;;;;;;;;;;;;x
ANH_parliamentary_republic;Kayoko Parliamentary Republic;;;;;;;;;;;;;x
ANH_proletarian_dictatorship;Kayoko Council Republic;;;;;;;;;;;;;x
ANH_prussian_constitutionalism;Kayoko Territorial Diet;;;;;;;;;;;;;x
ANK_absolute_monarchy;Aru Duchy;;;;;;;;;;;;;x
ANK_colonial_company;Aru Chartered Company Territory;;;;;;;;;;;;;x
ANK_democracy;Aru Free State;;;;;;;;;;;;;x
ANK_dominion;Aru Dominion;;;;;;;;;;;;;x
ANK_fascist_dictatorship;Aru National State;;;;;;;;;;;;;x
ANK_federal_democracy;Aru Federal Republic;;;;;;;;;;;;;x
ANK_hms_government;Aru Constitutional Duchy;;;;;;;;;;;;;x
ANK_parliamentary_republic;Aru Parliamentary Republic;;;;;;;;;;;;;x
ANK_proletarian_dictatorship;Aru Council Republic;;;;;;;;;;;;;x
ANK_prussian_constitutionalism;Aru Territorial Diet;;;;;;;;;;;;;x
AOT_absolute_monarchy;Amiya Kingdom;United Tribes;United Tribes;;;;;;;;;;;x
AOT_hms_government;Amiya Constitutional Kingdom;United Tribes;United Tribes;;;;;;;;;;;x
AOT_prussian_constitutionalism;Amiya Council of Chiefs;United Tribes;United Tribes;;;;;;;;;;;x
AOU_absolute_monarchy;Oruran Kingdom;;;;;;;;;;;;;x
AOU_democracy;Oruro Republic;;;;;;;;;;;;;x
AOU_fascist_dictatorship;Greatest Oruran Kingdom;;;;;;;;;;;;;x
AOU_hms_government;Oruro Free Kingdom;;;;;;;;;;;;;x
AOU_presidential_dictatorship;Oruran State;;;;;;;;;;;;;x
AOU_proletarian_dictatorship;Oruro People's Republic;;;;;;;;;;;;;x
AOU_prussian_constitutionalism;Oruro Free Kingdom;;;;;;;;;;;;;x
APS_absolute_monarchy;Greater Kingdom of Potosi;;;;;;;;;;;;;x
APS_democracy;Republic of Potosi;;;;;;;;;;;;;x
APS_fascist_dictatorship;Imperial State of Potosi;;;;;;;;;;;;;x
APS_hms_government;Kingdom of Potosi;;;;;;;;;;;;;x
APS_proletarian_dictatorship;Democratic Republic of Potosi;;;;;;;;;;;;;x
APS_prussian_constitutionalism;Kingdom of Potosi;;;;;;;;;;;;;x
APZ_absolute_monarchy;Empire of La Paz;;;;;;;;;;;;;x
APZ_democracy;Republic of La Paz;;;;;;;;;;;;;x
APZ_fascist_dictatorship;Empire of La Paz;;;;;;;;;;;;;x
APZ_hms_government;Kingdom of La Paz;;;;;;;;;;;;;x
APZ_presidential_dictatorship;La Paz State;;;;;;;;;;;;;x
APZ_proletarian_dictatorship;Socialist Republic of La Paz;;;;;;;;;;;;;x
APZ_prussian_constitutionalism;Kingdom of La Paz;;;;;;;;;;;;;x
AQS_absolute_monarchy;Chuquisaca Kingdom;;;;;;;;;;;;;x
AQS_democracy;Chuquisacan Republic;;;;;;;;;;;;;x
AQS_fascist_dictatorship;Chuquisaca State;;;;;;;;;;;;;x
AQS_hms_government;Chuquisaca Free Kingdom;;;;;;;;;;;;;x
AQS_presidential_dictatorship;Chuquisacan Republic;;;;;;;;;;;;;x
AQS_proletarian_dictatorship;Chuquisaca Free Commune;;;;;;;;;;;;;x
AQS_prussian_constitutionalism;Chuquisaca Free Kingdom;;;;;;;;;;;;;x
ARC_democracy;Japari Park Republic;;;;;;;;;;;;;x
ARC_presidential_dictatorship;Japari Park Military Council;;;;;;;;;;;;;x
ARC_proletarian_dictatorship;Japari Park Socialist Republic;;;;;;;;;;;;;x
ARM_absolute_monarchy;Nahida Kingdom;;;;;;;;;;;;;x
ARM_bourgeois_dictatorship;Nahida City Republic;;;;;;;;;;;;;x
ARM_democracy;Nahida Republic;;;;;;;;;;;;;x
ARM_fascist_dictatorship;Nahida National State;;;;;;;;;;;;;x
ARM_federal_democracy;Nahida Federal Republic;;;;;;;;;;;;;x
ARM_hms_government;Nahida Constitutional Kingdom;;;;;;;;;;;;;x
ARM_parliamentary_republic;Nahida Parliamentary Republic;;;;;;;;;;;;;x
ARM_presidential_dictatorship;Nahida Military Council;;;;;;;;;;;;;x
ARM_proletarian_dictatorship;Nahida People's Republic;;;;;;;;;;;;;x
ARM_prussian_constitutionalism;Nahida Royal Council;;;;;;;;;;;;;x
ARM_rus_colonial_company;Nahida Chartered Company Territory;;;;;;;;;;;;;x
ARM_rus_dominion;Nahida Dominion;;;;;;;;;;;;;x
ARO_bourgeois_dictatorship;Aro League of Autonomous Cities;Biafra;Biafra;;;;;;;;;;;x
ARO_democracy;Aro Republic;Biafra;Biafra;;;;;;;;;;;x
ARO_fascist_dictatorship;Aro National Unity State;Biafra;Biafra;;;;;;;;;;;x
ARO_presidential_dictatorship;Aro Military Council;Biafra;Biafra;;;;;;;;;;;x
ARO_proletarian_dictatorship;Aro People's Republic;Biafra;Biafra;;;;;;;;;;;x
ARU_bourgeois_dictatorship;Katsushika Hokusai Merchant Council;;;;;;;;;;;;;x
ARU_democracy;Katsushika Hokusai Republic;;;;;;;;;;;;;x
ARU_fascist_dictatorship;Katsushika Hokusai National Unity State;;;;;;;;;;;;;x
ARU_presidential_dictatorship;Katsushika Hokusai Military Council;;;;;;;;;;;;;x
ARU_proletarian_dictatorship;Katsushika Hokusai Socialist Republic;;;;;;;;;;;;;x
ASC_absolute_monarchy;Empire of Santa Cruz;;;;;;;;;;;;;x
ASC_democracy;Republic of Santa Cruz;;;;;;;;;;;;;x
ASC_hms_government;Sovereign Kingdom of Santa Cruz;;;;;;;;;;;;;x
ASC_presidential_dictatorship;Republic of Santa Cruz;;;;;;;;;;;;;x
ASC_proletarian_dictatorship;Santa Cruz Liberal Democratic Republic;;;;;;;;;;;;;x
ASC_prussian_constitutionalism;Sovereign Kingdom of Santa Cruz;;;;;;;;;;;;;x
ASH_bourgeois_dictatorship;Ashanti League of Autonomous Cities;Ghana;Ghana;;;;;;;;;;;x
ASH_democracy;Ashanti Republic;Ghana;Ghana;;;;;;;;;;;x
ASH_fascist_dictatorship;Ashanti National Unity State;Ghana;Ghana;;;;;;;;;;;x
ASH_presidential_dictatorship;Ashanti Military Council;Ghana;Ghana;;;;;;;;;;;x
ASH_proletarian_dictatorship;Ashanti People's Republic;Ghana;Ghana;;;;;;;;;;;x
ASM_bourgeois_dictatorship;Yui Shousetsu Autonomous Merchant League;;;;;;;;;;;;;x
ASM_fascist_dictatorship;Yui Shousetsu National Union;;;;;;;;;;;;;x
ASM_presidential_dictatorship;Yui Shousetsu Military Government;;;;;;;;;;;;;x
AST_absolute_monarchy;Savage Kingdom;;;;;;;;;;;;;x
AST_colonial_company;Savage Chartered Company Territory;;;;;;;;;;;;;x
AST_dominion;Savage Dominion;;;;;;;;;;;;;x
AST_hms_government;Savage Constitutional Kingdom;;;;;;;;;;;;;x
AST_prussian_constitutionalism;Savage Privy Council;;;;;;;;;;;;;x
ASY_fascist_dictatorship;Tomoe Gozen National State;;;;;;;;;;;;;x
ATB_absolute_monarchy;Mutsuki Duchy;;;;;;;;;;;;;x
ATB_colonial_company;Mutsuki Chartered Company Territory;;;;;;;;;;;;;x
ATB_democracy;Mutsuki Free State;;;;;;;;;;;;;x
ATB_dominion;Mutsuki Dominion;;;;;;;;;;;;;x
ATB_fascist_dictatorship;Mutsuki National State;;;;;;;;;;;;;x
ATB_federal_democracy;Mutsuki Federal Republic;;;;;;;;;;;;;x
ATB_hms_government;Mutsuki Constitutional Duchy;;;;;;;;;;;;;x
ATB_parliamentary_republic;Mutsuki Parliamentary Republic;;;;;;;;;;;;;x
ATB_proletarian_dictatorship;Mutsuki Council Republic;;;;;;;;;;;;;x
ATB_prussian_constitutionalism;Mutsuki Territorial Diet;;;;;;;;;;;;;x
ATH_theocracy;Cyrene Autonomous Monastic Territory;;;;;;;;;;;;;x
ATR_absolute_monarchy;Kingdom of Tarija;;;;;;;;;;;;;x
ATR_absolute_monarchy2;Marquisate of Tojo;;;;;;;;;;;;;x
ATR_democracy;Tarija Republic;;;;;;;;;;;;;x
ATR_democracy2;Tarija;;;;;;;;;;;;;x
ATR_fascist_dictatorship;Greater Tarijan Republic;;;;;;;;;;;;;x
ATR_hms_government;Kingdom of Tarija;;;;;;;;;;;;;x
ATR_hms_government2;Marquisate of Tojo;;;;;;;;;;;;;x
ATR_presidential_dictatorship;Tarija Republic;;;;;;;;;;;;;x
ATR_proletarian_dictatorship;Tarija Free Socialist Republic;;;;;;;;;;;;;x
ATR_prussian_constitutionalism;Kingdom of Tarija;;;;;;;;;;;;;x
ATR_prussian_constitutionalism2;Marquisate of Tojo;;;;;;;;;;;;;x
AUS_absolute_monarchy;Austria;;;;;;;;;;;;;x
AUS_colonial_company;Austria;;;;;;;;;;;;;x
AUS_democracy;Austria;;;;;;;;;;;;;x
AUS_dominion;Austria;;;;;;;;;;;;;x
AUS_fascist_dictatorship;Austria;;;;;;;;;;;;;x
AUS_federal_democracy;Austria;;;;;;;;;;;;;x
AUS_hms_government;Austria;;;;;;;;;;;;;x
AUS_parliamentary_republic;Austria;;;;;;;;;;;;;x
AUS_proletarian_dictatorship;Austria;;;;;;;;;;;;;x
AUS_prussian_constitutionalism;Austria;;;;;;;;;;;;;x
AZH_absolute_monarchy;Medb Emirate;;;;;;;;;;;;;x
AZ0_absolute_monarchy;Erivan Khanate;;;;;;;;;;;;;x
AZ0_absolute_monarchy2;Yerevan Melikdom;;;;;;;;;;;;;x
AZ0_bourgeois_dictatorship;Erivan Council;;;;;;;;;;;;;x
AZ0_democracy;West Azerbaijan Republic;;;;;;;;;;;;;x
AZ0_democracy2;Yerevan Republic;;;;;;;;;;;;;x
AZ0_fascist_dictatorship;Erivan;;;;;;;;;;;;;x
AZ0_federal_democracy;United Mahals of Erivan;;;;;;;;;;;;;x
AZ0_hms_government;Erivan Sultanate;;;;;;;;;;;;;x
AZ0_hms_government2;Melikdoms of Yerevan;;;;;;;;;;;;;x
AZ0_parliamentary_republic;Erivan Council;;;;;;;;;;;;;x
AZ0_presidential_dictatorship;Erivan Council;;;;;;;;;;;;;x
AZ0_proletarian_dictatorship;Yerevan SSR;;;;;;;;;;;;;x
AZ0_prussian_constitutionalism;Erivan Sultanate;;;;;;;;;;;;;x
AZ0_prussian_constitutionalism2;Melikdoms of Yerevan;;;;;;;;;;;;;x
AZ0_rus_colonial_company;Armenian Oblast;;;;;;;;;;;;;x
AZ0_rus_dominion;Armenian Oblast;;;;;;;;;;;;;x
AZ0_tur_colonial_company;West Azerbaijan Vilayet;;;;;;;;;;;;;x
AZ1_absolute_monarchy;Karabakh Khanate;;;;;;;;;;;;;x
AZ1_absolute_monarchy2;Artsakh Kingdom;;;;;;;;;;;;;x
AZ1_bourgeois_dictatorship;Karabakh Council;;;;;;;;;;;;;x
AZ1_democracy;Karabakh Republic;;;;;;;;;;;;;x
AZ1_democracy2;Artsakh Republic;;;;;;;;;;;;;x
AZ1_fascist_dictatorship;Karabakh Council;;;;;;;;;;;;;x
AZ1_federal_democracy;United Mahals of Karabakh;;;;;;;;;;;;;x
AZ1_hms_government;Karabakh Sultanate;;;;;;;;;;;;;x
AZ1_hms_government2;United Melikdoms of Artsakh;;;;;;;;;;;;;x
AZ1_parliamentary_republic;Karabakh Council;;;;;;;;;;;;;x
AZ1_presidential_dictatorship;Karabakh Council;;;;;;;;;;;;;x
AZ1_proletarian_dictatorship;Karabakh DR;;;;;;;;;;;;;x
AZ1_prussian_constitutionalism;Karabakh Sultanate;;;;;;;;;;;;;x
AZ1_prussian_constitutionalism2;United Melikdoms of Artsakh;;;;;;;;;;;;;x
AZ1_rus_colonial_company;Karabakh District;;;;;;;;;;;;;x
AZ1_rus_dominion;Karabakh District;;;;;;;;;;;;;x
AZ1_tur_colonial_company;Karabakh Vilayet;;;;;;;;;;;;;x
AZ2_absolute_monarchy;Quba Khanate;;;;;;;;;;;;;x
AZ2_absolute_monarchy2;Qobbeh Melikdom;;;;;;;;;;;;;x
AZ2_bourgeois_dictatorship;Quba Council;;;;;;;;;;;;;x
AZ2_democracy;Quba Republic;;;;;;;;;;;;;x
AZ2_democracy2;Qobbeh Republic;;;;;;;;;;;;;x
AZ2_fascist_dictatorship;Quba Council;;;;;;;;;;;;;x
AZ2_federal_democracy;Quba Jamaats;;;;;;;;;;;;;x
AZ2_hms_government;Quba Jamaats;;;;;;;;;;;;;x
AZ2_hms_government2;United Melikdoms of Qobbeh;;;;;;;;;;;;;x
AZ2_parliamentary_republic;Quba Council;;;;;;;;;;;;;x
AZ2_presidential_dictatorship;Quba Council;;;;;;;;;;;;;x
AZ2_proletarian_dictatorship;Quba DR;;;;;;;;;;;;;x
AZ2_prussian_constitutionalism;Quba Sultanate;;;;;;;;;;;;;x
AZ2_prussian_constitutionalism2;United Melikdoms of Qobbeh;;;;;;;;;;;;;x
AZ2_rus_colonial_company;Kuba District;;;;;;;;;;;;;x
AZ2_rus_dominion;Kuba District;;;;;;;;;;;;;x
AZ2_tur_colonial_company;Quba Vilayet;;;;;;;;;;;;;x
AZ3_absolute_monarchy;Sheki Khanate;;;;;;;;;;;;;x
AZ3_absolute_monarchy2;Vartashen Melikdom;;;;;;;;;;;;;x
AZ3_bourgeois_dictatorship;Sheki Council;;;;;;;;;;;;;x
AZ3_democracy;Sheki Republic;;;;;;;;;;;;;x
AZ3_democracy2;Vartashen Republic;;;;;;;;;;;;;x
AZ3_fascist_dictatorship;Sheki Council;;;;;;;;;;;;;x
AZ3_federal_democracy;Sheki Union of Mahals;;;;;;;;;;;;;x
AZ3_hms_government;Sheki Union of Mahals;;;;;;;;;;;;;x
AZ3_hms_government2;United Melikdoms of Vartashen;;;;;;;;;;;;;x
AZ3_parliamentary_republic;Sheki Council;;;;;;;;;;;;;x
AZ3_presidential_dictatorship;Sheki Council;;;;;;;;;;;;;x
AZ3_proletarian_dictatorship;Sheki DR;;;;;;;;;;;;;x
AZ3_prussian_constitutionalism;Sheki Sultanate;;;;;;;;;;;;;x
AZ3_prussian_constitutionalism2;United Melikdoms of Vartashen;;;;;;;;;;;;;x
AZ3_rus_colonial_company;Sheki District;;;;;;;;;;;;;x
AZ3_rus_dominion;Sheki District;;;;;;;;;;;;;x
AZ3_tur_colonial_company;Sheki Vilayet;;;;;;;;;;;;;x
AZ4_absolute_monarchy;Shirvan Khanate;;;;;;;;;;;;;x
AZ4_absolute_monarchy2;Aghvank Melikdom;;;;;;;;;;;;;x
AZ4_bourgeois_dictatorship;Shamakhi Council;;;;;;;;;;;;;x
AZ4_democracy;Shamakhi Republic;;;;;;;;;;;;;x
AZ4_democracy2;Aghvank Republic;;;;;;;;;;;;;x
AZ4_fascist_dictatorship;Shirvan Council;;;;;;;;;;;;;x
AZ4_federal_democracy;United Mahals of Shirvan;;;;;;;;;;;;;x
AZ4_hms_government;United Mahals of Shirvan;;;;;;;;;;;;;x
AZ4_hms_government2;United Melikdoms of Aghvank;;;;;;;;;;;;;x
AZ4_parliamentary_republic;Shirvan Council;;;;;;;;;;;;;x
AZ4_presidential_dictatorship;Shamakhi Council;;;;;;;;;;;;;x
AZ4_proletarian_dictatorship;Shamakhi DR;;;;;;;;;;;;;x
AZ4_prussian_constitutionalism;Shirvan Sultanate;;;;;;;;;;;;;x
AZ4_prussian_constitutionalism2;United Melikdoms of Aghvank;;;;;;;;;;;;;x
AZ4_rus_colonial_company;Shirvan District;;;;;;;;;;;;;x
AZ4_rus_dominion;Shirvan District;;;;;;;;;;;;;x
AZ4_tur_colonial_company;Shirvan Vilayet;;;;;;;;;;;;;x
AZ5_absolute_monarchy;Ganja Khanate;;;;;;;;;;;;;x
AZ5_absolute_monarchy2;Utik Melikdom;;;;;;;;;;;;;x
AZ5_bourgeois_dictatorship;Ganja Development Council;;;;;;;;;;;;;x
AZ5_democracy;Ganja Republic;;;;;;;;;;;;;x
AZ5_democracy2;Kura Armenian Republic;;;;;;;;;;;;;x
AZ5_fascist_dictatorship;Kura DSR;;;;;;;;;;;;;x
AZ5_federal_democracy;Kura FDR;;;;;;;;;;;;;x
AZ5_hms_government;Ganja Emirate;;;;;;;;;;;;;x
AZ5_hms_government2;United Nakharars of Utik;;;;;;;;;;;;;x
AZ5_parliamentary_republic;Kura DR;;;;;;;;;;;;;x
AZ5_presidential_dictatorship;Ganja Military Council;;;;;;;;;;;;;x
AZ5_proletarian_dictatorship;Ganja SSR;;;;;;;;;;;;;x
AZ5_prussian_constitutionalism;Ganja Emirate;;;;;;;;;;;;;x
AZ5_prussian_constitutionalism2;Utik Melikdom;;;;;;;;;;;;;x
AZ5_rus_colonial_company;Yelizaverpol Governorate;;;;;;;;;;;;;x
AZ5_rus_dominion;Yelizaverpol Governorate;;;;;;;;;;;;;x
AZ5_tur_colonial_company;Ganja Vilayet;;;;;;;;;;;;;x
AZ6_absolute_monarchy;Gazakh Sultanate;;;;;;;;;;;;;x
AZ6_absolute_monarchy2;Gardman Melikdom;;;;;;;;;;;;;x
AZ6_bourgeois_dictatorship;Gazakh Development Council;;;;;;;;;;;;;x
AZ6_democracy;Gazakh Republic;;;;;;;;;;;;;x
AZ6_democracy2;Gardman Armenian Republic;;;;;;;;;;;;;x
AZ6_fascist_dictatorship;Gazakh DSR;;;;;;;;;;;;;x
AZ6_federal_democracy;Gazakh FDR;;;;;;;;;;;;;x
AZ6_hms_government;Gazakh Emirate;;;;;;;;;;;;;x
AZ6_hms_government2;United Nakharars of Gardman;;;;;;;;;;;;;x
AZ6_parliamentary_republic;Gazakh DR;;;;;;;;;;;;;x
AZ6_presidential_dictatorship;Gazakh Military Council;;;;;;;;;;;;;x
AZ6_proletarian_dictatorship;Gazakh SSR;;;;;;;;;;;;;x
AZ6_prussian_constitutionalism;Gazakh Sultanate;;;;;;;;;;;;;x
AZ6_prussian_constitutionalism2;Gardman Melikdom;;;;;;;;;;;;;x
AZ6_rus_colonial_company;Gazakh Okrug;;;;;;;;;;;;;x
AZ6_rus_dominion;Gazakh Okrug;;;;;;;;;;;;;x
AZ6_tur_colonial_company;Gazakh Vilayet;;;;;;;;;;;;;x
AZ7_absolute_monarchy;Nakhichevan Khanate;;;;;;;;;;;;;x
AZ7_absolute_monarchy2;Goghtn Melikdom;;;;;;;;;;;;;x
AZ7_bourgeois_dictatorship;Nakhichevan Development Council;;;;;;;;;;;;;x
AZ7_democracy;Nakhichevan Republic;;;;;;;;;;;;;x
AZ7_democracy2;Goghtn Republic;;;;;;;;;;;;;x
AZ7_fascist_dictatorship;Arakh Valley DSR;;;;;;;;;;;;;x
AZ7_federal_democracy;Arakh Valley FDR;;;;;;;;;;;;;x
AZ7_hms_government;Nakhichevan Emirate;;;;;;;;;;;;;x
AZ7_hms_government2;United Nakharars of Goghtn;;;;;;;;;;;;;x
AZ7_parliamentary_republic;Arakh Valley DR;;;;;;;;;;;;;x
AZ7_presidential_dictatorship;Nakhichevan Military Council;;;;;;;;;;;;;x
AZ7_proletarian_dictatorship;Nakhichevan ASSR;;;;;;;;;;;;;x
AZ7_prussian_constitutionalism;Nakhichevan Emirate;;;;;;;;;;;;;x
AZ7_prussian_constitutionalism2;Nakhichevan Melikdom;;;;;;;;;;;;;x
AZ7_rus_colonial_company;Nakhichevan Okrug;;;;;;;;;;;;;x
AZ7_rus_dominion;Nakhichevan Okrug;;;;;;;;;;;;;x
AZ7_tur_colonial_company;Nakhichevan Vilayet;;;;;;;;;;;;;x
AZ8_absolute_monarchy;Shuragel Sultanate;;;;;;;;;;;;;x
AZ8_absolute_monarchy2;Gyumri Melikdom;;;;;;;;;;;;;x
AZ8_bourgeois_dictatorship;Alexandropol Development Committee;;;;;;;;;;;;;x
AZ8_democracy;Shuragel Republic;;;;;;;;;;;;;x
AZ8_democracy2;Gyumri Armenian Republic;;;;;;;;;;;;;x
AZ8_fascist_dictatorship;Alag? DSR;;;;;;;;;;;;;x
AZ8_federal_democracy;Alag? FDR;;;;;;;;;;;;;x
AZ8_hms_government;Shuragel Emirate;;;;;;;;;;;;;x
AZ8_hms_government2;United Nakharars of Gyumri;;;;;;;;;;;;;x
AZ8_parliamentary_republic;Alag? DR;;;;;;;;;;;;;x
AZ8_presidential_dictatorship;Alexandropol Military Committee;;;;;;;;;;;;;x
AZ8_proletarian_dictatorship;Shuragel ASSR;;;;;;;;;;;;;x
AZ8_prussian_constitutionalism;Shuragel Sultanate;;;;;;;;;;;;;x
AZ8_prussian_constitutionalism2;Gyumri Melikdom;;;;;;;;;;;;;x
AZ8_rus_colonial_company;Alexandropol Okrug;;;;;;;;;;;;;x
AZ8_rus_dominion;Alexandropol Okrug;;;;;;;;;;;;;x
AZ8_tur_colonial_company;Shuragel Vilayet;;;;;;;;;;;;;x
AZ9_absolute_monarchy;Borchaly Sultanate;;;;;;;;;;;;;x
AZ9_absolute_monarchy2;Duchy of Debed;;;;;;;;;;;;;x
AZ9_bourgeois_dictatorship;Debed Development Committee;;;;;;;;;;;;;x
AZ9_democracy;Borchaly Republic;;;;;;;;;;;;;x
AZ9_democracy2;Debed Democratic Committee;;;;;;;;;;;;;x
AZ9_fascist_dictatorship;Debed DSR;;;;;;;;;;;;;x
AZ9_federal_democracy;Neutral Cantons of the Debed;;;;;;;;;;;;;x
AZ9_hms_government;Borchaly Emirate;;;;;;;;;;;;;x
AZ9_hms_government2;Debed Parliamentary Committee;;;;;;;;;;;;;x
AZ9_parliamentary_republic;Debed Parliamentary Committee;;;;;;;;;;;;;x
AZ9_presidential_dictatorship;Debed Military Committee;;;;;;;;;;;;;x
AZ9_proletarian_dictatorship;Borchali SSR;;;;;;;;;;;;;x
AZ9_prussian_constitutionalism;Borchaly Emirate;;;;;;;;;;;;;x
AZ9_prussian_constitutionalism2;Duchy of Debed;;;;;;;;;;;;;x
AZ9_rus_colonial_company;Borchaly Okrug;;;;;;;;;;;;;x
AZ9_rus_dominion;Borchaly Okrug;;;;;;;;;;;;;x
AZ9_tur_colonial_company;Borchaly Vilayet;;;;;;;;;;;;;x
BAD_absolute_monarchy;Gertrud Grand Duchy;;;;;;;;;;;;;x
BAD_colonial_company;Gertrud Chartered Company Territory;;;;;;;;;;;;;x
BAD_democracy;Gertrud Free State;;;;;;;;;;;;;x
BAD_dominion;Gertrud Dominion;;;;;;;;;;;;;x
BAD_fascist_dictatorship;Gertrud National State;;;;;;;;;;;;;x
BAD_federal_democracy;Gertrud Federal Republic;;;;;;;;;;;;;x
BAD_hms_government;Gertrud Constitutional Grand Duchy;;;;;;;;;;;;;x
BAD_parliamentary_republic;Gertrud Parliamentary Republic;;;;;;;;;;;;;x
BAD_proletarian_dictatorship;Gertrud Council Republic;;;;;;;;;;;;;x
BAD_prussian_constitutionalism;Gertrud Territorial Diet;;;;;;;;;;;;;x
BAN_colonial_company;Hyacine Chartered Company Territory;;;;;;;;;;;;;x
BAN_democracy;Hyacine Free State;;;;;;;;;;;;;x
BAN_dominion;Hyacine Dominion;;;;;;;;;;;;;x
BAV_absolute_monarchy;Haruka Kingdom;;;;;;;;;;;;;x
BAV_colonial_company;Haruka Chartered Company Territory;;;;;;;;;;;;;x
BAV_democracy;Haruka Free State;;;;;;;;;;;;;x
BAV_dominion;Haruka Dominion;;;;;;;;;;;;;x
BAV_fascist_dictatorship;Haruka National State;;;;;;;;;;;;;x
BAV_federal_democracy;Haruka Federal Republic;;;;;;;;;;;;;x
BAV_hms_government;Haruka Constitutional Kingdom;;;;;;;;;;;;;x
BAV_parliamentary_republic;Haruka Parliamentary Republic;;;;;;;;;;;;;x
BAV_proletarian_dictatorship;Socialist Bavarian Republic;;;;;;;;;;;;;x
BAV_prussian_constitutionalism;Haruka Territorial Diet;;;;;;;;;;;;;x
BEL_colonial_company;CH Postal Company Chartered Company Territory;;;;;;;;;;;;;x
BER_colonial_company;Mysterious Ranmaru X East India Company Territory;;;;;;;;;;;;;x
BRG_absolute_moarchy;Klee Kingdom;;;;;;;;;;;;;x
BRG_prussian_constitutionalism;Klee Royal Council of State;;;;;;;;;;;;;x
BRG_hms_government;Klee Constitutional Kingdom;;;;;;;;;;;;;x
BRG_bourgeois_dictatorship;Klee Directorate;;;;;;;;;;;;;x
BRG_fascist_dictatorship;Klee National State;;;;;;;;;;;;;x
BRG_proletarian_dictatorship;Klee Commune;;;;;;;;;;;;;x
BER_dominion;Mysterious Ranmaru X Princely State;;;;;;;;;;;;;x
BHM_colonial_company;Xilonen Chartered Company Territory;;;;;;;;;;;;;x
BHM_dominion;Xilonen Dominion;;;;;;;;;;;;;x
BHM_hms_government;Xilonen Constitutional Kingdom;;;;;;;;;;;;;x
BHM_parliamentary_republic;Xilonen Parliamentary Republic;;;;;;;;;;;;;x
BIH_proletarian_dictatorship;Kashin Koji People's Republic;;;;;;;;;;;;;x
BKU_absolute_monarchy;Baku Khanate;;;;;;;;;;;;;x
BKU_absolute_monarchy2;Apsheron Princedom;;;;;;;;;;;;;x
BKU_bourgeois_dictatorship;Centrocaspian Dictatorship;;;;;;;;;;;;;x
BKU_democracy;Baku Republic;;;;;;;;;;;;;x
BKU_democracy2;Apsheron Republic;;;;;;;;;;;;;x
BKU_fascist_dictatorship;Centrocaspian Dictatorship;;;;;;;;;;;;;x
BKU_federal_democracy;United Apsheron Uchastki;;;;;;;;;;;;;x
BKU_hms_government;United Baku Mahals;;;;;;;;;;;;;x
BKU_hms_government2;United Apsheron Uchastki;;;;;;;;;;;;;x
BKU_parliamentary_republic;United Baku Uchastki;;;;;;;;;;;;;x
BKU_presidential_dictatorship;Centrocaspian Dictatorship;;;;;;;;;;;;;x
BKU_proletarian_dictatorship;Baku Commune;;;;;;;;;;;;;x
BKU_prussian_constitutionalism;Baku Emirate;;;;;;;;;;;;;x
BKU_prussian_constitutionalism2;Apsheron Princedom;;;;;;;;;;;;;x
BLC_colonial_company;Sugitani Zenjubou Trading Company Territory;;;;;;;;;;;;;x
BLC_dominion;Sugitani Zenjubou Dominion;;;;;;;;;;;;;x
BLZ_colonial_company;Boa Hancock Chartered Company Territory;;;;;;;;;;;;;x
BLZ_dominion;Boa Hancock Dominion;;;;;;;;;;;;;x
BLZ_hms_government;Boa Hancock Constitutional Kingdom;;;;;;;;;;;;;x
BLZ_parliamentary_republic;Boa Hancock Parliamentary Republic;;;;;;;;;;;;;x
BMD_colonial_company;Iansan Chartered Company Territory;;;;;;;;;;;;;x
BMD_dominion;Iansan Dominion;;;;;;;;;;;;;x
BMK_absolute_monarchy;Mali Kingdom;;;;;;;;;;;;;x
BMK_hms_government;Mali Constitutional Kingdom;;;;;;;;;;;;;x
BMK_prussian_constitutionalism;Mali Royal Council of Elders;;;;;;;;;;;;;x
BNG_absolute_monarchy;Projekt Red Raj;;;;;;;;;;;;;x
BNG_hms_government;Projekt Red Constitutional Raj;;;;;;;;;;;;;x
BNG_proletarian_dictatorship;Projekt Red People's Republic;;;;;;;;;;;;;x
BNG_prussian_constitutionalism;Projekt Red Durbar;;;;;;;;;;;;;x
BOH_colonial_company;Sandrone Industrial Chartered Company;;;;;;;;;;;;;x
BOH_democracy;Sandrone Bohemian Republic;;;;;;;;;;;;;x
BOH_dominion;Sandrone Dominion;;;;;;;;;;;;;x
BOS_colonial_company;Cerydra Chartered Company Territory;;;;;;;;;;;;;x
BOS_dominion;Cerydra Dominion;;;;;;;;;;;;;x
BRA_absolute_monarchy;Minna Duchy;;;;;;;;;;;;;x
BRA_colonial_company;Minna Chartered Company Territory;;;;;;;;;;;;;x
BRA_democracy;Minna Free State;;;;;;;;;;;;;x
BRA_dominion;Minna Dominion;;;;;;;;;;;;;x
BRA_fascist_dictatorship;Minna National State;;;;;;;;;;;;;x
BRA_federal_democracy;Minna Federal Republic;;;;;;;;;;;;;x
BRA_hms_government;Minna Constitutional Duchy;;;;;;;;;;;;;x
BRA_parliamentary_republic;Minna Parliamentary Republic;;;;;;;;;;;;;x
BRA_proletarian_dictatorship;Minna Council Republic;;;;;;;;;;;;;x
BRA_prussian_constitutionalism;Minna Territorial Diet;;;;;;;;;;;;;x
BRB_colonial_company;Unicorn Chartered Company Territory;;;;;;;;;;;;;x
BRB_dominion;Unicorn Dominion;;;;;;;;;;;;;x
BRB_hms_government;Unicorn Constitutional Kingdom;;;;;;;;;;;;;x
BRB_parliamentary_republic;Unicorn Parliamentary Republic;;;;;;;;;;;;;x
BRE_absolute_monarchy;Fuuka Duchy;;;;;;;;;;;;;x
BRE_colonial_company;Fuuka Chartered Company Territory;;;;;;;;;;;;;x
BRE_democracy;Fuuka Hanseatic Free City;;;;;;;;;;;;;x
BRE_dominion;Fuuka Dominion;;;;;;;;;;;;;x
BRE_fascist_dictatorship;Fuuka National State;;;;;;;;;;;;;x
BRE_federal_democracy;Fuuka Federal Republic;;;;;;;;;;;;;x
BRE_hms_government;Fuuka Constitutional Duchy;;;;;;;;;;;;;x
BRE_parliamentary_republic;Fuuka Parliamentary Republic;;;;;;;;;;;;;x
BRE_proletarian_dictatorship;Fuuka Council Republic;;;;;;;;;;;;;x
BRE_prussian_constitutionalism;Fuuka Territorial Diet;;;;;;;;;;;;;x
BRM_absolute_monarchy;Baguirmi Sultanate;;;;;;;;;;;;;x
BRM_democracy;Baguirmi Republic;;;;;;;;;;;;;x
BRM_hms_government;Baguirmi Constitutional Sultanate;;;;;;;;;;;;;x
BRM_prussian_constitutionalism;Baguirmi Diwan;;;;;;;;;;;;;x
BRZ_absolute_monarchy;Michiko Malandro Empire;;;;;;;;;;;;;x
BRZ_colonial_company;Michiko Malandro Chartered Company Territory;;;;;;;;;;;;;x
BRZ_dominion;Michiko Malandro Dominion;;;;;;;;;;;;;x
BRZ_hms_government;Michiko Malandro Constitutional Empire;;;;;;;;;;;;;x
BRZ_proletarian_dictatorship;Michiko Malandro Socialist Federation;;;;;;;;;;;;;x
BRZ_prussian_constitutionalism;Michiko Malandro Imperial Council of State;;;;;;;;;;;;;x
CEQ_absolute_monarchy;Mousse Empire;;;;;;;;;;;;;x
CEQ_hms_government;Mousse Constitutional Empire;;;;;;;;;;;;;x
CEQ_prussian_constitutionalism;Mousse Imperial Council of State;;;;;;;;;;;;;x
CEQ_proletarian_dictatorship;Mousse Socialist Federation;;;;;;;;;;;;;x
BSH_absolute_monarchy;Lesotho Kingdom;;;;;;;;;;;;;x
BSQ_fascist_dictatorship;Chisato Arashi National Union;;;;;;;;;;;;;x
BUG_absolute_monarchy;Buganda Kingdom;;;;;;;;;;;;;x
BUG_prussian_constitutionalism;Buganda Royal Council of Elders;;;;;;;;;;;;;x
BUK_absolute_monarchy;Ereshkigal Khanate;;;;;;;;;;;;;x
BUK_bourgeois_dictatorship;Ereshkigal League of Merchant Cities;;;;;;;;;;;;;x
BUK_democracy;Ereshkigal Republic;;;;;;;;;;;;;x
BUK_fascist_dictatorship;Ereshkigal National Unity State;;;;;;;;;;;;;x
BUK_presidential_dictatorship;Ereshkigal Military Council;;;;;;;;;;;;;x
BUK_proletarian_dictatorship;Ereshkigal People's Republic;;;;;;;;;;;;;x
BUN_colonial_company;Lakshmibai East India Company Territory;;;;;;;;;;;;;x
BUN_dominion;Lakshmibai Princely State;;;;;;;;;;;;;x
BUR_absolute_monarchy;Utage Kingdom;;;;;;;;;;;;;x
BYZ_absolute_monarchy;Atalanta Empire;Empire byzantin;Byzantinisches Reich;;;;;;;;;;;x
BYZ_bourgeois_dictatorship;Atalanta City Republic;;;;;;;;;;;;;x
BYZ_democracy;Atalanta Republic;;;;;;;;;;;;;x
BYZ_fascist_dictatorship;Atalanta National State;;;;;;;;;;;;;x
BYZ_hms_government;Atalanta Constitutional Empire;;;;;;;;;;;;;x
BYZ_presidential_dictatorship;Atalanta Military Council;;;;;;;;;;;;;x
BYZ_proletarian_dictatorship;Atalanta People's Republic;Union des th?es rouges;Union der Rotthematiker;;;;;;;;;;;x
BYZ_prussian_constitutionalism;Atalanta Royal Council;;;;;;;;;;;;;x
CAL_absolute_monarchy;Momoi Empire;;;;;;;;;;;;;x
CAL_colonial_company;Momoi Chartered Company Territory;;;;;;;;;;;;;x
CAL_democracy;Momoi Federal Republic;;;;;;;;;;;;;x
CAL_dominion;Momoi Dominion;;;;;;;;;;;;;x
CAL_federal_democracy;Momoi Federal Republic;;;;;;;;;;;;;x
CAL_hms_government;Momoi Constitutional Empire;Royaume de Californie;Kingdom of California;;;;;;;;;;;x
CAL_prussian_constitutionalism;Momoi Royal Parliament;;;;;;;;;;;;;x
CAN_absolute_monarchy;Kurimura Airi Kingdom;;;;;;;;;;;;;x
CAN_colonial_company;Kurimura Airi Chartered Company Territory;;;;;;;;;;;;;x
CAN_democracy;Kurimura Airi Republic;;;;;;;;;;;;;x
CAN_dominion;Kurimura Airi Dominion;;;;;;;;;;;;;x
CAN_hms_government;Kurimura Airi Constitutional Kingdom;;;;;;;;;;;;;x
CAN_parliamentary_republic;Kurimura Airi Parliamentary Republic;;;;;;;;;;;;;x
CAN_prussian_constitutionalism;Kurimura Airi Privy Council;;;;;;;;;;;;;x
CAR_absolute_monarchy;Central Africa Empire;;;;;;;;;;;;;x
CAR_colonial_company;Central Africa Chartered Company Territory;;;;;;;;;;;;;x
CAR_fascist_dictatorship;Central Africa National Unity State;;;;;;;;;;;;;x
CAR_hms_government;Central Africa Constitutional Empire;;;;;;;;;;;;;x
CAR_prussian_constitutionalism;Central Africa Royal Council of Elders;;;;;;;;;;;;;x
CAT_proletarian_dictatorship;Ren Hazuki Workers' Republic;;;;;;;;;;;;;x
CGO_proletarian_dictatorship;Congo-Brazzaville People's Republic;;;;;;;;;;;;;x
CHD_absolute_monarchy;Chad Sultanate;;;;;;;;;;;;;x
CHD_prussian_constitutionalism;Chad Diwan;;;;;;;;;;;;;x
CHE_democracy;Hibiki Tribal Republic;;;;;;;;;;;;;x
CHE_dominion;Hibiki Protectorate;;;;;;;;;;;;;x
CHE_federal_democracy;Hibiki Federal Republic;;;;;;;;;;;;;x
CHI_absolute_monarchy;Empire of China;;;;;;;;;;;;;x
CHI_democracy;Kisaki Republic;;;;;;;;;;;;;x
CHI_hms_government;Kisaki Constitutional Empire;;;;;;;;;;;;;x
CHI_presidential_dictatorship;Kisaki Military Government;;;;;;;;;;;;;x
CHI_proletarian_dictatorship;Kisaki People's Republic;;;;;;;;;;;;;x
CHI_prussian_constitutionalism;Kisaki Advisory Council;;;;;;;;;;;;;x
CHL_colonial_company;Cantabile Chartered Company Territory;;;;;;;;;;;;;x
CHO_absolute_monarchy;Izuna Domain;;;;;;;;;;;;;x
CHO_hms_government;Izuna Constitutional Domain;;;;;;;;;;;;;x
CHO_prussian_constitutionalism;Izuna Domain Administrative Council;;;;;;;;;;;;;x
CHP_colonial_company;Kay Chartered Company Territory;;;;;;;;;;;;;x
CHP_democracy;Kay Republic;;;;;;;;;;;;;x
CHP_federal_democracy;Kay Federal Republic;;;;;;;;;;;;;x
CIR_absolute_monarchy;Faruzan Kingdom;;;;;;;;;;;;;x
CIR_bourgeois_dictatorship;Faruzan League of Autonomous Cities;;;;;;;;;;;;;x
CIR_democracy;Faruzan Republic;;;;;;;;;;;;;x
CIR_fascist_dictatorship;Faruzan National State;;;;;;;;;;;;;x
CIR_hms_government;Faruzan Constitutional Kingdom;;;;;;;;;;;;;x
CIR_presidential_dictatorship;Faruzan Military Regency;;;;;;;;;;;;;x
CIR_proletarian_dictatorship;Faruzan People's Republic;;;;;;;;;;;;;x
CIR_prussian_constitutionalism;Faruzan Royal Council;;;;;;;;;;;;;x
C0R_absolute_monarchy;Abzakh;;;;;;;;;;;;;x
C0R_bourgeois_dictatorship;Abzakh;;;;;;;;;;;;;x
C0R_democracy;United Djamaats of Abzakhia;;;;;;;;;;;;;x
C0R_fascist_dictatorship;Abzakh;;;;;;;;;;;;;x
C0R_hms_government;United Djamaats of Abzakhia;;;;;;;;;;;;;x
C0R_presidential_dictatorship;Abzakh;;;;;;;;;;;;;x
C0R_proletarian_dictatorship;Abzakh Commune;;;;;;;;;;;;;x
C0R_prussian_constitutionalism;United Djamaats of Abzakhia;;;;;;;;;;;;;x
C1R_absolute_monarchy;Temirgoi;;;;;;;;;;;;;x
C1R_bourgeois_dictatorship;Temirgoi;;;;;;;;;;;;;x
C1R_democracy;Temirgoi Djamaats;;;;;;;;;;;;;x
C1R_fascist_dictatorship;Temirgoi;;;;;;;;;;;;;x
C1R_hms_government;Temirgoi Djamaats;;;;;;;;;;;;;x
C1R_presidential_dictatorship;Temirgoi;;;;;;;;;;;;;x
C1R_proletarian_dictatorship;Commune of Temirgoi;;;;;;;;;;;;;x
C1R_prussian_constitutionalism;Temirgoi Djamaats;;;;;;;;;;;;;x
C2R_absolute_monarchy;Tkhaghapsh Shapsugia;;;;;;;;;;;;;x
C2R_bourgeois_dictatorship;Tkhaghapsh Shapsugia;;;;;;;;;;;;;x
C2R_democracy;Tkhaghapsh Djamaats;;;;;;;;;;;;;x
C2R_fascist_dictatorship;Tkhaghapseu;;;;;;;;;;;;;x
C2R_hms_government;Tkhaghapsh Djamaats;;;;;;;;;;;;;x
C2R_presidential_dictatorship;Tkhaghapseu;;;;;;;;;;;;;x
C2R_proletarian_dictatorship;Commune of Tkhaghapsh;;;;;;;;;;;;;x
C2R_prussian_constitutionalism;Tkhaghapsh Djamaats;;;;;;;;;;;;;x
C3R_absolute_monarchy;Natukhai;;;;;;;;;;;;;x
C3R_bourgeois_dictatorship;Natukhai;;;;;;;;;;;;;x
C3R_democracy;Natukhai Jamaats;;;;;;;;;;;;;x
C3R_fascist_dictatorship;Natukhai;;;;;;;;;;;;;x
C3R_hms_government;Natukhai Jamaats;;;;;;;;;;;;;x
C3R_presidential_dictatorship;Natukhai;;;;;;;;;;;;;x
C3R_proletarian_dictatorship;Natukhai Commune;;;;;;;;;;;;;x
C3R_prussian_constitutionalism;Natukhai Jamaats;;;;;;;;;;;;;x
C4R_absolute_monarchy;Ubykhia;;;;;;;;;;;;;x
C4R_bourgeois_dictatorship;Ubykhia;;;;;;;;;;;;;x
C4R_democracy;Djamaats of Ubykhia;;;;;;;;;;;;;x
C4R_fascist_dictatorship;Ubykhia;;;;;;;;;;;;;x
C4R_hms_government;Djamaats of Ubykhia;;;;;;;;;;;;;x
C4R_presidential_dictatorship;Ubykhia;;;;;;;;;;;;;x
C4R_proletarian_dictatorship;Commune of Ubykhia;;;;;;;;;;;;;x
C4R_prussian_constitutionalism;Djamaats of Ubykhia;;;;;;;;;;;;;x
C5R_absolute_monarchy;Kabardia;;;;;;;;;;;;;x
C5R_bourgeois_dictatorship;Kabardia;;;;;;;;;;;;;x
C5R_democracy;Djamaats of Kabardia;;;;;;;;;;;;;x
C5R_fascist_dictatorship;Kabardia;;;;;;;;;;;;;x
C5R_hms_government;Djamaats of Kabardia;;;;;;;;;;;;;x
C5R_presidential_dictatorship;Kabardia;;;;;;;;;;;;;x
C5R_proletarian_dictatorship;Commune of Kabardia;;;;;;;;;;;;;x
C5R_prussian_constitutionalism;Djamaats of Kabardia;;;;;;;;;;;;;x
C6R_absolute_monarchy;Shapsugia;;;;;;;;;;;;;x
C6R_bourgeois_dictatorship;Shapsugia;;;;;;;;;;;;;x
C6R_democracy;Djamaats of Shapsugia;;;;;;;;;;;;;x
C6R_fascist_dictatorship;Shapsugia;;;;;;;;;;;;;x
C6R_hms_government;Djamaats of Shapsugia;;;;;;;;;;;;;x
C6R_presidential_dictatorship;Shapsugia;;;;;;;;;;;;;x
C6R_proletarian_dictatorship;Commune of Shapsugia;;;;;;;;;;;;;x
C6R_prussian_constitutionalism;Djamaats of Shapsugia;;;;;;;;;;;;;x
C7R_absolute_monarchy;Bzhedughs;;;;;;;;;;;;;x
C7R_bourgeois_dictatorship;Bzhedughs;;;;;;;;;;;;;x
C7R_democracy;Bzhedughs Djamaats;;;;;;;;;;;;;x
C7R_fascist_dictatorship;Bzhedughs;;;;;;;;;;;;;x
C7R_hms_government;Bzhedughs Djamaats;;;;;;;;;;;;;x
C7R_presidential_dictatorship;Bzhedughs;;;;;;;;;;;;;x
C7R_proletarian_dictatorship;Commune of Bzhedughs;;;;;;;;;;;;;x
C7R_prussian_constitutionalism;Bzhedughs;;;;;;;;;;;;;x
C8R_absolute_monarchy;Besleney;;;;;;;;;;;;;x
C8R_bourgeois_dictatorship;Besleney;;;;;;;;;;;;;x
C8R_democracy;Besleney Djamaats;;;;;;;;;;;;;x
C8R_fascist_dictatorship;Besleney;;;;;;;;;;;;;x
C8R_hms_government;Besleney Djamaats;;;;;;;;;;;;;x
C8R_presidential_dictatorship;Besleney;;;;;;;;;;;;;x
C8R_proletarian_dictatorship;Commune of Besleney;;;;;;;;;;;;;x
C8R_prussian_constitutionalism;Besleney Djamaats;;;;;;;;;;;;;x
C9R_absolute_monarchy;Makhosh;;;;;;;;;;;;;x
C9R_bourgeois_dictatorship;Makhosh;;;;;;;;;;;;;x
C9R_democracy;Makhosh Djamaats;;;;;;;;;;;;;x
C9R_fascist_dictatorship;Makhosh;;;;;;;;;;;;;x
C9R_hms_government;Makhosh Djamaats;;;;;;;;;;;;;x
C9R_presidential_dictatorship;Makhosh;;;;;;;;;;;;;x
C9R_proletarian_dictatorship;Commune of Makhosh;;;;;;;;;;;;;x
C9R_prussian_constitutionalism;Makhosh Djamaats;;;;;;;;;;;;;x
C10_absolute_monarchy;Yegeruqwai;;;;;;;;;;;;;x
C10_bourgeois_dictatorship;Yegeruqwai;;;;;;;;;;;;;x
C10_democracy;Yegeruqwai Djamaats;;;;;;;;;;;;;x
C10_fascist_dictatorship;Yegeruqwai;;;;;;;;;;;;;x
C10_hms_government;Yegeruqwai Djamaats;;;;;;;;;;;;;x
C10_presidential_dictatorship;Yegeruqwai;;;;;;;;;;;;;x
C10_proletarian_dictatorship;Commune of Yegeruqwai;;;;;;;;;;;;;x
C10_prussian_constitutionalism;Yegeruqwai Djamaats;;;;;;;;;;;;;x
CLB_absolute_monarchy;Caucasian Albania;;;;;;;;;;;;;x
CLB_bourgeois_dictatorship;Udistan;;;;;;;;;;;;;x
CLB_democracy;Udistan;;;;;;;;;;;;;x
CLB_fascist_dictatorship;Utik-Aghwank Hegemony;;;;;;;;;;;;;x
CLB_hms_government;Caucasian Albania;;;;;;;;;;;;;x
CLB_presidential_dictatorship;Udistan;;;;;;;;;;;;;x
CLB_proletarian_dictatorship;Udistan Community;;;;;;;;;;;;;x
CLB_prussian_constitutionalism;Caucasian Albania;;;;;;;;;;;;;x
CLM_absolute_monarchy;Dunyarzad Kingdom;;;;;;;;;;;;;x
CLM_fascist_dictatorship;Dunyarzad National Unity State;;;;;;;;;;;;;x
CLM_hms_government;Dunyarzad Constitutional Kingdom;;;;;;;;;;;;;x
CLM_prussian_constitutionalism;Dunyarzad Royal Council;;;;;;;;;;;;;x
CNG_absolute_monarchy;Congo Free State;;;;;;;;;;;;;x
CMR_colonial_company;Cameroon Chartered Company Territory;;;;;;;;;;;;;x
CNG_democracy;Republic of the Congo;;;;;;;;;;;;;x
CNG_hms_government;Kongou Constitutional Kingdom;;;;;;;;;;;;;x
CNG_presidential_dictatorship;Kongou Military Council;Za?e;Zaire;;;;;;;;;;;x
CNG_prussian_constitutionalism;Kongou Royal Council of Elders;;;;;;;;;;;;;x
COB_absolute_monarchy;Satsuki Duchy;;;;;;;;;;;;;x
COB_colonial_company;Satsuki Chartered Company Territory;;;;;;;;;;;;;x
COB_democracy;Satsuki Free State;;;;;;;;;;;;;x
COB_dominion;Satsuki Dominion;;;;;;;;;;;;;x
COB_fascist_dictatorship;Satsuki National State;;;;;;;;;;;;;x
COB_federal_democracy;Satsuki Federal Republic;;;;;;;;;;;;;x
COB_hms_government;Satsuki Constitutional Duchy;;;;;;;;;;;;;x
COB_parliamentary_republic;Satsuki Parliamentary Republic;;;;;;;;;;;;;x
COB_proletarian_dictatorship;Satsuki Council Republic;;;;;;;;;;;;;x
COB_prussian_constitutionalism;Satsuki Territorial Diet;;;;;;;;;;;;;x
COL_colonial_company;Yuzu Chartered Company Territory;;;;;;;;;;;;;x
COL_democracy;Yuzu Republic;;;;;;;;;;;;;x
COL_dominion;Yuzu Dominion;;;;;;;;;;;;;x
COL_hms_government;Yuzu Constitutional Kingdom;;;;;;;;;;;;;x
COL_parliamentary_republic;Yuzu Parliamentary Republic;;;;;;;;;;;;;x
COS_colonial_company;Nami Chartered Company Territory;;;;;;;;;;;;;x
COS_democracy;Nami Republic;;;;;;;;;;;;;x
COS_federal_democracy;Nami Federal Republic;;;;;;;;;;;;;x
COS_presidential_dictatorship;Nami Military Council;;;;;;;;;;;;;x
COU_colonial_company;Gravel Chartered Company Territory;;;;;;;;;;;;;x
COU_dominion;Gravel Dominion;;;;;;;;;;;;;x
COU_hms_government;Gravel Constitutional Grand Duchy;;;;;;;;;;;;;x
COU_prussian_constitutionalism;Gravel Territorial Diet;;;;;;;;;;;;;x
COU_absolute_monarchy;Gravel Grand Duchy;;;;;;;;;;;;;x
CPL_absolute_monarchy;Kazimierz Knights' League Kingdom;;;;;;;;;;;;;x
CPL_colonial_company;Kazimierz Knights' League Chartered Company Territory;;;;;;;;;;;;;x
CPL_dominion;Kazimierz Knights' League Dominion;;;;;;;;;;;;;x
CPL_hms_government;Kazimierz Knights' League Constitutional Kingdom;;;;;;;;;;;;;x
CPL_prussian_constitutionalism;Kazimierz Knights' League Sejm;;;;;;;;;;;;;x
CPL_presidential_dictatorship;Kazimierz Knights' League Military Directorate;;;;;;;;;;;;;x
POL_presidential_dictatorship;Vesna Guards' Military Government;;;;;;;;;;;;;x
CRB_absolute_monarchy;Caper Kingdom;;;;;;;;;;;;;x
CRB_colonial_company;Caper Chartered Company Territory;;;;;;;;;;;;;x
CRB_democracy;Caper Republic;;;;;;;;;;;;;x
CRB_dominion;Caper Dominion;;;;;;;;;;;;;x
CRB_fascist_dictatorship;Caper National Unity State;;;;;;;;;;;;;x
CRB_hms_government;Caper Constitutional Kingdom;;;;;;;;;;;;;x
CRB_parliamentary_republic;Caper Parliamentary Republic;;;;;;;;;;;;;x
CRB_proletarian_dictatorship;Caper Socialist Republic;;;;;;;;;;;;;x
CRB_prussian_constitutionalism;Caper Royal Council;;;;;;;;;;;;;x
CSA_absolute_monarchy;Eimi Kingdom;;;;;;;;;;;;;x
CSA_bourgeois_dictatorship;Eimi Union of Sovereign States;;;;;;;;;;;;;x
CSA_democracy;Eimi Federal Republic;;;;;;;;;;;;;x
CSA_fascist_dictatorship;Eimi National Union;;;;;;;;;;;;;x
CSA_federal_democracy;Eimi Federal Republic;;;;;;;;;;;;;x
CSA_hms_government;Eimi Constitutional Kingdom;;;;;;;;;;;;;x
CSA_presidential_dictatorship;Eimi Military Government;;;;;;;;;;;;;x
CSA_proletarian_dictatorship;Eimi Socialist Federation;;;;;;;;;;;;;x
CSA_prussian_constitutionalism;Eimi Royal Parliament;;;;;;;;;;;;;x
CUB_colonial_company;Abigail Williams Chartered Company Territory;;;;;;;;;;;;;x
CUB_democracy;Abigail Williams Republic;;;;;;;;;;;;;x
CUB_federal_democracy;Abigail Williams Federal Republic;;;;;;;;;;;;;x
CUB_presidential_dictatorship;Abigail Williams Military Council;;;;;;;;;;;;;x
CUB_proletarian_dictatorship;Abigail Williams Socialist Republic;;;;;;;;;;;;;x
CYR_absolute_monarchy;Kougyoku Ren Emirate;;;;;;;;;;;;;x
CYR_theocracy;Kougyoku Ren Imamate;;;;;;;;;;;;;x
DA0_absolute_monarchy;Avar Khanate;;;;;;;;;;;;;x
DA0_bourgeois_dictatorship;Avaristan;;;;;;;;;;;;;x
DA0_democracy;Avaristan Jamaats;;;;;;;;;;;;;x
DA0_fascist_dictatorship;Avaristan;;;;;;;;;;;;;x
DA0_hms_government;Avaristan Jamaats;;;;;;;;;;;;;x
DA0_presidential_dictatorship;Avaristan;;;;;;;;;;;;;x
DA0_proletarian_dictatorship;Avaristan Commune;;;;;;;;;;;;;x
DA0_prussian_constitutionalism;Emirate of Avaristan;;;;;;;;;;;;;x
DA1_absolute_monarchy;Kaytag Utsmiate;;;;;;;;;;;;;x
DA1_bourgeois_dictatorship;Karakaytag;;;;;;;;;;;;;x
DA1_democracy;Djamaats of Karakaytag;;;;;;;;;;;;;x
DA1_fascist_dictatorship;Darginstan;;;;;;;;;;;;;x
DA1_hms_government;Djamaats of Karakaytag;;;;;;;;;;;;;x
DA1_presidential_dictatorship;Karakaytag;;;;;;;;;;;;;x
DA1_proletarian_dictatorship;Commune of Karakaytag;;;;;;;;;;;;x
DA1_prussian_constitutionalism;Emirate of Karakaytag;;;;;;;;;;;;;x
DA2_absolute_monarchy;Ghazikumukh Khanate;;;;;;;;;;;;;x
DA2_absolute_monarchy_2;Ghazikumukh Shamkhalate;;;;;;;;;;;;;x
DA2_bourgeois_dictatorship;Lakistan;;;;;;;;;;;;;x
DA2_democracy;Djamaats of Lakistan;;;;;;;;;;;;;x
DA2_fascist_dictatorship;Lakistan;;;;;;;;;;;;;x
DA2_hms_government;Djamaats of Lakistan;;;;;;;;;;;;;x
DA2_presidential_dictatorship;Lakistan;;;;;;;;;;;;;x
DA2_proletarian_dictatorship;Commune of Lakistan;;;;;;;;;;;;;x
DA2_theocracy;Ghazikumukh Imamate;;;;;;;;;;;;;x
DA2_prussian_constitutionalism;Emirate of Lakistan;;;;;;;;;;;;;x
DA3_absolute_monarchy;Kyurin Khanate;;;;;;;;;;;;;x
DA3_bourgeois_dictatorship;Lezgistan;;;;;;;;;;;;;x
DA3_democracy;Djamaats of Lezgistan;;;;;;;;;;;;;x
DA3_fascist_dictatorship;Lezgistan;;;;;;;;;;;;;x
DA3_hms_government;Djamaats of Lezgistan;;;;;;;;;;;;;x
DA3_presidential_dictatorship;Lezgistan;;;;;;;;;;;;;x
DA3_proletarian_dictatorship;Commune of Lakistan;;;;;;;;;;;;;x
DA3_prussian_constitutionalism;Emirate of Lezgistan;;;;;;;;;;;;;x
DA4_absolute_monarchy;Tabasaran Maysumate;;;;;;;;;;;;;x
DA4_bourgeois_dictatorship;Tabasaran;;;;;;;;;;;;;x
DA4_democracy;Tabasaran Jamaats;;;;;;;;;;;;;x
DA4_fascist_dictatorship;Tabasaran;;;;;;;;;;;;;x
DA4_hms_government;Tabasaran Jamaats;;;;;;;;;;;;;x
DA4_presidential_dictatorship;Tabasaran;;;;;;;;;;;;;x
DA4_proletarian_dictatorship;Commune of Lakistan;;;;;;;;;;;;;x
DA4_prussian_constitutionalism;Emirate of Tabasaran;;;;;;;;;;;;;x
DA5_absolute_monarchy;Tarki Shamkhalate;;;;;;;;;;;;;x
DA5_bourgeois_dictatorship;Kumykia;;;;;;;;;;;;;x
DA5_democracy;Kumyk Republic;;;;;;;;;;;;;x
DA5_fascist_dictatorship;Simirdal;;;;;;;;;;;;;x
DA5_hms_government;Kumyk Shamkhalate;;;;;;;;;;;;;x
DA5_presidential_dictatorship;Simirdal;;;;;;;;;;;;;x
DA5_proletarian_dictatorship;Simirdal SSR;;;;;;;;;;;;;x
DA5_prussian_constitutionalism;Emirate of Simirdal;;;;;;;;;;;;;x
DA6_absolute_monarchy;Elisu Sultanate;;;;;;;;;;;;;x
DA6_bourgeois_dictatorship;Tsakhuristan;;;;;;;;;;;;;x
DA6_democracy;Djamaats of Tsakhuristan;;;;;;;;;;;;;x
DA6_fascist_dictatorship;Tsakhuristan;;;;;;;;;;;;;x
DA6_hms_government;Djamaats of Tsakhuristan;;;;;;;;;;;;;x
DA6_presidential_dictatorship;Tsakhuristan;;;;;;;;;;;;;x
DA6_proletarian_dictatorship;Commune of Tsakhuristan;;;;;;;;;;;;;x
DA6_prussian_constitutionalism;Emirate of Tsakhuristan;;;;;;;;;;;;;x
DA7_absolute_monarchy;Rutul Bekdom;;;;;;;;;;;;;x
DA7_bourgeois_dictatorship;Rutulistan;;;;;;;;;;;;;x
DA7_democracy;Djamaats of Rutulistan;;;;;;;;;;;;;x
DA7_fascist_dictatorship;Rutulistan;;;;;;;;;;;;;x
DA7_hms_government;Djamaats of Rutulistan;;;;;;;;;;;;;x
DA7_presidential_dictatorship;Rutulistan;;;;;;;;;;;;;x
DA7_proletarian_dictatorship;Commune of Rutulistan;;;;;;;;;;;;;x
DA7_prussian_constitutionalism;Emirate of Rutulistan;;;;;;;;;;;;;x
DA8_absolute_monarchy;Mekhtuli Khanate;;;;;;;;;;;;;x
DA8_bourgeois_dictatorship;Mekhtuli;;;;;;;;;;;;;x
DA8_democracy;Mekhtuli Jamaats;;;;;;;;;;;;;x
DA8_fascist_dictatorship;Mekhtuli;;;;;;;;;;;;;x
DA8_hms_government;Mekhtuli Jamaats;;;;;;;;;;;;;x
DA8_presidential_dictatorship;Mekhtuli;;;;;;;;;;;;;x
DA8_proletarian_dictatorship;Commune of Mekhtuli;;;;;;;;;;;;;x
DA8_prussian_constitutionalism;Emirate of Mekhtuli;;;;;;;;;;;;;x
DBT_absolute_monarchy;Derbent Khanate;;;;;;;;;;;;;x
DBT_absolute_monarchy2;Derbent Sultanate;;;;;;;;;;;;;x
DBT_bourgeois_dictatorship;Derbent Cohort;;;;;;;;;;;;;x
DBT_democracy;Derbent Republic;;;;;;;;;;;;;x
DBT_democracy2;Derbent Jamaat;;;;;;;;;;;;;x
DBT_fascist_dictatorship;Derbent Cohort;;;;;;;;;;;;;x
DBT_federal_democracy;United Derbent Djamaats;;;;;;;;;;;;;x
DBT_hms_government;United Derbent Djamaats;;;;;;;;;;;;;x
DBT_hms_government2;United Derbent Djamaats;;;;;;;;;;;;;x
DBT_parliamentary_republic;United Derbent Djamaats;;;;;;;;;;;;;x
DBT_presidential_dictatorship;Military Dictatorship of Derbent;;;;;;;;;;;;;x
DBT_proletarian_dictatorship;Derbent Commune;;;;;;;;;;;;;x
DBT_prussian_constitutionalism;Derbent Emirate;;;;;;;;;;;;;x
DBT_prussian_constitutionalism2;Derbent Emirate;;;;;;;;;;;;;x
DBT_rus_colonial_company;Derbent District;;;;;;;;;;;;;x
DBT_rus_dominion;Derbent District;;;;;;;;;;;;;x
DBT_tur_colonial_company;Derbent Vilayet;;;;;;;;;;;;;x
DG0_absolute_monarchy;Khoshany;;;;;;;;;;;;;x
DG0_bourgeois_dictatorship;Aghulistan;;;;;;;;;;;;;x
DG0_democracy;Khoshany Jamaats;;;;;;;;;;;;;x
DG0_fascist_dictatorship;Aghulistan;;;;;;;;;;;;;x
DG0_hms_government;Khoshany Jamaats;;;;;;;;;;;;;x
DG0_presidential_dictatorship;Aghulistan;;;;;;;;;;;;;x
DG0_proletarian_dictatorship;Commune of Khoshany;;;;;;;;;;;;;x
DG0_prussian_constitutionalism;Emirate of Aghulistan;;;;;;;;;;;;;x
DG1_absolute_monarchy;Surga;;;;;;;;;;;;;x
DG1_bourgeois_dictatorship;Surga;;;;;;;;;;;;;x
DG1_democracy;Surga Jamaats;;;;;;;;;;;;;x
DG1_fascist_dictatorship;Surga;;;;;;;;;;;;;x
DG1_hms_government;Surga Jamaats;;;;;;;;;;;;;x
DG1_presidential_dictatorship;Surga;;;;;;;;;;;;;x
DG1_proletarian_dictatorship;Surga Commune;;;;;;;;;;;;;x
DG1_prussian_constitutionalism;Emirate of Surga;;;;;;;;;;;;;x
DG2_absolute_monarchy;Nitrig;;;;;;;;;;;;;x
DG2_bourgeois_dictatorship;Nitrig;;;;;;;;;;;;;x
DG2_democracy;Djamaats of Nitrig;;;;;;;;;;;;;x
DG2_fascist_dictatorship;Nitrig;;;;;;;;;;;;;x
DG2_hms_government;Djamaats of Nitrig;;;;;;;;;;;;;x
DG2_presidential_dictatorship;Nitrig;;;;;;;;;;;;;x
DG2_proletarian_dictatorship;Commune of Nitrig;;;;;;;;;;;;;x
DG2_prussian_constitutionalism;Emirate of Nitrig;;;;;;;;;;;;;x
DG3_absolute_monarchy;Irchamul;;;;;;;;;;;;;x
DG3_bourgeois_dictatorship;Irchamul;;;;;;;;;;;;;x
DG3_democracy;Irchamul Jamaats;;;;;;;;;;;;;x
DG3_fascist_dictatorship;Irchamul;;;;;;;;;;;;;x
DG3_hms_government;Irchamul Jamaats;;;;;;;;;;;;;x
DG3_presidential_dictatorship;Irchamul;;;;;;;;;;;;;x
DG3_proletarian_dictatorship;Commune of Irchamul;;;;;;;;;;;;;x
DG3_prussian_constitutionalism;Emirate of Irchamul;;;;;;;;;;;;;x
DG4_absolute_monarchy;Bragun;;;;;;;;;;;;;x
DG4_bourgeois_dictatorship;Bragun;;;;;;;;;;;;;x
DG4_democracy;Bragun Jamaats;;;;;;;;;;;;;x
DG4_fascist_dictatorship;Bragun;;;;;;;;;;;;;x
DG4_hms_government;Bragun Jamaats;;;;;;;;;;;;;x
DG4_presidential_dictatorship;Bragun;;;;;;;;;;;;;x
DG4_proletarian_dictatorship;Bragun Commune;;;;;;;;;;;;;x
DG4_prussian_constitutionalism;Emirate of Bragun;;;;;;;;;;;;;x
DAG_absolute_monarchy;Sumeru Akademiya Emirate;;;;;;;;;;;;;x
DAG_absolute_monarchy_2;Sumeru Akademiya Hereditary Emirate;;;;;;;;;;;;;x
DAG_bourgeois_dictatorship;Sumeru Akademiya League of Autonomous Cities;;;;;;;;;;;;;x
DAG_tur_colonial_company;Sumeru Akademiya Chartered Company Territory;;;;;;;;;;;;;x
DAG_democracy;Sumeru Akademiya Republic;;;;;;;;;;;;;x
DAG_fascist_dictatorship;Sumeru Akademiya National State;;;;;;;;;;;;;x
DAG_hms_government;Sumeru Akademiya Constitutional Emirate;;;;;;;;;;;;;x
DAG_presidential_dictatorship;Sumeru Akademiya Military Regency;;;;;;;;;;;;;x
DAG_proletarian_dictatorship;Sumeru Akademiya People's Republic;;;;;;;;;;;;;x
DAG_theocracy;Sumeru Akademiya Imamate;;;;;;;;;;;;;x
DAH_absolute_monarchy;Dahomey Kingdom;;;;;;;;;;;;;x
DAH_hms_government;Dahomey Constitutional Kingdom;;;;;;;;;;;;;x
DAH_proletarian_dictatorship;Dahomey People's Republic;;;;;;;;;;;;;x
DAH_prussian_constitutionalism;Dahomey Royal Council of Elders;;;;;;;;;;;;;x
DAI_absolute_monarchy;Higashi Imperial Dynasty;;;;;;;;;;;;;x
DAI_colonial_company;Higashi Trading Territory;;;;;;;;;;;;;x
DAI_prussian_constitutionalism;Higashi Privy Council;;;;;;;;;;;;;x
DAK_absolute_monarchy;Neru Grand Chiefdom;;;;;;;;;;;;;x
DAK_democracy;Neru Tribal Republic;;;;;;;;;;;;;x
DAK_dominion;Neru Protectorate;;;;;;;;;;;;;x
DAK_federal_democracy;Neru Federal Republic;;;;;;;;;;;;;x
DAK_hms_government;Neru Constitutional Chiefdom;;;;;;;;;;;;;x
DAK_prussian_constitutionalism;Neru Council of Tribal Elders;;;;;;;;;;;;;x
DAM_absolute_monarchy;Damagaram Sultanate;;;;;;;;;;;;;x
DAM_bourgeois_dictatorship;Damagaram League of Merchant Cities;Haoussa;Haussaland;;;;;;;;;;;x
DAM_democracy;Damagaram Republic;Haoussa;Haussaland;;;;;;;;;;;x
DAM_fascist_dictatorship;Damagaram National Unity State;Haoussa;Haussaland;;;;;;;;;;;x
DAM_hms_government;Damagaram Constitutional Sultanate;;;;;;;;;;;;;x
DAM_presidential_dictatorship;Damagaram Military Council;Haoussa;Haussaland;;;;;;;;;;;x
DAM_proletarian_dictatorship;Damagaram People's Republic;Haoussa;Haussaland;;;;;;;;;;;x
DAM_prussian_constitutionalism;Damagaram Diwan;;;;;;;;;;;;;x
DAR_absolute_monarchy;Darfur Sultanate;;;;;;;;;;;;;x
DAR_hms_government;Darfur Constitutional Sultanate;;;;;;;;;;;;;x
DAR_prussian_constitutionalism;Darfur Diwan;;;;;;;;;;;;;x
DES_democracy;Maki Federal Republic;;;;;;;;;;;;;x
DES_dominion;Maki Dominion;;;;;;;;;;;;;x
DES_theocracy;Maki Latter-day Saint Theocracy;;;;;;;;;;;;;x
DGT_bourgeois_dictatorship;Major Diaguita State;;;;;;;;;;;;;x
DGT_democracy;Diaguita Republic;;;;;;;;;;;;;x
DGT_hms_government;Diaguita Commonwealth;;;;;;;;;;;;;x
DGT_fascist_dictatorship;Greater Diaguita Empire;;;;;;;;;;;;;x
DGT_presidential_dictatorship;Diaguita State;;;;;;;;;;;;;x
DGT_proletarian_dictatorship;Socialist Republic of the Diaguitas;;;;;;;;;;;;;x
DGT_prussian_:constitutionalism;Diaguita Commonwealth;;;;;;;;;;;;;x
DNB_bourgeois_dictatorship;Gehenna Club Federation;;;;;;;;;;;;;x
DNB_fascist_dictatorship;Gehenna Club Federation;;;;;;;;;;;;;x
DNB_presidential_dictatorship;Gehenna Club Federation;;;;;;;;;;;;;x
DNB_proletarian_dictatorship;Gehenna Club Federation;;;;;;;;;;;;;x
DND_bourgeois_dictatorship;Dendi League of Merchant Cities;Songhay;Songhai;;;;;;;;;;;x
DND_democracy;Dendi Republic;Songhay;Songhai;;;;;;;;;;;x
DND_fascist_dictatorship;Dendi National Unity State;Dendi;Dendi;;;;;;;;;;;x
DND_presidential_dictatorship;Dendi Military Council;Songhay;Songhai;;;;;;;;;;;x
DND_proletarian_dictatorship;Dendi People's Republic;Songhay;Songhai;;;;;;;;;;;x
DOM_absolute_monarchy;Quetzalcoatl Kingdom;Santo Domingo;Santo Domingo;;;;;;;;;;;x
DOM_colonial_company;Quetzalcoatl Chartered Company Territory;;;;;;;;;;;;;x
DOM_democracy;Quetzalcoatl Republic;;;;;;;;;;;;;x
DOM_federal_democracy;Quetzalcoatl Federal Republic;;;;;;;;;;;;;x
DOM_hms_government;Quetzalcoatl Constitutional Kingdom;Santo Domingo;Santo Domingo;;;;;;;;;;;x
DOM_presidential_dictatorship;Quetzalcoatl Military Council;;;;;;;;;;;;;x
DOM_prussian_constitutionalism;Quetzalcoatl Royal Council;Santo Domingo;Santo Domingo;;;;;;;;;;;x
DON_absolute_monarchy;Tashkent Hetmanate;;;;;;;;;;;;;x
DON_fascist_dictatorship;Tashkent National Host State;;;;;;;;;;;;;x
DON_hms_government;Tashkent Constitutional Hetmanate;;;;;;;;;;;;;x
DON_prussian_constitutionalism;Tashkent Rada;;;;;;;;;;;;;x
DRA_absolute_monarchy;Myrtle Empire;;;;;;;;;;;;;x
DRA_fascist_dictatorship;Myrtle National Union;;;;;;;;;;;;;x
DUR_absolute_monarchy;Nitocris Empire;;;;;;;;;;;;;x
DUR_fascist_dictatorship;Nitocris National Unity State;;;;;;;;;;;;;x
DUR_hms_government;Nitocris Constitutional Empire;;;;;;;;;;;;;x
DUR_prussian_constitutionalism;Nitocris Jirga;;;;;;;;;;;;;x
EGY_absolute_monarchy;Hoshino Viceroyalty;;;;;;;;;;;;;x
EGY_colonial_company;Hoshino Trading Company Territory;;;;;;;;;;;;;x
EGY_democracy;Hoshino Republic;;;;;;;;;;;;;x
EGY_hms_government;Hoshino Constitutional Emirate;;;;;;;;;;;;;x
EGY_prussian_constitutionalism;Hoshino Shura Council;;;;;;;;;;;;;x
EIC_absolute_monarchy;Seven Nations of Teyvat Governorate;;;;;;;;;;;;;x
EIC_hms_government;Seven Nations of Teyvat Parliamentary Kingdom;;;;;;;;;;;;;x
EIC_prussian_constitutionalism;Seven Nations of Teyvat Privy Council;;;;;;;;;;;;;x
ELS_colonial_company;Nico Robin Chartered Company Territory;;;;;;;;;;;;;x
ELS_democracy;Nico Robin Republic;;;;;;;;;;;;;x
ELS_federal_democracy;Nico Robin Federal Republic;;;;;;;;;;;;;x
ENG_absolute_monarchy;Trinity General School;;;;;;;;;;;;;x
ENG_bourgeois_dictatorship;Eden Treaty Organization;;;;;;;;;;;;;x
ENG_democracy;Eden Treaty Organization;;;;;;;;;;;;;x
ENG_fascist_dictatorship;Trinity-Arius United Academy;;;;;;;;;;;;;x
ENG_presidential_dictatorship;British Commonwealth;;;;;;;;;;;;;x
ENG_proletarian_dictatorship;Worker's Commonwealth;;;;;;;;;;;;;x
ENG_prussian_constitutionalism;Trinity General School;;;;;;;;;;;;;x
EQG_absolute_monarchy;Equatorial Guinea Kingdom;;;;;;;;;;;;;x
ETH_absolute_monarchy;Abyssinia Empire;Abyssinia;Abyssinia;;;;;;;;;;;x
ETH_colonial_company;Abyssinia Chartered Company Territory;;;;;;;;;;;;;x
ETH_prussian_constitutionalism;Abyssinia Royal Council of Nobles;Abyssinian Empire;Abyssinian Empire;;;;;;;;;;;x
EZO_democracy;Wakamo Republic;;;;;;;;;;;;;x
EZO_fascist_dictatorship;Wakamo National Government;;;;;;;;;;;;;x
EZO_presidential_dictatorship;Wakamo Military Administration;;;;;;;;;;;;;x
EZO_proletarian_dictatorship;Wakamo People's Republic;;;;;;;;;;;;;x
FAS_colonial_company;April Chartered Company Territory;;;;;;;;;;;;;x
FAS_dominion;April Dominion;;;;;;;;;;;;;x
FCA_colonial_company;Yukino Chartered Company Territory;;;;;;;;;;;;;x
FCA_dominion;Yukino Dominion;;;;;;;;;;;;;x
FIN_absolute_monarchy;Valkyrie Grand Duchy;;;;;;;;;;;;;x
FIN_colonial_company;Valkyrie Chartered Company Territory;;;;;;;;;;;;;x
FIN_dominon;Valkyrie Dominion;;;;;;;;;;;;;x
FIN_hms_government;Valkyrie Constitutional Grand Duchy;;;;;;;;;;;;;x
FIN_proletarian_dictatorship;Valkyrie Socialist Republic;;;;;;;;;;;;;x
FIN_prussian_constitutionalism;Valkyrie Estates Assembly;;;;;;;;;;;;;x
FIU_bourgeois_dictatorship;Kal'tsit City Republic;;;;;;;;;;;;;x
FIU_democracy;Kal'tsit Republic;;;;;;;;;;;;;x
FIU_fascist_dictatorship;Kal'tsit National Unity State;;;;;;;;;;;;;x
FIU_presidential_dictatorship;Kal'tsit Consular Government;;;;;;;;;;;;;x
FJN_fascist_dictatorship;Yakushi Saya National Government;;;;;;;;;;;;;x
FJN_presidential_dictatorship;Yakushi Saya Military Government;;;;;;;;;;;;;x
FRA_proletarian_dictatorship;Kivotos Commune;;;;;;;;;;;;;x
FLA_colonial_company;Mona Chartered Company Territory;;;;;;;;;;;;;x
FRM_absolute_monarchy;Ako Duchy;;;;;;;;;;;;;x
FRM_colonial_company;Ako Chartered Company Territory;;;;;;;;;;;;;x
FRM_democracy;Ako Free State;;;;;;;;;;;;;x
FRM_dominion;Ako Dominion;;;;;;;;;;;;;x
FRM_fascist_dictatorship;Ako National State;;;;;;;;;;;;;x
FRM_federal_democracy;Ako Federal Republic;;;;;;;;;;;;;x
FRM_hms_government;Ako Constitutional Duchy;;;;;;;;;;;;;x
FRM_parliamentary_republic;Ako Parliamentary Republic;;;;;;;;;;;;;x
FRM_proletarian_dictatorship;Ako Council Republic;;;;;;;;;;;;;x
FRM_prussian_constitutionalism;Ako Territorial Diet;;;;;;;;;;;;;x
FSA_absolute_monarchy;Himari Empire;;;;;;;;;;;;;x
FSA_proletarian_dictatorship;Himari Socialist Federation;;;;;;;;;;;;;x
FSA_prussian_constitutionalism;Himari Royal Parliament;;;;;;;;;;;;;x
GAZ_absolute_monarchy;Gaza Empire;;;;;;;;;;;;;x
GBU_absolute_monarchy;Kaabu Empire;;;;;;;;;;;;;x
GBU_democracy;Kaabu Republic;;;;;;;;;;;;;x
GCF_absolute_monarchy;Junko Duchy;;;;;;;;;;;;;x
GCF_fascist_dictatorship;Junko National State;;;;;;;;;;;;;x
GCF_hms_government;Junko Constitutional Duchy;;;;;;;;;;;;;x
GCF_proletarian_dictatorship;Junko Council Republic;;;;;;;;;;;;;x
GCF_prussian_constitutionalism;Junko Territorial Diet;;;;;;;;;;;;;x
GCO_absolute_monarchy;Rosarita Cisneros Kingdom;;;;;;;;;;;;;x
GCO_hms_government;Rosarita Cisneros Constitutional Kingdom;;;;;;;;;;;;;x
GCO_prussian_constitutionalism;Rosarita Cisneros Royal Council;;;;;;;;;;;;;x
GCO_colonial_company;Rosarita Cisneros Chartered Company Territory;;;;;;;;;;;;;x
GEN_absolute_monarchy;Henrietta Duchy;;;;;;;;;;;;;x
GEN_democracy;Henrietta Doge's Republic;;;;;;;;;;;;;x
GEN_fascist_dictatorship;Henrietta National Unity State;;;;;;;;;;;;;x
GEN_hms_government;Henrietta Constitutional Duchy;;;;;;;;;;;;;x
GEN_presidential_dictatorship;Henrietta Consular Government;;;;;;;;;;;;;x
GEN_proletarian_dictatorship;Henrietta Socialist Republic;;;;;;;;;;;;;x
GEN_prussian_constitutionalism;Henrietta Royal Senate;;;;;;;;;;;;;x
GEO_absolute_monarchy;Dori Kingdom;;;;;;;;;;;;;x
GEO_bourgeois_dictatorship;Dori City Republic;;;;;;;;;;;;;x
GEO_democracy;Dori Republic;;;;;;;;;;;;;x
GEO_fascist_dictatorship;Dori National State;;;;;;;;;;;;;x
GEO_federal_democracy;Dori Federal Republic;;;;;;;;;;;;;x
GEO_hms_government;Dori Constitutional Kingdom;;;;;;;;;;;;;x
GEO_parliamentary_republic;Dori Parliamentary Republic;;;;;;;;;;;;;x
GEO_presidential_dictatorship;Dori Military Council;;;;;;;;;;;;;x
GEO_proletarian_dictatorship;Dori People's Republic;;;;;;;;;;;;;x
GEO_prussian_constitutionalism;Dori Royal Council;;;;;;;;;;;;;x
GEO_rus_colonial_company;Dori Chartered Company Territory;;;;;;;;;;;;;x
GEO_rus_dominion;Dori Dominion;;;;;;;;;;;;;x
GER_absolute_monarchy;Germany;;;;;;;;;;;;;x
GER_bourgeois_dictatorship;Germany;;;;;;;;;;;;;x
GER_democracy;Germany;;;;;;;;;;;;;x
GER_fascist_dictatorship;Germany;;;;;;;;;;;;;x
GER_hms_government;Germany;;;;;;;;;;;;;x
GER_proletarian_dictatorship;Germany;;;;;;;;;;;;;x
GER_prussian_constitutionalism;Germany;;;;;;;;;;;;;x
GNG_presidential_dictatorship;Hwa Ryun Military Government;;;;;;;;;;;;;x
GRN_absolute_monarchy;Utaha Kingdom;;;;;;;;;;;;;x
GRN_colonial_company;Utaha Chartered Company Territory;;;;;;;;;;;;;x
GRN_democracy;Utaha Republic;;;;;;;;;;;;;x
GRN_dominion;Utaha Dominion;;;;;;;;;;;;;x
GRN_federal_democracy;Utaha Federal Republic;;;;;;;;;;;;;x
GRN_hms_government;Utaha Constitutional Kingdom;;;;;;;;;;;;;x
GRN_prussian_constitutionalism;Utaha King's Council;;;;;;;;;;;;;x
GUA_colonial_company;Uta Chartered Company Territory;;;;;;;;;;;;;x
GUA_democracy;Uta Republic;;;;;;;;;;;;;x
GUA_federal_democracy;Uta Federal Republic;;;;;;;;;;;;;x
GUR_absolute_monarchy;Guria;;;;;;;;;;;;;x
GUR_bourgeois_dictatorship;Guria;;;;;;;;;;;;;x
GUR_democracy;Guria;;;;;;;;;;;;;x
GUR_fascist_dictatorship;Guria;;;;;;;;;;;;;x
GUR_federal_democracy;Guria;;;;;;;;;;;;;x
GUR_hms_government;Guria Union of Mtavaris;;;;;;;;;;;;;x
GUR_parliamentary_republic;Guria Union of Mtavaris;;;;;;;;;;;;;x
GUR_presidential_dictatorship;Guria;;;;;;;;;;;;;x
GUR_proletarian_dictatorship;Gurian SSR;;;;;;;;;;;;;x
GUR_prussian_constitutionalism;Guria;;;;;;;;;;;;;x
GUR_rus_colonial_company;Gurian Okrug;;;;;;;;;;;;;x
GUR_rus_dominion;Gurian Okrug;;;;;;;;;;;;;x
GXI_presidential_dictatorship;Ganyu Military Government;Clique de Guangxi;Guangxi-Clique;;;;;;;;;;;x
HAI_absolute_monarchy;Kukulkan Kingdom;;;;;;;;;;;;;x
HAI_colonial_company;Kukulkan Chartered Company Territory;;;;;;;;;;;;;x
HAI_democracy;Kukulkan Republic;;;;;;;;;;;;;x
HAI_dominion;Kukulkan Dominion;;;;;;;;;;;;;x
HAI_federal_democracy;Kukulkan Federal Republic;;;;;;;;;;;;;x
HAI_hms_government;Kukulkan Constitutional Kingdom;;;;;;;;;;;;;x
HAI_presidential_dictatorship;Kukulkan Military Council;;;;;;;;;;;;;x
HAI_prussian_constitutionalism;Kukulkan Royal Council;;;;;;;;;;;;;x
HAL_absolute_monarchy;Grani Emirate;;;;;;;;;;;;;x
HAL_hms_government;Grani Constitutional Emirate;;;;;;;;;;;;;x
HAL_prussian_constitutionalism;Grani Shura Council;;;;;;;;;;;;;x
HAM_absolute_monarchy;Megu Duchy;;;;;;;;;;;;;x
HAM_colonial_company;Megu Chartered Company Territory;;;;;;;;;;;;;x
HAM_democracy;Megu Hanseatic Free City;;;;;;;;;;;;;x
HAM_dominion;Megu Dominion;;;;;;;;;;;;;x
HAM_fascist_dictatorship;Megu National State;;;;;;;;;;;;;x
HAM_federal_democracy;Megu Federal Republic;;;;;;;;;;;;;x
HAM_hms_government;Megu Constitutional Duchy;;;;;;;;;;;;;x
HAM_parliamentary_republic;Megu Parliamentary Republic;;;;;;;;;;;;;x
HAM_proletarian_dictatorship;Megu Council Republic;;;;;;;;;;;;;x
HAM_prussian_constitutionalism;Megu Territorial Diet;;;;;;;;;;;;;x
HAN_absolute_monarchy;Kasumi Kingdom;;;;;;;;;;;;;x
HAN_colonial_company;Kasumi Chartered Company Territory;;;;;;;;;;;;;x
HAN_democracy;Kasumi Free State;;;;;;;;;;;;;x
HAN_dominion;Kasumi Dominion;;;;;;;;;;;;;x
HAN_fascist_dictatorship;Kasumi National State;;;;;;;;;;;;;x
HAN_federal_democracy;Kasumi Federal Republic;;;;;;;;;;;;;x
HAN_hms_government;Kasumi Constitutional Kingdom;;;;;;;;;;;;;x
HAN_parliamentary_republic;Kasumi Parliamentary Republic;;;;;;;;;;;;;x
HAN_proletarian_dictatorship;Kasumi Council Republic;;;;;;;;;;;;;x
HAN_prussian_constitutionalism;Kasumi Territorial Diet;;;;;;;;;;;;;x
HDJ_absolute_monarchy;Vigna Kingdom;;;;;;;;;;;;;x
HDJ_colonial_company;Vigna Trading Company Territory;;;;;;;;;;;;;x
HDJ_dominion;Vigna Dominion;;;;;;;;;;;;;x
HDJ_hms_government;Vigna Constitutional Kingdom;;;;;;;;;;;;;x
HDJ_prussian_constitutionalism;Vigna Shura Council;;;;;;;;;;;;;x
HEH_absolute_monarchy;Ursula Margraviate;;;;;;;;;;;;;x
HEH_colonial_company;Ursula Chartered Company Territory;;;;;;;;;;;;;x
HEH_democracy;Ursula Free State;;;;;;;;;;;;;x
HEH_dominion;Ursula Dominion;;;;;;;;;;;;;x
HEH_fascist_dictatorship;Ursula National State;;;;;;;;;;;;;x
HEH_federal_democracy;Ursula Federal Republic;;;;;;;;;;;;;x
HEH_hms_government;Ursula Constitutional Duchy;;;;;;;;;;;;;x
HEH_parliamentary_republic;Ursula Parliamentary Republic;;;;;;;;;;;;;x
HEH_proletarian_dictatorship;Ursula Council Republic;;;;;;;;;;;;;x
HEH_prussian_constitutionalism;Ursula Territorial Diet;;;;;;;;;;;;;x
HEK_absolute_monarchy;Chinatsu Electorate;;;;;;;;;;;;;x
HEK_colonial_company;Chinatsu Chartered Company Territory;;;;;;;;;;;;;x
HEK_democracy;Chinatsu Free State;;;;;;;;;;;;;x
HEK_dominion;Chinatsu Dominion;;;;;;;;;;;;;x
HEK_fascist_dictatorship;Chinatsu National State;;;;;;;;;;;;;x
HEK_federal_democracy;Chinatsu Federal Republic;;;;;;;;;;;;;x
HEK_hms_government;Chinatsu Constitutional Duchy;;;;;;;;;;;;;x
HEK_parliamentary_republic;Chinatsu Parliamentary Republic;;;;;;;;;;;;;x
HEK_proletarian_dictatorship;Chinatsu Council Republic;;;;;;;;;;;;;x
HEK_prussian_constitutionalism;Chinatsu Territorial Diet;;;;;;;;;;;;;x
HES_absolute_monarchy;Izumi Grand Duchy;;;;;;;;;;;;;x
HES_colonial_company;Izumi Chartered Company Territory;;;;;;;;;;;;;x
HES_democracy;Izumi Free State;;;;;;;;;;;;;x
HES_dominion;Izumi Dominion;;;;;;;;;;;;;x
HES_fascist_dictatorship;Izumi National State;;;;;;;;;;;;;x
HES_federal_democracy;Izumi Federal Republic;;;;;;;;;;;;;x
HES_hms_government;Izumi Constitutional Grand Duchy;;;;;;;;;;;;;x
HES_parliamentary_republic;Izumi Parliamentary Republic;;;;;;;;;;;;;x
HES_proletarian_dictatorship;Izumi Council Republic;;;;;;;;;;;;;x
HES_prussian_constitutionalism;Izumi Territorial Diet;;;;;;;;;;;;;x
HND_absolute_monarchy;Parvati Empire;Hindustani Empire;Hindustani Empire;;;;;;;;;;;x
HND_absolute_monarchy_2;Parvati Hereditary Empire;Hindustani Empire;Hindustani Empire;;;;;;;;;;;x
HND_absolute_monarchy_3;Parvati Hereditary Empire;Hindustani Empire;Hindustani Empire;;;;;;;;;;;x
HND_colonial_company;Parvati East India Company Territory;;;;;;;;;;;;;x
HND_eng_dominon;Parvati Crown Territory;;;;;;;;;;;;;x
HND_fascist_dictatorship;Parvati National Union;Hindustan;Hindustan;;;;;;;;;;;x
HND_hms_government;Parvati Constitutional Empire;Hindustani Empire;Hindustani Empire;;;;;;;;;;;x
HND_hms_government_2;Parvati Parliamentary Cabinet;Hindustani Empire;Hindustani Empire;;;;;;;;;;;x
HND_hms_government_3;Parvati Parliamentary Cabinet;Hindustani Empire;Hindustani Empire;;;;;;;;;;;x
HND_prussian_constitutionalism;Parvati Durbar;Hindustani Empire;Hindustani Empire;;;;;;;;;;;x
HND_prussian_constitutionalism_2;Parvati Council of Princes;Hindustani Empire;Hindustani Empire;;;;;;;;;;;x
HND_prussian_constitutionalism_3;Parvati Council of Princes;Hindustani Empire;Hindustani Empire;;;;;;;;;;;x
HNN_presidential_dictatorship;Hu Tao Military Government;;;;;;;;;;;;;x
HNS_absolute_monarchy;Sena Duchy;;;;;;;;;;;;;x
HNS_democracy;Sena Free State;;;;;;;;;;;;;x
HNS_fascist_dictatorship;Sena National State;;;;;;;;;;;;;x
HNS_hms_government;Sena Constitutional Duchy;;;;;;;;;;;;;x
HNS_presidential_dictatorship;Sena Military Directorate;;;;;;;;;;;;;x
HNS_proletarian_dictatorship;Sena Council Republic;;;;;;;;;;;;;x
HNS_prussian_constitutionalism;Sena Territorial Diet;;;;;;;;;;;;;x
HOH_absolute_monarchy;Juri Principality;;;;;;;;;;;;;x
HOH_colonial_company;Juri Chartered Company Territory;;;;;;;;;;;;;x
HOH_democracy;Juri Free State;;;;;;;;;;;;;x
HOH_dominion;Juri Dominion;;;;;;;;;;;;;x
HOH_fascist_dictatorship;Juri National State;;;;;;;;;;;;;x
HOH_federal_democracy;Juri Federal Republic;;;;;;;;;;;;;x
HOH_hms_government;Juri Constitutional Principality;;;;;;;;;;;;;x
HOH_parliamentary_republic;Juri Parliamentary Republic;;;;;;;;;;;;;x
HOH_proletarian_dictatorship;Juri Council Republic;;;;;;;;;;;;;x
HOH_prussian_constitutionalism;Juri Territorial Diet;;;;;;;;;;;;;x
HOL_absolute_monarchy;Diona Duchy;;;;;;;;;;;;;x
HOL_colonial_company;Diona Chartered Company Territory;;;;;;;;;;;;;x
HOL_democracy;Diona Free State;;;;;;;;;;;;;x
HOL_dominion;Diona Dominion;;;;;;;;;;;;;x
HOL_fascist_dictatorship;Diona National State;;;;;;;;;;;;;x
HOL_federal_democracy;Diona Federal Republic;;;;;;;;;;;;;x
HOL_hms_government;Diona Constitutional Duchy;;;;;;;;;;;;;x
HOL_parliamentary_republic;Diona Parliamentary Republic;;;;;;;;;;;;;x
HOL_proletarian_dictatorship;Diona Council Republic;;;;;;;;;;;;;x
HOL_prussian_constitutionalism;Diona Territorial Diet;;;;;;;;;;;;;x
HON_colonial_company;Yamato Chartered Company Territory;;;;;;;;;;;;;x
HON_democracy;Yamato Republic;;;;;;;;;;;;;x
HON_federal_democracy;Yamato Federal Republic;;;;;;;;;;;;;x
HUI_presidential_dictatorship;Keqing Military Government;;;;;;;;;;;;;x
IBR_absolute_monarchy;Kinako Sakurakoji Empire;;;;;;;;;;;;;x
IBR_bourgeois_dictatorship;Kinako Sakurakoji Union of Cities;;;;;;;;;;;;;x
IBR_democracy;Kinako Sakurakoji Republic;;;;;;;;;;;;;x
IBR_fascist_dictatorship;Kinako Sakurakoji National Union;;;;;;;;;;;;;x
IBR_hms_government;Kinako Sakurakoji Constitutional Empire;;;;;;;;;;;;;x
IBR_presidential_dictatorship;Kinako Sakurakoji Military Council;;;;;;;;;;;;;x
IBR_proletarian_dictatorship;Kinako Sakurakoji Workers' Republic;;;;;;;;;;;;;x
IBR_prussian_constitutionalism;Kinako Sakurakoji Cortes;;;;;;;;;;;;;x
LTU_bourgeois_dictatorship;Fontaine Directorate;;;;;;;;;;;;;x
LTU_democracy;Fontaine Republic;;;;;;;;;;;;;x
LTU_fascist_dictatorship;Fontaine National State;;;;;;;;;;;;;x
LTU_presidential_dictatorship;Fontaine Consular Government;;;;;;;;;;;;;x
LTU_proletarian_dictatorship;Fontaine Commune;;;;;;;;;;;;;x
LTU_absolute_monarchy;Fontaine Empire;;;;;;;;;;;;;x
LTU_prussian_constitutionalism;Fontaine Royal Council of State;;;;;;;;;;;;;x
LTU_hms_government;Fontaine Constitutional Empire;;;;;;;;;;;;;x
IDO_absolute_monarchy;Sayu Imperial Dynasty;;;;;;;;;;;;;x
IDO_democracy;Sayu Republic;;;;;;;;;;;;;x
IDO_fascist_dictatorship;Sayu National Government;;;;;;;;;;;;;x
IDO_hms_government;Sayu Constitutional Cabinet;;;;;;;;;;;;;x
IDO_presidential_dictatorship;Sayu Military Government;;;;;;;;;;;;;x
IDO_proletarian_dictatorship;Sayu People's Republic;;;;;;;;;;;;;x
IDO_prussian_constitutionalism;Sayu Privy Council;;;;;;;;;;;;;x
IME_absolute_monarchy;Imereti;;;;;;;;;;;;;x
IME_bourgeois_dictatorship;Imereti;;;;;;;;;;;;;x
IME_democracy;Imereti;;;;;;;;;;;;;x
IME_fascist_dictatorship;Imereti;;;;;;;;;;;;;x
IME_federal_democracy;Imereti;;;;;;;;;;;;;x
IME_hms_government;Imereti Union of Mtavaris;;;;;;;;;;;;;x
IME_parliamentary_republic;Imereti Union of Mtavaris;;;;;;;;;;;;;x
IME_presidential_dictatorship;Imereti;;;;;;;;;;;;;x
IME_proletarian_dictatorship;Imeretian SSR;;;;;;;;;;;;;x
IME_prussian_constitutionalism;Imereti;;;;;;;;;;;;;x
IMG_colonial_company;Shenhe Trading Territory;;;;;;;;;;;;;x
INO_colonial_company;An Shan Trading Company Territory;;;;;;;;;;;;;x
ION_democracy;Mostima Republic;;;;;;;;;;;;;x
IOT_absolute_monarchy;Closure Kingdom;;;;;;;;;;;;;x
IOT_colonial_company;Closure Chartered Company Territory;;;;;;;;;;;;;x
IOT_dominion;Closure Dominion;;;;;;;;;;;;;x
IOT_hms_government;Closure Constitutional Kingdom;;;;;;;;;;;;;x
IOT_prussian_constitutionalism;Closure Privy Council;;;;;;;;;;;;;x
IRE_colonial_company;Kazusa Chartered Company Territory;;;;;;;;;;;;;x
IRE_dominion;Kazusa Dominion;;;;;;;;;;;;;x
IRE_fascist_dictatorship;Kazusa National Union;;;;;;;;;;;;;x
IRQ_absolute_monarchy;Shaw Emirate;;;;;;;;;;;;;x
IRQ_hms_government;Shaw Constitutional Emirate;;;;;;;;;;;;;x
IRQ_prussian_constitutionalism;Shaw Shura Council;;;;;;;;;;;;;x
ITA_absolute_monarchy;Siracusa Kingdom;;;;;;;;;;;;;x
ITA_democracy;Siracusa Republic;;;;;;;;;;;;;x
ITA_fascist_dictatorship;Siracusa National Unity State;;;;;;;;;;;;;x
ITA_hms_government;Siracusa Constitutional Kingdom;;;;;;;;;;;;;x
ITA_proletarian_dictatorship;Siracusa Socialist Republic;;;;;;;;;;;;;x
ITA_prussian_constitutionalism;Siracusa Royal Senate;;;;;;;;;;;;;x
ITA_theocracy;Siracusa Bishopric;;;;;;;;;;;;;x
ITP_absolute_monarchy;Pontifical Italy;;;;;;;;;;;;;x
ITP_democracy;Italy;;;;;;;;;;;;;x
ITP_fascist_dictatorship;Roman Socialist Republic;;;;;;;;;;;;;x
ITP_hms_government;Italy;;;;;;;;;;;;;x
ITP_presidential_dictatorship;Italy;;;;;;;;;;;;;x
ITP_proletarian_dictatorship;Roman People's Republic;;;;;;;;;;;;;x
ITP_prussian_constitutionalism;Italy Confederation;;;;;;;;;;;;;x
ITP_theocracy;Pontifical Italy;;;;;;;;;;;;;x
ITS_absolute_monarchy;Italy Empire;;;;;;;;;;;;;x
ITS_democracy;Italy Federation;;;;;;;;;;;;;x
ITS_fascist_dictatorship;Italy State;;;;;;;;;;;;;x
ITS_hms_government;Italy Empire;;;;;;;;;;;;;x
ITS_proletarian_dictatorship;Italy People's Federation;;;;;;;;;;;;;x
ITS_prussian_constitutionalism;Italy Empire;;;;;;;;;;;;;x
ITS_theocracy;Italy Federation;;;;;;;;;;;;;x
IVC_colonial_company;Ivory Coast Chartered Company Territory;;;;;;;;;;;;;x
IVC_dominion;Ivory Coast Protectorate;;;;;;;;;;;;;x
JAM_colonial_company;Jaguarman Chartered Company Territory;;;;;;;;;;;;;x
JAM_dominion;Jaguarman Dominion;;;;;;;;;;;;;x
JAM_hms_government;Jaguarman Constitutional Kingdom;;;;;;;;;;;;;x
JAM_parliamentary_republic;Jaguarman Parliamentary Republic;;;;;;;;;;;;;x
JAN_fascist_dictatorship;Cliffheart Total Mobilization State;;;;;;;;;;;;;x
JAP_absolute_monarchy;Empire of Japan;;;;;;;;;;;;;x
JAP_democracy;State of Japan;;;;;;;;;;;;;x
JAP_fascist_dictatorship;Empire of Japan;;;;;;;;;;;;;x
JAP_hms_government;Empire of Japan;;;;;;;;;;;;;x
JAP_proletarian_dictatorship;Japan People's Republic;;;;;;;;;;;;;x
JAP_prussian_constitutionalism;Empire of Japan;;;;;;;;;;;;;x
JAV_absolute_monarchy;Tai Yuan Sultanate;;;;;;;;;;;;;x
JAV_hms_government;Tai Yuan Constitutional Sultanate;;;;;;;;;;;;;x
JAV_prussian_constitutionalism;Tai Yuan Sultan's Council;;;;;;;;;;;;;x
JBJ_absolute_monarchy;Zakatala Sultanate;;;;;;;;;;;;;x
JBJ_bourgeois_dictatorship;Zakatala;;;;;;;;;;;;;x
JBJ_democracy;Zakatala;;;;;;;;;;;;;x
JBJ_fascist_dictatorship;Zakatala DR;;;;;;;;;;;;;x
JBJ_federal_democracy;Djamaats of Djaro-Belokani;;;;;;;;;;;;;x
JBJ_hms_government;Djamaats of Djaro-Belokani;;;;;;;;;;;;;x
JBJ_parliamentary_republic;Djamaats of Djaro-Belokani;;;;;;;;;;;;;x
JBJ_presidential_dictatorship;Zakatala DR;;;;;;;;;;;;;x
JBJ_proletarian_dictatorship;Zakatala DR;;;;;;;;;;;;;x
JBJ_prussian_constitutionalism;Djamaats of Djaro-Belokani;;;;;;;;;;;;;x
JBJ_rus_colonial_company;Zakatali Okrug;;;;;;;;;;;;;x
JBJ_rus_dominion;Zakatali Okrug;;;;;;;;;;;;;x
TBS_absolute_monarchy;Jessica Kingdom;;;;;;;;;;;;;x
TBS_democracy;Jessica Republic;;;;;;;;;;;;;x
TBS_fascist_dictatorship;Jessica National Unity State;;;;;;;;;;;;;x
TBS_federal_democracy;Jessica Federal Republic;;;;;;;;;;;;;x
TBS_hms_government;Jessica Constitutional Kingdom;;;;;;;;;;;;;x
TBS_presidential_dictatorship;Jessica Military Council;;;;;;;;;;;;;x
TBS_proletarian_dictatorship;Jessica Socialist Republic;;;;;;;;;;;;;x
TBS_prussian_constitutionalism;Jessica Royal Council;;;;;;;;;;;;;x
KAG_absolute_monarchy;Michiru Domain;;;;;;;;;;;;;x
KAG_hms_government;Michiru Constitutional Domain;;;;;;;;;;;;;x
KAG_prussian_constitutionalism;Michiru Domain Administrative Council;;;;;;;;;;;;;x
KAM_bourgeois_dictatorship;Nodoka League of Local Autonomies;;;;;;;;;;;;;x
KAM_presidential_dictatorship;Nodoka Military Council;;;;;;;;;;;;;x
KAM_proletarian_dictatorship;Nodoka Soviet Republic;;;;;;;;;;;;;x
KAZ_absolute_monarchy;Liskarm Khanate;;;;;;;;;;;;;x
KBO_absolute_monarchy;Kanem-Bornu Sultanate;;;;;;;;;;;;;x
KBO_hms_government;Kanem-Bornu Constitutional Sultanate;;;;;;;;;;;;;x
KBO_prussian_constitutionalism;Kanem-Bornu Diwan;;;;;;;;;;;;;x
KGH_absolute_monarchy;Yazidistan Emirate;;;;;;;;;;;;;x
KGH_absolute_monarchy2;Kashatagh Melikdom;;;;;;;;;;;;;x
KGH_bourgeois_dictatorship;Zangezur Development Council;;;;;;;;;;;;;x
KGH_democracy;Jangir Yazidi Republic;;;;;;;;;;;;;x
KGH_democracy2;Mountainous Armenia Republic;;;;;;;;;;;;;x
KGH_fascist_dictatorship;Mountainous Armenia Defense Committee;;;;;;;;;;;;;x
KGH_federal_democracy;Jangir FDR;;;;;;;;;;;;;x
KGH_hms_government;Zangezur Emirate;;;;;;;;;;;;;x
KGH_hms_government2;United Nakharars of Kashatagh;;;;;;;;;;;;;x
KGH_parliamentary_republic;Jangir DR;;;;;;;;;;;;;x
KGH_presidential_dictatorship;Zangezur Military Council;;;;;;;;;;;;;x
KGH_proletarian_dictatorship;Red Kurdistan;;;;;;;;;;;;;x
KGH_prussian_constitutionalism;Zangezur Emirate;;;;;;;;;;;;;x
KGH_prussian_constitutionalism2;Kashatagh Melikdom;;;;;;;;;;;;;x
KGH_rus_colonial_company;Yezidi Okrug;;;;;;;;;;;;;x
KGH_rus_dominion;Yezidi Okrug;;;;;;;;;;;;;x
KGH_tur_colonial_company;Jangir Vilayet;;;;;;;;;;;;;x
KHI_absolute_monarchy;Gavial Khanate;;;;;;;;;;;;;x
KHI_bourgeois_dictatorship;Gavial League of Merchant Cities;;;;;;;;;;;;;x
KHI_democracy;Gavial Republic;;;;;;;;;;;;;x
KHI_fascist_dictatorship;Gavial National Unity State;;;;;;;;;;;;;x
KHI_presidential_dictatorship;Gavial Military Council;;;;;;;;;;;;;x
KHI_proletarian_dictatorship;Gavial People's Republic;;;;;;;;;;;;;x
KHR_absolute_monarchy;Papyrus Shahdom;Khorasan;Khorasan;;;;;;;;;;;x
KHR_bourgeois_dictatorship;Papyrus Merchant Council;Khorasan Republic;Khorasan Republic;;;;;;;;;;;x
KHR_democracy;Papyrus Republic;Khorasan;Khorasan;;;;;;;;;;;x
KHR_fascist_dictatorship;Papyrus National State;Khorasani State;Khorasani State;;;;;;;;;;;x
KHR_hms_government;Papyrus Constitutional Shahdom;Khorasan;Khorasan;;;;;;;;;;;x
KHR_presidential_dictatorship;Papyrus Military Government;Khorasan Republic;Khorasan Republic;;;;;;;;;;;x
KHR_proletarian_dictatorship;Papyrus People's Republic;Khorasan Republic;Khorasan Republic;;;;;;;;;;;x
KHR_prussian_constitutionalism;Papyrus Majlis;Khorasan;Khorasan;;;;;;;;;;;x
KHZ_absolute_monarchy;Cardigan Emirate;Arabistan;Arabistan;;;;;;;;;;;x
KHZ_bourgeois_dictatorship;Cardigan Merchant Council;Arabistan;Arabistan;;;;;;;;;;;x
KHZ_democracy;Cardigan Republic;Arabistan;Arabistan;;;;;;;;;;;x
KHZ_fascist_dictatorship;Cardigan National Unity State;Arabistan;Arabistan;;;;;;;;;;;x
KHZ_hms_government;Cardigan Constitutional Emirate;Arabistan;Arabistan;;;;;;;;;;;x
KHZ_presidential_dictatorship;Cardigan Military Council;Arabistan;Arabistan;;;;;;;;;;;x
KHZ_proletarian_dictatorship;Cardigan Socialist Republic;Arabistan;Arabistan;;;;;;;;;;;x
KHZ_prussian_constitutionalism;Cardigan Shura Council;Arabistan;Arabistan;;;;;;;;;;;x
KKX_absolute_monarchy;Kartli-Kakheti;;;;;;;;;;;;;x
KKX_bourgeois_dictatorship;Kartli-Kakheti;;;;;;;;;;;;;x
KKX_democracy;Kartli-Kakheti;;;;;;;;;;;;;x
KKX_fascist_dictatorship;Kartli-Kakheti;;;;;;;;;;;;;x
KKX_federal_democracy;Kartli-Kakheti;;;;;;;;;;;;;x
KKX_hms_government;United Mtavaris of Kartli-Kakheti;;;;;;;;;;;;;x
KKX_parliamentary_republic;United Mtavaris of Kartli-Kakheti;;;;;;;;;;;;;x
KKX_presidential_dictatorship;Kartli-Kakheti;;;;;;;;;;;;;x
KKX_proletarian_dictatorship;Kartli-Kakheti SSR;;;;;;;;;;;;;x
KKX_prussian_constitutionalism;Kartli-Kakheti;;;;;;;;;;;;;x
KKX_rus_colonial_company;Georgian Governorate;;;;;;;;;;;;;x
KKX_rus_dominion;Georgian Governorate;;;;;;;;;;;;;x
KLM_absolute_monarchy;Ch'en Sultanate;;;;;;;;;;;;;x
KLM_hms_government;Ch'en Constitutional Sultanate;;;;;;;;;;;;;x
KLM_prussian_constitutionalism;Ch'en Sultan's Council;;;;;;;;;;;;;x
KMK_fascist_dictatorship;Candace National Unity State;;;;;;;;;;;;;x
KMK_proletarian_dictatorship;Candace People's Republic;;;;;;;;;;;;;x
KML_bourgeois_dictatorship;Tomoe League of Merchant Cities;;;;;;;;;;;;;x
KML_democracy;Tomoe Republic;;;;;;;;;;;;;x
KML_proletarian_dictatorship;Tomoe People's Republic;;;;;;;;;;;;;x
KMT_absolute_monarchy;Qiqi Imperial Dynasty;;;;;;;;;;;;;x
KMT_democracy;Qiqi Republic;;;;;;;;;;;;;x
KMT_fascist_dictatorship;Qiqi National Government;;;;;;;;;;;;;x
KMT_presidential_dictatorship;Qiqi Military Government;;;;;;;;;;;;;x
KMT_proletarian_dictatorship;Qiqi People's Republic;;;;;;;;;;;;;x
KNY_colonial_company;Kenya Chartered Company Territory;;;;;;;;;;;;;x
KNY_dominion;Kenya Protectorate;;;;;;;;;;;;;x
KOK_absolute_monarchy;Eunectes Khanate;;;;;;;;;;;;;x
KOK_bourgeois_dictatorship;Eunectes League of Merchant Cities;;;;;;;;;;;;;x
KOK_democracy;Eunectes Republic;;;;;;;;;;;;;x
KOK_fascist_dictatorship;Eunectes National Unity State;;;;;;;;;;;;;x
KOK_presidential_dictatorship;Eunectes Military Council;;;;;;;;;;;;;x
KOK_proletarian_dictatorship;Eunectes People's Republic;;;;;;;;;;;;;x
KOR_absolute_monarchy;Mathemagicians' Royal Academy;;;;;;;;;;;;;x
KOR_colonial_company;Mathemagicians' Academic Trading Corporation;;;;;;;;;;;;;x
KOR_democracy;Mathemagicians' Academic Union;;;;;;;;;;;;;x
KOR_dominion;Mathemagicians' Autonomous Academy;;;;;;;;;;;;;x
KOR_proletarian_dictatorship;Mathemagicians' Shared Learning Republic;;;;;;;;;;;;;x
KPB_bourgeois_dictatorship;Liella Saya Union of Cities;;;;;;;;;;;;;x
KPB_democracy;Liella Saya Republic;;;;;;;;;;;;;x
KPB_fascist_dictatorship;Liella Saya National Union;;;;;;;;;;;;;x
KPB_presidential_dictatorship;Liella Saya Military Council;;;;;;;;;;;;;x
KPB_proletarian_dictatorship;Liella Saya Workers' Republic;;;;;;;;;;;;;x
KPB_prussian_constitutionalism;Liella Saya Cortes;;;;;;;;;;;;;x
KPB_prussian_constitutionalism2;Liella Saya Royal Advisory Council;;;;;;;;;;;;;x
KPB_absolute_monarchy;Liella Saya Kingdom;;;;;;;;;;;;;x
KPB_absolute_monarchy2;Liella Saya Hereditary Kingdom;;;;;;;;;;;;;x
KPB_hms_government;Liella Saya Constitutional Kingdom;;;;;;;;;;;;;x
KPB_hms_government2;Liella Saya Parliamentary Cabinet;;;;;;;;;;;;;x
KRN_bourgeois_dictatorship;Melantha Merchant Council;;;;;;;;;;;;;x
KRN_democracy;Melantha Republic;;;;;;;;;;;;;x
KRN_fascist_dictatorship;Melantha National Unity State;;;;;;;;;;;;;x
KRN_proletarian_dictatorship;Melantha People's Republic;;;;;;;;;;;;;x
KRO_absolute_monarchy;Long Island Duchy;;;;;;;;;;;;;x
KRO_bourgeois_dictatorship;Long Island Free City;;;;;;;;;;;;;x
KRO_colonial_company;Long Island Chartered Company Territory;;;;;;;;;;;;;x
KRO_democracy;Long Island Free State;;;;;;;;;;;;;x
KRO_dominion;Long Island Dominion;;;;;;;;;;;;;x
KRO_fascist_dictatorship;Long Island National State;;;;;;;;;;;;;x
KRO_hms_government;Long Island Constitutional Duchy;;;;;;;;;;;;;x
KRO_proletarian_dictatorship;Long Island Council Republic;;;;;;;;;;;;;x
KRO_prussian_constitutionalism;Long Island Territorial Diet;;;;;;;;;;;;;x
KUK_bourgeois_dictatorship;Pandemonium Gourmet Research Society;;;;;;;;;;;;;x
KUK_democracy;Austro-Hungarian Confederation;;;;;;;;;;;;;x
KUK_fascist_dictatorship;Pandemonium Gourmet Research Society;;;;;;;;;;;;;x
KUK_proletarian_dictatorship;Pandemonium Gourmet Research Society;;;;;;;;;;;;;x
L0Z_absolute_monarchy;Tairdjal;;;;;;;;;;;;;x
L0Z_bourgeois_dictatorship;Tairdjal;;;;;;;;;;;;;x
L0Z_democracy;United Tairdjal Djamaats;;;;;;;;;;;;;x
L0Z_fascist_dictatorship;Tairdjal Islamic Republic;;;;;;;;;;;;;x
L0Z_hms_government;United Tairdjal Djamaats;;;;;;;;;;;;;x
L0Z_presidential_dictatorship;Tairdjal;;;;;;;;;;;;;x
L0Z_proletarian_dictatorship;Tairdjal Commune;;;;;;;;;;;;;x
L0Z_prussian_constitutionalism;United Tairdjal Djamaats;;;;;;;;;;;;;x
L1Z_absolute_monarchy;Dokuz-Para;;;;;;;;;;;;;x
L1Z_bourgeois_dictatorship;Dokuz-Para;;;;;;;;;;;;;x
L1Z_democracy;United Dokuz-Para Djamaats;;;;;;;;;;;;;x
L1Z_fascist_dictatorship;Dokuz-Para Islamic Republic;;;;;;;;;;;;;x
L1Z_hms_government;United Dokuz-Para Djamaats;;;;;;;;;;;;;x
L1Z_presidential_dictatorship;Dokuz-Para;;;;;;;;;;;;;x
L1Z_proletarian_dictatorship;Dokuz-Para Commune;;;;;;;;;;;;;x
L1Z_prussian_constitutionalism;United Dokuz-Para Djamaats;;;;;;;;;;;;;x
L2Z_absolute_monarchy;Alty-Para;;;;;;;;;;;;;x
L2Z_bourgeois_dictatorship;Alty-Para;;;;;;;;;;;;;x
L2Z_democracy;United Alty-Para Djamaats;;;;;;;;;;;;;x
L2Z_fascist_dictatorship;Alty-Para Islamic Republic;;;;;;;;;;;;;x
L2Z_hms_government;United Alty-Para Djamaats;;;;;;;;;;;;;x
L2Z_presidential_dictatorship;Alty-Para;;;;;;;;;;;;;x
L2Z_proletarian_dictatorship;Alty-Para Commune;;;;;;;;;;;;;x
L2Z_prussian_constitutionalism;United Alty-Para Djamaats;;;;;;;;;;;;;x
L3Z_absolute_monarchy;Akhty-Para;;;;;;;;;;;;;x
L3Z_bourgeois_dictatorship;Akhty-Para;;;;;;;;;;;;;x
L3Z_democracy;United Akhty-Para Djamaats;;;;;;;;;;;;;x
L3Z_fascist_dictatorship;Akhty-Para Islamic Republic;;;;;;;;;;;;;x
L3Z_hms_government;United Akhty-Para Djamaats;;;;;;;;;;;;;x
L3Z_presidential_dictatorship;Akhty-Para;;;;;;;;;;;;;x
L3Z_proletarian_dictatorship;Akhty-Para Commune;;;;;;;;;;;;;x
L3Z_prussian_constitutionalism;United Akhty-Para Djamaats;;;;;;;;;;;;;x
LEZ_absolute_monarchy;Lezgistan;;;;;;;;;;;;;x
LEZ_bourgeois_dictatorship;Lezgistan;;;;;;;;;;;;;x
LEZ_democracy;Lezgistan Union of Jamaats;;;;;;;;;;;;;x
LEZ_fascist_dictatorship;Islamic Republic of Lezgistan;;;;;;;;;;;;;x
LEZ_hms_government;Lezgistan Union of Jamaats;;;;;;;;;;;;;x
LEZ_presidential_dictatorship;Lezgistan;;;;;;;;;;;;;x
LEZ_proletarian_dictatorship;Lezgin Commune;;;;;;;;;;;;;x
LEZ_prussian_constitutionalism;Lezgistan Union of Jamaats;;;;;;;;;;;;;x
LAU_absolute_monarchy;Sucrose Duchy;;;;;;;;;;;;;x
LAU_colonial_company;Sucrose Chartered Company Territory;;;;;;;;;;;;;x
LAU_democracy;Sucrose Free State;;;;;;;;;;;;;x
LAU_dominion;Sucrose Dominion;;;;;;;;;;;;;x
LAU_fascist_dictatorship;Sucrose National State;;;;;;;;;;;;;x
LAU_federal_democracy;Sucrose Federal Republic;;;;;;;;;;;;;x
LAU_hms_government;Sucrose Constitutional Duchy;;;;;;;;;;;;;x
LAU_parliamentary_republic;Sucrose Parliamentary Republic;;;;;;;;;;;;;x
LAU_proletarian_dictatorship;Sucrose Council Republic;;;;;;;;;;;;;x
LAU_prussian_constitutionalism;Sucrose Territorial Diet;;;;;;;;;;;;;x
LBG_absolute_monarchy;Fischl Duchy;;;;;;;;;;;;;x
LBG_colonial_company;Fischl Chartered Company Territory;;;;;;;;;;;;;x
LBG_democracy;Fischl Free State;;;;;;;;;;;;;x
LBG_dominion;Fischl Dominion;;;;;;;;;;;;;x
LBG_fascist_dictatorship;Fischl National State;;;;;;;;;;;;;x
LBG_federal_democracy;Fischl Federal Republic;;;;;;;;;;;;;x
LBG_hms_government;Fischl Constitutional Duchy;;;;;;;;;;;;;x
LBG_parliamentary_republic;Fischl Parliamentary Republic;;;;;;;;;;;;;x
LBG_proletarian_dictatorship;Fischl Council Republic;;;;;;;;;;;;;x
LBG_prussian_constitutionalism;Fischl Territorial Diet;;;;;;;;;;;;;x
LBY_colonial_company;Ayane Trading Company Territory;;;;;;;;;;;;;x
LEG_absolute_monarchy;Paimon Legation Territory;;;;;;;;;;;;;x
LEG_colonial_company;Paimon Joint Legation Territory;;;;;;;;;;;;;x
LEG_democracy;Paimon Republic;;;;;;;;;;;;;x
LEG_dominion;Paimon Dominion;;;;;;;;;;;;;x
LEG_hms_government;Paimon Parliamentary Kingdom;;;;;;;;;;;;;x
LEG_presidential_dictatorship;Paimon Lord Protectorate;;;;;;;;;;;;;x
LIB_colonial_company;Liberia Chartered Company Territory;;;;;;;;;;;;;x
LIE_absolute_monarchy;Rosaria Principality;;;;;;;;;;;;;x
LIE_colonial_company;Rosaria Chartered Company Territory;;;;;;;;;;;;;x
LIE_democracy;Rosaria Free State;;;;;;;;;;;;;x
LIE_democracy2;Rosaria City Republic;;;;;;;;;;;;;x
LIE_dominion;Rosaria Dominion;;;;;;;;;;;;;x
LIE_fascist_dictatorship;Rosaria National State;;;;;;;;;;;;;x
LIE_federal_democracy;Rosaria Federal Republic;;;;;;;;;;;;;x
LIE_hms_government;Rosaria Constitutional Principality;;;;;;;;;;;;;x
LIE_hms_government2;Rosaria Territorial Cabinet;;;;;;;;;;;;;x
LIE_absolute_monarchy2;Rosaria Hereditary Principality;;;;;;;;;;;;;x
LIE_prussian_constitutionalism2;Rosaria Council of Princes;;;;;;;;;;;;;x
LIE_parliamentary_republic;Rosaria Parliamentary Republic;;;;;;;;;;;;;x
LIE_proletarian_dictatorship;Rosaria Council Republic;;;;;;;;;;;;;x
LIE_prussian_constitutionalism;Rosaria Territorial Diet;;;;;;;;;;;;;x
LIP_absolute_monarchy;Lisa Principality;;;;;;;;;;;;;x
LIP_colonial_company;Lisa Chartered Company Territory;;;;;;;;;;;;;x
LIP_democracy;Lisa Free State;;;;;;;;;;;;;x
LIP_dominion;Lisa Dominion;;;;;;;;;;;;;x
LIP_fascist_dictatorship;Lisa National State;;;;;;;;;;;;;x
LIP_federal_democracy;Lisa Federal Republic;;;;;;;;;;;;;x
LIP_hms_government;Lisa Constitutional Principality;;;;;;;;;;;;;x
LIP_parliamentary_republic;Lisa Parliamentary Republic;;;;;;;;;;;;;x
LIP_proletarian_dictatorship;Lisa Council Republic;;;;;;;;;;;;;x
LIP_prussian_constitutionalism;Lisa Territorial Diet;;;;;;;;;;;;;x
LIV_colonial_company;Helena Chartered Company Territory;;;;;;;;;;;;;x
LIV_dominion;Helena Dominion;;;;;;;;;;;;;x
LIV_hms_government;Helena Constitutional Grand Duchy;;;;;;;;;;;;;x
LIV_prussian_constitutionalism;Helena Territorial Diet;;;;;;;;;;;;;x
LIV_absolute_monarchy;Helena Grand Duchy;;;;;;;;;;;;;x
LOM_colonial_company;Rico Chartered Company Territory;;;;;;;;;;;;;x
LOM_democracy;Rico Republic;;;;;;;;;;;;;x
LOM_dominion;Rico Dominion;;;;;;;;;;;;;x
LOM_presidential_dictatorship;Rico Consular Government;;;;;;;;;;;;;x
LOR_fascist_dictatorship;Furina National State;;;;;;;;;;;;;x
LOS_colonial_company;Eda Chartered Company Territory;;;;;;;;;;;;;x
LOS_democracy;Eda Republic;;;;;;;;;;;;;x
LOS_federal_democracy;Eda Federal Republic;;;;;;;;;;;;;x
LPL_colonial_company;United Provinces Chartered Company Territory;;;;;;;;;;;;;x
LSK_colonial_company;Karin Chartered Company Territory;;;;;;;;;;;;;x
LSK_democracy;Karin Republic;;;;;;;;;;;;;x
LSK_dominion;Karin Dominion;;;;;;;;;;;;;x
LSK_federal_democracy;Karin Federal Republic;;;;;;;;;;;;;x
LUB_absolute_monarchy;Viviana Duchy;;;;;;;;;;;;;x
LUB_colonial_company;Viviana Chartered Company Territory;;;;;;;;;;;;;x
LUB_democracy;Viviana Hanseatic Free City;;;;;;;;;;;;;x
LUB_dominion;Viviana Dominion;;;;;;;;;;;;;x
LUB_fascist_dictatorship;Viviana National State;;;;;;;;;;;;;x
LUB_federal_democracy;Viviana Federal Republic;;;;;;;;;;;;;x
LUB_hms_government;Viviana Constitutional Duchy;;;;;;;;;;;;;x
LUB_parliamentary_republic;Viviana Parliamentary Republic;;;;;;;;;;;;;x
LUB_proletarian_dictatorship;Viviana Council Republic;;;;;;;;;;;;;x
LUB_prussian_constitutionalism;Viviana Territorial Diet;;;;;;;;;;;;;x
LUX_absolute_monarchy;Barbara Grand Duchy;;;;;;;;;;;;;x
LUX_colonial_company;Barbara Chartered Company Territory;;;;;;;;;;;;;x
LUX_democracy;Barbara Free State;;;;;;;;;;;;;x
LUX_dominion;Barbara Dominion;;;;;;;;;;;;;x
LUX_fascist_dictatorship;Barbara National State;;;;;;;;;;;;;x
LUX_federal_democracy;Barbara Federal Republic;;;;;;;;;;;;;x
LUX_hms_government;Barbara Constitutional Grand Duchy;;;;;;;;;;;;;x
LUX_parliamentary_republic;Barbara Parliamentary Republic;;;;;;;;;;;;;x
LUX_proletarian_dictatorship;Barbara Council Republic;;;;;;;;;;;;;x
LUX_prussian_constitutionalism;Barbara Territorial Diet;;;;;;;;;;;;;x
LXA_absolute_monarchy;Mudrock Kingdom;;;;;;;;;;;;;x
LXA_democracy;Mudrock Republic;;;;;;;;;;;;;x
LXA_proletarian_dictatorship;Mudrock People's Republic;;;;;;;;;;;;;x
MAD_absolute_monarchy;Madagascar Kingdom;;;;;;;;;;;;;x
MAD_colonial_company;Madagascar Chartered Company Territory;;;;;;;;;;;;;x
MAD_prussian_constitutionalism;Madagascar Royal Council of Elders;;;;;;;;;;;;;x
MAF_absolute_monarchy;Mittelafrika Governorate;;;;;;;;;;;;;x
MAF_colonial_company;Mittelafrika Chartered Company Territory;;;;;;;;;;;;;x
MAF_democracy;Mittelafrika Free State;;;;;;;;;;;;;x
MAF_dominion;Mittelafrika Dominion;;;;;;;;;;;;;x
MAF_hms_government;Mittelafrika Constitutional Duchy;;;;;;;;;;;;;x
MAF_prussian_constitutionalism;Mittelafrika Territorial Diet;;;;;;;;;;;;;x
MAI_absolute_monarchy;Snowsant Raj;;;;;;;;;;;;;x
MAI_bourgeois_dictatorship;Snowsant Autonomous Merchant League;;;;;;;;;;;;;x
MAI_democracy;Snowsant Republic;;;;;;;;;;;;;x
MAI_fascist_dictatorship;Snowsant National Union;;;;;;;;;;;;;x
MAI_hms_government;Snowsant Constitutional Raj;;;;;;;;;;;;;x
MAI_presidential_dictatorship;Snowsant Military Government;;;;;;;;;;;;;x
MAI_proletarian_dictatorship;Snowsant People's Republic;;;;;;;;;;;;;x
MAI_prussian_constitutionalism;Snowsant Durbar;;;;;;;;;;;;;x
MAL_absolute_monarchy;Ling Sultanate;;;;;;;;;;;;;x
MAL_hms_government;Ling Constitutional Sultanate;;;;;;;;;;;;;x
MAL_prussian_constitutionalism;Ling Sultan's Council;;;;;;;;;;;;;x
MAN_absolute_monarchy;New Kingdom of York;;;;;;;;;;;;;x
MAN_bourgeois_dictatorship;Most Serene Republic of New York and Long Island;;;;;;;;;;;;;x
MAN_fascist_dictatorship;New York Province;;;;;;;;;;;;;x
MAN_hms_government;New Kingdom of York;;;;;;;;;;;;;x
MAN_presidential_dictatorship;New York;;;;;;;;;;;;;x
MAN_proletarian_dictatorship;Manhattan Commune;;;;;;;;;;;;;x
MAN_prussian_constitutionalism;New Kingdom of York;;;;;;;;;;;;;x
MAS_absolute_monarchy;Massina;;;;;;;;;;;;;x
MAT_absolute_monarchy;Matabele Kingdom;Matabele;Matabele;;;;;;;;;;;x
MYA_absolute_monarchy;Miyako Empire;;;;;;;;;;;;;x
MYA_democracy;Miyako Tribal Republic;;;;;;;;;;;;;x
MYA_federal_democracy;Miyako Federal Republic;;;;;;;;;;;;;x
MYA_hms_government;Miyako Constitutional Empire;;;;;;;;;;;;;x
MYA_prussian_constitutionalism;Miyako Council of Tribal Elders;;;;;;;;;;;;;x
MYA_theocracy;Miyako Priestly State;;;;;;;;;;;;;x
MCK_absolute_monarchy;Ningguang Imperial Dynasty;Manchukuo;Manchukuo;;;;;;;;;;;x
MCK_colonial_company;Ningguang Concession;;;;;;;;;;;;;x
MCK_fascist_dictatorship;Ningguang National Government;Manchukuo;Manchukuo;;;;;;;;;;;x
MCK_hms_government;Ningguang Responsible Cabinet;Manchukuo;Manchukuo;;;;;;;;;;;x
MCK_presidential_dictatorship;Ningguang Military Government;;;;;;;;;;;;;x
MCK_prussian_constitutionalism;Ningguang Advisory Council;Manchukuo;Manchukuo;;;;;;;;;;;x
ME5_absolute_monarchy;Khamsa Melikdoms;;;;;;;;;;;;;x
ME5_absolute_monarchy2;Khachen Principality;;;;;;;;;;;;;x
ME5_bourgeois_dictatorship;Artsakh Development Committee;;;;;;;;;;;;;x
ME5_democracy;Artsakh Republic;;;;;;;;;;;;;x
ME5_democracy2;Mountainous Armenia Republic;;;;;;;;;;;;;x
ME5_fascist_dictatorship;Artsakh DSR;;;;;;;;;;;;;x
ME5_federal_democracy;United Gavars of Artsakh;;;;;;;;;;;;;x
ME5_hms_government;United Nakharars of Artsakh;;;;;;;;;;;;;x
ME5_hms_government2;United Nakharars of Artsakh;;;;;;;;;;;;;x
ME5_parliamentary_republic;United Gavars of Artsakh;;;;;;;;;;;;;x
ME5_presidential_dictatorship;Mountainous Karabakh Military Committee;;;;;;;;;;;;;x
ME5_proletarian_dictatorship;Nagorno-Karabakh Commune;;;;;;;;;;;;;x
ME5_prussian_constitutionalism;Khamsa Melikdoms;;;;;;;;;;;;;x
ME5_prussian_constitutionalism2;Khachen Principality;;;;;;;;;;;;;x
ME5_rus_colonial_company;Mountainous Karabakh Okrug;;;;;;;;;;;;;x
ME5_rus_dominion;Mountainous Karabakh Okrug;;;;;;;;;;;;;x
ME5_tur_colonial_company;Shusha Vilayet;;;;;;;;;;;;;x
MEC_absolute_monarchy;Roon Grand Duchy;;;;;;;;;;;;;x
MEC_colonial_company;Roon Chartered Company Territory;;;;;;;;;;;;;x
MEC_democracy;Roon Free State;;;;;;;;;;;;;x
MEC_dominion;Roon Dominion;;;;;;;;;;;;;x
MEC_fascist_dictatorship;Roon National State;;;;;;;;;;;;;x
MEC_federal_democracy;Roon Federal Republic;;;;;;;;;;;;;x
MEC_hms_government;Roon Constitutional Grand Duchy;;;;;;;;;;;;;x
MEC_parliamentary_republic;Roon Parliamentary Republic;;;;;;;;;;;;;x
MEC_proletarian_dictatorship;Roon Council Republic;;;;;;;;;;;;;x
MEC_prussian_constitutionalism;Roon Territorial Diet;;;;;;;;;;;;;x
MEI_absolute_monarchy;Aegir Duchy;;;;;;;;;;;;;x
MEI_colonial_company;Aegir Chartered Company Territory;;;;;;;;;;;;;x
MEI_democracy;Aegir Free State;;;;;;;;;;;;;x
MEI_dominion;Aegir Dominion;;;;;;;;;;;;;x
MEI_fascist_dictatorship;Aegir National State;;;;;;;;;;;;;x
MEI_federal_democracy;Aegir Federal Republic;;;;;;;;;;;;;x
MEI_hms_government;Aegir Constitutional Duchy;;;;;;;;;;;;;x
MEI_parliamentary_republic;Aegir Parliamentary Republic;;;;;;;;;;;;;x
MEI_proletarian_dictatorship;Aegir Council Republic;;;;;;;;;;;;;x
MEI_prussian_constitutionalism;Aegir Territorial Diet;;;;;;;;;;;;;x
MEX_absolute_monarchy;Tenochtitlan City Monarchy;;;;;;;;;;;;;x
MEX_colonial_company;Tenochtitlan Lake Trading Company Territory;;;;;;;;;;;;;x
MEX_democracy;Tenochtitlan City League;;;;;;;;;;;;;x
MEX_dominion;Tenochtitlan Lake Cities Dominion;;;;;;;;;;;;;x
MEX_federal_democracy;Tenochtitlan Triple City Federation;;;;;;;;;;;;;x
MEX_hms_government;Tenochtitlan Constitutional City League;;;;;;;;;;;;;x
MEX_presidential_dictatorship;Tenochtitlan City Defense Military Administration;;;;;;;;;;;;;x
MEX_prussian_constitutionalism;Tenochtitlan Council of City Nobles;;;;;;;;;;;;;x
MGL_colonial_company;Yelan Trading Territory;;;;;;;;;;;;;x
MGL_proletarian_dictatorship;Yelan People's Republic;;;;;;;;;;;;;x
MGL_theocracy;Yelan Bogd Khanate;;;;;;;;;;;;;x
MLI_absolute_monarchy;Mali Empire;;;;;;;;;;;;;x
MLI_colonial_company;Mali Trading Company Territory;;;;;;;;;;;;;x
MLI_dominion;Mali Dominion;;;;;;;;;;;;;x
MLI_hms_government;Mali Constitutional Empire;;;;;;;;;;;;;x
MLI_proletarian_dictatorship;Mali People's Republic;;;;;;;;;;;;;x
MLI_prussian_constitutionalism;Mali Diwan;;;;;;;;;;;;;x
MLW_absolute_monarchy;Malawi Kingdom;;;;;;;;;;;;;x
MLW_colonial_company;Malawi Chartered Company Territory;;;;;;;;;;;;;x
MLW_dominion;Malawi Protectorate;;;;;;;;;;;;;x
MLW_hms_government;Malawi Constitutional Kingdom;;;;;;;;;;;;;x
MLW_prussian_constitutionalism;Malawi Royal Council of Elders;;;;;;;;;;;;;x
MLY_absolute_monarchy;Swire Sultanate;;;;;;;;;;;;;x
MLY_colonial_company;Swire Trading Company Territory;;;;;;;;;;;;;x
MLY_dominon;Swire Dominion;;;;;;;;;;;;;x
MLY_hms_government;Swire Constitutional Sultanate;;;;;;;;;;;;;x
MLY_prussian_constitutionalism;Swire Sultan's Council;;;;;;;;;;;;;x
MON_theocracy;W Patriarchate;;;;;;;;;;;;;x
MOS_bourgeois_dictatorship;Mossi League of Autonomous Cities;;;;;;;;;;;;;x
MOS_democracy;Mossi Republic;;;;;;;;;;;;;x
MOS_fascist_dictatorship;Mossi National Unity State;;;;;;;;;;;;;x
MOS_presidential_dictatorship;Mossi Military Council;;;;;;;;;;;;;x
MOS_proletarian_dictatorship;Mossi People's Republic;;;;;;;;;;;;;x
MOZ_colonial_company;Mozambique Chartered Company Territory;;;;;;;;;;;;;x
MRN_democracy;Jean Free State;;;;;;;;;;;;;x
MRN_proletarian_dictatorship;Jean Council Republic;;;;;;;;;;;;;x
MRT_absolute_monarchy;Orchid Empire;;;;;;;;;;;;;x
MRT_democracy;Orchid Republic;;;;;;;;;;;;;x
MRT_proletarian_dictatorship;Orchid People's Republic;;;;;;;;;;;;;x
MRT_prussian_constitutionalism;Orchid Durbar;;;;;;;;;;;;;x
MRU_absolute_monarchy;Akane Kingdom;;;;;;;;;;;;;x
MRU_colonial_company;Akane Chartered Company Territory;;;;;;;;;;;;;x
MRU_democracy;Akane Republic;;;;;;;;;;;;;x
MRU_dominion;Akane Dominion;;;;;;;;;;;;;x
MRU_hms_government;Akane Constitutional Kingdom;;;;;;;;;;;;;x
MRU_prussian_constitutionalism;Akane Privy Council;;;;;;;;;;;;;x
MSC_colonial_company;Kotama Chartered Company Territory;;;;;;;;;;;;;x
MSC_democracy;Kotama Tribal Republic;;;;;;;;;;;;;x
MSC_federal_democracy;Kotama Federal Republic;;;;;;;;;;;;;x
MSC_presidential_dictatorship;Kotama Warriors' Council;;;;;;;;;;;;;x
MSK_absolute_monarchy;Citlali Kingdom;;;;;;;;;;;;;x
MSK_colonial_company;Citlali Chartered Company Territory;;;;;;;;;;;;;x
MSK_dominion;Citlali Protectorate;;;;;;;;;;;;;x
MSK_hms_government;Citlali Constitutional Kingdom;;;;;;;;;;;;;x
MSK_prussian_constitutionalism;Citlali Council of Tribal Elders;;;;;;;;;;;;;x
MSN_absolute_monarchy;Kingdom of Misiones;;;;;;;;;;;;;x
MSN_democracy;Free Republic of Misiones;;;;;;;;;;;;;x
MSN_democracy2;Republic of Misiones;;;;;;;;;;;;;x
MSN_fascist_dictatorship;State of Misiones;;;;;;;;;;;;;x
MSN_hms_government;Kingdom of Misiones;;;;;;;;;;;;;x
MSN_proletarian_dictatorship;Free Socialist Republic of Misiones;;;;;;;;;;;;;x
MSN_prussian_constitutionalism;Kingdom of Misiones;;;;;;;;;;;;;x
MST_absolute_monarchy;Bismarck Grand Duchy;;;;;;;;;;;;;x
MST_colonial_company;Bismarck Chartered Company Territory;;;;;;;;;;;;;x
MST_democracy;Bismarck Free State;;;;;;;;;;;;;x
MST_dominion;Bismarck Dominion;;;;;;;;;;;;;x
MST_fascist_dictatorship;Bismarck National State;;;;;;;;;;;;;x
MST_federal_democracy;Bismarck Federal Republic;;;;;;;;;;;;;x
MST_hms_government;Bismarck Constitutional Grand Duchy;;;;;;;;;;;;;x
MST_parliamentary_republic;Bismarck Parliamentary Republic;;;;;;;;;;;;;x
MST_proletarian_dictatorship;Bismarck Council Republic;;;;;;;;;;;;;x
MST_prussian_constitutionalism;Bismarck Territorial Diet;;;;;;;;;;;;;x
MTC_colonial_company;Miyu Chartered Company Territory;;;;;;;;;;;;;x
MTC_democracy;Miyu Republic;;;;;;;;;;;;;x
MTC_dominion;Miyu Dominion;;;;;;;;;;;;;x
MTC_hms_government;Miyu Constitutional Kingdom;;;;;;;;;;;;;x
MTC_parliamentary_republic;Miyu Parliamentary Republic;;;;;;;;;;;;;x
MUG_absolute_monarchy;Cuora Empire;;;;;;;;;;;;;x
MUG_colonial_company;Cuora East India Company Territory;;;;;;;;;;;;;x
MUG_eng_dominon;Cuora Crown Territory;;;;;;;;;;;;;x
MUG_fascist_dictatorship;Cuora National Unity State;;;;;;;;;;;;;x
MUG_proletarian_dictatorship;Cuora People's Republic;;;;;;;;;;;;;x
MUG_prussian_constitutionalism;Cuora Durbar;;;;;;;;;;;;;x
NAF_absolute_monarchy;Saki Kingdom;New Africa;New Africa;;;;;;;;;;;x
NAF_bourgeois_dictatorship;Saki Union of Sovereign States;New Africa;New Africa;;;;;;;;;;;x
NAF_democracy;Saki Republic;Republic of New Africa;New Africa;;;;;;;;;;;x
NAF_fascist_dictatorship;Saki National Unity State;New Africa;New Africa;;;;;;;;;;;x
NAF_hms_government;Saki Constitutional Kingdom;Kingdom of New Africa;New Africa;;;;;;;;;;;x
NAF_presidential_dictatorship;Saki Military Council;New Africa;New Africa;;;;;;;;;;;x
NAF_proletarian_dictatorship;Saki Socialist Republic;New Africa;New Africa;;;;;;;;;;;x
NAF_prussian_constitutionalism;Saki Royal Council;New Africa;New Africa;;;;;;;;;;;x
NAL_colonial_company;Natalia Chartered Company Territory;;;;;;;;;;;;;x
NAL_dominion;Natalia Autonomous Republic;;;;;;;;;;;;;x
NAS_absolute_monarchy;Tirpitz Duchy;;;;;;;;;;;;;x
NAS_colonial_company;Tirpitz Chartered Company Territory;;;;;;;;;;;;;x
NAS_democracy;Tirpitz Free State;;;;;;;;;;;;;x
NAS_dominion;Tirpitz Dominion;;;;;;;;;;;;;x
NAS_fascist_dictatorship;Tirpitz National State;;;;;;;;;;;;;x
NAS_federal_democracy;Tirpitz Federal Republic;;;;;;;;;;;;;x
NAS_hms_government;Tirpitz Constitutional Duchy;;;;;;;;;;;;;x
NAS_parliamentary_republic;Tirpitz Parliamentary Republic;;;;;;;;;;;;;x
NAS_proletarian_dictatorship;Tirpitz Council Republic;;;;;;;;;;;;;x
NAS_prussian_constitutionalism;Tirpitz Territorial Diet;;;;;;;;;;;;;x
NBR_colonial_company;Firefly Chartered Company Territory;;;;;;;;;;;;;x
NBR_dominion;Firefly Dominion;;;;;;;;;;;;;x
NBR_hms_governmenr;Firefly Constitutional Kingdom;;;;;;;;;;;;;x
NBR_parliamentary_republic;Firefly Parliamentary Republic;;;;;;;;;;;;;x
NEJ_absolute_monarchy;Vulcan Emirate;;;;;;;;;;;;;x
NEJ_hms_government;Vulcan Constitutional Emirate;;;;;;;;;;;;;x
NEJ_prussian_constitutionalism;Vulcan Shura Council;;;;;;;;;;;;;x
NEN_dominion;Sparkle Dominion;;;;;;;;;;;;;x
NET_colonial_company;Van Gogh Chartered Company Territory;;;;;;;;;;;;;x
NET_dominon;Van Gogh Dominion;;;;;;;;;;;;;x
NEW_colonial_company;Robin Chartered Company Territory;;;;;;;;;;;;;x
NEW_democracy;Robin Republic;;;;;;;;;;;;;x
NEW_dominion;Robin Dominion;;;;;;;;;;;;;x
NEW_hms_governmenr;Robin Constitutional Kingdom;;;;;;;;;;;;;x
NEW_parliamentary_republic;Robin Parliamentary Republic;;;;;;;;;;;;;x
NGR_colonial_company;Flint Chartered Company Territory;;;;;;;;;;;;;x
NGR_dominion;Flint Protectorate;;;;;;;;;;;;;x
NIA_absolute_monarchy;Khun Maschenny Zahard Imperial Dynasty;;;;;;;;;;;;;x
NIC_colonial_company;Mavuika Chartered Company Territory;;;;;;;;;;;;;x
NIC_democracy;Mavuika Republic;;;;;;;;;;;;;x
NIC_federal_democracy;Mavuika Federal Republic;;;;;;;;;;;;;x
NIG_absolute_monarchy;Niger Sultanate;;;;;;;;;;;;;x
NIG_hms_government;Niger Constitutional Sultanate;;;;;;;;;;;;;x
NIG_prussian_constitutionalism;Niger Diwan;;;;;;;;;;;;;x
NMB_colonial_company;Namibia Chartered Company Territory;;;;;;;;;;;;;x
NMB_dominon;Namibia Protectorate;;;;;;;;;;;;;x
NPL_absolute_monarchy;Ambriel Kingdom;Naples;Naples;;;;;;;;;;;x
NPL_bourgeois_dictatorship;Ambriel City Republic;Naples;Naples;;;;;;;;;;;x
NPL_democracy;Ambriel Republic;Naples;Naples;;;;;;;;;;;x
NPL_fascist_dictatorship;Ambriel National Unity State;Naples;Naples;;;;;;;;;;;x
NPL_hms_government;Ambriel Constitutional Kingdom;Naples;Naples;;;;;;;;;;;x
NPL_presidential_dictatorship;Ambriel Consular Government;Naples;Naples;;;;;;;;;;;x
NPL_proletarian_dictatorship;Ambriel Socialist Republic;Naples;Naples;;;;;;;;;;;x
NPL_prussian_constitutionalism;Ambriel Royal Senate;Naples;Naples;;;;;;;;;;;x
NSC_colonial_company;Melusine Chartered Company Territory;;;;;;;;;;;;;x
NSC_dominion;Melusine Dominion;;;;;;;;;;;;;x
NSC_hms_governmenr;Melusine Constitutional Kingdom;;;;;;;;;;;;;x
NSC_parliamentary_republic;Melusine Parliamentary Republic;;;;;;;;;;;;;x
NYE_absolute_monarchy;Fluorite Kingdom;;;;;;;;;;;;;x
NYE_democracy;Fluorite Republic;;;;;;;;;;;;;x
NYE_hms_government;Fluorite Constitutional Kingdom;;;;;;;;;;;;;x
NYE_prussian_constitutionalism;Fluorite Shura Council;;;;;;;;;;;;;x
NYE_theocracy;Fluorite Imamate;;;;;;;;;;;;;x
NZL_absolute_monarchy;Hifumi Kingdom;;;;;;;;;;;;;x
NZL_colonial_company;Hifumi Chartered Company Territory;;;;;;;;;;;;;x
NZL_dominion;Hifumi Dominion;;;;;;;;;;;;;x
NZL_hms_government;Hifumi Constitutional Kingdom;;;;;;;;;;;;;x
NZL_prussian_constitutionalism;Hifumi Privy Council;;;;;;;;;;;;;x
NZF_colonial_company;Hasumi Chartered Company Territory;;;;;;;;;;;;;x
NZF_dominion;Hasumi Dominion;;;;;;;;;;;;;x
OAX_democracy;Acheron Republic;;;;;;;;;;;;;x
OAX_federal_democracy;Acheron Federal Republic;;;;;;;;;;;;;x
OLD_absolute_monarchy;Friedrich Der Grosse Grand Duchy;;;;;;;;;;;;;x
OLD_colonial_company;Friedrich Der Grosse Chartered Company Territory;;;;;;;;;;;;;x
OLD_democracy;Friedrich Der Grosse Free State;;;;;;;;;;;;;x
OLD_dominion;Friedrich Der Grosse Dominion;;;;;;;;;;;;;x
OLD_fascist_dictatorship;Friedrich Der Grosse National State;;;;;;;;;;;;;x
OLD_federal_democracy;Friedrich Der Grosse Federal Republic;;;;;;;;;;;;;x
OLD_hms_government;Friedrich Der Grosse Constitutional Grand Duchy;;;;;;;;;;;;;x
OLD_parliamentary_republic;Friedrich Der Grosse Parliamentary Republic;;;;;;;;;;;;;x
OLD_proletarian_dictatorship;Friedrich Der Grosse Council Republic;;;;;;;;;;;;;x
OLD_prussian_constitutionalism;Friedrich Der Grosse Territorial Diet;;;;;;;;;;;;;x
OMA_absolute_monarchy;Greythroat Sultanate;;;;;;;;;;;;;x
OMA_hms_government;Greythroat Constitutional Sultanate;;;;;;;;;;;;;x
OMA_prussian_constitutionalism;Greythroat Shura Council;;;;;;;;;;;;;x
ORI_absolute_monarchy;Meteorite Raj;;;;;;;;;;;;;x
PAN_absolute_monarchy;Sikh Empire;;;;;;;;;;;;;x
PAN_fascist_dictatorship;Khalistan;;;;;;;;;;;;;x
PAN_prussian_constitutionalism;Sikh Empire;;;;;;;;;;;;;x
PAP_absolute_monarchy;Love Live Empire;;;;;;;;;;;;;x
PAP_bourgeois_dictatorship;Love Live City Republic;;;;;;;;;;;;;x
PAP_democracy;Love Live Republic;;;;;;;;;;;;;x
PAP_fascist_dictatorship;Love Live National Unity State;;;;;;;;;;;;;x
PAP_hms_government;Love Live Constitutional Empire;;;;;;;;;;;;;x
PAP_presidential_dictatorship;Love Live Consular Government;;;;;;;;;;;;;x
PAP_proletarian_dictatorship;Love Live Socialist Republic;;;;;;;;;;;;;x
PAP_prussian_constitutionalism;Love Live Royal Senate;;;;;;;;;;;;;x
PAP_theocracy;Love Live Ecclesiastical State;;;;;;;;;;;;;x
PBC_absolute_monarchy;Peru-Bolivia Kingdom;;;;;;;;;;;;;x
PBC_democracy;Peru-Bolivia Union;;;;;;;;;;;;;x
PBC_hms_government;Peru-Bolivia Constitutional Kingdom;;;;;;;;;;;;;x
PBC_presidential_dictatorship;Peru-Bolivia Military Council;;;;;;;;;;;;;x
PBC_proletarian_dictatorship;Peru-Bolivia Socialist Republic;;;;;;;;;;;;;x
PBC_prussian_constitutionalism;Peru-Bolivia Royal Council;;;;;;;;;;;;;x
PBC_colonial_company;Peru-Bolivia Chartered Company Territory;;;;;;;;;;;;;x
PEI_colonial_company;Black Swan Chartered Company Territory;;;;;;;;;;;;;x
PEI_dominion;Black Swan Dominion;;;;;;;;;;;;;x
PEI_hms_governmenr;Black Swan Constitutional Kingdom;;;;;;;;;;;;;x
PEI_parliamentary_republic;Black Swan Parliamentary Republic;;;;;;;;;;;;;x
PER_absolute_monarchy;Terra Rhodes Island Shahdom;;;;;;;;;;;;;x
PER_bourgeois_dictatorship;Terra Rhodes Island Merchant Council;;;;;;;;;;;;;x
PER_democracy;Terra Rhodes Island Republic;Iran;Iran;;;;;;;;;;;x
PER_fascist_dictatorship;Terra Rhodes Island National State;Iran;Iran;;;;;;;;;;;x
PER_hms_government;Terra Rhodes Island Constitutional Shahdom;;;;;;;;;;;;;x
PER_presidential_dictatorship;Terra Rhodes Island Military Government;;;;;;;;;;;;;x
PER_proletarian_dictatorship;Terra Rhodes Island People's Republic;;;;;;;;;;;;;x
PER_prussian_constitutionalism;Terra Rhodes Island Majlis;;;;;;;;;;;;;x
PEU_colonial_company;Peru Chartered Company Territory;;;;;;;;;;;;;x
PEU_dominion;Peru Dominion;;;;;;;;;;;;;x
PHL_colonial_company;Jie Chartered Company Territory;;;;;;;;;;;;;x
PIR_democracy;Piratini Republic;;;;;;;;;;;;;x
PLC_democracy;Siren Republic;;;;;;;;;;;;;x
PLC_fascist_dictatorship;Siren National Union;;;;;;;;;;;;;x
PLC_presidential_dictatorship;Siren Military Directorate;;;;;;;;;;;;;x
PLC_proletarian_dictatorship;Siren People's Republic;;;;;;;;;;;;;x
PNB_democracy2;Pernambuco Parliamentary Republic;;;;;;;;;;;;;x
PML_colonial_company;August Von Parseval Chartered Company Territory;;;;;;;;;;;;;x
PML_dominion;August Von Parseval Dominion;;;;;;;;;;;;;x
PNJ_absolute_monarchy;Earthspirit Kingdom;;;;;;;;;;;;;x
PNJ_democracy;Earthspirit Republic;;;;;;;;;;;;;x
PNJ_fascist_dictatorship;Earthspirit National Union;;;;;;;;;;;;;x
PNJ_hms_government;Earthspirit Constitutional Kingdom;;;;;;;;;;;;;x
PNJ_prussian_constitutionalism;Earthspirit Durbar;;;;;;;;;;;;;x
POL_colonial_company;Vesna Chartered Company Territory;;;;;;;;;;;;;x
POL_dominion;Vesna Autonomous Kingdom;;;;;;;;;;;;;x
PPG_colonial_company;Ui Chartered Company Territory;;;;;;;;;;;;;x
PRI_colonial_company;Yorktown Chartered Company Territory;;;;;;;;;;;;;x
PRI_democracy;Yorktown Republic;;;;;;;;;;;;;x
PRI_dominion;Yorktown Dominion;;;;;;;;;;;;;x
PRI_federal_democracy;Yorktown Federal Republic;;;;;;;;;;;;;x
PRU_absolute_monarchy;Prussia;;;;;;;;;;;;;x
PRU_colonial_company;Prussia;;;;;;;;;;;;;x
PRU_democracy;Prussia;;;;;;;;;;;;;x
PRU_dominion;Prussia;;;;;;;;;;;;;x
PRU_fascist_dictatorship;Prussia;;;;;;;;;;;;;x
PRU_federal_democracy;Prussia;;;;;;;;;;;;;x
PRU_hms_government;Prussia;;;;;;;;;;;;;x
PRU_parliamentary_republic;Prussia;;;;;;;;;;;;;x
PRU_proletarian_dictatorship;Prussia;;;;;;;;;;;;;x
PRU_prussian_constitutionalism;Prussia;;;;;;;;;;;;;x
PZN_colonial_company;Prinz Heinrich Chartered Company Territory;;;;;;;;;;;;;x
PZN_dominion;Prinz Heinrich Dominion;;;;;;;;;;;;;x
QCI_colonial_company;Jade Chartered Company Territory;;;;;;;;;;;;;x
QCI_dominion;Jade Dominion;;;;;;;;;;;;;x
QCI_hms_government;Jade Constitutional Kingdom;;;;;;;;;;;;;x
QCI_parliamentary_republic;Jade Parliamentary Republic;;;;;;;;;;;;;x
QNG_absolute_monarchy;Liyue Imperial Dynasty;;;;;;;;;;;;;x
QNG_hms_government;Liyue Responsible Cabinet;;;;;;;;;;;;;x
QNG_prussian_constitutionalism;Liyue Advisory Council;;;;;;;;;;;;;x
QUE_colonial_company;Saria Chartered Company Territory;;;;;;;;;;;;;x
QUE_democracy;Saria Republic;;;;;;;;;;;;;x
QUE_dominion;Saria Dominion;;;;;;;;;;;;;x
QUE_hms_government;Saria Constitutional Kingdom;;;;;;;;;;;;;x
QUE_parliamentary_republic;Saria Parliamentary Republic;;;;;;;;;;;;;x
RAJ_bourgeois_dictatorship;Highmore Autonomous Merchant League;;;;;;;;;;;;;x
RAJ_colonial_company;Highmore East India Company Territory;;;;;;;;;;;;;x
RAJ_democracy;Highmore Republic;;;;;;;;;;;;;x
RAJ_dominion;Highmore Princely State;;;;;;;;;;;;;x
RAJ_fascist_dictatorship;Highmore National Union;;;;;;;;;;;;;x
RAJ_proletarian_dictatorship;Highmore People's Republic;;;;;;;;;;;;;x
REU_absolute_monarchy;Anchovy Principality;;;;;;;;;;;;;x
REU_colonial_company;Anchovy Chartered Company Territory;;;;;;;;;;;;x
REU_democracy;Anchovy Free State;;;;;;;;;;;;;x
REU_dominion;Anchovy Dominion;;;;;;;;;;;;x
REU_fascist_dictatorship;Anchovy National State;;;;;;;;;;;;;x
REU_federal_democracy;Anchovy Federal Republic;;;;;;;;;;;;;x
REU_hms_government;Anchovy Constitutional Principality;;;;;;;;;;;;;x
REU_parliamentary_republic;Anchovy Parliamentary Republic;;;;;;;;;;;;;x
REU_proletarian_dictatorship;Anchovy Council Republic;;;;;;;;;;;;;x
REU_prussian_constitutionalism;Anchovy Territorial Diet;;;;;;;;;;;;;x
RGR_colonial_company;Rosmontis Chartered Company Territory;;;;;;;;;;;;;x
RGR_democracy;Rosmontis Republic;;;;;;;;;;;;;x
RGR_fascist_dictatorship;Rosmontis National Unity State;;;;;;;;;;;;;x
RGR_federal_democracy;Rosmontis Federal Republic;;;;;;;;;;;;;x
RGS_fascist_dictatorship;Rio Grande do Sul National Unity State;;;;;;;;;;;;;x
RGS_democracy2;Rio Grande do Sul Parliamentary Republic;x;
RJL_democracy;Juliana Federal Republic;;;;;;;;;;;;;x
GPR_democracy2;Le Malin Parliamentary Republic;;;;;;;;;;;;;x
GPR_democracy;Le Malin Federal Republic;;;;;;;;;;;;;x
GPR_hms_government;Le Malin Constitutional Empire;;;;;;;;;;;;;x
GPR_hms_government2;Le Malin Parliamentary Cabinet;;;;;;;;;;;;;x
RJL_hms_government;Juliana Constitutional Empire;;;;;;;;;;;;;x
RIO_democracy2;Rio de Janeiro Parliamentary Republic;;;;;;;;;;;;;x
RHO_absolute_monarchy;Southern Rhodesia Kingdom;Rhod?ie du sud;S?rhodesien;;;;;;;;;;;x
RHO_colonial_company;Southern Rhodesia Chartered Company Territory;;;;;;;;;;;;;x
RHO_democracy;Southern Rhodesia Republic;;;;;;;;;;;;;x
RHO_dominion;Southern Rhodesia Dominion;;;;;;;;;;;;;x
RHO_hms_government;Southern Rhodesia Constitutional Kingdom;Rhod?ie du sud;S?rhodesien;;;;;;;;;;;x
RHO_proletarian_dictatorship;Southern Rhodesia Workers' Republic;Zimbabwe;Simbabwe;;;;;;;;;;;x
RLE_absolute_monarchy;Kay Principality;;;;;;;;;;;;;x
RLE_colonial_company;Kay Chartered Company Territory;;;;;;;;;;;;;x
RLE_democracy;Kay Free State;;;;;;;;;;;;;x
RLE_dominion;Kay Dominion;;;;;;;;;;;;;x
RLE_fascist_dictatorship;Kay National State;;;;;;;;;;;;;x
RLE_federal_democracy;Kay Federal Republic;;;;;;;;;;;;;x
RLE_hms_government;Kay Constitutional Principality;;;;;;;;;;;;;x
RLE_parliamentary_republic;Kay Parliamentary Republic;;;;;;;;;;;;;x
RLE_proletarian_dictatorship;Kay Council Republic;;;;;;;;;;;;;x
RLE_prussian_constitutionalism;Kay Territorial Diet;;;;;;;;;;;;;x
RNC_absolute_monarchy;North Caucasian Emirate;;;;;;;;;;;;;x
RNC_bourgeois_dictatorship;Mountaineer's Republic;;;;;;;;;;;;;x
RNC_democracy;Mountaineer's Republic;;;;;;;;;;;;;x
RNC_fascist_dictatorship;Mountaineer's Republic;;;;;;;;;;;;;x
RNC_hms_government;United Emirates of the North Caucasus;;;;;;;;;;;;;x
RNC_presidential_dictatorship;Mountaineer's Republic;;;;;;;;;;;;;x
RNC_proletarian_dictatorship;North Caucasian Commune;;;;;;;;;;;;;x
RNC_prussian_constitutionalism;United Emirates of the North Caucasus;;;;;;;;;;;;;x
RPL_colonial_company;Columbia Chartered Company Territory;;;;;;;;;;;;;x
RPL_democracy;Columbia Republic;;;;;;;;;;;;;x
RPL_dominion;Columbia Dominion;;;;;;;;;;;;;x
RPL_hms_governmenr;Columbia Parliamentary Kingdom;;;;;;;;;;;;;x
RPL_hms_government;Columbia Parliamentary Kingdom;;;;;;;;;;;;;x
RPL_parliamentary_republic;Columbia Parliamentary Republic;;;;;;;;;;;;;x
RSR_absolute_monarchy;Mika Principality;;;;;;;;;;;;;x
RSR_colonial_company;Mika Chartered Company Territory;;;;;;;;;;;;;x
RSR_democracy;Mika Free State;;;;;;;;;;;;;x
RSR_dominion;Mika Dominion;;;;;;;;;;;;;x
RSR_fascist_dictatorship;Mika National State;;;;;;;;;;;;;x
RSR_federal_democracy;Mika Federal Republic;;;;;;;;;;;;;x
RSR_hms_government;Mika Constitutional Principality;;;;;;;;;;;;;x
RSR_parliamentary_republic;Mika Parliamentary Republic;;;;;;;;;;;;;x
RSR_proletarian_dictatorship;Mika Council Republic;;;;;;;;;;;;;x
RSR_prussian_constitutionalism;Mika Territorial Diet;;;;;;;;;;;;;x
RUS_absolute_monarchy;Green Winter Imperial Academy;;;;;;;;;;;;;x
RUS_absolute_monarchy2;Green Winter Empire;;;;;;;;;;;;;x
RUS_democracy;Green Winter Republic;;;;;;;;;;;;;x
RUS_fascist_dictatorship;Green Winter National Unity State;;;;;;;;;;;;;x
RUS_hms_government;Green Winter Constitutional Empire;;;;;;;;;;;;;x
RUS_hms_government2;Green Winter Parliamentary Cabinet;;;;;;;;;;;;;x
RUS_proletarian_dictatorship;Union of Soviet Socialist Republics;;;;;;;;;;;;;x
RUS_prussian_constitutionalism;Green Winter Duma;;;;;;;;;;;;;x
RUS_prussian_constitutionalism2;Green Winter State Council;;;;;;;;;;;;;x
RUT_democracy;Ibuki Republic;;;;;;;;;;;;;x
RUT_presidential_dictatorship;Ibuki Military Council;;;;;;;;;;;;;x
RUT_proletarian_dictatorship;Ibuki Soviet Republic;;;;;;;;;;;;;x
SAF_colonial_company;Heavyrain Chartered Company Territory;;;;;;;;;;;;;x
SAF_dominon;Heavyrain Autonomous Republic;;;;;;;;;;;;;x
SAF_hms_government;Heavyrain Constitutional Kingdom;;;;;;;;;;;;;x
SAR_absolute_monarchy;Laterano Kingdom;;;;;;;;;;;;;x
SAR_hms_government;Laterano Constitutional Kingdom;;;;;;;;;;;;;x
SAR_prussian_constitutionalism;Laterano Royal Senate;;;;;;;;;;;;;x
SAT_absolute_monarchy;Tsubaki Domain;;;;;;;;;;;;;x
SAT_hms_government;Tsubaki Constitutional Domain;;;;;;;;;;;;;x
SAT_prussian_constitutionalism;Tsubaki Domain Administrative Council;;;;;;;;;;;;;x
SAX_absolute_monarchy;Saori Takebe Kingdom;;;;;;;;;;;;;x
SAX_colonial_company;Saori Takebe Chartered Company Territory;;;;;;;;;;;;;x
SAX_democracy;Saori Takebe Free State;;;;;;;;;;;;;x
SAX_dominion;Saori Takebe Dominion;;;;;;;;;;;;;x
SAX_fascist_dictatorship;Saori Takebe National State;;;;;;;;;;;;;x
SAX_federal_democracy;Saori Takebe Federal Republic;;;;;;;;;;;;;x
SAX_hms_government;Saori Takebe Constitutional Kingdom;;;;;;;;;;;;;x
SAX_parliamentary_republic;Saori Takebe Parliamentary Republic;;;;;;;;;;;;;x
SAX_proletarian_dictatorship;Saori Takebe Council Republic;;;;;;;;;;;;;x
SAX_prussian_constitutionalism;Saori Takebe Territorial Diet;;;;;;;;;;;;;x
SCA_absolute_monarchy;Clara Kingdom;;;;;;;;;;;;;x
SCA_proletarian_dictatorship;Clara Socialist Republic;;;;;;;;;;;;;x
SCA_prussian_constitutionalism;Clara King's Council;;;;;;;;;;;;;x
SCH_absolute_monarchy;White Stork Duchy;;;;;;;;;;;;;x
SCH_colonial_company;White Stork Chartered Company Territory;;;;;;;;;;;;;x
SCH_democracy;White Stork Republic;;;;;;;;;;;;;x
SCH_dominion;White Stork Dominion;;;;;;;;;;;;;x
SCH_fascist_dictatorship;White Stork National State;;;;;;;;;;;;;x
SCH_federal_democracy;White Stork Federal Republic;;;;;;;;;;;;;x
SCH_hms_government;White Stork Constitutional Duchy;;;;;;;;;;;;;x
SCH_parliamentary_republic;White Stork Parliamentary Republic;;;;;;;;;;;;;x
SCH_proletarian_dictatorship;White Stork Socialist Republic;;;;;;;;;;;;;x
SCH_prussian_constitutionalism;White Stork King's Council;;;;;;;;;;;;;x
SCL_absolute_monarchy;Scathach Principality;;;;;;;;;;;;;x
SCL_colonial_company;Scathach Chartered Company Territory;;;;;;;;;;;;;x
SCL_democracy;Scathach Free State;;;;;;;;;;;;;x
SCL_dominion;Scathach Dominion;;;;;;;;;;;;;x
SCL_fascist_dictatorship;Scathach National State;;;;;;;;;;;;;x
SCL_federal_democracy;Scathach Federal Republic;;;;;;;;;;;;;x
SCL_hms_government;Scathach Constitutional Principality;;;;;;;;;;;;;x
SCL_parliamentary_republic;Scathach Parliamentary Republic;;;;;;;;;;;;;x
SCL_proletarian_dictatorship;Scathach Council Republic;;;;;;;;;;;;;x
SCL_prussian_constitutionalism;Scathach Territorial Diet;;;;;;;;;;;;;x
SDB_democracy;Manhattan Cafe Free State;;;;;;;;;;;;;x
SEG_absolute_monarchy;Bamana Empire;;;;;;;;;;;;;x
SEG_hms_government;Bamana Constitutional Empire;;;;;;;;;;;;;x
SEG_prussian_constitutionalism;Bamana Royal Council of Elders;;;;;;;;;;;;;x
SEN_absolute_monarchy;Tsukuyo Domain;;;;;;;;;;;;;x
SEN_hms_government;Tsukuyo Constitutional Domain;;;;;;;;;;;;;x
SEN_prussian_constitutionalism;Tsukuyo Domain Administrative Council;;;;;;;;;;;;;x
SGM_absolute_monarchy;Rice Shower Principality;;;;;;;;;;;;;x
SGM_colonial_company;Rice Shower Chartered Company Territory;;;;;;;;;;;;;x
SGM_democracy;Rice Shower Free State;;;;;;;;;;;;;x
SGM_dominion;Rice Shower Dominion;;;;;;;;;;;;;x
SGM_fascist_dictatorship;Rice Shower National State;;;;;;;;;;;;;x
SGM_federal_democracy;Rice Shower Federal Republic;;;;;;;;;;;;;x
SGM_hms_government;Rice Shower Constitutional Principality;;;;;;;;;;;;;x
SGM_parliamentary_republic;Rice Shower Parliamentary Republic;;;;;;;;;;;;;x
SGM_proletarian_dictatorship;Rice Shower Council Republic;;;;;;;;;;;;;x
SGM_prussian_constitutionalism;Rice Shower Territorial Diet;;;;;;;;;;;;;x
SGP_colonial_company;Qin Liangyu Concession;;;;;;;;;;;;;x
SGP_dominion;Qin Liangyu Autonomous Province;;;;;;;;;;;;;x
SHA_absolute_monarchy;Chen Qianyu Kingdom;;;;;;;;;;;;;x
SHK_absolute_monarchy;Shilluk;;;;;;;;;;;;;x
SHK_hms_government;Shilluk Constitutional Kingdom;;;;;;;;;;;;;x
SHK_prussian_constitutionalism;Shilluk Royal Council of Elders;;;;;;;;;;;;;x
SIA_absolute_monarchy;Revy Kingdom;;;;;;;;;;;;;x
SIA_hms_government;Revy Constitutional Kingdom;;;;;;;;;;;;;x
SIA_prussian_constitutionalism;Revy Royal Council;;;;;;;;;;;;;x
SIB_absolute_monarchy;Rosa Tsardom;;;;;;;;;;;;;x
SIB_hms_government;Rosa Constitutional Tsardom;;;;;;;;;;;;;x
SIB_prussian_constitutionalism;Rosa Duma;;;;;;;;;;;;;x
SIE_colonial_company;Nicole Chartered Company Territory;;;;;;;;;;;;;x
SIE_dominion;Nicole Dominion;;;;;;;;;;;;;x
SLS_colonial_company;Gold Ship Chartered Company Territory;;;;;;;;;;;;;x
SLS_dominion;Gold Ship Dominion;;;;;;;;;;;;;x
SLW_absolute_monarchy;Priestess Sultanate;;;;;;;;;;;;;x
SLW_hms_government;Priestess Constitutional Sultanate;;;;;;;;;;;;;x
SLW_prussian_constitutionalism;Priestess Sultan's Council;;;;;;;;;;;;;x
SMK_absolute_monarchy;Samtskhe;;;;;;;;;;;;;x
SMK_bourgeois_dictatorship;Samtskhe;;;;;;;;;;;;;x
SMK_democracy;Samtskhe;;;;;;;;;;;;;x
SMK_fascist_dictatorship;Samtskhe;;;;;;;;;;;;;x
SMK_federal_democracy;Samtskhe;;;;;;;;;;;;;x
SMK_hms_government;United Mtavaris of Samtskhe;;;;;;;;;;;;;x
SMK_parliamentary_republic;United Mtavaris of Samtskhe;;;;;;;;;;;;;x
SMK_presidential_dictatorship;Samtskhe;;;;;;;;;;;;;x
SMK_proletarian_dictatorship;Samtskhe SSR;;;;;;;;;;;;;x
SMK_prussian_constitutionalism;Samtskhe;;;;;;;;;;;;;x
SMK_rus_colonial_company;Samtskhe Okrug;;;;;;;;;;;;;x
SMK_rus_dominion;Samtskhe Okrug;;;;;;;;;;;;;x
SNZ_bourgeois_dictatorship;Reisa Merchant Federation;South Island Republic;South Island Republic;;;;;;;;;;;x
SNZ_democracy;Reisa Republic;South Island Republic;South Island Republic;;;;;;;;;;;x
SNZ_fascist_dictatorship;Reisa National Union;Zealandia;Zealandia;;;;;;;;;;;x
SNZ_presidential_dictatorship;Reisa Lord Protectorate;South Island Republic;South Island Republic;;;;;;;;;;;x
SNZ_proletarian_dictatorship;Reisa Workers' Republic;Zealandia;Zealandia;;;;;;;;;;;x
SOK_absolute_monarchy;Sokoto;;;;;;;;;;;;;x
SOK_hms_government;Sokoto Constitutional Caliphate;;;;;;;;;;;;;x
SOK_prussian_constitutionalism;Sokoto Diwan;;;;;;;;;;;;;x
SOM_proletarian_dictatorship;Somaliland People's Republic;;;;;;;;;;;;;x
SON_colonial_company;Silence Chartered Company Territory;;;;;;;;;;;;;x
SON_democracy;Silence Federal Republic;;;;;;;;;;;;;x
SON_federal_democracy;Silence Federal Republic;;;;;;;;;;;;;x
SPA_absolute_monarchy;Spain Kingdom;;;;;;;;;;;;;x
SPA_absolute_monarchy2;Spain Hereditary Kingdom;;;;;;;;;;;;;x
SPA_democracy;Spain Republic;;;;;;;;;;;;;x
SPA_fascist_dictatorship;Spain National Union;;;;;;;;;;;;;x
SPA_hms_government;Spain Constitutional Kingdom;;;;;;;;;;;;;x
SPA_hms_government2;Spain Parliamentary Cabinet;;;;;;;;;;;;;x
SPA_presidential_dictatorship;Spain Military Council;;;;;;;;;;;;;x
SPA_proletarian_dictatorship;Spain Workers' Republic;;;;;;;;;;;;;x
SPA_prussian_constitutionalism;Spain Cortes;;;;;;;;;;;;;x
SPA_prussian_constitutionalism2;Spain Royal Advisory Council;;;;;;;;;;;;;x
SPU_colonial_company;South Peru Chartered Company Territory;;;;;;;;;;;;;x
SPU_dominion;South Peru Dominion;;;;;;;;;;;;;x
SRI_absolute_monarchy;Signora Kingdom;;;;;;;;;;;;;x
SRI_colonial_company;Signora East India Company Territory;;;;;;;;;;;;;x
SRI_dominion;Signora Princely State;;;;;;;;;;;;;x
SRI_hms_government;Signora Constitutional Kingdom;;;;;;;;;;;;;x
SRI_prussian_constitutionalism;Signora Durbar;;;;;;;;;;;;;x
SRS_absolute_monarchy;Mejiro Mcqueen Principality;;;;;;;;;;;;;x
SRS_colonial_company;Mejiro Mcqueen Chartered Company Territory;;;;;;;;;;;;;x
SRS_democracy;Mejiro Mcqueen Free State;;;;;;;;;;;;;x
SRS_dominion;Mejiro Mcqueen Dominion;;;;;;;;;;;;;x
SRS_fascist_dictatorship;Mejiro Mcqueen National State;;;;;;;;;;;;;x
SRS_federal_democracy;Mejiro Mcqueen Federal Republic;;;;;;;;;;;;;x
SRS_hms_government;Mejiro Mcqueen Constitutional Principality;;;;;;;;;;;;;x
SRS_parliamentary_republic;Mejiro Mcqueen Parliamentary Republic;;;;;;;;;;;;;x
SRS_proletarian_dictatorship;Mejiro Mcqueen Council Republic;;;;;;;;;;;;;x
SRS_prussian_constitutionalism;Mejiro Mcqueen Territorial Diet;;;;;;;;;;;;;x
STK_colonial_company;Ifrit Chartered Company Territory;;;;;;;;;;;;;x
STK_democracy;Ifrit Republic;;;;;;;;;;;;;x
STK_dominion;Ifrit Dominion;;;;;;;;;;;;;x
STK_hms_government;Ifrit Constitutional Kingdom;;;;;;;;;;;;;x
STK_parliamentary_republic;Ifrit Parliamentary Republic;;;;;;;;;;;;;x
STH_colonial_company;Ajax Chartered Company Territory;;;;;;;;;;;;;x
STH_dominion;Ajax Dominion;;;;;;;;;;;;;x
STH_hms_government;Ajax Constitutional Grand Duchy;;;;;;;;;;;;;x
STH_prussian_constitutionalism;Ajax Territorial Diet;;;;;;;;;;;;;x
STH_absolute_monarchy;Ajax Grand Duchy;;;;;;;;;;;;;x
SUA_bourgeois_dictatorship;Suazi League of Autonomous Cities;;;;;;;;;;;;;x
SUA_democracy;Suazi Republic;;;;;;;;;;;;;x
SUA_fascist_dictatorship;Suazi National Unity State;;;;;;;;;;;;;x
SUA_presidential_dictatorship;Suazi Military Council;;;;;;;;;;;;;x
SUA_proletarian_dictatorship;Suazi People's Republic;;;;;;;;;;;;;x
SUD_theocracy;Sudan Imamate;;;;;;;;;;;;;x
SV0_absolute_monarchy;Free Svaneti;;;;;;;;;;;;;x
SV0_rus_colonial_company;Svaneti;;;;;;;;;;;;;x
SV0_bourgeois_dictatorship;Free Svaneti;;;;;;;;;;;;;x
SV0_democracy;Free Svaneti;;;;;;;;;;;;;x
SV0_rus_dominion;Free Svaneti;;;;;;;;;;;;;x
SV0_fascist_dictatorship;Sanni-Misimian Republic;;;;;;;;;;;;;x
SV0_federal_democracy;Free Svaneti;;;;;;;;;;;;;x
SV0_hms_government;Free Svaneti;;;;;;;;;;;;;x
SV0_parliamentary_republic;Free Svaneti;;;;;;;;;;;;;x
SV0_presidential_dictatorship;Svaneti;;;;;;;;;;;;;x
SV0_proletarian_dictatorship;Free Svan SSR;;;;;;;;;;;;;x
SV0_prussian_constitutionalism;Free Svaneti;;;;;;;;;;;;;x
SVA_absolute_monarchy;Sandrone Principality;;;;;;;;;;;;;x
SVA_rus_colonial_company;Sandrone Chartered Company Territory;;;;;;;;;;;;;x
SVA_bourgeois_dictatorship;Sandrone City Republic;;;;;;;;;;;;;x
SVA_democracy;Sandrone Republic;;;;;;;;;;;;;x
SVA_rus_dominion;Sandrone Dominion;;;;;;;;;;;;;x
SVA_fascist_dictatorship;Sandrone National State;;;;;;;;;;;;;x
SVA_federal_democracy;Sandrone Federal Republic;;;;;;;;;;;;;x
SVA_hms_government;Sandrone Constitutional Principality;;;;;;;;;;;;;x
SVA_parliamentary_republic;Sandrone Parliamentary Republic;;;;;;;;;;;;;x
SVA_presidential_dictatorship;Sandrone Military Council;;;;;;;;;;;;;x
SVA_proletarian_dictatorship;Sandrone People's Republic;;;;;;;;;;;;;x
SVA_prussian_constitutionalism;Sandrone Royal Council;;;;;;;;;;;;;x
SWG_absolute_monarchy;Tokai Teio Principality;;;;;;;;;;;;;x
SWG_colonial_company;Tokai Teio Chartered Company Territory;;;;;;;;;;;;;x
SWG_democracy;Tokai Teio Free State;;;;;;;;;;;;;x
SWG_dominion;Tokai Teio Dominion;;;;;;;;;;;;;x
SWG_fascist_dictatorship;Tokai Teio National State;;;;;;;;;;;;;x
SWG_federal_democracy;Tokai Teio Federal Republic;;;;;;;;;;;;;x
SWG_hms_government;Tokai Teio Constitutional Principality;;;;;;;;;;;;;x
SWG_parliamentary_republic;Tokai Teio Parliamentary Republic;;;;;;;;;;;;;x
SWG_proletarian_dictatorship;Tokai Teio Council Republic;;;;;;;;;;;;;x
SWG_prussian_constitutionalism;Tokai Teio Territorial Diet;;;;;;;;;;;;;x
SWH_absolute_monarchy;Oguri Cap Principality;;;;;;;;;;;;;x
SWH_colonial_company;Oguri Cap Chartered Company Territory;;;;;;;;;;;;;x
SWH_democracy;Oguri Cap Free State;;;;;;;;;;;;;x
SWH_dominion;Oguri Cap Dominion;;;;;;;;;;;;;x
SWH_fascist_dictatorship;Oguri Cap National State;;;;;;;;;;;;;x
SWH_federal_democracy;Oguri Cap Federal Republic;;;;;;;;;;;;;x
SWH_hms_government;Oguri Cap Constitutional Principality;;;;;;;;;;;;;x
SWH_parliamentary_republic;Oguri Cap Parliamentary Republic;;;;;;;;;;;;;x
SWH_proletarian_dictatorship;Oguri Cap Council Republic;;;;;;;;;;;;;x
SWH_prussian_constitutionalism;Oguri Cap Territorial Diet;;;;;;;;;;;;;x
SWI_democracy2;Emma Verde City Republic;;;;;;;;;;;;;x
SWK_fascist_dictatorship;Perlica National State;;;;;;;;;;;;;x
SXI_presidential_dictatorship;Beidou Military Government;Clique de Shanxi;Shanxi-Clique;;;;;;;;;;;x
SYR_dominion;Alice Dominion;;;;;;;;;;;;;x
SZC_presidential_dictatorship;Yun Jin Military Government;;;;;;;;;;;;;x
TAI_colonial_company;Xinyan Concession;;;;;;;;;;;;;x
TAI_dominion;Xinyan Autonomous Province;;;;;;;;;;;;;x
TAJ_absolute_monarchy;Carnelian Shahdom;;;;;;;;;;;;;x
TAJ_hms_government;Carnelian Constitutional Shahdom;;;;;;;;;;;;;x
TAJ_prussian_constitutionalism;Carnelian Majlis;;;;;;;;;;;;;x
TAU_absolute_monarchy;Karachay;;;;;;;;;;;;;x
TAU_bourgeois_dictatorship;Karachay;;;;;;;;;;;;;x
TAU_democracy;United Karachay Djamaats;;;;;;;;;;;;;x
TAU_fascist_dictatorship;Tawlustan;;;;;;;;;;;;;x
TAU_hms_government;United Karachay Djamaats;;;;;;;;;;;;;x
TAU_presidential_dictatorship;Karachay;;;;;;;;;;;;;x
TAU_proletarian_dictatorship;Karachay Commune;;;;;;;;;;;;;x
TAU_prussian_constitutionalism;United Karachay Djamaats;;;;;;;;;;;;;x
TBS_absolute_monarchy;Jessica Kingdom;;;;;;;;;;;;;x
TBS_democracy;Jessica Republic;;;;;;;;;;;;;x
TBS_fascist_dictatorship;Jessica National Unity State;;;;;;;;;;;;;x
TBS_federal_democracy;Jessica Federal Republic;;;;;;;;;;;;;x
TBS_hms_government;Jessica Constitutional Kingdom;;;;;;;;;;;;;x
TBS_presidential_dictatorship;Jessica Military Council;;;;;;;;;;;;;x
TBS_proletarian_dictatorship;Jessica Socialist Republic;;;;;;;;;;;;;x
TBS_prussian_constitutionalism;Jessica Royal Council;;;;;;;;;;;;;x
TCA_colonial_company;Snezhnaya Fatui Chartered Company Territory;;;;;;;;;;;;;x
TKG_absolute_monarchy;Shogunate Japan;;;;;;;;;;;;;x
TKG_democracy;Hyakkiyako Student Self-Government Union;;;;;;;;;;;;;x
TKG_fascist_dictatorship;Hyakkiyako Hyakkaryouran Mobilization Office;;;;;;;;;;;;;x
TKG_federal_democracy;Hyakkiyako Autonomous Clubs Federation;;;;;;;;;;;;;x
TKG_hms_government;Hyakkiyako Yin-Yang Parliamentary Academy;;;;;;;;;;;;;x
TKG_presidential_dictatorship;Hyakkiyako Emergency Committee;;;;;;;;;;;;;x
TKG_proletarian_dictatorship;Hyakkiyako General Student Assembly;;;;;;;;;;;;;x
TEX_colonial_company;Magallan Chartered Company Territory;;;;;;;;;;;;;x
TEX_democracy;Magallan Federal Republic;;;;;;;;;;;;;x
TEX_democracy2;Magallan Parliamentary Republic;;;;;;;;;;;;;x
TEX_presidential_dictatorship;Magallan Military Government;;;;;;;;;;;;;x
TKM_absolute_monarchy;Tuye Khanate;;;;;;;;;;;;;x
TKM_hms_government;Tuye Constitutional Khanate;;;;;;;;;;;;;x
TKM_prussian_constitutionalism;Tuye Khanate Council;;;;;;;;;;;;;x
TLY_absolute_monarchy;Talysh Khanate;;;;;;;;;;;;;x
TLY_absolute_monarchy2;Talysh Sultanate;;;;;;;;;;;;;x
TLY_bourgeois_dictatorship;Lenkoran Council;;;;;;;;;;;;;x
TLY_democracy;Talyshistan;;;;;;;;;;;;;x
TLY_democracy2;Lenkoran Republic;;;;;;;;;;;;;x
TLY_fascist_dictatorship;Lenkoran Council;;;;;;;;;;;;;x
TLY_federal_democracy;United Talysh Mahals;;;;;;;;;;;;;x
TLY_hms_government;United Talysh Mahals;;;;;;;;;;;;;x
TLY_hms_government2;United Talysh Mahals;;;;;;;;;;;;;x
TLY_parliamentary_republic;United Talysh Mahals;;;;;;;;;;;;;x
TLY_presidential_dictatorship;Military Dictatorship of Mughan;;;;;;;;;;;;;x
TLY_proletarian_dictatorship;Mughan Socialist Republic;;;;;;;;;;;;;x
TLY_prussian_constitutionalism;Talyshistan Emirate;;;;;;;;;;;;;x
TLY_prussian_constitutionalism2;Talyshistan Emirate;;;;;;;;;;;;;x
TLY_rus_colonial_company;Talysh District;;;;;;;;;;;;;x
TLY_rus_dominion;Talysh District;;;;;;;;;;;;;x
TLY_tur_colonial_company;Lenkoran Vilayet;;;;;;;;;;;;;x
TMR_absolute_monarchy;Mon3tr Kingdom;;;;;;;;;;;;;x
TNT_absolute_monarchy;Istina Khanate;;;;;;;;;;;;;x
TNT_hms_government;Istina Constitutional Khanate;;;;;;;;;;;;;x
TNT_prussian_constitutionalism;Istina Khanate Council;;;;;;;;;;;;;x
TNZ_colonial_company;Tanganyika Chartered Company Territory;;;;;;;;;;;;;x
TNZ_dominion;Tanganyika Protectorate;;;;;;;;;;;;;x
TOS_absolute_monarchy;Mimori Domain;;;;;;;;;;;;;x
TOS_hms_government;Mimori Constitutional Domain;;;;;;;;;;;;;x
TOS_prussian_constitutionalism;Mimori Domain Administrative Council;;;;;;;;;;;;;x
TOU_bourgeois_dictatorship;Toucouleur League of Merchant Cities;;;;;;;;;;;;;x
TOU_democracy;Toucouleur Republic;;;;;;;;;;;;;x
TOU_fascist_dictatorship;Toucouleur National Unity State;;;;;;;;;;;;;x
TOU_presidential_dictatorship;Toucouleur Military Council;;;;;;;;;;;;;x
TOU_proletarian_dictatorship;Toucouleur People's Republic;;;;;;;;;;;;;x
TPG_bourgeois_dictatorship;Heavenly Republic;;;;;;;;;;;;;x
TPG_democracy;Heavenly Republic;;;;;;;;;;;;;x
TPG_fascist_dictatorship;Heavenly Kingdom;;;;;;;;;;;;;x
TPG_presidential_dictatorship;Heavenly Republic;;;;;;;;;;;;;x
TPG_proletarian_dictatorship;Chinese People's Republic;;;;;;;;;;;;;x
TRE_colonial_company;Jean Bart Chartered Company Territory;;;;;;;;;;;;;x
TRE_dominion;Jean Bart Dominion;;;;;;;;;;;;;x
TRZ_absolute_monarchy;Ushiwakamaru Emirate;;;;;;;;;;;;;x
TRZ_bourgeois_dictatorship;Ushiwakamaru Merchant Council;Mauritanie;Mauretanien;;;;;;;;;;;x
TRZ_democracy;Ushiwakamaru Republic;Mauritanie;Mauretanien;;;;;;;;;;;x
TRZ_fascist_dictatorship;Ushiwakamaru National Unity State;Mauritanie;Mauretanien;;;;;;;;;;;x
TRZ_presidential_dictatorship;Ushiwakamaru Military Council;Mauritanie;Mauretanien;;;;;;;;;;;x
TRZ_proletarian_dictatorship;Ushiwakamaru Socialist Republic;Mauritanie;Mauretanien;;;;;;;;;;;x
TST_colonial_company;Silence Suzuka Chartered Company Territory;;;;;;;;;;;;;x
TTB_colonial_company;Sims Chartered Company Territory;;;;;;;;;;;;;x
TTB_dominion;Sims Dominion;;;;;;;;;;;;;x
TTB_hms_government;Sims Constitutional Kingdom;;;;;;;;;;;;;x
TTB_parliamentary_republic;Sims Parliamentary Republic;;;;;;;;;;;;;x
TTN_absolute_monarchy;Tatistan;;;;;;;;;;;;;x
TTN_absolute_monarchy2;Qobbeh Melikdom;;;;;;;;;;;;;x
TTN_bourgeois_dictatorship;Qobbeh Council;;;;;;;;;;;;;x
TTN_democracy;Tatistan;;;;;;;;;;;;;x
TTN_democracy2;Qobbeh Republic;;;;;;;;;;;;;x
TTN_fascist_dictatorship;Tatistan Social Council;;;;;;;;;;;;;x
TTN_federal_democracy;United Mahals of Tatistan;;;;;;;;;;;;;x
TTN_hms_government;Tatistan Emirate;;;;;;;;;;;;;x
TTN_hms_government2;United Mahals of Qobbeh;;;;;;;;;;;;;x
TTN_parliamentary_republic;Tatistan Parliamentary Assembly;;;;;;;;;;;;;x
TTN_presidential_dictatorship;Tatistan Military Council;;;;;;;;;;;;;x
TTN_proletarian_dictatorship;Southern Daghestan ASSR;;;;;;;;;;;;;x
TTN_prussian_constitutionalism;Tatistan Emirate;;;;;;;;;;;;;x
TTN_prussian_constitutionalism2;United Mahals of Qobbeh;;;;;;;;;;;;;x
TTN_rus_colonial_company;Kuba District;;;;;;;;;;;;;x
TTN_rus_dominion;Kuba District;;;;;;;;;;;;;x
TTN_tur_colonial_company;Kuba Vilayet;;;;;;;;;;;;;x
TUN_absolute_monarchy;Serika Beylik;;;;;;;;;;;;;x
TUN_prussian_constitutionalism;Serika Shura Council;;;;;;;;;;;;;x
TUR_absolute_monarchy;Aisha Empire;;;;;;;;;;;;;x
TUR_bourgeois_dictatorship;Aisha Merchant Republic;;;;;;;;;;;;;x
TUR_democracy;Turkey;;;;;;;;;;;;;x
TUR_fascist_dictatorship;Aisha National Unity State;;;;;;;;;;;;;x
TUR_hms_government;Aisha Constitutional Empire;;;;;;;;;;;;;x
TUR_presidential_dictatorship;Aisha Military Council;;;;;;;;;;;;;x
TUR_proletarian_dictatorship;Aisha People's Republic;;;;;;;;;;;;;x
TUR_prussian_constitutionalism;Aisha Diwan;;;;;;;;;;;;;x
UBD_absolute_monarchy;Hornet Duchy;;;;;;;;;;;;;x
UBD_colonial_company;Hornet Chartered Company Territory;;;;;;;;;;;;;x
UBD_democracy;Hornet Free State;;;;;;;;;;;;;x
UBD_dominon;Hornet Dominion;;;;;;;;;;;;;x
UBD_fascist_dictatorship;Hornet National State;;;;;;;;;;;;;x
UBD_hms_government;Hornet Constitutional Duchy;;;;;;;;;;;;;x
UBD_presidential_dictatorship;Hornet Military Directorate;;;;;;;;;;;;;x
UBD_proletarian_dictatorship;Hornet Council Republic;;;;;;;;;;;;;x
UBD_prussian_constitutionalism;Hornet Territorial Diet;;;;;;;;;;;;;x
UCA_absolute_monarchy;Nezha Tribal Confederation Empire;Central American Empire;Central American Empire;;;;;;;;;;;x
UCA_colonial_company;Nezha Tribal Confederation Chartered Company Territory;;;;;;;;;;;;;x
UCA_hms_government;Nezha Tribal Confederation Constitutional Empire;Central America;Central America;;;;;;;;;;;x
UCA_proletarian_dictatorship;Nezha Tribal Confederation Socialist Republic;;;;;;;;;;;;;x
UCA_prussian_constitutionalism;Nezha Tribal Confederation Royal Council;Central American Empire;Central American Empire;;;;;;;;;;;x
UIL_absolute_monarchy;Franka Kingdom;;;;;;;;;;;;;x
UIL_fascist_dictatorship;Franka National Union;;;;;;;;;;;;;x
UIL_presidential_dictatorship;Franka Military Government;;;;;;;;;;;;;x
UIL_proletarian_dictatorship;Franka Socialist Federation;;;;;;;;;;;;;x
UIL_prussian_constitutionalism;Franka Royal Parliament;;;;;;;;;;;;;x
UKY_democracy;Pinecone Federal Republic;;;;;;;;;;;;;x
UKY_dominion;Pinecone Dominion;;;;;;;;;;;;;x
ULA_absolute_monarchy;Mayer Kingdom;;;;;;;;;;;;;x
ULA_bourgeois_dictatorship;Mayer Directorate;;;;;;;;;;;;;x
ULA_colonial_company;Mayer Chartered Company Territory;;;;;;;;;;;;;x
ULA_democracy;Mayer Republic;;;;;;;;;;;;;x
ULA_dominion;Mayer Dominion;;;;;;;;;;;;;x
ULA_fascist_dictatorship;Mayer National State;;;;;;;;;;;;;x
ULA_hms_government;Mayer Constitutional Kingdom;;;;;;;;;;;;;x
ULA_presidential_dictatorship;Mayer Consular Government;;;;;;;;;;;;;x
ULA_proletarian_dictatorship;Mayer Commune;;;;;;;;;;;;;x
ULA_prussian_constitutionalism;Mayer Royal Council of State;;;;;;;;;;;;;x
UNB_absolute_monarchy;Enterprise Kingdom;;;;;;;;;;;;;x
UNB_dominion;Enterprise Dominion;;;;;;;;;;;;;x
UNB_hms_government;Enterprise Constitutional Kingdom;;;;;;;;;;;;;x
UNB_prussian_constitutionalism;Enterprise Royal Parliament;;;;;;;;;;;;;x
UNB_colonial_company;Enterprise Chartered Company Territory;;;;;;;;;;;;;x
UNM_absolute_monarchy;Cleveland Grand Chiefdom;;;;;;;;;;;;;x
UNM_colonial_company;Cleveland Chartered Company Territory;;;;;;;;;;;;;x
UNM_democracy;Cleveland Tribal Republic;;;;;;;;;;;;;x
UNM_dominion;Cleveland Protectorate;;;;;;;;;;;;;x
UNM_federal_democracy;Cleveland Federal Republic;;;;;;;;;;;;;x
UNM_hms_government;Cleveland Constitutional Chiefdom;;;;;;;;;;;;;x
UNM_proletarian_dictatorship;Cleveland Federation of Communities;;;;;;;;;;;;;x
UNM_prussian_constitutionalism;Cleveland Council of Tribal Elders;;;;;;;;;;;;;x
UNY_absolute_monarchy;Honolulu Kingdom;;;;;;;;;;;;x
UNY_bourgeois_dictatorship;Honolulu Union of Sovereign States;;;;;;;;;;;;x
UNY_fascist_dictatorship;Honolulu National Union;;;;;;;;;;;;;x
UNY_presidential_dictatorship;Honolulu Military Government;;;;;;;;;;;;;x
UNY_proletarian_dictatorship;Honolulu Socialist Federation;;;;;;;;;;;;x
UNY_prussian_constitutionalism;Honolulu Royal Parliament;;;;;;;;;;;;x
UOR_absolute_monarchy;Essex Kingdom;;;;;;;;;;;;;x
UOR_colonial_company;Essex Chartered Company Territory;;;;;;;;;;;;;x
UOR_dominion;Essex Dominion;;;;;;;;;;;;;x
UOR_fascist_dictatorship;Essex National Union;;;;;;;;;;;;;x
UOR_hms_government;Essex Constitutional Kingdom;;;;;;;;;;;;;x
UOR_proletarian_dictatorship;Essex Socialist Federation;;;;;;;;;;;;;x
UOR_prussian_constitutionalism;Essex Royal Parliament;;;;;;;;;;;;;x
URA_absolute_monarchy;Absinthe Tsardom;;;;;;;;;;;;;x
URA_democracy;Absinthe Republic;;;;;;;;;;;;;x
URA_hms_government;Absinthe Constitutional Tsardom;;;;;;;;;;;;;x
URA_proletarian_dictatorship;Absinthe Soviet Republic;;;;;;;;;;;;;x
URA_prussian_constitutionalism;Absinthe Duma;;;;;;;;;;;;;x
URU_absolute_monarchy;Uruguay Kingdom;;;;;;;;;;;;;x
URU_colonial_company;Uruguay Chartered Company Territory;;;;;;;;;;;;;x
URU_dominion;Uruguay Dominion;;;;;;;;;;;;;x
URU_hms_government;Uruguay Constitutional Kingdom;;;;;;;;;;;;;x
URU_prussian_constitutionalism;Uruguay Royal Council;;;;;;;;;;;;;x
USA_absolute_monarchy;American Empire;;;;;;;;;;;;;x
USA_bourgeois_dictatorship;Millennium Union of Sovereign States;;;;;;;;;;;;;x
USA_democracy;United States of America;;;;;;;;;;;;;x
USA_dominion;Millennium Dominion;;;;;;;;;;;;;x
USA_fascist_dictatorship;Millennium National Union;;;;;;;;;;;;;x
USA_hms_government;Kingdom of America;;;;;;;;;;;;;x
USA_presidential_dictatorship;Millennium Military Government;;;;;;;;;;;;;x
USA_proletarian_dictatorship;People's Republic of America;;;;;;;;;;;;;x
USA_prussian_constitutionalism;American Empire;;;;;;;;;;;;;x
USS_absolute_monarchy;United States of South America Empire;;;;;;;;;;;;;x
USS_democracy;United States of South America United States;;;;;;;;;;;;;x
USS_fascist_dictatorship;United States of South America National Unity State;;;;;;;;;;;;;x
USS_hms_government;United States of South America Constitutional Empire;;;;;;;;;;;;;x
USS_proletarian_dictatorship;United States of South America Socialist Federation;;;;;;;;;;;;;x
USS_prussian_constitutionalism;United States of South America Imperial Council of State;;;;;;;;;;;;;x
UVT_colonial_company;Saratoga Chartered Company Territory;;;;;;;;;;;;;x
UVT_democracy;Saratoga Federal Republic;;;;;;;;;;;;;x
UVT_dominion;Saratoga Dominion;;;;;;;;;;;;;x
UVT_federal_democracy;Saratoga Federal Republic;;;;;;;;;;;;;x
UYG_absolute_monarchy;Lan Yan Khanate;;;;;;;;;;;;;x
UYG_hms_government;Lan Yan Constitutional Khanate;;;;;;;;;;;;;x
UYG_prussian_constitutionalism;Lan Yan Khanate Council;;;;;;;;;;;;;x
VAN_colonial_company;New Jersey Chartered Company Territory;;;;;;;;;;;;;x
VAN_dominion;New Jersey Dominion;;;;;;;;;;;;;x
VAN_hms_governmenr;New Jersey Constitutional Kingdom;;;;;;;;;;;;;x
VAN_parliamentary_republic;New Jersey Parliamentary Republic;;;;;;;;;;;;;x
VEN_democracy;Saint-louis Doge's Republic;;;;;;;;;;;;;x
VEN_presidential_dictatorship;Saint-louis Consular Government;;;;;;;;;;;;;x
VFR_absolute_monarchy;Kivotos Emergency Administration Empire;;;;;;;;;;;;;x
VFR_bourgeois_dictatorship;Kivotos Emergency Administration Directorate;;;;;;;;;;;;;x
VFR_democracy;Kivotos Emergency Administration Republic;;;;;;;;;;;;;x
VFR_fascist_dictatorship;Kivotos Emergency Administration National State;;;;;;;;;;;;;x
VFR_hms_government;Kivotos Emergency Administration Constitutional Empire;;;;;;;;;;;;;x
VFR_presidential_dictatorship;Kivotos Emergency Administration Consular Government;;;;;;;;;;;;;x
VFR_proletarian_dictatorship;Kivotos Emergency Administration Commune;;;;;;;;;;;;;x
VFR_prussian_constitutionalism;Kivotos Emergency Administration Royal Council of State;;;;;;;;;;;;;x
VLG_absolute_monarchy;Z1 Leberecht Maass Duchy;;;;;;;;;;;;;x
VLG_democracy;Z1 Leberecht Maass Free State;;;;;;;;;;;;;x
VLG_fascist_dictatorship;Z1 Leberecht Maass National State;;;;;;;;;;;;;x
VLG_hms_government;Z1 Leberecht Maass Constitutional Duchy;;;;;;;;;;;;;x
VLG_proletarian_dictatorship;Z1 Leberecht Maass Council Republic;;;;;;;;;;;;;x
VLG_prussian_constitutionalism;Z1 Leberecht Maass Territorial Diet;;;;;;;;;;;;;x
VLK_absolute_monarchy;South Africa Kingdom;;;;;;;;;;;;;x
VLK_colonial_company;South Africa Chartered Company Territory;;;;;;;;;;;;;x
VLK_dominion;South Africa Autonomous Republic;;;;;;;;;;;;;x
VLK_hms_government;South Africa Constitutional Kingdom;;;;;;;;;;;;;x
VLK_proletarian_dictatorship;South Africa Workers' Republic;;;;;;;;;;;;;x
VLK_prussian_constitutionalism;South Africa Citizens' Council;;;;;;;;;;;;;x
VLP_colonial_company;Habetrot Chartered Company Territory;;;;;;;;;;;;;x
VNG_colonial_company;Nagao Kagetora Chartered Company Territory;;;;;;;;;;;;;x
VNS_colonial_company;Ibaraki Douji Chartered Company Territory;;;;;;;;;;;;;x
CGC_colonial_company;Zibai Chartered Company Territory;;;;;;;;;;;;;x
VOP_colonial_company;Space Ishtar Chartered Company Territory;;;;;;;;;;;;;x
VLP_dominion;Habetrot Dominion;;;;;;;;;;;;;x
VNG_dominion;Nagao Kagetora Dominion;;;;;;;;;;;;;x
VNS_dominion;Ibaraki Douji Dominion;;;;;;;;;;;;;x
CGC_dominion;Zibai Dominion;;;;;;;;;;;;;x
VOP_dominion;Space Ishtar Dominion;;;;;;;;;;;;;x
VOJ_colonial_company;Hoshiguma Chartered Company Territory;;;;;;;;;;;;;x
VTU_colonial_company;Sivatherium Chartered Company Territory;;;;;;;;;;;;;x
VTU_dominion;Sivatherium Protectorate;;;;;;;;;;;;;x
WAD_absolute_monarchy;Wadai Sultanate;;;;;;;;;;;;;x
WAD_hms_government;Wadai Constitutional Sultanate;;;;;;;;;;;;;x
WAD_prussian_constitutionalism;Wadai Diwan;;;;;;;;;;;;;x
WAS_fascist_dictatorship;Chito Total Mobilization State;Westralia;Westralia;;;;;;;;;;;x
WEI_absolute_monarchy;Daiwa Scarlet Grand Duchy;;;;;;;;;;;;;x
WEI_colonial_company;Daiwa Scarlet Chartered Company Territory;;;;;;;;;;;;;x
WEI_democracy;Daiwa Scarlet Free State;;;;;;;;;;;;;x
WEI_dominion;Daiwa Scarlet Dominion;;;;;;;;;;;;;x
WEI_fascist_dictatorship;Daiwa Scarlet National State;;;;;;;;;;;;;x
WEI_federal_democracy;Daiwa Scarlet Federal Republic;;;;;;;;;;;;;x
WEI_hms_government;Daiwa Scarlet Constitutional Grand Duchy;;;;;;;;;;;;;x
WEI_parliamentary_republic;Daiwa Scarlet Parliamentary Republic;;;;;;;;;;;;;x
WEI_proletarian_dictatorship;Daiwa Scarlet Council Republic;;;;;;;;;;;;;x
WEI_prussian_constitutionalism;Daiwa Scarlet Territorial Diet;;;;;;;;;;;;;x
WIN_colonial_company;Alpaca Suri Chartered Company Territory;;;;;;;;;;;;;x
WIN_dominion;Alpaca Suri Dominion;;;;;;;;;;;;;x
WIN_hms_government;Alpaca Suri Constitutional Kingdom;;;;;;;;;;;;;x
WIN_parliamentary_republic;Alpaca Suri Parliamentary Republic;;;;;;;;;;;;;x
WLD_absolute_monarchy;Nice Nature Principality;;;;;;;;;;;;;x
WLD_colonial_company;Nice Nature Chartered Company Territory;;;;;;;;;;;;;x
WLD_democracy;Nice Nature Free State;;;;;;;;;;;;;x
WLD_dominion;Nice Nature Dominion;;;;;;;;;;;;;x
WLD_fascist_dictatorship;Nice Nature National State;;;;;;;;;;;;;x
WLD_federal_democracy;Nice Nature Federal Republic;;;;;;;;;;;;;x
WLD_hms_government;Nice Nature Constitutional Principality;;;;;;;;;;;;;x
WLD_parliamentary_republic;Nice Nature Parliamentary Republic;;;;;;;;;;;;;x
WLD_proletarian_dictatorship;Nice Nature Council Republic;;;;;;;;;;;;;x
WLD_prussian_constitutionalism;Nice Nature Territorial Diet;;;;;;;;;;;;;x
WOL_absolute_monarchy;Wolof Sultanate;;;;;;;;;;;;;x
WOL_hms_government;Wolof Constitutional Sultanate;;;;;;;;;;;;;x
WOL_prussian_constitutionalism;Wolof Diwan;;;;;;;;;;;;;x
WOL_theocracy;Wolof Imamate;;;;;;;;;;;;;x
WUR_absolute_monarchy;Tracen Kingdom;;;;;;;;;;;;;x
WUR_colonial_company;Tracen Chartered Company Territory;;;;;;;;;;;;;x
WUR_democracy;Tracen Free State;;;;;;;;;;;;;x
WUR_dominion;Tracen Dominion;;;;;;;;;;;;;x
WUR_fascist_dictatorship;Tracen National State;;;;;;;;;;;;;x
WUR_federal_democracy;Tracen Federal Republic;;;;;;;;;;;;;x
WUR_hms_government;Tracen Constitutional Kingdom;;;;;;;;;;;;;x
WUR_parliamentary_republic;Tracen Parliamentary Republic;;;;;;;;;;;;;x
WUR_proletarian_dictatorship;Tracen Council Republic;;;;;;;;;;;;;x
WUR_prussian_constitutionalism;Tracen Territorial Diet;;;;;;;;;;;;;x
XBI_presidential_dictatorship;Feixiao Military Government;;;;;;;;;;;;;x
XHO_democracy;Xhosa Republic;;;;;;;;;;;;;x
XIN_presidential_dictatorship;Xianzhou Alliance Military Government;Clique de Xinjiang;Xinjiang-Clique;;;;;;;;;;;x
YEM_colonial_company;Jahoda Trading Company Territory;;;;;;;;;;;;;x
YEM_dominion;Jahoda Dominion;;;;;;;;;;;;;x
YEM_proletarian_dictatorship;Jahoda Socialist Republic;;;;;;;;;;;;;x
YNN_presidential_dictatorship;Fu Xuan Military Government;Clique de Yunnan;Yunnan-Clique;;;;;;;;;;;x
YUC_colonial_company;Bache Chartered Company Territory;;;;;;;;;;;;;x
YUC_democracy;Bache Republic;;;;;;;;;;;;;x
YUC_federal_democracy;Bache Federal Republic;;;;;;;;;;;;;x
ZAC_colonial_company;San Diego Chartered Company Territory;;;;;;;;;;;;;x
ZAC_democracy;San Diego Republic;;;;;;;;;;;;;x
ZAC_federal_democracy;San Diego Federal Republic;;;;;;;;;;;;;x
ZAM_colonial_company;Zambia Chartered Company Territory;;;;;;;;;;;;;x
ZAM_dominion;Zambia Protectorate;;;;;;;;;;;;;x
ANC_democracy;Fern Republic;;;;;;;;;;;;;x
ANC_democracy2;Fern Parliamentary Republic;;;;;;;;;;;;;x
ANC_absolute_monarchy;Fern Empire;;;;;;;;;;;;;x
ANC_absolute_monarchy2;Fern Hereditary Empire;;;;;;;;;;;;;x
ABA_bourgeois_dictatorship;Morgiana Merchant Council;;;;;;;;;;;;;x
ABA_fascist_dictatorship;Morgiana National Unity State;;;;;;;;;;;;;x
ABA_presidential_dictatorship;Morgiana Military Council;;;;;;;;;;;;;x
ABA_proletarian_dictatorship;Morgiana Socialist Republic;;;;;;;;;;;;;x
ABU_presidential_dictatorship;Saori Military Council;;;;;;;;;;;;;x
ACA_bourgeois_dictatorship;Aris Directorate;;;;;;;;;;;;;x
ACA_fascist_dictatorship;Aris National State;;;;;;;;;;;;;x
ACA_presidential_dictatorship;Aris Consular Government;;;;;;;;;;;;;x
ACA_proletarian_dictatorship;Aris Commune;;;;;;;;;;;;;x
ACE_bourgeois_dictatorship;Geoffroy's Cat Union of Sovereign States;;;;;;;;;;;;;x
ACE_presidential_dictatorship;Geoffroy's Cat Military Government;;;;;;;;;;;;;x
ADO_bourgeois_dictatorship;Tomari Onitsuka Union of Cities;;;;;;;;;;;;;x
ADO_fascist_dictatorship;Tomari Onitsuka National Union;;;;;;;;;;;;;x
ADO_presidential_dictatorship;Tomari Onitsuka Military Council;;;;;;;;;;;;;x
ADO_proletarian_dictatorship;Tomari Onitsuka Workers' Republic;;;;;;;;;;;;;x
ADW_bourgeois_dictatorship;Adamawa League of Merchant Cities;;;;;;;;;;;;;x
ADW_presidential_dictatorship;Adamawa Military Council;;;;;;;;;;;;;x
AFG_bourgeois_dictatorship;Mithra Caravan Trade Council;;;;;;;;;;;;;x
AFG_fascist_dictatorship;Mithra Guardian Legion Unity State;;;;;;;;;;;;;x
AFG_presidential_dictatorship;Mithra Horse Archer Command;;;;;;;;;;;;;x
AFG_proletarian_dictatorship;Mithra Community Guardian Republic;;;;;;;;;;;;;x
AGC_bourgeois_dictatorship;Himeko League of Port Cities;;;;;;;;;;;;;x
AGC_fascist_dictatorship;Himeko National State;;;;;;;;;;;;;x
AGC_presidential_dictatorship;Himeko Military Council;;;;;;;;;;;;;x
AGC_proletarian_dictatorship;Himeko People's Republic;;;;;;;;;;;;;x
AIN_bourgeois_dictatorship;Kikyou Autonomous Tribal Confederation;;;;;;;;;;;;;x
AIN_fascist_dictatorship;Kikyou National Unity State;;;;;;;;;;;;;x
AIN_presidential_dictatorship;Kikyou Warriors' Council;;;;;;;;;;;;;x
AIN_proletarian_dictatorship;Kikyou Federation of Communities;;;;;;;;;;;;;x
AKH_bourgeois_dictatorship;Nearl League of Merchant Cities;;;;;;;;;;;;;x
AKH_fascist_dictatorship;Nearl National Unity State;;;;;;;;;;;;;x
AKH_presidential_dictatorship;Nearl Military Council;;;;;;;;;;;;;x
AKH_proletarian_dictatorship;Nearl People's Republic;;;;;;;;;;;;;x
ALB_bourgeois_dictatorship;Vladilena Milize League of Autonomous Cities;;;;;;;;;;;;;x
ALB_fascist_dictatorship;Vladilena Milize National State;;;;;;;;;;;;;x
ALB_presidential_dictatorship;Vladilena Milize Military Regency;;;;;;;;;;;;;x
ALB_proletarian_dictatorship;Vladilena Milize People's Republic;;;;;;;;;;;;;x
ALD_bourgeois_dictatorship;Shiroko Merchant Council;;;;;;;;;;;;;x
ALD_fascist_dictatorship;Shiroko National Unity State;;;;;;;;;;;;;x
ALD_presidential_dictatorship;Shiroko Military Council;;;;;;;;;;;;;x
ALD_proletarian_dictatorship;Shiroko Socialist Republic;;;;;;;;;;;;;x
ALS_bourgeois_dictatorship;Erika Free City;;;;;;;;;;;;;x
ALS_fascist_dictatorship;Erika National State;;;;;;;;;;;;;x
ALS_presidential_dictatorship;Erika Military Directorate;;;;;;;;;;;;;x
ALS_proletarian_dictatorship;Erika Council Republic;;;;;;;;;;;;;x
ALT_bourgeois_dictatorship;Shigure League of Merchant Cities;;;;;;;;;;;;;x
ALT_fascist_dictatorship;Shigure National Unity State;;;;;;;;;;;;;x
ALT_presidential_dictatorship;Shigure Military Council;;;;;;;;;;;;;x
ALT_proletarian_dictatorship;Shigure People's Republic;;;;;;;;;;;;;x
ANB_bourgeois_dictatorship;Chiaki Free City;;;;;;;;;;;;;x
ANB_presidential_dictatorship;Chiaki Military Directorate;;;;;;;;;;;;;x
ANC_bourgeois_dictatorship;Fern Union of Sovereign States;;;;;;;;;;;;;x
ANC_fascist_dictatorship;Fern National Unity State;;;;;;;;;;;;;x
ANC_presidential_dictatorship;Fern Military Council;;;;;;;;;;;;;x
ANC_proletarian_dictatorship;Fern Socialist Republic;;;;;;;;;;;;;x
ANG_bourgeois_dictatorship;Angola League of Autonomous Cities;;;;;;;;;;;;;x
ANG_fascist_dictatorship;Angola National Unity State;;;;;;;;;;;;;x
ANG_presidential_dictatorship;Angola Military Council;;;;;;;;;;;;;x
ANG_proletarian_dictatorship;Angola People's Republic;;;;;;;;;;;;;x
ANH_bourgeois_dictatorship;Kayoko Free City;;;;;;;;;;;;;x
ANH_presidential_dictatorship;Kayoko Military Directorate;;;;;;;;;;;;;x
ANK_bourgeois_dictatorship;Aru Free City;;;;;;;;;;;;;x
ANK_presidential_dictatorship;Aru Military Directorate;;;;;;;;;;;;;x
ANT_bourgeois_dictatorship;Kama City Republic;;;;;;;;;;;;;x
ANT_fascist_dictatorship;Kama National State;;;;;;;;;;;;;x
ANT_presidential_dictatorship;Kama Military Council;;;;;;;;;;;;;x
ANT_proletarian_dictatorship;Kama People's Republic;;;;;;;;;;;;;x
AOT_bourgeois_dictatorship;Amiya League of Autonomous Islands;;;;;;;;;;;;;x
AOT_fascist_dictatorship;Amiya National Unity State;;;;;;;;;;;;;x
AOT_presidential_dictatorship;Amiya Military Council;;;;;;;;;;;;;x
AOT_proletarian_dictatorship;Amiya Republic of Communities;;;;;;;;;;;;;x
ARA_bourgeois_dictatorship;Xuangzang Sanzang Merchant Council;;;;;;;;;;;;;x
ARA_fascist_dictatorship;Xuangzang Sanzang National Unity State;;;;;;;;;;;;;x
ARA_presidential_dictatorship;Xuangzang Sanzang Military Council;;;;;;;;;;;;;x
ARA_proletarian_dictatorship;Xuangzang Sanzang Socialist Republic;;;;;;;;;;;;;x
ARC_bourgeois_dictatorship;Japari Park Union of Sovereign States;;;;;;;;;;;;;x
ARC_fascist_dictatorship;Japari Park National Unity State;;;;;;;;;;;;;x
ARG_bourgeois_dictatorship;Dobermann Union of Sovereign States;;;;;;;;;;;;;x
ARG_fascist_dictatorship;Dobermann National Unity State;;;;;;;;;;;;;x
ARG_presidential_dictatorship;Dobermann Military Council;;;;;;;;;;;;;x
ARG_proletarian_dictatorship;Dobermann Socialist Republic;;;;;;;;;;;;;x
ASM_proletarian_dictatorship;Yui Shousetsu People's Republic;;;;;;;;;;;;;x
AST_bourgeois_dictatorship;Savage Merchant Federation;;;;;;;;;;;;;x
AST_fascist_dictatorship;Savage National Union;;;;;;;;;;;;;x
AST_presidential_dictatorship;Savage Lord Protectorate;;;;;;;;;;;;;x
AST_proletarian_dictatorship;Savage Workers' Republic;;;;;;;;;;;;;x
ASY_bourgeois_dictatorship;Tomoe Gozen City Republic;;;;;;;;;;;;;x
ASY_presidential_dictatorship;Tomoe Gozen Military Council;;;;;;;;;;;;;x
ASY_proletarian_dictatorship;Tomoe Gozen People's Republic;;;;;;;;;;;;;x
ATB_bourgeois_dictatorship;Mutsuki Free City;;;;;;;;;;;;;x
ATB_presidential_dictatorship;Mutsuki Military Directorate;;;;;;;;;;;;;x
ATC_bourgeois_dictatorship;Varesa Union of Sovereign States;;;;;;;;;;;;;x
ATC_fascist_dictatorship;Varesa National Unity State;;;;;;;;;;;;;x
ATC_presidential_dictatorship;Varesa Military Council;;;;;;;;;;;;;x
ATC_proletarian_dictatorship;Varesa Socialist Republic;;;;;;;;;;;;;x
ATH_bourgeois_dictatorship;Cyrene City Republic;;;;;;;;;;;;;x
ATH_fascist_dictatorship;Cyrene National State;;;;;;;;;;;;;x
ATH_presidential_dictatorship;Cyrene Military Council;;;;;;;;;;;;;x
ATH_proletarian_dictatorship;Cyrene People's Republic;;;;;;;;;;;;;x
ATJ_bourgeois_dictatorship;Ping Hai League of Port Cities;;;;;;;;;;;;;x
ATJ_fascist_dictatorship;Ping Hai National State;;;;;;;;;;;;;x
ATJ_presidential_dictatorship;Ping Hai Military Government;;;;;;;;;;;;;x
ATJ_proletarian_dictatorship;Ping Hai People's Republic;;;;;;;;;;;;;x
AWA_bourgeois_dictatorship;Kriemhild Merchant Council;;;;;;;;;;;;;x
AWA_fascist_dictatorship;Kriemhild National Unity State;;;;;;;;;;;;;x
AWA_presidential_dictatorship;Kriemhild Military Government;;;;;;;;;;;;;x
AWA_proletarian_dictatorship;Kriemhild People's Republic;;;;;;;;;;;;;x
AWS_bourgeois_dictatorship;Aussa League of Port Cities;;;;;;;;;;;;;x
AWS_fascist_dictatorship;Aussa National State;;;;;;;;;;;;;x
AWS_presidential_dictatorship;Aussa Military Council;;;;;;;;;;;;;x
AWS_proletarian_dictatorship;Aussa People's Republic;;;;;;;;;;;;;x
AZA_bourgeois_dictatorship;Azande League of Autonomous Cities;;;;;;;;;;;;;x
AZA_fascist_dictatorship;Azande National Unity State;;;;;;;;;;;;;x
AZA_presidential_dictatorship;Azande Military Council;;;;;;;;;;;;;x
AZA_proletarian_dictatorship;Azande People's Republic;;;;;;;;;;;;;x
AZB_bourgeois_dictatorship;Nilou Merchant Republic;;;;;;;;;;;;;x
AZB_fascist_dictatorship;Nilou National Unity State;;;;;;;;;;;;;x
AZB_presidential_dictatorship;Nilou Military Council;;;;;;;;;;;;;x
AZB_proletarian_dictatorship;Nilou People's Republic;;;;;;;;;;;;;x
AZH_bourgeois_dictatorship;Medb Merchant Council;;;;;;;;;;;;;x
AZH_fascist_dictatorship;Medb National Unity State;;;;;;;;;;;;;x
AZH_presidential_dictatorship;Medb Military Council;;;;;;;;;;;;;x
AZH_proletarian_dictatorship;Medb Socialist Republic;;;;;;;;;;;;;x
BAB_bourgeois_dictatorship;Ibuki Douji Merchant Council;;;;;;;;;;;;;x
BAB_fascist_dictatorship;Ibuki Douji National Unity State;;;;;;;;;;;;;x
BAB_presidential_dictatorship;Ibuki Douji Military Council;;;;;;;;;;;;;x
BAB_proletarian_dictatorship;Ibuki Douji Socialist Republic;;;;;;;;;;;;;x
BAD_bourgeois_dictatorship;Gertrud Free City;;;;;;;;;;;;;x
BAD_presidential_dictatorship;Gertrud Military Directorate;;;;;;;;;;;;;x
BAH_bourgeois_dictatorship;Jaguar Union of Sovereign States;;;;;;;;;;;;;x
BAH_fascist_dictatorship;Jaguar National Unity State;;;;;;;;;;;;;x
BAH_presidential_dictatorship;Jaguar Military Government;;;;;;;;;;;;;x
BAH_proletarian_dictatorship;Jaguar Socialist Federation;;;;;;;;;;;;;x
BAL_bourgeois_dictatorship;Ning Hai Merchant Union;;;;;;;;;;;;;x
BAL_fascist_dictatorship;Ning Hai National State;;;;;;;;;;;;;x
BAL_presidential_dictatorship;Ning Hai Military Council;;;;;;;;;;;;;x
BAL_proletarian_dictatorship;Ning Hai People's Republic;;;;;;;;;;;;;x
BAN_bourgeois_dictatorship;Hyacine Free City;;;;;;;;;;;;;x
BAN_fascist_dictatorship;Hyacine National State;;;;;;;;;;;;;x
BAN_presidential_dictatorship;Hyacine Military Directorate;;;;;;;;;;;;;x
BAN_proletarian_dictatorship;Hyacine Council Republic;;;;;;;;;;;;;x
BAS_bourgeois_dictatorship;Dobrynya Nikitich Autonomous Merchant League;;;;;;;;;;;;;x
BAS_fascist_dictatorship;Dobrynya Nikitich National Union;;;;;;;;;;;;;x
BAS_presidential_dictatorship;Dobrynya Nikitich Military Government;;;;;;;;;;;;;x
BAS_proletarian_dictatorship;Dobrynya Nikitich People's Republic;;;;;;;;;;;;;x
BAV_bourgeois_dictatorship;Haruka Free City;;;;;;;;;;;;;x
BAV_presidential_dictatorship;Haruka Military Directorate;;;;;;;;;;;;;x
BDK_bourgeois_dictatorship;Hassan Of Serenity League of Merchant Cities;;;;;;;;;;;;;x
BDK_fascist_dictatorship;Hassan Of Serenity National Unity State;;;;;;;;;;;;;x
BDK_presidential_dictatorship;Hassan Of Serenity Military Council;;;;;;;;;;;;;x
BDK_proletarian_dictatorship;Hassan Of Serenity People's Republic;;;;;;;;;;;;;x
BDN_bourgeois_dictatorship;Euryale Tribal Council State;;;;;;;;;;;;;x
BDN_fascist_dictatorship;Euryale National Unity State;;;;;;;;;;;;;x
BDN_presidential_dictatorship;Euryale Military Council;;;;;;;;;;;;;x
BDN_proletarian_dictatorship;Euryale People's Republic;;;;;;;;;;;;;x
BEL_bourgeois_dictatorship;CH Postal Company Directorate;;;;;;;;;;;;;x
BEL_fascist_dictatorship;CH Postal Company National State;;;;;;;;;;;;;x
BEL_presidential_dictatorship;CH Postal Company Consular Government;;;;;;;;;;;;;x
BEL_proletarian_dictatorship;CH Postal Company Commune;;;;;;;;;;;;;x
BEN_bourgeois_dictatorship;Benin League of Autonomous Cities;;;;;;;;;;;;;x
BEN_fascist_dictatorship;Benin National Unity State;;;;;;;;;;;;;x
BEN_presidential_dictatorship;Benin Military Council;;;;;;;;;;;;;x
BEN_proletarian_dictatorship;Benin People's Republic;;;;;;;;;;;;;x
BER_bourgeois_dictatorship;Mysterious Ranmaru X Autonomous Merchant League;;;;;;;;;;;;;x
BER_fascist_dictatorship;Mysterious Ranmaru X National Union;;;;;;;;;;;;;x
BER_presidential_dictatorship;Mysterious Ranmaru X Military Government;;;;;;;;;;;;;x
BER_proletarian_dictatorship;Mysterious Ranmaru X People's Republic;;;;;;;;;;;;;x
BGN_bourgeois_dictatorship;Saga League of Port Cities;;;;;;;;;;;;;x
BGN_fascist_dictatorship;Saga National State;;;;;;;;;;;;;x
BGN_presidential_dictatorship;Saga Military Government;;;;;;;;;;;;;x
BGN_proletarian_dictatorship;Saga People's Republic;;;;;;;;;;;;;x
BHM_bourgeois_dictatorship;Xilonen Union of Sovereign States;;;;;;;;;;;;;x
BHM_fascist_dictatorship;Xilonen National Unity State;;;;;;;;;;;;;x
BHM_presidential_dictatorship;Xilonen Military Council;;;;;;;;;;;;;x
BHM_proletarian_dictatorship;Xilonen Socialist Republic;;;;;;;;;;;;;x
BHO_bourgeois_dictatorship;Stheno Autonomous Merchant League;;;;;;;;;;;;;x
BHO_fascist_dictatorship;Stheno National Union;;;;;;;;;;;;;x
BHO_presidential_dictatorship;Stheno Military Government;;;;;;;;;;;;;x
BHO_proletarian_dictatorship;Stheno People's Republic;;;;;;;;;;;;;x
BHP_bourgeois_dictatorship;Izumo No Okuni Merchant Council;;;;;;;;;;;;;x
BHP_fascist_dictatorship;Izumo No Okuni National Unity State;;;;;;;;;;;;;x
BHP_presidential_dictatorship;Izumo No Okuni Military Government;;;;;;;;;;;;;x
BHP_proletarian_dictatorship;Izumo No Okuni People's Republic;;;;;;;;;;;;;x
BHR_bourgeois_dictatorship;Kingprotea Merchant Council;;;;;;;;;;;;;x
BHR_fascist_dictatorship;Kingprotea National Unity State;;;;;;;;;;;;;x
BHR_presidential_dictatorship;Kingprotea Military Council;;;;;;;;;;;;;x
BHR_proletarian_dictatorship;Kingprotea Socialist Republic;;;;;;;;;;;;;x
BHT_bourgeois_dictatorship;Bradamante Tribal Council State;;;;;;;;;;;;;x
BHT_fascist_dictatorship;Bradamante National Unity State;;;;;;;;;;;;;x
BHT_presidential_dictatorship;Bradamante Military Council;;;;;;;;;;;;;x
BHT_proletarian_dictatorship;Bradamante People's Republic;;;;;;;;;;;;;x
BHU_bourgeois_dictatorship;Katou Danzou League of Local Autonomies;;;;;;;;;;;;;x
BHU_fascist_dictatorship;Katou Danzou National Unity State;;;;;;;;;;;;;x
BHU_presidential_dictatorship;Katou Danzou Military Council;;;;;;;;;;;;;x
BHU_proletarian_dictatorship;Katou Danzou People's Republic;;;;;;;;;;;;;x
BHY_bourgeois_dictatorship;Buhaya League of Autonomous Cities;;;;;;;;;;;;;x
BHY_fascist_dictatorship;Buhaya National Unity State;;;;;;;;;;;;;x
BHY_presidential_dictatorship;Buhaya Military Council;;;;;;;;;;;;;x
BHY_proletarian_dictatorship;Buhaya People's Republic;;;;;;;;;;;;;x
BIA_bourgeois_dictatorship;Biafra League of Autonomous Cities;;;;;;;;;;;;;x
BIA_fascist_dictatorship;Biafra National Unity State;;;;;;;;;;;;;x
BIA_presidential_dictatorship;Biafra Military Council;;;;;;;;;;;;;x
BIA_proletarian_dictatorship;Biafra People's Republic;;;;;;;;;;;;;x
BIH_bourgeois_dictatorship;Kashin Koji Autonomous Merchant League;;;;;;;;;;;;;x
BIH_fascist_dictatorship;Kashin Koji National Union;;;;;;;;;;;;;x
BIH_presidential_dictatorship;Kashin Koji Military Government;;;;;;;;;;;;;x
BIK_bourgeois_dictatorship;Nezha Autonomous Merchant League;;;;;;;;;;;;;x
BIK_fascist_dictatorship;Nezha National Union;;;;;;;;;;;;;x
BIK_presidential_dictatorship;Nezha Military Government;;;;;;;;;;;;;x
BIK_proletarian_dictatorship;Nezha People's Republic;;;;;;;;;;;;;x
BIM_bourgeois_dictatorship;Chang Chun League of Port Cities;;;;;;;;;;;;;x
BIM_fascist_dictatorship;Chang Chun National State;;;;;;;;;;;;;x
BIM_presidential_dictatorship;Chang Chun Military Government;;;;;;;;;;;;;x
BIM_proletarian_dictatorship;Chang Chun People's Republic;;;;;;;;;;;;;x
BKF_bourgeois_dictatorship;Burkina Faso League of Merchant Cities;;;;;;;;;;;;;x
BKF_fascist_dictatorship;Burkina Faso National Unity State;;;;;;;;;;;;;x
BKF_presidential_dictatorship;Burkina Faso Military Council;;;;;;;;;;;;;x
BKF_proletarian_dictatorship;Burkina Faso People's Republic;;;;;;;;;;;;;x
BKV_bourgeois_dictatorship;Platinum League of Autonomous Cities;;;;;;;;;;;;;x
BKV_fascist_dictatorship;Platinum National State;;;;;;;;;;;;;x
BKV_presidential_dictatorship;Platinum Military Regency;;;;;;;;;;;;;x
BKV_proletarian_dictatorship;Platinum People's Republic;;;;;;;;;;;;;x
BLC_bourgeois_dictatorship;Sugitani Zenjubou Tribal Council State;;;;;;;;;;;;;x
BLC_fascist_dictatorship;Sugitani Zenjubou National Unity State;;;;;;;;;;;;;x
BLC_presidential_dictatorship;Sugitani Zenjubou Military Council;;;;;;;;;;;;;x
BLC_proletarian_dictatorship;Sugitani Zenjubou People's Republic;;;;;;;;;;;;;x
BLZ_bourgeois_dictatorship;Boa Hancock Merchant Federation;;;;;;;;;;;;;x
BLZ_fascist_dictatorship;Boa Hancock National Union;;;;;;;;;;;;;x
BLZ_presidential_dictatorship;Boa Hancock Lord Protectorate;;;;;;;;;;;;;x
BLZ_proletarian_dictatorship;Boa Hancock Workers' Republic;;;;;;;;;;;;;x
BMD_bourgeois_dictatorship;Iansan Merchant Federation;;;;;;;;;;;;;x
BMD_fascist_dictatorship;Iansan National Union;;;;;;;;;;;;;x
BMD_presidential_dictatorship;Iansan Lord Protectorate;;;;;;;;;;;;;x
BMD_proletarian_dictatorship;Iansan Workers' Republic;;;;;;;;;;;;;x
BMK_bourgeois_dictatorship;Mali League of Autonomous Cities;;;;;;;;;;;;;x
BMK_fascist_dictatorship;Mali National Unity State;;;;;;;;;;;;;x
BMK_presidential_dictatorship;Mali Military Council;;;;;;;;;;;;;x
BMK_proletarian_dictatorship;Mali People's Republic;;;;;;;;;;;;;x
BNB_bourgeois_dictatorship;Anne Bonny Tribal Council State;;;;;;;;;;;;;x
BNB_fascist_dictatorship;Anne Bonny National Unity State;;;;;;;;;;;;;x
BNB_presidential_dictatorship;Anne Bonny Military Council;;;;;;;;;;;;;x
BNB_proletarian_dictatorship;Anne Bonny People's Republic;;;;;;;;;;;;;x
BNG_bourgeois_dictatorship;Projekt Red Autonomous Merchant League;;;;;;;;;;;;;x
BNG_fascist_dictatorship;Projekt Red National Union;;;;;;;;;;;;;x
BNG_presidential_dictatorship;Projekt Red Military Government;;;;;;;;;;;;;x
BNY_bourgeois_dictatorship;Bunyoro League of Autonomous Cities;;;;;;;;;;;;;x
BNY_fascist_dictatorship;Bunyoro National Unity State;;;;;;;;;;;;;x
BNY_presidential_dictatorship;Bunyoro Military Council;;;;;;;;;;;;;x
BNY_proletarian_dictatorship;Bunyoro People's Republic;;;;;;;;;;;;;x
BOH_bourgeois_dictatorship;Sandrone Industrial City League;;;;;;;;;;;;;x
BOH_fascist_dictatorship;Sandrone Industrial National State;;;;;;;;;;;;;x
BOH_presidential_dictatorship;Sandrone Workshop Military Government;;;;;;;;;;;;;x
BOH_proletarian_dictatorship;Sandrone Labor Republic;;;;;;;;;;;;;x
BOL_bourgeois_dictatorship;La Pluma Union of Sovereign States;;;;;;;;;;;;;x
BOL_fascist_dictatorship;La Pluma National Unity State;;;;;;;;;;;;;x
BOL_presidential_dictatorship;La Pluma Military Council;;;;;;;;;;;;;x
BOL_proletarian_dictatorship;La Pluma Socialist Republic;;;;;;;;;;;;;x
BOR_bourgeois_dictatorship;Blaze Autonomous Merchant League;;;;;;;;;;;;;x
BOR_fascist_dictatorship;Blaze National Union;;;;;;;;;;;;;x
BOR_presidential_dictatorship;Blaze Military Government;;;;;;;;;;;;;x
BOR_proletarian_dictatorship;Blaze People's Republic;;;;;;;;;;;;;x
BOS_bourgeois_dictatorship;Cerydra League of Autonomous Cities;;;;;;;;;;;;;x
BOS_fascist_dictatorship;Cerydra National State;;;;;;;;;;;;;x
BOS_presidential_dictatorship;Cerydra Military Regency;;;;;;;;;;;;;x
BOS_proletarian_dictatorship;Cerydra People's Republic;;;;;;;;;;;;;x
BRA_bourgeois_dictatorship;Minna Free City;;;;;;;;;;;;;x
BRA_presidential_dictatorship;Minna Military Directorate;;;;;;;;;;;;;x
BRB_bourgeois_dictatorship;Unicorn Union of Sovereign States;;;;;;;;;;;;;x
BRB_fascist_dictatorship;Unicorn National Unity State;;;;;;;;;;;;;x
BRB_presidential_dictatorship;Unicorn Military Council;;;;;;;;;;;;;x
BRB_proletarian_dictatorship;Unicorn Socialist Republic;;;;;;;;;;;;;x
BRD_bourgeois_dictatorship;Burundi League of Autonomous Cities;;;;;;;;;;;;;x
BRD_fascist_dictatorship;Burundi National Unity State;;;;;;;;;;;;;x
BRD_presidential_dictatorship;Burundi Military Council;;;;;;;;;;;;;x
BRD_proletarian_dictatorship;Burundi People's Republic;;;;;;;;;;;;;x
BRE_bourgeois_dictatorship;Fuuka Free City;;;;;;;;;;;;;x
BRE_presidential_dictatorship;Fuuka Military Directorate;;;;;;;;;;;;;x
BRG_presidential_dictatorship;Klee Consular Government;;;;;;;;;;;;;x
BRM_bourgeois_dictatorship;Baguirmi League of Merchant Cities;;;;;;;;;;;;;x
BRM_fascist_dictatorship;Baguirmi National Unity State;;;;;;;;;;;;;x
BRM_presidential_dictatorship;Baguirmi Military Council;;;;;;;;;;;;;x
BRM_proletarian_dictatorship;Baguirmi People's Republic;;;;;;;;;;;;;x
BRT_bourgeois_dictatorship;Niko Directorate;;;;;;;;;;;;;x
BRT_fascist_dictatorship;Niko National State;;;;;;;;;;;;;x
BRT_presidential_dictatorship;Niko Consular Government;;;;;;;;;;;;;x
BRT_proletarian_dictatorship;Niko Commune;;;;;;;;;;;;;x
BRU_bourgeois_dictatorship;Yat Sen League of Port Cities;;;;;;;;;;;;;x
BRU_fascist_dictatorship;Yat Sen National State;;;;;;;;;;;;;x
BRU_presidential_dictatorship;Yat Sen Military Government;;;;;;;;;;;;;x
BRU_proletarian_dictatorship;Yat Sen People's Republic;;;;;;;;;;;;;x
BRY_bourgeois_dictatorship;Marina Nomadic Confederation;;;;;;;;;;;;;x
BRY_fascist_dictatorship;Marina National Unity State;;;;;;;;;;;;;x
BRY_presidential_dictatorship;Marina Military Council;;;;;;;;;;;;;x
BRY_proletarian_dictatorship;Marina People's Republic;;;;;;;;;;;;;x
BRZ_bourgeois_dictatorship;Michiko Malandro Union of Sovereign States;;;;;;;;;;;;;x
BRZ_fascist_dictatorship;Michiko Malandro National Unity State;;;;;;;;;;;;;x
BRZ_presidential_dictatorship;Michiko Malandro Military Government;;;;;;;;;;;;;x
BSH_bourgeois_dictatorship;Lesotho League of Autonomous Cities;;;;;;;;;;;;;x
BSH_fascist_dictatorship;Lesotho National Unity State;;;;;;;;;;;;;x
BSH_presidential_dictatorship;Lesotho Military Council;;;;;;;;;;;;;x
BSH_proletarian_dictatorship;Lesotho People's Republic;;;;;;;;;;;;;x
BSQ_bourgeois_dictatorship;Chisato Arashi Union of Cities;;;;;;;;;;;;;x
BSQ_presidential_dictatorship;Chisato Arashi Military Council;;;;;;;;;;;;;x
BSQ_proletarian_dictatorship;Chisato Arashi Workers' Republic;;;;;;;;;;;;;x
BTL_bourgeois_dictatorship;Frostleaf Tribal Council State;;;;;;;;;;;;;x
BTL_fascist_dictatorship;Frostleaf National Unity State;;;;;;;;;;;;;x
BTL_presidential_dictatorship;Frostleaf Military Council;;;;;;;;;;;;;x
BTL_proletarian_dictatorship;Frostleaf People's Republic;;;;;;;;;;;;;x
BTN_bourgeois_dictatorship;Shirayuki League of Port Cities;;;;;;;;;;;;;x
BTN_fascist_dictatorship;Shirayuki National State;;;;;;;;;;;;;x
BTN_presidential_dictatorship;Shirayuki Military Government;;;;;;;;;;;;;x
BTN_proletarian_dictatorship;Shirayuki People's Republic;;;;;;;;;;;;;x
BUG_bourgeois_dictatorship;Buganda League of Autonomous Cities;;;;;;;;;;;;;x
BUG_fascist_dictatorship;Buganda National Unity State;;;;;;;;;;;;;x
BUG_presidential_dictatorship;Buganda Military Council;;;;;;;;;;;;;x
BUG_proletarian_dictatorship;Buganda People's Republic;;;;;;;;;;;;;x
BUH_bourgeois_dictatorship;Buha League of Autonomous Cities;;;;;;;;;;;;;x
BUH_fascist_dictatorship;Buha National Unity State;;;;;;;;;;;;;x
BUH_presidential_dictatorship;Buha Military Council;;;;;;;;;;;;;x
BUH_proletarian_dictatorship;Buha People's Republic;;;;;;;;;;;;;x
BUL_bourgeois_dictatorship;Aglaea League of Autonomous Cities;;;;;;;;;;;;;x
BUL_fascist_dictatorship;Aglaea National State;;;;;;;;;;;;;x
BUL_presidential_dictatorship;Aglaea Military Regency;;;;;;;;;;;;;x
BUL_proletarian_dictatorship;Aglaea People's Republic;;;;;;;;;;;;;x
BUN_bourgeois_dictatorship;Lakshmibai Autonomous Merchant League;;;;;;;;;;;;;x
BUN_fascist_dictatorship;Lakshmibai National Union;;;;;;;;;;;;;x
BUN_presidential_dictatorship;Lakshmibai Military Government;;;;;;;;;;;;;x
BUN_proletarian_dictatorship;Lakshmibai People's Republic;;;;;;;;;;;;;x
BUR_bourgeois_dictatorship;Utage Merchant Union;;;;;;;;;;;;;x
BUR_fascist_dictatorship;Utage National State;;;;;;;;;;;;;x
BUR_presidential_dictatorship;Utage Military Council;;;;;;;;;;;;;x
BUR_proletarian_dictatorship;Utage People's Republic;;;;;;;;;;;;;x
BYE_bourgeois_dictatorship;Vodyanitsa River Trading League;;;;;;;;;;;;;x
BYE_fascist_dictatorship;Vodyanitsa National State;;;;;;;;;;;;;x
BYE_presidential_dictatorship;Vodyanitsa Military Regency;;;;;;;;;;;;;x
BYE_proletarian_dictatorship;Vodyanitsa People's Republic;;;;;;;;;;;;;x
CAL_bourgeois_dictatorship;Momoi Union of Sovereign States;;;;;;;;;;;;;x
CAL_fascist_dictatorship;Momoi National Union;;;;;;;;;;;;;x
CAL_presidential_dictatorship;Momoi Military Government;;;;;;;;;;;;;x
CAL_proletarian_dictatorship;Momoi Socialist Federation;;;;;;;;;;;;;x
CAM_bourgeois_dictatorship;Kirara Merchant Union;;;;;;;;;;;;;x
CAM_fascist_dictatorship;Kirara National State;;;;;;;;;;;;;x
CAM_presidential_dictatorship;Kirara Military Council;;;;;;;;;;;;;x
CAM_proletarian_dictatorship;Kirara People's Republic;;;;;;;;;;;;;x
CAN_bourgeois_dictatorship;Kurimura Airi Merchant Federation;;;;;;;;;;;;;x
CAN_fascist_dictatorship;Kurimura Airi National Union;;;;;;;;;;;;;x
CAN_presidential_dictatorship;Kurimura Airi Lord Protectorate;;;;;;;;;;;;;x
CAN_proletarian_dictatorship;Kurimura Airi Workers' Republic;;;;;;;;;;;;;x
CAR_bourgeois_dictatorship;Central Africa League of Autonomous Cities;;;;;;;;;;;;;x
CAR_presidential_dictatorship;Central Africa Military Council;;;;;;;;;;;;;x
CAR_proletarian_dictatorship;Central Africa People's Republic;;;;;;;;;;;;;x
CAS_bourgeois_dictatorship;Midori Union of Sovereign States;;;;;;;;;;;;;x
CAS_fascist_dictatorship;Midori National Union;;;;;;;;;;;;;x
CAS_presidential_dictatorship;Midori Military Government;;;;;;;;;;;;;x
CAS_proletarian_dictatorship;Midori Socialist Federation;;;;;;;;;;;;;x
CAT_bourgeois_dictatorship;Ren Hazuki Union of Cities;;;;;;;;;;;;;x
CAT_fascist_dictatorship;Ren Hazuki National Union;;;;;;;;;;;;;x
CAT_presidential_dictatorship;Ren Hazuki Military Council;;;;;;;;;;;;;x
CBH_bourgeois_dictatorship;Crownslayer Autonomous Merchant League;;;;;;;;;;;;;x
CBH_fascist_dictatorship;Crownslayer National Union;;;;;;;;;;;;;x
CBH_presidential_dictatorship;Crownslayer Military Government;;;;;;;;;;;;;x
CBH_proletarian_dictatorship;Crownslayer People's Republic;;;;;;;;;;;;;x
CEQ_bourgeois_dictatorship;Mousse Union of Sovereign States;;;;;;;;;;;;;x
CEQ_fascist_dictatorship;Mousse National Unity State;;;;;;;;;;;;;x
CEQ_presidential_dictatorship;Mousse Military Government;;;;;;;;;;;;;x
CFB_bourgeois_dictatorship;Nefer League of Autonomous Cities;;;;;;;;;;;;;x
CFB_fascist_dictatorship;Nefer National Unity State;;;;;;;;;;;;;x
CFB_presidential_dictatorship;Nefer Military Council;;;;;;;;;;;;;x
CFB_proletarian_dictatorship;Nefer People's Republic;;;;;;;;;;;;;x
CGC_bourgeois_dictatorship;Zibai Union of Sovereign States;;;;;;;;;;;;;x
CGC_fascist_dictatorship;Zibai National Unity State;;;;;;;;;;;;;x
CGC_presidential_dictatorship;Zibai Military Council;;;;;;;;;;;;;x
CGC_proletarian_dictatorship;Zibai Socialist Republic;;;;;;;;;;;;;x
CGO_bourgeois_dictatorship;Congo-Brazzaville League of Autonomous Cities;;;;;;;;;;;;;x
CGO_fascist_dictatorship;Congo-Brazzaville National Unity State;;;;;;;;;;;;;x
CGO_presidential_dictatorship;Congo-Brazzaville Military Council;;;;;;;;;;;;;x
CHA_bourgeois_dictatorship;Raidian Autonomous Merchant League;;;;;;;;;;;;;x
CHA_fascist_dictatorship;Raidian National Union;;;;;;;;;;;;;x
CHA_presidential_dictatorship;Raidian Military Government;;;;;;;;;;;;;x
CHA_proletarian_dictatorship;Raidian People's Republic;;;;;;;;;;;;;x
CHD_bourgeois_dictatorship;Chad League of Merchant Cities;;;;;;;;;;;;;x
CHD_fascist_dictatorship;Chad National Unity State;;;;;;;;;;;;;x
CHD_presidential_dictatorship;Chad Military Council;;;;;;;;;;;;;x
CHD_proletarian_dictatorship;Chad People's Republic;;;;;;;;;;;;;x
CHE_bourgeois_dictatorship;Hibiki Autonomous Tribal Confederation;;;;;;;;;;;;;x
CHE_fascist_dictatorship;Hibiki National Unity State;;;;;;;;;;;;;x
CHE_presidential_dictatorship;Hibiki Warriors' Council;;;;;;;;;;;;;x
CHE_proletarian_dictatorship;Hibiki Federation of Communities;;;;;;;;;;;;;x
CHH_bourgeois_dictatorship;Schwarz Autonomous Merchant League;;;;;;;;;;;;;x
CHH_fascist_dictatorship;Schwarz National Union;;;;;;;;;;;;;x
CHH_presidential_dictatorship;Schwarz Military Government;;;;;;;;;;;;;x
CHH_proletarian_dictatorship;Schwarz People's Republic;;;;;;;;;;;;;x
CHI_bourgeois_dictatorship;Kisaki Union of Trading Houses;;;;;;;;;;;;;x
CHI_fascist_dictatorship;Kisaki National Government;;;;;;;;;;;;;x
CHK_bourgeois_dictatorship;Akafuyu Merchant Union;;;;;;;;;;;;;x
CHK_fascist_dictatorship;Akafuyu National State;;;;;;;;;;;;;x
CHK_presidential_dictatorship;Akafuyu Military Council;;;;;;;;;;;;;x
CHK_proletarian_dictatorship;Akafuyu People's Republic;;;;;;;;;;;;;x
CHL_bourgeois_dictatorship;Cantabile Union of Sovereign States;;;;;;;;;;;;;x
CHL_fascist_dictatorship;Cantabile National Unity State;;;;;;;;;;;;;x
CHL_presidential_dictatorship;Cantabile Military Council;;;;;;;;;;;;;x
CHL_proletarian_dictatorship;Cantabile Socialist Republic;;;;;;;;;;;;;x
CHO_bourgeois_dictatorship;Izuna Union of Autonomous Cities;;;;;;;;;;;;;x
CHO_fascist_dictatorship;Izuna National Government;;;;;;;;;;;;;x
CHO_presidential_dictatorship;Izuna Military Administration;;;;;;;;;;;;;x
CHO_proletarian_dictatorship;Izuna People's Republic;;;;;;;;;;;;;x
CHP_bourgeois_dictatorship;Kay Union of Sovereign States;;;;;;;;;;;;;x
CHP_fascist_dictatorship;Kay National Unity State;;;;;;;;;;;;;x
CHP_presidential_dictatorship;Kay Military Council;;;;;;;;;;;;;x
CHP_proletarian_dictatorship;Kay Socialist Republic;;;;;;;;;;;;;x
CHY_bourgeois_dictatorship;Collei League of Autonomous Cities;;;;;;;;;;;;;x
CHY_fascist_dictatorship;Collei National State;;;;;;;;;;;;;x
CHY_presidential_dictatorship;Collei Military Regency;;;;;;;;;;;;;x
CHY_proletarian_dictatorship;Collei People's Republic;;;;;;;;;;;;;x
CIV_bourgeois_dictatorship;Frieren Free City;;;;;;;;;;;;;x
CIV_fascist_dictatorship;Frieren National State;;;;;;;;;;;;;x
CIV_presidential_dictatorship;Frieren Military Directorate;;;;;;;;;;;;;x
CIV_proletarian_dictatorship;Frieren Council Republic;;;;;;;;;;;;;x
CLA_bourgeois_dictatorship;Calabar League of Autonomous Cities;;;;;;;;;;;;;x
CLA_fascist_dictatorship;Calabar National Unity State;;;;;;;;;;;;;x
CLA_presidential_dictatorship;Calabar Military Council;;;;;;;;;;;;;x
CLA_proletarian_dictatorship;Calabar People's Republic;;;;;;;;;;;;;x
CLC_bourgeois_dictatorship;Astesia City Republic;;;;;;;;;;;;;x
CLC_fascist_dictatorship;Astesia National State;;;;;;;;;;;;;x
CLC_presidential_dictatorship;Astesia Military Council;;;;;;;;;;;;;x
CLC_proletarian_dictatorship;Astesia People's Republic;;;;;;;;;;;;;x
CLM_bourgeois_dictatorship;Dunyarzad Union of Sovereign States;;;;;;;;;;;;;x
CLM_presidential_dictatorship;Dunyarzad Military Council;;;;;;;;;;;;;x
CLM_proletarian_dictatorship;Dunyarzad Socialist Republic;;;;;;;;;;;;;x
CMC_bourgeois_dictatorship;Toki Autonomous Tribal Confederation;;;;;;;;;;;;;x
CMC_fascist_dictatorship;Toki National Unity State;;;;;;;;;;;;;x
CMC_presidential_dictatorship;Toki Warriors' Council;;;;;;;;;;;;;x
CMC_proletarian_dictatorship;Toki Federation of Communities;;;;;;;;;;;;;x
CMR_bourgeois_dictatorship;Cameroon League of Autonomous Cities;;;;;;;;;;;;;x
CMR_fascist_dictatorship;Cameroon National Unity State;;;;;;;;;;;;;x
CMR_presidential_dictatorship;Cameroon Military Council;;;;;;;;;;;;;x
CMR_proletarian_dictatorship;Cameroon People's Republic;;;;;;;;;;;;;x
CMS_bourgeois_dictatorship;Comoros League of Port Cities;;;;;;;;;;;;;x
CMS_fascist_dictatorship;Comoros National State;;;;;;;;;;;;;x
CMS_presidential_dictatorship;Comoros Military Council;;;;;;;;;;;;;x
CMS_proletarian_dictatorship;Comoros People's Republic;;;;;;;;;;;;;x
CNG_bourgeois_dictatorship;Kongou League of Autonomous Cities;;;;;;;;;;;;;x
CNG_fascist_dictatorship;Kongou National Unity State;;;;;;;;;;;;;x
CNG_proletarian_dictatorship;Kongou People's Republic;;;;;;;;;;;;;x
COB_bourgeois_dictatorship;Satsuki Free City;;;;;;;;;;;;;x
COB_presidential_dictatorship;Satsuki Military Directorate;;;;;;;;;;;;;x
COC_bourgeois_dictatorship;Sora Autonomous Merchant League;;;;;;;;;;;;;x
COC_fascist_dictatorship;Sora National Union;;;;;;;;;;;;;x
COC_presidential_dictatorship;Sora Military Government;;;;;;;;;;;;;x
COC_proletarian_dictatorship;Sora People's Republic;;;;;;;;;;;;;x
COL_bourgeois_dictatorship;Yuzu Merchant Federation;;;;;;;;;;;;;x
COL_fascist_dictatorship;Yuzu National Union;;;;;;;;;;;;;x
COL_presidential_dictatorship;Yuzu Lord Protectorate;;;;;;;;;;;;;x
COL_proletarian_dictatorship;Yuzu Workers' Republic;;;;;;;;;;;;;x
COS_bourgeois_dictatorship;Nami Union of Sovereign States;;;;;;;;;;;;;x
COS_fascist_dictatorship;Nami National Unity State;;;;;;;;;;;;;x
COS_proletarian_dictatorship;Nami Socialist Republic;;;;;;;;;;;;;x
COU_bourgeois_dictatorship;Gravel Free City;;;;;;;;;;;;;x
COU_fascist_dictatorship;Gravel National State;;;;;;;;;;;;;x
COU_presidential_dictatorship;Gravel Military Directorate;;;;;;;;;;;;;x
COU_proletarian_dictatorship;Gravel Council Republic;;;;;;;;;;;;;x
CPL_bourgeois_dictatorship;Kazimierz Knights' League Aristocratic Republic;;;;;;;;;;;;;x
CPL_fascist_dictatorship;Kazimierz Knights' League National Union;;;;;;;;;;;;;x
CPL_proletarian_dictatorship;Kazimierz Knights' League People's Republic;;;;;;;;;;;;;x
CRB_bourgeois_dictatorship;Caper Union of Sovereign States;;;;;;;;;;;;;x
CRB_presidential_dictatorship;Caper Military Council;;;;;;;;;;;;;x
CRE_bourgeois_dictatorship;Medusa City Republic;;;;;;;;;;;;;x
CRE_fascist_dictatorship;Medusa National State;;;;;;;;;;;;;x
CRE_presidential_dictatorship;Medusa Military Council;;;;;;;;;;;;;x
CRE_proletarian_dictatorship;Medusa People's Republic;;;;;;;;;;;;;x
CRI_bourgeois_dictatorship;Nefer Merchant Oligarchy;;;;;;;;;;;;;x
CRI_fascist_dictatorship;Nefer Black Sea National State;;;;;;;;;;;;;x
CRI_presidential_dictatorship;Nefer Military Consulate;;;;;;;;;;;;;x
CRI_proletarian_dictatorship;Nefer People's Council State;;;;;;;;;;;;;x
CRL_bourgeois_dictatorship;Semiramis Merchant Council;;;;;;;;;;;;;x
CRL_fascist_dictatorship;Semiramis National Unity State;;;;;;;;;;;;;x
CRL_presidential_dictatorship;Semiramis Military Government;;;;;;;;;;;;;x
CRL_proletarian_dictatorship;Semiramis People's Republic;;;;;;;;;;;;;x
CRO_bourgeois_dictatorship;Medea League of Autonomous Cities;;;;;;;;;;;;;x
CRO_fascist_dictatorship;Medea National State;;;;;;;;;;;;;x
CRO_presidential_dictatorship;Medea Military Regency;;;;;;;;;;;;;x
CRO_proletarian_dictatorship;Medea People's Republic;;;;;;;;;;;;;x
CRS_bourgeois_dictatorship;Eri City Republic;;;;;;;;;;;;;x
CRS_fascist_dictatorship;Eri National Unity State;;;;;;;;;;;;;x
CRS_presidential_dictatorship;Eri Consular Government;;;;;;;;;;;;;x
CRS_proletarian_dictatorship;Eri Socialist Republic;;;;;;;;;;;;;x
CRT_bourgeois_dictatorship;Cicin Mage Union of Sovereign States;;;;;;;;;;;;;x
CRT_fascist_dictatorship;Cicin Mage National Unity State;;;;;;;;;;;;;x
CRT_presidential_dictatorship;Cicin Mage Military Council;;;;;;;;;;;;;x
CRT_proletarian_dictatorship;Cicin Mage Socialist Republic;;;;;;;;;;;;;x
CUB_bourgeois_dictatorship;Abigail Williams Union of Sovereign States;;;;;;;;;;;;;x
CUB_fascist_dictatorship;Abigail Williams National Unity State;;;;;;;;;;;;;x
CUO_bourgeois_dictatorship;Sumire Heanna Union of Cities;;;;;;;;;;;;;x
CUO_fascist_dictatorship;Sumire Heanna National Union;;;;;;;;;;;;;x
CUO_presidential_dictatorship;Sumire Heanna Military Council;;;;;;;;;;;;;x
CUO_proletarian_dictatorship;Sumire Heanna Workers' Republic;;;;;;;;;;;;;x
CYP_bourgeois_dictatorship;Shamare City Republic;;;;;;;;;;;;;x
CYP_fascist_dictatorship;Shamare National State;;;;;;;;;;;;;x
CYP_presidential_dictatorship;Shamare Military Council;;;;;;;;;;;;;x
CYP_proletarian_dictatorship;Shamare People's Republic;;;;;;;;;;;;;x
CYR_bourgeois_dictatorship;Kougyoku Ren Merchant Council;;;;;;;;;;;;;x
CYR_fascist_dictatorship;Kougyoku Ren National Unity State;;;;;;;;;;;;;x
CYR_presidential_dictatorship;Kougyoku Ren Military Council;;;;;;;;;;;;;x
CYR_proletarian_dictatorship;Kougyoku Ren Socialist Republic;;;;;;;;;;;;;x
CZH_bourgeois_dictatorship;Meteor League of Autonomous Cities;;;;;;;;;;;;;x
CZH_fascist_dictatorship;Meteor National State;;;;;;;;;;;;;x
CZH_presidential_dictatorship;Meteor Military Regency;;;;;;;;;;;;;x
CZH_proletarian_dictatorship;Meteor People's Republic;;;;;;;;;;;;;x
D01_bourgeois_dictatorship;Holo Merchant Federation;;;;;;;;;;;;;x
D01_fascist_dictatorship;Holo National Union;;;;;;;;;;;;;x
D01_presidential_dictatorship;Holo Lord Protectorate;;;;;;;;;;;;;x
D01_proletarian_dictatorship;Holo Workers' Republic;;;;;;;;;;;;;x
D02_bourgeois_dictatorship;Azusa Merchant Federation;;;;;;;;;;;;;x
D02_fascist_dictatorship;Azusa National Union;;;;;;;;;;;;;x
D02_presidential_dictatorship;Azusa Lord Protectorate;;;;;;;;;;;;;x
D02_proletarian_dictatorship;Azusa Workers' Republic;;;;;;;;;;;;;x
D03_bourgeois_dictatorship;Natsu Merchant Federation;;;;;;;;;;;;;x
D03_fascist_dictatorship;Natsu National Union;;;;;;;;;;;;;x
D03_presidential_dictatorship;Natsu Lord Protectorate;;;;;;;;;;;;;x
D03_proletarian_dictatorship;Natsu Workers' Republic;;;;;;;;;;;;;x
D04_bourgeois_dictatorship;Mine Merchant Federation;;;;;;;;;;;;;x
D04_fascist_dictatorship;Mine National Union;;;;;;;;;;;;;x
D04_presidential_dictatorship;Mine Lord Protectorate;;;;;;;;;;;;;x
D04_proletarian_dictatorship;Mine Workers' Republic;;;;;;;;;;;;;x
D05_bourgeois_dictatorship;Ichika Merchant Federation;;;;;;;;;;;;;x
D05_fascist_dictatorship;Ichika National Union;;;;;;;;;;;;;x
D05_presidential_dictatorship;Ichika Lord Protectorate;;;;;;;;;;;;;x
D05_proletarian_dictatorship;Ichika Workers' Republic;;;;;;;;;;;;;x
D06_bourgeois_dictatorship;Yoshimi Merchant Federation;;;;;;;;;;;;;x
D06_fascist_dictatorship;Yoshimi National Union;;;;;;;;;;;;;x
D06_presidential_dictatorship;Yoshimi Lord Protectorate;;;;;;;;;;;;;x
D06_proletarian_dictatorship;Yoshimi Workers' Republic;;;;;;;;;;;;;x
D07_bourgeois_dictatorship;Hanako Merchant Federation;;;;;;;;;;;;;x
D07_fascist_dictatorship;Hanako National Union;;;;;;;;;;;;;x
D07_presidential_dictatorship;Hanako Lord Protectorate;;;;;;;;;;;;;x
D07_proletarian_dictatorship;Hanako Workers' Republic;;;;;;;;;;;;;x
D08_bourgeois_dictatorship;Serina Merchant Federation;;;;;;;;;;;;;x
D08_fascist_dictatorship;Serina National Union;;;;;;;;;;;;;x
D08_presidential_dictatorship;Serina Lord Protectorate;;;;;;;;;;;;;x
D08_proletarian_dictatorship;Serina Workers' Republic;;;;;;;;;;;;;x
D09_bourgeois_dictatorship;Tsurugi Merchant Federation;;;;;;;;;;;;;x
D09_fascist_dictatorship;Tsurugi National Union;;;;;;;;;;;;;x
D09_presidential_dictatorship;Tsurugi Lord Protectorate;;;;;;;;;;;;;x
D09_proletarian_dictatorship;Tsurugi Workers' Republic;;;;;;;;;;;;;x
D10_bourgeois_dictatorship;Suzumi Merchant Federation;;;;;;;;;;;;;x
D10_fascist_dictatorship;Suzumi National Union;;;;;;;;;;;;;x
D10_presidential_dictatorship;Suzumi Lord Protectorate;;;;;;;;;;;;;x
D10_proletarian_dictatorship;Suzumi Workers' Republic;;;;;;;;;;;;;x
D11_bourgeois_dictatorship;Ubel League of Free Cities;;;;;;;;;;;;;x
D11_fascist_dictatorship;Ubel Total Mobilization State;;;;;;;;;;;;;x
D11_presidential_dictatorship;Ubel Military Council;;;;;;;;;;;;;x
D11_proletarian_dictatorship;Ubel Council Republic;;;;;;;;;;;;;x
D12_bourgeois_dictatorship;Elizabeth Bathory League of Free Cities;;;;;;;;;;;;;x
D12_fascist_dictatorship;Elizabeth Bathory Total Mobilization State;;;;;;;;;;;;;x
D12_presidential_dictatorship;Elizabeth Bathory Military Council;;;;;;;;;;;;;x
D12_proletarian_dictatorship;Elizabeth Bathory Council Republic;;;;;;;;;;;;;x
D13_bourgeois_dictatorship;Altera League of Free Cities;;;;;;;;;;;;;x
D13_fascist_dictatorship;Altera Total Mobilization State;;;;;;;;;;;;;x
D13_presidential_dictatorship;Altera Military Council;;;;;;;;;;;;;x
D13_proletarian_dictatorship;Altera Council Republic;;;;;;;;;;;;;x
D14_bourgeois_dictatorship;Murasaki Shikibu League of Free Cities;;;;;;;;;;;;;x
D14_fascist_dictatorship;Murasaki Shikibu Total Mobilization State;;;;;;;;;;;;;x
D14_presidential_dictatorship;Murasaki Shikibu Military Council;;;;;;;;;;;;;x
D14_proletarian_dictatorship;Murasaki Shikibu Council Republic;;;;;;;;;;;;;x
D15_bourgeois_dictatorship;Shuten Douji League of Free Cities;;;;;;;;;;;;;x
D15_fascist_dictatorship;Shuten Douji Total Mobilization State;;;;;;;;;;;;;x
D15_presidential_dictatorship;Shuten Douji Military Council;;;;;;;;;;;;;x
D15_proletarian_dictatorship;Shuten Douji Council Republic;;;;;;;;;;;;;x
D16_bourgeois_dictatorship;Meltryllis League of Free Cities;;;;;;;;;;;;;x
D16_fascist_dictatorship;Meltryllis Total Mobilization State;;;;;;;;;;;;;x
D16_presidential_dictatorship;Meltryllis Military Council;;;;;;;;;;;;;x
D16_proletarian_dictatorship;Meltryllis Council Republic;;;;;;;;;;;;;x
D17_bourgeois_dictatorship;Sei Shounagon League of Free Cities;;;;;;;;;;;;;x
D17_fascist_dictatorship;Sei Shounagon Total Mobilization State;;;;;;;;;;;;;x
D17_presidential_dictatorship;Sei Shounagon Military Council;;;;;;;;;;;;;x
D17_proletarian_dictatorship;Sei Shounagon Council Republic;;;;;;;;;;;;;x
D18_bourgeois_dictatorship;Anastasia League of Free Cities;;;;;;;;;;;;;x
D18_fascist_dictatorship;Anastasia Total Mobilization State;;;;;;;;;;;;;x
D18_presidential_dictatorship;Anastasia Military Council;;;;;;;;;;;;;x
D18_proletarian_dictatorship;Anastasia Council Republic;;;;;;;;;;;;;x
D19_bourgeois_dictatorship;Oryou League of Free Cities;;;;;;;;;;;;;x
D19_fascist_dictatorship;Oryou Total Mobilization State;;;;;;;;;;;;;x
D19_presidential_dictatorship;Oryou Military Council;;;;;;;;;;;;;x
D19_proletarian_dictatorship;Oryou Council Republic;;;;;;;;;;;;;x
D20_bourgeois_dictatorship;Bb League of Free Cities;;;;;;;;;;;;;x
D20_fascist_dictatorship;Bb Total Mobilization State;;;;;;;;;;;;;x
D20_presidential_dictatorship;Bb Military Council;;;;;;;;;;;;;x
D20_proletarian_dictatorship;Bb Council Republic;;;;;;;;;;;;;x
DAH_bourgeois_dictatorship;Dahomey League of Autonomous Cities;;;;;;;;;;;;;x
DAH_fascist_dictatorship;Dahomey National Unity State;;;;;;;;;;;;;x
DAH_presidential_dictatorship;Dahomey Military Council;;;;;;;;;;;;;x
DAI_bourgeois_dictatorship;Higashi Merchant Union;;;;;;;;;;;;;x
DAI_fascist_dictatorship;Higashi National Government;;;;;;;;;;;;;x
DAI_presidential_dictatorship;Higashi Military Government;;;;;;;;;;;;;x
DAI_proletarian_dictatorship;Higashi People's Republic;;;;;;;;;;;;;x
DAK_bourgeois_dictatorship;Neru Autonomous Tribal Confederation;;;;;;;;;;;;;x
DAK_fascist_dictatorship;Neru National Unity State;;;;;;;;;;;;;x
DAK_presidential_dictatorship;Neru Warriors' Council;;;;;;;;;;;;;x
DAK_proletarian_dictatorship;Neru Federation of Communities;;;;;;;;;;;;;x
DAR_bourgeois_dictatorship;Darfur League of Merchant Cities;;;;;;;;;;;;;x
DAR_fascist_dictatorship;Darfur National Unity State;;;;;;;;;;;;;x
DAR_presidential_dictatorship;Darfur Military Council;;;;;;;;;;;;;x
DAR_proletarian_dictatorship;Darfur People's Republic;;;;;;;;;;;;;x
DEN_bourgeois_dictatorship;Kanna League of Autonomous Cities;;;;;;;;;;;;;x
DEN_fascist_dictatorship;Kanna National State;;;;;;;;;;;;;x
DEN_presidential_dictatorship;Kanna State Council;;;;;;;;;;;;;x
DEN_proletarian_dictatorship;Kanna Socialist Republic;;;;;;;;;;;;;x
DES_bourgeois_dictatorship;Maki Union of Sovereign States;;;;;;;;;;;;;x
DES_fascist_dictatorship;Maki National Union;;;;;;;;;;;;;x
DES_presidential_dictatorship;Maki Military Government;;;;;;;;;;;;;x
DES_proletarian_dictatorship;Maki Socialist Federation;;;;;;;;;;;;;x
DJA_bourgeois_dictatorship;Fu Shun League of Port Cities;;;;;;;;;;;;;x
DJA_fascist_dictatorship;Fu Shun National State;;;;;;;;;;;;;x
DJA_presidential_dictatorship;Fu Shun Military Government;;;;;;;;;;;;;x
DJA_proletarian_dictatorship;Fu Shun People's Republic;;;;;;;;;;;;;x
DLM_bourgeois_dictatorship;Penthesilea League of Autonomous Cities;;;;;;;;;;;;;x
DLM_fascist_dictatorship;Penthesilea National State;;;;;;;;;;;;;x
DLM_presidential_dictatorship;Penthesilea Military Regency;;;;;;;;;;;;;x
DLM_proletarian_dictatorship;Penthesilea People's Republic;;;;;;;;;;;;;x
DOM_bourgeois_dictatorship;Quetzalcoatl Union of Sovereign States;;;;;;;;;;;;;x
DOM_fascist_dictatorship;Quetzalcoatl National Unity State;;;;;;;;;;;;;x
DOM_proletarian_dictatorship;Quetzalcoatl Socialist Republic;;;;;;;;;;;;;x
DON_bourgeois_dictatorship;Tashkent League of Free Hosts;;;;;;;;;;;;;x
DON_presidential_dictatorship;Tashkent Ataman Military Administration;;;;;;;;;;;;;x
DON_proletarian_dictatorship;Tashkent Soviet Republic;;;;;;;;;;;;;x
DRA_bourgeois_dictatorship;Myrtle Autonomous Merchant League;;;;;;;;;;;;;x
DRA_presidential_dictatorship;Myrtle Military Government;;;;;;;;;;;;;x
DRA_proletarian_dictatorship;Myrtle People's Republic;;;;;;;;;;;;;x
DRU_bourgeois_dictatorship;Warfarin Merchant Council;;;;;;;;;;;;;x
DRU_fascist_dictatorship;Warfarin National Unity State;;;;;;;;;;;;;x
DRU_presidential_dictatorship;Warfarin Military Council;;;;;;;;;;;;;x
DRU_proletarian_dictatorship;Warfarin Socialist Republic;;;;;;;;;;;;;x
DUR_bourgeois_dictatorship;Nitocris Tribal Council State;;;;;;;;;;;;;x
DUR_presidential_dictatorship;Nitocris Military Council;;;;;;;;;;;;;x
DUR_proletarian_dictatorship;Nitocris People's Republic;;;;;;;;;;;;;x
DZG_bourgeois_dictatorship;Iori Free City;;;;;;;;;;;;;x
DZG_fascist_dictatorship;Iori National State;;;;;;;;;;;;;x
DZG_presidential_dictatorship;Iori Military Directorate;;;;;;;;;;;;;x
DZG_proletarian_dictatorship;Iori Council Republic;;;;;;;;;;;;;x
ECU_bourgeois_dictatorship;Katheryne Union of Sovereign States;;;;;;;;;;;;;x
ECU_fascist_dictatorship;Katheryne National Unity State;;;;;;;;;;;;;x
ECU_presidential_dictatorship;Katheryne Military Council;;;;;;;;;;;;;x
ECU_proletarian_dictatorship;Katheryne Socialist Republic;;;;;;;;;;;;;x
EGY_bourgeois_dictatorship;Hoshino Merchant Council;;;;;;;;;;;;;x
EGY_fascist_dictatorship;Hoshino National Unity State;;;;;;;;;;;;;x
EGY_presidential_dictatorship;Hoshino Military Council;;;;;;;;;;;;;x
EGY_proletarian_dictatorship;Hoshino Socialist Republic;;;;;;;;;;;;;x
EIC_bourgeois_dictatorship;Seven Nations of Teyvat Merchant Federation;;;;;;;;;;;;;x
EIC_fascist_dictatorship;Seven Nations of Teyvat National Union;;;;;;;;;;;;;x
EIC_presidential_dictatorship;Seven Nations of Teyvat Lord Protectorate;;;;;;;;;;;;;x
EIC_proletarian_dictatorship;Seven Nations of Teyvat Workers' Republic;;;;;;;;;;;;;x
ELS_bourgeois_dictatorship;Nico Robin Union of Sovereign States;;;;;;;;;;;;;x
ELS_fascist_dictatorship;Nico Robin National Unity State;;;;;;;;;;;;;x
ELS_presidential_dictatorship;Nico Robin Military Council;;;;;;;;;;;;;x
ELS_proletarian_dictatorship;Nico Robin Socialist Republic;;;;;;;;;;;;;x
ENL_bourgeois_dictatorship;Mari Merchant Federation;;;;;;;;;;;;;x
ENL_fascist_dictatorship;Mari National Union;;;;;;;;;;;;;x
ENL_presidential_dictatorship;Mari Lord Protectorate;;;;;;;;;;;;;x
ENL_proletarian_dictatorship;Mari Workers' Republic;;;;;;;;;;;;;x
ENT_bourgeois_dictatorship;Entre Rios Union of Sovereign States;;;;;;;;;;;;;x
ENT_fascist_dictatorship;Entre Rios National Unity State;;;;;;;;;;;;;x
ENT_presidential_dictatorship;Entre Rios Military Council;;;;;;;;;;;;;x
ENT_proletarian_dictatorship;Entre Rios Socialist Republic;;;;;;;;;;;;;x
EQG_bourgeois_dictatorship;Equatorial Guinea League of Autonomous Cities;;;;;;;;;;;;;x
EQG_fascist_dictatorship;Equatorial Guinea National Unity State;;;;;;;;;;;;;x
EQG_presidential_dictatorship;Equatorial Guinea Military Council;;;;;;;;;;;;;x
EQG_proletarian_dictatorship;Equatorial Guinea People's Republic;;;;;;;;;;;;;x
EST_bourgeois_dictatorship;Linnea Guild City League;;;;;;;;;;;;;x
EST_fascist_dictatorship;Linnea National State;;;;;;;;;;;;;x
EST_presidential_dictatorship;Linnea State Consulate;;;;;;;;;;;;;x
EST_proletarian_dictatorship;Linnea Labor Republic;;;;;;;;;;;;;x
ETH_bourgeois_dictatorship;Abyssinia League of Regional Autonomies;;;;;;;;;;;;;x
ETH_fascist_dictatorship;Abyssinia National Unity State;;;;;;;;;;;;;x
ETH_presidential_dictatorship;Abyssinia Military Council;;;;;;;;;;;;;x
ETH_proletarian_dictatorship;Abyssinia People's Republic;;;;;;;;;;;;;x
EZO_bourgeois_dictatorship;Wakamo Union of Autonomous Cities;;;;;;;;;;;;;x
FAS_bourgeois_dictatorship;April Directorate;;;;;;;;;;;;;x
FAS_fascist_dictatorship;April National State;;;;;;;;;;;;;x
FAS_presidential_dictatorship;April Consular Government;;;;;;;;;;;;;x
FAS_proletarian_dictatorship;April Commune;;;;;;;;;;;;;x
FCA_bourgeois_dictatorship;Yukino Directorate;;;;;;;;;;;;;x
FCA_fascist_dictatorship;Yukino National State;;;;;;;;;;;;;x
FCA_presidential_dictatorship;Yukino Consular Government;;;;;;;;;;;;;x
FCA_proletarian_dictatorship;Yukino Commune;;;;;;;;;;;;;x
FDL_bourgeois_dictatorship;Necrass Merchant Council;;;;;;;;;;;;;x
FDL_fascist_dictatorship;Necrass National Unity State;;;;;;;;;;;;;x
FDL_presidential_dictatorship;Necrass Military Council;;;;;;;;;;;;;x
FDL_proletarian_dictatorship;Necrass Socialist Republic;;;;;;;;;;;;;x
FIJ_bourgeois_dictatorship;Fennec League of Autonomous Islands;;;;;;;;;;;;;x
FIJ_fascist_dictatorship;Fennec National Unity State;;;;;;;;;;;;;x
FIJ_presidential_dictatorship;Fennec Military Council;;;;;;;;;;;;;x
FIJ_proletarian_dictatorship;Fennec Republic of Communities;;;;;;;;;;;;;x
FIL_bourgeois_dictatorship;Perona Union of Sovereign States;;;;;;;;;;;;;x
FIL_fascist_dictatorship;Perona National Union;;;;;;;;;;;;;x
FIL_presidential_dictatorship;Perona Military Government;;;;;;;;;;;;;x
FIL_proletarian_dictatorship;Perona Socialist Federation;;;;;;;;;;;;;x
FIN_bourgeois_dictatorship;Valkyrie League of Autonomous Cities;;;;;;;;;;;;;x
FIN_fascist_dictatorship;Valkyrie National State;;;;;;;;;;;;;x
FIN_presidential_dictatorship;Valkyrie State Council;;;;;;;;;;;;;x
FIU_proletarian_dictatorship;Kal'tsit Socialist Republic;;;;;;;;;;;;;x
FJN_bourgeois_dictatorship;Yakushi Saya Union of Trading Houses;;;;;;;;;;;;;x
FJN_proletarian_dictatorship;Yakushi Saya People's Republic;;;;;;;;;;;;;x
FLA_bourgeois_dictatorship;Mona Merchant Republic;;;;;;;;;;;;;x
FLA_fascist_dictatorship;Mona National State;;;;;;;;;;;;;x
FLA_presidential_dictatorship;Mona Consulate;;;;;;;;;;;;;x
FLA_proletarian_dictatorship;Mona Workers' Republic;;;;;;;;;;;;;x
FRI_bourgeois_dictatorship;Eula Merchant Republic;;;;;;;;;;;;;x
FRI_fascist_dictatorship;Eula National State;;;;;;;;;;;;;x
FRI_presidential_dictatorship;Eula Consulate;;;;;;;;;;;;;x
FRI_proletarian_dictatorship;Eula Workers' Republic;;;;;;;;;;;;;x
FRM_bourgeois_dictatorship;Ako Free City;;;;;;;;;;;;;x
FRM_presidential_dictatorship;Ako Military Directorate;;;;;;;;;;;;;x
FRO_bourgeois_dictatorship;Kirino League of Autonomous Cities;;;;;;;;;;;;;x
FRO_fascist_dictatorship;Kirino National State;;;;;;;;;;;;;x
FRO_presidential_dictatorship;Kirino State Council;;;;;;;;;;;;;x
FRO_proletarian_dictatorship;Kirino Socialist Republic;;;;;;;;;;;;;x
FSA_bourgeois_dictatorship;Himari Union of Sovereign States;;;;;;;;;;;;;x
FSA_fascist_dictatorship;Himari National Union;;;;;;;;;;;;;x
FSA_presidential_dictatorship;Himari Military Government;;;;;;;;;;;;;x
GAB_bourgeois_dictatorship;Gabon League of Autonomous Cities;;;;;;;;;;;;;x
GAB_fascist_dictatorship;Gabon National Unity State;;;;;;;;;;;;;x
GAB_presidential_dictatorship;Gabon Military Council;;;;;;;;;;;;;x
GAB_proletarian_dictatorship;Gabon People's Republic;;;;;;;;;;;;;x
GAZ_bourgeois_dictatorship;Gaza League of Autonomous Cities;;;;;;;;;;;;;x
GAZ_fascist_dictatorship;Gaza National Unity State;;;;;;;;;;;;;x
GAZ_presidential_dictatorship;Gaza Military Council;;;;;;;;;;;;;x
GAZ_proletarian_dictatorship;Gaza People's Republic;;;;;;;;;;;;;x
GBU_bourgeois_dictatorship;Kaabu League of Autonomous Cities;;;;;;;;;;;;;x
GBU_fascist_dictatorship;Kaabu National Unity State;;;;;;;;;;;;;x
GBU_presidential_dictatorship;Kaabu Military Council;;;;;;;;;;;;;x
GBU_proletarian_dictatorship;Kaabu People's Republic;;;;;;;;;;;;;x
GCF_bourgeois_dictatorship;Junko Free City;;;;;;;;;;;;;x
GCF_presidential_dictatorship;Junko Military Directorate;;;;;;;;;;;;;x
GCO_bourgeois_dictatorship;Rosarita Cisneros Union of Sovereign States;;;;;;;;;;;;;x
GCO_fascist_dictatorship;Rosarita Cisneros National Unity State;;;;;;;;;;;;;x
GCO_presidential_dictatorship;Rosarita Cisneros Military Council;;;;;;;;;;;;;x
GCO_proletarian_dictatorship;Rosarita Cisneros Socialist Republic;;;;;;;;;;;;;x
GDL_bourgeois_dictatorship;Jeanne D'arc Union of Sovereign States;;;;;;;;;;;;;x
GDL_fascist_dictatorship;Jeanne D'arc National Unity State;;;;;;;;;;;;;x
GDL_presidential_dictatorship;Jeanne D'arc Military Council;;;;;;;;;;;;;x
GDL_proletarian_dictatorship;Jeanne D'arc Socialist Republic;;;;;;;;;;;;;x
GEL_bourgeois_dictatorship;Geledi League of Port Cities;;;;;;;;;;;;;x
GEL_fascist_dictatorship;Geledi National State;;;;;;;;;;;;;x
GEL_presidential_dictatorship;Geledi Military Council;;;;;;;;;;;;;x
GEL_proletarian_dictatorship;Geledi People's Republic;;;;;;;;;;;;;x
GEN_bourgeois_dictatorship;Henrietta City Republic;;;;;;;;;;;;;x
GHN_bourgeois_dictatorship;Ghana League of Autonomous Cities;;;;;;;;;;;;;x
GHN_fascist_dictatorship;Ghana National Unity State;;;;;;;;;;;;;x
GHN_presidential_dictatorship;Ghana Military Council;;;;;;;;;;;;;x
GHN_proletarian_dictatorship;Ghana People's Republic;;;;;;;;;;;;;x
GIL_bourgeois_dictatorship;Tiamat Tribal Council State;;;;;;;;;;;;;x
GIL_fascist_dictatorship;Tiamat National Unity State;;;;;;;;;;;;;x
GIL_presidential_dictatorship;Tiamat Military Council;;;;;;;;;;;;;x
GIL_proletarian_dictatorship;Tiamat People's Republic;;;;;;;;;;;;;x
GIZ_bourgeois_dictatorship;Mina Union of Trading Houses;;;;;;;;;;;;;x
GIZ_fascist_dictatorship;Mina National Government;;;;;;;;;;;;;x
GIZ_presidential_dictatorship;Mina Military Government;;;;;;;;;;;;;x
GIZ_proletarian_dictatorship;Mina People's Republic;;;;;;;;;;;;;x
GLC_bourgeois_dictatorship;Natsumi Onitsuka Union of Cities;;;;;;;;;;;;;x
GLC_fascist_dictatorship;Natsumi Onitsuka National Union;;;;;;;;;;;;;x
GLC_presidential_dictatorship;Natsumi Onitsuka Military Council;;;;;;;;;;;;;x
GLC_proletarian_dictatorship;Natsumi Onitsuka Workers' Republic;;;;;;;;;;;;;x
GLM_bourgeois_dictatorship;Sovetskaya Rossiya Aristocratic Republic;;;;;;;;;;;;;x
GLM_fascist_dictatorship;Sovetskaya Rossiya National Union;;;;;;;;;;;;;x
GLM_presidential_dictatorship;Sovetskaya Rossiya Military Directorate;;;;;;;;;;;;;x
GLM_proletarian_dictatorship;Sovetskaya Rossiya People's Republic;;;;;;;;;;;;;x
GLN_bourgeois_dictatorship;Shining Merchant Council;;;;;;;;;;;;;x
GLN_fascist_dictatorship;Shining National State;;;;;;;;;;;;;x
GLN_presidential_dictatorship;Shining Military Government;;;;;;;;;;;;;x
GLN_proletarian_dictatorship;Shining People's Republic;;;;;;;;;;;;;x
GMB_bourgeois_dictatorship;The Gambia League of Autonomous Cities;;;;;;;;;;;;;x
GMB_fascist_dictatorship;The Gambia National Unity State;;;;;;;;;;;;;x
GMB_presidential_dictatorship;The Gambia Military Council;;;;;;;;;;;;;x
GMB_proletarian_dictatorship;The Gambia People's Republic;;;;;;;;;;;;;x
GMJ_bourgeois_dictatorship;Yuri Jahad Union of Trading Houses;;;;;;;;;;;;;x
GMJ_fascist_dictatorship;Yuri Jahad National Government;;;;;;;;;;;;;x
GMJ_presidential_dictatorship;Yuri Jahad Military Government;;;;;;;;;;;;;x
GMJ_proletarian_dictatorship;Yuri Jahad People's Republic;;;;;;;;;;;;;x
GNE_bourgeois_dictatorship;Guinea League of Merchant Cities;;;;;;;;;;;;;x
GNE_fascist_dictatorship;Guinea National Unity State;;;;;;;;;;;;;x
GNE_presidential_dictatorship;Guinea Military Council;;;;;;;;;;;;;x
GNE_proletarian_dictatorship;Guinea People's Republic;;;;;;;;;;;;;x
GNG_bourgeois_dictatorship;Hwa Ryun Union of Trading Houses;;;;;;;;;;;;;x
GNG_fascist_dictatorship;Hwa Ryun National Government;;;;;;;;;;;;;x
GNG_proletarian_dictatorship;Hwa Ryun People's Republic;;;;;;;;;;;;;x
GON_bourgeois_dictatorship;Gonder League of Regional Autonomies;;;;;;;;;;;;;x
GON_fascist_dictatorship;Gonder National Unity State;;;;;;;;;;;;;x
GON_presidential_dictatorship;Gonder Military Council;;;;;;;;;;;;;x
GON_proletarian_dictatorship;Gonder People's Republic;;;;;;;;;;;;;x
GPR_bourgeois_dictatorship;Le Malin Union of Sovereign States;;;;;;;;;;;;;x
GPR_fascist_dictatorship;Le Malin National Unity State;;;;;;;;;;;;;x
GPR_presidential_dictatorship;Le Malin Military Government;;;;;;;;;;;;;x
GPR_proletarian_dictatorship;Le Malin Socialist Federation;;;;;;;;;;;;;x
GRE_bourgeois_dictatorship;Angelina City Republic;;;;;;;;;;;;;x
GRE_fascist_dictatorship;Angelina National State;;;;;;;;;;;;;x
GRE_presidential_dictatorship;Angelina Military Council;;;;;;;;;;;;;x
GRE_proletarian_dictatorship;Angelina People's Republic;;;;;;;;;;;;;x
GRH_bourgeois_dictatorship;Degenbrecher Autonomous Merchant League;;;;;;;;;;;;;x
GRH_fascist_dictatorship;Degenbrecher National Union;;;;;;;;;;;;;x
GRH_presidential_dictatorship;Degenbrecher Military Government;;;;;;;;;;;;;x
GRH_proletarian_dictatorship;Degenbrecher People's Republic;;;;;;;;;;;;;x
GRN_bourgeois_dictatorship;Utaha League of Autonomous Cities;;;;;;;;;;;;;x
GRN_fascist_dictatorship;Utaha National State;;;;;;;;;;;;;x
GRN_presidential_dictatorship;Utaha State Council;;;;;;;;;;;;;x
GRN_proletarian_dictatorship;Utaha Socialist Republic;;;;;;;;;;;;;x
GUA_bourgeois_dictatorship;Uta Union of Sovereign States;;;;;;;;;;;;;x
GUA_fascist_dictatorship;Uta National Unity State;;;;;;;;;;;;;x
GUA_presidential_dictatorship;Uta Military Council;;;;;;;;;;;;;x
GUA_proletarian_dictatorship;Uta Socialist Republic;;;;;;;;;;;;;x
GUY_bourgeois_dictatorship;Guyana Union of Sovereign States;;;;;;;;;;;;;x
GUY_fascist_dictatorship;Guyana National Unity State;;;;;;;;;;;;;x
GUY_presidential_dictatorship;Guyana Military Council;;;;;;;;;;;;;x
GUY_proletarian_dictatorship;Guyana Socialist Republic;;;;;;;;;;;;;x
GWA_bourgeois_dictatorship;Pallas Autonomous Merchant League;;;;;;;;;;;;;x
GWA_fascist_dictatorship;Pallas National Union;;;;;;;;;;;;;x
GWA_presidential_dictatorship;Pallas Military Government;;;;;;;;;;;;;x
GWA_proletarian_dictatorship;Pallas People's Republic;;;;;;;;;;;;;x
GXI_bourgeois_dictatorship;Ganyu Union of Trading Houses;;;;;;;;;;;;;x
GXI_fascist_dictatorship;Ganyu National Government;;;;;;;;;;;;;x
GXI_proletarian_dictatorship;Ganyu People's Republic;;;;;;;;;;;;;x
HAI_bourgeois_dictatorship;Kukulkan Union of Sovereign States;;;;;;;;;;;;;x
HAI_fascist_dictatorship;Kukulkan National Unity State;;;;;;;;;;;;;x
HAI_proletarian_dictatorship;Kukulkan Socialist Republic;;;;;;;;;;;;;x
HAL_bourgeois_dictatorship;Grani Merchant Council;;;;;;;;;;;;;x
HAL_fascist_dictatorship;Grani National Unity State;;;;;;;;;;;;;x
HAL_presidential_dictatorship;Grani Military Council;;;;;;;;;;;;;x
HAL_proletarian_dictatorship;Grani Socialist Republic;;;;;;;;;;;;;x
HAM_bourgeois_dictatorship;Megu Free City;;;;;;;;;;;;;x
HAM_presidential_dictatorship;Megu Military Directorate;;;;;;;;;;;;;x
HAN_bourgeois_dictatorship;Kasumi Free City;;;;;;;;;;;;;x
HAN_presidential_dictatorship;Kasumi Military Directorate;;;;;;;;;;;;;x
HAR_bourgeois_dictatorship;Suzuran League of Port Cities;;;;;;;;;;;;;x
HAR_fascist_dictatorship;Suzuran National State;;;;;;;;;;;;;x
HAR_presidential_dictatorship;Suzuran Military Council;;;;;;;;;;;;;x
HAR_proletarian_dictatorship;Suzuran People's Republic;;;;;;;;;;;;;x
HAW_bourgeois_dictatorship;Kaban League of Autonomous Islands;;;;;;;;;;;;;x
HAW_fascist_dictatorship;Kaban National Unity State;;;;;;;;;;;;;x
HAW_presidential_dictatorship;Kaban Military Council;;;;;;;;;;;;;x
HAW_proletarian_dictatorship;Kaban Republic of Communities;;;;;;;;;;;;;x
HBY_bourgeois_dictatorship;Hobyo League of Port Cities;;;;;;;;;;;;;x
HBY_fascist_dictatorship;Hobyo National State;;;;;;;;;;;;;x
HBY_presidential_dictatorship;Hobyo Military Council;;;;;;;;;;;;;x
HBY_proletarian_dictatorship;Hobyo People's Republic;;;;;;;;;;;;;x
HDJ_bourgeois_dictatorship;Vigna Merchant Council;;;;;;;;;;;;;x
HDJ_fascist_dictatorship;Vigna National Unity State;;;;;;;;;;;;;x
HDJ_presidential_dictatorship;Vigna Military Council;;;;;;;;;;;;;x
HDJ_proletarian_dictatorship;Vigna Socialist Republic;;;;;;;;;;;;;x
HDU_bourgeois_dictatorship;Weedy Autonomous Merchant League;;;;;;;;;;;;;x
HDU_fascist_dictatorship;Weedy National Union;;;;;;;;;;;;;x
HDU_presidential_dictatorship;Weedy Military Government;;;;;;;;;;;;;x
HDU_proletarian_dictatorship;Weedy People's Republic;;;;;;;;;;;;;x
HEH_bourgeois_dictatorship;Ursula Free City;;;;;;;;;;;;;x
HEH_presidential_dictatorship;Ursula Military Directorate;;;;;;;;;;;;;x
HEK_bourgeois_dictatorship;Chinatsu Free City;;;;;;;;;;;;;x
HEK_presidential_dictatorship;Chinatsu Military Directorate;;;;;;;;;;;;;x
HES_bourgeois_dictatorship;Izumi Free City;;;;;;;;;;;;;x
HES_presidential_dictatorship;Izumi Military Directorate;;;;;;;;;;;;;x
HGL_bourgeois_dictatorship;Akari Free City;;;;;;;;;;;;;x
HGL_fascist_dictatorship;Akari National State;;;;;;;;;;;;;x
HGL_presidential_dictatorship;Akari Military Directorate;;;;;;;;;;;;;x
HGL_proletarian_dictatorship;Akari Council Republic;;;;;;;;;;;;;x
HND_bourgeois_dictatorship;Parvati Autonomous Merchant League;;;;;;;;;;;;;x
HND_presidential_dictatorship;Parvati Military Government;;;;;;;;;;;;;x
HND_proletarian_dictatorship;Parvati People's Republic;;;;;;;;;;;;;x
HNN_bourgeois_dictatorship;Hu Tao Union of Trading Houses;;;;;;;;;;;;;x
HNN_fascist_dictatorship;Hu Tao National Government;;;;;;;;;;;;;x
HNN_proletarian_dictatorship;Hu Tao People's Republic;;;;;;;;;;;;;x
HNS_bourgeois_dictatorship;Sena Free City;;;;;;;;;;;;;x
HNZ_bourgeois_dictatorship;Cleopatra Tribal Council State;;;;;;;;;;;;;x
HNZ_fascist_dictatorship;Cleopatra National Unity State;;;;;;;;;;;;;x
HNZ_presidential_dictatorship;Cleopatra Military Council;;;;;;;;;;;;;x
HNZ_proletarian_dictatorship;Cleopatra People's Republic;;;;;;;;;;;;;x
HOH_bourgeois_dictatorship;Juri Free City;;;;;;;;;;;;;x
HOH_presidential_dictatorship;Juri Military Directorate;;;;;;;;;;;;;x
HOL_bourgeois_dictatorship;Diona Free City;;;;;;;;;;;;;x
HOL_presidential_dictatorship;Diona Military Directorate;;;;;;;;;;;;;x
HON_bourgeois_dictatorship;Yamato Union of Sovereign States;;;;;;;;;;;;;x
HON_fascist_dictatorship;Yamato National Unity State;;;;;;;;;;;;;x
HON_presidential_dictatorship;Yamato Military Council;;;;;;;;;;;;;x
HON_proletarian_dictatorship;Yamato Socialist Republic;;;;;;;;;;;;;x
HQJ_bourgeois_dictatorship;Yoimiya Union of Trading Houses;;;;;;;;;;;;;x
HQJ_fascist_dictatorship;Yoimiya National Government;;;;;;;;;;;;;x
HQJ_presidential_dictatorship;Yoimiya Military Government;;;;;;;;;;;;;x
HQJ_proletarian_dictatorship;Yoimiya People's Republic;;;;;;;;;;;;;x
HRT_bourgeois_dictatorship;Lava Tribal Council State;;;;;;;;;;;;;x
HRT_fascist_dictatorship;Lava National Unity State;;;;;;;;;;;;;x
HRT_presidential_dictatorship;Lava Military Council;;;;;;;;;;;;;x
HRT_proletarian_dictatorship;Lava People's Republic;;;;;;;;;;;;;x
HTY_bourgeois_dictatorship;Croissant Merchant Republic;;;;;;;;;;;;;x
HTY_fascist_dictatorship;Croissant National Unity State;;;;;;;;;;;;;x
HTY_presidential_dictatorship;Croissant Military Council;;;;;;;;;;;;;x
HTY_proletarian_dictatorship;Croissant People's Republic;;;;;;;;;;;;;x
HUI_bourgeois_dictatorship;Keqing Union of Trading Houses;;;;;;;;;;;;;x
HUI_fascist_dictatorship;Keqing National Government;;;;;;;;;;;;;x
HUI_proletarian_dictatorship;Keqing People's Republic;;;;;;;;;;;;;x
HUN_bourgeois_dictatorship;Haruna Aristocratic Republic;;;;;;;;;;;;;x
HUN_fascist_dictatorship;Haruna National Unity State;;;;;;;;;;;;;x
HUN_presidential_dictatorship;Haruna Regency Government;;;;;;;;;;;;;x
HUN_proletarian_dictatorship;Haruna Council Republic;;;;;;;;;;;;;x
HYD_bourgeois_dictatorship;Robin Merchant Council;;;;;;;;;;;;;x
HYD_fascist_dictatorship;Robin National Unity State;;;;;;;;;;;;;x
HYD_presidential_dictatorship;Robin Military Government;;;;;;;;;;;;;x
HYD_proletarian_dictatorship;Robin People's Republic;;;;;;;;;;;;;x
ICL_bourgeois_dictatorship;Pramanix League of Autonomous Cities;;;;;;;;;;;;;x
ICL_fascist_dictatorship;Pramanix National State;;;;;;;;;;;;;x
ICL_presidential_dictatorship;Pramanix State Council;;;;;;;;;;;;;x
ICL_proletarian_dictatorship;Pramanix Socialist Republic;;;;;;;;;;;;;x
IDO_bourgeois_dictatorship;Sayu Merchant Union;;;;;;;;;;;;;x
IMG_bourgeois_dictatorship;Shenhe Nomadic Confederation;;;;;;;;;;;;;x
IMG_fascist_dictatorship;Shenhe National Unity State;;;;;;;;;;;;;x
IMG_presidential_dictatorship;Shenhe Military Council;;;;;;;;;;;;;x
IMG_proletarian_dictatorship;Shenhe People's Republic;;;;;;;;;;;;;x
IND_bourgeois_dictatorship;Nightingale Autonomous Merchant League;;;;;;;;;;;;;x
IND_fascist_dictatorship;Nightingale National Union;;;;;;;;;;;;;x
IND_presidential_dictatorship;Nightingale Military Government;;;;;;;;;;;;;x
IND_proletarian_dictatorship;Nightingale People's Republic;;;;;;;;;;;;;x
INO_bourgeois_dictatorship;An Shan League of Port Cities;;;;;;;;;;;;;x
INO_fascist_dictatorship;An Shan National State;;;;;;;;;;;;;x
INO_presidential_dictatorship;An Shan Military Government;;;;;;;;;;;;;x
INO_proletarian_dictatorship;An Shan People's Republic;;;;;;;;;;;;;x
ION_bourgeois_dictatorship;Mostima City Republic;;;;;;;;;;;;;x
ION_fascist_dictatorship;Mostima National State;;;;;;;;;;;;;x
ION_presidential_dictatorship;Mostima Military Council;;;;;;;;;;;;;x
ION_proletarian_dictatorship;Mostima People's Republic;;;;;;;;;;;;;x
IOT_bourgeois_dictatorship;Closure Merchant Federation;;;;;;;;;;;;;x
IOT_fascist_dictatorship;Closure National Union;;;;;;;;;;;;;x
IOT_presidential_dictatorship;Closure Lord Protectorate;;;;;;;;;;;;;x
IOT_proletarian_dictatorship;Closure Workers' Republic;;;;;;;;;;;;;x
IRE_bourgeois_dictatorship;Kazusa Merchant Federation;;;;;;;;;;;;;x
IRE_presidential_dictatorship;Kazusa Lord Protectorate;;;;;;;;;;;;;x
IRE_proletarian_dictatorship;Kazusa Workers' Republic;;;;;;;;;;;;;x
IRQ_bourgeois_dictatorship;Shaw Merchant Council;;;;;;;;;;;;;x
IRQ_fascist_dictatorship;Shaw National Unity State;;;;;;;;;;;;;x
IRQ_presidential_dictatorship;Shaw Military Council;;;;;;;;;;;;;x
IRQ_proletarian_dictatorship;Shaw Socialist Republic;;;;;;;;;;;;;x
ISR_bourgeois_dictatorship;David Merchant Republic;;;;;;;;;;;;;x
ISR_fascist_dictatorship;David National State;;;;;;;;;;;;;x
ISR_presidential_dictatorship;David Military Government;;;;;;;;;;;;;x
ISR_proletarian_dictatorship;David Socialist Republic;;;;;;;;;;;;;x
IVC_bourgeois_dictatorship;Ivory Coast League of Autonomous Cities;;;;;;;;;;;;;x
IVC_fascist_dictatorship;Ivory Coast National Unity State;;;;;;;;;;;;;x
IVC_presidential_dictatorship;Ivory Coast Military Council;;;;;;;;;;;;;x
IVC_proletarian_dictatorship;Ivory Coast People's Republic;;;;;;;;;;;;;x
IZH_bourgeois_dictatorship;Avrora League of Autonomous Cities;;;;;;;;;;;;;x
IZH_fascist_dictatorship;Avrora National State;;;;;;;;;;;;;x
IZH_presidential_dictatorship;Avrora State Council;;;;;;;;;;;;;x
IZH_proletarian_dictatorship;Avrora Socialist Republic;;;;;;;;;;;;;x
JAI_bourgeois_dictatorship;Glaucus Autonomous Merchant League;;;;;;;;;;;;;x
JAI_fascist_dictatorship;Glaucus National Union;;;;;;;;;;;;;x
JAI_presidential_dictatorship;Glaucus Military Government;;;;;;;;;;;;;x
JAI_proletarian_dictatorship;Glaucus People's Republic;;;;;;;;;;;;;x
JAL_bourgeois_dictatorship;Futa Jallon League of Merchant Cities;;;;;;;;;;;;;x
JAL_fascist_dictatorship;Futa Jallon National Unity State;;;;;;;;;;;;;x
JAL_presidential_dictatorship;Futa Jallon Military Council;;;;;;;;;;;;;x
JAL_proletarian_dictatorship;Futa Jallon People's Republic;;;;;;;;;;;;;x
JAM_bourgeois_dictatorship;Jaguarman Union of Sovereign States;;;;;;;;;;;;;x
JAM_fascist_dictatorship;Jaguarman National Unity State;;;;;;;;;;;;;x
JAM_presidential_dictatorship;Jaguarman Military Council;;;;;;;;;;;;;x
JAM_proletarian_dictatorship;Jaguarman Socialist Republic;;;;;;;;;;;;;x
JAN_bourgeois_dictatorship;Cliffheart League of Free Cities;;;;;;;;;;;;;x
JAN_presidential_dictatorship;Cliffheart Military Council;;;;;;;;;;;;;x
JAN_proletarian_dictatorship;Cliffheart Council Republic;;;;;;;;;;;;;x
JAS_bourgeois_dictatorship;Hibiscus Autonomous Merchant League;;;;;;;;;;;;;x
JAS_fascist_dictatorship;Hibiscus National Union;;;;;;;;;;;;;x
JAS_presidential_dictatorship;Hibiscus Military Government;;;;;;;;;;;;;x
JAS_proletarian_dictatorship;Hibiscus People's Republic;;;;;;;;;;;;;x
JAV_bourgeois_dictatorship;Tai Yuan League of Port Cities;;;;;;;;;;;;;x
JAV_fascist_dictatorship;Tai Yuan National State;;;;;;;;;;;;;x
JAV_presidential_dictatorship;Tai Yuan Military Government;;;;;;;;;;;;;x
JAV_proletarian_dictatorship;Tai Yuan People's Republic;;;;;;;;;;;;;x
JEY_bourgeois_dictatorship;Perfumer Autonomous Merchant League;;;;;;;;;;;;;x
JEY_fascist_dictatorship;Perfumer National Union;;;;;;;;;;;;;x
JEY_presidential_dictatorship;Perfumer Military Government;;;;;;;;;;;;;x
JEY_proletarian_dictatorship;Perfumer People's Republic;;;;;;;;;;;;;x
JLS_bourgeois_dictatorship;Hare Union of Sovereign States;;;;;;;;;;;;;x
JLS_fascist_dictatorship;Hare National Unity State;;;;;;;;;;;;;x
JLS_presidential_dictatorship;Hare Military Council;;;;;;;;;;;;;x
JLS_proletarian_dictatorship;Hare Socialist Republic;;;;;;;;;;;;;x
JOD_bourgeois_dictatorship;Beanstalk Autonomous Merchant League;;;;;;;;;;;;;x
JOD_fascist_dictatorship;Beanstalk National Union;;;;;;;;;;;;;x
JOD_presidential_dictatorship;Beanstalk Military Government;;;;;;;;;;;;;x
JOD_proletarian_dictatorship;Beanstalk People's Republic;;;;;;;;;;;;;x
JOH_bourgeois_dictatorship;Shu League of Port Cities;;;;;;;;;;;;;x
JOH_fascist_dictatorship;Shu National State;;;;;;;;;;;;;x
JOH_presidential_dictatorship;Shu Military Government;;;;;;;;;;;;;x
JOH_proletarian_dictatorship;Shu People's Republic;;;;;;;;;;;;;x
JOR_bourgeois_dictatorship;Podenco Merchant Council;;;;;;;;;;;;;x
JOR_fascist_dictatorship;Podenco National Unity State;;;;;;;;;;;;;x
JOR_presidential_dictatorship;Podenco Military Council;;;;;;;;;;;;;x
JOR_proletarian_dictatorship;Podenco Socialist Republic;;;;;;;;;;;;;x
JUN_bourgeois_dictatorship;Popukar Merchant Council;;;;;;;;;;;;;x
JUN_fascist_dictatorship;Popukar National Unity State;;;;;;;;;;;;;x
JUN_presidential_dictatorship;Popukar Military Government;;;;;;;;;;;;;x
JUN_proletarian_dictatorship;Popukar People's Republic;;;;;;;;;;;;;x
KAF_bourgeois_dictatorship;Kaffa League of Regional Autonomies;;;;;;;;;;;;;x
KAF_fascist_dictatorship;Kaffa National Unity State;;;;;;;;;;;;;x
KAF_presidential_dictatorship;Kaffa Military Council;;;;;;;;;;;;;x
KAF_proletarian_dictatorship;Kaffa People's Republic;;;;;;;;;;;;;x
KAG_bourgeois_dictatorship;Michiru Union of Autonomous Cities;;;;;;;;;;;;;x
KAG_fascist_dictatorship;Michiru National Government;;;;;;;;;;;;;x
KAG_presidential_dictatorship;Michiru Military Administration;;;;;;;;;;;;;x
KAG_proletarian_dictatorship;Michiru People's Republic;;;;;;;;;;;;;x
KAL_bourgeois_dictatorship;Ines Tribal Council State;;;;;;;;;;;;;x
KAL_fascist_dictatorship;Ines National Unity State;;;;;;;;;;;;;x
KAL_presidential_dictatorship;Ines Military Council;;;;;;;;;;;;;x
KAL_proletarian_dictatorship;Ines People's Republic;;;;;;;;;;;;;x
KAM_fascist_dictatorship;Nodoka National Unity State;;;;;;;;;;;;;x
KAR_bourgeois_dictatorship;Chiori Merchant Union;;;;;;;;;;;;;x
KAR_fascist_dictatorship;Chiori National State;;;;;;;;;;;;;x
KAR_presidential_dictatorship;Chiori Military Council;;;;;;;;;;;;;x
KAR_proletarian_dictatorship;Chiori People's Republic;;;;;;;;;;;;;x
KAS_bourgeois_dictatorship;Vermeil Autonomous Merchant League;;;;;;;;;;;;;x
KAS_fascist_dictatorship;Vermeil National Union;;;;;;;;;;;;;x
KAS_presidential_dictatorship;Vermeil Military Government;;;;;;;;;;;;;x
KAS_proletarian_dictatorship;Vermeil People's Republic;;;;;;;;;;;;;x
KAZ_bourgeois_dictatorship;Liskarm League of Merchant Cities;;;;;;;;;;;;;x
KAZ_fascist_dictatorship;Liskarm National Unity State;;;;;;;;;;;;;x
KAZ_presidential_dictatorship;Liskarm Military Council;;;;;;;;;;;;;x
KAZ_proletarian_dictatorship;Liskarm People's Republic;;;;;;;;;;;;;x
KBO_bourgeois_dictatorship;Kanem-Bornu League of Merchant Cities;;;;;;;;;;;;;x
KBO_fascist_dictatorship;Kanem-Bornu National Unity State;;;;;;;;;;;;;x
KBO_presidential_dictatorship;Kanem-Bornu Military Council;;;;;;;;;;;;;x
KBO_proletarian_dictatorship;Kanem-Bornu People's Republic;;;;;;;;;;;;;x
KCH_bourgeois_dictatorship;Kirara Merchant Union;;;;;;;;;;;;;x
KCH_fascist_dictatorship;Kirara National State;;;;;;;;;;;;;x
KCH_presidential_dictatorship;Kirara Military Council;;;;;;;;;;;;;x
KCH_proletarian_dictatorship;Kirara People's Republic;;;;;;;;;;;;;x
KDS_bourgeois_dictatorship;Plume Tribal Council State;;;;;;;;;;;;;x
KDS_fascist_dictatorship;Plume National Unity State;;;;;;;;;;;;;x
KDS_presidential_dictatorship;Plume Military Council;;;;;;;;;;;;;x
KDS_proletarian_dictatorship;Plume People's Republic;;;;;;;;;;;;;x
KGW_bourgeois_dictatorship;Karagwe League of Autonomous Cities;;;;;;;;;;;;;x
KGW_fascist_dictatorship;Karagwe National Unity State;;;;;;;;;;;;;x
KGW_presidential_dictatorship;Karagwe Military Council;;;;;;;;;;;;;x
KGW_proletarian_dictatorship;Karagwe People's Republic;;;;;;;;;;;;;x
KHA_bourgeois_dictatorship;Harmonie Autonomous Tribal Confederation;;;;;;;;;;;;;x
KHA_fascist_dictatorship;Harmonie National Unity State;;;;;;;;;;;;;x
KHA_presidential_dictatorship;Harmonie Warriors' Council;;;;;;;;;;;;;x
KHA_proletarian_dictatorship;Harmonie Federation of Communities;;;;;;;;;;;;;x
KHP_bourgeois_dictatorship;Provence Merchant Council;;;;;;;;;;;;;x
KHP_fascist_dictatorship;Provence National Unity State;;;;;;;;;;;;;x
KHP_presidential_dictatorship;Provence Military Government;;;;;;;;;;;;;x
KHP_proletarian_dictatorship;Provence People's Republic;;;;;;;;;;;;;x
KLM_bourgeois_dictatorship;Ch'en League of Port Cities;;;;;;;;;;;;;x
KLM_fascist_dictatorship;Ch'en National State;;;;;;;;;;;;;x
KLM_presidential_dictatorship;Ch'en Military Government;;;;;;;;;;;;;x
KLM_proletarian_dictatorship;Ch'en People's Republic;;;;;;;;;;;;;x
KMK_bourgeois_dictatorship;Candace Nomadic Confederation;;;;;;;;;;;;;x
KMK_presidential_dictatorship;Candace Military Council;;;;;;;;;;;;;x
KML_fascist_dictatorship;Tomoe National Unity State;;;;;;;;;;;;;x
KML_presidential_dictatorship;Tomoe Military Council;;;;;;;;;;;;;x
KMT_bourgeois_dictatorship;Qiqi Union of Trading Houses;;;;;;;;;;;;;x
KNG_bourgeois_dictatorship;Kong League of Merchant Cities;;;;;;;;;;;;;x
KNG_fascist_dictatorship;Kong National Unity State;;;;;;;;;;;;;x
KNG_presidential_dictatorship;Kong Military Council;;;;;;;;;;;;;x
KNG_proletarian_dictatorship;Kong People's Republic;;;;;;;;;;;;;x
KNP_bourgeois_dictatorship;Noelle Free City;;;;;;;;;;;;;x
KNP_fascist_dictatorship;Noelle National State;;;;;;;;;;;;;x
KNP_presidential_dictatorship;Noelle Military Directorate;;;;;;;;;;;;;x
KNP_proletarian_dictatorship;Noelle Council Republic;;;;;;;;;;;;;x
KNY_bourgeois_dictatorship;Kenya League of Autonomous Cities;;;;;;;;;;;;;x
KNY_fascist_dictatorship;Kenya National Unity State;;;;;;;;;;;;;x
KNY_presidential_dictatorship;Kenya Military Council;;;;;;;;;;;;;x
KNY_proletarian_dictatorship;Kenya People's Republic;;;;;;;;;;;;;x
KOH_bourgeois_dictatorship;Beeswax Tribal Council State;;;;;;;;;;;;;x
KOH_fascist_dictatorship;Beeswax National Unity State;;;;;;;;;;;;;x
KOH_presidential_dictatorship;Beeswax Military Council;;;;;;;;;;;;;x
KOH_proletarian_dictatorship;Beeswax People's Republic;;;;;;;;;;;;;x
KON_bourgeois_dictatorship;Mbanza Kongo League of Autonomous Cities;;;;;;;;;;;;;x
KON_fascist_dictatorship;Mbanza Kongo National Unity State;;;;;;;;;;;;;x
KON_presidential_dictatorship;Mbanza Kongo Military Council;;;;;;;;;;;;;x
KON_proletarian_dictatorship;Mbanza Kongo People's Republic;;;;;;;;;;;;;x
KOR_bourgeois_dictatorship;Mathemagicians' Academy Board;;;;;;;;;;;;;x
KOR_fascist_dictatorship;Mathemagicians' National Instruction Authority;;;;;;;;;;;;;x
KOR_presidential_dictatorship;Mathemagicians' Academic Guardian Directorate;;;;;;;;;;;;;x
KRA_bourgeois_dictatorship;Zuikaku Aristocratic Republic;;;;;;;;;;;;;x
KRA_fascist_dictatorship;Zuikaku National Union;;;;;;;;;;;;;x
KRA_presidential_dictatorship;Zuikaku Military Directorate;;;;;;;;;;;;;x
KRA_proletarian_dictatorship;Zuikaku People's Republic;;;;;;;;;;;;;x
KRL_bourgeois_dictatorship;Zima League of Autonomous Cities;;;;;;;;;;;;;x
KRL_fascist_dictatorship;Zima National State;;;;;;;;;;;;;x
KRL_presidential_dictatorship;Zima State Council;;;;;;;;;;;;;x
KRL_proletarian_dictatorship;Zima Socialist Republic;;;;;;;;;;;;;x
KRN_presidential_dictatorship;Melantha Military Government;;;;;;;;;;;;;x
KRO_presidential_dictatorship;Long Island Military Directorate;;;;;;;;;;;;;x
KTH_bourgeois_dictatorship;Mousse Merchant Council;;;;;;;;;;;;;x
KTH_fascist_dictatorship;Mousse National Unity State;;;;;;;;;;;;;x
KTH_presidential_dictatorship;Mousse Military Council;;;;;;;;;;;;;x
KTH_proletarian_dictatorship;Mousse Socialist Republic;;;;;;;;;;;;;x
KTI_bourgeois_dictatorship;Dusk League of Port Cities;;;;;;;;;;;;;x
KTI_fascist_dictatorship;Dusk National State;;;;;;;;;;;;;x
KTI_presidential_dictatorship;Dusk Military Government;;;;;;;;;;;;;x
KTI_proletarian_dictatorship;Dusk People's Republic;;;;;;;;;;;;;x
KUB_bourgeois_dictatorship;Kuba League of Autonomous Cities;;;;;;;;;;;;;x
KUB_fascist_dictatorship;Kuba National Unity State;;;;;;;;;;;;;x
KUB_presidential_dictatorship;Kuba Military Council;;;;;;;;;;;;;x
KUB_proletarian_dictatorship;Kuba People's Republic;;;;;;;;;;;;;x
KUN_bourgeois_dictatorship;Entelechia Tribal Council State;;;;;;;;;;;;;x
KUN_fascist_dictatorship;Entelechia National Unity State;;;;;;;;;;;;;x
KUN_presidential_dictatorship;Entelechia Military Council;;;;;;;;;;;;;x
KUN_proletarian_dictatorship;Entelechia People's Republic;;;;;;;;;;;;;x
KUT_bourgeois_dictatorship;Ceylon Merchant Council;;;;;;;;;;;;;x
KUT_fascist_dictatorship;Ceylon National Unity State;;;;;;;;;;;;;x
KUT_presidential_dictatorship;Ceylon Military Government;;;;;;;;;;;;;x
KUT_proletarian_dictatorship;Ceylon People's Republic;;;;;;;;;;;;;x
KWT_bourgeois_dictatorship;Sideroca Merchant Council;;;;;;;;;;;;;x
KWT_fascist_dictatorship;Sideroca National Unity State;;;;;;;;;;;;;x
KWT_presidential_dictatorship;Sideroca Military Council;;;;;;;;;;;;;x
KWT_proletarian_dictatorship;Sideroca Socialist Republic;;;;;;;;;;;;;x
KYR_bourgeois_dictatorship;Pepe League of Merchant Cities;;;;;;;;;;;;;x
KYR_fascist_dictatorship;Pepe National Unity State;;;;;;;;;;;;;x
KYR_presidential_dictatorship;Pepe Military Council;;;;;;;;;;;;;x
KYR_proletarian_dictatorship;Pepe People's Republic;;;;;;;;;;;;;x
KZB_bourgeois_dictatorship;Kazembe League of Autonomous Cities;;;;;;;;;;;;;x
KZB_fascist_dictatorship;Kazembe National Unity State;;;;;;;;;;;;;x
KZB_presidential_dictatorship;Kazembe Military Council;;;;;;;;;;;;;x
KZB_proletarian_dictatorship;Kazembe People's Republic;;;;;;;;;;;;;x
LAD_bourgeois_dictatorship;Firewatch League of Local Autonomies;;;;;;;;;;;;;x
LAD_fascist_dictatorship;Firewatch National Unity State;;;;;;;;;;;;;x
LAD_presidential_dictatorship;Firewatch Military Council;;;;;;;;;;;;;x
LAD_proletarian_dictatorship;Firewatch People's Republic;;;;;;;;;;;;;x
LAN_bourgeois_dictatorship;Nian Union of Trading Houses;;;;;;;;;;;;;x
LAN_fascist_dictatorship;Nian National Government;;;;;;;;;;;;;x
LAN_presidential_dictatorship;Nian Military Government;;;;;;;;;;;;;x
LAN_proletarian_dictatorship;Nian People's Republic;;;;;;;;;;;;;x
LAS_bourgeois_dictatorship;Kjera Tribal Council State;;;;;;;;;;;;;x
LAS_fascist_dictatorship;Kjera National Unity State;;;;;;;;;;;;;x
LAS_presidential_dictatorship;Kjera Military Council;;;;;;;;;;;;;x
LAS_proletarian_dictatorship;Kjera People's Republic;;;;;;;;;;;;;x
LAT_bourgeois_dictatorship;Baltimore League of Autonomous Cities;;;;;;;;;;;;;x
LAT_fascist_dictatorship;Baltimore National State;;;;;;;;;;;;;x
LAT_presidential_dictatorship;Baltimore Military Regency;;;;;;;;;;;;;x
LAT_proletarian_dictatorship;Baltimore People's Republic;;;;;;;;;;;;;x
LAU_bourgeois_dictatorship;Sucrose Free City;;;;;;;;;;;;;x
LAU_presidential_dictatorship;Sucrose Military Directorate;;;;;;;;;;;;;x
LBA_bourgeois_dictatorship;Luba League of Autonomous Cities;;;;;;;;;;;;;x
LBA_fascist_dictatorship;Luba National Unity State;;;;;;;;;;;;;x
LBA_presidential_dictatorship;Luba Military Council;;;;;;;;;;;;;x
LBA_proletarian_dictatorship;Luba People's Republic;;;;;;;;;;;;;x
LBG_bourgeois_dictatorship;Fischl Free City;;;;;;;;;;;;;x
LBG_presidential_dictatorship;Fischl Military Directorate;;;;;;;;;;;;;x
LBN_bourgeois_dictatorship;Fang Merchant Council;;;;;;;;;;;;;x
LBN_fascist_dictatorship;Fang National Unity State;;;;;;;;;;;;;x
LBN_presidential_dictatorship;Fang Military Council;;;;;;;;;;;;;x
LBN_proletarian_dictatorship;Fang Socialist Republic;;;;;;;;;;;;;x
LBY_bourgeois_dictatorship;Ayane Merchant Council;;;;;;;;;;;;;x
LBY_fascist_dictatorship;Ayane National Unity State;;;;;;;;;;;;;x
LBY_presidential_dictatorship;Ayane Military Council;;;;;;;;;;;;;x
LBY_proletarian_dictatorship;Ayane Socialist Republic;;;;;;;;;;;;;x
LEG_bourgeois_dictatorship;Paimon Merchant Federation;;;;;;;;;;;;;x
LEG_fascist_dictatorship;Paimon National Union;;;;;;;;;;;;;x
LEG_proletarian_dictatorship;Paimon Workers' Republic;;;;;;;;;;;;;x
LHJ_bourgeois_dictatorship;Pozyomka Merchant Council;;;;;;;;;;;;;x
LHJ_fascist_dictatorship;Pozyomka National Unity State;;;;;;;;;;;;;x
LHJ_presidential_dictatorship;Pozyomka Military Council;;;;;;;;;;;;;x
LHJ_proletarian_dictatorship;Pozyomka Socialist Republic;;;;;;;;;;;;;x
LIB_bourgeois_dictatorship;Liberia Union of Sovereign States;;;;;;;;;;;;;x
LIB_fascist_dictatorship;Liberia National Unity State;;;;;;;;;;;;;x
LIB_presidential_dictatorship;Liberia Military Council;;;;;;;;;;;;;x
LIB_proletarian_dictatorship;Liberia Socialist Republic;;;;;;;;;;;;;x
LIE_bourgeois_dictatorship;Rosaria Free City;;;;;;;;;;;;;x
LIE_presidential_dictatorship;Rosaria Military Directorate;;;;;;;;;;;;;x
LIP_bourgeois_dictatorship;Lisa Free City;;;;;;;;;;;;;x
LIP_presidential_dictatorship;Lisa Military Directorate;;;;;;;;;;;;;x
LIT_bourgeois_dictatorship;Lauma City League;;;;;;;;;;;;;x
LIT_fascist_dictatorship;Lauma National Unity State;;;;;;;;;;;;;x
LIT_presidential_dictatorship;Lauma Military Consulate;;;;;;;;;;;;;x
LIT_proletarian_dictatorship;Lauma People's Republic;;;;;;;;;;;;;x
LIV_bourgeois_dictatorship;Helena Free City;;;;;;;;;;;;;x
LIV_fascist_dictatorship;Helena National State;;;;;;;;;;;;;x
LIV_presidential_dictatorship;Helena Military Directorate;;;;;;;;;;;;;x
LIV_proletarian_dictatorship;Helena Council Republic;;;;;;;;;;;;;x
LOA_bourgeois_dictatorship;Loango League of Autonomous Cities;;;;;;;;;;;;;x
LOA_fascist_dictatorship;Loango National Unity State;;;;;;;;;;;;;x
LOA_presidential_dictatorship;Loango Military Council;;;;;;;;;;;;;x
LOA_proletarian_dictatorship;Loango People's Republic;;;;;;;;;;;;;x
LOM_bourgeois_dictatorship;Rico City Republic;;;;;;;;;;;;;x
LOM_fascist_dictatorship;Rico National Unity State;;;;;;;;;;;;;x
LOM_proletarian_dictatorship;Rico Socialist Republic;;;;;;;;;;;;;x
LOR_bourgeois_dictatorship;Furina Directorate;;;;;;;;;;;;;x
LOR_presidential_dictatorship;Furina Consular Government;;;;;;;;;;;;;x
LOR_proletarian_dictatorship;Furina Commune;;;;;;;;;;;;;x
LOS_bourgeois_dictatorship;Eda Union of Sovereign States;;;;;;;;;;;;;x
LOS_fascist_dictatorship;Eda National Unity State;;;;;;;;;;;;;x
LOS_presidential_dictatorship;Eda Military Council;;;;;;;;;;;;;x
LOS_proletarian_dictatorship;Eda Socialist Republic;;;;;;;;;;;;;x
LPL_bourgeois_dictatorship;United Provinces Union of Sovereign States;;;;;;;;;;;;;x
LPL_fascist_dictatorship;United Provinces National Unity State;;;;;;;;;;;;;x
LPL_presidential_dictatorship;United Provinces Military Council;;;;;;;;;;;;;x
LPL_proletarian_dictatorship;United Provinces Socialist Republic;;;;;;;;;;;;;x
LSK_bourgeois_dictatorship;Karin Merchant Federation;;;;;;;;;;;;;x
LSK_fascist_dictatorship;Karin National Union;;;;;;;;;;;;;x
LSK_presidential_dictatorship;Karin Lord Protectorate;;;;;;;;;;;;;x
LSK_proletarian_dictatorship;Karin Workers' Republic;;;;;;;;;;;;;x
LUA_bourgeois_dictatorship;Ceobe Merchant Union;;;;;;;;;;;;;x
LUA_fascist_dictatorship;Ceobe National State;;;;;;;;;;;;;x
LUA_presidential_dictatorship;Ceobe Military Council;;;;;;;;;;;;;x
LUA_proletarian_dictatorship;Ceobe People's Republic;;;;;;;;;;;;;x
LUB_bourgeois_dictatorship;Viviana Free City;;;;;;;;;;;;;x
LUB_presidential_dictatorship;Viviana Military Directorate;;;;;;;;;;;;;x
LUC_bourgeois_dictatorship;Exusiai City Republic;;;;;;;;;;;;;x
LUC_fascist_dictatorship;Exusiai National Unity State;;;;;;;;;;;;;x
LUC_presidential_dictatorship;Exusiai Consular Government;;;;;;;;;;;;;x
LUC_proletarian_dictatorship;Exusiai Socialist Republic;;;;;;;;;;;;;x
LUN_bourgeois_dictatorship;Lunda League of Autonomous Cities;;;;;;;;;;;;;x
LUN_fascist_dictatorship;Lunda National Unity State;;;;;;;;;;;;;x
LUN_presidential_dictatorship;Lunda Military Council;;;;;;;;;;;;;x
LUN_proletarian_dictatorship;Lunda People's Republic;;;;;;;;;;;;;x
LUW_bourgeois_dictatorship;Blue Poison League of Port Cities;;;;;;;;;;;;;x
LUW_fascist_dictatorship;Blue Poison National State;;;;;;;;;;;;;x
LUW_presidential_dictatorship;Blue Poison Military Government;;;;;;;;;;;;;x
LUW_proletarian_dictatorship;Blue Poison People's Republic;;;;;;;;;;;;;x
LUX_bourgeois_dictatorship;Barbara Free City;;;;;;;;;;;;;x
LUX_presidential_dictatorship;Barbara Military Directorate;;;;;;;;;;;;;x
LUZ_bourgeois_dictatorship;Z23 Aristocratic Republic;;;;;;;;;;;;;x
LUZ_fascist_dictatorship;Z23 National Union;;;;;;;;;;;;;x
LUZ_presidential_dictatorship;Z23 Military Directorate;;;;;;;;;;;;;x
LUZ_proletarian_dictatorship;Z23 People's Republic;;;;;;;;;;;;;x
LVN_bourgeois_dictatorship;Lemuen City Republic;;;;;;;;;;;;;x
LVN_fascist_dictatorship;Lemuen National Unity State;;;;;;;;;;;;;x
LVN_presidential_dictatorship;Lemuen Consular Government;;;;;;;;;;;;;x
LVN_proletarian_dictatorship;Lemuen Socialist Republic;;;;;;;;;;;;;x
LXA_bourgeois_dictatorship;Mudrock Merchant Union;;;;;;;;;;;;;x
LXA_fascist_dictatorship;Mudrock National State;;;;;;;;;;;;;x
LXA_presidential_dictatorship;Mudrock Military Council;;;;;;;;;;;;;x
MAD_bourgeois_dictatorship;Madagascar League of Autonomous Cities;;;;;;;;;;;;;x
MAD_fascist_dictatorship;Madagascar National Unity State;;;;;;;;;;;;;x
MAD_presidential_dictatorship;Madagascar Military Council;;;;;;;;;;;;;x
MAD_proletarian_dictatorship;Madagascar People's Republic;;;;;;;;;;;;;x
MAF_bourgeois_dictatorship;Mittelafrika Free City;;;;;;;;;;;;;x
MAF_fascist_dictatorship;Mittelafrika National State;;;;;;;;;;;;;x
MAF_presidential_dictatorship;Mittelafrika Military Directorate;;;;;;;;;;;;;x
MAF_proletarian_dictatorship;Mittelafrika Council Republic;;;;;;;;;;;;;x
MAH_bourgeois_dictatorship;Roberta Autonomous Merchant League;;;;;;;;;;;;;x
MAH_fascist_dictatorship;Roberta National Union;;;;;;;;;;;;;x
MAH_presidential_dictatorship;Roberta Military Government;;;;;;;;;;;;;x
MAH_proletarian_dictatorship;Roberta People's Republic;;;;;;;;;;;;;x
MAJ_bourgeois_dictatorship;Majeerteen League of Port Cities;;;;;;;;;;;;;x
MAJ_fascist_dictatorship;Majeerteen National State;;;;;;;;;;;;;x
MAJ_presidential_dictatorship;Majeerteen Military Council;;;;;;;;;;;;;x
MAJ_proletarian_dictatorship;Majeerteen People's Republic;;;;;;;;;;;;;x
MAK_bourgeois_dictatorship;Indigo Tribal Council State;;;;;;;;;;;;;x
MAK_fascist_dictatorship;Indigo National Unity State;;;;;;;;;;;;;x
MAK_presidential_dictatorship;Indigo Military Council;;;;;;;;;;;;;x
MAK_proletarian_dictatorship;Indigo People's Republic;;;;;;;;;;;;;x
MAL_bourgeois_dictatorship;Ling League of Port Cities;;;;;;;;;;;;;x
MAL_fascist_dictatorship;Ling National State;;;;;;;;;;;;;x
MAL_presidential_dictatorship;Ling Military Government;;;;;;;;;;;;;x
MAL_proletarian_dictatorship;Ling People's Republic;;;;;;;;;;;;;x
MAR_bourgeois_dictatorship;Maranhao Union of Sovereign States;;;;;;;;;;;;;x
MAR_fascist_dictatorship;Maranhao National Unity State;;;;;;;;;;;;;x
MAR_presidential_dictatorship;Maranhao Military Government;;;;;;;;;;;;;x
MAR_proletarian_dictatorship;Maranhao Socialist Federation;;;;;;;;;;;;;x
MAS_bourgeois_dictatorship;Massina League of Merchant Cities;;;;;;;;;;;;;x
MAS_fascist_dictatorship;Massina National Unity State;;;;;;;;;;;;;x
MAS_presidential_dictatorship;Massina Military Council;;;;;;;;;;;;;x
MAS_proletarian_dictatorship;Massina People's Republic;;;;;;;;;;;;;x
MAT_bourgeois_dictatorship;Matabele League of Autonomous Cities;;;;;;;;;;;;;x
MAT_fascist_dictatorship;Matabele National Unity State;;;;;;;;;;;;;x
MAT_presidential_dictatorship;Matabele Military Council;;;;;;;;;;;;;x
MAT_proletarian_dictatorship;Matabele People's Republic;;;;;;;;;;;;;x
MAU_bourgeois_dictatorship;Mauritius Union of Sovereign States;;;;;;;;;;;;;x
MAU_fascist_dictatorship;Mauritius National Unity State;;;;;;;;;;;;;x
MAU_presidential_dictatorship;Mauritius Military Council;;;;;;;;;;;;;x
MAU_proletarian_dictatorship;Mauritius Socialist Republic;;;;;;;;;;;;;x
MCD_bourgeois_dictatorship;Castorice City Republic;;;;;;;;;;;;;x
MCD_fascist_dictatorship;Castorice National State;;;;;;;;;;;;;x
MCD_presidential_dictatorship;Castorice Military Council;;;;;;;;;;;;;x
MCD_proletarian_dictatorship;Castorice People's Republic;;;;;;;;;;;;;x
MCK_bourgeois_dictatorship;Ningguang Union of Trading Houses;;;;;;;;;;;;;x
MCK_proletarian_dictatorship;Ningguang People's Republic;;;;;;;;;;;;;x
MDV_bourgeois_dictatorship;Mutsuki League of Autonomous Cities;;;;;;;;;;;;;x
MDV_fascist_dictatorship;Mutsuki National State;;;;;;;;;;;;;x
MDV_presidential_dictatorship;Mutsuki Military Regency;;;;;;;;;;;;;x
MDV_proletarian_dictatorship;Mutsuki People's Republic;;;;;;;;;;;;;x
MEC_bourgeois_dictatorship;Roon Free City;;;;;;;;;;;;;x
MEC_presidential_dictatorship;Roon Military Directorate;;;;;;;;;;;;;x
MEI_bourgeois_dictatorship;Aegir Free City;;;;;;;;;;;;;x
MEI_presidential_dictatorship;Aegir Military Directorate;;;;;;;;;;;;;x
MEW_bourgeois_dictatorship;Rope Autonomous Merchant League;;;;;;;;;;;;;x
MEW_fascist_dictatorship;Rope National Union;;;;;;;;;;;;;x
MEW_presidential_dictatorship;Rope Military Government;;;;;;;;;;;;;x
MEW_proletarian_dictatorship;Rope People's Republic;;;;;;;;;;;;;x
MEX_bourgeois_dictatorship;Tenochtitlan Union of Merchant Cities;;;;;;;;;;;;;x
MEX_fascist_dictatorship;Tenochtitlan Sun Warrior Unity State;;;;;;;;;;;;;x
MEX_proletarian_dictatorship;Tenochtitlan City Communities Republic;;;;;;;;;;;;;x
MGH_bourgeois_dictatorship;Scheherazade Merchant Council;;;;;;;;;;;;;x
MGH_fascist_dictatorship;Scheherazade National Unity State;;;;;;;;;;;;;x
MGH_presidential_dictatorship;Scheherazade Military Council;;;;;;;;;;;;;x
MGH_proletarian_dictatorship;Scheherazade Socialist Republic;;;;;;;;;;;;;x
MGL_bourgeois_dictatorship;Yelan Nomadic Confederation;;;;;;;;;;;;;x
MGL_fascist_dictatorship;Yelan National Unity State;;;;;;;;;;;;;x
MGL_presidential_dictatorship;Yelan Military Council;;;;;;;;;;;;;x
MGS_bourgeois_dictatorship;Minas Gerais Union of Sovereign States;;;;;;;;;;;;;x
MGS_fascist_dictatorship;Minas Gerais National Unity State;;;;;;;;;;;;;x
MGS_presidential_dictatorship;Minas Gerais Military Government;;;;;;;;;;;;;x
MGS_proletarian_dictatorship;Minas Gerais Socialist Federation;;;;;;;;;;;;;x
MHR_bourgeois_dictatorship;Honeyberry Merchant Council;;;;;;;;;;;;;x
MHR_fascist_dictatorship;Honeyberry National Unity State;;;;;;;;;;;;;x
MHR_presidential_dictatorship;Honeyberry Military Council;;;;;;;;;;;;;x
MHR_proletarian_dictatorship;Honeyberry Socialist Republic;;;;;;;;;;;;;x
MIG_bourgeois_dictatorship;Columbina City Republic;;;;;;;;;;;;;x
MIG_fascist_dictatorship;Columbina National State;;;;;;;;;;;;;x
MIG_presidential_dictatorship;Columbina Military Council;;;;;;;;;;;;;x
MIG_proletarian_dictatorship;Columbina People's Republic;;;;;;;;;;;;;x
MIZ_bourgeois_dictatorship;Durin Autonomous Tribal Confederation;;;;;;;;;;;;;x
MIZ_fascist_dictatorship;Durin National Unity State;;;;;;;;;;;;;x
MIZ_presidential_dictatorship;Durin Warriors' Council;;;;;;;;;;;;;x
MIZ_proletarian_dictatorship;Durin Federation of Communities;;;;;;;;;;;;;x
MKN_bourgeois_dictatorship;Nightmare Tribal Council State;;;;;;;;;;;;;x
MKN_fascist_dictatorship;Nightmare National Unity State;;;;;;;;;;;;;x
MKN_presidential_dictatorship;Nightmare Military Council;;;;;;;;;;;;;x
MKN_proletarian_dictatorship;Nightmare People's Republic;;;;;;;;;;;;;x
MLD_bourgeois_dictatorship;Click Merchant Council;;;;;;;;;;;;;x
MLD_fascist_dictatorship;Click National Unity State;;;;;;;;;;;;;x
MLD_presidential_dictatorship;Click Military Government;;;;;;;;;;;;;x
MLD_proletarian_dictatorship;Click People's Republic;;;;;;;;;;;;;x
MLI_bourgeois_dictatorship;Mali League of Merchant Cities;;;;;;;;;;;;;x
MLI_fascist_dictatorship;Mali National Unity State;;;;;;;;;;;;;x
MLI_presidential_dictatorship;Mali Military Council;;;;;;;;;;;;;x
MLT_bourgeois_dictatorship;Fiammetta City Republic;;;;;;;;;;;;;x
MLT_fascist_dictatorship;Fiammetta National Unity State;;;;;;;;;;;;;x
MLT_presidential_dictatorship;Fiammetta Consular Government;;;;;;;;;;;;;x
MLT_proletarian_dictatorship;Fiammetta Socialist Republic;;;;;;;;;;;;;x
MLW_bourgeois_dictatorship;Malawi League of Autonomous Cities;;;;;;;;;;;;;x
MLW_fascist_dictatorship;Malawi National Unity State;;;;;;;;;;;;;x
MLW_presidential_dictatorship;Malawi Military Council;;;;;;;;;;;;;x
MLW_proletarian_dictatorship;Malawi People's Republic;;;;;;;;;;;;;x
MLY_bourgeois_dictatorship;Swire League of Port Cities;;;;;;;;;;;;;x
MLY_fascist_dictatorship;Swire National State;;;;;;;;;;;;;x
MLY_presidential_dictatorship;Swire Military Government;;;;;;;;;;;;;x
MLY_proletarian_dictatorship;Swire People's Republic;;;;;;;;;;;;;x
MNC_bourgeois_dictatorship;Clorinde Directorate;;;;;;;;;;;;;x
MNC_fascist_dictatorship;Clorinde National State;;;;;;;;;;;;;x
MNC_presidential_dictatorship;Clorinde Consular Government;;;;;;;;;;;;;x
MNC_proletarian_dictatorship;Clorinde Commune;;;;;;;;;;;;;x
MNG_bourgeois_dictatorship;Mongo League of Autonomous Cities;;;;;;;;;;;;;x
MNG_fascist_dictatorship;Mongo National Unity State;;;;;;;;;;;;;x
MNG_presidential_dictatorship;Mongo Military Council;;;;;;;;;;;;;x
MNG_proletarian_dictatorship;Mongo People's Republic;;;;;;;;;;;;;x
MNP_bourgeois_dictatorship;Cutter Autonomous Merchant League;;;;;;;;;;;;;x
MNP_fascist_dictatorship;Cutter National Union;;;;;;;;;;;;;x
MNP_presidential_dictatorship;Cutter Military Government;;;;;;;;;;;;;x
MNP_proletarian_dictatorship;Cutter People's Republic;;;;;;;;;;;;;x
MOD_bourgeois_dictatorship;Archetto City Republic;;;;;;;;;;;;;x
MOD_fascist_dictatorship;Archetto National Unity State;;;;;;;;;;;;;x
MOD_presidential_dictatorship;Archetto Consular Government;;;;;;;;;;;;;x
MOD_proletarian_dictatorship;Archetto Socialist Republic;;;;;;;;;;;;;x
MOL_bourgeois_dictatorship;St. Louis League of Autonomous Cities;;;;;;;;;;;;;x
MOL_fascist_dictatorship;St. Louis National State;;;;;;;;;;;;;x
MOL_presidential_dictatorship;St. Louis Military Regency;;;;;;;;;;;;;x
MOL_proletarian_dictatorship;St. Louis People's Republic;;;;;;;;;;;;;x
MON_bourgeois_dictatorship;W League of Autonomous Cities;;;;;;;;;;;;;x
MON_fascist_dictatorship;W National State;;;;;;;;;;;;;x
MON_presidential_dictatorship;W Military Regency;;;;;;;;;;;;;x
MON_proletarian_dictatorship;W People's Republic;;;;;;;;;;;;;x
MOR_bourgeois_dictatorship;Nonomi Merchant Council;;;;;;;;;;;;;x
MOR_fascist_dictatorship;Nonomi National Unity State;;;;;;;;;;;;;x
MOR_presidential_dictatorship;Nonomi Military Council;;;;;;;;;;;;;x
MOR_proletarian_dictatorship;Nonomi Socialist Republic;;;;;;;;;;;;;x
MOZ_bourgeois_dictatorship;Mozambique League of Autonomous Cities;;;;;;;;;;;;;x
MOZ_fascist_dictatorship;Mozambique National Unity State;;;;;;;;;;;;;x
MOZ_presidential_dictatorship;Mozambique Military Council;;;;;;;;;;;;;x
MOZ_proletarian_dictatorship;Mozambique People's Republic;;;;;;;;;;;;;x
MRN_bourgeois_dictatorship;Jean Free City;;;;;;;;;;;;;x
MRN_fascist_dictatorship;Jean National State;;;;;;;;;;;;;x
MRN_presidential_dictatorship;Jean Military Directorate;;;;;;;;;;;;;x
MRT_bourgeois_dictatorship;Orchid Autonomous Merchant League;;;;;;;;;;;;;x
MRT_fascist_dictatorship;Orchid National Union;;;;;;;;;;;;;x
MRT_presidential_dictatorship;Orchid Military Government;;;;;;;;;;;;;x
MRU_bourgeois_dictatorship;Akane Merchant Federation;;;;;;;;;;;;;x
MRU_fascist_dictatorship;Akane National Union;;;;;;;;;;;;;x
MRU_presidential_dictatorship;Akane Lord Protectorate;;;;;;;;;;;;;x
MRU_proletarian_dictatorship;Akane Workers' Republic;;;;;;;;;;;;;x
MSC_bourgeois_dictatorship;Kotama Autonomous Tribal Confederation;;;;;;;;;;;;;x
MSC_fascist_dictatorship;Kotama National Unity State;;;;;;;;;;;;;x
MSC_proletarian_dictatorship;Kotama Federation of Communities;;;;;;;;;;;;;x
MSK_bourgeois_dictatorship;Citlali Autonomous Tribal Confederation;;;;;;;;;;;;;x
MSK_fascist_dictatorship;Citlali National Unity State;;;;;;;;;;;;;x
MSK_presidential_dictatorship;Citlali Warriors' Council;;;;;;;;;;;;;x
MSK_proletarian_dictatorship;Citlali Federation of Communities;;;;;;;;;;;;;x
MST_bourgeois_dictatorship;Bismarck Free City;;;;;;;;;;;;;x
MST_presidential_dictatorship;Bismarck Military Directorate;;;;;;;;;;;;;x
MTC_bourgeois_dictatorship;Miyu Merchant Federation;;;;;;;;;;;;;x
MTC_fascist_dictatorship;Miyu National Union;;;;;;;;;;;;;x
MTC_presidential_dictatorship;Miyu Lord Protectorate;;;;;;;;;;;;;x
MTC_proletarian_dictatorship;Miyu Workers' Republic;;;;;;;;;;;;;x
MTG_bourgeois_dictatorship;Transatlantic Republic of Mato Grosso Union of Sovereign States;;;;;;;;;;;;;x
MTG_fascist_dictatorship;Transatlantic Republic of Mato Grosso National Unity State;;;;;;;;;;;;;x
MTG_presidential_dictatorship;Transatlantic Republic of Mato Grosso Military Government;;;;;;;;;;;;;x
MTG_proletarian_dictatorship;Transatlantic Republic of Mato Grosso Socialist Federation;;;;;;;;;;;;;x
MTQ_bourgeois_dictatorship;Colorado Union of Sovereign States;;;;;;;;;;;;;x
MTQ_fascist_dictatorship;Colorado National Unity State;;;;;;;;;;;;;x
MTQ_presidential_dictatorship;Colorado Military Council;;;;;;;;;;;;;x
MTQ_proletarian_dictatorship;Colorado Socialist Republic;;;;;;;;;;;;;x
MUD_bourgeois_dictatorship;Beagle Autonomous Merchant League;;;;;;;;;;;;;x
MUD_fascist_dictatorship;Beagle National Union;;;;;;;;;;;;;x
MUD_presidential_dictatorship;Beagle Military Government;;;;;;;;;;;;;x
MUD_proletarian_dictatorship;Beagle People's Republic;;;;;;;;;;;;;x
MUG_bourgeois_dictatorship;Cuora Merchant Council;;;;;;;;;;;;;x
MUG_presidential_dictatorship;Cuora Military Government;;;;;;;;;;;;;x
MYA_bourgeois_dictatorship;Miyako Autonomous Tribal Confederation;;;;;;;;;;;;;x
MYA_fascist_dictatorship;Miyako National Unity State;;;;;;;;;;;;;x
MYA_presidential_dictatorship;Miyako Warriors' Council;;;;;;;;;;;;;x
MYA_proletarian_dictatorship;Miyako Federation of Communities;;;;;;;;;;;;;x
MYN_bourgeois_dictatorship;Folinic League of Merchant Cities;;;;;;;;;;;;;x
MYN_fascist_dictatorship;Folinic National Unity State;;;;;;;;;;;;;x
MYN_presidential_dictatorship;Folinic Military Council;;;;;;;;;;;;;x
MYN_proletarian_dictatorship;Folinic People's Republic;;;;;;;;;;;;;x
MYS_bourgeois_dictatorship;Asbestos Autonomous Merchant League;;;;;;;;;;;;;x
MYS_fascist_dictatorship;Asbestos National Union;;;;;;;;;;;;;x
MYS_presidential_dictatorship;Asbestos Military Government;;;;;;;;;;;;;x
MYS_proletarian_dictatorship;Asbestos People's Republic;;;;;;;;;;;;;x
NAG_bourgeois_dictatorship;Ashlock Autonomous Merchant League;;;;;;;;;;;;;x
NAG_fascist_dictatorship;Ashlock National Union;;;;;;;;;;;;;x
NAG_presidential_dictatorship;Ashlock Military Government;;;;;;;;;;;;;x
NAG_proletarian_dictatorship;Ashlock People's Republic;;;;;;;;;;;;;x
NAL_bourgeois_dictatorship;Natalia Civic Republic;;;;;;;;;;;;;x
NAL_fascist_dictatorship;Natalia National State;;;;;;;;;;;;;x
NAL_presidential_dictatorship;Natalia Commander-General's Territory;;;;;;;;;;;;;x
NAL_proletarian_dictatorship;Natalia Workers' Republic;;;;;;;;;;;;;x
NAN_bourgeois_dictatorship;Reno Merchant Republic;;;;;;;;;;;;;x
NAN_fascist_dictatorship;Reno National State;;;;;;;;;;;;;x
NAN_presidential_dictatorship;Reno Consulate;;;;;;;;;;;;;x
NAN_proletarian_dictatorship;Reno Workers' Republic;;;;;;;;;;;;;x
NAS_bourgeois_dictatorship;Tirpitz Free City;;;;;;;;;;;;;x
NAS_presidential_dictatorship;Tirpitz Military Directorate;;;;;;;;;;;;;x
NBR_bourgeois_dictatorship;Firefly Merchant Federation;;;;;;;;;;;;;x
NBR_fascist_dictatorship;Firefly National Union;;;;;;;;;;;;;x
NBR_presidential_dictatorship;Firefly Lord Protectorate;;;;;;;;;;;;;x
NBR_proletarian_dictatorship;Firefly Workers' Republic;;;;;;;;;;;;;x
NCT_bourgeois_dictatorship;Ulrich Von Hutten Free City;;;;;;;;;;;;;x
NCT_fascist_dictatorship;Ulrich Von Hutten National State;;;;;;;;;;;;;x
NCT_presidential_dictatorship;Ulrich Von Hutten Military Directorate;;;;;;;;;;;;;x
NCT_proletarian_dictatorship;Ulrich Von Hutten Council Republic;;;;;;;;;;;;;x
NEJ_bourgeois_dictatorship;Vulcan Merchant Council;;;;;;;;;;;;;x
NEJ_fascist_dictatorship;Vulcan National Unity State;;;;;;;;;;;;;x
NEJ_presidential_dictatorship;Vulcan Military Council;;;;;;;;;;;;;x
NEJ_proletarian_dictatorship;Vulcan Socialist Republic;;;;;;;;;;;;;x
NEN_bourgeois_dictatorship;Sparkle Union of Sovereign States;;;;;;;;;;;;;x
NEN_fascist_dictatorship;Sparkle National Union;;;;;;;;;;;;;x
NEN_presidential_dictatorship;Sparkle Military Government;;;;;;;;;;;;;x
NEN_proletarian_dictatorship;Sparkle Socialist Federation;;;;;;;;;;;;;x
NEP_bourgeois_dictatorship;Ascalon Autonomous Merchant League;;;;;;;;;;;;;x
NEP_fascist_dictatorship;Ascalon National Union;;;;;;;;;;;;;x
NEP_presidential_dictatorship;Ascalon Military Government;;;;;;;;;;;;;x
NEP_proletarian_dictatorship;Ascalon People's Republic;;;;;;;;;;;;;x
NET_bourgeois_dictatorship;Van Gogh Merchant Republic;;;;;;;;;;;;;x
NET_fascist_dictatorship;Van Gogh National State;;;;;;;;;;;;;x
NET_presidential_dictatorship;Van Gogh Consulate;;;;;;;;;;;;;x
NET_proletarian_dictatorship;Van Gogh Workers' Republic;;;;;;;;;;;;;x
NEW_bourgeois_dictatorship;Robin Merchant Federation;;;;;;;;;;;;;x
NEW_fascist_dictatorship;Robin National Union;;;;;;;;;;;;;x
NEW_presidential_dictatorship;Robin Lord Protectorate;;;;;;;;;;;;;x
NEW_proletarian_dictatorship;Robin Workers' Republic;;;;;;;;;;;;;x
NGA_bourgeois_dictatorship;Kafka Autonomous Tribal Confederation;;;;;;;;;;;;;x
NGA_fascist_dictatorship;Kafka National Unity State;;;;;;;;;;;;;x
NGA_presidential_dictatorship;Kafka Warriors' Council;;;;;;;;;;;;;x
NGA_proletarian_dictatorship;Kafka Federation of Communities;;;;;;;;;;;;;x
NGR_bourgeois_dictatorship;Flint League of Autonomous Cities;;;;;;;;;;;;;x
NGR_fascist_dictatorship;Flint National Unity State;;;;;;;;;;;;;x
NGR_presidential_dictatorship;Flint Military Council;;;;;;;;;;;;;x
NGR_proletarian_dictatorship;Flint People's Republic;;;;;;;;;;;;;x
NIA_bourgeois_dictatorship;Khun Maschenny Zahard Union of Trading Houses;;;;;;;;;;;;;x
NIA_fascist_dictatorship;Khun Maschenny Zahard National Government;;;;;;;;;;;;;x
NIA_presidential_dictatorship;Khun Maschenny Zahard Military Government;;;;;;;;;;;;;x
NIA_proletarian_dictatorship;Khun Maschenny Zahard People's Republic;;;;;;;;;;;;;x
NIC_bourgeois_dictatorship;Mavuika Union of Sovereign States;;;;;;;;;;;;;x
NIC_fascist_dictatorship;Mavuika National Unity State;;;;;;;;;;;;;x
NIC_presidential_dictatorship;Mavuika Military Council;;;;;;;;;;;;;x
NIC_proletarian_dictatorship;Mavuika Socialist Republic;;;;;;;;;;;;;x
NIG_bourgeois_dictatorship;Niger League of Merchant Cities;;;;;;;;;;;;;x
NIG_fascist_dictatorship;Niger National Unity State;;;;;;;;;;;;;x
NIG_presidential_dictatorship;Niger Military Council;;;;;;;;;;;;;x
NIG_proletarian_dictatorship;Niger People's Republic;;;;;;;;;;;;;x
NKO_bourgeois_dictatorship;Nkore League of Autonomous Cities;;;;;;;;;;;;;x
NKO_fascist_dictatorship;Nkore National Unity State;;;;;;;;;;;;;x
NKO_presidential_dictatorship;Nkore Military Council;;;;;;;;;;;;;x
NKO_proletarian_dictatorship;Nkore People's Republic;;;;;;;;;;;;;x
NMB_bourgeois_dictatorship;Namibia Autonomous Tribal Confederation;;;;;;;;;;;;;x
NMB_fascist_dictatorship;Namibia National Unity State;;;;;;;;;;;;;x
NMB_presidential_dictatorship;Namibia Warriors' Council;;;;;;;;;;;;;x
NMB_proletarian_dictatorship;Namibia Federation of Communities;;;;;;;;;;;;;x
NOR_bourgeois_dictatorship;Karlan Trade League of Autonomous Cities;;;;;;;;;;;;;x
NOR_fascist_dictatorship;Karlan Trade National State;;;;;;;;;;;;;x
NOR_presidential_dictatorship;Karlan Trade State Council;;;;;;;;;;;;;x
NOR_proletarian_dictatorship;Karlan Trade Socialist Republic;;;;;;;;;;;;;x
NRM_bourgeois_dictatorship;Navia Directorate;;;;;;;;;;;;;x
NRM_fascist_dictatorship;Navia National State;;;;;;;;;;;;;x
NRM_presidential_dictatorship;Navia Consular Government;;;;;;;;;;;;;x
NRM_proletarian_dictatorship;Navia Commune;;;;;;;;;;;;;x
NSC_bourgeois_dictatorship;Melusine Merchant Federation;;;;;;;;;;;;;x
NSC_fascist_dictatorship;Melusine National Union;;;;;;;;;;;;;x
NSC_presidential_dictatorship;Melusine Lord Protectorate;;;;;;;;;;;;;x
NSC_proletarian_dictatorship;Melusine Workers' Republic;;;;;;;;;;;;;x
NYE_bourgeois_dictatorship;Fluorite Merchant Council;;;;;;;;;;;;;x
NYE_fascist_dictatorship;Fluorite National Unity State;;;;;;;;;;;;;x
NYE_presidential_dictatorship;Fluorite Military Council;;;;;;;;;;;;;x
NYE_proletarian_dictatorship;Fluorite Socialist Republic;;;;;;;;;;;;;x
NZF_bourgeois_dictatorship;Hasumi Directorate;;;;;;;;;;;;;x
NZF_fascist_dictatorship;Hasumi National State;;;;;;;;;;;;;x
NZF_presidential_dictatorship;Hasumi Consular Government;;;;;;;;;;;;;x
NZF_proletarian_dictatorship;Hasumi Commune;;;;;;;;;;;;;x
NZL_bourgeois_dictatorship;Hifumi Merchant Federation;;;;;;;;;;;;;x
NZL_fascist_dictatorship;Hifumi National Union;;;;;;;;;;;;;x
NZL_presidential_dictatorship;Hifumi Lord Protectorate;;;;;;;;;;;;;x
NZL_proletarian_dictatorship;Hifumi Workers' Republic;;;;;;;;;;;;;x
OAX_bourgeois_dictatorship;Acheron Union of Sovereign States;;;;;;;;;;;;;x
OAX_fascist_dictatorship;Acheron National Unity State;;;;;;;;;;;;;x
OAX_presidential_dictatorship;Acheron Military Council;;;;;;;;;;;;;x
OAX_proletarian_dictatorship;Acheron Socialist Republic;;;;;;;;;;;;;x
OCC_bourgeois_dictatorship;Charlotte Directorate;;;;;;;;;;;;;x
OCC_fascist_dictatorship;Charlotte National State;;;;;;;;;;;;;x
OCC_presidential_dictatorship;Charlotte Consular Government;;;;;;;;;;;;;x
OCC_proletarian_dictatorship;Charlotte Commune;;;;;;;;;;;;;x
OLD_bourgeois_dictatorship;Friedrich Der Grosse Free City;;;;;;;;;;;;;x
OLD_presidential_dictatorship;Friedrich Der Grosse Military Directorate;;;;;;;;;;;;;x
OMA_bourgeois_dictatorship;Greythroat Merchant Council;;;;;;;;;;;;;x
OMA_fascist_dictatorship;Greythroat National Unity State;;;;;;;;;;;;;x
OMA_presidential_dictatorship;Greythroat Military Council;;;;;;;;;;;;;x
OMA_proletarian_dictatorship;Greythroat Socialist Republic;;;;;;;;;;;;;x
ORA_bourgeois_dictatorship;Orange Civic Republic;;;;;;;;;;;;;x
ORA_fascist_dictatorship;Orange National State;;;;;;;;;;;;;x
ORA_presidential_dictatorship;Orange Commander-General's Territory;;;;;;;;;;;;;x
ORA_proletarian_dictatorship;Orange Workers' Republic;;;;;;;;;;;;;x
ORI_bourgeois_dictatorship;Meteorite Autonomous Merchant League;;;;;;;;;;;;;x
ORI_fascist_dictatorship;Meteorite National Union;;;;;;;;;;;;;x
ORI_presidential_dictatorship;Meteorite Military Government;;;;;;;;;;;;;x
ORI_proletarian_dictatorship;Meteorite People's Republic;;;;;;;;;;;;;x
OYO_bourgeois_dictatorship;Oyo League of Autonomous Cities;;;;;;;;;;;;;x
OYO_fascist_dictatorship;Oyo National Unity State;;;;;;;;;;;;;x
OYO_presidential_dictatorship;Oyo Military Council;;;;;;;;;;;;;x
OYO_proletarian_dictatorship;Oyo People's Republic;;;;;;;;;;;;;x
PAC_bourgeois_dictatorship;Chevreuse Directorate;;;;;;;;;;;;;x
PAC_fascist_dictatorship;Chevreuse National State;;;;;;;;;;;;;x
PAC_presidential_dictatorship;Chevreuse Consular Government;;;;;;;;;;;;;x
PAC_proletarian_dictatorship;Chevreuse Commune;;;;;;;;;;;;;x
PAK_bourgeois_dictatorship;Myrrh Merchant Council;;;;;;;;;;;;;x
PAK_fascist_dictatorship;Myrrh National Unity State;;;;;;;;;;;;;x
PAK_presidential_dictatorship;Myrrh Military Government;;;;;;;;;;;;;x
PAK_proletarian_dictatorship;Myrrh People's Republic;;;;;;;;;;;;;x
PAL_bourgeois_dictatorship;Heidi Autonomous Merchant League;;;;;;;;;;;;;x
PAL_fascist_dictatorship;Heidi National Union;;;;;;;;;;;;;x
PAL_presidential_dictatorship;Heidi Military Government;;;;;;;;;;;;;x
PAL_proletarian_dictatorship;Heidi People's Republic;;;;;;;;;;;;;x
PAR_bourgeois_dictatorship;Lappland City Republic;;;;;;;;;;;;;x
PAR_fascist_dictatorship;Lappland National Unity State;;;;;;;;;;;;;x
PAR_presidential_dictatorship;Lappland Consular Government;;;;;;;;;;;;;x
PAR_proletarian_dictatorship;Lappland Socialist Republic;;;;;;;;;;;;;x
PAT_bourgeois_dictatorship;Shoukaku League of Port Cities;;;;;;;;;;;;;x
PAT_fascist_dictatorship;Shoukaku National State;;;;;;;;;;;;;x
PAT_presidential_dictatorship;Shoukaku Military Government;;;;;;;;;;;;;x
PAT_proletarian_dictatorship;Shoukaku People's Republic;;;;;;;;;;;;;x
PBC_bourgeois_dictatorship;Peru-Bolivia Union of Sovereign States;;;;;;;;;;;;;x
PBC_fascist_dictatorship;Peru-Bolivia National Unity State;;;;;;;;;;;;;x
PEI_bourgeois_dictatorship;Black Swan Merchant Federation;;;;;;;;;;;;;x
PEI_fascist_dictatorship;Black Swan National Union;;;;;;;;;;;;;x
PEI_presidential_dictatorship;Black Swan Lord Protectorate;;;;;;;;;;;;;x
PEI_proletarian_dictatorship;Black Swan Workers' Republic;;;;;;;;;;;;;x
PEU_bourgeois_dictatorship;Peru Union of Sovereign States;;;;;;;;;;;;;x
PEU_fascist_dictatorship;Peru National Unity State;;;;;;;;;;;;;x
PEU_presidential_dictatorship;Peru Military Council;;;;;;;;;;;;;x
PEU_proletarian_dictatorship;Peru Socialist Republic;;;;;;;;;;;;;x
PGG_bourgeois_dictatorship;Yanfei Union of Trading Houses;;;;;;;;;;;;;x
PGG_fascist_dictatorship;Yanfei National Government;;;;;;;;;;;;;x
PGG_presidential_dictatorship;Yanfei Military Government;;;;;;;;;;;;;x
PGG_proletarian_dictatorship;Yanfei People's Republic;;;;;;;;;;;;;x
PHG_bourgeois_dictatorship;Lin League of Port Cities;;;;;;;;;;;;;x
PHG_fascist_dictatorship;Lin National State;;;;;;;;;;;;;x
PHG_presidential_dictatorship;Lin Military Government;;;;;;;;;;;;;x
PHG_proletarian_dictatorship;Lin People's Republic;;;;;;;;;;;;;x
PHL_bourgeois_dictatorship;Jie Union of Sovereign States;;;;;;;;;;;;;x
PHL_fascist_dictatorship;Jie National Unity State;;;;;;;;;;;;;x
PHL_presidential_dictatorship;Jie Military Council;;;;;;;;;;;;;x
PHL_proletarian_dictatorship;Jie Socialist Republic;;;;;;;;;;;;;x
PIT_bourgeois_dictatorship;Feater League of Port Cities;;;;;;;;;;;;;x
PIT_fascist_dictatorship;Feater National State;;;;;;;;;;;;;x
PIT_presidential_dictatorship;Feater Military Government;;;;;;;;;;;;;x
PIT_proletarian_dictatorship;Feater People's Republic;;;;;;;;;;;;;x
PLC_bourgeois_dictatorship;Siren Aristocratic Republic;;;;;;;;;;;;;x
PLS_bourgeois_dictatorship;Catapult Merchant Council;;;;;;;;;;;;;x
PLS_fascist_dictatorship;Catapult National Unity State;;;;;;;;;;;;;x
PLS_presidential_dictatorship;Catapult Military Council;;;;;;;;;;;;;x
PLS_proletarian_dictatorship;Catapult Socialist Republic;;;;;;;;;;;;;x
PML_bourgeois_dictatorship;August Von Parseval Aristocratic Republic;;;;;;;;;;;;;x
PML_fascist_dictatorship;August Von Parseval National Union;;;;;;;;;;;;;x
PML_presidential_dictatorship;August Von Parseval Military Directorate;;;;;;;;;;;;;x
PML_proletarian_dictatorship;August Von Parseval People's Republic;;;;;;;;;;;;;x
PNB_bourgeois_dictatorship;Pernambuco Union of Sovereign States;;;;;;;;;;;;;x
PNB_fascist_dictatorship;Pernambuco National Unity State;;;;;;;;;;;;;x
PNB_presidential_dictatorship;Pernambuco Military Government;;;;;;;;;;;;;x
PNB_proletarian_dictatorship;Pernambuco Socialist Federation;;;;;;;;;;;;;x
PNJ_bourgeois_dictatorship;Earthspirit Autonomous Merchant League;;;;;;;;;;;;;x
PNJ_presidential_dictatorship;Earthspirit Military Government;;;;;;;;;;;;;x
PNJ_proletarian_dictatorship;Earthspirit People's Republic;;;;;;;;;;;;;x
PNM_bourgeois_dictatorship;Mualani Union of Sovereign States;;;;;;;;;;;;;x
PNM_fascist_dictatorship;Mualani National Unity State;;;;;;;;;;;;;x
PNM_presidential_dictatorship;Mualani Military Council;;;;;;;;;;;;;x
PNM_proletarian_dictatorship;Mualani Socialist Republic;;;;;;;;;;;;;x
PNT_bourgeois_dictatorship;Iris City Republic;;;;;;;;;;;;;x
PNT_fascist_dictatorship;Iris National State;;;;;;;;;;;;;x
PNT_presidential_dictatorship;Iris Military Council;;;;;;;;;;;;;x
PNT_proletarian_dictatorship;Iris People's Republic;;;;;;;;;;;;;x
POL_bourgeois_dictatorship;Vesna Noble Republic;;;;;;;;;;;;;x
POL_fascist_dictatorship;Vesna National Union State;;;;;;;;;;;;;x
POL_proletarian_dictatorship;Vesna People's Republic;;;;;;;;;;;;;x
POR_bourgeois_dictatorship;Keke Tang Union of Cities;;;;;;;;;;;;;x
POR_fascist_dictatorship;Keke Tang National Union;;;;;;;;;;;;;x
POR_presidential_dictatorship;Keke Tang Military Council;;;;;;;;;;;;;x
POR_proletarian_dictatorship;Keke Tang Workers' Republic;;;;;;;;;;;;;x
PPG_bourgeois_dictatorship;Ui League of Autonomous Islands;;;;;;;;;;;;;x
PPG_fascist_dictatorship;Ui National Unity State;;;;;;;;;;;;;x
PPG_presidential_dictatorship;Ui Military Council;;;;;;;;;;;;;x
PPG_proletarian_dictatorship;Ui Republic of Communities;;;;;;;;;;;;;x
PRG_bourgeois_dictatorship;Paraguay Union of Sovereign States;;;;;;;;;;;;;x
PRG_fascist_dictatorship;Paraguay National Unity State;;;;;;;;;;;;;x
PRG_presidential_dictatorship;Paraguay Military Council;;;;;;;;;;;;;x
PRG_proletarian_dictatorship;Paraguay Socialist Republic;;;;;;;;;;;;;x
PRI_bourgeois_dictatorship;Yorktown Union of Sovereign States;;;;;;;;;;;;;x
PRI_fascist_dictatorship;Yorktown National Unity State;;;;;;;;;;;;;x
PRI_presidential_dictatorship;Yorktown Military Council;;;;;;;;;;;;;x
PRI_proletarian_dictatorship;Yorktown Socialist Republic;;;;;;;;;;;;;x
PRK_bourgeois_dictatorship;Leizi League of Port Cities;;;;;;;;;;;;;x
PRK_fascist_dictatorship;Leizi National State;;;;;;;;;;;;;x
PRK_presidential_dictatorship;Leizi Military Government;;;;;;;;;;;;;x
PRK_proletarian_dictatorship;Leizi People's Republic;;;;;;;;;;;;;x
PTG_bourgeois_dictatorship;Patagonia Autonomous Tribal Confederation;;;;;;;;;;;;;x
PTG_fascist_dictatorship;Patagonia National Unity State;;;;;;;;;;;;;x
PTG_presidential_dictatorship;Patagonia Warriors' Council;;;;;;;;;;;;;x
PTG_proletarian_dictatorship;Patagonia Federation of Communities;;;;;;;;;;;;;x
PTK_bourgeois_dictatorship;Theresa League of Port Cities;;;;;;;;;;;;;x
PTK_fascist_dictatorship;Theresa National State;;;;;;;;;;;;;x
PTK_presidential_dictatorship;Theresa Military Government;;;;;;;;;;;;;x
PTK_proletarian_dictatorship;Theresa People's Republic;;;;;;;;;;;;;x
PTL_bourgeois_dictatorship;May Autonomous Merchant League;;;;;;;;;;;;;x
PTL_fascist_dictatorship;May National Union;;;;;;;;;;;;;x
PTL_presidential_dictatorship;May Military Government;;;;;;;;;;;;;x
PTL_proletarian_dictatorship;May People's Republic;;;;;;;;;;;;;x
PZN_bourgeois_dictatorship;Prinz Heinrich Free City;;;;;;;;;;;;;x
PZN_fascist_dictatorship;Prinz Heinrich National State;;;;;;;;;;;;;x
PZN_presidential_dictatorship;Prinz Heinrich Military Directorate;;;;;;;;;;;;;x
PZN_proletarian_dictatorship;Prinz Heinrich Council Republic;;;;;;;;;;;;;x
QAT_bourgeois_dictatorship;Cecelia Merchant Council;;;;;;;;;;;;;x
QAT_fascist_dictatorship;Cecelia National Unity State;;;;;;;;;;;;;x
QAT_presidential_dictatorship;Cecelia Military Council;;;;;;;;;;;;;x
QAT_proletarian_dictatorship;Cecelia Socialist Republic;;;;;;;;;;;;;x
QCI_bourgeois_dictatorship;Jade Merchant Federation;;;;;;;;;;;;;x
QCI_fascist_dictatorship;Jade National Union;;;;;;;;;;;;;x
QCI_presidential_dictatorship;Jade Lord Protectorate;;;;;;;;;;;;;x
QCI_proletarian_dictatorship;Jade Workers' Republic;;;;;;;;;;;;;x
QNG_bourgeois_dictatorship;Liyue Union of Trading Houses;;;;;;;;;;;;;x
QNG_fascist_dictatorship;Liyue National Government;;;;;;;;;;;;;x
QNG_presidential_dictatorship;Liyue Military Government;;;;;;;;;;;;;x
QNG_proletarian_dictatorship;Liyue People's Republic;;;;;;;;;;;;;x
QUE_bourgeois_dictatorship;Saria Directorate;;;;;;;;;;;;;x
QUE_fascist_dictatorship;Saria National State;;;;;;;;;;;;;x
QUE_presidential_dictatorship;Saria Consular Government;;;;;;;;;;;;;x
QUE_proletarian_dictatorship;Saria Commune;;;;;;;;;;;;;x
RAJ_presidential_dictatorship;Highmore Military Government;;;;;;;;;;;;;x
RAM_bourgeois_dictatorship;Dur-nar Merchant Council;;;;;;;;;;;;;x
RAM_fascist_dictatorship;Dur-nar National Unity State;;;;;;;;;;;;;x
RAM_presidential_dictatorship;Dur-nar Military Government;;;;;;;;;;;;;x
RAM_proletarian_dictatorship;Dur-nar People's Republic;;;;;;;;;;;;;x
RDL_bourgeois_dictatorship;Pudding Tribal Council State;;;;;;;;;;;;;x
RDL_fascist_dictatorship;Pudding National Unity State;;;;;;;;;;;;;x
RDL_presidential_dictatorship;Pudding Military Council;;;;;;;;;;;;;x
RDL_proletarian_dictatorship;Pudding People's Republic;;;;;;;;;;;;;x
REB_bourgeois_dictatorship;Red Blood Cell League of Free Cities;;;;;;;;;;;;;x
REB_fascist_dictatorship;Red Blood Cell Total Mobilization State;;;;;;;;;;;;;x
REB_presidential_dictatorship;Red Blood Cell Military Council;;;;;;;;;;;;;x
REB_proletarian_dictatorship;Red Blood Cell Council Republic;;;;;;;;;;;;;x
REU_bourgeois_dictatorship;Anchovy Free City;;;;;;;;;;;;;x
REU_presidential_dictatorship;Anchovy Military Directorate;;;;;;;;;;;;;x
REW_bourgeois_dictatorship;Quercus Autonomous Merchant League;;;;;;;;;;;;;x
REW_fascist_dictatorship;Quercus National Union;;;;;;;;;;;;;x
REW_presidential_dictatorship;Quercus Military Government;;;;;;;;;;;;;x
REW_proletarian_dictatorship;Quercus People's Republic;;;;;;;;;;;;;x
RGA_bourgeois_dictatorship;Kawakami Gensai Merchant Council;;;;;;;;;;;;;x
RGA_fascist_dictatorship;Kawakami Gensai National Unity State;;;;;;;;;;;;;x
RGA_presidential_dictatorship;Kawakami Gensai Military Council;;;;;;;;;;;;;x
RGA_proletarian_dictatorship;Kawakami Gensai Socialist Republic;;;;;;;;;;;;;x
RGR_bourgeois_dictatorship;Rosmontis Union of Sovereign States;;;;;;;;;;;;;x
RGR_presidential_dictatorship;Rosmontis Military Council;;;;;;;;;;;;;x
RGR_proletarian_dictatorship;Rosmontis Socialist Republic;;;;;;;;;;;;;x
RGS_bourgeois_dictatorship;Rio Grande do Sul Union of Sovereign States;;;;;;;;;;;;;x
RGS_presidential_dictatorship;Rio Grande do Sul Military Government;;;;;;;;;;;;;x
RGS_proletarian_dictatorship;Rio Grande do Sul Socialist Federation;;;;;;;;;;;;;x
RHI_bourgeois_dictatorship;Darjeeling Free City;;;;;;;;;;;;;x
RHI_fascist_dictatorship;Darjeeling National State;;;;;;;;;;;;;x
RHI_presidential_dictatorship;Darjeeling Military Directorate;;;;;;;;;;;;;x
RHI_proletarian_dictatorship;Darjeeling Council Republic;;;;;;;;;;;;;x
RHO_bourgeois_dictatorship;Southern Rhodesia Merchant Federation;;;;;;;;;;;;;x
RHO_fascist_dictatorship;Southern Rhodesia National Union;;;;;;;;;;;;;x
RHO_presidential_dictatorship;Southern Rhodesia Lord Protectorate;;;;;;;;;;;;;x
RIA_bourgeois_dictatorship;Mulberry League of Port Cities;;;;;;;;;;;;;x
RIA_fascist_dictatorship;Mulberry National State;;;;;;;;;;;;;x
RIA_presidential_dictatorship;Mulberry Military Government;;;;;;;;;;;;;x
RIA_proletarian_dictatorship;Mulberry People's Republic;;;;;;;;;;;;;x
RIO_bourgeois_dictatorship;Rio de Janeiro Union of Sovereign States;;;;;;;;;;;;;x
RIO_fascist_dictatorship;Rio de Janeiro National Unity State;;;;;;;;;;;;;x
RIO_presidential_dictatorship;Rio de Janeiro Military Government;;;;;;;;;;;;;x
RIO_proletarian_dictatorship;Rio de Janeiro Socialist Federation;;;;;;;;;;;;;x
RJK_bourgeois_dictatorship;Misha Autonomous Merchant League;;;;;;;;;;;;;x
RJK_fascist_dictatorship;Misha National Union;;;;;;;;;;;;;x
RJK_presidential_dictatorship;Misha Military Government;;;;;;;;;;;;;x
RJK_proletarian_dictatorship;Misha People's Republic;;;;;;;;;;;;;x
RJL_bourgeois_dictatorship;Juliana Union of Sovereign States;;;;;;;;;;;;;x
RJL_fascist_dictatorship;Juliana National Unity State;;;;;;;;;;;;;x
RJL_presidential_dictatorship;Juliana Military Government;;;;;;;;;;;;;x
RJL_proletarian_dictatorship;Juliana Socialist Federation;;;;;;;;;;;;;x
RLE_bourgeois_dictatorship;Kay Free City;;;;;;;;;;;;;x
RLE_presidential_dictatorship;Kay Military Directorate;;;;;;;;;;;;;x
RME_bourgeois_dictatorship;Penance City Republic;;;;;;;;;;;;;x
RME_fascist_dictatorship;Penance National Unity State;;;;;;;;;;;;;x
RME_presidential_dictatorship;Penance Consular Government;;;;;;;;;;;;;x
RME_proletarian_dictatorship;Penance Socialist Republic;;;;;;;;;;;;;x
RMG_bourgeois_dictatorship;Littorio City Republic;;;;;;;;;;;;;x
RMG_fascist_dictatorship;Littorio National Unity State;;;;;;;;;;;;;x
RMG_presidential_dictatorship;Littorio Consular Government;;;;;;;;;;;;;x
RMG_proletarian_dictatorship;Littorio Socialist Republic;;;;;;;;;;;;;x
ROM_bourgeois_dictatorship;Odette City Merchant League;;;;;;;;;;;;;x
ROM_fascist_dictatorship;Odette National Union State;;;;;;;;;;;;;x
ROM_presidential_dictatorship;Odette Military Council;;;;;;;;;;;;;x
ROM_proletarian_dictatorship;Odette People's Republic;;;;;;;;;;;;;x
ROR_bourgeois_dictatorship;Aquila City Republic;;;;;;;;;;;;;x
ROR_fascist_dictatorship;Aquila National Unity State;;;;;;;;;;;;;x
ROR_presidential_dictatorship;Aquila Consular Government;;;;;;;;;;;;;x
ROR_proletarian_dictatorship;Aquila Socialist Republic;;;;;;;;;;;;;x
RPL_bourgeois_dictatorship;Columbia Merchant Federation;;;;;;;;;;;;;x
RPL_fascist_dictatorship;Columbia National Union;;;;;;;;;;;;;x
RPL_presidential_dictatorship;Columbia Lord Protectorate;;;;;;;;;;;;;x
RPL_proletarian_dictatorship;Columbia Workers' Republic;;;;;;;;;;;;;x
RPP_bourgeois_dictatorship;Jackie Autonomous Merchant League;;;;;;;;;;;;;x
RPP_fascist_dictatorship;Jackie National Union;;;;;;;;;;;;;x
RPP_presidential_dictatorship;Jackie Military Government;;;;;;;;;;;;;x
RPP_proletarian_dictatorship;Jackie People's Republic;;;;;;;;;;;;;x
RSR_bourgeois_dictatorship;Mika Free City;;;;;;;;;;;;;x
RSR_presidential_dictatorship;Mika Military Directorate;;;;;;;;;;;;;x
RUM_bourgeois_dictatorship;Goldenglow League of Autonomous Cities;;;;;;;;;;;;;x
RUM_fascist_dictatorship;Goldenglow National State;;;;;;;;;;;;;x
RUM_presidential_dictatorship;Goldenglow Military Regency;;;;;;;;;;;;;x
RUM_proletarian_dictatorship;Goldenglow People's Republic;;;;;;;;;;;;;x
RUT_bourgeois_dictatorship;Ibuki League of Local Autonomies;;;;;;;;;;;;;x
RUT_fascist_dictatorship;Ibuki National Unity State;;;;;;;;;;;;;x
RWA_bourgeois_dictatorship;Rwanda League of Autonomous Cities;;;;;;;;;;;;;x
RWA_fascist_dictatorship;Rwanda National Unity State;;;;;;;;;;;;;x
RWA_presidential_dictatorship;Rwanda Military Council;;;;;;;;;;;;;x
RWA_proletarian_dictatorship;Rwanda People's Republic;;;;;;;;;;;;;x
RYU_bourgeois_dictatorship;Chise Union of Autonomous Cities;;;;;;;;;;;;;x
RYU_fascist_dictatorship;Chise National Government;;;;;;;;;;;;;x
RYU_presidential_dictatorship;Chise Military Administration;;;;;;;;;;;;;x
RYU_proletarian_dictatorship;Chise People's Republic;;;;;;;;;;;;;x
SAA_bourgeois_dictatorship;Maho Nishizumi Free City;;;;;;;;;;;;;x
SAA_fascist_dictatorship;Maho Nishizumi National State;;;;;;;;;;;;;x
SAA_presidential_dictatorship;Maho Nishizumi Military Directorate;;;;;;;;;;;;;x
SAA_proletarian_dictatorship;Maho Nishizumi Council Republic;;;;;;;;;;;;;x
SAF_bourgeois_dictatorship;Heavyrain Civic Republic;;;;;;;;;;;;;x
SAF_fascist_dictatorship;Heavyrain National State;;;;;;;;;;;;;x
SAF_presidential_dictatorship;Heavyrain Commander-General's Territory;;;;;;;;;;;;;x
SAF_proletarian_dictatorship;Heavyrain Workers' Republic;;;;;;;;;;;;;x
SAK_bourgeois_dictatorship;Xu Fu League of Port Cities;;;;;;;;;;;;;x
SAK_fascist_dictatorship;Xu Fu National State;;;;;;;;;;;;;x
SAK_presidential_dictatorship;Xu Fu Military Government;;;;;;;;;;;;;x
SAK_proletarian_dictatorship;Xu Fu People's Republic;;;;;;;;;;;;;x
SAM_bourgeois_dictatorship;Breeze City Republic;;;;;;;;;;;;;x
SAM_fascist_dictatorship;Breeze National State;;;;;;;;;;;;;x
SAM_presidential_dictatorship;Breeze Military Council;;;;;;;;;;;;;x
SAM_proletarian_dictatorship;Breeze People's Republic;;;;;;;;;;;;;x
SAT_bourgeois_dictatorship;Tsubaki Union of Autonomous Cities;;;;;;;;;;;;;x
SAT_fascist_dictatorship;Tsubaki National Government;;;;;;;;;;;;;x
SAT_presidential_dictatorship;Tsubaki Military Administration;;;;;;;;;;;;;x
SAT_proletarian_dictatorship;Tsubaki People's Republic;;;;;;;;;;;;;x
SAX_bourgeois_dictatorship;Saori Takebe Free City;;;;;;;;;;;;;x
SAX_presidential_dictatorship;Saori Takebe Military Directorate;;;;;;;;;;;;;x
SBA_bourgeois_dictatorship;Buenos Aires Union of Sovereign States;;;;;;;;;;;;;x
SBA_fascist_dictatorship;Buenos Aires National Unity State;;;;;;;;;;;;;x
SBA_presidential_dictatorship;Buenos Aires Military Council;;;;;;;;;;;;;x
SBA_proletarian_dictatorship;Buenos Aires Socialist Republic;;;;;;;;;;;;;x
SBS_bourgeois_dictatorship;Frostnova League of Port Cities;;;;;;;;;;;;;x
SBS_fascist_dictatorship;Frostnova National State;;;;;;;;;;;;;x
SBS_presidential_dictatorship;Frostnova Military Government;;;;;;;;;;;;;x
SBS_proletarian_dictatorship;Frostnova People's Republic;;;;;;;;;;;;;x
SCA_bourgeois_dictatorship;Clara League of Autonomous Cities;;;;;;;;;;;;;x
SCA_fascist_dictatorship;Clara National State;;;;;;;;;;;;;x
SCA_presidential_dictatorship;Clara State Council;;;;;;;;;;;;;x
SCH_bourgeois_dictatorship;White Stork League of Autonomous Cities;;;;;;;;;;;;;x
SCH_presidential_dictatorship;White Stork State Council;;;;;;;;;;;;;x
SCL_bourgeois_dictatorship;Scathach Free City;;;;;;;;;;;;;x
SCL_presidential_dictatorship;Scathach Military Directorate;;;;;;;;;;;;;x
SCO_bourgeois_dictatorship;Nozomi Merchant Federation;;;;;;;;;;;;;x
SCO_fascist_dictatorship;Nozomi National Union;;;;;;;;;;;;;x
SCO_presidential_dictatorship;Nozomi Lord Protectorate;;;;;;;;;;;;;x
SCO_proletarian_dictatorship;Nozomi Workers' Republic;;;;;;;;;;;;;x
SDB_bourgeois_dictatorship;Manhattan Cafe Free City;;;;;;;;;;;;;x
SDB_fascist_dictatorship;Manhattan Cafe National State;;;;;;;;;;;;;x
SDB_presidential_dictatorship;Manhattan Cafe Military Directorate;;;;;;;;;;;;;x
SDB_proletarian_dictatorship;Manhattan Cafe Council Republic;;;;;;;;;;;;;x
SEG_bourgeois_dictatorship;Bamana League of Autonomous Cities;;;;;;;;;;;;;x
SEG_fascist_dictatorship;Bamana National Unity State;;;;;;;;;;;;;x
SEG_presidential_dictatorship;Bamana Military Council;;;;;;;;;;;;;x
SEG_proletarian_dictatorship;Bamana People's Republic;;;;;;;;;;;;;x
SEN_bourgeois_dictatorship;Tsukuyo Union of Autonomous Cities;;;;;;;;;;;;;x
SEN_fascist_dictatorship;Tsukuyo National Government;;;;;;;;;;;;;x
SEN_presidential_dictatorship;Tsukuyo Military Administration;;;;;;;;;;;;;x
SEN_proletarian_dictatorship;Tsukuyo People's Republic;;;;;;;;;;;;;x
SER_bourgeois_dictatorship;Surtr League of Autonomous Cities;;;;;;;;;;;;;x
SER_fascist_dictatorship;Surtr National State;;;;;;;;;;;;;x
SER_presidential_dictatorship;Surtr Military Regency;;;;;;;;;;;;;x
SER_proletarian_dictatorship;Surtr People's Republic;;;;;;;;;;;;;x
SEY_bourgeois_dictatorship;Seychelles Union of Sovereign States;;;;;;;;;;;;;x
SEY_fascist_dictatorship;Seychelles National Unity State;;;;;;;;;;;;;x
SEY_presidential_dictatorship;Seychelles Military Council;;;;;;;;;;;;;x
SEY_proletarian_dictatorship;Seychelles Socialist Republic;;;;;;;;;;;;;x
SGF_bourgeois_dictatorship;Agnes Tachyon Free City;;;;;;;;;;;;;x
SGF_fascist_dictatorship;Agnes Tachyon National State;;;;;;;;;;;;;x
SGF_presidential_dictatorship;Agnes Tachyon Military Directorate;;;;;;;;;;;;;x
SGF_proletarian_dictatorship;Agnes Tachyon Council Republic;;;;;;;;;;;;;x
SGM_bourgeois_dictatorship;Rice Shower Free City;;;;;;;;;;;;;x
SGM_presidential_dictatorship;Rice Shower Military Directorate;;;;;;;;;;;;;x
SGP_bourgeois_dictatorship;Qin Liangyu Union of Trading Houses;;;;;;;;;;;;;x
SGP_fascist_dictatorship;Qin Liangyu National Government;;;;;;;;;;;;;x
SGP_presidential_dictatorship;Qin Liangyu Military Government;;;;;;;;;;;;;x
SGP_proletarian_dictatorship;Qin Liangyu People's Republic;;;;;;;;;;;;;x
SHA_bourgeois_dictatorship;Chen Qianyu Merchant Union;;;;;;;;;;;;;x
SHA_fascist_dictatorship;Chen Qianyu National State;;;;;;;;;;;;;x
SHA_presidential_dictatorship;Chen Qianyu Military Council;;;;;;;;;;;;;x
SHA_proletarian_dictatorship;Chen Qianyu People's Republic;;;;;;;;;;;;;x
SHI_bourgeois_dictatorship;Bena Autonomous Merchant League;;;;;;;;;;;;;x
SHI_fascist_dictatorship;Bena National Union;;;;;;;;;;;;;x
SHI_presidential_dictatorship;Bena Military Government;;;;;;;;;;;;;x
SHI_proletarian_dictatorship;Bena People's Republic;;;;;;;;;;;;;x
SHK_bourgeois_dictatorship;Shilluk League of Autonomous Cities;;;;;;;;;;;;;x
SHK_fascist_dictatorship;Shilluk National Unity State;;;;;;;;;;;;;x
SHK_presidential_dictatorship;Shilluk Military Council;;;;;;;;;;;;;x
SHK_proletarian_dictatorship;Shilluk People's Republic;;;;;;;;;;;;;x
SHO_bourgeois_dictatorship;Shonaland League of Autonomous Cities;;;;;;;;;;;;;x
SHO_fascist_dictatorship;Shonaland National Unity State;;;;;;;;;;;;;x
SHO_presidential_dictatorship;Shonaland Military Council;;;;;;;;;;;;;x
SHO_proletarian_dictatorship;Shonaland People's Republic;;;;;;;;;;;;;x
SHW_bourgeois_dictatorship;Shewa League of Regional Autonomies;;;;;;;;;;;;;x
SHW_fascist_dictatorship;Shewa National Unity State;;;;;;;;;;;;;x
SHW_presidential_dictatorship;Shewa Military Council;;;;;;;;;;;;;x
SHW_proletarian_dictatorship;Shewa People's Republic;;;;;;;;;;;;;x
SIA_bourgeois_dictatorship;Revy Merchant Union;;;;;;;;;;;;;x
SIA_fascist_dictatorship;Revy National State;;;;;;;;;;;;;x
SIA_presidential_dictatorship;Revy Military Council;;;;;;;;;;;;;x
SIA_proletarian_dictatorship;Revy People's Republic;;;;;;;;;;;;;x
SIB_bourgeois_dictatorship;Rosa League of Local Autonomies;;;;;;;;;;;;;x
SIB_fascist_dictatorship;Rosa National Unity State;;;;;;;;;;;;;x
SIB_presidential_dictatorship;Rosa Military Council;;;;;;;;;;;;;x
SIB_proletarian_dictatorship;Rosa Soviet Republic;;;;;;;;;;;;;x
SIC_bourgeois_dictatorship;Nero Claudius City Republic;;;;;;;;;;;;;x
SIC_fascist_dictatorship;Nero Claudius National Unity State;;;;;;;;;;;;;x
SIC_presidential_dictatorship;Nero Claudius Consular Government;;;;;;;;;;;;;x
SIC_proletarian_dictatorship;Nero Claudius Socialist Republic;;;;;;;;;;;;;x
SID_bourgeois_dictatorship;Sidama League of Regional Autonomies;;;;;;;;;;;;;x
SID_fascist_dictatorship;Sidama National Unity State;;;;;;;;;;;;;x
SID_presidential_dictatorship;Sidama Military Council;;;;;;;;;;;;;x
SID_proletarian_dictatorship;Sidama People's Republic;;;;;;;;;;;;;x
SIE_bourgeois_dictatorship;Nicole City Union State;;;;;;;;;;;;;x
SIE_fascist_dictatorship;Nicole National State;;;;;;;;;;;;;x
SIE_presidential_dictatorship;Nicole Military Council;;;;;;;;;;;;;x
SIE_proletarian_dictatorship;Nicole People's Republic;;;;;;;;;;;;;x
SIK_bourgeois_dictatorship;Kazemaru League of Local Autonomies;;;;;;;;;;;;;x
SIK_fascist_dictatorship;Kazemaru National Unity State;;;;;;;;;;;;;x
SIK_presidential_dictatorship;Kazemaru Military Council;;;;;;;;;;;;;x
SIK_proletarian_dictatorship;Kazemaru People's Republic;;;;;;;;;;;;;x
SIN_bourgeois_dictatorship;Morgan Merchant Council;;;;;;;;;;;;;x
SIN_fascist_dictatorship;Morgan National Unity State;;;;;;;;;;;;;x
SIN_presidential_dictatorship;Morgan Military Government;;;;;;;;;;;;;x
SIN_proletarian_dictatorship;Morgan People's Republic;;;;;;;;;;;;;x
SLA_bourgeois_dictatorship;Yang Guifei Merchant Union;;;;;;;;;;;;;x
SLA_fascist_dictatorship;Yang Guifei National State;;;;;;;;;;;;;x
SLA_presidential_dictatorship;Yang Guifei Military Council;;;;;;;;;;;;;x
SLA_proletarian_dictatorship;Yang Guifei People's Republic;;;;;;;;;;;;;x
SLE_bourgeois_dictatorship;Sierra Leone League of Autonomous Cities;;;;;;;;;;;;;x
SLE_fascist_dictatorship;Sierra Leone National Unity State;;;;;;;;;;;;;x
SLE_presidential_dictatorship;Sierra Leone Military Council;;;;;;;;;;;;;x
SLE_proletarian_dictatorship;Sierra Leone People's Republic;;;;;;;;;;;;;x
SLG_bourgeois_dictatorship;Wu Zetian League of Port Cities;;;;;;;;;;;;;x
SLG_fascist_dictatorship;Wu Zetian National State;;;;;;;;;;;;;x
SLG_presidential_dictatorship;Wu Zetian Military Government;;;;;;;;;;;;;x
SLG_proletarian_dictatorship;Wu Zetian People's Republic;;;;;;;;;;;;;x
SLO_bourgeois_dictatorship;Sussurro League of Autonomous Cities;;;;;;;;;;;;;x
SLO_fascist_dictatorship;Sussurro National State;;;;;;;;;;;;;x
SLO_presidential_dictatorship;Sussurro Military Regency;;;;;;;;;;;;;x
SLO_proletarian_dictatorship;Sussurro People's Republic;;;;;;;;;;;;;x
SLS_bourgeois_dictatorship;Gold Ship Aristocratic Republic;;;;;;;;;;;;;x
SLS_fascist_dictatorship;Gold Ship National Union;;;;;;;;;;;;;x
SLS_presidential_dictatorship;Gold Ship Military Directorate;;;;;;;;;;;;;x
SLS_proletarian_dictatorship;Gold Ship People's Republic;;;;;;;;;;;;;x
SLV_bourgeois_dictatorship;Kongou League of Autonomous Cities;;;;;;;;;;;;;x
SLV_fascist_dictatorship;Kongou National State;;;;;;;;;;;;;x
SLV_presidential_dictatorship;Kongou Military Regency;;;;;;;;;;;;;x
SLV_proletarian_dictatorship;Kongou People's Republic;;;;;;;;;;;;;x
SLW_bourgeois_dictatorship;Priestess League of Port Cities;;;;;;;;;;;;;x
SLW_fascist_dictatorship;Priestess National State;;;;;;;;;;;;;x
SLW_presidential_dictatorship;Priestess Military Government;;;;;;;;;;;;;x
SLW_proletarian_dictatorship;Priestess People's Republic;;;;;;;;;;;;;x
SMO_bourgeois_dictatorship;Mar. 7th League of Autonomous Islands;;;;;;;;;;;;;x
SMO_fascist_dictatorship;Mar. 7th National Unity State;;;;;;;;;;;;;x
SMO_presidential_dictatorship;Mar. 7th Military Council;;;;;;;;;;;;;x
SMO_proletarian_dictatorship;Mar. 7th Republic of Communities;;;;;;;;;;;;;x
SMR_bourgeois_dictatorship;Fujiko Mine City Republic;;;;;;;;;;;;;x
SMR_fascist_dictatorship;Fujiko Mine National Unity State;;;;;;;;;;;;;x
SMR_presidential_dictatorship;Fujiko Mine Consular Government;;;;;;;;;;;;;x
SMR_proletarian_dictatorship;Fujiko Mine Socialist Republic;;;;;;;;;;;;;x
SNG_bourgeois_dictatorship;Senegal League of Merchant Cities;;;;;;;;;;;;;x
SNG_fascist_dictatorship;Senegal National Unity State;;;;;;;;;;;;;x
SNG_presidential_dictatorship;Senegal Military Council;;;;;;;;;;;;;x
SNG_proletarian_dictatorship;Senegal People's Republic;;;;;;;;;;;;;x
SOK_bourgeois_dictatorship;Sokoto League of Merchant Cities;;;;;;;;;;;;;x
SOK_fascist_dictatorship;Sokoto National Unity State;;;;;;;;;;;;;x
SOK_presidential_dictatorship;Sokoto Military Council;;;;;;;;;;;;;x
SOK_proletarian_dictatorship;Sokoto People's Republic;;;;;;;;;;;;;x
SOM_bourgeois_dictatorship;Somaliland League of Port Cities;;;;;;;;;;;;;x
SOM_fascist_dictatorship;Somaliland National State;;;;;;;;;;;;;x
SOM_presidential_dictatorship;Somaliland Military Council;;;;;;;;;;;;;x
SON_bourgeois_dictatorship;Silence Union of Sovereign States;;;;;;;;;;;;;x
SON_fascist_dictatorship;Silence National Union;;;;;;;;;;;;;x
SON_presidential_dictatorship;Silence Military Government;;;;;;;;;;;;;x
SON_proletarian_dictatorship;Silence Socialist Federation;;;;;;;;;;;;;x
SPA_bourgeois_dictatorship;Spain Union of Cities;;;;;;;;;;;;;x
SPL_bourgeois_dictatorship;Sao Paulo Union of Sovereign States;;;;;;;;;;;;;x
SPL_fascist_dictatorship;Sao Paulo National Unity State;;;;;;;;;;;;;x
SPL_presidential_dictatorship;Sao Paulo Military Government;;;;;;;;;;;;;x
SPL_proletarian_dictatorship;Sao Paulo Socialist Federation;;;;;;;;;;;;;x
SPU_bourgeois_dictatorship;South Peru Union of Sovereign States;;;;;;;;;;;;;x
SPU_fascist_dictatorship;South Peru National Unity State;;;;;;;;;;;;;x
SPU_presidential_dictatorship;South Peru Military Council;;;;;;;;;;;;;x
SPU_proletarian_dictatorship;South Peru Socialist Republic;;;;;;;;;;;;;x
SRD_bourgeois_dictatorship;Vittorio Veneto City Republic;;;;;;;;;;;;;x
SRD_fascist_dictatorship;Vittorio Veneto National Unity State;;;;;;;;;;;;;x
SRD_presidential_dictatorship;Vittorio Veneto Consular Government;;;;;;;;;;;;;x
SRD_proletarian_dictatorship;Vittorio Veneto Socialist Republic;;;;;;;;;;;;;x
SRG_bourgeois_dictatorship;Gitano Autonomous Merchant League;;;;;;;;;;;;;x
SRG_fascist_dictatorship;Gitano National Union;;;;;;;;;;;;;x
SRG_presidential_dictatorship;Gitano Military Government;;;;;;;;;;;;;x
SRG_proletarian_dictatorship;Gitano People's Republic;;;;;;;;;;;;;x
SRI_bourgeois_dictatorship;Signora Autonomous Merchant League;;;;;;;;;;;;;x
SRI_fascist_dictatorship;Signora National Union;;;;;;;;;;;;;x
SRI_presidential_dictatorship;Signora Military Government;;;;;;;;;;;;;x
SRI_proletarian_dictatorship;Signora People's Republic;;;;;;;;;;;;;x
SRN_bourgeois_dictatorship;Seelie Tribal Council State;;;;;;;;;;;;;x
SRN_fascist_dictatorship;Seelie National Unity State;;;;;;;;;;;;;x
SRN_presidential_dictatorship;Seelie Military Council;;;;;;;;;;;;;x
SRN_proletarian_dictatorship;Seelie People's Republic;;;;;;;;;;;;;x
SRS_bourgeois_dictatorship;Mejiro Mcqueen Free City;;;;;;;;;;;;;x
SRS_presidential_dictatorship;Mejiro Mcqueen Military Directorate;;;;;;;;;;;;;x
STG_bourgeois_dictatorship;Talulah League of Port Cities;;;;;;;;;;;;;x
STG_fascist_dictatorship;Talulah National State;;;;;;;;;;;;;x
STG_presidential_dictatorship;Talulah Military Government;;;;;;;;;;;;;x
STG_proletarian_dictatorship;Talulah People's Republic;;;;;;;;;;;;;x
STH_bourgeois_dictatorship;Ajax Free City;;;;;;;;;;;;;x
STH_fascist_dictatorship;Ajax National State;;;;;;;;;;;;;x
STH_presidential_dictatorship;Ajax Military Directorate;;;;;;;;;;;;;x
STH_proletarian_dictatorship;Ajax Council Republic;;;;;;;;;;;;;x
STK_bourgeois_dictatorship;Ifrit Merchant Federation;;;;;;;;;;;;;x
STK_fascist_dictatorship;Ifrit National Union;;;;;;;;;;;;;x
STK_presidential_dictatorship;Ifrit Lord Protectorate;;;;;;;;;;;;;x
STK_proletarian_dictatorship;Ifrit Workers' Republic;;;;;;;;;;;;;x
SUD_bourgeois_dictatorship;Sudan Merchant Council;;;;;;;;;;;;;x
SUD_fascist_dictatorship;Sudan National Unity State;;;;;;;;;;;;;x
SUD_presidential_dictatorship;Sudan Military Council;;;;;;;;;;;;;x
SUD_proletarian_dictatorship;Sudan Socialist Republic;;;;;;;;;;;;;x
SUL_bourgeois_dictatorship;Vulpisfoglia League of Port Cities;;;;;;;;;;;;;x
SUL_fascist_dictatorship;Vulpisfoglia National State;;;;;;;;;;;;;x
SUL_presidential_dictatorship;Vulpisfoglia Military Government;;;;;;;;;;;;;x
SUL_proletarian_dictatorship;Vulpisfoglia People's Republic;;;;;;;;;;;;;x
SUR_bourgeois_dictatorship;Aino Autonomous Merchant League;;;;;;;;;;;;;x
SUR_fascist_dictatorship;Aino National Union;;;;;;;;;;;;;x
SUR_presidential_dictatorship;Aino Military Government;;;;;;;;;;;;;x
SUR_proletarian_dictatorship;Aino People's Republic;;;;;;;;;;;;;x
SVY_bourgeois_dictatorship;Leonardo Da Vinci City Republic;;;;;;;;;;;;;x
SVY_fascist_dictatorship;Leonardo Da Vinci National Unity State;;;;;;;;;;;;;x
SVY_presidential_dictatorship;Leonardo Da Vinci Consular Government;;;;;;;;;;;;;x
SVY_proletarian_dictatorship;Leonardo Da Vinci Socialist Republic;;;;;;;;;;;;;x
SWA_bourgeois_dictatorship;Scene Tribal Council State;;;;;;;;;;;;;x
SWA_fascist_dictatorship;Scene National Unity State;;;;;;;;;;;;;x
SWA_presidential_dictatorship;Scene Military Council;;;;;;;;;;;;;x
SWA_proletarian_dictatorship;Scene People's Republic;;;;;;;;;;;;;x
SWE_bourgeois_dictatorship;Belobog League of Autonomous Cities;;;;;;;;;;;;;x
SWE_fascist_dictatorship;Belobog National State;;;;;;;;;;;;;x
SWE_presidential_dictatorship;Belobog State Council;;;;;;;;;;;;;x
SWE_proletarian_dictatorship;Belobog Socialist Republic;;;;;;;;;;;;;x
SWG_bourgeois_dictatorship;Tokai Teio Free City;;;;;;;;;;;;;x
SWG_presidential_dictatorship;Tokai Teio Military Directorate;;;;;;;;;;;;;x
SWH_bourgeois_dictatorship;Oguri Cap Free City;;;;;;;;;;;;;x
SWH_presidential_dictatorship;Oguri Cap Military Directorate;;;;;;;;;;;;;x
SWI_bourgeois_dictatorship;Emma Verde Free City;;;;;;;;;;;;;x
SWI_fascist_dictatorship;Emma Verde National State;;;;;;;;;;;;;x
SWI_presidential_dictatorship;Emma Verde Military Directorate;;;;;;;;;;;;;x
SWI_proletarian_dictatorship;Emma Verde Council Republic;;;;;;;;;;;;;x
SWK_bourgeois_dictatorship;Perlica Merchant Union;;;;;;;;;;;;;x
SWK_presidential_dictatorship;Perlica Military Council;;;;;;;;;;;;;x
SWK_proletarian_dictatorship;Perlica People's Republic;;;;;;;;;;;;;x
SXI_bourgeois_dictatorship;Beidou Union of Trading Houses;;;;;;;;;;;;;x
SXI_fascist_dictatorship;Beidou National Government;;;;;;;;;;;;;x
SXI_proletarian_dictatorship;Beidou People's Republic;;;;;;;;;;;;;x
SYC_bourgeois_dictatorship;Emilie City Republic;;;;;;;;;;;;;x
SYC_fascist_dictatorship;Emilie National Unity State;;;;;;;;;;;;;x
SYC_presidential_dictatorship;Emilie Consular Government;;;;;;;;;;;;;x
SYC_proletarian_dictatorship;Emilie Socialist Republic;;;;;;;;;;;;;x
SYR_bourgeois_dictatorship;Alice Merchant Council;;;;;;;;;;;;;x
SYR_fascist_dictatorship;Alice National Unity State;;;;;;;;;;;;;x
SYR_presidential_dictatorship;Alice Military Council;;;;;;;;;;;;;x
SYR_proletarian_dictatorship;Alice Socialist Republic;;;;;;;;;;;;;x
SZC_bourgeois_dictatorship;Yun Jin Union of Trading Houses;;;;;;;;;;;;;x
SZC_fascist_dictatorship;Yun Jin National Government;;;;;;;;;;;;;x
SZC_proletarian_dictatorship;Yun Jin People's Republic;;;;;;;;;;;;;x
TAH_bourgeois_dictatorship;Serval League of Autonomous Islands;;;;;;;;;;;;;x
TAH_fascist_dictatorship;Serval National Unity State;;;;;;;;;;;;;x
TAH_presidential_dictatorship;Serval Military Council;;;;;;;;;;;;;x
TAH_proletarian_dictatorship;Serval Republic of Communities;;;;;;;;;;;;;x
TAI_bourgeois_dictatorship;Xinyan Union of Trading Houses;;;;;;;;;;;;;x
TAI_fascist_dictatorship;Xinyan National Government;;;;;;;;;;;;;x
TAI_presidential_dictatorship;Xinyan Military Government;;;;;;;;;;;;;x
TAI_proletarian_dictatorship;Xinyan People's Republic;;;;;;;;;;;;;x
TAJ_bourgeois_dictatorship;Carnelian Merchant Council;;;;;;;;;;;;;x
TAJ_fascist_dictatorship;Carnelian National State;;;;;;;;;;;;;x
TAJ_presidential_dictatorship;Carnelian Military Government;;;;;;;;;;;;;x
TAJ_proletarian_dictatorship;Carnelian People's Republic;;;;;;;;;;;;;x
TAR_bourgeois_dictatorship;Manticore League of Merchant Cities;;;;;;;;;;;;;x
TAR_fascist_dictatorship;Manticore National Unity State;;;;;;;;;;;;;x
TAR_presidential_dictatorship;Manticore Military Council;;;;;;;;;;;;;x
TAR_proletarian_dictatorship;Manticore People's Republic;;;;;;;;;;;;;x
TBS_bourgeois_dictatorship;Jessica Union of Sovereign States;;;;;;;;;;;;;x
TCA_bourgeois_dictatorship;Snezhnaya Fatui League of Local Autonomies;;;;;;;;;;;;;x
TCA_fascist_dictatorship;Snezhnaya Fatui National Unity State;;;;;;;;;;;;;x
TCA_presidential_dictatorship;Snezhnaya Fatui Military Council;;;;;;;;;;;;;x
TCA_proletarian_dictatorship;Snezhnaya Fatui Soviet Republic;;;;;;;;;;;;;x
TEX_bourgeois_dictatorship;Magallan Union of Sovereign States;;;;;;;;;;;;;x
TEX_fascist_dictatorship;Magallan National Union;;;;;;;;;;;;;x
TEX_proletarian_dictatorship;Magallan Socialist Federation;;;;;;;;;;;;;x
TGA_bourgeois_dictatorship;Australian Devil League of Autonomous Islands;;;;;;;;;;;;;x
TGA_fascist_dictatorship;Australian Devil National Unity State;;;;;;;;;;;;;x
TGA_presidential_dictatorship;Australian Devil Military Council;;;;;;;;;;;;;x
TGA_proletarian_dictatorship;Australian Devil Republic of Communities;;;;;;;;;;;;;x
TIB_bourgeois_dictatorship;Gaming League of Local Autonomies;;;;;;;;;;;;;x
TIB_fascist_dictatorship;Gaming National Unity State;;;;;;;;;;;;;x
TIB_presidential_dictatorship;Gaming Military Council;;;;;;;;;;;;;x
TIB_proletarian_dictatorship;Gaming People's Republic;;;;;;;;;;;;;x
TIG_bourgeois_dictatorship;Tigray League of Regional Autonomies;;;;;;;;;;;;;x
TIG_fascist_dictatorship;Tigray National Unity State;;;;;;;;;;;;;x
TIG_presidential_dictatorship;Tigray Military Council;;;;;;;;;;;;;x
TIG_proletarian_dictatorship;Tigray People's Republic;;;;;;;;;;;;;x
TKG_bourgeois_dictatorship;Hyakkiyako Commerce Club Board;;;;;;;;;;;;;x
TKM_bourgeois_dictatorship;Tuye League of Merchant Cities;;;;;;;;;;;;;x
TKM_fascist_dictatorship;Tuye National Unity State;;;;;;;;;;;;;x
TKM_presidential_dictatorship;Tuye Military Council;;;;;;;;;;;;;x
TKM_proletarian_dictatorship;Tuye People's Republic;;;;;;;;;;;;;x
TKS_bourgeois_dictatorship;Vanilla League of Merchant Cities;;;;;;;;;;;;;x
TKS_fascist_dictatorship;Vanilla National Unity State;;;;;;;;;;;;;x
TKS_presidential_dictatorship;Vanilla Military Council;;;;;;;;;;;;;x
TKS_proletarian_dictatorship;Vanilla People's Republic;;;;;;;;;;;;;x
TMR_bourgeois_dictatorship;Mon3tr League of Autonomous Islands;;;;;;;;;;;;;x
TMR_fascist_dictatorship;Mon3tr National Unity State;;;;;;;;;;;;;x
TMR_presidential_dictatorship;Mon3tr Military Council;;;;;;;;;;;;;x
TMR_proletarian_dictatorship;Mon3tr Republic of Communities;;;;;;;;;;;;;x
TMT_bourgeois_dictatorship;Shoebill League of Autonomous Islands;;;;;;;;;;;;;x
TMT_fascist_dictatorship;Shoebill National Unity State;;;;;;;;;;;;;x
TMT_presidential_dictatorship;Shoebill Military Council;;;;;;;;;;;;;x
TMT_proletarian_dictatorship;Shoebill Republic of Communities;;;;;;;;;;;;;x
TNT_bourgeois_dictatorship;Istina League of Merchant Cities;;;;;;;;;;;;;x
TNT_fascist_dictatorship;Istina National Unity State;;;;;;;;;;;;;x
TNT_presidential_dictatorship;Istina Military Council;;;;;;;;;;;;;x
TNT_proletarian_dictatorship;Istina People's Republic;;;;;;;;;;;;;x
TNZ_bourgeois_dictatorship;Tanganyika League of Autonomous Cities;;;;;;;;;;;;;x
TNZ_fascist_dictatorship;Tanganyika National Unity State;;;;;;;;;;;;;x
TNZ_presidential_dictatorship;Tanganyika Military Council;;;;;;;;;;;;;x
TNZ_proletarian_dictatorship;Tanganyika People's Republic;;;;;;;;;;;;;x
TOG_bourgeois_dictatorship;Togo League of Autonomous Cities;;;;;;;;;;;;;x
TOG_fascist_dictatorship;Togo National Unity State;;;;;;;;;;;;;x
TOG_presidential_dictatorship;Togo Military Council;;;;;;;;;;;;;x
TOG_proletarian_dictatorship;Togo People's Republic;;;;;;;;;;;;;x
TOO_bourgeois_dictatorship;Futa Toro League of Merchant Cities;;;;;;;;;;;;;x
TOO_fascist_dictatorship;Futa Toro National Unity State;;;;;;;;;;;;;x
TOO_presidential_dictatorship;Futa Toro Military Council;;;;;;;;;;;;;x
TOO_proletarian_dictatorship;Futa Toro People's Republic;;;;;;;;;;;;;x
TOR_bourgeois_dictatorship;Toro League of Autonomous Cities;;;;;;;;;;;;;x
TOR_fascist_dictatorship;Toro National Unity State;;;;;;;;;;;;;x
TOR_presidential_dictatorship;Toro Military Council;;;;;;;;;;;;;x
TOR_proletarian_dictatorship;Toro People's Republic;;;;;;;;;;;;;x
TOS_bourgeois_dictatorship;Mimori Union of Autonomous Cities;;;;;;;;;;;;;x
TOS_fascist_dictatorship;Mimori National Government;;;;;;;;;;;;;x
TOS_presidential_dictatorship;Mimori Military Administration;;;;;;;;;;;;;x
TOS_proletarian_dictatorship;Mimori People's Republic;;;;;;;;;;;;;x
TRA_bourgeois_dictatorship;Skirk Autonomous Merchant League;;;;;;;;;;;;;x
TRA_fascist_dictatorship;Skirk National Union;;;;;;;;;;;;;x
TRA_presidential_dictatorship;Skirk Military Government;;;;;;;;;;;;;x
TRA_proletarian_dictatorship;Skirk People's Republic;;;;;;;;;;;;;x
TRE_bourgeois_dictatorship;Jean Bart City Republic;;;;;;;;;;;;;x
TRE_fascist_dictatorship;Jean Bart National Unity State;;;;;;;;;;;;;x
TRE_presidential_dictatorship;Jean Bart Consular Government;;;;;;;;;;;;;x
TRE_proletarian_dictatorship;Jean Bart Socialist Republic;;;;;;;;;;;;;x
TRI_bourgeois_dictatorship;Kiyohime Merchant Council;;;;;;;;;;;;;x
TRI_fascist_dictatorship;Kiyohime National Unity State;;;;;;;;;;;;;x
TRI_presidential_dictatorship;Kiyohime Military Council;;;;;;;;;;;;;x
TRI_proletarian_dictatorship;Kiyohime Socialist Republic;;;;;;;;;;;;;x
TRN_bourgeois_dictatorship;Transvaal Civic Republic;;;;;;;;;;;;;x
TRN_fascist_dictatorship;Transvaal National State;;;;;;;;;;;;;x
TRN_presidential_dictatorship;Transvaal Commander-General's Territory;;;;;;;;;;;;;x
TRN_proletarian_dictatorship;Transvaal Workers' Republic;;;;;;;;;;;;;x
TRP_bourgeois_dictatorship;Ineffa Autonomous Merchant League;;;;;;;;;;;;;x
TRP_fascist_dictatorship;Ineffa National Union;;;;;;;;;;;;;x
TRP_presidential_dictatorship;Ineffa Military Government;;;;;;;;;;;;;x
TRP_proletarian_dictatorship;Ineffa People's Republic;;;;;;;;;;;;;x
TST_bourgeois_dictatorship;Silence Suzuka City Republic;;;;;;;;;;;;;x
TST_fascist_dictatorship;Silence Suzuka National Unity State;;;;;;;;;;;;;x
TST_presidential_dictatorship;Silence Suzuka Consular Government;;;;;;;;;;;;;x
TST_proletarian_dictatorship;Silence Suzuka Socialist Republic;;;;;;;;;;;;;x
TSW_bourgeois_dictatorship;Botswana League of Autonomous Cities;;;;;;;;;;;;;x
TSW_fascist_dictatorship;Botswana National Unity State;;;;;;;;;;;;;x
TSW_presidential_dictatorship;Botswana Military Council;;;;;;;;;;;;;x
TSW_proletarian_dictatorship;Botswana People's Republic;;;;;;;;;;;;;x
TTB_bourgeois_dictatorship;Sims Union of Sovereign States;;;;;;;;;;;;;x
TTB_fascist_dictatorship;Sims National Unity State;;;;;;;;;;;;;x
TTB_presidential_dictatorship;Sims Military Council;;;;;;;;;;;;;x
TTB_proletarian_dictatorship;Sims Socialist Republic;;;;;;;;;;;;;x
TUG_bourgeois_dictatorship;Koyanskaya Merchant Council;;;;;;;;;;;;;x
TUG_fascist_dictatorship;Koyanskaya National Unity State;;;;;;;;;;;;;x
TUG_presidential_dictatorship;Koyanskaya Military Council;;;;;;;;;;;;;x
TUG_proletarian_dictatorship;Koyanskaya Socialist Republic;;;;;;;;;;;;;x
TUN_bourgeois_dictatorship;Serika Merchant Council;;;;;;;;;;;;;x
TUN_fascist_dictatorship;Serika National Unity State;;;;;;;;;;;;;x
TUN_presidential_dictatorship;Serika Military Council;;;;;;;;;;;;;x
TUN_proletarian_dictatorship;Serika Socialist Republic;;;;;;;;;;;;;x
TUS_bourgeois_dictatorship;Gascogne City Republic;;;;;;;;;;;;;x
TUS_fascist_dictatorship;Gascogne National Unity State;;;;;;;;;;;;;x
TUS_presidential_dictatorship;Gascogne Consular Government;;;;;;;;;;;;;x
TUS_proletarian_dictatorship;Gascogne Socialist Republic;;;;;;;;;;;;;x
U01_bourgeois_dictatorship;Lily Hoshikawa Merchant Federation;;;;;;;;;;;;;x
U01_fascist_dictatorship;Lily Hoshikawa National Union;;;;;;;;;;;;;x
U01_presidential_dictatorship;Lily Hoshikawa Lord Protectorate;;;;;;;;;;;;;x
U01_proletarian_dictatorship;Lily Hoshikawa Workers' Republic;;;;;;;;;;;;;x
U02_bourgeois_dictatorship;Junko Konno Merchant Federation;;;;;;;;;;;;;x
U02_fascist_dictatorship;Junko Konno National Union;;;;;;;;;;;;;x
U02_presidential_dictatorship;Junko Konno Lord Protectorate;;;;;;;;;;;;;x
U02_proletarian_dictatorship;Junko Konno Workers' Republic;;;;;;;;;;;;;x
UBD_bourgeois_dictatorship;Hornet Free City;;;;;;;;;;;;;x
UCA_bourgeois_dictatorship;Nezha Tribal Confederation Union of Sovereign States;;;;;;;;;;;;;x
UCA_fascist_dictatorship;Nezha Tribal Confederation National Unity State;;;;;;;;;;;;;x
UCA_presidential_dictatorship;Nezha Tribal Confederation Military Council;;;;;;;;;;;;;x
UCV_bourgeois_dictatorship;Brynhildr Union of Trading Houses;;;;;;;;;;;;;x
UCV_fascist_dictatorship;Brynhildr National Government;;;;;;;;;;;;;x
UCV_presidential_dictatorship;Brynhildr Military Government;;;;;;;;;;;;;x
UCV_proletarian_dictatorship;Brynhildr People's Republic;;;;;;;;;;;;;x
UIL_bourgeois_dictatorship;Franka Union of Sovereign States;;;;;;;;;;;;;x
UKR_bourgeois_dictatorship;Danica City Autonomous League;;;;;;;;;;;;;x
UKR_fascist_dictatorship;Danica National Unity State;;;;;;;;;;;;;x
UKR_presidential_dictatorship;Danica Directorate;;;;;;;;;;;;;x
UKR_proletarian_dictatorship;Danica Soviet Republic;;;;;;;;;;;;;x
UKY_bourgeois_dictatorship;Pinecone Union of Sovereign States;;;;;;;;;;;;;x
UKY_fascist_dictatorship;Pinecone National Union;;;;;;;;;;;;;x
UKY_presidential_dictatorship;Pinecone Military Government;;;;;;;;;;;;;x
UKY_proletarian_dictatorship;Pinecone Socialist Federation;;;;;;;;;;;;;x
UNB_bourgeois_dictatorship;Enterprise Union of Sovereign States;;;;;;;;;;;;;x
UNB_fascist_dictatorship;Enterprise National Union;;;;;;;;;;;;;x
UNB_presidential_dictatorship;Enterprise Military Government;;;;;;;;;;;;;x
UNB_proletarian_dictatorship;Enterprise Socialist Federation;;;;;;;;;;;;;x
UNM_bourgeois_dictatorship;Cleveland Autonomous Tribal Confederation;;;;;;;;;;;;;x
UNM_fascist_dictatorship;Cleveland National Unity State;;;;;;;;;;;;;x
UNM_presidential_dictatorship;Cleveland Warriors' Council;;;;;;;;;;;;;x
UOR_bourgeois_dictatorship;Essex Union of Sovereign States;;;;;;;;;;;;;x
UOR_presidential_dictatorship;Essex Military Government;;;;;;;;;;;;;x
URA_bourgeois_dictatorship;Absinthe League of Local Autonomies;;;;;;;;;;;;;x
URA_fascist_dictatorship;Absinthe National Unity State;;;;;;;;;;;;;x
URA_presidential_dictatorship;Absinthe Military Council;;;;;;;;;;;;;x
URM_bourgeois_dictatorship;Raiden Merchant Republic;;;;;;;;;;;;;x
URM_fascist_dictatorship;Raiden National Unity State;;;;;;;;;;;;;x
URM_presidential_dictatorship;Raiden Military Council;;;;;;;;;;;;;x
URM_proletarian_dictatorship;Raiden People's Republic;;;;;;;;;;;;;x
URP_bourgeois_dictatorship;Eyjafjalla League of Autonomous Cities;;;;;;;;;;;;;x
URP_fascist_dictatorship;Eyjafjalla National State;;;;;;;;;;;;;x
URP_presidential_dictatorship;Eyjafjalla Military Regency;;;;;;;;;;;;;x
URP_proletarian_dictatorship;Eyjafjalla People's Republic;;;;;;;;;;;;;x
URU_bourgeois_dictatorship;Uruguay Union of Sovereign States;;;;;;;;;;;;;x
URU_fascist_dictatorship;Uruguay National Unity State;;;;;;;;;;;;;x
URU_presidential_dictatorship;Uruguay Military Council;;;;;;;;;;;;;x
URU_proletarian_dictatorship;Uruguay Socialist Republic;;;;;;;;;;;;;x
USS_bourgeois_dictatorship;United States of South America Union of Sovereign States;;;;;;;;;;;;;x
USS_presidential_dictatorship;United States of South America Military Government;;;;;;;;;;;;;x
UTI_bourgeois_dictatorship;Sakura Minamoto Merchant Federation;;;;;;;;;;;;;x
UTI_fascist_dictatorship;Sakura Minamoto National Union;;;;;;;;;;;;;x
UTI_presidential_dictatorship;Sakura Minamoto Lord Protectorate;;;;;;;;;;;;;x
UTI_proletarian_dictatorship;Sakura Minamoto Workers' Republic;;;;;;;;;;;;;x
UUW_bourgeois_dictatorship;Ussuwi League of Autonomous Cities;;;;;;;;;;;;;x
UUW_fascist_dictatorship;Ussuwi National Unity State;;;;;;;;;;;;;x
UUW_presidential_dictatorship;Ussuwi Military Council;;;;;;;;;;;;;x
UUW_proletarian_dictatorship;Ussuwi People's Republic;;;;;;;;;;;;;x
UVT_bourgeois_dictatorship;Saratoga Union of Sovereign States;;;;;;;;;;;;;x
UVT_fascist_dictatorship;Saratoga National Union;;;;;;;;;;;;;x
UVT_presidential_dictatorship;Saratoga Military Government;;;;;;;;;;;;;x
UVT_proletarian_dictatorship;Saratoga Socialist Federation;;;;;;;;;;;;;x
UYG_bourgeois_dictatorship;Lan Yan League of Merchant Cities;;;;;;;;;;;;;x
UYG_fascist_dictatorship;Lan Yan National Unity State;;;;;;;;;;;;;x
UYG_presidential_dictatorship;Lan Yan Military Council;;;;;;;;;;;;;x
UYG_proletarian_dictatorship;Lan Yan People's Republic;;;;;;;;;;;;;x
UZB_bourgeois_dictatorship;Bubble League of Merchant Cities;;;;;;;;;;;;;x
UZB_fascist_dictatorship;Bubble National Unity State;;;;;;;;;;;;;x
UZB_presidential_dictatorship;Bubble Military Council;;;;;;;;;;;;;x
UZB_proletarian_dictatorship;Bubble People's Republic;;;;;;;;;;;;;x
VAN_bourgeois_dictatorship;New Jersey Merchant Federation;;;;;;;;;;;;;x
VAN_fascist_dictatorship;New Jersey National Union;;;;;;;;;;;;;x
VAN_presidential_dictatorship;New Jersey Lord Protectorate;;;;;;;;;;;;;x
VAN_proletarian_dictatorship;New Jersey Workers' Republic;;;;;;;;;;;;;x
VEN_bourgeois_dictatorship;Saint-louis City Republic;;;;;;;;;;;;;x
VEN_fascist_dictatorship;Saint-louis National Unity State;;;;;;;;;;;;;x
VEN_proletarian_dictatorship;Saint-louis Socialist Republic;;;;;;;;;;;;;x
VLG_bourgeois_dictatorship;Z1 Leberecht Maass Free City;;;;;;;;;;;;;x
VLG_presidential_dictatorship;Z1 Leberecht Maass Military Directorate;;;;;;;;;;;;;x
VLK_bourgeois_dictatorship;South Africa Civic Republic;;;;;;;;;;;;;x
VLK_fascist_dictatorship;South Africa National State;;;;;;;;;;;;;x
VLK_presidential_dictatorship;South Africa Commander-General's Territory;;;;;;;;;;;;;x
VLP_bourgeois_dictatorship;Habetrot Union of Sovereign States;;;;;;;;;;;;;x
VLP_fascist_dictatorship;Habetrot National Unity State;;;;;;;;;;;;;x
VLP_presidential_dictatorship;Habetrot Military Council;;;;;;;;;;;;;x
VLP_proletarian_dictatorship;Habetrot Socialist Republic;;;;;;;;;;;;;x
VNG_bourgeois_dictatorship;Nagao Kagetora Union of Sovereign States;;;;;;;;;;;;;x
VNG_fascist_dictatorship;Nagao Kagetora National Unity State;;;;;;;;;;;;;x
VNG_presidential_dictatorship;Nagao Kagetora Military Council;;;;;;;;;;;;;x
VNG_proletarian_dictatorship;Nagao Kagetora Socialist Republic;;;;;;;;;;;;;x
VNS_bourgeois_dictatorship;Ibaraki Douji Union of Sovereign States;;;;;;;;;;;;;x
VNS_fascist_dictatorship;Ibaraki Douji National Unity State;;;;;;;;;;;;;x
VNS_presidential_dictatorship;Ibaraki Douji Military Council;;;;;;;;;;;;;x
VNS_proletarian_dictatorship;Ibaraki Douji Socialist Republic;;;;;;;;;;;;;x
VNZ_bourgeois_dictatorship;Venezuela Union of Sovereign States;;;;;;;;;;;;;x
VNZ_fascist_dictatorship;Venezuela National Unity State;;;;;;;;;;;;;x
VNZ_presidential_dictatorship;Venezuela Military Council;;;;;;;;;;;;;x
VNZ_proletarian_dictatorship;Venezuela Socialist Republic;;;;;;;;;;;;;x
VOJ_bourgeois_dictatorship;Hoshiguma League of Autonomous Cities;;;;;;;;;;;;;x
VOJ_fascist_dictatorship;Hoshiguma National State;;;;;;;;;;;;;x
VOJ_presidential_dictatorship;Hoshiguma Military Regency;;;;;;;;;;;;;x
VOJ_proletarian_dictatorship;Hoshiguma People's Republic;;;;;;;;;;;;;x
VOP_bourgeois_dictatorship;Space Ishtar Union of Sovereign States;;;;;;;;;;;;;x
VOP_fascist_dictatorship;Space Ishtar National Unity State;;;;;;;;;;;;;x
VOP_presidential_dictatorship;Space Ishtar Military Council;;;;;;;;;;;;;x
VOP_proletarian_dictatorship;Space Ishtar Socialist Republic;;;;;;;;;;;;;x
VTU_bourgeois_dictatorship;Sivatherium League of Autonomous Islands;;;;;;;;;;;;;x
VTU_fascist_dictatorship;Sivatherium National Unity State;;;;;;;;;;;;;x
VTU_presidential_dictatorship;Sivatherium Military Council;;;;;;;;;;;;;x
VTU_proletarian_dictatorship;Sivatherium Republic of Communities;;;;;;;;;;;;;x
WAD_bourgeois_dictatorship;Wadai League of Merchant Cities;;;;;;;;;;;;;x
WAD_fascist_dictatorship;Wadai National Unity State;;;;;;;;;;;;;x
WAD_presidential_dictatorship;Wadai Military Council;;;;;;;;;;;;;x
WAD_proletarian_dictatorship;Wadai People's Republic;;;;;;;;;;;;;x
WAL_bourgeois_dictatorship;Valerie Tepes League of Autonomous Cities;;;;;;;;;;;;;x
WAL_fascist_dictatorship;Valerie Tepes National State;;;;;;;;;;;;;x
WAL_presidential_dictatorship;Valerie Tepes Military Regency;;;;;;;;;;;;;x
WAL_proletarian_dictatorship;Valerie Tepes People's Republic;;;;;;;;;;;;;x
WAN_bourgeois_dictatorship;Wanga League of Autonomous Cities;;;;;;;;;;;;;x
WAN_fascist_dictatorship;Wanga National Unity State;;;;;;;;;;;;;x
WAN_presidential_dictatorship;Wanga Military Council;;;;;;;;;;;;;x
WAN_proletarian_dictatorship;Wanga People's Republic;;;;;;;;;;;;;x
WAS_bourgeois_dictatorship;Chito League of Free Cities;;;;;;;;;;;;;x
WAS_presidential_dictatorship;Chito Military Council;;;;;;;;;;;;;x
WAS_proletarian_dictatorship;Chito Council Republic;;;;;;;;;;;;;x
WEI_bourgeois_dictatorship;Daiwa Scarlet Free City;;;;;;;;;;;;;x
WEI_presidential_dictatorship;Daiwa Scarlet Military Directorate;;;;;;;;;;;;;x
WES_bourgeois_dictatorship;T.m. Opera O Free City;;;;;;;;;;;;;x
WES_fascist_dictatorship;T.m. Opera O National State;;;;;;;;;;;;;x
WES_presidential_dictatorship;T.m. Opera O Military Directorate;;;;;;;;;;;;;x
WES_proletarian_dictatorship;T.m. Opera O Council Republic;;;;;;;;;;;;;x
WHA_bourgeois_dictatorship;Koharu Merchant Federation;;;;;;;;;;;;;x
WHA_fascist_dictatorship;Koharu National Union;;;;;;;;;;;;;x
WHA_presidential_dictatorship;Koharu Lord Protectorate;;;;;;;;;;;;;x
WHA_proletarian_dictatorship;Koharu Workers' Republic;;;;;;;;;;;;;x
WIA_bourgeois_dictatorship;Ptilopsis Merchant Union;;;;;;;;;;;;;x
WIA_fascist_dictatorship;Ptilopsis National State;;;;;;;;;;;;;x
WIA_presidential_dictatorship;Ptilopsis Military Council;;;;;;;;;;;;;x
WIA_proletarian_dictatorship;Ptilopsis People's Republic;;;;;;;;;;;;;x
WIN_bourgeois_dictatorship;Alpaca Suri Union of Sovereign States;;;;;;;;;;;;;x
WIN_fascist_dictatorship;Alpaca Suri National Unity State;;;;;;;;;;;;;x
WIN_presidential_dictatorship;Alpaca Suri Military Council;;;;;;;;;;;;;x
WIN_proletarian_dictatorship;Alpaca Suri Socialist Republic;;;;;;;;;;;;;x
WLD_bourgeois_dictatorship;Nice Nature Free City;;;;;;;;;;;;;x
WLD_presidential_dictatorship;Nice Nature Military Directorate;;;;;;;;;;;;;x
WLL_bourgeois_dictatorship;Amber Directorate;;;;;;;;;;;;;x
WLL_fascist_dictatorship;Amber National State;;;;;;;;;;;;;x
WLL_presidential_dictatorship;Amber Consular Government;;;;;;;;;;;;;x
WLL_proletarian_dictatorship;Amber Commune;;;;;;;;;;;;;x
WOL_bourgeois_dictatorship;Wolof League of Merchant Cities;;;;;;;;;;;;;x
WOL_fascist_dictatorship;Wolof National Unity State;;;;;;;;;;;;;x
WOL_presidential_dictatorship;Wolof Military Council;;;;;;;;;;;;;x
WOL_proletarian_dictatorship;Wolof People's Republic;;;;;;;;;;;;;x
WRI_bourgeois_dictatorship;Warri League of Autonomous Cities;;;;;;;;;;;;;x
WRI_fascist_dictatorship;Warri National Unity State;;;;;;;;;;;;;x
WRI_presidential_dictatorship;Warri Military Council;;;;;;;;;;;;;x
WRI_proletarian_dictatorship;Warri People's Republic;;;;;;;;;;;;;x
WRL_bourgeois_dictatorship;Warsangali League of Port Cities;;;;;;;;;;;;;x
WRL_fascist_dictatorship;Warsangali National State;;;;;;;;;;;;;x
WRL_presidential_dictatorship;Warsangali Military Council;;;;;;;;;;;;;x
WRL_proletarian_dictatorship;Warsangali People's Republic;;;;;;;;;;;;;x
WSF_bourgeois_dictatorship;Tosa Aristocratic Republic;;;;;;;;;;;;;x
WSF_fascist_dictatorship;Tosa National Union;;;;;;;;;;;;;x
WSF_presidential_dictatorship;Tosa Military Directorate;;;;;;;;;;;;;x
WSF_proletarian_dictatorship;Tosa People's Republic;;;;;;;;;;;;;x
WUR_bourgeois_dictatorship;Tracen Free City;;;;;;;;;;;;;x
WUR_presidential_dictatorship;Tracen Military Directorate;;;;;;;;;;;;;x
XBI_bourgeois_dictatorship;Feixiao Union of Trading Houses;;;;;;;;;;;;;x
XBI_fascist_dictatorship;Feixiao National Government;;;;;;;;;;;;;x
XBI_proletarian_dictatorship;Feixiao People's Republic;;;;;;;;;;;;;x
XHO_bourgeois_dictatorship;Xhosa League of Autonomous Cities;;;;;;;;;;;;;x
XHO_fascist_dictatorship;Xhosa National Unity State;;;;;;;;;;;;;x
XHO_presidential_dictatorship;Xhosa Military Council;;;;;;;;;;;;;x
XHO_proletarian_dictatorship;Xhosa People's Republic;;;;;;;;;;;;;x
XIN_bourgeois_dictatorship;Xianzhou Alliance Union of Trading Houses;;;;;;;;;;;;;x
XIN_fascist_dictatorship;Xianzhou Alliance National Government;;;;;;;;;;;;;x
XIN_proletarian_dictatorship;Xianzhou Alliance People's Republic;;;;;;;;;;;;;x
YAK_bourgeois_dictatorship;Leto Autonomous Tribal Confederation;;;;;;;;;;;;;x
YAK_fascist_dictatorship;Leto National Unity State;;;;;;;;;;;;;x
YAK_presidential_dictatorship;Leto Warriors' Council;;;;;;;;;;;;;x
YAK_proletarian_dictatorship;Leto Federation of Communities;;;;;;;;;;;;;x
YEM_bourgeois_dictatorship;Jahoda Merchant Council;;;;;;;;;;;;;x
YEM_fascist_dictatorship;Jahoda National Unity State;;;;;;;;;;;;;x
YEM_presidential_dictatorship;Jahoda Military Council;;;;;;;;;;;;;x
YNN_bourgeois_dictatorship;Fu Xuan Union of Trading Houses;;;;;;;;;;;;;x
YNN_fascist_dictatorship;Fu Xuan National Government;;;;;;;;;;;;;x
YNN_proletarian_dictatorship;Fu Xuan People's Republic;;;;;;;;;;;;;x
YUC_bourgeois_dictatorship;Bache Union of Sovereign States;;;;;;;;;;;;;x
YUC_fascist_dictatorship;Bache National Unity State;;;;;;;;;;;;;x
YUC_presidential_dictatorship;Bache Military Council;;;;;;;;;;;;;x
YUC_proletarian_dictatorship;Bache Socialist Republic;;;;;;;;;;;;;x
YUG_bourgeois_dictatorship;Virtuosa League of Autonomous Cities;;;;;;;;;;;;;x
YUG_fascist_dictatorship;Virtuosa National State;;;;;;;;;;;;;x
YUG_presidential_dictatorship;Virtuosa Military Regency;;;;;;;;;;;;;x
YUG_proletarian_dictatorship;Virtuosa People's Republic;;;;;;;;;;;;;x
YZW_bourgeois_dictatorship;Shizuko Union of Autonomous Cities;;;;;;;;;;;;;x
YZW_fascist_dictatorship;Shizuko National Government;;;;;;;;;;;;;x
YZW_presidential_dictatorship;Shizuko Military Administration;;;;;;;;;;;;;x
YZW_proletarian_dictatorship;Shizuko People's Republic;;;;;;;;;;;;;x
ZAC_bourgeois_dictatorship;San Diego Union of Sovereign States;;;;;;;;;;;;;x
ZAC_fascist_dictatorship;San Diego National Unity State;;;;;;;;;;;;;x
ZAC_presidential_dictatorship;San Diego Military Council;;;;;;;;;;;;;x
ZAC_proletarian_dictatorship;San Diego Socialist Republic;;;;;;;;;;;;;x
ZAM_bourgeois_dictatorship;Zambia League of Autonomous Cities;;;;;;;;;;;;;x
ZAM_fascist_dictatorship;Zambia National Unity State;;;;;;;;;;;;;x
ZAM_presidential_dictatorship;Zambia Military Council;;;;;;;;;;;;;x
ZAM_proletarian_dictatorship;Zambia People's Republic;;;;;;;;;;;;;x
ZAN_bourgeois_dictatorship;Zanzibar League of Port Cities;;;;;;;;;;;;;x
ZAN_fascist_dictatorship;Zanzibar National State;;;;;;;;;;;;;x
ZAN_presidential_dictatorship;Zanzibar Military Council;;;;;;;;;;;;;x
ZAN_proletarian_dictatorship;Zanzibar People's Republic;;;;;;;;;;;;;x
ZBW_bourgeois_dictatorship;Zimbabwe League of Autonomous Cities;;;;;;;;;;;;;x
ZBW_fascist_dictatorship;Zimbabwe National Unity State;;;;;;;;;;;;;x
ZBW_presidential_dictatorship;Zimbabwe Military Council;;;;;;;;;;;;;x
ZBW_proletarian_dictatorship;Zimbabwe People's Republic;;;;;;;;;;;;;x
ZFN_bourgeois_dictatorship;Escoffier Tribal Council State;;;;;;;;;;;;;x
ZFN_fascist_dictatorship;Escoffier National Unity State;;;;;;;;;;;;;x
ZFN_presidential_dictatorship;Escoffier Military Council;;;;;;;;;;;;;x
ZFN_proletarian_dictatorship;Escoffier People's Republic;;;;;;;;;;;;;x
ZOM_bourgeois_dictatorship;Yuuri League of Free Cities;;;;;;;;;;;;;x
ZOM_fascist_dictatorship;Yuuri Total Mobilization State;;;;;;;;;;;;;x
ZOM_presidential_dictatorship;Yuuri Military Council;;;;;;;;;;;;;x
ZOM_proletarian_dictatorship;Yuuri Council Republic;;;;;;;;;;;;;x
ZOU_bourgeois_dictatorship;Zoutpansberg Civic Republic;;;;;;;;;;;;;x
ZOU_fascist_dictatorship;Zoutpansberg National State;;;;;;;;;;;;;x
ZOU_presidential_dictatorship;Zoutpansberg Commander-General's Territory;;;;;;;;;;;;;x
ZOU_proletarian_dictatorship;Zoutpansberg Workers' Republic;;;;;;;;;;;;;x
ZUL_bourgeois_dictatorship;Zulu League of Autonomous Cities;;;;;;;;;;;;;x
ZUL_fascist_dictatorship;Zulu National Unity State;;;;;;;;;;;;;x
ZUL_presidential_dictatorship;Zulu Military Council;;;;;;;;;;;;;x
ZUL_proletarian_dictatorship;Zulu People's Republic;;;;;;;;;;;;;x
FRA_absolute_monarchy;Kivotos Kingdom;;;;;;;;;;;;;x
FRA_absolute_monarchy2;Kivotos Hereditary Kingdom;;;;;;;;;;;;;x
FRA_bourgeois_dictatorship;Kivotos Directorate;;;;;;;;;;;;;x
FRA_democracy;Kivotos Republic;;;;;;;;;;;;;x
FRA_fascist_dictatorship;Kivotos National State;;;;;;;;;;;;;x
FRA_hms_government;Kivotos Constitutional Kingdom;;;;;;;;;;;;;x
FRA_hms_government2;France;;;;;;;;;;;;;x
FRA_presidential_dictatorship;Kivotos Consular Government;;;;;;;;;;;;;x
FRA_prussian_constitutionalism;Kivotos Royal Council of State;;;;;;;;;;;;;x
FRA_prussian_constitutionalism2;Kivotos Royal Advisory Council;;;;;;;;;;;;;x
ABA_absolute_monarchy;Morgiana Emirate;;;;;;;;;;;;;x
ABA_absolute_monarchy2;Morgiana Hereditary Emirate;;;;;;;;;;;;;x
ABA_colonial_company;Morgiana Trading Company Territory;;;;;;;;;;;;;x
ABA_democracy;Morgiana Republic;;;;;;;;;;;;;x
ABA_democracy2;Morgiana Parliamentary Republic;;;;;;;;;;;;;x
ABA_dominion;Morgiana Dominion;;;;;;;;;;;;;x
ABA_dominion2;Morgiana Autonomous Federation;;;;;;;;;;;;;x
ABA_dominion3;Morgiana Protected Emirate;;;;;;;;;;;;;x
ABA_hms_government;Morgiana Constitutional Emirate;;;;;;;;;;;;;x
ABA_hms_government2;Morgiana Parliamentary Cabinet;;;;;;;;;;;;;x
ABA_prussian_constitutionalism;Morgiana Shura Council;;;;;;;;;;;;;x
ABA_prussian_constitutionalism2;Morgiana Council of Nobles;;;;;;;;;;;;;x
ABA_theocracy;Morgiana Imamate;;;;;;;;;;;;;x
ABA_trade_unions_congress;Morgiana General Confederation of Trade Unions;;;;;;;;;;;;;x
ABK_absolute_monarchy2;Asirpa Hereditary Duchy;;;;;;;;;;;;;x
ABK_colonial_company;Asirpa Chartered Company Territory;;;;;;;;;;;;;x
ABK_democracy2;Asirpa Parliamentary Republic;;;;;;;;;;;;;x
ABK_dominion;Asirpa Dominion;;;;;;;;;;;;;x
ABK_dominion2;Asirpa Autonomous Federation;;;;;;;;;;;;;x
ABK_dominion3;Asirpa Crown Dependency;;;;;;;;;;;;;x
ABK_hms_government2;Asirpa Parliamentary Cabinet;;;;;;;;;;;;;x
ABK_prussian_constitutionalism2;Asirpa Royal Advisory Council;;;;;;;;;;;;;x
ABK_theocracy;Asirpa Patriarchate;;;;;;;;;;;;;x
ABK_trade_unions_congress;Asirpa Workers' Council;;;;;;;;;;;;;x
ABU_colonial_company;Saori Trading Company Territory;;;;;;;;;;;;;x
ABU_democracy;Saori Republic;;;;;;;;;;;;;x
ABU_democracy2;Saori Parliamentary Republic;;;;;;;;;;;;;x
ABU_dominion;Saori Dominion;;;;;;;;;;;;;x
ABU_dominion2;Saori Autonomous Federation;;;;;;;;;;;;;x
ABU_dominion3;Saori Protected Emirate;;;;;;;;;;;;;x
ABU_hms_government;Saori Constitutional Emirate;;;;;;;;;;;;;x
ABU_hms_government2;Saori Parliamentary Cabinet;;;;;;;;;;;;;x
ABU_prussian_constitutionalism;Saori Shura Council;;;;;;;;;;;;;x
ABU_prussian_constitutionalism2;Saori Council of Nobles;;;;;;;;;;;;;x
ABU_theocracy;Saori Imamate;;;;;;;;;;;;;x
ABU_trade_unions_congress;Saori General Confederation of Trade Unions;;;;;;;;;;;;;x
ACA_absolute_monarchy;Aris Kingdom;;;;;;;;;;;;;x
ACA_absolute_monarchy2;Aris Hereditary Kingdom;;;;;;;;;;;;;x
ACA_democracy;Aris Republic;;;;;;;;;;;;;x
ACA_democracy2;Aris Parliamentary Republic;;;;;;;;;;;;;x
ACA_dominion2;Aris Autonomous Federation;;;;;;;;;;;;;x
ACA_dominion3;Aris Crown Dependency;;;;;;;;;;;;;x
ACA_hms_government;Aris Constitutional Kingdom;;;;;;;;;;;;;x
ACA_hms_government2;Aris Parliamentary Cabinet;;;;;;;;;;;;;x
ACA_prussian_constitutionalism;Aris Royal Council of State;;;;;;;;;;;;;x
ACA_prussian_constitutionalism2;Aris Royal Advisory Council;;;;;;;;;;;;;x
ACA_theocracy;Aris Bishopric;;;;;;;;;;;;;x
ACA_trade_unions_congress;Aris General Labor Confederation;;;;;;;;;;;;;x
ACE_absolute_monarchy;Geoffroy's Cat Empire;;;;;;;;;;;;;x
ACE_absolute_monarchy2;Geoffroy's Cat Hereditary Empire;;;;;;;;;;;;;x
ACE_colonial_company;Geoffroy's Cat Chartered Company Territory;;;;;;;;;;;;;x
ACE_democracy2;Geoffroy's Cat Parliamentary Republic;;;;;;;;;;;;;x
ACE_dominion;Geoffroy's Cat Dominion;;;;;;;;;;;;;x
ACE_dominion2;Geoffroy's Cat Autonomous Federation;;;;;;;;;;;;;x
ACE_dominion3;Geoffroy's Cat Crown Dependency;;;;;;;;;;;;;x
ACE_hms_government;Geoffroy's Cat Constitutional Empire;;;;;;;;;;;;;x
ACE_hms_government2;Geoffroy's Cat Parliamentary Cabinet;;;;;;;;;;;;;x
ACE_prussian_constitutionalism;Geoffroy's Cat Imperial Council of State;;;;;;;;;;;;;x
ACE_prussian_constitutionalism2;Geoffroy's Cat Royal Advisory Council;;;;;;;;;;;;;x
ACE_theocracy;Geoffroy's Cat Bishopric;;;;;;;;;;;;;x
ACE_trade_unions_congress;Geoffroy's Cat General Workers' Confederation;;;;;;;;;;;;;x
ADO_absolute_monarchy;Tomari Onitsuka Joint Duchy;;;;;;;;;;;;;x
ADO_absolute_monarchy2;Tomari Onitsuka Dynasty;;;;;;;;;;;;;x
ADO_colonial_company;Tomari Onitsuka Chartered Company Territory;;;;;;;;;;;;;x
ADO_democracy;Tomari Onitsuka Republic;;;;;;;;;;;;;x
ADO_democracy2;Tomari Onitsuka Parliamentary Republic;;;;;;;;;;;;;x
ADO_dominion;Tomari Onitsuka Dominion;;;;;;;;;;;;;x
ADO_dominion2;Tomari Onitsuka Autonomous Federation;;;;;;;;;;;;;x
ADO_dominion3;Tomari Onitsuka Crown Dependency;;;;;;;;;;;;;x
ADO_hms_government;Tomari Onitsuka Parliamentary Kingdom;;;;;;;;;;;;;x
ADO_hms_government2;Tomari Onitsuka Parliamentary Cabinet;;;;;;;;;;;;;x
ADO_prussian_constitutionalism;Tomari Onitsuka Cortes;;;;;;;;;;;;;x
ADO_prussian_constitutionalism2;Tomari Onitsuka Royal Advisory Council;;;;;;;;;;;;;x
ADO_theocracy;Tomari Onitsuka Bishopric;;;;;;;;;;;;;x
ADO_trade_unions_congress;Tomari Onitsuka Trade Union Federation;;;;;;;;;;;;;x
ADV_absolute_monarchy2;Asuna Hereditary Duchy;;;;;;;;;;;;;x
ADV_democracy2;Asuna City Republic;;;;;;;;;;;;;x
ADV_dominion2;Asuna Autonomous Federation;;;;;;;;;;;;;x
ADV_dominion3;Asuna Crown Territory;;;;;;;;;;;;;x
ADV_hms_government2;Asuna Territorial Cabinet;;;;;;;;;;;;;x
ADV_prussian_constitutionalism2;Asuna Council of Princes;;;;;;;;;;;;;x
ADV_theocracy;Asuna Ecclesiastical Union;;;;;;;;;;;;;x
ADV_trade_unions_congress;Asuna Workers' Council;;;;;;;;;;;;;x
ADW_absolute_monarchy2;Adamawa Hereditary Emirate;;;;;;;;;;;;;x
ADW_colonial_company;Adamawa Trading Company Territory;;;;;;;;;;;;;x
ADW_democracy2;Adamawa Parliamentary Republic;;;;;;;;;;;;;x
ADW_dominion;Adamawa Dominion;;;;;;;;;;;;;x
ADW_dominion2;Adamawa Autonomous Federation;;;;;;;;;;;;;x
ADW_dominion3;Adamawa Protected Emirate;;;;;;;;;;;;;x
ADW_hms_government2;Adamawa Parliamentary Cabinet;;;;;;;;;;;;;x
ADW_prussian_constitutionalism2;Adamawa Council of Nobles;;;;;;;;;;;;;x
ADW_theocracy;Adamawa Imamate;;;;;;;;;;;;;x
ADW_trade_unions_congress;Adamawa General Confederation of Trade Unions;;;;;;;;;;;;;x
AFG_absolute_monarchy;Mithra Guardian Monarchy;;;;;;;;;;;;;x
AFG_absolute_monarchy2;Mithra Temple Guardians Dynasty;;;;;;;;;;;;;x
AFG_colonial_company;Mithra Caravan Trade Territory;;;;;;;;;;;;;x
AFG_democracy;Mithra Guardian League;;;;;;;;;;;;;x
AFG_democracy2;Mithra Oasis Autonomous Assembly;;;;;;;;;;;;;x
AFG_dominion;Mithra Frontier Guardians Dominion;;;;;;;;;;;;;x
AFG_dominion2;Mithra Tribal Guardian Union;;;;;;;;;;;;;x
AFG_dominion3;Mithra Temple Protectorate;;;;;;;;;;;;;x
AFG_hms_government2;Mithra Guardian Council;;;;;;;;;;;;;x
AFG_prussian_constitutionalism2;Mithra Tribal Guardian Council of Elders;;;;;;;;;;;;;x
AFG_trade_unions_congress;Mithra Oasis Labor Federation;;;;;;;;;;;;;x
AGC_absolute_monarchy;Himeko Sultanate;;;;;;;;;;;;;x
AGC_absolute_monarchy2;Himeko Hereditary Sultanate;;;;;;;;;;;;;x
AGC_colonial_company;Himeko Trading Company Territory;;;;;;;;;;;;;x
AGC_democracy;Himeko Republic;;;;;;;;;;;;;x
AGC_democracy2;Himeko Parliamentary Republic;;;;;;;;;;;;;x
AGC_dominion;Himeko Dominion;;;;;;;;;;;;;x
AGC_dominion2;Himeko Autonomous Federation;;;;;;;;;;;;;x
AGC_dominion3;Himeko Protected Emirate;;;;;;;;;;;;;x
AGC_hms_government;Himeko Constitutional Sultanate;;;;;;;;;;;;;x
AGC_hms_government2;Himeko Parliamentary Cabinet;;;;;;;;;;;;;x
AGC_prussian_constitutionalism;Himeko Sultan's Council;;;;;;;;;;;;;x
AGC_prussian_constitutionalism2;Himeko Council of Nobles;;;;;;;;;;;;;x
AGC_theocracy;Himeko Imamate;;;;;;;;;;;;;x
AGC_trade_unions_congress;Himeko Trade Union Confederation;;;;;;;;;;;;;x
AIN_absolute_monarchy2;Kikyou Dynasty;;;;;;;;;;;;;x
AIN_colonial_company;Kikyou Chartered Company Territory;;;;;;;;;;;;;x
AIN_democracy;Kikyou Tribal Republic;;;;;;;;;;;;;x
AIN_democracy2;Kikyou Parliamentary Republic;;;;;;;;;;;;;x
AIN_dominion;Kikyou Protectorate;;;;;;;;;;;;;x
AIN_dominion2;Kikyou Union of Autonomous States;;;;;;;;;;;;;x
AIN_dominion3;Kikyou Royal Protectorate;;;;;;;;;;;;;x
AIN_hms_government;Kikyou Constitutional Chiefdom;;;;;;;;;;;;;x
AIN_hms_government2;Kikyou Parliamentary Cabinet;;;;;;;;;;;;;x
AIN_prussian_constitutionalism;Kikyou Council of Tribal Elders;;;;;;;;;;;;;x
AIN_prussian_constitutionalism2;Kikyou Council of Elder Chiefs;;;;;;;;;;;;;x
AIN_theocracy;Kikyou Priestly State;;;;;;;;;;;;;x
AIN_trade_unions_congress;Kikyou Producers' Federation;;;;;;;;;;;;;x
AKH_absolute_monarchy2;Nearl Hereditary Khanate;;;;;;;;;;;;;x
AKH_colonial_company;Nearl Trading Company Territory;;;;;;;;;;;;;x
AKH_democracy;Nearl Republic;;;;;;;;;;;;;x
AKH_democracy2;Nearl Parliamentary Republic;;;;;;;;;;;;;x
AKH_dominion;Nearl Dominion;;;;;;;;;;;;;x
AKH_dominion2;Nearl Autonomous Federation;;;;;;;;;;;;;x
AKH_dominion3;Nearl Protected Emirate;;;;;;;;;;;;;x
AKH_hms_government;Nearl Constitutional Khanate;;;;;;;;;;;;;x
AKH_hms_government2;Nearl Parliamentary Cabinet;;;;;;;;;;;;;x
AKH_prussian_constitutionalism2;Nearl Council of Nobles;;;;;;;;;;;;;x
AKH_theocracy;Nearl Imamate;;;;;;;;;;;;;x
AKH_trade_unions_congress;Nearl Workers' Council;;;;;;;;;;;;;x
ALB_absolute_monarchy;Vladilena Milize Kingdom;;;;;;;;;;;;;x
ALB_absolute_monarchy2;Vladilena Milize Hereditary Kingdom;;;;;;;;;;;;;x
ALB_colonial_company;Vladilena Milize Chartered Company Territory;;;;;;;;;;;;;x
ALB_democracy;Vladilena Milize Republic;;;;;;;;;;;;;x
ALB_democracy2;Vladilena Milize Parliamentary Republic;;;;;;;;;;;;;x
ALB_dominion;Vladilena Milize Dominion;;;;;;;;;;;;;x
ALB_dominion2;Vladilena Milize Autonomous Federation;;;;;;;;;;;;;x
ALB_dominion3;Vladilena Milize Crown Dependency;;;;;;;;;;;;;x
ALB_hms_government;Vladilena Milize Constitutional Kingdom;;;;;;;;;;;;;x
ALB_hms_government2;Vladilena Milize Parliamentary Cabinet;;;;;;;;;;;;;x
ALB_prussian_constitutionalism;Vladilena Milize Royal Council;;;;;;;;;;;;;x
ALB_prussian_constitutionalism2;Vladilena Milize Royal Advisory Council;;;;;;;;;;;;;x
ALB_theocracy;Vladilena Milize Imamate;;;;;;;;;;;;;x
ALB_trade_unions_congress;Vladilena Milize Workers' Council;;;;;;;;;;;;;x
ALD_absolute_monarchy;Shiroko Regency;;;;;;;;;;;;;x
ALD_absolute_monarchy2;Shiroko Dynasty;;;;;;;;;;;;;x
ALD_democracy;Shiroko Republic;;;;;;;;;;;;;x
ALD_democracy2;Shiroko Parliamentary Republic;;;;;;;;;;;;;x
ALD_dominion2;Shiroko Autonomous Federation;;;;;;;;;;;;;x
ALD_dominion3;Shiroko Protected Emirate;;;;;;;;;;;;;x
ALD_hms_government;Shiroko Constitutional Emirate;;;;;;;;;;;;;x
ALD_hms_government2;Shiroko Parliamentary Cabinet;;;;;;;;;;;;;x
ALD_prussian_constitutionalism;Shiroko Shura Council;;;;;;;;;;;;;x
ALD_prussian_constitutionalism2;Shiroko Council of Nobles;;;;;;;;;;;;;x
ALD_theocracy;Shiroko Imamate;;;;;;;;;;;;;x
ALD_trade_unions_congress;Shiroko General Confederation of Trade Unions;;;;;;;;;;;;;x
ALS_absolute_monarchy;Erika Duchy;;;;;;;;;;;;;x
ALS_absolute_monarchy2;Erika Hereditary Duchy;;;;;;;;;;;;;x
ALS_democracy;Erika Free State;;;;;;;;;;;;;x
ALS_democracy2;Erika City Republic;;;;;;;;;;;;;x
ALS_dominion2;Erika Autonomous Federation;;;;;;;;;;;;;x
ALS_dominion3;Erika Crown Territory;;;;;;;;;;;;;x
ALS_hms_government;Erika Constitutional Duchy;;;;;;;;;;;;;x
ALS_hms_government2;Erika Territorial Cabinet;;;;;;;;;;;;;x
ALS_prussian_constitutionalism;Erika Territorial Diet;;;;;;;;;;;;;x
ALS_prussian_constitutionalism2;Erika Council of Princes;;;;;;;;;;;;;x
ALS_theocracy;Erika Ecclesiastical Union;;;;;;;;;;;;;x
ALS_trade_unions_congress;Erika Workers' Council;;;;;;;;;;;;;x
ALT_absolute_monarchy2;Shigure Hereditary Khanate;;;;;;;;;;;;;x
ALT_colonial_company;Shigure Trading Company Territory;;;;;;;;;;;;;x
ALT_democracy;Shigure Republic;;;;;;;;;;;;;x
ALT_democracy2;Shigure Parliamentary Republic;;;;;;;;;;;;;x
ALT_dominion;Shigure Dominion;;;;;;;;;;;;;x
ALT_dominion2;Shigure Autonomous Federation;;;;;;;;;;;;;x
ALT_dominion3;Shigure Protected Emirate;;;;;;;;;;;;;x
ALT_hms_government2;Shigure Parliamentary Cabinet;;;;;;;;;;;;;x
ALT_prussian_constitutionalism2;Shigure Council of Nobles;;;;;;;;;;;;;x
ALT_theocracy;Shigure Imamate;;;;;;;;;;;;;x
ALT_trade_unions_congress;Shigure Workers' Council;;;;;;;;;;;;;x
ANB_absolute_monarchy2;Chiaki Hereditary Duchy;;;;;;;;;;;;;x
ANB_democracy2;Chiaki City Republic;;;;;;;;;;;;;x
ANB_dominion2;Chiaki Autonomous Federation;;;;;;;;;;;;;x
ANB_dominion3;Chiaki Crown Territory;;;;;;;;;;;;;x
ANB_hms_government2;Chiaki Territorial Cabinet;;;;;;;;;;;;;x
ANB_prussian_constitutionalism2;Chiaki Council of Princes;;;;;;;;;;;;;x
ANB_theocracy;Chiaki Ecclesiastical Union;;;;;;;;;;;;;x
ANB_trade_unions_congress;Chiaki Workers' Council;;;;;;;;;;;;;x
ANC_colonial_company;Fern Chartered Company Territory;;;;;;;;;;;;;x
ANC_dominion;Fern Dominion;;;;;;;;;;;;;x
ANC_dominion2;Fern Autonomous Federation;;;;;;;;;;;;;x
ANC_dominion3;Fern Crown Dependency;;;;;;;;;;;;;x
ANC_hms_government;Fern Constitutional Empire;;;;;;;;;;;;;x
ANC_hms_government2;Fern Parliamentary Cabinet;;;;;;;;;;;;;x
ANC_prussian_constitutionalism;Fern Royal Council;;;;;;;;;;;;;x
ANC_prussian_constitutionalism2;Fern Royal Advisory Council;;;;;;;;;;;;;x
ANC_theocracy;Fern Bishopric;;;;;;;;;;;;;x
ANC_trade_unions_congress;Fern General Workers' Confederation;;;;;;;;;;;;;x
ANG_absolute_monarchy;Angola Kingdom;;;;;;;;;;;;;x
ANG_absolute_monarchy2;Angola Hereditary Kingdom;;;;;;;;;;;;;x
ANG_colonial_company;Angola Chartered Company Territory;;;;;;;;;;;;;x
ANG_democracy;Angola Republic;;;;;;;;;;;;;x
ANG_democracy2;Angola Parliamentary Republic;;;;;;;;;;;;;x
ANG_dominion;Angola Protectorate;;;;;;;;;;;;;x
ANG_dominion2;Angola Union of Autonomous States;;;;;;;;;;;;;x
ANG_dominion3;Angola Royal Protectorate;;;;;;;;;;;;;x
ANG_hms_government;Angola Constitutional Kingdom;;;;;;;;;;;;;x
ANG_hms_government2;Angola Parliamentary Cabinet;;;;;;;;;;;;;x
ANG_prussian_constitutionalism;Angola Royal Council of Elders;;;;;;;;;;;;;x
ANG_prussian_constitutionalism2;Angola Council of Elder Chiefs;;;;;;;;;;;;;x
ANG_theocracy;Angola Bishopric;;;;;;;;;;;;;x
ANG_trade_unions_congress;Angola Trade Union Confederation;;;;;;;;;;;;;x
ANH_absolute_monarchy2;Kayoko Hereditary Duchy;;;;;;;;;;;;;x
ANH_democracy2;Kayoko City Republic;;;;;;;;;;;;;x
ANH_dominion2;Kayoko Autonomous Federation;;;;;;;;;;;;;x
ANH_dominion3;Kayoko Crown Territory;;;;;;;;;;;;;x
ANH_hms_government2;Kayoko Territorial Cabinet;;;;;;;;;;;;;x
ANH_prussian_constitutionalism2;Kayoko Council of Princes;;;;;;;;;;;;;x
ANH_theocracy;Kayoko Ecclesiastical Union;;;;;;;;;;;;;x
ANH_trade_unions_congress;Kayoko Workers' Council;;;;;;;;;;;;;x
ANK_absolute_monarchy2;Aru Hereditary Duchy;;;;;;;;;;;;;x
ANK_democracy2;Aru City Republic;;;;;;;;;;;;;x
ANK_dominion2;Aru Autonomous Federation;;;;;;;;;;;;;x
ANK_dominion3;Aru Crown Territory;;;;;;;;;;;;;x
ANK_hms_government2;Aru Territorial Cabinet;;;;;;;;;;;;;x
ANK_prussian_constitutionalism2;Aru Council of Princes;;;;;;;;;;;;;x
ANK_theocracy;Aru Ecclesiastical Union;;;;;;;;;;;;;x
ANK_trade_unions_congress;Aru Workers' Council;;;;;;;;;;;;;x
ANT_absolute_monarchy;Kama Empire;;;;;;;;;;;;;x
ANT_absolute_monarchy2;Kama Hereditary Empire;;;;;;;;;;;;;x
ANT_colonial_company;Kama Chartered Company Territory;;;;;;;;;;;;;x
ANT_democracy;Kama Republic;;;;;;;;;;;;;x
ANT_democracy2;Kama Parliamentary Republic;;;;;;;;;;;;;x
ANT_dominion;Kama Dominion;;;;;;;;;;;;;x
ANT_dominion2;Kama Autonomous Federation;;;;;;;;;;;;;x
ANT_dominion3;Kama Crown Dependency;;;;;;;;;;;;;x
ANT_hms_government;Kama Constitutional Empire;;;;;;;;;;;;;x
ANT_hms_government2;Kama Parliamentary Cabinet;;;;;;;;;;;;;x
ANT_prussian_constitutionalism;Kama Royal Council;;;;;;;;;;;;;x
ANT_prussian_constitutionalism2;Kama Royal Advisory Council;;;;;;;;;;;;;x
ANT_theocracy;Kama Patriarchate;;;;;;;;;;;;;x
ANT_trade_unions_congress;Kama Trade Union Confederation;;;;;;;;;;;;;x
AOT_absolute_monarchy2;Amiya Hereditary Kingdom;;;;;;;;;;;;;x
AOT_colonial_company;Amiya Chartered Company Territory;;;;;;;;;;;;;x
AOT_democracy;Amiya Republic;;;;;;;;;;;;;x
AOT_democracy2;Amiya Parliamentary Republic;;;;;;;;;;;;;x
AOT_dominion;Amiya Protectorate;;;;;;;;;;;;;x
AOT_dominion2;Amiya Union of Autonomous States;;;;;;;;;;;;;x
AOT_dominion3;Amiya Royal Protectorate;;;;;;;;;;;;;x
AOT_hms_government2;Amiya Parliamentary Cabinet;;;;;;;;;;;;;x
AOT_prussian_constitutionalism2;Amiya Council of Elder Chiefs;;;;;;;;;;;;;x
AOT_theocracy;Amiya Priestly State;;;;;;;;;;;;;x
AOT_trade_unions_congress;Amiya Trade Union Confederation;;;;;;;;;;;;;x
ARA_absolute_monarchy;Xuangzang Sanzang Emirate;;;;;;;;;;;;;x
ARA_absolute_monarchy2;Xuangzang Sanzang Hereditary Emirate;;;;;;;;;;;;;x
ARA_colonial_company;Xuangzang Sanzang Trading Company Territory;;;;;;;;;;;;;x
ARA_democracy;Xuangzang Sanzang Republic;;;;;;;;;;;;;x
ARA_democracy2;Xuangzang Sanzang Parliamentary Republic;;;;;;;;;;;;;x
ARA_dominion;Xuangzang Sanzang Dominion;;;;;;;;;;;;;x
ARA_dominion2;Xuangzang Sanzang Autonomous Federation;;;;;;;;;;;;;x
ARA_dominion3;Xuangzang Sanzang Protected Emirate;;;;;;;;;;;;;x
ARA_hms_government;Xuangzang Sanzang Constitutional Emirate;;;;;;;;;;;;;x
ARA_hms_government2;Xuangzang Sanzang Parliamentary Cabinet;;;;;;;;;;;;;x
ARA_prussian_constitutionalism;Xuangzang Sanzang Shura Council;;;;;;;;;;;;;x
ARA_prussian_constitutionalism2;Xuangzang Sanzang Council of Nobles;;;;;;;;;;;;;x
ARA_theocracy;Xuangzang Sanzang Imamate;;;;;;;;;;;;;x
ARA_trade_unions_congress;Xuangzang Sanzang General Confederation of Trade Unions;;;;;;;;;;;;;x
ARC_absolute_monarchy;Japari Park Kingdom;;;;;;;;;;;;;x
ARC_absolute_monarchy2;Japari Park Hereditary Kingdom;;;;;;;;;;;;;x
ARC_colonial_company;Japari Park Chartered Company Territory;;;;;;;;;;;;;x
ARC_democracy2;Japari Park Parliamentary Republic;;;;;;;;;;;;;x
ARC_dominion;Japari Park Dominion;;;;;;;;;;;;;x
ARC_dominion2;Japari Park Autonomous Federation;;;;;;;;;;;;;x
ARC_dominion3;Japari Park Crown Dependency;;;;;;;;;;;;;x
ARC_hms_government;Japari Park Constitutional Kingdom;;;;;;;;;;;;;x
ARC_hms_government2;Japari Park Parliamentary Cabinet;;;;;;;;;;;;;x
ARC_prussian_constitutionalism;Japari Park Royal Council;;;;;;;;;;;;;x
ARC_prussian_constitutionalism2;Japari Park Royal Advisory Council;;;;;;;;;;;;;x
ARC_theocracy;Japari Park Bishopric;;;;;;;;;;;;;x
ARC_trade_unions_congress;Japari Park General Workers' Confederation;;;;;;;;;;;;;x
ARG_absolute_monarchy;Dobermann Kingdom;;;;;;;;;;;;;x
ARG_absolute_monarchy2;Dobermann Hereditary Kingdom;;;;;;;;;;;;;x
ARG_colonial_company;Dobermann Chartered Company Territory;;;;;;;;;;;;;x
ARG_democracy;Dobermann Republic;;;;;;;;;;;;;x
ARG_democracy2;Dobermann Parliamentary Republic;;;;;;;;;;;;;x
ARG_dominion;Dobermann Dominion;;;;;;;;;;;;;x
ARG_dominion2;Dobermann Autonomous Federation;;;;;;;;;;;;;x
ARG_dominion3;Dobermann Crown Dependency;;;;;;;;;;;;;x
ARG_hms_government;Dobermann Constitutional Kingdom;;;;;;;;;;;;;x
ARG_hms_government2;Dobermann Parliamentary Cabinet;;;;;;;;;;;;;x
ARG_prussian_constitutionalism;Dobermann Royal Council;;;;;;;;;;;;;x
ARG_prussian_constitutionalism2;Dobermann Royal Advisory Council;;;;;;;;;;;;;x
ARG_theocracy;Dobermann Bishopric;;;;;;;;;;;;;x
ARG_trade_unions_congress;Dobermann General Workers' Confederation;;;;;;;;;;;;;x
ARM_absolute_monarchy2;Nahida Hereditary Kingdom;;;;;;;;;;;;;x
ARM_colonial_company;Nahida Chartered Company Territory;;;;;;;;;;;;;x
ARM_democracy2;Nahida Parliamentary Republic;;;;;;;;;;;;;x
ARM_dominion;Nahida Dominion;;;;;;;;;;;;;x
ARM_dominion2;Nahida Autonomous Federation;;;;;;;;;;;;;x
ARM_dominion3;Nahida Crown Dependency;;;;;;;;;;;;;x
ARM_hms_government2;Nahida Parliamentary Cabinet;;;;;;;;;;;;;x
ARM_prussian_constitutionalism2;Nahida Royal Advisory Council;;;;;;;;;;;;;x
ARM_theocracy;Nahida Patriarchate;;;;;;;;;;;;;x
ARM_trade_unions_congress;Nahida Trade Union Confederation;;;;;;;;;;;;;x
ARO_absolute_monarchy;Aro Kingdom;;;;;;;;;;;;;x
ARO_absolute_monarchy2;Aro Hereditary Kingdom;;;;;;;;;;;;;x
ARO_colonial_company;Aro Chartered Company Territory;;;;;;;;;;;;;x
ARO_democracy2;Aro Parliamentary Republic;;;;;;;;;;;;;x
ARO_dominion;Aro Protectorate;;;;;;;;;;;;;x
ARO_dominion2;Aro Union of Autonomous States;;;;;;;;;;;;;x
ARO_dominion3;Aro Royal Protectorate;;;;;;;;;;;;;x
ARO_hms_government;Aro Constitutional Kingdom;;;;;;;;;;;;;x
ARO_hms_government2;Aro Parliamentary Cabinet;;;;;;;;;;;;;x
ARO_prussian_constitutionalism;Aro Royal Council of Elders;;;;;;;;;;;;;x
ARO_prussian_constitutionalism2;Aro Council of Elder Chiefs;;;;;;;;;;;;;x
ARO_theocracy;Aro Priestly State;;;;;;;;;;;;;x
ARO_trade_unions_congress;Aro Trade Union Confederation;;;;;;;;;;;;;x
ARU_absolute_monarchy;Katsushika Hokusai Emirate;;;;;;;;;;;;;x
ARU_absolute_monarchy2;Katsushika Hokusai Hereditary Emirate;;;;;;;;;;;;;x
ARU_colonial_company;Katsushika Hokusai Trading Company Territory;;;;;;;;;;;;;x
ARU_democracy2;Katsushika Hokusai Parliamentary Republic;;;;;;;;;;;;;x
ARU_dominion;Katsushika Hokusai Dominion;;;;;;;;;;;;;x
ARU_dominion2;Katsushika Hokusai Autonomous Federation;;;;;;;;;;;;;x
ARU_dominion3;Katsushika Hokusai Protected Emirate;;;;;;;;;;;;;x
ARU_hms_government;Katsushika Hokusai Constitutional Emirate;;;;;;;;;;;;;x
ARU_hms_government2;Katsushika Hokusai Parliamentary Cabinet;;;;;;;;;;;;;x
ARU_prussian_constitutionalism;Katsushika Hokusai Shura Council;;;;;;;;;;;;;x
ARU_prussian_constitutionalism2;Katsushika Hokusai Council of Nobles;;;;;;;;;;;;;x
ARU_theocracy;Katsushika Hokusai Imamate;;;;;;;;;;;;;x
ARU_trade_unions_congress;Katsushika Hokusai General Confederation of Trade Unions;;;;;;;;;;;;;x
ASH_absolute_monarchy;Ashanti Kingdom;;;;;;;;;;;;;x
ASH_absolute_monarchy2;Ashanti Hereditary Kingdom;;;;;;;;;;;;;x
ASH_colonial_company;Ashanti Chartered Company Territory;;;;;;;;;;;;;x
ASH_democracy2;Ashanti Parliamentary Republic;;;;;;;;;;;;;x
ASH_dominion;Ashanti Protectorate;;;;;;;;;;;;;x
ASH_dominion2;Ashanti Union of Autonomous States;;;;;;;;;;;;;x
ASH_dominion3;Ashanti Royal Protectorate;;;;;;;;;;;;;x
ASH_hms_government;Ashanti Constitutional Kingdom;;;;;;;;;;;;;x
ASH_hms_government2;Ashanti Parliamentary Cabinet;;;;;;;;;;;;;x
ASH_prussian_constitutionalism;Ashanti Royal Council of Elders;;;;;;;;;;;;;x
ASH_prussian_constitutionalism2;Ashanti Council of Elder Chiefs;;;;;;;;;;;;;x
ASH_theocracy;Ashanti Priestly State;;;;;;;;;;;;;x
ASH_trade_unions_congress;Ashanti Trade Union Confederation;;;;;;;;;;;;;x
ASM_absolute_monarchy;Yui Shousetsu Raj;;;;;;;;;;;;;x
ASM_absolute_monarchy2;Yui Shousetsu Hereditary Raj;;;;;;;;;;;;;x
ASM_colonial_company;Yui Shousetsu East India Company Territory;;;;;;;;;;;;;x
ASM_democracy;Yui Shousetsu Republic;;;;;;;;;;;;;x
ASM_democracy2;Yui Shousetsu Parliamentary Republic;;;;;;;;;;;;;x
ASM_dominion;Yui Shousetsu Princely State;;;;;;;;;;;;;x
ASM_dominion2;Yui Shousetsu Union of Princely States;;;;;;;;;;;;;x
ASM_dominion3;Yui Shousetsu Crown Territory;;;;;;;;;;;;;x
ASM_hms_government;Yui Shousetsu Constitutional Raj;;;;;;;;;;;;;x
ASM_hms_government2;Yui Shousetsu Parliamentary Cabinet;;;;;;;;;;;;;x
ASM_prussian_constitutionalism;Yui Shousetsu Durbar;;;;;;;;;;;;;x
ASM_prussian_constitutionalism2;Yui Shousetsu Council of Princes;;;;;;;;;;;;;x
ASM_theocracy;Yui Shousetsu Union of Temples;;;;;;;;;;;;;x
ASM_trade_unions_congress;Yui Shousetsu General Confederation of Trade Unions;;;;;;;;;;;;;x
AST_absolute_monarchy2;Savage Hereditary Kingdom;;;;;;;;;;;;;x
AST_democracy;Savage Republic;;;;;;;;;;;;;x
AST_democracy2;Savage Parliamentary Republic;;;;;;;;;;;;;x
AST_dominion2;Savage Autonomous Federation;;;;;;;;;;;;;x
AST_dominion3;Savage Crown Dependency;;;;;;;;;;;;;x
AST_hms_government2;Savage Parliamentary Cabinet;;;;;;;;;;;;;x
AST_prussian_constitutionalism2;Savage Royal Advisory Council;;;;;;;;;;;;;x
AST_theocracy;Savage Ecclesiastical Union;;;;;;;;;;;;;x
AST_trade_unions_congress;Savage Trade Union Congress;;;;;;;;;;;;;x
ASY_absolute_monarchy;Tomoe Gozen Kingdom;;;;;;;;;;;;;x
ASY_absolute_monarchy2;Tomoe Gozen Hereditary Kingdom;;;;;;;;;;;;;x
ASY_colonial_company;Tomoe Gozen Chartered Company Territory;;;;;;;;;;;;;x
ASY_democracy;Tomoe Gozen Republic;;;;;;;;;;;;;x
ASY_democracy2;Tomoe Gozen Parliamentary Republic;;;;;;;;;;;;;x
ASY_dominion;Tomoe Gozen Dominion;;;;;;;;;;;;;x
ASY_dominion2;Tomoe Gozen Autonomous Federation;;;;;;;;;;;;;x
ASY_dominion3;Tomoe Gozen Crown Dependency;;;;;;;;;;;;;x
ASY_hms_government;Tomoe Gozen Constitutional Kingdom;;;;;;;;;;;;;x
ASY_hms_government2;Tomoe Gozen Parliamentary Cabinet;;;;;;;;;;;;;x
ASY_prussian_constitutionalism;Tomoe Gozen Royal Council;;;;;;;;;;;;;x
ASY_prussian_constitutionalism2;Tomoe Gozen Royal Advisory Council;;;;;;;;;;;;;x
ASY_theocracy;Tomoe Gozen Bishopric;;;;;;;;;;;;;x
ASY_trade_unions_congress;Tomoe Gozen Trade Union Confederation;;;;;;;;;;;;;x
ATB_absolute_monarchy2;Mutsuki Hereditary Duchy;;;;;;;;;;;;;x
ATB_democracy2;Mutsuki City Republic;;;;;;;;;;;;;x
ATB_dominion2;Mutsuki Autonomous Federation;;;;;;;;;;;;;x
ATB_dominion3;Mutsuki Crown Territory;;;;;;;;;;;;;x
ATB_hms_government2;Mutsuki Territorial Cabinet;;;;;;;;;;;;;x
ATB_prussian_constitutionalism2;Mutsuki Council of Princes;;;;;;;;;;;;;x
ATB_theocracy;Mutsuki Bishopric;;;;;;;;;;;;;x
ATB_trade_unions_congress;Mutsuki Workers' Council;;;;;;;;;;;;;x
ATC_absolute_monarchy;Varesa Kingdom;;;;;;;;;;;;;x
ATC_absolute_monarchy2;Varesa Hereditary Kingdom;;;;;;;;;;;;;x
ATC_colonial_company;Varesa Chartered Company Territory;;;;;;;;;;;;;x
ATC_democracy;Varesa Republic;;;;;;;;;;;;;x
ATC_democracy2;Varesa Parliamentary Republic;;;;;;;;;;;;;x
ATC_dominion;Varesa Dominion;;;;;;;;;;;;;x
ATC_dominion2;Varesa Autonomous Federation;;;;;;;;;;;;;x
ATC_dominion3;Varesa Crown Dependency;;;;;;;;;;;;;x
ATC_hms_government;Varesa Constitutional Kingdom;;;;;;;;;;;;;x
ATC_hms_government2;Varesa Parliamentary Cabinet;;;;;;;;;;;;;x
ATC_prussian_constitutionalism;Varesa Royal Council;;;;;;;;;;;;;x
ATC_prussian_constitutionalism2;Varesa Royal Advisory Council;;;;;;;;;;;;;x
ATC_theocracy;Varesa Bishopric;;;;;;;;;;;;;x
ATC_trade_unions_congress;Varesa General Workers' Confederation;;;;;;;;;;;;;x
ATH_absolute_monarchy;Cyrene Kingdom;;;;;;;;;;;;;x
ATH_absolute_monarchy2;Cyrene Hereditary Kingdom;;;;;;;;;;;;;x
ATH_colonial_company;Cyrene Chartered Company Territory;;;;;;;;;;;;;x
ATH_democracy;Cyrene Republic;;;;;;;;;;;;;x
ATH_democracy2;Cyrene Parliamentary Republic;;;;;;;;;;;;;x
ATH_dominion;Cyrene Dominion;;;;;;;;;;;;;x
ATH_dominion2;Cyrene Autonomous Federation;;;;;;;;;;;;;x
ATH_dominion3;Cyrene Crown Dependency;;;;;;;;;;;;;x
ATH_hms_government;Cyrene Constitutional Kingdom;;;;;;;;;;;;;x
ATH_hms_government2;Cyrene Parliamentary Cabinet;;;;;;;;;;;;;x
ATH_prussian_constitutionalism;Cyrene Royal Council;;;;;;;;;;;;;x
ATH_prussian_constitutionalism2;Cyrene Royal Advisory Council;;;;;;;;;;;;;x
ATH_trade_unions_congress;Cyrene Trade Union Confederation;;;;;;;;;;;;;x
ATJ_absolute_monarchy;Ping Hai Sultanate;;;;;;;;;;;;;x
ATJ_absolute_monarchy2;Ping Hai Hereditary Sultanate;;;;;;;;;;;;;x
ATJ_colonial_company;Ping Hai Trading Company Territory;;;;;;;;;;;;;x
ATJ_democracy;Ping Hai Republic;;;;;;;;;;;;;x
ATJ_democracy2;Ping Hai Parliamentary Republic;;;;;;;;;;;;;x
ATJ_dominion;Ping Hai Dominion;;;;;;;;;;;;;x
ATJ_dominion2;Ping Hai Autonomous Federation;;;;;;;;;;;;;x
ATJ_dominion3;Ping Hai Protected Emirate;;;;;;;;;;;;;x
ATJ_hms_government;Ping Hai Constitutional Sultanate;;;;;;;;;;;;;x
ATJ_hms_government2;Ping Hai Parliamentary Cabinet;;;;;;;;;;;;;x
ATJ_prussian_constitutionalism;Ping Hai Sultan's Council;;;;;;;;;;;;;x
ATJ_prussian_constitutionalism2;Ping Hai Council of Nobles;;;;;;;;;;;;;x
ATJ_theocracy;Ping Hai Imamate;;;;;;;;;;;;;x
ATJ_trade_unions_congress;Ping Hai Trade Union Confederation;;;;;;;;;;;;;x
AWA_absolute_monarchy;Kriemhild Nawabate;;;;;;;;;;;;;x
AWA_absolute_monarchy2;Kriemhild Hereditary Nawabate;;;;;;;;;;;;;x
AWA_colonial_company;Kriemhild East India Company Territory;;;;;;;;;;;;;x
AWA_democracy;Kriemhild Republic;;;;;;;;;;;;;x
AWA_democracy2;Kriemhild Parliamentary Republic;;;;;;;;;;;;;x
AWA_dominion;Kriemhild Princely State;;;;;;;;;;;;;x
AWA_dominion2;Kriemhild Union of Princely States;;;;;;;;;;;;;x
AWA_dominion3;Kriemhild Crown Territory;;;;;;;;;;;;;x
AWA_hms_government;Kriemhild Constitutional Nawabate;;;;;;;;;;;;;x
AWA_hms_government2;Kriemhild Parliamentary Cabinet;;;;;;;;;;;;;x
AWA_prussian_constitutionalism;Kriemhild Durbar;;;;;;;;;;;;;x
AWA_prussian_constitutionalism2;Kriemhild Council of Princes;;;;;;;;;;;;;x
AWA_theocracy;Kriemhild Imamate;;;;;;;;;;;;;x
AWA_trade_unions_congress;Kriemhild General Confederation of Trade Unions;;;;;;;;;;;;;x
AWS_absolute_monarchy;Aussa Sultanate;;;;;;;;;;;;;x
AWS_absolute_monarchy2;Aussa Hereditary Sultanate;;;;;;;;;;;;;x
AWS_colonial_company;Aussa Trading Company Territory;;;;;;;;;;;;;x
AWS_democracy;Aussa Republic;;;;;;;;;;;;;x
AWS_democracy2;Aussa Parliamentary Republic;;;;;;;;;;;;;x
AWS_dominion;Aussa Dominion;;;;;;;;;;;;;x
AWS_dominion2;Aussa Autonomous Federation;;;;;;;;;;;;;x
AWS_dominion3;Aussa Protected Emirate;;;;;;;;;;;;;x
AWS_hms_government;Aussa Constitutional Sultanate;;;;;;;;;;;;;x
AWS_hms_government2;Aussa Parliamentary Cabinet;;;;;;;;;;;;;x
AWS_prussian_constitutionalism;Aussa Sultan's Council;;;;;;;;;;;;;x
AWS_prussian_constitutionalism2;Aussa Council of Nobles;;;;;;;;;;;;;x
AWS_theocracy;Aussa Imamate;;;;;;;;;;;;;x
AWS_trade_unions_congress;Aussa Trade Union Confederation;;;;;;;;;;;;;x
AZA_absolute_monarchy;Azande Kingdom;;;;;;;;;;;;;x
AZA_absolute_monarchy2;Azande Hereditary Kingdom;;;;;;;;;;;;;x
AZA_colonial_company;Azande Chartered Company Territory;;;;;;;;;;;;;x
AZA_democracy;Azande Republic;;;;;;;;;;;;;x
AZA_democracy2;Azande Parliamentary Republic;;;;;;;;;;;;;x
AZA_dominion;Azande Protectorate;;;;;;;;;;;;;x
AZA_dominion2;Azande Union of Autonomous States;;;;;;;;;;;;;x
AZA_dominion3;Azande Royal Protectorate;;;;;;;;;;;;;x
AZA_hms_government;Azande Constitutional Kingdom;;;;;;;;;;;;;x
AZA_hms_government2;Azande Parliamentary Cabinet;;;;;;;;;;;;;x
AZA_prussian_constitutionalism;Azande Royal Council of Elders;;;;;;;;;;;;;x
AZA_prussian_constitutionalism2;Azande Council of Elder Chiefs;;;;;;;;;;;;;x
AZA_theocracy;Azande Priestly State;;;;;;;;;;;;;x
AZA_trade_unions_congress;Azande Trade Union Confederation;;;;;;;;;;;;;x
AZB_absolute_monarchy;Nilou Sultanate;;;;;;;;;;;;;x
AZB_absolute_monarchy2;Nilou Hereditary Sultanate;;;;;;;;;;;;;x
AZB_colonial_company;Nilou Trading Company Territory;;;;;;;;;;;;;x
AZB_democracy;Nilou Republic;;;;;;;;;;;;;x
AZB_democracy2;Nilou Parliamentary Republic;;;;;;;;;;;;;x
AZB_dominion;Nilou Dominion;;;;;;;;;;;;;x
AZB_dominion2;Nilou Autonomous Federation;;;;;;;;;;;;;x
AZB_dominion3;Nilou Protected Emirate;;;;;;;;;;;;;x
AZB_hms_government;Nilou Constitutional Sultanate;;;;;;;;;;;;;x
AZB_hms_government2;Nilou Parliamentary Cabinet;;;;;;;;;;;;;x
AZB_prussian_constitutionalism;Nilou Diwan;;;;;;;;;;;;;x
AZB_prussian_constitutionalism2;Nilou Council of Nobles;;;;;;;;;;;;;x
AZB_theocracy;Nilou Imamate;;;;;;;;;;;;;x
AZB_trade_unions_congress;Nilou General Workers' Confederation;;;;;;;;;;;;;x
AZH_absolute_monarchy2;Medb Hereditary Emirate;;;;;;;;;;;;;x
AZH_colonial_company;Medb Trading Company Territory;;;;;;;;;;;;;x
AZH_democracy;Medb Republic;;;;;;;;;;;;;x
AZH_democracy2;Medb Parliamentary Republic;;;;;;;;;;;;;x
AZH_dominion;Medb Dominion;;;;;;;;;;;;;x
AZH_dominion2;Medb Autonomous Federation;;;;;;;;;;;;;x
AZH_dominion3;Medb Protected Emirate;;;;;;;;;;;;;x
AZH_hms_government;Medb Constitutional Emirate;;;;;;;;;;;;;x
AZH_hms_government2;Medb Parliamentary Cabinet;;;;;;;;;;;;;x
AZH_prussian_constitutionalism;Medb Shura Council;;;;;;;;;;;;;x
AZH_prussian_constitutionalism2;Medb Council of Nobles;;;;;;;;;;;;;x
AZH_theocracy;Medb Imamate;;;;;;;;;;;;;x
AZH_trade_unions_congress;Medb General Confederation of Trade Unions;;;;;;;;;;;;;x
BAB_absolute_monarchy;Ibuki Douji Emirate;;;;;;;;;;;;;x
BAB_absolute_monarchy2;Ibuki Douji Hereditary Emirate;;;;;;;;;;;;;x
BAB_colonial_company;Ibuki Douji Trading Company Territory;;;;;;;;;;;;;x
BAB_democracy;Ibuki Douji Republic;;;;;;;;;;;;;x
BAB_democracy2;Ibuki Douji Parliamentary Republic;;;;;;;;;;;;;x
BAB_dominion;Ibuki Douji Dominion;;;;;;;;;;;;;x
BAB_dominion2;Ibuki Douji Autonomous Federation;;;;;;;;;;;;;x
BAB_dominion3;Ibuki Douji Protected Emirate;;;;;;;;;;;;;x
BAB_hms_government;Ibuki Douji Constitutional Emirate;;;;;;;;;;;;;x
BAB_hms_government2;Ibuki Douji Parliamentary Cabinet;;;;;;;;;;;;;x
BAB_prussian_constitutionalism;Ibuki Douji Shura Council;;;;;;;;;;;;;x
BAB_prussian_constitutionalism2;Ibuki Douji Council of Nobles;;;;;;;;;;;;;x
BAB_theocracy;Ibuki Douji Imamate;;;;;;;;;;;;;x
BAB_trade_unions_congress;Ibuki Douji General Confederation of Trade Unions;;;;;;;;;;;;;x
BAD_absolute_monarchy2;Gertrud Hereditary Grand Duchy;;;;;;;;;;;;;x
BAD_democracy2;Gertrud City Republic;;;;;;;;;;;;;x
BAD_dominion2;Gertrud Autonomous Federation;;;;;;;;;;;;;x
BAD_dominion3;Gertrud Crown Territory;;;;;;;;;;;;;x
BAD_hms_government2;Gertrud Territorial Cabinet;;;;;;;;;;;;;x
BAD_prussian_constitutionalism2;Gertrud Council of Princes;;;;;;;;;;;;;x
BAD_theocracy;Gertrud Bishopric;;;;;;;;;;;;;x
BAD_trade_unions_congress;Gertrud Workers' Council;;;;;;;;;;;;;x
BAH_absolute_monarchy;Jaguar Empire;;;;;;;;;;;;;x
BAH_absolute_monarchy2;Jaguar Hereditary Empire;;;;;;;;;;;;;x
BAH_colonial_company;Jaguar Chartered Company Territory;;;;;;;;;;;;;x
BAH_democracy;Jaguar Federal Republic;;;;;;;;;;;;;x
BAH_democracy2;Jaguar Parliamentary Republic;;;;;;;;;;;;;x
BAH_dominion;Jaguar Dominion;;;;;;;;;;;;;x
BAH_dominion2;Jaguar Autonomous Federation;;;;;;;;;;;;;x
BAH_dominion3;Jaguar Crown Dependency;;;;;;;;;;;;;x
BAH_hms_government;Jaguar Constitutional Empire;;;;;;;;;;;;;x
BAH_hms_government2;Jaguar Parliamentary Cabinet;;;;;;;;;;;;;x
BAH_prussian_constitutionalism;Jaguar Imperial Council of State;;;;;;;;;;;;;x
BAH_prussian_constitutionalism2;Jaguar Royal Advisory Council;;;;;;;;;;;;;x
BAH_theocracy;Jaguar Bishopric;;;;;;;;;;;;;x
BAH_trade_unions_congress;Jaguar General Workers' Confederation;;;;;;;;;;;;;x
BAL_absolute_monarchy;Ning Hai Kingdom;;;;;;;;;;;;;x
BAL_absolute_monarchy2;Ning Hai Hereditary Kingdom;;;;;;;;;;;;;x
BAL_colonial_company;Ning Hai Chartered Company Territory;;;;;;;;;;;;;x
BAL_democracy;Ning Hai Republic;;;;;;;;;;;;;x
BAL_democracy2;Ning Hai Parliamentary Republic;;;;;;;;;;;;;x
BAL_dominion;Ning Hai Dominion;;;;;;;;;;;;;x
BAL_dominion2;Ning Hai Autonomous Federation;;;;;;;;;;;;;x
BAL_dominion3;Ning Hai Crown Dependency;;;;;;;;;;;;;x
BAL_hms_government;Ning Hai Constitutional Kingdom;;;;;;;;;;;;;x
BAL_hms_government2;Ning Hai Parliamentary Cabinet;;;;;;;;;;;;;x
BAL_prussian_constitutionalism;Ning Hai Royal Council;;;;;;;;;;;;;x
BAL_prussian_constitutionalism2;Ning Hai Royal Advisory Council;;;;;;;;;;;;;x
BAL_theocracy;Ning Hai Union of Temples;;;;;;;;;;;;;x
BAL_trade_unions_congress;Ning Hai Trade Union Confederation;;;;;;;;;;;;;x
BAN_absolute_monarchy;Hyacine Duchy;;;;;;;;;;;;;x
BAN_absolute_monarchy2;Hyacine Hereditary Duchy;;;;;;;;;;;;;x
BAN_democracy2;Hyacine City Republic;;;;;;;;;;;;;x
BAN_dominion2;Hyacine Autonomous Federation;;;;;;;;;;;;;x
BAN_dominion3;Hyacine Crown Territory;;;;;;;;;;;;;x
BAN_hms_government;Hyacine Constitutional Duchy;;;;;;;;;;;;;x
BAN_hms_government2;Hyacine Territorial Cabinet;;;;;;;;;;;;;x
BAN_prussian_constitutionalism;Hyacine Territorial Diet;;;;;;;;;;;;;x
BAN_prussian_constitutionalism2;Hyacine Council of Princes;;;;;;;;;;;;;x
BAN_theocracy;Hyacine Bishopric;;;;;;;;;;;;;x
BAN_trade_unions_congress;Hyacine Workers' Council;;;;;;;;;;;;;x
BAS_absolute_monarchy;Dobrynya Nikitich Raj;;;;;;;;;;;;;x
BAS_absolute_monarchy2;Dobrynya Nikitich Hereditary Raj;;;;;;;;;;;;;x
BAS_colonial_company;Dobrynya Nikitich East India Company Territory;;;;;;;;;;;;;x
BAS_democracy;Dobrynya Nikitich Republic;;;;;;;;;;;;;x
BAS_democracy2;Dobrynya Nikitich Parliamentary Republic;;;;;;;;;;;;;x
BAS_dominion;Dobrynya Nikitich Princely State;;;;;;;;;;;;;x
BAS_dominion2;Dobrynya Nikitich Union of Princely States;;;;;;;;;;;;;x
BAS_dominion3;Dobrynya Nikitich Crown Territory;;;;;;;;;;;;;x
BAS_hms_government;Dobrynya Nikitich Constitutional Raj;;;;;;;;;;;;;x
BAS_hms_government2;Dobrynya Nikitich Parliamentary Cabinet;;;;;;;;;;;;;x
BAS_prussian_constitutionalism;Dobrynya Nikitich Durbar;;;;;;;;;;;;;x
BAS_prussian_constitutionalism2;Dobrynya Nikitich Council of Princes;;;;;;;;;;;;;x
BAS_theocracy;Dobrynya Nikitich Union of Temples;;;;;;;;;;;;;x
BAS_trade_unions_congress;Dobrynya Nikitich General Confederation of Trade Unions;;;;;;;;;;;;;x
BAV_absolute_monarchy2;Haruka Hereditary Kingdom;;;;;;;;;;;;;x
BAV_democracy2;Haruka City Republic;;;;;;;;;;;;;x
BAV_dominion2;Haruka Autonomous Federation;;;;;;;;;;;;;x
BAV_dominion3;Haruka Crown Territory;;;;;;;;;;;;;x
BAV_hms_government2;Haruka Territorial Cabinet;;;;;;;;;;;;;x
BAV_prussian_constitutionalism2;Haruka Council of Princes;;;;;;;;;;;;;x
BAV_theocracy;Haruka Bishopric;;;;;;;;;;;;;x
BAV_trade_unions_congress;Haruka Workers' Council;;;;;;;;;;;;;x
BDK_absolute_monarchy;Hassan Of Serenity Khanate;;;;;;;;;;;;;x
BDK_absolute_monarchy2;Hassan Of Serenity Hereditary Khanate;;;;;;;;;;;;;x
BDK_colonial_company;Hassan Of Serenity Trading Company Territory;;;;;;;;;;;;;x
BDK_democracy;Hassan Of Serenity Republic;;;;;;;;;;;;;x
BDK_democracy2;Hassan Of Serenity Parliamentary Republic;;;;;;;;;;;;;x
BDK_dominion;Hassan Of Serenity Dominion;;;;;;;;;;;;;x
BDK_dominion2;Hassan Of Serenity Autonomous Federation;;;;;;;;;;;;;x
BDK_dominion3;Hassan Of Serenity Protected Emirate;;;;;;;;;;;;;x
BDK_hms_government;Hassan Of Serenity Constitutional Khanate;;;;;;;;;;;;;x
BDK_hms_government2;Hassan Of Serenity Parliamentary Cabinet;;;;;;;;;;;;;x
BDK_prussian_constitutionalism;Hassan Of Serenity Khanate Council;;;;;;;;;;;;;x
BDK_prussian_constitutionalism2;Hassan Of Serenity Council of Nobles;;;;;;;;;;;;;x
BDK_theocracy;Hassan Of Serenity Imamate;;;;;;;;;;;;;x
BDK_trade_unions_congress;Hassan Of Serenity Workers' Council;;;;;;;;;;;;;x
BDN_absolute_monarchy;Euryale Emirate;;;;;;;;;;;;;x
BDN_absolute_monarchy2;Euryale Hereditary Emirate;;;;;;;;;;;;;x
BDN_colonial_company;Euryale Trading Company Territory;;;;;;;;;;;;;x
BDN_democracy;Euryale Republic;;;;;;;;;;;;;x
BDN_democracy2;Euryale Parliamentary Republic;;;;;;;;;;;;;x
BDN_dominion;Euryale Dominion;;;;;;;;;;;;;x
BDN_dominion2;Euryale Autonomous Federation;;;;;;;;;;;;;x
BDN_dominion3;Euryale Protected Emirate;;;;;;;;;;;;;x
BDN_hms_government;Euryale Constitutional Emirate;;;;;;;;;;;;;x
BDN_hms_government2;Euryale Parliamentary Cabinet;;;;;;;;;;;;;x
BDN_prussian_constitutionalism;Euryale Jirga;;;;;;;;;;;;;x
BDN_prussian_constitutionalism2;Euryale Council of Nobles;;;;;;;;;;;;;x
BDN_theocracy;Euryale Imamate;;;;;;;;;;;;;x
BDN_trade_unions_congress;Euryale Workers' Council;;;;;;;;;;;;;x
BEL_absolute_monarchy;CH Postal Company Kingdom;;;;;;;;;;;;;x
BEL_absolute_monarchy2;CH Postal Company Hereditary Kingdom;;;;;;;;;;;;;x
BEL_democracy;CH Postal Company Republic;;;;;;;;;;;;;x
BEL_democracy2;CH Postal Company Parliamentary Republic;;;;;;;;;;;;;x
BEL_dominion;CH Postal Company Dominion;;;;;;;;;;;;;x
BEL_dominion2;CH Postal Company Autonomous Federation;;;;;;;;;;;;;x
BEL_dominion3;CH Postal Company Crown Dependency;;;;;;;;;;;;;x
BEL_hms_government;CH Postal Company Constitutional Kingdom;;;;;;;;;;;;;x
BEL_hms_government2;CH Postal Company Parliamentary Cabinet;;;;;;;;;;;;;x
BEL_prussian_constitutionalism;CH Postal Company Royal Council of State;;;;;;;;;;;;;x
BEL_prussian_constitutionalism2;CH Postal Company Royal Advisory Council;;;;;;;;;;;;;x
BEL_theocracy;CH Postal Company Bishopric;;;;;;;;;;;;;x
BEL_trade_unions_congress;CH Postal Company General Labor Confederation;;;;;;;;;;;;;x
BEN_absolute_monarchy;Benin Kingdom;;;;;;;;;;;;;x
BEN_absolute_monarchy2;Benin Hereditary Kingdom;;;;;;;;;;;;;x
BEN_colonial_company;Benin Chartered Company Territory;;;;;;;;;;;;;x
BEN_democracy;Benin Republic;;;;;;;;;;;;;x
BEN_democracy2;Benin Parliamentary Republic;;;;;;;;;;;;;x
BEN_dominion;Benin Protectorate;;;;;;;;;;;;;x
BEN_dominion2;Benin Union of Autonomous States;;;;;;;;;;;;;x
BEN_dominion3;Benin Royal Protectorate;;;;;;;;;;;;;x
BEN_hms_government;Benin Constitutional Kingdom;;;;;;;;;;;;;x
BEN_hms_government2;Benin Parliamentary Cabinet;;;;;;;;;;;;;x
BEN_prussian_constitutionalism;Benin Royal Council of Elders;;;;;;;;;;;;;x
BEN_prussian_constitutionalism2;Benin Council of Elder Chiefs;;;;;;;;;;;;;x
BEN_theocracy;Benin Priestly State;;;;;;;;;;;;;x
BEN_trade_unions_congress;Benin Trade Union Confederation;;;;;;;;;;;;;x
BER_absolute_monarchy;Mysterious Ranmaru X Raj;;;;;;;;;;;;;x
BER_absolute_monarchy2;Mysterious Ranmaru X Hereditary Raj;;;;;;;;;;;;;x
BER_democracy;Mysterious Ranmaru X Republic;;;;;;;;;;;;;x
BER_democracy2;Mysterious Ranmaru X Parliamentary Republic;;;;;;;;;;;;;x
BER_dominion2;Mysterious Ranmaru X Union of Princely States;;;;;;;;;;;;;x
BER_dominion3;Mysterious Ranmaru X Crown Territory;;;;;;;;;;;;;x
BER_hms_government;Mysterious Ranmaru X Constitutional Raj;;;;;;;;;;;;;x
BER_hms_government2;Mysterious Ranmaru X Parliamentary Cabinet;;;;;;;;;;;;;x
BER_prussian_constitutionalism;Mysterious Ranmaru X Durbar;;;;;;;;;;;;;x
BER_prussian_constitutionalism2;Mysterious Ranmaru X Council of Princes;;;;;;;;;;;;;x
BER_theocracy;Mysterious Ranmaru X Union of Temples;;;;;;;;;;;;;x
BER_trade_unions_congress;Mysterious Ranmaru X General Confederation of Trade Unions;;;;;;;;;;;;;x
BGN_absolute_monarchy;Saga Sultanate;;;;;;;;;;;;;x
BGN_absolute_monarchy2;Saga Hereditary Sultanate;;;;;;;;;;;;;x
BGN_colonial_company;Saga Trading Company Territory;;;;;;;;;;;;;x
BGN_democracy;Saga Republic;;;;;;;;;;;;;x
BGN_democracy2;Saga Parliamentary Republic;;;;;;;;;;;;;x
BGN_dominion;Saga Dominion;;;;;;;;;;;;;x
BGN_dominion2;Saga Autonomous Federation;;;;;;;;;;;;;x
BGN_dominion3;Saga Protected Emirate;;;;;;;;;;;;;x
BGN_hms_government;Saga Constitutional Sultanate;;;;;;;;;;;;;x
BGN_hms_government2;Saga Parliamentary Cabinet;;;;;;;;;;;;;x
BGN_prussian_constitutionalism;Saga Sultan's Council;;;;;;;;;;;;;x
BGN_prussian_constitutionalism2;Saga Council of Nobles;;;;;;;;;;;;;x
BGN_theocracy;Saga Imamate;;;;;;;;;;;;;x
BGN_trade_unions_congress;Saga Trade Union Confederation;;;;;;;;;;;;;x
BHM_absolute_monarchy;Xilonen Kingdom;;;;;;;;;;;;;x
BHM_absolute_monarchy2;Xilonen Hereditary Kingdom;;;;;;;;;;;;;x
BHM_democracy;Xilonen Republic;;;;;;;;;;;;;x
BHM_democracy2;Xilonen Parliamentary Republic;;;;;;;;;;;;;x
BHM_dominion2;Xilonen Autonomous Federation;;;;;;;;;;;;;x
BHM_dominion3;Xilonen Crown Dependency;;;;;;;;;;;;;x
BHM_hms_government2;Xilonen Parliamentary Cabinet;;;;;;;;;;;;;x
BHM_prussian_constitutionalism;Xilonen Royal Council;;;;;;;;;;;;;x
BHM_prussian_constitutionalism2;Xilonen Royal Advisory Council;;;;;;;;;;;;;x
BHM_theocracy;Xilonen Ecclesiastical Union;;;;;;;;;;;;;x
BHM_trade_unions_congress;Xilonen General Workers' Confederation;;;;;;;;;;;;;x
BHO_absolute_monarchy;Stheno Raj;;;;;;;;;;;;;x
BHO_absolute_monarchy2;Stheno Hereditary Raj;;;;;;;;;;;;;x
BHO_colonial_company;Stheno East India Company Territory;;;;;;;;;;;;;x
BHO_democracy;Stheno Republic;;;;;;;;;;;;;x
BHO_democracy2;Stheno Parliamentary Republic;;;;;;;;;;;;;x
BHO_dominion;Stheno Princely State;;;;;;;;;;;;;x
BHO_dominion2;Stheno Union of Princely States;;;;;;;;;;;;;x
BHO_dominion3;Stheno Crown Territory;;;;;;;;;;;;;x
BHO_hms_government;Stheno Constitutional Raj;;;;;;;;;;;;;x
BHO_hms_government2;Stheno Parliamentary Cabinet;;;;;;;;;;;;;x
BHO_prussian_constitutionalism;Stheno Durbar;;;;;;;;;;;;;x
BHO_prussian_constitutionalism2;Stheno Council of Princes;;;;;;;;;;;;;x
BHO_theocracy;Stheno Union of Temples;;;;;;;;;;;;;x
BHO_trade_unions_congress;Stheno General Confederation of Trade Unions;;;;;;;;;;;;;x
BHP_absolute_monarchy;Izumo No Okuni Nawabate;;;;;;;;;;;;;x
BHP_absolute_monarchy2;Izumo No Okuni Hereditary Nawabate;;;;;;;;;;;;;x
BHP_colonial_company;Izumo No Okuni East India Company Territory;;;;;;;;;;;;;x
BHP_democracy;Izumo No Okuni Republic;;;;;;;;;;;;;x
BHP_democracy2;Izumo No Okuni Parliamentary Republic;;;;;;;;;;;;;x
BHP_dominion;Izumo No Okuni Princely State;;;;;;;;;;;;;x
BHP_dominion2;Izumo No Okuni Union of Princely States;;;;;;;;;;;;;x
BHP_dominion3;Izumo No Okuni Crown Territory;;;;;;;;;;;;;x
BHP_hms_government;Izumo No Okuni Constitutional Nawabate;;;;;;;;;;;;;x
BHP_hms_government2;Izumo No Okuni Parliamentary Cabinet;;;;;;;;;;;;;x
BHP_prussian_constitutionalism;Izumo No Okuni Durbar;;;;;;;;;;;;;x
BHP_prussian_constitutionalism2;Izumo No Okuni Council of Princes;;;;;;;;;;;;;x
BHP_theocracy;Izumo No Okuni Imamate;;;;;;;;;;;;;x
BHP_trade_unions_congress;Izumo No Okuni General Confederation of Trade Unions;;;;;;;;;;;;;x
BHR_absolute_monarchy;Kingprotea Emirate;;;;;;;;;;;;;x
BHR_absolute_monarchy2;Kingprotea Hereditary Emirate;;;;;;;;;;;;;x
BHR_colonial_company;Kingprotea Trading Company Territory;;;;;;;;;;;;;x
BHR_democracy;Kingprotea Republic;;;;;;;;;;;;;x
BHR_democracy2;Kingprotea Parliamentary Republic;;;;;;;;;;;;;x
BHR_dominion;Kingprotea Dominion;;;;;;;;;;;;;x
BHR_dominion2;Kingprotea Autonomous Federation;;;;;;;;;;;;;x
BHR_dominion3;Kingprotea Protected Emirate;;;;;;;;;;;;;x
BHR_hms_government;Kingprotea Constitutional Emirate;;;;;;;;;;;;;x
BHR_hms_government2;Kingprotea Parliamentary Cabinet;;;;;;;;;;;;;x
BHR_prussian_constitutionalism;Kingprotea Shura Council;;;;;;;;;;;;;x
BHR_prussian_constitutionalism2;Kingprotea Council of Nobles;;;;;;;;;;;;;x
BHR_theocracy;Kingprotea Imamate;;;;;;;;;;;;;x
BHR_trade_unions_congress;Kingprotea General Confederation of Trade Unions;;;;;;;;;;;;;x
BHT_absolute_monarchy;Bradamante Emirate;;;;;;;;;;;;;x
BHT_absolute_monarchy2;Bradamante Hereditary Emirate;;;;;;;;;;;;;x
BHT_colonial_company;Bradamante Trading Company Territory;;;;;;;;;;;;;x
BHT_democracy;Bradamante Republic;;;;;;;;;;;;;x
BHT_democracy2;Bradamante Parliamentary Republic;;;;;;;;;;;;;x
BHT_dominion;Bradamante Dominion;;;;;;;;;;;;;x
BHT_dominion2;Bradamante Autonomous Federation;;;;;;;;;;;;;x
BHT_dominion3;Bradamante Protected Emirate;;;;;;;;;;;;;x
BHT_hms_government;Bradamante Constitutional Emirate;;;;;;;;;;;;;x
BHT_hms_government2;Bradamante Parliamentary Cabinet;;;;;;;;;;;;;x
BHT_prussian_constitutionalism;Bradamante Jirga;;;;;;;;;;;;;x
BHT_prussian_constitutionalism2;Bradamante Council of Nobles;;;;;;;;;;;;;x
BHT_theocracy;Bradamante Imamate;;;;;;;;;;;;;x
BHT_trade_unions_congress;Bradamante Workers' Council;;;;;;;;;;;;;x
BHU_absolute_monarchy;Katou Danzou Kingdom;;;;;;;;;;;;;x
BHU_absolute_monarchy2;Katou Danzou Hereditary Kingdom;;;;;;;;;;;;;x
BHU_colonial_company;Katou Danzou Trading Territory;;;;;;;;;;;;;x
BHU_democracy;Katou Danzou Republic;;;;;;;;;;;;;x
BHU_democracy2;Katou Danzou Parliamentary Republic;;;;;;;;;;;;;x
BHU_dominion;Katou Danzou Autonomous State;;;;;;;;;;;;;x
BHU_dominion2;Katou Danzou Autonomous Federation;;;;;;;;;;;;;x
BHU_dominion3;Katou Danzou Royal Protectorate;;;;;;;;;;;;;x
BHU_hms_government;Katou Danzou Constitutional Kingdom;;;;;;;;;;;;;x
BHU_hms_government2;Katou Danzou Parliamentary Cabinet;;;;;;;;;;;;;x
BHU_prussian_constitutionalism;Katou Danzou Kashag;;;;;;;;;;;;;x
BHU_prussian_constitutionalism2;Katou Danzou Council of Nobles and Clergy;;;;;;;;;;;;;x
BHU_theocracy;Katou Danzou Theocratic State;;;;;;;;;;;;;x
BHU_trade_unions_congress;Katou Danzou Workers' Council;;;;;;;;;;;;;x
BHY_absolute_monarchy;Buhaya Kingdom;;;;;;;;;;;;;x
BHY_absolute_monarchy2;Buhaya Hereditary Kingdom;;;;;;;;;;;;;x
BHY_colonial_company;Buhaya Chartered Company Territory;;;;;;;;;;;;;x
BHY_democracy;Buhaya Republic;;;;;;;;;;;;;x
BHY_democracy2;Buhaya Parliamentary Republic;;;;;;;;;;;;;x
BHY_dominion;Buhaya Protectorate;;;;;;;;;;;;;x
BHY_dominion2;Buhaya Union of Autonomous States;;;;;;;;;;;;;x
BHY_dominion3;Buhaya Royal Protectorate;;;;;;;;;;;;;x
BHY_hms_government;Buhaya Constitutional Kingdom;;;;;;;;;;;;;x
BHY_hms_government2;Buhaya Parliamentary Cabinet;;;;;;;;;;;;;x
BHY_prussian_constitutionalism;Buhaya Royal Council of Elders;;;;;;;;;;;;;x
BHY_prussian_constitutionalism2;Buhaya Council of Elder Chiefs;;;;;;;;;;;;;x
BHY_theocracy;Buhaya Priestly State;;;;;;;;;;;;;x
BHY_trade_unions_congress;Buhaya Trade Union Confederation;;;;;;;;;;;;;x
BIA_absolute_monarchy;Biafra Kingdom;;;;;;;;;;;;;x
BIA_absolute_monarchy2;Biafra Hereditary Kingdom;;;;;;;;;;;;;x
BIA_colonial_company;Biafra Chartered Company Territory;;;;;;;;;;;;;x
BIA_democracy;Biafra Republic;;;;;;;;;;;;;x
BIA_democracy2;Biafra Parliamentary Republic;;;;;;;;;;;;;x
BIA_dominion;Biafra Protectorate;;;;;;;;;;;;;x
BIA_dominion2;Biafra Union of Autonomous States;;;;;;;;;;;;;x
BIA_dominion3;Biafra Royal Protectorate;;;;;;;;;;;;;x
BIA_hms_government;Biafra Constitutional Kingdom;;;;;;;;;;;;;x
BIA_hms_government2;Biafra Parliamentary Cabinet;;;;;;;;;;;;;x
BIA_prussian_constitutionalism;Biafra Royal Council of Elders;;;;;;;;;;;;;x
BIA_prussian_constitutionalism2;Biafra Council of Elder Chiefs;;;;;;;;;;;;;x
BIA_theocracy;Biafra Priestly State;;;;;;;;;;;;;x
BIA_trade_unions_congress;Biafra Trade Union Confederation;;;;;;;;;;;;;x
BIH_absolute_monarchy;Kashin Koji Raj;;;;;;;;;;;;;x
BIH_absolute_monarchy2;Kashin Koji Hereditary Raj;;;;;;;;;;;;;x
BIH_colonial_company;Kashin Koji East India Company Territory;;;;;;;;;;;;;x
BIH_democracy;Kashin Koji Republic;;;;;;;;;;;;;x
BIH_democracy2;Kashin Koji Parliamentary Republic;;;;;;;;;;;;;x
BIH_dominion;Kashin Koji Princely State;;;;;;;;;;;;;x
BIH_dominion2;Kashin Koji Union of Princely States;;;;;;;;;;;;;x
BIH_dominion3;Kashin Koji Crown Territory;;;;;;;;;;;;;x
BIH_hms_government;Kashin Koji Constitutional Raj;;;;;;;;;;;;;x
BIH_hms_government2;Kashin Koji Parliamentary Cabinet;;;;;;;;;;;;;x
BIH_prussian_constitutionalism;Kashin Koji Durbar;;;;;;;;;;;;;x
BIH_prussian_constitutionalism2;Kashin Koji Council of Princes;;;;;;;;;;;;;x
BIH_theocracy;Kashin Koji Union of Temples;;;;;;;;;;;;;x
BIH_trade_unions_congress;Kashin Koji General Confederation of Trade Unions;;;;;;;;;;;;;x
BIK_absolute_monarchy;Nezha Raj;;;;;;;;;;;;;x
BIK_absolute_monarchy2;Nezha Hereditary Raj;;;;;;;;;;;;;x
BIK_colonial_company;Nezha East India Company Territory;;;;;;;;;;;;;x
BIK_democracy;Nezha Republic;;;;;;;;;;;;;x
BIK_democracy2;Nezha Parliamentary Republic;;;;;;;;;;;;;x
BIK_dominion;Nezha Princely State;;;;;;;;;;;;;x
BIK_dominion2;Nezha Union of Princely States;;;;;;;;;;;;;x
BIK_dominion3;Nezha Crown Territory;;;;;;;;;;;;;x
BIK_hms_government;Nezha Constitutional Raj;;;;;;;;;;;;;x
BIK_hms_government2;Nezha Parliamentary Cabinet;;;;;;;;;;;;;x
BIK_prussian_constitutionalism;Nezha Durbar;;;;;;;;;;;;;x
BIK_prussian_constitutionalism2;Nezha Council of Princes;;;;;;;;;;;;;x
BIK_theocracy;Nezha Union of Temples;;;;;;;;;;;;;x
BIK_trade_unions_congress;Nezha General Confederation of Trade Unions;;;;;;;;;;;;;x
BIM_absolute_monarchy;Chang Chun Sultanate;;;;;;;;;;;;;x
BIM_absolute_monarchy2;Chang Chun Hereditary Sultanate;;;;;;;;;;;;;x
BIM_colonial_company;Chang Chun Trading Company Territory;;;;;;;;;;;;;x
BIM_democracy;Chang Chun Republic;;;;;;;;;;;;;x
BIM_democracy2;Chang Chun Parliamentary Republic;;;;;;;;;;;;;x
BIM_dominion;Chang Chun Dominion;;;;;;;;;;;;;x
BIM_dominion2;Chang Chun Autonomous Federation;;;;;;;;;;;;;x
BIM_dominion3;Chang Chun Protected Emirate;;;;;;;;;;;;;x
BIM_hms_government;Chang Chun Constitutional Sultanate;;;;;;;;;;;;;x
BIM_hms_government2;Chang Chun Parliamentary Cabinet;;;;;;;;;;;;;x
BIM_prussian_constitutionalism;Chang Chun Sultan's Council;;;;;;;;;;;;;x
BIM_prussian_constitutionalism2;Chang Chun Council of Nobles;;;;;;;;;;;;;x
BIM_theocracy;Chang Chun Imamate;;;;;;;;;;;;;x
BIM_trade_unions_congress;Chang Chun Trade Union Confederation;;;;;;;;;;;;;x
BKF_absolute_monarchy;Burkina Faso Sultanate;;;;;;;;;;;;;x
BKF_absolute_monarchy2;Burkina Faso Hereditary Sultanate;;;;;;;;;;;;;x
BKF_colonial_company;Burkina Faso Trading Company Territory;;;;;;;;;;;;;x
BKF_democracy;Burkina Faso Republic;;;;;;;;;;;;;x
BKF_democracy2;Burkina Faso Parliamentary Republic;;;;;;;;;;;;;x
BKF_dominion;Burkina Faso Dominion;;;;;;;;;;;;;x
BKF_dominion2;Burkina Faso Autonomous Federation;;;;;;;;;;;;;x
BKF_dominion3;Burkina Faso Protected Emirate;;;;;;;;;;;;;x
BKF_hms_government;Burkina Faso Constitutional Sultanate;;;;;;;;;;;;;x
BKF_hms_government2;Burkina Faso Parliamentary Cabinet;;;;;;;;;;;;;x
BKF_prussian_constitutionalism;Burkina Faso Diwan;;;;;;;;;;;;;x
BKF_prussian_constitutionalism2;Burkina Faso Council of Nobles;;;;;;;;;;;;;x
BKF_theocracy;Burkina Faso Imamate;;;;;;;;;;;;;x
BKF_trade_unions_congress;Burkina Faso General Confederation of Trade Unions;;;;;;;;;;;;;x
BKV_absolute_monarchy;Platinum Kingdom;;;;;;;;;;;;;x
BKV_absolute_monarchy2;Platinum Hereditary Kingdom;;;;;;;;;;;;;x
BKV_colonial_company;Platinum Chartered Company Territory;;;;;;;;;;;;;x
BKV_democracy;Platinum Republic;;;;;;;;;;;;;x
BKV_democracy2;Platinum Parliamentary Republic;;;;;;;;;;;;;x
BKV_dominion;Platinum Dominion;;;;;;;;;;;;;x
BKV_dominion2;Platinum Autonomous Federation;;;;;;;;;;;;;x
BKV_dominion3;Platinum Crown Dependency;;;;;;;;;;;;;x
BKV_hms_government;Platinum Constitutional Kingdom;;;;;;;;;;;;;x
BKV_hms_government2;Platinum Parliamentary Cabinet;;;;;;;;;;;;;x
BKV_prussian_constitutionalism;Platinum Royal Council;;;;;;;;;;;;;x
BKV_prussian_constitutionalism2;Platinum Royal Advisory Council;;;;;;;;;;;;;x
BKV_theocracy;Platinum Patriarchate;;;;;;;;;;;;;x
BKV_trade_unions_congress;Platinum Workers' Council;;;;;;;;;;;;;x
BLC_absolute_monarchy;Sugitani Zenjubou Emirate;;;;;;;;;;;;;x
BLC_absolute_monarchy2;Sugitani Zenjubou Hereditary Emirate;;;;;;;;;;;;;x
BLC_democracy;Sugitani Zenjubou Republic;;;;;;;;;;;;;x
BLC_democracy2;Sugitani Zenjubou Parliamentary Republic;;;;;;;;;;;;;x
BLC_dominion2;Sugitani Zenjubou Autonomous Federation;;;;;;;;;;;;;x
BLC_dominion3;Sugitani Zenjubou Protected Emirate;;;;;;;;;;;;;x
BLC_hms_government;Sugitani Zenjubou Constitutional Emirate;;;;;;;;;;;;;x
BLC_hms_government2;Sugitani Zenjubou Parliamentary Cabinet;;;;;;;;;;;;;x
BLC_prussian_constitutionalism;Sugitani Zenjubou Jirga;;;;;;;;;;;;;x
BLC_prussian_constitutionalism2;Sugitani Zenjubou Council of Nobles;;;;;;;;;;;;;x
BLC_theocracy;Sugitani Zenjubou Imamate;;;;;;;;;;;;;x
BLC_trade_unions_congress;Sugitani Zenjubou Workers' Council;;;;;;;;;;;;;x
BLZ_absolute_monarchy;Boa Hancock Kingdom;;;;;;;;;;;;;x
BLZ_absolute_monarchy2;Boa Hancock Hereditary Kingdom;;;;;;;;;;;;;x
BLZ_democracy;Boa Hancock Republic;;;;;;;;;;;;;x
BLZ_democracy2;Boa Hancock Parliamentary Republic;;;;;;;;;;;;;x
BLZ_dominion2;Boa Hancock Autonomous Federation;;;;;;;;;;;;;x
BLZ_dominion3;Boa Hancock Crown Dependency;;;;;;;;;;;;;x
BLZ_hms_government2;Boa Hancock Parliamentary Cabinet;;;;;;;;;;;;;x
BLZ_prussian_constitutionalism;Boa Hancock Privy Council;;;;;;;;;;;;;x
BLZ_prussian_constitutionalism2;Boa Hancock Royal Advisory Council;;;;;;;;;;;;;x
BLZ_theocracy;Boa Hancock Ecclesiastical Union;;;;;;;;;;;;;x
BLZ_trade_unions_congress;Boa Hancock Trade Union Congress;;;;;;;;;;;;;x
BMD_absolute_monarchy;Iansan Kingdom;;;;;;;;;;;;;x
BMD_absolute_monarchy2;Iansan Hereditary Kingdom;;;;;;;;;;;;;x
BMD_democracy;Iansan Republic;;;;;;;;;;;;;x
BMD_democracy2;Iansan Parliamentary Republic;;;;;;;;;;;;;x
BMD_dominion2;Iansan Autonomous Federation;;;;;;;;;;;;;x
BMD_dominion3;Iansan Crown Dependency;;;;;;;;;;;;;x
BMD_hms_government;Iansan Constitutional Kingdom;;;;;;;;;;;;;x
BMD_hms_government2;Iansan Parliamentary Cabinet;;;;;;;;;;;;;x
BMD_prussian_constitutionalism;Iansan Privy Council;;;;;;;;;;;;;x
BMD_prussian_constitutionalism2;Iansan Royal Advisory Council;;;;;;;;;;;;;x
BMD_theocracy;Iansan Ecclesiastical Union;;;;;;;;;;;;;x
BMD_trade_unions_congress;Iansan Trade Union Congress;;;;;;;;;;;;;x
BMK_absolute_monarchy2;Mali Hereditary Kingdom;;;;;;;;;;;;;x
BMK_colonial_company;Mali Chartered Company Territory;;;;;;;;;;;;;x
BMK_democracy;Mali Republic;;;;;;;;;;;;;x
BMK_democracy2;Mali Parliamentary Republic;;;;;;;;;;;;;x
BMK_dominion;Mali Protectorate;;;;;;;;;;;;;x
BMK_dominion2;Mali Union of Autonomous States;;;;;;;;;;;;;x
BMK_dominion3;Mali Royal Protectorate;;;;;;;;;;;;;x
BMK_hms_government2;Mali Parliamentary Cabinet;;;;;;;;;;;;;x
BMK_prussian_constitutionalism2;Mali Council of Elder Chiefs;;;;;;;;;;;;;x
BMK_theocracy;Mali Imamate;;;;;;;;;;;;;x
BMK_trade_unions_congress;Mali Trade Union Confederation;;;;;;;;;;;;;x
BNB_absolute_monarchy;Anne Bonny Emirate;;;;;;;;;;;;;x
BNB_absolute_monarchy2;Anne Bonny Hereditary Emirate;;;;;;;;;;;;;x
BNB_colonial_company;Anne Bonny Trading Company Territory;;;;;;;;;;;;;x
BNB_democracy;Anne Bonny Republic;;;;;;;;;;;;;x
BNB_democracy2;Anne Bonny Parliamentary Republic;;;;;;;;;;;;;x
BNB_dominion;Anne Bonny Dominion;;;;;;;;;;;;;x
BNB_dominion2;Anne Bonny Autonomous Federation;;;;;;;;;;;;;x
BNB_dominion3;Anne Bonny Protected Emirate;;;;;;;;;;;;;x
BNB_hms_government;Anne Bonny Constitutional Emirate;;;;;;;;;;;;;x
BNB_hms_government2;Anne Bonny Parliamentary Cabinet;;;;;;;;;;;;;x
BNB_prussian_constitutionalism;Anne Bonny Jirga;;;;;;;;;;;;;x
BNB_prussian_constitutionalism2;Anne Bonny Council of Nobles;;;;;;;;;;;;;x
BNB_theocracy;Anne Bonny Imamate;;;;;;;;;;;;;x
BNB_trade_unions_congress;Anne Bonny Workers' Council;;;;;;;;;;;;;x
BNG_absolute_monarchy2;Projekt Red Hereditary Raj;;;;;;;;;;;;;x
BNG_colonial_company;Projekt Red East India Company Territory;;;;;;;;;;;;;x
BNG_democracy;Projekt Red Republic;;;;;;;;;;;;;x
BNG_democracy2;Projekt Red Parliamentary Republic;;;;;;;;;;;;;x
BNG_dominion;Projekt Red Princely State;;;;;;;;;;;;;x
BNG_dominion2;Projekt Red Union of Princely States;;;;;;;;;;;;;x
BNG_dominion3;Projekt Red Crown Territory;;;;;;;;;;;;;x
BNG_hms_government2;Projekt Red Parliamentary Cabinet;;;;;;;;;;;;;x
BNG_prussian_constitutionalism2;Projekt Red Council of Princes;;;;;;;;;;;;;x
BNG_theocracy;Projekt Red Union of Temples;;;;;;;;;;;;;x
BNG_trade_unions_congress;Projekt Red General Confederation of Trade Unions;;;;;;;;;;;;;x
BNY_absolute_monarchy;Bunyoro Kingdom;;;;;;;;;;;;;x
BNY_absolute_monarchy2;Bunyoro Hereditary Kingdom;;;;;;;;;;;;;x
BNY_colonial_company;Bunyoro Chartered Company Territory;;;;;;;;;;;;;x
BNY_democracy;Bunyoro Republic;;;;;;;;;;;;;x
BNY_democracy2;Bunyoro Parliamentary Republic;;;;;;;;;;;;;x
BNY_dominion;Bunyoro Protectorate;;;;;;;;;;;;;x
BNY_dominion2;Bunyoro Union of Autonomous States;;;;;;;;;;;;;x
BNY_dominion3;Bunyoro Royal Protectorate;;;;;;;;;;;;;x
BNY_hms_government;Bunyoro Constitutional Kingdom;;;;;;;;;;;;;x
BNY_hms_government2;Bunyoro Parliamentary Cabinet;;;;;;;;;;;;;x
BNY_prussian_constitutionalism;Bunyoro Royal Council of Elders;;;;;;;;;;;;;x
BNY_prussian_constitutionalism2;Bunyoro Council of Elder Chiefs;;;;;;;;;;;;;x
BNY_theocracy;Bunyoro Priestly State;;;;;;;;;;;;;x
BNY_trade_unions_congress;Bunyoro Trade Union Confederation;;;;;;;;;;;;;x
BOH_absolute_monarchy;Sandrone Kingdom;;;;;;;;;;;;;x
BOH_absolute_monarchy2;Sandrone Hereditary Kingdom;;;;;;;;;;;;;x
BOH_democracy2;Sandrone Moravian Federal Republic;;;;;;;;;;;;;x
BOH_dominion2;Sandrone Autonomous Federation;;;;;;;;;;;;;x
BOH_dominion3;Sandrone Royal Protectorate;;;;;;;;;;;;;x
BOH_hms_government;Sandrone Constitutional Kingdom;;;;;;;;;;;;;x
BOH_hms_government2;Sandrone Parliamentary Cabinet;;;;;;;;;;;;;x
BOH_prussian_constitutionalism;Sandrone Noble Assembly;;;;;;;;;;;;;x
BOH_prussian_constitutionalism2;Sandrone Industrial Council;;;;;;;;;;;;;x
BOH_theocracy;Sandrone Machine Cult State;;;;;;;;;;;;;x
BOH_trade_unions_congress;Sandrone Factory Workers League;;;;;;;;;;;;;x
BOL_absolute_monarchy;La Pluma Kingdom;;;;;;;;;;;;;x
BOL_absolute_monarchy2;La Pluma Hereditary Kingdom;;;;;;;;;;;;;x
BOL_colonial_company;La Pluma Chartered Company Territory;;;;;;;;;;;;;x
BOL_democracy;La Pluma Republic;;;;;;;;;;;;;x
BOL_democracy2;La Pluma Parliamentary Republic;;;;;;;;;;;;;x
BOL_dominion;La Pluma Dominion;;;;;;;;;;;;;x
BOL_dominion2;La Pluma Autonomous Federation;;;;;;;;;;;;;x
BOL_dominion3;La Pluma Crown Dependency;;;;;;;;;;;;;x
BOL_hms_government;La Pluma Constitutional Kingdom;;;;;;;;;;;;;x
BOL_hms_government2;La Pluma Parliamentary Cabinet;;;;;;;;;;;;;x
BOL_prussian_constitutionalism;La Pluma Royal Council;;;;;;;;;;;;;x
BOL_prussian_constitutionalism2;La Pluma Royal Advisory Council;;;;;;;;;;;;;x
BOL_theocracy;La Pluma Bishopric;;;;;;;;;;;;;x
BOL_trade_unions_congress;La Pluma General Workers' Confederation;;;;;;;;;;;;;x
BOR_absolute_monarchy;Blaze Raj;;;;;;;;;;;;;x
BOR_absolute_monarchy2;Blaze Hereditary Raj;;;;;;;;;;;;;x
BOR_colonial_company;Blaze East India Company Territory;;;;;;;;;;;;;x
BOR_democracy;Blaze Republic;;;;;;;;;;;;;x
BOR_democracy2;Blaze Parliamentary Republic;;;;;;;;;;;;;x
BOR_dominion;Blaze Princely State;;;;;;;;;;;;;x
BOR_dominion2;Blaze Union of Princely States;;;;;;;;;;;;;x
BOR_dominion3;Blaze Crown Territory;;;;;;;;;;;;;x
BOR_hms_government;Blaze Constitutional Raj;;;;;;;;;;;;;x
BOR_hms_government2;Blaze Parliamentary Cabinet;;;;;;;;;;;;;x
BOR_prussian_constitutionalism;Blaze Durbar;;;;;;;;;;;;;x
BOR_prussian_constitutionalism2;Blaze Council of Princes;;;;;;;;;;;;;x
BOR_theocracy;Blaze Union of Temples;;;;;;;;;;;;;x
BOR_trade_unions_congress;Blaze General Confederation of Trade Unions;;;;;;;;;;;;;x
BOS_absolute_monarchy;Cerydra Kingdom;;;;;;;;;;;;;x
BOS_absolute_monarchy2;Cerydra Hereditary Kingdom;;;;;;;;;;;;;x
BOS_democracy;Cerydra Republic;;;;;;;;;;;;;x
BOS_democracy2;Cerydra Parliamentary Republic;;;;;;;;;;;;;x
BOS_dominion2;Cerydra Autonomous Federation;;;;;;;;;;;;;x
BOS_dominion3;Cerydra Crown Dependency;;;;;;;;;;;;;x
BOS_hms_government;Cerydra Constitutional Kingdom;;;;;;;;;;;;;x
BOS_hms_government2;Cerydra Parliamentary Cabinet;;;;;;;;;;;;;x
BOS_prussian_constitutionalism;Cerydra Royal Council;;;;;;;;;;;;;x
BOS_prussian_constitutionalism2;Cerydra Royal Advisory Council;;;;;;;;;;;;;x
BOS_theocracy;Cerydra Imamate;;;;;;;;;;;;;x
BOS_trade_unions_congress;Cerydra Workers' Council;;;;;;;;;;;;;x
BRA_absolute_monarchy2;Minna Hereditary Duchy;;;;;;;;;;;;;x
BRA_democracy2;Minna City Republic;;;;;;;;;;;;;x
BRA_dominion2;Minna Autonomous Federation;;;;;;;;;;;;;x
BRA_dominion3;Minna Crown Territory;;;;;;;;;;;;;x
BRA_hms_government2;Minna Territorial Cabinet;;;;;;;;;;;;;x
BRA_prussian_constitutionalism2;Minna Council of Princes;;;;;;;;;;;;;x
BRA_theocracy;Minna Ecclesiastical Union;;;;;;;;;;;;;x
BRA_trade_unions_congress;Minna Workers' Council;;;;;;;;;;;;;x
BRB_absolute_monarchy;Unicorn Kingdom;;;;;;;;;;;;;x
BRB_absolute_monarchy2;Unicorn Hereditary Kingdom;;;;;;;;;;;;;x
BRB_democracy;Unicorn Republic;;;;;;;;;;;;;x
BRB_democracy2;Unicorn Parliamentary Republic;;;;;;;;;;;;;x
BRB_dominion2;Unicorn Autonomous Federation;;;;;;;;;;;;;x
BRB_dominion3;Unicorn Crown Dependency;;;;;;;;;;;;;x
BRB_hms_government2;Unicorn Parliamentary Cabinet;;;;;;;;;;;;;x
BRB_prussian_constitutionalism;Unicorn Royal Council;;;;;;;;;;;;;x
BRB_prussian_constitutionalism2;Unicorn Royal Advisory Council;;;;;;;;;;;;;x
BRB_theocracy;Unicorn Ecclesiastical Union;;;;;;;;;;;;;x
BRB_trade_unions_congress;Unicorn General Workers' Confederation;;;;;;;;;;;;;x
BRD_absolute_monarchy;Burundi Kingdom;;;;;;;;;;;;;x
BRD_absolute_monarchy2;Burundi Hereditary Kingdom;;;;;;;;;;;;;x
BRD_colonial_company;Burundi Chartered Company Territory;;;;;;;;;;;;;x
BRD_democracy;Burundi Republic;;;;;;;;;;;;;x
BRD_democracy2;Burundi Parliamentary Republic;;;;;;;;;;;;;x
BRD_dominion;Burundi Protectorate;;;;;;;;;;;;;x
BRD_dominion2;Burundi Union of Autonomous States;;;;;;;;;;;;;x
BRD_dominion3;Burundi Royal Protectorate;;;;;;;;;;;;;x
BRD_hms_government;Burundi Constitutional Kingdom;;;;;;;;;;;;;x
BRD_hms_government2;Burundi Parliamentary Cabinet;;;;;;;;;;;;;x
BRD_prussian_constitutionalism;Burundi Royal Council of Elders;;;;;;;;;;;;;x
BRD_prussian_constitutionalism2;Burundi Council of Elder Chiefs;;;;;;;;;;;;;x
BRD_theocracy;Burundi Priestly State;;;;;;;;;;;;;x
BRD_trade_unions_congress;Burundi Trade Union Confederation;;;;;;;;;;;;;x
BRE_absolute_monarchy2;Fuuka Hereditary Duchy;;;;;;;;;;;;;x
BRE_democracy2;Fuuka City Republic;;;;;;;;;;;;;x
BRE_dominion2;Fuuka Autonomous Federation;;;;;;;;;;;;;x
BRE_dominion3;Fuuka Crown Territory;;;;;;;;;;;;;x
BRE_hms_government2;Fuuka Territorial Cabinet;;;;;;;;;;;;;x
BRE_prussian_constitutionalism2;Fuuka Council of Princes;;;;;;;;;;;;;x
BRE_theocracy;Fuuka Ecclesiastical Union;;;;;;;;;;;;;x
BRE_trade_unions_congress;Fuuka Workers' Council;;;;;;;;;;;;;x
BRG_absolute_monarchy;Klee Kingdom;;;;;;;;;;;;;x
BRG_absolute_monarchy2;Klee Hereditary Kingdom;;;;;;;;;;;;;x
BRG_colonial_company;Klee Chartered Company Territory;;;;;;;;;;;;;x
BRG_democracy;Klee Republic;;;;;;;;;;;;;x
BRG_democracy2;Klee Parliamentary Republic;;;;;;;;;;;;;x
BRG_dominion;Klee Dominion;;;;;;;;;;;;;x
BRG_dominion2;Klee Autonomous Federation;;;;;;;;;;;;;x
BRG_dominion3;Klee Crown Dependency;;;;;;;;;;;;;x
BRG_hms_government2;Klee Parliamentary Cabinet;;;;;;;;;;;;;x
BRG_prussian_constitutionalism2;Klee Royal Advisory Council;;;;;;;;;;;;;x
BRG_theocracy;Klee Bishopric;;;;;;;;;;;;;x
BRG_trade_unions_congress;Klee General Labor Confederation;;;;;;;;;;;;;x
BRM_absolute_monarchy2;Baguirmi Hereditary Sultanate;;;;;;;;;;;;;x
BRM_colonial_company;Baguirmi Trading Company Territory;;;;;;;;;;;;;x
BRM_democracy2;Baguirmi Parliamentary Republic;;;;;;;;;;;;;x
BRM_dominion;Baguirmi Dominion;;;;;;;;;;;;;x
BRM_dominion2;Baguirmi Autonomous Federation;;;;;;;;;;;;;x
BRM_dominion3;Baguirmi Protected Emirate;;;;;;;;;;;;;x
BRM_hms_government2;Baguirmi Parliamentary Cabinet;;;;;;;;;;;;;x
BRM_prussian_constitutionalism2;Baguirmi Council of Nobles;;;;;;;;;;;;;x
BRM_theocracy;Baguirmi Imamate;;;;;;;;;;;;;x
BRM_trade_unions_congress;Baguirmi General Confederation of Trade Unions;;;;;;;;;;;;;x
BRT_absolute_monarchy;Niko Kingdom;;;;;;;;;;;;;x
BRT_absolute_monarchy2;Niko Hereditary Kingdom;;;;;;;;;;;;;x
BRT_colonial_company;Niko Chartered Company Territory;;;;;;;;;;;;;x
BRT_democracy;Niko Republic;;;;;;;;;;;;;x
BRT_democracy2;Niko Parliamentary Republic;;;;;;;;;;;;;x
BRT_dominion;Niko Dominion;;;;;;;;;;;;;x
BRT_dominion2;Niko Autonomous Federation;;;;;;;;;;;;;x
BRT_dominion3;Niko Crown Dependency;;;;;;;;;;;;;x
BRT_hms_government;Niko Constitutional Kingdom;;;;;;;;;;;;;x
BRT_hms_government2;Niko Parliamentary Cabinet;;;;;;;;;;;;;x
BRT_prussian_constitutionalism;Niko Royal Council of State;;;;;;;;;;;;;x
BRT_prussian_constitutionalism2;Niko Royal Advisory Council;;;;;;;;;;;;;x
BRT_theocracy;Niko Bishopric;;;;;;;;;;;;;x
BRT_trade_unions_congress;Niko General Labor Confederation;;;;;;;;;;;;;x
BRU_absolute_monarchy;Yat Sen Sultanate;;;;;;;;;;;;;x
BRU_absolute_monarchy2;Yat Sen Hereditary Sultanate;;;;;;;;;;;;;x
BRU_colonial_company;Yat Sen Trading Company Territory;;;;;;;;;;;;;x
BRU_democracy;Yat Sen Republic;;;;;;;;;;;;;x
BRU_democracy2;Yat Sen Parliamentary Republic;;;;;;;;;;;;;x
BRU_dominion;Yat Sen Dominion;;;;;;;;;;;;;x
BRU_dominion2;Yat Sen Autonomous Federation;;;;;;;;;;;;;x
BRU_dominion3;Yat Sen Protected Emirate;;;;;;;;;;;;;x
BRU_hms_government;Yat Sen Constitutional Sultanate;;;;;;;;;;;;;x
BRU_hms_government2;Yat Sen Parliamentary Cabinet;;;;;;;;;;;;;x
BRU_prussian_constitutionalism;Yat Sen Sultan's Council;;;;;;;;;;;;;x
BRU_prussian_constitutionalism2;Yat Sen Council of Nobles;;;;;;;;;;;;;x
BRU_theocracy;Yat Sen Imamate;;;;;;;;;;;;;x
BRU_trade_unions_congress;Yat Sen Trade Union Confederation;;;;;;;;;;;;;x
BRY_absolute_monarchy;Marina Khanate;;;;;;;;;;;;;x
BRY_absolute_monarchy2;Marina Hereditary Khanate;;;;;;;;;;;;;x
BRY_colonial_company;Marina Trading Territory;;;;;;;;;;;;;x
BRY_democracy;Marina Republic;;;;;;;;;;;;;x
BRY_democracy2;Marina Parliamentary Republic;;;;;;;;;;;;;x
BRY_dominion;Marina Autonomous Banner;;;;;;;;;;;;;x
BRY_dominion2;Marina League of Banners;;;;;;;;;;;;;x
BRY_dominion3;Marina Princely Territory;;;;;;;;;;;;;x
BRY_hms_government;Marina Constitutional Khanate;;;;;;;;;;;;;x
BRY_hms_government2;Marina Parliamentary Cabinet;;;;;;;;;;;;;x
BRY_prussian_constitutionalism;Marina Kurultai;;;;;;;;;;;;;x
BRY_prussian_constitutionalism2;Marina Council of Princes;;;;;;;;;;;;;x
BRY_theocracy;Marina Lamaist Government;;;;;;;;;;;;;x
BRY_trade_unions_congress;Marina Workers' Congress;;;;;;;;;;;;;x
BRZ_absolute_monarchy2;Michiko Malandro Hereditary Empire;;;;;;;;;;;;;x
BRZ_democracy;Michiko Malandro Federal Republic;;;;;;;;;;;;;x
BRZ_democracy2;Michiko Malandro Parliamentary Republic;;;;;;;;;;;;;x
BRZ_dominion2;Michiko Malandro Autonomous Federation;;;;;;;;;;;;;x
BRZ_dominion3;Michiko Malandro Crown Dependency;;;;;;;;;;;;;x
BRZ_hms_government2;Michiko Malandro Parliamentary Cabinet;;;;;;;;;;;;;x
BRZ_prussian_constitutionalism2;Michiko Malandro Royal Advisory Council;;;;;;;;;;;;;x
BRZ_theocracy;Michiko Malandro Bishopric;;;;;;;;;;;;;x
BRZ_trade_unions_congress;Michiko Malandro General Workers' Confederation;;;;;;;;;;;;;x
BSH_absolute_monarchy2;Lesotho Hereditary Kingdom;;;;;;;;;;;;;x
BSH_colonial_company;Lesotho Chartered Company Territory;;;;;;;;;;;;;x
BSH_democracy;Lesotho Republic;;;;;;;;;;;;;x
BSH_democracy2;Lesotho Parliamentary Republic;;;;;;;;;;;;;x
BSH_dominion;Lesotho Protectorate;;;;;;;;;;;;;x
BSH_dominion2;Lesotho Union of Autonomous States;;;;;;;;;;;;;x
BSH_dominion3;Lesotho Royal Protectorate;;;;;;;;;;;;;x
BSH_hms_government;Lesotho Constitutional Kingdom;;;;;;;;;;;;;x
BSH_hms_government2;Lesotho Parliamentary Cabinet;;;;;;;;;;;;;x
BSH_prussian_constitutionalism;Lesotho Royal Council of Elders;;;;;;;;;;;;;x
BSH_prussian_constitutionalism2;Lesotho Council of Elder Chiefs;;;;;;;;;;;;;x
BSH_theocracy;Lesotho Priestly State;;;;;;;;;;;;;x
BSH_trade_unions_congress;Lesotho Trade Union Confederation;;;;;;;;;;;;;x
BSQ_absolute_monarchy;Chisato Arashi Kingdom;;;;;;;;;;;;;x
BSQ_absolute_monarchy2;Chisato Arashi Hereditary Kingdom;;;;;;;;;;;;;x
BSQ_colonial_company;Chisato Arashi Chartered Company Territory;;;;;;;;;;;;;x
BSQ_democracy;Chisato Arashi Republic;;;;;;;;;;;;;x
BSQ_democracy2;Chisato Arashi Parliamentary Republic;;;;;;;;;;;;;x
BSQ_dominion;Chisato Arashi Dominion;;;;;;;;;;;;;x
BSQ_dominion2;Chisato Arashi Autonomous Federation;;;;;;;;;;;;;x
BSQ_dominion3;Chisato Arashi Crown Dependency;;;;;;;;;;;;;x
BSQ_hms_government;Chisato Arashi Constitutional Kingdom;;;;;;;;;;;;;x
BSQ_hms_government2;Chisato Arashi Parliamentary Cabinet;;;;;;;;;;;;;x
BSQ_prussian_constitutionalism;Chisato Arashi Cortes;;;;;;;;;;;;;x
BSQ_prussian_constitutionalism2;Chisato Arashi Royal Advisory Council;;;;;;;;;;;;;x
BSQ_theocracy;Chisato Arashi Bishopric;;;;;;;;;;;;;x
BSQ_trade_unions_congress;Chisato Arashi Trade Union Federation;;;;;;;;;;;;;x
BTL_absolute_monarchy;Frostleaf Emirate;;;;;;;;;;;;;x
BTL_absolute_monarchy2;Frostleaf Hereditary Emirate;;;;;;;;;;;;;x
BTL_colonial_company;Frostleaf Trading Company Territory;;;;;;;;;;;;;x
BTL_democracy;Frostleaf Republic;;;;;;;;;;;;;x
BTL_democracy2;Frostleaf Parliamentary Republic;;;;;;;;;;;;;x
BTL_dominion;Frostleaf Dominion;;;;;;;;;;;;;x
BTL_dominion2;Frostleaf Autonomous Federation;;;;;;;;;;;;;x
BTL_dominion3;Frostleaf Protected Emirate;;;;;;;;;;;;;x
BTL_hms_government;Frostleaf Constitutional Emirate;;;;;;;;;;;;;x
BTL_hms_government2;Frostleaf Parliamentary Cabinet;;;;;;;;;;;;;x
BTL_prussian_constitutionalism;Frostleaf Jirga;;;;;;;;;;;;;x
BTL_prussian_constitutionalism2;Frostleaf Council of Nobles;;;;;;;;;;;;;x
BTL_theocracy;Frostleaf Imamate;;;;;;;;;;;;;x
BTL_trade_unions_congress;Frostleaf Workers' Council;;;;;;;;;;;;;x
BTN_absolute_monarchy;Shirayuki Sultanate;;;;;;;;;;;;;x
BTN_absolute_monarchy2;Shirayuki Hereditary Sultanate;;;;;;;;;;;;;x
BTN_colonial_company;Shirayuki Trading Company Territory;;;;;;;;;;;;;x
BTN_democracy;Shirayuki Republic;;;;;;;;;;;;;x
BTN_democracy2;Shirayuki Parliamentary Republic;;;;;;;;;;;;;x
BTN_dominion;Shirayuki Dominion;;;;;;;;;;;;;x
BTN_dominion2;Shirayuki Autonomous Federation;;;;;;;;;;;;;x
BTN_dominion3;Shirayuki Protected Emirate;;;;;;;;;;;;;x
BTN_hms_government;Shirayuki Constitutional Sultanate;;;;;;;;;;;;;x
BTN_hms_government2;Shirayuki Parliamentary Cabinet;;;;;;;;;;;;;x
BTN_prussian_constitutionalism;Shirayuki Sultan's Council;;;;;;;;;;;;;x
BTN_prussian_constitutionalism2;Shirayuki Council of Nobles;;;;;;;;;;;;;x
BTN_theocracy;Shirayuki Imamate;;;;;;;;;;;;;x
BTN_trade_unions_congress;Shirayuki Trade Union Confederation;;;;;;;;;;;;;x
BUG_absolute_monarchy2;Buganda Hereditary Kingdom;;;;;;;;;;;;;x
BUG_colonial_company;Buganda Chartered Company Territory;;;;;;;;;;;;;x
BUG_democracy;Buganda Republic;;;;;;;;;;;;;x
BUG_democracy2;Buganda Parliamentary Republic;;;;;;;;;;;;;x
BUG_dominion;Buganda Protectorate;;;;;;;;;;;;;x
BUG_dominion2;Buganda Union of Autonomous States;;;;;;;;;;;;;x
BUG_dominion3;Buganda Royal Protectorate;;;;;;;;;;;;;x
BUG_hms_government;Buganda Constitutional Kingdom;;;;;;;;;;;;;x
BUG_hms_government2;Buganda Parliamentary Cabinet;;;;;;;;;;;;;x
BUG_prussian_constitutionalism2;Buganda Council of Elder Chiefs;;;;;;;;;;;;;x
BUG_theocracy;Buganda Priestly State;;;;;;;;;;;;;x
BUG_trade_unions_congress;Buganda Trade Union Confederation;;;;;;;;;;;;;x
BUH_absolute_monarchy;Buha Kingdom;;;;;;;;;;;;;x
BUH_absolute_monarchy2;Buha Hereditary Kingdom;;;;;;;;;;;;;x
BUH_colonial_company;Buha Chartered Company Territory;;;;;;;;;;;;;x
BUH_democracy;Buha Republic;;;;;;;;;;;;;x
BUH_democracy2;Buha Parliamentary Republic;;;;;;;;;;;;;x
BUH_dominion;Buha Protectorate;;;;;;;;;;;;;x
BUH_dominion2;Buha Union of Autonomous States;;;;;;;;;;;;;x
BUH_dominion3;Buha Royal Protectorate;;;;;;;;;;;;;x
BUH_hms_government;Buha Constitutional Kingdom;;;;;;;;;;;;;x
BUH_hms_government2;Buha Parliamentary Cabinet;;;;;;;;;;;;;x
BUH_prussian_constitutionalism;Buha Royal Council of Elders;;;;;;;;;;;;;x
BUH_prussian_constitutionalism2;Buha Council of Elder Chiefs;;;;;;;;;;;;;x
BUH_theocracy;Buha Priestly State;;;;;;;;;;;;;x
BUH_trade_unions_congress;Buha Trade Union Confederation;;;;;;;;;;;;;x
BUK_absolute_monarchy2;Ereshkigal Hereditary Khanate;;;;;;;;;;;;;x
BUK_colonial_company;Ereshkigal Trading Company Territory;;;;;;;;;;;;;x
BUK_democracy2;Ereshkigal Parliamentary Republic;;;;;;;;;;;;;x
BUK_dominion;Ereshkigal Dominion;;;;;;;;;;;;;x
BUK_dominion2;Ereshkigal Autonomous Federation;;;;;;;;;;;;;x
BUK_dominion3;Ereshkigal Protected Emirate;;;;;;;;;;;;;x
BUK_hms_government;Ereshkigal Constitutional Khanate;;;;;;;;;;;;;x
BUK_hms_government2;Ereshkigal Parliamentary Cabinet;;;;;;;;;;;;;x
BUK_prussian_constitutionalism;Ereshkigal Khanate Council;;;;;;;;;;;;;x
BUK_prussian_constitutionalism2;Ereshkigal Council of Nobles;;;;;;;;;;;;;x
BUK_theocracy;Ereshkigal Imamate;;;;;;;;;;;;;x
BUK_trade_unions_congress;Ereshkigal Workers' Council;;;;;;;;;;;;;x
BUL_absolute_monarchy;Aglaea Kingdom;;;;;;;;;;;;;x
BUL_absolute_monarchy2;Aglaea Hereditary Kingdom;;;;;;;;;;;;;x
BUL_colonial_company;Aglaea Chartered Company Territory;;;;;;;;;;;;;x
BUL_democracy;Aglaea Republic;;;;;;;;;;;;;x
BUL_democracy2;Aglaea Parliamentary Republic;;;;;;;;;;;;;x
BUL_dominion;Aglaea Dominion;;;;;;;;;;;;;x
BUL_dominion2;Aglaea Autonomous Federation;;;;;;;;;;;;;x
BUL_dominion3;Aglaea Crown Dependency;;;;;;;;;;;;;x
BUL_hms_government;Aglaea Constitutional Kingdom;;;;;;;;;;;;;x
BUL_hms_government2;Aglaea Parliamentary Cabinet;;;;;;;;;;;;;x
BUL_prussian_constitutionalism;Aglaea Royal Council;;;;;;;;;;;;;x
BUL_prussian_constitutionalism2;Aglaea Royal Advisory Council;;;;;;;;;;;;;x
BUL_theocracy;Aglaea Patriarchate;;;;;;;;;;;;;x
BUL_trade_unions_congress;Aglaea Workers' Council;;;;;;;;;;;;;x
BUN_absolute_monarchy;Lakshmibai Raj;;;;;;;;;;;;;x
BUN_absolute_monarchy2;Lakshmibai Hereditary Raj;;;;;;;;;;;;;x
BUN_democracy;Lakshmibai Republic;;;;;;;;;;;;;x
BUN_democracy2;Lakshmibai Parliamentary Republic;;;;;;;;;;;;;x
BUN_dominion2;Lakshmibai Union of Princely States;;;;;;;;;;;;;x
BUN_dominion3;Lakshmibai Crown Territory;;;;;;;;;;;;;x
BUN_hms_government;Lakshmibai Constitutional Raj;;;;;;;;;;;;;x
BUN_hms_government2;Lakshmibai Parliamentary Cabinet;;;;;;;;;;;;;x
BUN_prussian_constitutionalism;Lakshmibai Durbar;;;;;;;;;;;;;x
BUN_prussian_constitutionalism2;Lakshmibai Council of Princes;;;;;;;;;;;;;x
BUN_theocracy;Lakshmibai Union of Temples;;;;;;;;;;;;;x
BUN_trade_unions_congress;Lakshmibai General Confederation of Trade Unions;;;;;;;;;;;;;x
BUR_absolute_monarchy2;Utage Hereditary Kingdom;;;;;;;;;;;;;x
BUR_colonial_company;Utage Chartered Company Territory;;;;;;;;;;;;;x
BUR_democracy;Utage Republic;;;;;;;;;;;;;x
BUR_democracy2;Utage Parliamentary Republic;;;;;;;;;;;;;x
BUR_dominion;Utage Dominion;;;;;;;;;;;;;x
BUR_dominion2;Utage Autonomous Federation;;;;;;;;;;;;;x
BUR_dominion3;Utage Crown Dependency;;;;;;;;;;;;;x
BUR_hms_government;Utage Constitutional Kingdom;;;;;;;;;;;;;x
BUR_hms_government2;Utage Parliamentary Cabinet;;;;;;;;;;;;;x
BUR_prussian_constitutionalism;Utage Royal Council;;;;;;;;;;;;;x
BUR_prussian_constitutionalism2;Utage Royal Advisory Council;;;;;;;;;;;;;x
BUR_theocracy;Utage Sangha State;;;;;;;;;;;;;x
BUR_trade_unions_congress;Utage Trade Union Confederation;;;;;;;;;;;;;x
BYE_absolute_monarchy;Vodyanitsa Duchy;;;;;;;;;;;;;x
BYE_absolute_monarchy2;Vodyanitsa Hereditary Duchy;;;;;;;;;;;;;x
BYE_colonial_company;Vodyanitsa River Charter Company;;;;;;;;;;;;;x
BYE_democracy;Vodyanitsa Republic;;;;;;;;;;;;;x
BYE_democracy2;Vodyanitsa Parliamentary Republic;;;;;;;;;;;;;x
BYE_dominion;Vodyanitsa Dominion;;;;;;;;;;;;;x
BYE_dominion2;Vodyanitsa Autonomous Federation;;;;;;;;;;;;;x
BYE_dominion3;Vodyanitsa Royal Protectorate;;;;;;;;;;;;;x
BYE_hms_government;Vodyanitsa Constitutional Duchy;;;;;;;;;;;;;x
BYE_hms_government2;Vodyanitsa Parliamentary Cabinet;;;;;;;;;;;;;x
BYE_prussian_constitutionalism;Vodyanitsa Provincial Diet;;;;;;;;;;;;;x
BYE_prussian_constitutionalism2;Vodyanitsa Noble Council;;;;;;;;;;;;;x
BYE_theocracy;Vodyanitsa Holy Chant Theocracy;;;;;;;;;;;;;x
BYE_trade_unions_congress;Vodyanitsa Workers Council;;;;;;;;;;;;;x
BYZ_absolute_monarchy2;Atalanta Hereditary Empire;;;;;;;;;;;;;x
BYZ_colonial_company;Atalanta Chartered Company Territory;;;;;;;;;;;;;x
BYZ_democracy2;Atalanta Parliamentary Republic;;;;;;;;;;;;;x
BYZ_dominion;Atalanta Dominion;;;;;;;;;;;;;x
BYZ_dominion2;Atalanta Autonomous Federation;;;;;;;;;;;;;x
BYZ_dominion3;Atalanta Crown Dependency;;;;;;;;;;;;;x
BYZ_hms_government2;Atalanta Parliamentary Cabinet;;;;;;;;;;;;;x
BYZ_prussian_constitutionalism2;Atalanta Royal Advisory Council;;;;;;;;;;;;;x
BYZ_theocracy;Atalanta Patriarchate;;;;;;;;;;;;;x
BYZ_trade_unions_congress;Atalanta Trade Union Confederation;;;;;;;;;;;;;x
CAL_absolute_monarchy2;Momoi Hereditary Empire;;;;;;;;;;;;;x
CAL_democracy2;Momoi Parliamentary Republic;;;;;;;;;;;;;x
CAL_dominion2;Momoi Autonomous Federation;;;;;;;;;;;;;x
CAL_dominion3;Momoi Crown Dependency;;;;;;;;;;;;;x
CAL_hms_government2;Momoi Parliamentary Cabinet;;;;;;;;;;;;;x
CAL_prussian_constitutionalism2;Momoi Royal Advisory Council;;;;;;;;;;;;;x
CAL_theocracy;Momoi Ecclesiastical Union;;;;;;;;;;;;;x
CAL_trade_unions_congress;Momoi Federation of Industrial Unions;;;;;;;;;;;;;x
CAM_absolute_monarchy;Kirara Kingdom;;;;;;;;;;;;;x
CAM_absolute_monarchy2;Kirara Hereditary Kingdom;;;;;;;;;;;;;x
CAM_colonial_company;Kirara Chartered Company Territory;;;;;;;;;;;;;x
CAM_democracy;Kirara Republic;;;;;;;;;;;;;x
CAM_democracy2;Kirara Parliamentary Republic;;;;;;;;;;;;;x
CAM_dominion;Kirara Dominion;;;;;;;;;;;;;x
CAM_dominion2;Kirara Autonomous Federation;;;;;;;;;;;;;x
CAM_dominion3;Kirara Crown Dependency;;;;;;;;;;;;;x
CAM_hms_government;Kirara Constitutional Kingdom;;;;;;;;;;;;;x
CAM_hms_government2;Kirara Parliamentary Cabinet;;;;;;;;;;;;;x
CAM_prussian_constitutionalism;Kirara Royal Council;;;;;;;;;;;;;x
CAM_prussian_constitutionalism2;Kirara Royal Advisory Council;;;;;;;;;;;;;x
CAM_theocracy;Kirara Sangha State;;;;;;;;;;;;;x
CAM_trade_unions_congress;Kirara Trade Union Confederation;;;;;;;;;;;;;x
CAN_absolute_monarchy2;Kurimura Airi Hereditary Kingdom;;;;;;;;;;;;;x
CAN_democracy2;Kurimura Airi Parliamentary Republic;;;;;;;;;;;;;x
CAN_dominion2;Kurimura Airi Autonomous Federation;;;;;;;;;;;;;x
CAN_dominion3;Kurimura Airi Crown Dependency;;;;;;;;;;;;;x
CAN_hms_government2;Kurimura Airi Parliamentary Cabinet;;;;;;;;;;;;;x
CAN_prussian_constitutionalism2;Kurimura Airi Royal Advisory Council;;;;;;;;;;;;;x
CAN_theocracy;Kurimura Airi Ecclesiastical Union;;;;;;;;;;;;;x
CAN_trade_unions_congress;Kurimura Airi Trade Union Congress;;;;;;;;;;;;;x
CAR_absolute_monarchy2;Central Africa Hereditary Empire;;;;;;;;;;;;;x
CAR_democracy;Central African Republic;;;;;;;;;;;;;x
CAR_democracy2;Central Africa Parliamentary Republic;;;;;;;;;;;;;x
CAR_dominion;Central Africa Protectorate;;;;;;;;;;;;;x
CAR_dominion2;Central Africa Union of Autonomous States;;;;;;;;;;;;;x
CAR_dominion3;Central Africa Royal Protectorate;;;;;;;;;;;;;x
CAR_hms_government2;Central Africa Parliamentary Cabinet;;;;;;;;;;;;;x
CAR_prussian_constitutionalism2;Central Africa Council of Elder Chiefs;;;;;;;;;;;;;x
CAR_theocracy;Central Africa Priestly State;;;;;;;;;;;;;x
CAR_trade_unions_congress;Central Africa Trade Union Confederation;;;;;;;;;;;;;x
CAS_absolute_monarchy;Midori Kingdom;;;;;;;;;;;;;x
CAS_absolute_monarchy2;Midori Hereditary Kingdom;;;;;;;;;;;;;x
CAS_colonial_company;Midori Chartered Company Territory;;;;;;;;;;;;;x
CAS_democracy;Midori Federal Republic;;;;;;;;;;;;;x
CAS_democracy2;Midori Parliamentary Republic;;;;;;;;;;;;;x
CAS_dominion;Midori Dominion;;;;;;;;;;;;;x
CAS_dominion2;Midori Autonomous Federation;;;;;;;;;;;;;x
CAS_dominion3;Midori Crown Dependency;;;;;;;;;;;;;x
CAS_hms_government;Midori Constitutional Kingdom;;;;;;;;;;;;;x
CAS_hms_government2;Midori Parliamentary Cabinet;;;;;;;;;;;;;x
CAS_prussian_constitutionalism;Midori Royal Parliament;;;;;;;;;;;;;x
CAS_prussian_constitutionalism2;Midori Royal Advisory Council;;;;;;;;;;;;;x
CAS_theocracy;Midori Ecclesiastical Union;;;;;;;;;;;;;x
CAS_trade_unions_congress;Midori Federation of Industrial Unions;;;;;;;;;;;;;x
CAT_absolute_monarchy;Ren Hazuki Kingdom;;;;;;;;;;;;;x
CAT_absolute_monarchy2;Ren Hazuki Hereditary Kingdom;;;;;;;;;;;;;x
CAT_colonial_company;Ren Hazuki Chartered Company Territory;;;;;;;;;;;;;x
CAT_democracy;Ren Hazuki Republic;;;;;;;;;;;;;x
CAT_democracy2;Ren Hazuki Parliamentary Republic;;;;;;;;;;;;;x
CAT_dominion;Ren Hazuki Dominion;;;;;;;;;;;;;x
CAT_dominion2;Ren Hazuki Autonomous Federation;;;;;;;;;;;;;x
CAT_dominion3;Ren Hazuki Crown Dependency;;;;;;;;;;;;;x
CAT_hms_government;Ren Hazuki Constitutional Kingdom;;;;;;;;;;;;;x
CAT_hms_government2;Ren Hazuki Parliamentary Cabinet;;;;;;;;;;;;;x
CAT_prussian_constitutionalism;Ren Hazuki Cortes;;;;;;;;;;;;;x
CAT_prussian_constitutionalism2;Ren Hazuki Royal Advisory Council;;;;;;;;;;;;;x
CAT_theocracy;Ren Hazuki Bishopric;;;;;;;;;;;;;x
CAT_trade_unions_congress;Ren Hazuki Trade Union Federation;;;;;;;;;;;;;x
CBH_absolute_monarchy;Crownslayer Raj;;;;;;;;;;;;;x
CBH_absolute_monarchy2;Crownslayer Hereditary Raj;;;;;;;;;;;;;x
CBH_colonial_company;Crownslayer East India Company Territory;;;;;;;;;;;;;x
CBH_democracy;Crownslayer Republic;;;;;;;;;;;;;x
CBH_democracy2;Crownslayer Parliamentary Republic;;;;;;;;;;;;;x
CBH_dominion;Crownslayer Princely State;;;;;;;;;;;;;x
CBH_dominion2;Crownslayer Union of Princely States;;;;;;;;;;;;;x
CBH_dominion3;Crownslayer Crown Territory;;;;;;;;;;;;;x
CBH_hms_government;Crownslayer Constitutional Raj;;;;;;;;;;;;;x
CBH_hms_government2;Crownslayer Parliamentary Cabinet;;;;;;;;;;;;;x
CBH_prussian_constitutionalism;Crownslayer Durbar;;;;;;;;;;;;;x
CBH_prussian_constitutionalism2;Crownslayer Council of Princes;;;;;;;;;;;;;x
CBH_theocracy;Crownslayer Union of Temples;;;;;;;;;;;;;x
CBH_trade_unions_congress;Crownslayer General Confederation of Trade Unions;;;;;;;;;;;;;x
CEQ_absolute_monarchy2;Mousse Hereditary Empire;;;;;;;;;;;;;x
CEQ_colonial_company;Mousse Chartered Company Territory;;;;;;;;;;;;;x
CEQ_democracy;Mousse Federal Republic;;;;;;;;;;;;;x
CEQ_democracy2;Mousse Parliamentary Republic;;;;;;;;;;;;;x
CEQ_dominion;Mousse Dominion;;;;;;;;;;;;;x
CEQ_dominion2;Mousse Autonomous Federation;;;;;;;;;;;;;x
CEQ_dominion3;Mousse Crown Dependency;;;;;;;;;;;;;x
CEQ_hms_government2;Mousse Parliamentary Cabinet;;;;;;;;;;;;;x
CEQ_prussian_constitutionalism2;Mousse Royal Advisory Council;;;;;;;;;;;;;x
CEQ_theocracy;Mousse Bishopric;;;;;;;;;;;;;x
CEQ_trade_unions_congress;Mousse General Workers' Confederation;;;;;;;;;;;;;x
CFB_absolute_monarchy;Nefer Kingdom;;;;;;;;;;;;;x
CFB_absolute_monarchy2;Nefer Hereditary Kingdom;;;;;;;;;;;;;x
CFB_colonial_company;Nefer Chartered Company Territory;;;;;;;;;;;;;x
CFB_democracy;Nefer Republic;;;;;;;;;;;;;x
CFB_democracy2;Nefer Parliamentary Republic;;;;;;;;;;;;;x
CFB_dominion;Nefer Protectorate;;;;;;;;;;;;;x
CFB_dominion2;Nefer Union of Autonomous States;;;;;;;;;;;;;x
CFB_dominion3;Nefer Royal Protectorate;;;;;;;;;;;;;x
CFB_hms_government;Nefer Constitutional Kingdom;;;;;;;;;;;;;x
CFB_hms_government2;Nefer Parliamentary Cabinet;;;;;;;;;;;;;x
CFB_prussian_constitutionalism;Nefer Royal Council of Elders;;;;;;;;;;;;;x
CFB_prussian_constitutionalism2;Nefer Council of Elder Chiefs;;;;;;;;;;;;;x
CFB_theocracy;Nefer Bishopric;;;;;;;;;;;;;x
CFB_trade_unions_congress;Nefer Trade Union Confederation;;;;;;;;;;;;;x
CGC_absolute_monarchy;Zibai Kingdom;;;;;;;;;;;;;x
CGC_absolute_monarchy2;Zibai Hereditary Kingdom;;;;;;;;;;;;;x
CGC_democracy;Zibai Republic;;;;;;;;;;;;;x
CGC_democracy2;Zibai Parliamentary Republic;;;;;;;;;;;;;x
CGC_dominion2;Zibai Autonomous Federation;;;;;;;;;;;;;x
CGC_dominion3;Zibai Crown Dependency;;;;;;;;;;;;;x
CGC_hms_government;Zibai Constitutional Kingdom;;;;;;;;;;;;;x
CGC_hms_government2;Zibai Parliamentary Cabinet;;;;;;;;;;;;;x
CGC_prussian_constitutionalism;Zibai Royal Council;;;;;;;;;;;;;x
CGC_prussian_constitutionalism2;Zibai Royal Advisory Council;;;;;;;;;;;;;x
CGC_theocracy;Zibai Bishopric;;;;;;;;;;;;;x
CGC_trade_unions_congress;Zibai General Workers' Confederation;;;;;;;;;;;;;x
CGO_absolute_monarchy;Congo-Brazzaville Kingdom;;;;;;;;;;;;;x
CGO_absolute_monarchy2;Congo-Brazzaville Hereditary Kingdom;;;;;;;;;;;;;x
CGO_colonial_company;Congo-Brazzaville Chartered Company Territory;;;;;;;;;;;;;x
CGO_democracy;Republic of the Congo;;;;;;;;;;;;;x
CGO_democracy2;Congo-Brazzaville Parliamentary Republic;;;;;;;;;;;;;x
CGO_dominion;Congo-Brazzaville Protectorate;;;;;;;;;;;;;x
CGO_dominion2;Congo-Brazzaville Union of Autonomous States;;;;;;;;;;;;;x
CGO_dominion3;Congo-Brazzaville Royal Protectorate;;;;;;;;;;;;;x
CGO_hms_government;Congo-Brazzaville Constitutional Kingdom;;;;;;;;;;;;;x
CGO_hms_government2;Congo-Brazzaville Parliamentary Cabinet;;;;;;;;;;;;;x
CGO_prussian_constitutionalism;Congo-Brazzaville Royal Council of Elders;;;;;;;;;;;;;x
CGO_prussian_constitutionalism2;Congo-Brazzaville Council of Elder Chiefs;;;;;;;;;;;;;x
CGO_theocracy;Congo-Brazzaville Bishopric;;;;;;;;;;;;;x
CGO_trade_unions_congress;Congo-Brazzaville Trade Union Confederation;;;;;;;;;;;;;x
CHA_absolute_monarchy;Raidian Raj;;;;;;;;;;;;;x
CHA_absolute_monarchy2;Raidian Hereditary Raj;;;;;;;;;;;;;x
CHA_colonial_company;Raidian East India Company Territory;;;;;;;;;;;;;x
CHA_democracy;Raidian Republic;;;;;;;;;;;;;x
CHA_democracy2;Raidian Parliamentary Republic;;;;;;;;;;;;;x
CHA_dominion;Raidian Princely State;;;;;;;;;;;;;x
CHA_dominion2;Raidian Union of Princely States;;;;;;;;;;;;;x
CHA_dominion3;Raidian Crown Territory;;;;;;;;;;;;;x
CHA_hms_government;Raidian Constitutional Raj;;;;;;;;;;;;;x
CHA_hms_government2;Raidian Parliamentary Cabinet;;;;;;;;;;;;;x
CHA_prussian_constitutionalism;Raidian Durbar;;;;;;;;;;;;;x
CHA_prussian_constitutionalism2;Raidian Council of Princes;;;;;;;;;;;;;x
CHA_theocracy;Raidian Union of Temples;;;;;;;;;;;;;x
CHA_trade_unions_congress;Raidian General Confederation of Trade Unions;;;;;;;;;;;;;x
CHD_absolute_monarchy2;Chad Hereditary Sultanate;;;;;;;;;;;;;x
CHD_colonial_company;Chad Trading Company Territory;;;;;;;;;;;;;x
CHD_democracy;Chad Republic;;;;;;;;;;;;;x
CHD_democracy2;Chad Parliamentary Republic;;;;;;;;;;;;;x
CHD_dominion;Chad Dominion;;;;;;;;;;;;;x
CHD_dominion2;Chad Autonomous Federation;;;;;;;;;;;;;x
CHD_dominion3;Chad Protected Emirate;;;;;;;;;;;;;x
CHD_hms_government;Chad Constitutional Sultanate;;;;;;;;;;;;;x
CHD_hms_government2;Chad Parliamentary Cabinet;;;;;;;;;;;;;x
CHD_prussian_constitutionalism2;Chad Council of Nobles;;;;;;;;;;;;;x
CHD_theocracy;Chad Imamate;;;;;;;;;;;;;x
CHD_trade_unions_congress;Chad General Confederation of Trade Unions;;;;;;;;;;;;;x
CHE_absolute_monarchy;Hibiki Grand Chiefdom;;;;;;;;;;;;;x
CHE_absolute_monarchy2;Hibiki Dynasty;;;;;;;;;;;;;x
CHE_colonial_company;Hibiki Chartered Company Territory;;;;;;;;;;;;;x
CHE_democracy2;Hibiki Parliamentary Republic;;;;;;;;;;;;;x
CHE_dominion2;Hibiki Union of Autonomous States;;;;;;;;;;;;;x
CHE_dominion3;Hibiki Royal Protectorate;;;;;;;;;;;;;x
CHE_hms_government;Hibiki Constitutional Chiefdom;;;;;;;;;;;;;x
CHE_hms_government2;Hibiki Parliamentary Cabinet;;;;;;;;;;;;;x
CHE_prussian_constitutionalism;Hibiki Council of Tribal Elders;;;;;;;;;;;;;x
CHE_prussian_constitutionalism2;Hibiki Council of Elder Chiefs;;;;;;;;;;;;;x
CHE_theocracy;Hibiki Ecclesiastical Union;;;;;;;;;;;;;x
CHE_trade_unions_congress;Hibiki Producers' Federation;;;;;;;;;;;;;x
CHH_absolute_monarchy;Schwarz Raj;;;;;;;;;;;;;x
CHH_absolute_monarchy2;Schwarz Hereditary Raj;;;;;;;;;;;;;x
CHH_colonial_company;Schwarz East India Company Territory;;;;;;;;;;;;;x
CHH_democracy;Schwarz Republic;;;;;;;;;;;;;x
CHH_democracy2;Schwarz Parliamentary Republic;;;;;;;;;;;;;x
CHH_dominion;Schwarz Princely State;;;;;;;;;;;;;x
CHH_dominion2;Schwarz Union of Princely States;;;;;;;;;;;;;x
CHH_dominion3;Schwarz Crown Territory;;;;;;;;;;;;;x
CHH_hms_government;Schwarz Constitutional Raj;;;;;;;;;;;;;x
CHH_hms_government2;Schwarz Parliamentary Cabinet;;;;;;;;;;;;;x
CHH_prussian_constitutionalism;Schwarz Durbar;;;;;;;;;;;;;x
CHH_prussian_constitutionalism2;Schwarz Council of Princes;;;;;;;;;;;;;x
CHH_theocracy;Schwarz Union of Temples;;;;;;;;;;;;;x
CHH_trade_unions_congress;Schwarz General Confederation of Trade Unions;;;;;;;;;;;;;x
CHI_absolute_monarchy2;Kisaki Imperial Court;;;;;;;;;;;;;x
CHI_colonial_company;Kisaki Concession;;;;;;;;;;;;;x
CHI_democracy2;Kisaki Federal Republic;;;;;;;;;;;;;x
CHI_dominion;Kisaki Autonomous Province;;;;;;;;;;;;;x
CHI_dominion2;Kisaki Federal Government;;;;;;;;;;;;;x
CHI_dominion3;Kisaki Tributary Territory;;;;;;;;;;;;;x
CHI_hms_government2;Kisaki Parliamentary Cabinet;;;;;;;;;;;;;x
CHI_prussian_constitutionalism2;Kisaki State Advisory Council;;;;;;;;;;;;;x
CHI_theocracy;Kisaki Confucian Imperial State;;;;;;;;;;;;;x
CHI_trade_unions_congress;Kisaki General Labor Union;;;;;;;;;;;;;x
CHK_absolute_monarchy;Akafuyu Kingdom;;;;;;;;;;;;;x
CHK_absolute_monarchy2;Akafuyu Hereditary Kingdom;;;;;;;;;;;;;x
CHK_colonial_company;Akafuyu Chartered Company Territory;;;;;;;;;;;;;x
CHK_democracy;Akafuyu Republic;;;;;;;;;;;;;x
CHK_democracy2;Akafuyu Parliamentary Republic;;;;;;;;;;;;;x
CHK_dominion;Akafuyu Dominion;;;;;;;;;;;;;x
CHK_dominion2;Akafuyu Autonomous Federation;;;;;;;;;;;;;x
CHK_dominion3;Akafuyu Crown Dependency;;;;;;;;;;;;;x
CHK_hms_government;Akafuyu Constitutional Kingdom;;;;;;;;;;;;;x
CHK_hms_government2;Akafuyu Parliamentary Cabinet;;;;;;;;;;;;;x
CHK_prussian_constitutionalism;Akafuyu Royal Council;;;;;;;;;;;;;x
CHK_prussian_constitutionalism2;Akafuyu Royal Advisory Council;;;;;;;;;;;;;x
CHK_theocracy;Akafuyu Sangha State;;;;;;;;;;;;;x
CHK_trade_unions_congress;Akafuyu Trade Union Confederation;;;;;;;;;;;;;x
CHL_absolute_monarchy;Cantabile Kingdom;;;;;;;;;;;;;x
CHL_absolute_monarchy2;Cantabile Hereditary Kingdom;;;;;;;;;;;;;x
CHL_democracy;Cantabile Republic;;;;;;;;;;;;;x
CHL_democracy2;Cantabile Parliamentary Republic;;;;;;;;;;;;;x
CHL_dominion;Cantabile Dominion;;;;;;;;;;;;;x
CHL_dominion2;Cantabile Autonomous Federation;;;;;;;;;;;;;x
CHL_dominion3;Cantabile Crown Dependency;;;;;;;;;;;;;x
CHL_hms_government;Cantabile Constitutional Kingdom;;;;;;;;;;;;;x
CHL_hms_government2;Cantabile Parliamentary Cabinet;;;;;;;;;;;;;x
CHL_prussian_constitutionalism;Cantabile Royal Council;;;;;;;;;;;;;x
CHL_prussian_constitutionalism2;Cantabile Royal Advisory Council;;;;;;;;;;;;;x
CHL_theocracy;Cantabile Bishopric;;;;;;;;;;;;;x
CHL_trade_unions_congress;Cantabile General Workers' Confederation;;;;;;;;;;;;;x
CHO_absolute_monarchy2;Izuna Shogunate;;;;;;;;;;;;;x
CHO_colonial_company;Izuna Trading Post Territory;;;;;;;;;;;;;x
CHO_democracy;Izuna Republic;;;;;;;;;;;;;x
CHO_democracy2;Izuna Parliamentary Republic;;;;;;;;;;;;;x
CHO_dominion;Izuna Autonomous Domain;;;;;;;;;;;;;x
CHO_dominion2;Izuna Union of Domains;;;;;;;;;;;;;x
CHO_dominion3;Izuna Shogunal Territory;;;;;;;;;;;;;x
CHO_hms_government2;Izuna Parliamentary Cabinet;;;;;;;;;;;;;x
CHO_prussian_constitutionalism2;Izuna Council of Domain Lords;;;;;;;;;;;;;x
CHO_theocracy;Izuna Sangha State;;;;;;;;;;;;;x
CHO_trade_unions_congress;Izuna General Council of Trade Unions;;;;;;;;;;;;;x
CHP_absolute_monarchy;Kay Kingdom;;;;;;;;;;;;;x
CHP_absolute_monarchy2;Kay Hereditary Kingdom;;;;;;;;;;;;;x
CHP_democracy2;Kay Parliamentary Republic;;;;;;;;;;;;;x
CHP_dominion;Kay Dominion;;;;;;;;;;;;;x
CHP_dominion2;Kay Autonomous Federation;;;;;;;;;;;;;x
CHP_dominion3;Kay Crown Dependency;;;;;;;;;;;;;x
CHP_hms_government;Kay Constitutional Kingdom;;;;;;;;;;;;;x
CHP_hms_government2;Kay Parliamentary Cabinet;;;;;;;;;;;;;x
CHP_prussian_constitutionalism;Kay Royal Council;;;;;;;;;;;;;x
CHP_prussian_constitutionalism2;Kay Royal Advisory Council;;;;;;;;;;;;;x
CHP_theocracy;Kay Bishopric;;;;;;;;;;;;;x
CHP_trade_unions_congress;Kay General Workers' Confederation;;;;;;;;;;;;;x
CHY_absolute_monarchy;Collei Kingdom;;;;;;;;;;;;;x
CHY_absolute_monarchy2;Collei Hereditary Kingdom;;;;;;;;;;;;;x
CHY_colonial_company;Collei Chartered Company Territory;;;;;;;;;;;;;x
CHY_democracy;Collei Republic;;;;;;;;;;;;;x
CHY_democracy2;Collei Parliamentary Republic;;;;;;;;;;;;;x
CHY_dominion;Collei Dominion;;;;;;;;;;;;;x
CHY_dominion2;Collei Autonomous Federation;;;;;;;;;;;;;x
CHY_dominion3;Collei Crown Dependency;;;;;;;;;;;;;x
CHY_hms_government;Collei Constitutional Kingdom;;;;;;;;;;;;;x
CHY_hms_government2;Collei Parliamentary Cabinet;;;;;;;;;;;;;x
CHY_prussian_constitutionalism;Collei Royal Council;;;;;;;;;;;;;x
CHY_prussian_constitutionalism2;Collei Royal Advisory Council;;;;;;;;;;;;;x
CHY_theocracy;Collei Imamate;;;;;;;;;;;;;x
CHY_trade_unions_congress;Collei Workers' Council;;;;;;;;;;;;;x
CIR_absolute_monarchy2;Faruzan Hereditary Kingdom;;;;;;;;;;;;;x
CIR_colonial_company;Faruzan Chartered Company Territory;;;;;;;;;;;;;x
CIR_democracy2;Faruzan Parliamentary Republic;;;;;;;;;;;;;x
CIR_dominion;Faruzan Dominion;;;;;;;;;;;;;x
CIR_dominion2;Faruzan Autonomous Federation;;;;;;;;;;;;;x
CIR_dominion3;Faruzan Crown Dependency;;;;;;;;;;;;;x
CIR_hms_government2;Faruzan Parliamentary Cabinet;;;;;;;;;;;;;x
CIR_prussian_constitutionalism2;Faruzan Royal Advisory Council;;;;;;;;;;;;;x
CIR_theocracy;Faruzan Imamate;;;;;;;;;;;;;x
CIR_trade_unions_congress;Faruzan Workers' Council;;;;;;;;;;;;;x
CIV_absolute_monarchy;Frieren Duchy;;;;;;;;;;;;;x
CIV_absolute_monarchy2;Frieren Hereditary Duchy;;;;;;;;;;;;;x
CIV_colonial_company;Frieren Chartered Company Territory;;;;;;;;;;;;;x
CIV_democracy;Frieren Free State;;;;;;;;;;;;;x
CIV_democracy2;Frieren City Republic;;;;;;;;;;;;;x
CIV_dominion;Frieren Dominion;;;;;;;;;;;;;x
CIV_dominion2;Frieren Autonomous Federation;;;;;;;;;;;;;x
CIV_dominion3;Frieren Crown Territory;;;;;;;;;;;;;x
CIV_hms_government;Frieren Constitutional Duchy;;;;;;;;;;;;;x
CIV_hms_government2;Frieren Territorial Cabinet;;;;;;;;;;;;;x
CIV_prussian_constitutionalism;Frieren Territorial Diet;;;;;;;;;;;;;x
CIV_prussian_constitutionalism2;Frieren Council of Princes;;;;;;;;;;;;;x
CIV_theocracy;Frieren Bishopric;;;;;;;;;;;;;x
CIV_trade_unions_congress;Frieren Workers' Council;;;;;;;;;;;;;x
CLA_absolute_monarchy;Calabar Kingdom;;;;;;;;;;;;;x
CLA_absolute_monarchy2;Calabar Hereditary Kingdom;;;;;;;;;;;;;x
CLA_colonial_company;Calabar Chartered Company Territory;;;;;;;;;;;;;x
CLA_democracy;Calabar Republic;;;;;;;;;;;;;x
CLA_democracy2;Calabar Parliamentary Republic;;;;;;;;;;;;;x
CLA_dominion;Calabar Protectorate;;;;;;;;;;;;;x
CLA_dominion2;Calabar Union of Autonomous States;;;;;;;;;;;;;x
CLA_dominion3;Calabar Royal Protectorate;;;;;;;;;;;;;x
CLA_hms_government;Calabar Constitutional Kingdom;;;;;;;;;;;;;x
CLA_hms_government2;Calabar Parliamentary Cabinet;;;;;;;;;;;;;x
CLA_prussian_constitutionalism;Calabar Royal Council of Elders;;;;;;;;;;;;;x
CLA_prussian_constitutionalism2;Calabar Council of Elder Chiefs;;;;;;;;;;;;;x
CLA_theocracy;Calabar Priestly State;;;;;;;;;;;;;x
CLA_trade_unions_congress;Calabar Trade Union Confederation;;;;;;;;;;;;;x
CLC_absolute_monarchy;Astesia Kingdom;;;;;;;;;;;;;x
CLC_absolute_monarchy2;Astesia Hereditary Kingdom;;;;;;;;;;;;;x
CLC_colonial_company;Astesia Chartered Company Territory;;;;;;;;;;;;;x
CLC_democracy;Astesia Republic;;;;;;;;;;;;;x
CLC_democracy2;Astesia Parliamentary Republic;;;;;;;;;;;;;x
CLC_dominion;Astesia Dominion;;;;;;;;;;;;;x
CLC_dominion2;Astesia Autonomous Federation;;;;;;;;;;;;;x
CLC_dominion3;Astesia Crown Dependency;;;;;;;;;;;;;x
CLC_hms_government;Astesia Constitutional Kingdom;;;;;;;;;;;;;x
CLC_hms_government2;Astesia Parliamentary Cabinet;;;;;;;;;;;;;x
CLC_prussian_constitutionalism;Astesia Royal Council;;;;;;;;;;;;;x
CLC_prussian_constitutionalism2;Astesia Royal Advisory Council;;;;;;;;;;;;;x
CLC_theocracy;Astesia Patriarchate;;;;;;;;;;;;;x
CLC_trade_unions_congress;Astesia Trade Union Confederation;;;;;;;;;;;;;x
CLM_absolute_monarchy2;Dunyarzad Hereditary Kingdom;;;;;;;;;;;;;x
CLM_colonial_company;Dunyarzad Chartered Company Territory;;;;;;;;;;;;;x
CLM_democracy;Dunyarzad Republic;;;;;;;;;;;;;x
CLM_democracy2;Dunyarzad Parliamentary Republic;;;;;;;;;;;;;x
CLM_dominion;Dunyarzad Dominion;;;;;;;;;;;;;x
CLM_dominion2;Dunyarzad Autonomous Federation;;;;;;;;;;;;;x
CLM_dominion3;Dunyarzad Crown Dependency;;;;;;;;;;;;;x
CLM_hms_government2;Dunyarzad Parliamentary Cabinet;;;;;;;;;;;;;x
CLM_prussian_constitutionalism2;Dunyarzad Royal Advisory Council;;;;;;;;;;;;;x
CLM_theocracy;Dunyarzad Bishopric;;;;;;;;;;;;;x
CLM_trade_unions_congress;Dunyarzad General Workers' Confederation;;;;;;;;;;;;;x
CMC_absolute_monarchy;Toki Grand Chiefdom;;;;;;;;;;;;;x
CMC_absolute_monarchy2;Toki Dynasty;;;;;;;;;;;;;x
CMC_colonial_company;Toki Chartered Company Territory;;;;;;;;;;;;;x
CMC_democracy;Toki Tribal Republic;;;;;;;;;;;;;x
CMC_democracy2;Toki Parliamentary Republic;;;;;;;;;;;;;x
CMC_dominion;Toki Protectorate;;;;;;;;;;;;;x
CMC_dominion2;Toki Union of Autonomous States;;;;;;;;;;;;;x
CMC_dominion3;Toki Royal Protectorate;;;;;;;;;;;;;x
CMC_hms_government;Toki Constitutional Chiefdom;;;;;;;;;;;;;x
CMC_hms_government2;Toki Parliamentary Cabinet;;;;;;;;;;;;;x
CMC_prussian_constitutionalism;Toki Council of Tribal Elders;;;;;;;;;;;;;x
CMC_prussian_constitutionalism2;Toki Council of Elder Chiefs;;;;;;;;;;;;;x
CMC_theocracy;Toki Priestly State;;;;;;;;;;;;;x
CMC_trade_unions_congress;Toki Producers' Federation;;;;;;;;;;;;;x
CMR_absolute_monarchy;Cameroon Kingdom;;;;;;;;;;;;;x
CMR_absolute_monarchy2;Cameroon Hereditary Kingdom;;;;;;;;;;;;;x
CMR_democracy;Cameroon Republic;;;;;;;;;;;;;x
CMR_democracy2;Cameroon Parliamentary Republic;;;;;;;;;;;;;x
CMR_dominion;Cameroon Protectorate;;;;;;;;;;;;;x
CMR_dominion2;Cameroon Union of Autonomous States;;;;;;;;;;;;;x
CMR_dominion3;Cameroon Royal Protectorate;;;;;;;;;;;;;x
CMR_hms_government;Cameroon Constitutional Kingdom;;;;;;;;;;;;;x
CMR_hms_government2;Cameroon Parliamentary Cabinet;;;;;;;;;;;;;x
CMR_prussian_constitutionalism;Cameroon Royal Council of Elders;;;;;;;;;;;;;x
CMR_prussian_constitutionalism2;Cameroon Council of Elder Chiefs;;;;;;;;;;;;;x
CMR_theocracy;Cameroon Ecclesiastical Union;;;;;;;;;;;;;x
CMR_trade_unions_congress;Cameroon Trade Union Confederation;;;;;;;;;;;;;x
CMS_absolute_monarchy;Comoros Sultanate;;;;;;;;;;;;;x
CMS_absolute_monarchy2;Comoros Hereditary Sultanate;;;;;;;;;;;;;x
CMS_colonial_company;Comoros Trading Company Territory;;;;;;;;;;;;;x
CMS_democracy;Comoros Republic;;;;;;;;;;;;;x
CMS_democracy2;Comoros Parliamentary Republic;;;;;;;;;;;;;x
CMS_dominion;Comoros Dominion;;;;;;;;;;;;;x
CMS_dominion2;Comoros Autonomous Federation;;;;;;;;;;;;;x
CMS_dominion3;Comoros Protected Emirate;;;;;;;;;;;;;x
CMS_hms_government;Comoros Constitutional Sultanate;;;;;;;;;;;;;x
CMS_hms_government2;Comoros Parliamentary Cabinet;;;;;;;;;;;;;x
CMS_prussian_constitutionalism;Comoros Sultan's Council;;;;;;;;;;;;;x
CMS_prussian_constitutionalism2;Comoros Council of Nobles;;;;;;;;;;;;;x
CMS_theocracy;Comoros Imamate;;;;;;;;;;;;;x
CMS_trade_unions_congress;Comoros Trade Union Confederation;;;;;;;;;;;;;x
CNG_absolute_monarchy2;Kongou Hereditary Kingdom;;;;;;;;;;;;;x
CNG_colonial_company;Kongou Chartered Company Territory;;;;;;;;;;;;;x
CNG_democracy2;Kongou Parliamentary Republic;;;;;;;;;;;;;x
CNG_dominion;Kongou Protectorate;;;;;;;;;;;;;x
CNG_dominion2;Kongou Union of Autonomous States;;;;;;;;;;;;;x
CNG_dominion3;Kongou Royal Protectorate;;;;;;;;;;;;;x
CNG_hms_government2;Kongou Parliamentary Cabinet;;;;;;;;;;;;;x
CNG_prussian_constitutionalism2;Kongou Council of Elder Chiefs;;;;;;;;;;;;;x
CNG_theocracy;Kongou Bishopric;;;;;;;;;;;;;x
CNG_trade_unions_congress;Kongou Trade Union Confederation;;;;;;;;;;;;;x
COB_absolute_monarchy2;Satsuki Hereditary Duchy;;;;;;;;;;;;;x
COB_democracy2;Satsuki City Republic;;;;;;;;;;;;;x
COB_dominion2;Satsuki Autonomous Federation;;;;;;;;;;;;;x
COB_dominion3;Satsuki Crown Territory;;;;;;;;;;;;;x
COB_hms_government2;Satsuki Territorial Cabinet;;;;;;;;;;;;;x
COB_prussian_constitutionalism2;Satsuki Council of Princes;;;;;;;;;;;;;x
COB_theocracy;Satsuki Ecclesiastical Union;;;;;;;;;;;;;x
COB_trade_unions_congress;Satsuki Workers' Council;;;;;;;;;;;;;x
COC_absolute_monarchy;Sora Kingdom;;;;;;;;;;;;;x
COC_absolute_monarchy2;Sora Hereditary Kingdom;;;;;;;;;;;;;x
COC_colonial_company;Sora East India Company Territory;;;;;;;;;;;;;x
COC_democracy;Sora Republic;;;;;;;;;;;;;x
COC_democracy2;Sora Parliamentary Republic;;;;;;;;;;;;;x
COC_dominion;Sora Princely State;;;;;;;;;;;;;x
COC_dominion2;Sora Union of Princely States;;;;;;;;;;;;;x
COC_dominion3;Sora Crown Territory;;;;;;;;;;;;;x
COC_hms_government;Sora Constitutional Kingdom;;;;;;;;;;;;;x
COC_hms_government2;Sora Parliamentary Cabinet;;;;;;;;;;;;;x
COC_prussian_constitutionalism;Sora Durbar;;;;;;;;;;;;;x
COC_prussian_constitutionalism2;Sora Council of Princes;;;;;;;;;;;;;x
COC_theocracy;Sora Union of Temples;;;;;;;;;;;;;x
COC_trade_unions_congress;Sora General Confederation of Trade Unions;;;;;;;;;;;;;x
COL_absolute_monarchy;Yuzu Kingdom;;;;;;;;;;;;;x
COL_absolute_monarchy2;Yuzu Hereditary Kingdom;;;;;;;;;;;;;x
COL_democracy2;Yuzu Parliamentary Republic;;;;;;;;;;;;;x
COL_dominion2;Yuzu Autonomous Federation;;;;;;;;;;;;;x
COL_dominion3;Yuzu Crown Dependency;;;;;;;;;;;;;x
COL_hms_government2;Yuzu Parliamentary Cabinet;;;;;;;;;;;;;x
COL_prussian_constitutionalism;Yuzu Privy Council;;;;;;;;;;;;;x
COL_prussian_constitutionalism2;Yuzu Royal Advisory Council;;;;;;;;;;;;;x
COL_theocracy;Yuzu Ecclesiastical Union;;;;;;;;;;;;;x
COL_trade_unions_congress;Yuzu Trade Union Congress;;;;;;;;;;;;;x
COS_absolute_monarchy;Nami Kingdom;;;;;;;;;;;;;x
COS_absolute_monarchy2;Nami Hereditary Kingdom;;;;;;;;;;;;;x
COS_democracy2;Nami Parliamentary Republic;;;;;;;;;;;;;x
COS_dominion;Nami Dominion;;;;;;;;;;;;;x
COS_dominion2;Nami Autonomous Federation;;;;;;;;;;;;;x
COS_dominion3;Nami Crown Dependency;;;;;;;;;;;;;x
COS_hms_government;Nami Constitutional Kingdom;;;;;;;;;;;;;x
COS_hms_government2;Nami Parliamentary Cabinet;;;;;;;;;;;;;x
COS_prussian_constitutionalism;Nami Royal Council;;;;;;;;;;;;;x
COS_prussian_constitutionalism2;Nami Royal Advisory Council;;;;;;;;;;;;;x
COS_theocracy;Nami Bishopric;;;;;;;;;;;;;x
COS_trade_unions_congress;Nami General Workers' Confederation;;;;;;;;;;;;;x
COU_absolute_monarchy2;Gravel Hereditary Grand Duchy;;;;;;;;;;;;;x
COU_democracy;Gravel Free State;;;;;;;;;;;;;x
COU_democracy2;Gravel City Republic;;;;;;;;;;;;;x
COU_dominion2;Gravel Autonomous Federation;;;;;;;;;;;;;x
COU_dominion3;Gravel Crown Territory;;;;;;;;;;;;;x
COU_hms_government2;Gravel Territorial Cabinet;;;;;;;;;;;;;x
COU_prussian_constitutionalism2;Gravel Council of Princes;;;;;;;;;;;;;x
COU_theocracy;Gravel Ecclesiastical Union;;;;;;;;;;;;;x
COU_trade_unions_congress;Gravel Workers' Council;;;;;;;;;;;;;x
CPL_absolute_monarchy2;Kazimierz Knights' League Hereditary Kingdom;;;;;;;;;;;;;x
CPL_democracy;Kazimierz Knights' League Republic;;;;;;;;;;;;;x
CPL_democracy2;Kazimierz Knights' League Parliamentary Republic;;;;;;;;;;;;;x
CPL_dominion2;Kazimierz Knights' League Autonomous Federation;;;;;;;;;;;;;x
CPL_dominion3;Kazimierz Knights' League Crown Dependency;;;;;;;;;;;;;x
CPL_hms_government2;Kazimierz Knights' League Parliamentary Cabinet;;;;;;;;;;;;;x
CPL_prussian_constitutionalism2;Kazimierz Knights' League Royal Advisory Council;;;;;;;;;;;;;x
CPL_theocracy;Kazimierz Knights' League Bishopric;;;;;;;;;;;;;x
CPL_trade_unions_congress;Kazimierz Knights' League Workers' Council;;;;;;;;;;;;;x
CRB_absolute_monarchy2;Caper Hereditary Kingdom;;;;;;;;;;;;;x
CRB_democracy2;Caper Parliamentary Republic;;;;;;;;;;;;;x
CRB_dominion2;Caper Autonomous Federation;;;;;;;;;;;;;x
CRB_dominion3;Caper Crown Dependency;;;;;;;;;;;;;x
CRB_hms_government2;Caper Parliamentary Cabinet;;;;;;;;;;;;;x
CRB_prussian_constitutionalism2;Caper Royal Advisory Council;;;;;;;;;;;;;x
CRB_theocracy;Caper Ecclesiastical Union;;;;;;;;;;;;;x
CRB_trade_unions_congress;Caper General Workers' Confederation;;;;;;;;;;;;;x
CRE_absolute_monarchy;Medusa Kingdom;;;;;;;;;;;;;x
CRE_absolute_monarchy2;Medusa Hereditary Kingdom;;;;;;;;;;;;;x
CRE_colonial_company;Medusa Chartered Company Territory;;;;;;;;;;;;;x
CRE_democracy;Medusa Republic;;;;;;;;;;;;;x
CRE_democracy2;Medusa Parliamentary Republic;;;;;;;;;;;;;x
CRE_dominion;Medusa Dominion;;;;;;;;;;;;;x
CRE_dominion2;Medusa Autonomous Federation;;;;;;;;;;;;;x
CRE_dominion3;Medusa Crown Dependency;;;;;;;;;;;;;x
CRE_hms_government;Medusa Constitutional Kingdom;;;;;;;;;;;;;x
CRE_hms_government2;Medusa Parliamentary Cabinet;;;;;;;;;;;;;x
CRE_prussian_constitutionalism;Medusa Royal Council;;;;;;;;;;;;;x
CRE_prussian_constitutionalism2;Medusa Royal Advisory Council;;;;;;;;;;;;;x
CRE_theocracy;Medusa Patriarchate;;;;;;;;;;;;;x
CRE_trade_unions_congress;Medusa Trade Union Confederation;;;;;;;;;;;;;x
CRI_absolute_monarchy;Nefer Khanate;;;;;;;;;;;;;x
CRI_absolute_monarchy2;Nefer Hereditary Khanate;;;;;;;;;;;;;x
CRI_colonial_company;Nefer Black Sea Trading Company;;;;;;;;;;;;;x
CRI_democracy;Nefer Crimean Republic;;;;;;;;;;;;;x
CRI_democracy2;Nefer Merchant Republic;;;;;;;;;;;;;x
CRI_dominion;Nefer Dominion;;;;;;;;;;;;;x
CRI_dominion2;Nefer City Autonomous Union;;;;;;;;;;;;;x
CRI_dominion3;Nefer Khan's Protectorate;;;;;;;;;;;;;x
CRI_hms_government;Nefer Constitutional Khanate;;;;;;;;;;;;;x
CRI_hms_government2;Nefer Parliamentary Cabinet;;;;;;;;;;;;;x
CRI_prussian_constitutionalism;Nefer Divan;;;;;;;;;;;;;x
CRI_prussian_constitutionalism2;Nefer Assembly of Delegates;;;;;;;;;;;;;x
CRI_theocracy;Nefer Clergy Council;;;;;;;;;;;;;x
CRI_trade_unions_congress;Nefer Port Workers League;;;;;;;;;;;;;x
CRL_absolute_monarchy;Semiramis Nawabate;;;;;;;;;;;;;x
CRL_absolute_monarchy2;Semiramis Hereditary Nawabate;;;;;;;;;;;;;x
CRL_colonial_company;Semiramis East India Company Territory;;;;;;;;;;;;;x
CRL_democracy;Semiramis Republic;;;;;;;;;;;;;x
CRL_democracy2;Semiramis Parliamentary Republic;;;;;;;;;;;;;x
CRL_dominion;Semiramis Princely State;;;;;;;;;;;;;x
CRL_dominion2;Semiramis Union of Princely States;;;;;;;;;;;;;x
CRL_dominion3;Semiramis Crown Territory;;;;;;;;;;;;;x
CRL_hms_government;Semiramis Constitutional Nawabate;;;;;;;;;;;;;x
CRL_hms_government2;Semiramis Parliamentary Cabinet;;;;;;;;;;;;;x
CRL_prussian_constitutionalism;Semiramis Durbar;;;;;;;;;;;;;x
CRL_prussian_constitutionalism2;Semiramis Council of Princes;;;;;;;;;;;;;x
CRL_theocracy;Semiramis Imamate;;;;;;;;;;;;;x
CRL_trade_unions_congress;Semiramis General Confederation of Trade Unions;;;;;;;;;;;;;x
CRO_absolute_monarchy;Medea Kingdom;;;;;;;;;;;;;x
CRO_absolute_monarchy2;Medea Hereditary Kingdom;;;;;;;;;;;;;x
CRO_colonial_company;Medea Chartered Company Territory;;;;;;;;;;;;;x
CRO_democracy;Medea Republic;;;;;;;;;;;;;x
CRO_democracy2;Medea Parliamentary Republic;;;;;;;;;;;;;x
CRO_dominion;Medea Dominion;;;;;;;;;;;;;x
CRO_dominion2;Medea Autonomous Federation;;;;;;;;;;;;;x
CRO_dominion3;Medea Crown Dependency;;;;;;;;;;;;;x
CRO_hms_government;Medea Constitutional Kingdom;;;;;;;;;;;;;x
CRO_hms_government2;Medea Parliamentary Cabinet;;;;;;;;;;;;;x
CRO_prussian_constitutionalism;Medea Royal Council;;;;;;;;;;;;;x
CRO_prussian_constitutionalism2;Medea Royal Advisory Council;;;;;;;;;;;;;x
CRO_theocracy;Medea Bishopric;;;;;;;;;;;;;x
CRO_trade_unions_congress;Medea Workers' Council;;;;;;;;;;;;;x
CRS_absolute_monarchy;Eri Duchy;;;;;;;;;;;;;x
CRS_absolute_monarchy2;Eri Hereditary Duchy;;;;;;;;;;;;;x
CRS_colonial_company;Eri Chartered Company Territory;;;;;;;;;;;;;x
CRS_democracy;Eri Republic;;;;;;;;;;;;;x
CRS_democracy2;Eri Parliamentary Republic;;;;;;;;;;;;;x
CRS_dominion;Eri Dominion;;;;;;;;;;;;;x
CRS_dominion2;Eri Autonomous Federation;;;;;;;;;;;;;x
CRS_dominion3;Eri Crown Dependency;;;;;;;;;;;;;x
CRS_hms_government;Eri Constitutional Duchy;;;;;;;;;;;;;x
CRS_hms_government2;Eri Parliamentary Cabinet;;;;;;;;;;;;;x
CRS_prussian_constitutionalism;Eri Royal Senate;;;;;;;;;;;;;x
CRS_prussian_constitutionalism2;Eri Royal Advisory Council;;;;;;;;;;;;;x
CRS_theocracy;Eri Bishopric;;;;;;;;;;;;;x
CRS_trade_unions_congress;Eri Federation of Guilds;;;;;;;;;;;;;x
CRT_absolute_monarchy;Cicin Mage Kingdom;;;;;;;;;;;;;x
CRT_absolute_monarchy2;Cicin Mage Hereditary Kingdom;;;;;;;;;;;;;x
CRT_colonial_company;Cicin Mage Chartered Company Territory;;;;;;;;;;;;;x
CRT_democracy;Cicin Mage Republic;;;;;;;;;;;;;x
CRT_democracy2;Cicin Mage Parliamentary Republic;;;;;;;;;;;;;x
CRT_dominion;Cicin Mage Dominion;;;;;;;;;;;;;x
CRT_dominion2;Cicin Mage Autonomous Federation;;;;;;;;;;;;;x
CRT_dominion3;Cicin Mage Crown Dependency;;;;;;;;;;;;;x
CRT_hms_government;Cicin Mage Constitutional Kingdom;;;;;;;;;;;;;x
CRT_hms_government2;Cicin Mage Parliamentary Cabinet;;;;;;;;;;;;;x
CRT_prussian_constitutionalism;Cicin Mage Royal Council;;;;;;;;;;;;;x
CRT_prussian_constitutionalism2;Cicin Mage Royal Advisory Council;;;;;;;;;;;;;x
CRT_theocracy;Cicin Mage Bishopric;;;;;;;;;;;;;x
CRT_trade_unions_congress;Cicin Mage General Workers' Confederation;;;;;;;;;;;;;x
CSA_absolute_monarchy2;Eimi Hereditary Kingdom;;;;;;;;;;;;;x
CSA_colonial_company;Eimi Chartered Company Territory;;;;;;;;;;;;;x
CSA_democracy2;Eimi Parliamentary Republic;;;;;;;;;;;;;x
CSA_dominion;Eimi Dominion;;;;;;;;;;;;;x
CSA_dominion2;Eimi Autonomous Federation;;;;;;;;;;;;;x
CSA_dominion3;Eimi Crown Dependency;;;;;;;;;;;;;x
CSA_hms_government2;Eimi Parliamentary Cabinet;;;;;;;;;;;;;x
CSA_prussian_constitutionalism2;Eimi Royal Advisory Council;;;;;;;;;;;;;x
CSA_theocracy;Eimi Ecclesiastical Union;;;;;;;;;;;;;x
CSA_trade_unions_congress;Eimi Federation of Industrial Unions;;;;;;;;;;;;;x
CUB_absolute_monarchy;Abigail Williams Kingdom;;;;;;;;;;;;;x
CUB_absolute_monarchy2;Abigail Williams Hereditary Kingdom;;;;;;;;;;;;;x
CUB_democracy2;Abigail Williams Parliamentary Republic;;;;;;;;;;;;;x
CUB_dominion;Abigail Williams Dominion;;;;;;;;;;;;;x
CUB_dominion2;Abigail Williams Autonomous Federation;;;;;;;;;;;;;x
CUB_dominion3;Abigail Williams Crown Dependency;;;;;;;;;;;;;x
CUB_hms_government;Abigail Williams Constitutional Kingdom;;;;;;;;;;;;;x
CUB_hms_government2;Abigail Williams Parliamentary Cabinet;;;;;;;;;;;;;x
CUB_prussian_constitutionalism;Abigail Williams Royal Council;;;;;;;;;;;;;x
CUB_prussian_constitutionalism2;Abigail Williams Royal Advisory Council;;;;;;;;;;;;;x
CUB_theocracy;Abigail Williams Bishopric;;;;;;;;;;;;;x
CUB_trade_unions_congress;Abigail Williams General Workers' Confederation;;;;;;;;;;;;;x
CUO_absolute_monarchy;Sumire Heanna Kingdom;;;;;;;;;;;;;x
CUO_absolute_monarchy2;Sumire Heanna Hereditary Kingdom;;;;;;;;;;;;;x
CUO_colonial_company;Sumire Heanna Chartered Company Territory;;;;;;;;;;;;;x
CUO_democracy;Sumire Heanna Republic;;;;;;;;;;;;;x
CUO_democracy2;Sumire Heanna Parliamentary Republic;;;;;;;;;;;;;x
CUO_dominion;Sumire Heanna Dominion;;;;;;;;;;;;;x
CUO_dominion2;Sumire Heanna Autonomous Federation;;;;;;;;;;;;;x
CUO_dominion3;Sumire Heanna Crown Dependency;;;;;;;;;;;;;x
CUO_hms_government;Sumire Heanna Constitutional Kingdom;;;;;;;;;;;;;x
CUO_hms_government2;Sumire Heanna Parliamentary Cabinet;;;;;;;;;;;;;x
CUO_prussian_constitutionalism;Sumire Heanna Cortes;;;;;;;;;;;;;x
CUO_prussian_constitutionalism2;Sumire Heanna Royal Advisory Council;;;;;;;;;;;;;x
CUO_theocracy;Sumire Heanna Bishopric;;;;;;;;;;;;;x
CUO_trade_unions_congress;Sumire Heanna Trade Union Federation;;;;;;;;;;;;;x
CYP_absolute_monarchy;Shamare Kingdom;;;;;;;;;;;;;x
CYP_absolute_monarchy2;Shamare Hereditary Kingdom;;;;;;;;;;;;;x
CYP_colonial_company;Shamare Chartered Company Territory;;;;;;;;;;;;;x
CYP_democracy;Shamare Republic;;;;;;;;;;;;;x
CYP_democracy2;Shamare Parliamentary Republic;;;;;;;;;;;;;x
CYP_dominion;Shamare Dominion;;;;;;;;;;;;;x
CYP_dominion2;Shamare Autonomous Federation;;;;;;;;;;;;;x
CYP_dominion3;Shamare Crown Dependency;;;;;;;;;;;;;x
CYP_hms_government;Shamare Constitutional Kingdom;;;;;;;;;;;;;x
CYP_hms_government2;Shamare Parliamentary Cabinet;;;;;;;;;;;;;x
CYP_prussian_constitutionalism;Shamare Royal Council;;;;;;;;;;;;;x
CYP_prussian_constitutionalism2;Shamare Royal Advisory Council;;;;;;;;;;;;;x
CYP_theocracy;Shamare Patriarchate;;;;;;;;;;;;;x
CYP_trade_unions_congress;Shamare Trade Union Confederation;;;;;;;;;;;;;x
CYR_absolute_monarchy2;Kougyoku Ren Hereditary Emirate;;;;;;;;;;;;;x
CYR_colonial_company;Kougyoku Ren Trading Company Territory;;;;;;;;;;;;;x
CYR_democracy;Kougyoku Ren Republic;;;;;;;;;;;;;x
CYR_democracy2;Kougyoku Ren Parliamentary Republic;;;;;;;;;;;;;x
CYR_dominion;Kougyoku Ren Dominion;;;;;;;;;;;;;x
CYR_dominion2;Kougyoku Ren Autonomous Federation;;;;;;;;;;;;;x
CYR_dominion3;Kougyoku Ren Protected Emirate;;;;;;;;;;;;;x
CYR_hms_government;Kougyoku Ren Constitutional Emirate;;;;;;;;;;;;;x
CYR_hms_government2;Kougyoku Ren Parliamentary Cabinet;;;;;;;;;;;;;x
CYR_prussian_constitutionalism;Kougyoku Ren Shura Council;;;;;;;;;;;;;x
CYR_prussian_constitutionalism2;Kougyoku Ren Council of Nobles;;;;;;;;;;;;;x
CYR_trade_unions_congress;Kougyoku Ren General Confederation of Trade Unions;;;;;;;;;;;;;x
CZH_absolute_monarchy;Meteor Kingdom;;;;;;;;;;;;;x
CZH_absolute_monarchy2;Meteor Hereditary Kingdom;;;;;;;;;;;;;x
CZH_colonial_company;Meteor Chartered Company Territory;;;;;;;;;;;;;x
CZH_democracy;Meteor Republic;;;;;;;;;;;;;x
CZH_democracy2;Meteor Parliamentary Republic;;;;;;;;;;;;;x
CZH_dominion;Meteor Dominion;;;;;;;;;;;;;x
CZH_dominion2;Meteor Autonomous Federation;;;;;;;;;;;;;x
CZH_dominion3;Meteor Crown Dependency;;;;;;;;;;;;;x
CZH_hms_government;Meteor Constitutional Kingdom;;;;;;;;;;;;;x
CZH_hms_government2;Meteor Parliamentary Cabinet;;;;;;;;;;;;;x
CZH_prussian_constitutionalism;Meteor Royal Council;;;;;;;;;;;;;x
CZH_prussian_constitutionalism2;Meteor Royal Advisory Council;;;;;;;;;;;;;x
CZH_theocracy;Meteor Bishopric;;;;;;;;;;;;;x
CZH_trade_unions_congress;Meteor Workers' Council;;;;;;;;;;;;;x
D01_absolute_monarchy;Holo Kingdom;;;;;;;;;;;;;x
D01_absolute_monarchy2;Holo Hereditary Kingdom;;;;;;;;;;;;;x
D01_colonial_company;Holo Chartered Company Territory;;;;;;;;;;;;;x
D01_democracy;Holo Republic;;;;;;;;;;;;;x
D01_democracy2;Holo Parliamentary Republic;;;;;;;;;;;;;x
D01_dominion;Holo Dominion;;;;;;;;;;;;;x
D01_dominion2;Holo Autonomous Federation;;;;;;;;;;;;;x
D01_dominion3;Holo Crown Dependency;;;;;;;;;;;;;x
D01_hms_government;Holo Constitutional Kingdom;;;;;;;;;;;;;x
D01_hms_government2;Holo Parliamentary Cabinet;;;;;;;;;;;;;x
D01_prussian_constitutionalism;Holo Privy Council;;;;;;;;;;;;;x
D01_prussian_constitutionalism2;Holo Royal Advisory Council;;;;;;;;;;;;;x
D01_theocracy;Holo Ecclesiastical Union;;;;;;;;;;;;;x
D01_trade_unions_congress;Holo Trade Union Congress;;;;;;;;;;;;;x
D02_absolute_monarchy;Azusa Kingdom;;;;;;;;;;;;;x
D02_absolute_monarchy2;Azusa Hereditary Kingdom;;;;;;;;;;;;;x
D02_colonial_company;Azusa Chartered Company Territory;;;;;;;;;;;;;x
D02_democracy;Azusa Republic;;;;;;;;;;;;;x
D02_democracy2;Azusa Parliamentary Republic;;;;;;;;;;;;;x
D02_dominion;Azusa Dominion;;;;;;;;;;;;;x
D02_dominion2;Azusa Autonomous Federation;;;;;;;;;;;;;x
D02_dominion3;Azusa Crown Dependency;;;;;;;;;;;;;x
D02_hms_government;Azusa Constitutional Kingdom;;;;;;;;;;;;;x
D02_hms_government2;Azusa Parliamentary Cabinet;;;;;;;;;;;;;x
D02_prussian_constitutionalism;Azusa Privy Council;;;;;;;;;;;;;x
D02_prussian_constitutionalism2;Azusa Royal Advisory Council;;;;;;;;;;;;;x
D02_theocracy;Azusa Ecclesiastical Union;;;;;;;;;;;;;x
D02_trade_unions_congress;Azusa Trade Union Congress;;;;;;;;;;;;;x
D03_absolute_monarchy;Natsu Kingdom;;;;;;;;;;;;;x
D03_absolute_monarchy2;Natsu Hereditary Kingdom;;;;;;;;;;;;;x
D03_colonial_company;Natsu Chartered Company Territory;;;;;;;;;;;;;x
D03_democracy;Natsu Republic;;;;;;;;;;;;;x
D03_democracy2;Natsu Parliamentary Republic;;;;;;;;;;;;;x
D03_dominion;Natsu Dominion;;;;;;;;;;;;;x
D03_dominion2;Natsu Autonomous Federation;;;;;;;;;;;;;x
D03_dominion3;Natsu Crown Dependency;;;;;;;;;;;;;x
D03_hms_government;Natsu Constitutional Kingdom;;;;;;;;;;;;;x
D03_hms_government2;Natsu Parliamentary Cabinet;;;;;;;;;;;;;x
D03_prussian_constitutionalism;Natsu Privy Council;;;;;;;;;;;;;x
D03_prussian_constitutionalism2;Natsu Royal Advisory Council;;;;;;;;;;;;;x
D03_theocracy;Natsu Ecclesiastical Union;;;;;;;;;;;;;x
D03_trade_unions_congress;Natsu Trade Union Congress;;;;;;;;;;;;;x
D04_absolute_monarchy;Mine Kingdom;;;;;;;;;;;;;x
D04_absolute_monarchy2;Mine Hereditary Kingdom;;;;;;;;;;;;;x
D04_colonial_company;Mine Chartered Company Territory;;;;;;;;;;;;;x
D04_democracy;Mine Republic;;;;;;;;;;;;;x
D04_democracy2;Mine Parliamentary Republic;;;;;;;;;;;;;x
D04_dominion;Mine Dominion;;;;;;;;;;;;;x
D04_dominion2;Mine Autonomous Federation;;;;;;;;;;;;;x
D04_dominion3;Mine Crown Dependency;;;;;;;;;;;;;x
D04_hms_government;Mine Constitutional Kingdom;;;;;;;;;;;;;x
D04_hms_government2;Mine Parliamentary Cabinet;;;;;;;;;;;;;x
D04_prussian_constitutionalism;Mine Privy Council;;;;;;;;;;;;;x
D04_prussian_constitutionalism2;Mine Royal Advisory Council;;;;;;;;;;;;;x
D04_theocracy;Mine Ecclesiastical Union;;;;;;;;;;;;;x
D04_trade_unions_congress;Mine Trade Union Congress;;;;;;;;;;;;;x
D05_absolute_monarchy;Ichika Kingdom;;;;;;;;;;;;;x
D05_absolute_monarchy2;Ichika Hereditary Kingdom;;;;;;;;;;;;;x
D05_colonial_company;Ichika Chartered Company Territory;;;;;;;;;;;;;x
D05_democracy;Ichika Republic;;;;;;;;;;;;;x
D05_democracy2;Ichika Parliamentary Republic;;;;;;;;;;;;;x
D05_dominion;Ichika Dominion;;;;;;;;;;;;;x
D05_dominion2;Ichika Autonomous Federation;;;;;;;;;;;;;x
D05_dominion3;Ichika Crown Dependency;;;;;;;;;;;;;x
D05_hms_government;Ichika Constitutional Kingdom;;;;;;;;;;;;;x
D05_hms_government2;Ichika Parliamentary Cabinet;;;;;;;;;;;;;x
D05_prussian_constitutionalism;Ichika Privy Council;;;;;;;;;;;;;x
D05_prussian_constitutionalism2;Ichika Royal Advisory Council;;;;;;;;;;;;;x
D05_theocracy;Ichika Ecclesiastical Union;;;;;;;;;;;;;x
D05_trade_unions_congress;Ichika Trade Union Congress;;;;;;;;;;;;;x
D06_absolute_monarchy;Yoshimi Kingdom;;;;;;;;;;;;;x
D06_absolute_monarchy2;Yoshimi Hereditary Kingdom;;;;;;;;;;;;;x
D06_colonial_company;Yoshimi Chartered Company Territory;;;;;;;;;;;;;x
D06_democracy;Yoshimi Republic;;;;;;;;;;;;;x
D06_democracy2;Yoshimi Parliamentary Republic;;;;;;;;;;;;;x
D06_dominion;Yoshimi Dominion;;;;;;;;;;;;;x
D06_dominion2;Yoshimi Autonomous Federation;;;;;;;;;;;;;x
D06_dominion3;Yoshimi Crown Dependency;;;;;;;;;;;;;x
D06_hms_government;Yoshimi Constitutional Kingdom;;;;;;;;;;;;;x
D06_hms_government2;Yoshimi Parliamentary Cabinet;;;;;;;;;;;;;x
D06_prussian_constitutionalism;Yoshimi Privy Council;;;;;;;;;;;;;x
D06_prussian_constitutionalism2;Yoshimi Royal Advisory Council;;;;;;;;;;;;;x
D06_theocracy;Yoshimi Ecclesiastical Union;;;;;;;;;;;;;x
D06_trade_unions_congress;Yoshimi Trade Union Congress;;;;;;;;;;;;;x
D07_absolute_monarchy;Hanako Kingdom;;;;;;;;;;;;;x
D07_absolute_monarchy2;Hanako Hereditary Kingdom;;;;;;;;;;;;;x
D07_colonial_company;Hanako Chartered Company Territory;;;;;;;;;;;;;x
D07_democracy;Hanako Republic;;;;;;;;;;;;;x
D07_democracy2;Hanako Parliamentary Republic;;;;;;;;;;;;;x
D07_dominion;Hanako Dominion;;;;;;;;;;;;;x
D07_dominion2;Hanako Autonomous Federation;;;;;;;;;;;;;x
D07_dominion3;Hanako Crown Dependency;;;;;;;;;;;;;x
D07_hms_government;Hanako Constitutional Kingdom;;;;;;;;;;;;;x
D07_hms_government2;Hanako Parliamentary Cabinet;;;;;;;;;;;;;x
D07_prussian_constitutionalism;Hanako Privy Council;;;;;;;;;;;;;x
D07_prussian_constitutionalism2;Hanako Royal Advisory Council;;;;;;;;;;;;;x
D07_theocracy;Hanako Ecclesiastical Union;;;;;;;;;;;;;x
D07_trade_unions_congress;Hanako Trade Union Congress;;;;;;;;;;;;;x
D08_absolute_monarchy;Serina Kingdom;;;;;;;;;;;;;x
D08_absolute_monarchy2;Serina Hereditary Kingdom;;;;;;;;;;;;;x
D08_colonial_company;Serina Chartered Company Territory;;;;;;;;;;;;;x
D08_democracy;Serina Republic;;;;;;;;;;;;;x
D08_democracy2;Serina Parliamentary Republic;;;;;;;;;;;;;x
D08_dominion;Serina Dominion;;;;;;;;;;;;;x
D08_dominion2;Serina Autonomous Federation;;;;;;;;;;;;;x
D08_dominion3;Serina Crown Dependency;;;;;;;;;;;;;x
D08_hms_government;Serina Constitutional Kingdom;;;;;;;;;;;;;x
D08_hms_government2;Serina Parliamentary Cabinet;;;;;;;;;;;;;x
D08_prussian_constitutionalism;Serina Privy Council;;;;;;;;;;;;;x
D08_prussian_constitutionalism2;Serina Royal Advisory Council;;;;;;;;;;;;;x
D08_theocracy;Serina Ecclesiastical Union;;;;;;;;;;;;;x
D08_trade_unions_congress;Serina Trade Union Congress;;;;;;;;;;;;;x
D09_absolute_monarchy;Tsurugi Kingdom;;;;;;;;;;;;;x
D09_absolute_monarchy2;Tsurugi Hereditary Kingdom;;;;;;;;;;;;;x
D09_colonial_company;Tsurugi Chartered Company Territory;;;;;;;;;;;;;x
D09_democracy;Tsurugi Republic;;;;;;;;;;;;;x
D09_democracy2;Tsurugi Parliamentary Republic;;;;;;;;;;;;;x
D09_dominion;Tsurugi Dominion;;;;;;;;;;;;;x
D09_dominion2;Tsurugi Autonomous Federation;;;;;;;;;;;;;x
D09_dominion3;Tsurugi Crown Dependency;;;;;;;;;;;;;x
D09_hms_government;Tsurugi Constitutional Kingdom;;;;;;;;;;;;;x
D09_hms_government2;Tsurugi Parliamentary Cabinet;;;;;;;;;;;;;x
D09_prussian_constitutionalism;Tsurugi Privy Council;;;;;;;;;;;;;x
D09_prussian_constitutionalism2;Tsurugi Royal Advisory Council;;;;;;;;;;;;;x
D09_theocracy;Tsurugi Ecclesiastical Union;;;;;;;;;;;;;x
D09_trade_unions_congress;Tsurugi Trade Union Congress;;;;;;;;;;;;;x
D10_absolute_monarchy;Suzumi Kingdom;;;;;;;;;;;;;x
D10_absolute_monarchy2;Suzumi Hereditary Kingdom;;;;;;;;;;;;;x
D10_colonial_company;Suzumi Chartered Company Territory;;;;;;;;;;;;;x
D10_democracy;Suzumi Republic;;;;;;;;;;;;;x
D10_democracy2;Suzumi Parliamentary Republic;;;;;;;;;;;;;x
D10_dominion;Suzumi Dominion;;;;;;;;;;;;;x
D10_dominion2;Suzumi Autonomous Federation;;;;;;;;;;;;;x
D10_dominion3;Suzumi Crown Dependency;;;;;;;;;;;;;x
D10_hms_government;Suzumi Constitutional Kingdom;;;;;;;;;;;;;x
D10_hms_government2;Suzumi Parliamentary Cabinet;;;;;;;;;;;;;x
D10_prussian_constitutionalism;Suzumi Privy Council;;;;;;;;;;;;;x
D10_prussian_constitutionalism2;Suzumi Royal Advisory Council;;;;;;;;;;;;;x
D10_theocracy;Suzumi Ecclesiastical Union;;;;;;;;;;;;;x
D10_trade_unions_congress;Suzumi Trade Union Congress;;;;;;;;;;;;;x
D11_absolute_monarchy;Ubel Monarchy;;;;;;;;;;;;;x
D11_absolute_monarchy2;Ubel Dynasty;;;;;;;;;;;;;x
D11_colonial_company;Ubel Chartered Company Territory;;;;;;;;;;;;;x
D11_democracy;Ubel Autonomous Republic;;;;;;;;;;;;;x
D11_democracy2;Ubel Parliamentary Republic;;;;;;;;;;;;;x
D11_dominion;Ubel Dominion;;;;;;;;;;;;;x
D11_dominion2;Ubel Autonomous Federation;;;;;;;;;;;;;x
D11_dominion3;Ubel Crown Dependency;;;;;;;;;;;;;x
D11_hms_government;Ubel Constitutional Monarchy;;;;;;;;;;;;;x
D11_hms_government2;Ubel Parliamentary Cabinet;;;;;;;;;;;;;x
D11_prussian_constitutionalism;Ubel Monarchical Council;;;;;;;;;;;;;x
D11_prussian_constitutionalism2;Ubel Royal Advisory Council;;;;;;;;;;;;;x
D11_theocracy;Ubel Theocracy;;;;;;;;;;;;;x
D11_trade_unions_congress;Ubel Trade Union Confederation;;;;;;;;;;;;;x
D12_absolute_monarchy;Elizabeth Bathory Monarchy;;;;;;;;;;;;;x
D12_absolute_monarchy2;Elizabeth Bathory Dynasty;;;;;;;;;;;;;x
D12_colonial_company;Elizabeth Bathory Chartered Company Territory;;;;;;;;;;;;;x
D12_democracy;Elizabeth Bathory Autonomous Republic;;;;;;;;;;;;;x
D12_democracy2;Elizabeth Bathory Parliamentary Republic;;;;;;;;;;;;;x
D12_dominion;Elizabeth Bathory Dominion;;;;;;;;;;;;;x
D12_dominion2;Elizabeth Bathory Autonomous Federation;;;;;;;;;;;;;x
D12_dominion3;Elizabeth Bathory Crown Dependency;;;;;;;;;;;;;x
D12_hms_government;Elizabeth Bathory Constitutional Monarchy;;;;;;;;;;;;;x
D12_hms_government2;Elizabeth Bathory Parliamentary Cabinet;;;;;;;;;;;;;x
D12_prussian_constitutionalism;Elizabeth Bathory Monarchical Council;;;;;;;;;;;;;x
D12_prussian_constitutionalism2;Elizabeth Bathory Royal Advisory Council;;;;;;;;;;;;;x
D12_theocracy;Elizabeth Bathory Theocracy;;;;;;;;;;;;;x
D12_trade_unions_congress;Elizabeth Bathory Trade Union Confederation;;;;;;;;;;;;;x
D13_absolute_monarchy;Altera Monarchy;;;;;;;;;;;;;x
D13_absolute_monarchy2;Altera Dynasty;;;;;;;;;;;;;x
D13_colonial_company;Altera Chartered Company Territory;;;;;;;;;;;;;x
D13_democracy;Altera Autonomous Republic;;;;;;;;;;;;;x
D13_democracy2;Altera Parliamentary Republic;;;;;;;;;;;;;x
D13_dominion;Altera Dominion;;;;;;;;;;;;;x
D13_dominion2;Altera Autonomous Federation;;;;;;;;;;;;;x
D13_dominion3;Altera Crown Dependency;;;;;;;;;;;;;x
D13_hms_government;Altera Constitutional Monarchy;;;;;;;;;;;;;x
D13_hms_government2;Altera Parliamentary Cabinet;;;;;;;;;;;;;x
D13_prussian_constitutionalism;Altera Monarchical Council;;;;;;;;;;;;;x
D13_prussian_constitutionalism2;Altera Royal Advisory Council;;;;;;;;;;;;;x
D13_theocracy;Altera Theocracy;;;;;;;;;;;;;x
D13_trade_unions_congress;Altera Trade Union Confederation;;;;;;;;;;;;;x
D14_absolute_monarchy;Murasaki Shikibu Monarchy;;;;;;;;;;;;;x
D14_absolute_monarchy2;Murasaki Shikibu Dynasty;;;;;;;;;;;;;x
D14_colonial_company;Murasaki Shikibu Chartered Company Territory;;;;;;;;;;;;;x
D14_democracy;Murasaki Shikibu Autonomous Republic;;;;;;;;;;;;;x
D14_democracy2;Murasaki Shikibu Parliamentary Republic;;;;;;;;;;;;;x
D14_dominion;Murasaki Shikibu Dominion;;;;;;;;;;;;;x
D14_dominion2;Murasaki Shikibu Autonomous Federation;;;;;;;;;;;;;x
D14_dominion3;Murasaki Shikibu Crown Dependency;;;;;;;;;;;;;x
D14_hms_government;Murasaki Shikibu Constitutional Monarchy;;;;;;;;;;;;;x
D14_hms_government2;Murasaki Shikibu Parliamentary Cabinet;;;;;;;;;;;;;x
D14_prussian_constitutionalism;Murasaki Shikibu Monarchical Council;;;;;;;;;;;;;x
D14_prussian_constitutionalism2;Murasaki Shikibu Royal Advisory Council;;;;;;;;;;;;;x
D14_theocracy;Murasaki Shikibu Theocracy;;;;;;;;;;;;;x
D14_trade_unions_congress;Murasaki Shikibu Trade Union Confederation;;;;;;;;;;;;;x
D15_absolute_monarchy;Shuten Douji Monarchy;;;;;;;;;;;;;x
D15_absolute_monarchy2;Shuten Douji Dynasty;;;;;;;;;;;;;x
D15_colonial_company;Shuten Douji Chartered Company Territory;;;;;;;;;;;;;x
D15_democracy;Shuten Douji Autonomous Republic;;;;;;;;;;;;;x
D15_democracy2;Shuten Douji Parliamentary Republic;;;;;;;;;;;;;x
D15_dominion;Shuten Douji Dominion;;;;;;;;;;;;;x
D15_dominion2;Shuten Douji Autonomous Federation;;;;;;;;;;;;;x
D15_dominion3;Shuten Douji Crown Dependency;;;;;;;;;;;;;x
D15_hms_government;Shuten Douji Constitutional Monarchy;;;;;;;;;;;;;x
D15_hms_government2;Shuten Douji Parliamentary Cabinet;;;;;;;;;;;;;x
D15_prussian_constitutionalism;Shuten Douji Monarchical Council;;;;;;;;;;;;;x
D15_prussian_constitutionalism2;Shuten Douji Royal Advisory Council;;;;;;;;;;;;;x
D15_theocracy;Shuten Douji Theocracy;;;;;;;;;;;;;x
D15_trade_unions_congress;Shuten Douji Trade Union Confederation;;;;;;;;;;;;;x
D16_absolute_monarchy;Meltryllis Monarchy;;;;;;;;;;;;;x
D16_absolute_monarchy2;Meltryllis Dynasty;;;;;;;;;;;;;x
D16_colonial_company;Meltryllis Chartered Company Territory;;;;;;;;;;;;;x
D16_democracy;Meltryllis Autonomous Republic;;;;;;;;;;;;;x
D16_democracy2;Meltryllis Parliamentary Republic;;;;;;;;;;;;;x
D16_dominion;Meltryllis Dominion;;;;;;;;;;;;;x
D16_dominion2;Meltryllis Autonomous Federation;;;;;;;;;;;;;x
D16_dominion3;Meltryllis Crown Dependency;;;;;;;;;;;;;x
D16_hms_government;Meltryllis Constitutional Monarchy;;;;;;;;;;;;;x
D16_hms_government2;Meltryllis Parliamentary Cabinet;;;;;;;;;;;;;x
D16_prussian_constitutionalism;Meltryllis Monarchical Council;;;;;;;;;;;;;x
D16_prussian_constitutionalism2;Meltryllis Royal Advisory Council;;;;;;;;;;;;;x
D16_theocracy;Meltryllis Theocracy;;;;;;;;;;;;;x
D16_trade_unions_congress;Meltryllis Trade Union Confederation;;;;;;;;;;;;;x
D17_absolute_monarchy;Sei Shounagon Monarchy;;;;;;;;;;;;;x
D17_absolute_monarchy2;Sei Shounagon Dynasty;;;;;;;;;;;;;x
D17_colonial_company;Sei Shounagon Chartered Company Territory;;;;;;;;;;;;;x
D17_democracy;Sei Shounagon Autonomous Republic;;;;;;;;;;;;;x
D17_democracy2;Sei Shounagon Parliamentary Republic;;;;;;;;;;;;;x
D17_dominion;Sei Shounagon Dominion;;;;;;;;;;;;;x
D17_dominion2;Sei Shounagon Autonomous Federation;;;;;;;;;;;;;x
D17_dominion3;Sei Shounagon Crown Dependency;;;;;;;;;;;;;x
D17_hms_government;Sei Shounagon Constitutional Monarchy;;;;;;;;;;;;;x
D17_hms_government2;Sei Shounagon Parliamentary Cabinet;;;;;;;;;;;;;x
D17_prussian_constitutionalism;Sei Shounagon Monarchical Council;;;;;;;;;;;;;x
D17_prussian_constitutionalism2;Sei Shounagon Royal Advisory Council;;;;;;;;;;;;;x
D17_theocracy;Sei Shounagon Theocracy;;;;;;;;;;;;;x
D17_trade_unions_congress;Sei Shounagon Trade Union Confederation;;;;;;;;;;;;;x
D18_absolute_monarchy;Anastasia Monarchy;;;;;;;;;;;;;x
D18_absolute_monarchy2;Anastasia Dynasty;;;;;;;;;;;;;x
D18_colonial_company;Anastasia Chartered Company Territory;;;;;;;;;;;;;x
D18_democracy;Anastasia Autonomous Republic;;;;;;;;;;;;;x
D18_democracy2;Anastasia Parliamentary Republic;;;;;;;;;;;;;x
D18_dominion;Anastasia Dominion;;;;;;;;;;;;;x
D18_dominion2;Anastasia Autonomous Federation;;;;;;;;;;;;;x
D18_dominion3;Anastasia Crown Dependency;;;;;;;;;;;;;x
D18_hms_government;Anastasia Constitutional Monarchy;;;;;;;;;;;;;x
D18_hms_government2;Anastasia Parliamentary Cabinet;;;;;;;;;;;;;x
D18_prussian_constitutionalism;Anastasia Monarchical Council;;;;;;;;;;;;;x
D18_prussian_constitutionalism2;Anastasia Royal Advisory Council;;;;;;;;;;;;;x
D18_theocracy;Anastasia Theocracy;;;;;;;;;;;;;x
D18_trade_unions_congress;Anastasia Trade Union Confederation;;;;;;;;;;;;;x
D19_absolute_monarchy;Oryou Monarchy;;;;;;;;;;;;;x
D19_absolute_monarchy2;Oryou Dynasty;;;;;;;;;;;;;x
D19_colonial_company;Oryou Chartered Company Territory;;;;;;;;;;;;;x
D19_democracy;Oryou Autonomous Republic;;;;;;;;;;;;;x
D19_democracy2;Oryou Parliamentary Republic;;;;;;;;;;;;;x
D19_dominion;Oryou Dominion;;;;;;;;;;;;;x
D19_dominion2;Oryou Autonomous Federation;;;;;;;;;;;;;x
D19_dominion3;Oryou Crown Dependency;;;;;;;;;;;;;x
D19_hms_government;Oryou Constitutional Monarchy;;;;;;;;;;;;;x
D19_hms_government2;Oryou Parliamentary Cabinet;;;;;;;;;;;;;x
D19_prussian_constitutionalism;Oryou Monarchical Council;;;;;;;;;;;;;x
D19_prussian_constitutionalism2;Oryou Royal Advisory Council;;;;;;;;;;;;;x
D19_theocracy;Oryou Theocracy;;;;;;;;;;;;;x
D19_trade_unions_congress;Oryou Trade Union Confederation;;;;;;;;;;;;;x
D20_absolute_monarchy;Bb Monarchy;;;;;;;;;;;;;x
D20_absolute_monarchy2;Bb Dynasty;;;;;;;;;;;;;x
D20_colonial_company;Bb Chartered Company Territory;;;;;;;;;;;;;x
D20_democracy;Bb Autonomous Republic;;;;;;;;;;;;;x
D20_democracy2;Bb Parliamentary Republic;;;;;;;;;;;;;x
D20_dominion;Bb Dominion;;;;;;;;;;;;;x
D20_dominion2;Bb Autonomous Federation;;;;;;;;;;;;;x
D20_dominion3;Bb Crown Dependency;;;;;;;;;;;;;x
D20_hms_government;Bb Constitutional Monarchy;;;;;;;;;;;;;x
D20_hms_government2;Bb Parliamentary Cabinet;;;;;;;;;;;;;x
D20_prussian_constitutionalism;Bb Monarchical Council;;;;;;;;;;;;;x
D20_prussian_constitutionalism2;Bb Royal Advisory Council;;;;;;;;;;;;;x
D20_theocracy;Bb Theocracy;;;;;;;;;;;;;x
D20_trade_unions_congress;Bb Trade Union Confederation;;;;;;;;;;;;;x
DAG_absolute_monarchy2;Sumeru Akademiya Hereditary Emirate;;;;;;;;;;;;;x
DAG_colonial_company;Sumeru Akademiya Chartered Company Territory;;;;;;;;;;;;;x
DAG_democracy2;Sumeru Akademiya Parliamentary Republic;;;;;;;;;;;;;x
DAG_dominion;Sumeru Akademiya Dominion;;;;;;;;;;;;;x
DAG_dominion2;Sumeru Akademiya Autonomous Federation;;;;;;;;;;;;;x
DAG_dominion3;Sumeru Akademiya Crown Dependency;;;;;;;;;;;;;x
DAG_hms_government2;Sumeru Akademiya Parliamentary Cabinet;;;;;;;;;;;;;x
DAG_prussian_constitutionalism;Sumeru Akademiya Royal Council;;;;;;;;;;;;;x
DAG_prussian_constitutionalism2;Sumeru Akademiya Royal Advisory Council;;;;;;;;;;;;;x
DAG_trade_unions_congress;Sumeru Akademiya Workers' Council;;;;;;;;;;;;;x
DAH_absolute_monarchy2;Dahomey Hereditary Kingdom;;;;;;;;;;;;;x
DAH_colonial_company;Dahomey Chartered Company Territory;;;;;;;;;;;;;x
DAH_democracy;Dahomey Republic;;;;;;;;;;;;;x
DAH_democracy2;Dahomey Parliamentary Republic;;;;;;;;;;;;;x
DAH_dominion;Dahomey Protectorate;;;;;;;;;;;;;x
DAH_dominion2;Dahomey Union of Autonomous States;;;;;;;;;;;;;x
DAH_dominion3;Dahomey Royal Protectorate;;;;;;;;;;;;;x
DAH_hms_government2;Dahomey Parliamentary Cabinet;;;;;;;;;;;;;x
DAH_prussian_constitutionalism2;Dahomey Council of Elder Chiefs;;;;;;;;;;;;;x
DAH_theocracy;Dahomey Priestly State;;;;;;;;;;;;;x
DAH_trade_unions_congress;Dahomey Trade Union Confederation;;;;;;;;;;;;;x
DAI_absolute_monarchy2;Higashi Imperial Court;;;;;;;;;;;;;x
DAI_democracy;Higashi Republic;;;;;;;;;;;;;x
DAI_democracy2;Higashi Parliamentary Republic;;;;;;;;;;;;;x
DAI_dominion;Higashi Autonomous State;;;;;;;;;;;;;x
DAI_dominion2;Higashi Autonomous Federation;;;;;;;;;;;;;x
DAI_dominion3;Higashi Military Circuit;;;;;;;;;;;;;x
DAI_hms_government;Higashi Constitutional Cabinet;;;;;;;;;;;;;x
DAI_hms_government2;Higashi Parliamentary Cabinet;;;;;;;;;;;;;x
DAI_prussian_constitutionalism2;Higashi Senate;;;;;;;;;;;;;x
DAI_theocracy;Higashi Sangha State;;;;;;;;;;;;;x
DAI_trade_unions_congress;Higashi General Labor Federation;;;;;;;;;;;;;x
DAK_absolute_monarchy2;Neru Dynasty;;;;;;;;;;;;;x
DAK_colonial_company;Neru Chartered Company Territory;;;;;;;;;;;;;x
DAK_democracy2;Neru Parliamentary Republic;;;;;;;;;;;;;x
DAK_dominion2;Neru Union of Autonomous States;;;;;;;;;;;;;x
DAK_dominion3;Neru Royal Protectorate;;;;;;;;;;;;;x
DAK_hms_government2;Neru Parliamentary Cabinet;;;;;;;;;;;;;x
DAK_prussian_constitutionalism2;Neru Council of Elder Chiefs;;;;;;;;;;;;;x
DAK_theocracy;Neru Priestly State;;;;;;;;;;;;;x
DAK_trade_unions_congress;Neru Producers' Federation;;;;;;;;;;;;;x
DAM_absolute_monarchy2;Damagaram Hereditary Sultanate;;;;;;;;;;;;;x
DAM_colonial_company;Damagaram Trading Company Territory;;;;;;;;;;;;;x
DAM_democracy2;Damagaram Parliamentary Republic;;;;;;;;;;;;;x
DAM_dominion;Damagaram Dominion;;;;;;;;;;;;;x
DAM_dominion2;Damagaram Autonomous Federation;;;;;;;;;;;;;x
DAM_dominion3;Damagaram Protected Emirate;;;;;;;;;;;;;x
DAM_hms_government2;Damagaram Parliamentary Cabinet;;;;;;;;;;;;;x
DAM_prussian_constitutionalism2;Damagaram Council of Nobles;;;;;;;;;;;;;x
DAM_theocracy;Damagaram Imamate;;;;;;;;;;;;;x
DAM_trade_unions_congress;Damagaram General Confederation of Trade Unions;;;;;;;;;;;;;x
DAR_absolute_monarchy2;Darfur Hereditary Sultanate;;;;;;;;;;;;;x
DAR_colonial_company;Darfur Trading Company Territory;;;;;;;;;;;;;x
DAR_democracy;Darfur Republic;;;;;;;;;;;;;x
DAR_democracy2;Darfur Parliamentary Republic;;;;;;;;;;;;;x
DAR_dominion;Darfur Dominion;;;;;;;;;;;;;x
DAR_dominion2;Darfur Autonomous Federation;;;;;;;;;;;;;x
DAR_dominion3;Darfur Protected Emirate;;;;;;;;;;;;;x
DAR_hms_government2;Darfur Parliamentary Cabinet;;;;;;;;;;;;;x
DAR_prussian_constitutionalism2;Darfur Council of Nobles;;;;;;;;;;;;;x
DAR_theocracy;Darfur Imamate;;;;;;;;;;;;;x
DAR_trade_unions_congress;Darfur General Confederation of Trade Unions;;;;;;;;;;;;;x
DEN_absolute_monarchy;Kanna Kingdom;;;;;;;;;;;;;x
DEN_absolute_monarchy2;Kanna Hereditary Kingdom;;;;;;;;;;;;;x
DEN_colonial_company;Kanna Chartered Company Territory;;;;;;;;;;;;;x
DEN_democracy;Kanna Republic;;;;;;;;;;;;;x
DEN_democracy2;Kanna Parliamentary Republic;;;;;;;;;;;;;x
DEN_dominion;Kanna Dominion;;;;;;;;;;;;;x
DEN_dominion2;Kanna Autonomous Federation;;;;;;;;;;;;;x
DEN_dominion3;Kanna Crown Dependency;;;;;;;;;;;;;x
DEN_hms_government;Kanna Constitutional Kingdom;;;;;;;;;;;;;x
DEN_hms_government2;Kanna Parliamentary Cabinet;;;;;;;;;;;;;x
DEN_prussian_constitutionalism;Kanna Riksrad;;;;;;;;;;;;;x
DEN_prussian_constitutionalism2;Kanna Royal Advisory Council;;;;;;;;;;;;;x
DEN_theocracy;Kanna Ecclesiastical Union;;;;;;;;;;;;;x
DEN_trade_unions_congress;Kanna Trade Union Confederation;;;;;;;;;;;;;x
DES_absolute_monarchy;Maki Kingdom;;;;;;;;;;;;;x
DES_absolute_monarchy2;Maki Hereditary Kingdom;;;;;;;;;;;;;x
DES_colonial_company;Maki Chartered Company Territory;;;;;;;;;;;;;x
DES_democracy2;Maki Parliamentary Republic;;;;;;;;;;;;;x
DES_dominion2;Maki Autonomous Federation;;;;;;;;;;;;;x
DES_dominion3;Maki Crown Dependency;;;;;;;;;;;;;x
DES_hms_government;Maki Constitutional Kingdom;;;;;;;;;;;;;x
DES_hms_government2;Maki Parliamentary Cabinet;;;;;;;;;;;;;x
DES_prussian_constitutionalism;Maki Royal Parliament;;;;;;;;;;;;;x
DES_prussian_constitutionalism2;Maki Royal Advisory Council;;;;;;;;;;;;;x
DES_trade_unions_congress;Maki Federation of Industrial Unions;;;;;;;;;;;;;x
DJA_absolute_monarchy;Fu Shun Sultanate;;;;;;;;;;;;;x
DJA_absolute_monarchy2;Fu Shun Hereditary Sultanate;;;;;;;;;;;;;x
DJA_colonial_company;Fu Shun Trading Company Territory;;;;;;;;;;;;;x
DJA_democracy;Fu Shun Republic;;;;;;;;;;;;;x
DJA_democracy2;Fu Shun Parliamentary Republic;;;;;;;;;;;;;x
DJA_dominion;Fu Shun Dominion;;;;;;;;;;;;;x
DJA_dominion2;Fu Shun Autonomous Federation;;;;;;;;;;;;;x
DJA_dominion3;Fu Shun Protected Emirate;;;;;;;;;;;;;x
DJA_hms_government;Fu Shun Constitutional Sultanate;;;;;;;;;;;;;x
DJA_hms_government2;Fu Shun Parliamentary Cabinet;;;;;;;;;;;;;x
DJA_prussian_constitutionalism;Fu Shun Sultan's Council;;;;;;;;;;;;;x
DJA_prussian_constitutionalism2;Fu Shun Council of Nobles;;;;;;;;;;;;;x
DJA_theocracy;Fu Shun Imamate;;;;;;;;;;;;;x
DJA_trade_unions_congress;Fu Shun Trade Union Confederation;;;;;;;;;;;;;x
DLM_absolute_monarchy;Penthesilea Kingdom;;;;;;;;;;;;;x
DLM_absolute_monarchy2;Penthesilea Hereditary Kingdom;;;;;;;;;;;;;x
DLM_colonial_company;Penthesilea Chartered Company Territory;;;;;;;;;;;;;x
DLM_democracy;Penthesilea Republic;;;;;;;;;;;;;x
DLM_democracy2;Penthesilea Parliamentary Republic;;;;;;;;;;;;;x
DLM_dominion;Penthesilea Dominion;;;;;;;;;;;;;x
DLM_dominion2;Penthesilea Autonomous Federation;;;;;;;;;;;;;x
DLM_dominion3;Penthesilea Crown Dependency;;;;;;;;;;;;;x
DLM_hms_government;Penthesilea Constitutional Kingdom;;;;;;;;;;;;;x
DLM_hms_government2;Penthesilea Parliamentary Cabinet;;;;;;;;;;;;;x
DLM_prussian_constitutionalism;Penthesilea Royal Council;;;;;;;;;;;;;x
DLM_prussian_constitutionalism2;Penthesilea Royal Advisory Council;;;;;;;;;;;;;x
DLM_theocracy;Penthesilea Bishopric;;;;;;;;;;;;;x
DLM_trade_unions_congress;Penthesilea Workers' Council;;;;;;;;;;;;;x
DND_absolute_monarchy;Dendi Sultanate;;;;;;;;;;;;;x
DND_absolute_monarchy2;Dendi Hereditary Sultanate;;;;;;;;;;;;;x
DND_colonial_company;Dendi Trading Company Territory;;;;;;;;;;;;;x
DND_democracy2;Dendi Parliamentary Republic;;;;;;;;;;;;;x
DND_dominion;Dendi Dominion;;;;;;;;;;;;;x
DND_dominion2;Dendi Autonomous Federation;;;;;;;;;;;;;x
DND_dominion3;Dendi Protected Emirate;;;;;;;;;;;;;x
DND_hms_government;Dendi Constitutional Sultanate;;;;;;;;;;;;;x
DND_hms_government2;Dendi Parliamentary Cabinet;;;;;;;;;;;;;x
DND_prussian_constitutionalism;Dendi Diwan;;;;;;;;;;;;;x
DND_prussian_constitutionalism2;Dendi Council of Nobles;;;;;;;;;;;;;x
DND_theocracy;Dendi Imamate;;;;;;;;;;;;;x
DND_trade_unions_congress;Dendi General Confederation of Trade Unions;;;;;;;;;;;;;x
DOM_absolute_monarchy2;Quetzalcoatl Hereditary Kingdom;;;;;;;;;;;;;x
DOM_democracy2;Quetzalcoatl Parliamentary Republic;;;;;;;;;;;;;x
DOM_dominion;Quetzalcoatl Dominion;;;;;;;;;;;;;x
DOM_dominion2;Quetzalcoatl Autonomous Federation;;;;;;;;;;;;;x
DOM_dominion3;Quetzalcoatl Crown Dependency;;;;;;;;;;;;;x
DOM_hms_government2;Quetzalcoatl Parliamentary Cabinet;;;;;;;;;;;;;x
DOM_prussian_constitutionalism2;Quetzalcoatl Royal Advisory Council;;;;;;;;;;;;;x
DOM_theocracy;Quetzalcoatl Bishopric;;;;;;;;;;;;;x
DOM_trade_unions_congress;Quetzalcoatl General Workers' Confederation;;;;;;;;;;;;;x
DON_absolute_monarchy2;Tashkent Hereditary Hetmanate;;;;;;;;;;;;;x
DON_colonial_company;Tashkent Chartered Company Territory;;;;;;;;;;;;;x
DON_democracy;Tashkent Cossack Republic;;;;;;;;;;;;;x
DON_democracy2;Tashkent Parliamentary Republic;;;;;;;;;;;;;x
DON_dominion;Tashkent Dominion;;;;;;;;;;;;;x
DON_dominion2;Tashkent Autonomous Federation;;;;;;;;;;;;;x
DON_dominion3;Tashkent Crown Dependency;;;;;;;;;;;;;x
DON_hms_government2;Tashkent Parliamentary Cabinet;;;;;;;;;;;;;x
DON_prussian_constitutionalism2;Tashkent Royal Advisory Council;;;;;;;;;;;;;x
DON_theocracy;Tashkent Patriarchate;;;;;;;;;;;;;x
DON_trade_unions_congress;Tashkent Workers' Soviet;;;;;;;;;;;;;x
DRA_absolute_monarchy2;Myrtle Hereditary Empire;;;;;;;;;;;;;x
DRA_colonial_company;Myrtle East India Company Territory;;;;;;;;;;;;;x
DRA_democracy;Myrtle Republic;;;;;;;;;;;;;x
DRA_democracy2;Myrtle Parliamentary Republic;;;;;;;;;;;;;x
DRA_dominion;Myrtle Princely State;;;;;;;;;;;;;x
DRA_dominion2;Myrtle Union of Princely States;;;;;;;;;;;;;x
DRA_dominion3;Myrtle Crown Territory;;;;;;;;;;;;;x
DRA_hms_government;Myrtle Constitutional Empire;;;;;;;;;;;;;x
DRA_hms_government2;Myrtle Parliamentary Cabinet;;;;;;;;;;;;;x
DRA_prussian_constitutionalism;Myrtle Durbar;;;;;;;;;;;;;x
DRA_prussian_constitutionalism2;Myrtle Council of Princes;;;;;;;;;;;;;x
DRA_theocracy;Myrtle Union of Temples;;;;;;;;;;;;;x
DRA_trade_unions_congress;Myrtle General Confederation of Trade Unions;;;;;;;;;;;;;x
DRU_absolute_monarchy;Warfarin Emirate;;;;;;;;;;;;;x
DRU_absolute_monarchy2;Warfarin Hereditary Emirate;;;;;;;;;;;;;x
DRU_colonial_company;Warfarin Trading Company Territory;;;;;;;;;;;;;x
DRU_democracy;Warfarin Republic;;;;;;;;;;;;;x
DRU_democracy2;Warfarin Parliamentary Republic;;;;;;;;;;;;;x
DRU_dominion;Warfarin Dominion;;;;;;;;;;;;;x
DRU_dominion2;Warfarin Autonomous Federation;;;;;;;;;;;;;x
DRU_dominion3;Warfarin Protected Emirate;;;;;;;;;;;;;x
DRU_hms_government;Warfarin Constitutional Emirate;;;;;;;;;;;;;x
DRU_hms_government2;Warfarin Parliamentary Cabinet;;;;;;;;;;;;;x
DRU_prussian_constitutionalism;Warfarin Shura Council;;;;;;;;;;;;;x
DRU_prussian_constitutionalism2;Warfarin Council of Nobles;;;;;;;;;;;;;x
DRU_theocracy;Warfarin Priestly State;;;;;;;;;;;;;x
DRU_trade_unions_congress;Warfarin General Confederation of Trade Unions;;;;;;;;;;;;;x
DUR_absolute_monarchy2;Nitocris Hereditary Empire;;;;;;;;;;;;;x
DUR_colonial_company;Nitocris Trading Company Territory;;;;;;;;;;;;;x
DUR_democracy;Nitocris Republic;;;;;;;;;;;;;x
DUR_democracy2;Nitocris Parliamentary Republic;;;;;;;;;;;;;x
DUR_dominion;Nitocris Dominion;;;;;;;;;;;;;x
DUR_dominion2;Nitocris Autonomous Federation;;;;;;;;;;;;;x
DUR_dominion3;Nitocris Protected Emirate;;;;;;;;;;;;;x
DUR_hms_government2;Nitocris Parliamentary Cabinet;;;;;;;;;;;;;x
DUR_prussian_constitutionalism2;Nitocris Council of Nobles;;;;;;;;;;;;;x
DUR_theocracy;Nitocris Imamate;;;;;;;;;;;;;x
DUR_trade_unions_congress;Nitocris Workers' Council;;;;;;;;;;;;;x
DZG_absolute_monarchy;Iori Duchy;;;;;;;;;;;;;x
DZG_absolute_monarchy2;Iori Hereditary Duchy;;;;;;;;;;;;;x
DZG_colonial_company;Iori Chartered Company Territory;;;;;;;;;;;;;x
DZG_democracy;Iori Free State;;;;;;;;;;;;;x
DZG_democracy2;Iori City Republic;;;;;;;;;;;;;x
DZG_dominion;Iori Dominion;;;;;;;;;;;;;x
DZG_dominion2;Iori Autonomous Federation;;;;;;;;;;;;;x
DZG_dominion3;Iori Crown Territory;;;;;;;;;;;;;x
DZG_hms_government;Iori Constitutional Duchy;;;;;;;;;;;;;x
DZG_hms_government2;Iori Territorial Cabinet;;;;;;;;;;;;;x
DZG_prussian_constitutionalism;Iori Territorial Diet;;;;;;;;;;;;;x
DZG_prussian_constitutionalism2;Iori Council of Princes;;;;;;;;;;;;;x
DZG_theocracy;Iori Ecclesiastical Union;;;;;;;;;;;;;x
DZG_trade_unions_congress;Iori Workers' Council;;;;;;;;;;;;;x
ECU_absolute_monarchy;Katheryne Kingdom;;;;;;;;;;;;;x
ECU_absolute_monarchy2;Katheryne Hereditary Kingdom;;;;;;;;;;;;;x
ECU_colonial_company;Katheryne Chartered Company Territory;;;;;;;;;;;;;x
ECU_democracy;Katheryne Republic;;;;;;;;;;;;;x
ECU_democracy2;Katheryne Parliamentary Republic;;;;;;;;;;;;;x
ECU_dominion;Katheryne Dominion;;;;;;;;;;;;;x
ECU_dominion2;Katheryne Autonomous Federation;;;;;;;;;;;;;x
ECU_dominion3;Katheryne Crown Dependency;;;;;;;;;;;;;x
ECU_hms_government;Katheryne Constitutional Kingdom;;;;;;;;;;;;;x
ECU_hms_government2;Katheryne Parliamentary Cabinet;;;;;;;;;;;;;x
ECU_prussian_constitutionalism;Katheryne Royal Council;;;;;;;;;;;;;x
ECU_prussian_constitutionalism2;Katheryne Royal Advisory Council;;;;;;;;;;;;;x
ECU_theocracy;Katheryne Bishopric;;;;;;;;;;;;;x
ECU_trade_unions_congress;Katheryne General Workers' Confederation;;;;;;;;;;;;;x
EGY_absolute_monarchy2;Hoshino Dynasty;;;;;;;;;;;;;x
EGY_democracy2;Hoshino Parliamentary Republic;;;;;;;;;;;;;x
EGY_dominion;Hoshino Dominion;;;;;;;;;;;;;x
EGY_dominion2;Hoshino Autonomous Federation;;;;;;;;;;;;;x
EGY_dominion3;Hoshino Protected Emirate;;;;;;;;;;;;;x
EGY_hms_government2;Hoshino Parliamentary Cabinet;;;;;;;;;;;;;x
EGY_prussian_constitutionalism2;Hoshino Council of Nobles;;;;;;;;;;;;;x
EGY_theocracy;Hoshino Imamate;;;;;;;;;;;;;x
EGY_trade_unions_congress;Hoshino General Confederation of Trade Unions;;;;;;;;;;;;;x
EIC_absolute_monarchy2;Seven Nations of Teyvat Dynasty;;;;;;;;;;;;;x
EIC_colonial_company;Seven Nations of Teyvat East India Company Territory;;;;;;;;;;;;;x
EIC_democracy;Seven Nations of Teyvat Republic;;;;;;;;;;;;;x
EIC_democracy2;Seven Nations of Teyvat Parliamentary Republic;;;;;;;;;;;;;x
EIC_dominion;Seven Nations of Teyvat Governorate;;;;;;;;;;;;;x
EIC_dominion2;Seven Nations of Teyvat Autonomous Federation;;;;;;;;;;;;;x
EIC_dominion3;Seven Nations of Teyvat Crown Dependency;;;;;;;;;;;;;x
EIC_hms_government2;Seven Nations of Teyvat Parliamentary Cabinet;;;;;;;;;;;;;x
EIC_prussian_constitutionalism2;Seven Nations of Teyvat Royal Advisory Council;;;;;;;;;;;;;x
EIC_theocracy;Seven Nations of Teyvat Ecclesiastical Union;;;;;;;;;;;;;x
EIC_trade_unions_congress;Seven Nations of Teyvat Trade Union Congress;;;;;;;;;;;;;x
ELS_absolute_monarchy;Nico Robin Kingdom;;;;;;;;;;;;;x
ELS_absolute_monarchy2;Nico Robin Hereditary Kingdom;;;;;;;;;;;;;x
ELS_democracy2;Nico Robin Parliamentary Republic;;;;;;;;;;;;;x
ELS_dominion;Nico Robin Dominion;;;;;;;;;;;;;x
ELS_dominion2;Nico Robin Autonomous Federation;;;;;;;;;;;;;x
ELS_dominion3;Nico Robin Crown Dependency;;;;;;;;;;;;;x
ELS_hms_government;Nico Robin Constitutional Kingdom;;;;;;;;;;;;;x
ELS_hms_government2;Nico Robin Parliamentary Cabinet;;;;;;;;;;;;;x
ELS_prussian_constitutionalism;Nico Robin Royal Council;;;;;;;;;;;;;x
ELS_prussian_constitutionalism2;Nico Robin Royal Advisory Council;;;;;;;;;;;;;x
ELS_theocracy;Nico Robin Bishopric;;;;;;;;;;;;;x
ELS_trade_unions_congress;Nico Robin General Workers' Confederation;;;;;;;;;;;;;x
ENL_absolute_monarchy;Mari Kingdom;;;;;;;;;;;;;x
ENL_absolute_monarchy2;Mari Hereditary Kingdom;;;;;;;;;;;;;x
ENL_colonial_company;Mari Chartered Company Territory;;;;;;;;;;;;;x
ENL_democracy;Mari Republic;;;;;;;;;;;;;x
ENL_democracy2;Mari Parliamentary Republic;;;;;;;;;;;;;x
ENL_dominion;Mari Dominion;;;;;;;;;;;;;x
ENL_dominion2;Mari Autonomous Federation;;;;;;;;;;;;;x
ENL_dominion3;Mari Crown Dependency;;;;;;;;;;;;;x
ENL_hms_government;Mari Constitutional Kingdom;;;;;;;;;;;;;x
ENL_hms_government2;Mari Parliamentary Cabinet;;;;;;;;;;;;;x
ENL_prussian_constitutionalism;Mari Privy Council;;;;;;;;;;;;;x
ENL_prussian_constitutionalism2;Mari Royal Advisory Council;;;;;;;;;;;;;x
ENL_theocracy;Mari Ecclesiastical Union;;;;;;;;;;;;;x
ENL_trade_unions_congress;Mari Trade Union Congress;;;;;;;;;;;;;x
ENT_absolute_monarchy;Entre Rios Kingdom;;;;;;;;;;;;;x
ENT_absolute_monarchy2;Entre Rios Hereditary Kingdom;;;;;;;;;;;;;x
ENT_colonial_company;Entre Rios Chartered Company Territory;;;;;;;;;;;;;x
ENT_democracy;Entre Rios Republic;;;;;;;;;;;;;x
ENT_democracy2;Entre Rios Parliamentary Republic;;;;;;;;;;;;;x
ENT_dominion;Entre Rios Dominion;;;;;;;;;;;;;x
ENT_dominion2;Entre Rios Autonomous Federation;;;;;;;;;;;;;x
ENT_dominion3;Entre Rios Crown Dependency;;;;;;;;;;;;;x
ENT_hms_government;Entre Rios Constitutional Kingdom;;;;;;;;;;;;;x
ENT_hms_government2;Entre Rios Parliamentary Cabinet;;;;;;;;;;;;;x
ENT_prussian_constitutionalism;Entre Rios Royal Council;;;;;;;;;;;;;x
ENT_prussian_constitutionalism2;Entre Rios Royal Advisory Council;;;;;;;;;;;;;x
ENT_theocracy;Entre Rios Bishopric;;;;;;;;;;;;;x
ENT_trade_unions_congress;Entre Rios General Workers' Confederation;;;;;;;;;;;;;x
EQG_absolute_monarchy2;Equatorial Guinea Hereditary Kingdom;;;;;;;;;;;;;x
EQG_colonial_company;Equatorial Guinea Chartered Company Territory;;;;;;;;;;;;;x
EQG_democracy;Equatorial Guinea Republic;;;;;;;;;;;;;x
EQG_democracy2;Equatorial Guinea Parliamentary Republic;;;;;;;;;;;;;x
EQG_dominion;Equatorial Guinea Protectorate;;;;;;;;;;;;;x
EQG_dominion2;Equatorial Guinea Union of Autonomous States;;;;;;;;;;;;;x
EQG_dominion3;Equatorial Guinea Royal Protectorate;;;;;;;;;;;;;x
EQG_hms_government;Equatorial Guinea Constitutional Kingdom;;;;;;;;;;;;;x
EQG_hms_government2;Equatorial Guinea Parliamentary Cabinet;;;;;;;;;;;;;x
EQG_prussian_constitutionalism;Equatorial Guinea Royal Council of Elders;;;;;;;;;;;;;x
EQG_prussian_constitutionalism2;Equatorial Guinea Council of Elder Chiefs;;;;;;;;;;;;;x
EQG_theocracy;Equatorial Guinea Priestly State;;;;;;;;;;;;;x
EQG_trade_unions_congress;Equatorial Guinea Trade Union Confederation;;;;;;;;;;;;;x
EST_absolute_monarchy;Linnea Duchy;;;;;;;;;;;;;x
EST_absolute_monarchy2;Linnea Knightly Order State;;;;;;;;;;;;;x
EST_colonial_company;Linnea Exploration Chartered Company;;;;;;;;;;;;;x
EST_democracy;Linnea Republic;;;;;;;;;;;;;x
EST_democracy2;Linnea Parliamentary Republic;;;;;;;;;;;;;x
EST_dominion;Linnea Dominion;;;;;;;;;;;;;x
EST_dominion2;Linnea Autonomous Union;;;;;;;;;;;;;x
EST_dominion3;Linnea Royal Protectorate;;;;;;;;;;;;;x
EST_hms_government;Linnea Constitutional Duchy;;;;;;;;;;;;;x
EST_hms_government2;Linnea Parliamentary Cabinet;;;;;;;;;;;;;x
EST_prussian_constitutionalism;Linnea Provincial Diet;;;;;;;;;;;;;x
EST_prussian_constitutionalism2;Linnea Knights' Council;;;;;;;;;;;;;x
EST_theocracy;Linnea Forest Theocracy;;;;;;;;;;;;;x
EST_trade_unions_congress;Linnea Workers Council;;;;;;;;;;;;;x
ETH_absolute_monarchy2;Abyssinia Hereditary Empire;;;;;;;;;;;;;x
ETH_democracy;Abyssinia Republic;;;;;;;;;;;;;x
ETH_democracy2;Abyssinia Parliamentary Republic;;;;;;;;;;;;;x
ETH_dominion;Abyssinia Protectorate;;;;;;;;;;;;;x
ETH_dominion2;Abyssinia Union of Autonomous States;;;;;;;;;;;;;x
ETH_dominion3;Abyssinia Royal Protectorate;;;;;;;;;;;;;x
ETH_hms_government;Abyssinia Constitutional Empire;;;;;;;;;;;;;x
ETH_hms_government2;Abyssinia Parliamentary Cabinet;;;;;;;;;;;;;x
ETH_prussian_constitutionalism2;Abyssinia Royal Representative Assembly;;;;;;;;;;;;;x
ETH_theocracy;Abyssinia Patriarchate;;;;;;;;;;;;;x
ETH_trade_unions_congress;Abyssinia Trade Union Confederation;;;;;;;;;;;;;x
EZO_absolute_monarchy;Wakamo Domain;;;;;;;;;;;;;x
EZO_absolute_monarchy2;Wakamo Shogunate;;;;;;;;;;;;;x
EZO_colonial_company;Wakamo Trading Post Territory;;;;;;;;;;;;;x
EZO_democracy2;Wakamo Parliamentary Republic;;;;;;;;;;;;;x
EZO_dominion;Wakamo Autonomous Domain;;;;;;;;;;;;;x
EZO_dominion2;Wakamo Union of Domains;;;;;;;;;;;;;x
EZO_dominion3;Wakamo Shogunal Territory;;;;;;;;;;;;;x
EZO_hms_government;Wakamo Constitutional Domain;;;;;;;;;;;;;x
EZO_hms_government2;Wakamo Parliamentary Cabinet;;;;;;;;;;;;;x
EZO_prussian_constitutionalism;Wakamo Domain Administrative Council;;;;;;;;;;;;;x
EZO_prussian_constitutionalism2;Wakamo Council of Domain Lords;;;;;;;;;;;;;x
EZO_theocracy;Wakamo Shinto Imperial State;;;;;;;;;;;;;x
EZO_trade_unions_congress;Wakamo General Council of Trade Unions;;;;;;;;;;;;;x
FAS_absolute_monarchy;April Kingdom;;;;;;;;;;;;;x
FAS_absolute_monarchy2;April Hereditary Kingdom;;;;;;;;;;;;;x
FAS_democracy;April Republic;;;;;;;;;;;;;x
FAS_democracy2;April Parliamentary Republic;;;;;;;;;;;;;x
FAS_dominion2;April Autonomous Federation;;;;;;;;;;;;;x
FAS_dominion3;April Crown Dependency;;;;;;;;;;;;;x
FAS_hms_government;April Constitutional Kingdom;;;;;;;;;;;;;x
FAS_hms_government2;April Parliamentary Cabinet;;;;;;;;;;;;;x
FAS_prussian_constitutionalism;April Royal Council of State;;;;;;;;;;;;;x
FAS_prussian_constitutionalism2;April Royal Advisory Council;;;;;;;;;;;;;x
FAS_theocracy;April Bishopric;;;;;;;;;;;;;x
FAS_trade_unions_congress;April General Labor Confederation;;;;;;;;;;;;;x
FCA_absolute_monarchy;Yukino Kingdom;;;;;;;;;;;;;x
FCA_absolute_monarchy2;Yukino Hereditary Kingdom;;;;;;;;;;;;;x
FCA_democracy;Yukino Republic;;;;;;;;;;;;;x
FCA_democracy2;Yukino Parliamentary Republic;;;;;;;;;;;;;x
FCA_dominion2;Yukino Autonomous Federation;;;;;;;;;;;;;x
FCA_dominion3;Yukino Crown Dependency;;;;;;;;;;;;;x
FCA_hms_government;Yukino Constitutional Kingdom;;;;;;;;;;;;;x
FCA_hms_government2;Yukino Parliamentary Cabinet;;;;;;;;;;;;;x
FCA_prussian_constitutionalism;Yukino Royal Council of State;;;;;;;;;;;;;x
FCA_prussian_constitutionalism2;Yukino Royal Advisory Council;;;;;;;;;;;;;x
FCA_theocracy;Yukino Bishopric;;;;;;;;;;;;;x
FCA_trade_unions_congress;Yukino General Labor Confederation;;;;;;;;;;;;;x
FDL_absolute_monarchy;Necrass Emirate;;;;;;;;;;;;;x
FDL_absolute_monarchy2;Necrass Hereditary Emirate;;;;;;;;;;;;;x
FDL_colonial_company;Necrass Trading Company Territory;;;;;;;;;;;;;x
FDL_democracy;Necrass Republic;;;;;;;;;;;;;x
FDL_democracy2;Necrass Parliamentary Republic;;;;;;;;;;;;;x
FDL_dominion;Necrass Dominion;;;;;;;;;;;;;x
FDL_dominion2;Necrass Autonomous Federation;;;;;;;;;;;;;x
FDL_dominion3;Necrass Protected Emirate;;;;;;;;;;;;;x
FDL_hms_government;Necrass Constitutional Emirate;;;;;;;;;;;;;x
FDL_hms_government2;Necrass Parliamentary Cabinet;;;;;;;;;;;;;x
FDL_prussian_constitutionalism;Necrass Shura Council;;;;;;;;;;;;;x
FDL_prussian_constitutionalism2;Necrass Council of Nobles;;;;;;;;;;;;;x
FDL_theocracy;Necrass Imamate;;;;;;;;;;;;;x
FDL_trade_unions_congress;Necrass General Confederation of Trade Unions;;;;;;;;;;;;;x
FIJ_absolute_monarchy;Fennec Kingdom;;;;;;;;;;;;;x
FIJ_absolute_monarchy2;Fennec Hereditary Kingdom;;;;;;;;;;;;;x
FIJ_colonial_company;Fennec Chartered Company Territory;;;;;;;;;;;;;x
FIJ_democracy;Fennec Republic;;;;;;;;;;;;;x
FIJ_democracy2;Fennec Parliamentary Republic;;;;;;;;;;;;;x
FIJ_dominion;Fennec Protectorate;;;;;;;;;;;;;x
FIJ_dominion2;Fennec Union of Autonomous States;;;;;;;;;;;;;x
FIJ_dominion3;Fennec Royal Protectorate;;;;;;;;;;;;;x
FIJ_hms_government;Fennec Constitutional Kingdom;;;;;;;;;;;;;x
FIJ_hms_government2;Fennec Parliamentary Cabinet;;;;;;;;;;;;;x
FIJ_prussian_constitutionalism;Fennec Council of Chiefs;;;;;;;;;;;;;x
FIJ_prussian_constitutionalism2;Fennec Council of Elder Chiefs;;;;;;;;;;;;;x
FIJ_theocracy;Fennec Ecclesiastical Union;;;;;;;;;;;;;x
FIJ_trade_unions_congress;Fennec Trade Union Confederation;;;;;;;;;;;;;x
FIL_absolute_monarchy;Perona Kingdom;;;;;;;;;;;;;x
FIL_absolute_monarchy2;Perona Hereditary Kingdom;;;;;;;;;;;;;x
FIL_colonial_company;Perona Chartered Company Territory;;;;;;;;;;;;;x
FIL_democracy;Perona Federal Republic;;;;;;;;;;;;;x
FIL_democracy2;Perona Parliamentary Republic;;;;;;;;;;;;;x
FIL_dominion;Perona Dominion;;;;;;;;;;;;;x
FIL_dominion2;Perona Autonomous Federation;;;;;;;;;;;;;x
FIL_dominion3;Perona Crown Dependency;;;;;;;;;;;;;x
FIL_hms_government;Perona Constitutional Kingdom;;;;;;;;;;;;;x
FIL_hms_government2;Perona Parliamentary Cabinet;;;;;;;;;;;;;x
FIL_prussian_constitutionalism;Perona Royal Parliament;;;;;;;;;;;;;x
FIL_prussian_constitutionalism2;Perona Royal Advisory Council;;;;;;;;;;;;;x
FIL_theocracy;Perona Ecclesiastical Union;;;;;;;;;;;;;x
FIL_trade_unions_congress;Perona Federation of Industrial Unions;;;;;;;;;;;;;x
FIN_absolute_monarchy2;Valkyrie Hereditary Grand Duchy;;;;;;;;;;;;;x
FIN_democracy;Valkyrie Republic;;;;;;;;;;;;;x
FIN_democracy2;Valkyrie Parliamentary Republic;;;;;;;;;;;;;x
FIN_dominion;Valkyrie Dominion;;;;;;;;;;;;;x
FIN_dominion2;Valkyrie Autonomous Federation;;;;;;;;;;;;;x
FIN_dominion3;Valkyrie Crown Dependency;;;;;;;;;;;;;x
FIN_hms_government2;Valkyrie Parliamentary Cabinet;;;;;;;;;;;;;x
FIN_prussian_constitutionalism2;Valkyrie Royal Advisory Council;;;;;;;;;;;;;x
FIN_theocracy;Valkyrie Ecclesiastical Union;;;;;;;;;;;;;x
FIN_trade_unions_congress;Valkyrie Trade Union Confederation;;;;;;;;;;;;;x
FIU_absolute_monarchy;Kal'tsit Duchy;;;;;;;;;;;;;x
FIU_absolute_monarchy2;Kal'tsit Hereditary Duchy;;;;;;;;;;;;;x
FIU_colonial_company;Kal'tsit Chartered Company Territory;;;;;;;;;;;;;x
FIU_democracy2;Kal'tsit Parliamentary Republic;;;;;;;;;;;;;x
FIU_dominion;Kal'tsit Dominion;;;;;;;;;;;;;x
FIU_dominion2;Kal'tsit Autonomous Federation;;;;;;;;;;;;;x
FIU_dominion3;Kal'tsit Crown Dependency;;;;;;;;;;;;;x
FIU_hms_government;Kal'tsit Constitutional Duchy;;;;;;;;;;;;;x
FIU_hms_government2;Kal'tsit Parliamentary Cabinet;;;;;;;;;;;;;x
FIU_prussian_constitutionalism;Kal'tsit Royal Senate;;;;;;;;;;;;;x
FIU_prussian_constitutionalism2;Kal'tsit Royal Advisory Council;;;;;;;;;;;;;x
FIU_theocracy;Kal'tsit Bishopric;;;;;;;;;;;;;x
FIU_trade_unions_congress;Kal'tsit Federation of Guilds;;;;;;;;;;;;;x
FJN_absolute_monarchy;Yakushi Saya Imperial Dynasty;;;;;;;;;;;;;x
FJN_absolute_monarchy2;Yakushi Saya Imperial Court;;;;;;;;;;;;;x
FJN_colonial_company;Yakushi Saya Concession;;;;;;;;;;;;;x
FJN_democracy;Yakushi Saya Republic;;;;;;;;;;;;;x
FJN_democracy2;Yakushi Saya Federal Republic;;;;;;;;;;;;;x
FJN_dominion;Yakushi Saya Autonomous Province;;;;;;;;;;;;;x
FJN_dominion2;Yakushi Saya Federal Government;;;;;;;;;;;;;x
FJN_dominion3;Yakushi Saya Tributary Territory;;;;;;;;;;;;;x
FJN_hms_government;Yakushi Saya Responsible Cabinet;;;;;;;;;;;;;x
FJN_hms_government2;Yakushi Saya Parliamentary Cabinet;;;;;;;;;;;;;x
FJN_prussian_constitutionalism;Yakushi Saya Advisory Council;;;;;;;;;;;;;x
FJN_prussian_constitutionalism2;Yakushi Saya State Advisory Council;;;;;;;;;;;;;x
FJN_theocracy;Yakushi Saya Sangha State;;;;;;;;;;;;;x
FJN_trade_unions_congress;Yakushi Saya General Labor Union;;;;;;;;;;;;;x
FLA_absolute_monarchy;Mona Kingdom;;;;;;;;;;;;;x
FLA_absolute_monarchy2;Mona Hereditary Kingdom;;;;;;;;;;;;;x
FLA_democracy;Mona United Republic;;;;;;;;;;;;;x
FLA_democracy2;Mona Parliamentary Republic;;;;;;;;;;;;;x
FLA_dominion;Mona Dominion;;;;;;;;;;;;;x
FLA_dominion2;Mona Autonomous Federation;;;;;;;;;;;;;x
FLA_dominion3;Mona Crown Dependency;;;;;;;;;;;;;x
FLA_hms_government;Mona Constitutional Kingdom;;;;;;;;;;;;;x
FLA_hms_government2;Mona Parliamentary Cabinet;;;;;;;;;;;;;x
FLA_prussian_constitutionalism;Mona Parliament of Nobles;;;;;;;;;;;;;x
FLA_prussian_constitutionalism2;Mona Royal Advisory Council;;;;;;;;;;;;;x
FLA_theocracy;Mona Bishopric;;;;;;;;;;;;;x
FLA_trade_unions_congress;Mona Trade Union Confederation;;;;;;;;;;;;;x
FRI_absolute_monarchy;Eula Kingdom;;;;;;;;;;;;;x
FRI_absolute_monarchy2;Eula Hereditary Kingdom;;;;;;;;;;;;;x
FRI_colonial_company;Eula Chartered Company Territory;;;;;;;;;;;;;x
FRI_democracy;Eula United Republic;;;;;;;;;;;;;x
FRI_democracy2;Eula Parliamentary Republic;;;;;;;;;;;;;x
FRI_dominion;Eula Dominion;;;;;;;;;;;;;x
FRI_dominion2;Eula Autonomous Federation;;;;;;;;;;;;;x
FRI_dominion3;Eula Crown Dependency;;;;;;;;;;;;;x
FRI_hms_government;Eula Constitutional Kingdom;;;;;;;;;;;;;x
FRI_hms_government2;Eula Parliamentary Cabinet;;;;;;;;;;;;;x
FRI_prussian_constitutionalism;Eula Parliament of Nobles;;;;;;;;;;;;;x
FRI_prussian_constitutionalism2;Eula Royal Advisory Council;;;;;;;;;;;;;x
FRI_theocracy;Eula Ecclesiastical Union;;;;;;;;;;;;;x
FRI_trade_unions_congress;Eula Trade Union Confederation;;;;;;;;;;;;;x
FRM_absolute_monarchy2;Ako Hereditary Duchy;;;;;;;;;;;;;x
FRM_democracy2;Ako City Republic;;;;;;;;;;;;;x
FRM_dominion2;Ako Autonomous Federation;;;;;;;;;;;;;x
FRM_dominion3;Ako Crown Territory;;;;;;;;;;;;;x
FRM_hms_government2;Ako Territorial Cabinet;;;;;;;;;;;;;x
FRM_prussian_constitutionalism2;Ako Council of Princes;;;;;;;;;;;;;x
FRM_theocracy;Ako Ecclesiastical Union;;;;;;;;;;;;;x
FRM_trade_unions_congress;Ako Workers' Council;;;;;;;;;;;;;x
FRO_absolute_monarchy;Kirino Kingdom;;;;;;;;;;;;;x
FRO_absolute_monarchy2;Kirino Hereditary Kingdom;;;;;;;;;;;;;x
FRO_colonial_company;Kirino Chartered Company Territory;;;;;;;;;;;;;x
FRO_democracy;Kirino Republic;;;;;;;;;;;;;x
FRO_democracy2;Kirino Parliamentary Republic;;;;;;;;;;;;;x
FRO_dominion;Kirino Dominion;;;;;;;;;;;;;x
FRO_dominion2;Kirino Autonomous Federation;;;;;;;;;;;;;x
FRO_dominion3;Kirino Crown Dependency;;;;;;;;;;;;;x
FRO_hms_government;Kirino Constitutional Kingdom;;;;;;;;;;;;;x
FRO_hms_government2;Kirino Parliamentary Cabinet;;;;;;;;;;;;;x
FRO_prussian_constitutionalism;Kirino King's Council;;;;;;;;;;;;;x
FRO_prussian_constitutionalism2;Kirino Royal Advisory Council;;;;;;;;;;;;;x
FRO_theocracy;Kirino Ecclesiastical Union;;;;;;;;;;;;;x
FRO_trade_unions_congress;Kirino Trade Union Confederation;;;;;;;;;;;;;x
FSA_absolute_monarchy2;Himari Hereditary Empire;;;;;;;;;;;;;x
FSA_colonial_company;Himari Chartered Company Territory;;;;;;;;;;;;;x
FSA_democracy;Himari Federal Republic;;;;;;;;;;;;;x
FSA_democracy2;Himari Parliamentary Republic;;;;;;;;;;;;;x
FSA_dominion;Himari Dominion;;;;;;;;;;;;;x
FSA_dominion2;Himari Autonomous Federation;;;;;;;;;;;;;x
FSA_dominion3;Himari Crown Dependency;;;;;;;;;;;;;x
FSA_hms_government;Himari Constitutional Empire;;;;;;;;;;;;;x
FSA_hms_government2;Himari Parliamentary Cabinet;;;;;;;;;;;;;x
FSA_prussian_constitutionalism2;Himari Royal Advisory Council;;;;;;;;;;;;;x
FSA_theocracy;Himari Ecclesiastical Union;;;;;;;;;;;;;x
FSA_trade_unions_congress;Himari Federation of Industrial Unions;;;;;;;;;;;;;x
GAB_absolute_monarchy;Gabon Kingdom;;;;;;;;;;;;;x
GAB_absolute_monarchy2;Gabon Hereditary Kingdom;;;;;;;;;;;;;x
GAB_colonial_company;Gabon Chartered Company Territory;;;;;;;;;;;;;x
GAB_democracy;Gabon Republic;;;;;;;;;;;;;x
GAB_democracy2;Gabon Parliamentary Republic;;;;;;;;;;;;;x
GAB_dominion;Gabon Protectorate;;;;;;;;;;;;;x
GAB_dominion2;Gabon Union of Autonomous States;;;;;;;;;;;;;x
GAB_dominion3;Gabon Royal Protectorate;;;;;;;;;;;;;x
GAB_hms_government;Gabon Constitutional Kingdom;;;;;;;;;;;;;x
GAB_hms_government2;Gabon Parliamentary Cabinet;;;;;;;;;;;;;x
GAB_prussian_constitutionalism;Gabon Royal Council of Elders;;;;;;;;;;;;;x
GAB_prussian_constitutionalism2;Gabon Council of Elder Chiefs;;;;;;;;;;;;;x
GAB_theocracy;Gabon Bishopric;;;;;;;;;;;;;x
GAB_trade_unions_congress;Gabon Trade Union Confederation;;;;;;;;;;;;;x
GAZ_absolute_monarchy2;Gaza Hereditary Empire;;;;;;;;;;;;;x
GAZ_colonial_company;Gaza Chartered Company Territory;;;;;;;;;;;;;x
GAZ_democracy;Gaza Republic;;;;;;;;;;;;;x
GAZ_democracy2;Gaza Parliamentary Republic;;;;;;;;;;;;;x
GAZ_dominion;Gaza Protectorate;;;;;;;;;;;;;x
GAZ_dominion2;Gaza Union of Autonomous States;;;;;;;;;;;;;x
GAZ_dominion3;Gaza Royal Protectorate;;;;;;;;;;;;;x
GAZ_hms_government;Gaza Constitutional Empire;;;;;;;;;;;;;x
GAZ_hms_government2;Gaza Parliamentary Cabinet;;;;;;;;;;;;;x
GAZ_prussian_constitutionalism;Gaza Royal Council of Elders;;;;;;;;;;;;;x
GAZ_prussian_constitutionalism2;Gaza Council of Elder Chiefs;;;;;;;;;;;;;x
GAZ_theocracy;Gaza Priestly State;;;;;;;;;;;;;x
GAZ_trade_unions_congress;Gaza Trade Union Confederation;;;;;;;;;;;;;x
GBU_absolute_monarchy2;Kaabu Hereditary Empire;;;;;;;;;;;;;x
GBU_colonial_company;Kaabu Chartered Company Territory;;;;;;;;;;;;;x
GBU_democracy2;Kaabu Parliamentary Republic;;;;;;;;;;;;;x
GBU_dominion;Kaabu Protectorate;;;;;;;;;;;;;x
GBU_dominion2;Kaabu Union of Autonomous States;;;;;;;;;;;;;x
GBU_dominion3;Kaabu Royal Protectorate;;;;;;;;;;;;;x
GBU_hms_government;Kaabu Constitutional Empire;;;;;;;;;;;;;x
GBU_hms_government2;Kaabu Parliamentary Cabinet;;;;;;;;;;;;;x
GBU_prussian_constitutionalism;Kaabu Royal Council of Elders;;;;;;;;;;;;;x
GBU_prussian_constitutionalism2;Kaabu Council of Elder Chiefs;;;;;;;;;;;;;x
GBU_theocracy;Kaabu Priestly State;;;;;;;;;;;;;x
GBU_trade_unions_congress;Kaabu Trade Union Confederation;;;;;;;;;;;;;x
GCF_absolute_monarchy2;Junko Hereditary Duchy;;;;;;;;;;;;;x
GCF_colonial_company;Junko Chartered Company Territory;;;;;;;;;;;;;x
GCF_democracy;Junko Free State;;;;;;;;;;;;;x
GCF_democracy2;Junko City Republic;;;;;;;;;;;;;x
GCF_dominion;Junko Dominion;;;;;;;;;;;;;x
GCF_dominion2;Junko Autonomous Federation;;;;;;;;;;;;;x
GCF_dominion3;Junko Crown Territory;;;;;;;;;;;;;x
GCF_hms_government2;Junko Territorial Cabinet;;;;;;;;;;;;;x
GCF_prussian_constitutionalism2;Junko Council of Princes;;;;;;;;;;;;;x
GCF_theocracy;Junko Bishopric;;;;;;;;;;;;;x
GCF_trade_unions_congress;Junko Workers' Council;;;;;;;;;;;;;x
GCO_absolute_monarchy2;Rosarita Cisneros Hereditary Kingdom;;;;;;;;;;;;;x
GCO_democracy;Rosarita Cisneros Republic;;;;;;;;;;;;;x
GCO_democracy2;Rosarita Cisneros Parliamentary Republic;;;;;;;;;;;;;x
GCO_dominion;Rosarita Cisneros Dominion;;;;;;;;;;;;;x
GCO_dominion2;Rosarita Cisneros Autonomous Federation;;;;;;;;;;;;;x
GCO_dominion3;Rosarita Cisneros Crown Dependency;;;;;;;;;;;;;x
GCO_hms_government2;Rosarita Cisneros Parliamentary Cabinet;;;;;;;;;;;;;x
GCO_prussian_constitutionalism2;Rosarita Cisneros Royal Advisory Council;;;;;;;;;;;;;x
GCO_theocracy;Rosarita Cisneros Bishopric;;;;;;;;;;;;;x
GCO_trade_unions_congress;Rosarita Cisneros General Workers' Confederation;;;;;;;;;;;;;x
GDL_absolute_monarchy;Jeanne D'arc Kingdom;;;;;;;;;;;;;x
GDL_absolute_monarchy2;Jeanne D'arc Hereditary Kingdom;;;;;;;;;;;;;x
GDL_colonial_company;Jeanne D'arc Chartered Company Territory;;;;;;;;;;;;;x
GDL_democracy;Jeanne D'arc Republic;;;;;;;;;;;;;x
GDL_democracy2;Jeanne D'arc Parliamentary Republic;;;;;;;;;;;;;x
GDL_dominion;Jeanne D'arc Dominion;;;;;;;;;;;;;x
GDL_dominion2;Jeanne D'arc Autonomous Federation;;;;;;;;;;;;;x
GDL_dominion3;Jeanne D'arc Crown Dependency;;;;;;;;;;;;;x
GDL_hms_government;Jeanne D'arc Constitutional Kingdom;;;;;;;;;;;;;x
GDL_hms_government2;Jeanne D'arc Parliamentary Cabinet;;;;;;;;;;;;;x
GDL_prussian_constitutionalism;Jeanne D'arc Royal Council;;;;;;;;;;;;;x
GDL_prussian_constitutionalism2;Jeanne D'arc Royal Advisory Council;;;;;;;;;;;;;x
GDL_theocracy;Jeanne D'arc Bishopric;;;;;;;;;;;;;x
GDL_trade_unions_congress;Jeanne D'arc General Workers' Confederation;;;;;;;;;;;;;x
GEL_absolute_monarchy;Geledi Sultanate;;;;;;;;;;;;;x
GEL_absolute_monarchy2;Geledi Hereditary Sultanate;;;;;;;;;;;;;x
GEL_colonial_company;Geledi Trading Company Territory;;;;;;;;;;;;;x
GEL_democracy;Geledi Republic;;;;;;;;;;;;;x
GEL_democracy2;Geledi Parliamentary Republic;;;;;;;;;;;;;x
GEL_dominion;Geledi Dominion;;;;;;;;;;;;;x
GEL_dominion2;Geledi Autonomous Federation;;;;;;;;;;;;;x
GEL_dominion3;Geledi Protected Emirate;;;;;;;;;;;;;x
GEL_hms_government;Geledi Constitutional Sultanate;;;;;;;;;;;;;x
GEL_hms_government2;Geledi Parliamentary Cabinet;;;;;;;;;;;;;x
GEL_prussian_constitutionalism;Geledi Sultan's Council;;;;;;;;;;;;;x
GEL_prussian_constitutionalism2;Geledi Council of Nobles;;;;;;;;;;;;;x
GEL_theocracy;Geledi Imamate;;;;;;;;;;;;;x
GEL_trade_unions_congress;Geledi Trade Union Confederation;;;;;;;;;;;;;x
GEN_absolute_monarchy2;Henrietta Hereditary Duchy;;;;;;;;;;;;;x
GEN_colonial_company;Henrietta Chartered Company Territory;;;;;;;;;;;;;x
GEN_democracy2;Henrietta Parliamentary Republic;;;;;;;;;;;;;x
GEN_dominion;Henrietta Dominion;;;;;;;;;;;;;x
GEN_dominion2;Henrietta Autonomous Federation;;;;;;;;;;;;;x
GEN_dominion3;Henrietta Crown Dependency;;;;;;;;;;;;;x
GEN_hms_government2;Henrietta Parliamentary Cabinet;;;;;;;;;;;;;x
GEN_prussian_constitutionalism2;Henrietta Royal Advisory Council;;;;;;;;;;;;;x
GEN_theocracy;Henrietta Bishopric;;;;;;;;;;;;;x
GEN_trade_unions_congress;Henrietta Federation of Guilds;;;;;;;;;;;;;x
GEO_absolute_monarchy2;Dori Hereditary Kingdom;;;;;;;;;;;;;x
GEO_colonial_company;Dori Chartered Company Territory;;;;;;;;;;;;;x
GEO_democracy2;Dori Parliamentary Republic;;;;;;;;;;;;;x
GEO_dominion;Dori Dominion;;;;;;;;;;;;;x
GEO_dominion2;Dori Autonomous Federation;;;;;;;;;;;;;x
GEO_dominion3;Dori Crown Dependency;;;;;;;;;;;;;x
GEO_hms_government2;Dori Parliamentary Cabinet;;;;;;;;;;;;;x
GEO_prussian_constitutionalism2;Dori Royal Advisory Council;;;;;;;;;;;;;x
GEO_theocracy;Dori Patriarchate;;;;;;;;;;;;;x
GEO_trade_unions_congress;Dori Trade Union Confederation;;;;;;;;;;;;;x
GHN_absolute_monarchy;Ghana Kingdom;;;;;;;;;;;;;x
GHN_absolute_monarchy2;Ghana Hereditary Kingdom;;;;;;;;;;;;;x
GHN_colonial_company;Ghana Chartered Company Territory;;;;;;;;;;;;;x
GHN_democracy;Ghana Republic;;;;;;;;;;;;;x
GHN_democracy2;Ghana Parliamentary Republic;;;;;;;;;;;;;x
GHN_dominion;Ghana Protectorate;;;;;;;;;;;;;x
GHN_dominion2;Ghana Union of Autonomous States;;;;;;;;;;;;;x
GHN_dominion3;Ghana Royal Protectorate;;;;;;;;;;;;;x
GHN_hms_government;Ghana Constitutional Kingdom;;;;;;;;;;;;;x
GHN_hms_government2;Ghana Parliamentary Cabinet;;;;;;;;;;;;;x
GHN_prussian_constitutionalism;Ghana Royal Council of Elders;;;;;;;;;;;;;x
GHN_prussian_constitutionalism2;Ghana Council of Elder Chiefs;;;;;;;;;;;;;x
GHN_theocracy;Ghana Priestly State;;;;;;;;;;;;;x
GHN_trade_unions_congress;Ghana Trade Union Confederation;;;;;;;;;;;;;x
GIL_absolute_monarchy;Tiamat Emirate;;;;;;;;;;;;;x
GIL_absolute_monarchy2;Tiamat Hereditary Emirate;;;;;;;;;;;;;x
GIL_colonial_company;Tiamat Trading Company Territory;;;;;;;;;;;;;x
GIL_democracy;Tiamat Republic;;;;;;;;;;;;;x
GIL_democracy2;Tiamat Parliamentary Republic;;;;;;;;;;;;;x
GIL_dominion;Tiamat Dominion;;;;;;;;;;;;;x
GIL_dominion2;Tiamat Autonomous Federation;;;;;;;;;;;;;x
GIL_dominion3;Tiamat Protected Emirate;;;;;;;;;;;;;x
GIL_hms_government;Tiamat Constitutional Emirate;;;;;;;;;;;;;x
GIL_hms_government2;Tiamat Parliamentary Cabinet;;;;;;;;;;;;;x
GIL_prussian_constitutionalism;Tiamat Jirga;;;;;;;;;;;;;x
GIL_prussian_constitutionalism2;Tiamat Council of Nobles;;;;;;;;;;;;;x
GIL_theocracy;Tiamat Sangha State;;;;;;;;;;;;;x
GIL_trade_unions_congress;Tiamat Workers' Council;;;;;;;;;;;;;x
GIZ_absolute_monarchy;Mina Imperial Dynasty;;;;;;;;;;;;;x
GIZ_absolute_monarchy2;Mina Imperial Court;;;;;;;;;;;;;x
GIZ_colonial_company;Mina Concession;;;;;;;;;;;;;x
GIZ_democracy;Mina Republic;;;;;;;;;;;;;x
GIZ_democracy2;Mina Federal Republic;;;;;;;;;;;;;x
GIZ_dominion;Mina Autonomous Province;;;;;;;;;;;;;x
GIZ_dominion2;Mina Federal Government;;;;;;;;;;;;;x
GIZ_dominion3;Mina Tributary Territory;;;;;;;;;;;;;x
GIZ_hms_government;Mina Responsible Cabinet;;;;;;;;;;;;;x
GIZ_hms_government2;Mina Parliamentary Cabinet;;;;;;;;;;;;;x
GIZ_prussian_constitutionalism;Mina Advisory Council;;;;;;;;;;;;;x
GIZ_prussian_constitutionalism2;Mina State Advisory Council;;;;;;;;;;;;;x
GIZ_theocracy;Mina Sangha State;;;;;;;;;;;;;x
GIZ_trade_unions_congress;Mina General Labor Union;;;;;;;;;;;;;x
GLC_absolute_monarchy;Natsumi Onitsuka Kingdom;;;;;;;;;;;;;x
GLC_absolute_monarchy2;Natsumi Onitsuka Hereditary Kingdom;;;;;;;;;;;;;x
GLC_colonial_company;Natsumi Onitsuka Chartered Company Territory;;;;;;;;;;;;;x
GLC_democracy;Natsumi Onitsuka Republic;;;;;;;;;;;;;x
GLC_democracy2;Natsumi Onitsuka Parliamentary Republic;;;;;;;;;;;;;x
GLC_dominion;Natsumi Onitsuka Dominion;;;;;;;;;;;;;x
GLC_dominion2;Natsumi Onitsuka Autonomous Federation;;;;;;;;;;;;;x
GLC_dominion3;Natsumi Onitsuka Crown Dependency;;;;;;;;;;;;;x
GLC_hms_government;Natsumi Onitsuka Constitutional Kingdom;;;;;;;;;;;;;x
GLC_hms_government2;Natsumi Onitsuka Parliamentary Cabinet;;;;;;;;;;;;;x
GLC_prussian_constitutionalism;Natsumi Onitsuka Cortes;;;;;;;;;;;;;x
GLC_prussian_constitutionalism2;Natsumi Onitsuka Royal Advisory Council;;;;;;;;;;;;;x
GLC_theocracy;Natsumi Onitsuka Bishopric;;;;;;;;;;;;;x
GLC_trade_unions_congress;Natsumi Onitsuka Trade Union Federation;;;;;;;;;;;;;x
GLM_absolute_monarchy;Sovetskaya Rossiya Kingdom;;;;;;;;;;;;;x
GLM_absolute_monarchy2;Sovetskaya Rossiya Hereditary Kingdom;;;;;;;;;;;;;x
GLM_colonial_company;Sovetskaya Rossiya Chartered Company Territory;;;;;;;;;;;;;x
GLM_democracy;Sovetskaya Rossiya Republic;;;;;;;;;;;;;x
GLM_democracy2;Sovetskaya Rossiya Parliamentary Republic;;;;;;;;;;;;;x
GLM_dominion;Sovetskaya Rossiya Dominion;;;;;;;;;;;;;x
GLM_dominion2;Sovetskaya Rossiya Autonomous Federation;;;;;;;;;;;;;x
GLM_dominion3;Sovetskaya Rossiya Crown Dependency;;;;;;;;;;;;;x
GLM_hms_government;Sovetskaya Rossiya Constitutional Kingdom;;;;;;;;;;;;;x
GLM_hms_government2;Sovetskaya Rossiya Parliamentary Cabinet;;;;;;;;;;;;;x
GLM_prussian_constitutionalism;Sovetskaya Rossiya Sejm;;;;;;;;;;;;;x
GLM_prussian_constitutionalism2;Sovetskaya Rossiya Royal Advisory Council;;;;;;;;;;;;;x
GLM_theocracy;Sovetskaya Rossiya Bishopric;;;;;;;;;;;;;x
GLM_trade_unions_congress;Sovetskaya Rossiya Workers' Council;;;;;;;;;;;;;x
GLN_absolute_monarchy;Shining Shahdom;;;;;;;;;;;;;x
GLN_absolute_monarchy2;Shining Hereditary Shahdom;;;;;;;;;;;;;x
GLN_colonial_company;Shining Trading Company Territory;;;;;;;;;;;;;x
GLN_democracy;Shining Republic;;;;;;;;;;;;;x
GLN_democracy2;Shining Parliamentary Republic;;;;;;;;;;;;;x
GLN_dominion;Shining Dominion;;;;;;;;;;;;;x
GLN_dominion2;Shining Autonomous Federation;;;;;;;;;;;;;x
GLN_dominion3;Shining Protected Emirate;;;;;;;;;;;;;x
GLN_hms_government;Shining Constitutional Shahdom;;;;;;;;;;;;;x
GLN_hms_government2;Shining Parliamentary Cabinet;;;;;;;;;;;;;x
GLN_prussian_constitutionalism;Shining Majlis;;;;;;;;;;;;;x
GLN_prussian_constitutionalism2;Shining Council of Nobles;;;;;;;;;;;;;x
GLN_theocracy;Shining Imamate;;;;;;;;;;;;;x
GLN_trade_unions_congress;Shining Trade Union Confederation;;;;;;;;;;;;;x
GMB_absolute_monarchy;The Gambia Kingdom;;;;;;;;;;;;;x
GMB_absolute_monarchy2;The Gambia Hereditary Kingdom;;;;;;;;;;;;;x
GMB_colonial_company;The Gambia Chartered Company Territory;;;;;;;;;;;;;x
GMB_democracy;The Gambia Republic;;;;;;;;;;;;;x
GMB_democracy2;The Gambia Parliamentary Republic;;;;;;;;;;;;;x
GMB_dominion;The Gambia Protectorate;;;;;;;;;;;;;x
GMB_dominion2;The Gambia Union of Autonomous States;;;;;;;;;;;;;x
GMB_dominion3;The Gambia Royal Protectorate;;;;;;;;;;;;;x
GMB_hms_government;The Gambia Constitutional Kingdom;;;;;;;;;;;;;x
GMB_hms_government2;The Gambia Parliamentary Cabinet;;;;;;;;;;;;;x
GMB_prussian_constitutionalism;The Gambia Royal Council of Elders;;;;;;;;;;;;;x
GMB_prussian_constitutionalism2;The Gambia Council of Elder Chiefs;;;;;;;;;;;;;x
GMB_theocracy;The Gambia Ecclesiastical Union;;;;;;;;;;;;;x
GMB_trade_unions_congress;The Gambia Trade Union Confederation;;;;;;;;;;;;;x
GMJ_absolute_monarchy;Yuri Jahad Imperial Dynasty;;;;;;;;;;;;;x
GMJ_absolute_monarchy2;Yuri Jahad Imperial Court;;;;;;;;;;;;;x
GMJ_colonial_company;Yuri Jahad Concession;;;;;;;;;;;;;x
GMJ_democracy;Yuri Jahad Republic;;;;;;;;;;;;;x
GMJ_democracy2;Yuri Jahad Federal Republic;;;;;;;;;;;;;x
GMJ_dominion;Yuri Jahad Autonomous Province;;;;;;;;;;;;;x
GMJ_dominion2;Yuri Jahad Federal Government;;;;;;;;;;;;;x
GMJ_dominion3;Yuri Jahad Tributary Territory;;;;;;;;;;;;;x
GMJ_hms_government;Yuri Jahad Responsible Cabinet;;;;;;;;;;;;;x
GMJ_hms_government2;Yuri Jahad Parliamentary Cabinet;;;;;;;;;;;;;x
GMJ_prussian_constitutionalism;Yuri Jahad Advisory Council;;;;;;;;;;;;;x
GMJ_prussian_constitutionalism2;Yuri Jahad State Advisory Council;;;;;;;;;;;;;x
GMJ_theocracy;Yuri Jahad Ecclesiastical Union;;;;;;;;;;;;;x
GMJ_trade_unions_congress;Yuri Jahad General Labor Union;;;;;;;;;;;;;x
GNE_absolute_monarchy;Guinea Sultanate;;;;;;;;;;;;;x
GNE_absolute_monarchy2;Guinea Hereditary Sultanate;;;;;;;;;;;;;x
GNE_colonial_company;Guinea Trading Company Territory;;;;;;;;;;;;;x
GNE_democracy;Guinea Republic;;;;;;;;;;;;;x
GNE_democracy2;Guinea Parliamentary Republic;;;;;;;;;;;;;x
GNE_dominion;Guinea Dominion;;;;;;;;;;;;;x
GNE_dominion2;Guinea Autonomous Federation;;;;;;;;;;;;;x
GNE_dominion3;Guinea Protected Emirate;;;;;;;;;;;;;x
GNE_hms_government;Guinea Constitutional Sultanate;;;;;;;;;;;;;x
GNE_hms_government2;Guinea Parliamentary Cabinet;;;;;;;;;;;;;x
GNE_prussian_constitutionalism;Guinea Diwan;;;;;;;;;;;;;x
GNE_prussian_constitutionalism2;Guinea Council of Nobles;;;;;;;;;;;;;x
GNE_theocracy;Guinea Imamate;;;;;;;;;;;;;x
GNE_trade_unions_congress;Guinea General Confederation of Trade Unions;;;;;;;;;;;;;x
GNG_absolute_monarchy;Hwa Ryun Imperial Dynasty;;;;;;;;;;;;;x
GNG_absolute_monarchy2;Hwa Ryun Imperial Court;;;;;;;;;;;;;x
GNG_colonial_company;Hwa Ryun Concession;;;;;;;;;;;;;x
GNG_democracy;Hwa Ryun Republic;;;;;;;;;;;;;x
GNG_democracy2;Hwa Ryun Federal Republic;;;;;;;;;;;;;x
GNG_dominion;Hwa Ryun Autonomous Province;;;;;;;;;;;;;x
GNG_dominion2;Hwa Ryun Federal Government;;;;;;;;;;;;;x
GNG_dominion3;Hwa Ryun Tributary Territory;;;;;;;;;;;;;x
GNG_hms_government;Hwa Ryun Responsible Cabinet;;;;;;;;;;;;;x
GNG_hms_government2;Hwa Ryun Parliamentary Cabinet;;;;;;;;;;;;;x
GNG_prussian_constitutionalism;Hwa Ryun Advisory Council;;;;;;;;;;;;;x
GNG_prussian_constitutionalism2;Hwa Ryun State Advisory Council;;;;;;;;;;;;;x
GNG_theocracy;Hwa Ryun Sangha State;;;;;;;;;;;;;x
GNG_trade_unions_congress;Hwa Ryun General Labor Union;;;;;;;;;;;;;x
GON_absolute_monarchy;Gonder Kingdom;;;;;;;;;;;;;x
GON_absolute_monarchy2;Gonder Hereditary Kingdom;;;;;;;;;;;;;x
GON_colonial_company;Gonder Chartered Company Territory;;;;;;;;;;;;;x
GON_democracy;Gonder Republic;;;;;;;;;;;;;x
GON_democracy2;Gonder Parliamentary Republic;;;;;;;;;;;;;x
GON_dominion;Gonder Protectorate;;;;;;;;;;;;;x
GON_dominion2;Gonder Union of Autonomous States;;;;;;;;;;;;;x
GON_dominion3;Gonder Royal Protectorate;;;;;;;;;;;;;x
GON_hms_government;Gonder Constitutional Kingdom;;;;;;;;;;;;;x
GON_hms_government2;Gonder Parliamentary Cabinet;;;;;;;;;;;;;x
GON_prussian_constitutionalism;Gonder Royal Council of Nobles;;;;;;;;;;;;;x
GON_prussian_constitutionalism2;Gonder Royal Representative Assembly;;;;;;;;;;;;;x
GON_theocracy;Gonder Patriarchate;;;;;;;;;;;;;x
GON_trade_unions_congress;Gonder Trade Union Confederation;;;;;;;;;;;;;x
GPR_absolute_monarchy;Le Malin Empire;;;;;;;;;;;;;x
GPR_absolute_monarchy2;Le Malin Hereditary Empire;;;;;;;;;;;;;x
GPR_colonial_company;Le Malin Chartered Company Territory;;;;;;;;;;;;;x
GPR_dominion;Le Malin Dominion;;;;;;;;;;;;;x
GPR_dominion2;Le Malin Autonomous Federation;;;;;;;;;;;;;x
GPR_dominion3;Le Malin Crown Dependency;;;;;;;;;;;;;x
GPR_prussian_constitutionalism;Le Malin Imperial Council of State;;;;;;;;;;;;;x
GPR_prussian_constitutionalism2;Le Malin Royal Advisory Council;;;;;;;;;;;;;x
GPR_theocracy;Le Malin Bishopric;;;;;;;;;;;;;x
GPR_trade_unions_congress;Le Malin General Workers' Confederation;;;;;;;;;;;;;x
GRE_absolute_monarchy;Angelina Kingdom;;;;;;;;;;;;;x
GRE_absolute_monarchy2;Angelina Hereditary Kingdom;;;;;;;;;;;;;x
GRE_colonial_company;Angelina Chartered Company Territory;;;;;;;;;;;;;x
GRE_democracy;Angelina Republic;;;;;;;;;;;;;x
GRE_democracy2;Angelina Parliamentary Republic;;;;;;;;;;;;;x
GRE_dominion;Angelina Dominion;;;;;;;;;;;;;x
GRE_dominion2;Angelina Autonomous Federation;;;;;;;;;;;;;x
GRE_dominion3;Angelina Crown Dependency;;;;;;;;;;;;;x
GRE_hms_government;Angelina Constitutional Kingdom;;;;;;;;;;;;;x
GRE_hms_government2;Angelina Parliamentary Cabinet;;;;;;;;;;;;;x
GRE_prussian_constitutionalism;Angelina Royal Council;;;;;;;;;;;;;x
GRE_prussian_constitutionalism2;Angelina Royal Advisory Council;;;;;;;;;;;;;x
GRE_theocracy;Angelina Patriarchate;;;;;;;;;;;;;x
GRE_trade_unions_congress;Angelina Trade Union Confederation;;;;;;;;;;;;;x
GRH_absolute_monarchy;Degenbrecher Raj;;;;;;;;;;;;;x
GRH_absolute_monarchy2;Degenbrecher Hereditary Raj;;;;;;;;;;;;;x
GRH_colonial_company;Degenbrecher East India Company Territory;;;;;;;;;;;;;x
GRH_democracy;Degenbrecher Republic;;;;;;;;;;;;;x
GRH_democracy2;Degenbrecher Parliamentary Republic;;;;;;;;;;;;;x
GRH_dominion;Degenbrecher Princely State;;;;;;;;;;;;;x
GRH_dominion2;Degenbrecher Union of Princely States;;;;;;;;;;;;;x
GRH_dominion3;Degenbrecher Crown Territory;;;;;;;;;;;;;x
GRH_hms_government;Degenbrecher Constitutional Raj;;;;;;;;;;;;;x
GRH_hms_government2;Degenbrecher Parliamentary Cabinet;;;;;;;;;;;;;x
GRH_prussian_constitutionalism;Degenbrecher Durbar;;;;;;;;;;;;;x
GRH_prussian_constitutionalism2;Degenbrecher Council of Princes;;;;;;;;;;;;;x
GRH_theocracy;Degenbrecher Sangha State;;;;;;;;;;;;;x
GRH_trade_unions_congress;Degenbrecher General Confederation of Trade Unions;;;;;;;;;;;;;x
GRN_absolute_monarchy2;Utaha Hereditary Kingdom;;;;;;;;;;;;;x
GRN_democracy2;Utaha Parliamentary Republic;;;;;;;;;;;;;x
GRN_dominion2;Utaha Autonomous Federation;;;;;;;;;;;;;x
GRN_dominion3;Utaha Crown Dependency;;;;;;;;;;;;;x
GRN_hms_government2;Utaha Parliamentary Cabinet;;;;;;;;;;;;;x
GRN_prussian_constitutionalism2;Utaha Royal Advisory Council;;;;;;;;;;;;;x
GRN_theocracy;Utaha Ecclesiastical Union;;;;;;;;;;;;;x
GRN_trade_unions_congress;Utaha Trade Union Confederation;;;;;;;;;;;;;x
GUA_absolute_monarchy;Uta Kingdom;;;;;;;;;;;;;x
GUA_absolute_monarchy2;Uta Hereditary Kingdom;;;;;;;;;;;;;x
GUA_democracy2;Uta Parliamentary Republic;;;;;;;;;;;;;x
GUA_dominion;Uta Dominion;;;;;;;;;;;;;x
GUA_dominion2;Uta Autonomous Federation;;;;;;;;;;;;;x
GUA_dominion3;Uta Crown Dependency;;;;;;;;;;;;;x
GUA_hms_government;Uta Constitutional Kingdom;;;;;;;;;;;;;x
GUA_hms_government2;Uta Parliamentary Cabinet;;;;;;;;;;;;;x
GUA_prussian_constitutionalism;Uta Royal Council;;;;;;;;;;;;;x
GUA_prussian_constitutionalism2;Uta Royal Advisory Council;;;;;;;;;;;;;x
GUA_theocracy;Uta Bishopric;;;;;;;;;;;;;x
GUA_trade_unions_congress;Uta General Workers' Confederation;;;;;;;;;;;;;x
GUY_absolute_monarchy;Guyana Kingdom;;;;;;;;;;;;;x
GUY_absolute_monarchy2;Guyana Hereditary Kingdom;;;;;;;;;;;;;x
GUY_colonial_company;Guyana Chartered Company Territory;;;;;;;;;;;;;x
GUY_democracy;Guyana Republic;;;;;;;;;;;;;x
GUY_democracy2;Guyana Parliamentary Republic;;;;;;;;;;;;;x
GUY_dominion;Guyana Dominion;;;;;;;;;;;;;x
GUY_dominion2;Guyana Autonomous Federation;;;;;;;;;;;;;x
GUY_dominion3;Guyana Crown Dependency;;;;;;;;;;;;;x
GUY_hms_government;Guyana Constitutional Kingdom;;;;;;;;;;;;;x
GUY_hms_government2;Guyana Parliamentary Cabinet;;;;;;;;;;;;;x
GUY_prussian_constitutionalism;Guyana Royal Council;;;;;;;;;;;;;x
GUY_prussian_constitutionalism2;Guyana Royal Advisory Council;;;;;;;;;;;;;x
GUY_theocracy;Guyana Ecclesiastical Union;;;;;;;;;;;;;x
GUY_trade_unions_congress;Guyana General Workers' Confederation;;;;;;;;;;;;;x
GWA_absolute_monarchy;Pallas Raj;;;;;;;;;;;;;x
GWA_absolute_monarchy2;Pallas Hereditary Raj;;;;;;;;;;;;;x
GWA_colonial_company;Pallas East India Company Territory;;;;;;;;;;;;;x
GWA_democracy;Pallas Republic;;;;;;;;;;;;;x
GWA_democracy2;Pallas Parliamentary Republic;;;;;;;;;;;;;x
GWA_dominion;Pallas Princely State;;;;;;;;;;;;;x
GWA_dominion2;Pallas Union of Princely States;;;;;;;;;;;;;x
GWA_dominion3;Pallas Crown Territory;;;;;;;;;;;;;x
GWA_hms_government;Pallas Constitutional Raj;;;;;;;;;;;;;x
GWA_hms_government2;Pallas Parliamentary Cabinet;;;;;;;;;;;;;x
GWA_prussian_constitutionalism;Pallas Durbar;;;;;;;;;;;;;x
GWA_prussian_constitutionalism2;Pallas Council of Princes;;;;;;;;;;;;;x
GWA_theocracy;Pallas Union of Temples;;;;;;;;;;;;;x
GWA_trade_unions_congress;Pallas General Confederation of Trade Unions;;;;;;;;;;;;;x
GXI_absolute_monarchy;Ganyu Imperial Dynasty;;;;;;;;;;;;;x
GXI_absolute_monarchy2;Ganyu Imperial Court;;;;;;;;;;;;;x
GXI_colonial_company;Ganyu Concession;;;;;;;;;;;;;x
GXI_democracy;Ganyu Republic;;;;;;;;;;;;;x
GXI_democracy2;Ganyu Federal Republic;;;;;;;;;;;;;x
GXI_dominion;Ganyu Autonomous Province;;;;;;;;;;;;;x
GXI_dominion2;Ganyu Federal Government;;;;;;;;;;;;;x
GXI_dominion3;Ganyu Tributary Territory;;;;;;;;;;;;;x
GXI_hms_government;Ganyu Responsible Cabinet;;;;;;;;;;;;;x
GXI_hms_government2;Ganyu Parliamentary Cabinet;;;;;;;;;;;;;x
GXI_prussian_constitutionalism;Ganyu Advisory Council;;;;;;;;;;;;;x
GXI_prussian_constitutionalism2;Ganyu State Advisory Council;;;;;;;;;;;;;x
GXI_theocracy;Ganyu Sangha State;;;;;;;;;;;;;x
GXI_trade_unions_congress;Ganyu General Labor Union;;;;;;;;;;;;;x
HAI_absolute_monarchy2;Kukulkan Hereditary Kingdom;;;;;;;;;;;;;x
HAI_democracy2;Kukulkan Parliamentary Republic;;;;;;;;;;;;;x
HAI_dominion2;Kukulkan Autonomous Federation;;;;;;;;;;;;;x
HAI_dominion3;Kukulkan Crown Dependency;;;;;;;;;;;;;x
HAI_hms_government2;Kukulkan Parliamentary Cabinet;;;;;;;;;;;;;x
HAI_prussian_constitutionalism2;Kukulkan Royal Advisory Council;;;;;;;;;;;;;x
HAI_theocracy;Kukulkan Bishopric;;;;;;;;;;;;;x
HAI_trade_unions_congress;Kukulkan General Workers' Confederation;;;;;;;;;;;;;x
HAL_absolute_monarchy2;Grani Hereditary Emirate;;;;;;;;;;;;;x
HAL_colonial_company;Grani Trading Company Territory;;;;;;;;;;;;;x
HAL_democracy;Grani Republic;;;;;;;;;;;;;x
HAL_democracy2;Grani Parliamentary Republic;;;;;;;;;;;;;x
HAL_dominion;Grani Dominion;;;;;;;;;;;;;x
HAL_dominion2;Grani Autonomous Federation;;;;;;;;;;;;;x
HAL_dominion3;Grani Protected Emirate;;;;;;;;;;;;;x
HAL_hms_government2;Grani Parliamentary Cabinet;;;;;;;;;;;;;x
HAL_prussian_constitutionalism2;Grani Council of Nobles;;;;;;;;;;;;;x
HAL_theocracy;Grani Imamate;;;;;;;;;;;;;x
HAL_trade_unions_congress;Grani General Confederation of Trade Unions;;;;;;;;;;;;;x
HAM_absolute_monarchy2;Megu Hereditary Duchy;;;;;;;;;;;;;x
HAM_democracy2;Megu City Republic;;;;;;;;;;;;;x
HAM_dominion2;Megu Autonomous Federation;;;;;;;;;;;;;x
HAM_dominion3;Megu Crown Territory;;;;;;;;;;;;;x
HAM_hms_government2;Megu Territorial Cabinet;;;;;;;;;;;;;x
HAM_prussian_constitutionalism2;Megu Council of Princes;;;;;;;;;;;;;x
HAM_theocracy;Megu Ecclesiastical Union;;;;;;;;;;;;;x
HAM_trade_unions_congress;Megu Workers' Council;;;;;;;;;;;;;x
HAN_absolute_monarchy2;Kasumi Hereditary Kingdom;;;;;;;;;;;;;x
HAN_democracy2;Kasumi City Republic;;;;;;;;;;;;;x
HAN_dominion2;Kasumi Autonomous Federation;;;;;;;;;;;;;x
HAN_dominion3;Kasumi Crown Territory;;;;;;;;;;;;;x
HAN_hms_government2;Kasumi Territorial Cabinet;;;;;;;;;;;;;x
HAN_prussian_constitutionalism2;Kasumi Council of Princes;;;;;;;;;;;;;x
HAN_theocracy;Kasumi Ecclesiastical Union;;;;;;;;;;;;;x
HAN_trade_unions_congress;Kasumi Workers' Council;;;;;;;;;;;;;x
HAR_absolute_monarchy;Suzuran Sultanate;;;;;;;;;;;;;x
HAR_absolute_monarchy2;Suzuran Hereditary Sultanate;;;;;;;;;;;;;x
HAR_colonial_company;Suzuran Trading Company Territory;;;;;;;;;;;;;x
HAR_democracy;Suzuran Republic;;;;;;;;;;;;;x
HAR_democracy2;Suzuran Parliamentary Republic;;;;;;;;;;;;;x
HAR_dominion;Suzuran Dominion;;;;;;;;;;;;;x
HAR_dominion2;Suzuran Autonomous Federation;;;;;;;;;;;;;x
HAR_dominion3;Suzuran Protected Emirate;;;;;;;;;;;;;x
HAR_hms_government;Suzuran Constitutional Sultanate;;;;;;;;;;;;;x
HAR_hms_government2;Suzuran Parliamentary Cabinet;;;;;;;;;;;;;x
HAR_prussian_constitutionalism;Suzuran Sultan's Council;;;;;;;;;;;;;x
HAR_prussian_constitutionalism2;Suzuran Council of Nobles;;;;;;;;;;;;;x
HAR_theocracy;Suzuran Imamate;;;;;;;;;;;;;x
HAR_trade_unions_congress;Suzuran Trade Union Confederation;;;;;;;;;;;;;x
HAW_absolute_monarchy;Kaban Kingdom;;;;;;;;;;;;;x
HAW_absolute_monarchy2;Kaban Hereditary Kingdom;;;;;;;;;;;;;x
HAW_colonial_company;Kaban Chartered Company Territory;;;;;;;;;;;;;x
HAW_democracy;Kaban Republic;;;;;;;;;;;;;x
HAW_democracy2;Kaban Parliamentary Republic;;;;;;;;;;;;;x
HAW_dominion;Kaban Protectorate;;;;;;;;;;;;;x
HAW_dominion2;Kaban Union of Autonomous States;;;;;;;;;;;;;x
HAW_dominion3;Kaban Royal Protectorate;;;;;;;;;;;;;x
HAW_hms_government;Kaban Constitutional Kingdom;;;;;;;;;;;;;x
HAW_hms_government2;Kaban Parliamentary Cabinet;;;;;;;;;;;;;x
HAW_prussian_constitutionalism;Kaban Council of Chiefs;;;;;;;;;;;;;x
HAW_prussian_constitutionalism2;Kaban Council of Elder Chiefs;;;;;;;;;;;;;x
HAW_theocracy;Kaban Ecclesiastical Union;;;;;;;;;;;;;x
HAW_trade_unions_congress;Kaban Trade Union Confederation;;;;;;;;;;;;;x
HBY_absolute_monarchy;Hobyo Sultanate;;;;;;;;;;;;;x
HBY_absolute_monarchy2;Hobyo Hereditary Sultanate;;;;;;;;;;;;;x
HBY_colonial_company;Hobyo Trading Company Territory;;;;;;;;;;;;;x
HBY_democracy;Hobyo Republic;;;;;;;;;;;;;x
HBY_democracy2;Hobyo Parliamentary Republic;;;;;;;;;;;;;x
HBY_dominion;Hobyo Dominion;;;;;;;;;;;;;x
HBY_dominion2;Hobyo Autonomous Federation;;;;;;;;;;;;;x
HBY_dominion3;Hobyo Protected Emirate;;;;;;;;;;;;;x
HBY_hms_government;Hobyo Constitutional Sultanate;;;;;;;;;;;;;x
HBY_hms_government2;Hobyo Parliamentary Cabinet;;;;;;;;;;;;;x
HBY_prussian_constitutionalism;Hobyo Sultan's Council;;;;;;;;;;;;;x
HBY_prussian_constitutionalism2;Hobyo Council of Nobles;;;;;;;;;;;;;x
HBY_theocracy;Hobyo Imamate;;;;;;;;;;;;;x
HBY_trade_unions_congress;Hobyo Trade Union Confederation;;;;;;;;;;;;;x
HDJ_absolute_monarchy2;Vigna Hereditary Kingdom;;;;;;;;;;;;;x
HDJ_democracy;Vigna Republic;;;;;;;;;;;;;x
HDJ_democracy2;Vigna Parliamentary Republic;;;;;;;;;;;;;x
HDJ_dominion2;Vigna Autonomous Federation;;;;;;;;;;;;;x
HDJ_dominion3;Vigna Protected Emirate;;;;;;;;;;;;;x
HDJ_hms_government2;Vigna Parliamentary Cabinet;;;;;;;;;;;;;x
HDJ_prussian_constitutionalism2;Vigna Council of Nobles;;;;;;;;;;;;;x
HDJ_theocracy;Vigna Imamate;;;;;;;;;;;;;x
HDJ_trade_unions_congress;Vigna General Confederation of Trade Unions;;;;;;;;;;;;;x
HDU_absolute_monarchy;Weedy Raj;;;;;;;;;;;;;x
HDU_absolute_monarchy2;Weedy Hereditary Raj;;;;;;;;;;;;;x
HDU_colonial_company;Weedy East India Company Territory;;;;;;;;;;;;;x
HDU_democracy;Weedy Republic;;;;;;;;;;;;;x
HDU_democracy2;Weedy Parliamentary Republic;;;;;;;;;;;;;x
HDU_dominion;Weedy Princely State;;;;;;;;;;;;;x
HDU_dominion2;Weedy Union of Princely States;;;;;;;;;;;;;x
HDU_dominion3;Weedy Crown Territory;;;;;;;;;;;;;x
HDU_hms_government;Weedy Constitutional Raj;;;;;;;;;;;;;x
HDU_hms_government2;Weedy Parliamentary Cabinet;;;;;;;;;;;;;x
HDU_prussian_constitutionalism;Weedy Durbar;;;;;;;;;;;;;x
HDU_prussian_constitutionalism2;Weedy Council of Princes;;;;;;;;;;;;;x
HDU_theocracy;Weedy Union of Temples;;;;;;;;;;;;;x
HDU_trade_unions_congress;Weedy General Confederation of Trade Unions;;;;;;;;;;;;;x
HEH_absolute_monarchy2;Ursula Dynasty;;;;;;;;;;;;;x
HEH_democracy2;Ursula City Republic;;;;;;;;;;;;;x
HEH_dominion2;Ursula Autonomous Federation;;;;;;;;;;;;;x
HEH_dominion3;Ursula Crown Territory;;;;;;;;;;;;;x
HEH_hms_government2;Ursula Territorial Cabinet;;;;;;;;;;;;;x
HEH_prussian_constitutionalism2;Ursula Council of Princes;;;;;;;;;;;;;x
HEH_theocracy;Ursula Ecclesiastical Union;;;;;;;;;;;;;x
HEH_trade_unions_congress;Ursula Workers' Council;;;;;;;;;;;;;x
HEK_absolute_monarchy2;Chinatsu Dynasty;;;;;;;;;;;;;x
HEK_democracy2;Chinatsu City Republic;;;;;;;;;;;;;x
HEK_dominion2;Chinatsu Autonomous Federation;;;;;;;;;;;;;x
HEK_dominion3;Chinatsu Crown Territory;;;;;;;;;;;;;x
HEK_hms_government2;Chinatsu Territorial Cabinet;;;;;;;;;;;;;x
HEK_prussian_constitutionalism2;Chinatsu Council of Princes;;;;;;;;;;;;;x
HEK_theocracy;Chinatsu Ecclesiastical Union;;;;;;;;;;;;;x
HEK_trade_unions_congress;Chinatsu Workers' Council;;;;;;;;;;;;;x
HES_absolute_monarchy2;Izumi Hereditary Grand Duchy;;;;;;;;;;;;;x
HES_democracy2;Izumi City Republic;;;;;;;;;;;;;x
HES_dominion2;Izumi Autonomous Federation;;;;;;;;;;;;;x
HES_dominion3;Izumi Crown Territory;;;;;;;;;;;;;x
HES_hms_government2;Izumi Territorial Cabinet;;;;;;;;;;;;;x
HES_prussian_constitutionalism2;Izumi Council of Princes;;;;;;;;;;;;;x
HES_theocracy;Izumi Ecclesiastical Union;;;;;;;;;;;;;x
HES_trade_unions_congress;Izumi Workers' Council;;;;;;;;;;;;;x
HGL_absolute_monarchy;Akari Landgraviate;;;;;;;;;;;;;x
HGL_absolute_monarchy2;Akari Dynasty;;;;;;;;;;;;;x
HGL_colonial_company;Akari Chartered Company Territory;;;;;;;;;;;;;x
HGL_democracy;Akari Free State;;;;;;;;;;;;;x
HGL_democracy2;Akari City Republic;;;;;;;;;;;;;x
HGL_dominion;Akari Dominion;;;;;;;;;;;;;x
HGL_dominion2;Akari Autonomous Federation;;;;;;;;;;;;;x
HGL_dominion3;Akari Crown Territory;;;;;;;;;;;;;x
HGL_hms_government;Akari Constitutional Duchy;;;;;;;;;;;;;x
HGL_hms_government2;Akari Territorial Cabinet;;;;;;;;;;;;;x
HGL_prussian_constitutionalism;Akari Territorial Diet;;;;;;;;;;;;;x
HGL_prussian_constitutionalism2;Akari Council of Princes;;;;;;;;;;;;;x
HGL_theocracy;Akari Ecclesiastical Union;;;;;;;;;;;;;x
HGL_trade_unions_congress;Akari Workers' Council;;;;;;;;;;;;;x
HND_absolute_monarchy2;Parvati Hereditary Empire;;;;;;;;;;;;;x
HND_democracy;Parvati Republic;;;;;;;;;;;;;x
HND_democracy2;Parvati Parliamentary Republic;;;;;;;;;;;;;x
HND_dominion;Parvati Princely State;;;;;;;;;;;;;x
HND_dominion2;Parvati Union of Princely States;;;;;;;;;;;;;x
HND_dominion3;Parvati Crown Territory;;;;;;;;;;;;;x
HND_hms_government2;Parvati Parliamentary Cabinet;;;;;;;;;;;;;x
HND_prussian_constitutionalism2;Parvati Council of Princes;;;;;;;;;;;;;x
HND_theocracy;Parvati Union of Temples;;;;;;;;;;;;;x
HND_trade_unions_congress;Parvati General Confederation of Trade Unions;;;;;;;;;;;;;x
HNN_absolute_monarchy;Hu Tao Imperial Dynasty;;;;;;;;;;;;;x
HNN_absolute_monarchy2;Hu Tao Imperial Court;;;;;;;;;;;;;x
HNN_colonial_company;Hu Tao Concession;;;;;;;;;;;;;x
HNN_democracy;Hu Tao Republic;;;;;;;;;;;;;x
HNN_democracy2;Hu Tao Federal Republic;;;;;;;;;;;;;x
HNN_dominion;Hu Tao Autonomous Province;;;;;;;;;;;;;x
HNN_dominion2;Hu Tao Federal Government;;;;;;;;;;;;;x
HNN_dominion3;Hu Tao Tributary Territory;;;;;;;;;;;;;x
HNN_hms_government;Hu Tao Responsible Cabinet;;;;;;;;;;;;;x
HNN_hms_government2;Hu Tao Parliamentary Cabinet;;;;;;;;;;;;;x
HNN_prussian_constitutionalism;Hu Tao Advisory Council;;;;;;;;;;;;;x
HNN_prussian_constitutionalism2;Hu Tao State Advisory Council;;;;;;;;;;;;;x
HNN_theocracy;Hu Tao Sangha State;;;;;;;;;;;;;x
HNN_trade_unions_congress;Hu Tao General Labor Union;;;;;;;;;;;;;x
HNS_absolute_monarchy2;Sena Hereditary Duchy;;;;;;;;;;;;;x
HNS_colonial_company;Sena Chartered Company Territory;;;;;;;;;;;;;x
HNS_democracy2;Sena City Republic;;;;;;;;;;;;;x
HNS_dominion;Sena Dominion;;;;;;;;;;;;;x
HNS_dominion2;Sena Autonomous Federation;;;;;;;;;;;;;x
HNS_dominion3;Sena Crown Territory;;;;;;;;;;;;;x
HNS_hms_government2;Sena Territorial Cabinet;;;;;;;;;;;;;x
HNS_prussian_constitutionalism2;Sena Council of Princes;;;;;;;;;;;;;x
HNS_theocracy;Sena Ecclesiastical Union;;;;;;;;;;;;;x
HNS_trade_unions_congress;Sena Workers' Council;;;;;;;;;;;;;x
HNZ_absolute_monarchy;Cleopatra Emirate;;;;;;;;;;;;;x
HNZ_absolute_monarchy2;Cleopatra Hereditary Emirate;;;;;;;;;;;;;x
HNZ_colonial_company;Cleopatra Trading Company Territory;;;;;;;;;;;;;x
HNZ_democracy;Cleopatra Republic;;;;;;;;;;;;;x
HNZ_democracy2;Cleopatra Parliamentary Republic;;;;;;;;;;;;;x
HNZ_dominion;Cleopatra Dominion;;;;;;;;;;;;;x
HNZ_dominion2;Cleopatra Autonomous Federation;;;;;;;;;;;;;x
HNZ_dominion3;Cleopatra Protected Emirate;;;;;;;;;;;;;x
HNZ_hms_government;Cleopatra Constitutional Emirate;;;;;;;;;;;;;x
HNZ_hms_government2;Cleopatra Parliamentary Cabinet;;;;;;;;;;;;;x
HNZ_prussian_constitutionalism;Cleopatra Jirga;;;;;;;;;;;;;x
HNZ_prussian_constitutionalism2;Cleopatra Council of Nobles;;;;;;;;;;;;;x
HNZ_theocracy;Cleopatra Imamate;;;;;;;;;;;;;x
HNZ_trade_unions_congress;Cleopatra Workers' Council;;;;;;;;;;;;;x
HOH_absolute_monarchy2;Juri Hereditary Principality;;;;;;;;;;;;;x
HOH_democracy2;Juri City Republic;;;;;;;;;;;;;x
HOH_dominion2;Juri Autonomous Federation;;;;;;;;;;;;;x
HOH_dominion3;Juri Crown Territory;;;;;;;;;;;;;x
HOH_hms_government2;Juri Territorial Cabinet;;;;;;;;;;;;;x
HOH_prussian_constitutionalism2;Juri Council of Princes;;;;;;;;;;;;;x
HOH_theocracy;Juri Bishopric;;;;;;;;;;;;;x
HOH_trade_unions_congress;Juri Workers' Council;;;;;;;;;;;;;x
HOL_absolute_monarchy2;Diona Hereditary Duchy;;;;;;;;;;;;;x
HOL_democracy2;Diona City Republic;;;;;;;;;;;;;x
HOL_dominion2;Diona Autonomous Federation;;;;;;;;;;;;;x
HOL_dominion3;Diona Crown Territory;;;;;;;;;;;;;x
HOL_hms_government2;Diona Territorial Cabinet;;;;;;;;;;;;;x
HOL_prussian_constitutionalism2;Diona Council of Princes;;;;;;;;;;;;;x
HOL_theocracy;Diona Ecclesiastical Union;;;;;;;;;;;;;x
HOL_trade_unions_congress;Diona Workers' Council;;;;;;;;;;;;;x
HON_absolute_monarchy;Yamato Kingdom;;;;;;;;;;;;;x
HON_absolute_monarchy2;Yamato Hereditary Kingdom;;;;;;;;;;;;;x
HON_democracy2;Yamato Parliamentary Republic;;;;;;;;;;;;;x
HON_dominion;Yamato Dominion;;;;;;;;;;;;;x
HON_dominion2;Yamato Autonomous Federation;;;;;;;;;;;;;x
HON_dominion3;Yamato Crown Dependency;;;;;;;;;;;;;x
HON_hms_government;Yamato Constitutional Kingdom;;;;;;;;;;;;;x
HON_hms_government2;Yamato Parliamentary Cabinet;;;;;;;;;;;;;x
HON_prussian_constitutionalism;Yamato Royal Council;;;;;;;;;;;;;x
HON_prussian_constitutionalism2;Yamato Royal Advisory Council;;;;;;;;;;;;;x
HON_theocracy;Yamato Bishopric;;;;;;;;;;;;;x
HON_trade_unions_congress;Yamato General Workers' Confederation;;;;;;;;;;;;;x
HQJ_absolute_monarchy;Yoimiya Imperial Dynasty;;;;;;;;;;;;;x
HQJ_absolute_monarchy2;Yoimiya Imperial Court;;;;;;;;;;;;;x
HQJ_colonial_company;Yoimiya Concession;;;;;;;;;;;;;x
HQJ_democracy;Yoimiya Republic;;;;;;;;;;;;;x
HQJ_democracy2;Yoimiya Federal Republic;;;;;;;;;;;;;x
HQJ_dominion;Yoimiya Autonomous Province;;;;;;;;;;;;;x
HQJ_dominion2;Yoimiya Federal Government;;;;;;;;;;;;;x
HQJ_dominion3;Yoimiya Tributary Territory;;;;;;;;;;;;;x
HQJ_hms_government;Yoimiya Responsible Cabinet;;;;;;;;;;;;;x
HQJ_hms_government2;Yoimiya Parliamentary Cabinet;;;;;;;;;;;;;x
HQJ_prussian_constitutionalism;Yoimiya Advisory Council;;;;;;;;;;;;;x
HQJ_prussian_constitutionalism2;Yoimiya State Advisory Council;;;;;;;;;;;;;x
HQJ_theocracy;Yoimiya Sangha State;;;;;;;;;;;;;x
HQJ_trade_unions_congress;Yoimiya General Labor Union;;;;;;;;;;;;;x
HRT_absolute_monarchy;Lava Emirate;;;;;;;;;;;;;x
HRT_absolute_monarchy2;Lava Hereditary Emirate;;;;;;;;;;;;;x
HRT_colonial_company;Lava Trading Company Territory;;;;;;;;;;;;;x
HRT_democracy;Lava Republic;;;;;;;;;;;;;x
HRT_democracy2;Lava Parliamentary Republic;;;;;;;;;;;;;x
HRT_dominion;Lava Dominion;;;;;;;;;;;;;x
HRT_dominion2;Lava Autonomous Federation;;;;;;;;;;;;;x
HRT_dominion3;Lava Protected Emirate;;;;;;;;;;;;;x
HRT_hms_government;Lava Constitutional Emirate;;;;;;;;;;;;;x
HRT_hms_government2;Lava Parliamentary Cabinet;;;;;;;;;;;;;x
HRT_prussian_constitutionalism;Lava Jirga;;;;;;;;;;;;;x
HRT_prussian_constitutionalism2;Lava Council of Nobles;;;;;;;;;;;;;x
HRT_theocracy;Lava Imamate;;;;;;;;;;;;;x
HRT_trade_unions_congress;Lava Workers' Council;;;;;;;;;;;;;x
HTY_absolute_monarchy;Croissant Sultanate;;;;;;;;;;;;;x
HTY_absolute_monarchy2;Croissant Hereditary Sultanate;;;;;;;;;;;;;x
HTY_colonial_company;Croissant Trading Company Territory;;;;;;;;;;;;;x
HTY_democracy;Croissant Republic;;;;;;;;;;;;;x
HTY_democracy2;Croissant Parliamentary Republic;;;;;;;;;;;;;x
HTY_dominion;Croissant Dominion;;;;;;;;;;;;;x
HTY_dominion2;Croissant Autonomous Federation;;;;;;;;;;;;;x
HTY_dominion3;Croissant Protected Emirate;;;;;;;;;;;;;x
HTY_hms_government;Croissant Constitutional Sultanate;;;;;;;;;;;;;x
HTY_hms_government2;Croissant Parliamentary Cabinet;;;;;;;;;;;;;x
HTY_prussian_constitutionalism;Croissant Diwan;;;;;;;;;;;;;x
HTY_prussian_constitutionalism2;Croissant Council of Nobles;;;;;;;;;;;;;x
HTY_theocracy;Croissant Imamate;;;;;;;;;;;;;x
HTY_trade_unions_congress;Croissant General Workers' Confederation;;;;;;;;;;;;;x
HUI_absolute_monarchy;Keqing Imperial Dynasty;;;;;;;;;;;;;x
HUI_absolute_monarchy2;Keqing Imperial Court;;;;;;;;;;;;;x
HUI_colonial_company;Keqing Concession;;;;;;;;;;;;;x
HUI_democracy;Keqing Republic;;;;;;;;;;;;;x
HUI_democracy2;Keqing Federal Republic;;;;;;;;;;;;;x
HUI_dominion;Keqing Autonomous Province;;;;;;;;;;;;;x
HUI_dominion2;Keqing Federal Government;;;;;;;;;;;;;x
HUI_dominion3;Keqing Tributary Territory;;;;;;;;;;;;;x
HUI_hms_government;Keqing Responsible Cabinet;;;;;;;;;;;;;x
HUI_hms_government2;Keqing Parliamentary Cabinet;;;;;;;;;;;;;x
HUI_prussian_constitutionalism;Keqing Advisory Council;;;;;;;;;;;;;x
HUI_prussian_constitutionalism2;Keqing State Advisory Council;;;;;;;;;;;;;x
HUI_theocracy;Keqing Confucian Imperial State;;;;;;;;;;;;;x
HUI_trade_unions_congress;Keqing General Labor Union;;;;;;;;;;;;;x
HUN_absolute_monarchy;Haruna Kingdom;;;;;;;;;;;;;x
HUN_absolute_monarchy2;Haruna Hereditary Kingdom;;;;;;;;;;;;;x
HUN_colonial_company;Haruna Chartered Company Territory;;;;;;;;;;;;;x
HUN_democracy;Haruna Republic;;;;;;;;;;;;;x
HUN_democracy2;Haruna Parliamentary Republic;;;;;;;;;;;;;x
HUN_dominion;Haruna Dominion;;;;;;;;;;;;;x
HUN_dominion2;Haruna Autonomous Federation;;;;;;;;;;;;;x
HUN_dominion3;Haruna Crown Dependency;;;;;;;;;;;;;x
HUN_hms_government;Haruna Constitutional Kingdom;;;;;;;;;;;;;x
HUN_hms_government2;Haruna Parliamentary Cabinet;;;;;;;;;;;;;x
HUN_prussian_constitutionalism;Haruna Royal Parliament;;;;;;;;;;;;;x
HUN_prussian_constitutionalism2;Haruna Royal Advisory Council;;;;;;;;;;;;;x
HUN_theocracy;Haruna Bishopric;;;;;;;;;;;;;x
HUN_trade_unions_congress;Haruna Workers' Council;;;;;;;;;;;;;x
HYD_absolute_monarchy;Robin Nizamate;;;;;;;;;;;;;x
HYD_absolute_monarchy2;Robin Hereditary Nizamate;;;;;;;;;;;;;x
HYD_colonial_company;Robin East India Company Territory;;;;;;;;;;;;;x
HYD_democracy;Robin Republic;;;;;;;;;;;;;x
HYD_democracy2;Robin Parliamentary Republic;;;;;;;;;;;;;x
HYD_dominion;Robin Princely State;;;;;;;;;;;;;x
HYD_dominion2;Robin Union of Princely States;;;;;;;;;;;;;x
HYD_dominion3;Robin Crown Territory;;;;;;;;;;;;;x
HYD_hms_government;Robin Constitutional Nizamate;;;;;;;;;;;;;x
HYD_hms_government2;Robin Parliamentary Cabinet;;;;;;;;;;;;;x
HYD_prussian_constitutionalism;Robin Durbar;;;;;;;;;;;;;x
HYD_prussian_constitutionalism2;Robin Council of Princes;;;;;;;;;;;;;x
HYD_theocracy;Robin Imamate;;;;;;;;;;;;;x
HYD_trade_unions_congress;Robin General Confederation of Trade Unions;;;;;;;;;;;;;x
IBR_absolute_monarchy2;Kinako Sakurakoji Hereditary Empire;;;;;;;;;;;;;x
IBR_colonial_company;Kinako Sakurakoji Chartered Company Territory;;;;;;;;;;;;;x
IBR_democracy2;Kinako Sakurakoji Parliamentary Republic;;;;;;;;;;;;;x
IBR_dominion;Kinako Sakurakoji Dominion;;;;;;;;;;;;;x
IBR_dominion2;Kinako Sakurakoji Autonomous Federation;;;;;;;;;;;;;x
IBR_dominion3;Kinako Sakurakoji Crown Dependency;;;;;;;;;;;;;x
IBR_hms_government2;Kinako Sakurakoji Parliamentary Cabinet;;;;;;;;;;;;;x
IBR_prussian_constitutionalism2;Kinako Sakurakoji Royal Advisory Council;;;;;;;;;;;;;x
IBR_theocracy;Kinako Sakurakoji Bishopric;;;;;;;;;;;;;x
IBR_trade_unions_congress;Kinako Sakurakoji Trade Union Federation;;;;;;;;;;;;;x
ICL_absolute_monarchy;Pramanix Kingdom;;;;;;;;;;;;;x
ICL_absolute_monarchy2;Pramanix Hereditary Kingdom;;;;;;;;;;;;;x
ICL_colonial_company;Pramanix Chartered Company Territory;;;;;;;;;;;;;x
ICL_democracy;Pramanix Free State;;;;;;;;;;;;;x
ICL_democracy2;Pramanix Parliamentary Republic;;;;;;;;;;;;;x
ICL_dominion;Pramanix Dominion;;;;;;;;;;;;;x
ICL_dominion2;Pramanix Autonomous Federation;;;;;;;;;;;;;x
ICL_dominion3;Pramanix Crown Dependency;;;;;;;;;;;;;x
ICL_hms_government;Pramanix Constitutional Kingdom;;;;;;;;;;;;;x
ICL_hms_government2;Pramanix Parliamentary Cabinet;;;;;;;;;;;;;x
ICL_prussian_constitutionalism;Pramanix Althing;;;;;;;;;;;;;x
ICL_prussian_constitutionalism2;Pramanix Royal Advisory Council;;;;;;;;;;;;;x
ICL_theocracy;Pramanix Ecclesiastical Union;;;;;;;;;;;;;x
ICL_trade_unions_congress;Pramanix Trade Union Confederation;;;;;;;;;;;;;x
IDO_absolute_monarchy2;Sayu Imperial Court;;;;;;;;;;;;;x
IDO_colonial_company;Sayu Trading Territory;;;;;;;;;;;;;x
IDO_democracy2;Sayu Parliamentary Republic;;;;;;;;;;;;;x
IDO_dominion;Sayu Autonomous State;;;;;;;;;;;;;x
IDO_dominion2;Sayu Autonomous Federation;;;;;;;;;;;;;x
IDO_dominion3;Sayu Military Circuit;;;;;;;;;;;;;x
IDO_hms_government2;Sayu Parliamentary Cabinet;;;;;;;;;;;;;x
IDO_prussian_constitutionalism2;Sayu Senate;;;;;;;;;;;;;x
IDO_theocracy;Sayu Sangha State;;;;;;;;;;;;;x
IDO_trade_unions_congress;Sayu General Labor Federation;;;;;;;;;;;;;x
IMG_absolute_monarchy;Shenhe Khanate;;;;;;;;;;;;;x
IMG_absolute_monarchy2;Shenhe Hereditary Khanate;;;;;;;;;;;;;x
IMG_democracy;Shenhe Republic;;;;;;;;;;;;;x
IMG_democracy2;Shenhe Parliamentary Republic;;;;;;;;;;;;;x
IMG_dominion;Shenhe Autonomous Banner;;;;;;;;;;;;;x
IMG_dominion2;Shenhe League of Banners;;;;;;;;;;;;;x
IMG_dominion3;Shenhe Princely Territory;;;;;;;;;;;;;x
IMG_hms_government;Shenhe Constitutional Khanate;;;;;;;;;;;;;x
IMG_hms_government2;Shenhe Parliamentary Cabinet;;;;;;;;;;;;;x
IMG_prussian_constitutionalism;Shenhe Kurultai;;;;;;;;;;;;;x
IMG_prussian_constitutionalism2;Shenhe Council of Princes;;;;;;;;;;;;;x
IMG_theocracy;Shenhe Priestly State;;;;;;;;;;;;;x
IMG_trade_unions_congress;Shenhe Workers' Congress;;;;;;;;;;;;;x
IND_absolute_monarchy;Nightingale Raj;;;;;;;;;;;;;x
IND_absolute_monarchy2;Nightingale Hereditary Raj;;;;;;;;;;;;;x
IND_colonial_company;Nightingale East India Company Territory;;;;;;;;;;;;;x
IND_democracy;Nightingale Republic;;;;;;;;;;;;;x
IND_democracy2;Nightingale Parliamentary Republic;;;;;;;;;;;;;x
IND_dominion;Nightingale Princely State;;;;;;;;;;;;;x
IND_dominion2;Nightingale Union of Princely States;;;;;;;;;;;;;x
IND_dominion3;Nightingale Crown Territory;;;;;;;;;;;;;x
IND_hms_government;Nightingale Constitutional Raj;;;;;;;;;;;;;x
IND_hms_government2;Nightingale Parliamentary Cabinet;;;;;;;;;;;;;x
IND_prussian_constitutionalism;Nightingale Durbar;;;;;;;;;;;;;x
IND_prussian_constitutionalism2;Nightingale Council of Princes;;;;;;;;;;;;;x
IND_theocracy;Nightingale Union of Temples;;;;;;;;;;;;;x
IND_trade_unions_congress;Nightingale General Confederation of Trade Unions;;;;;;;;;;;;;x
INO_absolute_monarchy;An Shan Sultanate;;;;;;;;;;;;;x
INO_absolute_monarchy2;An Shan Hereditary Sultanate;;;;;;;;;;;;;x
INO_democracy;An Shan Republic;;;;;;;;;;;;;x
INO_democracy2;An Shan Parliamentary Republic;;;;;;;;;;;;;x
INO_dominion;An Shan Dominion;;;;;;;;;;;;;x
INO_dominion2;An Shan Autonomous Federation;;;;;;;;;;;;;x
INO_dominion3;An Shan Protected Emirate;;;;;;;;;;;;;x
INO_hms_government;An Shan Constitutional Sultanate;;;;;;;;;;;;;x
INO_hms_government2;An Shan Parliamentary Cabinet;;;;;;;;;;;;;x
INO_prussian_constitutionalism;An Shan Sultan's Council;;;;;;;;;;;;;x
INO_prussian_constitutionalism2;An Shan Council of Nobles;;;;;;;;;;;;;x
INO_theocracy;An Shan Imamate;;;;;;;;;;;;;x
INO_trade_unions_congress;An Shan Trade Union Confederation;;;;;;;;;;;;;x
ION_absolute_monarchy;Mostima Kingdom;;;;;;;;;;;;;x
ION_absolute_monarchy2;Mostima Hereditary Kingdom;;;;;;;;;;;;;x
ION_colonial_company;Mostima Chartered Company Territory;;;;;;;;;;;;;x
ION_democracy2;Mostima Parliamentary Republic;;;;;;;;;;;;;x
ION_dominion;Mostima Dominion;;;;;;;;;;;;;x
ION_dominion2;Mostima Autonomous Federation;;;;;;;;;;;;;x
ION_dominion3;Mostima Crown Dependency;;;;;;;;;;;;;x
ION_hms_government;Mostima Constitutional Kingdom;;;;;;;;;;;;;x
ION_hms_government2;Mostima Parliamentary Cabinet;;;;;;;;;;;;;x
ION_prussian_constitutionalism;Mostima Royal Council;;;;;;;;;;;;;x
ION_prussian_constitutionalism2;Mostima Royal Advisory Council;;;;;;;;;;;;;x
ION_theocracy;Mostima Patriarchate;;;;;;;;;;;;;x
ION_trade_unions_congress;Mostima Trade Union Confederation;;;;;;;;;;;;;x
IOT_absolute_monarchy2;Closure Hereditary Kingdom;;;;;;;;;;;;;x
IOT_democracy;Closure Republic;;;;;;;;;;;;;x
IOT_democracy2;Closure Parliamentary Republic;;;;;;;;;;;;;x
IOT_dominion2;Closure Autonomous Federation;;;;;;;;;;;;;x
IOT_dominion3;Closure Crown Dependency;;;;;;;;;;;;;x
IOT_hms_government2;Closure Parliamentary Cabinet;;;;;;;;;;;;;x
IOT_prussian_constitutionalism2;Closure Royal Advisory Council;;;;;;;;;;;;;x
IOT_theocracy;Closure Ecclesiastical Union;;;;;;;;;;;;;x
IOT_trade_unions_congress;Closure Trade Union Congress;;;;;;;;;;;;;x
IRE_absolute_monarchy;Kazusa Kingdom;;;;;;;;;;;;;x
IRE_absolute_monarchy2;Kazusa Hereditary Kingdom;;;;;;;;;;;;;x
IRE_democracy;Kazusa Republic;;;;;;;;;;;;;x
IRE_democracy2;Kazusa Parliamentary Republic;;;;;;;;;;;;;x
IRE_dominion2;Kazusa Autonomous Federation;;;;;;;;;;;;;x
IRE_dominion3;Kazusa Crown Dependency;;;;;;;;;;;;;x
IRE_hms_government;Kazusa Constitutional Kingdom;;;;;;;;;;;;;x
IRE_hms_government2;Kazusa Parliamentary Cabinet;;;;;;;;;;;;;x
IRE_prussian_constitutionalism;Kazusa Privy Council;;;;;;;;;;;;;x
IRE_prussian_constitutionalism2;Kazusa Royal Advisory Council;;;;;;;;;;;;;x
IRE_theocracy;Kazusa Bishopric;;;;;;;;;;;;;x
IRE_trade_unions_congress;Kazusa Trade Union Congress;;;;;;;;;;;;;x
IRQ_absolute_monarchy2;Shaw Hereditary Emirate;;;;;;;;;;;;;x
IRQ_colonial_company;Shaw Trading Company Territory;;;;;;;;;;;;;x
IRQ_democracy;Shaw Republic;;;;;;;;;;;;;x
IRQ_democracy2;Shaw Parliamentary Republic;;;;;;;;;;;;;x
IRQ_dominion;Shaw Dominion;;;;;;;;;;;;;x
IRQ_dominion2;Shaw Autonomous Federation;;;;;;;;;;;;;x
IRQ_dominion3;Shaw Protected Emirate;;;;;;;;;;;;;x
IRQ_hms_government2;Shaw Parliamentary Cabinet;;;;;;;;;;;;;x
IRQ_prussian_constitutionalism2;Shaw Council of Nobles;;;;;;;;;;;;;x
IRQ_theocracy;Shaw Imamate;;;;;;;;;;;;;x
IRQ_trade_unions_congress;Shaw General Confederation of Trade Unions;;;;;;;;;;;;;x
ISR_absolute_monarchy;Kingdom of David;;;;;;;;;;;;;x
ISR_absolute_monarchy2;David Hereditary Kingdom;;;;;;;;;;;;;x
ISR_colonial_company;David Chartered Company Territory;;;;;;;;;;;;;x
ISR_democracy;David Republic;;;;;;;;;;;;;x
ISR_democracy2;David Parliamentary Republic;;;;;;;;;;;;;x
ISR_dominion;David Dominion;;;;;;;;;;;;;x
ISR_dominion2;David Autonomous Federation;;;;;;;;;;;;;x
ISR_dominion3;David Crown Dependency;;;;;;;;;;;;;x
ISR_hms_government;David Constitutional Kingdom;;;;;;;;;;;;;x
ISR_hms_government2;David Parliamentary Cabinet;;;;;;;;;;;;;x
ISR_prussian_constitutionalism;Davidic Royal Council;;;;;;;;;;;;;x
ISR_prussian_constitutionalism2;David Royal Advisory Council;;;;;;;;;;;;;x
ISR_theocracy;Davidic Rabbinical Council State;;;;;;;;;;;;;x
ISR_trade_unions_congress;David Trade Union Confederation;;;;;;;;;;;;;x
IVC_absolute_monarchy;Ivory Coast Kingdom;;;;;;;;;;;;;x
IVC_absolute_monarchy2;Ivory Coast Hereditary Kingdom;;;;;;;;;;;;;x
IVC_democracy;Ivory Coast Republic;;;;;;;;;;;;;x
IVC_democracy2;Ivory Coast Parliamentary Republic;;;;;;;;;;;;;x
IVC_dominion2;Ivory Coast Union of Autonomous States;;;;;;;;;;;;;x
IVC_dominion3;Ivory Coast Royal Protectorate;;;;;;;;;;;;;x
IVC_hms_government;Ivory Coast Constitutional Kingdom;;;;;;;;;;;;;x
IVC_hms_government2;Ivory Coast Parliamentary Cabinet;;;;;;;;;;;;;x
IVC_prussian_constitutionalism;Ivory Coast Royal Council of Elders;;;;;;;;;;;;;x
IVC_prussian_constitutionalism2;Ivory Coast Council of Elder Chiefs;;;;;;;;;;;;;x
IVC_theocracy;Ivory Coast Ecclesiastical Union;;;;;;;;;;;;;x
IVC_trade_unions_congress;Ivory Coast Trade Union Confederation;;;;;;;;;;;;;x
IZH_absolute_monarchy;Avrora Kingdom;;;;;;;;;;;;;x
IZH_absolute_monarchy2;Avrora Hereditary Kingdom;;;;;;;;;;;;;x
IZH_colonial_company;Avrora Chartered Company Territory;;;;;;;;;;;;;x
IZH_democracy;Avrora Republic;;;;;;;;;;;;;x
IZH_democracy2;Avrora Parliamentary Republic;;;;;;;;;;;;;x
IZH_dominion;Avrora Dominion;;;;;;;;;;;;;x
IZH_dominion2;Avrora Autonomous Federation;;;;;;;;;;;;;x
IZH_dominion3;Avrora Crown Dependency;;;;;;;;;;;;;x
IZH_hms_government;Avrora Constitutional Kingdom;;;;;;;;;;;;;x
IZH_hms_government2;Avrora Parliamentary Cabinet;;;;;;;;;;;;;x
IZH_prussian_constitutionalism;Avrora King's Council;;;;;;;;;;;;;x
IZH_prussian_constitutionalism2;Avrora Royal Advisory Council;;;;;;;;;;;;;x
IZH_theocracy;Avrora Patriarchate;;;;;;;;;;;;;x
IZH_trade_unions_congress;Avrora Trade Union Confederation;;;;;;;;;;;;;x
JAI_absolute_monarchy;Glaucus Raj;;;;;;;;;;;;;x
JAI_absolute_monarchy2;Glaucus Hereditary Raj;;;;;;;;;;;;;x
JAI_colonial_company;Glaucus East India Company Territory;;;;;;;;;;;;;x
JAI_democracy;Glaucus Republic;;;;;;;;;;;;;x
JAI_democracy2;Glaucus Parliamentary Republic;;;;;;;;;;;;;x
JAI_dominion;Glaucus Princely State;;;;;;;;;;;;;x
JAI_dominion2;Glaucus Union of Princely States;;;;;;;;;;;;;x
JAI_dominion3;Glaucus Crown Territory;;;;;;;;;;;;;x
JAI_hms_government;Glaucus Constitutional Raj;;;;;;;;;;;;;x
JAI_hms_government2;Glaucus Parliamentary Cabinet;;;;;;;;;;;;;x
JAI_prussian_constitutionalism;Glaucus Durbar;;;;;;;;;;;;;x
JAI_prussian_constitutionalism2;Glaucus Council of Princes;;;;;;;;;;;;;x
JAI_theocracy;Glaucus Union of Temples;;;;;;;;;;;;;x
JAI_trade_unions_congress;Glaucus General Confederation of Trade Unions;;;;;;;;;;;;;x
JAL_absolute_monarchy;Futa Jallon Imamate;;;;;;;;;;;;;x
JAL_absolute_monarchy2;Futa Jallon Hereditary Imamate;;;;;;;;;;;;;x
JAL_colonial_company;Futa Jallon Trading Company Territory;;;;;;;;;;;;;x
JAL_democracy;Futa Jallon Republic;;;;;;;;;;;;;x
JAL_democracy2;Futa Jallon Parliamentary Republic;;;;;;;;;;;;;x
JAL_dominion;Futa Jallon Dominion;;;;;;;;;;;;;x
JAL_dominion2;Futa Jallon Autonomous Federation;;;;;;;;;;;;;x
JAL_dominion3;Futa Jallon Protected Emirate;;;;;;;;;;;;;x
JAL_hms_government;Futa Jallon Constitutional Imamate;;;;;;;;;;;;;x
JAL_hms_government2;Futa Jallon Parliamentary Cabinet;;;;;;;;;;;;;x
JAL_prussian_constitutionalism;Futa Jallon Diwan;;;;;;;;;;;;;x
JAL_prussian_constitutionalism2;Futa Jallon Council of Nobles;;;;;;;;;;;;;x
JAL_theocracy;Futa Jallon Imamate;;;;;;;;;;;;;x
JAL_trade_unions_congress;Futa Jallon General Confederation of Trade Unions;;;;;;;;;;;;;x
JAM_absolute_monarchy;Jaguarman Kingdom;;;;;;;;;;;;;x
JAM_absolute_monarchy2;Jaguarman Hereditary Kingdom;;;;;;;;;;;;;x
JAM_democracy;Jaguarman Republic;;;;;;;;;;;;;x
JAM_democracy2;Jaguarman Parliamentary Republic;;;;;;;;;;;;;x
JAM_dominion2;Jaguarman Autonomous Federation;;;;;;;;;;;;;x
JAM_dominion3;Jaguarman Crown Dependency;;;;;;;;;;;;;x
JAM_hms_government2;Jaguarman Parliamentary Cabinet;;;;;;;;;;;;;x
JAM_prussian_constitutionalism;Jaguarman Royal Council;;;;;;;;;;;;;x
JAM_prussian_constitutionalism2;Jaguarman Royal Advisory Council;;;;;;;;;;;;;x
JAM_theocracy;Jaguarman Ecclesiastical Union;;;;;;;;;;;;;x
JAM_trade_unions_congress;Jaguarman General Workers' Confederation;;;;;;;;;;;;;x
JAN_absolute_monarchy;Cliffheart Monarchy;;;;;;;;;;;;;x
JAN_absolute_monarchy2;Cliffheart Dynasty;;;;;;;;;;;;;x
JAN_colonial_company;Cliffheart Chartered Company Territory;;;;;;;;;;;;;x
JAN_democracy;Cliffheart Autonomous Republic;;;;;;;;;;;;;x
JAN_democracy2;Cliffheart Parliamentary Republic;;;;;;;;;;;;;x
JAN_dominion;Cliffheart Dominion;;;;;;;;;;;;;x
JAN_dominion2;Cliffheart Autonomous Federation;;;;;;;;;;;;;x
JAN_dominion3;Cliffheart Crown Dependency;;;;;;;;;;;;;x
JAN_hms_government;Cliffheart Constitutional Monarchy;;;;;;;;;;;;;x
JAN_hms_government2;Cliffheart Parliamentary Cabinet;;;;;;;;;;;;;x
JAN_prussian_constitutionalism;Cliffheart Monarchical Council;;;;;;;;;;;;;x
JAN_prussian_constitutionalism2;Cliffheart Royal Advisory Council;;;;;;;;;;;;;x
JAN_theocracy;Cliffheart Priestly State;;;;;;;;;;;;;x
JAN_trade_unions_congress;Cliffheart Trade Union Confederation;;;;;;;;;;;;;x
JAS_absolute_monarchy;Hibiscus Raj;;;;;;;;;;;;;x
JAS_absolute_monarchy2;Hibiscus Hereditary Raj;;;;;;;;;;;;;x
JAS_colonial_company;Hibiscus East India Company Territory;;;;;;;;;;;;;x
JAS_democracy;Hibiscus Republic;;;;;;;;;;;;;x
JAS_democracy2;Hibiscus Parliamentary Republic;;;;;;;;;;;;;x
JAS_dominion;Hibiscus Princely State;;;;;;;;;;;;;x
JAS_dominion2;Hibiscus Union of Princely States;;;;;;;;;;;;;x
JAS_dominion3;Hibiscus Crown Territory;;;;;;;;;;;;;x
JAS_hms_government;Hibiscus Constitutional Raj;;;;;;;;;;;;;x
JAS_hms_government2;Hibiscus Parliamentary Cabinet;;;;;;;;;;;;;x
JAS_prussian_constitutionalism;Hibiscus Durbar;;;;;;;;;;;;;x
JAS_prussian_constitutionalism2;Hibiscus Council of Princes;;;;;;;;;;;;;x
JAS_theocracy;Hibiscus Union of Temples;;;;;;;;;;;;;x
JAS_trade_unions_congress;Hibiscus General Confederation of Trade Unions;;;;;;;;;;;;;x
JAV_absolute_monarchy2;Tai Yuan Hereditary Sultanate;;;;;;;;;;;;;x
JAV_colonial_company;Tai Yuan Trading Company Territory;;;;;;;;;;;;;x
JAV_democracy;Tai Yuan Republic;;;;;;;;;;;;;x
JAV_democracy2;Tai Yuan Parliamentary Republic;;;;;;;;;;;;;x
JAV_dominion;Tai Yuan Dominion;;;;;;;;;;;;;x
JAV_dominion2;Tai Yuan Autonomous Federation;;;;;;;;;;;;;x
JAV_dominion3;Tai Yuan Protected Emirate;;;;;;;;;;;;;x
JAV_hms_government2;Tai Yuan Parliamentary Cabinet;;;;;;;;;;;;;x
JAV_prussian_constitutionalism2;Tai Yuan Council of Nobles;;;;;;;;;;;;;x
JAV_theocracy;Tai Yuan Imamate;;;;;;;;;;;;;x
JAV_trade_unions_congress;Tai Yuan Trade Union Confederation;;;;;;;;;;;;;x
JEY_absolute_monarchy;Perfumer Raj;;;;;;;;;;;;;x
JEY_absolute_monarchy2;Perfumer Hereditary Raj;;;;;;;;;;;;;x
JEY_colonial_company;Perfumer East India Company Territory;;;;;;;;;;;;;x
JEY_democracy;Perfumer Republic;;;;;;;;;;;;;x
JEY_democracy2;Perfumer Parliamentary Republic;;;;;;;;;;;;;x
JEY_dominion;Perfumer Princely State;;;;;;;;;;;;;x
JEY_dominion2;Perfumer Union of Princely States;;;;;;;;;;;;;x
JEY_dominion3;Perfumer Crown Territory;;;;;;;;;;;;;x
JEY_hms_government;Perfumer Constitutional Raj;;;;;;;;;;;;;x
JEY_hms_government2;Perfumer Parliamentary Cabinet;;;;;;;;;;;;;x
JEY_prussian_constitutionalism;Perfumer Durbar;;;;;;;;;;;;;x
JEY_prussian_constitutionalism2;Perfumer Council of Princes;;;;;;;;;;;;;x
JEY_theocracy;Perfumer Union of Temples;;;;;;;;;;;;;x
JEY_trade_unions_congress;Perfumer General Confederation of Trade Unions;;;;;;;;;;;;;x
JLS_absolute_monarchy;Hare Kingdom;;;;;;;;;;;;;x
JLS_absolute_monarchy2;Hare Hereditary Kingdom;;;;;;;;;;;;;x
JLS_colonial_company;Hare Chartered Company Territory;;;;;;;;;;;;;x
JLS_democracy;Hare Republic;;;;;;;;;;;;;x
JLS_democracy2;Hare Parliamentary Republic;;;;;;;;;;;;;x
JLS_dominion;Hare Dominion;;;;;;;;;;;;;x
JLS_dominion2;Hare Autonomous Federation;;;;;;;;;;;;;x
JLS_dominion3;Hare Crown Dependency;;;;;;;;;;;;;x
JLS_hms_government;Hare Constitutional Kingdom;;;;;;;;;;;;;x
JLS_hms_government2;Hare Parliamentary Cabinet;;;;;;;;;;;;;x
JLS_prussian_constitutionalism;Hare Royal Council;;;;;;;;;;;;;x
JLS_prussian_constitutionalism2;Hare Royal Advisory Council;;;;;;;;;;;;;x
JLS_theocracy;Hare Bishopric;;;;;;;;;;;;;x
JLS_trade_unions_congress;Hare General Workers' Confederation;;;;;;;;;;;;;x
JOD_absolute_monarchy;Beanstalk Raj;;;;;;;;;;;;;x
JOD_absolute_monarchy2;Beanstalk Hereditary Raj;;;;;;;;;;;;;x
JOD_colonial_company;Beanstalk East India Company Territory;;;;;;;;;;;;;x
JOD_democracy;Beanstalk Republic;;;;;;;;;;;;;x
JOD_democracy2;Beanstalk Parliamentary Republic;;;;;;;;;;;;;x
JOD_dominion;Beanstalk Princely State;;;;;;;;;;;;;x
JOD_dominion2;Beanstalk Union of Princely States;;;;;;;;;;;;;x
JOD_dominion3;Beanstalk Crown Territory;;;;;;;;;;;;;x
JOD_hms_government;Beanstalk Constitutional Raj;;;;;;;;;;;;;x
JOD_hms_government2;Beanstalk Parliamentary Cabinet;;;;;;;;;;;;;x
JOD_prussian_constitutionalism;Beanstalk Durbar;;;;;;;;;;;;;x
JOD_prussian_constitutionalism2;Beanstalk Council of Princes;;;;;;;;;;;;;x
JOD_theocracy;Beanstalk Union of Temples;;;;;;;;;;;;;x
JOD_trade_unions_congress;Beanstalk General Confederation of Trade Unions;;;;;;;;;;;;;x
JOH_absolute_monarchy;Shu Sultanate;;;;;;;;;;;;;x
JOH_absolute_monarchy2;Shu Hereditary Sultanate;;;;;;;;;;;;;x
JOH_colonial_company;Shu Trading Company Territory;;;;;;;;;;;;;x
JOH_democracy;Shu Republic;;;;;;;;;;;;;x
JOH_democracy2;Shu Parliamentary Republic;;;;;;;;;;;;;x
JOH_dominion;Shu Dominion;;;;;;;;;;;;;x
JOH_dominion2;Shu Autonomous Federation;;;;;;;;;;;;;x
JOH_dominion3;Shu Protected Emirate;;;;;;;;;;;;;x
JOH_hms_government;Shu Constitutional Sultanate;;;;;;;;;;;;;x
JOH_hms_government2;Shu Parliamentary Cabinet;;;;;;;;;;;;;x
JOH_prussian_constitutionalism;Shu Sultan's Council;;;;;;;;;;;;;x
JOH_prussian_constitutionalism2;Shu Council of Nobles;;;;;;;;;;;;;x
JOH_theocracy;Shu Imamate;;;;;;;;;;;;;x
JOH_trade_unions_congress;Shu Trade Union Confederation;;;;;;;;;;;;;x
JOR_absolute_monarchy;Podenco Emirate;;;;;;;;;;;;;x
JOR_absolute_monarchy2;Podenco Hereditary Emirate;;;;;;;;;;;;;x
JOR_colonial_company;Podenco Trading Company Territory;;;;;;;;;;;;;x
JOR_democracy;Podenco Republic;;;;;;;;;;;;;x
JOR_democracy2;Podenco Parliamentary Republic;;;;;;;;;;;;;x
JOR_dominion;Podenco Dominion;;;;;;;;;;;;;x
JOR_dominion2;Podenco Autonomous Federation;;;;;;;;;;;;;x
JOR_dominion3;Podenco Protected Emirate;;;;;;;;;;;;;x
JOR_hms_government;Podenco Constitutional Emirate;;;;;;;;;;;;;x
JOR_hms_government2;Podenco Parliamentary Cabinet;;;;;;;;;;;;;x
JOR_prussian_constitutionalism;Podenco Shura Council;;;;;;;;;;;;;x
JOR_prussian_constitutionalism2;Podenco Council of Nobles;;;;;;;;;;;;;x
JOR_theocracy;Podenco Imamate;;;;;;;;;;;;;x
JOR_trade_unions_congress;Podenco General Confederation of Trade Unions;;;;;;;;;;;;;x
JUN_absolute_monarchy;Popukar Nawabate;;;;;;;;;;;;;x
JUN_absolute_monarchy2;Popukar Hereditary Nawabate;;;;;;;;;;;;;x
JUN_colonial_company;Popukar East India Company Territory;;;;;;;;;;;;;x
JUN_democracy;Popukar Republic;;;;;;;;;;;;;x
JUN_democracy2;Popukar Parliamentary Republic;;;;;;;;;;;;;x
JUN_dominion;Popukar Princely State;;;;;;;;;;;;;x
JUN_dominion2;Popukar Union of Princely States;;;;;;;;;;;;;x
JUN_dominion3;Popukar Crown Territory;;;;;;;;;;;;;x
JUN_hms_government;Popukar Constitutional Nawabate;;;;;;;;;;;;;x
JUN_hms_government2;Popukar Parliamentary Cabinet;;;;;;;;;;;;;x
JUN_prussian_constitutionalism;Popukar Durbar;;;;;;;;;;;;;x
JUN_prussian_constitutionalism2;Popukar Council of Princes;;;;;;;;;;;;;x
JUN_theocracy;Popukar Imamate;;;;;;;;;;;;;x
JUN_trade_unions_congress;Popukar General Confederation of Trade Unions;;;;;;;;;;;;;x
KAF_absolute_monarchy;Kaffa Kingdom;;;;;;;;;;;;;x
KAF_absolute_monarchy2;Kaffa Hereditary Kingdom;;;;;;;;;;;;;x
KAF_colonial_company;Kaffa Chartered Company Territory;;;;;;;;;;;;;x
KAF_democracy;Kaffa Republic;;;;;;;;;;;;;x
KAF_democracy2;Kaffa Parliamentary Republic;;;;;;;;;;;;;x
KAF_dominion;Kaffa Protectorate;;;;;;;;;;;;;x
KAF_dominion2;Kaffa Union of Autonomous States;;;;;;;;;;;;;x
KAF_dominion3;Kaffa Royal Protectorate;;;;;;;;;;;;;x
KAF_hms_government;Kaffa Constitutional Kingdom;;;;;;;;;;;;;x
KAF_hms_government2;Kaffa Parliamentary Cabinet;;;;;;;;;;;;;x
KAF_prussian_constitutionalism;Kaffa Royal Council of Nobles;;;;;;;;;;;;;x
KAF_prussian_constitutionalism2;Kaffa Royal Representative Assembly;;;;;;;;;;;;;x
KAF_theocracy;Kaffa Priestly State;;;;;;;;;;;;;x
KAF_trade_unions_congress;Kaffa Trade Union Confederation;;;;;;;;;;;;;x
KAG_absolute_monarchy2;Michiru Shogunate;;;;;;;;;;;;;x
KAG_colonial_company;Michiru Trading Post Territory;;;;;;;;;;;;;x
KAG_democracy;Michiru Republic;;;;;;;;;;;;;x
KAG_democracy2;Michiru Parliamentary Republic;;;;;;;;;;;;;x
KAG_dominion;Michiru Autonomous Domain;;;;;;;;;;;;;x
KAG_dominion2;Michiru Union of Domains;;;;;;;;;;;;;x
KAG_dominion3;Michiru Shogunal Territory;;;;;;;;;;;;;x
KAG_hms_government2;Michiru Parliamentary Cabinet;;;;;;;;;;;;;x
KAG_prussian_constitutionalism2;Michiru Council of Domain Lords;;;;;;;;;;;;;x
KAG_theocracy;Michiru Sangha State;;;;;;;;;;;;;x
KAG_trade_unions_congress;Michiru General Council of Trade Unions;;;;;;;;;;;;;x
KAL_absolute_monarchy;Ines Emirate;;;;;;;;;;;;;x
KAL_absolute_monarchy2;Ines Hereditary Emirate;;;;;;;;;;;;;x
KAL_colonial_company;Ines Trading Company Territory;;;;;;;;;;;;;x
KAL_democracy;Ines Republic;;;;;;;;;;;;;x
KAL_democracy2;Ines Parliamentary Republic;;;;;;;;;;;;;x
KAL_dominion;Ines Dominion;;;;;;;;;;;;;x
KAL_dominion2;Ines Autonomous Federation;;;;;;;;;;;;;x
KAL_dominion3;Ines Protected Emirate;;;;;;;;;;;;;x
KAL_hms_government;Ines Constitutional Emirate;;;;;;;;;;;;;x
KAL_hms_government2;Ines Parliamentary Cabinet;;;;;;;;;;;;;x
KAL_prussian_constitutionalism;Ines Jirga;;;;;;;;;;;;;x
KAL_prussian_constitutionalism2;Ines Council of Nobles;;;;;;;;;;;;;x
KAL_theocracy;Ines Imamate;;;;;;;;;;;;;x
KAL_trade_unions_congress;Ines Workers' Council;;;;;;;;;;;;;x
KAM_absolute_monarchy;Nodoka Tsardom;;;;;;;;;;;;;x
KAM_absolute_monarchy2;Nodoka Empire;;;;;;;;;;;;;x
KAM_colonial_company;Nodoka Chartered Company Territory;;;;;;;;;;;;;x
KAM_democracy;Nodoka Republic;;;;;;;;;;;;;x
KAM_democracy2;Nodoka Parliamentary Republic;;;;;;;;;;;;;x
KAM_dominion;Nodoka Autonomous Province;;;;;;;;;;;;;x
KAM_dominion2;Nodoka Autonomous Republic;;;;;;;;;;;;;x
KAM_dominion3;Nodoka Governorate;;;;;;;;;;;;;x
KAM_hms_government;Nodoka Constitutional Tsardom;;;;;;;;;;;;;x
KAM_hms_government2;Nodoka Parliamentary Cabinet;;;;;;;;;;;;;x
KAM_prussian_constitutionalism;Nodoka Duma;;;;;;;;;;;;;x
KAM_prussian_constitutionalism2;Nodoka State Council;;;;;;;;;;;;;x
KAM_theocracy;Nodoka Patriarchate;;;;;;;;;;;;;x
KAM_trade_unions_congress;Nodoka Workers' Soviet;;;;;;;;;;;;;x
KAR_absolute_monarchy;Chiori Kingdom;;;;;;;;;;;;;x
KAR_absolute_monarchy2;Chiori Hereditary Kingdom;;;;;;;;;;;;;x
KAR_colonial_company;Chiori Chartered Company Territory;;;;;;;;;;;;;x
KAR_democracy;Chiori Republic;;;;;;;;;;;;;x
KAR_democracy2;Chiori Parliamentary Republic;;;;;;;;;;;;;x
KAR_dominion;Chiori Dominion;;;;;;;;;;;;;x
KAR_dominion2;Chiori Autonomous Federation;;;;;;;;;;;;;x
KAR_dominion3;Chiori Crown Dependency;;;;;;;;;;;;;x
KAR_hms_government;Chiori Constitutional Kingdom;;;;;;;;;;;;;x
KAR_hms_government2;Chiori Parliamentary Cabinet;;;;;;;;;;;;;x
KAR_prussian_constitutionalism;Chiori Royal Council;;;;;;;;;;;;;x
KAR_prussian_constitutionalism2;Chiori Royal Advisory Council;;;;;;;;;;;;;x
KAR_theocracy;Chiori Sangha State;;;;;;;;;;;;;x
KAR_trade_unions_congress;Chiori Trade Union Confederation;;;;;;;;;;;;;x
KAS_absolute_monarchy;Vermeil Raj;;;;;;;;;;;;;x
KAS_absolute_monarchy2;Vermeil Hereditary Raj;;;;;;;;;;;;;x
KAS_colonial_company;Vermeil East India Company Territory;;;;;;;;;;;;;x
KAS_democracy;Vermeil Republic;;;;;;;;;;;;;x
KAS_democracy2;Vermeil Parliamentary Republic;;;;;;;;;;;;;x
KAS_dominion;Vermeil Princely State;;;;;;;;;;;;;x
KAS_dominion2;Vermeil Union of Princely States;;;;;;;;;;;;;x
KAS_dominion3;Vermeil Crown Territory;;;;;;;;;;;;;x
KAS_hms_government;Vermeil Constitutional Raj;;;;;;;;;;;;;x
KAS_hms_government2;Vermeil Parliamentary Cabinet;;;;;;;;;;;;;x
KAS_prussian_constitutionalism;Vermeil Durbar;;;;;;;;;;;;;x
KAS_prussian_constitutionalism2;Vermeil Council of Princes;;;;;;;;;;;;;x
KAS_theocracy;Vermeil Union of Temples;;;;;;;;;;;;;x
KAS_trade_unions_congress;Vermeil General Confederation of Trade Unions;;;;;;;;;;;;;x
KAZ_absolute_monarchy2;Liskarm Hereditary Khanate;;;;;;;;;;;;;x
KAZ_colonial_company;Liskarm Trading Company Territory;;;;;;;;;;;;;x
KAZ_democracy;Liskarm Republic;;;;;;;;;;;;;x
KAZ_democracy2;Liskarm Parliamentary Republic;;;;;;;;;;;;;x
KAZ_dominion;Liskarm Dominion;;;;;;;;;;;;;x
KAZ_dominion2;Liskarm Autonomous Federation;;;;;;;;;;;;;x
KAZ_dominion3;Liskarm Protected Emirate;;;;;;;;;;;;;x
KAZ_hms_government;Liskarm Constitutional Khanate;;;;;;;;;;;;;x
KAZ_hms_government2;Liskarm Parliamentary Cabinet;;;;;;;;;;;;;x
KAZ_prussian_constitutionalism;Liskarm Khanate Council;;;;;;;;;;;;;x
KAZ_prussian_constitutionalism2;Liskarm Council of Nobles;;;;;;;;;;;;;x
KAZ_theocracy;Liskarm Imamate;;;;;;;;;;;;;x
KAZ_trade_unions_congress;Liskarm Workers' Council;;;;;;;;;;;;;x
KBO_absolute_monarchy2;Kanem-Bornu Hereditary Sultanate;;;;;;;;;;;;;x
KBO_colonial_company;Kanem-Bornu Trading Company Territory;;;;;;;;;;;;;x
KBO_democracy;Kanem-Bornu Republic;;;;;;;;;;;;;x
KBO_democracy2;Kanem-Bornu Parliamentary Republic;;;;;;;;;;;;;x
KBO_dominion;Kanem-Bornu Dominion;;;;;;;;;;;;;x
KBO_dominion2;Kanem-Bornu Autonomous Federation;;;;;;;;;;;;;x
KBO_dominion3;Kanem-Bornu Protected Emirate;;;;;;;;;;;;;x
KBO_hms_government2;Kanem-Bornu Parliamentary Cabinet;;;;;;;;;;;;;x
KBO_prussian_constitutionalism2;Kanem-Bornu Council of Nobles;;;;;;;;;;;;;x
KBO_theocracy;Kanem-Bornu Imamate;;;;;;;;;;;;;x
KBO_trade_unions_congress;Kanem-Bornu General Confederation of Trade Unions;;;;;;;;;;;;;x
KCH_absolute_monarchy;Kirara Kingdom;;;;;;;;;;;;;x
KCH_absolute_monarchy2;Kirara Hereditary Kingdom;;;;;;;;;;;;;x
KCH_colonial_company;Kirara Chartered Company Territory;;;;;;;;;;;;;x
KCH_democracy;Kirara Republic;;;;;;;;;;;;;x
KCH_democracy2;Kirara Parliamentary Republic;;;;;;;;;;;;;x
KCH_dominion;Kirara Dominion;;;;;;;;;;;;;x
KCH_dominion2;Kirara Autonomous Federation;;;;;;;;;;;;;x
KCH_dominion3;Kirara Crown Dependency;;;;;;;;;;;;;x
KCH_hms_government;Kirara Constitutional Kingdom;;;;;;;;;;;;;x
KCH_hms_government2;Kirara Parliamentary Cabinet;;;;;;;;;;;;;x
KCH_prussian_constitutionalism;Kirara Royal Council;;;;;;;;;;;;;x
KCH_prussian_constitutionalism2;Kirara Royal Advisory Council;;;;;;;;;;;;;x
KCH_theocracy;Kirara Priestly State;;;;;;;;;;;;;x
KCH_trade_unions_congress;Kirara Trade Union Confederation;;;;;;;;;;;;;x
KDS_absolute_monarchy;Plume Emirate;;;;;;;;;;;;;x
KDS_absolute_monarchy2;Plume Hereditary Emirate;;;;;;;;;;;;;x
KDS_colonial_company;Plume Trading Company Territory;;;;;;;;;;;;;x
KDS_democracy;Plume Republic;;;;;;;;;;;;;x
KDS_democracy2;Plume Parliamentary Republic;;;;;;;;;;;;;x
KDS_dominion;Plume Dominion;;;;;;;;;;;;;x
KDS_dominion2;Plume Autonomous Federation;;;;;;;;;;;;;x
KDS_dominion3;Plume Protected Emirate;;;;;;;;;;;;;x
KDS_hms_government;Plume Constitutional Emirate;;;;;;;;;;;;;x
KDS_hms_government2;Plume Parliamentary Cabinet;;;;;;;;;;;;;x
KDS_prussian_constitutionalism;Plume Jirga;;;;;;;;;;;;;x
KDS_prussian_constitutionalism2;Plume Council of Nobles;;;;;;;;;;;;;x
KDS_theocracy;Plume Imamate;;;;;;;;;;;;;x
KDS_trade_unions_congress;Plume Workers' Council;;;;;;;;;;;;;x
KGW_absolute_monarchy;Karagwe Kingdom;;;;;;;;;;;;;x
KGW_absolute_monarchy2;Karagwe Hereditary Kingdom;;;;;;;;;;;;;x
KGW_colonial_company;Karagwe Chartered Company Territory;;;;;;;;;;;;;x
KGW_democracy;Karagwe Republic;;;;;;;;;;;;;x
KGW_democracy2;Karagwe Parliamentary Republic;;;;;;;;;;;;;x
KGW_dominion;Karagwe Protectorate;;;;;;;;;;;;;x
KGW_dominion2;Karagwe Union of Autonomous States;;;;;;;;;;;;;x
KGW_dominion3;Karagwe Royal Protectorate;;;;;;;;;;;;;x
KGW_hms_government;Karagwe Constitutional Kingdom;;;;;;;;;;;;;x
KGW_hms_government2;Karagwe Parliamentary Cabinet;;;;;;;;;;;;;x
KGW_prussian_constitutionalism;Karagwe Royal Council of Elders;;;;;;;;;;;;;x
KGW_prussian_constitutionalism2;Karagwe Council of Elder Chiefs;;;;;;;;;;;;;x
KGW_theocracy;Karagwe Priestly State;;;;;;;;;;;;;x
KGW_trade_unions_congress;Karagwe Trade Union Confederation;;;;;;;;;;;;;x
KHA_absolute_monarchy;Harmonie Grand Chiefdom;;;;;;;;;;;;;x
KHA_absolute_monarchy2;Harmonie Dynasty;;;;;;;;;;;;;x
KHA_colonial_company;Harmonie Chartered Company Territory;;;;;;;;;;;;;x
KHA_democracy;Harmonie Tribal Republic;;;;;;;;;;;;;x
KHA_democracy2;Harmonie Parliamentary Republic;;;;;;;;;;;;;x
KHA_dominion;Harmonie Protectorate;;;;;;;;;;;;;x
KHA_dominion2;Harmonie Union of Autonomous States;;;;;;;;;;;;;x
KHA_dominion3;Harmonie Royal Protectorate;;;;;;;;;;;;;x
KHA_hms_government;Harmonie Constitutional Chiefdom;;;;;;;;;;;;;x
KHA_hms_government2;Harmonie Parliamentary Cabinet;;;;;;;;;;;;;x
KHA_prussian_constitutionalism;Harmonie Council of Tribal Elders;;;;;;;;;;;;;x
KHA_prussian_constitutionalism2;Harmonie Council of Elder Chiefs;;;;;;;;;;;;;x
KHA_theocracy;Harmonie Priestly State;;;;;;;;;;;;;x
KHA_trade_unions_congress;Harmonie Producers' Federation;;;;;;;;;;;;;x
KHI_absolute_monarchy2;Gavial Hereditary Khanate;;;;;;;;;;;;;x
KHI_colonial_company;Gavial Trading Company Territory;;;;;;;;;;;;;x
KHI_democracy2;Gavial Parliamentary Republic;;;;;;;;;;;;;x
KHI_dominion;Gavial Dominion;;;;;;;;;;;;;x
KHI_dominion2;Gavial Autonomous Federation;;;;;;;;;;;;;x
KHI_dominion3;Gavial Protected Emirate;;;;;;;;;;;;;x
KHI_hms_government;Gavial Constitutional Khanate;;;;;;;;;;;;;x
KHI_hms_government2;Gavial Parliamentary Cabinet;;;;;;;;;;;;;x
KHI_prussian_constitutionalism;Gavial Khanate Council;;;;;;;;;;;;;x
KHI_prussian_constitutionalism2;Gavial Council of Nobles;;;;;;;;;;;;;x
KHI_theocracy;Gavial Imamate;;;;;;;;;;;;;x
KHI_trade_unions_congress;Gavial Workers' Council;;;;;;;;;;;;;x
KHP_absolute_monarchy;Provence Nawabate;;;;;;;;;;;;;x
KHP_absolute_monarchy2;Provence Hereditary Nawabate;;;;;;;;;;;;;x
KHP_colonial_company;Provence East India Company Territory;;;;;;;;;;;;;x
KHP_democracy;Provence Republic;;;;;;;;;;;;;x
KHP_democracy2;Provence Parliamentary Republic;;;;;;;;;;;;;x
KHP_dominion;Provence Princely State;;;;;;;;;;;;;x
KHP_dominion2;Provence Union of Princely States;;;;;;;;;;;;;x
KHP_dominion3;Provence Crown Territory;;;;;;;;;;;;;x
KHP_hms_government;Provence Constitutional Nawabate;;;;;;;;;;;;;x
KHP_hms_government2;Provence Parliamentary Cabinet;;;;;;;;;;;;;x
KHP_prussian_constitutionalism;Provence Durbar;;;;;;;;;;;;;x
KHP_prussian_constitutionalism2;Provence Council of Princes;;;;;;;;;;;;;x
KHP_theocracy;Provence Imamate;;;;;;;;;;;;;x
KHP_trade_unions_congress;Provence General Confederation of Trade Unions;;;;;;;;;;;;;x
KHR_absolute_monarchy2;Papyrus Hereditary Shahdom;;;;;;;;;;;;;x
KHR_colonial_company;Papyrus Trading Company Territory;;;;;;;;;;;;;x
KHR_democracy2;Papyrus Parliamentary Republic;;;;;;;;;;;;;x
KHR_dominion;Papyrus Dominion;;;;;;;;;;;;;x
KHR_dominion2;Papyrus Autonomous Federation;;;;;;;;;;;;;x
KHR_dominion3;Papyrus Protected Emirate;;;;;;;;;;;;;x
KHR_hms_government2;Papyrus Parliamentary Cabinet;;;;;;;;;;;;;x
KHR_prussian_constitutionalism2;Papyrus Council of Nobles;;;;;;;;;;;;;x
KHR_theocracy;Papyrus Imamate;;;;;;;;;;;;;x
KHR_trade_unions_congress;Papyrus Trade Union Confederation;;;;;;;;;;;;;x
KHZ_absolute_monarchy2;Cardigan Hereditary Emirate;;;;;;;;;;;;;x
KHZ_colonial_company;Cardigan Trading Company Territory;;;;;;;;;;;;;x
KHZ_democracy2;Cardigan Parliamentary Republic;;;;;;;;;;;;;x
KHZ_dominion;Cardigan Dominion;;;;;;;;;;;;;x
KHZ_dominion2;Cardigan Autonomous Federation;;;;;;;;;;;;;x
KHZ_dominion3;Cardigan Protected Emirate;;;;;;;;;;;;;x
KHZ_hms_government2;Cardigan Parliamentary Cabinet;;;;;;;;;;;;;x
KHZ_prussian_constitutionalism2;Cardigan Council of Nobles;;;;;;;;;;;;;x
KHZ_theocracy;Cardigan Imamate;;;;;;;;;;;;;x
KHZ_trade_unions_congress;Cardigan General Confederation of Trade Unions;;;;;;;;;;;;;x
KLM_absolute_monarchy2;Ch'en Hereditary Sultanate;;;;;;;;;;;;;x
KLM_colonial_company;Ch'en Trading Company Territory;;;;;;;;;;;;;x
KLM_democracy;Ch'en Republic;;;;;;;;;;;;;x
KLM_democracy2;Ch'en Parliamentary Republic;;;;;;;;;;;;;x
KLM_dominion;Ch'en Dominion;;;;;;;;;;;;;x
KLM_dominion2;Ch'en Autonomous Federation;;;;;;;;;;;;;x
KLM_dominion3;Ch'en Protected Emirate;;;;;;;;;;;;;x
KLM_hms_government2;Ch'en Parliamentary Cabinet;;;;;;;;;;;;;x
KLM_prussian_constitutionalism2;Ch'en Council of Nobles;;;;;;;;;;;;;x
KLM_theocracy;Ch'en Imamate;;;;;;;;;;;;;x
KLM_trade_unions_congress;Ch'en Trade Union Confederation;;;;;;;;;;;;;x
KMK_absolute_monarchy;Candace Khanate;;;;;;;;;;;;;x
KMK_absolute_monarchy2;Candace Hereditary Khanate;;;;;;;;;;;;;x
KMK_colonial_company;Candace Trading Territory;;;;;;;;;;;;;x
KMK_democracy;Candace Republic;;;;;;;;;;;;;x
KMK_democracy2;Candace Parliamentary Republic;;;;;;;;;;;;;x
KMK_dominion;Candace Autonomous Banner;;;;;;;;;;;;;x
KMK_dominion2;Candace League of Banners;;;;;;;;;;;;;x
KMK_dominion3;Candace Princely Territory;;;;;;;;;;;;;x
KMK_hms_government;Candace Constitutional Khanate;;;;;;;;;;;;;x
KMK_hms_government2;Candace Parliamentary Cabinet;;;;;;;;;;;;;x
KMK_prussian_constitutionalism;Candace Kurultai;;;;;;;;;;;;;x
KMK_prussian_constitutionalism2;Candace Council of Princes;;;;;;;;;;;;;x
KMK_theocracy;Candace Lamaist Government;;;;;;;;;;;;;x
KMK_trade_unions_congress;Candace Workers' Congress;;;;;;;;;;;;;x
KML_absolute_monarchy;Tomoe Khanate;;;;;;;;;;;;;x
KML_absolute_monarchy2;Tomoe Hereditary Khanate;;;;;;;;;;;;;x
KML_colonial_company;Tomoe Trading Company Territory;;;;;;;;;;;;;x
KML_democracy2;Tomoe Parliamentary Republic;;;;;;;;;;;;;x
KML_dominion;Tomoe Dominion;;;;;;;;;;;;;x
KML_dominion2;Tomoe Autonomous Federation;;;;;;;;;;;;;x
KML_dominion3;Tomoe Protected Emirate;;;;;;;;;;;;;x
KML_hms_government;Tomoe Constitutional Khanate;;;;;;;;;;;;;x
KML_hms_government2;Tomoe Parliamentary Cabinet;;;;;;;;;;;;;x
KML_prussian_constitutionalism;Tomoe Khanate Council;;;;;;;;;;;;;x
KML_prussian_constitutionalism2;Tomoe Council of Nobles;;;;;;;;;;;;;x
KML_theocracy;Tomoe Imamate;;;;;;;;;;;;;x
KML_trade_unions_congress;Tomoe Workers' Council;;;;;;;;;;;;;x
KMT_absolute_monarchy2;Qiqi Imperial Court;;;;;;;;;;;;;x
KMT_colonial_company;Qiqi Concession;;;;;;;;;;;;;x
KMT_democracy2;Qiqi Federal Republic;;;;;;;;;;;;;x
KMT_dominion;Qiqi Autonomous Province;;;;;;;;;;;;;x
KMT_dominion2;Qiqi Federal Government;;;;;;;;;;;;;x
KMT_dominion3;Qiqi Tributary Territory;;;;;;;;;;;;;x
KMT_hms_government;Qiqi Responsible Cabinet;;;;;;;;;;;;;x
KMT_hms_government2;Qiqi Parliamentary Cabinet;;;;;;;;;;;;;x
KMT_prussian_constitutionalism;Qiqi Advisory Council;;;;;;;;;;;;;x
KMT_prussian_constitutionalism2;Qiqi State Advisory Council;;;;;;;;;;;;;x
KMT_theocracy;Qiqi Confucian Imperial State;;;;;;;;;;;;;x
KMT_trade_unions_congress;Qiqi General Labor Union;;;;;;;;;;;;;x
KNG_absolute_monarchy;Kong;;;;;;;;;;;;;x
KNG_absolute_monarchy2;Kong Hereditary Empire;;;;;;;;;;;;;x
KNG_colonial_company;Kong Trading Company Territory;;;;;;;;;;;;;x
KNG_democracy;Kong Republic;;;;;;;;;;;;;x
KNG_democracy2;Kong Parliamentary Republic;;;;;;;;;;;;;x
KNG_dominion;Kong Dominion;;;;;;;;;;;;;x
KNG_dominion2;Kong Autonomous Federation;;;;;;;;;;;;;x
KNG_dominion3;Kong Protected Emirate;;;;;;;;;;;;;x
KNG_hms_government;Kong Constitutional Empire;;;;;;;;;;;;;x
KNG_hms_government2;Kong Parliamentary Cabinet;;;;;;;;;;;;;x
KNG_prussian_constitutionalism;Kong Diwan;;;;;;;;;;;;;x
KNG_prussian_constitutionalism2;Kong Council of Nobles;;;;;;;;;;;;;x
KNG_theocracy;Kong Imamate;;;;;;;;;;;;;x
KNG_trade_unions_congress;Kong General Confederation of Trade Unions;;;;;;;;;;;;;x
KNP_absolute_monarchy;Noelle Duchy;;;;;;;;;;;;;x
KNP_absolute_monarchy2;Noelle Hereditary Duchy;;;;;;;;;;;;;x
KNP_colonial_company;Noelle Chartered Company Territory;;;;;;;;;;;;;x
KNP_democracy;Noelle Free State;;;;;;;;;;;;;x
KNP_democracy2;Noelle City Republic;;;;;;;;;;;;;x
KNP_dominion;Noelle Dominion;;;;;;;;;;;;;x
KNP_dominion2;Noelle Autonomous Federation;;;;;;;;;;;;;x
KNP_dominion3;Noelle Crown Territory;;;;;;;;;;;;;x
KNP_hms_government;Noelle Constitutional Duchy;;;;;;;;;;;;;x
KNP_hms_government2;Noelle Territorial Cabinet;;;;;;;;;;;;;x
KNP_prussian_constitutionalism;Noelle Territorial Diet;;;;;;;;;;;;;x
KNP_prussian_constitutionalism2;Noelle Council of Princes;;;;;;;;;;;;;x
KNP_theocracy;Noelle Ecclesiastical Union;;;;;;;;;;;;;x
KNP_trade_unions_congress;Noelle Workers' Council;;;;;;;;;;;;;x
KNY_absolute_monarchy;Kenya Kingdom;;;;;;;;;;;;;x
KNY_absolute_monarchy2;Kenya Hereditary Kingdom;;;;;;;;;;;;;x
KNY_democracy;Kenya Republic;;;;;;;;;;;;;x
KNY_democracy2;Kenya Parliamentary Republic;;;;;;;;;;;;;x
KNY_dominion2;Kenya Union of Autonomous States;;;;;;;;;;;;;x
KNY_dominion3;Kenya Royal Protectorate;;;;;;;;;;;;;x
KNY_hms_government;Kenya Constitutional Kingdom;;;;;;;;;;;;;x
KNY_hms_government2;Kenya Parliamentary Cabinet;;;;;;;;;;;;;x
KNY_prussian_constitutionalism;Kenya Royal Council of Elders;;;;;;;;;;;;;x
KNY_prussian_constitutionalism2;Kenya Council of Elder Chiefs;;;;;;;;;;;;;x
KNY_theocracy;Kenya Ecclesiastical Union;;;;;;;;;;;;;x
KNY_trade_unions_congress;Kenya Trade Union Confederation;;;;;;;;;;;;;x
KOH_absolute_monarchy;Beeswax Emirate;;;;;;;;;;;;;x
KOH_absolute_monarchy2;Beeswax Hereditary Emirate;;;;;;;;;;;;;x
KOH_colonial_company;Beeswax Trading Company Territory;;;;;;;;;;;;;x
KOH_democracy;Beeswax Republic;;;;;;;;;;;;;x
KOH_democracy2;Beeswax Parliamentary Republic;;;;;;;;;;;;;x
KOH_dominion;Beeswax Dominion;;;;;;;;;;;;;x
KOH_dominion2;Beeswax Autonomous Federation;;;;;;;;;;;;;x
KOH_dominion3;Beeswax Protected Emirate;;;;;;;;;;;;;x
KOH_hms_government;Beeswax Constitutional Emirate;;;;;;;;;;;;;x
KOH_hms_government2;Beeswax Parliamentary Cabinet;;;;;;;;;;;;;x
KOH_prussian_constitutionalism;Beeswax Jirga;;;;;;;;;;;;;x
KOH_prussian_constitutionalism2;Beeswax Council of Nobles;;;;;;;;;;;;;x
KOH_theocracy;Beeswax Sangha State;;;;;;;;;;;;;x
KOH_trade_unions_congress;Beeswax Workers' Council;;;;;;;;;;;;;x
KOK_absolute_monarchy2;Eunectes Hereditary Khanate;;;;;;;;;;;;;x
KOK_colonial_company;Eunectes Trading Company Territory;;;;;;;;;;;;;x
KOK_democracy2;Eunectes Parliamentary Republic;;;;;;;;;;;;;x
KOK_dominion;Eunectes Dominion;;;;;;;;;;;;;x
KOK_dominion2;Eunectes Autonomous Federation;;;;;;;;;;;;;x
KOK_dominion3;Eunectes Protected Emirate;;;;;;;;;;;;;x
KOK_hms_government;Eunectes Constitutional Khanate;;;;;;;;;;;;;x
KOK_hms_government2;Eunectes Parliamentary Cabinet;;;;;;;;;;;;;x
KOK_prussian_constitutionalism;Eunectes Khanate Council;;;;;;;;;;;;;x
KOK_prussian_constitutionalism2;Eunectes Council of Nobles;;;;;;;;;;;;;x
KOK_theocracy;Eunectes Imamate;;;;;;;;;;;;;x
KOK_trade_unions_congress;Eunectes Workers' Council;;;;;;;;;;;;;x
KON_absolute_monarchy;Kongo;;;;;;;;;;;;;x
KON_absolute_monarchy2;Mbanza Kongo Hereditary Kingdom;;;;;;;;;;;;;x
KON_colonial_company;Mbanza Kongo Chartered Company Territory;;;;;;;;;;;;;x
KON_democracy;Mbanza Kongo Republic;;;;;;;;;;;;;x
KON_democracy2;Mbanza Kongo Parliamentary Republic;;;;;;;;;;;;;x
KON_dominion;Mbanza Kongo Protectorate;;;;;;;;;;;;;x
KON_dominion2;Mbanza Kongo Union of Autonomous States;;;;;;;;;;;;;x
KON_dominion3;Mbanza Kongo Royal Protectorate;;;;;;;;;;;;;x
KON_hms_government;Mbanza Kongo Constitutional Kingdom;;;;;;;;;;;;;x
KON_hms_government2;Mbanza Kongo Parliamentary Cabinet;;;;;;;;;;;;;x
KON_prussian_constitutionalism;Mbanza Kongo Royal Council of Elders;;;;;;;;;;;;;x
KON_prussian_constitutionalism2;Mbanza Kongo Council of Elder Chiefs;;;;;;;;;;;;;x
KON_theocracy;Mbanza Kongo Bishopric;;;;;;;;;;;;;x
KON_trade_unions_congress;Mbanza Kongo Trade Union Confederation;;;;;;;;;;;;;x
KOR_absolute_monarchy2;Mathemagicians' Imperial Academy;;;;;;;;;;;;;x
KOR_democracy2;Mathemagicians' Autonomous Learning Assembly;;;;;;;;;;;;;x
KOR_dominion2;Mathemagicians' Academy Union;;;;;;;;;;;;;x
KOR_dominion3;Mathemagicians' Royal Education Territory;;;;;;;;;;;;;x
KOR_hms_government;Mathemagicians' Constitutional Academy;;;;;;;;;;;;;x
KOR_hms_government2;Mathemagicians' Responsible Education Cabinet;;;;;;;;;;;;;x
KOR_prussian_constitutionalism;Mathemagicians' Central Academic Council;;;;;;;;;;;;;x
KOR_prussian_constitutionalism2;Mathemagicians' Education Council of State;;;;;;;;;;;;;x
KOR_theocracy;Mathemagicians' Temple of Algebra;;;;;;;;;;;;;x
KOR_trade_unions_congress;Mathemagicians' Teachers' Federation;;;;;;;;;;;;;x
KPB_colonial_company;Liella Saya Chartered Company Territory;;;;;;;;;;;;;x
KPB_democracy2;Liella Saya Parliamentary Republic;;;;;;;;;;;;;x
KPB_dominion;Liella Saya Dominion;;;;;;;;;;;;;x
KPB_dominion2;Liella Saya Autonomous Federation;;;;;;;;;;;;;x
KPB_dominion3;Liella Saya Crown Dependency;;;;;;;;;;;;;x
KPB_theocracy;Liella Saya Bishopric;;;;;;;;;;;;;x
KPB_trade_unions_congress;Liella Saya Trade Union Federation;;;;;;;;;;;;;x
KRA_absolute_monarchy;Zuikaku Kingdom;;;;;;;;;;;;;x
KRA_absolute_monarchy2;Zuikaku Hereditary Kingdom;;;;;;;;;;;;;x
KRA_colonial_company;Zuikaku Chartered Company Territory;;;;;;;;;;;;;x
KRA_democracy;Zuikaku Republic;;;;;;;;;;;;;x
KRA_democracy2;Zuikaku Parliamentary Republic;;;;;;;;;;;;;x
KRA_dominion;Zuikaku Dominion;;;;;;;;;;;;;x
KRA_dominion2;Zuikaku Autonomous Federation;;;;;;;;;;;;;x
KRA_dominion3;Zuikaku Crown Dependency;;;;;;;;;;;;;x
KRA_hms_government;Zuikaku Constitutional Kingdom;;;;;;;;;;;;;x
KRA_hms_government2;Zuikaku Parliamentary Cabinet;;;;;;;;;;;;;x
KRA_prussian_constitutionalism;Zuikaku Sejm;;;;;;;;;;;;;x
KRA_prussian_constitutionalism2;Zuikaku Royal Advisory Council;;;;;;;;;;;;;x
KRA_theocracy;Zuikaku Bishopric;;;;;;;;;;;;;x
KRA_trade_unions_congress;Zuikaku Workers' Council;;;;;;;;;;;;;x
KRL_absolute_monarchy;Zima Kingdom;;;;;;;;;;;;;x
KRL_absolute_monarchy2;Zima Hereditary Kingdom;;;;;;;;;;;;;x
KRL_colonial_company;Zima Chartered Company Territory;;;;;;;;;;;;;x
KRL_democracy;Zima Republic;;;;;;;;;;;;;x
KRL_democracy2;Zima Parliamentary Republic;;;;;;;;;;;;;x
KRL_dominion;Zima Dominion;;;;;;;;;;;;;x
KRL_dominion2;Zima Autonomous Federation;;;;;;;;;;;;;x
KRL_dominion3;Zima Crown Dependency;;;;;;;;;;;;;x
KRL_hms_government;Zima Constitutional Kingdom;;;;;;;;;;;;;x
KRL_hms_government2;Zima Parliamentary Cabinet;;;;;;;;;;;;;x
KRL_prussian_constitutionalism;Zima King's Council;;;;;;;;;;;;;x
KRL_prussian_constitutionalism2;Zima Royal Advisory Council;;;;;;;;;;;;;x
KRL_theocracy;Zima Patriarchate;;;;;;;;;;;;;x
KRL_trade_unions_congress;Zima Trade Union Confederation;;;;;;;;;;;;;x
KRN_absolute_monarchy;Melantha Nawabate;;;;;;;;;;;;;x
KRN_absolute_monarchy2;Melantha Hereditary Nawabate;;;;;;;;;;;;;x
KRN_colonial_company;Melantha East India Company Territory;;;;;;;;;;;;;x
KRN_democracy2;Melantha Parliamentary Republic;;;;;;;;;;;;;x
KRN_dominion;Melantha Princely State;;;;;;;;;;;;;x
KRN_dominion2;Melantha Union of Princely States;;;;;;;;;;;;;x
KRN_dominion3;Melantha Crown Territory;;;;;;;;;;;;;x
KRN_hms_government;Melantha Constitutional Nawabate;;;;;;;;;;;;;x
KRN_hms_government2;Melantha Parliamentary Cabinet;;;;;;;;;;;;;x
KRN_prussian_constitutionalism;Melantha Durbar;;;;;;;;;;;;;x
KRN_prussian_constitutionalism2;Melantha Council of Princes;;;;;;;;;;;;;x
KRN_theocracy;Melantha Imamate;;;;;;;;;;;;;x
KRN_trade_unions_congress;Melantha General Confederation of Trade Unions;;;;;;;;;;;;;x
KRO_absolute_monarchy2;Long Island Hereditary Duchy;;;;;;;;;;;;;x
KRO_democracy2;Long Island City Republic;;;;;;;;;;;;;x
KRO_dominion2;Long Island Autonomous Federation;;;;;;;;;;;;;x
KRO_dominion3;Long Island Crown Territory;;;;;;;;;;;;;x
KRO_hms_government2;Long Island Territorial Cabinet;;;;;;;;;;;;;x
KRO_prussian_constitutionalism2;Long Island Council of Princes;;;;;;;;;;;;;x
KRO_theocracy;Long Island Ecclesiastical Union;;;;;;;;;;;;;x
KRO_trade_unions_congress;Long Island Workers' Council;;;;;;;;;;;;;x
KTH_absolute_monarchy;Mousse Emirate;;;;;;;;;;;;;x
KTH_absolute_monarchy2;Mousse Hereditary Emirate;;;;;;;;;;;;;x
KTH_colonial_company;Mousse Trading Company Territory;;;;;;;;;;;;;x
KTH_democracy;Mousse Republic;;;;;;;;;;;;;x
KTH_democracy2;Mousse Parliamentary Republic;;;;;;;;;;;;;x
KTH_dominion;Mousse Dominion;;;;;;;;;;;;;x
KTH_dominion2;Mousse Autonomous Federation;;;;;;;;;;;;;x
KTH_dominion3;Mousse Protected Emirate;;;;;;;;;;;;;x
KTH_hms_government;Mousse Constitutional Emirate;;;;;;;;;;;;;x
KTH_hms_government2;Mousse Parliamentary Cabinet;;;;;;;;;;;;;x
KTH_prussian_constitutionalism;Mousse Shura Council;;;;;;;;;;;;;x
KTH_prussian_constitutionalism2;Mousse Council of Nobles;;;;;;;;;;;;;x
KTH_theocracy;Mousse Imamate;;;;;;;;;;;;;x
KTH_trade_unions_congress;Mousse General Confederation of Trade Unions;;;;;;;;;;;;;x
KTI_absolute_monarchy;Dusk Sultanate;;;;;;;;;;;;;x
KTI_absolute_monarchy2;Dusk Hereditary Sultanate;;;;;;;;;;;;;x
KTI_colonial_company;Dusk Trading Company Territory;;;;;;;;;;;;;x
KTI_democracy;Dusk Republic;;;;;;;;;;;;;x
KTI_democracy2;Dusk Parliamentary Republic;;;;;;;;;;;;;x
KTI_dominion;Dusk Dominion;;;;;;;;;;;;;x
KTI_dominion2;Dusk Autonomous Federation;;;;;;;;;;;;;x
KTI_dominion3;Dusk Protected Emirate;;;;;;;;;;;;;x
KTI_hms_government;Dusk Constitutional Sultanate;;;;;;;;;;;;;x
KTI_hms_government2;Dusk Parliamentary Cabinet;;;;;;;;;;;;;x
KTI_prussian_constitutionalism;Dusk Sultan's Council;;;;;;;;;;;;;x
KTI_prussian_constitutionalism2;Dusk Council of Nobles;;;;;;;;;;;;;x
KTI_theocracy;Dusk Imamate;;;;;;;;;;;;;x
KTI_trade_unions_congress;Dusk Trade Union Confederation;;;;;;;;;;;;;x
KUB_absolute_monarchy;Kuba;;;;;;;;;;;;;x
KUB_absolute_monarchy2;Kuba Hereditary Kingdom;;;;;;;;;;;;;x
KUB_colonial_company;Kuba Chartered Company Territory;;;;;;;;;;;;;x
KUB_democracy;Kuba Republic;;;;;;;;;;;;;x
KUB_democracy2;Kuba Parliamentary Republic;;;;;;;;;;;;;x
KUB_dominion;Kuba Protectorate;;;;;;;;;;;;;x
KUB_dominion2;Kuba Union of Autonomous States;;;;;;;;;;;;;x
KUB_dominion3;Kuba Royal Protectorate;;;;;;;;;;;;;x
KUB_hms_government;Kuba Constitutional Kingdom;;;;;;;;;;;;;x
KUB_hms_government2;Kuba Parliamentary Cabinet;;;;;;;;;;;;;x
KUB_prussian_constitutionalism;Kuba Royal Council of Elders;;;;;;;;;;;;;x
KUB_prussian_constitutionalism2;Kuba Council of Elder Chiefs;;;;;;;;;;;;;x
KUB_theocracy;Kuba Priestly State;;;;;;;;;;;;;x
KUB_trade_unions_congress;Kuba Trade Union Confederation;;;;;;;;;;;;;x
KUN_absolute_monarchy;Entelechia Emirate;;;;;;;;;;;;;x
KUN_absolute_monarchy2;Entelechia Hereditary Emirate;;;;;;;;;;;;;x
KUN_colonial_company;Entelechia Trading Company Territory;;;;;;;;;;;;;x
KUN_democracy;Entelechia Republic;;;;;;;;;;;;;x
KUN_democracy2;Entelechia Parliamentary Republic;;;;;;;;;;;;;x
KUN_dominion;Entelechia Dominion;;;;;;;;;;;;;x
KUN_dominion2;Entelechia Autonomous Federation;;;;;;;;;;;;;x
KUN_dominion3;Entelechia Protected Emirate;;;;;;;;;;;;;x
KUN_hms_government;Entelechia Constitutional Emirate;;;;;;;;;;;;;x
KUN_hms_government2;Entelechia Parliamentary Cabinet;;;;;;;;;;;;;x
KUN_prussian_constitutionalism;Entelechia Jirga;;;;;;;;;;;;;x
KUN_prussian_constitutionalism2;Entelechia Council of Nobles;;;;;;;;;;;;;x
KUN_theocracy;Entelechia Imamate;;;;;;;;;;;;;x
KUN_trade_unions_congress;Entelechia Workers' Council;;;;;;;;;;;;;x
KUT_absolute_monarchy;Ceylon Nawabate;;;;;;;;;;;;;x
KUT_absolute_monarchy2;Ceylon Hereditary Nawabate;;;;;;;;;;;;;x
KUT_colonial_company;Ceylon East India Company Territory;;;;;;;;;;;;;x
KUT_democracy;Ceylon Republic;;;;;;;;;;;;;x
KUT_democracy2;Ceylon Parliamentary Republic;;;;;;;;;;;;;x
KUT_dominion;Ceylon Princely State;;;;;;;;;;;;;x
KUT_dominion2;Ceylon Union of Princely States;;;;;;;;;;;;;x
KUT_dominion3;Ceylon Crown Territory;;;;;;;;;;;;;x
KUT_hms_government;Ceylon Constitutional Nawabate;;;;;;;;;;;;;x
KUT_hms_government2;Ceylon Parliamentary Cabinet;;;;;;;;;;;;;x
KUT_prussian_constitutionalism;Ceylon Durbar;;;;;;;;;;;;;x
KUT_prussian_constitutionalism2;Ceylon Council of Princes;;;;;;;;;;;;;x
KUT_theocracy;Ceylon Imamate;;;;;;;;;;;;;x
KUT_trade_unions_congress;Ceylon General Confederation of Trade Unions;;;;;;;;;;;;;x
KWT_absolute_monarchy;Sideroca Emirate;;;;;;;;;;;;;x
KWT_absolute_monarchy2;Sideroca Hereditary Emirate;;;;;;;;;;;;;x
KWT_colonial_company;Sideroca Trading Company Territory;;;;;;;;;;;;;x
KWT_democracy;Sideroca Republic;;;;;;;;;;;;;x
KWT_democracy2;Sideroca Parliamentary Republic;;;;;;;;;;;;;x
KWT_dominion;Sideroca Dominion;;;;;;;;;;;;;x
KWT_dominion2;Sideroca Autonomous Federation;;;;;;;;;;;;;x
KWT_dominion3;Sideroca Protected Emirate;;;;;;;;;;;;;x
KWT_hms_government;Sideroca Constitutional Emirate;;;;;;;;;;;;;x
KWT_hms_government2;Sideroca Parliamentary Cabinet;;;;;;;;;;;;;x
KWT_prussian_constitutionalism;Sideroca Shura Council;;;;;;;;;;;;;x
KWT_prussian_constitutionalism2;Sideroca Council of Nobles;;;;;;;;;;;;;x
KWT_theocracy;Sideroca Imamate;;;;;;;;;;;;;x
KWT_trade_unions_congress;Sideroca General Confederation of Trade Unions;;;;;;;;;;;;;x
KYR_absolute_monarchy;Pepe Khanate;;;;;;;;;;;;;x
KYR_absolute_monarchy2;Pepe Hereditary Khanate;;;;;;;;;;;;;x
KYR_colonial_company;Pepe Trading Company Territory;;;;;;;;;;;;;x
KYR_democracy;Pepe Republic;;;;;;;;;;;;;x
KYR_democracy2;Pepe Parliamentary Republic;;;;;;;;;;;;;x
KYR_dominion;Pepe Dominion;;;;;;;;;;;;;x
KYR_dominion2;Pepe Autonomous Federation;;;;;;;;;;;;;x
KYR_dominion3;Pepe Protected Emirate;;;;;;;;;;;;;x
KYR_hms_government;Pepe Constitutional Khanate;;;;;;;;;;;;;x
KYR_hms_government2;Pepe Parliamentary Cabinet;;;;;;;;;;;;;x
KYR_prussian_constitutionalism;Pepe Khanate Council;;;;;;;;;;;;;x
KYR_prussian_constitutionalism2;Pepe Council of Nobles;;;;;;;;;;;;;x
KYR_theocracy;Pepe Imamate;;;;;;;;;;;;;x
KYR_trade_unions_congress;Pepe Workers' Council;;;;;;;;;;;;;x
KZB_absolute_monarchy;Kazembe Kingdom;;;;;;;;;;;;;x
KZB_absolute_monarchy2;Kazembe Hereditary Kingdom;;;;;;;;;;;;;x
KZB_colonial_company;Kazembe Chartered Company Territory;;;;;;;;;;;;;x
KZB_democracy;Kazembe Republic;;;;;;;;;;;;;x
KZB_democracy2;Kazembe Parliamentary Republic;;;;;;;;;;;;;x
KZB_dominion;Kazembe Protectorate;;;;;;;;;;;;;x
KZB_dominion2;Kazembe Union of Autonomous States;;;;;;;;;;;;;x
KZB_dominion3;Kazembe Royal Protectorate;;;;;;;;;;;;;x
KZB_hms_government;Kazembe Constitutional Kingdom;;;;;;;;;;;;;x
KZB_hms_government2;Kazembe Parliamentary Cabinet;;;;;;;;;;;;;x
KZB_prussian_constitutionalism;Kazembe Royal Council of Elders;;;;;;;;;;;;;x
KZB_prussian_constitutionalism2;Kazembe Council of Elder Chiefs;;;;;;;;;;;;;x
KZB_theocracy;Kazembe Priestly State;;;;;;;;;;;;;x
KZB_trade_unions_congress;Kazembe Trade Union Confederation;;;;;;;;;;;;;x
LAD_absolute_monarchy;Firewatch Kingdom;;;;;;;;;;;;;x
LAD_absolute_monarchy2;Firewatch Hereditary Kingdom;;;;;;;;;;;;;x
LAD_colonial_company;Firewatch Trading Territory;;;;;;;;;;;;;x
LAD_democracy;Firewatch Republic;;;;;;;;;;;;;x
LAD_democracy2;Firewatch Parliamentary Republic;;;;;;;;;;;;;x
LAD_dominion;Firewatch Autonomous State;;;;;;;;;;;;;x
LAD_dominion2;Firewatch Autonomous Federation;;;;;;;;;;;;;x
LAD_dominion3;Firewatch Royal Protectorate;;;;;;;;;;;;;x
LAD_hms_government;Firewatch Constitutional Kingdom;;;;;;;;;;;;;x
LAD_hms_government2;Firewatch Parliamentary Cabinet;;;;;;;;;;;;;x
LAD_prussian_constitutionalism;Firewatch Kashag;;;;;;;;;;;;;x
LAD_prussian_constitutionalism2;Firewatch Council of Nobles and Clergy;;;;;;;;;;;;;x
LAD_theocracy;Firewatch Lamaist Government;;;;;;;;;;;;;x
LAD_trade_unions_congress;Firewatch Workers' Council;;;;;;;;;;;;;x
LAN_absolute_monarchy;Nian Imperial Dynasty;;;;;;;;;;;;;x
LAN_absolute_monarchy2;Nian Imperial Court;;;;;;;;;;;;;x
LAN_colonial_company;Nian Concession;;;;;;;;;;;;;x
LAN_democracy;Nian Republic;;;;;;;;;;;;;x
LAN_democracy2;Nian Federal Republic;;;;;;;;;;;;;x
LAN_dominion;Nian Autonomous Province;;;;;;;;;;;;;x
LAN_dominion2;Nian Federal Government;;;;;;;;;;;;;x
LAN_dominion3;Nian Tributary Territory;;;;;;;;;;;;;x
LAN_hms_government;Nian Responsible Cabinet;;;;;;;;;;;;;x
LAN_hms_government2;Nian Parliamentary Cabinet;;;;;;;;;;;;;x
LAN_prussian_constitutionalism;Nian Advisory Council;;;;;;;;;;;;;x
LAN_prussian_constitutionalism2;Nian State Advisory Council;;;;;;;;;;;;;x
LAN_theocracy;Nian Sangha State;;;;;;;;;;;;;x
LAN_trade_unions_congress;Nian General Labor Union;;;;;;;;;;;;;x
LAS_absolute_monarchy;Kjera Emirate;;;;;;;;;;;;;x
LAS_absolute_monarchy2;Kjera Hereditary Emirate;;;;;;;;;;;;;x
LAS_colonial_company;Kjera Trading Company Territory;;;;;;;;;;;;;x
LAS_democracy;Kjera Republic;;;;;;;;;;;;;x
LAS_democracy2;Kjera Parliamentary Republic;;;;;;;;;;;;;x
LAS_dominion;Kjera Dominion;;;;;;;;;;;;;x
LAS_dominion2;Kjera Autonomous Federation;;;;;;;;;;;;;x
LAS_dominion3;Kjera Protected Emirate;;;;;;;;;;;;;x
LAS_hms_government;Kjera Constitutional Emirate;;;;;;;;;;;;;x
LAS_hms_government2;Kjera Parliamentary Cabinet;;;;;;;;;;;;;x
LAS_prussian_constitutionalism;Kjera Jirga;;;;;;;;;;;;;x
LAS_prussian_constitutionalism2;Kjera Council of Nobles;;;;;;;;;;;;;x
LAS_theocracy;Kjera Imamate;;;;;;;;;;;;;x
LAS_trade_unions_congress;Kjera Workers' Council;;;;;;;;;;;;;x
LAT_absolute_monarchy;Baltimore Kingdom;;;;;;;;;;;;;x
LAT_absolute_monarchy2;Baltimore Hereditary Kingdom;;;;;;;;;;;;;x
LAT_colonial_company;Baltimore Chartered Company Territory;;;;;;;;;;;;;x
LAT_democracy;Baltimore Republic;;;;;;;;;;;;;x
LAT_democracy2;Baltimore Parliamentary Republic;;;;;;;;;;;;;x
LAT_dominion;Baltimore Dominion;;;;;;;;;;;;;x
LAT_dominion2;Baltimore Autonomous Federation;;;;;;;;;;;;;x
LAT_dominion3;Baltimore Crown Dependency;;;;;;;;;;;;;x
LAT_hms_government;Baltimore Constitutional Kingdom;;;;;;;;;;;;;x
LAT_hms_government2;Baltimore Parliamentary Cabinet;;;;;;;;;;;;;x
LAT_prussian_constitutionalism;Baltimore Royal Council;;;;;;;;;;;;;x
LAT_prussian_constitutionalism2;Baltimore Royal Advisory Council;;;;;;;;;;;;;x
LAT_theocracy;Baltimore Ecclesiastical Union;;;;;;;;;;;;;x
LAT_trade_unions_congress;Baltimore Workers' Council;;;;;;;;;;;;;x
LAU_absolute_monarchy2;Sucrose Hereditary Duchy;;;;;;;;;;;;;x
LAU_democracy2;Sucrose City Republic;;;;;;;;;;;;;x
LAU_dominion2;Sucrose Autonomous Federation;;;;;;;;;;;;;x
LAU_dominion3;Sucrose Crown Territory;;;;;;;;;;;;;x
LAU_hms_government2;Sucrose Territorial Cabinet;;;;;;;;;;;;;x
LAU_prussian_constitutionalism2;Sucrose Council of Princes;;;;;;;;;;;;;x
LAU_theocracy;Sucrose Ecclesiastical Union;;;;;;;;;;;;;x
LAU_trade_unions_congress;Sucrose Workers' Council;;;;;;;;;;;;;x
LBA_absolute_monarchy;Luba Kingdom;;;;;;;;;;;;;x
LBA_absolute_monarchy2;Luba Hereditary Kingdom;;;;;;;;;;;;;x
LBA_colonial_company;Luba Chartered Company Territory;;;;;;;;;;;;;x
LBA_democracy;Luba Republic;;;;;;;;;;;;;x
LBA_democracy2;Luba Parliamentary Republic;;;;;;;;;;;;;x
LBA_dominion;Luba Protectorate;;;;;;;;;;;;;x
LBA_dominion2;Luba Union of Autonomous States;;;;;;;;;;;;;x
LBA_dominion3;Luba Royal Protectorate;;;;;;;;;;;;;x
LBA_hms_government;Luba Constitutional Kingdom;;;;;;;;;;;;;x
LBA_hms_government2;Luba Parliamentary Cabinet;;;;;;;;;;;;;x
LBA_prussian_constitutionalism;Luba Royal Council of Elders;;;;;;;;;;;;;x
LBA_prussian_constitutionalism2;Luba Council of Elder Chiefs;;;;;;;;;;;;;x
LBA_theocracy;Luba Priestly State;;;;;;;;;;;;;x
LBA_trade_unions_congress;Luba Trade Union Confederation;;;;;;;;;;;;;x
LBG_absolute_monarchy2;Fischl Hereditary Duchy;;;;;;;;;;;;;x
LBG_democracy2;Fischl City Republic;;;;;;;;;;;;;x
LBG_dominion2;Fischl Autonomous Federation;;;;;;;;;;;;;x
LBG_dominion3;Fischl Crown Territory;;;;;;;;;;;;;x
LBG_hms_government2;Fischl Territorial Cabinet;;;;;;;;;;;;;x
LBG_prussian_constitutionalism2;Fischl Council of Princes;;;;;;;;;;;;;x
LBG_theocracy;Fischl Ecclesiastical Union;;;;;;;;;;;;;x
LBG_trade_unions_congress;Fischl Workers' Council;;;;;;;;;;;;;x
LBN_absolute_monarchy;Fang Emirate;;;;;;;;;;;;;x
LBN_absolute_monarchy2;Fang Hereditary Emirate;;;;;;;;;;;;;x
LBN_colonial_company;Fang Trading Company Territory;;;;;;;;;;;;;x
LBN_democracy;Fang Republic;;;;;;;;;;;;;x
LBN_democracy2;Fang Parliamentary Republic;;;;;;;;;;;;;x
LBN_dominion;Fang Dominion;;;;;;;;;;;;;x
LBN_dominion2;Fang Autonomous Federation;;;;;;;;;;;;;x
LBN_dominion3;Fang Protected Emirate;;;;;;;;;;;;;x
LBN_hms_government;Fang Constitutional Emirate;;;;;;;;;;;;;x
LBN_hms_government2;Fang Parliamentary Cabinet;;;;;;;;;;;;;x
LBN_prussian_constitutionalism;Fang Shura Council;;;;;;;;;;;;;x
LBN_prussian_constitutionalism2;Fang Council of Nobles;;;;;;;;;;;;;x
LBN_theocracy;Fang Religious Council State;;;;;;;;;;;;;x
LBN_trade_unions_congress;Fang General Confederation of Trade Unions;;;;;;;;;;;;;x
LBY_absolute_monarchy;Ayane Emirate;;;;;;;;;;;;;x
LBY_absolute_monarchy2;Ayane Hereditary Emirate;;;;;;;;;;;;;x
LBY_democracy;Ayane Republic;;;;;;;;;;;;;x
LBY_democracy2;Ayane Parliamentary Republic;;;;;;;;;;;;;x
LBY_dominion;Ayane Dominion;;;;;;;;;;;;;x
LBY_dominion2;Ayane Autonomous Federation;;;;;;;;;;;;;x
LBY_dominion3;Ayane Protected Emirate;;;;;;;;;;;;;x
LBY_hms_government;Ayane Constitutional Emirate;;;;;;;;;;;;;x
LBY_hms_government2;Ayane Parliamentary Cabinet;;;;;;;;;;;;;x
LBY_prussian_constitutionalism;Ayane Shura Council;;;;;;;;;;;;;x
LBY_prussian_constitutionalism2;Ayane Council of Nobles;;;;;;;;;;;;;x
LBY_theocracy;Ayane Imamate;;;;;;;;;;;;;x
LBY_trade_unions_congress;Ayane General Confederation of Trade Unions;;;;;;;;;;;;;x
LEG_absolute_monarchy2;Paimon Dynasty;;;;;;;;;;;;;x
LEG_democracy2;Paimon Parliamentary Republic;;;;;;;;;;;;;x
LEG_dominion2;Paimon Autonomous Federation;;;;;;;;;;;;;x
LEG_dominion3;Paimon Crown Dependency;;;;;;;;;;;;;x
LEG_hms_government2;Paimon Parliamentary Cabinet;;;;;;;;;;;;;x
LEG_prussian_constitutionalism;Paimon Privy Council;;;;;;;;;;;;;x
LEG_prussian_constitutionalism2;Paimon Royal Advisory Council;;;;;;;;;;;;;x
LEG_theocracy;Paimon Confucian Imperial State;;;;;;;;;;;;;x
LEG_trade_unions_congress;Paimon Trade Union Congress;;;;;;;;;;;;;x
LHJ_absolute_monarchy;Pozyomka Emirate;;;;;;;;;;;;;x
LHJ_absolute_monarchy2;Pozyomka Hereditary Emirate;;;;;;;;;;;;;x
LHJ_colonial_company;Pozyomka Trading Company Territory;;;;;;;;;;;;;x
LHJ_democracy;Pozyomka Republic;;;;;;;;;;;;;x
LHJ_democracy2;Pozyomka Parliamentary Republic;;;;;;;;;;;;;x
LHJ_dominion;Pozyomka Dominion;;;;;;;;;;;;;x
LHJ_dominion2;Pozyomka Autonomous Federation;;;;;;;;;;;;;x
LHJ_dominion3;Pozyomka Protected Emirate;;;;;;;;;;;;;x
LHJ_hms_government;Pozyomka Constitutional Emirate;;;;;;;;;;;;;x
LHJ_hms_government2;Pozyomka Parliamentary Cabinet;;;;;;;;;;;;;x
LHJ_prussian_constitutionalism;Pozyomka Shura Council;;;;;;;;;;;;;x
LHJ_prussian_constitutionalism2;Pozyomka Council of Nobles;;;;;;;;;;;;;x
LHJ_theocracy;Pozyomka Imamate;;;;;;;;;;;;;x
LHJ_trade_unions_congress;Pozyomka General Confederation of Trade Unions;;;;;;;;;;;;;x
LIB_absolute_monarchy;Liberia Kingdom;;;;;;;;;;;;;x
LIB_absolute_monarchy2;Liberia Hereditary Kingdom;;;;;;;;;;;;;x
LIB_democracy;Liberia Republic;;;;;;;;;;;;;x
LIB_democracy2;Liberia Parliamentary Republic;;;;;;;;;;;;;x
LIB_dominion;Liberia Dominion;;;;;;;;;;;;;x
LIB_dominion2;Liberia Autonomous Federation;;;;;;;;;;;;;x
LIB_dominion3;Liberia Crown Dependency;;;;;;;;;;;;;x
LIB_hms_government;Liberia Constitutional Kingdom;;;;;;;;;;;;;x
LIB_hms_government2;Liberia Parliamentary Cabinet;;;;;;;;;;;;;x
LIB_prussian_constitutionalism;Liberia Royal Council;;;;;;;;;;;;;x
LIB_prussian_constitutionalism2;Liberia Royal Advisory Council;;;;;;;;;;;;;x
LIB_theocracy;Liberia Ecclesiastical Union;;;;;;;;;;;;;x
LIB_trade_unions_congress;Liberia General Workers' Confederation;;;;;;;;;;;;;x
LIE_dominion2;Rosaria Autonomous Federation;;;;;;;;;;;;;x
LIE_dominion3;Rosaria Crown Territory;;;;;;;;;;;;;x
LIE_theocracy;Rosaria Bishopric;;;;;;;;;;;;;x
LIE_trade_unions_congress;Rosaria Workers' Council;;;;;;;;;;;;;x
LIP_absolute_monarchy2;Lisa Hereditary Principality;;;;;;;;;;;;;x
LIP_democracy2;Lisa City Republic;;;;;;;;;;;;;x
LIP_dominion2;Lisa Autonomous Federation;;;;;;;;;;;;;x
LIP_dominion3;Lisa Crown Territory;;;;;;;;;;;;;x
LIP_hms_government2;Lisa Territorial Cabinet;;;;;;;;;;;;;x
LIP_prussian_constitutionalism2;Lisa Council of Princes;;;;;;;;;;;;;x
LIP_theocracy;Lisa Ecclesiastical Union;;;;;;;;;;;;;x
LIP_trade_unions_congress;Lisa Workers' Council;;;;;;;;;;;;;x
LIT_absolute_monarchy;Lauma Grand Duchy;;;;;;;;;;;;;x
LIT_absolute_monarchy2;Lauma Hereditary Grand Duchy;;;;;;;;;;;;;x
LIT_colonial_company;Lauma Forest Development Company;;;;;;;;;;;;;x
LIT_democracy;Lauma Republic;;;;;;;;;;;;;x
LIT_democracy2;Lauma Parliamentary Republic;;;;;;;;;;;;;x
LIT_dominion;Lauma Dominion;;;;;;;;;;;;;x
LIT_dominion2;Lauma Autonomous Federation;;;;;;;;;;;;;x
LIT_dominion3;Lauma Royal Protectorate;;;;;;;;;;;;;x
LIT_hms_government;Lauma Constitutional Grand Duchy;;;;;;;;;;;;;x
LIT_hms_government2;Lauma Parliamentary Cabinet;;;;;;;;;;;;;x
LIT_prussian_constitutionalism;Lauma Noble Council;;;;;;;;;;;;;x
LIT_prussian_constitutionalism2;Lauma Senate;;;;;;;;;;;;;x
LIT_theocracy;Lauma Frostmoon Theocracy;;;;;;;;;;;;;x
LIT_trade_unions_congress;Lauma Workers Council;;;;;;;;;;;;;x
LIV_absolute_monarchy2;Helena Hereditary Grand Duchy;;;;;;;;;;;;;x
LIV_democracy;Helena Free State;;;;;;;;;;;;;x
LIV_democracy2;Helena City Republic;;;;;;;;;;;;;x
LIV_dominion2;Helena Autonomous Federation;;;;;;;;;;;;;x
LIV_dominion3;Helena Crown Territory;;;;;;;;;;;;;x
LIV_hms_government2;Helena Territorial Cabinet;;;;;;;;;;;;;x
LIV_prussian_constitutionalism2;Helena Council of Princes;;;;;;;;;;;;;x
LIV_theocracy;Helena Ecclesiastical Union;;;;;;;;;;;;;x
LIV_trade_unions_congress;Helena Workers' Council;;;;;;;;;;;;;x
LOA_absolute_monarchy;Loango Kingdom;;;;;;;;;;;;;x
LOA_absolute_monarchy2;Loango Hereditary Kingdom;;;;;;;;;;;;;x
LOA_colonial_company;Loango Chartered Company Territory;;;;;;;;;;;;;x
LOA_democracy;Loango Republic;;;;;;;;;;;;;x
LOA_democracy2;Loango Parliamentary Republic;;;;;;;;;;;;;x
LOA_dominion;Loango Protectorate;;;;;;;;;;;;;x
LOA_dominion2;Loango Union of Autonomous States;;;;;;;;;;;;;x
LOA_dominion3;Loango Royal Protectorate;;;;;;;;;;;;;x
LOA_hms_government;Loango Constitutional Kingdom;;;;;;;;;;;;;x
LOA_hms_government2;Loango Parliamentary Cabinet;;;;;;;;;;;;;x
LOA_prussian_constitutionalism;Loango Royal Council of Elders;;;;;;;;;;;;;x
LOA_prussian_constitutionalism2;Loango Council of Elder Chiefs;;;;;;;;;;;;;x
LOA_theocracy;Loango Priestly State;;;;;;;;;;;;;x
LOA_trade_unions_congress;Loango Trade Union Confederation;;;;;;;;;;;;;x
LOM_absolute_monarchy;Rico Duchy;;;;;;;;;;;;;x
LOM_absolute_monarchy2;Rico Hereditary Duchy;;;;;;;;;;;;;x
LOM_democracy2;Rico Parliamentary Republic;;;;;;;;;;;;;x
LOM_dominion2;Rico Autonomous Federation;;;;;;;;;;;;;x
LOM_dominion3;Rico Crown Dependency;;;;;;;;;;;;;x
LOM_hms_government;Rico Constitutional Duchy;;;;;;;;;;;;;x
LOM_hms_government2;Rico Parliamentary Cabinet;;;;;;;;;;;;;x
LOM_prussian_constitutionalism;Rico Royal Senate;;;;;;;;;;;;;x
LOM_prussian_constitutionalism2;Rico Royal Advisory Council;;;;;;;;;;;;;x
LOM_theocracy;Rico Bishopric;;;;;;;;;;;;;x
LOM_trade_unions_congress;Rico Federation of Guilds;;;;;;;;;;;;;x
LOR_absolute_monarchy;Furina Kingdom;;;;;;;;;;;;;x
LOR_absolute_monarchy2;Furina Hereditary Kingdom;;;;;;;;;;;;;x
LOR_colonial_company;Furina Chartered Company Territory;;;;;;;;;;;;;x
LOR_democracy;Furina Republic;;;;;;;;;;;;;x
LOR_democracy2;Furina Parliamentary Republic;;;;;;;;;;;;;x
LOR_dominion;Furina Dominion;;;;;;;;;;;;;x
LOR_dominion2;Furina Autonomous Federation;;;;;;;;;;;;;x
LOR_dominion3;Furina Crown Dependency;;;;;;;;;;;;;x
LOR_hms_government;Furina Constitutional Kingdom;;;;;;;;;;;;;x
LOR_hms_government2;Furina Parliamentary Cabinet;;;;;;;;;;;;;x
LOR_prussian_constitutionalism;Furina Royal Council of State;;;;;;;;;;;;;x
LOR_prussian_constitutionalism2;Furina Royal Advisory Council;;;;;;;;;;;;;x
LOR_theocracy;Furina Bishopric;;;;;;;;;;;;;x
LOR_trade_unions_congress;Furina General Labor Confederation;;;;;;;;;;;;;x
LOS_absolute_monarchy;Eda Kingdom;;;;;;;;;;;;;x
LOS_absolute_monarchy2;Eda Hereditary Kingdom;;;;;;;;;;;;;x
LOS_democracy2;Eda Parliamentary Republic;;;;;;;;;;;;;x
LOS_dominion;Eda Dominion;;;;;;;;;;;;;x
LOS_dominion2;Eda Autonomous Federation;;;;;;;;;;;;;x
LOS_dominion3;Eda Crown Dependency;;;;;;;;;;;;;x
LOS_hms_government;Eda Constitutional Kingdom;;;;;;;;;;;;;x
LOS_hms_government2;Eda Parliamentary Cabinet;;;;;;;;;;;;;x
LOS_prussian_constitutionalism;Eda Royal Council;;;;;;;;;;;;;x
LOS_prussian_constitutionalism2;Eda Royal Advisory Council;;;;;;;;;;;;;x
LOS_theocracy;Eda Bishopric;;;;;;;;;;;;;x
LOS_trade_unions_congress;Eda General Workers' Confederation;;;;;;;;;;;;;x
LPL_absolute_monarchy;United Provinces Kingdom;;;;;;;;;;;;;x
LPL_absolute_monarchy2;United Provinces Hereditary Kingdom;;;;;;;;;;;;;x
LPL_democracy;United Provinces United Provinces;;;;;;;;;;;;;x
LPL_democracy2;United Provinces Parliamentary Republic;;;;;;;;;;;;;x
LPL_dominion;United Provinces Dominion;;;;;;;;;;;;;x
LPL_dominion2;United Provinces Autonomous Federation;;;;;;;;;;;;;x
LPL_dominion3;United Provinces Crown Dependency;;;;;;;;;;;;;x
LPL_hms_government;United Provinces Constitutional Kingdom;;;;;;;;;;;;;x
LPL_hms_government2;United Provinces Parliamentary Cabinet;;;;;;;;;;;;;x
LPL_prussian_constitutionalism;United Provinces Royal Council;;;;;;;;;;;;;x
LPL_prussian_constitutionalism2;United Provinces Royal Advisory Council;;;;;;;;;;;;;x
LPL_theocracy;United Provinces Bishopric;;;;;;;;;;;;;x
LPL_trade_unions_congress;United Provinces General Workers' Confederation;;;;;;;;;;;;;x
LSK_absolute_monarchy;Karin Kingdom;;;;;;;;;;;;;x
LSK_absolute_monarchy2;Karin Hereditary Kingdom;;;;;;;;;;;;;x
LSK_democracy2;Karin Parliamentary Republic;;;;;;;;;;;;;x
LSK_dominion2;Karin Autonomous Federation;;;;;;;;;;;;;x
LSK_dominion3;Karin Crown Dependency;;;;;;;;;;;;;x
LSK_hms_government;Karin Constitutional Kingdom;;;;;;;;;;;;;x
LSK_hms_government2;Karin Parliamentary Cabinet;;;;;;;;;;;;;x
LSK_prussian_constitutionalism;Karin Privy Council;;;;;;;;;;;;;x
LSK_prussian_constitutionalism2;Karin Royal Advisory Council;;;;;;;;;;;;;x
LSK_theocracy;Karin Patriarchate;;;;;;;;;;;;;x
LSK_trade_unions_congress;Karin Trade Union Congress;;;;;;;;;;;;;x
LTU_absolute_monarchy2;Fontaine Hereditary Empire;;;;;;;;;;;;;x
LTU_colonial_company;Fontaine Chartered Company Territory;;;;;;;;;;;;;x
LTU_democracy2;Fontaine Parliamentary Republic;;;;;;;;;;;;;x
LTU_dominion;Fontaine Dominion;;;;;;;;;;;;;x
LTU_dominion2;Fontaine Autonomous Federation;;;;;;;;;;;;;x
LTU_dominion3;Fontaine Crown Dependency;;;;;;;;;;;;;x
LTU_hms_government2;Fontaine Parliamentary Cabinet;;;;;;;;;;;;;x
LTU_prussian_constitutionalism2;Fontaine Royal Advisory Council;;;;;;;;;;;;;x
LTU_theocracy;Fontaine Bishopric;;;;;;;;;;;;;x
LTU_trade_unions_congress;Fontaine General Labor Confederation;;;;;;;;;;;;;x
LUA_absolute_monarchy;Ceobe Kingdom;;;;;;;;;;;;;x
LUA_absolute_monarchy2;Ceobe Hereditary Kingdom;;;;;;;;;;;;;x
LUA_colonial_company;Ceobe Chartered Company Territory;;;;;;;;;;;;;x
LUA_democracy;Ceobe Republic;;;;;;;;;;;;;x
LUA_democracy2;Ceobe Parliamentary Republic;;;;;;;;;;;;;x
LUA_dominion;Ceobe Dominion;;;;;;;;;;;;;x
LUA_dominion2;Ceobe Autonomous Federation;;;;;;;;;;;;;x
LUA_dominion3;Ceobe Crown Dependency;;;;;;;;;;;;;x
LUA_hms_government;Ceobe Constitutional Kingdom;;;;;;;;;;;;;x
LUA_hms_government2;Ceobe Parliamentary Cabinet;;;;;;;;;;;;;x
LUA_prussian_constitutionalism;Ceobe Royal Council;;;;;;;;;;;;;x
LUA_prussian_constitutionalism2;Ceobe Royal Advisory Council;;;;;;;;;;;;;x
LUA_theocracy;Ceobe Sangha State;;;;;;;;;;;;;x
LUA_trade_unions_congress;Ceobe Trade Union Confederation;;;;;;;;;;;;;x
LUB_absolute_monarchy2;Viviana Hereditary Duchy;;;;;;;;;;;;;x
LUB_democracy2;Viviana City Republic;;;;;;;;;;;;;x
LUB_dominion2;Viviana Autonomous Federation;;;;;;;;;;;;;x
LUB_dominion3;Viviana Crown Territory;;;;;;;;;;;;;x
LUB_hms_government2;Viviana Territorial Cabinet;;;;;;;;;;;;;x
LUB_prussian_constitutionalism2;Viviana Council of Princes;;;;;;;;;;;;;x
LUB_theocracy;Viviana Ecclesiastical Union;;;;;;;;;;;;;x
LUB_trade_unions_congress;Viviana Workers' Council;;;;;;;;;;;;;x
LUC_absolute_monarchy;Exusiai Duchy;;;;;;;;;;;;;x
LUC_absolute_monarchy2;Exusiai Hereditary Duchy;;;;;;;;;;;;;x
LUC_colonial_company;Exusiai Chartered Company Territory;;;;;;;;;;;;;x
LUC_democracy;Exusiai Republic;;;;;;;;;;;;;x
LUC_democracy2;Exusiai Parliamentary Republic;;;;;;;;;;;;;x
LUC_dominion;Exusiai Dominion;;;;;;;;;;;;;x
LUC_dominion2;Exusiai Autonomous Federation;;;;;;;;;;;;;x
LUC_dominion3;Exusiai Crown Dependency;;;;;;;;;;;;;x
LUC_hms_government;Exusiai Constitutional Duchy;;;;;;;;;;;;;x
LUC_hms_government2;Exusiai Parliamentary Cabinet;;;;;;;;;;;;;x
LUC_prussian_constitutionalism;Exusiai Royal Senate;;;;;;;;;;;;;x
LUC_prussian_constitutionalism2;Exusiai Royal Advisory Council;;;;;;;;;;;;;x
LUC_theocracy;Exusiai Bishopric;;;;;;;;;;;;;x
LUC_trade_unions_congress;Exusiai Federation of Guilds;;;;;;;;;;;;;x
LUN_absolute_monarchy;Lunda Kingdom;;;;;;;;;;;;;x
LUN_absolute_monarchy2;Lunda Hereditary Kingdom;;;;;;;;;;;;;x
LUN_colonial_company;Lunda Chartered Company Territory;;;;;;;;;;;;;x
LUN_democracy;Lunda Republic;;;;;;;;;;;;;x
LUN_democracy2;Lunda Parliamentary Republic;;;;;;;;;;;;;x
LUN_dominion;Lunda Protectorate;;;;;;;;;;;;;x
LUN_dominion2;Lunda Union of Autonomous States;;;;;;;;;;;;;x
LUN_dominion3;Lunda Royal Protectorate;;;;;;;;;;;;;x
LUN_hms_government;Lunda Constitutional Kingdom;;;;;;;;;;;;;x
LUN_hms_government2;Lunda Parliamentary Cabinet;;;;;;;;;;;;;x
LUN_prussian_constitutionalism;Lunda Royal Council of Elders;;;;;;;;;;;;;x
LUN_prussian_constitutionalism2;Lunda Council of Elder Chiefs;;;;;;;;;;;;;x
LUN_theocracy;Lunda Priestly State;;;;;;;;;;;;;x
LUN_trade_unions_congress;Lunda Trade Union Confederation;;;;;;;;;;;;;x
LUW_absolute_monarchy;Blue Poison Sultanate;;;;;;;;;;;;;x
LUW_absolute_monarchy2;Blue Poison Hereditary Sultanate;;;;;;;;;;;;;x
LUW_colonial_company;Blue Poison Trading Company Territory;;;;;;;;;;;;;x
LUW_democracy;Blue Poison Republic;;;;;;;;;;;;;x
LUW_democracy2;Blue Poison Parliamentary Republic;;;;;;;;;;;;;x
LUW_dominion;Blue Poison Dominion;;;;;;;;;;;;;x
LUW_dominion2;Blue Poison Autonomous Federation;;;;;;;;;;;;;x
LUW_dominion3;Blue Poison Protected Emirate;;;;;;;;;;;;;x
LUW_hms_government;Blue Poison Constitutional Sultanate;;;;;;;;;;;;;x
LUW_hms_government2;Blue Poison Parliamentary Cabinet;;;;;;;;;;;;;x
LUW_prussian_constitutionalism;Blue Poison Sultan's Council;;;;;;;;;;;;;x
LUW_prussian_constitutionalism2;Blue Poison Council of Nobles;;;;;;;;;;;;;x
LUW_theocracy;Blue Poison Imamate;;;;;;;;;;;;;x
LUW_trade_unions_congress;Blue Poison Trade Union Confederation;;;;;;;;;;;;;x
LUX_absolute_monarchy2;Barbara Hereditary Grand Duchy;;;;;;;;;;;;;x
LUX_democracy2;Barbara City Republic;;;;;;;;;;;;;x
LUX_dominion2;Barbara Autonomous Federation;;;;;;;;;;;;;x
LUX_dominion3;Barbara Crown Territory;;;;;;;;;;;;;x
LUX_hms_government2;Barbara Territorial Cabinet;;;;;;;;;;;;;x
LUX_prussian_constitutionalism2;Barbara Council of Princes;;;;;;;;;;;;;x
LUX_theocracy;Barbara Bishopric;;;;;;;;;;;;;x
LUX_trade_unions_congress;Barbara Workers' Council;;;;;;;;;;;;;x
LUZ_absolute_monarchy;Z23 Kingdom;;;;;;;;;;;;;x
LUZ_absolute_monarchy2;Z23 Hereditary Kingdom;;;;;;;;;;;;;x
LUZ_colonial_company;Z23 Chartered Company Territory;;;;;;;;;;;;;x
LUZ_democracy;Z23 Republic;;;;;;;;;;;;;x
LUZ_democracy2;Z23 Parliamentary Republic;;;;;;;;;;;;;x
LUZ_dominion;Z23 Dominion;;;;;;;;;;;;;x
LUZ_dominion2;Z23 Autonomous Federation;;;;;;;;;;;;;x
LUZ_dominion3;Z23 Crown Dependency;;;;;;;;;;;;;x
LUZ_hms_government;Z23 Constitutional Kingdom;;;;;;;;;;;;;x
LUZ_hms_government2;Z23 Parliamentary Cabinet;;;;;;;;;;;;;x
LUZ_prussian_constitutionalism;Z23 Sejm;;;;;;;;;;;;;x
LUZ_prussian_constitutionalism2;Z23 Royal Advisory Council;;;;;;;;;;;;;x
LUZ_theocracy;Z23 Ecclesiastical Union;;;;;;;;;;;;;x
LUZ_trade_unions_congress;Z23 Workers' Council;;;;;;;;;;;;;x
LVN_absolute_monarchy;Lemuen Duchy;;;;;;;;;;;;;x
LVN_absolute_monarchy2;Lemuen Hereditary Duchy;;;;;;;;;;;;;x
LVN_colonial_company;Lemuen Chartered Company Territory;;;;;;;;;;;;;x
LVN_democracy;Lemuen Republic;;;;;;;;;;;;;x
LVN_democracy2;Lemuen Parliamentary Republic;;;;;;;;;;;;;x
LVN_dominion;Lemuen Dominion;;;;;;;;;;;;;x
LVN_dominion2;Lemuen Autonomous Federation;;;;;;;;;;;;;x
LVN_dominion3;Lemuen Crown Dependency;;;;;;;;;;;;;x
LVN_hms_government;Lemuen Constitutional Duchy;;;;;;;;;;;;;x
LVN_hms_government2;Lemuen Parliamentary Cabinet;;;;;;;;;;;;;x
LVN_prussian_constitutionalism;Lemuen Royal Senate;;;;;;;;;;;;;x
LVN_prussian_constitutionalism2;Lemuen Royal Advisory Council;;;;;;;;;;;;;x
LVN_theocracy;Lemuen Bishopric;;;;;;;;;;;;;x
LVN_trade_unions_congress;Lemuen Federation of Guilds;;;;;;;;;;;;;x
LXA_absolute_monarchy2;Mudrock Hereditary Kingdom;;;;;;;;;;;;;x
LXA_colonial_company;Mudrock Chartered Company Territory;;;;;;;;;;;;;x
LXA_democracy2;Mudrock Parliamentary Republic;;;;;;;;;;;;;x
LXA_dominion;Mudrock Dominion;;;;;;;;;;;;;x
LXA_dominion2;Mudrock Autonomous Federation;;;;;;;;;;;;;x
LXA_dominion3;Mudrock Crown Dependency;;;;;;;;;;;;;x
LXA_hms_government;Mudrock Constitutional Kingdom;;;;;;;;;;;;;x
LXA_hms_government2;Mudrock Parliamentary Cabinet;;;;;;;;;;;;;x
LXA_prussian_constitutionalism;Mudrock Royal Council;;;;;;;;;;;;;x
LXA_prussian_constitutionalism2;Mudrock Royal Advisory Council;;;;;;;;;;;;;x
LXA_theocracy;Mudrock Sangha State;;;;;;;;;;;;;x
LXA_trade_unions_congress;Mudrock Trade Union Confederation;;;;;;;;;;;;;x
MAD_absolute_monarchy2;Madagascar Hereditary Kingdom;;;;;;;;;;;;;x
MAD_democracy;Madagascar Republic;;;;;;;;;;;;;x
MAD_democracy2;Madagascar Parliamentary Republic;;;;;;;;;;;;;x
MAD_dominion;Madagascar Protectorate;;;;;;;;;;;;;x
MAD_dominion2;Madagascar Union of Autonomous States;;;;;;;;;;;;;x
MAD_dominion3;Madagascar Royal Protectorate;;;;;;;;;;;;;x
MAD_hms_government;Madagascar Constitutional Kingdom;;;;;;;;;;;;;x
MAD_hms_government2;Madagascar Parliamentary Cabinet;;;;;;;;;;;;;x
MAD_prussian_constitutionalism2;Madagascar Council of Elder Chiefs;;;;;;;;;;;;;x
MAD_theocracy;Madagascar Priestly State;;;;;;;;;;;;;x
MAD_trade_unions_congress;Madagascar Trade Union Confederation;;;;;;;;;;;;;x
MAF_absolute_monarchy2;Mittelafrika Dynasty;;;;;;;;;;;;;x
MAF_democracy2;Mittelafrika City Republic;;;;;;;;;;;;;x
MAF_dominion2;Mittelafrika Autonomous Federation;;;;;;;;;;;;;x
MAF_dominion3;Mittelafrika Crown Territory;;;;;;;;;;;;;x
MAF_hms_government2;Mittelafrika Territorial Cabinet;;;;;;;;;;;;;x
MAF_prussian_constitutionalism2;Mittelafrika Council of Princes;;;;;;;;;;;;;x
MAF_theocracy;Mittelafrika Ecclesiastical Union;;;;;;;;;;;;;x
MAF_trade_unions_congress;Mittelafrika Workers' Council;;;;;;;;;;;;;x
MAH_absolute_monarchy;Roberta Raj;;;;;;;;;;;;;x
MAH_absolute_monarchy2;Roberta Hereditary Raj;;;;;;;;;;;;;x
MAH_colonial_company;Roberta East India Company Territory;;;;;;;;;;;;;x
MAH_democracy;Roberta Republic;;;;;;;;;;;;;x
MAH_democracy2;Roberta Parliamentary Republic;;;;;;;;;;;;;x
MAH_dominion;Roberta Princely State;;;;;;;;;;;;;x
MAH_dominion2;Roberta Union of Princely States;;;;;;;;;;;;;x
MAH_dominion3;Roberta Crown Territory;;;;;;;;;;;;;x
MAH_hms_government;Roberta Constitutional Raj;;;;;;;;;;;;;x
MAH_hms_government2;Roberta Parliamentary Cabinet;;;;;;;;;;;;;x
MAH_prussian_constitutionalism;Roberta Durbar;;;;;;;;;;;;;x
MAH_prussian_constitutionalism2;Roberta Council of Princes;;;;;;;;;;;;;x
MAH_theocracy;Roberta Union of Temples;;;;;;;;;;;;;x
MAH_trade_unions_congress;Roberta General Confederation of Trade Unions;;;;;;;;;;;;;x
MAI_absolute_monarchy2;Snowsant Hereditary Raj;;;;;;;;;;;;;x
MAI_colonial_company;Snowsant East India Company Territory;;;;;;;;;;;;;x
MAI_democracy2;Snowsant Parliamentary Republic;;;;;;;;;;;;;x
MAI_dominion;Snowsant Princely State;;;;;;;;;;;;;x
MAI_dominion2;Snowsant Union of Princely States;;;;;;;;;;;;;x
MAI_dominion3;Snowsant Crown Territory;;;;;;;;;;;;;x
MAI_hms_government2;Snowsant Parliamentary Cabinet;;;;;;;;;;;;;x
MAI_prussian_constitutionalism2;Snowsant Council of Princes;;;;;;;;;;;;;x
MAI_theocracy;Snowsant Union of Temples;;;;;;;;;;;;;x
MAI_trade_unions_congress;Snowsant General Confederation of Trade Unions;;;;;;;;;;;;;x
MAJ_absolute_monarchy;Majeerteen Sultanate;;;;;;;;;;;;;x
MAJ_absolute_monarchy2;Majeerteen Hereditary Sultanate;;;;;;;;;;;;;x
MAJ_colonial_company;Majeerteen Trading Company Territory;;;;;;;;;;;;;x
MAJ_democracy;Majeerteen Republic;;;;;;;;;;;;;x
MAJ_democracy2;Majeerteen Parliamentary Republic;;;;;;;;;;;;;x
MAJ_dominion;Majeerteen Dominion;;;;;;;;;;;;;x
MAJ_dominion2;Majeerteen Autonomous Federation;;;;;;;;;;;;;x
MAJ_dominion3;Majeerteen Protected Emirate;;;;;;;;;;;;;x
MAJ_hms_government;Majeerteen Constitutional Sultanate;;;;;;;;;;;;;x
MAJ_hms_government2;Majeerteen Parliamentary Cabinet;;;;;;;;;;;;;x
MAJ_prussian_constitutionalism;Majeerteen Sultan's Council;;;;;;;;;;;;;x
MAJ_prussian_constitutionalism2;Majeerteen Council of Nobles;;;;;;;;;;;;;x
MAJ_theocracy;Majeerteen Imamate;;;;;;;;;;;;;x
MAJ_trade_unions_congress;Majeerteen Trade Union Confederation;;;;;;;;;;;;;x
MAK_absolute_monarchy;Indigo Emirate;;;;;;;;;;;;;x
MAK_absolute_monarchy2;Indigo Hereditary Emirate;;;;;;;;;;;;;x
MAK_colonial_company;Indigo Trading Company Territory;;;;;;;;;;;;;x
MAK_democracy;Indigo Republic;;;;;;;;;;;;;x
MAK_democracy2;Indigo Parliamentary Republic;;;;;;;;;;;;;x
MAK_dominion;Indigo Dominion;;;;;;;;;;;;;x
MAK_dominion2;Indigo Autonomous Federation;;;;;;;;;;;;;x
MAK_dominion3;Indigo Protected Emirate;;;;;;;;;;;;;x
MAK_hms_government;Indigo Constitutional Emirate;;;;;;;;;;;;;x
MAK_hms_government2;Indigo Parliamentary Cabinet;;;;;;;;;;;;;x
MAK_prussian_constitutionalism;Indigo Jirga;;;;;;;;;;;;;x
MAK_prussian_constitutionalism2;Indigo Council of Nobles;;;;;;;;;;;;;x
MAK_theocracy;Indigo Imamate;;;;;;;;;;;;;x
MAK_trade_unions_congress;Indigo Workers' Council;;;;;;;;;;;;;x
MAL_absolute_monarchy2;Ling Hereditary Sultanate;;;;;;;;;;;;;x
MAL_colonial_company;Ling Trading Company Territory;;;;;;;;;;;;;x
MAL_democracy;Ling Republic;;;;;;;;;;;;;x
MAL_democracy2;Ling Parliamentary Republic;;;;;;;;;;;;;x
MAL_dominion;Ling Dominion;;;;;;;;;;;;;x
MAL_dominion2;Ling Autonomous Federation;;;;;;;;;;;;;x
MAL_dominion3;Ling Protected Emirate;;;;;;;;;;;;;x
MAL_hms_government2;Ling Parliamentary Cabinet;;;;;;;;;;;;;x
MAL_prussian_constitutionalism2;Ling Council of Nobles;;;;;;;;;;;;;x
MAL_theocracy;Ling Imamate;;;;;;;;;;;;;x
MAL_trade_unions_congress;Ling Trade Union Confederation;;;;;;;;;;;;;x
MAR_absolute_monarchy;Maranhao Empire;;;;;;;;;;;;;x
MAR_absolute_monarchy2;Maranhao Hereditary Empire;;;;;;;;;;;;;x
MAR_colonial_company;Maranhao Chartered Company Territory;;;;;;;;;;;;;x
MAR_democracy;Maranhao Federal Republic;;;;;;;;;;;;;x
MAR_democracy2;Maranhao Parliamentary Republic;;;;;;;;;;;;;x
MAR_dominion;Maranhao Dominion;;;;;;;;;;;;;x
MAR_dominion2;Maranhao Autonomous Federation;;;;;;;;;;;;;x
MAR_dominion3;Maranhao Crown Dependency;;;;;;;;;;;;;x
MAR_hms_government;Maranhao Constitutional Empire;;;;;;;;;;;;;x
MAR_hms_government2;Maranhao Parliamentary Cabinet;;;;;;;;;;;;;x
MAR_prussian_constitutionalism;Maranhao Imperial Council of State;;;;;;;;;;;;;x
MAR_prussian_constitutionalism2;Maranhao Royal Advisory Council;;;;;;;;;;;;;x
MAR_theocracy;Maranhao Bishopric;;;;;;;;;;;;;x
MAR_trade_unions_congress;Maranhao General Workers' Confederation;;;;;;;;;;;;;x
MAS_absolute_monarchy2;Massina Hereditary Empire;;;;;;;;;;;;;x
MAS_colonial_company;Massina Trading Company Territory;;;;;;;;;;;;;x
MAS_democracy;Massina Republic;;;;;;;;;;;;;x
MAS_democracy2;Massina Parliamentary Republic;;;;;;;;;;;;;x
MAS_dominion;Massina Dominion;;;;;;;;;;;;;x
MAS_dominion2;Massina Autonomous Federation;;;;;;;;;;;;;x
MAS_dominion3;Massina Protected Emirate;;;;;;;;;;;;;x
MAS_hms_government;Massina Constitutional Empire;;;;;;;;;;;;;x
MAS_hms_government2;Massina Parliamentary Cabinet;;;;;;;;;;;;;x
MAS_prussian_constitutionalism;Massina Diwan;;;;;;;;;;;;;x
MAS_prussian_constitutionalism2;Massina Council of Nobles;;;;;;;;;;;;;x
MAS_theocracy;Massina Imamate;;;;;;;;;;;;;x
MAS_trade_unions_congress;Massina General Confederation of Trade Unions;;;;;;;;;;;;;x
MAT_absolute_monarchy2;Matabele Hereditary Kingdom;;;;;;;;;;;;;x
MAT_colonial_company;Matabele Chartered Company Territory;;;;;;;;;;;;;x
MAT_democracy;Matabele Republic;;;;;;;;;;;;;x
MAT_democracy2;Matabele Parliamentary Republic;;;;;;;;;;;;;x
MAT_dominion;Matabele Protectorate;;;;;;;;;;;;;x
MAT_dominion2;Matabele Union of Autonomous States;;;;;;;;;;;;;x
MAT_dominion3;Matabele Royal Protectorate;;;;;;;;;;;;;x
MAT_hms_government;Matabele Constitutional Kingdom;;;;;;;;;;;;;x
MAT_hms_government2;Matabele Parliamentary Cabinet;;;;;;;;;;;;;x
MAT_prussian_constitutionalism;Matabele Royal Council of Elders;;;;;;;;;;;;;x
MAT_prussian_constitutionalism2;Matabele Council of Elder Chiefs;;;;;;;;;;;;;x
MAT_theocracy;Matabele Priestly State;;;;;;;;;;;;;x
MAT_trade_unions_congress;Matabele Trade Union Confederation;;;;;;;;;;;;;x
MAU_absolute_monarchy;Mauritius Kingdom;;;;;;;;;;;;;x
MAU_absolute_monarchy2;Mauritius Hereditary Kingdom;;;;;;;;;;;;;x
MAU_colonial_company;Mauritius Chartered Company Territory;;;;;;;;;;;;;x
MAU_democracy;Mauritius Republic;;;;;;;;;;;;;x
MAU_democracy2;Mauritius Parliamentary Republic;;;;;;;;;;;;;x
MAU_dominion;Mauritius Dominion;;;;;;;;;;;;;x
MAU_dominion2;Mauritius Autonomous Federation;;;;;;;;;;;;;x
MAU_dominion3;Mauritius Crown Dependency;;;;;;;;;;;;;x
MAU_hms_government;Mauritius Constitutional Kingdom;;;;;;;;;;;;;x
MAU_hms_government2;Mauritius Parliamentary Cabinet;;;;;;;;;;;;;x
MAU_prussian_constitutionalism;Mauritius Royal Council;;;;;;;;;;;;;x
MAU_prussian_constitutionalism2;Mauritius Royal Advisory Council;;;;;;;;;;;;;x
MAU_theocracy;Mauritius Bishopric;;;;;;;;;;;;;x
MAU_trade_unions_congress;Mauritius General Workers' Confederation;;;;;;;;;;;;;x
MCD_absolute_monarchy;Castorice Kingdom;;;;;;;;;;;;;x
MCD_absolute_monarchy2;Castorice Hereditary Kingdom;;;;;;;;;;;;;x
MCD_colonial_company;Castorice Chartered Company Territory;;;;;;;;;;;;;x
MCD_democracy;Castorice Republic;;;;;;;;;;;;;x
MCD_democracy2;Castorice Parliamentary Republic;;;;;;;;;;;;;x
MCD_dominion;Castorice Dominion;;;;;;;;;;;;;x
MCD_dominion2;Castorice Autonomous Federation;;;;;;;;;;;;;x
MCD_dominion3;Castorice Crown Dependency;;;;;;;;;;;;;x
MCD_hms_government;Castorice Constitutional Kingdom;;;;;;;;;;;;;x
MCD_hms_government2;Castorice Parliamentary Cabinet;;;;;;;;;;;;;x
MCD_prussian_constitutionalism;Castorice Royal Council;;;;;;;;;;;;;x
MCD_prussian_constitutionalism2;Castorice Royal Advisory Council;;;;;;;;;;;;;x
MCD_theocracy;Castorice Imamate;;;;;;;;;;;;;x
MCD_trade_unions_congress;Castorice Trade Union Confederation;;;;;;;;;;;;;x
MCK_absolute_monarchy2;Ningguang Imperial Court;;;;;;;;;;;;;x
MCK_democracy;Ningguang Republic;;;;;;;;;;;;;x
MCK_democracy2;Ningguang Federal Republic;;;;;;;;;;;;;x
MCK_dominion;Ningguang Autonomous Province;;;;;;;;;;;;;x
MCK_dominion2;Ningguang Federal Government;;;;;;;;;;;;;x
MCK_dominion3;Ningguang Tributary Territory;;;;;;;;;;;;;x
MCK_hms_government2;Ningguang Parliamentary Cabinet;;;;;;;;;;;;;x
MCK_prussian_constitutionalism2;Ningguang State Advisory Council;;;;;;;;;;;;;x
MCK_theocracy;Ningguang Sangha State;;;;;;;;;;;;;x
MCK_trade_unions_congress;Ningguang General Labor Union;;;;;;;;;;;;;x
MDV_absolute_monarchy;Mutsuki Kingdom;;;;;;;;;;;;;x
MDV_absolute_monarchy2;Mutsuki Hereditary Kingdom;;;;;;;;;;;;;x
MDV_colonial_company;Mutsuki Chartered Company Territory;;;;;;;;;;;;;x
MDV_democracy;Mutsuki Republic;;;;;;;;;;;;;x
MDV_democracy2;Mutsuki Parliamentary Republic;;;;;;;;;;;;;x
MDV_dominion;Mutsuki Dominion;;;;;;;;;;;;;x
MDV_dominion2;Mutsuki Autonomous Federation;;;;;;;;;;;;;x
MDV_dominion3;Mutsuki Crown Dependency;;;;;;;;;;;;;x
MDV_hms_government;Mutsuki Constitutional Kingdom;;;;;;;;;;;;;x
MDV_hms_government2;Mutsuki Parliamentary Cabinet;;;;;;;;;;;;;x
MDV_prussian_constitutionalism;Mutsuki Royal Council;;;;;;;;;;;;;x
MDV_prussian_constitutionalism2;Mutsuki Royal Advisory Council;;;;;;;;;;;;;x
MDV_theocracy;Mutsuki Patriarchate;;;;;;;;;;;;;x
MDV_trade_unions_congress;Mutsuki Workers' Council;;;;;;;;;;;;;x
MEC_absolute_monarchy2;Roon Hereditary Grand Duchy;;;;;;;;;;;;;x
MEC_democracy2;Roon City Republic;;;;;;;;;;;;;x
MEC_dominion2;Roon Autonomous Federation;;;;;;;;;;;;;x
MEC_dominion3;Roon Crown Territory;;;;;;;;;;;;;x
MEC_hms_government2;Roon Territorial Cabinet;;;;;;;;;;;;;x
MEC_prussian_constitutionalism2;Roon Council of Princes;;;;;;;;;;;;;x
MEC_theocracy;Roon Ecclesiastical Union;;;;;;;;;;;;;x
MEC_trade_unions_congress;Roon Workers' Council;;;;;;;;;;;;;x
MEI_absolute_monarchy2;Aegir Hereditary Duchy;;;;;;;;;;;;;x
MEI_democracy2;Aegir City Republic;;;;;;;;;;;;;x
MEI_dominion2;Aegir Autonomous Federation;;;;;;;;;;;;;x
MEI_dominion3;Aegir Crown Territory;;;;;;;;;;;;;x
MEI_hms_government2;Aegir Territorial Cabinet;;;;;;;;;;;;;x
MEI_prussian_constitutionalism2;Aegir Council of Princes;;;;;;;;;;;;;x
MEI_theocracy;Aegir Ecclesiastical Union;;;;;;;;;;;;;x
MEI_trade_unions_congress;Aegir Workers' Council;;;;;;;;;;;;;x
MEW_absolute_monarchy;Rope Raj;;;;;;;;;;;;;x
MEW_absolute_monarchy2;Rope Hereditary Raj;;;;;;;;;;;;;x
MEW_colonial_company;Rope East India Company Territory;;;;;;;;;;;;;x
MEW_democracy;Rope Republic;;;;;;;;;;;;;x
MEW_democracy2;Rope Parliamentary Republic;;;;;;;;;;;;;x
MEW_dominion;Rope Princely State;;;;;;;;;;;;;x
MEW_dominion2;Rope Union of Princely States;;;;;;;;;;;;;x
MEW_dominion3;Rope Crown Territory;;;;;;;;;;;;;x
MEW_hms_government;Rope Constitutional Raj;;;;;;;;;;;;;x
MEW_hms_government2;Rope Parliamentary Cabinet;;;;;;;;;;;;;x
MEW_prussian_constitutionalism;Rope Durbar;;;;;;;;;;;;;x
MEW_prussian_constitutionalism2;Rope Council of Princes;;;;;;;;;;;;;x
MEW_theocracy;Rope Union of Temples;;;;;;;;;;;;;x
MEW_trade_unions_congress;Rope General Confederation of Trade Unions;;;;;;;;;;;;;x
MEX_absolute_monarchy2;Tenochtitlan Sun Dynasty;;;;;;;;;;;;;x
MEX_democracy2;Tenochtitlan Citizens' Council;;;;;;;;;;;;;x
MEX_dominion2;Tenochtitlan Union of Autonomous Cities;;;;;;;;;;;;;x
MEX_dominion3;Tenochtitlan Temple Protectorate;;;;;;;;;;;;;x
MEX_hms_government2;Tenochtitlan City Council;;;;;;;;;;;;;x
MEX_prussian_constitutionalism2;Tenochtitlan Triple City Council of Elders;;;;;;;;;;;;;x
MEX_theocracy;Tenochtitlan Tlaloc Temple Union;;;;;;;;;;;;;x
MEX_trade_unions_congress;Tenochtitlan Artisan Labor Federation;;;;;;;;;;;;;x
MGH_absolute_monarchy;Scheherazade Emirate;;;;;;;;;;;;;x
MGH_absolute_monarchy2;Scheherazade Hereditary Emirate;;;;;;;;;;;;;x
MGH_colonial_company;Scheherazade Trading Company Territory;;;;;;;;;;;;;x
MGH_democracy;Scheherazade Republic;;;;;;;;;;;;;x
MGH_democracy2;Scheherazade Parliamentary Republic;;;;;;;;;;;;;x
MGH_dominion;Scheherazade Dominion;;;;;;;;;;;;;x
MGH_dominion2;Scheherazade Autonomous Federation;;;;;;;;;;;;;x
MGH_dominion3;Scheherazade Protected Emirate;;;;;;;;;;;;;x
MGH_hms_government;Scheherazade Constitutional Emirate;;;;;;;;;;;;;x
MGH_hms_government2;Scheherazade Parliamentary Cabinet;;;;;;;;;;;;;x
MGH_prussian_constitutionalism;Scheherazade Shura Council;;;;;;;;;;;;;x
MGH_prussian_constitutionalism2;Scheherazade Council of Nobles;;;;;;;;;;;;;x
MGH_theocracy;Scheherazade Imamate;;;;;;;;;;;;;x
MGH_trade_unions_congress;Scheherazade General Confederation of Trade Unions;;;;;;;;;;;;;x
MGL_absolute_monarchy;Yelan Khanate;;;;;;;;;;;;;x
MGL_absolute_monarchy2;Yelan Hereditary Khanate;;;;;;;;;;;;;x
MGL_democracy;Yelan Republic;;;;;;;;;;;;;x
MGL_democracy2;Yelan Parliamentary Republic;;;;;;;;;;;;;x
MGL_dominion;Yelan Autonomous Banner;;;;;;;;;;;;;x
MGL_dominion2;Yelan League of Banners;;;;;;;;;;;;;x
MGL_dominion3;Yelan Princely Territory;;;;;;;;;;;;;x
MGL_hms_government;Yelan Constitutional Khanate;;;;;;;;;;;;;x
MGL_hms_government2;Yelan Parliamentary Cabinet;;;;;;;;;;;;;x
MGL_prussian_constitutionalism;Yelan Kurultai;;;;;;;;;;;;;x
MGL_prussian_constitutionalism2;Yelan Council of Princes;;;;;;;;;;;;;x
MGL_trade_unions_congress;Yelan Workers' Congress;;;;;;;;;;;;;x
MGS_absolute_monarchy;Minas Gerais Empire;;;;;;;;;;;;;x
MGS_absolute_monarchy2;Minas Gerais Hereditary Empire;;;;;;;;;;;;;x
MGS_colonial_company;Minas Gerais Chartered Company Territory;;;;;;;;;;;;;x
MGS_democracy;Minas Gerais Federal Republic;;;;;;;;;;;;;x
MGS_democracy2;Minas Gerais Parliamentary Republic;;;;;;;;;;;;;x
MGS_dominion;Minas Gerais Dominion;;;;;;;;;;;;;x
MGS_dominion2;Minas Gerais Autonomous Federation;;;;;;;;;;;;;x
MGS_dominion3;Minas Gerais Crown Dependency;;;;;;;;;;;;;x
MGS_hms_government;Minas Gerais Constitutional Empire;;;;;;;;;;;;;x
MGS_hms_government2;Minas Gerais Parliamentary Cabinet;;;;;;;;;;;;;x
MGS_prussian_constitutionalism;Minas Gerais Imperial Council of State;;;;;;;;;;;;;x
MGS_prussian_constitutionalism2;Minas Gerais Royal Advisory Council;;;;;;;;;;;;;x
MGS_theocracy;Minas Gerais Bishopric;;;;;;;;;;;;;x
MGS_trade_unions_congress;Minas Gerais General Workers' Confederation;;;;;;;;;;;;;x
MHR_absolute_monarchy;Honeyberry Emirate;;;;;;;;;;;;;x
MHR_absolute_monarchy2;Honeyberry Hereditary Emirate;;;;;;;;;;;;;x
MHR_colonial_company;Honeyberry Trading Company Territory;;;;;;;;;;;;;x
MHR_democracy;Honeyberry Republic;;;;;;;;;;;;;x
MHR_democracy2;Honeyberry Parliamentary Republic;;;;;;;;;;;;;x
MHR_dominion;Honeyberry Dominion;;;;;;;;;;;;;x
MHR_dominion2;Honeyberry Autonomous Federation;;;;;;;;;;;;;x
MHR_dominion3;Honeyberry Protected Emirate;;;;;;;;;;;;;x
MHR_hms_government;Honeyberry Constitutional Emirate;;;;;;;;;;;;;x
MHR_hms_government2;Honeyberry Parliamentary Cabinet;;;;;;;;;;;;;x
MHR_prussian_constitutionalism;Honeyberry Shura Council;;;;;;;;;;;;;x
MHR_prussian_constitutionalism2;Honeyberry Council of Nobles;;;;;;;;;;;;;x
MHR_theocracy;Honeyberry Imamate;;;;;;;;;;;;;x
MHR_trade_unions_congress;Honeyberry General Confederation of Trade Unions;;;;;;;;;;;;;x
MIG_absolute_monarchy;Columbina Kingdom;;;;;;;;;;;;;x
MIG_absolute_monarchy2;Columbina Hereditary Kingdom;;;;;;;;;;;;;x
MIG_colonial_company;Columbina Chartered Company Territory;;;;;;;;;;;;;x
MIG_democracy;Columbina Republic;;;;;;;;;;;;;x
MIG_democracy2;Columbina Parliamentary Republic;;;;;;;;;;;;;x
MIG_dominion;Columbina Dominion;;;;;;;;;;;;;x
MIG_dominion2;Columbina Autonomous Federation;;;;;;;;;;;;;x
MIG_dominion3;Columbina Crown Dependency;;;;;;;;;;;;;x
MIG_hms_government;Columbina Constitutional Kingdom;;;;;;;;;;;;;x
MIG_hms_government2;Columbina Parliamentary Cabinet;;;;;;;;;;;;;x
MIG_prussian_constitutionalism;Columbina Royal Council;;;;;;;;;;;;;x
MIG_prussian_constitutionalism2;Columbina Royal Advisory Council;;;;;;;;;;;;;x
MIG_theocracy;Columbina Patriarchate;;;;;;;;;;;;;x
MIG_trade_unions_congress;Columbina Trade Union Confederation;;;;;;;;;;;;;x
MIZ_absolute_monarchy;Durin Grand Chiefdom;;;;;;;;;;;;;x
MIZ_absolute_monarchy2;Durin Dynasty;;;;;;;;;;;;;x
MIZ_colonial_company;Durin Chartered Company Territory;;;;;;;;;;;;;x
MIZ_democracy;Durin Tribal Republic;;;;;;;;;;;;;x
MIZ_democracy2;Durin Parliamentary Republic;;;;;;;;;;;;;x
MIZ_dominion;Durin Protectorate;;;;;;;;;;;;;x
MIZ_dominion2;Durin Union of Autonomous States;;;;;;;;;;;;;x
MIZ_dominion3;Durin Royal Protectorate;;;;;;;;;;;;;x
MIZ_hms_government;Durin Constitutional Chiefdom;;;;;;;;;;;;;x
MIZ_hms_government2;Durin Parliamentary Cabinet;;;;;;;;;;;;;x
MIZ_prussian_constitutionalism;Durin Council of Tribal Elders;;;;;;;;;;;;;x
MIZ_prussian_constitutionalism2;Durin Council of Elder Chiefs;;;;;;;;;;;;;x
MIZ_theocracy;Durin Priestly State;;;;;;;;;;;;;x
MIZ_trade_unions_congress;Durin Producers' Federation;;;;;;;;;;;;;x
MKN_absolute_monarchy;Nightmare Emirate;;;;;;;;;;;;;x
MKN_absolute_monarchy2;Nightmare Hereditary Emirate;;;;;;;;;;;;;x
MKN_colonial_company;Nightmare Trading Company Territory;;;;;;;;;;;;;x
MKN_democracy;Nightmare Republic;;;;;;;;;;;;;x
MKN_democracy2;Nightmare Parliamentary Republic;;;;;;;;;;;;;x
MKN_dominion;Nightmare Dominion;;;;;;;;;;;;;x
MKN_dominion2;Nightmare Autonomous Federation;;;;;;;;;;;;;x
MKN_dominion3;Nightmare Protected Emirate;;;;;;;;;;;;;x
MKN_hms_government;Nightmare Constitutional Emirate;;;;;;;;;;;;;x
MKN_hms_government2;Nightmare Parliamentary Cabinet;;;;;;;;;;;;;x
MKN_prussian_constitutionalism;Nightmare Jirga;;;;;;;;;;;;;x
MKN_prussian_constitutionalism2;Nightmare Council of Nobles;;;;;;;;;;;;;x
MKN_theocracy;Nightmare Imamate;;;;;;;;;;;;;x
MKN_trade_unions_congress;Nightmare Workers' Council;;;;;;;;;;;;;x
MLD_absolute_monarchy;Click Nawabate;;;;;;;;;;;;;x
MLD_absolute_monarchy2;Click Hereditary Nawabate;;;;;;;;;;;;;x
MLD_colonial_company;Click East India Company Territory;;;;;;;;;;;;;x
MLD_democracy;Click Republic;;;;;;;;;;;;;x
MLD_democracy2;Click Parliamentary Republic;;;;;;;;;;;;;x
MLD_dominion;Click Princely State;;;;;;;;;;;;;x
MLD_dominion2;Click Union of Princely States;;;;;;;;;;;;;x
MLD_dominion3;Click Crown Territory;;;;;;;;;;;;;x
MLD_hms_government;Click Constitutional Nawabate;;;;;;;;;;;;;x
MLD_hms_government2;Click Parliamentary Cabinet;;;;;;;;;;;;;x
MLD_prussian_constitutionalism;Click Durbar;;;;;;;;;;;;;x
MLD_prussian_constitutionalism2;Click Council of Princes;;;;;;;;;;;;;x
MLD_theocracy;Click Imamate;;;;;;;;;;;;;x
MLD_trade_unions_congress;Click General Confederation of Trade Unions;;;;;;;;;;;;;x
MLI_absolute_monarchy2;Mali Hereditary Empire;;;;;;;;;;;;;x
MLI_democracy;Mali Republic;;;;;;;;;;;;;x
MLI_democracy2;Mali Parliamentary Republic;;;;;;;;;;;;;x
MLI_dominion2;Mali Autonomous Federation;;;;;;;;;;;;;x
MLI_dominion3;Mali Protected Emirate;;;;;;;;;;;;;x
MLI_hms_government2;Mali Parliamentary Cabinet;;;;;;;;;;;;;x
MLI_prussian_constitutionalism2;Mali Council of Nobles;;;;;;;;;;;;;x
MLI_theocracy;Mali Imamate;;;;;;;;;;;;;x
MLI_trade_unions_congress;Mali General Confederation of Trade Unions;;;;;;;;;;;;;x
MLT_absolute_monarchy;Fiammetta Duchy;;;;;;;;;;;;;x
MLT_absolute_monarchy2;Fiammetta Hereditary Duchy;;;;;;;;;;;;;x
MLT_colonial_company;Fiammetta Chartered Company Territory;;;;;;;;;;;;;x
MLT_democracy;Fiammetta Republic;;;;;;;;;;;;;x
MLT_democracy2;Fiammetta Parliamentary Republic;;;;;;;;;;;;;x
MLT_dominion;Fiammetta Dominion;;;;;;;;;;;;;x
MLT_dominion2;Fiammetta Autonomous Federation;;;;;;;;;;;;;x
MLT_dominion3;Fiammetta Crown Dependency;;;;;;;;;;;;;x
MLT_hms_government;Fiammetta Constitutional Duchy;;;;;;;;;;;;;x
MLT_hms_government2;Fiammetta Parliamentary Cabinet;;;;;;;;;;;;;x
MLT_prussian_constitutionalism;Fiammetta Royal Senate;;;;;;;;;;;;;x
MLT_prussian_constitutionalism2;Fiammetta Royal Advisory Council;;;;;;;;;;;;;x
MLT_theocracy;Fiammetta Monastic Order State;;;;;;;;;;;;;x
MLT_trade_unions_congress;Fiammetta Federation of Guilds;;;;;;;;;;;;;x
MLW_absolute_monarchy2;Malawi Hereditary Kingdom;;;;;;;;;;;;;x
MLW_democracy;Malawi Republic;;;;;;;;;;;;;x
MLW_democracy2;Malawi Parliamentary Republic;;;;;;;;;;;;;x
MLW_dominion2;Malawi Union of Autonomous States;;;;;;;;;;;;;x
MLW_dominion3;Malawi Royal Protectorate;;;;;;;;;;;;;x
MLW_hms_government2;Malawi Parliamentary Cabinet;;;;;;;;;;;;;x
MLW_prussian_constitutionalism2;Malawi Council of Elder Chiefs;;;;;;;;;;;;;x
MLW_theocracy;Malawi Ecclesiastical Union;;;;;;;;;;;;;x
MLW_trade_unions_congress;Malawi Trade Union Confederation;;;;;;;;;;;;;x
MLY_absolute_monarchy2;Swire Hereditary Sultanate;;;;;;;;;;;;;x
MLY_democracy;Swire Republic;;;;;;;;;;;;;x
MLY_democracy2;Swire Parliamentary Republic;;;;;;;;;;;;;x
MLY_dominion;Swire Dominion;;;;;;;;;;;;;x
MLY_dominion2;Swire Autonomous Federation;;;;;;;;;;;;;x
MLY_dominion3;Swire Protected Emirate;;;;;;;;;;;;;x
MLY_hms_government2;Swire Parliamentary Cabinet;;;;;;;;;;;;;x
MLY_prussian_constitutionalism2;Swire Council of Nobles;;;;;;;;;;;;;x
MLY_theocracy;Swire Imamate;;;;;;;;;;;;;x
MLY_trade_unions_congress;Swire Trade Union Confederation;;;;;;;;;;;;;x
MNC_absolute_monarchy;Clorinde Duchy;;;;;;;;;;;;;x
MNC_absolute_monarchy2;Clorinde Hereditary Duchy;;;;;;;;;;;;;x
MNC_colonial_company;Clorinde Chartered Company Territory;;;;;;;;;;;;;x
MNC_democracy;Clorinde Republic;;;;;;;;;;;;;x
MNC_democracy2;Clorinde Parliamentary Republic;;;;;;;;;;;;;x
MNC_dominion;Clorinde Dominion;;;;;;;;;;;;;x
MNC_dominion2;Clorinde Autonomous Federation;;;;;;;;;;;;;x
MNC_dominion3;Clorinde Crown Dependency;;;;;;;;;;;;;x
MNC_hms_government;Clorinde Constitutional Duchy;;;;;;;;;;;;;x
MNC_hms_government2;Clorinde Parliamentary Cabinet;;;;;;;;;;;;;x
MNC_prussian_constitutionalism;Clorinde Royal Council of State;;;;;;;;;;;;;x
MNC_prussian_constitutionalism2;Clorinde Royal Advisory Council;;;;;;;;;;;;;x
MNC_theocracy;Clorinde Bishopric;;;;;;;;;;;;;x
MNC_trade_unions_congress;Clorinde General Labor Confederation;;;;;;;;;;;;;x
MNG_absolute_monarchy;Mongo Kingdom;;;;;;;;;;;;;x
MNG_absolute_monarchy2;Mongo Hereditary Kingdom;;;;;;;;;;;;;x
MNG_colonial_company;Mongo Chartered Company Territory;;;;;;;;;;;;;x
MNG_democracy;Mongo Republic;;;;;;;;;;;;;x
MNG_democracy2;Mongo Parliamentary Republic;;;;;;;;;;;;;x
MNG_dominion;Mongo Protectorate;;;;;;;;;;;;;x
MNG_dominion2;Mongo Union of Autonomous States;;;;;;;;;;;;;x
MNG_dominion3;Mongo Royal Protectorate;;;;;;;;;;;;;x
MNG_hms_government;Mongo Constitutional Kingdom;;;;;;;;;;;;;x
MNG_hms_government2;Mongo Parliamentary Cabinet;;;;;;;;;;;;;x
MNG_prussian_constitutionalism;Mongo Royal Council of Elders;;;;;;;;;;;;;x
MNG_prussian_constitutionalism2;Mongo Council of Elder Chiefs;;;;;;;;;;;;;x
MNG_theocracy;Mongo Priestly State;;;;;;;;;;;;;x
MNG_trade_unions_congress;Mongo Trade Union Confederation;;;;;;;;;;;;;x
MNP_absolute_monarchy;Cutter Raj;;;;;;;;;;;;;x
MNP_absolute_monarchy2;Cutter Hereditary Raj;;;;;;;;;;;;;x
MNP_colonial_company;Cutter East India Company Territory;;;;;;;;;;;;;x
MNP_democracy;Cutter Republic;;;;;;;;;;;;;x
MNP_democracy2;Cutter Parliamentary Republic;;;;;;;;;;;;;x
MNP_dominion;Cutter Princely State;;;;;;;;;;;;;x
MNP_dominion2;Cutter Union of Princely States;;;;;;;;;;;;;x
MNP_dominion3;Cutter Crown Territory;;;;;;;;;;;;;x
MNP_hms_government;Cutter Constitutional Raj;;;;;;;;;;;;;x
MNP_hms_government2;Cutter Parliamentary Cabinet;;;;;;;;;;;;;x
MNP_prussian_constitutionalism;Cutter Durbar;;;;;;;;;;;;;x
MNP_prussian_constitutionalism2;Cutter Council of Princes;;;;;;;;;;;;;x
MNP_theocracy;Cutter Union of Temples;;;;;;;;;;;;;x
MNP_trade_unions_congress;Cutter General Confederation of Trade Unions;;;;;;;;;;;;;x
MOD_absolute_monarchy;Archetto Duchy;;;;;;;;;;;;;x
MOD_absolute_monarchy2;Archetto Hereditary Duchy;;;;;;;;;;;;;x
MOD_colonial_company;Archetto Chartered Company Territory;;;;;;;;;;;;;x
MOD_democracy;Archetto Republic;;;;;;;;;;;;;x
MOD_democracy2;Archetto Parliamentary Republic;;;;;;;;;;;;;x
MOD_dominion;Archetto Dominion;;;;;;;;;;;;;x
MOD_dominion2;Archetto Autonomous Federation;;;;;;;;;;;;;x
MOD_dominion3;Archetto Crown Dependency;;;;;;;;;;;;;x
MOD_hms_government;Archetto Constitutional Duchy;;;;;;;;;;;;;x
MOD_hms_government2;Archetto Parliamentary Cabinet;;;;;;;;;;;;;x
MOD_prussian_constitutionalism;Archetto Royal Senate;;;;;;;;;;;;;x
MOD_prussian_constitutionalism2;Archetto Royal Advisory Council;;;;;;;;;;;;;x
MOD_theocracy;Archetto Bishopric;;;;;;;;;;;;;x
MOD_trade_unions_congress;Archetto Federation of Guilds;;;;;;;;;;;;;x
MOL_absolute_monarchy;St. Louis Kingdom;;;;;;;;;;;;;x
MOL_absolute_monarchy2;St. Louis Hereditary Kingdom;;;;;;;;;;;;;x
MOL_colonial_company;St. Louis Chartered Company Territory;;;;;;;;;;;;;x
MOL_democracy;St. Louis Republic;;;;;;;;;;;;;x
MOL_democracy2;St. Louis Parliamentary Republic;;;;;;;;;;;;;x
MOL_dominion;St. Louis Dominion;;;;;;;;;;;;;x
MOL_dominion2;St. Louis Autonomous Federation;;;;;;;;;;;;;x
MOL_dominion3;St. Louis Crown Dependency;;;;;;;;;;;;;x
MOL_hms_government;St. Louis Constitutional Kingdom;;;;;;;;;;;;;x
MOL_hms_government2;St. Louis Parliamentary Cabinet;;;;;;;;;;;;;x
MOL_prussian_constitutionalism;St. Louis Royal Council;;;;;;;;;;;;;x
MOL_prussian_constitutionalism2;St. Louis Royal Advisory Council;;;;;;;;;;;;;x
MOL_theocracy;St. Louis Patriarchate;;;;;;;;;;;;;x
MOL_trade_unions_congress;St. Louis Workers' Council;;;;;;;;;;;;;x
MON_absolute_monarchy;W Duchy;;;;;;;;;;;;;x
MON_absolute_monarchy2;W Hereditary Duchy;;;;;;;;;;;;;x
MON_colonial_company;W Chartered Company Territory;;;;;;;;;;;;;x
MON_democracy;W Republic;;;;;;;;;;;;;x
MON_democracy2;W Parliamentary Republic;;;;;;;;;;;;;x
MON_dominion;W Dominion;;;;;;;;;;;;;x
MON_dominion2;W Autonomous Federation;;;;;;;;;;;;;x
MON_dominion3;W Crown Dependency;;;;;;;;;;;;;x
MON_hms_government;W Constitutional Duchy;;;;;;;;;;;;;x
MON_hms_government2;W Parliamentary Cabinet;;;;;;;;;;;;;x
MON_prussian_constitutionalism;W Royal Council;;;;;;;;;;;;;x
MON_prussian_constitutionalism2;W Royal Advisory Council;;;;;;;;;;;;;x
MON_trade_unions_congress;W Workers' Council;;;;;;;;;;;;;x
MOR_absolute_monarchy;Nonomi Sultanate;;;;;;;;;;;;;x
MOR_absolute_monarchy2;Nonomi Hereditary Sultanate;;;;;;;;;;;;;x
MOR_colonial_company;Nonomi Trading Company Territory;;;;;;;;;;;;;x
MOR_democracy;Nonomi Republic;;;;;;;;;;;;;x
MOR_democracy2;Nonomi Parliamentary Republic;;;;;;;;;;;;;x
MOR_dominion;Nonomi Dominion;;;;;;;;;;;;;x
MOR_dominion2;Nonomi Autonomous Federation;;;;;;;;;;;;;x
MOR_dominion3;Nonomi Protected Emirate;;;;;;;;;;;;;x
MOR_hms_government;Nonomi Constitutional Sultanate;;;;;;;;;;;;;x
MOR_hms_government2;Nonomi Parliamentary Cabinet;;;;;;;;;;;;;x
MOR_prussian_constitutionalism;Nonomi Shura Council;;;;;;;;;;;;;x
MOR_prussian_constitutionalism2;Nonomi Council of Nobles;;;;;;;;;;;;;x
MOR_theocracy;Nonomi Imamate;;;;;;;;;;;;;x
MOR_trade_unions_congress;Nonomi General Confederation of Trade Unions;;;;;;;;;;;;;x
MOS_absolute_monarchy;Mossi Kingdom;;;;;;;;;;;;;x
MOS_absolute_monarchy2;Mossi Hereditary Kingdom;;;;;;;;;;;;;x
MOS_colonial_company;Mossi Chartered Company Territory;;;;;;;;;;;;;x
MOS_democracy2;Mossi Parliamentary Republic;;;;;;;;;;;;;x
MOS_dominion;Mossi Protectorate;;;;;;;;;;;;;x
MOS_dominion2;Mossi Union of Autonomous States;;;;;;;;;;;;;x
MOS_dominion3;Mossi Royal Protectorate;;;;;;;;;;;;;x
MOS_hms_government;Mossi Constitutional Kingdom;;;;;;;;;;;;;x
MOS_hms_government2;Mossi Parliamentary Cabinet;;;;;;;;;;;;;x
MOS_prussian_constitutionalism;Mossi Royal Council of Elders;;;;;;;;;;;;;x
MOS_prussian_constitutionalism2;Mossi Council of Elder Chiefs;;;;;;;;;;;;;x
MOS_theocracy;Mossi Priestly State;;;;;;;;;;;;;x
MOS_trade_unions_congress;Mossi Trade Union Confederation;;;;;;;;;;;;;x
MOZ_absolute_monarchy;Mozambique Kingdom;;;;;;;;;;;;;x
MOZ_absolute_monarchy2;Mozambique Hereditary Kingdom;;;;;;;;;;;;;x
MOZ_democracy;Mozambique Republic;;;;;;;;;;;;;x
MOZ_democracy2;Mozambique Parliamentary Republic;;;;;;;;;;;;;x
MOZ_dominion;Mozambique Protectorate;;;;;;;;;;;;;x
MOZ_dominion2;Mozambique Union of Autonomous States;;;;;;;;;;;;;x
MOZ_dominion3;Mozambique Royal Protectorate;;;;;;;;;;;;;x
MOZ_hms_government;Mozambique Constitutional Kingdom;;;;;;;;;;;;;x
MOZ_hms_government2;Mozambique Parliamentary Cabinet;;;;;;;;;;;;;x
MOZ_prussian_constitutionalism;Mozambique Royal Council of Elders;;;;;;;;;;;;;x
MOZ_prussian_constitutionalism2;Mozambique Council of Elder Chiefs;;;;;;;;;;;;;x
MOZ_theocracy;Mozambique Bishopric;;;;;;;;;;;;;x
MOZ_trade_unions_congress;Mozambique Trade Union Confederation;;;;;;;;;;;;;x
MRN_absolute_monarchy;Jean Duchy;;;;;;;;;;;;;x
MRN_absolute_monarchy2;Jean Hereditary Duchy;;;;;;;;;;;;;x
MRN_colonial_company;Jean Chartered Company Territory;;;;;;;;;;;;;x
MRN_democracy2;Jean City Republic;;;;;;;;;;;;;x
MRN_dominion;Jean Dominion;;;;;;;;;;;;;x
MRN_dominion2;Jean Autonomous Federation;;;;;;;;;;;;;x
MRN_dominion3;Jean Crown Territory;;;;;;;;;;;;;x
MRN_hms_government;Jean Constitutional Duchy;;;;;;;;;;;;;x
MRN_hms_government2;Jean Territorial Cabinet;;;;;;;;;;;;;x
MRN_prussian_constitutionalism;Jean Territorial Diet;;;;;;;;;;;;;x
MRN_prussian_constitutionalism2;Jean Council of Princes;;;;;;;;;;;;;x
MRN_theocracy;Jean Bishopric;;;;;;;;;;;;;x
MRN_trade_unions_congress;Jean Workers' Council;;;;;;;;;;;;;x
MRT_absolute_monarchy2;Orchid Hereditary Empire;;;;;;;;;;;;;x
MRT_colonial_company;Orchid East India Company Territory;;;;;;;;;;;;;x
MRT_democracy2;Orchid Parliamentary Republic;;;;;;;;;;;;;x
MRT_dominion;Orchid Princely State;;;;;;;;;;;;;x
MRT_dominion2;Orchid Union of Princely States;;;;;;;;;;;;;x
MRT_dominion3;Orchid Crown Territory;;;;;;;;;;;;;x
MRT_hms_government;Orchid Constitutional Empire;;;;;;;;;;;;;x
MRT_hms_government2;Orchid Parliamentary Cabinet;;;;;;;;;;;;;x
MRT_prussian_constitutionalism2;Orchid Council of Princes;;;;;;;;;;;;;x
MRT_theocracy;Orchid Union of Temples;;;;;;;;;;;;;x
MRT_trade_unions_congress;Orchid General Confederation of Trade Unions;;;;;;;;;;;;;x
MRU_absolute_monarchy2;Akane Hereditary Kingdom;;;;;;;;;;;;;x
MRU_democracy2;Akane Parliamentary Republic;;;;;;;;;;;;;x
MRU_dominion2;Akane Autonomous Federation;;;;;;;;;;;;;x
MRU_dominion3;Akane Crown Dependency;;;;;;;;;;;;;x
MRU_hms_government2;Akane Parliamentary Cabinet;;;;;;;;;;;;;x
MRU_prussian_constitutionalism2;Akane Royal Advisory Council;;;;;;;;;;;;;x
MRU_theocracy;Akane Ecclesiastical Union;;;;;;;;;;;;;x
MRU_trade_unions_congress;Akane Trade Union Congress;;;;;;;;;;;;;x
MSC_absolute_monarchy;Kotama Grand Chiefdom;;;;;;;;;;;;;x
MSC_absolute_monarchy2;Kotama Dynasty;;;;;;;;;;;;;x
MSC_democracy2;Kotama Parliamentary Republic;;;;;;;;;;;;;x
MSC_dominion;Kotama Protectorate;;;;;;;;;;;;;x
MSC_dominion2;Kotama Union of Autonomous States;;;;;;;;;;;;;x
MSC_dominion3;Kotama Royal Protectorate;;;;;;;;;;;;;x
MSC_hms_government;Kotama Constitutional Chiefdom;;;;;;;;;;;;;x
MSC_hms_government2;Kotama Parliamentary Cabinet;;;;;;;;;;;;;x
MSC_prussian_constitutionalism;Kotama Council of Tribal Elders;;;;;;;;;;;;;x
MSC_prussian_constitutionalism2;Kotama Council of Elder Chiefs;;;;;;;;;;;;;x
MSC_theocracy;Kotama Priestly State;;;;;;;;;;;;;x
MSC_trade_unions_congress;Kotama Producers' Federation;;;;;;;;;;;;;x
MSK_absolute_monarchy2;Citlali Hereditary Kingdom;;;;;;;;;;;;;x
MSK_democracy;Citlali Tribal Republic;;;;;;;;;;;;;x
MSK_democracy2;Citlali Parliamentary Republic;;;;;;;;;;;;;x
MSK_dominion2;Citlali Union of Autonomous States;;;;;;;;;;;;;x
MSK_dominion3;Citlali Royal Protectorate;;;;;;;;;;;;;x
MSK_hms_government2;Citlali Parliamentary Cabinet;;;;;;;;;;;;;x
MSK_prussian_constitutionalism2;Citlali Council of Elder Chiefs;;;;;;;;;;;;;x
MSK_theocracy;Citlali Ecclesiastical Union;;;;;;;;;;;;;x
MSK_trade_unions_congress;Citlali Producers' Federation;;;;;;;;;;;;;x
MST_absolute_monarchy2;Bismarck Hereditary Grand Duchy;;;;;;;;;;;;;x
MST_democracy2;Bismarck City Republic;;;;;;;;;;;;;x
MST_dominion2;Bismarck Autonomous Federation;;;;;;;;;;;;;x
MST_dominion3;Bismarck Crown Territory;;;;;;;;;;;;;x
MST_hms_government2;Bismarck Territorial Cabinet;;;;;;;;;;;;;x
MST_prussian_constitutionalism2;Bismarck Council of Princes;;;;;;;;;;;;;x
MST_theocracy;Bismarck Ecclesiastical Union;;;;;;;;;;;;;x
MST_trade_unions_congress;Bismarck Workers' Council;;;;;;;;;;;;;x
MTC_absolute_monarchy;Miyu Kingdom;;;;;;;;;;;;;x
MTC_absolute_monarchy2;Miyu Hereditary Kingdom;;;;;;;;;;;;;x
MTC_democracy2;Miyu Parliamentary Republic;;;;;;;;;;;;;x
MTC_dominion2;Miyu Autonomous Federation;;;;;;;;;;;;;x
MTC_dominion3;Miyu Crown Dependency;;;;;;;;;;;;;x
MTC_hms_government2;Miyu Parliamentary Cabinet;;;;;;;;;;;;;x
MTC_prussian_constitutionalism;Miyu Privy Council;;;;;;;;;;;;;x
MTC_prussian_constitutionalism2;Miyu Royal Advisory Council;;;;;;;;;;;;;x
MTC_theocracy;Miyu Ecclesiastical Union;;;;;;;;;;;;;x
MTC_trade_unions_congress;Miyu Trade Union Congress;;;;;;;;;;;;;x
MTG_absolute_monarchy;Transatlantic Republic of Mato Grosso Empire;;;;;;;;;;;;;x
MTG_absolute_monarchy2;Transatlantic Republic of Mato Grosso Hereditary Empire;;;;;;;;;;;;;x
MTG_colonial_company;Transatlantic Republic of Mato Grosso Chartered Company Territory;;;;;;;;;;;;;x
MTG_democracy;Transatlantic Republic of Mato Grosso Atlantic Republic;;;;;;;;;;;;;x
MTG_democracy2;Transatlantic Republic of Mato Grosso Parliamentary Republic;;;;;;;;;;;;;x
MTG_dominion;Transatlantic Republic of Mato Grosso Dominion;;;;;;;;;;;;;x
MTG_dominion2;Transatlantic Republic of Mato Grosso Autonomous Federation;;;;;;;;;;;;;x
MTG_dominion3;Transatlantic Republic of Mato Grosso Crown Dependency;;;;;;;;;;;;;x
MTG_hms_government;Transatlantic Republic of Mato Grosso Constitutional Empire;;;;;;;;;;;;;x
MTG_hms_government2;Transatlantic Republic of Mato Grosso Parliamentary Cabinet;;;;;;;;;;;;;x
MTG_prussian_constitutionalism;Transatlantic Republic of Mato Grosso Imperial Council of State;;;;;;;;;;;;;x
MTG_prussian_constitutionalism2;Transatlantic Republic of Mato Grosso Royal Advisory Council;;;;;;;;;;;;;x
MTG_theocracy;Transatlantic Republic of Mato Grosso Bishopric;;;;;;;;;;;;;x
MTG_trade_unions_congress;Transatlantic Republic of Mato Grosso General Workers' Confederation;;;;;;;;;;;;;x
MTQ_absolute_monarchy;Colorado Kingdom;;;;;;;;;;;;;x
MTQ_absolute_monarchy2;Colorado Hereditary Kingdom;;;;;;;;;;;;;x
MTQ_colonial_company;Colorado Chartered Company Territory;;;;;;;;;;;;;x
MTQ_democracy;Colorado Republic;;;;;;;;;;;;;x
MTQ_democracy2;Colorado Parliamentary Republic;;;;;;;;;;;;;x
MTQ_dominion;Colorado Dominion;;;;;;;;;;;;;x
MTQ_dominion2;Colorado Autonomous Federation;;;;;;;;;;;;;x
MTQ_dominion3;Colorado Crown Dependency;;;;;;;;;;;;;x
MTQ_hms_government;Colorado Constitutional Kingdom;;;;;;;;;;;;;x
MTQ_hms_government2;Colorado Parliamentary Cabinet;;;;;;;;;;;;;x
MTQ_prussian_constitutionalism;Colorado Royal Council;;;;;;;;;;;;;x
MTQ_prussian_constitutionalism2;Colorado Royal Advisory Council;;;;;;;;;;;;;x
MTQ_theocracy;Colorado Bishopric;;;;;;;;;;;;;x
MTQ_trade_unions_congress;Colorado General Workers' Confederation;;;;;;;;;;;;;x
MUD_absolute_monarchy;Beagle Raj;;;;;;;;;;;;;x
MUD_absolute_monarchy2;Beagle Hereditary Raj;;;;;;;;;;;;;x
MUD_colonial_company;Beagle East India Company Territory;;;;;;;;;;;;;x
MUD_democracy;Beagle Republic;;;;;;;;;;;;;x
MUD_democracy2;Beagle Parliamentary Republic;;;;;;;;;;;;;x
MUD_dominion;Beagle Princely State;;;;;;;;;;;;;x
MUD_dominion2;Beagle Union of Princely States;;;;;;;;;;;;;x
MUD_dominion3;Beagle Crown Territory;;;;;;;;;;;;;x
MUD_hms_government;Beagle Constitutional Raj;;;;;;;;;;;;;x
MUD_hms_government2;Beagle Parliamentary Cabinet;;;;;;;;;;;;;x
MUD_prussian_constitutionalism;Beagle Durbar;;;;;;;;;;;;;x
MUD_prussian_constitutionalism2;Beagle Council of Princes;;;;;;;;;;;;;x
MUD_theocracy;Beagle Union of Temples;;;;;;;;;;;;;x
MUD_trade_unions_congress;Beagle General Confederation of Trade Unions;;;;;;;;;;;;;x
MUG_absolute_monarchy2;Cuora Hereditary Empire;;;;;;;;;;;;;x
MUG_democracy;Cuora Republic;;;;;;;;;;;;;x
MUG_democracy2;Cuora Parliamentary Republic;;;;;;;;;;;;;x
MUG_dominion;Cuora Princely State;;;;;;;;;;;;;x
MUG_dominion2;Cuora Union of Princely States;;;;;;;;;;;;;x
MUG_dominion3;Cuora Crown Territory;;;;;;;;;;;;;x
MUG_hms_government;Cuora Constitutional Empire;;;;;;;;;;;;;x
MUG_hms_government2;Cuora Parliamentary Cabinet;;;;;;;;;;;;;x
MUG_prussian_constitutionalism2;Cuora Council of Princes;;;;;;;;;;;;;x
MUG_theocracy;Cuora Imamate;;;;;;;;;;;;;x
MUG_trade_unions_congress;Cuora General Confederation of Trade Unions;;;;;;;;;;;;;x
MYA_absolute_monarchy2;Miyako Hereditary Empire;;;;;;;;;;;;;x
MYA_colonial_company;Miyako Chartered Company Territory;;;;;;;;;;;;;x
MYA_democracy2;Miyako Parliamentary Republic;;;;;;;;;;;;;x
MYA_dominion;Miyako Protectorate;;;;;;;;;;;;;x
MYA_dominion2;Miyako Union of Autonomous States;;;;;;;;;;;;;x
MYA_dominion3;Miyako Royal Protectorate;;;;;;;;;;;;;x
MYA_hms_government2;Miyako Parliamentary Cabinet;;;;;;;;;;;;;x
MYA_prussian_constitutionalism2;Miyako Council of Elder Chiefs;;;;;;;;;;;;;x
MYA_trade_unions_congress;Miyako Producers' Federation;;;;;;;;;;;;;x
MYN_absolute_monarchy;Folinic Khanate;;;;;;;;;;;;;x
MYN_absolute_monarchy2;Folinic Hereditary Khanate;;;;;;;;;;;;;x
MYN_colonial_company;Folinic Trading Company Territory;;;;;;;;;;;;;x
MYN_democracy;Folinic Republic;;;;;;;;;;;;;x
MYN_democracy2;Folinic Parliamentary Republic;;;;;;;;;;;;;x
MYN_dominion;Folinic Dominion;;;;;;;;;;;;;x
MYN_dominion2;Folinic Autonomous Federation;;;;;;;;;;;;;x
MYN_dominion3;Folinic Protected Emirate;;;;;;;;;;;;;x
MYN_hms_government;Folinic Constitutional Khanate;;;;;;;;;;;;;x
MYN_hms_government2;Folinic Parliamentary Cabinet;;;;;;;;;;;;;x
MYN_prussian_constitutionalism;Folinic Khanate Council;;;;;;;;;;;;;x
MYN_prussian_constitutionalism2;Folinic Council of Nobles;;;;;;;;;;;;;x
MYN_theocracy;Folinic Imamate;;;;;;;;;;;;;x
MYN_trade_unions_congress;Folinic Workers' Council;;;;;;;;;;;;;x
MYS_absolute_monarchy;Asbestos Kingdom;;;;;;;;;;;;;x
MYS_absolute_monarchy2;Asbestos Hereditary Kingdom;;;;;;;;;;;;;x
MYS_colonial_company;Asbestos East India Company Territory;;;;;;;;;;;;;x
MYS_democracy;Asbestos Republic;;;;;;;;;;;;;x
MYS_democracy2;Asbestos Parliamentary Republic;;;;;;;;;;;;;x
MYS_dominion;Asbestos Princely State;;;;;;;;;;;;;x
MYS_dominion2;Asbestos Union of Princely States;;;;;;;;;;;;;x
MYS_dominion3;Asbestos Crown Territory;;;;;;;;;;;;;x
MYS_hms_government;Asbestos Constitutional Kingdom;;;;;;;;;;;;;x
MYS_hms_government2;Asbestos Parliamentary Cabinet;;;;;;;;;;;;;x
MYS_prussian_constitutionalism;Asbestos Durbar;;;;;;;;;;;;;x
MYS_prussian_constitutionalism2;Asbestos Council of Princes;;;;;;;;;;;;;x
MYS_theocracy;Asbestos Union of Temples;;;;;;;;;;;;;x
MYS_trade_unions_congress;Asbestos General Confederation of Trade Unions;;;;;;;;;;;;;x
NAF_absolute_monarchy2;Saki Hereditary Kingdom;;;;;;;;;;;;;x
NAF_colonial_company;Saki Chartered Company Territory;;;;;;;;;;;;;x
NAF_democracy2;Saki Parliamentary Republic;;;;;;;;;;;;;x
NAF_dominion;Saki Dominion;;;;;;;;;;;;;x
NAF_dominion2;Saki Autonomous Federation;;;;;;;;;;;;;x
NAF_dominion3;Saki Crown Dependency;;;;;;;;;;;;;x
NAF_hms_government2;Saki Parliamentary Cabinet;;;;;;;;;;;;;x
NAF_prussian_constitutionalism2;Saki Royal Advisory Council;;;;;;;;;;;;;x
NAF_theocracy;Saki Ecclesiastical Union;;;;;;;;;;;;;x
NAF_trade_unions_congress;Saki General Workers' Confederation;;;;;;;;;;;;;x
NAG_absolute_monarchy;Ashlock Raj;;;;;;;;;;;;;x
NAG_absolute_monarchy2;Ashlock Hereditary Raj;;;;;;;;;;;;;x
NAG_colonial_company;Ashlock East India Company Territory;;;;;;;;;;;;;x
NAG_democracy;Ashlock Republic;;;;;;;;;;;;;x
NAG_democracy2;Ashlock Parliamentary Republic;;;;;;;;;;;;;x
NAG_dominion;Ashlock Princely State;;;;;;;;;;;;;x
NAG_dominion2;Ashlock Union of Princely States;;;;;;;;;;;;;x
NAG_dominion3;Ashlock Crown Territory;;;;;;;;;;;;;x
NAG_hms_government;Ashlock Constitutional Raj;;;;;;;;;;;;;x
NAG_hms_government2;Ashlock Parliamentary Cabinet;;;;;;;;;;;;;x
NAG_prussian_constitutionalism;Ashlock Durbar;;;;;;;;;;;;;x
NAG_prussian_constitutionalism2;Ashlock Council of Princes;;;;;;;;;;;;;x
NAG_theocracy;Ashlock Union of Temples;;;;;;;;;;;;;x
NAG_trade_unions_congress;Ashlock General Confederation of Trade Unions;;;;;;;;;;;;;x
NAL_absolute_monarchy;Natalia Kingdom;;;;;;;;;;;;;x
NAL_absolute_monarchy2;Natalia Hereditary Kingdom;;;;;;;;;;;;;x
NAL_democracy;Natalia Free Republic;;;;;;;;;;;;;x
NAL_democracy2;Natalia Citizens' Assembly;;;;;;;;;;;;;x
NAL_dominion2;Natalia Autonomous Federation;;;;;;;;;;;;;x
NAL_dominion3;Natalia Crown Dependency;;;;;;;;;;;;;x
NAL_hms_government;Natalia Constitutional Kingdom;;;;;;;;;;;;;x
NAL_hms_government2;Natalia Parliamentary Cabinet;;;;;;;;;;;;;x
NAL_prussian_constitutionalism;Natalia Citizens' Council;;;;;;;;;;;;;x
NAL_prussian_constitutionalism2;Natalia Royal Advisory Council;;;;;;;;;;;;;x
NAL_theocracy;Natalia Ecclesiastical Union;;;;;;;;;;;;;x
NAL_trade_unions_congress;Natalia Trade Union Confederation;;;;;;;;;;;;;x
NAN_absolute_monarchy;Reno Kingdom;;;;;;;;;;;;;x
NAN_absolute_monarchy2;Reno Hereditary Kingdom;;;;;;;;;;;;;x
NAN_colonial_company;Reno Chartered Company Territory;;;;;;;;;;;;;x
NAN_democracy;Reno United Republic;;;;;;;;;;;;;x
NAN_democracy2;Reno Parliamentary Republic;;;;;;;;;;;;;x
NAN_dominion;Reno Dominion;;;;;;;;;;;;;x
NAN_dominion2;Reno Autonomous Federation;;;;;;;;;;;;;x
NAN_dominion3;Reno Crown Dependency;;;;;;;;;;;;;x
NAN_hms_government;Reno Constitutional Kingdom;;;;;;;;;;;;;x
NAN_hms_government2;Reno Parliamentary Cabinet;;;;;;;;;;;;;x
NAN_prussian_constitutionalism;Reno Parliament of Nobles;;;;;;;;;;;;;x
NAN_prussian_constitutionalism2;Reno Royal Advisory Council;;;;;;;;;;;;;x
NAN_theocracy;Reno Ecclesiastical Union;;;;;;;;;;;;;x
NAN_trade_unions_congress;Reno Trade Union Confederation;;;;;;;;;;;;;x
NAS_absolute_monarchy2;Tirpitz Hereditary Duchy;;;;;;;;;;;;;x
NAS_democracy2;Tirpitz City Republic;;;;;;;;;;;;;x
NAS_dominion2;Tirpitz Autonomous Federation;;;;;;;;;;;;;x
NAS_dominion3;Tirpitz Crown Territory;;;;;;;;;;;;;x
NAS_hms_government2;Tirpitz Territorial Cabinet;;;;;;;;;;;;;x
NAS_prussian_constitutionalism2;Tirpitz Council of Princes;;;;;;;;;;;;;x
NAS_theocracy;Tirpitz Ecclesiastical Union;;;;;;;;;;;;;x
NAS_trade_unions_congress;Tirpitz Workers' Council;;;;;;;;;;;;;x
NBR_absolute_monarchy;Firefly Kingdom;;;;;;;;;;;;;x
NBR_absolute_monarchy2;Firefly Hereditary Kingdom;;;;;;;;;;;;;x
NBR_democracy;Firefly Republic;;;;;;;;;;;;;x
NBR_democracy2;Firefly Parliamentary Republic;;;;;;;;;;;;;x
NBR_dominion2;Firefly Autonomous Federation;;;;;;;;;;;;;x
NBR_dominion3;Firefly Crown Dependency;;;;;;;;;;;;;x
NBR_hms_government;Firefly Constitutional Kingdom;;;;;;;;;;;;;x
NBR_hms_government2;Firefly Parliamentary Cabinet;;;;;;;;;;;;;x
NBR_prussian_constitutionalism;Firefly Privy Council;;;;;;;;;;;;;x
NBR_prussian_constitutionalism2;Firefly Royal Advisory Council;;;;;;;;;;;;;x
NBR_theocracy;Firefly Ecclesiastical Union;;;;;;;;;;;;;x
NBR_trade_unions_congress;Firefly Trade Union Congress;;;;;;;;;;;;;x
NCT_absolute_monarchy;Ulrich Von Hutten Duchy;;;;;;;;;;;;;x
NCT_absolute_monarchy2;Ulrich Von Hutten Hereditary Duchy;;;;;;;;;;;;;x
NCT_colonial_company;Ulrich Von Hutten Chartered Company Territory;;;;;;;;;;;;;x
NCT_democracy;Ulrich Von Hutten Free State;;;;;;;;;;;;;x
NCT_democracy2;Ulrich Von Hutten City Republic;;;;;;;;;;;;;x
NCT_dominion;Ulrich Von Hutten Dominion;;;;;;;;;;;;;x
NCT_dominion2;Ulrich Von Hutten Autonomous Federation;;;;;;;;;;;;;x
NCT_dominion3;Ulrich Von Hutten Crown Territory;;;;;;;;;;;;;x
NCT_hms_government;Ulrich Von Hutten Constitutional Duchy;;;;;;;;;;;;;x
NCT_hms_government2;Ulrich Von Hutten Territorial Cabinet;;;;;;;;;;;;;x
NCT_prussian_constitutionalism;Ulrich Von Hutten Territorial Diet;;;;;;;;;;;;;x
NCT_prussian_constitutionalism2;Ulrich Von Hutten Council of Princes;;;;;;;;;;;;;x
NCT_theocracy;Ulrich Von Hutten Ecclesiastical Union;;;;;;;;;;;;;x
NCT_trade_unions_congress;Ulrich Von Hutten Workers' Council;;;;;;;;;;;;;x
NEJ_absolute_monarchy2;Vulcan Hereditary Emirate;;;;;;;;;;;;;x
NEJ_colonial_company;Vulcan Trading Company Territory;;;;;;;;;;;;;x
NEJ_democracy;Vulcan Republic;;;;;;;;;;;;;x
NEJ_democracy2;Vulcan Parliamentary Republic;;;;;;;;;;;;;x
NEJ_dominion;Vulcan Dominion;;;;;;;;;;;;;x
NEJ_dominion2;Vulcan Autonomous Federation;;;;;;;;;;;;;x
NEJ_dominion3;Vulcan Protected Emirate;;;;;;;;;;;;;x
NEJ_hms_government2;Vulcan Parliamentary Cabinet;;;;;;;;;;;;;x
NEJ_prussian_constitutionalism2;Vulcan Council of Nobles;;;;;;;;;;;;;x
NEJ_theocracy;Vulcan Imamate;;;;;;;;;;;;;x
NEJ_trade_unions_congress;Vulcan General Confederation of Trade Unions;;;;;;;;;;;;;x
NEN_absolute_monarchy;Sparkle Kingdom;;;;;;;;;;;;;x
NEN_absolute_monarchy2;Sparkle Hereditary Kingdom;;;;;;;;;;;;;x
NEN_colonial_company;Sparkle Chartered Company Territory;;;;;;;;;;;;;x
NEN_democracy;Sparkle Federal Republic;;;;;;;;;;;;;x
NEN_democracy2;Sparkle Parliamentary Republic;;;;;;;;;;;;;x
NEN_dominion2;Sparkle Autonomous Federation;;;;;;;;;;;;;x
NEN_dominion3;Sparkle Crown Dependency;;;;;;;;;;;;;x
NEN_hms_government;Sparkle Constitutional Kingdom;;;;;;;;;;;;;x
NEN_hms_government2;Sparkle Parliamentary Cabinet;;;;;;;;;;;;;x
NEN_prussian_constitutionalism;Sparkle Royal Parliament;;;;;;;;;;;;;x
NEN_prussian_constitutionalism2;Sparkle Royal Advisory Council;;;;;;;;;;;;;x
NEN_theocracy;Sparkle Ecclesiastical Union;;;;;;;;;;;;;x
NEN_trade_unions_congress;Sparkle Federation of Industrial Unions;;;;;;;;;;;;;x
NEP_absolute_monarchy;Ascalon Kingdom;;;;;;;;;;;;;x
NEP_absolute_monarchy2;Ascalon Hereditary Kingdom;;;;;;;;;;;;;x
NEP_colonial_company;Ascalon East India Company Territory;;;;;;;;;;;;;x
NEP_democracy;Ascalon Republic;;;;;;;;;;;;;x
NEP_democracy2;Ascalon Parliamentary Republic;;;;;;;;;;;;;x
NEP_dominion;Ascalon Princely State;;;;;;;;;;;;;x
NEP_dominion2;Ascalon Union of Princely States;;;;;;;;;;;;;x
NEP_dominion3;Ascalon Crown Territory;;;;;;;;;;;;;x
NEP_hms_government;Ascalon Constitutional Kingdom;;;;;;;;;;;;;x
NEP_hms_government2;Ascalon Parliamentary Cabinet;;;;;;;;;;;;;x
NEP_prussian_constitutionalism;Ascalon Durbar;;;;;;;;;;;;;x
NEP_prussian_constitutionalism2;Ascalon Council of Princes;;;;;;;;;;;;;x
NEP_theocracy;Ascalon Sangha State;;;;;;;;;;;;;x
NEP_trade_unions_congress;Ascalon General Confederation of Trade Unions;;;;;;;;;;;;;x
NET_absolute_monarchy;Van Gogh Kingdom;;;;;;;;;;;;;x
NET_absolute_monarchy2;Van Gogh Hereditary Kingdom;;;;;;;;;;;;;x
NET_democracy;Van Gogh United Republic;;;;;;;;;;;;;x
NET_democracy2;Van Gogh Batavian Republic;;;;;;;;;;;;;x
NET_dominion;Van Gogh Dominion;;;;;;;;;;;;;x
NET_dominion2;Van Gogh Autonomous Federation;;;;;;;;;;;;;x
NET_dominion3;Van Gogh Crown Dependency;;;;;;;;;;;;;x
NET_hms_government;Van Gogh Constitutional Kingdom;;;;;;;;;;;;;x
NET_hms_government2;Van Gogh Parliamentary Cabinet;;;;;;;;;;;;;x
NET_prussian_constitutionalism;Van Gogh States General;;;;;;;;;;;;;x
NET_prussian_constitutionalism2;Van Gogh Royal Advisory Council;;;;;;;;;;;;;x
NET_theocracy;Van Gogh Ecclesiastical Union;;;;;;;;;;;;;x
NET_trade_unions_congress;Van Gogh Trade Union Confederation;;;;;;;;;;;;;x
NEW_absolute_monarchy;Robin Kingdom;;;;;;;;;;;;;x
NEW_absolute_monarchy2;Robin Hereditary Kingdom;;;;;;;;;;;;;x
NEW_democracy2;Robin Parliamentary Republic;;;;;;;;;;;;;x
NEW_dominion2;Robin Autonomous Federation;;;;;;;;;;;;;x
NEW_dominion3;Robin Crown Dependency;;;;;;;;;;;;;x
NEW_hms_government;Robin Constitutional Kingdom;;;;;;;;;;;;;x
NEW_hms_government2;Robin Parliamentary Cabinet;;;;;;;;;;;;;x
NEW_prussian_constitutionalism;Robin Privy Council;;;;;;;;;;;;;x
NEW_prussian_constitutionalism2;Robin Royal Advisory Council;;;;;;;;;;;;;x
NEW_theocracy;Robin Ecclesiastical Union;;;;;;;;;;;;;x
NEW_trade_unions_congress;Robin Trade Union Congress;;;;;;;;;;;;;x
NGA_absolute_monarchy;Kafka Grand Chiefdom;;;;;;;;;;;;;x
NGA_absolute_monarchy2;Kafka Dynasty;;;;;;;;;;;;;x
NGA_colonial_company;Kafka Chartered Company Territory;;;;;;;;;;;;;x
NGA_democracy;Kafka Tribal Republic;;;;;;;;;;;;;x
NGA_democracy2;Kafka Parliamentary Republic;;;;;;;;;;;;;x
NGA_dominion;Kafka Protectorate;;;;;;;;;;;;;x
NGA_dominion2;Kafka Union of Autonomous States;;;;;;;;;;;;;x
NGA_dominion3;Kafka Royal Protectorate;;;;;;;;;;;;;x
NGA_hms_government;Kafka Constitutional Chiefdom;;;;;;;;;;;;;x
NGA_hms_government2;Kafka Parliamentary Cabinet;;;;;;;;;;;;;x
NGA_prussian_constitutionalism;Kafka Council of Tribal Elders;;;;;;;;;;;;;x
NGA_prussian_constitutionalism2;Kafka Council of Elder Chiefs;;;;;;;;;;;;;x
NGA_theocracy;Kafka Priestly State;;;;;;;;;;;;;x
NGA_trade_unions_congress;Kafka Producers' Federation;;;;;;;;;;;;;x
NGR_absolute_monarchy;Flint Kingdom;;;;;;;;;;;;;x
NGR_absolute_monarchy2;Flint Hereditary Kingdom;;;;;;;;;;;;;x
NGR_democracy;Flint Republic;;;;;;;;;;;;;x
NGR_democracy2;Flint Parliamentary Republic;;;;;;;;;;;;;x
NGR_dominion2;Flint Union of Autonomous States;;;;;;;;;;;;;x
NGR_dominion3;Flint Royal Protectorate;;;;;;;;;;;;;x
NGR_hms_government;Flint Constitutional Kingdom;;;;;;;;;;;;;x
NGR_hms_government2;Flint Parliamentary Cabinet;;;;;;;;;;;;;x
NGR_prussian_constitutionalism;Flint Royal Council of Elders;;;;;;;;;;;;;x
NGR_prussian_constitutionalism2;Flint Council of Elder Chiefs;;;;;;;;;;;;;x
NGR_theocracy;Flint Ecclesiastical Union;;;;;;;;;;;;;x
NGR_trade_unions_congress;Flint Trade Union Confederation;;;;;;;;;;;;;x
NIA_absolute_monarchy2;Khun Maschenny Zahard Imperial Court;;;;;;;;;;;;;x
NIA_colonial_company;Khun Maschenny Zahard Concession;;;;;;;;;;;;;x
NIA_democracy;Khun Maschenny Zahard Republic;;;;;;;;;;;;;x
NIA_democracy2;Khun Maschenny Zahard Federal Republic;;;;;;;;;;;;;x
NIA_dominion;Khun Maschenny Zahard Autonomous Province;;;;;;;;;;;;;x
NIA_dominion2;Khun Maschenny Zahard Federal Government;;;;;;;;;;;;;x
NIA_dominion3;Khun Maschenny Zahard Tributary Territory;;;;;;;;;;;;;x
NIA_hms_government;Khun Maschenny Zahard Responsible Cabinet;;;;;;;;;;;;;x
NIA_hms_government2;Khun Maschenny Zahard Parliamentary Cabinet;;;;;;;;;;;;;x
NIA_prussian_constitutionalism;Khun Maschenny Zahard Advisory Council;;;;;;;;;;;;;x
NIA_prussian_constitutionalism2;Khun Maschenny Zahard State Advisory Council;;;;;;;;;;;;;x
NIA_theocracy;Khun Maschenny Zahard Confucian Imperial State;;;;;;;;;;;;;x
NIA_trade_unions_congress;Khun Maschenny Zahard General Labor Union;;;;;;;;;;;;;x
NIC_absolute_monarchy;Mavuika Kingdom;;;;;;;;;;;;;x
NIC_absolute_monarchy2;Mavuika Hereditary Kingdom;;;;;;;;;;;;;x
NIC_democracy2;Mavuika Parliamentary Republic;;;;;;;;;;;;;x
NIC_dominion;Mavuika Dominion;;;;;;;;;;;;;x
NIC_dominion2;Mavuika Autonomous Federation;;;;;;;;;;;;;x
NIC_dominion3;Mavuika Crown Dependency;;;;;;;;;;;;;x
NIC_hms_government;Mavuika Constitutional Kingdom;;;;;;;;;;;;;x
NIC_hms_government2;Mavuika Parliamentary Cabinet;;;;;;;;;;;;;x
NIC_prussian_constitutionalism;Mavuika Royal Council;;;;;;;;;;;;;x
NIC_prussian_constitutionalism2;Mavuika Royal Advisory Council;;;;;;;;;;;;;x
NIC_theocracy;Mavuika Bishopric;;;;;;;;;;;;;x
NIC_trade_unions_congress;Mavuika General Workers' Confederation;;;;;;;;;;;;;x
NIG_absolute_monarchy2;Niger Hereditary Sultanate;;;;;;;;;;;;;x
NIG_colonial_company;Niger Trading Company Territory;;;;;;;;;;;;;x
NIG_democracy;Niger Republic;;;;;;;;;;;;;x
NIG_democracy2;Niger Parliamentary Republic;;;;;;;;;;;;;x
NIG_dominion;Niger Dominion;;;;;;;;;;;;;x
NIG_dominion2;Niger Autonomous Federation;;;;;;;;;;;;;x
NIG_dominion3;Niger Protected Emirate;;;;;;;;;;;;;x
NIG_hms_government2;Niger Parliamentary Cabinet;;;;;;;;;;;;;x
NIG_prussian_constitutionalism2;Niger Council of Nobles;;;;;;;;;;;;;x
NIG_theocracy;Niger Imamate;;;;;;;;;;;;;x
NIG_trade_unions_congress;Niger General Confederation of Trade Unions;;;;;;;;;;;;;x
NKO_absolute_monarchy;Nkore Kingdom;;;;;;;;;;;;;x
NKO_absolute_monarchy2;Nkore Hereditary Kingdom;;;;;;;;;;;;;x
NKO_colonial_company;Nkore Chartered Company Territory;;;;;;;;;;;;;x
NKO_democracy;Nkore Republic;;;;;;;;;;;;;x
NKO_democracy2;Nkore Parliamentary Republic;;;;;;;;;;;;;x
NKO_dominion;Nkore Protectorate;;;;;;;;;;;;;x
NKO_dominion2;Nkore Union of Autonomous States;;;;;;;;;;;;;x
NKO_dominion3;Nkore Royal Protectorate;;;;;;;;;;;;;x
NKO_hms_government;Nkore Constitutional Kingdom;;;;;;;;;;;;;x
NKO_hms_government2;Nkore Parliamentary Cabinet;;;;;;;;;;;;;x
NKO_prussian_constitutionalism;Nkore Royal Council of Elders;;;;;;;;;;;;;x
NKO_prussian_constitutionalism2;Nkore Council of Elder Chiefs;;;;;;;;;;;;;x
NKO_theocracy;Nkore Priestly State;;;;;;;;;;;;;x
NKO_trade_unions_congress;Nkore Trade Union Confederation;;;;;;;;;;;;;x
NMB_absolute_monarchy;Namibia Grand Chiefdom;;;;;;;;;;;;;x
NMB_absolute_monarchy2;Namibia Dynasty;;;;;;;;;;;;;x
NMB_democracy;Namibia Tribal Republic;;;;;;;;;;;;;x
NMB_democracy2;Namibia Parliamentary Republic;;;;;;;;;;;;;x
NMB_dominion;Namibia Protectorate;;;;;;;;;;;;;x
NMB_dominion2;Namibia Union of Autonomous States;;;;;;;;;;;;;x
NMB_dominion3;Namibia Royal Protectorate;;;;;;;;;;;;;x
NMB_hms_government;Namibia Constitutional Chiefdom;;;;;;;;;;;;;x
NMB_hms_government2;Namibia Parliamentary Cabinet;;;;;;;;;;;;;x
NMB_prussian_constitutionalism;Namibia Council of Tribal Elders;;;;;;;;;;;;;x
NMB_prussian_constitutionalism2;Namibia Council of Elder Chiefs;;;;;;;;;;;;;x
NMB_theocracy;Namibia Priestly State;;;;;;;;;;;;;x
NMB_trade_unions_congress;Namibia Producers' Federation;;;;;;;;;;;;;x
NOR_absolute_monarchy;Karlan Trade Kingdom;;;;;;;;;;;;;x
NOR_absolute_monarchy2;Karlan Trade Hereditary Kingdom;;;;;;;;;;;;;x
NOR_colonial_company;Karlan Trade Chartered Company Territory;;;;;;;;;;;;;x
NOR_democracy;Karlan Trade Republic;;;;;;;;;;;;;x
NOR_democracy2;Karlan Trade Parliamentary Republic;;;;;;;;;;;;;x
NOR_dominion;Karlan Trade Dominion;;;;;;;;;;;;;x
NOR_dominion2;Karlan Trade Autonomous Federation;;;;;;;;;;;;;x
NOR_dominion3;Karlan Trade Crown Dependency;;;;;;;;;;;;;x
NOR_hms_government;Karlan Trade Constitutional Kingdom;;;;;;;;;;;;;x
NOR_hms_government2;Karlan Trade Parliamentary Cabinet;;;;;;;;;;;;;x
NOR_prussian_constitutionalism;Karlan Trade Storting;;;;;;;;;;;;;x
NOR_prussian_constitutionalism2;Karlan Trade Royal Advisory Council;;;;;;;;;;;;;x
NOR_theocracy;Karlan Trade Ecclesiastical Union;;;;;;;;;;;;;x
NOR_trade_unions_congress;Karlan Trade Trade Union Confederation;;;;;;;;;;;;;x
NPL_absolute_monarchy2;Ambriel Hereditary Kingdom;;;;;;;;;;;;;x
NPL_colonial_company;Ambriel Chartered Company Territory;;;;;;;;;;;;;x
NPL_democracy2;Ambriel Parliamentary Republic;;;;;;;;;;;;;x
NPL_dominion;Ambriel Dominion;;;;;;;;;;;;;x
NPL_dominion2;Ambriel Autonomous Federation;;;;;;;;;;;;;x
NPL_dominion3;Ambriel Crown Dependency;;;;;;;;;;;;;x
NPL_hms_government2;Ambriel Parliamentary Cabinet;;;;;;;;;;;;;x
NPL_prussian_constitutionalism2;Ambriel Royal Advisory Council;;;;;;;;;;;;;x
NPL_theocracy;Ambriel Bishopric;;;;;;;;;;;;;x
NPL_trade_unions_congress;Ambriel Federation of Guilds;;;;;;;;;;;;;x
NRM_absolute_monarchy;Navia Kingdom;;;;;;;;;;;;;x
NRM_absolute_monarchy2;Navia Hereditary Kingdom;;;;;;;;;;;;;x
NRM_colonial_company;Navia Chartered Company Territory;;;;;;;;;;;;;x
NRM_democracy;Navia Republic;;;;;;;;;;;;;x
NRM_democracy2;Navia Parliamentary Republic;;;;;;;;;;;;;x
NRM_dominion;Navia Dominion;;;;;;;;;;;;;x
NRM_dominion2;Navia Autonomous Federation;;;;;;;;;;;;;x
NRM_dominion3;Navia Crown Dependency;;;;;;;;;;;;;x
NRM_hms_government;Navia Constitutional Kingdom;;;;;;;;;;;;;x
NRM_hms_government2;Navia Parliamentary Cabinet;;;;;;;;;;;;;x
NRM_prussian_constitutionalism;Navia Royal Council of State;;;;;;;;;;;;;x
NRM_prussian_constitutionalism2;Navia Royal Advisory Council;;;;;;;;;;;;;x
NRM_theocracy;Navia Bishopric;;;;;;;;;;;;;x
NRM_trade_unions_congress;Navia General Labor Confederation;;;;;;;;;;;;;x
NSC_absolute_monarchy;Melusine Kingdom;;;;;;;;;;;;;x
NSC_absolute_monarchy2;Melusine Hereditary Kingdom;;;;;;;;;;;;;x
NSC_democracy;Melusine Republic;;;;;;;;;;;;;x
NSC_democracy2;Melusine Parliamentary Republic;;;;;;;;;;;;;x
NSC_dominion2;Melusine Autonomous Federation;;;;;;;;;;;;;x
NSC_dominion3;Melusine Crown Dependency;;;;;;;;;;;;;x
NSC_hms_government;Melusine Constitutional Kingdom;;;;;;;;;;;;;x
NSC_hms_government2;Melusine Parliamentary Cabinet;;;;;;;;;;;;;x
NSC_prussian_constitutionalism;Melusine Privy Council;;;;;;;;;;;;;x
NSC_prussian_constitutionalism2;Melusine Royal Advisory Council;;;;;;;;;;;;;x
NSC_theocracy;Melusine Ecclesiastical Union;;;;;;;;;;;;;x
NSC_trade_unions_congress;Melusine Trade Union Congress;;;;;;;;;;;;;x
NYE_absolute_monarchy2;Fluorite Hereditary Kingdom;;;;;;;;;;;;;x
NYE_colonial_company;Fluorite Trading Company Territory;;;;;;;;;;;;;x
NYE_democracy2;Fluorite Parliamentary Republic;;;;;;;;;;;;;x
NYE_dominion;Fluorite Dominion;;;;;;;;;;;;;x
NYE_dominion2;Fluorite Autonomous Federation;;;;;;;;;;;;;x
NYE_dominion3;Fluorite Protected Emirate;;;;;;;;;;;;;x
NYE_hms_government2;Fluorite Parliamentary Cabinet;;;;;;;;;;;;;x
NYE_prussian_constitutionalism2;Fluorite Council of Nobles;;;;;;;;;;;;;x
NYE_trade_unions_congress;Fluorite General Confederation of Trade Unions;;;;;;;;;;;;;x
NZF_absolute_monarchy;Hasumi Kingdom;;;;;;;;;;;;;x
NZF_absolute_monarchy2;Hasumi Hereditary Kingdom;;;;;;;;;;;;;x
NZF_democracy;Hasumi Republic;;;;;;;;;;;;;x
NZF_democracy2;Hasumi Parliamentary Republic;;;;;;;;;;;;;x
NZF_dominion2;Hasumi Autonomous Federation;;;;;;;;;;;;;x
NZF_dominion3;Hasumi Crown Dependency;;;;;;;;;;;;;x
NZF_hms_government;Hasumi Constitutional Kingdom;;;;;;;;;;;;;x
NZF_hms_government2;Hasumi Parliamentary Cabinet;;;;;;;;;;;;;x
NZF_prussian_constitutionalism;Hasumi Royal Council of State;;;;;;;;;;;;;x
NZF_prussian_constitutionalism2;Hasumi Royal Advisory Council;;;;;;;;;;;;;x
NZF_theocracy;Hasumi Bishopric;;;;;;;;;;;;;x
NZF_trade_unions_congress;Hasumi General Labor Confederation;;;;;;;;;;;;;x
NZL_absolute_monarchy2;Hifumi Hereditary Kingdom;;;;;;;;;;;;;x
NZL_democracy;Hifumi Republic;;;;;;;;;;;;;x
NZL_democracy2;Hifumi Parliamentary Republic;;;;;;;;;;;;;x
NZL_dominion2;Hifumi Autonomous Federation;;;;;;;;;;;;;x
NZL_dominion3;Hifumi Crown Dependency;;;;;;;;;;;;;x
NZL_hms_government2;Hifumi Parliamentary Cabinet;;;;;;;;;;;;;x
NZL_prussian_constitutionalism2;Hifumi Royal Advisory Council;;;;;;;;;;;;;x
NZL_theocracy;Hifumi Ecclesiastical Union;;;;;;;;;;;;;x
NZL_trade_unions_congress;Hifumi Trade Union Congress;;;;;;;;;;;;;x
OAX_absolute_monarchy;Acheron Kingdom;;;;;;;;;;;;;x
OAX_absolute_monarchy2;Acheron Hereditary Kingdom;;;;;;;;;;;;;x
OAX_colonial_company;Acheron Chartered Company Territory;;;;;;;;;;;;;x
OAX_democracy2;Acheron Parliamentary Republic;;;;;;;;;;;;;x
OAX_dominion;Acheron Dominion;;;;;;;;;;;;;x
OAX_dominion2;Acheron Autonomous Federation;;;;;;;;;;;;;x
OAX_dominion3;Acheron Crown Dependency;;;;;;;;;;;;;x
OAX_hms_government;Acheron Constitutional Kingdom;;;;;;;;;;;;;x
OAX_hms_government2;Acheron Parliamentary Cabinet;;;;;;;;;;;;;x
OAX_prussian_constitutionalism;Acheron Royal Council;;;;;;;;;;;;;x
OAX_prussian_constitutionalism2;Acheron Royal Advisory Council;;;;;;;;;;;;;x
OAX_theocracy;Acheron Bishopric;;;;;;;;;;;;;x
OAX_trade_unions_congress;Acheron General Workers' Confederation;;;;;;;;;;;;;x
OCC_absolute_monarchy;Charlotte Kingdom;;;;;;;;;;;;;x
OCC_absolute_monarchy2;Charlotte Hereditary Kingdom;;;;;;;;;;;;;x
OCC_colonial_company;Charlotte Chartered Company Territory;;;;;;;;;;;;;x
OCC_democracy;Charlotte Republic;;;;;;;;;;;;;x
OCC_democracy2;Charlotte Parliamentary Republic;;;;;;;;;;;;;x
OCC_dominion;Charlotte Dominion;;;;;;;;;;;;;x
OCC_dominion2;Charlotte Autonomous Federation;;;;;;;;;;;;;x
OCC_dominion3;Charlotte Crown Dependency;;;;;;;;;;;;;x
OCC_hms_government;Charlotte Constitutional Kingdom;;;;;;;;;;;;;x
OCC_hms_government2;Charlotte Parliamentary Cabinet;;;;;;;;;;;;;x
OCC_prussian_constitutionalism;Charlotte Royal Council of State;;;;;;;;;;;;;x
OCC_prussian_constitutionalism2;Charlotte Royal Advisory Council;;;;;;;;;;;;;x
OCC_theocracy;Charlotte Bishopric;;;;;;;;;;;;;x
OCC_trade_unions_congress;Charlotte General Labor Confederation;;;;;;;;;;;;;x
OLD_absolute_monarchy2;Friedrich Der Grosse Hereditary Grand Duchy;;;;;;;;;;;;;x
OLD_democracy2;Friedrich Der Grosse City Republic;;;;;;;;;;;;;x
OLD_dominion2;Friedrich Der Grosse Autonomous Federation;;;;;;;;;;;;;x
OLD_dominion3;Friedrich Der Grosse Crown Territory;;;;;;;;;;;;;x
OLD_hms_government2;Friedrich Der Grosse Territorial Cabinet;;;;;;;;;;;;;x
OLD_prussian_constitutionalism2;Friedrich Der Grosse Council of Princes;;;;;;;;;;;;;x
OLD_theocracy;Friedrich Der Grosse Ecclesiastical Union;;;;;;;;;;;;;x
OLD_trade_unions_congress;Friedrich Der Grosse Workers' Council;;;;;;;;;;;;;x
OMA_absolute_monarchy2;Greythroat Hereditary Sultanate;;;;;;;;;;;;;x
OMA_colonial_company;Greythroat Trading Company Territory;;;;;;;;;;;;;x
OMA_democracy;Greythroat Republic;;;;;;;;;;;;;x
OMA_democracy2;Greythroat Parliamentary Republic;;;;;;;;;;;;;x
OMA_dominion;Greythroat Dominion;;;;;;;;;;;;;x
OMA_dominion2;Greythroat Autonomous Federation;;;;;;;;;;;;;x
OMA_dominion3;Greythroat Protected Emirate;;;;;;;;;;;;;x
OMA_hms_government2;Greythroat Parliamentary Cabinet;;;;;;;;;;;;;x
OMA_prussian_constitutionalism2;Greythroat Council of Nobles;;;;;;;;;;;;;x
OMA_theocracy;Greythroat Imamate;;;;;;;;;;;;;x
OMA_trade_unions_congress;Greythroat General Confederation of Trade Unions;;;;;;;;;;;;;x
ORA_absolute_monarchy;Orange Kingdom;;;;;;;;;;;;;x
ORA_absolute_monarchy2;Orange Hereditary Kingdom;;;;;;;;;;;;;x
ORA_colonial_company;Orange Chartered Company Territory;;;;;;;;;;;;;x
ORA_democracy;Oranje;;;;;;;;;;;;;x
ORA_dominion;Orange Autonomous Republic;;;;;;;;;;;;;x
ORA_dominion2;Orange Autonomous Federation;;;;;;;;;;;;;x
ORA_dominion3;Orange Crown Dependency;;;;;;;;;;;;;x
ORA_hms_government;Orange Constitutional Kingdom;;;;;;;;;;;;;x
ORA_hms_government2;Orange Parliamentary Cabinet;;;;;;;;;;;;;x
ORA_prussian_constitutionalism;Orange Citizens' Council;;;;;;;;;;;;;x
ORA_prussian_constitutionalism2;Orange Royal Advisory Council;;;;;;;;;;;;;x
ORA_theocracy;Orange Ecclesiastical Union;;;;;;;;;;;;;x
ORA_trade_unions_congress;Orange Trade Union Confederation;;;;;;;;;;;;;x
ORI_absolute_monarchy2;Meteorite Hereditary Raj;;;;;;;;;;;;;x
ORI_colonial_company;Meteorite East India Company Territory;;;;;;;;;;;;;x
ORI_democracy;Meteorite Republic;;;;;;;;;;;;;x
ORI_democracy2;Meteorite Parliamentary Republic;;;;;;;;;;;;;x
ORI_dominion;Meteorite Princely State;;;;;;;;;;;;;x
ORI_dominion2;Meteorite Union of Princely States;;;;;;;;;;;;;x
ORI_dominion3;Meteorite Crown Territory;;;;;;;;;;;;;x
ORI_hms_government;Meteorite Constitutional Raj;;;;;;;;;;;;;x
ORI_hms_government2;Meteorite Parliamentary Cabinet;;;;;;;;;;;;;x
ORI_prussian_constitutionalism;Meteorite Durbar;;;;;;;;;;;;;x
ORI_prussian_constitutionalism2;Meteorite Council of Princes;;;;;;;;;;;;;x
ORI_theocracy;Meteorite Union of Temples;;;;;;;;;;;;;x
ORI_trade_unions_congress;Meteorite General Confederation of Trade Unions;;;;;;;;;;;;;x
OYO_absolute_monarchy;Oyo;;;;;;;;;;;;;x
OYO_absolute_monarchy2;Oyo Hereditary Empire;;;;;;;;;;;;;x
OYO_colonial_company;Oyo Chartered Company Territory;;;;;;;;;;;;;x
OYO_democracy;Oyo Republic;;;;;;;;;;;;;x
OYO_democracy2;Oyo Parliamentary Republic;;;;;;;;;;;;;x
OYO_dominion;Oyo Protectorate;;;;;;;;;;;;;x
OYO_dominion2;Oyo Union of Autonomous States;;;;;;;;;;;;;x
OYO_dominion3;Oyo Royal Protectorate;;;;;;;;;;;;;x
OYO_hms_government;Oyo Constitutional Empire;;;;;;;;;;;;;x
OYO_hms_government2;Oyo Parliamentary Cabinet;;;;;;;;;;;;;x
OYO_prussian_constitutionalism;Oyo Royal Council of Elders;;;;;;;;;;;;;x
OYO_prussian_constitutionalism2;Oyo Council of Elder Chiefs;;;;;;;;;;;;;x
OYO_theocracy;Oyo Priestly State;;;;;;;;;;;;;x
OYO_trade_unions_congress;Oyo Trade Union Confederation;;;;;;;;;;;;;x
PAC_absolute_monarchy;Chevreuse Kingdom;;;;;;;;;;;;;x
PAC_absolute_monarchy2;Chevreuse Hereditary Kingdom;;;;;;;;;;;;;x
PAC_colonial_company;Chevreuse Chartered Company Territory;;;;;;;;;;;;;x
PAC_democracy;Chevreuse Republic;;;;;;;;;;;;;x
PAC_democracy2;Chevreuse Parliamentary Republic;;;;;;;;;;;;;x
PAC_dominion;Chevreuse Dominion;;;;;;;;;;;;;x
PAC_dominion2;Chevreuse Autonomous Federation;;;;;;;;;;;;;x
PAC_dominion3;Chevreuse Crown Dependency;;;;;;;;;;;;;x
PAC_hms_government;Chevreuse Constitutional Kingdom;;;;;;;;;;;;;x
PAC_hms_government2;Chevreuse Parliamentary Cabinet;;;;;;;;;;;;;x
PAC_prussian_constitutionalism;Chevreuse Royal Council of State;;;;;;;;;;;;;x
PAC_prussian_constitutionalism2;Chevreuse Royal Advisory Council;;;;;;;;;;;;;x
PAC_theocracy;Chevreuse Bishopric;;;;;;;;;;;;;x
PAC_trade_unions_congress;Chevreuse General Labor Confederation;;;;;;;;;;;;;x
PAK_absolute_monarchy;Myrrh Nawabate;;;;;;;;;;;;;x
PAK_absolute_monarchy2;Myrrh Hereditary Nawabate;;;;;;;;;;;;;x
PAK_colonial_company;Myrrh East India Company Territory;;;;;;;;;;;;;x
PAK_democracy;Myrrh Republic;;;;;;;;;;;;;x
PAK_democracy2;Myrrh Parliamentary Republic;;;;;;;;;;;;;x
PAK_dominion;Myrrh Princely State;;;;;;;;;;;;;x
PAK_dominion2;Myrrh Union of Princely States;;;;;;;;;;;;;x
PAK_dominion3;Myrrh Crown Territory;;;;;;;;;;;;;x
PAK_hms_government;Myrrh Constitutional Nawabate;;;;;;;;;;;;;x
PAK_hms_government2;Myrrh Parliamentary Cabinet;;;;;;;;;;;;;x
PAK_prussian_constitutionalism;Myrrh Durbar;;;;;;;;;;;;;x
PAK_prussian_constitutionalism2;Myrrh Council of Princes;;;;;;;;;;;;;x
PAK_theocracy;Myrrh Imamate;;;;;;;;;;;;;x
PAK_trade_unions_congress;Myrrh General Confederation of Trade Unions;;;;;;;;;;;;;x
PAL_absolute_monarchy;Heidi Raj;;;;;;;;;;;;;x
PAL_absolute_monarchy2;Heidi Hereditary Raj;;;;;;;;;;;;;x
PAL_colonial_company;Heidi East India Company Territory;;;;;;;;;;;;;x
PAL_democracy;Heidi Republic;;;;;;;;;;;;;x
PAL_democracy2;Heidi Parliamentary Republic;;;;;;;;;;;;;x
PAL_dominion;Heidi Princely State;;;;;;;;;;;;;x
PAL_dominion2;Heidi Union of Princely States;;;;;;;;;;;;;x
PAL_dominion3;Heidi Crown Territory;;;;;;;;;;;;;x
PAL_hms_government;Heidi Constitutional Raj;;;;;;;;;;;;;x
PAL_hms_government2;Heidi Parliamentary Cabinet;;;;;;;;;;;;;x
PAL_prussian_constitutionalism;Heidi Durbar;;;;;;;;;;;;;x
PAL_prussian_constitutionalism2;Heidi Council of Princes;;;;;;;;;;;;;x
PAL_theocracy;Heidi Union of Temples;;;;;;;;;;;;;x
PAL_trade_unions_congress;Heidi General Confederation of Trade Unions;;;;;;;;;;;;;x
PAP_absolute_monarchy2;Love Live Hereditary Empire;;;;;;;;;;;;;x
PAP_colonial_company;Love Live Chartered Company Territory;;;;;;;;;;;;;x
PAP_democracy2;Love Live Parliamentary Republic;;;;;;;;;;;;;x
PAP_dominion;Love Live Dominion;;;;;;;;;;;;;x
PAP_dominion2;Love Live Autonomous Federation;;;;;;;;;;;;;x
PAP_dominion3;Love Live Crown Dependency;;;;;;;;;;;;;x
PAP_hms_government2;Love Live Parliamentary Cabinet;;;;;;;;;;;;;x
PAP_prussian_constitutionalism2;Love Live Royal Advisory Council;;;;;;;;;;;;;x
PAP_trade_unions_congress;Love Live Federation of Guilds;;;;;;;;;;;;;x
PAR_absolute_monarchy;Lappland Duchy;;;;;;;;;;;;;x
PAR_absolute_monarchy2;Lappland Hereditary Duchy;;;;;;;;;;;;;x
PAR_colonial_company;Lappland Chartered Company Territory;;;;;;;;;;;;;x
PAR_democracy;Lappland Republic;;;;;;;;;;;;;x
PAR_democracy2;Lappland Parliamentary Republic;;;;;;;;;;;;;x
PAR_dominion;Lappland Dominion;;;;;;;;;;;;;x
PAR_dominion2;Lappland Autonomous Federation;;;;;;;;;;;;;x
PAR_dominion3;Lappland Crown Dependency;;;;;;;;;;;;;x
PAR_hms_government;Lappland Constitutional Duchy;;;;;;;;;;;;;x
PAR_hms_government2;Lappland Parliamentary Cabinet;;;;;;;;;;;;;x
PAR_prussian_constitutionalism;Lappland Royal Senate;;;;;;;;;;;;;x
PAR_prussian_constitutionalism2;Lappland Royal Advisory Council;;;;;;;;;;;;;x
PAR_theocracy;Lappland Bishopric;;;;;;;;;;;;;x
PAR_trade_unions_congress;Lappland Federation of Guilds;;;;;;;;;;;;;x
PAT_absolute_monarchy;Shoukaku Sultanate;;;;;;;;;;;;;x
PAT_absolute_monarchy2;Shoukaku Hereditary Sultanate;;;;;;;;;;;;;x
PAT_colonial_company;Shoukaku Trading Company Territory;;;;;;;;;;;;;x
PAT_democracy;Shoukaku Republic;;;;;;;;;;;;;x
PAT_democracy2;Shoukaku Parliamentary Republic;;;;;;;;;;;;;x
PAT_dominion;Shoukaku Dominion;;;;;;;;;;;;;x
PAT_dominion2;Shoukaku Autonomous Federation;;;;;;;;;;;;;x
PAT_dominion3;Shoukaku Protected Emirate;;;;;;;;;;;;;x
PAT_hms_government;Shoukaku Constitutional Sultanate;;;;;;;;;;;;;x
PAT_hms_government2;Shoukaku Parliamentary Cabinet;;;;;;;;;;;;;x
PAT_prussian_constitutionalism;Shoukaku Sultan's Council;;;;;;;;;;;;;x
PAT_prussian_constitutionalism2;Shoukaku Council of Nobles;;;;;;;;;;;;;x
PAT_theocracy;Shoukaku Imamate;;;;;;;;;;;;;x
PAT_trade_unions_congress;Shoukaku Trade Union Confederation;;;;;;;;;;;;;x
PBC_absolute_monarchy2;Peru-Bolivia Hereditary Kingdom;;;;;;;;;;;;;x
PBC_democracy2;Peru-Bolivia Parliamentary Republic;;;;;;;;;;;;;x
PBC_dominion;Peru-Bolivia Dominion;;;;;;;;;;;;;x
PBC_dominion2;Peru-Bolivia Autonomous Federation;;;;;;;;;;;;;x
PBC_dominion3;Peru-Bolivia Crown Dependency;;;;;;;;;;;;;x
PBC_hms_government2;Peru-Bolivia Parliamentary Cabinet;;;;;;;;;;;;;x
PBC_prussian_constitutionalism2;Peru-Bolivia Royal Advisory Council;;;;;;;;;;;;;x
PBC_theocracy;Peru-Bolivia Bishopric;;;;;;;;;;;;;x
PBC_trade_unions_congress;Peru-Bolivia General Workers' Confederation;;;;;;;;;;;;;x
PEI_absolute_monarchy;Black Swan Kingdom;;;;;;;;;;;;;x
PEI_absolute_monarchy2;Black Swan Hereditary Kingdom;;;;;;;;;;;;;x
PEI_democracy;Black Swan Republic;;;;;;;;;;;;;x
PEI_democracy2;Black Swan Parliamentary Republic;;;;;;;;;;;;;x
PEI_dominion2;Black Swan Autonomous Federation;;;;;;;;;;;;;x
PEI_dominion3;Black Swan Crown Dependency;;;;;;;;;;;;;x
PEI_hms_government;Black Swan Constitutional Kingdom;;;;;;;;;;;;;x
PEI_hms_government2;Black Swan Parliamentary Cabinet;;;;;;;;;;;;;x
PEI_prussian_constitutionalism;Black Swan Privy Council;;;;;;;;;;;;;x
PEI_prussian_constitutionalism2;Black Swan Royal Advisory Council;;;;;;;;;;;;;x
PEI_theocracy;Black Swan Ecclesiastical Union;;;;;;;;;;;;;x
PEI_trade_unions_congress;Black Swan Trade Union Congress;;;;;;;;;;;;;x
PER_absolute_monarchy2;Terra Rhodes Island Hereditary Shahdom;;;;;;;;;;;;;x
PER_colonial_company;Terra Rhodes Island Trading Company Territory;;;;;;;;;;;;;x
PER_democracy2;Terra Rhodes Island Parliamentary Republic;;;;;;;;;;;;;x
PER_dominion;Terra Rhodes Island Dominion;;;;;;;;;;;;;x
PER_dominion2;Terra Rhodes Island Autonomous Federation;;;;;;;;;;;;;x
PER_dominion3;Terra Rhodes Island Protected Emirate;;;;;;;;;;;;;x
PER_hms_government2;Terra Rhodes Island Parliamentary Cabinet;;;;;;;;;;;;;x
PER_prussian_constitutionalism2;Terra Rhodes Island Council of Nobles;;;;;;;;;;;;;x
PER_theocracy;Terra Rhodes Island Imamate;;;;;;;;;;;;;x
PER_trade_unions_congress;Terra Rhodes Island Trade Union Confederation;;;;;;;;;;;;;x
PEU_absolute_monarchy;Peru Kingdom;;;;;;;;;;;;;x
PEU_absolute_monarchy2;Peru Hereditary Kingdom;;;;;;;;;;;;;x
PEU_democracy;Peru Republic;;;;;;;;;;;;;x
PEU_democracy2;Peru Parliamentary Republic;;;;;;;;;;;;;x
PEU_dominion2;Peru Autonomous Federation;;;;;;;;;;;;;x
PEU_dominion3;Peru Crown Dependency;;;;;;;;;;;;;x
PEU_hms_government;Peru Constitutional Kingdom;;;;;;;;;;;;;x
PEU_hms_government2;Peru Parliamentary Cabinet;;;;;;;;;;;;;x
PEU_prussian_constitutionalism;Peru Royal Council;;;;;;;;;;;;;x
PEU_prussian_constitutionalism2;Peru Royal Advisory Council;;;;;;;;;;;;;x
PEU_theocracy;Peru Bishopric;;;;;;;;;;;;;x
PEU_trade_unions_congress;Peru General Workers' Confederation;;;;;;;;;;;;;x
PGG_absolute_monarchy;Yanfei Imperial Dynasty;;;;;;;;;;;;;x
PGG_absolute_monarchy2;Yanfei Imperial Court;;;;;;;;;;;;;x
PGG_colonial_company;Yanfei Concession;;;;;;;;;;;;;x
PGG_democracy;Yanfei Republic;;;;;;;;;;;;;x
PGG_democracy2;Yanfei Federal Republic;;;;;;;;;;;;;x
PGG_dominion;Yanfei Autonomous Province;;;;;;;;;;;;;x
PGG_dominion2;Yanfei Federal Government;;;;;;;;;;;;;x
PGG_dominion3;Yanfei Tributary Territory;;;;;;;;;;;;;x
PGG_hms_government;Yanfei Responsible Cabinet;;;;;;;;;;;;;x
PGG_hms_government2;Yanfei Parliamentary Cabinet;;;;;;;;;;;;;x
PGG_prussian_constitutionalism;Yanfei Advisory Council;;;;;;;;;;;;;x
PGG_prussian_constitutionalism2;Yanfei State Advisory Council;;;;;;;;;;;;;x
PGG_theocracy;Yanfei Imamate;;;;;;;;;;;;;x
PGG_trade_unions_congress;Yanfei General Labor Union;;;;;;;;;;;;;x
PHG_absolute_monarchy;Lin Sultanate;;;;;;;;;;;;;x
PHG_absolute_monarchy2;Lin Hereditary Sultanate;;;;;;;;;;;;;x
PHG_colonial_company;Lin Trading Company Territory;;;;;;;;;;;;;x
PHG_democracy;Lin Republic;;;;;;;;;;;;;x
PHG_democracy2;Lin Parliamentary Republic;;;;;;;;;;;;;x
PHG_dominion;Lin Dominion;;;;;;;;;;;;;x
PHG_dominion2;Lin Autonomous Federation;;;;;;;;;;;;;x
PHG_dominion3;Lin Protected Emirate;;;;;;;;;;;;;x
PHG_hms_government;Lin Constitutional Sultanate;;;;;;;;;;;;;x
PHG_hms_government2;Lin Parliamentary Cabinet;;;;;;;;;;;;;x
PHG_prussian_constitutionalism;Lin Sultan's Council;;;;;;;;;;;;;x
PHG_prussian_constitutionalism2;Lin Council of Nobles;;;;;;;;;;;;;x
PHG_theocracy;Lin Imamate;;;;;;;;;;;;;x
PHG_trade_unions_congress;Lin Trade Union Confederation;;;;;;;;;;;;;x
PHL_absolute_monarchy;Jie Kingdom;;;;;;;;;;;;;x
PHL_absolute_monarchy2;Jie Hereditary Kingdom;;;;;;;;;;;;;x
PHL_democracy;Jie Republic;;;;;;;;;;;;;x
PHL_democracy2;Jie Parliamentary Republic;;;;;;;;;;;;;x
PHL_dominion;Jie Dominion;;;;;;;;;;;;;x
PHL_dominion2;Jie Autonomous Federation;;;;;;;;;;;;;x
PHL_dominion3;Jie Crown Dependency;;;;;;;;;;;;;x
PHL_hms_government;Jie Constitutional Kingdom;;;;;;;;;;;;;x
PHL_hms_government2;Jie Parliamentary Cabinet;;;;;;;;;;;;;x
PHL_prussian_constitutionalism;Jie Royal Council;;;;;;;;;;;;;x
PHL_prussian_constitutionalism2;Jie Royal Advisory Council;;;;;;;;;;;;;x
PHL_theocracy;Jie Bishopric;;;;;;;;;;;;;x
PHL_trade_unions_congress;Jie General Workers' Confederation;;;;;;;;;;;;;x
PIT_absolute_monarchy;Feater Sultanate;;;;;;;;;;;;;x
PIT_absolute_monarchy2;Feater Hereditary Sultanate;;;;;;;;;;;;;x
PIT_colonial_company;Feater Trading Company Territory;;;;;;;;;;;;;x
PIT_democracy;Feater Republic;;;;;;;;;;;;;x
PIT_democracy2;Feater Parliamentary Republic;;;;;;;;;;;;;x
PIT_dominion;Feater Dominion;;;;;;;;;;;;;x
PIT_dominion2;Feater Autonomous Federation;;;;;;;;;;;;;x
PIT_dominion3;Feater Protected Emirate;;;;;;;;;;;;;x
PIT_hms_government;Feater Constitutional Sultanate;;;;;;;;;;;;;x
PIT_hms_government2;Feater Parliamentary Cabinet;;;;;;;;;;;;;x
PIT_prussian_constitutionalism;Feater Sultan's Council;;;;;;;;;;;;;x
PIT_prussian_constitutionalism2;Feater Council of Nobles;;;;;;;;;;;;;x
PIT_theocracy;Feater Imamate;;;;;;;;;;;;;x
PIT_trade_unions_congress;Feater Trade Union Confederation;;;;;;;;;;;;;x
PLC_absolute_monarchy;Siren Kingdom;;;;;;;;;;;;;x
PLC_absolute_monarchy2;Siren Hereditary Kingdom;;;;;;;;;;;;;x
PLC_colonial_company;Siren Chartered Company Territory;;;;;;;;;;;;;x
PLC_democracy2;Siren Parliamentary Republic;;;;;;;;;;;;;x
PLC_dominion;Siren Dominion;;;;;;;;;;;;;x
PLC_dominion2;Siren Autonomous Federation;;;;;;;;;;;;;x
PLC_dominion3;Siren Crown Dependency;;;;;;;;;;;;;x
PLC_hms_government;Siren Constitutional Kingdom;;;;;;;;;;;;;x
PLC_hms_government2;Siren Parliamentary Cabinet;;;;;;;;;;;;;x
PLC_prussian_constitutionalism;Siren Sejm;;;;;;;;;;;;;x
PLC_prussian_constitutionalism2;Siren Royal Advisory Council;;;;;;;;;;;;;x
PLC_theocracy;Siren Bishopric;;;;;;;;;;;;;x
PLC_trade_unions_congress;Siren Workers' Council;;;;;;;;;;;;;x
PLS_absolute_monarchy;Catapult Emirate;;;;;;;;;;;;;x
PLS_absolute_monarchy2;Catapult Hereditary Emirate;;;;;;;;;;;;;x
PLS_colonial_company;Catapult Trading Company Territory;;;;;;;;;;;;;x
PLS_democracy;Catapult Republic;;;;;;;;;;;;;x
PLS_democracy2;Catapult Parliamentary Republic;;;;;;;;;;;;;x
PLS_dominion;Catapult Dominion;;;;;;;;;;;;;x
PLS_dominion2;Catapult Autonomous Federation;;;;;;;;;;;;;x
PLS_dominion3;Catapult Protected Emirate;;;;;;;;;;;;;x
PLS_hms_government;Catapult Constitutional Emirate;;;;;;;;;;;;;x
PLS_hms_government2;Catapult Parliamentary Cabinet;;;;;;;;;;;;;x
PLS_prussian_constitutionalism;Catapult Shura Council;;;;;;;;;;;;;x
PLS_prussian_constitutionalism2;Catapult Council of Nobles;;;;;;;;;;;;;x
PLS_theocracy;Catapult Imamate;;;;;;;;;;;;;x
PLS_trade_unions_congress;Catapult General Confederation of Trade Unions;;;;;;;;;;;;;x
PML_absolute_monarchy;August Von Parseval Kingdom;;;;;;;;;;;;;x
PML_absolute_monarchy2;August Von Parseval Hereditary Kingdom;;;;;;;;;;;;;x
PML_democracy;August Von Parseval Republic;;;;;;;;;;;;;x
PML_democracy2;August Von Parseval Parliamentary Republic;;;;;;;;;;;;;x
PML_dominion2;August Von Parseval Autonomous Federation;;;;;;;;;;;;;x
PML_dominion3;August Von Parseval Crown Dependency;;;;;;;;;;;;;x
PML_hms_government;August Von Parseval Constitutional Kingdom;;;;;;;;;;;;;x
PML_hms_government2;August Von Parseval Parliamentary Cabinet;;;;;;;;;;;;;x
PML_prussian_constitutionalism;August Von Parseval Sejm;;;;;;;;;;;;;x
PML_prussian_constitutionalism2;August Von Parseval Royal Advisory Council;;;;;;;;;;;;;x
PML_theocracy;August Von Parseval Bishopric;;;;;;;;;;;;;x
PML_trade_unions_congress;August Von Parseval Workers' Council;;;;;;;;;;;;;x
PNB_absolute_monarchy;Pernambuco Empire;;;;;;;;;;;;;x
PNB_absolute_monarchy2;Pernambuco Hereditary Empire;;;;;;;;;;;;;x
PNB_colonial_company;Pernambuco Chartered Company Territory;;;;;;;;;;;;;x
PNB_democracy;Pernambuco Federal Republic;;;;;;;;;;;;;x
PNB_dominion;Pernambuco Dominion;;;;;;;;;;;;;x
PNB_dominion2;Pernambuco Autonomous Federation;;;;;;;;;;;;;x
PNB_dominion3;Pernambuco Crown Dependency;;;;;;;;;;;;;x
PNB_hms_government;Pernambuco Constitutional Empire;;;;;;;;;;;;;x
PNB_hms_government2;Pernambuco Parliamentary Cabinet;;;;;;;;;;;;;x
PNB_prussian_constitutionalism;Pernambuco Imperial Council of State;;;;;;;;;;;;;x
PNB_prussian_constitutionalism2;Pernambuco Royal Advisory Council;;;;;;;;;;;;;x
PNB_theocracy;Pernambuco Bishopric;;;;;;;;;;;;;x
PNB_trade_unions_congress;Pernambuco General Workers' Confederation;;;;;;;;;;;;;x
PNJ_absolute_monarchy2;Earthspirit Hereditary Kingdom;;;;;;;;;;;;;x
PNJ_colonial_company;Earthspirit East India Company Territory;;;;;;;;;;;;;x
PNJ_democracy2;Earthspirit Parliamentary Republic;;;;;;;;;;;;;x
PNJ_dominion;Earthspirit Princely State;;;;;;;;;;;;;x
PNJ_dominion2;Earthspirit Union of Princely States;;;;;;;;;;;;;x
PNJ_dominion3;Earthspirit Crown Territory;;;;;;;;;;;;;x
PNJ_hms_government2;Earthspirit Parliamentary Cabinet;;;;;;;;;;;;;x
PNJ_prussian_constitutionalism2;Earthspirit Council of Princes;;;;;;;;;;;;;x
PNJ_theocracy;Earthspirit Khalsa State;;;;;;;;;;;;;x
PNJ_trade_unions_congress;Earthspirit General Confederation of Trade Unions;;;;;;;;;;;;;x
PNM_absolute_monarchy;Mualani Kingdom;;;;;;;;;;;;;x
PNM_absolute_monarchy2;Mualani Hereditary Kingdom;;;;;;;;;;;;;x
PNM_colonial_company;Mualani Chartered Company Territory;;;;;;;;;;;;;x
PNM_democracy;Mualani Republic;;;;;;;;;;;;;x
PNM_democracy2;Mualani Parliamentary Republic;;;;;;;;;;;;;x
PNM_dominion;Mualani Dominion;;;;;;;;;;;;;x
PNM_dominion2;Mualani Autonomous Federation;;;;;;;;;;;;;x
PNM_dominion3;Mualani Crown Dependency;;;;;;;;;;;;;x
PNM_hms_government;Mualani Constitutional Kingdom;;;;;;;;;;;;;x
PNM_hms_government2;Mualani Parliamentary Cabinet;;;;;;;;;;;;;x
PNM_prussian_constitutionalism;Mualani Royal Council;;;;;;;;;;;;;x
PNM_prussian_constitutionalism2;Mualani Royal Advisory Council;;;;;;;;;;;;;x
PNM_theocracy;Mualani Bishopric;;;;;;;;;;;;;x
PNM_trade_unions_congress;Mualani General Workers' Confederation;;;;;;;;;;;;;x
PNT_absolute_monarchy;Iris Kingdom;;;;;;;;;;;;;x
PNT_absolute_monarchy2;Iris Hereditary Kingdom;;;;;;;;;;;;;x
PNT_colonial_company;Iris Chartered Company Territory;;;;;;;;;;;;;x
PNT_democracy;Iris Republic;;;;;;;;;;;;;x
PNT_democracy2;Iris Parliamentary Republic;;;;;;;;;;;;;x
PNT_dominion;Iris Dominion;;;;;;;;;;;;;x
PNT_dominion2;Iris Autonomous Federation;;;;;;;;;;;;;x
PNT_dominion3;Iris Crown Dependency;;;;;;;;;;;;;x
PNT_hms_government;Iris Constitutional Kingdom;;;;;;;;;;;;;x
PNT_hms_government2;Iris Parliamentary Cabinet;;;;;;;;;;;;;x
PNT_prussian_constitutionalism;Iris Royal Council;;;;;;;;;;;;;x
PNT_prussian_constitutionalism2;Iris Royal Advisory Council;;;;;;;;;;;;;x
PNT_theocracy;Iris Patriarchate;;;;;;;;;;;;;x
PNT_trade_unions_congress;Iris Trade Union Confederation;;;;;;;;;;;;;x
POL_absolute_monarchy;Vesna Kingdom;;;;;;;;;;;;;x
POL_absolute_monarchy2;Vesna Elective Kingdom;;;;;;;;;;;;;x
POL_democracy;Vesna Republic;;;;;;;;;;;;;x
POL_democracy2;Vesna Parliamentary Republic;;;;;;;;;;;;;x
POL_dominion2;Vesna Autonomous Federation;;;;;;;;;;;;;x
POL_dominion3;Vesna Royal Protectorate;;;;;;;;;;;;;x
POL_hms_government;Vesna Constitutional Kingdom;;;;;;;;;;;;;x
POL_hms_government2;Vesna Parliamentary Cabinet;;;;;;;;;;;;;x
POL_prussian_constitutionalism;Vesna Sejm;;;;;;;;;;;;;x
POL_prussian_constitutionalism2;Vesna Noble Council;;;;;;;;;;;;;x
POL_theocracy;Vesna Church Union State;;;;;;;;;;;;;x
POL_trade_unions_congress;Vesna Workers Council;;;;;;;;;;;;;x
POR_absolute_monarchy;Keke Tang Kingdom;;;;;;;;;;;;;x
POR_absolute_monarchy2;Keke Tang Hereditary Kingdom;;;;;;;;;;;;;x
POR_colonial_company;Keke Tang Chartered Company Territory;;;;;;;;;;;;;x
POR_democracy;Keke Tang Republic;;;;;;;;;;;;;x
POR_democracy2;Keke Tang Parliamentary Republic;;;;;;;;;;;;;x
POR_dominion;Keke Tang Dominion;;;;;;;;;;;;;x
POR_dominion2;Keke Tang Autonomous Federation;;;;;;;;;;;;;x
POR_dominion3;Keke Tang Crown Dependency;;;;;;;;;;;;;x
POR_hms_government;Keke Tang Constitutional Kingdom;;;;;;;;;;;;;x
POR_hms_government2;Keke Tang Parliamentary Cabinet;;;;;;;;;;;;;x
POR_prussian_constitutionalism;Keke Tang Cortes;;;;;;;;;;;;;x
POR_prussian_constitutionalism2;Keke Tang Royal Advisory Council;;;;;;;;;;;;;x
POR_theocracy;Keke Tang Bishopric;;;;;;;;;;;;;x
POR_trade_unions_congress;Keke Tang Trade Union Federation;;;;;;;;;;;;;x
PPG_absolute_monarchy;Ui Kingdom;;;;;;;;;;;;;x
PPG_absolute_monarchy2;Ui Hereditary Kingdom;;;;;;;;;;;;;x
PPG_democracy;Ui Republic;;;;;;;;;;;;;x
PPG_democracy2;Ui Parliamentary Republic;;;;;;;;;;;;;x
PPG_dominion;Ui Protectorate;;;;;;;;;;;;;x
PPG_dominion2;Ui Union of Autonomous States;;;;;;;;;;;;;x
PPG_dominion3;Ui Royal Protectorate;;;;;;;;;;;;;x
PPG_hms_government;Ui Constitutional Kingdom;;;;;;;;;;;;;x
PPG_hms_government2;Ui Parliamentary Cabinet;;;;;;;;;;;;;x
PPG_prussian_constitutionalism;Ui Council of Chiefs;;;;;;;;;;;;;x
PPG_prussian_constitutionalism2;Ui Council of Elder Chiefs;;;;;;;;;;;;;x
PPG_theocracy;Ui Ecclesiastical Union;;;;;;;;;;;;;x
PPG_trade_unions_congress;Ui Trade Union Confederation;;;;;;;;;;;;;x
PRG_absolute_monarchy;Paraguay Kingdom;;;;;;;;;;;;;x
PRG_absolute_monarchy2;Paraguay Hereditary Kingdom;;;;;;;;;;;;;x
PRG_colonial_company;Paraguay Chartered Company Territory;;;;;;;;;;;;;x
PRG_democracy;Paraguay Republic;;;;;;;;;;;;;x
PRG_democracy2;Paraguay Parliamentary Republic;;;;;;;;;;;;;x
PRG_dominion;Paraguay Dominion;;;;;;;;;;;;;x
PRG_dominion2;Paraguay Autonomous Federation;;;;;;;;;;;;;x
PRG_dominion3;Paraguay Crown Dependency;;;;;;;;;;;;;x
PRG_hms_government;Paraguay Constitutional Kingdom;;;;;;;;;;;;;x
PRG_hms_government2;Paraguay Parliamentary Cabinet;;;;;;;;;;;;;x
PRG_prussian_constitutionalism;Paraguay Royal Council;;;;;;;;;;;;;x
PRG_prussian_constitutionalism2;Paraguay Royal Advisory Council;;;;;;;;;;;;;x
PRG_theocracy;Paraguay Bishopric;;;;;;;;;;;;;x
PRG_trade_unions_congress;Paraguay General Workers' Confederation;;;;;;;;;;;;;x
PRI_absolute_monarchy;Yorktown Kingdom;;;;;;;;;;;;;x
PRI_absolute_monarchy2;Yorktown Hereditary Kingdom;;;;;;;;;;;;;x
PRI_democracy2;Yorktown Parliamentary Republic;;;;;;;;;;;;;x
PRI_dominion2;Yorktown Autonomous Federation;;;;;;;;;;;;;x
PRI_dominion3;Yorktown Crown Dependency;;;;;;;;;;;;;x
PRI_hms_government;Yorktown Constitutional Kingdom;;;;;;;;;;;;;x
PRI_hms_government2;Yorktown Parliamentary Cabinet;;;;;;;;;;;;;x
PRI_prussian_constitutionalism;Yorktown Royal Council;;;;;;;;;;;;;x
PRI_prussian_constitutionalism2;Yorktown Royal Advisory Council;;;;;;;;;;;;;x
PRI_theocracy;Yorktown Bishopric;;;;;;;;;;;;;x
PRI_trade_unions_congress;Yorktown General Workers' Confederation;;;;;;;;;;;;;x
PRK_absolute_monarchy;Leizi Sultanate;;;;;;;;;;;;;x
PRK_absolute_monarchy2;Leizi Hereditary Sultanate;;;;;;;;;;;;;x
PRK_colonial_company;Leizi Trading Company Territory;;;;;;;;;;;;;x
PRK_democracy;Leizi Republic;;;;;;;;;;;;;x
PRK_democracy2;Leizi Parliamentary Republic;;;;;;;;;;;;;x
PRK_dominion;Leizi Dominion;;;;;;;;;;;;;x
PRK_dominion2;Leizi Autonomous Federation;;;;;;;;;;;;;x
PRK_dominion3;Leizi Protected Emirate;;;;;;;;;;;;;x
PRK_hms_government;Leizi Constitutional Sultanate;;;;;;;;;;;;;x
PRK_hms_government2;Leizi Parliamentary Cabinet;;;;;;;;;;;;;x
PRK_prussian_constitutionalism;Leizi Sultan's Council;;;;;;;;;;;;;x
PRK_prussian_constitutionalism2;Leizi Council of Nobles;;;;;;;;;;;;;x
PRK_theocracy;Leizi Imamate;;;;;;;;;;;;;x
PRK_trade_unions_congress;Leizi Trade Union Confederation;;;;;;;;;;;;;x
PTG_absolute_monarchy;Patagonia Grand Chiefdom;;;;;;;;;;;;;x
PTG_absolute_monarchy2;Patagonia Dynasty;;;;;;;;;;;;;x
PTG_colonial_company;Patagonia Chartered Company Territory;;;;;;;;;;;;;x
PTG_democracy;Patagonia Tribal Republic;;;;;;;;;;;;;x
PTG_democracy2;Patagonia Parliamentary Republic;;;;;;;;;;;;;x
PTG_dominion;Patagonia Protectorate;;;;;;;;;;;;;x
PTG_dominion2;Patagonia Union of Autonomous States;;;;;;;;;;;;;x
PTG_dominion3;Patagonia Royal Protectorate;;;;;;;;;;;;;x
PTG_hms_government;Patagonia Constitutional Chiefdom;;;;;;;;;;;;;x
PTG_hms_government2;Patagonia Parliamentary Cabinet;;;;;;;;;;;;;x
PTG_prussian_constitutionalism;Patagonia Council of Tribal Elders;;;;;;;;;;;;;x
PTG_prussian_constitutionalism2;Patagonia Council of Elder Chiefs;;;;;;;;;;;;;x
PTG_theocracy;Patagonia Priestly State;;;;;;;;;;;;;x
PTG_trade_unions_congress;Patagonia Producers' Federation;;;;;;;;;;;;;x
PTK_absolute_monarchy;Theresa Sultanate;;;;;;;;;;;;;x
PTK_absolute_monarchy2;Theresa Hereditary Sultanate;;;;;;;;;;;;;x
PTK_colonial_company;Theresa Trading Company Territory;;;;;;;;;;;;;x
PTK_democracy;Theresa Republic;;;;;;;;;;;;;x
PTK_democracy2;Theresa Parliamentary Republic;;;;;;;;;;;;;x
PTK_dominion;Theresa Dominion;;;;;;;;;;;;;x
PTK_dominion2;Theresa Autonomous Federation;;;;;;;;;;;;;x
PTK_dominion3;Theresa Protected Emirate;;;;;;;;;;;;;x
PTK_hms_government;Theresa Constitutional Sultanate;;;;;;;;;;;;;x
PTK_hms_government2;Theresa Parliamentary Cabinet;;;;;;;;;;;;;x
PTK_prussian_constitutionalism;Theresa Sultan's Council;;;;;;;;;;;;;x
PTK_prussian_constitutionalism2;Theresa Council of Nobles;;;;;;;;;;;;;x
PTK_theocracy;Theresa Imamate;;;;;;;;;;;;;x
PTK_trade_unions_congress;Theresa Trade Union Confederation;;;;;;;;;;;;;x
PTL_absolute_monarchy;May Raj;;;;;;;;;;;;;x
PTL_absolute_monarchy2;May Hereditary Raj;;;;;;;;;;;;;x
PTL_colonial_company;May East India Company Territory;;;;;;;;;;;;;x
PTL_democracy;May Republic;;;;;;;;;;;;;x
PTL_democracy2;May Parliamentary Republic;;;;;;;;;;;;;x
PTL_dominion;May Princely State;;;;;;;;;;;;;x
PTL_dominion2;May Union of Princely States;;;;;;;;;;;;;x
PTL_dominion3;May Crown Territory;;;;;;;;;;;;;x
PTL_hms_government;May Constitutional Raj;;;;;;;;;;;;;x
PTL_hms_government2;May Parliamentary Cabinet;;;;;;;;;;;;;x
PTL_prussian_constitutionalism;May Durbar;;;;;;;;;;;;;x
PTL_prussian_constitutionalism2;May Council of Princes;;;;;;;;;;;;;x
PTL_theocracy;May Khalsa State;;;;;;;;;;;;;x
PTL_trade_unions_congress;May General Confederation of Trade Unions;;;;;;;;;;;;;x
PZN_absolute_monarchy;Prinz Heinrich Duchy;;;;;;;;;;;;;x
PZN_absolute_monarchy2;Prinz Heinrich Hereditary Duchy;;;;;;;;;;;;;x
PZN_democracy;Prinz Heinrich Free State;;;;;;;;;;;;;x
PZN_democracy2;Prinz Heinrich City Republic;;;;;;;;;;;;;x
PZN_dominion2;Prinz Heinrich Autonomous Federation;;;;;;;;;;;;;x
PZN_dominion3;Prinz Heinrich Crown Territory;;;;;;;;;;;;;x
PZN_hms_government;Prinz Heinrich Constitutional Duchy;;;;;;;;;;;;;x
PZN_hms_government2;Prinz Heinrich Territorial Cabinet;;;;;;;;;;;;;x
PZN_prussian_constitutionalism;Prinz Heinrich Territorial Diet;;;;;;;;;;;;;x
PZN_prussian_constitutionalism2;Prinz Heinrich Council of Princes;;;;;;;;;;;;;x
PZN_theocracy;Prinz Heinrich Bishopric;;;;;;;;;;;;;x
PZN_trade_unions_congress;Prinz Heinrich Workers' Council;;;;;;;;;;;;;x
QAT_absolute_monarchy;Cecelia Emirate;;;;;;;;;;;;;x
QAT_absolute_monarchy2;Cecelia Hereditary Emirate;;;;;;;;;;;;;x
QAT_colonial_company;Cecelia Trading Company Territory;;;;;;;;;;;;;x
QAT_democracy;Cecelia Republic;;;;;;;;;;;;;x
QAT_democracy2;Cecelia Parliamentary Republic;;;;;;;;;;;;;x
QAT_dominion;Cecelia Dominion;;;;;;;;;;;;;x
QAT_dominion2;Cecelia Autonomous Federation;;;;;;;;;;;;;x
QAT_dominion3;Cecelia Protected Emirate;;;;;;;;;;;;;x
QAT_hms_government;Cecelia Constitutional Emirate;;;;;;;;;;;;;x
QAT_hms_government2;Cecelia Parliamentary Cabinet;;;;;;;;;;;;;x
QAT_prussian_constitutionalism;Cecelia Shura Council;;;;;;;;;;;;;x
QAT_prussian_constitutionalism2;Cecelia Council of Nobles;;;;;;;;;;;;;x
QAT_theocracy;Cecelia Imamate;;;;;;;;;;;;;x
QAT_trade_unions_congress;Cecelia General Confederation of Trade Unions;;;;;;;;;;;;;x
QCI_absolute_monarchy;Jade Kingdom;;;;;;;;;;;;;x
QCI_absolute_monarchy2;Jade Hereditary Kingdom;;;;;;;;;;;;;x
QCI_democracy;Jade Republic;;;;;;;;;;;;;x
QCI_democracy2;Jade Parliamentary Republic;;;;;;;;;;;;;x
QCI_dominion2;Jade Autonomous Federation;;;;;;;;;;;;;x
QCI_dominion3;Jade Crown Dependency;;;;;;;;;;;;;x
QCI_hms_government2;Jade Parliamentary Cabinet;;;;;;;;;;;;;x
QCI_prussian_constitutionalism;Jade Privy Council;;;;;;;;;;;;;x
QCI_prussian_constitutionalism2;Jade Royal Advisory Council;;;;;;;;;;;;;x
QCI_theocracy;Jade Ecclesiastical Union;;;;;;;;;;;;;x
QCI_trade_unions_congress;Jade Trade Union Congress;;;;;;;;;;;;;x
QNG_absolute_monarchy2;Liyue Imperial Court;;;;;;;;;;;;;x
QNG_colonial_company;Liyue Concession;;;;;;;;;;;;;x
QNG_democracy;Liyue Republic;;;;;;;;;;;;;x
QNG_democracy2;Liyue Federal Republic;;;;;;;;;;;;;x
QNG_dominion;Liyue Autonomous Province;;;;;;;;;;;;;x
QNG_dominion2;Liyue Federal Government;;;;;;;;;;;;;x
QNG_dominion3;Liyue Tributary Territory;;;;;;;;;;;;;x
QNG_hms_government2;Liyue Parliamentary Cabinet;;;;;;;;;;;;;x
QNG_prussian_constitutionalism2;Liyue State Advisory Council;;;;;;;;;;;;;x
QNG_theocracy;Liyue Sangha State;;;;;;;;;;;;;x
QNG_trade_unions_congress;Liyue General Labor Union;;;;;;;;;;;;;x
QUE_absolute_monarchy;Saria Kingdom;;;;;;;;;;;;;x
QUE_absolute_monarchy2;Saria Hereditary Kingdom;;;;;;;;;;;;;x
QUE_democracy2;Saria Parliamentary Republic;;;;;;;;;;;;;x
QUE_dominion2;Saria Autonomous Federation;;;;;;;;;;;;;x
QUE_dominion3;Saria Crown Dependency;;;;;;;;;;;;;x
QUE_hms_government2;Saria Parliamentary Cabinet;;;;;;;;;;;;;x
QUE_prussian_constitutionalism;Saria Royal Council of State;;;;;;;;;;;;;x
QUE_prussian_constitutionalism2;Saria Royal Advisory Council;;;;;;;;;;;;;x
QUE_theocracy;Saria Bishopric;;;;;;;;;;;;;x
QUE_trade_unions_congress;Saria General Labor Confederation;;;;;;;;;;;;;x
RAJ_absolute_monarchy;Highmore Raj;;;;;;;;;;;;;x
RAJ_absolute_monarchy2;Highmore Hereditary Raj;;;;;;;;;;;;;x
RAJ_democracy2;Highmore Parliamentary Republic;;;;;;;;;;;;;x
RAJ_dominion2;Highmore Union of Princely States;;;;;;;;;;;;;x
RAJ_dominion3;Highmore Crown Territory;;;;;;;;;;;;;x
RAJ_hms_government;Highmore Constitutional Raj;;;;;;;;;;;;;x
RAJ_hms_government2;Highmore Parliamentary Cabinet;;;;;;;;;;;;;x
RAJ_prussian_constitutionalism;Highmore Durbar;;;;;;;;;;;;;x
RAJ_prussian_constitutionalism2;Highmore Council of Princes;;;;;;;;;;;;;x
RAJ_theocracy;Highmore Union of Temples;;;;;;;;;;;;;x
RAJ_trade_unions_congress;Highmore General Confederation of Trade Unions;;;;;;;;;;;;;x
RAM_absolute_monarchy;Dur-nar Nawabate;;;;;;;;;;;;;x
RAM_absolute_monarchy2;Dur-nar Hereditary Nawabate;;;;;;;;;;;;;x
RAM_colonial_company;Dur-nar East India Company Territory;;;;;;;;;;;;;x
RAM_democracy;Dur-nar Republic;;;;;;;;;;;;;x
RAM_democracy2;Dur-nar Parliamentary Republic;;;;;;;;;;;;;x
RAM_dominion;Dur-nar Princely State;;;;;;;;;;;;;x
RAM_dominion2;Dur-nar Union of Princely States;;;;;;;;;;;;;x
RAM_dominion3;Dur-nar Crown Territory;;;;;;;;;;;;;x
RAM_hms_government;Dur-nar Constitutional Nawabate;;;;;;;;;;;;;x
RAM_hms_government2;Dur-nar Parliamentary Cabinet;;;;;;;;;;;;;x
RAM_prussian_constitutionalism;Dur-nar Durbar;;;;;;;;;;;;;x
RAM_prussian_constitutionalism2;Dur-nar Council of Princes;;;;;;;;;;;;;x
RAM_theocracy;Dur-nar Imamate;;;;;;;;;;;;;x
RAM_trade_unions_congress;Dur-nar General Confederation of Trade Unions;;;;;;;;;;;;;x
RDL_absolute_monarchy;Pudding Emirate;;;;;;;;;;;;;x
RDL_absolute_monarchy2;Pudding Hereditary Emirate;;;;;;;;;;;;;x
RDL_colonial_company;Pudding Trading Company Territory;;;;;;;;;;;;;x
RDL_democracy;Pudding Republic;;;;;;;;;;;;;x
RDL_democracy2;Pudding Parliamentary Republic;;;;;;;;;;;;;x
RDL_dominion;Pudding Dominion;;;;;;;;;;;;;x
RDL_dominion2;Pudding Autonomous Federation;;;;;;;;;;;;;x
RDL_dominion3;Pudding Protected Emirate;;;;;;;;;;;;;x
RDL_hms_government;Pudding Constitutional Emirate;;;;;;;;;;;;;x
RDL_hms_government2;Pudding Parliamentary Cabinet;;;;;;;;;;;;;x
RDL_prussian_constitutionalism;Pudding Jirga;;;;;;;;;;;;;x
RDL_prussian_constitutionalism2;Pudding Council of Nobles;;;;;;;;;;;;;x
RDL_theocracy;Pudding Imamate;;;;;;;;;;;;;x
RDL_trade_unions_congress;Pudding Workers' Council;;;;;;;;;;;;;x
REB_absolute_monarchy;Red Blood Cell Monarchy;;;;;;;;;;;;;x
REB_absolute_monarchy2;Red Blood Cell Dynasty;;;;;;;;;;;;;x
REB_colonial_company;Red Blood Cell Chartered Company Territory;;;;;;;;;;;;;x
REB_democracy;Red Blood Cell Autonomous Republic;;;;;;;;;;;;;x
REB_democracy2;Red Blood Cell Parliamentary Republic;;;;;;;;;;;;;x
REB_dominion;Red Blood Cell Dominion;;;;;;;;;;;;;x
REB_dominion2;Red Blood Cell Autonomous Federation;;;;;;;;;;;;;x
REB_dominion3;Red Blood Cell Crown Dependency;;;;;;;;;;;;;x
REB_hms_government;Red Blood Cell Constitutional Monarchy;;;;;;;;;;;;;x
REB_hms_government2;Red Blood Cell Parliamentary Cabinet;;;;;;;;;;;;;x
REB_prussian_constitutionalism;Red Blood Cell Monarchical Council;;;;;;;;;;;;;x
REB_prussian_constitutionalism2;Red Blood Cell Royal Advisory Council;;;;;;;;;;;;;x
REB_theocracy;Red Blood Cell Theocracy;;;;;;;;;;;;;x
REB_trade_unions_congress;Red Blood Cell Trade Union Confederation;;;;;;;;;;;;;x
REU_absolute_monarchy2;Anchovy Hereditary Principality;;;;;;;;;;;;;x
REU_democracy2;Anchovy City Republic;;;;;;;;;;;;;x
REU_dominion2;Anchovy Autonomous Federation;;;;;;;;;;;;;x
REU_dominion3;Anchovy Crown Territory;;;;;;;;;;;;;x
REU_hms_government2;Anchovy Territorial Cabinet;;;;;;;;;;;;;x
REU_prussian_constitutionalism2;Anchovy Council of Princes;;;;;;;;;;;;;x
REU_theocracy;Anchovy Ecclesiastical Union;;;;;;;;;;;;;x
REU_trade_unions_congress;Anchovy Workers' Council;;;;;;;;;;;;;x
REW_absolute_monarchy;Quercus Raj;;;;;;;;;;;;;x
REW_absolute_monarchy2;Quercus Hereditary Raj;;;;;;;;;;;;;x
REW_colonial_company;Quercus East India Company Territory;;;;;;;;;;;;;x
REW_democracy;Quercus Republic;;;;;;;;;;;;;x
REW_democracy2;Quercus Parliamentary Republic;;;;;;;;;;;;;x
REW_dominion;Quercus Princely State;;;;;;;;;;;;;x
REW_dominion2;Quercus Union of Princely States;;;;;;;;;;;;;x
REW_dominion3;Quercus Crown Territory;;;;;;;;;;;;;x
REW_hms_government;Quercus Constitutional Raj;;;;;;;;;;;;;x
REW_hms_government2;Quercus Parliamentary Cabinet;;;;;;;;;;;;;x
REW_prussian_constitutionalism;Quercus Durbar;;;;;;;;;;;;;x
REW_prussian_constitutionalism2;Quercus Council of Princes;;;;;;;;;;;;;x
REW_theocracy;Quercus Union of Temples;;;;;;;;;;;;;x
REW_trade_unions_congress;Quercus General Confederation of Trade Unions;;;;;;;;;;;;;x
RGA_absolute_monarchy;Kawakami Gensai Emirate;;;;;;;;;;;;;x
RGA_absolute_monarchy2;Kawakami Gensai Hereditary Emirate;;;;;;;;;;;;;x
RGA_colonial_company;Kawakami Gensai Trading Company Territory;;;;;;;;;;;;;x
RGA_democracy;Kawakami Gensai Republic;;;;;;;;;;;;;x
RGA_democracy2;Kawakami Gensai Parliamentary Republic;;;;;;;;;;;;;x
RGA_dominion;Kawakami Gensai Dominion;;;;;;;;;;;;;x
RGA_dominion2;Kawakami Gensai Autonomous Federation;;;;;;;;;;;;;x
RGA_dominion3;Kawakami Gensai Protected Emirate;;;;;;;;;;;;;x
RGA_hms_government;Kawakami Gensai Constitutional Emirate;;;;;;;;;;;;;x
RGA_hms_government2;Kawakami Gensai Parliamentary Cabinet;;;;;;;;;;;;;x
RGA_prussian_constitutionalism;Kawakami Gensai Shura Council;;;;;;;;;;;;;x
RGA_prussian_constitutionalism2;Kawakami Gensai Council of Nobles;;;;;;;;;;;;;x
RGA_theocracy;Kawakami Gensai Imamate;;;;;;;;;;;;;x
RGA_trade_unions_congress;Kawakami Gensai General Confederation of Trade Unions;;;;;;;;;;;;;x
RGR_absolute_monarchy;Rosmontis Kingdom;;;;;;;;;;;;;x
RGR_absolute_monarchy2;Rosmontis Hereditary Kingdom;;;;;;;;;;;;;x
RGR_democracy2;Rosmontis Parliamentary Republic;;;;;;;;;;;;;x
RGR_dominion;Rosmontis Dominion;;;;;;;;;;;;;x
RGR_dominion2;Rosmontis Autonomous Federation;;;;;;;;;;;;;x
RGR_dominion3;Rosmontis Crown Dependency;;;;;;;;;;;;;x
RGR_hms_government;Rosmontis Constitutional Kingdom;;;;;;;;;;;;;x
RGR_hms_government2;Rosmontis Parliamentary Cabinet;;;;;;;;;;;;;x
RGR_prussian_constitutionalism;Rosmontis Royal Council;;;;;;;;;;;;;x
RGR_prussian_constitutionalism2;Rosmontis Royal Advisory Council;;;;;;;;;;;;;x
RGR_theocracy;Rosmontis Bishopric;;;;;;;;;;;;;x
RGR_trade_unions_congress;Rosmontis General Workers' Confederation;;;;;;;;;;;;;x
RGS_absolute_monarchy;Rio Grande do Sul Empire;;;;;;;;;;;;;x
RGS_absolute_monarchy2;Rio Grande do Sul Hereditary Empire;;;;;;;;;;;;;x
RGS_colonial_company;Rio Grande do Sul Chartered Company Territory;;;;;;;;;;;;;x
RGS_democracy;Rio Grande do Sul Federal Republic;;;;;;;;;;;;;x
RGS_dominion;Rio Grande do Sul Dominion;;;;;;;;;;;;;x
RGS_dominion2;Rio Grande do Sul Autonomous Federation;;;;;;;;;;;;;x
RGS_dominion3;Rio Grande do Sul Crown Dependency;;;;;;;;;;;;;x
RGS_hms_government;Rio Grande do Sul Constitutional Empire;;;;;;;;;;;;;x
RGS_hms_government2;Rio Grande do Sul Parliamentary Cabinet;;;;;;;;;;;;;x
RGS_prussian_constitutionalism;Rio Grande do Sul Imperial Council of State;;;;;;;;;;;;;x
RGS_prussian_constitutionalism2;Rio Grande do Sul Royal Advisory Council;;;;;;;;;;;;;x
RGS_theocracy;Rio Grande do Sul Bishopric;;;;;;;;;;;;;x
RGS_trade_unions_congress;Rio Grande do Sul General Workers' Confederation;;;;;;;;;;;;;x
RHI_absolute_monarchy;Darjeeling Duchy;;;;;;;;;;;;;x
RHI_absolute_monarchy2;Darjeeling Hereditary Duchy;;;;;;;;;;;;;x
RHI_colonial_company;Darjeeling Chartered Company Territory;;;;;;;;;;;;;x
RHI_democracy;Darjeeling Free State;;;;;;;;;;;;;x
RHI_democracy2;Darjeeling City Republic;;;;;;;;;;;;;x
RHI_dominion;Darjeeling Dominion;;;;;;;;;;;;;x
RHI_dominion2;Darjeeling Autonomous Federation;;;;;;;;;;;;;x
RHI_dominion3;Darjeeling Crown Territory;;;;;;;;;;;;;x
RHI_hms_government;Darjeeling Constitutional Duchy;;;;;;;;;;;;;x
RHI_hms_government2;Darjeeling Territorial Cabinet;;;;;;;;;;;;;x
RHI_prussian_constitutionalism;Darjeeling Territorial Diet;;;;;;;;;;;;;x
RHI_prussian_constitutionalism2;Darjeeling Council of Princes;;;;;;;;;;;;;x
RHI_theocracy;Darjeeling Bishopric;;;;;;;;;;;;;x
RHI_trade_unions_congress;Darjeeling Workers' Council;;;;;;;;;;;;;x
RHO_absolute_monarchy2;Southern Rhodesia Hereditary Kingdom;;;;;;;;;;;;;x
RHO_democracy2;Southern Rhodesia Parliamentary Republic;;;;;;;;;;;;;x
RHO_dominion2;Southern Rhodesia Autonomous Federation;;;;;;;;;;;;;x
RHO_dominion3;Southern Rhodesia Crown Dependency;;;;;;;;;;;;;x
RHO_hms_government2;Southern Rhodesia Parliamentary Cabinet;;;;;;;;;;;;;x
RHO_prussian_constitutionalism;Southern Rhodesia Privy Council;;;;;;;;;;;;;x
RHO_prussian_constitutionalism2;Southern Rhodesia Royal Advisory Council;;;;;;;;;;;;;x
RHO_theocracy;Southern Rhodesia Ecclesiastical Union;;;;;;;;;;;;;x
RHO_trade_unions_congress;Southern Rhodesia Trade Union Congress;;;;;;;;;;;;;x
RIA_absolute_monarchy;Mulberry Sultanate;;;;;;;;;;;;;x
RIA_absolute_monarchy2;Mulberry Hereditary Sultanate;;;;;;;;;;;;;x
RIA_colonial_company;Mulberry Trading Company Territory;;;;;;;;;;;;;x
RIA_democracy;Mulberry Republic;;;;;;;;;;;;;x
RIA_democracy2;Mulberry Parliamentary Republic;;;;;;;;;;;;;x
RIA_dominion;Mulberry Dominion;;;;;;;;;;;;;x
RIA_dominion2;Mulberry Autonomous Federation;;;;;;;;;;;;;x
RIA_dominion3;Mulberry Protected Emirate;;;;;;;;;;;;;x
RIA_hms_government;Mulberry Constitutional Sultanate;;;;;;;;;;;;;x
RIA_hms_government2;Mulberry Parliamentary Cabinet;;;;;;;;;;;;;x
RIA_prussian_constitutionalism;Mulberry Sultan's Council;;;;;;;;;;;;;x
RIA_prussian_constitutionalism2;Mulberry Council of Nobles;;;;;;;;;;;;;x
RIA_theocracy;Mulberry Imamate;;;;;;;;;;;;;x
RIA_trade_unions_congress;Mulberry Trade Union Confederation;;;;;;;;;;;;;x
RIO_absolute_monarchy;Rio de Janeiro Empire;;;;;;;;;;;;;x
RIO_absolute_monarchy2;Rio de Janeiro Hereditary Empire;;;;;;;;;;;;;x
RIO_colonial_company;Rio de Janeiro Chartered Company Territory;;;;;;;;;;;;;x
RIO_democracy;Rio de Janeiro Federal Republic;;;;;;;;;;;;;x
RIO_dominion;Rio de Janeiro Dominion;;;;;;;;;;;;;x
RIO_dominion2;Rio de Janeiro Autonomous Federation;;;;;;;;;;;;;x
RIO_dominion3;Rio de Janeiro Crown Dependency;;;;;;;;;;;;;x
RIO_hms_government;Rio de Janeiro Constitutional Empire;;;;;;;;;;;;;x
RIO_hms_government2;Rio de Janeiro Parliamentary Cabinet;;;;;;;;;;;;;x
RIO_prussian_constitutionalism;Rio de Janeiro Imperial Council of State;;;;;;;;;;;;;x
RIO_prussian_constitutionalism2;Rio de Janeiro Royal Advisory Council;;;;;;;;;;;;;x
RIO_theocracy;Rio de Janeiro Bishopric;;;;;;;;;;;;;x
RIO_trade_unions_congress;Rio de Janeiro General Workers' Confederation;;;;;;;;;;;;;x
RJK_absolute_monarchy;Misha Raj;;;;;;;;;;;;;x
RJK_absolute_monarchy2;Misha Hereditary Raj;;;;;;;;;;;;;x
RJK_colonial_company;Misha East India Company Territory;;;;;;;;;;;;;x
RJK_democracy;Misha Republic;;;;;;;;;;;;;x
RJK_democracy2;Misha Parliamentary Republic;;;;;;;;;;;;;x
RJK_dominion;Misha Princely State;;;;;;;;;;;;;x
RJK_dominion2;Misha Union of Princely States;;;;;;;;;;;;;x
RJK_dominion3;Misha Crown Territory;;;;;;;;;;;;;x
RJK_hms_government;Misha Constitutional Raj;;;;;;;;;;;;;x
RJK_hms_government2;Misha Parliamentary Cabinet;;;;;;;;;;;;;x
RJK_prussian_constitutionalism;Misha Durbar;;;;;;;;;;;;;x
RJK_prussian_constitutionalism2;Misha Council of Princes;;;;;;;;;;;;;x
RJK_theocracy;Misha Union of Temples;;;;;;;;;;;;;x
RJK_trade_unions_congress;Misha General Confederation of Trade Unions;;;;;;;;;;;;;x
RJL_absolute_monarchy;Juliana Empire;;;;;;;;;;;;;x
RJL_absolute_monarchy2;Juliana Hereditary Empire;;;;;;;;;;;;;x
RJL_colonial_company;Juliana Chartered Company Territory;;;;;;;;;;;;;x
RJL_democracy2;Juliana Parliamentary Republic;;;;;;;;;;;;;x
RJL_dominion;Juliana Dominion;;;;;;;;;;;;;x
RJL_dominion2;Juliana Autonomous Federation;;;;;;;;;;;;;x
RJL_dominion3;Juliana Crown Dependency;;;;;;;;;;;;;x
RJL_hms_government2;Juliana Parliamentary Cabinet;;;;;;;;;;;;;x
RJL_prussian_constitutionalism;Juliana Imperial Council of State;;;;;;;;;;;;;x
RJL_prussian_constitutionalism2;Juliana Royal Advisory Council;;;;;;;;;;;;;x
RJL_theocracy;Juliana Bishopric;;;;;;;;;;;;;x
RJL_trade_unions_congress;Juliana General Workers' Confederation;;;;;;;;;;;;;x
RLE_absolute_monarchy2;Kay Hereditary Principality;;;;;;;;;;;;;x
RLE_democracy2;Kay City Republic;;;;;;;;;;;;;x
RLE_dominion2;Kay Autonomous Federation;;;;;;;;;;;;;x
RLE_dominion3;Kay Crown Territory;;;;;;;;;;;;;x
RLE_hms_government2;Kay Territorial Cabinet;;;;;;;;;;;;;x
RLE_prussian_constitutionalism2;Kay Council of Princes;;;;;;;;;;;;;x
RLE_theocracy;Kay Ecclesiastical Union;;;;;;;;;;;;;x
RLE_trade_unions_congress;Kay Workers' Council;;;;;;;;;;;;;x
RME_absolute_monarchy;Penance Duchy;;;;;;;;;;;;;x
RME_absolute_monarchy2;Penance Hereditary Duchy;;;;;;;;;;;;;x
RME_colonial_company;Penance Chartered Company Territory;;;;;;;;;;;;;x
RME_democracy;Penance Republic;;;;;;;;;;;;;x
RME_democracy2;Penance Parliamentary Republic;;;;;;;;;;;;;x
RME_dominion;Penance Dominion;;;;;;;;;;;;;x
RME_dominion2;Penance Autonomous Federation;;;;;;;;;;;;;x
RME_dominion3;Penance Crown Dependency;;;;;;;;;;;;;x
RME_hms_government;Penance Constitutional Duchy;;;;;;;;;;;;;x
RME_hms_government2;Penance Parliamentary Cabinet;;;;;;;;;;;;;x
RME_prussian_constitutionalism;Penance Royal Senate;;;;;;;;;;;;;x
RME_prussian_constitutionalism2;Penance Royal Advisory Council;;;;;;;;;;;;;x
RME_theocracy;Penance Bishopric;;;;;;;;;;;;;x
RME_trade_unions_congress;Penance Federation of Guilds;;;;;;;;;;;;;x
RMG_absolute_monarchy;Littorio Duchy;;;;;;;;;;;;;x
RMG_absolute_monarchy2;Littorio Hereditary Duchy;;;;;;;;;;;;;x
RMG_colonial_company;Littorio Chartered Company Territory;;;;;;;;;;;;;x
RMG_democracy;Littorio Republic;;;;;;;;;;;;;x
RMG_democracy2;Littorio Parliamentary Republic;;;;;;;;;;;;;x
RMG_dominion;Littorio Dominion;;;;;;;;;;;;;x
RMG_dominion2;Littorio Autonomous Federation;;;;;;;;;;;;;x
RMG_dominion3;Littorio Crown Dependency;;;;;;;;;;;;;x
RMG_hms_government;Littorio Constitutional Duchy;;;;;;;;;;;;;x
RMG_hms_government2;Littorio Parliamentary Cabinet;;;;;;;;;;;;;x
RMG_prussian_constitutionalism;Littorio Royal Senate;;;;;;;;;;;;;x
RMG_prussian_constitutionalism2;Littorio Royal Advisory Council;;;;;;;;;;;;;x
RMG_theocracy;Littorio Bishopric;;;;;;;;;;;;;x
RMG_trade_unions_congress;Littorio Federation of Guilds;;;;;;;;;;;;;x
ROM_absolute_monarchy;Odette Kingdom;;;;;;;;;;;;;x
ROM_absolute_monarchy2;Odette Hereditary Kingdom;;;;;;;;;;;;;x
ROM_colonial_company;Odette Danube Chartered Company;;;;;;;;;;;;;x
ROM_democracy;Odette Republic;;;;;;;;;;;;;x
ROM_democracy2;Odette Parliamentary Republic;;;;;;;;;;;;;x
ROM_dominion;Odette Dominion;;;;;;;;;;;;;x
ROM_dominion2;Odette Autonomous Federation;;;;;;;;;;;;;x
ROM_dominion3;Odette Royal Protectorate;;;;;;;;;;;;;x
ROM_hms_government;Odette Constitutional Kingdom;;;;;;;;;;;;;x
ROM_hms_government2;Odette Parliamentary Cabinet;;;;;;;;;;;;;x
ROM_prussian_constitutionalism;Odette Royal Privy Council;;;;;;;;;;;;;x
ROM_prussian_constitutionalism2;Odette Bicameral Parliament;;;;;;;;;;;;;x
ROM_theocracy;Odette Patriarchate;;;;;;;;;;;;;x
ROM_trade_unions_congress;Odette Trade Union League;;;;;;;;;;;;;x
ROR_absolute_monarchy;Aquila Duchy;;;;;;;;;;;;;x
ROR_absolute_monarchy2;Aquila Hereditary Duchy;;;;;;;;;;;;;x
ROR_colonial_company;Aquila Chartered Company Territory;;;;;;;;;;;;;x
ROR_democracy;Aquila Republic;;;;;;;;;;;;;x
ROR_democracy2;Aquila Parliamentary Republic;;;;;;;;;;;;;x
ROR_dominion;Aquila Dominion;;;;;;;;;;;;;x
ROR_dominion2;Aquila Autonomous Federation;;;;;;;;;;;;;x
ROR_dominion3;Aquila Crown Dependency;;;;;;;;;;;;;x
ROR_hms_government;Aquila Constitutional Duchy;;;;;;;;;;;;;x
ROR_hms_government2;Aquila Parliamentary Cabinet;;;;;;;;;;;;;x
ROR_prussian_constitutionalism;Aquila Royal Senate;;;;;;;;;;;;;x
ROR_prussian_constitutionalism2;Aquila Royal Advisory Council;;;;;;;;;;;;;x
ROR_theocracy;Aquila Bishopric;;;;;;;;;;;;;x
ROR_trade_unions_congress;Aquila Federation of Guilds;;;;;;;;;;;;;x
RPL_absolute_monarchy;Columbia Chartered Company Territory;;;;;;;;;;;;;x
RPL_absolute_monarchy2;Columbia Dynasty;;;;;;;;;;;;;x
RPL_democracy2;Columbia Parliamentary Republic;;;;;;;;;;;;;x
RPL_dominion2;Columbia Autonomous Federation;;;;;;;;;;;;;x
RPL_dominion3;Columbia Crown Dependency;;;;;;;;;;;;;x
RPL_hms_government2;Columbia Parliamentary Cabinet;;;;;;;;;;;;;x
RPL_prussian_constitutionalism;Columbia Privy Council;;;;;;;;;;;;;x
RPL_prussian_constitutionalism2;Columbia Royal Advisory Council;;;;;;;;;;;;;x
RPL_theocracy;Columbia Ecclesiastical Union;;;;;;;;;;;;;x
RPL_trade_unions_congress;Columbia Trade Union Congress;;;;;;;;;;;;;x
RPP_absolute_monarchy;Jackie Raj;;;;;;;;;;;;;x
RPP_absolute_monarchy2;Jackie Hereditary Raj;;;;;;;;;;;;;x
RPP_colonial_company;Jackie East India Company Territory;;;;;;;;;;;;;x
RPP_democracy;Jackie Republic;;;;;;;;;;;;;x
RPP_democracy2;Jackie Parliamentary Republic;;;;;;;;;;;;;x
RPP_dominion;Jackie Princely State;;;;;;;;;;;;;x
RPP_dominion2;Jackie Union of Princely States;;;;;;;;;;;;;x
RPP_dominion3;Jackie Crown Territory;;;;;;;;;;;;;x
RPP_hms_government;Jackie Constitutional Raj;;;;;;;;;;;;;x
RPP_hms_government2;Jackie Parliamentary Cabinet;;;;;;;;;;;;;x
RPP_prussian_constitutionalism;Jackie Durbar;;;;;;;;;;;;;x
RPP_prussian_constitutionalism2;Jackie Council of Princes;;;;;;;;;;;;;x
RPP_theocracy;Jackie Union of Temples;;;;;;;;;;;;;x
RPP_trade_unions_congress;Jackie General Confederation of Trade Unions;;;;;;;;;;;;;x
RSR_absolute_monarchy2;Mika Hereditary Principality;;;;;;;;;;;;;x
RSR_democracy2;Mika City Republic;;;;;;;;;;;;;x
RSR_dominion2;Mika Autonomous Federation;;;;;;;;;;;;;x
RSR_dominion3;Mika Crown Territory;;;;;;;;;;;;;x
RSR_hms_government2;Mika Territorial Cabinet;;;;;;;;;;;;;x
RSR_prussian_constitutionalism2;Mika Council of Princes;;;;;;;;;;;;;x
RSR_theocracy;Mika Ecclesiastical Union;;;;;;;;;;;;;x
RSR_trade_unions_congress;Mika Workers' Council;;;;;;;;;;;;;x
RUM_absolute_monarchy;Goldenglow Kingdom;;;;;;;;;;;;;x
RUM_absolute_monarchy2;Goldenglow Hereditary Kingdom;;;;;;;;;;;;;x
RUM_colonial_company;Goldenglow Chartered Company Territory;;;;;;;;;;;;;x
RUM_democracy;Goldenglow Republic;;;;;;;;;;;;;x
RUM_democracy2;Goldenglow Parliamentary Republic;;;;;;;;;;;;;x
RUM_dominion;Goldenglow Dominion;;;;;;;;;;;;;x
RUM_dominion2;Goldenglow Autonomous Federation;;;;;;;;;;;;;x
RUM_dominion3;Goldenglow Crown Dependency;;;;;;;;;;;;;x
RUM_hms_government;Goldenglow Constitutional Kingdom;;;;;;;;;;;;;x
RUM_hms_government2;Goldenglow Parliamentary Cabinet;;;;;;;;;;;;;x
RUM_prussian_constitutionalism;Goldenglow Royal Council;;;;;;;;;;;;;x
RUM_prussian_constitutionalism2;Goldenglow Royal Advisory Council;;;;;;;;;;;;;x
RUM_theocracy;Goldenglow Patriarchate;;;;;;;;;;;;;x
RUM_trade_unions_congress;Goldenglow Workers' Council;;;;;;;;;;;;;x
RUT_absolute_monarchy;Ibuki Tsardom;;;;;;;;;;;;;x
RUT_absolute_monarchy2;Ibuki Empire;;;;;;;;;;;;;x
RUT_colonial_company;Ibuki Chartered Company Territory;;;;;;;;;;;;;x
RUT_democracy2;Ibuki Parliamentary Republic;;;;;;;;;;;;;x
RUT_dominion;Ibuki Autonomous Province;;;;;;;;;;;;;x
RUT_dominion2;Ibuki Autonomous Republic;;;;;;;;;;;;;x
RUT_dominion3;Ibuki Governorate;;;;;;;;;;;;;x
RUT_hms_government;Ibuki Constitutional Tsardom;;;;;;;;;;;;;x
RUT_hms_government2;Ibuki Parliamentary Cabinet;;;;;;;;;;;;;x
RUT_prussian_constitutionalism;Ibuki Duma;;;;;;;;;;;;;x
RUT_prussian_constitutionalism2;Ibuki State Council;;;;;;;;;;;;;x
RUT_theocracy;Ibuki Patriarchate;;;;;;;;;;;;;x
RUT_trade_unions_congress;Ibuki Workers' Soviet;;;;;;;;;;;;;x
RWA_absolute_monarchy;Rwanda Kingdom;;;;;;;;;;;;;x
RWA_absolute_monarchy2;Rwanda Hereditary Kingdom;;;;;;;;;;;;;x
RWA_colonial_company;Rwanda Chartered Company Territory;;;;;;;;;;;;;x
RWA_democracy;Rwanda Republic;;;;;;;;;;;;;x
RWA_democracy2;Rwanda Parliamentary Republic;;;;;;;;;;;;;x
RWA_dominion;Rwanda Protectorate;;;;;;;;;;;;;x
RWA_dominion2;Rwanda Union of Autonomous States;;;;;;;;;;;;;x
RWA_dominion3;Rwanda Royal Protectorate;;;;;;;;;;;;;x
RWA_hms_government;Rwanda Constitutional Kingdom;;;;;;;;;;;;;x
RWA_hms_government2;Rwanda Parliamentary Cabinet;;;;;;;;;;;;;x
RWA_prussian_constitutionalism;Rwanda Royal Council of Elders;;;;;;;;;;;;;x
RWA_prussian_constitutionalism2;Rwanda Council of Elder Chiefs;;;;;;;;;;;;;x
RWA_theocracy;Rwanda Priestly State;;;;;;;;;;;;;x
RWA_trade_unions_congress;Rwanda Trade Union Confederation;;;;;;;;;;;;;x
RYU_absolute_monarchy;Chise Kingdom;;;;;;;;;;;;;x
RYU_absolute_monarchy2;Chise Shogunate;;;;;;;;;;;;;x
RYU_colonial_company;Chise Trading Post Territory;;;;;;;;;;;;;x
RYU_democracy;Chise Republic;;;;;;;;;;;;;x
RYU_democracy2;Chise Parliamentary Republic;;;;;;;;;;;;;x
RYU_dominion;Chise Autonomous Domain;;;;;;;;;;;;;x
RYU_dominion2;Chise Union of Domains;;;;;;;;;;;;;x
RYU_dominion3;Chise Shogunal Territory;;;;;;;;;;;;;x
RYU_hms_government;Chise Constitutional Kingdom;;;;;;;;;;;;;x
RYU_hms_government2;Chise Parliamentary Cabinet;;;;;;;;;;;;;x
RYU_prussian_constitutionalism;Chise Domain Administrative Council;;;;;;;;;;;;;x
RYU_prussian_constitutionalism2;Chise Council of Domain Lords;;;;;;;;;;;;;x
RYU_theocracy;Chise Sangha State;;;;;;;;;;;;;x
RYU_trade_unions_congress;Chise General Council of Trade Unions;;;;;;;;;;;;;x
SAA_absolute_monarchy;Maho Nishizumi Duchy;;;;;;;;;;;;;x
SAA_absolute_monarchy2;Maho Nishizumi Hereditary Duchy;;;;;;;;;;;;;x
SAA_colonial_company;Maho Nishizumi Chartered Company Territory;;;;;;;;;;;;;x
SAA_democracy;Maho Nishizumi Free State;;;;;;;;;;;;;x
SAA_democracy2;Maho Nishizumi City Republic;;;;;;;;;;;;;x
SAA_dominion;Maho Nishizumi Dominion;;;;;;;;;;;;;x
SAA_dominion2;Maho Nishizumi Autonomous Federation;;;;;;;;;;;;;x
SAA_dominion3;Maho Nishizumi Crown Territory;;;;;;;;;;;;;x
SAA_hms_government;Maho Nishizumi Constitutional Duchy;;;;;;;;;;;;;x
SAA_hms_government2;Maho Nishizumi Territorial Cabinet;;;;;;;;;;;;;x
SAA_prussian_constitutionalism;Maho Nishizumi Territorial Diet;;;;;;;;;;;;;x
SAA_prussian_constitutionalism2;Maho Nishizumi Council of Princes;;;;;;;;;;;;;x
SAA_theocracy;Maho Nishizumi Bishopric;;;;;;;;;;;;;x
SAA_trade_unions_congress;Maho Nishizumi Workers' Council;;;;;;;;;;;;;x
SAF_absolute_monarchy;Heavyrain Kingdom;;;;;;;;;;;;;x
SAF_absolute_monarchy2;Heavyrain Hereditary Kingdom;;;;;;;;;;;;;x
SAF_democracy;Heavyrain Free Republic;;;;;;;;;;;;;x
SAF_democracy2;Heavyrain Citizens' Assembly;;;;;;;;;;;;;x
SAF_dominion;Heavyrain Autonomous Republic;;;;;;;;;;;;;x
SAF_dominion2;Heavyrain Autonomous Federation;;;;;;;;;;;;;x
SAF_dominion3;Heavyrain Crown Dependency;;;;;;;;;;;;;x
SAF_hms_government2;Heavyrain Parliamentary Cabinet;;;;;;;;;;;;;x
SAF_prussian_constitutionalism;Heavyrain Citizens' Council;;;;;;;;;;;;;x
SAF_prussian_constitutionalism2;Heavyrain Royal Advisory Council;;;;;;;;;;;;;x
SAF_theocracy;Heavyrain Ecclesiastical Union;;;;;;;;;;;;;x
SAF_trade_unions_congress;Heavyrain Trade Union Confederation;;;;;;;;;;;;;x
SAK_absolute_monarchy;Xu Fu Sultanate;;;;;;;;;;;;;x
SAK_absolute_monarchy2;Xu Fu Hereditary Sultanate;;;;;;;;;;;;;x
SAK_colonial_company;Xu Fu Trading Company Territory;;;;;;;;;;;;;x
SAK_democracy;Xu Fu Republic;;;;;;;;;;;;;x
SAK_democracy2;Xu Fu Parliamentary Republic;;;;;;;;;;;;;x
SAK_dominion;Xu Fu Dominion;;;;;;;;;;;;;x
SAK_dominion2;Xu Fu Autonomous Federation;;;;;;;;;;;;;x
SAK_dominion3;Xu Fu Protected Emirate;;;;;;;;;;;;;x
SAK_hms_government;Xu Fu Constitutional Sultanate;;;;;;;;;;;;;x
SAK_hms_government2;Xu Fu Parliamentary Cabinet;;;;;;;;;;;;;x
SAK_prussian_constitutionalism;Xu Fu Sultan's Council;;;;;;;;;;;;;x
SAK_prussian_constitutionalism2;Xu Fu Council of Nobles;;;;;;;;;;;;;x
SAK_theocracy;Xu Fu Imamate;;;;;;;;;;;;;x
SAK_trade_unions_congress;Xu Fu Trade Union Confederation;;;;;;;;;;;;;x
SAM_absolute_monarchy;Breeze Kingdom;;;;;;;;;;;;;x
SAM_absolute_monarchy2;Breeze Hereditary Kingdom;;;;;;;;;;;;;x
SAM_colonial_company;Breeze Chartered Company Territory;;;;;;;;;;;;;x
SAM_democracy;Breeze Republic;;;;;;;;;;;;;x
SAM_democracy2;Breeze Parliamentary Republic;;;;;;;;;;;;;x
SAM_dominion;Breeze Dominion;;;;;;;;;;;;;x
SAM_dominion2;Breeze Autonomous Federation;;;;;;;;;;;;;x
SAM_dominion3;Breeze Crown Dependency;;;;;;;;;;;;;x
SAM_hms_government;Breeze Constitutional Kingdom;;;;;;;;;;;;;x
SAM_hms_government2;Breeze Parliamentary Cabinet;;;;;;;;;;;;;x
SAM_prussian_constitutionalism;Breeze Royal Council;;;;;;;;;;;;;x
SAM_prussian_constitutionalism2;Breeze Royal Advisory Council;;;;;;;;;;;;;x
SAM_theocracy;Breeze Patriarchate;;;;;;;;;;;;;x
SAM_trade_unions_congress;Breeze Trade Union Confederation;;;;;;;;;;;;;x
SAT_absolute_monarchy2;Tsubaki Shogunate;;;;;;;;;;;;;x
SAT_colonial_company;Tsubaki Trading Post Territory;;;;;;;;;;;;;x
SAT_democracy;Tsubaki Republic;;;;;;;;;;;;;x
SAT_democracy2;Tsubaki Parliamentary Republic;;;;;;;;;;;;;x
SAT_dominion;Tsubaki Autonomous Domain;;;;;;;;;;;;;x
SAT_dominion2;Tsubaki Union of Domains;;;;;;;;;;;;;x
SAT_dominion3;Tsubaki Shogunal Territory;;;;;;;;;;;;;x
SAT_hms_government2;Tsubaki Parliamentary Cabinet;;;;;;;;;;;;;x
SAT_prussian_constitutionalism2;Tsubaki Council of Domain Lords;;;;;;;;;;;;;x
SAT_theocracy;Tsubaki Sangha State;;;;;;;;;;;;;x
SAT_trade_unions_congress;Tsubaki General Council of Trade Unions;;;;;;;;;;;;;x
SAX_absolute_monarchy2;Saori Takebe Hereditary Kingdom;;;;;;;;;;;;;x
SAX_democracy2;Saori Takebe City Republic;;;;;;;;;;;;;x
SAX_dominion2;Saori Takebe Autonomous Federation;;;;;;;;;;;;;x
SAX_dominion3;Saori Takebe Crown Territory;;;;;;;;;;;;;x
SAX_hms_government2;Saori Takebe Territorial Cabinet;;;;;;;;;;;;;x
SAX_prussian_constitutionalism2;Saori Takebe Council of Princes;;;;;;;;;;;;;x
SAX_theocracy;Saori Takebe Bishopric;;;;;;;;;;;;;x
SAX_trade_unions_congress;Saori Takebe Workers' Council;;;;;;;;;;;;;x
SBA_absolute_monarchy;Buenos Aires Kingdom;;;;;;;;;;;;;x
SBA_absolute_monarchy2;Buenos Aires Hereditary Kingdom;;;;;;;;;;;;;x
SBA_colonial_company;Buenos Aires Chartered Company Territory;;;;;;;;;;;;;x
SBA_democracy;Buenos Aires Republic;;;;;;;;;;;;;x
SBA_democracy2;Buenos Aires Parliamentary Republic;;;;;;;;;;;;;x
SBA_dominion;Buenos Aires Dominion;;;;;;;;;;;;;x
SBA_dominion2;Buenos Aires Autonomous Federation;;;;;;;;;;;;;x
SBA_dominion3;Buenos Aires Crown Dependency;;;;;;;;;;;;;x
SBA_hms_government;Buenos Aires Constitutional Kingdom;;;;;;;;;;;;;x
SBA_hms_government2;Buenos Aires Parliamentary Cabinet;;;;;;;;;;;;;x
SBA_prussian_constitutionalism;Buenos Aires Royal Council;;;;;;;;;;;;;x
SBA_prussian_constitutionalism2;Buenos Aires Royal Advisory Council;;;;;;;;;;;;;x
SBA_theocracy;Buenos Aires Bishopric;;;;;;;;;;;;;x
SBA_trade_unions_congress;Buenos Aires General Workers' Confederation;;;;;;;;;;;;;x
SBS_absolute_monarchy;Frostnova Sultanate;;;;;;;;;;;;;x
SBS_absolute_monarchy2;Frostnova Hereditary Sultanate;;;;;;;;;;;;;x
SBS_colonial_company;Frostnova Trading Company Territory;;;;;;;;;;;;;x
SBS_democracy;Frostnova Republic;;;;;;;;;;;;;x
SBS_democracy2;Frostnova Parliamentary Republic;;;;;;;;;;;;;x
SBS_dominion;Frostnova Dominion;;;;;;;;;;;;;x
SBS_dominion2;Frostnova Autonomous Federation;;;;;;;;;;;;;x
SBS_dominion3;Frostnova Protected Emirate;;;;;;;;;;;;;x
SBS_hms_government;Frostnova Constitutional Sultanate;;;;;;;;;;;;;x
SBS_hms_government2;Frostnova Parliamentary Cabinet;;;;;;;;;;;;;x
SBS_prussian_constitutionalism;Frostnova Sultan's Council;;;;;;;;;;;;;x
SBS_prussian_constitutionalism2;Frostnova Council of Nobles;;;;;;;;;;;;;x
SBS_theocracy;Frostnova Imamate;;;;;;;;;;;;;x
SBS_trade_unions_congress;Frostnova Trade Union Confederation;;;;;;;;;;;;;x
SCA_absolute_monarchy2;Clara Hereditary Kingdom;;;;;;;;;;;;;x
SCA_colonial_company;Clara Chartered Company Territory;;;;;;;;;;;;;x
SCA_democracy;Clara Republic;;;;;;;;;;;;;x
SCA_democracy2;Clara Parliamentary Republic;;;;;;;;;;;;;x
SCA_dominion;Clara Dominion;;;;;;;;;;;;;x
SCA_dominion2;Clara Autonomous Federation;;;;;;;;;;;;;x
SCA_dominion3;Clara Crown Dependency;;;;;;;;;;;;;x
SCA_hms_government;Clara Constitutional Kingdom;;;;;;;;;;;;;x
SCA_hms_government2;Clara Parliamentary Cabinet;;;;;;;;;;;;;x
SCA_prussian_constitutionalism2;Clara Royal Advisory Council;;;;;;;;;;;;;x
SCA_theocracy;Clara Ecclesiastical Union;;;;;;;;;;;;;x
SCA_trade_unions_congress;Clara Trade Union Confederation;;;;;;;;;;;;;x
SCH_absolute_monarchy2;White Stork Hereditary Duchy;;;;;;;;;;;;;x
SCH_democracy2;White Stork Parliamentary Republic;;;;;;;;;;;;;x
SCH_dominion2;White Stork Autonomous Federation;;;;;;;;;;;;;x
SCH_dominion3;White Stork Crown Dependency;;;;;;;;;;;;;x
SCH_hms_government2;White Stork Parliamentary Cabinet;;;;;;;;;;;;;x
SCH_prussian_constitutionalism2;White Stork Royal Advisory Council;;;;;;;;;;;;;x
SCH_theocracy;White Stork Ecclesiastical Union;;;;;;;;;;;;;x
SCH_trade_unions_congress;White Stork Trade Union Confederation;;;;;;;;;;;;;x
SCL_absolute_monarchy2;Scathach Hereditary Principality;;;;;;;;;;;;;x
SCL_democracy2;Scathach City Republic;;;;;;;;;;;;;x
SCL_dominion2;Scathach Autonomous Federation;;;;;;;;;;;;;x
SCL_dominion3;Scathach Crown Territory;;;;;;;;;;;;;x
SCL_hms_government2;Scathach Territorial Cabinet;;;;;;;;;;;;;x
SCL_prussian_constitutionalism2;Scathach Council of Princes;;;;;;;;;;;;;x
SCL_theocracy;Scathach Ecclesiastical Union;;;;;;;;;;;;;x
SCL_trade_unions_congress;Scathach Workers' Council;;;;;;;;;;;;;x
SCO_absolute_monarchy;Nozomi Kingdom;;;;;;;;;;;;;x
SCO_absolute_monarchy2;Nozomi Hereditary Kingdom;;;;;;;;;;;;;x
SCO_colonial_company;Nozomi Chartered Company Territory;;;;;;;;;;;;;x
SCO_democracy;Nozomi Republic;;;;;;;;;;;;;x
SCO_democracy2;Nozomi Parliamentary Republic;;;;;;;;;;;;;x
SCO_dominion;Nozomi Dominion;;;;;;;;;;;;;x
SCO_dominion2;Nozomi Autonomous Federation;;;;;;;;;;;;;x
SCO_dominion3;Nozomi Crown Dependency;;;;;;;;;;;;;x
SCO_hms_government;Nozomi Constitutional Kingdom;;;;;;;;;;;;;x
SCO_hms_government2;Nozomi Parliamentary Cabinet;;;;;;;;;;;;;x
SCO_prussian_constitutionalism;Nozomi Privy Council;;;;;;;;;;;;;x
SCO_prussian_constitutionalism2;Nozomi Royal Advisory Council;;;;;;;;;;;;;x
SCO_theocracy;Nozomi Ecclesiastical Union;;;;;;;;;;;;;x
SCO_trade_unions_congress;Nozomi Trade Union Congress;;;;;;;;;;;;;x
SDB_absolute_monarchy;Manhattan Cafe Duchy;;;;;;;;;;;;;x
SDB_absolute_monarchy2;Manhattan Cafe Hereditary Duchy;;;;;;;;;;;;;x
SDB_colonial_company;Manhattan Cafe Chartered Company Territory;;;;;;;;;;;;;x
SDB_democracy2;Manhattan Cafe City Republic;;;;;;;;;;;;;x
SDB_dominion;Manhattan Cafe Dominion;;;;;;;;;;;;;x
SDB_dominion2;Manhattan Cafe Autonomous Federation;;;;;;;;;;;;;x
SDB_dominion3;Manhattan Cafe Crown Territory;;;;;;;;;;;;;x
SDB_hms_government;Manhattan Cafe Constitutional Duchy;;;;;;;;;;;;;x
SDB_hms_government2;Manhattan Cafe Territorial Cabinet;;;;;;;;;;;;;x
SDB_prussian_constitutionalism;Manhattan Cafe Territorial Diet;;;;;;;;;;;;;x
SDB_prussian_constitutionalism2;Manhattan Cafe Council of Princes;;;;;;;;;;;;;x
SDB_theocracy;Manhattan Cafe Bishopric;;;;;;;;;;;;;x
SDB_trade_unions_congress;Manhattan Cafe Workers' Council;;;;;;;;;;;;;x
SEG_absolute_monarchy2;Bamana Hereditary Empire;;;;;;;;;;;;;x
SEG_colonial_company;Bamana Chartered Company Territory;;;;;;;;;;;;;x
SEG_democracy;Bamana Republic;;;;;;;;;;;;;x
SEG_democracy2;Bamana Parliamentary Republic;;;;;;;;;;;;;x
SEG_dominion;Bamana Protectorate;;;;;;;;;;;;;x
SEG_dominion2;Bamana Union of Autonomous States;;;;;;;;;;;;;x
SEG_dominion3;Bamana Royal Protectorate;;;;;;;;;;;;;x
SEG_hms_government2;Bamana Parliamentary Cabinet;;;;;;;;;;;;;x
SEG_prussian_constitutionalism2;Bamana Council of Elder Chiefs;;;;;;;;;;;;;x
SEG_theocracy;Bamana Priestly State;;;;;;;;;;;;;x
SEG_trade_unions_congress;Bamana Trade Union Confederation;;;;;;;;;;;;;x
SEN_absolute_monarchy2;Tsukuyo Shogunate;;;;;;;;;;;;;x
SEN_colonial_company;Tsukuyo Trading Post Territory;;;;;;;;;;;;;x
SEN_democracy;Tsukuyo Republic;;;;;;;;;;;;;x
SEN_democracy2;Tsukuyo Parliamentary Republic;;;;;;;;;;;;;x
SEN_dominion;Tsukuyo Autonomous Domain;;;;;;;;;;;;;x
SEN_dominion2;Tsukuyo Union of Domains;;;;;;;;;;;;;x
SEN_dominion3;Tsukuyo Shogunal Territory;;;;;;;;;;;;;x
SEN_hms_government2;Tsukuyo Parliamentary Cabinet;;;;;;;;;;;;;x
SEN_prussian_constitutionalism2;Tsukuyo Council of Domain Lords;;;;;;;;;;;;;x
SEN_theocracy;Tsukuyo Sangha State;;;;;;;;;;;;;x
SEN_trade_unions_congress;Tsukuyo General Council of Trade Unions;;;;;;;;;;;;;x
SER_absolute_monarchy;Surtr Duchy;;;;;;;;;;;;;x
SER_absolute_monarchy2;Surtr Hereditary Duchy;;;;;;;;;;;;;x
SER_colonial_company;Surtr Chartered Company Territory;;;;;;;;;;;;;x
SER_democracy;Surtr Republic;;;;;;;;;;;;;x
SER_democracy2;Surtr Parliamentary Republic;;;;;;;;;;;;;x
SER_dominion;Surtr Dominion;;;;;;;;;;;;;x
SER_dominion2;Surtr Autonomous Federation;;;;;;;;;;;;;x
SER_dominion3;Surtr Crown Dependency;;;;;;;;;;;;;x
SER_hms_government;Surtr Constitutional Duchy;;;;;;;;;;;;;x
SER_hms_government2;Surtr Parliamentary Cabinet;;;;;;;;;;;;;x
SER_prussian_constitutionalism;Surtr Royal Council;;;;;;;;;;;;;x
SER_prussian_constitutionalism2;Surtr Royal Advisory Council;;;;;;;;;;;;;x
SER_theocracy;Surtr Patriarchate;;;;;;;;;;;;;x
SER_trade_unions_congress;Surtr Workers' Council;;;;;;;;;;;;;x
SEY_absolute_monarchy;Seychelles Kingdom;;;;;;;;;;;;;x
SEY_absolute_monarchy2;Seychelles Hereditary Kingdom;;;;;;;;;;;;;x
SEY_colonial_company;Seychelles Chartered Company Territory;;;;;;;;;;;;;x
SEY_democracy;Seychelles Republic;;;;;;;;;;;;;x
SEY_democracy2;Seychelles Parliamentary Republic;;;;;;;;;;;;;x
SEY_dominion;Seychelles Dominion;;;;;;;;;;;;;x
SEY_dominion2;Seychelles Autonomous Federation;;;;;;;;;;;;;x
SEY_dominion3;Seychelles Crown Dependency;;;;;;;;;;;;;x
SEY_hms_government;Seychelles Constitutional Kingdom;;;;;;;;;;;;;x
SEY_hms_government2;Seychelles Parliamentary Cabinet;;;;;;;;;;;;;x
SEY_prussian_constitutionalism;Seychelles Royal Council;;;;;;;;;;;;;x
SEY_prussian_constitutionalism2;Seychelles Royal Advisory Council;;;;;;;;;;;;;x
SEY_theocracy;Seychelles Bishopric;;;;;;;;;;;;;x
SEY_trade_unions_congress;Seychelles General Workers' Confederation;;;;;;;;;;;;;x
SGF_absolute_monarchy;Agnes Tachyon Duchy;;;;;;;;;;;;;x
SGF_absolute_monarchy2;Agnes Tachyon Hereditary Duchy;;;;;;;;;;;;;x
SGF_colonial_company;Agnes Tachyon Chartered Company Territory;;;;;;;;;;;;;x
SGF_democracy;Agnes Tachyon Free State;;;;;;;;;;;;;x
SGF_democracy2;Agnes Tachyon City Republic;;;;;;;;;;;;;x
SGF_dominion;Agnes Tachyon Dominion;;;;;;;;;;;;;x
SGF_dominion2;Agnes Tachyon Autonomous Federation;;;;;;;;;;;;;x
SGF_dominion3;Agnes Tachyon Crown Territory;;;;;;;;;;;;;x
SGF_hms_government;Agnes Tachyon Constitutional Duchy;;;;;;;;;;;;;x
SGF_hms_government2;Agnes Tachyon Territorial Cabinet;;;;;;;;;;;;;x
SGF_prussian_constitutionalism;Agnes Tachyon Territorial Diet;;;;;;;;;;;;;x
SGF_prussian_constitutionalism2;Agnes Tachyon Council of Princes;;;;;;;;;;;;;x
SGF_theocracy;Agnes Tachyon Bishopric;;;;;;;;;;;;;x
SGF_trade_unions_congress;Agnes Tachyon Workers' Council;;;;;;;;;;;;;x
SGM_absolute_monarchy2;Rice Shower Hereditary Principality;;;;;;;;;;;;;x
SGM_democracy2;Rice Shower City Republic;;;;;;;;;;;;;x
SGM_dominion2;Rice Shower Autonomous Federation;;;;;;;;;;;;;x
SGM_dominion3;Rice Shower Crown Territory;;;;;;;;;;;;;x
SGM_hms_government2;Rice Shower Territorial Cabinet;;;;;;;;;;;;;x
SGM_prussian_constitutionalism2;Rice Shower Council of Princes;;;;;;;;;;;;;x
SGM_theocracy;Rice Shower Bishopric;;;;;;;;;;;;;x
SGM_trade_unions_congress;Rice Shower Workers' Council;;;;;;;;;;;;;x
SGP_absolute_monarchy;Qin Liangyu Imperial Dynasty;;;;;;;;;;;;;x
SGP_absolute_monarchy2;Qin Liangyu Imperial Court;;;;;;;;;;;;;x
SGP_democracy;Qin Liangyu Republic;;;;;;;;;;;;;x
SGP_democracy2;Qin Liangyu Federal Republic;;;;;;;;;;;;;x
SGP_dominion2;Qin Liangyu Federal Government;;;;;;;;;;;;;x
SGP_dominion3;Qin Liangyu Tributary Territory;;;;;;;;;;;;;x
SGP_hms_government;Qin Liangyu Responsible Cabinet;;;;;;;;;;;;;x
SGP_hms_government2;Qin Liangyu Parliamentary Cabinet;;;;;;;;;;;;;x
SGP_prussian_constitutionalism;Qin Liangyu Advisory Council;;;;;;;;;;;;;x
SGP_prussian_constitutionalism2;Qin Liangyu State Advisory Council;;;;;;;;;;;;;x
SGP_theocracy;Qin Liangyu Sangha State;;;;;;;;;;;;;x
SGP_trade_unions_congress;Qin Liangyu General Labor Union;;;;;;;;;;;;;x
SHA_absolute_monarchy2;Chen Qianyu Hereditary Kingdom;;;;;;;;;;;;;x
SHA_colonial_company;Chen Qianyu Chartered Company Territory;;;;;;;;;;;;;x
SHA_democracy;Chen Qianyu Republic;;;;;;;;;;;;;x
SHA_democracy2;Chen Qianyu Parliamentary Republic;;;;;;;;;;;;;x
SHA_dominion;Chen Qianyu Dominion;;;;;;;;;;;;;x
SHA_dominion2;Chen Qianyu Autonomous Federation;;;;;;;;;;;;;x
SHA_dominion3;Chen Qianyu Crown Dependency;;;;;;;;;;;;;x
SHA_hms_government;Chen Qianyu Constitutional Kingdom;;;;;;;;;;;;;x
SHA_hms_government2;Chen Qianyu Parliamentary Cabinet;;;;;;;;;;;;;x
SHA_prussian_constitutionalism;Chen Qianyu Royal Council;;;;;;;;;;;;;x
SHA_prussian_constitutionalism2;Chen Qianyu Royal Advisory Council;;;;;;;;;;;;;x
SHA_theocracy;Chen Qianyu Sangha State;;;;;;;;;;;;;x
SHA_trade_unions_congress;Chen Qianyu Trade Union Confederation;;;;;;;;;;;;;x
SHI_absolute_monarchy;Bena Raj;;;;;;;;;;;;;x
SHI_absolute_monarchy2;Bena Hereditary Raj;;;;;;;;;;;;;x
SHI_colonial_company;Bena East India Company Territory;;;;;;;;;;;;;x
SHI_democracy;Bena Republic;;;;;;;;;;;;;x
SHI_democracy2;Bena Parliamentary Republic;;;;;;;;;;;;;x
SHI_dominion;Bena Princely State;;;;;;;;;;;;;x
SHI_dominion2;Bena Union of Princely States;;;;;;;;;;;;;x
SHI_dominion3;Bena Crown Territory;;;;;;;;;;;;;x
SHI_hms_government;Bena Constitutional Raj;;;;;;;;;;;;;x
SHI_hms_government2;Bena Parliamentary Cabinet;;;;;;;;;;;;;x
SHI_prussian_constitutionalism;Bena Durbar;;;;;;;;;;;;;x
SHI_prussian_constitutionalism2;Bena Council of Princes;;;;;;;;;;;;;x
SHI_theocracy;Bena Union of Temples;;;;;;;;;;;;;x
SHI_trade_unions_congress;Bena General Confederation of Trade Unions;;;;;;;;;;;;;x
SHK_absolute_monarchy2;Shilluk Hereditary Kingdom;;;;;;;;;;;;;x
SHK_colonial_company;Shilluk Chartered Company Territory;;;;;;;;;;;;;x
SHK_democracy;Shilluk Republic;;;;;;;;;;;;;x
SHK_democracy2;Shilluk Parliamentary Republic;;;;;;;;;;;;;x
SHK_dominion;Shilluk Protectorate;;;;;;;;;;;;;x
SHK_dominion2;Shilluk Union of Autonomous States;;;;;;;;;;;;;x
SHK_dominion3;Shilluk Royal Protectorate;;;;;;;;;;;;;x
SHK_hms_government2;Shilluk Parliamentary Cabinet;;;;;;;;;;;;;x
SHK_prussian_constitutionalism2;Shilluk Council of Elder Chiefs;;;;;;;;;;;;;x
SHK_theocracy;Shilluk Priestly State;;;;;;;;;;;;;x
SHK_trade_unions_congress;Shilluk Trade Union Confederation;;;;;;;;;;;;;x
SHO_absolute_monarchy;Shonaland Kingdom;;;;;;;;;;;;;x
SHO_absolute_monarchy2;Shonaland Hereditary Kingdom;;;;;;;;;;;;;x
SHO_colonial_company;Shonaland Chartered Company Territory;;;;;;;;;;;;;x
SHO_democracy;Shonaland Republic;;;;;;;;;;;;;x
SHO_democracy2;Shonaland Parliamentary Republic;;;;;;;;;;;;;x
SHO_dominion;Shonaland Protectorate;;;;;;;;;;;;;x
SHO_dominion2;Shonaland Union of Autonomous States;;;;;;;;;;;;;x
SHO_dominion3;Shonaland Royal Protectorate;;;;;;;;;;;;;x
SHO_hms_government;Shonaland Constitutional Kingdom;;;;;;;;;;;;;x
SHO_hms_government2;Shonaland Parliamentary Cabinet;;;;;;;;;;;;;x
SHO_prussian_constitutionalism;Shonaland Royal Council of Elders;;;;;;;;;;;;;x
SHO_prussian_constitutionalism2;Shonaland Council of Elder Chiefs;;;;;;;;;;;;;x
SHO_theocracy;Shonaland Priestly State;;;;;;;;;;;;;x
SHO_trade_unions_congress;Shonaland Trade Union Confederation;;;;;;;;;;;;;x
SHW_absolute_monarchy;Shewa Kingdom;;;;;;;;;;;;;x
SHW_absolute_monarchy2;Shewa Hereditary Kingdom;;;;;;;;;;;;;x
SHW_colonial_company;Shewa Chartered Company Territory;;;;;;;;;;;;;x
SHW_democracy;Shewa Republic;;;;;;;;;;;;;x
SHW_democracy2;Shewa Parliamentary Republic;;;;;;;;;;;;;x
SHW_dominion;Shewa Protectorate;;;;;;;;;;;;;x
SHW_dominion2;Shewa Union of Autonomous States;;;;;;;;;;;;;x
SHW_dominion3;Shewa Royal Protectorate;;;;;;;;;;;;;x
SHW_hms_government;Shewa Constitutional Kingdom;;;;;;;;;;;;;x
SHW_hms_government2;Shewa Parliamentary Cabinet;;;;;;;;;;;;;x
SHW_prussian_constitutionalism;Shewa Royal Council of Nobles;;;;;;;;;;;;;x
SHW_prussian_constitutionalism2;Shewa Royal Representative Assembly;;;;;;;;;;;;;x
SHW_theocracy;Shewa Patriarchate;;;;;;;;;;;;;x
SHW_trade_unions_congress;Shewa Trade Union Confederation;;;;;;;;;;;;;x
SIA_absolute_monarchy2;Revy Hereditary Kingdom;;;;;;;;;;;;;x
SIA_colonial_company;Revy Chartered Company Territory;;;;;;;;;;;;;x
SIA_democracy;Revy Republic;;;;;;;;;;;;;x
SIA_democracy2;Revy Parliamentary Republic;;;;;;;;;;;;;x
SIA_dominion;Revy Dominion;;;;;;;;;;;;;x
SIA_dominion2;Revy Autonomous Federation;;;;;;;;;;;;;x
SIA_dominion3;Revy Crown Dependency;;;;;;;;;;;;;x
SIA_hms_government2;Revy Parliamentary Cabinet;;;;;;;;;;;;;x
SIA_prussian_constitutionalism2;Revy Royal Advisory Council;;;;;;;;;;;;;x
SIA_theocracy;Revy Sangha State;;;;;;;;;;;;;x
SIA_trade_unions_congress;Revy Trade Union Confederation;;;;;;;;;;;;;x
SIB_absolute_monarchy2;Rosa Empire;;;;;;;;;;;;;x
SIB_colonial_company;Rosa Chartered Company Territory;;;;;;;;;;;;;x
SIB_democracy;Rosa Republic;;;;;;;;;;;;;x
SIB_democracy2;Rosa Parliamentary Republic;;;;;;;;;;;;;x
SIB_dominion;Rosa Autonomous Province;;;;;;;;;;;;;x
SIB_dominion2;Rosa Autonomous Republic;;;;;;;;;;;;;x
SIB_dominion3;Rosa Governorate;;;;;;;;;;;;;x
SIB_hms_government2;Rosa Parliamentary Cabinet;;;;;;;;;;;;;x
SIB_prussian_constitutionalism2;Rosa State Council;;;;;;;;;;;;;x
SIB_theocracy;Rosa Patriarchate;;;;;;;;;;;;;x
SIB_trade_unions_congress;Rosa Workers' Soviet;;;;;;;;;;;;;x
SIC_absolute_monarchy;Nero Claudius Kingdom;;;;;;;;;;;;;x
SIC_absolute_monarchy2;Nero Claudius Hereditary Kingdom;;;;;;;;;;;;;x
SIC_colonial_company;Nero Claudius Chartered Company Territory;;;;;;;;;;;;;x
SIC_democracy;Nero Claudius Republic;;;;;;;;;;;;;x
SIC_democracy2;Nero Claudius Parliamentary Republic;;;;;;;;;;;;;x
SIC_dominion;Nero Claudius Dominion;;;;;;;;;;;;;x
SIC_dominion2;Nero Claudius Autonomous Federation;;;;;;;;;;;;;x
SIC_dominion3;Nero Claudius Crown Dependency;;;;;;;;;;;;;x
SIC_hms_government;Nero Claudius Constitutional Kingdom;;;;;;;;;;;;;x
SIC_hms_government2;Nero Claudius Parliamentary Cabinet;;;;;;;;;;;;;x
SIC_prussian_constitutionalism;Nero Claudius Royal Senate;;;;;;;;;;;;;x
SIC_prussian_constitutionalism2;Nero Claudius Royal Advisory Council;;;;;;;;;;;;;x
SIC_theocracy;Nero Claudius Bishopric;;;;;;;;;;;;;x
SIC_trade_unions_congress;Nero Claudius Federation of Guilds;;;;;;;;;;;;;x
SID_absolute_monarchy;Sidama Kingdom;;;;;;;;;;;;;x
SID_absolute_monarchy2;Sidama Hereditary Kingdom;;;;;;;;;;;;;x
SID_colonial_company;Sidama Chartered Company Territory;;;;;;;;;;;;;x
SID_democracy;Sidama Republic;;;;;;;;;;;;;x
SID_democracy2;Sidama Parliamentary Republic;;;;;;;;;;;;;x
SID_dominion;Sidama Protectorate;;;;;;;;;;;;;x
SID_dominion2;Sidama Union of Autonomous States;;;;;;;;;;;;;x
SID_dominion3;Sidama Royal Protectorate;;;;;;;;;;;;;x
SID_hms_government;Sidama Constitutional Kingdom;;;;;;;;;;;;;x
SID_hms_government2;Sidama Parliamentary Cabinet;;;;;;;;;;;;;x
SID_prussian_constitutionalism;Sidama Royal Council of Nobles;;;;;;;;;;;;;x
SID_prussian_constitutionalism2;Sidama Royal Representative Assembly;;;;;;;;;;;;;x
SID_theocracy;Sidama Priestly State;;;;;;;;;;;;;x
SID_trade_unions_congress;Sidama Trade Union Confederation;;;;;;;;;;;;;x
SIE_absolute_monarchy;Nicole Duchy;;;;;;;;;;;;;x
SIE_absolute_monarchy2;Nicole Grand Duchy;;;;;;;;;;;;;x
SIE_democracy;Nicole Republic;;;;;;;;;;;;;x
SIE_democracy2;Nicole Federal Republic;;;;;;;;;;;;;x
SIE_dominion2;Nicole Autonomous Republic;;;;;;;;;;;;;x
SIE_dominion3;Nicole Princely Protectorate;;;;;;;;;;;;;x
SIE_hms_government;Nicole Constitutional Duchy;;;;;;;;;;;;;x
SIE_hms_government2;Nicole Parliamentary Cabinet;;;;;;;;;;;;;x
SIE_prussian_constitutionalism;Nicole Provincial Diet;;;;;;;;;;;;;x
SIE_prussian_constitutionalism2;Nicole Princes' Council;;;;;;;;;;;;;x
SIE_theocracy;Nicole Witch Council Theocracy;;;;;;;;;;;;;x
SIE_trade_unions_congress;Nicole Trade Union League;;;;;;;;;;;;;x
SIK_absolute_monarchy;Kazemaru Kingdom;;;;;;;;;;;;;x
SIK_absolute_monarchy2;Kazemaru Hereditary Kingdom;;;;;;;;;;;;;x
SIK_colonial_company;Kazemaru Trading Territory;;;;;;;;;;;;;x
SIK_democracy;Kazemaru Republic;;;;;;;;;;;;;x
SIK_democracy2;Kazemaru Parliamentary Republic;;;;;;;;;;;;;x
SIK_dominion;Kazemaru Autonomous State;;;;;;;;;;;;;x
SIK_dominion2;Kazemaru Autonomous Federation;;;;;;;;;;;;;x
SIK_dominion3;Kazemaru Royal Protectorate;;;;;;;;;;;;;x
SIK_hms_government;Kazemaru Constitutional Kingdom;;;;;;;;;;;;;x
SIK_hms_government2;Kazemaru Parliamentary Cabinet;;;;;;;;;;;;;x
SIK_prussian_constitutionalism;Kazemaru Kashag;;;;;;;;;;;;;x
SIK_prussian_constitutionalism2;Kazemaru Council of Nobles and Clergy;;;;;;;;;;;;;x
SIK_theocracy;Kazemaru Lamaist Government;;;;;;;;;;;;;x
SIK_trade_unions_congress;Kazemaru Workers' Council;;;;;;;;;;;;;x
SIN_absolute_monarchy;Morgan Nawabate;;;;;;;;;;;;;x
SIN_absolute_monarchy2;Morgan Hereditary Nawabate;;;;;;;;;;;;;x
SIN_colonial_company;Morgan East India Company Territory;;;;;;;;;;;;;x
SIN_democracy;Morgan Republic;;;;;;;;;;;;;x
SIN_democracy2;Morgan Parliamentary Republic;;;;;;;;;;;;;x
SIN_dominion;Morgan Princely State;;;;;;;;;;;;;x
SIN_dominion2;Morgan Union of Princely States;;;;;;;;;;;;;x
SIN_dominion3;Morgan Crown Territory;;;;;;;;;;;;;x
SIN_hms_government;Morgan Constitutional Nawabate;;;;;;;;;;;;;x
SIN_hms_government2;Morgan Parliamentary Cabinet;;;;;;;;;;;;;x
SIN_prussian_constitutionalism;Morgan Durbar;;;;;;;;;;;;;x
SIN_prussian_constitutionalism2;Morgan Council of Princes;;;;;;;;;;;;;x
SIN_theocracy;Morgan Imamate;;;;;;;;;;;;;x
SIN_trade_unions_congress;Morgan General Confederation of Trade Unions;;;;;;;;;;;;;x
SLA_absolute_monarchy;Yang Guifei Kingdom;;;;;;;;;;;;;x
SLA_absolute_monarchy2;Yang Guifei Hereditary Kingdom;;;;;;;;;;;;;x
SLA_colonial_company;Yang Guifei Chartered Company Territory;;;;;;;;;;;;;x
SLA_democracy;Yang Guifei Republic;;;;;;;;;;;;;x
SLA_democracy2;Yang Guifei Parliamentary Republic;;;;;;;;;;;;;x
SLA_dominion;Yang Guifei Dominion;;;;;;;;;;;;;x
SLA_dominion2;Yang Guifei Autonomous Federation;;;;;;;;;;;;;x
SLA_dominion3;Yang Guifei Crown Dependency;;;;;;;;;;;;;x
SLA_hms_government;Yang Guifei Constitutional Kingdom;;;;;;;;;;;;;x
SLA_hms_government2;Yang Guifei Parliamentary Cabinet;;;;;;;;;;;;;x
SLA_prussian_constitutionalism;Yang Guifei Royal Council;;;;;;;;;;;;;x
SLA_prussian_constitutionalism2;Yang Guifei Royal Advisory Council;;;;;;;;;;;;;x
SLA_theocracy;Yang Guifei Union of Temples;;;;;;;;;;;;;x
SLA_trade_unions_congress;Yang Guifei Trade Union Confederation;;;;;;;;;;;;;x
SLE_absolute_monarchy;Sierra Leone Kingdom;;;;;;;;;;;;;x
SLE_absolute_monarchy2;Sierra Leone Hereditary Kingdom;;;;;;;;;;;;;x
SLE_colonial_company;Sierra Leone Chartered Company Territory;;;;;;;;;;;;;x
SLE_democracy;Sierra Leone Republic;;;;;;;;;;;;;x
SLE_democracy2;Sierra Leone Parliamentary Republic;;;;;;;;;;;;;x
SLE_dominion;Sierra Leone Protectorate;;;;;;;;;;;;;x
SLE_dominion2;Sierra Leone Union of Autonomous States;;;;;;;;;;;;;x
SLE_dominion3;Sierra Leone Royal Protectorate;;;;;;;;;;;;;x
SLE_hms_government;Sierra Leone Constitutional Kingdom;;;;;;;;;;;;;x
SLE_hms_government2;Sierra Leone Parliamentary Cabinet;;;;;;;;;;;;;x
SLE_prussian_constitutionalism;Sierra Leone Royal Council of Elders;;;;;;;;;;;;;x
SLE_prussian_constitutionalism2;Sierra Leone Council of Elder Chiefs;;;;;;;;;;;;;x
SLE_theocracy;Sierra Leone Ecclesiastical Union;;;;;;;;;;;;;x
SLE_trade_unions_congress;Sierra Leone Trade Union Confederation;;;;;;;;;;;;;x
SLG_absolute_monarchy;Wu Zetian Sultanate;;;;;;;;;;;;;x
SLG_absolute_monarchy2;Wu Zetian Hereditary Sultanate;;;;;;;;;;;;;x
SLG_colonial_company;Wu Zetian Trading Company Territory;;;;;;;;;;;;;x
SLG_democracy;Wu Zetian Republic;;;;;;;;;;;;;x
SLG_democracy2;Wu Zetian Parliamentary Republic;;;;;;;;;;;;;x
SLG_dominion;Wu Zetian Dominion;;;;;;;;;;;;;x
SLG_dominion2;Wu Zetian Autonomous Federation;;;;;;;;;;;;;x
SLG_dominion3;Wu Zetian Protected Emirate;;;;;;;;;;;;;x
SLG_hms_government;Wu Zetian Constitutional Sultanate;;;;;;;;;;;;;x
SLG_hms_government2;Wu Zetian Parliamentary Cabinet;;;;;;;;;;;;;x
SLG_prussian_constitutionalism;Wu Zetian Sultan's Council;;;;;;;;;;;;;x
SLG_prussian_constitutionalism2;Wu Zetian Council of Nobles;;;;;;;;;;;;;x
SLG_theocracy;Wu Zetian Imamate;;;;;;;;;;;;;x
SLG_trade_unions_congress;Wu Zetian Trade Union Confederation;;;;;;;;;;;;;x
SLO_absolute_monarchy;Sussurro Kingdom;;;;;;;;;;;;;x
SLO_absolute_monarchy2;Sussurro Hereditary Kingdom;;;;;;;;;;;;;x
SLO_colonial_company;Sussurro Chartered Company Territory;;;;;;;;;;;;;x
SLO_democracy;Sussurro Republic;;;;;;;;;;;;;x
SLO_democracy2;Sussurro Parliamentary Republic;;;;;;;;;;;;;x
SLO_dominion;Sussurro Dominion;;;;;;;;;;;;;x
SLO_dominion2;Sussurro Autonomous Federation;;;;;;;;;;;;;x
SLO_dominion3;Sussurro Crown Dependency;;;;;;;;;;;;;x
SLO_hms_government;Sussurro Constitutional Kingdom;;;;;;;;;;;;;x
SLO_hms_government2;Sussurro Parliamentary Cabinet;;;;;;;;;;;;;x
SLO_prussian_constitutionalism;Sussurro Royal Council;;;;;;;;;;;;;x
SLO_prussian_constitutionalism2;Sussurro Royal Advisory Council;;;;;;;;;;;;;x
SLO_theocracy;Sussurro Bishopric;;;;;;;;;;;;;x
SLO_trade_unions_congress;Sussurro Workers' Council;;;;;;;;;;;;;x
SLS_absolute_monarchy;Gold Ship Kingdom;;;;;;;;;;;;;x
SLS_absolute_monarchy2;Gold Ship Hereditary Kingdom;;;;;;;;;;;;;x
SLS_democracy;Gold Ship Republic;;;;;;;;;;;;;x
SLS_democracy2;Gold Ship Parliamentary Republic;;;;;;;;;;;;;x
SLS_dominion2;Gold Ship Autonomous Federation;;;;;;;;;;;;;x
SLS_dominion3;Gold Ship Crown Dependency;;;;;;;;;;;;;x
SLS_hms_government;Gold Ship Constitutional Kingdom;;;;;;;;;;;;;x
SLS_hms_government2;Gold Ship Parliamentary Cabinet;;;;;;;;;;;;;x
SLS_prussian_constitutionalism;Gold Ship Sejm;;;;;;;;;;;;;x
SLS_prussian_constitutionalism2;Gold Ship Royal Advisory Council;;;;;;;;;;;;;x
SLS_theocracy;Gold Ship Bishopric;;;;;;;;;;;;;x
SLS_trade_unions_congress;Gold Ship Workers' Council;;;;;;;;;;;;;x
SLV_absolute_monarchy;Kongo;;;;;;;;;;;;;x
SLV_absolute_monarchy2;Kongou Hereditary Kingdom;;;;;;;;;;;;;x
SLV_colonial_company;Kongou Chartered Company Territory;;;;;;;;;;;;;x
SLV_democracy;Republic of the Congo;;;;;;;;;;;;;x
SLV_democracy2;Kongou Parliamentary Republic;;;;;;;;;;;;;x
SLV_dominion;Kongou Dominion;;;;;;;;;;;;;x
SLV_dominion2;Kongou Autonomous Federation;;;;;;;;;;;;;x
SLV_dominion3;Kongou Crown Dependency;;;;;;;;;;;;;x
SLV_hms_government;Kongou Constitutional Kingdom;;;;;;;;;;;;;x
SLV_hms_government2;Kongou Parliamentary Cabinet;;;;;;;;;;;;;x
SLV_prussian_constitutionalism;Kongou Royal Council;;;;;;;;;;;;;x
SLV_prussian_constitutionalism2;Kongou Royal Advisory Council;;;;;;;;;;;;;x
SLV_theocracy;Kongou Bishopric;;;;;;;;;;;;;x
SLV_trade_unions_congress;Kongou Workers' Council;;;;;;;;;;;;;x
SLW_absolute_monarchy2;Priestess Hereditary Sultanate;;;;;;;;;;;;;x
SLW_colonial_company;Priestess Trading Company Territory;;;;;;;;;;;;;x
SLW_democracy;Priestess Republic;;;;;;;;;;;;;x
SLW_democracy2;Priestess Parliamentary Republic;;;;;;;;;;;;;x
SLW_dominion;Priestess Dominion;;;;;;;;;;;;;x
SLW_dominion2;Priestess Autonomous Federation;;;;;;;;;;;;;x
SLW_dominion3;Priestess Protected Emirate;;;;;;;;;;;;;x
SLW_hms_government2;Priestess Parliamentary Cabinet;;;;;;;;;;;;;x
SLW_prussian_constitutionalism2;Priestess Council of Nobles;;;;;;;;;;;;;x
SLW_theocracy;Priestess Imamate;;;;;;;;;;;;;x
SLW_trade_unions_congress;Priestess Trade Union Confederation;;;;;;;;;;;;;x
SMO_absolute_monarchy;Mar. 7th Kingdom;;;;;;;;;;;;;x
SMO_absolute_monarchy2;Mar. 7th Hereditary Kingdom;;;;;;;;;;;;;x
SMO_colonial_company;Mar. 7th Chartered Company Territory;;;;;;;;;;;;;x
SMO_democracy;Mar. 7th Republic;;;;;;;;;;;;;x
SMO_democracy2;Mar. 7th Parliamentary Republic;;;;;;;;;;;;;x
SMO_dominion;Mar. 7th Protectorate;;;;;;;;;;;;;x
SMO_dominion2;Mar. 7th Union of Autonomous States;;;;;;;;;;;;;x
SMO_dominion3;Mar. 7th Royal Protectorate;;;;;;;;;;;;;x
SMO_hms_government;Mar. 7th Constitutional Kingdom;;;;;;;;;;;;;x
SMO_hms_government2;Mar. 7th Parliamentary Cabinet;;;;;;;;;;;;;x
SMO_prussian_constitutionalism;Mar. 7th Council of Chiefs;;;;;;;;;;;;;x
SMO_prussian_constitutionalism2;Mar. 7th Council of Elder Chiefs;;;;;;;;;;;;;x
SMO_theocracy;Mar. 7th Ecclesiastical Union;;;;;;;;;;;;;x
SMO_trade_unions_congress;Mar. 7th Trade Union Confederation;;;;;;;;;;;;;x
SMR_absolute_monarchy;Fujiko Mine Duchy;;;;;;;;;;;;;x
SMR_absolute_monarchy2;Fujiko Mine Hereditary Duchy;;;;;;;;;;;;;x
SMR_colonial_company;Fujiko Mine Chartered Company Territory;;;;;;;;;;;;;x
SMR_democracy;Fujiko Mine Consular Republic;;;;;;;;;;;;;x
SMR_democracy2;Fujiko Mine Parliamentary Republic;;;;;;;;;;;;;x
SMR_dominion;Fujiko Mine Dominion;;;;;;;;;;;;;x
SMR_dominion2;Fujiko Mine Autonomous Federation;;;;;;;;;;;;;x
SMR_dominion3;Fujiko Mine Crown Dependency;;;;;;;;;;;;;x
SMR_hms_government;Fujiko Mine Constitutional Duchy;;;;;;;;;;;;;x
SMR_hms_government2;Fujiko Mine Parliamentary Cabinet;;;;;;;;;;;;;x
SMR_prussian_constitutionalism;Fujiko Mine Royal Senate;;;;;;;;;;;;;x
SMR_prussian_constitutionalism2;Fujiko Mine Royal Advisory Council;;;;;;;;;;;;;x
SMR_theocracy;Fujiko Mine Bishopric;;;;;;;;;;;;;x
SMR_trade_unions_congress;Fujiko Mine Federation of Guilds;;;;;;;;;;;;;x
SNG_absolute_monarchy;Senegal Sultanate;;;;;;;;;;;;;x
SNG_absolute_monarchy2;Senegal Hereditary Sultanate;;;;;;;;;;;;;x
SNG_colonial_company;Senegal Trading Company Territory;;;;;;;;;;;;;x
SNG_democracy;Senegal Republic;;;;;;;;;;;;;x
SNG_democracy2;Senegal Parliamentary Republic;;;;;;;;;;;;;x
SNG_dominion;Senegal Dominion;;;;;;;;;;;;;x
SNG_dominion2;Senegal Autonomous Federation;;;;;;;;;;;;;x
SNG_dominion3;Senegal Protected Emirate;;;;;;;;;;;;;x
SNG_hms_government;Senegal Constitutional Sultanate;;;;;;;;;;;;;x
SNG_hms_government2;Senegal Parliamentary Cabinet;;;;;;;;;;;;;x
SNG_prussian_constitutionalism;Senegal Diwan;;;;;;;;;;;;;x
SNG_prussian_constitutionalism2;Senegal Council of Nobles;;;;;;;;;;;;;x
SNG_theocracy;Senegal Imamate;;;;;;;;;;;;;x
SNG_trade_unions_congress;Senegal General Confederation of Trade Unions;;;;;;;;;;;;;x
SNZ_absolute_monarchy;Reisa Kingdom;;;;;;;;;;;;;x
SNZ_absolute_monarchy2;Reisa Hereditary Kingdom;;;;;;;;;;;;;x
SNZ_colonial_company;Reisa Chartered Company Territory;;;;;;;;;;;;;x
SNZ_democracy2;Reisa Parliamentary Republic;;;;;;;;;;;;;x
SNZ_dominion;Reisa Dominion;;;;;;;;;;;;;x
SNZ_dominion2;Reisa Autonomous Federation;;;;;;;;;;;;;x
SNZ_dominion3;Reisa Crown Dependency;;;;;;;;;;;;;x
SNZ_hms_government;Reisa Constitutional Kingdom;;;;;;;;;;;;;x
SNZ_hms_government2;Reisa Parliamentary Cabinet;;;;;;;;;;;;;x
SNZ_prussian_constitutionalism;Reisa Privy Council;;;;;;;;;;;;;x
SNZ_prussian_constitutionalism2;Reisa Royal Advisory Council;;;;;;;;;;;;;x
SNZ_theocracy;Reisa Ecclesiastical Union;;;;;;;;;;;;;x
SNZ_trade_unions_congress;Reisa Trade Union Congress;;;;;;;;;;;;;x
SOK_absolute_monarchy2;Sokoto Hereditary Caliphate;;;;;;;;;;;;;x
SOK_colonial_company;Sokoto Trading Company Territory;;;;;;;;;;;;;x
SOK_democracy;Sokoto Republic;;;;;;;;;;;;;x
SOK_democracy2;Sokoto Parliamentary Republic;;;;;;;;;;;;;x
SOK_dominion;Sokoto Dominion;;;;;;;;;;;;;x
SOK_dominion2;Sokoto Autonomous Federation;;;;;;;;;;;;;x
SOK_dominion3;Sokoto Protected Emirate;;;;;;;;;;;;;x
SOK_hms_government2;Sokoto Parliamentary Cabinet;;;;;;;;;;;;;x
SOK_prussian_constitutionalism2;Sokoto Council of Nobles;;;;;;;;;;;;;x
SOK_theocracy;Sokoto;;;;;;;;;;;;;x
SOK_trade_unions_congress;Sokoto General Confederation of Trade Unions;;;;;;;;;;;;;x
SOM_absolute_monarchy;Somaliland Sultanate;;;;;;;;;;;;;x
SOM_absolute_monarchy2;Somaliland Hereditary Sultanate;;;;;;;;;;;;;x
SOM_colonial_company;Somaliland Trading Company Territory;;;;;;;;;;;;;x
SOM_democracy;Somaliland Republic;;;;;;;;;;;;;x
SOM_democracy2;Somaliland Parliamentary Republic;;;;;;;;;;;;;x
SOM_dominion;Somaliland Dominion;;;;;;;;;;;;;x
SOM_dominion2;Somaliland Autonomous Federation;;;;;;;;;;;;;x
SOM_dominion3;Somaliland Protected Emirate;;;;;;;;;;;;;x
SOM_hms_government;Somaliland Constitutional Sultanate;;;;;;;;;;;;;x
SOM_hms_government2;Somaliland Parliamentary Cabinet;;;;;;;;;;;;;x
SOM_prussian_constitutionalism;Somaliland Sultan's Council;;;;;;;;;;;;;x
SOM_prussian_constitutionalism2;Somaliland Council of Nobles;;;;;;;;;;;;;x
SOM_theocracy;Somaliland Imamate;;;;;;;;;;;;;x
SOM_trade_unions_congress;Somaliland Trade Union Confederation;;;;;;;;;;;;;x
SON_absolute_monarchy;Silence Kingdom;;;;;;;;;;;;;x
SON_absolute_monarchy2;Silence Hereditary Kingdom;;;;;;;;;;;;;x
SON_democracy2;Silence Parliamentary Republic;;;;;;;;;;;;;x
SON_dominion;Silence Dominion;;;;;;;;;;;;;x
SON_dominion2;Silence Autonomous Federation;;;;;;;;;;;;;x
SON_dominion3;Silence Crown Dependency;;;;;;;;;;;;;x
SON_hms_government;Silence Constitutional Kingdom;;;;;;;;;;;;;x
SON_hms_government2;Silence Parliamentary Cabinet;;;;;;;;;;;;;x
SON_prussian_constitutionalism;Silence Royal Parliament;;;;;;;;;;;;;x
SON_prussian_constitutionalism2;Silence Royal Advisory Council;;;;;;;;;;;;;x
SON_theocracy;Silence Ecclesiastical Union;;;;;;;;;;;;;x
SON_trade_unions_congress;Silence Federation of Industrial Unions;;;;;;;;;;;;;x
SPA_colonial_company;Spain Chartered Company Territory;;;;;;;;;;;;;x
SPA_democracy2;Spain Parliamentary Republic;;;;;;;;;;;;;x
SPA_dominion;Spain Dominion;;;;;;;;;;;;;x
SPA_dominion2;Spain Autonomous Federation;;;;;;;;;;;;;x
SPA_dominion3;Spain Crown Dependency;;;;;;;;;;;;;x
SPA_theocracy;Spain Bishopric;;;;;;;;;;;;;x
SPA_trade_unions_congress;Spain Trade Union Federation;;;;;;;;;;;;;x
SPL_absolute_monarchy;Sao Paulo Empire;;;;;;;;;;;;;x
SPL_absolute_monarchy2;Sao Paulo Hereditary Empire;;;;;;;;;;;;;x
SPL_colonial_company;Sao Paulo Chartered Company Territory;;;;;;;;;;;;;x
SPL_democracy;Sao Paulo Federal Republic;;;;;;;;;;;;;x
SPL_democracy2;Sao Paulo Parliamentary Republic;;;;;;;;;;;;;x
SPL_dominion;Sao Paulo Dominion;;;;;;;;;;;;;x
SPL_dominion2;Sao Paulo Autonomous Federation;;;;;;;;;;;;;x
SPL_dominion3;Sao Paulo Crown Dependency;;;;;;;;;;;;;x
SPL_hms_government;Sao Paulo Constitutional Empire;;;;;;;;;;;;;x
SPL_hms_government2;Sao Paulo Parliamentary Cabinet;;;;;;;;;;;;;x
SPL_prussian_constitutionalism;Sao Paulo Imperial Council of State;;;;;;;;;;;;;x
SPL_prussian_constitutionalism2;Sao Paulo Royal Advisory Council;;;;;;;;;;;;;x
SPL_theocracy;Sao Paulo Bishopric;;;;;;;;;;;;;x
SPL_trade_unions_congress;Sao Paulo General Workers' Confederation;;;;;;;;;;;;;x
SPU_absolute_monarchy;South Peru Kingdom;;;;;;;;;;;;;x
SPU_absolute_monarchy2;South Peru Hereditary Kingdom;;;;;;;;;;;;;x
SPU_democracy;South Peru Republic;;;;;;;;;;;;;x
SPU_democracy2;South Peru Parliamentary Republic;;;;;;;;;;;;;x
SPU_dominion2;South Peru Autonomous Federation;;;;;;;;;;;;;x
SPU_dominion3;South Peru Crown Dependency;;;;;;;;;;;;;x
SPU_hms_government;South Peru Constitutional Kingdom;;;;;;;;;;;;;x
SPU_hms_government2;South Peru Parliamentary Cabinet;;;;;;;;;;;;;x
SPU_prussian_constitutionalism;South Peru Royal Council;;;;;;;;;;;;;x
SPU_prussian_constitutionalism2;South Peru Royal Advisory Council;;;;;;;;;;;;;x
SPU_theocracy;South Peru Bishopric;;;;;;;;;;;;;x
SPU_trade_unions_congress;South Peru General Workers' Confederation;;;;;;;;;;;;;x
SRD_absolute_monarchy;Vittorio Veneto Duchy;;;;;;;;;;;;;x
SRD_absolute_monarchy2;Vittorio Veneto Hereditary Duchy;;;;;;;;;;;;;x
SRD_colonial_company;Vittorio Veneto Chartered Company Territory;;;;;;;;;;;;;x
SRD_democracy;Vittorio Veneto Republic;;;;;;;;;;;;;x
SRD_democracy2;Vittorio Veneto Parliamentary Republic;;;;;;;;;;;;;x
SRD_dominion;Vittorio Veneto Dominion;;;;;;;;;;;;;x
SRD_dominion2;Vittorio Veneto Autonomous Federation;;;;;;;;;;;;;x
SRD_dominion3;Vittorio Veneto Crown Dependency;;;;;;;;;;;;;x
SRD_hms_government;Vittorio Veneto Constitutional Duchy;;;;;;;;;;;;;x
SRD_hms_government2;Vittorio Veneto Parliamentary Cabinet;;;;;;;;;;;;;x
SRD_prussian_constitutionalism;Vittorio Veneto Royal Senate;;;;;;;;;;;;;x
SRD_prussian_constitutionalism2;Vittorio Veneto Royal Advisory Council;;;;;;;;;;;;;x
SRD_theocracy;Vittorio Veneto Bishopric;;;;;;;;;;;;;x
SRD_trade_unions_congress;Vittorio Veneto Federation of Guilds;;;;;;;;;;;;;x
SRG_absolute_monarchy;Gitano Raj;;;;;;;;;;;;;x
SRG_absolute_monarchy2;Gitano Hereditary Raj;;;;;;;;;;;;;x
SRG_colonial_company;Gitano East India Company Territory;;;;;;;;;;;;;x
SRG_democracy;Gitano Republic;;;;;;;;;;;;;x
SRG_democracy2;Gitano Parliamentary Republic;;;;;;;;;;;;;x
SRG_dominion;Gitano Princely State;;;;;;;;;;;;;x
SRG_dominion2;Gitano Union of Princely States;;;;;;;;;;;;;x
SRG_dominion3;Gitano Crown Territory;;;;;;;;;;;;;x
SRG_hms_government;Gitano Constitutional Raj;;;;;;;;;;;;;x
SRG_hms_government2;Gitano Parliamentary Cabinet;;;;;;;;;;;;;x
SRG_prussian_constitutionalism;Gitano Durbar;;;;;;;;;;;;;x
SRG_prussian_constitutionalism2;Gitano Council of Princes;;;;;;;;;;;;;x
SRG_theocracy;Gitano Union of Temples;;;;;;;;;;;;;x
SRG_trade_unions_congress;Gitano General Confederation of Trade Unions;;;;;;;;;;;;;x
SRI_absolute_monarchy2;Signora Hereditary Kingdom;;;;;;;;;;;;;x
SRI_democracy;Signora Republic;;;;;;;;;;;;;x
SRI_democracy2;Signora Parliamentary Republic;;;;;;;;;;;;;x
SRI_dominion2;Signora Union of Princely States;;;;;;;;;;;;;x
SRI_dominion3;Signora Crown Territory;;;;;;;;;;;;;x
SRI_hms_government2;Signora Parliamentary Cabinet;;;;;;;;;;;;;x
SRI_prussian_constitutionalism2;Signora Council of Princes;;;;;;;;;;;;;x
SRI_theocracy;Signora Sangha State;;;;;;;;;;;;;x
SRI_trade_unions_congress;Signora General Confederation of Trade Unions;;;;;;;;;;;;;x
SRN_absolute_monarchy;Seelie Emirate;;;;;;;;;;;;;x
SRN_absolute_monarchy2;Seelie Hereditary Emirate;;;;;;;;;;;;;x
SRN_colonial_company;Seelie Trading Company Territory;;;;;;;;;;;;;x
SRN_democracy;Seelie Republic;;;;;;;;;;;;;x
SRN_democracy2;Seelie Parliamentary Republic;;;;;;;;;;;;;x
SRN_dominion;Seelie Dominion;;;;;;;;;;;;;x
SRN_dominion2;Seelie Autonomous Federation;;;;;;;;;;;;;x
SRN_dominion3;Seelie Protected Emirate;;;;;;;;;;;;;x
SRN_hms_government;Seelie Constitutional Emirate;;;;;;;;;;;;;x
SRN_hms_government2;Seelie Parliamentary Cabinet;;;;;;;;;;;;;x
SRN_prussian_constitutionalism;Seelie Jirga;;;;;;;;;;;;;x
SRN_prussian_constitutionalism2;Seelie Council of Nobles;;;;;;;;;;;;;x
SRN_theocracy;Seelie Imamate;;;;;;;;;;;;;x
SRN_trade_unions_congress;Seelie Workers' Council;;;;;;;;;;;;;x
SRS_absolute_monarchy2;Mejiro Mcqueen Hereditary Principality;;;;;;;;;;;;;x
SRS_democracy2;Mejiro Mcqueen City Republic;;;;;;;;;;;;;x
SRS_dominion2;Mejiro Mcqueen Autonomous Federation;;;;;;;;;;;;;x
SRS_dominion3;Mejiro Mcqueen Crown Territory;;;;;;;;;;;;;x
SRS_hms_government2;Mejiro Mcqueen Territorial Cabinet;;;;;;;;;;;;;x
SRS_prussian_constitutionalism2;Mejiro Mcqueen Council of Princes;;;;;;;;;;;;;x
SRS_theocracy;Mejiro Mcqueen Ecclesiastical Union;;;;;;;;;;;;;x
SRS_trade_unions_congress;Mejiro Mcqueen Workers' Council;;;;;;;;;;;;;x
STG_absolute_monarchy;Talulah Sultanate;;;;;;;;;;;;;x
STG_absolute_monarchy2;Talulah Hereditary Sultanate;;;;;;;;;;;;;x
STG_colonial_company;Talulah Trading Company Territory;;;;;;;;;;;;;x
STG_democracy;Talulah Republic;;;;;;;;;;;;;x
STG_democracy2;Talulah Parliamentary Republic;;;;;;;;;;;;;x
STG_dominion;Talulah Dominion;;;;;;;;;;;;;x
STG_dominion2;Talulah Autonomous Federation;;;;;;;;;;;;;x
STG_dominion3;Talulah Protected Emirate;;;;;;;;;;;;;x
STG_hms_government;Talulah Constitutional Sultanate;;;;;;;;;;;;;x
STG_hms_government2;Talulah Parliamentary Cabinet;;;;;;;;;;;;;x
STG_prussian_constitutionalism;Talulah Sultan's Council;;;;;;;;;;;;;x
STG_prussian_constitutionalism2;Talulah Council of Nobles;;;;;;;;;;;;;x
STG_theocracy;Talulah Imamate;;;;;;;;;;;;;x
STG_trade_unions_congress;Talulah Trade Union Confederation;;;;;;;;;;;;;x
STH_absolute_monarchy2;Ajax Hereditary Grand Duchy;;;;;;;;;;;;;x
STH_democracy;Ajax Free State;;;;;;;;;;;;;x
STH_democracy2;Ajax City Republic;;;;;;;;;;;;;x
STH_dominion2;Ajax Autonomous Federation;;;;;;;;;;;;;x
STH_dominion3;Ajax Crown Territory;;;;;;;;;;;;;x
STH_hms_government2;Ajax Territorial Cabinet;;;;;;;;;;;;;x
STH_prussian_constitutionalism2;Ajax Council of Princes;;;;;;;;;;;;;x
STH_theocracy;Ajax Ecclesiastical Union;;;;;;;;;;;;;x
STH_trade_unions_congress;Ajax Workers' Council;;;;;;;;;;;;;x
STK_absolute_monarchy;Ifrit Kingdom;;;;;;;;;;;;;x
STK_absolute_monarchy2;Ifrit Hereditary Kingdom;;;;;;;;;;;;;x
STK_democracy2;Ifrit Parliamentary Republic;;;;;;;;;;;;;x
STK_dominion2;Ifrit Autonomous Federation;;;;;;;;;;;;;x
STK_dominion3;Ifrit Crown Dependency;;;;;;;;;;;;;x
STK_hms_government2;Ifrit Parliamentary Cabinet;;;;;;;;;;;;;x
STK_prussian_constitutionalism;Ifrit Privy Council;;;;;;;;;;;;;x
STK_prussian_constitutionalism2;Ifrit Royal Advisory Council;;;;;;;;;;;;;x
STK_theocracy;Ifrit Ecclesiastical Union;;;;;;;;;;;;;x
STK_trade_unions_congress;Ifrit Trade Union Congress;;;;;;;;;;;;;x
SUA_absolute_monarchy;Suazi Kingdom;;;;;;;;;;;;;x
SUA_absolute_monarchy2;Suazi Hereditary Kingdom;;;;;;;;;;;;;x
SUA_colonial_company;Suazi Chartered Company Territory;;;;;;;;;;;;;x
SUA_democracy2;Suazi Parliamentary Republic;;;;;;;;;;;;;x
SUA_dominion;Suazi Protectorate;;;;;;;;;;;;;x
SUA_dominion2;Suazi Union of Autonomous States;;;;;;;;;;;;;x
SUA_dominion3;Suazi Royal Protectorate;;;;;;;;;;;;;x
SUA_hms_government;Suazi Constitutional Kingdom;;;;;;;;;;;;;x
SUA_hms_government2;Suazi Parliamentary Cabinet;;;;;;;;;;;;;x
SUA_prussian_constitutionalism;Suazi Royal Council of Elders;;;;;;;;;;;;;x
SUA_prussian_constitutionalism2;Suazi Council of Elder Chiefs;;;;;;;;;;;;;x
SUA_theocracy;Suazi Priestly State;;;;;;;;;;;;;x
SUA_trade_unions_congress;Suazi Trade Union Confederation;;;;;;;;;;;;;x
SUD_absolute_monarchy;Sudan Emirate;;;;;;;;;;;;;x
SUD_absolute_monarchy2;Sudan Hereditary Emirate;;;;;;;;;;;;;x
SUD_colonial_company;Sudan Trading Company Territory;;;;;;;;;;;;;x
SUD_democracy;Sudan Republic;;;;;;;;;;;;;x
SUD_democracy2;Sudan Parliamentary Republic;;;;;;;;;;;;;x
SUD_dominion;Sudan Dominion;;;;;;;;;;;;;x
SUD_dominion2;Sudan Autonomous Federation;;;;;;;;;;;;;x
SUD_dominion3;Sudan Protected Emirate;;;;;;;;;;;;;x
SUD_hms_government;Sudan Constitutional Emirate;;;;;;;;;;;;;x
SUD_hms_government2;Sudan Parliamentary Cabinet;;;;;;;;;;;;;x
SUD_prussian_constitutionalism;Sudan Shura Council;;;;;;;;;;;;;x
SUD_prussian_constitutionalism2;Sudan Council of Nobles;;;;;;;;;;;;;x
SUD_trade_unions_congress;Sudan General Confederation of Trade Unions;;;;;;;;;;;;;x
SUL_absolute_monarchy;Vulpisfoglia Sultanate;;;;;;;;;;;;;x
SUL_absolute_monarchy2;Vulpisfoglia Hereditary Sultanate;;;;;;;;;;;;;x
SUL_colonial_company;Vulpisfoglia Trading Company Territory;;;;;;;;;;;;;x
SUL_democracy;Vulpisfoglia Republic;;;;;;;;;;;;;x
SUL_democracy2;Vulpisfoglia Parliamentary Republic;;;;;;;;;;;;;x
SUL_dominion;Vulpisfoglia Dominion;;;;;;;;;;;;;x
SUL_dominion2;Vulpisfoglia Autonomous Federation;;;;;;;;;;;;;x
SUL_dominion3;Vulpisfoglia Protected Emirate;;;;;;;;;;;;;x
SUL_hms_government;Vulpisfoglia Constitutional Sultanate;;;;;;;;;;;;;x
SUL_hms_government2;Vulpisfoglia Parliamentary Cabinet;;;;;;;;;;;;;x
SUL_prussian_constitutionalism;Vulpisfoglia Sultan's Council;;;;;;;;;;;;;x
SUL_prussian_constitutionalism2;Vulpisfoglia Council of Nobles;;;;;;;;;;;;;x
SUL_theocracy;Vulpisfoglia Imamate;;;;;;;;;;;;;x
SUL_trade_unions_congress;Vulpisfoglia Trade Union Confederation;;;;;;;;;;;;;x
SUR_absolute_monarchy;Aino Raj;;;;;;;;;;;;;x
SUR_absolute_monarchy2;Aino Hereditary Raj;;;;;;;;;;;;;x
SUR_colonial_company;Aino East India Company Territory;;;;;;;;;;;;;x
SUR_democracy;Aino Republic;;;;;;;;;;;;;x
SUR_democracy2;Aino Parliamentary Republic;;;;;;;;;;;;;x
SUR_dominion;Aino Princely State;;;;;;;;;;;;;x
SUR_dominion2;Aino Union of Princely States;;;;;;;;;;;;;x
SUR_dominion3;Aino Crown Territory;;;;;;;;;;;;;x
SUR_hms_government;Aino Constitutional Raj;;;;;;;;;;;;;x
SUR_hms_government2;Aino Parliamentary Cabinet;;;;;;;;;;;;;x
SUR_prussian_constitutionalism;Aino Durbar;;;;;;;;;;;;;x
SUR_prussian_constitutionalism2;Aino Council of Princes;;;;;;;;;;;;;x
SUR_theocracy;Aino Union of Temples;;;;;;;;;;;;;x
SUR_trade_unions_congress;Aino General Confederation of Trade Unions;;;;;;;;;;;;;x
SVA_absolute_monarchy2;Sandrone Hereditary Principality;;;;;;;;;;;;;x
SVA_colonial_company;Sandrone Chartered Company Territory;;;;;;;;;;;;;x
SVA_democracy2;Sandrone Parliamentary Republic;;;;;;;;;;;;;x
SVA_dominion;Sandrone Dominion;;;;;;;;;;;;;x
SVA_dominion2;Sandrone Autonomous Federation;;;;;;;;;;;;;x
SVA_dominion3;Sandrone Crown Dependency;;;;;;;;;;;;;x
SVA_hms_government2;Sandrone Parliamentary Cabinet;;;;;;;;;;;;;x
SVA_prussian_constitutionalism2;Sandrone Royal Advisory Council;;;;;;;;;;;;;x
SVA_theocracy;Sandrone Patriarchate;;;;;;;;;;;;;x
SVA_trade_unions_congress;Sandrone Trade Union Confederation;;;;;;;;;;;;;x
SVY_absolute_monarchy;Leonardo Da Vinci Duchy;;;;;;;;;;;;;x
SVY_absolute_monarchy2;Leonardo Da Vinci Hereditary Duchy;;;;;;;;;;;;;x
SVY_colonial_company;Leonardo Da Vinci Chartered Company Territory;;;;;;;;;;;;;x
SVY_democracy;Leonardo Da Vinci Republic;;;;;;;;;;;;;x
SVY_democracy2;Leonardo Da Vinci Parliamentary Republic;;;;;;;;;;;;;x
SVY_dominion;Leonardo Da Vinci Dominion;;;;;;;;;;;;;x
SVY_dominion2;Leonardo Da Vinci Autonomous Federation;;;;;;;;;;;;;x
SVY_dominion3;Leonardo Da Vinci Crown Dependency;;;;;;;;;;;;;x
SVY_hms_government;Leonardo Da Vinci Constitutional Duchy;;;;;;;;;;;;;x
SVY_hms_government2;Leonardo Da Vinci Parliamentary Cabinet;;;;;;;;;;;;;x
SVY_prussian_constitutionalism;Leonardo Da Vinci Royal Senate;;;;;;;;;;;;;x
SVY_prussian_constitutionalism2;Leonardo Da Vinci Royal Advisory Council;;;;;;;;;;;;;x
SVY_theocracy;Leonardo Da Vinci Bishopric;;;;;;;;;;;;;x
SVY_trade_unions_congress;Leonardo Da Vinci Federation of Guilds;;;;;;;;;;;;;x
SWA_absolute_monarchy;Scene Emirate;;;;;;;;;;;;;x
SWA_absolute_monarchy2;Scene Hereditary Emirate;;;;;;;;;;;;;x
SWA_colonial_company;Scene Trading Company Territory;;;;;;;;;;;;;x
SWA_democracy;Scene Republic;;;;;;;;;;;;;x
SWA_democracy2;Scene Parliamentary Republic;;;;;;;;;;;;;x
SWA_dominion;Scene Dominion;;;;;;;;;;;;;x
SWA_dominion2;Scene Autonomous Federation;;;;;;;;;;;;;x
SWA_dominion3;Scene Protected Emirate;;;;;;;;;;;;;x
SWA_hms_government;Scene Constitutional Emirate;;;;;;;;;;;;;x
SWA_hms_government2;Scene Parliamentary Cabinet;;;;;;;;;;;;;x
SWA_prussian_constitutionalism;Scene Jirga;;;;;;;;;;;;;x
SWA_prussian_constitutionalism2;Scene Council of Nobles;;;;;;;;;;;;;x
SWA_theocracy;Scene Imamate;;;;;;;;;;;;;x
SWA_trade_unions_congress;Scene Workers' Council;;;;;;;;;;;;;x
SWE_absolute_monarchy;Belobog Kingdom;;;;;;;;;;;;;x
SWE_absolute_monarchy2;Belobog Hereditary Kingdom;;;;;;;;;;;;;x
SWE_colonial_company;Belobog Chartered Company Territory;;;;;;;;;;;;;x
SWE_democracy;Belobog Republic;;;;;;;;;;;;;x
SWE_democracy2;Belobog Parliamentary Republic;;;;;;;;;;;;;x
SWE_dominion;Belobog Dominion;;;;;;;;;;;;;x
SWE_dominion2;Belobog Autonomous Federation;;;;;;;;;;;;;x
SWE_dominion3;Belobog Crown Dependency;;;;;;;;;;;;;x
SWE_hms_government;Belobog Constitutional Kingdom;;;;;;;;;;;;;x
SWE_hms_government2;Belobog Parliamentary Cabinet;;;;;;;;;;;;;x
SWE_prussian_constitutionalism;Belobog Riksdag;;;;;;;;;;;;;x
SWE_prussian_constitutionalism2;Belobog Royal Advisory Council;;;;;;;;;;;;;x
SWE_theocracy;Belobog Ecclesiastical Union;;;;;;;;;;;;;x
SWE_trade_unions_congress;Belobog Trade Union Confederation;;;;;;;;;;;;;x
SWG_absolute_monarchy2;Tokai Teio Hereditary Principality;;;;;;;;;;;;;x
SWG_democracy2;Tokai Teio City Republic;;;;;;;;;;;;;x
SWG_dominion2;Tokai Teio Autonomous Federation;;;;;;;;;;;;;x
SWG_dominion3;Tokai Teio Crown Territory;;;;;;;;;;;;;x
SWG_hms_government2;Tokai Teio Territorial Cabinet;;;;;;;;;;;;;x
SWG_prussian_constitutionalism2;Tokai Teio Council of Princes;;;;;;;;;;;;;x
SWG_theocracy;Tokai Teio Ecclesiastical Union;;;;;;;;;;;;;x
SWG_trade_unions_congress;Tokai Teio Workers' Council;;;;;;;;;;;;;x
SWH_absolute_monarchy2;Oguri Cap Hereditary Principality;;;;;;;;;;;;;x
SWH_democracy2;Oguri Cap City Republic;;;;;;;;;;;;;x
SWH_dominion2;Oguri Cap Autonomous Federation;;;;;;;;;;;;;x
SWH_dominion3;Oguri Cap Crown Territory;;;;;;;;;;;;;x
SWH_hms_government2;Oguri Cap Territorial Cabinet;;;;;;;;;;;;;x
SWH_prussian_constitutionalism2;Oguri Cap Council of Princes;;;;;;;;;;;;;x
SWH_theocracy;Oguri Cap Ecclesiastical Union;;;;;;;;;;;;;x
SWH_trade_unions_congress;Oguri Cap Workers' Council;;;;;;;;;;;;;x
SWI_absolute_monarchy;Emma Verde Duchy;;;;;;;;;;;;;x
SWI_absolute_monarchy2;Emma Verde Hereditary Duchy;;;;;;;;;;;;;x
SWI_colonial_company;Emma Verde Chartered Company Territory;;;;;;;;;;;;;x
SWI_democracy;Emma Verde Federal Republic;;;;;;;;;;;;;x
SWI_dominion;Emma Verde Dominion;;;;;;;;;;;;;x
SWI_dominion2;Emma Verde Autonomous Federation;;;;;;;;;;;;;x
SWI_dominion3;Emma Verde Crown Territory;;;;;;;;;;;;;x
SWI_hms_government;Emma Verde Constitutional Duchy;;;;;;;;;;;;;x
SWI_hms_government2;Emma Verde Territorial Cabinet;;;;;;;;;;;;;x
SWI_prussian_constitutionalism;Emma Verde Cantonal Council;;;;;;;;;;;;;x
SWI_prussian_constitutionalism2;Emma Verde Council of Princes;;;;;;;;;;;;;x
SWI_theocracy;Emma Verde Ecclesiastical Union;;;;;;;;;;;;;x
SWI_trade_unions_congress;Emma Verde Workers' Council;;;;;;;;;;;;;x
SWK_absolute_monarchy;Perlica Kingdom;;;;;;;;;;;;;x
SWK_absolute_monarchy2;Perlica Hereditary Kingdom;;;;;;;;;;;;;x
SWK_colonial_company;Perlica Chartered Company Territory;;;;;;;;;;;;;x
SWK_democracy;Perlica Republic;;;;;;;;;;;;;x
SWK_democracy2;Perlica Parliamentary Republic;;;;;;;;;;;;;x
SWK_dominion;Perlica Dominion;;;;;;;;;;;;;x
SWK_dominion2;Perlica Autonomous Federation;;;;;;;;;;;;;x
SWK_dominion3;Perlica Crown Dependency;;;;;;;;;;;;;x
SWK_hms_government;Perlica Constitutional Kingdom;;;;;;;;;;;;;x
SWK_hms_government2;Perlica Parliamentary Cabinet;;;;;;;;;;;;;x
SWK_prussian_constitutionalism;Perlica Royal Council;;;;;;;;;;;;;x
SWK_prussian_constitutionalism2;Perlica Royal Advisory Council;;;;;;;;;;;;;x
SWK_theocracy;Perlica Ecclesiastical Union;;;;;;;;;;;;;x
SWK_trade_unions_congress;Perlica Trade Union Confederation;;;;;;;;;;;;;x
SXI_absolute_monarchy;Beidou Imperial Dynasty;;;;;;;;;;;;;x
SXI_absolute_monarchy2;Beidou Imperial Court;;;;;;;;;;;;;x
SXI_colonial_company;Beidou Concession;;;;;;;;;;;;;x
SXI_democracy;Beidou Republic;;;;;;;;;;;;;x
SXI_democracy2;Beidou Federal Republic;;;;;;;;;;;;;x
SXI_dominion;Beidou Autonomous Province;;;;;;;;;;;;;x
SXI_dominion2;Beidou Federal Government;;;;;;;;;;;;;x
SXI_dominion3;Beidou Tributary Territory;;;;;;;;;;;;;x
SXI_hms_government;Beidou Responsible Cabinet;;;;;;;;;;;;;x
SXI_hms_government2;Beidou Parliamentary Cabinet;;;;;;;;;;;;;x
SXI_prussian_constitutionalism;Beidou Advisory Council;;;;;;;;;;;;;x
SXI_prussian_constitutionalism2;Beidou State Advisory Council;;;;;;;;;;;;;x
SXI_theocracy;Beidou Confucian Imperial State;;;;;;;;;;;;;x
SXI_trade_unions_congress;Beidou General Labor Union;;;;;;;;;;;;;x
SYC_absolute_monarchy;Emilie Duchy;;;;;;;;;;;;;x
SYC_absolute_monarchy2;Emilie Hereditary Duchy;;;;;;;;;;;;;x
SYC_colonial_company;Emilie Chartered Company Territory;;;;;;;;;;;;;x
SYC_democracy;Emilie Republic;;;;;;;;;;;;;x
SYC_democracy2;Emilie Parliamentary Republic;;;;;;;;;;;;;x
SYC_dominion;Emilie Dominion;;;;;;;;;;;;;x
SYC_dominion2;Emilie Autonomous Federation;;;;;;;;;;;;;x
SYC_dominion3;Emilie Crown Dependency;;;;;;;;;;;;;x
SYC_hms_government;Emilie Constitutional Duchy;;;;;;;;;;;;;x
SYC_hms_government2;Emilie Parliamentary Cabinet;;;;;;;;;;;;;x
SYC_prussian_constitutionalism;Emilie Royal Senate;;;;;;;;;;;;;x
SYC_prussian_constitutionalism2;Emilie Royal Advisory Council;;;;;;;;;;;;;x
SYC_theocracy;Emilie Bishopric;;;;;;;;;;;;;x
SYC_trade_unions_congress;Emilie Federation of Guilds;;;;;;;;;;;;;x
SYR_absolute_monarchy;Alice Emirate;;;;;;;;;;;;;x
SYR_absolute_monarchy2;Alice Hereditary Emirate;;;;;;;;;;;;;x
SYR_colonial_company;Alice Trading Company Territory;;;;;;;;;;;;;x
SYR_democracy;Alice Republic;;;;;;;;;;;;;x
SYR_democracy2;Alice Parliamentary Republic;;;;;;;;;;;;;x
SYR_dominion2;Alice Autonomous Federation;;;;;;;;;;;;;x
SYR_dominion3;Alice Protected Emirate;;;;;;;;;;;;;x
SYR_hms_government;Alice Constitutional Emirate;;;;;;;;;;;;;x
SYR_hms_government2;Alice Parliamentary Cabinet;;;;;;;;;;;;;x
SYR_prussian_constitutionalism;Alice Shura Council;;;;;;;;;;;;;x
SYR_prussian_constitutionalism2;Alice Council of Nobles;;;;;;;;;;;;;x
SYR_theocracy;Alice Imamate;;;;;;;;;;;;;x
SYR_trade_unions_congress;Alice General Confederation of Trade Unions;;;;;;;;;;;;;x
SZC_absolute_monarchy;Yun Jin Imperial Dynasty;;;;;;;;;;;;;x
SZC_absolute_monarchy2;Yun Jin Imperial Court;;;;;;;;;;;;;x
SZC_colonial_company;Yun Jin Concession;;;;;;;;;;;;;x
SZC_democracy;Yun Jin Republic;;;;;;;;;;;;;x
SZC_democracy2;Yun Jin Federal Republic;;;;;;;;;;;;;x
SZC_dominion;Yun Jin Autonomous Province;;;;;;;;;;;;;x
SZC_dominion2;Yun Jin Federal Government;;;;;;;;;;;;;x
SZC_dominion3;Yun Jin Tributary Territory;;;;;;;;;;;;;x
SZC_hms_government;Yun Jin Responsible Cabinet;;;;;;;;;;;;;x
SZC_hms_government2;Yun Jin Parliamentary Cabinet;;;;;;;;;;;;;x
SZC_prussian_constitutionalism;Yun Jin Advisory Council;;;;;;;;;;;;;x
SZC_prussian_constitutionalism2;Yun Jin State Advisory Council;;;;;;;;;;;;;x
SZC_theocracy;Yun Jin Sangha State;;;;;;;;;;;;;x
SZC_trade_unions_congress;Yun Jin General Labor Union;;;;;;;;;;;;;x
TAH_absolute_monarchy;Serval Kingdom;;;;;;;;;;;;;x
TAH_absolute_monarchy2;Serval Hereditary Kingdom;;;;;;;;;;;;;x
TAH_colonial_company;Serval Chartered Company Territory;;;;;;;;;;;;;x
TAH_democracy;Serval Republic;;;;;;;;;;;;;x
TAH_democracy2;Serval Parliamentary Republic;;;;;;;;;;;;;x
TAH_dominion;Serval Protectorate;;;;;;;;;;;;;x
TAH_dominion2;Serval Union of Autonomous States;;;;;;;;;;;;;x
TAH_dominion3;Serval Royal Protectorate;;;;;;;;;;;;;x
TAH_hms_government;Serval Constitutional Kingdom;;;;;;;;;;;;;x
TAH_hms_government2;Serval Parliamentary Cabinet;;;;;;;;;;;;;x
TAH_prussian_constitutionalism;Serval Council of Chiefs;;;;;;;;;;;;;x
TAH_prussian_constitutionalism2;Serval Council of Elder Chiefs;;;;;;;;;;;;;x
TAH_theocracy;Serval Bishopric;;;;;;;;;;;;;x
TAH_trade_unions_congress;Serval Trade Union Confederation;;;;;;;;;;;;;x
TAI_absolute_monarchy;Xinyan Imperial Dynasty;;;;;;;;;;;;;x
TAI_absolute_monarchy2;Xinyan Imperial Court;;;;;;;;;;;;;x
TAI_democracy;Xinyan Republic;;;;;;;;;;;;;x
TAI_democracy2;Xinyan Federal Republic;;;;;;;;;;;;;x
TAI_dominion2;Xinyan Federal Government;;;;;;;;;;;;;x
TAI_dominion3;Xinyan Tributary Territory;;;;;;;;;;;;;x
TAI_hms_government;Xinyan Responsible Cabinet;;;;;;;;;;;;;x
TAI_hms_government2;Xinyan Parliamentary Cabinet;;;;;;;;;;;;;x
TAI_prussian_constitutionalism;Xinyan Advisory Council;;;;;;;;;;;;;x
TAI_prussian_constitutionalism2;Xinyan State Advisory Council;;;;;;;;;;;;;x
TAI_theocracy;Xinyan Sangha State;;;;;;;;;;;;;x
TAI_trade_unions_congress;Xinyan General Labor Union;;;;;;;;;;;;;x
TAJ_absolute_monarchy2;Carnelian Hereditary Shahdom;;;;;;;;;;;;;x
TAJ_colonial_company;Carnelian Trading Company Territory;;;;;;;;;;;;;x
TAJ_democracy;Carnelian Republic;;;;;;;;;;;;;x
TAJ_democracy2;Carnelian Parliamentary Republic;;;;;;;;;;;;;x
TAJ_dominion;Carnelian Dominion;;;;;;;;;;;;;x
TAJ_dominion2;Carnelian Autonomous Federation;;;;;;;;;;;;;x
TAJ_dominion3;Carnelian Protected Emirate;;;;;;;;;;;;;x
TAJ_hms_government2;Carnelian Parliamentary Cabinet;;;;;;;;;;;;;x
TAJ_prussian_constitutionalism2;Carnelian Council of Nobles;;;;;;;;;;;;;x
TAJ_theocracy;Carnelian Imamate;;;;;;;;;;;;;x
TAJ_trade_unions_congress;Carnelian Trade Union Confederation;;;;;;;;;;;;;x
TAR_absolute_monarchy;Manticore Khanate;;;;;;;;;;;;;x
TAR_absolute_monarchy2;Manticore Hereditary Khanate;;;;;;;;;;;;;x
TAR_colonial_company;Manticore Trading Company Territory;;;;;;;;;;;;;x
TAR_democracy;Manticore Republic;;;;;;;;;;;;;x
TAR_democracy2;Manticore Parliamentary Republic;;;;;;;;;;;;;x
TAR_dominion;Manticore Dominion;;;;;;;;;;;;;x
TAR_dominion2;Manticore Autonomous Federation;;;;;;;;;;;;;x
TAR_dominion3;Manticore Protected Emirate;;;;;;;;;;;;;x
TAR_hms_government;Manticore Constitutional Khanate;;;;;;;;;;;;;x
TAR_hms_government2;Manticore Parliamentary Cabinet;;;;;;;;;;;;;x
TAR_prussian_constitutionalism;Manticore Khanate Council;;;;;;;;;;;;;x
TAR_prussian_constitutionalism2;Manticore Council of Nobles;;;;;;;;;;;;;x
TAR_theocracy;Manticore Imamate;;;;;;;;;;;;;x
TAR_trade_unions_congress;Manticore Workers' Council;;;;;;;;;;;;;x
TBS_absolute_monarchy2;Jessica Hereditary Kingdom;;;;;;;;;;;;;x
TBS_colonial_company;Jessica Chartered Company Territory;;;;;;;;;;;;;x
TBS_democracy2;Jessica Parliamentary Republic;;;;;;;;;;;;;x
TBS_dominion;Jessica Dominion;;;;;;;;;;;;;x
TBS_dominion2;Jessica Autonomous Federation;;;;;;;;;;;;;x
TBS_dominion3;Jessica Crown Dependency;;;;;;;;;;;;;x
TBS_hms_government2;Jessica Parliamentary Cabinet;;;;;;;;;;;;;x
TBS_prussian_constitutionalism2;Jessica Royal Advisory Council;;;;;;;;;;;;;x
TBS_theocracy;Jessica Bishopric;;;;;;;;;;;;;x
TBS_trade_unions_congress;Jessica General Workers' Confederation;;;;;;;;;;;;;x
TCA_absolute_monarchy;Snezhnaya Fatui Tsardom;;;;;;;;;;;;;x
TCA_absolute_monarchy2;Snezhnaya Fatui Empire;;;;;;;;;;;;;x
TCA_democracy;Snezhnaya Fatui Republic;;;;;;;;;;;;;x
TCA_democracy2;Snezhnaya Fatui Parliamentary Republic;;;;;;;;;;;;;x
TCA_dominion;Snezhnaya Fatui Autonomous Province;;;;;;;;;;;;;x
TCA_dominion2;Snezhnaya Fatui Autonomous Republic;;;;;;;;;;;;;x
TCA_dominion3;Snezhnaya Fatui Governorate;;;;;;;;;;;;;x
TCA_hms_government;Snezhnaya Fatui Constitutional Tsardom;;;;;;;;;;;;;x
TCA_hms_government2;Snezhnaya Fatui Parliamentary Cabinet;;;;;;;;;;;;;x
TCA_prussian_constitutionalism;Snezhnaya Fatui Duma;;;;;;;;;;;;;x
TCA_prussian_constitutionalism2;Snezhnaya Fatui State Council;;;;;;;;;;;;;x
TCA_theocracy;Snezhnaya Fatui Patriarchate;;;;;;;;;;;;;x
TCA_trade_unions_congress;Snezhnaya Fatui Workers' Soviet;;;;;;;;;;;;;x
TEX_absolute_monarchy;Magallan Kingdom;;;;;;;;;;;;;x
TEX_absolute_monarchy2;Magallan Hereditary Kingdom;;;;;;;;;;;;;x
TEX_dominion;Magallan Dominion;;;;;;;;;;;;;x
TEX_dominion2;Magallan Autonomous Federation;;;;;;;;;;;;;x
TEX_dominion3;Magallan Crown Dependency;;;;;;;;;;;;;x
TEX_hms_government;Magallan Constitutional Kingdom;;;;;;;;;;;;;x
TEX_hms_government2;Magallan Parliamentary Cabinet;;;;;;;;;;;;;x
TEX_prussian_constitutionalism;Magallan Royal Parliament;;;;;;;;;;;;;x
TEX_prussian_constitutionalism2;Magallan Royal Advisory Council;;;;;;;;;;;;;x
TEX_theocracy;Magallan Ecclesiastical Union;;;;;;;;;;;;;x
TEX_trade_unions_congress;Magallan Federation of Industrial Unions;;;;;;;;;;;;;x
TGA_absolute_monarchy;Australian Devil Kingdom;;;;;;;;;;;;;x
TGA_absolute_monarchy2;Australian Devil Hereditary Kingdom;;;;;;;;;;;;;x
TGA_colonial_company;Australian Devil Chartered Company Territory;;;;;;;;;;;;;x
TGA_democracy;Australian Devil Republic;;;;;;;;;;;;;x
TGA_democracy2;Australian Devil Parliamentary Republic;;;;;;;;;;;;;x
TGA_dominion;Australian Devil Protectorate;;;;;;;;;;;;;x
TGA_dominion2;Australian Devil Union of Autonomous States;;;;;;;;;;;;;x
TGA_dominion3;Australian Devil Royal Protectorate;;;;;;;;;;;;;x
TGA_hms_government;Australian Devil Constitutional Kingdom;;;;;;;;;;;;;x
TGA_hms_government2;Australian Devil Parliamentary Cabinet;;;;;;;;;;;;;x
TGA_prussian_constitutionalism;Australian Devil Council of Chiefs;;;;;;;;;;;;;x
TGA_prussian_constitutionalism2;Australian Devil Council of Elder Chiefs;;;;;;;;;;;;;x
TGA_theocracy;Australian Devil Ecclesiastical Union;;;;;;;;;;;;;x
TGA_trade_unions_congress;Australian Devil Trade Union Confederation;;;;;;;;;;;;;x
TIB_absolute_monarchy;Gaming Kingdom;;;;;;;;;;;;;x
TIB_absolute_monarchy2;Gaming Hereditary Kingdom;;;;;;;;;;;;;x
TIB_colonial_company;Gaming Trading Territory;;;;;;;;;;;;;x
TIB_democracy;Gaming Republic;;;;;;;;;;;;;x
TIB_democracy2;Gaming Parliamentary Republic;;;;;;;;;;;;;x
TIB_dominion;Gaming Autonomous State;;;;;;;;;;;;;x
TIB_dominion2;Gaming Autonomous Federation;;;;;;;;;;;;;x
TIB_dominion3;Gaming Royal Protectorate;;;;;;;;;;;;;x
TIB_hms_government;Gaming Constitutional Kingdom;;;;;;;;;;;;;x
TIB_hms_government2;Gaming Parliamentary Cabinet;;;;;;;;;;;;;x
TIB_prussian_constitutionalism;Gaming Kashag;;;;;;;;;;;;;x
TIB_prussian_constitutionalism2;Gaming Council of Nobles and Clergy;;;;;;;;;;;;;x
TIB_theocracy;Gaming Ganden Phodrang;;;;;;;;;;;;;x
TIB_trade_unions_congress;Gaming Workers' Council;;;;;;;;;;;;;x
TIG_absolute_monarchy;Tigray Kingdom;;;;;;;;;;;;;x
TIG_absolute_monarchy2;Tigray Hereditary Kingdom;;;;;;;;;;;;;x
TIG_colonial_company;Tigray Chartered Company Territory;;;;;;;;;;;;;x
TIG_democracy;Tigray Republic;;;;;;;;;;;;;x
TIG_democracy2;Tigray Parliamentary Republic;;;;;;;;;;;;;x
TIG_dominion;Tigray Protectorate;;;;;;;;;;;;;x
TIG_dominion2;Tigray Union of Autonomous States;;;;;;;;;;;;;x
TIG_dominion3;Tigray Royal Protectorate;;;;;;;;;;;;;x
TIG_hms_government;Tigray Constitutional Kingdom;;;;;;;;;;;;;x
TIG_hms_government2;Tigray Parliamentary Cabinet;;;;;;;;;;;;;x
TIG_prussian_constitutionalism;Tigray Royal Council of Nobles;;;;;;;;;;;;;x
TIG_prussian_constitutionalism2;Tigray Royal Representative Assembly;;;;;;;;;;;;;x
TIG_theocracy;Tigray Patriarchate;;;;;;;;;;;;;x
TIG_trade_unions_congress;Tigray Trade Union Confederation;;;;;;;;;;;;;x
TKG_absolute_monarchy2;Hyakkiyako Yin-Yang Hereditary Academy;;;;;;;;;;;;;x
TKG_colonial_company;Hyakkiyako Tourism Promotion Society;;;;;;;;;;;;;x
TKG_democracy2;Hyakkiyako Club Representatives' Union;;;;;;;;;;;;;x
TKG_dominion;Hyakkiyako Autonomous Branch Academy;;;;;;;;;;;;;x
TKG_dominion2;Hyakkiyako Federated Branch Academy;;;;;;;;;;;;;x
TKG_dominion3;Hyakkiyako Yin-Yang Direct Branch Academy;;;;;;;;;;;;;x
TKG_hms_government2;Hyakkiyako United Student Council;;;;;;;;;;;;;x
TKG_prussian_constitutionalism;Hyakkiyako Yin-Yang Student Assembly;;;;;;;;;;;;;x
TKG_prussian_constitutionalism2;Hyakkiyako Festival Administration Council;;;;;;;;;;;;;x
TKG_theocracy;Hyakkiyako Yin-Yang Ritual Council;;;;;;;;;;;;;x
TKG_trade_unions_congress;Hyakkiyako General Club Assembly;;;;;;;;;;;;;x
TKM_absolute_monarchy2;Tuye Hereditary Khanate;;;;;;;;;;;;;x
TKM_colonial_company;Tuye Trading Company Territory;;;;;;;;;;;;;x
TKM_democracy;Tuye Republic;;;;;;;;;;;;;x
TKM_democracy2;Tuye Parliamentary Republic;;;;;;;;;;;;;x
TKM_dominion;Tuye Dominion;;;;;;;;;;;;;x
TKM_dominion2;Tuye Autonomous Federation;;;;;;;;;;;;;x
TKM_dominion3;Tuye Protected Emirate;;;;;;;;;;;;;x
TKM_hms_government2;Tuye Parliamentary Cabinet;;;;;;;;;;;;;x
TKM_prussian_constitutionalism2;Tuye Council of Nobles;;;;;;;;;;;;;x
TKM_theocracy;Tuye Imamate;;;;;;;;;;;;;x
TKM_trade_unions_congress;Tuye Workers' Council;;;;;;;;;;;;;x
TKS_absolute_monarchy;Vanilla Khanate;;;;;;;;;;;;;x
TKS_absolute_monarchy2;Vanilla Hereditary Khanate;;;;;;;;;;;;;x
TKS_colonial_company;Vanilla Trading Company Territory;;;;;;;;;;;;;x
TKS_democracy;Vanilla Republic;;;;;;;;;;;;;x
TKS_democracy2;Vanilla Parliamentary Republic;;;;;;;;;;;;;x
TKS_dominion;Vanilla Dominion;;;;;;;;;;;;;x
TKS_dominion2;Vanilla Autonomous Federation;;;;;;;;;;;;;x
TKS_dominion3;Vanilla Protected Emirate;;;;;;;;;;;;;x
TKS_hms_government;Vanilla Constitutional Khanate;;;;;;;;;;;;;x
TKS_hms_government2;Vanilla Parliamentary Cabinet;;;;;;;;;;;;;x
TKS_prussian_constitutionalism;Vanilla Khanate Council;;;;;;;;;;;;;x
TKS_prussian_constitutionalism2;Vanilla Council of Nobles;;;;;;;;;;;;;x
TKS_theocracy;Vanilla Imamate;;;;;;;;;;;;;x
TKS_trade_unions_congress;Vanilla Workers' Council;;;;;;;;;;;;;x
TMR_absolute_monarchy2;Mon3tr Hereditary Kingdom;;;;;;;;;;;;;x
TMR_colonial_company;Mon3tr Chartered Company Territory;;;;;;;;;;;;;x
TMR_democracy;Mon3tr Republic;;;;;;;;;;;;;x
TMR_democracy2;Mon3tr Parliamentary Republic;;;;;;;;;;;;;x
TMR_dominion;Mon3tr Protectorate;;;;;;;;;;;;;x
TMR_dominion2;Mon3tr Union of Autonomous States;;;;;;;;;;;;;x
TMR_dominion3;Mon3tr Royal Protectorate;;;;;;;;;;;;;x
TMR_hms_government;Mon3tr Constitutional Kingdom;;;;;;;;;;;;;x
TMR_hms_government2;Mon3tr Parliamentary Cabinet;;;;;;;;;;;;;x
TMR_prussian_constitutionalism;Mon3tr Council of Chiefs;;;;;;;;;;;;;x
TMR_prussian_constitutionalism2;Mon3tr Council of Elder Chiefs;;;;;;;;;;;;;x
TMR_theocracy;Mon3tr Bishopric;;;;;;;;;;;;;x
TMR_trade_unions_congress;Mon3tr Trade Union Confederation;;;;;;;;;;;;;x
TMT_absolute_monarchy;Shoebill Kingdom;;;;;;;;;;;;;x
TMT_absolute_monarchy2;Shoebill Hereditary Kingdom;;;;;;;;;;;;;x
TMT_colonial_company;Shoebill Chartered Company Territory;;;;;;;;;;;;;x
TMT_democracy;Shoebill Republic;;;;;;;;;;;;;x
TMT_democracy2;Shoebill Parliamentary Republic;;;;;;;;;;;;;x
TMT_dominion;Shoebill Protectorate;;;;;;;;;;;;;x
TMT_dominion2;Shoebill Union of Autonomous States;;;;;;;;;;;;;x
TMT_dominion3;Shoebill Royal Protectorate;;;;;;;;;;;;;x
TMT_hms_government;Shoebill Constitutional Kingdom;;;;;;;;;;;;;x
TMT_hms_government2;Shoebill Parliamentary Cabinet;;;;;;;;;;;;;x
TMT_prussian_constitutionalism;Shoebill Council of Chiefs;;;;;;;;;;;;;x
TMT_prussian_constitutionalism2;Shoebill Council of Elder Chiefs;;;;;;;;;;;;;x
TMT_theocracy;Shoebill Ecclesiastical Union;;;;;;;;;;;;;x
TMT_trade_unions_congress;Shoebill Trade Union Confederation;;;;;;;;;;;;;x
TNT_absolute_monarchy2;Istina Hereditary Khanate;;;;;;;;;;;;;x
TNT_colonial_company;Istina Trading Company Territory;;;;;;;;;;;;;x
TNT_democracy;Istina Republic;;;;;;;;;;;;;x
TNT_democracy2;Istina Parliamentary Republic;;;;;;;;;;;;;x
TNT_dominion;Istina Dominion;;;;;;;;;;;;;x
TNT_dominion2;Istina Autonomous Federation;;;;;;;;;;;;;x
TNT_dominion3;Istina Protected Emirate;;;;;;;;;;;;;x
TNT_hms_government2;Istina Parliamentary Cabinet;;;;;;;;;;;;;x
TNT_prussian_constitutionalism2;Istina Council of Nobles;;;;;;;;;;;;;x
TNT_theocracy;Istina Lamaist Government;;;;;;;;;;;;;x
TNT_trade_unions_congress;Istina Workers' Council;;;;;;;;;;;;;x
TNZ_absolute_monarchy;Tanganyika Kingdom;;;;;;;;;;;;;x
TNZ_absolute_monarchy2;Tanganyika Hereditary Kingdom;;;;;;;;;;;;;x
TNZ_democracy;Tanganyika Republic;;;;;;;;;;;;;x
TNZ_democracy2;Tanganyika Parliamentary Republic;;;;;;;;;;;;;x
TNZ_dominion2;Tanganyika Union of Autonomous States;;;;;;;;;;;;;x
TNZ_dominion3;Tanganyika Royal Protectorate;;;;;;;;;;;;;x
TNZ_hms_government;Tanganyika Constitutional Kingdom;;;;;;;;;;;;;x
TNZ_hms_government2;Tanganyika Parliamentary Cabinet;;;;;;;;;;;;;x
TNZ_prussian_constitutionalism;Tanganyika Royal Council of Elders;;;;;;;;;;;;;x
TNZ_prussian_constitutionalism2;Tanganyika Council of Elder Chiefs;;;;;;;;;;;;;x
TNZ_theocracy;Tanganyika Ecclesiastical Union;;;;;;;;;;;;;x
TNZ_trade_unions_congress;Tanganyika Trade Union Confederation;;;;;;;;;;;;;x
TOG_absolute_monarchy;Togo Kingdom;;;;;;;;;;;;;x
TOG_absolute_monarchy2;Togo Hereditary Kingdom;;;;;;;;;;;;;x
TOG_colonial_company;Togo Chartered Company Territory;;;;;;;;;;;;;x
TOG_democracy;Togo Republic;;;;;;;;;;;;;x
TOG_democracy2;Togo Parliamentary Republic;;;;;;;;;;;;;x
TOG_dominion;Togo Protectorate;;;;;;;;;;;;;x
TOG_dominion2;Togo Union of Autonomous States;;;;;;;;;;;;;x
TOG_dominion3;Togo Royal Protectorate;;;;;;;;;;;;;x
TOG_hms_government;Togo Constitutional Kingdom;;;;;;;;;;;;;x
TOG_hms_government2;Togo Parliamentary Cabinet;;;;;;;;;;;;;x
TOG_prussian_constitutionalism;Togo Royal Council of Elders;;;;;;;;;;;;;x
TOG_prussian_constitutionalism2;Togo Council of Elder Chiefs;;;;;;;;;;;;;x
TOG_theocracy;Togo Bishopric;;;;;;;;;;;;;x
TOG_trade_unions_congress;Togo Trade Union Confederation;;;;;;;;;;;;;x
TOO_absolute_monarchy;Futa Toro Imamate;;;;;;;;;;;;;x
TOO_absolute_monarchy2;Futa Toro Hereditary Imamate;;;;;;;;;;;;;x
TOO_colonial_company;Futa Toro Trading Company Territory;;;;;;;;;;;;;x
TOO_democracy;Futa Toro Republic;;;;;;;;;;;;;x
TOO_democracy2;Futa Toro Parliamentary Republic;;;;;;;;;;;;;x
TOO_dominion;Futa Toro Dominion;;;;;;;;;;;;;x
TOO_dominion2;Futa Toro Autonomous Federation;;;;;;;;;;;;;x
TOO_dominion3;Futa Toro Protected Emirate;;;;;;;;;;;;;x
TOO_hms_government;Futa Toro Constitutional Imamate;;;;;;;;;;;;;x
TOO_hms_government2;Futa Toro Parliamentary Cabinet;;;;;;;;;;;;;x
TOO_prussian_constitutionalism;Futa Toro Diwan;;;;;;;;;;;;;x
TOO_prussian_constitutionalism2;Futa Toro Council of Nobles;;;;;;;;;;;;;x
TOO_theocracy;Futa Toro Imamate;;;;;;;;;;;;;x
TOO_trade_unions_congress;Futa Toro General Confederation of Trade Unions;;;;;;;;;;;;;x
TOR_absolute_monarchy;Tooro;;;;;;;;;;;;;x
TOR_absolute_monarchy2;Toro Hereditary Kingdom;;;;;;;;;;;;;x
TOR_colonial_company;Toro Chartered Company Territory;;;;;;;;;;;;;x
TOR_democracy;Toro Republic;;;;;;;;;;;;;x
TOR_democracy2;Toro Parliamentary Republic;;;;;;;;;;;;;x
TOR_dominion;Toro Protectorate;;;;;;;;;;;;;x
TOR_dominion2;Toro Union of Autonomous States;;;;;;;;;;;;;x
TOR_dominion3;Toro Royal Protectorate;;;;;;;;;;;;;x
TOR_hms_government;Toro Constitutional Kingdom;;;;;;;;;;;;;x
TOR_hms_government2;Toro Parliamentary Cabinet;;;;;;;;;;;;;x
TOR_prussian_constitutionalism;Toro Royal Council of Elders;;;;;;;;;;;;;x
TOR_prussian_constitutionalism2;Toro Council of Elder Chiefs;;;;;;;;;;;;;x
TOR_theocracy;Toro Priestly State;;;;;;;;;;;;;x
TOR_trade_unions_congress;Toro Trade Union Confederation;;;;;;;;;;;;;x
TOS_absolute_monarchy2;Mimori Shogunate;;;;;;;;;;;;;x
TOS_colonial_company;Mimori Trading Post Territory;;;;;;;;;;;;;x
TOS_democracy;Mimori Republic;;;;;;;;;;;;;x
TOS_democracy2;Mimori Parliamentary Republic;;;;;;;;;;;;;x
TOS_dominion;Mimori Autonomous Domain;;;;;;;;;;;;;x
TOS_dominion2;Mimori Union of Domains;;;;;;;;;;;;;x
TOS_dominion3;Mimori Shogunal Territory;;;;;;;;;;;;;x
TOS_hms_government2;Mimori Parliamentary Cabinet;;;;;;;;;;;;;x
TOS_prussian_constitutionalism2;Mimori Council of Domain Lords;;;;;;;;;;;;;x
TOS_theocracy;Mimori Sangha State;;;;;;;;;;;;;x
TOS_trade_unions_congress;Mimori General Council of Trade Unions;;;;;;;;;;;;;x
TOU_absolute_monarchy;Tukulor Empire;;;;;;;;;;;;;x
TOU_absolute_monarchy2;Toucouleur Hereditary Empire;;;;;;;;;;;;;x
TOU_colonial_company;Toucouleur Trading Company Territory;;;;;;;;;;;;;x
TOU_democracy2;Toucouleur Parliamentary Republic;;;;;;;;;;;;;x
TOU_dominion;Toucouleur Dominion;;;;;;;;;;;;;x
TOU_dominion2;Toucouleur Autonomous Federation;;;;;;;;;;;;;x
TOU_dominion3;Toucouleur Protected Emirate;;;;;;;;;;;;;x
TOU_hms_government;Toucouleur Constitutional Empire;;;;;;;;;;;;;x
TOU_hms_government2;Toucouleur Parliamentary Cabinet;;;;;;;;;;;;;x
TOU_prussian_constitutionalism;Toucouleur Diwan;;;;;;;;;;;;;x
TOU_prussian_constitutionalism2;Toucouleur Council of Nobles;;;;;;;;;;;;;x
TOU_theocracy;Toucouleur Imamate;;;;;;;;;;;;;x
TOU_trade_unions_congress;Toucouleur General Confederation of Trade Unions;;;;;;;;;;;;;x
TPG_absolute_monarchy;Xianyun Imperial Dynasty;;;;;;;;;;;;;x
TPG_absolute_monarchy2;Xianyun Imperial Court;;;;;;;;;;;;;x
TPG_colonial_company;Xianyun Concession;;;;;;;;;;;;;x
TPG_democracy2;Xianyun Federal Republic;;;;;;;;;;;;;x
TPG_dominion;Xianyun Autonomous Province;;;;;;;;;;;;;x
TPG_dominion2;Xianyun Federal Government;;;;;;;;;;;;;x
TPG_dominion3;Xianyun Tributary Territory;;;;;;;;;;;;;x
TPG_hms_government;Xianyun Responsible Cabinet;;;;;;;;;;;;;x
TPG_hms_government2;Xianyun Parliamentary Cabinet;;;;;;;;;;;;;x
TPG_prussian_constitutionalism;Xianyun Advisory Council;;;;;;;;;;;;;x
TPG_prussian_constitutionalism2;Xianyun State Advisory Council;;;;;;;;;;;;;x
TPG_theocracy;Xianyun Sangha State;;;;;;;;;;;;;x
TPG_trade_unions_congress;Xianyun General Labor Union;;;;;;;;;;;;;x
TRA_absolute_monarchy;Skirk Kingdom;;;;;;;;;;;;;x
TRA_absolute_monarchy2;Skirk Hereditary Kingdom;;;;;;;;;;;;;x
TRA_colonial_company;Skirk East India Company Territory;;;;;;;;;;;;;x
TRA_democracy;Skirk Republic;;;;;;;;;;;;;x
TRA_democracy2;Skirk Parliamentary Republic;;;;;;;;;;;;;x
TRA_dominion;Skirk Princely State;;;;;;;;;;;;;x
TRA_dominion2;Skirk Union of Princely States;;;;;;;;;;;;;x
TRA_dominion3;Skirk Crown Territory;;;;;;;;;;;;;x
TRA_hms_government;Skirk Constitutional Kingdom;;;;;;;;;;;;;x
TRA_hms_government2;Skirk Parliamentary Cabinet;;;;;;;;;;;;;x
TRA_prussian_constitutionalism;Skirk Durbar;;;;;;;;;;;;;x
TRA_prussian_constitutionalism2;Skirk Council of Princes;;;;;;;;;;;;;x
TRA_theocracy;Skirk Union of Temples;;;;;;;;;;;;;x
TRA_trade_unions_congress;Skirk General Confederation of Trade Unions;;;;;;;;;;;;;x
TRE_absolute_monarchy;Jean Bart Duchy;;;;;;;;;;;;;x
TRE_absolute_monarchy2;Jean Bart Hereditary Duchy;;;;;;;;;;;;;x
TRE_democracy;Jean Bart Republic;;;;;;;;;;;;;x
TRE_democracy2;Jean Bart Parliamentary Republic;;;;;;;;;;;;;x
TRE_dominion2;Jean Bart Autonomous Federation;;;;;;;;;;;;;x
TRE_dominion3;Jean Bart Crown Dependency;;;;;;;;;;;;;x
TRE_hms_government;Jean Bart Constitutional Duchy;;;;;;;;;;;;;x
TRE_hms_government2;Jean Bart Parliamentary Cabinet;;;;;;;;;;;;;x
TRE_prussian_constitutionalism;Jean Bart Royal Senate;;;;;;;;;;;;;x
TRE_prussian_constitutionalism2;Jean Bart Royal Advisory Council;;;;;;;;;;;;;x
TRE_theocracy;Jean Bart Bishopric;;;;;;;;;;;;;x
TRE_trade_unions_congress;Jean Bart Federation of Guilds;;;;;;;;;;;;;x
TRI_absolute_monarchy;Kiyohime Emirate;;;;;;;;;;;;;x
TRI_absolute_monarchy2;Kiyohime Hereditary Emirate;;;;;;;;;;;;;x
TRI_colonial_company;Kiyohime Trading Company Territory;;;;;;;;;;;;;x
TRI_democracy;Kiyohime Republic;;;;;;;;;;;;;x
TRI_democracy2;Kiyohime Parliamentary Republic;;;;;;;;;;;;;x
TRI_dominion;Kiyohime Dominion;;;;;;;;;;;;;x
TRI_dominion2;Kiyohime Autonomous Federation;;;;;;;;;;;;;x
TRI_dominion3;Kiyohime Protected Emirate;;;;;;;;;;;;;x
TRI_hms_government;Kiyohime Constitutional Emirate;;;;;;;;;;;;;x
TRI_hms_government2;Kiyohime Parliamentary Cabinet;;;;;;;;;;;;;x
TRI_prussian_constitutionalism;Kiyohime Shura Council;;;;;;;;;;;;;x
TRI_prussian_constitutionalism2;Kiyohime Council of Nobles;;;;;;;;;;;;;x
TRI_theocracy;Kiyohime Imamate;;;;;;;;;;;;;x
TRI_trade_unions_congress;Kiyohime General Confederation of Trade Unions;;;;;;;;;;;;;x
TRN_absolute_monarchy;Transvaal Kingdom;;;;;;;;;;;;;x
TRN_absolute_monarchy2;Transvaal Hereditary Kingdom;;;;;;;;;;;;;x
TRN_colonial_company;Transvaal Chartered Company Territory;;;;;;;;;;;;;x
TRN_democracy;Transvaal Free Republic;;;;;;;;;;;;;x
TRN_dominion;Transvaal Autonomous Republic;;;;;;;;;;;;;x
TRN_dominion2;Transvaal Autonomous Federation;;;;;;;;;;;;;x
TRN_dominion3;Transvaal Crown Dependency;;;;;;;;;;;;;x
TRN_hms_government;Transvaal Constitutional Kingdom;;;;;;;;;;;;;x
TRN_hms_government2;Transvaal Parliamentary Cabinet;;;;;;;;;;;;;x
TRN_prussian_constitutionalism;Transvaal Citizens' Council;;;;;;;;;;;;;x
TRN_prussian_constitutionalism2;Transvaal Royal Advisory Council;;;;;;;;;;;;;x
TRN_theocracy;Transvaal Ecclesiastical Union;;;;;;;;;;;;;x
TRN_trade_unions_congress;Transvaal Trade Union Confederation;;;;;;;;;;;;;x
TRP_absolute_monarchy;Ineffa Raj;;;;;;;;;;;;;x
TRP_absolute_monarchy2;Ineffa Hereditary Raj;;;;;;;;;;;;;x
TRP_colonial_company;Ineffa East India Company Territory;;;;;;;;;;;;;x
TRP_democracy;Ineffa Republic;;;;;;;;;;;;;x
TRP_democracy2;Ineffa Parliamentary Republic;;;;;;;;;;;;;x
TRP_dominion;Ineffa Princely State;;;;;;;;;;;;;x
TRP_dominion2;Ineffa Union of Princely States;;;;;;;;;;;;;x
TRP_dominion3;Ineffa Crown Territory;;;;;;;;;;;;;x
TRP_hms_government;Ineffa Constitutional Raj;;;;;;;;;;;;;x
TRP_hms_government2;Ineffa Parliamentary Cabinet;;;;;;;;;;;;;x
TRP_prussian_constitutionalism;Ineffa Durbar;;;;;;;;;;;;;x
TRP_prussian_constitutionalism2;Ineffa Council of Princes;;;;;;;;;;;;;x
TRP_theocracy;Ineffa Union of Temples;;;;;;;;;;;;;x
TRP_trade_unions_congress;Ineffa General Confederation of Trade Unions;;;;;;;;;;;;;x
TRZ_absolute_monarchy2;Ushiwakamaru Hereditary Emirate;;;;;;;;;;;;;x
TRZ_colonial_company;Ushiwakamaru Trading Company Territory;;;;;;;;;;;;;x
TRZ_democracy2;Ushiwakamaru Parliamentary Republic;;;;;;;;;;;;;x
TRZ_dominion;Ushiwakamaru Dominion;;;;;;;;;;;;;x
TRZ_dominion2;Ushiwakamaru Autonomous Federation;;;;;;;;;;;;;x
TRZ_dominion3;Ushiwakamaru Protected Emirate;;;;;;;;;;;;;x
TRZ_hms_government;Ushiwakamaru Constitutional Emirate;;;;;;;;;;;;;x
TRZ_hms_government2;Ushiwakamaru Parliamentary Cabinet;;;;;;;;;;;;;x
TRZ_prussian_constitutionalism;Ushiwakamaru Shura Council;;;;;;;;;;;;;x
TRZ_prussian_constitutionalism2;Ushiwakamaru Council of Nobles;;;;;;;;;;;;;x
TRZ_theocracy;Ushiwakamaru Imamate;;;;;;;;;;;;;x
TRZ_trade_unions_congress;Ushiwakamaru General Confederation of Trade Unions;;;;;;;;;;;;;x
TST_absolute_monarchy;Silence Suzuka Duchy;;;;;;;;;;;;;x
TST_absolute_monarchy2;Silence Suzuka Hereditary Duchy;;;;;;;;;;;;;x
TST_democracy;Silence Suzuka Republic;;;;;;;;;;;;;x
TST_democracy2;Silence Suzuka Parliamentary Republic;;;;;;;;;;;;;x
TST_dominion;Silence Suzuka Dominion;;;;;;;;;;;;;x
TST_dominion2;Silence Suzuka Autonomous Federation;;;;;;;;;;;;;x
TST_dominion3;Silence Suzuka Crown Dependency;;;;;;;;;;;;;x
TST_hms_government;Silence Suzuka Constitutional Duchy;;;;;;;;;;;;;x
TST_hms_government2;Silence Suzuka Parliamentary Cabinet;;;;;;;;;;;;;x
TST_prussian_constitutionalism;Silence Suzuka Royal Senate;;;;;;;;;;;;;x
TST_prussian_constitutionalism2;Silence Suzuka Royal Advisory Council;;;;;;;;;;;;;x
TST_theocracy;Silence Suzuka Bishopric;;;;;;;;;;;;;x
TST_trade_unions_congress;Silence Suzuka Federation of Guilds;;;;;;;;;;;;;x
TSW_absolute_monarchy;Botswana Kingdom;;;;;;;;;;;;;x
TSW_absolute_monarchy2;Botswana Hereditary Kingdom;;;;;;;;;;;;;x
TSW_colonial_company;Botswana Chartered Company Territory;;;;;;;;;;;;;x
TSW_democracy;Botswana Republic;;;;;;;;;;;;;x
TSW_democracy2;Botswana Parliamentary Republic;;;;;;;;;;;;;x
TSW_dominion;Botswana Protectorate;;;;;;;;;;;;;x
TSW_dominion2;Botswana Union of Autonomous States;;;;;;;;;;;;;x
TSW_dominion3;Botswana Royal Protectorate;;;;;;;;;;;;;x
TSW_hms_government;Botswana Constitutional Kingdom;;;;;;;;;;;;;x
TSW_hms_government2;Botswana Parliamentary Cabinet;;;;;;;;;;;;;x
TSW_prussian_constitutionalism;Botswana Royal Council of Elders;;;;;;;;;;;;;x
TSW_prussian_constitutionalism2;Botswana Council of Elder Chiefs;;;;;;;;;;;;;x
TSW_theocracy;Botswana Priestly State;;;;;;;;;;;;;x
TSW_trade_unions_congress;Botswana Trade Union Confederation;;;;;;;;;;;;;x
TTB_absolute_monarchy;Sims Kingdom;;;;;;;;;;;;;x
TTB_absolute_monarchy2;Sims Hereditary Kingdom;;;;;;;;;;;;;x
TTB_democracy;Sims Republic;;;;;;;;;;;;;x
TTB_democracy2;Sims Parliamentary Republic;;;;;;;;;;;;;x
TTB_dominion2;Sims Autonomous Federation;;;;;;;;;;;;;x
TTB_dominion3;Sims Crown Dependency;;;;;;;;;;;;;x
TTB_hms_government2;Sims Parliamentary Cabinet;;;;;;;;;;;;;x
TTB_prussian_constitutionalism;Sims Royal Council;;;;;;;;;;;;;x
TTB_prussian_constitutionalism2;Sims Royal Advisory Council;;;;;;;;;;;;;x
TTB_theocracy;Sims Ecclesiastical Union;;;;;;;;;;;;;x
TTB_trade_unions_congress;Sims General Workers' Confederation;;;;;;;;;;;;;x
TUG_absolute_monarchy;Koyanskaya Emirate;;;;;;;;;;;;;x
TUG_absolute_monarchy2;Koyanskaya Hereditary Emirate;;;;;;;;;;;;;x
TUG_colonial_company;Koyanskaya Trading Company Territory;;;;;;;;;;;;;x
TUG_democracy;Koyanskaya Republic;;;;;;;;;;;;;x
TUG_democracy2;Koyanskaya Parliamentary Republic;;;;;;;;;;;;;x
TUG_dominion;Koyanskaya Dominion;;;;;;;;;;;;;x
TUG_dominion2;Koyanskaya Autonomous Federation;;;;;;;;;;;;;x
TUG_dominion3;Koyanskaya Protected Emirate;;;;;;;;;;;;;x
TUG_hms_government;Koyanskaya Constitutional Emirate;;;;;;;;;;;;;x
TUG_hms_government2;Koyanskaya Parliamentary Cabinet;;;;;;;;;;;;;x
TUG_prussian_constitutionalism;Koyanskaya Shura Council;;;;;;;;;;;;;x
TUG_prussian_constitutionalism2;Koyanskaya Council of Nobles;;;;;;;;;;;;;x
TUG_theocracy;Koyanskaya Imamate;;;;;;;;;;;;;x
TUG_trade_unions_congress;Koyanskaya General Confederation of Trade Unions;;;;;;;;;;;;;x
TUN_absolute_monarchy2;Serika Dynasty;;;;;;;;;;;;;x
TUN_colonial_company;Serika Trading Company Territory;;;;;;;;;;;;;x
TUN_democracy;Serika Republic;;;;;;;;;;;;;x
TUN_democracy2;Serika Parliamentary Republic;;;;;;;;;;;;;x
TUN_dominion;Serika Dominion;;;;;;;;;;;;;x
TUN_dominion2;Serika Autonomous Federation;;;;;;;;;;;;;x
TUN_dominion3;Serika Protected Emirate;;;;;;;;;;;;;x
TUN_hms_government;Serika Constitutional Emirate;;;;;;;;;;;;;x
TUN_hms_government2;Serika Parliamentary Cabinet;;;;;;;;;;;;;x
TUN_prussian_constitutionalism2;Serika Council of Nobles;;;;;;;;;;;;;x
TUN_theocracy;Serika Imamate;;;;;;;;;;;;;x
TUN_trade_unions_congress;Serika General Confederation of Trade Unions;;;;;;;;;;;;;x
TUR_absolute_monarchy2;Aisha Hereditary Empire;;;;;;;;;;;;;x
TUR_colonial_company;Aisha Trading Company Territory;;;;;;;;;;;;;x
TUR_democracy2;Aisha Parliamentary Republic;;;;;;;;;;;;;x
TUR_dominion;Aisha Dominion;;;;;;;;;;;;;x
TUR_dominion2;Aisha Autonomous Federation;;;;;;;;;;;;;x
TUR_dominion3;Aisha Protected Emirate;;;;;;;;;;;;;x
TUR_hms_government2;Aisha Parliamentary Cabinet;;;;;;;;;;;;;x
TUR_prussian_constitutionalism2;Aisha Council of Nobles;;;;;;;;;;;;;x
TUR_theocracy;Aisha Imamate;;;;;;;;;;;;;x
TUR_trade_unions_congress;Aisha General Workers' Confederation;;;;;;;;;;;;;x
TUS_absolute_monarchy;Gascogne Grand Duchy;;;;;;;;;;;;;x
TUS_absolute_monarchy2;Gascogne Hereditary Grand Duchy;;;;;;;;;;;;;x
TUS_colonial_company;Gascogne Chartered Company Territory;;;;;;;;;;;;;x
TUS_democracy;Gascogne Republic;;;;;;;;;;;;;x
TUS_democracy2;Gascogne Parliamentary Republic;;;;;;;;;;;;;x
TUS_dominion;Gascogne Dominion;;;;;;;;;;;;;x
TUS_dominion2;Gascogne Autonomous Federation;;;;;;;;;;;;;x
TUS_dominion3;Gascogne Crown Dependency;;;;;;;;;;;;;x
TUS_hms_government;Gascogne Constitutional Grand Duchy;;;;;;;;;;;;;x
TUS_hms_government2;Gascogne Parliamentary Cabinet;;;;;;;;;;;;;x
TUS_prussian_constitutionalism;Gascogne Royal Senate;;;;;;;;;;;;;x
TUS_prussian_constitutionalism2;Gascogne Royal Advisory Council;;;;;;;;;;;;;x
TUS_theocracy;Gascogne Bishopric;;;;;;;;;;;;;x
TUS_trade_unions_congress;Gascogne Federation of Guilds;;;;;;;;;;;;;x
U01_absolute_monarchy;Lily Hoshikawa Kingdom;;;;;;;;;;;;;x
U01_absolute_monarchy2;Lily Hoshikawa Hereditary Kingdom;;;;;;;;;;;;;x
U01_colonial_company;Lily Hoshikawa Chartered Company Territory;;;;;;;;;;;;;x
U01_democracy;Lily Hoshikawa Republic;;;;;;;;;;;;;x
U01_democracy2;Lily Hoshikawa Parliamentary Republic;;;;;;;;;;;;;x
U01_dominion;Lily Hoshikawa Dominion;;;;;;;;;;;;;x
U01_dominion2;Lily Hoshikawa Autonomous Federation;;;;;;;;;;;;;x
U01_dominion3;Lily Hoshikawa Crown Dependency;;;;;;;;;;;;;x
U01_hms_government;Lily Hoshikawa Constitutional Kingdom;;;;;;;;;;;;;x
U01_hms_government2;Lily Hoshikawa Parliamentary Cabinet;;;;;;;;;;;;;x
U01_prussian_constitutionalism;Lily Hoshikawa Privy Council;;;;;;;;;;;;;x
U01_prussian_constitutionalism2;Lily Hoshikawa Royal Advisory Council;;;;;;;;;;;;;x
U01_theocracy;Lily Hoshikawa Ecclesiastical Union;;;;;;;;;;;;;x
U01_trade_unions_congress;Lily Hoshikawa Trade Union Congress;;;;;;;;;;;;;x
U02_absolute_monarchy;Junko Konno Kingdom;;;;;;;;;;;;;x
U02_absolute_monarchy2;Junko Konno Hereditary Kingdom;;;;;;;;;;;;;x
U02_colonial_company;Junko Konno Chartered Company Territory;;;;;;;;;;;;;x
U02_democracy;Junko Konno Republic;;;;;;;;;;;;;x
U02_democracy2;Junko Konno Parliamentary Republic;;;;;;;;;;;;;x
U02_dominion;Junko Konno Dominion;;;;;;;;;;;;;x
U02_dominion2;Junko Konno Autonomous Federation;;;;;;;;;;;;;x
U02_dominion3;Junko Konno Crown Dependency;;;;;;;;;;;;;x
U02_hms_government;Junko Konno Constitutional Kingdom;;;;;;;;;;;;;x
U02_hms_government2;Junko Konno Parliamentary Cabinet;;;;;;;;;;;;;x
U02_prussian_constitutionalism;Junko Konno Privy Council;;;;;;;;;;;;;x
U02_prussian_constitutionalism2;Junko Konno Royal Advisory Council;;;;;;;;;;;;;x
U02_theocracy;Junko Konno Ecclesiastical Union;;;;;;;;;;;;;x
U02_trade_unions_congress;Junko Konno Trade Union Congress;;;;;;;;;;;;;x
UBD_absolute_monarchy2;Hornet Hereditary Duchy;;;;;;;;;;;;;x
UBD_democracy2;Hornet City Republic;;;;;;;;;;;;;x
UBD_dominion;Hornet Dominion;;;;;;;;;;;;;x
UBD_dominion2;Hornet Autonomous Federation;;;;;;;;;;;;;x
UBD_dominion3;Hornet Crown Territory;;;;;;;;;;;;;x
UBD_hms_government2;Hornet Territorial Cabinet;;;;;;;;;;;;;x
UBD_prussian_constitutionalism2;Hornet Council of Princes;;;;;;;;;;;;;x
UBD_theocracy;Hornet Ecclesiastical Union;;;;;;;;;;;;;x
UBD_trade_unions_congress;Hornet Workers' Council;;;;;;;;;;;;;x
UCA_absolute_monarchy2;Nezha Tribal Confederation Hereditary Empire;;;;;;;;;;;;;x
UCA_democracy;Nezha Tribal Confederation Republic;;;;;;;;;;;;;x
UCA_democracy2;Nezha Tribal Confederation Parliamentary Republic;;;;;;;;;;;;;x
UCA_dominion;Nezha Tribal Confederation Dominion;;;;;;;;;;;;;x
UCA_dominion2;Nezha Tribal Confederation Autonomous Federation;;;;;;;;;;;;;x
UCA_dominion3;Nezha Tribal Confederation Crown Dependency;;;;;;;;;;;;;x
UCA_hms_government2;Nezha Tribal Confederation Parliamentary Cabinet;;;;;;;;;;;;;x
UCA_prussian_constitutionalism2;Nezha Tribal Confederation Royal Advisory Council;;;;;;;;;;;;;x
UCA_theocracy;Nezha Tribal Confederation Bishopric;;;;;;;;;;;;;x
UCA_trade_unions_congress;Nezha Tribal Confederation General Workers' Confederation;;;;;;;;;;;;;x
UCV_absolute_monarchy;Brynhildr Imperial Dynasty;;;;;;;;;;;;;x
UCV_absolute_monarchy2;Brynhildr Imperial Court;;;;;;;;;;;;;x
UCV_colonial_company;Brynhildr Concession;;;;;;;;;;;;;x
UCV_democracy;Brynhildr Republic;;;;;;;;;;;;;x
UCV_democracy2;Brynhildr Federal Republic;;;;;;;;;;;;;x
UCV_dominion;Brynhildr Autonomous Province;;;;;;;;;;;;;x
UCV_dominion2;Brynhildr Federal Government;;;;;;;;;;;;;x
UCV_dominion3;Brynhildr Tributary Territory;;;;;;;;;;;;;x
UCV_hms_government;Brynhildr Responsible Cabinet;;;;;;;;;;;;;x
UCV_hms_government2;Brynhildr Parliamentary Cabinet;;;;;;;;;;;;;x
UCV_prussian_constitutionalism;Brynhildr Advisory Council;;;;;;;;;;;;;x
UCV_prussian_constitutionalism2;Brynhildr State Advisory Council;;;;;;;;;;;;;x
UCV_theocracy;Brynhildr Sangha State;;;;;;;;;;;;;x
UCV_trade_unions_congress;Brynhildr General Labor Union;;;;;;;;;;;;;x
UIL_absolute_monarchy2;Franka Hereditary Kingdom;;;;;;;;;;;;;x
UIL_colonial_company;Franka Chartered Company Territory;;;;;;;;;;;;;x
UIL_democracy;Franka Federal Republic;;;;;;;;;;;;;x
UIL_democracy2;Franka Parliamentary Republic;;;;;;;;;;;;;x
UIL_dominion;Franka Dominion;;;;;;;;;;;;;x
UIL_dominion2;Franka Autonomous Federation;;;;;;;;;;;;;x
UIL_dominion3;Franka Crown Dependency;;;;;;;;;;;;;x
UIL_hms_government;Franka Constitutional Kingdom;;;;;;;;;;;;;x
UIL_hms_government2;Franka Parliamentary Cabinet;;;;;;;;;;;;;x
UIL_prussian_constitutionalism2;Franka Royal Advisory Council;;;;;;;;;;;;;x
UIL_theocracy;Franka Ecclesiastical Union;;;;;;;;;;;;;x
UIL_trade_unions_congress;Franka Federation of Industrial Unions;;;;;;;;;;;;;x
UKR_absolute_monarchy;Danica Hetmanate;;;;;;;;;;;;;x
UKR_absolute_monarchy2;Danica Hereditary Hetmanate;;;;;;;;;;;;;x
UKR_colonial_company;Danica Black Sea Chartered Company;;;;;;;;;;;;;x
UKR_democracy;Danica National Republic;;;;;;;;;;;;;x
UKR_democracy2;Danica Rada Republic;;;;;;;;;;;;;x
UKR_dominion;Danica Dominion;;;;;;;;;;;;;x
UKR_dominion2;Danica Autonomous Republic;;;;;;;;;;;;;x
UKR_dominion3;Danica Royal Protectorate;;;;;;;;;;;;;x
UKR_hms_government;Danica Constitutional Hetmanate;;;;;;;;;;;;;x
UKR_hms_government2;Danica Parliamentary Cabinet;;;;;;;;;;;;;x
UKR_prussian_constitutionalism;Danica Officers' Council;;;;;;;;;;;;;x
UKR_prussian_constitutionalism2;Danica Noble Rada;;;;;;;;;;;;;x
UKR_theocracy;Danica Patriarchate;;;;;;;;;;;;;x
UKR_trade_unions_congress;Danica Workers Soviet;;;;;;;;;;;;;x
UKY_absolute_monarchy;Pinecone Kingdom;;;;;;;;;;;;;x
UKY_absolute_monarchy2;Pinecone Hereditary Kingdom;;;;;;;;;;;;;x
UKY_colonial_company;Pinecone Chartered Company Territory;;;;;;;;;;;;;x
UKY_democracy2;Pinecone Parliamentary Republic;;;;;;;;;;;;;x
UKY_dominion2;Pinecone Autonomous Federation;;;;;;;;;;;;;x
UKY_dominion3;Pinecone Crown Dependency;;;;;;;;;;;;;x
UKY_hms_government;Pinecone Constitutional Kingdom;;;;;;;;;;;;;x
UKY_hms_government2;Pinecone Parliamentary Cabinet;;;;;;;;;;;;;x
UKY_prussian_constitutionalism;Pinecone Royal Parliament;;;;;;;;;;;;;x
UKY_prussian_constitutionalism2;Pinecone Royal Advisory Council;;;;;;;;;;;;;x
UKY_theocracy;Pinecone Bishopric;;;;;;;;;;;;;x
UKY_trade_unions_congress;Pinecone Federation of Industrial Unions;;;;;;;;;;;;;x
ULA_absolute_monarchy2;Mayer Hereditary Kingdom;;;;;;;;;;;;;x
ULA_democracy2;Mayer Parliamentary Republic;;;;;;;;;;;;;x
ULA_dominion2;Mayer Autonomous Federation;;;;;;;;;;;;;x
ULA_dominion3;Mayer Crown Dependency;;;;;;;;;;;;;x
ULA_hms_government2;Mayer Parliamentary Cabinet;;;;;;;;;;;;;x
ULA_prussian_constitutionalism2;Mayer Royal Advisory Council;;;;;;;;;;;;;x
ULA_theocracy;Mayer Bishopric;;;;;;;;;;;;;x
ULA_trade_unions_congress;Mayer General Labor Confederation;;;;;;;;;;;;;x
UNB_absolute_monarchy2;Enterprise Hereditary Kingdom;;;;;;;;;;;;;x
UNB_democracy;Enterprise Federal Republic;;;;;;;;;;;;;x
UNB_democracy2;Enterprise Parliamentary Republic;;;;;;;;;;;;;x
UNB_dominion2;Enterprise Autonomous Federation;;;;;;;;;;;;;x
UNB_dominion3;Enterprise Crown Dependency;;;;;;;;;;;;;x
UNB_hms_government2;Enterprise Parliamentary Cabinet;;;;;;;;;;;;;x
UNB_prussian_constitutionalism2;Enterprise Royal Advisory Council;;;;;;;;;;;;;x
UNB_theocracy;Enterprise Ecclesiastical Union;;;;;;;;;;;;;x
UNB_trade_unions_congress;Enterprise Federation of Industrial Unions;;;;;;;;;;;;;x
UNM_absolute_monarchy2;Cleveland Dynasty;;;;;;;;;;;;;x
UNM_democracy2;Cleveland Parliamentary Republic;;;;;;;;;;;;;x
UNM_dominion2;Cleveland Union of Autonomous States;;;;;;;;;;;;;x
UNM_dominion3;Cleveland Royal Protectorate;;;;;;;;;;;;;x
UNM_hms_government2;Cleveland Parliamentary Cabinet;;;;;;;;;;;;;x
UNM_prussian_constitutionalism2;Cleveland Council of Elder Chiefs;;;;;;;;;;;;;x
UNM_theocracy;Cleveland Priestly State;;;;;;;;;;;;;x
UNM_trade_unions_congress;Cleveland Producers' Federation;;;;;;;;;;;;;x
UNY_absolute_monarchy2;Honolulu Hereditary Kingdom;;;;;;;;;;;;;x
UNY_colonial_company;Honolulu Chartered Company Territory;;;;;;;;;;;;;x
UNY_democracy;Honolulu Federal Republic;;;;;;;;;;;;;x
UNY_democracy2;Honolulu Parliamentary Republic;;;;;;;;;;;;;x
UNY_dominion;Honolulu Dominion;;;;;;;;;;;;;x
UNY_dominion2;Honolulu Autonomous Federation;;;;;;;;;;;;;x
UNY_dominion3;Honolulu Crown Dependency;;;;;;;;;;;;;x
UNY_hms_government;Honolulu Constitutional Kingdom;;;;;;;;;;;;;x
UNY_hms_government2;Honolulu Parliamentary Cabinet;;;;;;;;;;;;;x
UNY_prussian_constitutionalism2;Honolulu Royal Advisory Council;;;;;;;;;;;;;x
UNY_theocracy;Honolulu Ecclesiastical Union;;;;;;;;;;;;;x
UNY_trade_unions_congress;Honolulu Federation of Industrial Unions;;;;;;;;;;;;;x
UOR_absolute_monarchy2;Essex Hereditary Kingdom;;;;;;;;;;;;;x
UOR_democracy;Essex Federal Republic;;;;;;;;;;;;;x
UOR_democracy2;Essex Parliamentary Republic;;;;;;;;;;;;;x
UOR_dominion2;Essex Autonomous Federation;;;;;;;;;;;;;x
UOR_dominion3;Essex Crown Dependency;;;;;;;;;;;;;x
UOR_hms_government2;Essex Parliamentary Cabinet;;;;;;;;;;;;;x
UOR_prussian_constitutionalism2;Essex Royal Advisory Council;;;;;;;;;;;;;x
UOR_theocracy;Essex Ecclesiastical Union;;;;;;;;;;;;;x
UOR_trade_unions_congress;Essex Federation of Industrial Unions;;;;;;;;;;;;;x
URA_absolute_monarchy2;Absinthe Empire;;;;;;;;;;;;;x
URA_colonial_company;Absinthe Chartered Company Territory;;;;;;;;;;;;;x
URA_democracy2;Absinthe Parliamentary Republic;;;;;;;;;;;;;x
URA_dominion;Absinthe Autonomous Province;;;;;;;;;;;;;x
URA_dominion2;Absinthe Autonomous Republic;;;;;;;;;;;;;x
URA_dominion3;Absinthe Governorate;;;;;;;;;;;;;x
URA_hms_government2;Absinthe Parliamentary Cabinet;;;;;;;;;;;;;x
URA_prussian_constitutionalism2;Absinthe State Council;;;;;;;;;;;;;x
URA_theocracy;Absinthe Patriarchate;;;;;;;;;;;;;x
URA_trade_unions_congress;Absinthe Workers' Soviet;;;;;;;;;;;;;x
URM_absolute_monarchy;Raiden Sultanate;;;;;;;;;;;;;x
URM_absolute_monarchy2;Raiden Hereditary Sultanate;;;;;;;;;;;;;x
URM_colonial_company;Raiden Trading Company Territory;;;;;;;;;;;;;x
URM_democracy;Raiden Republic;;;;;;;;;;;;;x
URM_democracy2;Raiden Parliamentary Republic;;;;;;;;;;;;;x
URM_dominion;Raiden Dominion;;;;;;;;;;;;;x
URM_dominion2;Raiden Autonomous Federation;;;;;;;;;;;;;x
URM_dominion3;Raiden Protected Emirate;;;;;;;;;;;;;x
URM_hms_government;Raiden Constitutional Sultanate;;;;;;;;;;;;;x
URM_hms_government2;Raiden Parliamentary Cabinet;;;;;;;;;;;;;x
URM_prussian_constitutionalism;Raiden Diwan;;;;;;;;;;;;;x
URM_prussian_constitutionalism2;Raiden Council of Nobles;;;;;;;;;;;;;x
URM_theocracy;Raiden Imamate;;;;;;;;;;;;;x
URM_trade_unions_congress;Raiden General Workers' Confederation;;;;;;;;;;;;;x
URP_absolute_monarchy;Eyjafjalla Kingdom;;;;;;;;;;;;;x
URP_absolute_monarchy2;Eyjafjalla Hereditary Kingdom;;;;;;;;;;;;;x
URP_colonial_company;Eyjafjalla Chartered Company Territory;;;;;;;;;;;;;x
URP_democracy;Eyjafjalla Republic;;;;;;;;;;;;;x
URP_democracy2;Eyjafjalla Parliamentary Republic;;;;;;;;;;;;;x
URP_dominion;Eyjafjalla Dominion;;;;;;;;;;;;;x
URP_dominion2;Eyjafjalla Autonomous Federation;;;;;;;;;;;;;x
URP_dominion3;Eyjafjalla Crown Dependency;;;;;;;;;;;;;x
URP_hms_government;Eyjafjalla Constitutional Kingdom;;;;;;;;;;;;;x
URP_hms_government2;Eyjafjalla Parliamentary Cabinet;;;;;;;;;;;;;x
URP_prussian_constitutionalism;Eyjafjalla Royal Council;;;;;;;;;;;;;x
URP_prussian_constitutionalism2;Eyjafjalla Royal Advisory Council;;;;;;;;;;;;;x
URP_theocracy;Eyjafjalla Patriarchate;;;;;;;;;;;;;x
URP_trade_unions_congress;Eyjafjalla Workers' Council;;;;;;;;;;;;;x
URU_absolute_monarchy2;Uruguay Hereditary Kingdom;;;;;;;;;;;;;x
URU_democracy;Uruguay Republic;;;;;;;;;;;;;x
URU_democracy2;Uruguay Parliamentary Republic;;;;;;;;;;;;;x
URU_dominion2;Uruguay Autonomous Federation;;;;;;;;;;;;;x
URU_dominion3;Uruguay Crown Dependency;;;;;;;;;;;;;x
URU_hms_government2;Uruguay Parliamentary Cabinet;;;;;;;;;;;;;x
URU_prussian_constitutionalism2;Uruguay Royal Advisory Council;;;;;;;;;;;;;x
URU_theocracy;Uruguay Bishopric;;;;;;;;;;;;;x
URU_trade_unions_congress;Uruguay General Workers' Confederation;;;;;;;;;;;;;x
USS_absolute_monarchy2;United States of South America Hereditary Empire;;;;;;;;;;;;;x
USS_colonial_company;United States of South America Chartered Company Territory;;;;;;;;;;;;;x
USS_democracy2;United States of South America Parliamentary Republic;;;;;;;;;;;;;x
USS_dominion;United States of South America Dominion;;;;;;;;;;;;;x
USS_dominion2;United States of South America Autonomous Federation;;;;;;;;;;;;;x
USS_dominion3;United States of South America Crown Dependency;;;;;;;;;;;;;x
USS_hms_government2;United States of South America Parliamentary Cabinet;;;;;;;;;;;;;x
USS_prussian_constitutionalism2;United States of South America Royal Advisory Council;;;;;;;;;;;;;x
USS_theocracy;United States of South America Bishopric;;;;;;;;;;;;;x
USS_trade_unions_congress;United States of South America General Workers' Confederation;;;;;;;;;;;;;x
UTI_absolute_monarchy;Sakura Minamoto Kingdom;;;;;;;;;;;;;x
UTI_absolute_monarchy2;Sakura Minamoto Hereditary Kingdom;;;;;;;;;;;;;x
UTI_colonial_company;Sakura Minamoto Chartered Company Territory;;;;;;;;;;;;;x
UTI_democracy;Sakura Minamoto Republic;;;;;;;;;;;;;x
UTI_democracy2;Sakura Minamoto Parliamentary Republic;;;;;;;;;;;;;x
UTI_dominion;Sakura Minamoto Dominion;;;;;;;;;;;;;x
UTI_dominion2;Sakura Minamoto Autonomous Federation;;;;;;;;;;;;;x
UTI_dominion3;Sakura Minamoto Crown Dependency;;;;;;;;;;;;;x
UTI_hms_government;Sakura Minamoto Constitutional Kingdom;;;;;;;;;;;;;x
UTI_hms_government2;Sakura Minamoto Parliamentary Cabinet;;;;;;;;;;;;;x
UTI_prussian_constitutionalism;Sakura Minamoto Privy Council;;;;;;;;;;;;;x
UTI_prussian_constitutionalism2;Sakura Minamoto Royal Advisory Council;;;;;;;;;;;;;x
UTI_theocracy;Sakura Minamoto Ecclesiastical Union;;;;;;;;;;;;;x
UTI_trade_unions_congress;Sakura Minamoto Trade Union Congress;;;;;;;;;;;;;x
UUW_absolute_monarchy;Ussuwi Kingdom;;;;;;;;;;;;;x
UUW_absolute_monarchy2;Ussuwi Hereditary Kingdom;;;;;;;;;;;;;x
UUW_colonial_company;Ussuwi Chartered Company Territory;;;;;;;;;;;;;x
UUW_democracy;Ussuwi Republic;;;;;;;;;;;;;x
UUW_democracy2;Ussuwi Parliamentary Republic;;;;;;;;;;;;;x
UUW_dominion;Ussuwi Protectorate;;;;;;;;;;;;;x
UUW_dominion2;Ussuwi Union of Autonomous States;;;;;;;;;;;;;x
UUW_dominion3;Ussuwi Royal Protectorate;;;;;;;;;;;;;x
UUW_hms_government;Ussuwi Constitutional Kingdom;;;;;;;;;;;;;x
UUW_hms_government2;Ussuwi Parliamentary Cabinet;;;;;;;;;;;;;x
UUW_prussian_constitutionalism;Ussuwi Royal Council of Elders;;;;;;;;;;;;;x
UUW_prussian_constitutionalism2;Ussuwi Council of Elder Chiefs;;;;;;;;;;;;;x
UUW_theocracy;Ussuwi Priestly State;;;;;;;;;;;;;x
UUW_trade_unions_congress;Ussuwi Trade Union Confederation;;;;;;;;;;;;;x
UVT_absolute_monarchy;Saratoga Kingdom;;;;;;;;;;;;;x
UVT_absolute_monarchy2;Saratoga Hereditary Kingdom;;;;;;;;;;;;;x
UVT_democracy2;Saratoga Parliamentary Republic;;;;;;;;;;;;;x
UVT_dominion2;Saratoga Autonomous Federation;;;;;;;;;;;;;x
UVT_dominion3;Saratoga Crown Dependency;;;;;;;;;;;;;x
UVT_hms_government;Saratoga Constitutional Kingdom;;;;;;;;;;;;;x
UVT_hms_government2;Saratoga Parliamentary Cabinet;;;;;;;;;;;;;x
UVT_prussian_constitutionalism;Saratoga Royal Parliament;;;;;;;;;;;;;x
UVT_prussian_constitutionalism2;Saratoga Royal Advisory Council;;;;;;;;;;;;;x
UVT_theocracy;Saratoga Ecclesiastical Union;;;;;;;;;;;;;x
UVT_trade_unions_congress;Saratoga Federation of Industrial Unions;;;;;;;;;;;;;x
UYG_absolute_monarchy2;Lan Yan Hereditary Khanate;;;;;;;;;;;;;x
UYG_colonial_company;Lan Yan Trading Company Territory;;;;;;;;;;;;;x
UYG_democracy;Lan Yan Republic;;;;;;;;;;;;;x
UYG_democracy2;Lan Yan Parliamentary Republic;;;;;;;;;;;;;x
UYG_dominion;Lan Yan Dominion;;;;;;;;;;;;;x
UYG_dominion2;Lan Yan Autonomous Federation;;;;;;;;;;;;;x
UYG_dominion3;Lan Yan Protected Emirate;;;;;;;;;;;;;x
UYG_hms_government2;Lan Yan Parliamentary Cabinet;;;;;;;;;;;;;x
UYG_prussian_constitutionalism2;Lan Yan Council of Nobles;;;;;;;;;;;;;x
UYG_theocracy;Lan Yan Imamate;;;;;;;;;;;;;x
UYG_trade_unions_congress;Lan Yan Workers' Council;;;;;;;;;;;;;x
UZB_absolute_monarchy;Bubble Khanate;;;;;;;;;;;;;x
UZB_absolute_monarchy2;Bubble Hereditary Khanate;;;;;;;;;;;;;x
UZB_colonial_company;Bubble Trading Company Territory;;;;;;;;;;;;;x
UZB_democracy;Bubble Republic;;;;;;;;;;;;;x
UZB_democracy2;Bubble Parliamentary Republic;;;;;;;;;;;;;x
UZB_dominion;Bubble Dominion;;;;;;;;;;;;;x
UZB_dominion2;Bubble Autonomous Federation;;;;;;;;;;;;;x
UZB_dominion3;Bubble Protected Emirate;;;;;;;;;;;;;x
UZB_hms_government;Bubble Constitutional Khanate;;;;;;;;;;;;;x
UZB_hms_government2;Bubble Parliamentary Cabinet;;;;;;;;;;;;;x
UZB_prussian_constitutionalism;Bubble Khanate Council;;;;;;;;;;;;;x
UZB_prussian_constitutionalism2;Bubble Council of Nobles;;;;;;;;;;;;;x
UZB_theocracy;Bubble Imamate;;;;;;;;;;;;;x
UZB_trade_unions_congress;Bubble Workers' Council;;;;;;;;;;;;;x
VAN_absolute_monarchy;New Jersey Kingdom;;;;;;;;;;;;;x
VAN_absolute_monarchy2;New Jersey Hereditary Kingdom;;;;;;;;;;;;;x
VAN_democracy;New Jersey Republic;;;;;;;;;;;;;x
VAN_democracy2;New Jersey Parliamentary Republic;;;;;;;;;;;;;x
VAN_dominion2;New Jersey Autonomous Federation;;;;;;;;;;;;;x
VAN_dominion3;New Jersey Crown Dependency;;;;;;;;;;;;;x
VAN_hms_government;New Jersey Constitutional Kingdom;;;;;;;;;;;;;x
VAN_hms_government2;New Jersey Parliamentary Cabinet;;;;;;;;;;;;;x
VAN_prussian_constitutionalism;New Jersey Privy Council;;;;;;;;;;;;;x
VAN_prussian_constitutionalism2;New Jersey Royal Advisory Council;;;;;;;;;;;;;x
VAN_theocracy;New Jersey Ecclesiastical Union;;;;;;;;;;;;;x
VAN_trade_unions_congress;New Jersey Trade Union Congress;;;;;;;;;;;;;x
VEN_absolute_monarchy;Saint-louis Duchy;;;;;;;;;;;;;x
VEN_absolute_monarchy2;Saint-louis Hereditary Duchy;;;;;;;;;;;;;x
VEN_colonial_company;Saint-louis Chartered Company Territory;;;;;;;;;;;;;x
VEN_democracy2;Saint-louis Parliamentary Republic;;;;;;;;;;;;;x
VEN_dominion;Saint-louis Dominion;;;;;;;;;;;;;x
VEN_dominion2;Saint-louis Autonomous Federation;;;;;;;;;;;;;x
VEN_dominion3;Saint-louis Crown Dependency;;;;;;;;;;;;;x
VEN_hms_government;Saint-louis Constitutional Duchy;;;;;;;;;;;;;x
VEN_hms_government2;Saint-louis Parliamentary Cabinet;;;;;;;;;;;;;x
VEN_prussian_constitutionalism;Saint-louis Royal Senate;;;;;;;;;;;;;x
VEN_prussian_constitutionalism2;Saint-louis Royal Advisory Council;;;;;;;;;;;;;x
VEN_theocracy;Saint-louis Bishopric;;;;;;;;;;;;;x
VEN_trade_unions_congress;Saint-louis Federation of Guilds;;;;;;;;;;;;;x
VLG_absolute_monarchy2;Z1 Leberecht Maass Hereditary Duchy;;;;;;;;;;;;;x
VLG_colonial_company;Z1 Leberecht Maass Chartered Company Territory;;;;;;;;;;;;;x
VLG_democracy2;Z1 Leberecht Maass City Republic;;;;;;;;;;;;;x
VLG_dominion;Z1 Leberecht Maass Dominion;;;;;;;;;;;;;x
VLG_dominion2;Z1 Leberecht Maass Autonomous Federation;;;;;;;;;;;;;x
VLG_dominion3;Z1 Leberecht Maass Crown Territory;;;;;;;;;;;;;x
VLG_hms_government2;Z1 Leberecht Maass Territorial Cabinet;;;;;;;;;;;;;x
VLG_prussian_constitutionalism2;Z1 Leberecht Maass Council of Princes;;;;;;;;;;;;;x
VLG_theocracy;Z1 Leberecht Maass Ecclesiastical Union;;;;;;;;;;;;;x
VLG_trade_unions_congress;Z1 Leberecht Maass Workers' Council;;;;;;;;;;;;;x
VLK_absolute_monarchy2;South Africa Hereditary Kingdom;;;;;;;;;;;;;x
VLK_democracy;South African Republic;;;;;;;;;;;;;x
VLK_democracy2;South Africa Citizens' Assembly;;;;;;;;;;;;;x
VLK_dominion2;South Africa Autonomous Federation;;;;;;;;;;;;;x
VLK_dominion3;South Africa Crown Dependency;;;;;;;;;;;;;x
VLK_hms_government2;South Africa Parliamentary Cabinet;;;;;;;;;;;;;x
VLK_prussian_constitutionalism2;South Africa Royal Advisory Council;;;;;;;;;;;;;x
VLK_theocracy;South Africa Ecclesiastical Union;;;;;;;;;;;;;x
VLK_trade_unions_congress;South Africa Trade Union Confederation;;;;;;;;;;;;;x
VLP_absolute_monarchy;Habetrot Kingdom;;;;;;;;;;;;;x
VLP_absolute_monarchy2;Habetrot Hereditary Kingdom;;;;;;;;;;;;;x
VLP_democracy;Habetrot Republic;;;;;;;;;;;;;x
VLP_democracy2;Habetrot Parliamentary Republic;;;;;;;;;;;;;x
VLP_dominion2;Habetrot Autonomous Federation;;;;;;;;;;;;;x
VLP_dominion3;Habetrot Crown Dependency;;;;;;;;;;;;;x
VLP_hms_government;Habetrot Constitutional Kingdom;;;;;;;;;;;;;x
VLP_hms_government2;Habetrot Parliamentary Cabinet;;;;;;;;;;;;;x
VLP_prussian_constitutionalism;Habetrot Royal Council;;;;;;;;;;;;;x
VLP_prussian_constitutionalism2;Habetrot Royal Advisory Council;;;;;;;;;;;;;x
VLP_theocracy;Habetrot Bishopric;;;;;;;;;;;;;x
VLP_trade_unions_congress;Habetrot General Workers' Confederation;;;;;;;;;;;;;x
VNG_absolute_monarchy;Nagao Kagetora Kingdom;;;;;;;;;;;;;x
VNG_absolute_monarchy2;Nagao Kagetora Hereditary Kingdom;;;;;;;;;;;;;x
VNG_democracy;Nagao Kagetora Republic;;;;;;;;;;;;;x
VNG_democracy2;Nagao Kagetora Parliamentary Republic;;;;;;;;;;;;;x
VNG_dominion2;Nagao Kagetora Autonomous Federation;;;;;;;;;;;;;x
VNG_dominion3;Nagao Kagetora Crown Dependency;;;;;;;;;;;;;x
VNG_hms_government;Nagao Kagetora Constitutional Kingdom;;;;;;;;;;;;;x
VNG_hms_government2;Nagao Kagetora Parliamentary Cabinet;;;;;;;;;;;;;x
VNG_prussian_constitutionalism;Nagao Kagetora Royal Council;;;;;;;;;;;;;x
VNG_prussian_constitutionalism2;Nagao Kagetora Royal Advisory Council;;;;;;;;;;;;;x
VNG_theocracy;Nagao Kagetora Bishopric;;;;;;;;;;;;;x
VNG_trade_unions_congress;Nagao Kagetora General Workers' Confederation;;;;;;;;;;;;;x
VNS_absolute_monarchy;Ibaraki Douji Kingdom;;;;;;;;;;;;;x
VNS_absolute_monarchy2;Ibaraki Douji Hereditary Kingdom;;;;;;;;;;;;;x
VNS_democracy;Ibaraki Douji Republic;;;;;;;;;;;;;x
VNS_democracy2;Ibaraki Douji Parliamentary Republic;;;;;;;;;;;;;x
VNS_dominion2;Ibaraki Douji Autonomous Federation;;;;;;;;;;;;;x
VNS_dominion3;Ibaraki Douji Crown Dependency;;;;;;;;;;;;;x
VNS_hms_government;Ibaraki Douji Constitutional Kingdom;;;;;;;;;;;;;x
VNS_hms_government2;Ibaraki Douji Parliamentary Cabinet;;;;;;;;;;;;;x
VNS_prussian_constitutionalism;Ibaraki Douji Royal Council;;;;;;;;;;;;;x
VNS_prussian_constitutionalism2;Ibaraki Douji Royal Advisory Council;;;;;;;;;;;;;x
VNS_theocracy;Ibaraki Douji Bishopric;;;;;;;;;;;;;x
VNS_trade_unions_congress;Ibaraki Douji General Workers' Confederation;;;;;;;;;;;;;x
VNZ_absolute_monarchy;Venezuela Kingdom;;;;;;;;;;;;;x
VNZ_absolute_monarchy2;Venezuela Hereditary Kingdom;;;;;;;;;;;;;x
VNZ_colonial_company;Venezuela Chartered Company Territory;;;;;;;;;;;;;x
VNZ_democracy;Venezuela Republic;;;;;;;;;;;;;x
VNZ_democracy2;Venezuela Parliamentary Republic;;;;;;;;;;;;;x
VNZ_dominion;Venezuela Dominion;;;;;;;;;;;;;x
VNZ_dominion2;Venezuela Autonomous Federation;;;;;;;;;;;;;x
VNZ_dominion3;Venezuela Crown Dependency;;;;;;;;;;;;;x
VNZ_hms_government;Venezuela Constitutional Kingdom;;;;;;;;;;;;;x
VNZ_hms_government2;Venezuela Parliamentary Cabinet;;;;;;;;;;;;;x
VNZ_prussian_constitutionalism;Venezuela Royal Council;;;;;;;;;;;;;x
VNZ_prussian_constitutionalism2;Venezuela Royal Advisory Council;;;;;;;;;;;;;x
VNZ_theocracy;Venezuela Bishopric;;;;;;;;;;;;;x
VNZ_trade_unions_congress;Venezuela General Workers' Confederation;;;;;;;;;;;;;x
VOJ_absolute_monarchy;Hoshiguma Kingdom;;;;;;;;;;;;;x
VOJ_absolute_monarchy2;Hoshiguma Hereditary Kingdom;;;;;;;;;;;;;x
VOJ_democracy;Hoshiguma Republic;;;;;;;;;;;;;x
VOJ_democracy2;Hoshiguma Parliamentary Republic;;;;;;;;;;;;;x
VOJ_dominion;Hoshiguma Dominion;;;;;;;;;;;;;x
VOJ_dominion2;Hoshiguma Autonomous Federation;;;;;;;;;;;;;x
VOJ_dominion3;Hoshiguma Crown Dependency;;;;;;;;;;;;;x
VOJ_hms_government;Hoshiguma Constitutional Kingdom;;;;;;;;;;;;;x
VOJ_hms_government2;Hoshiguma Parliamentary Cabinet;;;;;;;;;;;;;x
VOJ_prussian_constitutionalism;Hoshiguma Royal Council;;;;;;;;;;;;;x
VOJ_prussian_constitutionalism2;Hoshiguma Royal Advisory Council;;;;;;;;;;;;;x
VOJ_theocracy;Hoshiguma Bishopric;;;;;;;;;;;;;x
VOJ_trade_unions_congress;Hoshiguma Workers' Council;;;;;;;;;;;;;x
VOP_absolute_monarchy;Space Ishtar Kingdom;;;;;;;;;;;;;x
VOP_absolute_monarchy2;Space Ishtar Hereditary Kingdom;;;;;;;;;;;;;x
VOP_democracy;Space Ishtar Republic;;;;;;;;;;;;;x
VOP_democracy2;Space Ishtar Parliamentary Republic;;;;;;;;;;;;;x
VOP_dominion2;Space Ishtar Autonomous Federation;;;;;;;;;;;;;x
VOP_dominion3;Space Ishtar Crown Dependency;;;;;;;;;;;;;x
VOP_hms_government;Space Ishtar Constitutional Kingdom;;;;;;;;;;;;;x
VOP_hms_government2;Space Ishtar Parliamentary Cabinet;;;;;;;;;;;;;x
VOP_prussian_constitutionalism;Space Ishtar Royal Council;;;;;;;;;;;;;x
VOP_prussian_constitutionalism2;Space Ishtar Royal Advisory Council;;;;;;;;;;;;;x
VOP_theocracy;Space Ishtar Bishopric;;;;;;;;;;;;;x
VOP_trade_unions_congress;Space Ishtar General Workers' Confederation;;;;;;;;;;;;;x
VTU_absolute_monarchy;Sivatherium Kingdom;;;;;;;;;;;;;x
VTU_absolute_monarchy2;Sivatherium Hereditary Kingdom;;;;;;;;;;;;;x
VTU_democracy;Sivatherium Republic;;;;;;;;;;;;;x
VTU_democracy2;Sivatherium Parliamentary Republic;;;;;;;;;;;;;x
VTU_dominion2;Sivatherium Union of Autonomous States;;;;;;;;;;;;;x
VTU_dominion3;Sivatherium Royal Protectorate;;;;;;;;;;;;;x
VTU_hms_government;Sivatherium Constitutional Kingdom;;;;;;;;;;;;;x
VTU_hms_government2;Sivatherium Parliamentary Cabinet;;;;;;;;;;;;;x
VTU_prussian_constitutionalism;Sivatherium Council of Chiefs;;;;;;;;;;;;;x
VTU_prussian_constitutionalism2;Sivatherium Council of Elder Chiefs;;;;;;;;;;;;;x
VTU_theocracy;Sivatherium Ecclesiastical Union;;;;;;;;;;;;;x
VTU_trade_unions_congress;Sivatherium Trade Union Confederation;;;;;;;;;;;;;x
WAD_absolute_monarchy2;Wadai Hereditary Sultanate;;;;;;;;;;;;;x
WAD_colonial_company;Wadai Trading Company Territory;;;;;;;;;;;;;x
WAD_democracy;Wadai Republic;;;;;;;;;;;;;x
WAD_democracy2;Wadai Parliamentary Republic;;;;;;;;;;;;;x
WAD_dominion;Wadai Dominion;;;;;;;;;;;;;x
WAD_dominion2;Wadai Autonomous Federation;;;;;;;;;;;;;x
WAD_dominion3;Wadai Protected Emirate;;;;;;;;;;;;;x
WAD_hms_government2;Wadai Parliamentary Cabinet;;;;;;;;;;;;;x
WAD_prussian_constitutionalism2;Wadai Council of Nobles;;;;;;;;;;;;;x
WAD_theocracy;Wadai Imamate;;;;;;;;;;;;;x
WAD_trade_unions_congress;Wadai General Confederation of Trade Unions;;;;;;;;;;;;;x
WAL_absolute_monarchy;Valerie Tepes Duchy;;;;;;;;;;;;;x
WAL_absolute_monarchy2;Valerie Tepes Hereditary Duchy;;;;;;;;;;;;;x
WAL_colonial_company;Valerie Tepes Chartered Company Territory;;;;;;;;;;;;;x
WAL_democracy;Valerie Tepes Republic;;;;;;;;;;;;;x
WAL_democracy2;Valerie Tepes Parliamentary Republic;;;;;;;;;;;;;x
WAL_dominion;Valerie Tepes Dominion;;;;;;;;;;;;;x
WAL_dominion2;Valerie Tepes Autonomous Federation;;;;;;;;;;;;;x
WAL_dominion3;Valerie Tepes Crown Dependency;;;;;;;;;;;;;x
WAL_hms_government;Valerie Tepes Constitutional Duchy;;;;;;;;;;;;;x
WAL_hms_government2;Valerie Tepes Parliamentary Cabinet;;;;;;;;;;;;;x
WAL_prussian_constitutionalism;Valerie Tepes Royal Council;;;;;;;;;;;;;x
WAL_prussian_constitutionalism2;Valerie Tepes Royal Advisory Council;;;;;;;;;;;;;x
WAL_theocracy;Valerie Tepes Patriarchate;;;;;;;;;;;;;x
WAL_trade_unions_congress;Valerie Tepes Workers' Council;;;;;;;;;;;;;x
WAN_absolute_monarchy;Wanga Kingdom;;;;;;;;;;;;;x
WAN_absolute_monarchy2;Wanga Hereditary Kingdom;;;;;;;;;;;;;x
WAN_colonial_company;Wanga Chartered Company Territory;;;;;;;;;;;;;x
WAN_democracy;Wanga Republic;;;;;;;;;;;;;x
WAN_democracy2;Wanga Parliamentary Republic;;;;;;;;;;;;;x
WAN_dominion;Wanga Protectorate;;;;;;;;;;;;;x
WAN_dominion2;Wanga Union of Autonomous States;;;;;;;;;;;;;x
WAN_dominion3;Wanga Royal Protectorate;;;;;;;;;;;;;x
WAN_hms_government;Wanga Constitutional Kingdom;;;;;;;;;;;;;x
WAN_hms_government2;Wanga Parliamentary Cabinet;;;;;;;;;;;;;x
WAN_prussian_constitutionalism;Wanga Royal Council of Elders;;;;;;;;;;;;;x
WAN_prussian_constitutionalism2;Wanga Council of Elder Chiefs;;;;;;;;;;;;;x
WAN_theocracy;Wanga Priestly State;;;;;;;;;;;;;x
WAN_trade_unions_congress;Wanga Trade Union Confederation;;;;;;;;;;;;;x
WAS_absolute_monarchy;Chito Monarchy;;;;;;;;;;;;;x
WAS_absolute_monarchy2;Chito Dynasty;;;;;;;;;;;;;x
WAS_colonial_company;Chito Chartered Company Territory;;;;;;;;;;;;;x
WAS_democracy;Chito Autonomous Republic;;;;;;;;;;;;;x
WAS_democracy2;Chito Parliamentary Republic;;;;;;;;;;;;;x
WAS_dominion;Chito Dominion;;;;;;;;;;;;;x
WAS_dominion2;Chito Autonomous Federation;;;;;;;;;;;;;x
WAS_dominion3;Chito Crown Dependency;;;;;;;;;;;;;x
WAS_hms_government;Chito Constitutional Monarchy;;;;;;;;;;;;;x
WAS_hms_government2;Chito Parliamentary Cabinet;;;;;;;;;;;;;x
WAS_prussian_constitutionalism;Chito Monarchical Council;;;;;;;;;;;;;x
WAS_prussian_constitutionalism2;Chito Royal Advisory Council;;;;;;;;;;;;;x
WAS_theocracy;Chito Theocracy;;;;;;;;;;;;;x
WAS_trade_unions_congress;Chito Trade Union Confederation;;;;;;;;;;;;;x
WEI_absolute_monarchy2;Daiwa Scarlet Hereditary Grand Duchy;;;;;;;;;;;;;x
WEI_democracy2;Daiwa Scarlet City Republic;;;;;;;;;;;;;x
WEI_dominion2;Daiwa Scarlet Autonomous Federation;;;;;;;;;;;;;x
WEI_dominion3;Daiwa Scarlet Crown Territory;;;;;;;;;;;;;x
WEI_hms_government2;Daiwa Scarlet Territorial Cabinet;;;;;;;;;;;;;x
WEI_prussian_constitutionalism2;Daiwa Scarlet Council of Princes;;;;;;;;;;;;;x
WEI_theocracy;Daiwa Scarlet Ecclesiastical Union;;;;;;;;;;;;;x
WEI_trade_unions_congress;Daiwa Scarlet Workers' Council;;;;;;;;;;;;;x
WES_absolute_monarchy;T.m. Opera O Duchy;;;;;;;;;;;;;x
WES_absolute_monarchy2;T.m. Opera O Hereditary Duchy;;;;;;;;;;;;;x
WES_colonial_company;T.m. Opera O Chartered Company Territory;;;;;;;;;;;;;x
WES_democracy;T.m. Opera O Free State;;;;;;;;;;;;;x
WES_democracy2;T.m. Opera O City Republic;;;;;;;;;;;;;x
WES_dominion;T.m. Opera O Dominion;;;;;;;;;;;;;x
WES_dominion2;T.m. Opera O Autonomous Federation;;;;;;;;;;;;;x
WES_dominion3;T.m. Opera O Crown Territory;;;;;;;;;;;;;x
WES_hms_government;T.m. Opera O Constitutional Duchy;;;;;;;;;;;;;x
WES_hms_government2;T.m. Opera O Territorial Cabinet;;;;;;;;;;;;;x
WES_prussian_constitutionalism;T.m. Opera O Territorial Diet;;;;;;;;;;;;;x
WES_prussian_constitutionalism2;T.m. Opera O Council of Princes;;;;;;;;;;;;;x
WES_theocracy;T.m. Opera O Bishopric;;;;;;;;;;;;;x
WES_trade_unions_congress;T.m. Opera O Workers' Council;;;;;;;;;;;;;x
WHA_absolute_monarchy;Koharu Kingdom;;;;;;;;;;;;;x
WHA_absolute_monarchy2;Koharu Hereditary Kingdom;;;;;;;;;;;;;x
WHA_colonial_company;Koharu Chartered Company Territory;;;;;;;;;;;;;x
WHA_democracy;Koharu Republic;;;;;;;;;;;;;x
WHA_democracy2;Koharu Parliamentary Republic;;;;;;;;;;;;;x
WHA_dominion;Koharu Dominion;;;;;;;;;;;;;x
WHA_dominion2;Koharu Autonomous Federation;;;;;;;;;;;;;x
WHA_dominion3;Koharu Crown Dependency;;;;;;;;;;;;;x
WHA_hms_government;Koharu Constitutional Kingdom;;;;;;;;;;;;;x
WHA_hms_government2;Koharu Parliamentary Cabinet;;;;;;;;;;;;;x
WHA_prussian_constitutionalism;Koharu Privy Council;;;;;;;;;;;;;x
WHA_prussian_constitutionalism2;Koharu Royal Advisory Council;;;;;;;;;;;;;x
WHA_theocracy;Koharu Ecclesiastical Union;;;;;;;;;;;;;x
WHA_trade_unions_congress;Koharu Trade Union Congress;;;;;;;;;;;;;x
WIA_absolute_monarchy;Ptilopsis Kingdom;;;;;;;;;;;;;x
WIA_absolute_monarchy2;Ptilopsis Hereditary Kingdom;;;;;;;;;;;;;x
WIA_colonial_company;Ptilopsis Chartered Company Territory;;;;;;;;;;;;;x
WIA_democracy;Ptilopsis Republic;;;;;;;;;;;;;x
WIA_democracy2;Ptilopsis Parliamentary Republic;;;;;;;;;;;;;x
WIA_dominion;Ptilopsis Dominion;;;;;;;;;;;;;x
WIA_dominion2;Ptilopsis Autonomous Federation;;;;;;;;;;;;;x
WIA_dominion3;Ptilopsis Crown Dependency;;;;;;;;;;;;;x
WIA_hms_government;Ptilopsis Constitutional Kingdom;;;;;;;;;;;;;x
WIA_hms_government2;Ptilopsis Parliamentary Cabinet;;;;;;;;;;;;;x
WIA_prussian_constitutionalism;Ptilopsis Royal Council;;;;;;;;;;;;;x
WIA_prussian_constitutionalism2;Ptilopsis Royal Advisory Council;;;;;;;;;;;;;x
WIA_theocracy;Ptilopsis Sangha State;;;;;;;;;;;;;x
WIA_trade_unions_congress;Ptilopsis Trade Union Confederation;;;;;;;;;;;;;x
WIN_absolute_monarchy;Alpaca Suri Kingdom;;;;;;;;;;;;;x
WIN_absolute_monarchy2;Alpaca Suri Hereditary Kingdom;;;;;;;;;;;;;x
WIN_democracy;Alpaca Suri Republic;;;;;;;;;;;;;x
WIN_democracy2;Alpaca Suri Parliamentary Republic;;;;;;;;;;;;;x
WIN_dominion2;Alpaca Suri Autonomous Federation;;;;;;;;;;;;;x
WIN_dominion3;Alpaca Suri Crown Dependency;;;;;;;;;;;;;x
WIN_hms_government2;Alpaca Suri Parliamentary Cabinet;;;;;;;;;;;;;x
WIN_prussian_constitutionalism;Alpaca Suri Royal Council;;;;;;;;;;;;;x
WIN_prussian_constitutionalism2;Alpaca Suri Royal Advisory Council;;;;;;;;;;;;;x
WIN_theocracy;Alpaca Suri Ecclesiastical Union;;;;;;;;;;;;;x
WIN_trade_unions_congress;Alpaca Suri General Workers' Confederation;;;;;;;;;;;;;x
WLD_absolute_monarchy2;Nice Nature Hereditary Principality;;;;;;;;;;;;;x
WLD_democracy2;Nice Nature City Republic;;;;;;;;;;;;;x
WLD_dominion2;Nice Nature Autonomous Federation;;;;;;;;;;;;;x
WLD_dominion3;Nice Nature Crown Territory;;;;;;;;;;;;;x
WLD_hms_government2;Nice Nature Territorial Cabinet;;;;;;;;;;;;;x
WLD_prussian_constitutionalism2;Nice Nature Council of Princes;;;;;;;;;;;;;x
WLD_theocracy;Nice Nature Ecclesiastical Union;;;;;;;;;;;;;x
WLD_trade_unions_congress;Nice Nature Workers' Council;;;;;;;;;;;;;x
WLL_absolute_monarchy;Amber Kingdom;;;;;;;;;;;;;x
WLL_absolute_monarchy2;Amber Hereditary Kingdom;;;;;;;;;;;;;x
WLL_colonial_company;Amber Chartered Company Territory;;;;;;;;;;;;;x
WLL_democracy;Amber Republic;;;;;;;;;;;;;x
WLL_democracy2;Amber Parliamentary Republic;;;;;;;;;;;;;x
WLL_dominion;Amber Dominion;;;;;;;;;;;;;x
WLL_dominion2;Amber Autonomous Federation;;;;;;;;;;;;;x
WLL_dominion3;Amber Crown Dependency;;;;;;;;;;;;;x
WLL_hms_government;Amber Constitutional Kingdom;;;;;;;;;;;;;x
WLL_hms_government2;Amber Parliamentary Cabinet;;;;;;;;;;;;;x
WLL_prussian_constitutionalism;Amber Royal Council of State;;;;;;;;;;;;;x
WLL_prussian_constitutionalism2;Amber Royal Advisory Council;;;;;;;;;;;;;x
WLL_theocracy;Amber Bishopric;;;;;;;;;;;;;x
WLL_trade_unions_congress;Amber General Labor Confederation;;;;;;;;;;;;;x
WOL_absolute_monarchy2;Wolof Hereditary Sultanate;;;;;;;;;;;;;x
WOL_colonial_company;Wolof Trading Company Territory;;;;;;;;;;;;;x
WOL_democracy;Wolof Republic;;;;;;;;;;;;;x
WOL_democracy2;Wolof Parliamentary Republic;;;;;;;;;;;;;x
WOL_dominion;Wolof Dominion;;;;;;;;;;;;;x
WOL_dominion2;Wolof Autonomous Federation;;;;;;;;;;;;;x
WOL_dominion3;Wolof Protected Emirate;;;;;;;;;;;;;x
WOL_hms_government2;Wolof Parliamentary Cabinet;;;;;;;;;;;;;x
WOL_prussian_constitutionalism2;Wolof Council of Nobles;;;;;;;;;;;;;x
WOL_trade_unions_congress;Wolof General Confederation of Trade Unions;;;;;;;;;;;;;x
WRI_absolute_monarchy;Warri Kingdom;;;;;;;;;;;;;x
WRI_absolute_monarchy2;Warri Hereditary Kingdom;;;;;;;;;;;;;x
WRI_colonial_company;Warri Chartered Company Territory;;;;;;;;;;;;;x
WRI_democracy;Warri Republic;;;;;;;;;;;;;x
WRI_democracy2;Warri Parliamentary Republic;;;;;;;;;;;;;x
WRI_dominion;Warri Protectorate;;;;;;;;;;;;;x
WRI_dominion2;Warri Union of Autonomous States;;;;;;;;;;;;;x
WRI_dominion3;Warri Royal Protectorate;;;;;;;;;;;;;x
WRI_hms_government;Warri Constitutional Kingdom;;;;;;;;;;;;;x
WRI_hms_government2;Warri Parliamentary Cabinet;;;;;;;;;;;;;x
WRI_prussian_constitutionalism;Warri Royal Council of Elders;;;;;;;;;;;;;x
WRI_prussian_constitutionalism2;Warri Council of Elder Chiefs;;;;;;;;;;;;;x
WRI_theocracy;Warri Priestly State;;;;;;;;;;;;;x
WRI_trade_unions_congress;Warri Trade Union Confederation;;;;;;;;;;;;;x
WRL_absolute_monarchy;Warsangali Sultanate;;;;;;;;;;;;;x
WRL_absolute_monarchy2;Warsangali Hereditary Sultanate;;;;;;;;;;;;;x
WRL_colonial_company;Warsangali Trading Company Territory;;;;;;;;;;;;;x
WRL_democracy;Warsangali Republic;;;;;;;;;;;;;x
WRL_democracy2;Warsangali Parliamentary Republic;;;;;;;;;;;;;x
WRL_dominion;Warsangali Dominion;;;;;;;;;;;;;x
WRL_dominion2;Warsangali Autonomous Federation;;;;;;;;;;;;;x
WRL_dominion3;Warsangali Protected Emirate;;;;;;;;;;;;;x
WRL_hms_government;Warsangali Constitutional Sultanate;;;;;;;;;;;;;x
WRL_hms_government2;Warsangali Parliamentary Cabinet;;;;;;;;;;;;;x
WRL_prussian_constitutionalism;Warsangali Sultan's Council;;;;;;;;;;;;;x
WRL_prussian_constitutionalism2;Warsangali Council of Nobles;;;;;;;;;;;;;x
WRL_theocracy;Warsangali Imamate;;;;;;;;;;;;;x
WRL_trade_unions_congress;Warsangali Trade Union Confederation;;;;;;;;;;;;;x
WSF_absolute_monarchy;Tosa Kingdom;;;;;;;;;;;;;x
WSF_absolute_monarchy2;Tosa Hereditary Kingdom;;;;;;;;;;;;;x
WSF_colonial_company;Tosa Chartered Company Territory;;;;;;;;;;;;;x
WSF_democracy;Tosa Republic;;;;;;;;;;;;;x
WSF_democracy2;Tosa Parliamentary Republic;;;;;;;;;;;;;x
WSF_dominion;Tosa Dominion;;;;;;;;;;;;;x
WSF_dominion2;Tosa Autonomous Federation;;;;;;;;;;;;;x
WSF_dominion3;Tosa Crown Dependency;;;;;;;;;;;;;x
WSF_hms_government;Tosa Constitutional Kingdom;;;;;;;;;;;;;x
WSF_hms_government2;Tosa Parliamentary Cabinet;;;;;;;;;;;;;x
WSF_prussian_constitutionalism;Tosa Sejm;;;;;;;;;;;;;x
WSF_prussian_constitutionalism2;Tosa Royal Advisory Council;;;;;;;;;;;;;x
WSF_theocracy;Tosa Bishopric;;;;;;;;;;;;;x
WSF_trade_unions_congress;Tosa Workers' Council;;;;;;;;;;;;;x
WUR_absolute_monarchy2;Tracen Hereditary Kingdom;;;;;;;;;;;;;x
WUR_democracy2;Tracen City Republic;;;;;;;;;;;;;x
WUR_dominion2;Tracen Autonomous Federation;;;;;;;;;;;;;x
WUR_dominion3;Tracen Crown Territory;;;;;;;;;;;;;x
WUR_hms_government2;Tracen Territorial Cabinet;;;;;;;;;;;;;x
WUR_prussian_constitutionalism2;Tracen Council of Princes;;;;;;;;;;;;;x
WUR_theocracy;Tracen Bishopric;;;;;;;;;;;;;x
WUR_trade_unions_congress;Tracen Workers' Council;;;;;;;;;;;;;x
XBI_absolute_monarchy;Feixiao Imperial Dynasty;;;;;;;;;;;;;x
XBI_absolute_monarchy2;Feixiao Imperial Court;;;;;;;;;;;;;x
XBI_colonial_company;Feixiao Concession;;;;;;;;;;;;;x
XBI_democracy;Feixiao Republic;;;;;;;;;;;;;x
XBI_democracy2;Feixiao Federal Republic;;;;;;;;;;;;;x
XBI_dominion;Feixiao Autonomous Province;;;;;;;;;;;;;x
XBI_dominion2;Feixiao Federal Government;;;;;;;;;;;;;x
XBI_dominion3;Feixiao Tributary Territory;;;;;;;;;;;;;x
XBI_hms_government;Feixiao Responsible Cabinet;;;;;;;;;;;;;x
XBI_hms_government2;Feixiao Parliamentary Cabinet;;;;;;;;;;;;;x
XBI_prussian_constitutionalism;Feixiao Advisory Council;;;;;;;;;;;;;x
XBI_prussian_constitutionalism2;Feixiao State Advisory Council;;;;;;;;;;;;;x
XBI_theocracy;Feixiao Imamate;;;;;;;;;;;;;x
XBI_trade_unions_congress;Feixiao General Labor Union;;;;;;;;;;;;;x
XHO_absolute_monarchy;Xhosa Kingdom;;;;;;;;;;;;;x
XHO_absolute_monarchy2;Xhosa Hereditary Kingdom;;;;;;;;;;;;;x
XHO_colonial_company;Xhosa Chartered Company Territory;;;;;;;;;;;;;x
XHO_democracy2;Xhosa Parliamentary Republic;;;;;;;;;;;;;x
XHO_dominion;Xhosa Protectorate;;;;;;;;;;;;;x
XHO_dominion2;Xhosa Union of Autonomous States;;;;;;;;;;;;;x
XHO_dominion3;Xhosa Royal Protectorate;;;;;;;;;;;;;x
XHO_hms_government;Xhosa Constitutional Kingdom;;;;;;;;;;;;;x
XHO_hms_government2;Xhosa Parliamentary Cabinet;;;;;;;;;;;;;x
XHO_prussian_constitutionalism;Xhosa Royal Council of Elders;;;;;;;;;;;;;x
XHO_prussian_constitutionalism2;Xhosa Council of Elder Chiefs;;;;;;;;;;;;;x
XHO_theocracy;Xhosa Priestly State;;;;;;;;;;;;;x
XHO_trade_unions_congress;Xhosa Trade Union Confederation;;;;;;;;;;;;;x
XIN_absolute_monarchy;Xianzhou Alliance Imperial Dynasty;;;;;;;;;;;;;x
XIN_absolute_monarchy2;Xianzhou Alliance Imperial Court;;;;;;;;;;;;;x
XIN_colonial_company;Xianzhou Alliance Concession;;;;;;;;;;;;;x
XIN_democracy;Xianzhou Alliance Republic;;;;;;;;;;;;;x
XIN_democracy2;Xianzhou Alliance Federal Republic;;;;;;;;;;;;;x
XIN_dominion;Xianzhou Alliance Autonomous Province;;;;;;;;;;;;;x
XIN_dominion2;Xianzhou Alliance Federal Government;;;;;;;;;;;;;x
XIN_dominion3;Xianzhou Alliance Tributary Territory;;;;;;;;;;;;;x
XIN_hms_government;Xianzhou Alliance Responsible Cabinet;;;;;;;;;;;;;x
XIN_hms_government2;Xianzhou Alliance Parliamentary Cabinet;;;;;;;;;;;;;x
XIN_prussian_constitutionalism;Xianzhou Alliance Advisory Council;;;;;;;;;;;;;x
XIN_prussian_constitutionalism2;Xianzhou Alliance State Advisory Council;;;;;;;;;;;;;x
XIN_theocracy;Xianzhou Alliance Confucian Imperial State;;;;;;;;;;;;;x
XIN_trade_unions_congress;Xianzhou Alliance General Labor Union;;;;;;;;;;;;;x
YAK_absolute_monarchy;Leto Grand Chiefdom;;;;;;;;;;;;;x
YAK_absolute_monarchy2;Leto Dynasty;;;;;;;;;;;;;x
YAK_colonial_company;Leto Chartered Company Territory;;;;;;;;;;;;;x
YAK_democracy;Leto Tribal Republic;;;;;;;;;;;;;x
YAK_democracy2;Leto Parliamentary Republic;;;;;;;;;;;;;x
YAK_dominion;Leto Protectorate;;;;;;;;;;;;;x
YAK_dominion2;Leto Union of Autonomous States;;;;;;;;;;;;;x
YAK_dominion3;Leto Royal Protectorate;;;;;;;;;;;;;x
YAK_hms_government;Leto Constitutional Chiefdom;;;;;;;;;;;;;x
YAK_hms_government2;Leto Parliamentary Cabinet;;;;;;;;;;;;;x
YAK_prussian_constitutionalism;Leto Council of Tribal Elders;;;;;;;;;;;;;x
YAK_prussian_constitutionalism2;Leto Council of Elder Chiefs;;;;;;;;;;;;;x
YAK_theocracy;Leto Priestly State;;;;;;;;;;;;;x
YAK_trade_unions_congress;Leto Producers' Federation;;;;;;;;;;;;;x
YEM_absolute_monarchy;Jahoda Imamate;;;;;;;;;;;;;x
YEM_absolute_monarchy2;Jahoda Hereditary Imamate;;;;;;;;;;;;;x
YEM_democracy;Jahoda Republic;;;;;;;;;;;;;x
YEM_democracy2;Jahoda Parliamentary Republic;;;;;;;;;;;;;x
YEM_dominion2;Jahoda Autonomous Federation;;;;;;;;;;;;;x
YEM_dominion3;Jahoda Protected Emirate;;;;;;;;;;;;;x
YEM_hms_government;Jahoda Constitutional Imamate;;;;;;;;;;;;;x
YEM_hms_government2;Jahoda Parliamentary Cabinet;;;;;;;;;;;;;x
YEM_prussian_constitutionalism;Jahoda Shura Council;;;;;;;;;;;;;x
YEM_prussian_constitutionalism2;Jahoda Council of Nobles;;;;;;;;;;;;;x
YEM_theocracy;Jahoda Imamate;;;;;;;;;;;;;x
YEM_trade_unions_congress;Jahoda General Confederation of Trade Unions;;;;;;;;;;;;;x
YNN_absolute_monarchy;Fu Xuan Imperial Dynasty;;;;;;;;;;;;;x
YNN_absolute_monarchy2;Fu Xuan Imperial Court;;;;;;;;;;;;;x
YNN_colonial_company;Fu Xuan Concession;;;;;;;;;;;;;x
YNN_democracy;Fu Xuan Republic;;;;;;;;;;;;;x
YNN_democracy2;Fu Xuan Federal Republic;;;;;;;;;;;;;x
YNN_dominion;Fu Xuan Autonomous Province;;;;;;;;;;;;;x
YNN_dominion2;Fu Xuan Federal Government;;;;;;;;;;;;;x
YNN_dominion3;Fu Xuan Tributary Territory;;;;;;;;;;;;;x
YNN_hms_government;Fu Xuan Responsible Cabinet;;;;;;;;;;;;;x
YNN_hms_government2;Fu Xuan Parliamentary Cabinet;;;;;;;;;;;;;x
YNN_prussian_constitutionalism;Fu Xuan Advisory Council;;;;;;;;;;;;;x
YNN_prussian_constitutionalism2;Fu Xuan State Advisory Council;;;;;;;;;;;;;x
YNN_theocracy;Fu Xuan Sangha State;;;;;;;;;;;;;x
YNN_trade_unions_congress;Fu Xuan General Labor Union;;;;;;;;;;;;;x
YUC_absolute_monarchy;Bache Kingdom;;;;;;;;;;;;;x
YUC_absolute_monarchy2;Bache Hereditary Kingdom;;;;;;;;;;;;;x
YUC_democracy2;Bache Parliamentary Republic;;;;;;;;;;;;;x
YUC_dominion;Bache Dominion;;;;;;;;;;;;;x
YUC_dominion2;Bache Autonomous Federation;;;;;;;;;;;;;x
YUC_dominion3;Bache Crown Dependency;;;;;;;;;;;;;x
YUC_hms_government;Bache Constitutional Kingdom;;;;;;;;;;;;;x
YUC_hms_government2;Bache Parliamentary Cabinet;;;;;;;;;;;;;x
YUC_prussian_constitutionalism;Bache Royal Council;;;;;;;;;;;;;x
YUC_prussian_constitutionalism2;Bache Royal Advisory Council;;;;;;;;;;;;;x
YUC_theocracy;Bache Bishopric;;;;;;;;;;;;;x
YUC_trade_unions_congress;Bache General Workers' Confederation;;;;;;;;;;;;;x
YUG_absolute_monarchy;Virtuosa Kingdom;;;;;;;;;;;;;x
YUG_absolute_monarchy2;Virtuosa Hereditary Kingdom;;;;;;;;;;;;;x
YUG_colonial_company;Virtuosa Chartered Company Territory;;;;;;;;;;;;;x
YUG_democracy;Virtuosa Republic;;;;;;;;;;;;;x
YUG_democracy2;Virtuosa Parliamentary Republic;;;;;;;;;;;;;x
YUG_dominion;Virtuosa Dominion;;;;;;;;;;;;;x
YUG_dominion2;Virtuosa Autonomous Federation;;;;;;;;;;;;;x
YUG_dominion3;Virtuosa Crown Dependency;;;;;;;;;;;;;x
YUG_hms_government;Virtuosa Constitutional Kingdom;;;;;;;;;;;;;x
YUG_hms_government2;Virtuosa Parliamentary Cabinet;;;;;;;;;;;;;x
YUG_prussian_constitutionalism;Virtuosa Royal Council;;;;;;;;;;;;;x
YUG_prussian_constitutionalism2;Virtuosa Royal Advisory Council;;;;;;;;;;;;;x
YUG_theocracy;Virtuosa Patriarchate;;;;;;;;;;;;;x
YUG_trade_unions_congress;Virtuosa Workers' Council;;;;;;;;;;;;;x
YZW_absolute_monarchy;Shizuko Domain;;;;;;;;;;;;;x
YZW_absolute_monarchy2;Shizuko Shogunate;;;;;;;;;;;;;x
YZW_colonial_company;Shizuko Trading Post Territory;;;;;;;;;;;;;x
YZW_democracy;Shizuko Republic;;;;;;;;;;;;;x
YZW_democracy2;Shizuko Parliamentary Republic;;;;;;;;;;;;;x
YZW_dominion;Shizuko Autonomous Domain;;;;;;;;;;;;;x
YZW_dominion2;Shizuko Union of Domains;;;;;;;;;;;;;x
YZW_dominion3;Shizuko Shogunal Territory;;;;;;;;;;;;;x
YZW_hms_government;Shizuko Constitutional Domain;;;;;;;;;;;;;x
YZW_hms_government2;Shizuko Parliamentary Cabinet;;;;;;;;;;;;;x
YZW_prussian_constitutionalism;Shizuko Domain Administrative Council;;;;;;;;;;;;;x
YZW_prussian_constitutionalism2;Shizuko Council of Domain Lords;;;;;;;;;;;;;x
YZW_theocracy;Shizuko Sangha State;;;;;;;;;;;;;x
YZW_trade_unions_congress;Shizuko General Council of Trade Unions;;;;;;;;;;;;;x
ZAC_absolute_monarchy;San Diego Kingdom;;;;;;;;;;;;;x
ZAC_absolute_monarchy2;San Diego Hereditary Kingdom;;;;;;;;;;;;;x
ZAC_democracy2;San Diego Parliamentary Republic;;;;;;;;;;;;;x
ZAC_dominion;San Diego Dominion;;;;;;;;;;;;;x
ZAC_dominion2;San Diego Autonomous Federation;;;;;;;;;;;;;x
ZAC_dominion3;San Diego Crown Dependency;;;;;;;;;;;;;x
ZAC_hms_government;San Diego Constitutional Kingdom;;;;;;;;;;;;;x
ZAC_hms_government2;San Diego Parliamentary Cabinet;;;;;;;;;;;;;x
ZAC_prussian_constitutionalism;San Diego Royal Council;;;;;;;;;;;;;x
ZAC_prussian_constitutionalism2;San Diego Royal Advisory Council;;;;;;;;;;;;;x
ZAC_theocracy;San Diego Bishopric;;;;;;;;;;;;;x
ZAC_trade_unions_congress;San Diego General Workers' Confederation;;;;;;;;;;;;;x
ZAM_absolute_monarchy;Zambia Kingdom;;;;;;;;;;;;;x
ZAM_absolute_monarchy2;Zambia Hereditary Kingdom;;;;;;;;;;;;;x
ZAM_democracy;Zambia Republic;;;;;;;;;;;;;x
ZAM_democracy2;Zambia Parliamentary Republic;;;;;;;;;;;;;x
ZAM_dominion2;Zambia Union of Autonomous States;;;;;;;;;;;;;x
ZAM_dominion3;Zambia Royal Protectorate;;;;;;;;;;;;;x
ZAM_hms_government;Zambia Constitutional Kingdom;;;;;;;;;;;;;x
ZAM_hms_government2;Zambia Parliamentary Cabinet;;;;;;;;;;;;;x
ZAM_prussian_constitutionalism;Zambia Royal Council of Elders;;;;;;;;;;;;;x
ZAM_prussian_constitutionalism2;Zambia Council of Elder Chiefs;;;;;;;;;;;;;x
ZAM_theocracy;Zambia Ecclesiastical Union;;;;;;;;;;;;;x
ZAM_trade_unions_congress;Zambia Trade Union Confederation;;;;;;;;;;;;;x
ZAN_absolute_monarchy;Zanzibar Sultanate;;;;;;;;;;;;;x
ZAN_absolute_monarchy2;Zanzibar Hereditary Sultanate;;;;;;;;;;;;;x
ZAN_colonial_company;Zanzibar Trading Company Territory;;;;;;;;;;;;;x
ZAN_democracy;Zanzibar Republic;;;;;;;;;;;;;x
ZAN_democracy2;Zanzibar Parliamentary Republic;;;;;;;;;;;;;x
ZAN_dominion;Zanzibar Dominion;;;;;;;;;;;;;x
ZAN_dominion2;Zanzibar Autonomous Federation;;;;;;;;;;;;;x
ZAN_dominion3;Zanzibar Protected Emirate;;;;;;;;;;;;;x
ZAN_hms_government;Zanzibar Constitutional Sultanate;;;;;;;;;;;;;x
ZAN_hms_government2;Zanzibar Parliamentary Cabinet;;;;;;;;;;;;;x
ZAN_prussian_constitutionalism;Zanzibar Sultan's Council;;;;;;;;;;;;;x
ZAN_prussian_constitutionalism2;Zanzibar Council of Nobles;;;;;;;;;;;;;x
ZAN_theocracy;Zanzibar Imamate;;;;;;;;;;;;;x
ZAN_trade_unions_congress;Zanzibar Trade Union Confederation;;;;;;;;;;;;;x
ZBW_absolute_monarchy;Zimbabwe Kingdom;;;;;;;;;;;;;x
ZBW_absolute_monarchy2;Zimbabwe Hereditary Kingdom;;;;;;;;;;;;;x
ZBW_colonial_company;Zimbabwe Chartered Company Territory;;;;;;;;;;;;;x
ZBW_democracy;Zimbabwe Republic;;;;;;;;;;;;;x
ZBW_democracy2;Zimbabwe Parliamentary Republic;;;;;;;;;;;;;x
ZBW_dominion;Zimbabwe Protectorate;;;;;;;;;;;;;x
ZBW_dominion2;Zimbabwe Union of Autonomous States;;;;;;;;;;;;;x
ZBW_dominion3;Zimbabwe Royal Protectorate;;;;;;;;;;;;;x
ZBW_hms_government;Zimbabwe Constitutional Kingdom;;;;;;;;;;;;;x
ZBW_hms_government2;Zimbabwe Parliamentary Cabinet;;;;;;;;;;;;;x
ZBW_prussian_constitutionalism;Zimbabwe Royal Council of Elders;;;;;;;;;;;;;x
ZBW_prussian_constitutionalism2;Zimbabwe Council of Elder Chiefs;;;;;;;;;;;;;x
ZBW_theocracy;Zimbabwe Priestly State;;;;;;;;;;;;;x
ZBW_trade_unions_congress;Zimbabwe Trade Union Confederation;;;;;;;;;;;;;x
ZFN_absolute_monarchy;Escoffier Emirate;;;;;;;;;;;;;x
ZFN_absolute_monarchy2;Escoffier Hereditary Emirate;;;;;;;;;;;;;x
ZFN_colonial_company;Escoffier Trading Company Territory;;;;;;;;;;;;;x
ZFN_democracy;Escoffier Republic;;;;;;;;;;;;;x
ZFN_democracy2;Escoffier Parliamentary Republic;;;;;;;;;;;;;x
ZFN_dominion;Escoffier Dominion;;;;;;;;;;;;;x
ZFN_dominion2;Escoffier Autonomous Federation;;;;;;;;;;;;;x
ZFN_dominion3;Escoffier Protected Emirate;;;;;;;;;;;;;x
ZFN_hms_government;Escoffier Constitutional Emirate;;;;;;;;;;;;;x
ZFN_hms_government2;Escoffier Parliamentary Cabinet;;;;;;;;;;;;;x
ZFN_prussian_constitutionalism;Escoffier Jirga;;;;;;;;;;;;;x
ZFN_prussian_constitutionalism2;Escoffier Council of Nobles;;;;;;;;;;;;;x
ZFN_theocracy;Escoffier Imamate;;;;;;;;;;;;;x
ZFN_trade_unions_congress;Escoffier Workers' Council;;;;;;;;;;;;;x
ZOM_absolute_monarchy;Yuuri Monarchy;;;;;;;;;;;;;x
ZOM_absolute_monarchy2;Yuuri Dynasty;;;;;;;;;;;;;x
ZOM_colonial_company;Yuuri Chartered Company Territory;;;;;;;;;;;;;x
ZOM_democracy;Yuuri Autonomous Republic;;;;;;;;;;;;;x
ZOM_democracy2;Yuuri Parliamentary Republic;;;;;;;;;;;;;x
ZOM_dominion;Yuuri Dominion;;;;;;;;;;;;;x
ZOM_dominion2;Yuuri Autonomous Federation;;;;;;;;;;;;;x
ZOM_dominion3;Yuuri Crown Dependency;;;;;;;;;;;;;x
ZOM_hms_government;Yuuri Constitutional Monarchy;;;;;;;;;;;;;x
ZOM_hms_government2;Yuuri Parliamentary Cabinet;;;;;;;;;;;;;x
ZOM_prussian_constitutionalism;Yuuri Monarchical Council;;;;;;;;;;;;;x
ZOM_prussian_constitutionalism2;Yuuri Royal Advisory Council;;;;;;;;;;;;;x
ZOM_theocracy;Yuuri Priestly State;;;;;;;;;;;;;x
ZOM_trade_unions_congress;Yuuri Trade Union Confederation;;;;;;;;;;;;;x
ZOU_absolute_monarchy;Zoutpansberg Kingdom;;;;;;;;;;;;;x
ZOU_absolute_monarchy2;Zoutpansberg Hereditary Kingdom;;;;;;;;;;;;;x
ZOU_colonial_company;Zoutpansberg Chartered Company Territory;;;;;;;;;;;;;x
ZOU_democracy;Zoutpansberg Free Republic;;;;;;;;;;;;;x
ZOU_democracy2;Zoutpansberg Citizens' Assembly;;;;;;;;;;;;;x
ZOU_dominion;Zoutpansberg Autonomous Republic;;;;;;;;;;;;;x
ZOU_dominion2;Zoutpansberg Autonomous Federation;;;;;;;;;;;;;x
ZOU_dominion3;Zoutpansberg Crown Dependency;;;;;;;;;;;;;x
ZOU_hms_government;Zoutpansberg Constitutional Kingdom;;;;;;;;;;;;;x
ZOU_hms_government2;Zoutpansberg Parliamentary Cabinet;;;;;;;;;;;;;x
ZOU_prussian_constitutionalism;Zoutpansberg Citizens' Council;;;;;;;;;;;;;x
ZOU_prussian_constitutionalism2;Zoutpansberg Royal Advisory Council;;;;;;;;;;;;;x
ZOU_theocracy;Zoutpansberg Ecclesiastical Union;;;;;;;;;;;;;x
ZOU_trade_unions_congress;Zoutpansberg Trade Union Confederation;;;;;;;;;;;;;x
ZUL_absolute_monarchy;Zulu Kingdom;;;;;;;;;;;;;x
ZUL_absolute_monarchy2;Zulu Hereditary Kingdom;;;;;;;;;;;;;x
ZUL_colonial_company;Zulu Chartered Company Territory;;;;;;;;;;;;;x
ZUL_democracy;Zulu Republic;;;;;;;;;;;;;x
ZUL_democracy2;Zulu Parliamentary Republic;;;;;;;;;;;;;x
ZUL_dominion;Zulu Protectorate;;;;;;;;;;;;;x
ZUL_dominion2;Zulu Union of Autonomous States;;;;;;;;;;;;;x
ZUL_dominion3;Zulu Royal Protectorate;;;;;;;;;;;;;x
ZUL_hms_government;Zulu Constitutional Kingdom;;;;;;;;;;;;;x
ZUL_hms_government2;Zulu Parliamentary Cabinet;;;;;;;;;;;;;x
ZUL_prussian_constitutionalism;Zulu Royal Council of Elders;;;;;;;;;;;;;x
ZUL_prussian_constitutionalism2;Zulu Council of Elder Chiefs;;;;;;;;;;;;;x
ZUL_theocracy;Zulu Priestly State;;;;;;;;;;;;;x
ZUL_trade_unions_congress;Zulu Trade Union Confederation;;;;;;;;;;;;;x
