CODE;ENGLISH;FRENCH;GERMAN;POLISH;SPANISH;ITALIAN;SWEDISH;CZECH;HUNGARIAN;DUTCH;PORTUGUESE;RUSSIAN;FINNISH;x
PROV1;Novo-Arkhangelsk;;;;;;;;;;;;;x
PROV2;Redut Svyatogo-Dionisya;;;;;;;;;;;;;x
PROV3;Novorossiysk;;;;;;;;;;;;;x
PROV4;Pavlovskaya Gavan;;;;;;;;;;;;;x
PROV5;Unalashka;;;;;;;;;;;;;x
PROV6;Yukon River;;;;;;;;;;;;;x
PROV7;Pelly River;;;;;;;;;;;;;x
PROV8;Kuala Kelantan;;;;;;;;;;;;;x
PROV9;Mistassini Post;;;;;;;;;;;;;x
PROV10;San Khew Jong;;;;;;;;;;;;;x
PROV11;Fort Resolution;;;;;;;;;;;;;x
PROV12;Liwa;;;;;;;;;;;;;x
PROV13;Fort Langley;;;;;;;;;;;;;x
PROV14;Vancouver Island;;;;;;;;;;;;;x
PROV15;Port Simpson;;;;;;;;;;;;;x
PROV16;Fort McLeod;;;;;;;;;;;;;x
PROV17;Teslin Post;;;;;;;;;;;;;x
PROV18;Fort St. John;;;;;;;;;;;;;x
PROV19;Fort St. James;;;;;;;;;;;;;x
PROV20;Fort Kamloops;;;;;;;;;;;;;x
PROV21;Kootenae House;;;;;;;;;;;;;x
PROV22;Medicine Hat;;;;;;;;;;;;;x
PROV23;Fort Assiniboine;;;;;;;;;;;;;x
PROV24;Milk River;;;;;;;;;;;;;x
PROV25;Fort Edmonton;;;;;;;;;;;;;x
PROV26;Chesterfield Inlet;;;;;;;;;;;;;x
PROV27;Repulse Bay;;;;;;;;;;;;;x
PROV28;Cape Dorset;;;;;;;;;;;;;x
PROV29;Kyzylkum Desert;;;;;;;;;;;;;x
PROV30;Cypress Hills;;;;;;;;;;;;;x
PROV31;Fort Fond du Lac;;;;;;;;;;;;;x
PROV32;Fort Carlton;;;;;;;;;;;;;x
PROV33;Spence Bay;;;;;;;;;;;;;x
PROV34;Fort Pitt;;;;;;;;;;;;;x
PROV35;Fort Reliance;;;;;;;;;;;;;x
PROV36;Fort Good Hope;;;;;;;;;;;;;x
PROV37;York Factory;;;;;;;;;;;;;x
PROV38;Fuerte Santa Maria;;;;;;;;;;;;;x
PROV39;Santo Tomas de Castilla;;;;;;;;;;;;;x
PROV40;Fort Confidence;;;;;;;;;;;;;x
PROV41;Fort Ellice;;;;;;;;;;;;;x
PROV42;Fort Garry;;;;;;;;;;;;;x
PROV43;Clarksville;;;;;;;;;;;;;x
PROV44;Guantanamo;;;;;;;;;;;;;x
PROV45;Marigot;;;;;;;;;;;;;x
PROV46;Toronto;;;;;;;;;;;;;x
PROV47;Fort Severn;;;;;;;;;;;;;x
PROV48;Moose Factory;;;;;;;;;;;;;x
PROV49;Fort William;;;;;;;;;;;;;x
PROV50;Nipigon House;;;;;;;;;;;;;x
PROV51;Sault Ste. Marie;;;;;;;;;;;;;x
PROV52;Orillia;;;;;;;;;;;;;x
PROV53;Barrie;;;;;;;;;;;;;x
PROV54;Windsor;;;;;;;;;;;;;x
PROV55;Hamilton;;;;;;;;;;;;;x
PROV56;Kingston;;;;;;;;;;;;;x
PROV57;Bytown;;;;;;;;;;;;;x
PROV58;Montreal;;;;;;;;;;;;;x
PROV59;Fort Churchill;;;;;;;;;;;;;x
PROV60;Richmond;;;;;;;;;;;;;x
PROV61;Fort Ingall;;;;;;;;;;;;;x
PROV62;Seven Islands;;;;;;;;;;;;;x
PROV63;Fort Temiscamingue;;;;;;;;;;;;;x
PROV64;Three Rivers;;;;;;;;;;;;;x
PROV65;Quebec City;;;;;;;;;;;;;x
PROV66;Sherbrooke;;;;;;;;;;;;;x
PROV67;Rimouski;;;;;;;;;;;;;x
PROV68;Saint John;;;;;;;;;;;;;x
PROV69;Fredericton;;;;;;;;;;;;;x
PROV70;Prince Edward Island;;;;;;;;;;;;;x
PROV71;Halifax;;;;;;;;;;;;;x
PROV72;Truro;;;;;;;;;;;;;x
PROV73;Cape Breton Island;;;;;;;;;;;;;x
PROV74;St. John's;;;;;;;;;;;;;x
PROV75;Burnt Lakes;;;;;;;;;;;;;x
PROV76;Rigolet Post;;;;;;;;;;;;;x
PROV77;Saint-Pierre-et-Miquelon;;;;;;;;;;;;;x
PROV78;Fort Nisqually;;;;;;;;;;;;;x
PROV79;Fort Vancouver;;;;;;;;;;;;;x
PROV80;Fort Nez Perces;;;;;;;;;;;;;x
PROV81;Oregon City;;;;;;;;;;;;;x
PROV82;Goose Lake;;;;;;;;;;;;;x
PROV83;Fort Umpqua;;;;;;;;;;;;;x
PROV84;Wiyot;;;;;;;;;;;;;x
PROV85;Cabo Mednocino;;;;;;;;;;;;;x
PROV86;Sierra Nevada;;;;;;;;;;;;;x
PROV87;Monterey;;;;;;;;;;;;;x
PROV88;Desierto de Mojave;;;;;;;;;;;;;x
PROV89;Los Angeles;;;;;;;;;;;;;x
PROV90;Presidio Real de San Diego;;;;;;;;;;;;;x
PROV91;Kullyspell House;;;;;;;;;;;;;x
PROV92;Fort Hall;;;;;;;;;;;;;x
PROV93;Western Bannock;;;;;;;;;;;;;x
PROV94;Washo;;;;;;;;;;;;;x
PROV95;Owyhee;;;;;;;;;;;;;x
PROV96;Las Vegas;;;;;;;;;;;;;x
PROV97;Timpanogos;;;;;;;;;;;;;x
PROV98;Barbones;;;;;;;;;;;;;x
PROV99;Yutas Occidentales;;;;;;;;;;;;;x
PROV100;Gilenos;;;;;;;;;;;;;x
PROV101;Gran Canon;;;;;;;;;;;;;x
PROV102;Presidio de Tucson;;;;;;;;;;;;;x
PROV103;Fuerte Talpa;;;;;;;;;;;;;x
PROV104;Presidio de San Francisco;;;;;;;;;;;;;x
PROV105;Santa Fe;;;;;;;;;;;;;x
PROV106;Bent's Fort;;;;;;;;;;;;;x
PROV107;Shoshones Occidentales;;;;;;;;;;;;;x
PROV108;Yutas Orientales;;;;;;;;;;;;;x
PROV109;Zuni;;;;;;;;;;;;;x
PROV110;Shoshones Rio Viento;;;;;;;;;;;;;x
PROV111;Fort Bonneville;;;;;;;;;;;;;x
PROV112;Fort Laramie;;;;;;;;;;;;;x
PROV113;Eastern Bannock;;;;;;;;;;;;;x
PROV114;Flathead House;;;;;;;;;;;;;x
PROV115;Blackfoot;;;;;;;;;;;;;x
PROV116;Crow;;;;;;;;;;;;;x
PROV117;Fort Mandan;;;;;;;;;;;;;x
PROV118;Fort Pembina;;;;;;;;;;;;;x
PROV119;Fort Union;;;;;;;;;;;;;x
PROV120;Sieche Hollow;;;;;;;;;;;;;x
PROV121;Hunkpapa;;;;;;;;;;;;;x
PROV122;Fort Pierre Chouteau;;;;;;;;;;;;;x
PROV123;Fontenelle's Post;;;;;;;;;;;;;x
PROV124;Ponca Fort;;;;;;;;;;;;;x
PROV125;Pawnee;;;;;;;;;;;;;x
PROV126;Fort Leavenworth;;;;;;;;;;;;;x
PROV127;Kansa;;;;;;;;;;;;;x
PROV128;Osage;;;;;;;;;;;;;x
PROV129;Kiowa;;;;;;;;;;;;;x
PROV130;Fort Gibson;;;;;;;;;;;;;x
PROV131;Cross Timbers;;;;;;;;;;;;;x
PROV132;Houston;;;;;;;;;;;;;x
PROV133;Fredericksburg;;;;;;;;;;;;;x
PROV134;Fort Parker;;;;;;;;;;;;;x
PROV135;Pueblos;;;;;;;;;;;;;x
PROV136;Apacheria del Sur;;;;;;;;;;;;;x
PROV137;San Antonio de Bexar;;;;;;;;;;;;;x
PROV138;Laredo;;;;;;;;;;;;;x
PROV139;New Orleans;;;;;;;;;;;;;x
PROV140;Baton Rouge;;;;;;;;;;;;;x
PROV141;Vermilionville;;;;;;;;;;;;;x
PROV142;Shreveport;;;;;;;;;;;;;x
PROV143;Little Rock;;;;;;;;;;;;;x
PROV144;Fort Smith;;;;;;;;;;;;;x
PROV145;Hot Springs;;;;;;;;;;;;;x
PROV146;St. Louis;;;;;;;;;;;;;x
PROV147;Joplin;;;;;;;;;;;;;x
PROV148;Cape Girardeau;;;;;;;;;;;;;x
PROV149;Jefferson City;;;;;;;;;;;;;x
PROV150;Kansas City;;;;;;;;;;;;;x
PROV151;Council Bluffs;;;;;;;;;;;;;x
PROV152;Iowa City;;;;;;;;;;;;;x
PROV153;Dubuque;;;;;;;;;;;;;x
PROV154;Fort Dodge;;;;;;;;;;;;;x
PROV155;St. Paul;;;;;;;;;;;;;x
PROV156;Fort Snelling;;;;;;;;;;;;;x
PROV157;Fort Skene;;;;;;;;;;;;;x
PROV158;Grand Portage;;;;;;;;;;;;;x
PROV159;Milwaukee;;;;;;;;;;;;;x
PROV160;Ojibwe;;;;;;;;;;;;;x
PROV161;Fort Howard;;;;;;;;;;;;;x
PROV162;Madison;;;;;;;;;;;;;x
PROV163;Chicago;;;;;;;;;;;;;x
PROV164;Galena;;;;;;;;;;;;;x
PROV165;Springfield;;;;;;;;;;;;;x
PROV166;Peoria;;;;;;;;;;;;;x
PROV167;Vandalia;;;;;;;;;;;;;x
PROV168;Shawneetown;;;;;;;;;;;;;x
PROV169;Indianapolis;;;;;;;;;;;;;x
PROV170;Evansville;;;;;;;;;;;;;x
PROV171;South Bend;;;;;;;;;;;;;x
PROV172;Fort Wayne;;;;;;;;;;;;;x
PROV173;Detroit;;;;;;;;;;;;;x
PROV174;Lansing;;;;;;;;;;;;;x
PROV175;Saginaw;;;;;;;;;;;;;x
PROV176;Grand Traverse;;;;;;;;;;;;;x
PROV177;Fort Mackinac;;;;;;;;;;;;;x
PROV178;Cleveland;;;;;;;;;;;;;x
PROV179;Columbus;;;;;;;;;;;;;x
PROV180;Toledo;;;;;;;;;;;;;x
PROV181;Dayton;;;;;;;;;;;;;x
PROV182;Cincinnati;;;;;;;;;;;;;x
PROV183;Chillicothe;;;;;;;;;;;;;x
PROV184;Louisville;;;;;;;;;;;;;x
PROV185;Barbourville;;;;;;;;;;;;;x
PROV186;Lexington;;;;;;;;;;;;;x
PROV187;Paducah;;;;;;;;;;;;;x
PROV188;Nashville;;;;;;;;;;;;;x
PROV189;Memphis;;;;;;;;;;;;;x
PROV190;Knoxville;;;;;;;;;;;;;x
PROV191;Chattanooga;;;;;;;;;;;;;x
PROV192;Jackson;;;;;;;;;;;;;x
PROV193;Clarksdale;;;;;;;;;;;;;x
PROV194;Biloxi;;;;;;;;;;;;;x
PROV195;Tuscaloosa;;;;;;;;;;;;;x
PROV196;Huntsville;;;;;;;;;;;;;x
PROV197;Mobile;;;;;;;;;;;;;x
PROV198;Tallahassee;;;;;;;;;;;;;x
PROV199;St. Augustine;;;;;;;;;;;;;x
PROV200;Dade;;;;;;;;;;;;;x
PROV201;New Echota;;;;;;;;;;;;;x
PROV202;Milledgeville;;;;;;;;;;;;;x
PROV203;Bermuda;;;;;;;;;;;;;x
PROV204;Savannah;;;;;;;;;;;;;x
PROV205;Charleston;;;;;;;;;;;;;x
PROV206;Columbia;;;;;;;;;;;;;x
PROV207;Greenville;;;;;;;;;;;;;x
PROV208;Raleigh;;;;;;;;;;;;;x
PROV209;Charlotte;;;;;;;;;;;;;x
PROV210;Wilmington;;;;;;;;;;;;;x
PROV211;Lynchburg;;;;;;;;;;;;;x
PROV212;Alexandria;;;;;;;;;;;;;x
PROV213;Fredericksburg;;;;;;;;;;;;;x
PROV214;Norfolk;;;;;;;;;;;;;x
PROV215;Staunton;;;;;;;;;;;;;x
PROV216;Roanoke;;;;;;;;;;;;;x
PROV217;Beckley;;;;;;;;;;;;;x
PROV218;Wheeling;;;;;;;;;;;;;x
PROV219;Baltimore;;;;;;;;;;;;;x
PROV220;Annapolis;;;;;;;;;;;;;x
PROV221;Hagerstown;;;;;;;;;;;;;x
PROV222;Dover;;;;;;;;;;;;;x
PROV223;Philadelphia;;;;;;;;;;;;;x
PROV224;Wilkes-Barre;;;;;;;;;;;;;x
PROV225;Williamsport;;;;;;;;;;;;;x
PROV226;Harrisburg;;;;;;;;;;;;;x
PROV227;Pittsburg;;;;;;;;;;;;;x
PROV228;Erie;;;;;;;;;;;;;x
PROV229;Newark;;;;;;;;;;;;;x
PROV230;Trenton;;;;;;;;;;;;;x
PROV231;Camden;;;;;;;;;;;;;x
PROV232;New York City;;;;;;;;;;;;;x
PROV233;Long Island;;;;;;;;;;;;;x
PROV234;Albany;;;;;;;;;;;;;x
PROV235;Binghamton;;;;;;;;;;;;;x
PROV236;Buffalo;;;;;;;;;;;;;x
PROV237;Rochester;;;;;;;;;;;;;x
PROV238;Syracuse;;;;;;;;;;;;;x
PROV239;Indian Stream;;;;;;;;;;;;;x
PROV240;Plattsburgh;;;;;;;;;;;;;x
PROV241;Hartford;;;;;;;;;;;;;x
PROV242;Providence;;;;;;;;;;;;;x
PROV243;Boston;;;;;;;;;;;;;x
PROV244;New Bedford;;;;;;;;;;;;;x
PROV245;Pittsfield;;;;;;;;;;;;;x
PROV246;Burlington;;;;;;;;;;;;;x
PROV247;Concord;;;;;;;;;;;;;x
PROV248;Portland;;;;;;;;;;;;;x
PROV249;Bangor;;;;;;;;;;;;;x
PROV250;Madawaska;;;;;;;;;;;;;x
PROV251;Godthaab;;;;;;;;;;;;;x
PROV252;Iceland;;;;;;;;;;;;;x
PROV253;Faeroerne;;;;;;;;;;;;;x
PROV254;Belfast;;;;;;;;;;;;;x
PROV255;Londonderry;;;;;;;;;;;;;x
PROV256;Armagh;;;;;;;;;;;;;x
PROV257;Donegal;;;;;;;;;;;;;x
PROV258;Galway;;;;;;;;;;;;;x
PROV259;Sligo;;;;;;;;;;;;;x
PROV260;Cork;;;;;;;;;;;;;x
PROV261;Limerick;;;;;;;;;;;;;x
PROV262;Waterford;;;;;;;;;;;;;x
PROV263;Dublin;;;;;;;;;;;;;x
PROV264;Kildare;;;;;;;;;;;;;x
PROV265;Wexford;;;;;;;;;;;;;x
PROV266;Aberdeen;;;;;;;;;;;;;x
PROV267;Inverness;;;;;;;;;;;;;x
PROV268;Dundee;;;;;;;;;;;;;x
PROV269;Edinburgh;;;;;;;;;;;;;x
PROV270;Stirling;;;;;;;;;;;;;x
PROV271;Glasgow;;;;;;;;;;;;;x
PROV272;Dumfries;;;;;;;;;;;;;x
PROV273;Cardiff;;;;;;;;;;;;;x
PROV274;Cardigan;;;;;;;;;;;;;x
PROV275;Llandrindod;;;;;;;;;;;;;x
PROV276;Holyhead;;;;;;;;;;;;;x
PROV277;Liverpool;;;;;;;;;;;;;x
PROV278;Manchester;;;;;;;;;;;;;x
PROV279;Carlisle;;;;;;;;;;;;;x
PROV280;Newcastle-upon-Tyne;;;;;;;;;;;;;x
PROV281;Hull;;;;;;;;;;;;;x
PROV282;Leeds;;;;;;;;;;;;;x
PROV283;Sheffield;;;;;;;;;;;;;x
PROV284;Birmingham;;;;;;;;;;;;;x
PROV285;Chester;;;;;;;;;;;;;x
PROV286;Shrewsbury;;;;;;;;;;;;;x
PROV287;Coventry;;;;;;;;;;;;;x
PROV288;Nottingham;;;;;;;;;;;;;x
PROV289;Leicester;;;;;;;;;;;;;x
PROV290;Lincoln;;;;;;;;;;;;;x
PROV291;Cambridge;;;;;;;;;;;;;x
PROV292;Ipswich;;;;;;;;;;;;;x
PROV293;Chelmsford;;;;;;;;;;;;;x
PROV294;Oxford;;;;;;;;;;;;;x
PROV295;St Albans;;;;;;;;;;;;;x
PROV296;Bristol;;;;;;;;;;;;;x
PROV297;Salisbury;;;;;;;;;;;;;x
PROV298;Bath;;;;;;;;;;;;;x
PROV299;Plymouth;;;;;;;;;;;;;x
PROV300;London;;;;;;;;;;;;;x
PROV301;Canterbury;;;;;;;;;;;;;x
PROV302;Brighton;;;;;;;;;;;;;x
PROV303;Southampton;;;;;;;;;;;;;x
PROV304;Isle of Man;;;;;;;;;;;;;x
PROV305;Trondhjem;;;;;;;;;;;;;x
PROV306;Mo i Rana;;;;;;;;;;;;;x
PROV307;Hammerfest;;;;;;;;;;;;;x
PROV308;Alesund;;;;;;;;;;;;;x
PROV309;Bergen;;;;;;;;;;;;;x
PROV310;Christianssand;;;;;;;;;;;;;x
PROV311;Skien;;;;;;;;;;;;;x
PROV312;Drammen;;;;;;;;;;;;;x
PROV313;Christiania;;;;;;;;;;;;;x
PROV314;Hamar;;;;;;;;;;;;;x
PROV315;Lillehammer;;;;;;;;;;;;;x
PROV316;Frederiksstad;;;;;;;;;;;;;x
PROV317;Gavle;;;;;;;;;;;;;x
PROV318;Sundsvall;;;;;;;;;;;;;x
PROV319;Ostersund;;;;;;;;;;;;;x
PROV320;Umea;;;;;;;;;;;;;x
PROV321;Lulea;;;;;;;;;;;;;x
PROV322;Stockholm;;;;;;;;;;;;;x
PROV323;Falun;;;;;;;;;;;;;x
PROV324;Uppsala;;;;;;;;;;;;;x
PROV325;Norrkoping;;;;;;;;;;;;;x
PROV326;Vasteras;;;;;;;;;;;;;x
PROV327;Orebro;;;;;;;;;;;;;x
PROV328;Karlstad;;;;;;;;;;;;;x
PROV329;Skara;;;;;;;;;;;;;x
PROV330;Boras;;;;;;;;;;;;;x
PROV331;Gotland;;;;;;;;;;;;;x
PROV332;Kalmar;;;;;;;;;;;;;x
PROV333;Vaxjo;;;;;;;;;;;;;x
PROV334;Malmo;;;;;;;;;;;;;x
PROV335;Karlskrona;;;;;;;;;;;;;x
PROV336;Uleaborg;;;;;;;;;;;;;x
PROV337;Kajana;;;;;;;;;;;;;x
PROV338;Tornea;;;;;;;;;;;;;x
PROV339;Viborg;;;;;;;;;;;;;x
PROV340;Kotka;;;;;;;;;;;;;x
PROV341;Joensuu;;;;;;;;;;;;;x
PROV342;Kuopio;;;;;;;;;;;;;x
PROV343;Helsingfors;;;;;;;;;;;;;x
PROV344;Loimaa;;;;;;;;;;;;;x
PROV345;Bjorneborg;;;;;;;;;;;;;x
PROV346;Vasa;;;;;;;;;;;;;x
PROV347;Yeni Pazar;;;;;;;;;;;;;x
PROV348;Aland;;;;;;;;;;;;;x
PROV349;Reval;;;;;;;;;;;;;x
PROV350;Narwa;;;;;;;;;;;;;x
PROV351;Pernau;;;;;;;;;;;;;x
PROV352;Dorpat;;;;;;;;;;;;;x
PROV353;Osel;;;;;;;;;;;;;x
PROV354;Riga;;;;;;;;;;;;;x
PROV355;Wolmar;;;;;;;;;;;;;x
PROV356;Dinaburg;;;;;;;;;;;;;x
PROV357;Mitau;;;;;;;;;;;;;x
PROV358;Windawa;;;;;;;;;;;;;x
PROV359;Libau;;;;;;;;;;;;;x
PROV360;Vilna;;;;;;;;;;;;;x
PROV361;Kovno;;;;;;;;;;;;;x
PROV362;Mariampol;;;;;;;;;;;;;x
PROV363;Ponevezh;;;;;;;;;;;;;x
PROV364;Shavli;;;;;;;;;;;;;x
PROV365;Teljshe;;;;;;;;;;;;;x
PROV366;Aarhus;;;;;;;;;;;;;x
PROV367;Aalborg;;;;;;;;;;;;;x
PROV368;Hejls;;;;;;;;;;;;;x
PROV369;Kiel;;;;;;;;;;;;;x
PROV370;Flensborg;;;;;;;;;;;;;x
PROV371;Aabenraa;;;;;;;;;;;;;x
PROV372;Kobenhavn;;;;;;;;;;;;;x
PROV373;Odense;;;;;;;;;;;;;x
PROV374;Bornholm;;;;;;;;;;;;;x
PROV375;Amsterdam;;;;;;;;;;;;;x
PROV376;Rotterdam;;;;;;;;;;;;;x
PROV377;Utrecht;;;;;;;;;;;;;x
PROV378;Breda;;;;;;;;;;;;;x
PROV379;Eindhoven;;;;;;;;;;;;;x
PROV380;Wolphaartsdijk;;;;;;;;;;;;;x
PROV381;Maestricht;;;;;;;;;;;;;x
PROV382;Nijmegen;;;;;;;;;;;;;x
PROV383;Groningen;;;;;;;;;;;;;x
PROV384;Almelo;;;;;;;;;;;;;x
PROV385;Leeuwarden;;;;;;;;;;;;;x
PROV386;Assen;;;;;;;;;;;;;x
PROV387;Genappe;;;;;;;;;;;;;x
PROV388;Bruges;;;;;;;;;;;;;x
PROV389;Goes;;;;;;;;;;;;;x
PROV390;Arnemuiden;;;;;;;;;;;;;x
PROV391;Bree;;;;;;;;;;;;;x
PROV392;Dinant;;;;;;;;;;;;;x
PROV393;Saint-Ghislain;;;;;;;;;;;;;x
PROV394;Mons;;;;;;;;;;;;;x
PROV395;Sprimont;;;;;;;;;;;;;x
PROV396;Eupen;;;;;;;;;;;;;x
PROV397;Luxembourg;;;;;;;;;;;;;x
PROV398;Bastogne;;;;;;;;;;;;;x
PROV399;Lille;;;;;;;;;;;;;x
PROV400;Tournai;;;;;;;;;;;;;x
PROV401;Arras;;;;;;;;;;;;;x
PROV402;Amiens;;;;;;;;;;;;;x
PROV403;Laon;;;;;;;;;;;;;x
PROV404;Saint-Quentin;;;;;;;;;;;;;x
PROV405;Givet;;;;;;;;;;;;;x
PROV406;Troyes;;;;;;;;;;;;;x
PROV407;Chaumont;;;;;;;;;;;;;x
PROV408;Charleville;;;;;;;;;;;;;x
PROV409;Strasbourg;;;;;;;;;;;;;x
PROV410;Colmar;;;;;;;;;;;;;x
PROV411;Nancy;;;;;;;;;;;;;x
PROV412;Metz;;;;;;;;;;;;;x
PROV413;Verdun-sur-Meuse;;;;;;;;;;;;;x
PROV414;Epinal;;;;;;;;;;;;;x
PROV415;Rouen;;;;;;;;;;;;;x
PROV416;Evreux;;;;;;;;;;;;;x
PROV417;Alencon;;;;;;;;;;;;;x
PROV418;Kang;;;;;;;;;;;;;x
PROV419;Channel Islands;;;;;;;;;;;;;x
PROV420;Brest;;;;;;;;;;;;;x
PROV421;Saint-Brieuc;;;;;;;;;;;;;x
PROV422;Vannes;;;;;;;;;;;;;x
PROV423;Nantes;;;;;;;;;;;;;x
PROV424;Rennes;;;;;;;;;;;;;x
PROV425;Paris;;;;;;;;;;;;;x
PROV426;Chartres;;;;;;;;;;;;;x
PROV427;Melun;;;;;;;;;;;;;x
PROV428;Macon;;;;;;;;;;;;;x
PROV429;Dijon;;;;;;;;;;;;;x
PROV430;Moulins;;;;;;;;;;;;;x
PROV431;Lons-le-Saunier;;;;;;;;;;;;;x
PROV432;Besancon;;;;;;;;;;;;;x
PROV433;Belfort;;;;;;;;;;;;;x
PROV434;Niort;;;;;;;;;;;;;x
PROV435;Angers;;;;;;;;;;;;;x
PROV436;Le Mans;;;;;;;;;;;;;x
PROV437;La Roche-sur-Yon;;;;;;;;;;;;;x
PROV438;Orleans;;;;;;;;;;;;;x
PROV439;Bourges;;;;;;;;;;;;;x
PROV440;Chateauroux;;;;;;;;;;;;;x
PROV441;Tours;;;;;;;;;;;;;x
PROV442;La Rochelle;;;;;;;;;;;;;x
PROV443;Poitiers;;;;;;;;;;;;;x
PROV444;Angouleme;;;;;;;;;;;;;x
PROV445;Limoges;;;;;;;;;;;;;x
PROV446;Gueret;;;;;;;;;;;;;x
PROV447;Perigueux;;;;;;;;;;;;;x
PROV448;Clermont-Ferrand;;;;;;;;;;;;;x
PROV449;Nimes;;;;;;;;;;;;;x
PROV450;Montauban;;;;;;;;;;;;;x
PROV451;Bourg;;;;;;;;;;;;;x
PROV452;Lyon;;;;;;;;;;;;;x
PROV453;Aubenas;;;;;;;;;;;;;x
PROV454;Grenoble;;;;;;;;;;;;;x
PROV455;Tarbes;;;;;;;;;;;;;x
PROV456;Toulouse;;;;;;;;;;;;;x
PROV457;Foix;;;;;;;;;;;;;x
PROV458;Bordeaux;;;;;;;;;;;;;x
PROV459;Saint-Jean-de-Luz;;;;;;;;;;;;;x
PROV460;Pau;;;;;;;;;;;;;x
PROV461;Montpellier;;;;;;;;;;;;;x
PROV462;Rodez;;;;;;;;;;;;;x
PROV463;Carcassonne;;;;;;;;;;;;;x
PROV464;Perpignan;;;;;;;;;;;;;x
PROV465;Ennesia;;;;;;;;;;;;;x
PROV466;Ciamberi;;;;;;;;;;;;;x
PROV467;Marseille;;;;;;;;;;;;;x
PROV468;Avignon;;;;;;;;;;;;;x
PROV469;Valence;;;;;;;;;;;;;x
PROV470;Toulon;;;;;;;;;;;;;x
PROV471;Digne-les-Baines;;;;;;;;;;;;;x
PROV472;Nizza;;;;;;;;;;;;;x
PROV473;Corte;;;;;;;;;;;;;x
PROV474;La Coruna;;;;;;;;;;;;;x
PROV475;Oviedo;;;;;;;;;;;;;x
PROV476;Pontevedra;;;;;;;;;;;;;x
PROV477;Leon;;;;;;;;;;;;;x
PROV478;Santander;;;;;;;;;;;;;x
PROV479;Burgos;;;;;;;;;;;;;x
PROV480;Valladolid;;;;;;;;;;;;;x
PROV481;Soria;;;;;;;;;;;;;x
PROV482;Salamanca;;;;;;;;;;;;;x
PROV483;Avila;;;;;;;;;;;;;x
PROV484;Badajoz;;;;;;;;;;;;;x
PROV485;Almendralejo;;;;;;;;;;;;;x
PROV486;Caceres;;;;;;;;;;;;;x
PROV487;Madrid;;;;;;;;;;;;;x
PROV488;Guadalajara;;;;;;;;;;;;;x
PROV489;Toledo;;;;;;;;;;;;;x
PROV490;Cuenca;;;;;;;;;;;;;x
PROV491;Ciudad Real;;;;;;;;;;;;;x
PROV492;Bilbao;;;;;;;;;;;;;x
PROV493;Pamplona;;;;;;;;;;;;;x
PROV494;Logrono;;;;;;;;;;;;;x
PROV495;Zaragoza;;;;;;;;;;;;;x
PROV496;Huesca;;;;;;;;;;;;;x
PROV497;Teruel;;;;;;;;;;;;;x
PROV498;Barcelona;;;;;;;;;;;;;x
PROV499;Gerona;;;;;;;;;;;;;x
PROV500;Lerida;;;;;;;;;;;;;x
PROV501;Tarragona;;;;;;;;;;;;;x
PROV502;Cabrera;;;;;;;;;;;;;x
PROV503;Valencia;;;;;;;;;;;;;x
PROV504;Castellon de la Plana;;;;;;;;;;;;;x
PROV505;Alicante;;;;;;;;;;;;;x
PROV506;Cartagena;;;;;;;;;;;;;x
PROV507;Murcia;;;;;;;;;;;;;x
PROV508;Albacete;;;;;;;;;;;;;x
PROV509;Sevilla;;;;;;;;;;;;;x
PROV510;Cordoba;;;;;;;;;;;;;x
PROV511;Huelva;;;;;;;;;;;;;x
PROV512;Cadiz;;;;;;;;;;;;;x
PROV513;Granada;;;;;;;;;;;;;x
PROV514;Malaga;;;;;;;;;;;;;x
PROV515;Almeria;;;;;;;;;;;;;x
PROV516;Jaen;;;;;;;;;;;;;x
PROV517;Gibraltar;;;;;;;;;;;;;x
PROV518;Braga;;;;;;;;;;;;;x
PROV519;Vila Real;;;;;;;;;;;;;x
PROV520;Covilha;;;;;;;;;;;;;x
PROV521;Lisboa;;;;;;;;;;;;;x
PROV522;Coimbra;;;;;;;;;;;;;x
PROV523;Abrantes;;;;;;;;;;;;;x
PROV524;Setubal;;;;;;;;;;;;;x
PROV525;Evora;;;;;;;;;;;;;x
PROV526;Beja;;;;;;;;;;;;;x
PROV527;Faro;;;;;;;;;;;;;x
PROV528;Hamburg;;;;;;;;;;;;;x
PROV529;Lauenborg;;;;;;;;;;;;;x
PROV530;Lubeck;;;;;;;;;;;;;x
PROV531;Stade;;;;;;;;;;;;;x
PROV532;Luneburg;;;;;;;;;;;;;x
PROV533;Heligoland;;;;;;;;;;;;;x
PROV534;Hannover;;;;;;;;;;;;;x
PROV535;Nienburg;;;;;;;;;;;;;x
PROV536;Braunschweig;;;;;;;;;;;;;x
PROV537;Gottingen;;;;;;;;;;;;;x
PROV538;Osnabruck;;;;;;;;;;;;;x
PROV539;Bremen;;;;;;;;;;;;;x
PROV540;Oldenburg;;;;;;;;;;;;;x
PROV541;Vechta;;;;;;;;;;;;;x
PROV542;Lingen;;;;;;;;;;;;;x
PROV543;Emden;;;;;;;;;;;;;x
PROV544;Schwerin;;;;;;;;;;;;;x
PROV545;Neustrelitz;;;;;;;;;;;;;x
PROV546;Stettin;;;;;;;;;;;;;x
PROV547;Prenzlau;;;;;;;;;;;;;x
PROV548;Stralsund;;;;;;;;;;;;;x
PROV549;Berlin;;;;;;;;;;;;;x
PROV550;Bernau;;;;;;;;;;;;;x
PROV551;Pritzwalk;;;;;;;;;;;;;x
PROV552;Cottbus;;;;;;;;;;;;;x
PROV553;Magdeburg;;;;;;;;;;;;;x
PROV554;Erfurt;;;;;;;;;;;;;x
PROV555;Dessau;;;;;;;;;;;;;x
PROV556;Halle;;;;;;;;;;;;;x
PROV557;Wittenberg;;;;;;;;;;;;;x
PROV558;Dresden;;;;;;;;;;;;;x
PROV559;Leipzig;;;;;;;;;;;;;x
PROV560;Chemnitz;;;;;;;;;;;;;x
PROV561;Allstedt;;;;;;;;;;;;;x
PROV562;Gotha;;;;;;;;;;;;;x
PROV563;Meiningen;;;;;;;;;;;;;x
PROV564;Frankfurt;;;;;;;;;;;;;x
PROV565;Wiesbaden;;;;;;;;;;;;;x
PROV566;Cassel;;;;;;;;;;;;;x
PROV567;Friedberg;;;;;;;;;;;;;x
PROV568;Fulda;;;;;;;;;;;;;x
PROV569;Mannheim;;;;;;;;;;;;;x
PROV570;Mainz;;;;;;;;;;;;;x
PROV571;Kaiserslautern;;;;;;;;;;;;;x
PROV572;Trier;;;;;;;;;;;;;x
PROV573;Saarbrucken;;;;;;;;;;;;;x
PROV574;Coblenz;;;;;;;;;;;;;x
PROV575;Coln;;;;;;;;;;;;;x
PROV576;Bitburg;;;;;;;;;;;;;x
PROV577;Solingen;;;;;;;;;;;;;x
PROV578;Dusseldorf;;;;;;;;;;;;;x
PROV579;Gummersbach;;;;;;;;;;;;;x
PROV580;Soest;;;;;;;;;;;;;x
PROV581;Munster;;;;;;;;;;;;;x
PROV582;Minden;;;;;;;;;;;;;x
PROV583;Siegen;;;;;;;;;;;;;x
PROV584;Schmallenberg;;;;;;;;;;;;;x
PROV585;Detmold;;;;;;;;;;;;;x
PROV586;Karlsruhe;;;;;;;;;;;;;x
PROV587;Freiburg;;;;;;;;;;;;;x
PROV588;Constanz;;;;;;;;;;;;;x
PROV589;Stuttgart;;;;;;;;;;;;;x
PROV590;Heilbronn;;;;;;;;;;;;;x
PROV591;Tubingen;;;;;;;;;;;;;x
PROV592;Augsburg;;;;;;;;;;;;;x
PROV593;Ulm;;;;;;;;;;;;;x
PROV594;Sigmaringen;;;;;;;;;;;;;x
PROV595;Nurnberg;;;;;;;;;;;;;x
PROV596;Aschaffenburg;;;;;;;;;;;;;x
PROV597;Wurzburg;;;;;;;;;;;;;x
PROV598;Bayreuth;;;;;;;;;;;;;x
PROV599;Munchen;;;;;;;;;;;;;x
PROV600;Landshut;;;;;;;;;;;;;x
PROV601;Ingolstadt;;;;;;;;;;;;;x
PROV602;Regensburg;;;;;;;;;;;;;x
PROV603;Zurich;;;;;;;;;;;;;x
PROV604;Basel;;;;;;;;;;;;;x
PROV605;Bern;;;;;;;;;;;;;x
PROV606;Luzern;;;;;;;;;;;;;x
PROV607;Geneve;;;;;;;;;;;;;x
PROV608;Neuchatel;;;;;;;;;;;;;x
PROV609;Sion;;;;;;;;;;;;;x
PROV610;Ponape;;;;;;;;;;;;;x
PROV611;Schuls;;;;;;;;;;;;;x
PROV612;Innsbruck;;;;;;;;;;;;;x
PROV613;Salzburg;;;;;;;;;;;;;x
PROV614;Bregenz;;;;;;;;;;;;;x
PROV615;Lienz;;;;;;;;;;;;;x
PROV616;Gratz;;;;;;;;;;;;;x
PROV617;Judenburg;;;;;;;;;;;;;x
PROV618;Klagenfurt;;;;;;;;;;;;;x
PROV619;Wien;;;;;;;;;;;;;x
PROV620;Sankt Polten;;;;;;;;;;;;;x
PROV621;Krems;;;;;;;;;;;;;x
PROV622;Linz;;;;;;;;;;;;;x
PROV623;Odenburg;;;;;;;;;;;;;x
PROV624;Eisenstadt;;;;;;;;;;;;;x
PROV625;Prag;;;;;;;;;;;;;x
PROV626;Koniggratz;;;;;;;;;;;;;x
PROV627;Karlsbad;;;;;;;;;;;;;x
PROV628;Hirschberg;;;;;;;;;;;;;x
PROV629;Pilsen;;;;;;;;;;;;;x
PROV630;Budweis;;;;;;;;;;;;;x
PROV631;Brunn;;;;;;;;;;;;;x
PROV632;Olmutz;;;;;;;;;;;;;x
PROV633;Pressburg;;;;;;;;;;;;;x
PROV634;Neutra;;;;;;;;;;;;;x
PROV635;Comorn;;;;;;;;;;;;;x
PROV636;Neusohl;;;;;;;;;;;;;x
PROV637;Rosenberg;;;;;;;;;;;;;x
PROV638;Kaschau;;;;;;;;;;;;;x
PROV639;Egersee;;;;;;;;;;;;;x
PROV640;Funfkirchen;;;;;;;;;;;;;x
PROV641;Pest;;;;;;;;;;;;;x
PROV642;Raab;;;;;;;;;;;;;x
PROV643;Stuhlweissenburg;;;;;;;;;;;;;x
PROV644;Ruppertsburg;;;;;;;;;;;;;x
PROV645;Ketschkemet;;;;;;;;;;;;;x
PROV646;Mischkolz;;;;;;;;;;;;;x
PROV647;Grosswardein;;;;;;;;;;;;;x
PROV648;Debrezin;;;;;;;;;;;;;x
PROV649;Szegedin;;;;;;;;;;;;;x
PROV650;Tschabe;;;;;;;;;;;;;x
PROV651;Nagykaroly;;;;;;;;;;;;;x
PROV652;Temeschburg;;;;;;;;;;;;;x
PROV653;Reschitz;;;;;;;;;;;;;x
PROV654;Klausenburg;;;;;;;;;;;;;x
PROV655;Karlsburg;;;;;;;;;;;;;x
PROV656;Diemrich;;;;;;;;;;;;;x
PROV657;Hermannstadt;;;;;;;;;;;;;x
PROV658;Sandwich Islands;;;;;;;;;;;;;x
PROV659;Kronstadt;;;;;;;;;;;;;x
PROV660;Oderhellen;;;;;;;;;;;;;x
PROV661;Bistritz;;;;;;;;;;;;;x
PROV662;Czernowitz;;;;;;;;;;;;;x
PROV663;Sotschen;;;;;;;;;;;;;x
PROV664;Bucuresti;;;;;;;;;;;;;x
PROV665;Targu Jiu;;;;;;;;;;;;;x
PROV666;Craiova;;;;;;;;;;;;;x
PROV667;Targoviste;;;;;;;;;;;;;x
PROV668;Braila;;;;;;;;;;;;;x
PROV669;Calarasi;;;;;;;;;;;;;x
PROV670;Iasi;;;;;;;;;;;;;x
PROV671;Botosani;;;;;;;;;;;;;x
PROV672;Bacau;;;;;;;;;;;;;x
PROV673;Kagul;;;;;;;;;;;;;x
PROV674;Kostence;;;;;;;;;;;;;x
PROV675;Sulina;;;;;;;;;;;;;x
PROV676;Kishinjov;;;;;;;;;;;;;x
PROV677;Belgorod-Dnestrovskiy;;;;;;;;;;;;;x
PROV678;Tuchkov;;;;;;;;;;;;;x
PROV679;Kolberg;;;;;;;;;;;;;x
PROV680;Koslin;;;;;;;;;;;;;x
PROV681;Custrin;;;;;;;;;;;;;x
PROV682;Breslau;;;;;;;;;;;;;x
PROV683;Waldenburg;;;;;;;;;;;;;x
PROV684;Oppeln;;;;;;;;;;;;;x
PROV685;Kattowitz;;;;;;;;;;;;;x
PROV686;Merv;;;;;;;;;;;;;x
PROV687;Gorlitz;;;;;;;;;;;;;x
PROV688;Troppau;;;;;;;;;;;;;x
PROV689;Teschen;;;;;;;;;;;;;x
PROV690;Danzig;;;;;;;;;;;;;x
PROV691;Tuchel;;;;;;;;;;;;;x
PROV692;Deutsch Krone;;;;;;;;;;;;;x
PROV693;Elbing;;;;;;;;;;;;;x
PROV694;Thorn;;;;;;;;;;;;;x
PROV695;Konigsberg;;;;;;;;;;;;;x
PROV696;Allenstein;;;;;;;;;;;;;x
PROV697;Marienwerder;;;;;;;;;;;;;x
PROV698;Memel;;;;;;;;;;;;;x
PROV699;Posen;;;;;;;;;;;;;x
PROV700;Bromberg;;;;;;;;;;;;;x
PROV701;Lissa;;;;;;;;;;;;;x
PROV702;Lemberg;;;;;;;;;;;;;x
PROV703;Miechow;;;;;;;;;;;;;x
PROV704;Neu Sandez;;;;;;;;;;;;;x
PROV705;Premissel;;;;;;;;;;;;;x
PROV706;Warszawa;;;;;;;;;;;;;x
PROV707;Suvalki;;;;;;;;;;;;;x
PROV708;Plotsk;;;;;;;;;;;;;x
PROV709;Lomzha;;;;;;;;;;;;;x
PROV710;Skernevitsy;;;;;;;;;;;;;x
PROV711;Sandomierz;;;;;;;;;;;;;x
PROV712;Lodz;;;;;;;;;;;;;x
PROV713;Radom;;;;;;;;;;;;;x
PROV714;Lisko;;;;;;;;;;;;;x
PROV715;Lublin;;;;;;;;;;;;;x
PROV716;Kielce;;;;;;;;;;;;;x
PROV717;Kalish;;;;;;;;;;;;;x
PROV718;Minsk;;;;;;;;;;;;;x
PROV719;Byelostok;;;;;;;;;;;;;x
PROV720;Torino;;;;;;;;;;;;;x
PROV721;Aosta;;;;;;;;;;;;;x
PROV722;Novara;;;;;;;;;;;;;x
PROV723;Alessandria;;;;;;;;;;;;;x
PROV724;Genova;;;;;;;;;;;;;x
PROV725;Savona;;;;;;;;;;;;;x
PROV726;Mailand;;;;;;;;;;;;;x
PROV727;Walsch-Bergen;;;;;;;;;;;;;x
PROV728;Walsch-Brixen;;;;;;;;;;;;;x
PROV729;Venedig;;;;;;;;;;;;;x
PROV730;Dietrichsbern;;;;;;;;;;;;;x
PROV731;Esten;;;;;;;;;;;;;x
PROV732;Vicenza;;;;;;;;;;;;;x
PROV733;Weiden;;;;;;;;;;;;;x
PROV734;Trient;;;;;;;;;;;;;x
PROV735;Botzen;;;;;;;;;;;;;x
PROV736;Trieste;;;;;;;;;;;;;x
PROV737;Gorz;;;;;;;;;;;;;x
PROV738;Parma;;;;;;;;;;;;;x
PROV739;Modena;;;;;;;;;;;;;x
PROV740;Massa;;;;;;;;;;;;;x
PROV741;Bologna;;;;;;;;;;;;;x
PROV742;Ferrara;;;;;;;;;;;;;x
PROV743;Ravenna;;;;;;;;;;;;;x
PROV744;Firenze;;;;;;;;;;;;;x
PROV745;Livorno;;;;;;;;;;;;;x
PROV746;Lucca;;;;;;;;;;;;;x
PROV747;Siena;;;;;;;;;;;;;x
PROV748;Grosseto;;;;;;;;;;;;;x
PROV749;Roma;;;;;;;;;;;;;x
PROV750;Viterbo;;;;;;;;;;;;;x
PROV751;Perugia;;;;;;;;;;;;;x
PROV752;Ancona;;;;;;;;;;;;;x
PROV753;L'Aquila;;;;;;;;;;;;;x
PROV754;Napoli;;;;;;;;;;;;;x
PROV755;Salerno;;;;;;;;;;;;;x
PROV756;Bari;;;;;;;;;;;;;x
PROV757;Foggia;;;;;;;;;;;;;x
PROV758;Brindisi;;;;;;;;;;;;;x
PROV759;Reggio di Calabria;;;;;;;;;;;;;x
PROV760;Catanzaro;;;;;;;;;;;;;x
PROV761;Potenza;;;;;;;;;;;;;x
PROV762;Palermo;;;;;;;;;;;;;x
PROV763;Messina;;;;;;;;;;;;;x
PROV764;Catania;;;;;;;;;;;;;x
PROV765;Cagliari;;;;;;;;;;;;;x
PROV766;Sassari;;;;;;;;;;;;;x
PROV767;Marburg;;;;;;;;;;;;;x
PROV768;Laibach;;;;;;;;;;;;;x
PROV769;Adelsberg;;;;;;;;;;;;;x
PROV770;Polei;;;;;;;;;;;;;x
PROV771;Agram;;;;;;;;;;;;;x
PROV772;Sissek;;;;;;;;;;;;;x
PROV773;Zengg;;;;;;;;;;;;;x
PROV774;Sluin;;;;;;;;;;;;;x
PROV775;Warasdin;;;;;;;;;;;;;x
PROV776;Bellowar;;;;;;;;;;;;;x
PROV777;Poschegg;;;;;;;;;;;;;x
PROV778;St. Veit;;;;;;;;;;;;;x
PROV779;Esseg;;;;;;;;;;;;;x
PROV780;Spalato;;;;;;;;;;;;;x
PROV781;Zara;;;;;;;;;;;;;x
PROV782;Ragusa;;;;;;;;;;;;;x
PROV783;Saraybosna;;;;;;;;;;;;;x
PROV784;Bihac;;;;;;;;;;;;;x
PROV785;Banaluka;;;;;;;;;;;;;x
PROV786;Bijeljina;;;;;;;;;;;;;x
PROV787;Foca;;;;;;;;;;;;;x
PROV788;Trebinye;;;;;;;;;;;;;x
PROV789;Mostar;;;;;;;;;;;;;x
PROV790;Kitwe;;;;;;;;;;;;;x
PROV791;Syrmisch Mitrowitz;;;;;;;;;;;;;x
PROV792;Pantschowa;;;;;;;;;;;;;x
PROV793;Derbend;;;;;;;;;;;;;x
PROV794;Belgrade;;;;;;;;;;;;;x
PROV795;Bor;;;;;;;;;;;;;x
PROV796;Pozarevac;;;;;;;;;;;;;x
PROV797;Kragujevac;;;;;;;;;;;;;x
PROV798;Nis;;;;;;;;;;;;;x
PROV799;Sehirkoy;;;;;;;;;;;;;x
PROV800;Ulgun;;;;;;;;;;;;;x
PROV801;Society Islands;;;;;;;;;;;;;x
PROV802;Prishtine;;;;;;;;;;;;;x
PROV803;Ipek;;;;;;;;;;;;;x
PROV804;Senice;;;;;;;;;;;;;x
PROV805;Vodina;;;;;;;;;;;;;x
PROV806;Uskub;;;;;;;;;;;;;x
PROV807;Istip;;;;;;;;;;;;;x
PROV808;Petrich;;;;;;;;;;;;;x
PROV809;Sofya;;;;;;;;;;;;;x
PROV810;Vidin;;;;;;;;;;;;;x
PROV811;Ruscuk;;;;;;;;;;;;;x
PROV812;Plevne;;;;;;;;;;;;;x
PROV813;Yenice-i Vardar;;;;;;;;;;;;;x
PROV814;Varna;;;;;;;;;;;;;x
PROV815;Batak;;;;;;;;;;;;;x
PROV816;Eski Zagra;;;;;;;;;;;;;x
PROV817;Burgaz;;;;;;;;;;;;;x
PROV818;Silistre;;;;;;;;;;;;;x
PROV819;Siroz;;;;;;;;;;;;;x
PROV820;Kesirye;;;;;;;;;;;;;x
PROV821;Karaferye;;;;;;;;;;;;;x
PROV822;Selanik;;;;;;;;;;;;;x
PROV823;Langaza;;;;;;;;;;;;;x
PROV824;Yanya;;;;;;;;;;;;;x
PROV825;Iskece;;;;;;;;;;;;;x
PROV826;Kerkyra;;;;;;;;;;;;;x
PROV827;Zakynthos;;;;;;;;;;;;;x
PROV828;Edirne;;;;;;;;;;;;;x
PROV829;Gumulcine;;;;;;;;;;;;;x
PROV830;Dimetoka;;;;;;;;;;;;;x
PROV831;Alasonya;;;;;;;;;;;;;x
PROV832;Quluz;;;;;;;;;;;;;x
PROV833;Tirhala;;;;;;;;;;;;;x
PROV834;Athinai;;;;;;;;;;;;;x
PROV835;Amfissa;;;;;;;;;;;;;x
PROV836;Lamia;;;;;;;;;;;;;x
PROV837;Aitoloakarnania;;;;;;;;;;;;;x
PROV838;Chalkis;;;;;;;;;;;;;x
PROV839;Nafplion;;;;;;;;;;;;;x
PROV840;Korinthos;;;;;;;;;;;;;x
PROV841;Micova;;;;;;;;;;;;;x
PROV842;Patrai;;;;;;;;;;;;;x
PROV843;Sisam;;;;;;;;;;;;;x
PROV844;Midilli;;;;;;;;;;;;;x
PROV845;Kyklades;;;;;;;;;;;;;x
PROV846;Mentese Adalari;;;;;;;;;;;;;x
PROV847;Hanya;;;;;;;;;;;;;x
PROV848;Kandiye;;;;;;;;;;;;;x
PROV849;Tiran;;;;;;;;;;;;;x
PROV850;Iskodra;;;;;;;;;;;;;x
PROV851;Dibikli;;;;;;;;;;;;;x
PROV852;Belgrad-i Arnavud;;;;;;;;;;;;;x
PROV853;Ergiri Kasri;;;;;;;;;;;;;x
PROV854;Malta;;;;;;;;;;;;;x
PROV855;Lefkosa;;;;;;;;;;;;;x
PROV856;Khorasan;;;;;;;;;;;;;x
PROV857;Gazimagusa;;;;;;;;;;;;;x
PROV858;Uzunkopru;;;;;;;;;;;;;x
PROV859;Gelibolu;;;;;;;;;;;;;x
PROV860;Kostantiniyye;;;;;;;;;;;;;x
PROV861;Uskudar;;;;;;;;;;;;;x
PROV862;Izmit;;;;;;;;;;;;;x
PROV863;Bursa;;;;;;;;;;;;;x
PROV864;Balat;;;;;;;;;;;;;x
PROV865;Canakkale;;;;;;;;;;;;;x
PROV866;Inegol;;;;;;;;;;;;;x
PROV867;Makri;;;;;;;;;;;;;x
PROV868;Afyon;;;;;;;;;;;;;x
PROV869;Izmir;;;;;;;;;;;;;x
PROV870;Usak;;;;;;;;;;;;;x
PROV871;Denizli;;;;;;;;;;;;;x
PROV872;Mugla;;;;;;;;;;;;;x
PROV873;Konya;;;;;;;;;;;;;x
PROV874;Izbarta;;;;;;;;;;;;;x
PROV875;Antalya;;;;;;;;;;;;;x
PROV876;Ankara;;;;;;;;;;;;;x
PROV877;Yozgat;;;;;;;;;;;;;x
PROV878;Sivas;;;;;;;;;;;;;x
PROV879;Erzincan;;;;;;;;;;;;;x
PROV880;Sinop;;;;;;;;;;;;;x
PROV881;Bolu;;;;;;;;;;;;;x
PROV882;Trabzon;;;;;;;;;;;;;x
PROV883;Samsun;;;;;;;;;;;;;x
PROV884;Giresun;;;;;;;;;;;;;x
PROV885;Kars;;;;;;;;;;;;;x
PROV886;Ardanuc;;;;;;;;;;;;;x
PROV887;Genc;;;;;;;;;;;;;x
PROV888;Dersim;;;;;;;;;;;;;x
PROV889;Urfa;;;;;;;;;;;;;x
PROV890;Arjesh;;;;;;;;;;;;;x
PROV891;Bidlis;;;;;;;;;;;;;x
PROV892;Van;;;;;;;;;;;;;x
PROV893;Marash;;;;;;;;;;;;;x
PROV894;Adana;;;;;;;;;;;;;x
PROV895;Icel;;;;;;;;;;;;;x
PROV896;Mersin;;;;;;;;;;;;;x
PROV897;Aleppo;;;;;;;;;;;;;x
PROV898;Antep;;;;;;;;;;;;;x
PROV899;Akcakale;;;;;;;;;;;;;x
PROV900;Antakiyah;;;;;;;;;;;;;x
PROV901;Hasici;;;;;;;;;;;;;x
PROV902;Dimesk;;;;;;;;;;;;;x
PROV903;Humus;;;;;;;;;;;;;x
PROV904;Rakka;;;;;;;;;;;;;x
PROV905;Al-Ladhiqiyyah;;;;;;;;;;;;;x
PROV906;As-Suwayda;;;;;;;;;;;;;x
PROV907;Palmyra;;;;;;;;;;;;;x
PROV908;Ma'an;;;;;;;;;;;;;x
PROV909;Amman;;;;;;;;;;;;;x
PROV910;Azraq;;;;;;;;;;;;;x
PROV911;Mudawwara;;;;;;;;;;;;;x
PROV912;Baalbek;;;;;;;;;;;;;x
PROV913;Beyrut;;;;;;;;;;;;;x
PROV914;Trablus;;;;;;;;;;;;;x
PROV915;Sayda;;;;;;;;;;;;;x
PROV916;Akka;;;;;;;;;;;;;x
PROV917;Jerusalem;;;;;;;;;;;;;x
PROV918;Nablus;;;;;;;;;;;;;x
PROV919;Yafa;;;;;;;;;;;;;x
PROV920;Gazze;;;;;;;;;;;;;x
PROV921;Bir al-Sabi;;;;;;;;;;;;;x
PROV922;Aqaba;;;;;;;;;;;;;x
PROV923;Musul;;;;;;;;;;;;;x
PROV924;Zakho;;;;;;;;;;;;;x
PROV925;Silemani;;;;;;;;;;;;;x
PROV926;Bagdad;;;;;;;;;;;;;x
PROV927;Samarra;;;;;;;;;;;;;x
PROV928;Rewandiz;;;;;;;;;;;;;x
PROV929;Kerbela;;;;;;;;;;;;;x
PROV930;Kut;;;;;;;;;;;;;x
PROV931;Ar-Rutbah;;;;;;;;;;;;;x
PROV932;Basra;;;;;;;;;;;;;x
PROV933;Al-Muntafiq;;;;;;;;;;;;;x
PROV934;Necef;;;;;;;;;;;;;x
PROV935;Madinat Al-Kuwayt;;;;;;;;;;;;;x
PROV936;Volkovysk;;;;;;;;;;;;;x
PROV937;Pruzhany;;;;;;;;;;;;;x
PROV938;Oshmjana;;;;;;;;;;;;;x
PROV939;Slonim;;;;;;;;;;;;;x
PROV940;Brest-Litovsk;;;;;;;;;;;;;x
PROV941;Luninets;;;;;;;;;;;;;x
PROV942;Kamen-Kashirsky;;;;;;;;;;;;;x
PROV943;Smolensk;;;;;;;;;;;;;x
PROV944;Mogilyov;;;;;;;;;;;;;x
PROV945;Vitebsk;;;;;;;;;;;;;x
PROV946;Krichev;;;;;;;;;;;;;x
PROV947;Molodechno;;;;;;;;;;;;;x
PROV948;Slutsk;;;;;;;;;;;;;x
PROV949;Gomel;;;;;;;;;;;;;x
PROV950;Chust;;;;;;;;;;;;;x
PROV951;Stryi;;;;;;;;;;;;;x
PROV952;Tarnopol;;;;;;;;;;;;;x
PROV953;Stanislau;;;;;;;;;;;;;x
PROV954;Vinnytsya;;;;;;;;;;;;;x
PROV955;Kamenets-Podolskiy;;;;;;;;;;;;;x
PROV956;Rovno;;;;;;;;;;;;;x
PROV957;Kowel;;;;;;;;;;;;;x
PROV958;Kiyev;;;;;;;;;;;;;x
PROV959;Zhytomyr;;;;;;;;;;;;;x
PROV960;Berdychev;;;;;;;;;;;;;x
PROV961;Uman;;;;;;;;;;;;;x
PROV962;Chernigov;;;;;;;;;;;;;x
PROV963;Lubny;;;;;;;;;;;;;x
PROV964;Simferopol';;;;;;;;;;;;;x
PROV965;Kakhovka;;;;;;;;;;;;;x
PROV966;Kerch';;;;;;;;;;;;;x
PROV967;Sevastopol';;;;;;;;;;;;;x
PROV968;Odessa;;;;;;;;;;;;;x
PROV969;Tyraspol';;;;;;;;;;;;;x
PROV970;Nikolayev;;;;;;;;;;;;;x
PROV971;Krivoy Rog;;;;;;;;;;;;;x
PROV972;Melitopol';;;;;;;;;;;;;x
PROV973;Novooleksandrivka;;;;;;;;;;;;;x
PROV974;Saksagan;;;;;;;;;;;;;x
PROV975;Aleksandrovka;;;;;;;;;;;;;x
PROV976;Mariupol';;;;;;;;;;;;;x
PROV977;Lgov;;;;;;;;;;;;;x
PROV978;Kharkov;;;;;;;;;;;;;x
PROV979;Novo-Cherkask;;;;;;;;;;;;;x
PROV980;Rossoshi-Potudan;;;;;;;;;;;;;x
PROV981;Arkhangelsk;;;;;;;;;;;;;x
PROV982;Pechenga;;;;;;;;;;;;;x
PROV983;Porozero;;;;;;;;;;;;;x
PROV984;Ukhta;;;;;;;;;;;;;x
PROV985;Mezen;;;;;;;;;;;;;x
PROV986;Oskinskaja;;;;;;;;;;;;;x
PROV987;Kotlas;;;;;;;;;;;;;x
PROV988;Povenets;;;;;;;;;;;;;x
PROV989;Vologda;;;;;;;;;;;;;x
PROV990;Velikiy Ustjug;;;;;;;;;;;;;x
PROV991;Totma;;;;;;;;;;;;;x
PROV992;Cherepovets;;;;;;;;;;;;;x
PROV993;Vytegra;;;;;;;;;;;;;x
PROV994;Sankt-Peterburg;;;;;;;;;;;;;x
PROV995;Kondopoga;;;;;;;;;;;;;x
PROV996;Saba River Basin;;;;;;;;;;;;;x
PROV997;Gdov;;;;;;;;;;;;;x
PROV998;Tver;;;;;;;;;;;;;x
PROV999;Sychyovka;;;;;;;;;;;;;x
PROV1000;Rzhev;;;;;;;;;;;;;x
PROV1001;Uglich;;;;;;;;;;;;;x
PROV1002;Manzhouli;;;;;;;;;;;;;x
PROV1003;Tikhvin;;;;;;;;;;;;;x
PROV1004;Tikhvin;;;;;;;;;;;;;x
PROV1005;Velikiye Luki;;;;;;;;;;;;;x
PROV1006;Pskov;;;;;;;;;;;;;x
PROV1007;Moskva;;;;;;;;;;;;;x
PROV1008;Moskva;;;;;;;;;;;;;x
PROV1009;Mozhaysk;;;;;;;;;;;;;x
PROV1010;Tula;;;;;;;;;;;;;x
PROV1011;Ryazan';;;;;;;;;;;;;x
PROV1012;Vladimir;;;;;;;;;;;;;x
PROV1013;Vladimir;;;;;;;;;;;;;x
PROV1014;Lyudinovo;;;;;;;;;;;;;x
PROV1015;Bryansk;;;;;;;;;;;;;x
PROV1016;Starodub;;;;;;;;;;;;;x
PROV1017;Oryol;;;;;;;;;;;;;x
PROV1018;Belgorod;;;;;;;;;;;;;x
PROV1019;Voronezh;;;;;;;;;;;;;x
PROV1020;Nizhniy Novgorod;;;;;;;;;;;;;x
PROV1021;Morshansk;;;;;;;;;;;;;x
PROV1022;Ivanovo;;;;;;;;;;;;;x
PROV1023;Kostroma;;;;;;;;;;;;;x
PROV1024;Galich;;;;;;;;;;;;;x
PROV1025;Tambov;;;;;;;;;;;;;x
PROV1026;Perm;;;;;;;;;;;;;x
PROV1027;Vetluga;;;;;;;;;;;;;x
PROV1028;Vyatka;;;;;;;;;;;;;x
PROV1029;Glazov;;;;;;;;;;;;;x
PROV1030;Kazan;;;;;;;;;;;;;x
PROV1031;Urzhum;;;;;;;;;;;;;x
PROV1032;Cheboksar;;;;;;;;;;;;;x
PROV1033;Penza;;;;;;;;;;;;;x
PROV1034;Samara;;;;;;;;;;;;;x
PROV1035;Saransk;;;;;;;;;;;;;x
PROV1036;Astrakhan;;;;;;;;;;;;;x
PROV1037;Saratov;;;;;;;;;;;;;x
PROV1038;Novy Uzen;;;;;;;;;;;;;x
PROV1039;Mikhaylovka;;;;;;;;;;;;;x
PROV1040;Bezrodnoye;;;;;;;;;;;;;x
PROV1041;Kalmykia;;;;;;;;;;;;;x
PROV1042;Ufa;;;;;;;;;;;;;x
PROV1043;Buzuluk;;;;;;;;;;;;;x
PROV1044;Orenburg;;;;;;;;;;;;;x
PROV1045;Bokovskaya;;;;;;;;;;;;;x
PROV1046;Yegorlykskaya;;;;;;;;;;;;;x
PROV1047;Rostov-na-Donu;;;;;;;;;;;;;x
PROV1048;Yekaterinodar;;;;;;;;;;;;;x
PROV1049;Sujuk-Kale;;;;;;;;;;;;;x
PROV1050;Stavropol;;;;;;;;;;;;;x
PROV1051;Maykop;;;;;;;;;;;;;x
PROV1052;Derbent;;;;;;;;;;;;;x
PROV1053;Gunib;;;;;;;;;;;;;x
PROV1054;Vladikavkaz;;;;;;;;;;;;;x
PROV1055;Grozny;;;;;;;;;;;;;x
PROV1056;Pyatigorsk;;;;;;;;;;;;;x
PROV1057;Kizylyar;;;;;;;;;;;;;x
PROV1058;Yekaterinburg;;;;;;;;;;;;;x
PROV1059;Chelyabinsk;;;;;;;;;;;;;x
PROV1060;Orsk;;;;;;;;;;;;;x
PROV1061;Tyumen;;;;;;;;;;;;;x
PROV1062;Berezov;;;;;;;;;;;;;x
PROV1063;Tomsk;;;;;;;;;;;;;x
PROV1064;Omsk;;;;;;;;;;;;;x
PROV1065;Samarovo;;;;;;;;;;;;;x
PROV1066;Tobol'sk;;;;;;;;;;;;;x
PROV1067;Barnaul;;;;;;;;;;;;;x
PROV1068;Ulala;;;;;;;;;;;;;x
PROV1069;Vilyuysk;;;;;;;;;;;;;x
PROV1070;Yeniseysk;;;;;;;;;;;;;x
PROV1071;Qeshm;;;;;;;;;;;;;x
PROV1072;Okhotsk;;;;;;;;;;;;;x
PROV1073;Gizhiga;;;;;;;;;;;;;x
PROV1074;Petropavlovsk;;;;;;;;;;;;;x
PROV1075;Irkutsk;;;;;;;;;;;;;x
PROV1076;Nizhneudinsk;;;;;;;;;;;;;x
PROV1077;Krasnoyarsk;;;;;;;;;;;;;x
PROV1078;Chita;;;;;;;;;;;;;x
PROV1079;Nerchinsk;;;;;;;;;;;;;x
PROV1080;Chumikan;;;;;;;;;;;;;x
PROV1081;Yakesa;;;;;;;;;;;;;x
PROV1082;Haishenwai;;;;;;;;;;;;;x
PROV1083;Boli;;;;;;;;;;;;;x
PROV1084;Utchan;;;;;;;;;;;;;x
PROV1085;Hailanpao;;;;;;;;;;;;;x
PROV1086;Pogobi;;;;;;;;;;;;;x
PROV1087;Otomari;;;;;;;;;;;;;x
PROV1088;Shumshu;;;;;;;;;;;;;x
PROV1089;Etorofu;;;;;;;;;;;;;x
PROV1090;Tiflis;;;;;;;;;;;;;x
PROV1091;Tskhinval;;;;;;;;;;;;;x
PROV1092;Kutais;;;;;;;;;;;;;x
PROV1093;Akhalkalaki;;;;;;;;;;;;;x
PROV1094;Poti;;;;;;;;;;;;;x
PROV1095;Sukhum;;;;;;;;;;;;;x
PROV1096;Batum;;;;;;;;;;;;;x
PROV1097;New Caledonia;;;;;;;;;;;;;x
PROV1098;Erivan;;;;;;;;;;;;;x
PROV1099;Alexandropol;;;;;;;;;;;;;x
PROV1100;Kapan;;;;;;;;;;;;;x
PROV1101;Nakhichevan;;;;;;;;;;;;;x
PROV1102;Baku;;;;;;;;;;;;;x
PROV1103;Quba;;;;;;;;;;;;;x
PROV1104;Nuxa;;;;;;;;;;;;;x
PROV1105;Yelizavetpol;;;;;;;;;;;;;x
PROV1106;Agdam;;;;;;;;;;;;;x
PROV1107;Lankaran;;;;;;;;;;;;;x
PROV1108;Tabriz;;;;;;;;;;;;;x
PROV1109;Khvoy;;;;;;;;;;;;;x
PROV1110;Urmiye;;;;;;;;;;;;;x
PROV1111;Sablax;;;;;;;;;;;;;x
PROV1112;Ardabil;;;;;;;;;;;;;x
PROV1113;Rasht;;;;;;;;;;;;;x
PROV1114;Noshehr;;;;;;;;;;;;;x
PROV1115;Sari;;;;;;;;;;;;;x
PROV1116;Gorgan;;;;;;;;;;;;;x
PROV1117;Sine;;;;;;;;;;;;;x
PROV1118;Saqqez;;;;;;;;;;;;;x
PROV1119;Kermanshah;;;;;;;;;;;;;x
PROV1120;Khoramabad;;;;;;;;;;;;;x
PROV1121;Tehran;;;;;;;;;;;;;x
PROV1122;Bijar;;;;;;;;;;;;;x
PROV1123;Zanjan;;;;;;;;;;;;;x
PROV1124;Qazvin;;;;;;;;;;;;;x
PROV1125;Qom;;;;;;;;;;;;;x
PROV1126;Semnan;;;;;;;;;;;;;x
PROV1127;Isfahan;;;;;;;;;;;;;x
PROV1128;Arak;;;;;;;;;;;;;x
PROV1129;Kashan;;;;;;;;;;;;;x
PROV1130;Yazd;;;;;;;;;;;;;x
PROV1131;Ahvaz;;;;;;;;;;;;;x
PROV1132;Abadan;;;;;;;;;;;;;x
PROV1133;Dezful;;;;;;;;;;;;;x
PROV1134;Dehkord;;;;;;;;;;;;;x
PROV1135;Shiraz;;;;;;;;;;;;;x
PROV1136;Bushire;;;;;;;;;;;;;x
PROV1137;Abadeh;;;;;;;;;;;;;x
PROV1138;Lengeh;;;;;;;;;;;;;x
PROV1139;Sirjan;;;;;;;;;;;;;x
PROV1140;Kerman;;;;;;;;;;;;;x
PROV1141;Bandar e Charak;;;;;;;;;;;;;x
PROV1142;Bandar Abbas;;;;;;;;;;;;;x
PROV1143;Bam;;;;;;;;;;;;;x
PROV1144;Zahedan;;;;;;;;;;;;;x
PROV1145;Jask;;;;;;;;;;;;;x
PROV1146;Chabahar;;;;;;;;;;;;;x
PROV1147;Mashhad;;;;;;;;;;;;;x
PROV1148;Birjand;;;;;;;;;;;;;x
PROV1149;Sabzevar;;;;;;;;;;;;;x
PROV1150;Bojnurd;;;;;;;;;;;;;x
PROV1151;Mecca;;;;;;;;;;;;;x
PROV1152;Jeddah;;;;;;;;;;;;;x
PROV1153;Medina;;;;;;;;;;;;;x
PROV1154;Tabuk;;;;;;;;;;;;;x
PROV1155;Abha;;;;;;;;;;;;;x
PROV1156;Kaf;;;;;;;;;;;;;x
PROV1157;Riyadh;;;;;;;;;;;;;x
PROV1158;Al-Nefud;;;;;;;;;;;;;x
PROV1159;Halaban;;;;;;;;;;;;;x
PROV1160;Hail;;;;;;;;;;;;;x
PROV1161;Sharurah;;;;;;;;;;;;;x
PROV1162;Bahrain;;;;;;;;;;;;;x
PROV1163;Qatif;;;;;;;;;;;;;x
PROV1164;Hufuf;;;;;;;;;;;;;x
PROV1165;Doha;;;;;;;;;;;;;x
PROV1166;Muscat;;;;;;;;;;;;;x
PROV1167;Abu Dhabi;;;;;;;;;;;;;x
PROV1168;Dubai;;;;;;;;;;;;;x
PROV1169;Sohar;;;;;;;;;;;;;x
PROV1170;Nizwa;;;;;;;;;;;;;x
PROV1171;Sur;;;;;;;;;;;;;x
PROV1172;Dhofar Mountains;;;;;;;;;;;;;x
PROV1173;Mukalla;;;;;;;;;;;;;x
PROV1174;Salalah;;;;;;;;;;;;;x
PROV1175;Ghayda;;;;;;;;;;;;;x
PROV1176;Bayda;;;;;;;;;;;;;x
PROV1177;Socotra;;;;;;;;;;;;;x
PROV1178;Sana'a;;;;;;;;;;;;;x
PROV1179;Al-Hudaydah;;;;;;;;;;;;;x
PROV1180;Al-Jawf;;;;;;;;;;;;;x
PROV1181;Akmolinsk;;;;;;;;;;;;;x
PROV1182;Guryev;;;;;;;;;;;;;x
PROV1183;Chelkar;;;;;;;;;;;;;x
PROV1184;Pavlodar;;;;;;;;;;;;;x
PROV1185;Shu;;;;;;;;;;;;;x
PROV1186;Alma-Ata;;;;;;;;;;;;;x
PROV1187;Semipalatinsk;;;;;;;;;;;;;x
PROV1188;Qaratal;;;;;;;;;;;;;x
PROV1189;Bishkek;;;;;;;;;;;;;x
PROV1190;Naryn;;;;;;;;;;;;;x
PROV1191;Khiva;;;;;;;;;;;;;x
PROV1192;Nukus;;;;;;;;;;;;;x
PROV1193;Ak-Mechet;;;;;;;;;;;;;x
PROV1194;Aqtau;;;;;;;;;;;;;x
PROV1195;Tashkent;;;;;;;;;;;;;x
PROV1196;Konye-Urgench;;;;;;;;;;;;;x
PROV1197;Turkestan;;;;;;;;;;;;;x
PROV1198;Bukhoro;;;;;;;;;;;;;x
PROV1199;Samarkand;;;;;;;;;;;;;x
PROV1200;Qarshi;;;;;;;;;;;;;x
PROV1201;Khojand;;;;;;;;;;;;;x
PROV1202;Kokand;;;;;;;;;;;;;x
PROV1203;Talas;;;;;;;;;;;;;x
PROV1204;Karakum Desert;;;;;;;;;;;;;x
PROV1205;Bekdash;;;;;;;;;;;;;x
PROV1206;Chardzhou;;;;;;;;;;;;;x
PROV1207;Kulob;;;;;;;;;;;;;x
PROV1208;Alichur;;;;;;;;;;;;;x
PROV1209;Kabul;;;;;;;;;;;;;x
PROV1210;Faizabad;;;;;;;;;;;;;x
PROV1211;Sheberghan;;;;;;;;;;;;;x
PROV1212;Kuh-e-Miliki Mountains;;;;;;;;;;;;;x
PROV1213;Girishk;;;;;;;;;;;;;x
PROV1214;Farrah;;;;;;;;;;;;;x
PROV1215;Kandahar;;;;;;;;;;;;;x
PROV1216;Paran;;;;;;;;;;;;;x
PROV1217;Ghazni;;;;;;;;;;;;;x
PROV1218;Mianwali;;;;;;;;;;;;;x
PROV1219;Quetta;;;;;;;;;;;;;x
PROV1220;Chagai;;;;;;;;;;;;;x
PROV1221;Kalat;;;;;;;;;;;;;x
PROV1222;Bela;;;;;;;;;;;;;x
PROV1223;Chitral;;;;;;;;;;;;;x
PROV1224;Srinagar;;;;;;;;;;;;;x
PROV1225;Skardu;;;;;;;;;;;;;x
PROV1226;Leh;;;;;;;;;;;;;x
PROV1227;Lahore;;;;;;;;;;;;;x
PROV1228;Multan;;;;;;;;;;;;;x
PROV1229;Sialkot;;;;;;;;;;;;;x
PROV1230;Attock;;;;;;;;;;;;;x
PROV1231;Bahawalpur;;;;;;;;;;;;;x
PROV1232;Shahpur;;;;;;;;;;;;;x
PROV1233;Simla;;;;;;;;;;;;;x
PROV1234;Firozpur;;;;;;;;;;;;;x
PROV1235;Chamba;;;;;;;;;;;;;x
PROV1236;Delhi;;;;;;;;;;;;;x
PROV1237;Panipat;;;;;;;;;;;;;x
PROV1238;Kashipur;;;;;;;;;;;;;x
PROV1239;Meerut;;;;;;;;;;;;;x
PROV1240;Agra;;;;;;;;;;;;;x
PROV1241;Cawnpore;;;;;;;;;;;;;x
PROV1242;Lucknow;;;;;;;;;;;;;x
PROV1243;Allahabad;;;;;;;;;;;;;x
PROV1244;Faizabad;;;;;;;;;;;;;x
PROV1245;Benares;;;;;;;;;;;;;x
PROV1246;Gorakhpur;;;;;;;;;;;;;x
PROV1247;Patna;;;;;;;;;;;;;x
PROV1248;Gaya;;;;;;;;;;;;;x
PROV1249;Kharswari;;;;;;;;;;;;;x
PROV1250;Bhagalpur;;;;;;;;;;;;;x
PROV1251;Calcutta;;;;;;;;;;;;;x
PROV1252;Darjeeling;;;;;;;;;;;;;x
PROV1253;Bardwan;;;;;;;;;;;;;x
PROV1254;Dacca;;;;;;;;;;;;;x
PROV1255;Rajshahi;;;;;;;;;;;;;x
PROV1256;Jessore;;;;;;;;;;;;;x
PROV1257;Chittagong;;;;;;;;;;;;;x
PROV1258;Gauhati;;;;;;;;;;;;;x
PROV1259;Imphal;;;;;;;;;;;;;x
PROV1260;Dibrugarh;;;;;;;;;;;;;x
PROV1261;Cuttack;;;;;;;;;;;;;x
PROV1262;Keunjahr;;;;;;;;;;;;;x
PROV1263;Sambalpur;;;;;;;;;;;;;x
PROV1264;Ajmer;;;;;;;;;;;;;x
PROV1265;Jaisalmer;;;;;;;;;;;;;x
PROV1266;Jodhpur;;;;;;;;;;;;;x
PROV1267;Bikaner;;;;;;;;;;;;;x
PROV1268;Jaipur;;;;;;;;;;;;;x
PROV1269;Udaipur;;;;;;;;;;;;;x
PROV1270;Gwalior;;;;;;;;;;;;;x
PROV1271;Indore;;;;;;;;;;;;;x
PROV1272;Bhopal;;;;;;;;;;;;;x
PROV1273;Chhatarpur;;;;;;;;;;;;;x
PROV1274;Rewah;;;;;;;;;;;;;x
PROV1275;Jubbulpore;;;;;;;;;;;;;x
PROV1276;Hoshangabad;;;;;;;;;;;;;x
PROV1277;Nagpur;;;;;;;;;;;;;x
PROV1278;Amarati;;;;;;;;;;;;;x
PROV1279;Jagdalpur;;;;;;;;;;;;;x
PROV1280;Raipur;;;;;;;;;;;;;x
PROV1281;Bilaspur;;;;;;;;;;;;;x
PROV1282;Raigarh;;;;;;;;;;;;;x
PROV1283;Hyderabad;;;;;;;;;;;;;x
PROV1284;Aurangabad;;;;;;;;;;;;;x
PROV1285;Nizamabad;;;;;;;;;;;;;x
PROV1286;Gulbarga;;;;;;;;;;;;;x
PROV1287;Warangal;;;;;;;;;;;;;x
PROV1288;Karachi;;;;;;;;;;;;;x
PROV1289;Sukkur;;;;;;;;;;;;;x
PROV1290;Palanpur;;;;;;;;;;;;;x
PROV1291;Ahmedabad;;;;;;;;;;;;;x
PROV1292;Rajpipla;;;;;;;;;;;;;x
PROV1293;Mandvi;;;;;;;;;;;;;x
PROV1294;Patan;;;;;;;;;;;;;x
PROV1295;Baroda;;;;;;;;;;;;;x
PROV1296;Dharampur;;;;;;;;;;;;;x
PROV1297;Bombay;;;;;;;;;;;;;x
PROV1298;Nasik;;;;;;;;;;;;;x
PROV1299;Jath;;;;;;;;;;;;;x
PROV1300;Poona;;;;;;;;;;;;;x
PROV1301;Kolhapur;;;;;;;;;;;;;x
PROV1302;Belgaum;;;;;;;;;;;;;x
PROV1303;Goa;;;;;;;;;;;;;x
PROV1304;Madras;;;;;;;;;;;;;x
PROV1305;Vizagapatnam;;;;;;;;;;;;;x
PROV1306;Masulipatnam;;;;;;;;;;;;;x
PROV1307;Nellore;;;;;;;;;;;;;x
PROV1308;Kurnool;;;;;;;;;;;;;x
PROV1309;Tanjore;;;;;;;;;;;;;x
PROV1310;Madurai;;;;;;;;;;;;;x
PROV1311;Coimbatore;;;;;;;;;;;;;x
PROV1312;Pondichery;;;;;;;;;;;;;x
PROV1313;Bangalore;;;;;;;;;;;;;x
PROV1314;Mysore;;;;;;;;;;;;;x
PROV1315;Chitaldroog;;;;;;;;;;;;;x
PROV1316;Mangalore;;;;;;;;;;;;;x
PROV1317;Calicut;;;;;;;;;;;;;x
PROV1318;Cochin;;;;;;;;;;;;;x
PROV1319;Trivandrum;;;;;;;;;;;;;x
PROV1320;Andaman Islands;;;;;;;;;;;;;x
PROV1321;Colombo;;;;;;;;;;;;;x
PROV1322;Jaffna;;;;;;;;;;;;;x
PROV1323;Kandy;;;;;;;;;;;;;x
PROV1324;Trincomalee;;;;;;;;;;;;;x
PROV1325;Maldives;;;;;;;;;;;;;x
PROV1326;Katmandu;;;;;;;;;;;;;x
PROV1327;Jumla;;;;;;;;;;;;;x
PROV1328;Lepcha Mun;;;;;;;;;;;;;x
PROV1329;Thimpu;;;;;;;;;;;;;x
PROV1330;Rangoon;;;;;;;;;;;;;x
PROV1331;Bassein;;;;;;;;;;;;;x
PROV1332;Pegu;;;;;;;;;;;;;x
PROV1333;Toungoo;;;;;;;;;;;;;x
PROV1334;Ava;;;;;;;;;;;;;x
PROV1335;Kyaukse;;;;;;;;;;;;;x
PROV1336;Magwe;;;;;;;;;;;;;x
PROV1337;Prome;;;;;;;;;;;;;x
PROV1338;Taunggyi;;;;;;;;;;;;;x
PROV1339;Jaca;;;;;;;;;;;;;x
PROV1340;Lashio;;;;;;;;;;;;;x
PROV1341;Putao;;;;;;;;;;;;;x
PROV1342;Myitkyina;;;;;;;;;;;;;x
PROV1343;Moulmein;;;;;;;;;;;;;x
PROV1344;Mergui;;;;;;;;;;;;;x
PROV1345;Sittwe;;;;;;;;;;;;;x
PROV1346;Bangkok;;;;;;;;;;;;;x
PROV1347;Lopburi;;;;;;;;;;;;;x
PROV1348;Nakhon Sawan;;;;;;;;;;;;;x
PROV1349;Sukhothai;;;;;;;;;;;;;x
PROV1350;Nakhon Ratchasima;;;;;;;;;;;;;x
PROV1351;Prachinburi;;;;;;;;;;;;;x
PROV1352;Phuket;;;;;;;;;;;;;x
PROV1353;Ratchaburi;;;;;;;;;;;;;x
PROV1354;Nakhon Si Thammarat;;;;;;;;;;;;;x
PROV1355;Chiang Mai;;;;;;;;;;;;;x
PROV1356;Luang Prabang;;;;;;;;;;;;;x
PROV1357;Vientiane;;;;;;;;;;;;;x
PROV1358;Udon Thani;;;;;;;;;;;;;x
PROV1359;Sisaket;;;;;;;;;;;;;x
PROV1360;Xiangabouli;;;;;;;;;;;;;x
PROV1361;Savannakhet;;;;;;;;;;;;;x
PROV1362;Salavan;;;;;;;;;;;;;x
PROV1363;Pakse;;;;;;;;;;;;;x
PROV1364;Phnom Penh;;;;;;;;;;;;;x
PROV1365;Chanthaburi;;;;;;;;;;;;;x
PROV1366;Battambang;;;;;;;;;;;;;x
PROV1367;Kampot;;;;;;;;;;;;;x
PROV1368;Stongtreng;;;;;;;;;;;;;x
PROV1369;Hanoi;;;;;;;;;;;;;x
PROV1370;Hai Phong;;;;;;;;;;;;;x
PROV1371;Cao Bang;;;;;;;;;;;;;x
PROV1372;Son La;;;;;;;;;;;;;x
PROV1373;Lang Son;;;;;;;;;;;;;x
PROV1374;Thanh Hoa;;;;;;;;;;;;;x
PROV1375;Hue;;;;;;;;;;;;;x
PROV1376;Vinh;;;;;;;;;;;;;x
PROV1377;Da Nang;;;;;;;;;;;;;x
PROV1378;Pleiku;;;;;;;;;;;;;x
PROV1379;Qui Nhon;;;;;;;;;;;;;x
PROV1380;Sai Gon;;;;;;;;;;;;;x
PROV1381;Dong Quai;;;;;;;;;;;;;x
PROV1382;Ha Tien;;;;;;;;;;;;;x
PROV1383;Vinh Long;;;;;;;;;;;;;x
PROV1384;Singapore;;;;;;;;;;;;;x
PROV1385;Tanjung Puteri;;;;;;;;;;;;;x
PROV1386;Malaka;;;;;;;;;;;;;x
PROV1387;Kelang;;;;;;;;;;;;;x
PROV1388;Penang;;;;;;;;;;;;;x
PROV1389;Alor Setar;;;;;;;;;;;;;x
PROV1390;Pekan;;;;;;;;;;;;;x
PROV1391;Kota Kubang Labu;;;;;;;;;;;;;x
PROV1392;Pattani;;;;;;;;;;;;;x
PROV1393;Brunei;;;;;;;;;;;;;x
PROV1394;Kuching;;;;;;;;;;;;;x
PROV1395;Bintulu;;;;;;;;;;;;;x
PROV1396;Api;;;;;;;;;;;;;x
PROV1397;Sandakan;;;;;;;;;;;;;x
PROV1398;Jambi;;;;;;;;;;;;;x
PROV1399;Palembang;;;;;;;;;;;;;x
PROV1400;Indragiri;;;;;;;;;;;;;x
PROV1401;Siak;;;;;;;;;;;;;x
PROV1402;Riouw Islands;;;;;;;;;;;;;x
PROV1403;The Lampongs;;;;;;;;;;;;;x
PROV1404;Bangka Belitung Islands;;;;;;;;;;;;;x
PROV1405;Kutaraja;;;;;;;;;;;;;x
PROV1406;Medan;;;;;;;;;;;;;x
PROV1407;Tapaktoean;;;;;;;;;;;;;x
PROV1408;Padang;;;;;;;;;;;;;x
PROV1409;Siboga;;;;;;;;;;;;;x
PROV1410;Bencoolen;;;;;;;;;;;;;x
PROV1411;Nias Islands;;;;;;;;;;;;;x
PROV1412;Aden;;;;;;;;;;;;;x
PROV1413;Batavia;;;;;;;;;;;;;x
PROV1414;Buitenzorg;;;;;;;;;;;;;x
PROV1415;Tjeribon;;;;;;;;;;;;;x
PROV1416;Djokjakarta;;;;;;;;;;;;;x
PROV1417;Semarang;;;;;;;;;;;;;x
PROV1418;Soerabaja;;;;;;;;;;;;;x
PROV1419;Soerakarta;;;;;;;;;;;;;x
PROV1420;Probolinggo;;;;;;;;;;;;;x
PROV1421;Madoera;;;;;;;;;;;;;x
PROV1422;Moeraleve;;;;;;;;;;;;;x
PROV1423;Banjarmasin;;;;;;;;;;;;;x
PROV1424;Pasir;;;;;;;;;;;;;x
PROV1425;Tanjung Redeb;;;;;;;;;;;;;x
PROV1426;Pontianak;;;;;;;;;;;;;x
PROV1427;Kota Waringin;;;;;;;;;;;;;x
PROV1428;Sintang;;;;;;;;;;;;;x
PROV1429;Tanjung Selor;;;;;;;;;;;;;x
PROV1430;Makassar;;;;;;;;;;;;;x
PROV1431;Bone;;;;;;;;;;;;;x
PROV1432;Mamoedjoe;;;;;;;;;;;;;x
PROV1433;Menado;;;;;;;;;;;;;x
PROV1434;Gorontalo;;;;;;;;;;;;;x
PROV1435;Donggala;;;;;;;;;;;;;x
PROV1436;Palopo;;;;;;;;;;;;;x
PROV1437;Bulon;;;;;;;;;;;;;x
PROV1438;Bali;;;;;;;;;;;;;x
PROV1439;Ruteng;;;;;;;;;;;;;x
PROV1440;Soembawa;;;;;;;;;;;;;x
PROV1441;Soemba;;;;;;;;;;;;;x
PROV1442;Lombok;;;;;;;;;;;;;x
PROV1443;Rote Island;;;;;;;;;;;;;x
PROV1444;Larantuca;;;;;;;;;;;;;x
PROV1445;Noemuti;;;;;;;;;;;;;x
PROV1446;Dili;;;;;;;;;;;;;x
PROV1447;Batjan;;;;;;;;;;;;;x
PROV1448;Tidore;;;;;;;;;;;;;x
PROV1449;Ambon;;;;;;;;;;;;;x
PROV1450;Taniwel;;;;;;;;;;;;;x
PROV1451;Aroe;;;;;;;;;;;;;x
PROV1452;Serui;;;;;;;;;;;;;x
PROV1453;Viqueque;;;;;;;;;;;;;x
PROV1454;Merah;;;;;;;;;;;;;x
PROV1455;Manila;;;;;;;;;;;;;x
PROV1456;Vigan;;;;;;;;;;;;;x
PROV1457;Legazpi;;;;;;;;;;;;;x
PROV1458;Mindoro;;;;;;;;;;;;;x
PROV1459;Palawan;;;;;;;;;;;;;x
PROV1460;Iloilo;;;;;;;;;;;;;x
PROV1461;Tacloban;;;;;;;;;;;;;x
PROV1462;Cotabato;;;;;;;;;;;;;x
PROV1463;Davao;;;;;;;;;;;;;x
PROV1464;Jolo;;;;;;;;;;;;;x
PROV1465;Urga;;;;;;;;;;;;;x
PROV1466;Dalandzadgad;;;;;;;;;;;;;x
PROV1467;Bayan Tumen;;;;;;;;;;;;;x
PROV1468;Uliastai;;;;;;;;;;;;;x
PROV1469;Uriankhai;;;;;;;;;;;;;x
PROV1470;Anqing;;;;;;;;;;;;;x
PROV1471;Chizhou;;;;;;;;;;;;;x
PROV1472;Fengyang;;;;;;;;;;;;;x
PROV1473;Huizhou;;;;;;;;;;;;;x
PROV1474;Luzhou;;;;;;;;;;;;;x
PROV1475;Ningguo;;;;;;;;;;;;;x
PROV1476;Sizhou;;;;;;;;;;;;;x
PROV1477;Taiping;;;;;;;;;;;;;x
PROV1478;Yingzhou;;;;;;;;;;;;;x
PROV1479;Mukden;;;;;;;;;;;;;x
PROV1480;Jinzhou;;;;;;;;;;;;;x
PROV1481;Lushun;;;;;;;;;;;;;x
PROV1482;Fuzhou;;;;;;;;;;;;;x
PROV1483;Jianning;;;;;;;;;;;;;x
PROV1484;Quanzhou;;;;;;;;;;;;;x
PROV1485;Tainan;;;;;;;;;;;;;x
PROV1486;Tingzhou;;;;;;;;;;;;;x
PROV1487;Zhangzhou;;;;;;;;;;;;;x
PROV1488;Gansu;;;;;;;;;;;;;x
PROV1489;Gongchang;;;;;;;;;;;;;x
PROV1490;Lanzhou;;;;;;;;;;;;;x
PROV1491;Ningxia;;;;;;;;;;;;;x
PROV1492;Pingliang;;;;;;;;;;;;;x
PROV1493;Canton;;;;;;;;;;;;;x
PROV1494;Chaozhou;;;;;;;;;;;;;x
PROV1495;Maoming;;;;;;;;;;;;;x
PROV1496;Hong Kong;;;;;;;;;;;;;x
PROV1497;Waizao;;;;;;;;;;;;;x
PROV1498;Macao;;;;;;;;;;;;;x
PROV1499;Hainan;;;;;;;;;;;;;x
PROV1500;Shaozhou;;;;;;;;;;;;;x
PROV1501;Zhaoqing;;;;;;;;;;;;;x
PROV1502;Nanning;;;;;;;;;;;;;x
PROV1503;Guilin;;;;;;;;;;;;;x
PROV1504;Pingle;;;;;;;;;;;;;x
PROV1505;Guiyang;;;;;;;;;;;;;x
PROV1506;Anshun;;;;;;;;;;;;;x
PROV1507;Zhenyuan;;;;;;;;;;;;;x
PROV1508;Kaifeng;;;;;;;;;;;;;x
PROV1509;Guide;;;;;;;;;;;;;x
PROV1510;Henan Prefecture;;;;;;;;;;;;;x
PROV1511;Huaiqing;;;;;;;;;;;;;x
PROV1512;Chenzhou;;;;;;;;;;;;;x
PROV1513;Nanyang;;;;;;;;;;;;;x
PROV1514;Runing;;;;;;;;;;;;;x
PROV1515;Weihui;;;;;;;;;;;;;x
PROV1516;Hanyang;;;;;;;;;;;;;x
PROV1517;Dean;;;;;;;;;;;;;x
PROV1518;Huangzhou;;;;;;;;;;;;;x
PROV1519;Anlu;;;;;;;;;;;;;x
PROV1520;Jingzhou;;;;;;;;;;;;;x
PROV1521;Shinan;;;;;;;;;;;;;x
PROV1522;Wuchang;;;;;;;;;;;;;x
PROV1523;Xiangyang;;;;;;;;;;;;;x
PROV1524;Changsha;;;;;;;;;;;;;x
PROV1525;Changde;;;;;;;;;;;;;x
PROV1526;Baoqing;;;;;;;;;;;;;x
PROV1527;Hengzhou;;;;;;;;;;;;;x
PROV1528;Yuezhou;;;;;;;;;;;;;x
PROV1529;Yongshun;;;;;;;;;;;;;x
PROV1530;Yongzhou;;;;;;;;;;;;;x
PROV1531;New Ireland;;;;;;;;;;;;;x
PROV1532;Guihua Tumed;;;;;;;;;;;;;x
PROV1533;Jirim Chuulgan;;;;;;;;;;;;;x
PROV1534;Ulaan Chab Chuulghan;;;;;;;;;;;;;x
PROV1535;Yeke Juu Chuulghan;;;;;;;;;;;;;x
PROV1536;Huaian;;;;;;;;;;;;;x
PROV1537;Changzhou;;;;;;;;;;;;;x
PROV1538;Shanghai;;;;;;;;;;;;;x
PROV1539;Suzhou;;;;;;;;;;;;;x
PROV1540;Nantong;;;;;;;;;;;;;x
PROV1541;Tongzhou;;;;;;;;;;;;;x
PROV1542;Xuzhou;;;;;;;;;;;;;x
PROV1543;Yangzhou;;;;;;;;;;;;;x
PROV1544;Zhenjiang;;;;;;;;;;;;;x
PROV1545;Nanchang;;;;;;;;;;;;;x
PROV1546;Guangxin;;;;;;;;;;;;;x
PROV1547;Jian;;;;;;;;;;;;;x
PROV1548;Jianchang;;;;;;;;;;;;;x
PROV1549;Jiujiang;;;;;;;;;;;;;x
PROV1550;Ganzhou;;;;;;;;;;;;;x
PROV1551;Raozhou;;;;;;;;;;;;;x
PROV1552;Qiqihar;;;;;;;;;;;;;x
PROV1553;Aigun;;;;;;;;;;;;;x
PROV1554;Ninguta;;;;;;;;;;;;;x
PROV1555;Jilin;;;;;;;;;;;;;x
PROV1556;Makhai;;;;;;;;;;;;;x
PROV1557;Xining;;;;;;;;;;;;;x
PROV1558;Kegudo;;;;;;;;;;;;;x
PROV1559;Xian;;;;;;;;;;;;;x
PROV1560;Merauke;;;;;;;;;;;;;x
PROV1561;Yenan;;;;;;;;;;;;;x
PROV1562;Hanzhong;;;;;;;;;;;;;x
PROV1563;Jinan;;;;;;;;;;;;;x
PROV1564;Caozhou;;;;;;;;;;;;;x
PROV1565;Laizhou;;;;;;;;;;;;;x
PROV1566;Qingdao;;;;;;;;;;;;;x
PROV1567;Qingzhou;;;;;;;;;;;;;x
PROV1568;Taian;;;;;;;;;;;;;x
PROV1569;Weihaiwei;;;;;;;;;;;;;x
PROV1570;Wuding;;;;;;;;;;;;;x
PROV1571;Yizhou;;;;;;;;;;;;;x
PROV1572;Taiyuan;;;;;;;;;;;;;x
PROV1573;Fenzhou;;;;;;;;;;;;;x
PROV1574;Luan;;;;;;;;;;;;;x
PROV1575;Pingyang;;;;;;;;;;;;;x
PROV1576;Datong;;;;;;;;;;;;;x
PROV1577;Chongqing;;;;;;;;;;;;;x
PROV1578;Chengdu;;;;;;;;;;;;;x
PROV1579;Baotung;;;;;;;;;;;;;x
PROV1580;Jiading;;;;;;;;;;;;;x
PROV1581;Kuizhou;;;;;;;;;;;;;x
PROV1582;Longan;;;;;;;;;;;;;x
PROV1583;Shunqing;;;;;;;;;;;;;x
PROV1584;Tongchuan;;;;;;;;;;;;;x
PROV1585;Yibin;;;;;;;;;;;;;x
PROV1586;Yazhou;;;;;;;;;;;;;x
PROV1587;Lhasa;;;;;;;;;;;;;x
PROV1588;Chamdo;;;;;;;;;;;;;x
PROV1589;Shigatse;;;;;;;;;;;;;x
PROV1590;Lhodrak;;;;;;;;;;;;;x
PROV1591;Changtang;;;;;;;;;;;;;x
PROV1592;Ngari;;;;;;;;;;;;;x
PROV1593;Tawang;;;;;;;;;;;;;x
PROV1594;Kashgar;;;;;;;;;;;;;x
PROV1595;Ili;;;;;;;;;;;;;x
PROV1596;Tulta;;;;;;;;;;;;;x
PROV1597;Aksu;;;;;;;;;;;;;x
PROV1598;Khotan;;;;;;;;;;;;;x
PROV1599;Kumul;;;;;;;;;;;;;x
PROV1600;Urumqi;;;;;;;;;;;;;x
PROV1601;Kunming;;;;;;;;;;;;;x
PROV1602;Dali;;;;;;;;;;;;;x
PROV1603;Puer;;;;;;;;;;;;;x
PROV1604;Hangzhou;;;;;;;;;;;;;x
PROV1605;Huzhou;;;;;;;;;;;;;x
PROV1606;Jiaxing;;;;;;;;;;;;;x
PROV1607;Jinhua;;;;;;;;;;;;;x
PROV1608;Ningbo;;;;;;;;;;;;;x
PROV1609;Shaoxing;;;;;;;;;;;;;x
PROV1610;Taizhou;;;;;;;;;;;;;x
PROV1611;Wenzhou;;;;;;;;;;;;;x
PROV1612;Baoding;;;;;;;;;;;;;x
PROV1613;Chengde;;;;;;;;;;;;;x
PROV1614;Daming;;;;;;;;;;;;;x
PROV1615;Jizhou;;;;;;;;;;;;;x
PROV1616;Peking;;;;;;;;;;;;;x
PROV1617;Tianjin;;;;;;;;;;;;;x
PROV1618;Zhongding;;;;;;;;;;;;;x
PROV1619;Pyongyang;;;;;;;;;;;;;x
PROV1620;Chonchon;;;;;;;;;;;;;x
PROV1621;Hamhung;;;;;;;;;;;;;x
PROV1622;Kyongsong;;;;;;;;;;;;;x
PROV1623;Kilju;;;;;;;;;;;;;x
PROV1624;Hanseong;;;;;;;;;;;;;x
PROV1625;Kaesong;;;;;;;;;;;;;x
PROV1626;Haeju;;;;;;;;;;;;;x
PROV1627;Hwangju;;;;;;;;;;;;;x
PROV1628;Inchon;;;;;;;;;;;;;x
PROV1629;Deokwon;;;;;;;;;;;;;x
PROV1630;Kangnung;;;;;;;;;;;;;x
PROV1631;Sangju;;;;;;;;;;;;;x
PROV1632;Dongnae;;;;;;;;;;;;;x
PROV1633;Taegu;;;;;;;;;;;;;x
PROV1634;Gyeongju;;;;;;;;;;;;;x
PROV1635;Jeonju;;;;;;;;;;;;;x
PROV1636;Gongju;;;;;;;;;;;;;x
PROV1637;Cheju;;;;;;;;;;;;;x
PROV1638;Hiroshima;;;;;;;;;;;;;x
PROV1639;Okayama;;;;;;;;;;;;;x
PROV1640;Yamaguchi;;;;;;;;;;;;;x
PROV1641;Matsue;;;;;;;;;;;;;x
PROV1642;Hakodate;;;;;;;;;;;;;x
PROV1643;Ishikari;;;;;;;;;;;;;x
PROV1644;Meakan;;;;;;;;;;;;;x
PROV1645;Niigata;;;;;;;;;;;;;x
PROV1646;Kanazawa;;;;;;;;;;;;;x
PROV1647;Fukui;;;;;;;;;;;;;x
PROV1648;Toyama;;;;;;;;;;;;;x
PROV1649;Edo;;;;;;;;;;;;;x
PROV1650;Chiba;;;;;;;;;;;;;x
PROV1651;Yokohama;;;;;;;;;;;;;x
PROV1652;Urawa;;;;;;;;;;;;;x
PROV1653;Mito;;;;;;;;;;;;;x
PROV1654;Bonin;;;;;;;;;;;;;x
PROV1655;Osaka;;;;;;;;;;;;;x
PROV1656;Wakayama;;;;;;;;;;;;;x
PROV1657;Kyoto;;;;;;;;;;;;;x
PROV1658;Nara;;;;;;;;;;;;;x
PROV1659;Kobe;;;;;;;;;;;;;x
PROV1660;Fukuoka;;;;;;;;;;;;;x
PROV1661;Nagasaki;;;;;;;;;;;;;x
PROV1662;Kagoshima;;;;;;;;;;;;;x
PROV1663;Miyazaki;;;;;;;;;;;;;x
PROV1664;Kumamoto;;;;;;;;;;;;;x
PROV1665;Kochi;;;;;;;;;;;;;x
PROV1666;Matsuyama;;;;;;;;;;;;;x
PROV1667;Tokushima;;;;;;;;;;;;;x
PROV1668;Sendai;;;;;;;;;;;;;x
PROV1669;Fukushima;;;;;;;;;;;;;x
PROV1670;Morioka;;;;;;;;;;;;;x
PROV1671;Akita;;;;;;;;;;;;;x
PROV1672;Aomori;;;;;;;;;;;;;x
PROV1673;Yamagata;;;;;;;;;;;;;x
PROV1674;Utsunomiya;;;;;;;;;;;;;x
PROV1675;Nagoya;;;;;;;;;;;;;x
PROV1676;Shizuoka;;;;;;;;;;;;;x
PROV1677;Nagano;;;;;;;;;;;;;x
PROV1678;Okinawa;;;;;;;;;;;;;x
PROV1679;Amami;;;;;;;;;;;;;x
PROV1680;Fez;;;;;;;;;;;;;x
PROV1681;Wazzan;;;;;;;;;;;;;x
PROV1682;Meknes;;;;;;;;;;;;;x
PROV1683;Taza;;;;;;;;;;;;;x
PROV1684;Wujda;;;;;;;;;;;;;x
PROV1685;Rabat;;;;;;;;;;;;;x
PROV1686;Tangier;;;;;;;;;;;;;x
PROV1687;Tetouan;;;;;;;;;;;;;x
PROV1688;Ajdir;;;;;;;;;;;;;x
PROV1689;Melilla;;;;;;;;;;;;;x
PROV1690;Marrakesh;;;;;;;;;;;;;x
PROV1691;Casablanca;;;;;;;;;;;;;x
PROV1692;Huribka;;;;;;;;;;;;;x
PROV1693;Sawira;;;;;;;;;;;;;x
PROV1694;Agadir;;;;;;;;;;;;;x
PROV1695;Ifni;;;;;;;;;;;;;x
PROV1696;Cape Juby;;;;;;;;;;;;;x
PROV1697;Missour;;;;;;;;;;;;;x
PROV1698;Rashidia;;;;;;;;;;;;;x
PROV1699;Warzazat;;;;;;;;;;;;;x
PROV1700;Alger;;;;;;;;;;;;;x
PROV1701;Bougie;;;;;;;;;;;;;x
PROV1702;Setif;;;;;;;;;;;;;x
PROV1703;Dellys;;;;;;;;;;;;;x
PROV1704;Oran;;;;;;;;;;;;;x
PROV1705;Saint-Denis-de-Sig;;;;;;;;;;;;;x
PROV1706;Al-Madiya;;;;;;;;;;;;;x
PROV1707;Mascara;;;;;;;;;;;;;x
PROV1708;Batna;;;;;;;;;;;;;x
PROV1709;Annaba;;;;;;;;;;;;;x
PROV1710;Tibeskert;;;;;;;;;;;;;x
PROV1711;Tugurt;;;;;;;;;;;;;x
PROV1712;Ouargla;;;;;;;;;;;;;x
PROV1713;Titteri;;;;;;;;;;;;;x
PROV1714;Antofalla;;;;;;;;;;;;;x
PROV1715;El Golea;;;;;;;;;;;;;x
PROV1716;Tindouf;;;;;;;;;;;;;x
PROV1717;Tamanrasset;;;;;;;;;;;;;x
PROV1718;Skikda;;;;;;;;;;;;;x
PROV1719;Adrar;;;;;;;;;;;;;x
PROV1720;Ain Salah;;;;;;;;;;;;;x
PROV1721;Qusantinah;;;;;;;;;;;;;x
PROV1722;Bechar;;;;;;;;;;;;;x
PROV1723;Chagres;;;;;;;;;;;;;x
PROV1724;Orkney & Shetland;;;;;;;;;;;;;x
PROV1725;Tunis;;;;;;;;;;;;;x
PROV1726;Bizerte;;;;;;;;;;;;;x
PROV1727;Gafsa;;;;;;;;;;;;;x
PROV1728;Kairouan;;;;;;;;;;;;;x
PROV1729;Tozeur;;;;;;;;;;;;;x
PROV1730;Gabes;;;;;;;;;;;;;x
PROV1731;Tripoli;;;;;;;;;;;;;x
PROV1732;Gharyan;;;;;;;;;;;;;x
PROV1733;Zawiya;;;;;;;;;;;;;x
PROV1734;Sirt;;;;;;;;;;;;;x
PROV1735;Bingazi;;;;;;;;;;;;;x
PROV1736;Derne;;;;;;;;;;;;;x
PROV1737;Djaraboub;;;;;;;;;;;;;x
PROV1738;Al Kufrah;;;;;;;;;;;;;x
PROV1739;An Nuhud;;;;;;;;;;;;;x
PROV1740;Waddan;;;;;;;;;;;;;x
PROV1741;Zillah;;;;;;;;;;;;;x
PROV1742;Wath;;;;;;;;;;;;;x
PROV1743;Soegel;;;;;;;;;;;;;x
PROV1744;Aouzou;;;;;;;;;;;;;x
PROV1745;Cairo;;;;;;;;;;;;;x
PROV1746;Dumyat;;;;;;;;;;;;;x
PROV1747;Nitria;;;;;;;;;;;;;x
PROV1748;Mansura;;;;;;;;;;;;;x
PROV1749;Ziqaziq;;;;;;;;;;;;;x
PROV1750;Giza;;;;;;;;;;;;;x
PROV1751;Alexandria;;;;;;;;;;;;;x
PROV1752;Matruh;;;;;;;;;;;;;x
PROV1753;Sidi Barrani;;;;;;;;;;;;;x
PROV1754;Siwa;;;;;;;;;;;;;x
PROV1755;Suez;;;;;;;;;;;;;x
PROV1756;Al Arish;;;;;;;;;;;;;x
PROV1757;Sharm al-Shaykh;;;;;;;;;;;;;x
PROV1758;Farafra;;;;;;;;;;;;;x
PROV1759;Jaghbub;;;;;;;;;;;;;x
PROV1760;Mut;;;;;;;;;;;;;x
PROV1761;Baris;;;;;;;;;;;;;x
PROV1762;Asyut;;;;;;;;;;;;;x
PROV1763;Bani Suwayf;;;;;;;;;;;;;x
PROV1764;Minya;;;;;;;;;;;;;x
PROV1765;Fayyum;;;;;;;;;;;;;x
PROV1766;Aswan;;;;;;;;;;;;;x
PROV1767;Luxor;;;;;;;;;;;;;x
PROV1768;Idfu;;;;;;;;;;;;;x
PROV1769;Qina;;;;;;;;;;;;;x
PROV1770;Qusayr;;;;;;;;;;;;;x
PROV1771;Marsa Alam;;;;;;;;;;;;;x
PROV1772;Ras Gharib;;;;;;;;;;;;;x
PROV1773;Saguia el-Hamra;;;;;;;;;;;;;x
PROV1774;Dakhla;;;;;;;;;;;;;x
PROV1775;Nouakchott;;;;;;;;;;;;;x
PROV1776;Rosso;;;;;;;;;;;;;x
PROV1777;Aleg;;;;;;;;;;;;;x
PROV1778;Maghama;;;;;;;;;;;;;x
PROV1779;Shingit;;;;;;;;;;;;;x
PROV1780;Debre-i Bala;;;;;;;;;;;;;x
PROV1781;Walata;;;;;;;;;;;;;x
PROV1782;Bir Murghayn;;;;;;;;;;;;;x
PROV1783;Goree;;;;;;;;;;;;;x
PROV1784;Saint-Louis;;;;;;;;;;;;;x
PROV1785;Bathurst;;;;;;;;;;;;;x
PROV1786;Mboul;;;;;;;;;;;;;x
PROV1787;Njaareem;;;;;;;;;;;;;x
PROV1788;Kahone;;;;;;;;;;;;;x
PROV1789;Dagana;;;;;;;;;;;;;x
PROV1790;Orefonde;;;;;;;;;;;;;x
PROV1791;Bulibani;;;;;;;;;;;;;x
PROV1792;Seeju;;;;;;;;;;;;;x
PROV1793;Kantora;;;;;;;;;;;;;x
PROV1794;Bamako;;;;;;;;;;;;;x
PROV1795;Bambuhu;;;;;;;;;;;;;x
PROV1796;Nioro;;;;;;;;;;;;;x
PROV1797;Kita-Bonin;;;;;;;;;;;;;x
PROV1798;Bougouni;;;;;;;;;;;;;x
PROV1799;Sikasso;;;;;;;;;;;;;x
PROV1800;Segu;;;;;;;;;;;;;x
PROV1801;El Hodh;;;;;;;;;;;;;x
PROV1802;Goundam;;;;;;;;;;;;;x
PROV1803;Jenne;;;;;;;;;;;;;x
PROV1804;Hamdallahi;;;;;;;;;;;;;x
PROV1805;Gao;;;;;;;;;;;;;x
PROV1806;Bayuda;;;;;;;;;;;;;x
PROV1807;Menaka;;;;;;;;;;;;;x
PROV1808;Niamey;;;;;;;;;;;;;x
PROV1809;Say;;;;;;;;;;;;;x
PROV1810;Dosso;;;;;;;;;;;;;x
PROV1811;Maradi;;;;;;;;;;;;;x
PROV1812;Agades;;;;;;;;;;;;;x
PROV1813;Arlit;;;;;;;;;;;;;x
PROV1814;Bilma;;;;;;;;;;;;;x
PROV1815;Zinder;;;;;;;;;;;;;x
PROV1816;Diffa;;;;;;;;;;;;;x
PROV1817;Mellit;;;;;;;;;;;;;x
PROV1818;Massenya;;;;;;;;;;;;;x
PROV1819;Moundou;;;;;;;;;;;;;x
PROV1820;Bongor;;;;;;;;;;;;;x
PROV1821;Abeche;;;;;;;;;;;;;x
PROV1822;Am Timan;;;;;;;;;;;;;x
PROV1823;Mongo;;;;;;;;;;;;;x
PROV1824;Mao;;;;;;;;;;;;;x
PROV1825;Zouar;;;;;;;;;;;;;x
PROV1826;Faya;;;;;;;;;;;;;x
PROV1827;Khartoum;;;;;;;;;;;;;x
PROV1828;Wad Madani;;;;;;;;;;;;;x
PROV1829;Kassala;;;;;;;;;;;;;x
PROV1830;Sennar;;;;;;;;;;;;;x
PROV1831;Rabak;;;;;;;;;;;;;x
PROV1832;Fashoda;;;;;;;;;;;;;x
PROV1833;Suakin;;;;;;;;;;;;;x
PROV1834;Halaib;;;;;;;;;;;;;x
PROV1835;Dongola;;;;;;;;;;;;;x
PROV1836;Hayya;;;;;;;;;;;;;x
PROV1837;Atbara;;;;;;;;;;;;;x
PROV1838;Obeid;;;;;;;;;;;;;x
PROV1839;Al-Fula;;;;;;;;;;;;;x
PROV1840;Kaduqli;;;;;;;;;;;;;x
PROV1841;Al-Fashir;;;;;;;;;;;;;x
PROV1842;Junaynah;;;;;;;;;;;;;x
PROV1843;Waw;;;;;;;;;;;;;x
PROV1844;Bor;;;;;;;;;;;;;x
PROV1845;Bahr el Ghazal;;;;;;;;;;;;;x
PROV1846;Lado;;;;;;;;;;;;;x
PROV1847;Kapoeta;;;;;;;;;;;;;x
PROV1848;Tio;;;;;;;;;;;;;x
PROV1849;Massawa;;;;;;;;;;;;;x
PROV1850;Agordat;;;;;;;;;;;;;x
PROV1851;Assab;;;;;;;;;;;;;x
PROV1852;Gonder;;;;;;;;;;;;;x
PROV1853;Girshit;;;;;;;;;;;;;x
PROV1854;Gallabat;;;;;;;;;;;;;x
PROV1855;Debre Markos;;;;;;;;;;;;;x
PROV1856;Aksum;;;;;;;;;;;;;x
PROV1857;Mekele;;;;;;;;;;;;;x
PROV1858;Hargeisa;;;;;;;;;;;;;x
PROV1859;Ankober;;;;;;;;;;;;;x
PROV1860;Koma;;;;;;;;;;;;;x
PROV1861;Goba;;;;;;;;;;;;;x
PROV1862;Gambela;;;;;;;;;;;;;x
PROV1863;Nekemte;;;;;;;;;;;;;x
PROV1864;Gidole;;;;;;;;;;;;;x
PROV1865;Asaita;;;;;;;;;;;;;x
PROV1866;Filtu;;;;;;;;;;;;;x
PROV1867;Ogaden;;;;;;;;;;;;;x
PROV1868;Mogadishu;;;;;;;;;;;;;x
PROV1869;Baidoa;;;;;;;;;;;;;x
PROV1870;Kismayo;;;;;;;;;;;;;x
PROV1871;Hobyo;;;;;;;;;;;;;x
PROV1872;Bosaso;;;;;;;;;;;;;x
PROV1873;Badhan;;;;;;;;;;;;;x
PROV1874;Daban Mountains;;;;;;;;;;;;;x
PROV1875;Djibuti;;;;;;;;;;;;;x
PROV1876;Cape Verde;;;;;;;;;;;;;x
PROV1877;Bissau;;;;;;;;;;;;;x
PROV1878;Kansala;;;;;;;;;;;;;x
PROV1879;Boffa;;;;;;;;;;;;;x
PROV1880;Timbo;;;;;;;;;;;;;x
PROV1881;Dinguiraye;;;;;;;;;;;;;x
PROV1882;Kankan;;;;;;;;;;;;;x
PROV1883;Beyla;;;;;;;;;;;;;x
PROV1884;Freetown;;;;;;;;;;;;;x
PROV1885;Falaba;;;;;;;;;;;;;x
PROV1886;Dubreka;;;;;;;;;;;;;x
PROV1887;Monrovia;;;;;;;;;;;;;x
PROV1888;Harper;;;;;;;;;;;;;x
PROV1889;Ziguinchor;;;;;;;;;;;;;x
PROV1890;Gbarnga;;;;;;;;;;;;;x
PROV1891;Zwedru;;;;;;;;;;;;;x
PROV1892;Abidjan;;;;;;;;;;;;;x
PROV1893;Sassandra;;;;;;;;;;;;;x
PROV1894;Assinie;;;;;;;;;;;;;x
PROV1895;Salaga;;;;;;;;;;;;;x
PROV1896;Man;;;;;;;;;;;;;x
PROV1897;Akoupe;;;;;;;;;;;;;x
PROV1898;Kong;;;;;;;;;;;;;x
PROV1899;Bondouku;;;;;;;;;;;;;x
PROV1900;Odienne;;;;;;;;;;;;;x
PROV1901;Wagadugu;;;;;;;;;;;;;x
PROV1902;Wahiguya;;;;;;;;;;;;;x
PROV1903;Dori;;;;;;;;;;;;;x
PROV1904;Fada Ngourma;;;;;;;;;;;;;x
PROV1905;Bobo Dioulasso;;;;;;;;;;;;;x
PROV1906;Orodaro;;;;;;;;;;;;;x
PROV1907;Fort Christiansborg;;;;;;;;;;;;;x
PROV1908;Cape Coast;;;;;;;;;;;;;x
PROV1909;Fort Coenraadsburg;;;;;;;;;;;;;x
PROV1910;Kumasi;;;;;;;;;;;;;x
PROV1911;Kintampo;;;;;;;;;;;;;x
PROV1912;Wa;;;;;;;;;;;;;x
PROV1913;Fort Lijdzaamheid;;;;;;;;;;;;;x
PROV1914;Lome;;;;;;;;;;;;;x
PROV1915;Fort Prinzenstein;;;;;;;;;;;;;x
PROV1916;Yendi;;;;;;;;;;;;;x
PROV1917;Atakpame;;;;;;;;;;;;;x
PROV1918;Sokode;;;;;;;;;;;;;x
PROV1919;Cotonou;;;;;;;;;;;;;x
PROV1920;Abomey;;;;;;;;;;;;;x
PROV1921;Nikki;;;;;;;;;;;;;x
PROV1922;Djugu;;;;;;;;;;;;;x
PROV1923;Lagos;;;;;;;;;;;;;x
PROV1924;Abeokuta;;;;;;;;;;;;;x
PROV1925;Kishi;;;;;;;;;;;;;x
PROV1926;Ife;;;;;;;;;;;;;x
PROV1927;Ilorin;;;;;;;;;;;;;x
PROV1928;Benin;;;;;;;;;;;;;x
PROV1929;Akure;;;;;;;;;;;;;x
PROV1930;Idah;;;;;;;;;;;;;x
PROV1931;Warri;;;;;;;;;;;;;x
PROV1932;Bonny;;;;;;;;;;;;;x
PROV1933;Awka;;;;;;;;;;;;;x
PROV1934;Calabar;;;;;;;;;;;;;x
PROV1935;Aruchukwu;;;;;;;;;;;;;x
PROV1936;Nsukka;;;;;;;;;;;;;x
PROV1937;Wukari;;;;;;;;;;;;;x
PROV1938;Bussa;;;;;;;;;;;;;x
PROV1939;Zaria;;;;;;;;;;;;;x
PROV1940;Bida;;;;;;;;;;;;;x
PROV1941;Abuja;;;;;;;;;;;;;x
PROV1942;Bauchi;;;;;;;;;;;;;x
PROV1943;Jos;;;;;;;;;;;;;x
PROV1944;Gombe;;;;;;;;;;;;;x
PROV1945;Kano;;;;;;;;;;;;;x
PROV1946;Kebbi;;;;;;;;;;;;;x
PROV1947;Katsina;;;;;;;;;;;;;x
PROV1948;Sokoto;;;;;;;;;;;;;x
PROV1949;Hadejia;;;;;;;;;;;;;x
PROV1950;Yola;;;;;;;;;;;;;x
PROV1951;Kuka;;;;;;;;;;;;;x
PROV1952;Nguru;;;;;;;;;;;;;x
PROV1953;Dikoa;;;;;;;;;;;;;x
PROV1954;Sao Tome;;;;;;;;;;;;;x
PROV1955;Fernando Po;;;;;;;;;;;;;x
PROV1956;Douala;;;;;;;;;;;;;x
PROV1957;Buea;;;;;;;;;;;;;x
PROV1958;Kribi;;;;;;;;;;;;;x
PROV1959;Yaounde;;;;;;;;;;;;;x
PROV1960;Tibati;;;;;;;;;;;;;x
PROV1961;Ganye;;;;;;;;;;;;;x
PROV1962;Bertoua;;;;;;;;;;;;;x
PROV1963;Ngaoundere;;;;;;;;;;;;;x
PROV1964;Maroua;;;;;;;;;;;;;x
PROV1965;Bangui;;;;;;;;;;;;;x
PROV1966;Nola;;;;;;;;;;;;;x
PROV1967;Bouar;;;;;;;;;;;;;x
PROV1968;Bossangoa;;;;;;;;;;;;;x
PROV1969;Zemio;;;;;;;;;;;;;x
PROV1970;Bangassou;;;;;;;;;;;;;x
PROV1971;Ndele;;;;;;;;;;;;;x
PROV1972;Mpongwe;;;;;;;;;;;;;x
PROV1973;Bata;;;;;;;;;;;;;x
PROV1974;Mayumbe;;;;;;;;;;;;;x
PROV1975;Moanda;;;;;;;;;;;;;x
PROV1976;Makokou;;;;;;;;;;;;;x
PROV1977;Nkuna;;;;;;;;;;;;;x
PROV1978;Madingou;;;;;;;;;;;;;x
PROV1979;Upper Takutu River;;;;;;;;;;;;;x
PROV1980;Djambala;;;;;;;;;;;;;x
PROV1981;Mossaka;;;;;;;;;;;;;x
PROV1982;Kinshasa;;;;;;;;;;;;;x
PROV1983;Boma;;;;;;;;;;;;;x
PROV1984;Kananga;;;;;;;;;;;;;x
PROV1985;Kumbana;;;;;;;;;;;;;x
PROV1986;Lusambo;;;;;;;;;;;;;x
PROV1987;Bunkeya;;;;;;;;;;;;;x
PROV1988;Mussumba;;;;;;;;;;;;;x
PROV1989;Munza;;;;;;;;;;;;;x
PROV1990;Kongolo;;;;;;;;;;;;;x
PROV1991;Rusozi;;;;;;;;;;;;;x
PROV1992;Basoko;;;;;;;;;;;;;x
PROV1993;Irebu;;;;;;;;;;;;;x
PROV1994;Nsheng;;;;;;;;;;;;;x
PROV1995;Gemena;;;;;;;;;;;;;x
PROV1996;Kisangani;;;;;;;;;;;;;x
PROV1997;Mungbane;;;;;;;;;;;;;x
PROV1998;Baramo;;;;;;;;;;;;;x
PROV1999;Luanda;;;;;;;;;;;;;x
PROV2000;Cabinda;;;;;;;;;;;;;x
PROV2001;Mbanza;;;;;;;;;;;;;x
PROV2002;Quibala;;;;;;;;;;;;;x
PROV2003;Benguela;;;;;;;;;;;;;x
PROV2004;Mocamedes;;;;;;;;;;;;;x
PROV2005;Huambo;;;;;;;;;;;;;x
PROV2006;Menongue;;;;;;;;;;;;;x
PROV2007;Mavinga;;;;;;;;;;;;;x
PROV2008;Ondjiva;;;;;;;;;;;;;x
PROV2009;Malanje;;;;;;;;;;;;;x
PROV2010;Saurimo;;;;;;;;;;;;;x
PROV2011;Kubanda;;;;;;;;;;;;;x
PROV2012;Lusaka;;;;;;;;;;;;;x
PROV2013;Mongu;;;;;;;;;;;;;x
PROV2014;Kasempa;;;;;;;;;;;;;x
PROV2015;Monzo;;;;;;;;;;;;;x
PROV2016;Mpika;;;;;;;;;;;;;x
PROV2017;Mwansabombwe;;;;;;;;;;;;;x
PROV2018;Chipata;;;;;;;;;;;;;x
PROV2019;Kampalar;;;;;;;;;;;;;x
PROV2020;Mbarara;;;;;;;;;;;;;x
PROV2021;Arua;;;;;;;;;;;;;x
PROV2022;Nkusi River Basin;;;;;;;;;;;;;x
PROV2023;Kasese;;;;;;;;;;;;;x
PROV2024;Nairobi;;;;;;;;;;;;;x
PROV2025;Kisumu;;;;;;;;;;;;;x
PROV2026;Kitgum;;;;;;;;;;;;;x
PROV2027;Kitangatangani Hills;;;;;;;;;;;;;x
PROV2028;Butere;;;;;;;;;;;;;x
PROV2029;Mombasa;;;;;;;;;;;;;x
PROV2030;Ramu;;;;;;;;;;;;;x
PROV2031;Wajir;;;;;;;;;;;;;x
PROV2032;Garissa;;;;;;;;;;;;;x
PROV2033;Voi;;;;;;;;;;;;;x
PROV2034;Kigali;;;;;;;;;;;;;x
PROV2035;Usumbura;;;;;;;;;;;;;x
PROV2036;Mzizima;;;;;;;;;;;;;x
PROV2037;Nkwenda;;;;;;;;;;;;;x
PROV2038;Kilwa;;;;;;;;;;;;;x
PROV2039;Lindi;;;;;;;;;;;;;x
PROV2040;Dodoma;;;;;;;;;;;;;x
PROV2041;Songea;;;;;;;;;;;;;x
PROV2042;Kigoma;;;;;;;;;;;;;x
PROV2043;Bukoba;;;;;;;;;;;;;x
PROV2044;Karagwe;;;;;;;;;;;;;x
PROV2045;Morogoro;;;;;;;;;;;;;x
PROV2046;Kibondo;;;;;;;;;;;;;x
PROV2047;Keza;;;;;;;;;;;;;x
PROV2048;Zanzibar;;;;;;;;;;;;;x
PROV2049;Inkomati;;;;;;;;;;;;;x
PROV2050;Manjakazi;;;;;;;;;;;;;x
PROV2051;Inhambane;;;;;;;;;;;;;x
PROV2052;Massekisse;;;;;;;;;;;;;x
PROV2053;Sena;;;;;;;;;;;;;x
PROV2054;Tete;;;;;;;;;;;;;x
PROV2055;Songo;;;;;;;;;;;;;x
PROV2056;Zumbo;;;;;;;;;;;;;x
PROV2057;Sofala;;;;;;;;;;;;;x
PROV2058;Moyo;;;;;;;;;;;;;x
PROV2059;Quelimane;;;;;;;;;;;;;x
PROV2060;Mocambique;;;;;;;;;;;;;x
PROV2061;Angoche;;;;;;;;;;;;;x
PROV2062;Shangzhou;;;;;;;;;;;;;x
PROV2063;Ibo;;;;;;;;;;;;;x
PROV2064;Nampula;;;;;;;;;;;;;x
PROV2065;Milange;;;;;;;;;;;;;x
PROV2066;Zomba;;;;;;;;;;;;;x
PROV2067;Lilongwe;;;;;;;;;;;;;x
PROV2068;Harare;;;;;;;;;;;;;x
PROV2069;Gweru;;;;;;;;;;;;;x
PROV2070;Umtali;;;;;;;;;;;;;x
PROV2071;Bulawayo;;;;;;;;;;;;;x
PROV2072;Hwange;;;;;;;;;;;;;x
PROV2073;Masvingo;;;;;;;;;;;;;x
PROV2074;Gaborone;;;;;;;;;;;;;x
PROV2075;Serowe;;;;;;;;;;;;;x
PROV2076;Nokaneng;;;;;;;;;;;;;x
PROV2077;Tsabong;;;;;;;;;;;;;x
PROV2078;Otjomuise;;;;;;;;;;;;;x
PROV2079;Otjozondjii;;;;;;;;;;;;;x
PROV2080;Otjivanda;;;;;;;;;;;;;x
PROV2081;Luhonono;;;;;;;;;;;;;x
PROV2082;Epako;;;;;;;;;;;;;x
PROV2083;Ezorongondo;;;;;;;;;;;;;x
PROV2084;Nomabeb;;;;;;;;;;;;;x
PROV2085;Nu-gouses;;;;;;;;;;;;;x
PROV2086;Aixa-aibes;;;;;;;;;;;;;x
PROV2087;Cape Town;;;;;;;;;;;;;x
PROV2088;O'okiep;;;;;;;;;;;;;x
PROV2089;Worcester;;;;;;;;;;;;;x
PROV2090;Swellendam;;;;;;;;;;;;;x
PROV2091;Mossel Bay;;;;;;;;;;;;;x
PROV2092;Beaufort West;;;;;;;;;;;;;x
PROV2093;Hantam;;;;;;;;;;;;;x
PROV2094;Griqualand;;;;;;;;;;;;;x
PROV2095;Dithakong;;;;;;;;;;;;;x
PROV2096;Port Elizabeth;;;;;;;;;;;;;x
PROV2097;Graaf Reinet;;;;;;;;;;;;;x
PROV2098;Bisho;;;;;;;;;;;;;x
PROV2099;Mathele;;;;;;;;;;;;;x
PROV2100;Umtata;;;;;;;;;;;;;x
PROV2101;Thaba Nchu;;;;;;;;;;;;;x
PROV2102;Qwa-Qwa;;;;;;;;;;;;;x
PROV2103;Lephoi;;;;;;;;;;;;;x
PROV2104;Thaba Bosiu;;;;;;;;;;;;;x
PROV2105;Ga-Rankuwa;;;;;;;;;;;;;x
PROV2106;Saan;;;;;;;;;;;;;x
PROV2107;Makwasi;;;;;;;;;;;;;x
PROV2108;Mosega;;;;;;;;;;;;;x
PROV2109;Ga-Riba;;;;;;;;;;;;;x
PROV2110;Tsaneng;;;;;;;;;;;;;x
PROV2111;Durban;;;;;;;;;;;;;x
PROV2112;Emnambithi;;;;;;;;;;;;;x
PROV2113;uMgungundlovu;;;;;;;;;;;;;x
PROV2114;Mbabane;;;;;;;;;;;;;x
PROV2115;Tananarive;;;;;;;;;;;;;x
PROV2116;Fianarantsoa;;;;;;;;;;;;;x
PROV2117;Ampanihy;;;;;;;;;;;;;x
PROV2118;Tolanaro;;;;;;;;;;;;;x
PROV2119;Toamasina;;;;;;;;;;;;;x
PROV2120;Antsiranana;;;;;;;;;;;;;x
PROV2121;Mahajanga;;;;;;;;;;;;;x
PROV2122;Toliara;;;;;;;;;;;;;x
PROV2123;Comoros;;;;;;;;;;;;;x
PROV2124;Maore;;;;;;;;;;;;;x
PROV2125;Mauritius;;;;;;;;;;;;;x
PROV2126;Ile Bourbon;;;;;;;;;;;;;x
PROV2127;Seychelles;;;;;;;;;;;;;x
PROV2128;Diego Garcia;;;;;;;;;;;;;x
PROV2129;Saint Helena;;;;;;;;;;;;;x
PROV2130;Ascension;;;;;;;;;;;;;x
PROV2131;Falkland Islands;;;;;;;;;;;;;x
PROV2132;Tristan da Cunha;;;;;;;;;;;;;x
PROV2133;South Georgia;;;;;;;;;;;;;x
PROV2134;Azores;;;;;;;;;;;;;x
PROV2135;Madeira;;;;;;;;;;;;;x
PROV2136;Canary Islands;;;;;;;;;;;;;x
PROV2137;Arizpe;;;;;;;;;;;;;x
PROV2138;La Paz;;;;;;;;;;;;;x
PROV2139;Bahia de los Angeles;;;;;;;;;;;;;x
PROV2140;Ciudad de Hermosillo;;;;;;;;;;;;;x
PROV2141;Guaymas;;;;;;;;;;;;;x
PROV2142;Chihuahua;;;;;;;;;;;;;x
PROV2143;El Paso del Norte;;;;;;;;;;;;;x
PROV2144;Presidio del Norte;;;;;;;;;;;;;x
PROV2145;Hidalgo del Parral;;;;;;;;;;;;;x
PROV2146;Washington;;;;;;;;;;;;;x
PROV2147;San Juan Bautista;;;;;;;;;;;;;x
PROV2148;Albuquerque;;;;;;;;;;;;;x
PROV2149;Monterrey;;;;;;;;;;;;;x
PROV2150;Matamoros;;;;;;;;;;;;;x
PROV2151;Ciudad Victoria;;;;;;;;;;;;;x
PROV2152;Monclova;;;;;;;;;;;;;x
PROV2153;Victoria de Durango;;;;;;;;;;;;;x
PROV2154;Presidio de San Miguel;;;;;;;;;;;;;x
PROV2155;Saltillo;;;;;;;;;;;;;x
PROV2156;Mazatlan;;;;;;;;;;;;;x
PROV2157;Culiacan Rosales;;;;;;;;;;;;;x
PROV2158;Zacatecas;;;;;;;;;;;;;x
PROV2159;San Luis Potosi;;;;;;;;;;;;;x
PROV2160;Aguascalientes;;;;;;;;;;;;;x
PROV2161;Tepic;;;;;;;;;;;;;x
PROV2162;Veracruz;;;;;;;;;;;;;x
PROV2163;Xalapa-Enriquez;;;;;;;;;;;;;x
PROV2164;Coatzacoalcos;;;;;;;;;;;;;x
PROV2165;Villahermosa;;;;;;;;;;;;;x
PROV2166;Guadalajara;;;;;;;;;;;;;x
PROV2167;Guanajuato;;;;;;;;;;;;;x
PROV2168;Villa Purificacion;;;;;;;;;;;;;x
PROV2169;Colima;;;;;;;;;;;;;x
PROV2170;Santiago de Queretaro;;;;;;;;;;;;;x
PROV2171;Morelia;;;;;;;;;;;;;x
PROV2172;Ciudad de Mexico;;;;;;;;;;;;;x
PROV2173;Tlaxcala de Xicohtencatl;;;;;;;;;;;;;x
PROV2174;Pachuca de Soto;;;;;;;;;;;;;x
PROV2175;Puebla de Zaragoza;;;;;;;;;;;;;x
PROV2176;Cuernavaca;;;;;;;;;;;;;x
PROV2177;Oaxaca;;;;;;;;;;;;;x
PROV2178;Juchitan de Zaragoza;;;;;;;;;;;;;x
PROV2179;Chilpancingo de los Bravo;;;;;;;;;;;;;x
PROV2180;Toluca de Lerdo;;;;;;;;;;;;;x
PROV2181;San Marcos Tuxtla;;;;;;;;;;;;;x
PROV2182;Soconusco;;;;;;;;;;;;;x
PROV2183;Merida;;;;;;;;;;;;;x
PROV2184;San Francisco de Campeche;;;;;;;;;;;;;x
PROV2185;Bacalar;;;;;;;;;;;;;x
PROV2186;Ciudad de Guatemala;;;;;;;;;;;;;x
PROV2187;Belize Town;;;;;;;;;;;;;x
PROV2188;Cuenca del Peten;;;;;;;;;;;;;x
PROV2189;Carmelita;;;;;;;;;;;;;x
PROV2190;San Ignacio;;;;;;;;;;;;;x
PROV2191;San Salvador;;;;;;;;;;;;;x
PROV2192;San Miguel;;;;;;;;;;;;;x
PROV2193;Comayagua;;;;;;;;;;;;;x
PROV2194;San Pedro Sula;;;;;;;;;;;;;x
PROV2195;Trujillo;;;;;;;;;;;;;x
PROV2196;Bay Islands;;;;;;;;;;;;;x
PROV2197;Villa de Santiago de Managua;;;;;;;;;;;;;x
PROV2198;Granada;;;;;;;;;;;;;x
PROV2199;Santiago de los Caballeros de Leon;;;;;;;;;;;;;x
PROV2200;Bluefields;;;;;;;;;;;;;x
PROV2201;Pueblo de Coto;;;;;;;;;;;;;x
PROV2202;San Jose;;;;;;;;;;;;;x
PROV2203;Montana de Dota;;;;;;;;;;;;;x
PROV2204;San Jose de David;;;;;;;;;;;;;x
PROV2205;Bocas del Toro;;;;;;;;;;;;;x
PROV2206;Archipielagos de Bocas del Toro;;;;;;;;;;;;;x
PROV2207;Sainshand;;;;;;;;;;;;;x
PROV2208;Ciudad de Panama;;;;;;;;;;;;;x
PROV2209;La Habana;;;;;;;;;;;;;x
PROV2210;Santa Clara;;;;;;;;;;;;;x
PROV2211;Camaguey;;;;;;;;;;;;;x
PROV2212;Santiago de Cuba;;;;;;;;;;;;;x
PROV2213;Port-au-Prince;;;;;;;;;;;;;x
PROV2214;Saint-Domingue;;;;;;;;;;;;;x
PROV2215;Cap-Haitien;;;;;;;;;;;;;x
PROV2216;Saint-Jacques des Chevaliers;;;;;;;;;;;;;x
PROV2217;Jamaica;;;;;;;;;;;;;x
PROV2218;Cayman Islands;;;;;;;;;;;;;x
PROV2219;Muyana;;;;;;;;;;;;;x
PROV2220;Turks and Caicos Islands;;;;;;;;;;;;;x
PROV2221;Nanjing;;;;;;;;;;;;;x
PROV2222;Puerto Rico;;;;;;;;;;;;;x
PROV2223;St. Thomas;;;;;;;;;;;;;x
PROV2224;Antigua and Barbuda;;;;;;;;;;;;;x
PROV2225;Montserrat;;;;;;;;;;;;;x
PROV2226;Tortola;;;;;;;;;;;;;x
PROV2227;Saint Kitts and Nevis;;;;;;;;;;;;;x
PROV2228;Martinique;;;;;;;;;;;;;x
PROV2229;Barbados;;;;;;;;;;;;;x
PROV2230;Guadeloupe;;;;;;;;;;;;;x
PROV2231;Saint Lucia;;;;;;;;;;;;;x
PROV2232;Dominica;;;;;;;;;;;;;x
PROV2233;Grenada;;;;;;;;;;;;;x
PROV2234;Aruba, Bonaire and Curacao;;;;;;;;;;;;;x
PROV2235;San Andres y Providencia;;;;;;;;;;;;;x
PROV2236;Philipsburg;;;;;;;;;;;;;x
PROV2237;Trinidad and Tobago;;;;;;;;;;;;;x
PROV2238;Ile de la Navasse;;;;;;;;;;;;;x
PROV2239;Georgetown;;;;;;;;;;;;;x
PROV2240;Paramaribo;;;;;;;;;;;;;x
PROV2241;Cayenne;;;;;;;;;;;;;x
PROV2242;Bartica;;;;;;;;;;;;;x
PROV2243;Fort Zeelandia;;;;;;;;;;;;;x
PROV2244;Christimas & Cocos;;;;;;;;;;;;;x
PROV2245;Stoelmanseiland;;;;;;;;;;;;;x
PROV2246;Wayana;;;;;;;;;;;;;x
PROV2247;Bogota;;;;;;;;;;;;;x
PROV2248;Ibague;;;;;;;;;;;;;x
PROV2249;El Viento;;;;;;;;;;;;;x
PROV2250;Santiago de Cali;;;;;;;;;;;;;x
PROV2251;San Jose de Cucuta;;;;;;;;;;;;;x
PROV2252;Medellin;;;;;;;;;;;;;x
PROV2253;Quibdo;;;;;;;;;;;;;x
PROV2254;Barranquilla;;;;;;;;;;;;;x
PROV2255;Manaure;;;;;;;;;;;;;x
PROV2256;Barbacoas;;;;;;;;;;;;;x
PROV2257;Popayan;;;;;;;;;;;;;x
PROV2258;San Andres de Tumaco;;;;;;;;;;;;;x
PROV2259;Ipales;;;;;;;;;;;;;x
PROV2260;Serrania de Chiribiquete;;;;;;;;;;;;;x
PROV2261;Amacayacu;;;;;;;;;;;;;x
PROV2262;Tunja;;;;;;;;;;;;;x
PROV2263;Sao Paulo dos Cambebas;;;;;;;;;;;;;x
PROV2264;Caracas;;;;;;;;;;;;;x
PROV2265;Barinas;;;;;;;;;;;;;x
PROV2266;Todos los Santos de Calabozo;;;;;;;;;;;;;x
PROV2267;Barcelona;;;;;;;;;;;;;x
PROV2268;Nueva Valencia del Rey;;;;;;;;;;;;;x
PROV2269;Cumana;;;;;;;;;;;;;x
PROV2270;La Guajira;;;;;;;;;;;;;x
PROV2271;San Cristobal;;;;;;;;;;;;;x
PROV2272;Santa Ana de Coro;;;;;;;;;;;;;x
PROV2273;Guanare;;;;;;;;;;;;;x
PROV2274;San Fernando de Atabapo;;;;;;;;;;;;;x
PROV2275;Angostura;;;;;;;;;;;;;x
PROV2276;San Fernando de Maturin;;;;;;;;;;;;;x
PROV2277;Piedra del Cocuy;;;;;;;;;;;;;x
PROV2278;Maroa;;;;;;;;;;;;;x
PROV2279;San Francisco de Quito;;;;;;;;;;;;;x
PROV2280;Santiago de Guayaquil;;;;;;;;;;;;;x
PROV2281;San Gregoria de Portoviejo;;;;;;;;;;;;;x
PROV2282;Puerto Francisco de Orellana;;;;;;;;;;;;;x
PROV2283;Zamora;;;;;;;;;;;;;x
PROV2284;Rio Napo;;;;;;;;;;;;;x
PROV2285;Archipielago de Colon;;;;;;;;;;;;;x
PROV2286;Caballococha;;;;;;;;;;;;;x
PROV2287;Jaen;;;;;;;;;;;;;x
PROV2288;Gualaquiza;;;;;;;;;;;;;x
PROV2289;Rio Putumayo;;;;;;;;;;;;;x
PROV2290;Antisuyu;;;;;;;;;;;;;x
PROV2291;Cahuinari;;;;;;;;;;;;;x
PROV2292;Trujillo;;;;;;;;;;;;;x
PROV2293;Caballeros del Leon de Huanuco;;;;;;;;;;;;;x
PROV2294;Chachapoyas;;;;;;;;;;;;;x
PROV2295;Lima;;;;;;;;;;;;;x
PROV2296;Santisima Trinidad de Huancayo;;;;;;;;;;;;;x
PROV2297;Ica;;;;;;;;;;;;;x
PROV2298;Puerto Esperanza;;;;;;;;;;;;;x
PROV2299;Cuzco;;;;;;;;;;;;;x
PROV2300;Puka Allpa;;;;;;;;;;;;;x
PROV2301;Inapari;;;;;;;;;;;;;x
PROV2302;Manu;;;;;;;;;;;;;x
PROV2303;Juliaca;;;;;;;;;;;;;x
PROV2304;Arequipa;;;;;;;;;;;;;x
PROV2305;Antofagasta;;;;;;;;;;;;;x
PROV2306;Itarare;;;;;;;;;;;;;x
PROV2307;Iquique;;;;;;;;;;;;;x
PROV2308;Arica;;;;;;;;;;;;;x
PROV2309;San Pedro de Atacama;;;;;;;;;;;;;x
PROV2310;La Paz de Ayacucho;;;;;;;;;;;;;x
PROV2311;Cochabamba;;;;;;;;;;;;;x
PROV2312;Oruro;;;;;;;;;;;;;x
PROV2313;Chuquisaca;;;;;;;;;;;;;x
PROV2314;Villa Imperial de Potosi;;;;;;;;;;;;;x
PROV2315;San Bernardo de la Frontera de Tarija;;;;;;;;;;;;;x
PROV2316;Santa Cruz de la Sierra;;;;;;;;;;;;;x
PROV2317;Urubu;;;;;;;;;;;;;x
PROV2318;Santiago de Chiquitos;;;;;;;;;;;;;x
PROV2319;Rio Abuna;;;;;;;;;;;;;x
PROV2320;Kavitu;;;;;;;;;;;;;x
PROV2321;Rio Madeira;;;;;;;;;;;;;x
PROV2322;Copiapo;;;;;;;;;;;;;x
PROV2323;Vallenar;;;;;;;;;;;;;x
PROV2324;Santiago de Chile;;;;;;;;;;;;;x
PROV2325;Valparaiso;;;;;;;;;;;;;x
PROV2326;La Serena;;;;;;;;;;;;;x
PROV2327;Rancagua;;;;;;;;;;;;;x
PROV2328;Santa Maria la Blanca de Valdivia;;;;;;;;;;;;;x
PROV2329;Talcahuano;;;;;;;;;;;;;x
PROV2330;Talca;;;;;;;;;;;;;x
PROV2331;Chillan;;;;;;;;;;;;;x
PROV2332;Villa de San Mateo de Osorno;;;;;;;;;;;;;x
PROV2333;Achen;;;;;;;;;;;;;x
PROV2334;Tawokser;;;;;;;;;;;;;x
PROV2335;Aiste-jese-sisinawakstai;;;;;;;;;;;;;x
PROV2336;Rapa Nui;;;;;;;;;;;;;x
PROV2337;Tuparenda;;;;;;;;;;;;;x
PROV2338;Cunatai;;;;;;;;;;;;;x
PROV2339;Villa del Pilar;;;;;;;;;;;;;x
PROV2340;Nuestra Senora Santa Maria de la Asuncion;;;;;;;;;;;;;x
PROV2341;Anunciacion de Itapua;;;;;;;;;;;;;x
PROV2342;Villa Real de la Concepcion;;;;;;;;;;;;;x
PROV2343;Nu Pyahu;;;;;;;;;;;;;x
PROV2344;Muy Fiel y Reconquistadora Ciudad de San Felipe y Santiago de Montevideo;;;;;;;;;;;;;x
PROV2345;Salto Oriental;;;;;;;;;;;;;x
PROV2346;San Fructuoso;;;;;;;;;;;;;x
PROV2347;Melo;;;;;;;;;;;;;x
PROV2348;Ciudad de la Trinidad;;;;;;;;;;;;;x
PROV2349;Voro Malal;;;;;;;;;;;;;x
PROV2350;Trapalken;;;;;;;;;;;;;x
PROV2351;Dolores;;;;;;;;;;;;;x
PROV2352;K'la-Rome-Ko;;;;;;;;;;;;;x
PROV2353;Salli-Colohue;;;;;;;;;;;;;x
PROV2354;Pehuen-Co;;;;;;;;;;;;;x
PROV2355;Carmen de Patagones;;;;;;;;;;;;;x
PROV2356;San Juan de Vera de las Siete Corrientes;;;;;;;;;;;;;x
PROV2357;Nuestra Senora del Pilar de Curuzu Cuatia;;;;;;;;;;;;;x
PROV2358;La Cruz;;;;;;;;;;;;;x
PROV2359;Concordia;;;;;;;;;;;;;x
PROV2360;Parana;;;;;;;;;;;;;x
PROV2361;Santa Fe de la Vera Cruz;;;;;;;;;;;;;x
PROV2362;Takuarendy;;;;;;;;;;;;;x
PROV2363;San Lorenzo;;;;;;;;;;;;;x
PROV2364;Rio Negro;;;;;;;;;;;;;x
PROV2365;La'a'Na;;;;;;;;;;;;;x
PROV2366;Tatar;;;;;;;;;;;;;x
PROV2367;Wejchunhyat-w'et;;;;;;;;;;;;;x
PROV2368;San Felipe y Santiago de Lerma en el Valle de Salta;;;;;;;;;;;;;x
PROV2369;San Salvador de Jujuy;;;;;;;;;;;;;x
PROV2370;Suskhuk;;;;;;;;;;;;;x
PROV2371;Quisca;;;;;;;;;;;;;x
PROV2372;P'amtee;;;;;;;;;;;;;x
PROV2373;San Miguel de Tucuman y Nueva Tierra de Promision;;;;;;;;;;;;;x
PROV2374;San Fernando del Valle de Catamarca;;;;;;;;;;;;;x
PROV2375;Nuestra Senora de Belen;;;;;;;;;;;;;x
PROV2376;Santiago del Estero del Nuevo Maestrazgo;;;;;;;;;;;;;x
PROV2377;Anatuya;;;;;;;;;;;;;x
PROV2378;Copo;;;;;;;;;;;;;x
PROV2379;Cordoba;;;;;;;;;;;;;x
PROV2380;Villa del Rosario;;;;;;;;;;;;;x
PROV2381;Villa de la Concepcion del Rio Cuarto;;;;;;;;;;;;;x
PROV2382;Huenehueneles;;;;;;;;;;;;;x
PROV2383;San Luis de Loyola Nueva Medina de Rioseco;;;;;;;;;;;;;x
PROV2384;Bevedero;;;;;;;;;;;;;x
PROV2385;La Rioja;;;;;;;;;;;;;x
PROV2386;Villa de Nuestro Padre San Francisco de Ulapes;;;;;;;;;;;;;x
PROV2387;San Juan de la Frontera;;;;;;;;;;;;;x
PROV2388;Calingasta;;;;;;;;;;;;;x
PROV2389;Mendoza del Nuevo Valle de la Rioja;;;;;;;;;;;;;x
PROV2390;Pikun Latuel;;;;;;;;;;;;;x
PROV2391;Lanin;;;;;;;;;;;;;x
PROV2392;Dos Hermanas;;;;;;;;;;;;;x
PROV2393;Cotri-Co;;;;;;;;;;;;;x
PROV2394;Vuriloche;;;;;;;;;;;;;x
PROV2395;Curru Lauquen;;;;;;;;;;;;;x
PROV2396;Gan Gan;;;;;;;;;;;;;x
PROV2397;Esket;;;;;;;;;;;;;x
PROV2398;Puerto Deseado;;;;;;;;;;;;;x
PROV2399;Chimen Aike;;;;;;;;;;;;;x
PROV2400;Tol-wen;;;;;;;;;;;;;x
PROV2401;Forte de Sao Gabriel da Cachoeira;;;;;;;;;;;;;x
PROV2402;Santo Antonio dos Pauxis de Obidos;;;;;;;;;;;;;x
PROV2403;Ega;;;;;;;;;;;;;x
PROV2404;Sao Jose do Javari;;;;;;;;;;;;;x
PROV2405;Manicore River Basin;;;;;;;;;;;;;x
PROV2406;Pescadores Islands;;;;;;;;;;;;;x
PROV2407;Rio Jurua;;;;;;;;;;;;;x
PROV2408;Serra de Tumucumaque;;;;;;;;;;;;;x
PROV2409;Saint Vincent and the Grenadines;;;;;;;;;;;;;x
PROV2410;Santa Maria de Belem do Para;;;;;;;;;;;;;x
PROV2411;Santarem;;;;;;;;;;;;;x
PROV2412;Engenho dos Breves;;;;;;;;;;;;;x
PROV2413;Barra do Tacay-Una;;;;;;;;;;;;;x
PROV2414;Jezira;;;;;;;;;;;;;x
PROV2415;Macapa;;;;;;;;;;;;;x
PROV2416;Rio Apa;;;;;;;;;;;;;x
PROV2417;Caceres;;;;;;;;;;;;;x
PROV2418;Cuiaba;;;;;;;;;;;;;x
PROV2419;Coxim;;;;;;;;;;;;;x
PROV2420;Punta Pura;;;;;;;;;;;;;x
PROV2421;Luziania;;;;;;;;;;;;;x
PROV2422;Vila Boa de Goias;;;;;;;;;;;;;x
PROV2423;Boa Vista do Padre Joao;;;;;;;;;;;;;x
PROV2424;Sao Luis;;;;;;;;;;;;;x
PROV2425;Caxias;;;;;;;;;;;;;x
PROV2426;Vila Nova do Poty;;;;;;;;;;;;;x
PROV2427;Oeiras;;;;;;;;;;;;;x
PROV2428;Parahyba do Norte;;;;;;;;;;;;;x
PROV2429;Fortaleza;;;;;;;;;;;;;x
PROV2430;Vila Real do Crato;;;;;;;;;;;;;x
PROV2431;Natal;;;;;;;;;;;;;x
PROV2432;Recife;;;;;;;;;;;;;x
PROV2433;Serra Talhada;;;;;;;;;;;;;x
PROV2434;Maceio;;;;;;;;;;;;;x
PROV2435;Sao Cristovao;;;;;;;;;;;;;x
PROV2436;Sao Salvador da Bahia de Todos os Santos;;;;;;;;;;;;;x
PROV2437;Juazeiro;;;;;;;;;;;;;x
PROV2438;Santana dos Brejos;;;;;;;;;;;;;x
PROV2439;Sao Jorge dos Ilheos;;;;;;;;;;;;;x
PROV2440;Jacobina;;;;;;;;;;;;;x
PROV2441;Ouro Preto;;;;;;;;;;;;;x
PROV2442;Sao Goncalo de Contagem;;;;;;;;;;;;;x
PROV2443;Montes Claros de Formigas;;;;;;;;;;;;;x
PROV2444;Santo Antonio do Rio Paranaiba;;;;;;;;;;;;;x
PROV2445;Uberaba;;;;;;;;;;;;;x
PROV2446;Pouso Alegre;;;;;;;;;;;;;x
PROV2447;Rio de Janeiro;;;;;;;;;;;;;x
PROV2448;Campos dos Goyatacazes;;;;;;;;;;;;;x
PROV2449;Victoria;;;;;;;;;;;;;x
PROV2450;Sao Paulo;;;;;;;;;;;;;x
PROV2451;Sao Jose dos Campos;;;;;;;;;;;;;x
PROV2452;Campinas;;;;;;;;;;;;;x
PROV2453;Rio Tiete;;;;;;;;;;;;;x
PROV2454;Fiji;;;;;;;;;;;;;x
PROV2455;Iguape;;;;;;;;;;;;;x
PROV2456;Franca;;;;;;;;;;;;;x
PROV2457;Curitiba;;;;;;;;;;;;;x
PROV2458;Cidade do Guahyra;;;;;;;;;;;;;x
PROV2459;Rio Peperi-Guacu;;;;;;;;;;;;;x
PROV2460;Vila Rica do Espirito Santo;;;;;;;;;;;;;x
PROV2461;Nossa Senhora do Desterro;;;;;;;;;;;;;x
PROV2462;Palma Suela;;;;;;;;;;;;;x
PROV2463;Porto Alegre;;;;;;;;;;;;;x
PROV2464;Pelotas;;;;;;;;;;;;;x
PROV2465;Santa Maria;;;;;;;;;;;;;x
PROV2466;Sao Borja;;;;;;;;;;;;;x
PROV2467;Bage;;;;;;;;;;;;;x
PROV2468;Sydney;;;;;;;;;;;;;x
PROV2469;Newcastle;;;;;;;;;;;;;x
PROV2470;Port Macquarie;;;;;;;;;;;;;x
PROV2471;Bathurst;;;;;;;;;;;;;x
PROV2472;Canberra;;;;;;;;;;;;;x
PROV2473;Wagga Wagga;;;;;;;;;;;;;x
PROV2474;Moree;;;;;;;;;;;;;x
PROV2475;Broken Hill;;;;;;;;;;;;;x
PROV2476;Melbourne;;;;;;;;;;;;;x
PROV2477;Warmambool;;;;;;;;;;;;;x
PROV2478;Ballarat;;;;;;;;;;;;;x
PROV2479;Sale;;;;;;;;;;;;;x
PROV2480;Beechworth;;;;;;;;;;;;;x
PROV2481;Swan Hill;;;;;;;;;;;;;x
PROV2482;Van Diemen's Land;;;;;;;;;;;;;x
PROV2483;Brisbane;;;;;;;;;;;;;x
PROV2484;Gladstone;;;;;;;;;;;;;x
PROV2485;Clermont;;;;;;;;;;;;;x
PROV2486;Toowoomba;;;;;;;;;;;;;x
PROV2487;Townsville;;;;;;;;;;;;;x
PROV2488;Cooktown;;;;;;;;;;;;;x
PROV2489;Longreach;;;;;;;;;;;;;x
PROV2490;Charleville;;;;;;;;;;;;;x
PROV2491;Adelaide;;;;;;;;;;;;;x
PROV2492;Port Lincoln;;;;;;;;;;;;;x
PROV2493;Robe;;;;;;;;;;;;;x
PROV2494;Port Augusta;;;;;;;;;;;;;x
PROV2495;Tirari;;;;;;;;;;;;;x
PROV2496;Nullarbor;;;;;;;;;;;;;x
PROV2497;Perth;;;;;;;;;;;;;x
PROV2498;Kojonup;;;;;;;;;;;;;x
PROV2499;Geraldton;;;;;;;;;;;;;x
PROV2500;Kalgoorlie;;;;;;;;;;;;;x
PROV2501;Broome;;;;;;;;;;;;;x
PROV2502;Carnarvon;;;;;;;;;;;;;x
PROV2503;Wiluna;;;;;;;;;;;;;x
PROV2504;Esperance;;;;;;;;;;;;;x
PROV2505;Port Essington;;;;;;;;;;;;;x
PROV2506;Roper River;;;;;;;;;;;;;x
PROV2507;Mparntwe;;;;;;;;;;;;;x
PROV2508;Norfolk Island;;;;;;;;;;;;;x
PROV2509;Oakland;;;;;;;;;;;;;x
PROV2510;Ngamotu;;;;;;;;;;;;;x
PROV2511;Ahuriri;;;;;;;;;;;;;x
PROV2512;Te Upoko-o-te-Ika;;;;;;;;;;;;;x
PROV2513;Otepoti;;;;;;;;;;;;;x
PROV2514;Hokitika;;;;;;;;;;;;;x
PROV2515;Otautahi;;;;;;;;;;;;;x
PROV2516;Whakatu;;;;;;;;;;;;;x
PROV2517;Guajan;;;;;;;;;;;;;x
PROV2518;Palaos;;;;;;;;;;;;;x
PROV2519;Maymana;;;;;;;;;;;;;x
PROV2520;Phoenix Islands;;;;;;;;;;;;;x
PROV2521;Saipan;;;;;;;;;;;;;x
PROV2522;Marshall Islands;;;;;;;;;;;;;x
PROV2523;Pleasant Island;;;;;;;;;;;;;x
PROV2524;Wake Island;;;;;;;;;;;;;x
PROV2525;Marcus;;;;;;;;;;;;;x
PROV2526;Palmyra Atoll;;;;;;;;;;;;;x
PROV2527;Gilbert Islands;;;;;;;;;;;;;x
PROV2528;Port Moresby;;;;;;;;;;;;;x
PROV2529;Kerema;;;;;;;;;;;;;x
PROV2530;Lae;;;;;;;;;;;;;x
PROV2531;Angoram Village;;;;;;;;;;;;;x
PROV2532;Forte de Sao Joaquim do Rio Blanco;;;;;;;;;;;;;x
PROV2533;Neumarkt;;;;;;;;;;;;;x
PROV2534;Guadalcanal;;;;;;;;;;;;;x
PROV2535;New Hebrides;;;;;;;;;;;;;x
PROV2536;Santa Cruz Islands;;;;;;;;;;;;;x
PROV2537;New Britain;;;;;;;;;;;;;x
PROV2538;Neusatz;;;;;;;;;;;;;x
PROV2539;Bougainville;;;;;;;;;;;;;x
PROV2540;Tonga;;;;;;;;;;;;;x
PROV2541;Ellice Islands;;;;;;;;;;;;;x
PROV2542;Wallis and Futuna Islands;;;;;;;;;;;;;x
PROV2543;Apia;;;;;;;;;;;;;x
PROV2544;Pago Pago;;;;;;;;;;;;;x
PROV2545;Southern Cook Islands;;;;;;;;;;;;;x
PROV2546;Northern Cook Islands;;;;;;;;;;;;;x
PROV2547;Union Islands;;;;;;;;;;;;;x
PROV2548;Igdir;;;;;;;;;;;;;x
PROV2549;Rio Yurua;;;;;;;;;;;;;x
PROV2550;Real Forte Principe da Beira;;;;;;;;;;;;;x
PROV2551;Marquesas Islands;;;;;;;;;;;;;x
PROV2552;Pitcairn Islands;;;;;;;;;;;;;x
PROV2553;Paumotu Islands;;;;;;;;;;;;;x
PROV2554;Candelaria;;;;;;;;;;;;;x
PROV2555;Augusta;;;;;;;;;;;;;x
PROV2556;Asheville;;;;;;;;;;;;;x
PROV2557;Fredericia;;;;;;;;;;;;;x
PROV2558;Emthanjeni;;;;;;;;;;;;;x
PROV2559;Suhaj;;;;;;;;;;;;;x
PROV2560;Darmstadt;;;;;;;;;;;;;x
PROV2561;Wuppertal;;;;;;;;;;;;;x
PROV2562;Taitung;;;;;;;;;;;;;x
PROV2563;Safi;;;;;;;;;;;;;x
PROV2564;Salima;;;;;;;;;;;;;x
PROV2565;Cebu;;;;;;;;;;;;;x
PROV2566;Agartala;;;;;;;;;;;;;x
PROV2567;Gaeta;;;;;;;;;;;;;x
PROV2568;Lugano;;;;;;;;;;;;;x
PROV2569;Niksic;;;;;;;;;;;;;x
PROV2570;Beauvais;;;;;;;;;;;;;x
PROV2571;Tauranga;;;;;;;;;;;;;x
PROV2572;Nan;;;;;;;;;;;;;x
PROV2573;Mbissel;;;;;;;;;;;;;x
PROV2574;Mochudi;;;;;;;;;;;;;x
PROV2575;Ipoh;;;;;;;;;;;;;x
PROV2576;Natuna;;;;;;;;;;;;;x
PROV2577;Taslica;;;;;;;;;;;;;x
PROV2578;San Pedro de Tacna;;;;;;;;;;;;;x
PROV2579;Truk;;;;;;;;;;;;;x
PROV2580;Novaya Ladoga;;;;;;;;;;;;;x
PROV2581;Chiconono;;;;;;;;;;;;;x
PROV2582;Cattaro;;;;;;;;;;;;;x
PROV2583;Cetinje;;;;;;;;;;;;;x
PROV2584;Bielitz;;;;;;;;;;;;;x
PROV2585;Al Jawf;;;;;;;;;;;;;x
PROV2586;Rub'al Khali;;;;;;;;;;;;;x
PROV2587;Kola;;;;;;;;;;;;;x
PROV2588;Onega;;;;;;;;;;;;;x
PROV2589;Tsushima;;;;;;;;;;;;;x
PROV2590;Ceuta;;;;;;;;;;;;;x
PROV2591;Trankebar;;;;;;;;;;;;;x
PROV2592;Fort Chimo;;;;;;;;;;;;;x
PROV2593;Rupert House;;;;;;;;;;;;;x
PROV2594;Fort Frances;;;;;;;;;;;;;x
PROV2595;Frobisher Bay;;;;;;;;;;;;;x
PROV2596;Victoria Island;;;;;;;;;;;;;x
PROV2597;Isla de Pinos;;;;;;;;;;;;;x
PROV2598;Queen Charlotte Islands;;;;;;;;;;;;;x
PROV2599;Redut Svyatogo-Mikhaila;;;;;;;;;;;;;x
PROV2600;Missao Tavaquara;;;;;;;;;;;;;x
PROV2601;Wilkinkarra;;;;;;;;;;;;;x
PROV2602;Roebourne;;;;;;;;;;;;;x
PROV2603;Chanamee;;;;;;;;;;;;;x
PROV2604;Normanton;;;;;;;;;;;;;x
PROV2605;Ngaanyatjarraku;;;;;;;;;;;;;x
PROV2606;Balkhash;;;;;;;;;;;;;x
PROV2607;Taklamakan;;;;;;;;;;;;;x
PROV2608;Ulaangom;;;;;;;;;;;;;x
PROV2609;Araouane;;;;;;;;;;;;;x
PROV2610;Uralsk;;;;;;;;;;;;;x
PROV2611;Aktobe;;;;;;;;;;;;;x
PROV2612;Aktash;;;;;;;;;;;;;x
PROV2613;Purpe River Basin;;;;;;;;;;;;;x
PROV2614;Shadrinsk;;;;;;;;;;;;;x
PROV2615;Tazovsky;;;;;;;;;;;;;x
PROV2616;Koryak Plateau;;;;;;;;;;;;;x
PROV2617;Saghalian Oula;;;;;;;;;;;;;x
PROV2618;Talaya;;;;;;;;;;;;;x
PROV2619;Aykhal;;;;;;;;;;;;;x
PROV2620;Susuman;;;;;;;;;;;;;x
PROV2621;Srednekolymsk;;;;;;;;;;;;;x
PROV2622;Bar-le-Duc;;;;;;;;;;;;;x
PROV2623;Midway Islands;;;;;;;;;;;;;x
PROV2624;Loango;;;;;;;;;;;;;x
PROV2625;Battle Harbour;;;;;;;;;;;;;x
PROV2626;Ungava Peninsula;;;;;;;;;;;;;x
PROV2627;Bradford;;;;;;;;;;;;;x
PROV2628;Quetzaltenango;;;;;;;;;;;;;x
PROV2629;Clipperton Island;;;;;;;;;;;;;x
PROV2630;Perrito de las Praderas;;;;;;;;;;;;;x
PROV2631;Apacheria del Norte;;;;;;;;;;;;;x
PROV2632;Kwangchowan;;;;;;;;;;;;;x
PROV2633;Ossora;;;;;;;;;;;;;x
PROV2634;Lavrentiya;;;;;;;;;;;;;x
PROV2635;Kariba;;;;;;;;;;;;;x
PROV2636;Ammassalik O;;;;;;;;;;;;;x
PROV2637;Ketapang;;;;;;;;;;;;;x
PROV2638;Sekoha;;;;;;;;;;;;;x
PROV2639;Qurayyat;;;;;;;;;;;;;x
PROV2640;Gwadar;;;;;;;;;;;;;x
PROV2641;Ayan;;;;;;;;;;;;;x
PROV2642;Ust Nera;;;;;;;;;;;;;x
PROV2643;Hajjiabad;;;;;;;;;;;;;x
PROV2644;Olyekminsk;;;;;;;;;;;;;x
PROV2645;Bodaybo;;;;;;;;;;;;;x
PROV2646;Surgut;;;;;;;;;;;;;x
PROV2647;Lifau;;;;;;;;;;;;;x
PROV2648;Yakutsk;;;;;;;;;;;;;x
PROV2649;Zhigansk;;;;;;;;;;;;;x
PROV2650;Nyurba;;;;;;;;;;;;;x
PROV2651;Aikhal;;;;;;;;;;;;;x
PROV2652;Kular;;;;;;;;;;;;;x
PROV2653;Saskylah;;;;;;;;;;;;;x
PROV2654;Khatanga;;;;;;;;;;;;;x
PROV2655;Tura;;;;;;;;;;;;;x
PROV2656;Ustyurt;;;;;;;;;;;;;x
PROV2657;Dudinka;;;;;;;;;;;;;x
PROV2658;Kurgan;;;;;;;;;;;;;x
PROV2659;Gydan Peninsula;;;;;;;;;;;;;x
PROV2660;Seymchan;;;;;;;;;;;;;x
PROV2661;Tikegen;;;;;;;;;;;;;x
PROV2662;Chiricahua;;;;;;;;;;;;;x
PROV2663;Kamenskoye;;;;;;;;;;;;;x
PROV2664;Khasab;;;;;;;;;;;;;x
PROV2665;Sambas;;;;;;;;;;;;;x
PROV2666;Pevek;;;;;;;;;;;;;x
PROV2667;Batagay;;;;;;;;;;;;;x
PROV2668;Omoloy;;;;;;;;;;;;;x
PROV2669;Sunders;;;;;;;;;;;;;x
PROV2670;Verkhneudinsk;;;;;;;;;;;;;x
PROV2671;Barguzin;;;;;;;;;;;;;x
PROV2672;Pokrovsk;;;;;;;;;;;;;x
PROV2673;Olenyok;;;;;;;;;;;;;x
PROV2674;Abakan;;;;;;;;;;;;;x
PROV2675;Nizhnyaya Tunguska;;;;;;;;;;;;;x
PROV2676;Kirensk;;;;;;;;;;;;;x
PROV2677;Ilimsk;;;;;;;;;;;;;x
PROV2678;Bulgan;;;;;;;;;;;;;x
PROV2679;Khovd;;;;;;;;;;;;;x
PROV2680;Volochanka;;;;;;;;;;;;;x
PROV2681;Taibei;;;;;;;;;;;;;x
PROV2682;Obdorsk;;;;;;;;;;;;;x
PROV2683;Narym;;;;;;;;;;;;;x
PROV2684;Yamal;;;;;;;;;;;;;x
PROV2685;Pelym;;;;;;;;;;;;;x
PROV2686;Krivoshchekovskaya;;;;;;;;;;;;;x
PROV2687;Amderma;;;;;;;;;;;;;x
PROV2688;Bolshezemelskaya;;;;;;;;;;;;;x
PROV2689;Mulda;;;;;;;;;;;;;x
PROV2690;Filibe;;;;;;;;;;;;;x
PROV2691;Aginskoye;;;;;;;;;;;;;x
PROV2692;Kostino;;;;;;;;;;;;;x
PROV2693;Essey;;;;;;;;;;;;;x
PROV2694;Podkamennaya Tunguska;;;;;;;;;;;;;x
PROV2695;Mukhtuya;;;;;;;;;;;;;x
PROV2696;Aldan;;;;;;;;;;;;;x
PROV2697;Jingkiri;;;;;;;;;;;;;x
PROV2698;Kuznetsk;;;;;;;;;;;;;x
PROV2699;Izhma;;;;;;;;;;;;;x
PROV2700;Ust-Sysolsk;;;;;;;;;;;;;x
PROV2701;Kansk;;;;;;;;;;;;;x
PROV2702;Alty-Kuduk;;;;;;;;;;;;;x
PROV2703;Vanern;;;;;;;;;;;;;x
PROV2704;Vattern;;;;;;;;;;;;;x
PROV2705;Gulf of Bothnia;;;;;;;;;;;;;x
PROV2706;Alands Hav;;;;;;;;;;;;;x
PROV2707;Gulf of Finland;;;;;;;;;;;;;x
PROV2708;Western Baltic Sea;;;;;;;;;;;;;x
PROV2709;Gulf of Riga;;;;;;;;;;;;;x
PROV2710;Southern Baltic Sea;;;;;;;;;;;;;x
PROV2711;Kattegat;;;;;;;;;;;;;x
PROV2712;Skagerrak;;;;;;;;;;;;;x
PROV2713;Peipsi Jarv;;;;;;;;;;;;;x
PROV2714;Ladoga;;;;;;;;;;;;;x
PROV2715;Onega;;;;;;;;;;;;;x
PROV2716;White Sea;;;;;;;;;;;;;x
PROV2717;Lofoten Sea;;;;;;;;;;;;;x
PROV2718;Northern Norwegian Sea;;;;;;;;;;;;;x
PROV2719;Southern Norwegian Sea;;;;;;;;;;;;;x
PROV2720;German Bight;;;;;;;;;;;;;x
PROV2721;Heligoland Bight;;;;;;;;;;;;;x
PROV2722;Coast of Holland;;;;;;;;;;;;;x
PROV2723;Dogger Bank;;;;;;;;;;;;;x
PROV2724;Straits of Dover;;;;;;;;;;;;;x
PROV2725;The Channel;;;;;;;;;;;;;x
PROV2726;Lands End;;;;;;;;;;;;;x
PROV2727;Coast of Britanny;;;;;;;;;;;;;x
PROV2728;Quiberon Bay;;;;;;;;;;;;;x
PROV2729;Cote D'Argent;;;;;;;;;;;;;x
PROV2730;Bay of Biscay;;;;;;;;;;;;;x
PROV2731;Cantabrian Sea;;;;;;;;;;;;;x
PROV2732;Tyne;;;;;;;;;;;;;x
PROV2733;Firth of Forth;;;;;;;;;;;;;x
PROV2734;The North Sea;;;;;;;;;;;;;x
PROV2735;Moray Firth;;;;;;;;;;;;;x
PROV2736;North Channel;;;;;;;;;;;;;x
PROV2737;Irish Sea;;;;;;;;;;;;;x
PROV2738;St. George's Channel;;;;;;;;;;;;;x
PROV2739;Donegal Bay;;;;;;;;;;;;;x
PROV2740;Dingle Bay;;;;;;;;;;;;;x
PROV2741;Celtic Sea;;;;;;;;;;;;;x
PROV2742;Western Approaches;;;;;;;;;;;;;x
PROV2743;Finisterre Bay;;;;;;;;;;;;;x
PROV2744;Lusitanian Sea;;;;;;;;;;;;;x
PROV2745;Gulf of Cadiz;;;;;;;;;;;;;x
PROV2746;Straits of Gibraltar;;;;;;;;;;;;;x
PROV2747;Gulf of Almeira;;;;;;;;;;;;;x
PROV2748;Gulf of Valencia;;;;;;;;;;;;;x
PROV2749;Gulf of Lion;;;;;;;;;;;;;x
PROV2750;Cote D'Azur;;;;;;;;;;;;;x
PROV2751;Ligurian Sea;;;;;;;;;;;;;x
PROV2752;Gulf of Mallocra;;;;;;;;;;;;;x
PROV2753;Western Mediterranean;;;;;;;;;;;;;x
PROV2754;Barbary Coast;;;;;;;;;;;;;x
PROV2755;Cape Bon;;;;;;;;;;;;;x
PROV2756;Tyrrenean Sea;;;;;;;;;;;;;x
PROV2757;Bay of Naples;;;;;;;;;;;;;x
PROV2758;Gulf of Gabes;;;;;;;;;;;;;x
PROV2759;Malta Channel;;;;;;;;;;;;;x
PROV2760;Straits of Messina;;;;;;;;;;;;;x
PROV2761;Gulf of Venice;;;;;;;;;;;;;x
PROV2762;Adriatic Sea;;;;;;;;;;;;;x
PROV2763;Straits of Otranto;;;;;;;;;;;;;x
PROV2764;Gulf of Taranto;;;;;;;;;;;;;x
PROV2765;Ionian Sea;;;;;;;;;;;;;x
PROV2766;Gulf of Sirte;;;;;;;;;;;;;x
PROV2767;Gulf of Tobruk;;;;;;;;;;;;;x
PROV2768;Bay of Alexandria;;;;;;;;;;;;;x
PROV2769;Palestinian Coast;;;;;;;;;;;;;x
PROV2770;Gulf of Cyprus;;;;;;;;;;;;;x
PROV2771;Sea of Crete;;;;;;;;;;;;;x
PROV2772;Aegean Sea;;;;;;;;;;;;;x
PROV2773;Sea of Marmara;;;;;;;;;;;;;x
PROV2774;Gulf of Varna;;;;;;;;;;;;;x
PROV2775;Gulf of Odessa;;;;;;;;;;;;;x
PROV2776;Sea of Azov;;;;;;;;;;;;;x
PROV2777;Eastern Black Sea;;;;;;;;;;;;;x
PROV2778;Lake Balaton;;;;;;;;;;;;;x
PROV2779;Caspian Sea;;;;;;;;;;;;;x
PROV2780;Aral Sea;;;;;;;;;;;;;x
PROV2781;Gulf of Suez;;;;;;;;;;;;;x
PROV2782;Red Sea;;;;;;;;;;;;;x
PROV2783;Straits of Obokk;;;;;;;;;;;;;x
PROV2784;Bal el Mandeb;;;;;;;;;;;;;x
PROV2785;Coast of Mascate;;;;;;;;;;;;;x
PROV2786;Gulf of Oman;;;;;;;;;;;;;x
PROV2787;Hormuz Strait;;;;;;;;;;;;;x
PROV2788;Persian Gulf;;;;;;;;;;;;;x
PROV2789;Gulf of Indus;;;;;;;;;;;;;x
PROV2790;Gulf of Gujarat;;;;;;;;;;;;;x
PROV2791;Laquedive Islands;;;;;;;;;;;;;x
PROV2792;Coast of Malabar;;;;;;;;;;;;;x
PROV2793;Comorin Cape;;;;;;;;;;;;;x
PROV2794;Coast of Caramandel;;;;;;;;;;;;;x
PROV2795;Coast of Orissa;;;;;;;;;;;;;x
PROV2796;Ganges Delta;;;;;;;;;;;;;x
PROV2797;Akyab Bay;;;;;;;;;;;;;x
PROV2798;Irrawady Delta;;;;;;;;;;;;;x
PROV2799;Andaman Sea;;;;;;;;;;;;;x
PROV2800;Mergui Archipelago;;;;;;;;;;;;;x
PROV2801;Straits of Malacca;;;;;;;;;;;;;x
PROV2802;Coast of Atjeh;;;;;;;;;;;;;x
PROV2803;Billiton Strait;;;;;;;;;;;;;x
PROV2804;Coast of Sumatra;;;;;;;;;;;;;x
PROV2805;Sunda Strait;;;;;;;;;;;;;x
PROV2806;Coast of Java;;;;;;;;;;;;;x
PROV2807;Coast of Surabaya;;;;;;;;;;;;;x
PROV2808;Straits of Lombok;;;;;;;;;;;;;x
PROV2809;Timor Sea;;;;;;;;;;;;;x
PROV2810;The Moluccas;;;;;;;;;;;;;x
PROV2811;Java Sea;;;;;;;;;;;;;x
PROV2812;Straits of Makassar;;;;;;;;;;;;;x
PROV2813;Karimata Strait;;;;;;;;;;;;;x
PROV2814;Straits of Johore;;;;;;;;;;;;;x
PROV2815;Malayan Sea;;;;;;;;;;;;;x
PROV2816;Coast of Sarawk;;;;;;;;;;;;;x
PROV2817;Mekong Delta;;;;;;;;;;;;;x
PROV2818;Gulf of Siam;;;;;;;;;;;;;x
PROV2819;Cam Rah Bay;;;;;;;;;;;;;x
PROV2820;South China Sea;;;;;;;;;;;;;x
PROV2821;Coast of Brunei;;;;;;;;;;;;;x
PROV2822;Coast of Annam;;;;;;;;;;;;;x
PROV2823;Gulf of Tonkin;;;;;;;;;;;;;x
PROV2824;Guanghou Bay;;;;;;;;;;;;;x
PROV2825;Taiwan Strait;;;;;;;;;;;;;x
PROV2826;Yang Tse Delta;;;;;;;;;;;;;x
PROV2827;Yellow Sea;;;;;;;;;;;;;x
PROV2828;Korea Bay;;;;;;;;;;;;;x
PROV2829;South Korean Sea;;;;;;;;;;;;;x
PROV2830;Northern East Sea;;;;;;;;;;;;;x
PROV2831;Soya Strait;;;;;;;;;;;;;x
PROV2832;Tatar Straits;;;;;;;;;;;;;x
PROV2833;Amur Delta;;;;;;;;;;;;;x
PROV2834;Baj of Ayan;;;;;;;;;;;;;x
PROV2835;Bay of Komenskoie;;;;;;;;;;;;;x
PROV2836;Coast of Kamchatka;;;;;;;;;;;;;x
PROV2837;Sea of Okhotsk;;;;;;;;;;;;;x
PROV2838;Coast of Sakhalin;;;;;;;;;;;;;x
PROV2839;Gulf of Patience;;;;;;;;;;;;;x
PROV2840;Tsugaru Strait;;;;;;;;;;;;;x
PROV2841;Eastern East Sea;;;;;;;;;;;;;x
PROV2842;Southern East Sea;;;;;;;;;;;;;x
PROV2843;Seto Inland Sea;;;;;;;;;;;;;x
PROV2844;Tokai Sea;;;;;;;;;;;;;x
PROV2845;Ryukyu Islands;;;;;;;;;;;;;x
PROV2846;Luzon Strait;;;;;;;;;;;;;x
PROV2847;Paracel Islands;;;;;;;;;;;;;x
PROV2848;Manila Bay;;;;;;;;;;;;;x
PROV2849;Coast of Luzon;;;;;;;;;;;;;x
PROV2850;Gulf of Leyte;;;;;;;;;;;;;x
PROV2851;Sulu Sea;;;;;;;;;;;;;x
PROV2852;Sea of Celebes;;;;;;;;;;;;;x
PROV2853;Sea of Ternete;;;;;;;;;;;;;x
PROV2854;Sea of Banda;;;;;;;;;;;;;x
PROV2855;Philipine Sea;;;;;;;;;;;;;x
PROV2856;Palau Islands;;;;;;;;;;;;;x
PROV2857;Biak Bay;;;;;;;;;;;;;x
PROV2858;Vilian Strait;;;;;;;;;;;;;x
PROV2859;Trobrian Islands;;;;;;;;;;;;;x
PROV2860;Torres Strait;;;;;;;;;;;;;x
PROV2861;Arafuam Sea;;;;;;;;;;;;;x
PROV2862;Kolepom Bay;;;;;;;;;;;;;x
PROV2863;Gulf of Carpentaria;;;;;;;;;;;;;x
PROV2864;Great Barrier Reef;;;;;;;;;;;;;x
PROV2865;Capricorn Bay;;;;;;;;;;;;;x
PROV2866;Cape Howe;;;;;;;;;;;;;x
PROV2867;Bass Strait;;;;;;;;;;;;;x
PROV2868;Kangaroo Island;;;;;;;;;;;;;x
PROV2869;Great Australian Bight;;;;;;;;;;;;;x
PROV2870;Cape Leuwiin;;;;;;;;;;;;;x
PROV2871;Shark Bay;;;;;;;;;;;;;x
PROV2872;Northwest Cape;;;;;;;;;;;;;x
PROV2873;King Sound;;;;;;;;;;;;;x
PROV2874;Tasman Sea;;;;;;;;;;;;;x
PROV2875;Southern Tasman Sea;;;;;;;;;;;;;x
PROV2876;Cook Strait;;;;;;;;;;;;;x
PROV2877;Northern Tasman Sea;;;;;;;;;;;;;x
PROV2878;Cape Farwell;;;;;;;;;;;;;x
PROV2879;Coast of New Zealand;;;;;;;;;;;;;x
PROV2880;Cantebury Bight;;;;;;;;;;;;;x
PROV2881;Sea of Antarctica;;;;;;;;;;;;;x
PROV2882;New Caledonian Sea;;;;;;;;;;;;;x
PROV2883;Coral Sea;;;;;;;;;;;;;x
PROV2884;Gilbert Sea;;;;;;;;;;;;;x
PROV2885;Solomon Sea;;;;;;;;;;;;;x
PROV2886;Nauru Island;;;;;;;;;;;;;x
PROV2887;Melanesia Sea;;;;;;;;;;;;;x
PROV2888;Micronesia Sea;;;;;;;;;;;;;x
PROV2889;Philippine Trench;;;;;;;;;;;;;x
PROV2890;Philippine Basin;;;;;;;;;;;;;x
PROV2891;Tinian Sea;;;;;;;;;;;;;x
PROV2892;Iwo Jima Sea;;;;;;;;;;;;;x
PROV2893;Taihei Ocean;;;;;;;;;;;;;x
PROV2894;The Kuriles;;;;;;;;;;;;;x
PROV2895;Bay of Uka;;;;;;;;;;;;;x
PROV2896;Bay of Oljut;;;;;;;;;;;;;x
PROV2897;Bay of Anadyr;;;;;;;;;;;;;x
PROV2898;Yekaterina Plains;;;;;;;;;;;;;x
PROV2899;Horn of Africa;;;;;;;;;;;;;x
PROV2900;Coast of Pepper;;;;;;;;;;;;;x
PROV2901;Zanzibar Strait;;;;;;;;;;;;;x
PROV2902;Mozambique Channel;;;;;;;;;;;;;x
PROV2903;Diego Suarez Bay;;;;;;;;;;;;;x
PROV2904;Western Arabian Sea;;;;;;;;;;;;;x
PROV2905;Eastern Arabian Sea;;;;;;;;;;;;;x
PROV2906;The Seychelles;;;;;;;;;;;;;x
PROV2907;Coast of Tamatave;;;;;;;;;;;;;x
PROV2908;The Mascareignes;;;;;;;;;;;;;x
PROV2909;Gulf of Zambeze;;;;;;;;;;;;;x
PROV2910;Coast of Natal;;;;;;;;;;;;;x
PROV2911;Coast of Transkei;;;;;;;;;;;;;x
PROV2912;Coast of Ciskei;;;;;;;;;;;;;x
PROV2913;Cape of Good Hope;;;;;;;;;;;;;x
PROV2914;Coast of Namibia;;;;;;;;;;;;;x
PROV2915;Walvis Bay;;;;;;;;;;;;;x
PROV2916;Coast of Angola;;;;;;;;;;;;;x
PROV2917;Coast of Kongo;;;;;;;;;;;;;x
PROV2918;Bight of Benin;;;;;;;;;;;;;x
PROV2919;Gold Coast;;;;;;;;;;;;;x
PROV2920;Ivory Coast;;;;;;;;;;;;;x
PROV2921;Coast of Guinea;;;;;;;;;;;;;x
PROV2922;Coast of Senegambia;;;;;;;;;;;;;x
PROV2923;Maueretanian Coast;;;;;;;;;;;;;x
PROV2924;Canarian Sea;;;;;;;;;;;;;x
PROV2925;Coast of Morocco;;;;;;;;;;;;;x
PROV2926;Norwegian Sea;;;;;;;;;;;;;x
PROV2927;Jan Mayen Sea;;;;;;;;;;;;;x
PROV2928;Icelandic Sea;;;;;;;;;;;;;x
PROV2929;North Atlantic;;;;;;;;;;;;;x
PROV2930;Coast of Iceland;;;;;;;;;;;;;x
PROV2931;Northeastern Atlantic;;;;;;;;;;;;;x
PROV2932;Rockall;;;;;;;;;;;;;x
PROV2933;Denmark Strait;;;;;;;;;;;;;x
PROV2934;Eastern Coast of Greenland;;;;;;;;;;;;;x
PROV2935;Western Coast of Greenland;;;;;;;;;;;;;x
PROV2936;Labrador Strait;;;;;;;;;;;;;x
PROV2937;Baffin Bay;;;;;;;;;;;;;x
PROV2938;Hudson Straits;;;;;;;;;;;;;x
PROV2939;James Bay;;;;;;;;;;;;;x
PROV2940;Western Hudson Bay;;;;;;;;;;;;;x
PROV2941;Eastern Hudson Bay;;;;;;;;;;;;;x
PROV2942;Foxe Bassin;;;;;;;;;;;;;x
PROV2943;Gulf of St. Lawrence;;;;;;;;;;;;;x
PROV2944;Cabot Strait;;;;;;;;;;;;;x
PROV2945;Bay of Fundy;;;;;;;;;;;;;x
PROV2946;Strait of Belle Isle;;;;;;;;;;;;;x
PROV2947;Fortune Bay;;;;;;;;;;;;;x
PROV2948;Notre Dame Bay;;;;;;;;;;;;;x
PROV2949;Labrador Sea;;;;;;;;;;;;;x
PROV2950;Greenland Sea;;;;;;;;;;;;;x
PROV2951;Hecala Seamount;;;;;;;;;;;;;x
PROV2952;Masschusetts Bay;;;;;;;;;;;;;x
PROV2953;New York Bight;;;;;;;;;;;;;x
PROV2954;Chesapeake Bay;;;;;;;;;;;;;x
PROV2955;Coast of Carolina;;;;;;;;;;;;;x
PROV2956;Coast of Florida;;;;;;;;;;;;;x
PROV2957;Coast of the Bahamas;;;;;;;;;;;;;x
PROV2958;Florida Straits;;;;;;;;;;;;;x
PROV2959;Apalachee Bay;;;;;;;;;;;;;x
PROV2960;Mobile Bay;;;;;;;;;;;;;x
PROV2961;Galveston Bay;;;;;;;;;;;;;x
PROV2962;Tampico Bay;;;;;;;;;;;;;x
PROV2963;Yucatan Sea;;;;;;;;;;;;;x
PROV2964;Gulf of Mexico;;;;;;;;;;;;;x
PROV2965;Yucatan Channel;;;;;;;;;;;;;x
PROV2966;Belize Bay;;;;;;;;;;;;;x
PROV2967;Moscitos Coast;;;;;;;;;;;;;x
PROV2968;Gulf of Darien;;;;;;;;;;;;;x
PROV2969;Jamaica Channel;;;;;;;;;;;;;x
PROV2970;Central Carribean;;;;;;;;;;;;;x
PROV2971;Northwestern Carribean;;;;;;;;;;;;;x
PROV2972;Venezualan Gulf;;;;;;;;;;;;;x
PROV2973;Venezuelan Sea;;;;;;;;;;;;;x
PROV2974;Eastern Carribean;;;;;;;;;;;;;x
PROV2975;Windward Islands;;;;;;;;;;;;;x
PROV2976;Lesser Antilles;;;;;;;;;;;;;x
PROV2977;Turks & Caicos Sea;;;;;;;;;;;;;x
PROV2978;Coast of Cuba;;;;;;;;;;;;;x
PROV2979;Coast of Hispaniola;;;;;;;;;;;;;x
PROV2980;Guyana Coast;;;;;;;;;;;;;x
PROV2981;Coast of Amapa;;;;;;;;;;;;;x
PROV2982;Amazonas Gulf;;;;;;;;;;;;;x
PROV2983;Coast of Brazil;;;;;;;;;;;;;x
PROV2984;Coast of Recife;;;;;;;;;;;;;x
PROV2985;Coast of Pernambuc;;;;;;;;;;;;;x
PROV2986;Todos Santos Bay;;;;;;;;;;;;;x
PROV2987;Rio De Janeiro;;;;;;;;;;;;;x
PROV2988;Baia Parangua;;;;;;;;;;;;;x
PROV2989;Rio De La Plata;;;;;;;;;;;;;x
PROV2990;Bahia Blanca;;;;;;;;;;;;;x
PROV2991;Coast of Patagonia;;;;;;;;;;;;;x
PROV2992;Magellan Strait;;;;;;;;;;;;;x
PROV2993;South Chilean Coast;;;;;;;;;;;;;x
PROV2994;Coast of Chile;;;;;;;;;;;;;x
PROV2995;Atacama Coast;;;;;;;;;;;;;x
PROV2996;Antofagasta Coast;;;;;;;;;;;;;x
PROV2997;Arequipa Bay;;;;;;;;;;;;;x
PROV2998;Coast of Peru;;;;;;;;;;;;;x
PROV2999;Guayaguil Bay;;;;;;;;;;;;;x
PROV3000;Coast of Ecuador;;;;;;;;;;;;;x
PROV3001;Gulf of Panama;;;;;;;;;;;;;x
PROV3002;Bay of Costa Rica;;;;;;;;;;;;;x
PROV3003;Acapulco Bay;;;;;;;;;;;;;x
PROV3004;Manzazilla Bay;;;;;;;;;;;;;x
PROV3005;Mazatlan Bay;;;;;;;;;;;;;x
PROV3006;Gulf of California;;;;;;;;;;;;;x
PROV3007;Coast of Baja;;;;;;;;;;;;;x
PROV3008;Coast of California;;;;;;;;;;;;;x
PROV3009;Santa Catalina Islands;;;;;;;;;;;;;x
PROV3010;Coast of Oregon;;;;;;;;;;;;;x
PROV3011;Coast of Columbia;;;;;;;;;;;;;x
PROV3012;Hecate Strait;;;;;;;;;;;;;x
PROV3013;Gulf of Alaska;;;;;;;;;;;;;x
PROV3014;Coast of Alaska;;;;;;;;;;;;;x
PROV3015;Kuskowim Bay;;;;;;;;;;;;;x
PROV3016;Hatton Bank;;;;;;;;;;;;;x
PROV3017;Eastern Gibbs Fracture;;;;;;;;;;;;;x
PROV3018;Western Gibbs Fracture;;;;;;;;;;;;;x
PROV3019;Iberian Shelf;;;;;;;;;;;;;x
PROV3020;Sea of Azores;;;;;;;;;;;;;x
PROV3021;Corner Seamounts;;;;;;;;;;;;;x
PROV3022;New England Seamounts;;;;;;;;;;;;;x
PROV3023;Sable Island Bank;;;;;;;;;;;;;x
PROV3024;Blake Plataeu;;;;;;;;;;;;;x
PROV3025;West Bermuda Sea;;;;;;;;;;;;;x
PROV3026;East Bermuda Sea;;;;;;;;;;;;;x
PROV3027;Canary Current;;;;;;;;;;;;;x
PROV3028;Northern Guiana Basin;;;;;;;;;;;;;x
PROV3029;Guiana Basin;;;;;;;;;;;;;x
PROV3030;Southern Guiana Basin;;;;;;;;;;;;;x
PROV3031;Canary Approach;;;;;;;;;;;;;x
PROV3032;Cap Verde Approach;;;;;;;;;;;;;x
PROV3033;Cruiser Tablemount;;;;;;;;;;;;;x
PROV3034;Barracuda Fracture Zone;;;;;;;;;;;;;x
PROV3035;Eastern Sargasso Sea;;;;;;;;;;;;;x
PROV3036;Central Sargasso Sea;;;;;;;;;;;;;x
PROV3037;Romanche Gap;;;;;;;;;;;;;x
PROV3038;East Coast of Saint Helena;;;;;;;;;;;;;x
PROV3039;Gulf of Guinea;;;;;;;;;;;;;x
PROV3040;Coast of Falklands;;;;;;;;;;;;;x
PROV3041;Argentine Rise;;;;;;;;;;;;;x
PROV3042;Cornet Bank;;;;;;;;;;;;;x
PROV3043;Vema Channel;;;;;;;;;;;;;x
PROV3044;South Brazil Basin;;;;;;;;;;;;;x
PROV3045;Zapiola Plain;;;;;;;;;;;;;x
PROV3046;Argentine Basin;;;;;;;;;;;;;x
PROV3047;Falkland Plateau;;;;;;;;;;;;;x
PROV3048;East of Magellans;;;;;;;;;;;;;x
PROV3049;Fernando de Noronha Islands;;;;;;;;;;;;;x
PROV3050;North Brazil Basin;;;;;;;;;;;;;x
PROV3051;Sierra Leone Basin;;;;;;;;;;;;;x
PROV3052;Martin Vaz Ridge;;;;;;;;;;;;;x
PROV3053;West Coast of Ascension;;;;;;;;;;;;;x
PROV3054;East Coast of Ascension;;;;;;;;;;;;;x
PROV3055;Walvis Ridge;;;;;;;;;;;;;x
PROV3056;Cape Plain;;;;;;;;;;;;;x
PROV3057;Gough Island;;;;;;;;;;;;;x
PROV3058;Coast of Tristan da Cunha;;;;;;;;;;;;;x
PROV3059;San Marin Gap;;;;;;;;;;;;;x
PROV3060;South Sandwich Islands;;;;;;;;;;;;;x
PROV3061;Inaccesable Island;;;;;;;;;;;;;x
PROV3062;Bouvet Island;;;;;;;;;;;;;x
PROV3063;Cape of Storms;;;;;;;;;;;;;x
PROV3064;Gulf of Bengal;;;;;;;;;;;;;x
PROV3065;Northen Bay of Bengal;;;;;;;;;;;;;x
PROV3066;Southern Bay of Bengal;;;;;;;;;;;;;x
PROV3067;Ceylon Sea;;;;;;;;;;;;;x
PROV3068;Coast of Maldives;;;;;;;;;;;;;x
PROV3069;Eight Degree Channel;;;;;;;;;;;;;x
PROV3070;Madingley Rise;;;;;;;;;;;;;x
PROV3071;Arabian Basin;;;;;;;;;;;;;x
PROV3072;One And Half Degree Channel;;;;;;;;;;;;;x
PROV3073;Chagos Archipelago;;;;;;;;;;;;;x
PROV3074;Cocos Basin;;;;;;;;;;;;;x
PROV3075;Southern Sumatra Trench;;;;;;;;;;;;;x
PROV3076;Coast of the Keelings;;;;;;;;;;;;;x
PROV3077;Java Trench;;;;;;;;;;;;;x
PROV3078;Prince Edward Islands;;;;;;;;;;;;;x
PROV3079;Del Cano Rise;;;;;;;;;;;;;x
PROV3080;Cape Sainte Marie;;;;;;;;;;;;;x
PROV3081;Crozet Island;;;;;;;;;;;;;x
PROV3082;Mascarene Plain;;;;;;;;;;;;;x
PROV3083;Rodrigues Island;;;;;;;;;;;;;x
PROV3084;Southwest Indian Basin;;;;;;;;;;;;;x
PROV3085;Kerguelen Islands;;;;;;;;;;;;;x
PROV3086;St Paul Island;;;;;;;;;;;;;x
PROV3087;Broken Ridge;;;;;;;;;;;;;x
PROV3088;South Australian Basin;;;;;;;;;;;;;x
PROV3089;Egeria Fracture Zone;;;;;;;;;;;;;x
PROV3090;Argo Zone;;;;;;;;;;;;;x
PROV3091;Cuvier Basin;;;;;;;;;;;;;x
PROV3092;Wallaby Plateau;;;;;;;;;;;;;x
PROV3093;Ninety East Ridge;;;;;;;;;;;;;x
PROV3094;Roa Rise;;;;;;;;;;;;;x
PROV3095;Venig-Meisenz Seamounts;;;;;;;;;;;;;x
PROV3096;Wharton Basin;;;;;;;;;;;;;x
PROV3097;Northern Cocos Plateau;;;;;;;;;;;;;x
PROV3098;Southern Cocos Plateau;;;;;;;;;;;;;x
PROV3099;Amsterdam Island;;;;;;;;;;;;;x
PROV3100;Marie-Celeste Fracture Zone;;;;;;;;;;;;;x
PROV3101;Lake Chad;;;;;;;;;;;;;x
PROV3102;Ukerewe;;;;;;;;;;;;;x
PROV3103;Lake Tangayika;;;;;;;;;;;;;x
PROV3104;Lake Nyasa;;;;;;;;;;;;;x
PROV3105;Gulden-Drake Seamount;;;;;;;;;;;;;x
PROV3106;Lake Balkhash;;;;;;;;;;;;;x
PROV3107;Lake Baikal;;;;;;;;;;;;;x
PROV3108;Lake Dongting;;;;;;;;;;;;;x
PROV3109;Lake Titicaca;;;;;;;;;;;;;x
PROV3110;Lake Nicaragua;;;;;;;;;;;;;x
PROV3111;Sedna Basin;;;;;;;;;;;;;x
PROV3112;Lake Ontario;;;;;;;;;;;;;x
PROV3113;Lake Erie;;;;;;;;;;;;;x
PROV3114;Lake Huron;;;;;;;;;;;;;x
PROV3115;Lake Michigan;;;;;;;;;;;;;x
PROV3116;Lake Superior;;;;;;;;;;;;;x
PROV3117;Lake Nipigon;;;;;;;;;;;;;x
PROV3118;Lake Winnipeg;;;;;;;;;;;;;x
PROV3119;Korskiyev Gulch;;;;;;;;;;;;;x
PROV3120;Orsova Bank;;;;;;;;;;;;;x
PROV3121;Novarsk Plain;;;;;;;;;;;;;x
PROV3122;Sorvskiya Plains;;;;;;;;;;;;;x
PROV3123;Yamara Gulch;;;;;;;;;;;;;x
PROV3124;Northwest Pacific Basin;;;;;;;;;;;;;x
PROV3125;Sevrance Shoals;;;;;;;;;;;;;x
PROV3126;Coast of Minami;;;;;;;;;;;;;x
PROV3127;Coast of the Mariana Islands;;;;;;;;;;;;;x
PROV3128;Maysdale Flats;;;;;;;;;;;;;x
PROV3129;Izamo Drop;;;;;;;;;;;;;x
PROV3130;North Bering Sea;;;;;;;;;;;;;x
PROV3131;South Bering Sea;;;;;;;;;;;;;x
PROV3132;Western Aleutian Islands;;;;;;;;;;;;;x
PROV3133;Pribilof Islands;;;;;;;;;;;;;x
PROV3134;Eastern Aleutian Islands;;;;;;;;;;;;;x
PROV3135;Uminak Pass;;;;;;;;;;;;;x
PROV3136;Western Aleutian Sea;;;;;;;;;;;;;x
PROV3137;Baker Seamount;;;;;;;;;;;;;x
PROV3138;Alaska Plain;;;;;;;;;;;;;x
PROV3139;Eastern Aleutian Sea;;;;;;;;;;;;;x
PROV3140;Explorer Trench;;;;;;;;;;;;;x
PROV3141;Moonless Seamounts;;;;;;;;;;;;;x
PROV3142;Chinook Basin;;;;;;;;;;;;;x
PROV3143;Ulchi Basin;;;;;;;;;;;;;x
PROV3144;Jingu Basin;;;;;;;;;;;;;x
PROV3145;Chinook Trough;;;;;;;;;;;;;x
PROV3146;Stanley Seamount;;;;;;;;;;;;;x
PROV3147;Mendocino Escarpment;;;;;;;;;;;;;x
PROV3148;California Seamount;;;;;;;;;;;;;x
PROV3149;Murray Fracture Zone;;;;;;;;;;;;;x
PROV3150;Coast of Hawaii;;;;;;;;;;;;;x
PROV3151;Argo Seamount;;;;;;;;;;;;;x
PROV3152;Musicians Seamount;;;;;;;;;;;;;x
PROV3153;Coast of Midway Island;;;;;;;;;;;;;x
PROV3154;Kepler Plain;;;;;;;;;;;;;x
PROV3155;Galois Plain;;;;;;;;;;;;;x
PROV3156;O'Gorman Rise;;;;;;;;;;;;;x
PROV3157;Coast of the Galapagos Islands;;;;;;;;;;;;;x
PROV3158;Lapira Plains;;;;;;;;;;;;;x
PROV3159;Coast of the Cook Islands;;;;;;;;;;;;;x
PROV3160;Coast of Clipperton Island;;;;;;;;;;;;;x
PROV3161;Henderson Seamount;;;;;;;;;;;;;x
PROV3162;Madijera Ridge;;;;;;;;;;;;;x
PROV3163;Bauer Basin;;;;;;;;;;;;;x
PROV3164;Northeast Pacific Basin;;;;;;;;;;;;;x
PROV3165;Discoverer Seamount;;;;;;;;;;;;;x
PROV3166;Tasavulu Flats;;;;;;;;;;;;;x
PROV3167;Hawaiian Arch;;;;;;;;;;;;;x
PROV3168;Radford Basin;;;;;;;;;;;;;x
PROV3169;Northern Line Islands;;;;;;;;;;;;;x
PROV3170;Coast of the Society Islands;;;;;;;;;;;;;x
PROV3171;Peru Basin;;;;;;;;;;;;;x
PROV3172;Yupanqui Basin;;;;;;;;;;;;;x
PROV3173;Severance Plains;;;;;;;;;;;;;x
PROV3174;Altamira Plains;;;;;;;;;;;;;x
PROV3175;Southern Line Islands;;;;;;;;;;;;;x
PROV3176;Central Pacific Basin;;;;;;;;;;;;;x
PROV3177;Coast of Samoa;;;;;;;;;;;;;x
PROV3178;Johnston Atoll;;;;;;;;;;;;;x
PROV3179;Coast of Tonga;;;;;;;;;;;;;x
PROV3180;Coast of the Marquesas;;;;;;;;;;;;;x
PROV3181;Resolution Flats;;;;;;;;;;;;;x
PROV3182;Coast of the Tuamotus;;;;;;;;;;;;;x
PROV3183;Titus Ridge;;;;;;;;;;;;;x
PROV3184;Chatham Islands;;;;;;;;;;;;;x
PROV3185;Southwest Pacific Basin;;;;;;;;;;;;;x
PROV3186;Ludovico Gulch;;;;;;;;;;;;;x
PROV3187;Coast of Pitcairn Island;;;;;;;;;;;;;x
PROV3188;Rogeveen Basin;;;;;;;;;;;;;x
PROV3189;Menard Fracture Zone;;;;;;;;;;;;;x
PROV3190;Coast of Easter Island;;;;;;;;;;;;;x
PROV3191;Coast of the Ellice Islands;;;;;;;;;;;;;x
PROV3192;New Caledonia Basin;;;;;;;;;;;;;x
PROV3193;Juan Fernandez Islands;;;;;;;;;;;;;x
PROV3194;Selkirk Rise;;;;;;;;;;;;;x
PROV3195;Karasev Plains;;;;;;;;;;;;;x
PROV3196;Timkin Plain;;;;;;;;;;;;;x
PROV3197;Syrus Reef;;;;;;;;;;;;;x
PROV3198;Humboldt Plains;;;;;;;;;;;;;x
PROV3199;Valdivia Flats;;;;;;;;;;;;;x
PROV3200;Coast of South Georgia;;;;;;;;;;;;;x
PROV3201;Argentine Plain;;;;;;;;;;;;;x
PROV3202;Zapiola Seamount;;;;;;;;;;;;;x
PROV3203;West Coast of Saint Helena;;;;;;;;;;;;;x
PROV3204;Moore Fracture Zone;;;;;;;;;;;;;x
PROV3205;West Demerara Plain;;;;;;;;;;;;;x
PROV3206;East Demerara Plain;;;;;;;;;;;;;x
PROV3207;Cape Verde Basin;;;;;;;;;;;;;x
PROV3208;Nares Plain;;;;;;;;;;;;;x
PROV3209;Bahamas Basin;;;;;;;;;;;;;x
PROV3210;Western Sargasso Sea;;;;;;;;;;;;;x
PROV3211;Bermuda Approaches;;;;;;;;;;;;;x
PROV3212;Ceylon Plain;;;;;;;;;;;;;x
PROV3213;Sunda Trench;;;;;;;;;;;;;x
PROV3214;Northern Sumatra Trench;;;;;;;;;;;;;x
PROV3215;Central Indian Basin;;;;;;;;;;;;;x
PROV3216;Fiji Basin;;;;;;;;;;;;;x
PROV3217;Solace Flats;;;;;;;;;;;;;x
PROV3218;Pisaros Pass;;;;;;;;;;;;;x
PROV3219;Coast of Fiji;;;;;;;;;;;;;x
PROV3220;Coast of Norfolk Island;;;;;;;;;;;;;x
PROV3221;Coast of the Gilbert Islands;;;;;;;;;;;;;x
PROV3222;Mainu Reef;;;;;;;;;;;;;x
PROV3223;Tusei Bank;;;;;;;;;;;;;x
PROV3224;Lake Tana;;;;;;;;;;;;;x
PROV3225;Laguna Timpanogos;;;;;;;;;;;;;x
PROV3226;South Australian Plain;;;;;;;;;;;;;x
PROV3227;Great Slave Lake;;;;;;;;;;;;;x
PROV3228;Lake Athabasca;;;;;;;;;;;;;x
PROV3229;Reindeer Lake;;;;;;;;;;;;;x
PROV3230;Gulf of Ob;;;;;;;;;;;;;x
PROV3231;Lake Van;;;;;;;;;;;;;x
PROV3232;Lake Urmia;;;;;;;;;;;;;x
PROV3233;Issyk Kul;;;;;;;;;;;;;x
PROV3234;Qinghai Lake;;;;;;;;;;;;;x
PROV3235;Lake Poyang;;;;;;;;;;;;;x
PROV3236;Anam a Cheper;;;;;;;;;;;;;x
PROV3237;Sohm Plain;;;;;;;;;;;;;x
PROV3238;Lake Mweru;;;;;;;;;;;;;x
PROV3239;Lake Champlain;;;;;;;;;;;;;x
PROV3240;Lake Poopo;;;;;;;;;;;;;x
PROV3241;Arctic Ocean;;;;;;;;;;;;;x
PROV3242;Maury Sea Channel;;;;;;;;;;;;;x
PROV3243;Southeast Pacific Basin;;;;;;;;;;;;;x
PROV3244;Jaluit Passage;;;;;;;;;;;;;x
PROV3245;Markov Plains;;;;;;;;;;;;;x
PROV3246;St. Barthelemy;;;;;;;;;;;;;x
PROV3247;West Hawaii;;;;;;;;;;;;;x
PROV3248;West Magellan Strait;;;;;;;;;;;;;x
PROV3249;Old Tianjin;;;;;;;;;;;;;x
PROV3250;Fribourg;;;;;;;;;;;;;x
PROV3251;Monaco;;;;;;;;;;;;;x
PROV3252;Andorra;;;;;;;;;;;;;x
PROV3253;Vaduz;;;;;;;;;;;;;x
PROV3254;Buckeburg;;;;;;;;;;;;;x
PROV3255;Schleiz;;;;;;;;;;;;;x
PROV3256;Arnstadt;;;;;;;;;;;;;x
PROV3257;Arolsen;;;;;;;;;;;;;x
PROV3258;Turbat;;;;;;;;;;;;;x
PROV3259;Jadegebiet;;;;;;;;;;;;;x
PROV3260;Sado;;;;;;;;;;;;;x
PROV3261;Pescara;;;;;;;;;;;;;x
PROV3262;Beilun;;;;;;;;;;;;;x
PROV3263;Fort William;;;;;;;;;;;;;x
PROV3264;Frederiksoerne;;;;;;;;;;;;;x
PROV3265;Hagen;;;;;;;;;;;;;x
PROV3266;San Marino;;;;;;;;;;;;;x
PROV3267;Paderborn;;;;;;;;;;;;;x
PROV3268;Penzance;;;;;;;;;;;;;x
PROV3269;Essex;;;;;;;;;;;;;x
PROV3270;Wetzlar;;;;;;;;;;;;;x
PROV3271;Jura;;;;;;;;;;;;;x
PROV3272;Brig;;;;;;;;;;;;;x
PROV3273;Seiyun;;;;;;;;;;;;;x
PROV3274;Mestia;;;;;;;;;;;;;x
PROV3275;Kapoea;;;;;;;;;;;;;x
PROV3276;Kutai Timur;;;;;;;;;;;;;x
PROV3277;Hultschin;;;;;;;;;;;;;x
PROV3278;Manifa;;;;;;;;;;;;;x
PROV3279;Keljmentsy;;;;;;;;;;;;;x
PROV3280;Fort Little Falls;;;;;;;;;;;;;x
PROV3281;Fraustadt;;;;;;;;;;;;;x
PROV3282;Olsnitz;;;;;;;;;;;;;x
PROV3283;Lanzenau;;;;;;;;;;;;;x
PROV3284;Mole-Saint-Nicolas;;;;;;;;;;;;;x
PROV3285;Frauenstadt;;;;;;;;;;;;;x
PROV3286;Steinamanger;;;;;;;;;;;;;x
PROV3287;Olivenza;;;;;;;;;;;;;x
PROV3288;Tarvis;;;;;;;;;;;;;x
PROV3289;Csakathurn;;;;;;;;;;;;;x
PROV3290;Bosilegrad;;;;;;;;;;;;;x
PROV3291;Ustrumca;;;;;;;;;;;;;x
PROV3292;Al Salman;;;;;;;;;;;;;x
PROV3293;Bayburt;;;;;;;;;;;;;x
PROV3294;Derik;;;;;;;;;;;;;x
PROV3295;Sao Paulo de Olivenca;;;;;;;;;;;;;x
PROV3296;Rio Purus;;;;;;;;;;;;;x
PROV3297;Rio Acre;;;;;;;;;;;;;x
PROV3298;Curiba;;;;;;;;;;;;;x
PROV3299;Paposo;;;;;;;;;;;;;x
PROV3300;Eutin;;;;;;;;;;;;;x
PROV3301;Celle;;;;;;;;;;;;;x
PROV3302;Birkenfeld;;;;;;;;;;;;;x
PROV3303;Altenburg;;;;;;;;;;;;;x
PROV3304;Schmalkalden;;;;;;;;;;;;;x
PROV3305;Gotha;;;;;;;;;;;;;x
PROV3306;Homburg;;;;;;;;;;;;;x
PROV3307;Bad Hersfeld;;;;;;;;;;;;;x
PROV3308;Ungwar;;;;;;;;;;;;;x
PROV3309;Maria-Theresiopel;;;;;;;;;;;;;x
PROV3310;Jablonka;;;;;;;;;;;;;x
PROV3311;Ferlach;;;;;;;;;;;;;x
PROV3312;Carinthian Karawanks;;;;;;;;;;;;;x
PROV3313;Helmond;;;;;;;;;;;;;x
PROV3314;Schaffhausen;;;;;;;;;;;;;x
PROV3315;Paracel and Spratly Islands;;;;;;;;;;;;;x
PROV3316;Kergeulen;;;;;;;;;;;;;x
PROV3317;Yekaterininsky Arkhpelag;;;;;;;;;;;;;x
PROV3318;Dudelange;;;;;;;;;;;;;x
PROV3319;Gross Kikinda;;;;;;;;;;;;;x
PROV3320;Kelmis;;;;;;;;;;;;;x
PROV3321;Mitrovica;;;;;;;;;;;;;x
PROV3322;Thionville;;;;;;;;;;;;;x
PROV3323;Koninu;;;;;;;;;;;;;x
PROV3324;Line Islands;;;;;;;;;;;;;x
PROV3325;Rubias;;;;;;;;;;;;;x
PROV3326;San Mun;;;;;;;;;;;;;x
PROV3327;Jeremie;;;;;;;;;;;;;x
PROV3328;San Cristobal;;;;;;;;;;;;;x
PROV3329;Hinche;;;;;;;;;;;;;x
PROV3330;Saint-Francois de Macorix;;;;;;;;;;;;;x
PROV3331;Oberswidnik;;;;;;;;;;;;;x
PROV3332;Lausanne;;;;;;;;;;;;;x
PROV3333;Mogeltonder;;;;;;;;;;;;;x
PROV3334;Brus Laguna;;;;;;;;;;;;;x
PROV3335;Dhir;;;;;;;;;;;;;x
PROV3336;Khairpur;;;;;;;;;;;;;x
PROV3337;Patiala;;;;;;;;;;;;;x
PROV3338;Junagadh;;;;;;;;;;;;;x
PROV3339;Nabarangpur;;;;;;;;;;;;;x
PROV3340;Koraput;;;;;;;;;;;;;x
PROV3341;Deogarh;;;;;;;;;;;;;x
PROV3342;Cooch Behar;;;;;;;;;;;;;x
PROV3343;Shillong;;;;;;;;;;;;;x
PROV3344;Aizawl;;;;;;;;;;;;;x
PROV3345;Kohima;;;;;;;;;;;;;x
PROV3346;Tehri;;;;;;;;;;;;;x
PROV3347;Aksai Chin;;;;;;;;;;;;;x
PROV3348;Pudukkottai;;;;;;;;;;;;;x
PROV3349;Cavan;;;;;;;;;;;;;x
PROV3350;Agion Oros;;;;;;;;;;;;;x
PROV3351;Zaqatala;;;;;;;;;;;;;x
PROV3352;Sochi;;;;;;;;;;;;;x
PROV3353;Los Toldos;;;;;;;;;;;;;x
PROV3354;Versailles;;;;;;;;;;;;;x
PROV3355;Jan Mayen;;;;;;;;;;;;;x
PROV3356;Kircaali;;;;;;;;;;;;;x
PROV3357;Vall d'Aran;;;;;;;;;;;;;x
PROV3358;Pluzine;;;;;;;;;;;;;x
PROV3359;Kirjasalo;;;;;;;;;;;;;x
PROV3360;Lorri;;;;;;;;;;;;;x
PROV3361;Cisr-i Mustafapasha;;;;;;;;;;;;;x
PROV3362;Robione;;;;;;;;;;;;;x
PROV3363;Bardonecchia;;;;;;;;;;;;;x
PROV3364;Debre-i Zir;;;;;;;;;;;;;x
PROV3365;Gorice;;;;;;;;;;;;;x
PROV3366;Krepost Ross;;;;;;;;;;;;;x
PROV3367;Havasupai;;;;;;;;;;;;;x
PROV3368;Cucapa Mountains;;;;;;;;;;;;;x
PROV3369;San Augustine;;;;;;;;;;;;;x
PROV3370;Nacogdoches;;;;;;;;;;;;;x
PROV3371;La Grange;;;;;;;;;;;;;x
PROV3372;Comancheria;;;;;;;;;;;;;x
PROV3373;Jacmel;;;;;;;;;;;;;x
PROV3374;Latium;;;;;;;;;;;;;x
PROV3375;Faeto;;;;;;;;;;;;;x
PROV3376;Ivangorod;;;;;;;;;;;;;x
PROV3377;Petseri;;;;;;;;;;;;;x
PROV3378;Abrene;;;;;;;;;;;;;x
PROV3379;Kuolajarvi;;;;;;;;;;;;;x
PROV3380;Tilsit;;;;;;;;;;;;;x
PROV3381;Shtelmutse;;;;;;;;;;;;;x
PROV3382;Poylu;;;;;;;;;;;;;x
PROV3383;Qerekose;;;;;;;;;;;;;x
PROV3384;Terneuse;;;;;;;;;;;;;x
PROV3385;Gross-Neustadt;;;;;;;;;;;;;x
PROV3386;Namur;;;;;;;;;;;;;x
PROV3387;Kirk Kilise;;;;;;;;;;;;;x
PROV3388;Ahtabolu;;;;;;;;;;;;;x
PROV3389;Fort Towson;;;;;;;;;;;;;x
PROV3390;Redut Kolmakovsky;;;;;;;;;;;;;x
PROV3391;Redut Delarofsky;;;;;;;;;;;;;x
PROV3392;Fort Franklin;;;;;;;;;;;;;x
PROV3393;Yellowknife;;;;;;;;;;;;;x
PROV3394;Nordostlige Indlandsis;;;;;;;;;;;;;x
PROV3395;Reka Yukon;;;;;;;;;;;;;x
PROV3396;Kong Frederik VI Kyst;;;;;;;;;;;;;x
PROV3397;Meisenheim;;;;;;;;;;;;;x
PROV3398;Palanga;;;;;;;;;;;;;x
PROV3399;Elksni;;;;;;;;;;;;;x
PROV3400;Abra Pampa;;;;;;;;;;;;;x
PROV3401;Atapupu;;;;;;;;;;;;;x
PROV3402;Sibenning;;;;;;;;;;;;;x
PROV3403;Avlonya;;;;;;;;;;;;;x
PROV3404;Mitterburg;;;;;;;;;;;;;x
PROV3405;Santa Isabel Island;;;;;;;;;;;;;x
PROV3406;Osage Road;;;;;;;;;;;;;x
PROV3407;Fort Dallas;;;;;;;;;;;;;x
PROV3408;Redut Batzulnetas;;;;;;;;;;;;;x
PROV3409;Zapadnaya Gruziya;;;;;;;;;;;;;x
PROV3410;Dirksland;;;;;;;;;;;;;x
PROV3411;Venlo;;;;;;;;;;;;;x
PROV3412;Verviers;;;;;;;;;;;;;x
PROV3413;Upper Essequibo River;;;;;;;;;;;;;x
PROV3414;Cashew Island;;;;;;;;;;;;;x
PROV3415;Hechingen;;;;;;;;;;;;;x
PROV3416;Rudolstadt;;;;;;;;;;;;;x
PROV3417;Ebersdorf;;;;;;;;;;;;;x
PROV3418;Greiz;;;;;;;;;;;;;x
PROV3419;Bernburg;;;;;;;;;;;;;x
PROV3420;Kothen;;;;;;;;;;;;;x
PROV3421;Schleusingen;;;;;;;;;;;;;x
PROV3422;Springe;;;;;;;;;;;;;x
PROV3423;Arnsberg;;;;;;;;;;;;;x
PROV3424;Znaim;;;;;;;;;;;;;x
PROV3425;Susel;;;;;;;;;;;;;x
PROV3426;St. Ingbert;;;;;;;;;;;;;x
PROV3427;Wismar;;;;;;;;;;;;;x
PROV3428;Potsdam;;;;;;;;;;;;;x
PROV3429;Tarki;;;;;;;;;;;;;x
PROV3430;Siazan;;;;;;;;;;;;;x
PROV3431;Mangalia;;;;;;;;;;;;;x
PROV3432;Pazarcik;;;;;;;;;;;;;x
PROV3433;Spic;;;;;;;;;;;;;x
PROV3434;Jakobshavn;;;;;;;;;;;;;x
PROV3435;Blosseville Kyst;;;;;;;;;;;;;x
PROV3436;Sydlige Indlandsis;;;;;;;;;;;;;x
PROV3437;Nordvestlige Indlandsis;;;;;;;;;;;;;x
PROV3438;Lake Harbour;;;;;;;;;;;;;x
PROV3439;Thelon River;;;;;;;;;;;;;x
PROV3440;Clyde River;;;;;;;;;;;;;x
PROV3441;Mackenzie Mountains;;;;;;;;;;;;;x
PROV3442;King William Island;;;;;;;;;;;;;x
PROV3443;Porcupine River;;;;;;;;;;;;;x
PROV3444;Reka Koyukuk;;;;;;;;;;;;;x
PROV3445;Colville River;;;;;;;;;;;;;x
PROV3446;Fort Chipewyan;;;;;;;;;;;;;x
PROV3447;Fort Alexander;;;;;;;;;;;;;x
PROV3448;Long Lake House;;;;;;;;;;;;;x
PROV3449;Great Whale River House;;;;;;;;;;;;;x
PROV3450;George's River Post;;;;;;;;;;;;;x
PROV3451;Michikamau House;;;;;;;;;;;;;x
PROV3452;Pelly Bay;;;;;;;;;;;;;x
PROV3453;Kavala;;;;;;;;;;;;;x
PROV3454;Manastir;;;;;;;;;;;;;x
PROV3455;Tiel;;;;;;;;;;;;;x
PROV3456;Gressoney;;;;;;;;;;;;;x
PROV3457;Sankt Peter der Slawen;;;;;;;;;;;;;x
PROV3458;Virton;;;;;;;;;;;;;x
PROV3459;Lahej;;;;;;;;;;;;;x
PROV3460;Biecz;;;;;;;;;;;;;x
PROV3461;Oudenaarde;;;;;;;;;;;;;x
PROV3462;Liege;;;;;;;;;;;;;x
PROV3463;Gedinne;;;;;;;;;;;;;x
PROV3464;St. Lucia Bay;;;;;;;;;;;;;x
PROV3465;Mgwahumbe River Basin;;;;;;;;;;;;;x
PROV3466;Stellaland;;;;;;;;;;;;;x
PROV3467;Goshen;;;;;;;;;;;;;x
PROV3468;Amrum;;;;;;;;;;;;;x
PROV3469;Haig;;;;;;;;;;;;;x
PROV3470;Eisenach;;;;;;;;;;;;;x
PROV3471;Wangerooge;;;;;;;;;;;;;x
PROV3472;Rio Hondo;;;;;;;;;;;;;x
PROV3473;Uaan;;;;;;;;;;;;;x
PROV3474;Calakmul;;;;;;;;;;;;;x
PROV3475;Verapaz;;;;;;;;;;;;;x
PROV3476;Parismina;;;;;;;;;;;;;x
PROV3477;San Vito;;;;;;;;;;;;;x
PROV3478;Pfaffeien;;;;;;;;;;;;;x
PROV3479;Pontremoli;;;;;;;;;;;;;x
PROV3480;Mantova;;;;;;;;;;;;;x
PROV3481;Malmedy;;;;;;;;;;;;;x
PROV3482;La Bresse;;;;;;;;;;;;;x
PROV3483;Cuxhaven;;;;;;;;;;;;;x
PROV3484;Schonberg;;;;;;;;;;;;;x
PROV3485;Gafers;;;;;;;;;;;;;x
PROV3486;Podgorica;;;;;;;;;;;;;x
PROV3487;Dragas;;;;;;;;;;;;;x
PROV3488;Bihleste;;;;;;;;;;;;;x
PROV3489;Tasoz;;;;;;;;;;;;;x
PROV3490;Voineasa;;;;;;;;;;;;;x
PROV3491;Predeal;;;;;;;;;;;;;x
PROV3492;Cotumba;;;;;;;;;;;;;x
PROV3493;Saveni;;;;;;;;;;;;;x
PROV3494;Novoselytsya;;;;;;;;;;;;;x
PROV3495;Rawicz;;;;;;;;;;;;;x
PROV3496;Ekaterinoslav;;;;;;;;;;;;;x
PROV3497;Hajnowka;;;;;;;;;;;;;x
PROV3498;Lelchitsy;;;;;;;;;;;;;x
PROV3499;Ushachy;;;;;;;;;;;;;x
PROV3500;Kithira;;;;;;;;;;;;;x
PROV3501;Rio San Juan;;;;;;;;;;;;;x
PROV3502;San Juan del Norte;;;;;;;;;;;;;x
PROV3503;Arnhem;;;;;;;;;;;;;x
PROV3504;Achterhoek;;;;;;;;;;;;;x
PROV3505;Ilukste;;;;;;;;;;;;;x
PROV3506;Sieradz;;;;;;;;;;;;;x
PROV3507;Ostroleka;;;;;;;;;;;;;x
PROV3508;Siedlce;;;;;;;;;;;;;x
PROV3509;Kholm;;;;;;;;;;;;;x
PROV3510;Wilejka;;;;;;;;;;;;;x
PROV3511;Moletai;;;;;;;;;;;;;x
PROV3512;Borysow;;;;;;;;;;;;;x
PROV3513;Kalinkovichi;;;;;;;;;;;;;x
PROV3514;Lutsk;;;;;;;;;;;;;x
PROV3515;Dubno;;;;;;;;;;;;;x
PROV3516;Ovruch;;;;;;;;;;;;;x
PROV3517;Starokostiantyniv;;;;;;;;;;;;;x
PROV3518;Radomis;;;;;;;;;;;;;x
PROV3519;Cherkassy;;;;;;;;;;;;;x
PROV3520;Gaysin;;;;;;;;;;;;;x
PROV3521;Litin;;;;;;;;;;;;;x
PROV3522;Turow;;;;;;;;;;;;;x
PROV3523;Viesite;;;;;;;;;;;;;x
PROV3524;Rezekne;;;;;;;;;;;;;x
PROV3525;Syenno;;;;;;;;;;;;;x
PROV3526;Klimavichy;;;;;;;;;;;;;x
PROV3527;Polotsk;;;;;;;;;;;;;x
PROV3528;Sebezh;;;;;;;;;;;;;x
PROV3529;Lubana;;;;;;;;;;;;;x
PROV3530;Ludza;;;;;;;;;;;;;x
PROV3555;Pelican;;;;;;;;;;;;;x
PROV3556;Skagway;;;;;;;;;;;;;x
PROV3557;Klawock;;;;;;;;;;;;;x
PROV3558;Funny River;;;;;;;;;;;;;x
PROV3559;Unimak Island;;;;;;;;;;;;;x
PROV3560;Haines Junction;;;;;;;;;;;;;x
PROV3561;Faro-Dawson City;;;;;;;;;;;;;x
PROV3562;Brewer Creek;;;;;;;;;;;;;x
PROV3563;Gua Musang;;;;;;;;;;;;;x
PROV3564;Matagami;;;;;;;;;;;;;x
PROV3565;Mandor;;;;;;;;;;;;;x
PROV3566;Lutselk'e;;;;;;;;;;;;;x
PROV3567;Fort Simpson;;;;;;;;;;;;;x
PROV3568;Ar Ruways;;;;;;;;;;;;;x
PROV3569;Maple Ridge;;;;;;;;;;;;;x
PROV3570;Gold River;;;;;;;;;;;;;x
PROV3571;Bella Coola;;;;;;;;;;;;;x
PROV3572;Old Hogem;;;;;;;;;;;;;x
PROV3573;Stewart;;;;;;;;;;;;;x
PROV3574;Tumbler Ridge;;;;;;;;;;;;;x
PROV3575;Vanderhoof;;;;;;;;;;;;;x
PROV3576;Ashcroft;;;;;;;;;;;;;x
PROV3577;Sicamous;;;;;;;;;;;;;x
PROV3578;Airdrie;;;;;;;;;;;;;x
PROV3579;Wabasca-Desmarais;;;;;;;;;;;;;x
PROV3580;Cardston;;;;;;;;;;;;;x
PROV3581;Lac La Biche;;;;;;;;;;;;;x
PROV3582;Padlei;;;;;;;;;;;;;x
PROV3583;Ennadai;;;;;;;;;;;;;x
PROV3584;Wager Bay;;;;;;;;;;;;;x
PROV3585;Baker Lake;;;;;;;;;;;;;x
PROV3586;Igloolik;;;;;;;;;;;;;x
PROV3587;Sanirajak;;;;;;;;;;;;;x
PROV3588;Tomdibuloq;;;;;;;;;;;;;x
PROV3589;Killdeer;;;;;;;;;;;;;x
PROV3590;Cluff Lake;;;;;;;;;;;;;x
PROV3591;Pelican Narrows;;;;;;;;;;;;;x
PROV3592;Big River;;;;;;;;;;;;;x
PROV3593;Taloyoak;;;;;;;;;;;;;x
PROV3594;Gjoa Haven-Spence Bay;;;;;;;;;;;;;x
PROV3595;Swift Current;;;;;;;;;;;;;x
PROV3596;Bathurst Inlet;;;;;;;;;;;;;x
PROV3597;Thompson Landing;;;;;;;;;;;;;x
PROV3598;Norman Wells;;;;;;;;;;;;;x
PROV3599;Inuvik;;;;;;;;;;;;;x
PROV3600;Cranberry Portage;;;;;;;;;;;;;x
PROV3601;Lordsburg-Silver City;;;;;;;;;;;;;x
PROV3602;Puerto Barrios-Santo Tomas de Castilla;;;;;;;;;;;;;x
PROV3603;Paulatuk;;;;;;;;;;;;;x
PROV3604;Neepawa;;;;;;;;;;;;;x
PROV3605;St. Claude;;;;;;;;;;;;;x
PROV3606;Marshall;;;;;;;;;;;;;x
PROV3607;Port Perry;;;;;;;;;;;;;x
PROV3608;Red Lake;;;;;;;;;;;;;x
PROV3609;Timmins;;;;;;;;;;;;;x
PROV3610;Silver Mountain;;;;;;;;;;;;;x
PROV3611;Lappe;;;;;;;;;;;;;x
PROV3612;Dowling;;;;;;;;;;;;;x
PROV3613;Markstay-Warren;;;;;;;;;;;;;x
PROV3614;Owen Sound;;;;;;;;;;;;;x
PROV3615;St. Thomas;;;;;;;;;;;;;x
PROV3616;Welland;;;;;;;;;;;;;x
PROV3617;Cornwall;;;;;;;;;;;;;x
PROV3618;Eganville;;;;;;;;;;;;;x
PROV3619;Laurentides;;;;;;;;;;;;;x
PROV3620;Thompson;;;;;;;;;;;;;x
PROV3621;Lynn Lake;;;;;;;;;;;;;x
PROV3622;Meadowbrook;;;;;;;;;;;;;x
PROV3623;Saint-Come-Liniere;;;;;;;;;;;;;x
PROV3624;Havre-Saint-Pierre;;;;;;;;;;;;;x
PROV3625;Godefroy;;;;;;;;;;;;;x
PROV3626;Saint-Gabriel;;;;;;;;;;;;;x
PROV3627;Laurentides;;;;;;;;;;;;;x
PROV3628;Weedon Centre;;;;;;;;;;;;;x
PROV3629;Murdochville;;;;;;;;;;;;;x
PROV3630;Tobique Valley;;;;;;;;;;;;;x
PROV3631;McAdam;;;;;;;;;;;;;x
PROV3632;Charlottetown;;;;;;;;;;;;;x
PROV3633;Yarmouth;;;;;;;;;;;;;x
PROV3634;Lake Charlotte;;;;;;;;;;;;;x
PROV3635;Sydney-Cape Breton Island;;;;;;;;;;;;;x
PROV3636;Buchans;;;;;;;;;;;;;x
PROV3637;Churchill Falls;;;;;;;;;;;;;x
PROV3638;Natuashish;;;;;;;;;;;;;x
PROV3639;Saint-Pierre;;;;;;;;;;;;;x
PROV3640;Edmonds;;;;;;;;;;;;;x
PROV3641;North Omak;;;;;;;;;;;;;x
PROV3642;Moses Lake;;;;;;;;;;;;;x
PROV3643;Roseburg;;;;;;;;;;;;;x
PROV3644;Valley Falls;;;;;;;;;;;;;x
PROV3645;Prineville;;;;;;;;;;;;;x
PROV3646;Chico;;;;;;;;;;;;;x
PROV3647;Ukiah;;;;;;;;;;;;;x
PROV3648;Bishop;;;;;;;;;;;;;x
PROV3649;Carmel-by-the-Sea;;;;;;;;;;;;;x
PROV3650;Ridgecrest;;;;;;;;;;;;;x
PROV3651;Ojai;;;;;;;;;;;;;x
PROV3652;Santa Barbara;;;;;;;;;;;;;x
PROV3653;Cascade;;;;;;;;;;;;;x
PROV3654;Iona;;;;;;;;;;;;;x
PROV3655;Grace;;;;;;;;;;;;;x
PROV3656;Ely;;;;;;;;;;;;;x
PROV3657;Jarbidge;;;;;;;;;;;;;x
PROV3658;Moapa Valley;;;;;;;;;;;;;x
PROV3659;Draper;;;;;;;;;;;;;x
PROV3660;Wendover;;;;;;;;;;;;;x
PROV3661;Helper;;;;;;;;;;;;;x
PROV3662;La Paz Valley;;;;;;;;;;;;;x
PROV3663;Holbrook;;;;;;;;;;;;;x
PROV3664;Tombstone;;;;;;;;;;;;;x
PROV3665;La Veta;;;;;;;;;;;;;x
PROV3666;Palo Alto;;;;;;;;;;;;;x
PROV3667;Taos;;;;;;;;;;;;;x
PROV3668;Hugo;;;;;;;;;;;;;x
PROV3669;Riner;;;;;;;;;;;;;x
PROV3670;Rangely;;;;;;;;;;;;;x
PROV3671;Navajo;;;;;;;;;;;;;x
PROV3672;Reliance;;;;;;;;;;;;;x
PROV3673;Marbleton;;;;;;;;;;;;;x
PROV3674;Casper;;;;;;;;;;;;;x
PROV3675;Star Valley Ranch;;;;;;;;;;;;;x
PROV3676;Marion-Missoula;;;;;;;;;;;;;x
PROV3677;Dillon;;;;;;;;;;;;;x
PROV3678;Miles City;;;;;;;;;;;;;x
PROV3679;Baldwin;;;;;;;;;;;;;x
PROV3680;Towner;;;;;;;;;;;;;x
PROV3681;Carson;;;;;;;;;;;;;x
PROV3682;Aberdeen-Sieche Hollow;;;;;;;;;;;;;x
PROV3683;Newell;;;;;;;;;;;;;x
PROV3684;Custer;;;;;;;;;;;;;x
PROV3685;Norfolk-Omaha;;;;;;;;;;;;;x
PROV3686;Sargent;;;;;;;;;;;;;x
PROV3687;Imperial;;;;;;;;;;;;;x
PROV3688;Onaga;;;;;;;;;;;;;x
PROV3689;Pratt;;;;;;;;;;;;;x
PROV3690;Johnson;;;;;;;;;;;;;x
PROV3691;Boise City;;;;;;;;;;;;;x
PROV3692;Muskogee;;;;;;;;;;;;;x
PROV3693;Sentinel;;;;;;;;;;;;;x
PROV3694;Spring;;;;;;;;;;;;;x
PROV3695;Austin;;;;;;;;;;;;;x
PROV3696;Saginaw-Dallas;;;;;;;;;;;;;x
PROV3697;Telluride;;;;;;;;;;;;;x
PROV3698;San Angelo;;;;;;;;;;;;;x
PROV3699;Guadalupe Victoria;;;;;;;;;;;;;x
PROV3700;Linn;;;;;;;;;;;;;x
PROV3701;Lafitte;;;;;;;;;;;;;x
PROV3702;Hammond;;;;;;;;;;;;;x
PROV3703;Egan;;;;;;;;;;;;;x
PROV3704;Bossier City;;;;;;;;;;;;;x
PROV3705;Hoxie;;;;;;;;;;;;;x
PROV3706;Dierks;;;;;;;;;;;;;x
PROV3707;Mountain View;;;;;;;;;;;;;x
PROV3708;Rolla;;;;;;;;;;;;;x
PROV3709;Liberal-Springfield;;;;;;;;;;;;;x
PROV3710;Holcomb;;;;;;;;;;;;;x
PROV3711;Buffalo-Jefferson City;;;;;;;;;;;;;x
PROV3712;Cameron;;;;;;;;;;;;;x
PROV3713;Treynor;;;;;;;;;;;;;x
PROV3714;Ames;;;;;;;;;;;;;x
PROV3715;Wheatland;;;;;;;;;;;;;x
PROV3716;Le Mars;;;;;;;;;;;;;x
PROV3717;Redby;;;;;;;;;;;;;x
PROV3718;New Ulm;;;;;;;;;;;;;x
PROV3719;Ulen;;;;;;;;;;;;;x
PROV3720;Biwabik;;;;;;;;;;;;;x
PROV3721;Randolph;;;;;;;;;;;;;x
PROV3722;Greenwood;;;;;;;;;;;;;x
PROV3723;New London;;;;;;;;;;;;;x
PROV3724;La Crosse;;;;;;;;;;;;;x
PROV3725;DeKalb;;;;;;;;;;;;;x
PROV3726;Kewanee;;;;;;;;;;;;;x
PROV3727;Urbana;;;;;;;;;;;;;x
PROV3728;Pekin;;;;;;;;;;;;;x
PROV3729;Sparta;;;;;;;;;;;;;x
PROV3730;Creal Springs;;;;;;;;;;;;;x
PROV3731;Shelbyville;;;;;;;;;;;;;x
PROV3732;Terre Haute;;;;;;;;;;;;;x
PROV3733;Lafayette;;;;;;;;;;;;;x
PROV3734;Wausau;;;;;;;;;;;;;x
PROV3735;Troy;;;;;;;;;;;;;x
PROV3736;East Lansing;;;;;;;;;;;;;x
PROV3737;Brown City;;;;;;;;;;;;;x
PROV3738;Gaylord;;;;;;;;;;;;;x
PROV3739;Newberry;;;;;;;;;;;;;x
PROV3740;Byesville;;;;;;;;;;;;;x
PROV3741;Bellefontaine;;;;;;;;;;;;;x
PROV3742;Shelby;;;;;;;;;;;;;x
PROV3743;Lima;;;;;;;;;;;;;x
PROV3744;New Haven;;;;;;;;;;;;;x
PROV3745;Athens;;;;;;;;;;;;;x
PROV3746;Elizabethtown;;;;;;;;;;;;;x
PROV3747;North Corbin;;;;;;;;;;;;;x
PROV3748;Georgetown-Kentucky;;;;;;;;;;;;;x
PROV3749;Owensboro;;;;;;;;;;;;;x
PROV3750;Belle Meade;;;;;;;;;;;;;x
PROV3751;Bartlett;;;;;;;;;;;;;x
PROV3752;McMinnville;;;;;;;;;;;;;x
PROV3753;Riceville;;;;;;;;;;;;;x
PROV3754;Forest;;;;;;;;;;;;;x
PROV3755;Anguilla;;;;;;;;;;;;;x
PROV3756;Latimer;;;;;;;;;;;;;x
PROV3757;Montgomery;;;;;;;;;;;;;x
PROV3758;Hollins;;;;;;;;;;;;;x
PROV3759;Fairhope;;;;;;;;;;;;;x
PROV3760;Panama City;;;;;;;;;;;;;x
PROV3761;Bronson;;;;;;;;;;;;;x
PROV3762;Frostproof;;;;;;;;;;;;;x
PROV3763;Bremen-Atlanta;;;;;;;;;;;;;x
PROV3764;Camilla;;;;;;;;;;;;;x
PROV3765;Valdosta;;;;;;;;;;;;;x
PROV3766;Lake City;;;;;;;;;;;;;x
PROV3767;Camden-Columbia;;;;;;;;;;;;;x
PROV3768;Aulander;;;;;;;;;;;;;x
PROV3769;Reidsville;;;;;;;;;;;;;x
PROV3770;Fayetteville;;;;;;;;;;;;;x
PROV3771;Chadbourn;;;;;;;;;;;;;x
PROV3772;Farmville;;;;;;;;;;;;;x
PROV3773;Front Royal;;;;;;;;;;;;;x
PROV3774;Central Garage;;;;;;;;;;;;;x
PROV3775;Suffolk;;;;;;;;;;;;;x
PROV3776;Covington;;;;;;;;;;;;;x
PROV3777;Abingdon;;;;;;;;;;;;;x
PROV3778;East Dailey;;;;;;;;;;;;;x
PROV3779;Wayne;;;;;;;;;;;;;x
PROV3780;Princess Anne;;;;;;;;;;;;;x
PROV3781;Waldorf;;;;;;;;;;;;;x
PROV3782;Westernport;;;;;;;;;;;;;x
PROV3783;Georgetown-Delaware;;;;;;;;;;;;;x
PROV3784;Lancaster;;;;;;;;;;;;;x
PROV3785;Scranton;;;;;;;;;;;;;x
PROV3786;Portage;;;;;;;;;;;;;x
PROV3787;Gettysburg;;;;;;;;;;;;;x
PROV3788;Pitcairn-Pittsburgh;;;;;;;;;;;;;x
PROV3789;Bruin;;;;;;;;;;;;;x
PROV3790;Morristown;;;;;;;;;;;;;x
PROV3791;Princeton;;;;;;;;;;;;;x
PROV3792;Salem;;;;;;;;;;;;;x
PROV3793;Brooklyn;;;;;;;;;;;;;x
PROV3794;Shirley;;;;;;;;;;;;;x
PROV3795;Woodstock;;;;;;;;;;;;;x
PROV3796;Corning;;;;;;;;;;;;;x
PROV3797;Jamestown;;;;;;;;;;;;;x
PROV3798;Livonia;;;;;;;;;;;;;x
PROV3799;Richland;;;;;;;;;;;;;x
PROV3800;Happy Corner;;;;;;;;;;;;;x
PROV3801;Saratoga Springs;;;;;;;;;;;;;x
PROV3802;Danbury;;;;;;;;;;;;;x
PROV3803;Pawtucket;;;;;;;;;;;;;x
PROV3804;Andover;;;;;;;;;;;;;x
PROV3805;Barnstable;;;;;;;;;;;;;x
PROV3806;Amherst;;;;;;;;;;;;;x
PROV3807;Stowe;;;;;;;;;;;;;x
PROV3808;Carroll;;;;;;;;;;;;;x
PROV3809;Waterville;;;;;;;;;;;;;x
PROV3810;Millinocket;;;;;;;;;;;;;x
PROV3811;Saint-Pamphile;;;;;;;;;;;;;x
PROV3812;Paamiut;;;;;;;;;;;;;x
PROV3813;Seydisfjordur;;;;;;;;;;;;;x
PROV3814;Midvagur;;;;;;;;;;;;;x
PROV3815;Kilrea;;;;;;;;;;;;;x
PROV3816;Sion Mills;;;;;;;;;;;;;x
PROV3817;Lisburn;;;;;;;;;;;;;x
PROV3818;Letterkenny;;;;;;;;;;;;;x
PROV3819;Westport;;;;;;;;;;;;;x
PROV3820;Collooney;;;;;;;;;;;;;x
PROV3821;Courtbrack;;;;;;;;;;;;;x
PROV3822;Tralee;;;;;;;;;;;;;x
PROV3823;Tallow;;;;;;;;;;;;;x
PROV3824;Maynooth;;;;;;;;;;;;;x
PROV3825;Abbeyleix;;;;;;;;;;;;;x
PROV3826;Piltown;;;;;;;;;;;;;x
PROV3827;Elgin;;;;;;;;;;;;;x
PROV3828;Kyle of Lochalsh;;;;;;;;;;;;;x
PROV3829;Alyth;;;;;;;;;;;;;x
PROV3830;Stow;;;;;;;;;;;;;x
PROV3831;Newtonmore;;;;;;;;;;;;;x
PROV3832;Renfrew;;;;;;;;;;;;;x
PROV3833;Newton Stewart;;;;;;;;;;;;;x
PROV3834;Newport;;;;;;;;;;;;;x
PROV3835;Carmarthen;;;;;;;;;;;;;x
PROV3836;Brecon;;;;;;;;;;;;;x
PROV3837;Criccieth;;;;;;;;;;;;;x
PROV3838;Blackpool;;;;;;;;;;;;;x
PROV3839;Blackburn;;;;;;;;;;;;;x
PROV3840;Beckermet;;;;;;;;;;;;;x
PROV3841;Kirknewton;;;;;;;;;;;;;x
PROV3842;Leyburn;;;;;;;;;;;;;x
PROV3843;Burnley;;;;;;;;;;;;;x
PROV3844;Huddersfield;;;;;;;;;;;;;x
PROV3845;Hinstock;;;;;;;;;;;;;x
PROV3846;Preston;;;;;;;;;;;;;x
PROV3847;Shropshire;;;;;;;;;;;;;x
PROV3848;Stratford-upon-Avon;;;;;;;;;;;;;x
PROV3849;Mayfield;;;;;;;;;;;;;x
PROV3850;Loughborough;;;;;;;;;;;;;x
PROV3851;Corringham;;;;;;;;;;;;;x
PROV3852;Sywell;;;;;;;;;;;;;x
PROV3853;Bury St Edmunds;;;;;;;;;;;;;x
PROV3854;Colchester;;;;;;;;;;;;;x
PROV3855;Calcot;;;;;;;;;;;;;x
PROV3856;Banbury;;;;;;;;;;;;;x
PROV3857;Gloucester;;;;;;;;;;;;;x
PROV3858;Weymouth;;;;;;;;;;;;;x
PROV3859;Cheltenham;;;;;;;;;;;;;x
PROV3860;Roche;;;;;;;;;;;;;x
PROV3861;Twickenham;;;;;;;;;;;;;x
PROV3862;Royal Tunbridge Wells;;;;;;;;;;;;;x
PROV3863;Worthing;;;;;;;;;;;;;x
PROV3864;Christchurch;;;;;;;;;;;;;x
PROV3865;Peel;;;;;;;;;;;;;x
PROV3866;Grong;;;;;;;;;;;;;x
PROV3867;Setermoen;;;;;;;;;;;;;x
PROV3868;Karasjok;;;;;;;;;;;;;x
PROV3869;Forde;;;;;;;;;;;;;x
PROV3870;Sollsvika;;;;;;;;;;;;;x
PROV3871;Voss;;;;;;;;;;;;;x
PROV3872;Treungen;;;;;;;;;;;;;x
PROV3873;Geilo;;;;;;;;;;;;;x
PROV3874;Akershus;;;;;;;;;;;;;x
PROV3875;Alvdal;;;;;;;;;;;;;x
PROV3876;Fossbergom;;;;;;;;;;;;;x
PROV3877;Meieribyen;;;;;;;;;;;;;x
PROV3878;Faerila;;;;;;;;;;;;;x
PROV3879;Stoede;;;;;;;;;;;;;x
PROV3880;Hallsta;;;;;;;;;;;;;x
PROV3881;Bjorkvik;;;;;;;;;;;;;x
PROV3882;Arvidsjaur;;;;;;;;;;;;;x
PROV3883;Tumba;;;;;;;;;;;;;x
PROV3884;Malung;;;;;;;;;;;;;x
PROV3885;Hagby;;;;;;;;;;;;;x
PROV3886;Boxholm;;;;;;;;;;;;;x
PROV3887;Ramnaes;;;;;;;;;;;;;x
PROV3888;Karlskoga;;;;;;;;;;;;;x
PROV3889;Toecksfors;;;;;;;;;;;;;x
PROV3890;Gothenburg;;;;;;;;;;;;;x
PROV3891;Fjaellbacka;;;;;;;;;;;;;x
PROV3892;Visby;;;;;;;;;;;;;x
PROV3893;Malilla;;;;;;;;;;;;;x
PROV3894;Lidhult;;;;;;;;;;;;;x
PROV3895;Saxtorpsskogen;;;;;;;;;;;;;x
PROV3896;Haessleholm;;;;;;;;;;;;;x
PROV3897;Rovaniemi;;;;;;;;;;;;;x
PROV3898;Pudasjaervi;;;;;;;;;;;;;x
PROV3899;Sodankylae;;;;;;;;;;;;;x
PROV3900;Vyartsilya;;;;;;;;;;;;;x
PROV3901;Kouvola;;;;;;;;;;;;;x
PROV3902;Pieksaemaeki;;;;;;;;;;;;;x
PROV3903;Lieksa;;;;;;;;;;;;;x
PROV3904;Hanko;;;;;;;;;;;;;x
PROV3905;Seinaejoki;;;;;;;;;;;;;x
PROV3906;Obo;;;;;;;;;;;;;x
PROV3907;Ytteresse;;;;;;;;;;;;;x
PROV3908;Tutin;;;;;;;;;;;;;x
PROV3909;Yomala;;;;;;;;;;;;;x
PROV3910;Harju;;;;;;;;;;;;;x
PROV3911;Koeru;;;;;;;;;;;;;x
PROV3912;Uulu;;;;;;;;;;;;;x
PROV3913;Voru;;;;;;;;;;;;;x
PROV3914;Kuressaare;;;;;;;;;;;;;x
PROV3915;Vidzeme;;;;;;;;;;;;;x
PROV3916;Madona;;;;;;;;;;;;;x
PROV3917;Jekabpils;;;;;;;;;;;;;x
PROV3918;Ozolnieki;;;;;;;;;;;;;x
PROV3919;Baldone;;;;;;;;;;;;;x
PROV3920;Grobina;;;;;;;;;;;;;x
PROV3921;Sirvintos;;;;;;;;;;;;;x
PROV3922;Trakai;;;;;;;;;;;;;x
PROV3923;Vilkaviskis;;;;;;;;;;;;;x
PROV3924;Pasvalys;;;;;;;;;;;;;x
PROV3925;Raseiniai;;;;;;;;;;;;;x
PROV3926;Kretinga;;;;;;;;;;;;;x
PROV3927;Silkeborg;;;;;;;;;;;;;x
PROV3928;Avlum;;;;;;;;;;;;;x
PROV3929;Gram;;;;;;;;;;;;;x
PROV3930;Stordorf;;;;;;;;;;;;;x
PROV3931;Ellingstedt;;;;;;;;;;;;;x
PROV3932;Tonder;;;;;;;;;;;;;x
PROV3933;Korsor;;;;;;;;;;;;;x
PROV3934;Gelsted;;;;;;;;;;;;;x
PROV3935;Muleby;;;;;;;;;;;;;x
PROV3936;Alkmaar;;;;;;;;;;;;;x
PROV3937;Dordrecht;;;;;;;;;;;;;x
PROV3938;North Holland;;;;;;;;;;;;;x
PROV3939;Zierikzee;;;;;;;;;;;;;x
PROV3940;Arendonk;;;;;;;;;;;;;x
PROV3941;Prinsenbeek;;;;;;;;;;;;;x
PROV3942;Roermond;;;;;;;;;;;;;x
PROV3943;'s-Hertogenbosch;;;;;;;;;;;;;x
PROV3944;Grootegast;;;;;;;;;;;;;x
PROV3945;Gronau;;;;;;;;;;;;;x
PROV3946;Harlingen;;;;;;;;;;;;;x
PROV3947;Ootmarsum;;;;;;;;;;;;;x
PROV3948;Sint-Truiden;;;;;;;;;;;;;x
PROV3949;Watou;;;;;;;;;;;;;x
PROV3950;Kortrijk;;;;;;;;;;;;;x
PROV3951;Dendermonde;;;;;;;;;;;;;x
PROV3952;Brussels;;;;;;;;;;;;;x
PROV3953;Marche-en-Famenne;;;;;;;;;;;;;x
PROV3954;Merignies;;;;;;;;;;;;;x
PROV3955;Mons;;;;;;;;;;;;;x
PROV3956;Durbuy;;;;;;;;;;;;;x
PROV3957;Bovigny;;;;;;;;;;;;;x
PROV3958;Mayen;;;;;;;;;;;;;x
PROV3959;Corbion;;;;;;;;;;;;;x
PROV3960;Catillon-sur-Sambre;;;;;;;;;;;;;x
PROV3961;Dunkirk;;;;;;;;;;;;;x
PROV3962;Frevent;;;;;;;;;;;;;x
PROV3963;Ailly-sur-Noye;;;;;;;;;;;;;x
PROV3964;Mareuil-sur-Ourcq;;;;;;;;;;;;;x
PROV3965;Marle;;;;;;;;;;;;;x
PROV3966;Bouillon;;;;;;;;;;;;;x
PROV3967;Reims;;;;;;;;;;;;;x
PROV3968;Langres;;;;;;;;;;;;;x
PROV3969;Sommepy-Tahure;;;;;;;;;;;;;x
PROV3970;Haguenau;;;;;;;;;;;;;x
PROV3971;Sainte-Marie-aux-Mines;;;;;;;;;;;;;x
PROV3972;Vittel;;;;;;;;;;;;;x
PROV3973;Saint-Die-des-Vosges;;;;;;;;;;;;;x
PROV3974;Luneville;;;;;;;;;;;;;x
PROV3975;Liffol-le-Grand;;;;;;;;;;;;;x
PROV3976;Dieppe;;;;;;;;;;;;;x
PROV3977;Bernay;;;;;;;;;;;;;x
PROV3978;Messei;;;;;;;;;;;;;x
PROV3979;Barneville-Plage;;;;;;;;;;;;;x
PROV3980;Vale Parish;;;;;;;;;;;;;x
PROV3981;Le Relecq-Kerhuon;;;;;;;;;;;;;x
PROV3982;Le Gouray;;;;;;;;;;;;;x
PROV3983;Plusquellec;;;;;;;;;;;;;x
PROV3984;Blain;;;;;;;;;;;;;x
PROV3985;Saint-Sulpice-la-Foret;;;;;;;;;;;;;x
PROV3986;Chalo-Saint-Mars;;;;;;;;;;;;;x
PROV3987;Souance-au-Perche;;;;;;;;;;;;;x
PROV3988;Lagny-sur-Marne;;;;;;;;;;;;;x
PROV3989;Volesvres;;;;;;;;;;;;;x
PROV3990;Pouilly-en-Auxois;;;;;;;;;;;;;x
PROV3991;Preveranges;;;;;;;;;;;;;x
PROV3992;Varennes-Saint-Sauveur;;;;;;;;;;;;;x
PROV3993;Baume-les-Dames;;;;;;;;;;;;;x
PROV3994;Hericourt;;;;;;;;;;;;;x
PROV3995;Bressuire;;;;;;;;;;;;;x
PROV3996;Laval;;;;;;;;;;;;;x
PROV3997;Saint-Mars-la-Briere;;;;;;;;;;;;;x
PROV3998;Saint-Hilaire-de-Riez;;;;;;;;;;;;;x
PROV3999;Gien;;;;;;;;;;;;;x
PROV4000;Lignieres;;;;;;;;;;;;;x
PROV4001;Le Blanc;;;;;;;;;;;;;x
PROV4002;Mur-de-Sologne;;;;;;;;;;;;;x
PROV4003;Blaye;;;;;;;;;;;;;x
PROV4004;Rom;;;;;;;;;;;;;x
PROV4005;Civray;;;;;;;;;;;;;x
PROV4006;Brive-la-Gaillarde;;;;;;;;;;;;;x
PROV4007;Banize;;;;;;;;;;;;;x
PROV4008;Saint-Aulaye;;;;;;;;;;;;;x
PROV4009;Trizac;;;;;;;;;;;;;x
PROV4010;Lozere;;;;;;;;;;;;;x
PROV4011;Dunes;;;;;;;;;;;;;x
PROV4012;Villeurbanne;;;;;;;;;;;;;x
PROV4013;Saint-Etienne;;;;;;;;;;;;;x
PROV4014;Le Puy;;;;;;;;;;;;;x
PROV4015;Pont-Eveque;;;;;;;;;;;;;x
PROV4016;Simorre;;;;;;;;;;;;;x
PROV4017;Graulhet;;;;;;;;;;;;;x
PROV4018;Cazeres;;;;;;;;;;;;;x
PROV4019;Tonneins;;;;;;;;;;;;;x
PROV7236;Kniphausen;;;;;;;;;;;;;x
PROV3533;Lantaj Wumek;Fort Vermilion;;;;;;;;;;;;x
PROV3534;Valle Rico;Athabaska Landing;;;;;;;;;;;;x
PROV3535;Chaabolek' Laurepi;Ross River;;;;;;;;;;;;x
PROV3536;Machagai;Unalakleet;;;;;;;;;;;;x
PROV3537;San Miguel;Sidorovsk;;;;;;;;;;;;x
PROV3538;Incahuasi;Malykaj;;;;;;;;;;;;x
PROV3539;Valle de la Luna;Tunginskoye;;;;;;;;;;;;x
PROV3541;Yarsale;Nadym;;;;;;;;;;;;x
PROV3542;Tacuri;Aktogay;;;;;;;;;;;;x
PROV3543;Chara;Tommot;;;;;;;;;;;;x
PROV3544;Tarairi;Novyj Urengoj;;;;;;;;;;;;x
PROV3545;Apolobamba;Artemovskij;;;;;;;;;;;;x
PROV3546;Zapitalanes;Isim;;;;;;;;;;;;x
PROV3547;Guairiguaza;Vasjugan;;;;;;;;;;;;x
PROV3548;Huirapitindi;Sugoj;;;;;;;;;;;;x
PROV3549;Kaa-Iya;Chunskoye;;;;;;;;;;;;x
PROV3550;Otuquis;Niznevartovsk;;;;;;;;;;;;x
PROV3551;Verkhoturye;Njagan;;;;;;;;;;;;x
PROV3552;Komarek;Nepa;;;;;;;;;;;;x
PROV3554;Lokosovo;Gornopravdinsk;;;;;;;;;;;;x
