CODE;ENGLISH;FRENCH;GERMAN;POLISH;SPANISH;ITALIAN;SWEDISH;CZECH;HUNGARIAN;DUTCH;PORTUGUESE;RUSSIAN;FINNISH;x
ABANDON_GAME;Abandon Game;;;;;;;;;;;;;x
accept;Accept;;;;;;;;;;;;;x
ACT_NO_SELF;We cannot negotiate with ourselves.;;;;;;;;;;;;;x
ACT_WARDESC;Declaring war will allow our troops to attack theirs and allow us to enter their country. War will continue until either party surrenders.;;;;;;;;;;;;;x
ACTIVATE_GOODS;Activate: ;:;;;;;;;;;;;;x
ACTIVATE_TECH_EFFECT;Activate technology: §Y$NAME$§W;;;;;;;;;;;;;x
ACTUAL_BOUGHT;Actual bought: $VAL$;;;;;;;;;;;;;x
ADAPTING_HISTORY;Adapting History...;;;;;;;;;;;;;x
ADD_ACCEPTED_CULTURE;§Y$CULTURE$§W added as accepted culture.\n;;;;;;;;;;;;;x
ADD_BUILDING;Gain §Y$NAME$§W in §Y$WHERE$§W.\n;;;;;;;;;;;;;x
ADD_BUILDING_EFFECT;Gain a §Y$BUILDING$§W with level §Y$VALUE$§W in §Y$PROVINCE$§W.\n;;;;;;;;;;;;;x
ADD_CRIME;Gain §Y$NAME$§W.\n;;;;;;;;;;;;;x
ADD_CRUDE_OIL_EFFECT;Gain §G$VALUE$§W crude oil§W.\n;;;;;;;;;;;x
ADD_DISSENT_EFFECT;Gain §R$VALUE$§W in dissent§W.\n;;;;;;;;;;;;;x
ADD_ENERGY_EFFECT;Gain §G$VALUE$§W energy§W.\n;;;;;;;;;;;;;x
ADD_METAL_EFFECT;Gain §G$VALUE$§W metal§W.\n;;;;;;;;;;;;;x
ADD_MONEY_EFFECT;Gain §G$VALUE$§W¤§W.\n;;;;;;;;;;;;;x
ADD_NEUTRALITY_EFFECT;§Y$COUNTRY$§W gains §R$VALUE$§W in neutrality§W.\n;La neutralit¡×de ¡×$COUNTRY$¡× augmente de ¡×$VALUE$¡×¡×.\n;;;;;;;;;;;;x
ADD_ORGANISATION_POPULARITY_EFFECT;§Y$IDEOLOGY$§W gains §G$ORGANISATION$§W in organisation and §G$POPULARITY$§W in popularity§W.\n;L'id¡×logie ¡×$IDEOLOGY$¡× procure un gain de ¡×$ORGANISATION$¡× en organisation et de ¡×$POPULARITY$¡× en popularité§W.\n;;;;;;;;;;;;x
ADD_PROVINCE_CRUDE_OIL_EFFECT;Gain §G$VALUE$§W crude oil in §Y$PROVINCE$§W.\n;Gain de ¡×$VALUE$¡× en p¡×role but en ¡×$PROVINCE$¡×.\n;;;;;;;;;;;;x
ADD_PROVINCE_ENERGY_EFFECT;Gain §G$VALUE$§W energy in §Y$PROVINCE$§W.\n;Gain de ¡×$VALUE$¡× en ¡×ergie en ¡×$PROVINCE$¡×.\n;;;;;;;;;;;;x
ADD_PROVINCE_METAL_EFFECT;Gain §G$VALUE$§W metal in §Y$PROVINCE$§W.\n;Gain de ¡×$VALUE$¡× en m¡×aux en ¡×$PROVINCE$¡×.\n;;;;;;;;;;;;x
ADD_PROVINCE_MONEY_EFFECT;Gain §G$VALUE$§W ¤ in §Y$PROVINCE$§W.\n;Gain de ¡×$VALUE$¡× ¡×en ¡×$PROVINCE$¡×.\n;;;;;;;;;;;;x
ADD_PROVINCE_RARE_MATERIALS_EFFECT;Gain §G$VALUE$§W rare materials in §Y$PROVINCE$§W.\n;Gain de ¡×$VALUE$¡× en mat¡×iaux rares en ¡×$PROVINCE$¡×.\n;;;;;;;;;;;;x
ADD_PROVINCE_SUPPLIES_EFFECT;Gain §G$VALUE$§W supplies in §Y$PROVINCE$§W.\n;Gain de ¡×$VALUE$¡× en ravitaillements en ¡×$PROVINCE$¡×.\n;;;;;;;;;;;;x
ADD_RARE_MATERIALS_EFFECT;Gain §G$VALUE$§W rare materials§W.\n;Gain de ¡×$VALUE$¡× en mat¡×iaux rares¡×.\n;;;;;;;;;;;;x
ADD_RELATIVE_INCOME_EFFECT;Treasury: £$VALUE$;Tr¡×or : $VALUE$ ¡×;;;;;;;;;;;x
ADD_RULING_PARTY_ORG_EFFECT;$NAME$ gains §Y$VALUE$§W organisation.;L'organisation de $NAME$ augmente de ¡×$VALUE$¡×.;;;;;;;;;;;;x
ADD_RULING_PARTY_POP_EFFECT;$NAME$ gains §Y$VALUE$§W popularity.\n;La popularit¡×de $NAME$ augmente de ¡×$VALUE$¡×.\n;;;;;;;;;;;;x
ADD_SUB_UNIT_EFFECT;Get $UNIT$ in §Y$WHERE$§W.;Envoyer $UNIT$ vers $WHERE$.;;;;;;;;;;;;x
ADD_SUPPLIES_EFFECT;Gain §G$VALUE$§W supplies§W.\n;Gain de ¡×$VALUE$¡× en ravitaillement¡×.\n;;;;;;;;;;;;x
ADD_THREAT_EFFECT;§Y$COUNTRY$§W gains §R$VALUE$§W threat on §Y$TARGET_COUNTRY$§W.\n;La menace de ¡×$COUNTRY$¡× envers ¡×$TARGET_COUNTRY$¡× cro¡× de ¡×$VALUE$¡×.\n;;;;;;;;;;;;x
ADD_UNITY_EFFECT;Gain §G$VALUE$§W unity§W.\n;Gain de ¡×$VALUE$¡× unit¡×¡×.\n;;;;;;;;;;;;x
ADD_WARGOAL_DESC;Require $COST$ war score to demand;Requiert un score de guerre de $COST$ pour demander;;;;;;;;;;;;x
ADD_WARGOAL_EFFECT;When we add this war goal, we will gain:;Si objectif de guerre ajout¡× nous aurons :;;;;;;;;;;;;x
ADD_WARGOAL_FAILURE;If we fail to achieve this war goal, we will gain:;;;;;;;;;;;;;x
ADD_WARGOAL_INFAMY;If we add this war goal to our war, we will gain $COST$ §Yinfamy§W;Si nous ajoutons cet objectif ¡×notre guerre, nous gagnerons $COST$ en ¡×infamie¡×;;;;;;;;;;;;x
ADD_WARGOAL_MILITANCY;If we fail to achieve this war goal, our entire population will gain $MILITANCY$ §YMilitancy§W;;;;;;;;;;;;;x
ADD_WARGOAL_PEACE_COST;Costs $COST$ war score to demand in a peace deal;Co¡×era un score de guerre de $COST$ pour faire une proposition de paix.;;;;;;;;;;;;x
ADD_WARGOAL_PRESTIGE;If we achieve this war goal, we will gain $COST$ §Yprestige§W;;;;;;;;;;;;;x
ADD_WARGOAL_SUCCESS;If we achieve this war goal, we will gain:;;;;;;;;;;;;;x
ADD_WARGOAL_WARGOAL;War goal: §Y$GOAL$§W;Objectif de guerre : ¡×$GOAL$¡×;;;;;;;;;;;;x
ADDTOSPHERE_BUTTON;Add to Sphere;Ajouter ¡×la sph¡×e;;;;;;;;;;;;x
ADDTOSPHERE_DESC;Adds this country to our Sphere of Influence.;Ajoute ce pays dans notre sph¡×e d'influence.;;;;;;;;;;;;x
ADDTOSPHERE_DI;Add to Sphere;Ajouter ¡×la sph¡×e;;;;;;;;;;;;x
ADDTOSPHERE_OTHER_ACCEPT_1;§Y$RECIPIENT$§W;¡×$RECIPIENT$¡×;;;;;;;;;;;;x
ADDTOSPHERE_OTHER_ACCEPT_2;$MONARCHTITLE$, we heard news that;$MONARCHTITLE$, il para¡× que;;;;;;;;;;;;x
ADDTOSPHERE_OTHER_ACCEPT_3;§Y$RECIPIENT$§W has been included in the;¡×$RECIPIENT$¡× a ¡×¡×inclus ¡×;;;;;;;;;;;x
ADDTOSPHERE_OTHER_ACCEPT_4;Sphere of Influence of §Y$ACTOR$§W.;la sph¡×e d'influence de ¡×$ACTOR$¡×.;;;;;;;;;;;;x
ADDTOSPHERE_OTHER_ACCEPT_5;*;*;;;;;;;;;;;;x
ADDTOSPHERE_OTHER_ACCEPT_6;*;*;;;;;;;;;;;;x
ADDTOSPHERE_OTHER_ACCEPT_BTN1;OK;OK;;;;;;;;;;;;x
ADDTOSPHERE_OTHER_ACCEPT_BTN2;OK;OK;;;;;;;;;;;;x
ADDTOSPHERE_OTHER_ACCEPT_BTN3;Go To;Aller ¡×;;;;;;;;;;;x
ADDTOSPHERE_OTHER_ACCEPT_HEADER;The Foreign Minister reports;Le ministre des Affaires ¡×rang¡×es indique :;;;;;;;;;;;;x
ADDTOSPHERE_OTHER_ACCEPT_LOG;$ACTOR$ has included $RECIPIENT$ in their Sphere of Influence.;$ACTOR$ a inclus $RECIPIENT$ dans sa sph¡×e d'influence.;;;;;;;;;;;;x
ADDTOSPHERE_OTHER_ACCEPT_SETUP;When a nation is added to another nation's Sphere of Influence;Si une nation est ajout¡× ¡×la sph¡×e d'influence d'une autre;;;;;;;;;;;;x
ADDTOSPHERE_THEY_ACCEPT_1;§Y$RECIPIENT$§W;¡×$RECIPIENT$¡×;;;;;;;;;;;;x
ADDTOSPHERE_THEY_ACCEPT_2;$MONARCHTITLE$, we have included;$MONARCHTITLE$, nous avons inclus;;;;;;;;;;;;x
ADDTOSPHERE_THEY_ACCEPT_3;§Y$RECIPIENT$§W in our Sphere of Influence.;¡×$RECIPIENT$¡× ¡×notre sph¡×e d'influence.;;;;;;;;;;;;x
ADDTOSPHERE_THEY_ACCEPT_4;*;*;;;;;;;;;;;;x
ADDTOSPHERE_THEY_ACCEPT_5;*;*;;;;;;;;;;;;x
ADDTOSPHERE_THEY_ACCEPT_6;*;*;;;;;;;;;;;;x
ADDTOSPHERE_THEY_ACCEPT_BTN1;OK;OK;;;;;;;;;;;;x
ADDTOSPHERE_THEY_ACCEPT_BTN2;OK;OK;;;;;;;;;;;;x
ADDTOSPHERE_THEY_ACCEPT_BTN3;Go To;Aller ¡×;;;;;;;;;;;x
ADDTOSPHERE_THEY_ACCEPT_HEADER;The Foreign Minister reports;Le ministre des Affaires ¡×rang¡×es indique :;;;;;;;;;;;;x
ADDTOSPHERE_THEY_ACCEPT_LOG;We have included $RECIPIENT$ in our Sphere of Influence.;Nous avons inclus $RECIPIENT$ dans notre sph¡×e d'influence.;;;;;;;;;;;;x
ADDTOSPHERE_THEY_ACCEPT_MAP;Added to Sphere;Ajout¡×¡×la sph¡×e;;;;;;;;;;;;x
ADDTOSPHERE_THEY_ACCEPT_SETUP;When we add a nation to our Sphere of Influence;Si nous ajoutons une nation ¡×notre sph¡×e d'influence;;;;;;;;;;;;x
ADDTOSPHERE_WE_ACCEPT_1;§Y$RECIPIENT$§W;¡×$RECIPIENT$¡×;;;;;;;;;;;;x
ADDTOSPHERE_WE_ACCEPT_2;$MONARCHTITLE$, we have been included in;$MONARCHTITLE$, nous avons ¡×¡×inclus ¡×;;;;;;;;;;;x
ADDTOSPHERE_WE_ACCEPT_3;the Sphere of Influence of §Y$ACTOR$§W.;la sph¡×e d'influence de ¡×$ACTOR$¡×.;;;;;;;;;;;;x
ADDTOSPHERE_WE_ACCEPT_4;*;*;;;;;;;;;;;;x
ADDTOSPHERE_WE_ACCEPT_5;*;*;;;;;;;;;;;;x
ADDTOSPHERE_WE_ACCEPT_6;*;*;;;;;;;;;;;;x
ADDTOSPHERE_WE_ACCEPT_BTN1;OK;OK;;;;;;;;;;;;x
ADDTOSPHERE_WE_ACCEPT_BTN2;OK;OK;;;;;;;;;;;;x
ADDTOSPHERE_WE_ACCEPT_BTN3;Go To;Aller ¡×;;;;;;;;;;;x
ADDTOSPHERE_WE_ACCEPT_HEADER;The Foreign Minister reports;Le ministre des Affaires ¡×rang¡×es indique :;;;;;;;;;;;;x
ADDTOSPHERE_WE_ACCEPT_LOG;$ACTOR$ has included us in their Sphere of Influence.;$ACTOR$ nous a inclus dans sa sph¡×e d'influence.;;;;;;;;;;;;x
ADDTOSPHERE_WE_ACCEPT_MAP;Added to Sphere;Ajout¡×¡×la sph¡×e;;;;;;;;;;;;x
ADDTOSPHERE_WE_ACCEPT_SETUP;When we are added to a nation's Sphere of Influence;Si nous sommes ajout¡× ¡×la sph¡×e d'influence d'une nation;;;;;;;;;;;;x
ADDTOSPHERETITLE;Add to Sphere of Influence;Ajouter ¡×la sph¡×e d'influence;;;;;;;;;;;;x
ADJ_FORT_EXTRA_ATTR;And §R+$VAL$%§W from hostile adjacent forts.;Et ¡×+$VAL$%¡× des forts adjacents ennemis.;;;;;;;;;;;;x
ADM_DESC;Spending on administration allows your bureaucrats to run and maintain a healthy bureaucracy, increasing our tariff efficiency and the rate of pop promotion.;;;;;;;;;;;;;x
ADM_EFF_TECH;Adm. Eff.;Adm. Eff.;;;;;;;;;;;;x
ADM_EXPLAIN_DESC;This needed percentage is based on the following.\n;Ce pourcentage repose sur ce qui suit.\n;;;;;;;;;;;;x
ADMINISTRATION;Administration;Administration;;;;;;;;;;;;x
ADMINISTRATIVE_TAX_EFFICIENCY;Administrative Tax Efficiency: §Y$VALUE$§W%.;Efficacit¡×fiscale administrative : ¡×$VALUE$¡×%.;;;;;;;;;;;;x
ADMIRAL;Admiral;Amiral;;;;;;;;;;;;x
AGREE;Agree;Accepter;Zustimmen;;;;;;;;;;;x
AGREE_RP_TR;At least §Y$VAL$%§W is of the same ideology as the ruling party.;Au moins ¡×$VAL$%¡× partagent la m¡×e id¡×logie que le parti dirigeant.;;;;;;;;;;;;x
AI;AI;IA;;;;;;;;;;;;x
AI_DIPLO_NO;They will not accept;;;;;;;;;;;;;x
AI_DIPLO_YES;They will accept;;;;;;;;;;;;;x
AI_DIPLOMATIC_VALUE;Diplomatic Value;;;;;;;;;;;;;x
AIREASON_ALLY;Ally;;;;;;;;;;;;;x
AIREASON_ALLY_OF_ALLY;Ally of Ally;;;;;;;;;;;;;x
AIREASON_ATTACKING_ALLY;Attacking Ally;;;;;;;;;;;;;x
AIREASON_ATTACKING_ENEMIES;Attacking Enemies;;;;;;;;;;;;;x
AIREASON_ATTACKING_FRIENDS;Attacking Friends;;;;;;;;;;;;;x
AIREASON_BACKED_BY_ALLY;Backed by Ally;;;;;;;;;;;;;x
AIREASON_BADBOY;Infamy;;;;;;;;;;;;;x
AIREASON_BASE_RELUCTANCE;Base Reluctance;;;;;;;;;;;;;x
AIREASON_CIV_VS_UNCIV;Civilized vs Uncivilized;;;;;;;;;;;;;x
AIREASON_COMMON_FOE;Common Foe;;;;;;;;;;;;;x
AIREASON_CONSTRUCTING_CB;Strategic Interests;;;;;;;;;;;;;x
AIREASON_CRISIS_OFFER;$WARGOAL$;;;;;;;;;;;;;x
AIREASON_CURRENT_WARS;Current Wars;;;;;;;;;;;;;x
AIREASON_DESIRES_GP_ALLY;Wants a Great Power ally;;;;;;;;;;;;;x
AIREASON_DIFFERENT_GOVTYPES;Government Type;;;;;;;;;;;;;x
AIREASON_DIPLOMATIC_GOALS;Political Considerations;;;;;;;;;;;;;x
AIREASON_DISTANCE;Distance;;;;;;;;;;;;;x
AIREASON_GP_RELATIONS;Opinion;;;;;;;;;;;;;x
AIREASON_HELD_CORES;Owns Core Provinces;;;;;;;;;;;;;x
AIREASON_NEGATIVE_RELATIONS;Negative Relations;;;;;;;;;;;;;x
AIREASON_NOT_OVERLORD;Not my Overlord;;;;;;;;;;;;;x
AIREASON_OTHER_SPHERE;Other Sphere;;;;;;;;;;;;;x
AIREASON_OTHER_SPHERE_LEADER;Other Sphere Leader;;;;;;;;;;;;;x
AIREASON_OUR_CASUS_BELLI;Our Casus Belli;;;;;;;;;;;;;x
AIREASON_OUR_SPHERE;Our Sphere;;;;;;;;;;;;;x
AIREASON_OVERLORD;Overlord;;;;;;;;;;;;;x
AIREASON_RELATIONS;Relations;;;;;;;;;;;;;x
AIREASON_RELATIVE_ARMY_STRENGTH;Army Strength;;;;;;;;;;;;;x
AIREASON_RELATIVE_NAVY_STRENGTH;Navy Strength;;;;;;;;;;;;;x
AIREASON_STRATEGIC_INTERESTS;Strategic Interests;;;;;;;;;;;;;x
AIREASON_THREATS;Threats;;;;;;;;;;;;;x
AIREASON_TOO_EARLY_IN_CRISIS;Early in Crisis;;;;;;;;;;;;;x
AIREASON_TOO_MANY_ALLIANCES;Too Many Alliances;;;;;;;;;;;;;x
AIREASON_TOO_MANY_CRISIS_WARGOALS;Added Wargoals;;;;;;;;;;;;;x
AIREASON_TOO_MANY_GP_ALLIES;Too many Great Power allies;;;;;;;;;;;;;x
AIREASON_WAR_WITH_SPHERE_LEADER;War with Sphere Leader;;;;;;;;;;;;;x
AIREASON_YOUR_CASUS_BELLI;Your Casus Belli;;;;;;;;;;;;;x
AIRWINGS;Air Units;Unit¡× a¡×iennes;;;;;;;;;;;;x
AL$¡×¡×Projekte: ¡×$VAL$¡×¡×;;;;;;;;;;;;x
ALL_;All ;Tous ;;;;;;;;;;;;x
ALL_CORE_PROVINCE;All with cores;Tous les territoires cl¡×;;;;;;;;;;;;x
ALL_CORE_PROVINCE_THAT;For all core provinces \n;;;;;;;;;;;;;x
ALL_CORE_PROVINCES;all states with core provinces;;;;;;;;;;;;;x
ALL_COUNTRIES_EFF;All countries;Tous les pays;;;;;;;;;;;;x
ALL_COUNTRIES_THAT_EFF;All countries that;Tout pays qui;Alle L¡×der, die;;Todos los pa¡×es que;;;;;;;;;x
ALL_ORG_POP_IS_ATLEAST_TRIGGER;§Y$IDEOLOGY$§W has organisation of at least §Y$ORGANISATION$§W or popularity above §Y$POPULARITY$§W.\n;L'impact de ¡×$IDEOLOGY$¡× sur l'organisation est d'au moins ¡×$ORGANISATION$¡× ou l'impact de cette id¡×logie sur la popularit¡×est sup¡×ieur ¡×¡×$POPULARITY$¡×.\n;;;;;;;;;;;;x
ALL_ORG_POP_IS_NOT_TRIGGER;§Y$IDEOLOGY$§W does not have§Y$ORGANISATION$§W in organisation and §Y$POPULARITY$§W in popularity§W.\n;L'impact de ¡×$IDEOLOGY$¡× n'est pas de ¡×$ORGANISATION$¡× sur l'organisation et de ¡×$POPULARITY$¡× sur la popularité§W.\n;;;;;;;;;;;;x
ALL_PLAYERS_HERE;All players here.;Tous les joueurs sont pr¡×ents.;;;;;;;;;;;;x
ALL_POPS_IN;All pops in $LOC$;Tous les POP de $LOC$ :;Alle Bev¡×kerungen in $LOC$;;Todas las POB en $LOC$;;;;;;;;;x
ALL_POPS_IN_THAT;All pops in $LOC$ where;Tous les POP de $LOC$, pour qui ;Alle Bev¡×kerungen in $LOC$, die;;Todas las POB en $LOC$ donde;;;;;;;;;x
ALL_SATES;all states;;;;;;;;;;;;;x
ALLIANCE_BUTTON;Form Alliance;Former une alliance;;;;;;;;;;;;x
ALLIANCE_DESC;If a country accepts our Alliance offer, it may come to our assistance during wars.;Si un pays accepte notre offre d'alliance, il pourra nous venir en aide en cas de guerre.;;;;;;;;;;;;x
ALLIANCE_DI;Alliance Offer;Offre d'alliance;;;;;;;;;;;;x
ALLIANCE_EFFECT;Alliance with §Y$WHO$§W.\n;Alliance avec ¡×$WHO$¡×.\n;;;;;;;;;;;;x
ALLIANCE_INVALID_GPS_IN_CRISIS;The Alliance between §Ytwo Great Powers§W can't be formed when the §Ycrisis§W is active.;;;;;;;;;;;;;x
ALLIANCE_OFFER;$ACTOR$ offers us an Alliance. By accepting it we are promising to help each other in times of war.;$ACTOR$ nous propose une alliance. En l'acceptant, nous nous engageons ¡×nous entraider en cas de guerre.;;;;;;;;;;;;x
ALLIANCE_OTHER_ACCEPT_1;§Y$RECIPIENT$§W;¡×$RECIPIENT$¡×;;;;;;;;;;;;x
ALLIANCE_OTHER_ACCEPT_2;$MONARCHTITLE$, §Y$RECIPIENT$§W;$MONARCHTITLE$, ¡×$RECIPIENT$¡×;;;;;;;;;;;;x
ALLIANCE_OTHER_ACCEPT_3;entered a Military Alliance;a conclu une alliance militaire;;;;;;;;;;;;x
ALLIANCE_OTHER_ACCEPT_4;with their new ally;avec son nouvel alli¡×;;;;;;;;;;;;x
ALLIANCE_OTHER_ACCEPT_5;§Y$ACTOR$§W;¡×$ACTOR$¡×.;;;;;;;;;;;;x
ALLIANCE_OTHER_ACCEPT_6;*;*;;;;;;;;;;;;x
ALLIANCE_OTHER_ACCEPT_BTN1;OK;OK;;;;;;;;;;;;x
ALLIANCE_OTHER_ACCEPT_BTN2;OK;OK;;;;;;;;;;;;x
ALLIANCE_OTHER_ACCEPT_BTN3;Go To;Aller ¡×;;;;;;;;;;;x
ALLIANCE_OTHER_ACCEPT_HEADER;The Foreign Minister reports;Le ministre des Affaires ¡×rang¡×es indique :;;;;;;;;;;;;x
ALLIANCE_OTHER_ACCEPT_LOG;§Y$ACTOR$§W entered a Military Alliance with §Y$RECIPIENT$§W;¡×$ACTOR$¡×—¡×$RECIPIENT$¡× : signature d'une alliance entre ces deux pays.;;;;;;;;;;;;x
ALLIANCE_OTHER_ACCEPT_SETUP;When a nation accepts another nation's alliance offer;Si une nation accepte l'offre d'alliance d'une autre;;;;;;;;;;;;x
ALLIANCE_OTHER_DECLINE_1;§Y$RECIPIENT$§W;¡×$RECIPIENT$¡×;;;;;;;;;;;;x
ALLIANCE_OTHER_DECLINE_2;$MONARCHTITLE$, §Y$RECIPIENT$§W;$MONARCHTITLE$, ¡×$RECIPIENT$¡×;;;;;;;;;;;;x
ALLIANCE_OTHER_DECLINE_3;declined §Y$ACTOR$§W's request;a refus¡×l'offre;;;;;;;;;;;;x
ALLIANCE_OTHER_DECLINE_4;to join their;d'alliance militaire;;;;;;;;;;;;x
ALLIANCE_OTHER_DECLINE_5;Military Alliance;de ¡×$ACTOR$¡×.;;;;;;;;;;;;x
ALLIANCE_OTHER_DECLINE_6;*;*;;;;;;;;;;;;x
ALLIANCE_OTHER_DECLINE_BTN1;OK;OK;;;;;;;;;;;;x
ALLIANCE_OTHER_DECLINE_BTN2;OK;OK;;;;;;;;;;;;x
ALLIANCE_OTHER_DECLINE_BTN3;Go To;Aller ¡×;;;;;;;;;;;x
ALLIANCE_OTHER_DECLINE_HEADER;The Foreign Minister reports;Le ministre des Affaires ¡×rang¡×es indique :;;;;;;;;;;;;x
ALLIANCE_OTHER_DECLINE_LOG;$RECIPIENT$ declined a Military Alliance offer from $ACTOR$.;$RECIPIENT$ a refus¡×l'offre d'alliance militaire de $ACTOR$.;;;;;;;;;;;;x
ALLIANCE_OTHER_DECLINE_SETUP;When a nation declines another nation's alliance offer;Si une nation refuse l'offre d'alliance d'une autre;;;;;;;;;;;;x
ALLIANCE_THEY_ACCEPT_1;§Y$RECIPIENT$§W;¡×$RECIPIENT$¡×;;;;;;;;;;;;x
ALLIANCE_THEY_ACCEPT_2;$MONARCHTITLE$, §Y$RECIPIENT$§W;$MONARCHTITLE$, ¡×$RECIPIENT$¡×;;;;;;;;;;;;x
ALLIANCE_THEY_ACCEPT_3;accepted;a accept¡×;;;;;;;;;;;x
ALLIANCE_THEY_ACCEPT_4;our offer to enter into a;notre offre;;;;;;;;;;;;x
ALLIANCE_THEY_ACCEPT_5;Military Alliance;d'alliance militaire.;;;;;;;;;;;;x
ALLIANCE_THEY_ACCEPT_6;*;*;;;;;;;;;;;;x
ALLIANCE_THEY_ACCEPT_BTN1;Perfect!;Parfait !;;;;;;;;;;;;x
ALLIANCE_THEY_ACCEPT_BTN2;Perfect!;Parfait !;;;;;;;;;;;;x
ALLIANCE_THEY_ACCEPT_BTN3;Go To;Aller ¡×;;;;;;;;;;;x
ALLIANCE_THEY_ACCEPT_HEADER;The Foreign Minister reports;Le ministre des Affaires ¡×rang¡×es indique :;;;;;;;;;;;;x
ALLIANCE_THEY_ACCEPT_LOG;$RECIPIENT$ entered our Military Alliance.;$RECIPIENT$ a rejoint notre alliance militaire.;;;;;;;;;;;;x
ALLIANCE_THEY_ACCEPT_SETUP;When a nation accepts our alliance offer;Si une nation accepte notre offre d'alliance;;;;;;;;;;;;x
ALLIANCE_THEY_DECLINE_1;An ambassador from §Y$RECIPIENT$§W;Un ambassadeur de ¡×$RECIPIENT$¡×;;;;;;;;;;;;x
ALLIANCE_THEY_DECLINE_2;$MONARCHTITLE$, we bring serious news:;$MONARCHTITLE$, les nouvelles sont mauvaises.;;;;;;;;;;;;x
ALLIANCE_THEY_DECLINE_3;§Y$RECIPIENT$§W;¡×$RECIPIENT$¡×;;;;;;;;;;;;x
ALLIANCE_THEY_DECLINE_4;rejected our;a rejet¡×notre;;;;;;;;;;;;x
ALLIANCE_THEY_DECLINE_5;Military Alliance;offre;;;;;;;;;;;;x
ALLIANCE_THEY_DECLINE_6;proposal.;d'alliance militaire.;;;;;;;;;;;;x
ALLIANCE_THEY_DECLINE_BTN1;OK;OK;;;;;;;;;;;;x
ALLIANCE_THEY_DECLINE_BTN2;OK;OK;;;;;;;;;;;;x
ALLIANCE_THEY_DECLINE_BTN3;Go To;Aller ¡×;;;;;;;;;;;x
ALLIANCE_THEY_DECLINE_HEADER;The Foreign Minister reports that;Le ministre des Affaires ¡×rang¡×es indique :;;;;;;;;;;;;x
ALLIANCE_THEY_DECLINE_LOG;$RECIPIENT$ declined our Military Alliance offer.;$RECIPIENT$ a refus¡×notre offre d'alliance militaire.;;;;;;;;;;;;x
ALLIANCE_THEY_DECLINE_SETUP;When a nation declines our alliance offer;Si une nation refuse notre offre d'alliance;;;;;;;;;;;;x
ALLIANCE_WE_ACCEPT_1;Alliance accepted!;Alliance accept¡× !;;;;;;;;;;;;x
ALLIANCE_WE_ACCEPT_2;$MONARCHTITLE$, we;$MONARCHTITLE$, nous;;;;;;;;;;;;x
ALLIANCE_WE_ACCEPT_3;agreed;avons accept¡×;;;;;;;;;;;x
ALLIANCE_WE_ACCEPT_4;to enter a;de former une;;;;;;;;;;;;x
ALLIANCE_WE_ACCEPT_5;Military Alliance with;alliance militaire avec;;;;;;;;;;;;x
ALLIANCE_WE_ACCEPT_6;§Y$ACTOR$§W;¡×$ACTOR$¡×.;;;;;;;;;;;;x
ALLIANCE_WE_ACCEPT_BTN1;Perfect!;Parfait !;;;;;;;;;;;;x
ALLIANCE_WE_ACCEPT_BTN2;Perfect!;Parfait !;;;;;;;;;;;;x
ALLIANCE_WE_ACCEPT_BTN3;Go To;Aller ¡×;;;;;;;;;;;x
ALLIANCE_WE_ACCEPT_HEADER;The Foreign Minister reports;Le ministre des Affaires ¡×rang¡×es indique :;;;;;;;;;;;;x
ALLIANCE_WE_ACCEPT_LOG;We entered a Military Alliance with $ACTOR$.;Nous avons conclu une alliance militaire avec $ACTOR$.;;;;;;;;;;;;x
ALLIANCE_WE_ACCEPT_SETUP;When we accept another nation's alliance offer;Si nous acceptons l'offre d'alliance d'une autre nation;;;;;;;;;;;;x
ALLIANCE_WE_DECLINE_1;Alliance rejected!;Alliance rejet¡× !;;;;;;;;;;;;x
ALLIANCE_WE_DECLINE_2;$MONARCHTITLE$ we rejected;$MONARCHTITLE$ nous avons rejet¡×;;;;;;;;;;;x
ALLIANCE_WE_DECLINE_3;§Y$ACTOR$§W's;l'offre;;;;;;;;;;;;x
ALLIANCE_WE_DECLINE_4;Military Alliance;d'alliance militaire;;;;;;;;;;;;x
ALLIANCE_WE_DECLINE_5;proposal.;de ¡×$ACTOR$¡×.;;;;;;;;;;;;x
ALLIANCE_WE_DECLINE_6;*;*;;;;;;;;;;;;x
ALLIANCE_WE_DECLINE_BTN1;OK;OK;;;;;;;;;;;;x
ALLIANCE_WE_DECLINE_BTN2;OK;OK;;;;;;;;;;;;x
ALLIANCE_WE_DECLINE_BTN3;Go To;Aller ¡×;;;;;;;;;;;x
ALLIANCE_WE_DECLINE_HEADER;The Foreign Minister reports;Le ministre des Affaires ¡×rang¡×es indique :;;;;;;;;;;;;x
ALLIANCE_WE_DECLINE_LOG;We declined a Military Alliance offer from $ACTOR$.;Nous avons refus¡×l'offre d'alliance militaire de $ACTOR$.;;;;;;;;;;;;x
ALLIANCE_WE_DECLINE_SETUP;When we decline another nation's alliance offer;Si nous refusons l'offre d'alliance d'une autre nation;;;;;;;;;;;;x
ALLIANCENEWDESC;Do you wish to offer an Alliance to $COUNTRY$? Doing so will oblige us to assist each other in times of war.;Voulez-vous proposer une alliance ¡×$COUNTRY$ ¡× Cela l'obligera ¡×nous porter une assistance mutuelle en cas de guerre.;;;;;;;;;;;;x
ALLIANCEREQDESC;$ACTOR$ offers us an Alliance. By accepting it we are promising to help each other in times of war.;$ACTOR$ nous propose une alliance. En acceptant, nous nous engageons ¡×nous porter mutuellement assistance en cas de guerre.;;;;;;;;;;;;x
ALLIANCETITLE;Offer Alliance;Offrir une alliance;;;;;;;;;;;;x
ALLIED_WITH;Allied with:;Alliance avec :;;;;;;;;;;;;x
ALLIEDWITH;Allied with $LIST$.;Alli¡×¡×$LIST$.;;;;;;;;;;;;x
ALLIEDWITHTHEM;We are allied with them.;Nous sommes alli¡× ¡×eux.;;;;;;;;;;;;x
ALLIES;Allies:;Alli¡× :;Verb¡×dete:;;;;;;;;;;;x
ALLOWDEBTDESC;Request to be allowed to accumulate debt during wartime when trading with them.;Demandez l'autorisation d'accumuler des dettes pendant la guerre, lorsqu'il commerce avec eux.;;;;;;;;;;;;x
ALLOWDEBTDESC_BAD;Allow the nation to accumulate debt during wartime when trading with you.;Permettez ¡×un pays de s'endetter pendant la guerre, lorsqu'il commerce avec vous.;;;;;;;;;;;;x
ALLOWDEBTNEWDESC;Do you wish to request permission to accumulate debt when trading with §Y$NAME$§W? \n This will allow us to trade at a deficit during wartime, a debt that will be repaid over §Y$YEAR$§W years when peace resumes.\nThis action will cost us §Y$COST$§W influence points.;;;;;;;;;;;;;x
ALLOWDEBTTITLE;Allow Debt;Permettre un endettement;;;;;;;;;;;;x
ALLOWED_CAUSE;Possible here, due to the following...;Possible pour les raisons suivantes…;;;;;;;;;;;;x
ALLREADYTHERE;This building is already built.;Ce b¡×iment a d¡×¡×¡×¡×construit.;;;;;;;;;;;;x
ALLYTAKEOVER_1;$ACTOR$;$ACTOR$;;;;;;;;;;;;x
ALLYTAKEOVER_2;They inform us that because of their superior might and military expertise they have assumed;Ils nous informent que leur sup¡×iorit¡×en termes de puissance et d'exp¡×ience militaire leur a permis de prendre;;;;;;;;;;;;x
ALLYTAKEOVER_3;Leadership in the war;les r¡×es de la guerre;;;;;;;;;;;;x
ALLYTAKEOVER_4;against;contre;;;;;;;;;;;;x
ALLYTAKEOVER_5;$TARGETLIST$;$TARGETLIST$.;;;;;;;;;;;;x
ALLYTAKEOVER_6;From now on they will handle all negotiations.;¡×partir de maintenant, ils vont g¡×er toutes les n¡×ociations.;;;;;;;;;;;;x
ALLYTAKEOVER_BTN1;OK;OK;;;;;;;;;;;;x
ALLYTAKEOVER_BTN2;OK;OK;;;;;;;;;;;;x
ALLYTAKEOVER_BTN3;Go To;Aller ¡×;;;;;;;;;;;x
ALLYTAKEOVER_HEADER;The Foreign Minister reports;Le ministre des Affaires ¡×rang¡×es indique :;;;;;;;;;;;;x
ALLYTAKEOVER_LOG;$ACTOR$ assumed leadership in our war against $TARGETLIST$.;$ACTOR$ a pris les r¡×es de notre guerre contre $TARGETLIST$.;;;;;;;;;;;;x
ALLYTAKEOVER_MAP;*;*;;;;;;;;;;;;x
ALLYTAKEOVER_SETUP;When an ally takes over leadership in our war;Si un alli¡×prend les r¡×es de notre guerre;;;;;;;;;;;;x
ALLYTAKEOVERWE_1;The Foreign Minister reports;Le ministre des Affaires ¡×rang¡×es indique :;;;;;;;;;;;;x
ALLYTAKEOVERWE_2;Because of our superior strength and unmatched leadership, we have assumed;Gr¡×e ¡×la sup¡×iorit¡×de notre puissance militaire et ¡×notre leadership, nous avons pris;;;;;;;;;;;;x
ALLYTAKEOVERWE_3;Leadership in the war;les r¡×es de la guerre;;;;;;;;;;;;x
ALLYTAKEOVERWE_4;against;contre;;;;;;;;;;;;x
ALLYTAKEOVERWE_5;$TARGETLIST$;$TARGETLIST$.;;;;;;;;;;;;x
ALLYTAKEOVERWE_6;from now on, we will handle all negotiations.;¡×partir de maintenant, nous nous chargerons de toutes les n¡×ociations.;;;;;;;;;;;;x
ALLYTAKEOVERWE_BTN1;OK;OK;;;;;;;;;;;;x
ALLYTAKEOVERWE_BTN2;OK;OK;;;;;;;;;;;;x
ALLYTAKEOVERWE_BTN3;Go To;Aller ¡×;;;;;;;;;;;x
ALLYTAKEOVERWE_HEADER;$MESSENGER$;$MESSENGER$;;;;;;;;;;;;x
ALLYTAKEOVERWE_LOG;We assumed leadership in the war against $TARGETLIST$.;Nous avons pris les r¡×es dans la guerre contre $TARGETLIST$.;;;;;;;;;;;;x
ALLYTAKEOVERWE_MAP;*;*;;;;;;;;;;;;x
ALLYTAKEOVERWE_SETUP;When we take over leadership in a war;Si nous prenons les r¡×es dans une guerre;;;;;;;;;;;;x
ALREADY_ASSIMILATED;Primary or Accepted Culture;Culture principale ou accept¡×;;;;;;;;;;;;x
ALREADY_BAD_RELATION;§Y$RECIPIENT$§W already has a §Y$OPINION$§W opinion of §Y$TARGET$§W.;¡×$RECIPIENT$¡× a d¡×¡×une opinion ¡×$OPINION$¡× sur ¡×$TARGET$¡×.;;;;;;;;;;;;x
ALREADY_IN_SPHERE;This country is already in the sphere of influence of §Y$LEADER$§W.;Ce pays est d¡×¡×dans la sph¡×e d'influence de ¡×$LEADER$¡×.;;;;;;;;;;;;x
ALREADY_MAKING_CB;We are already preparing a justification for war with §Y$TARGET$§W;Nous sommes d¡×¡×en train de pr¡×arer un CB contre ¡×$TARGET$¡×;;;;;;;;;;;;x
ALREADY_SUPPRESSED;Movement is not radical and can't be suppressed;Ce mouvement n'est pas radical et ne peut ¡×re r¡×rim¡×;;;;;;;;;;;x
ALWAYS_FALSE;Never;Jamais;;;;;;;;;;;;x
ALWAYS_TRUE;Always;Toujours;;;;;;;;;;;;x
AMBIENT;Ambient;Ambiant;;;;;;;;;;;;x
AMOUNT_OF_DIVISIONS_IS_ATLEAST_TRIGGER;§Y$COUNTRY$§W Number of divisions is at least §Y$VALUE$§W.\n;Le nombre de divisions de ¡×$COUNTRY$¡× est au moins de ¡×$VALUE$¡×.\n;;;;;;;;;;;;x
AMOUNT_OF_DIVISIONS_IS_NOT_TRIGGER;§Y$COUNTRY$§W number of divisions is not §Y$VALUE$§W.\n;Le nombre de divisions de ¡×$COUNTRY$¡× n'est pas de ¡×$VALUE$¡×.\n;;;;;;;;;;;;x
AMVASSAL;Is a puppet of $LIST$.;Est un fantoche de $LIST$.;;;;;;;;;;;;x
AND;and ;et;;;;;;;;;;;;x
AND_MORE;&& ....;&& ….;;;;;;;;;;;;x
AND_TRIG_SHORT; and ;;;;;;;;;;;;;x
AND_TRIGGER_STARTS;All of the below;toutes ces conditions sont r¡×lis¡×s ;Alles unten angegebene;POLSKI;Todos los siguientes;;;;;;;;;x
ANNEX_1;$ACTOR$;$ACTOR$;;;;;;;;;;;;x
ANNEX_2;$MONARCHTITLE$,;$MONARCHTITLE$,;;;;;;;;;;;;x
ANNEX_3;$ACTOR$ annexed $RECIPIENT$;$ACTOR$ a annex¡×$RECIPIENT$;;;;;;;;;;;;x
ANNEX_4;which now is part of their country.;qui fait d¡×ormais partie de son pays.;;;;;;;;;;;;x
ANNEX_5;*;*;;;;;;;;;;;;x
ANNEX_6;*;*;;;;;;;;;;;;x
ANNEX_BTN1;OK;OK;;;;;;;;;;;;x
ANNEX_BTN2;OK;OK;;;;;;;;;;;;x
ANNEX_BTN3;Go To;Aller ¡×;;;;;;;;;;;x
ANNEX_HEADER;The Foreign Ministry reports;Le ministre des Affaire ¡×rang¡×es indique :;;;;;;;;;;;;x
ANNEX_LOG;$ACTOR$ annexed $RECIPIENT$.;$ACTOR$ a annex¡×$RECIPIENT$.;;;;;;;;;;;;x
ANNEX_MAP;*;*;;;;;;;;;;;;x
ANNEX_SETUP;When a nation Annexes another nation;Si une nation en annexe une autre;;;;;;;;;;;;x
ANY_ALL;Any province;;;;;;;;;;;;;x
ANY_AT_WAR_STARTS;Any country at war with.;Tout pays avec lequel nous sommes en guerre.;;;;;;;;;;;;x
ANY_CORE_LIMITED;For any core that is\n;Pour tout territoire cl¡×qui est\n;;;;;;;;;;;;x
ANY_CORE_NORMAL;All core provinces will get\n;Tous les territoires cl¡× obtiennent\n;;;;;;;;;;;;x
ANY_CORE_PROVINCE;Any Core;Tout pays principal;;;;;;;;;;;;x
ANY_CORE_STARTS;Any Core Country;Tout pays principal;;;;;;;;;;;;x
ANY_GP_STARTS;Any Great Power;Toutes les grandes puissances;;;;;;;;;;;;x
ANY_OWNED_LIMITED;For Any province that is\n;Pour toute province qui est\n;F¡× jede Provinz, die\n;;Para cualquier provincia que est¡×n;;;;;;;;;x
any_owned_province;Any Owned Province;Toute province d¡×enue;;;;;;;;;;;;x
ANY_POP_IN_PROVINCE_STARTS;Any Pop;;;;;;;;;;;;;x
ANY_PROVINCE_STARTS;Any owned province;Toute province d¡×enue;;;;;;;;;;;;x
ANY_STATE_STARTS;Any State;Tout État;;;;;;;;;;;;x
ANY_SUBSTATE;Any substate of;Un Sous-État de;;;;;;;;;;;;x
April;April;Avril;;;;;;;;;;;;x
ARMIES;Land Units;Unit¡× terrestres;;;;;;;;;;;;x
ARMY;Army;Arm¡×;;;;;;;;;;;;x
army_base;Armies;Arm¡×s;Armeen;;;;;;;;;;;x
army_base_short;(A);(A);(A);;;;;;;;;;;x
ARMY_ENGINEER_DELAYED_TOOLTIP;Siege Efficiency is the ability of this army's engineers and tanks to reduce the effectiveness of enemy forts when attacking and sieging.\n\nThis army contains §Y$ENGINEERUNITS$§W engineer and tank brigades out of a needed §Y$ENGINEERMAXUNITS$§W, giving it a Siege Efficiency of §Y$VAL$%§W.;;;;;;;;;;;;;x
ARMY_ENGINEER_TOOLTIP;Siege Efficiency: §Y$VAL$§W%;;;;;;;;;;;;;x
ARMY_NAME;$NUM$$ORDER$ Army;Arm¡× $NUM$$ORDER$;;;;;;;;;;;;x
ARMY_RECON_DELAYED_TOOLTIP;Recon Efficiency is the ability of this army's scouts to reduce the dig-in bonus of enemy armies and speed up sieges.\n\nThis army contains §Y$RECONUNITS$§W recon brigades out of a needed §Y$RECONMAXUNITS$§W, giving it a Recon Efficiency of §Y$VAL$%§W.;;;;;;;;;;;;;x
ARMY_RECON_TOOLTIP;Recon Efficiency: §Y$VAL$§W%;;;;;;;;;;;;;x
ARMY_SPLIT_AND_LOAD_DESC_1;§Y$UNIT$§W will be split between §G$NUM$§W ship(s):;¡×$UNIT$¡× sera r¡×artie entre ¡×$NUM$¡× flotte(s):;;;;;;;;;;;;x
ARMY_SPLIT_AND_LOAD_DESC_2;- §Y$NAVY$§W ($NUM$ weight);- ¡×$NAVY$¡× (Capacit¡×d'embarquement : $NUM$ unit¡×);;;;;;;;;;;;x
ARMY_SPLIT_AND_LOAD_DESC_3;§RThe remaining army of total weight ($NUM$) will not be loaded.§W;¡×Le reste de l'arm¡× ($NUM$ unit¡×) ne sera pas embarqu¡×¡×;;;;;;;;;;;;x
army_tech_research_bonus;Army Tech Research;Recherche en technologie militaire;;;;;;;;;;;;x
ARMY_TECHNOLOGY_LEVELS;Army Tech: $VAL$/$MAX$;Tech. mil.: $VAL$/$MAX$;;;;;;;;;;;;x
ARMYTRADITION_EFFECT;$DIRECTION$ $VALUE$ army tradition.\n;$DIRECTION$ $VALUE$ en tradition militaire.\n;;;;;;;;;;;;x
ARTISAN_INPUT_TECH;Artisan input efficiency tech;Tech efficacit¡×mati¡×es premi¡×es Artisan;;;;;;;;;;;;x
ARTISAN_NONE_EFFECT_TECH;;;;;;;;;;;;;;x
ARTISAN_OUTPUT_TECH;Artisan output efficiency tech;Tech efficacit¡×rendement Artisan;;;;;;;;;;;;x
ARTISAN_THROUGHPUT_TECH;Artisan throughput efficiency tech;Tech efficacit¡×d¡×it Artisan;;;;;;;;;;;;x
ASKBUYLICENCEREQDESC;§Y$ACTOR$§W is requesting our permission and technical expertise in producing §Y$NUM$§W units of $TYPE$§W\nFor this they are willing to pay us§Y$CASH$§W.;¡×$ACTOR$¡× demande notre autorisation et une expertise technique pour la production de ¡×$NUM$¡× unit¡× de $TYPE$¡×\nIls sont d'accord pour nous payer ¡×$CASH$¡×.;;;;;;;;;;;;x
ASKDEBTREQDESC;§Y$ACTOR$§W is requesting to be allowed to run a debt when trading with us.\nThis means that when they trade with us during wartime, we do not get paid in cash but instead they will owe us. The debt will be paid over time after the war.\nShould we allow them this?;;;;;;;;;;;;;x
ASKEXPEDITIONREQDESC;§Y$ACTOR$§W is offering us §G$UNIT$§W as an expeditionary force. \n §G$UNIT$§W contains $NUM$ $TYPE$s that may use as we please until they are recalled.\n$UNIT$ is currently located in $PROV$.;¡×$ACTOR$¡× nous propose ¡×$UNIT$¡× comme corps exp¡×itionnaire. \n¡×$UNIT$¡× comprend $NUM$ $TYPE$s que nous pouvons utiliser ¡×notre gr¡×jusqu'¡×leur rappel.\n$UNIT$ se trouve actuellement ¡×$PROV$.;;;;;;;;;;;;x
ASKMILITARYACCESS_BUTTON;Military Access;Acc¡× militaire;;;;;;;;;;;;x
ASKMILITARYACCESS_DESC;Allows our troops to move through their country.;Permet ¡×nos troupes de traverser le pays.;;;;;;;;;;;;x
ASKMILITARYACCESS_DI;Request for Military Access;Demande d'acc¡× militaire;;;;;;;;;;;;x
ASKMILITARYACCESS_OFFER;$ACTOR$ is requesting Military Access from us. Accepting will allow them to move ships and armies into our territory.;$ACTOR$ nous demande un acc¡× militaire. Si nous acceptons, ses navires et arm¡×s pourront traverser notre territoire.;;;;;;;;;;;;x
ASKMILITARYACCESS_OTHER_ACCEPT_1;§Y$ACTOR$§W;¡×$ACTOR$¡×;;;;;;;;;;;;x
ASKMILITARYACCESS_OTHER_ACCEPT_2;$MONARCHTITLE$;$MONARCHTITLE$;;;;;;;;;;;;x
ASKMILITARYACCESS_OTHER_ACCEPT_3;§Y$RECIPIENT$§W;¡×$RECIPIENT$¡×;;;;;;;;;;;;x
ASKMILITARYACCESS_OTHER_ACCEPT_4;now grants Military Access to;octroie des droits de transit ¡×;;;;;;;;;;;x
ASKMILITARYACCESS_OTHER_ACCEPT_5;§Y$ACTOR$§W;¡×$ACTOR$¡×.;;;;;;;;;;;;x
ASKMILITARYACCESS_OTHER_ACCEPT_6;This may be a significant development.;Cela peut constituer une ¡×olution importante.;;;;;;;;;;;;x
ASKMILITARYACCESS_OTHER_ACCEPT_BTN1;OK;OK;;;;;;;;;;;;x
ASKMILITARYACCESS_OTHER_ACCEPT_BTN2;OK;OK;;;;;;;;;;;;x
ASKMILITARYACCESS_OTHER_ACCEPT_BTN3;Go To;Aller ¡×;;;;;;;;;;;x
ASKMILITARYACCESS_OTHER_ACCEPT_HEADER;The Foreign Minister reports;Le ministre des Affaires ¡×rang¡×es indique :;;;;;;;;;;;;x
ASKMILITARYACCESS_OTHER_ACCEPT_LOG;$RECIPIENT$ decided to grant $ACTOR$ Military Access.;$RECIPIENT$ a d¡×id¡×d'accorder un acc¡× militaire ¡×$ACTOR$.;;;;;;;;;;;;x
ASKMILITARYACCESS_OTHER_ACCEPT_SETUP;When a nation accepts another nation's military access request;Si une nation accepte la demande d'acc¡× militaire d'une autre;;;;;;;;;;;;x
ASKMILITARYACCESS_OTHER_DECLINE_1;§Y$RECIPIENT$§W;¡×$RECIPIENT$¡×;;;;;;;;;;;;x
ASKMILITARYACCESS_OTHER_DECLINE_2;$MONARCHTITLE$;$MONARCHTITLE$;;;;;;;;;;;;x
ASKMILITARYACCESS_OTHER_DECLINE_3;§Y$RECIPIENT$§W;¡×$RECIPIENT$¡×;;;;;;;;;;;;x
ASKMILITARYACCESS_OTHER_DECLINE_4;refuses to grant Military Access to;refuse d'octroyer des droits de transit ¡×;;;;;;;;;;;x
ASKMILITARYACCESS_OTHER_DECLINE_5;§Y$ACTOR$§W;¡×$ACTOR$¡×.;;;;;;;;;;;;x
ASKMILITARYACCESS_OTHER_DECLINE_6;We laugh at their inferior diplomatic skills.;Nous nous gaussons de leur maladresse diplomatique.;;;;;;;;;;;;x
ASKMILITARYACCESS_OTHER_DECLINE_BTN1;OK;OK;;;;;;;;;;;;x
ASKMILITARYACCESS_OTHER_DECLINE_BTN2;OK;OK;;;;;;;;;;;;x
ASKMILITARYACCESS_OTHER_DECLINE_BTN3;Go To;Aller ¡×;;;;;;;;;;;x
ASKMILITARYACCESS_OTHER_DECLINE_HEADER;The Foreign Minister reports;Le ministre des Affaires ¡×rang¡×es indique :;;;;;;;;;;;;x
ASKMILITARYACCESS_OTHER_DECLINE_LOG;$RECIPIENT$ denied $ACTOR$ Military Access.;$RECIPIENT$ a refus¡×un acc¡× militaire ¡×$ACTOR$.;;;;;;;;;;;;x
ASKMILITARYACCESS_OTHER_DECLINE_SETUP;When a nation declines another nation's military access request;Si une nation refuse la demande d'acc¡× militaire d'une autre;;;;;;;;;;;;x
ASKMILITARYACCESS_THEY_ACCEPT_1;§Y$RECIPIENT$§W;¡×$RECIPIENT$¡×;;;;;;;;;;;;x
ASKMILITARYACCESS_THEY_ACCEPT_2;$MONARCHTITLE$, we have good news;$MONARCHTITLE$, nous avons de bonnes nouvelles.;;;;;;;;;;;;x
ASKMILITARYACCESS_THEY_ACCEPT_3;§Y$RECIPIENT$§W;¡×$RECIPIENT$¡×;;;;;;;;;;;;x
ASKMILITARYACCESS_THEY_ACCEPT_4;has decided to allow our troops Military Access.;a d¡×id¡×d'octroyer des droits de transit ¡×nos troupes.;;;;;;;;;;;;x
ASKMILITARYACCESS_THEY_ACCEPT_5;*;*;;;;;;;;;;;;x
ASKMILITARYACCESS_THEY_ACCEPT_6;We can move our troops freely across their territory while this treaty is in effect.;Tant que ce trait¡×est en vigueur, vous pouvez d¡×lacer nos troupes ¡×votre convenance sur leur territoire.;;;;;;;;;;;;x
ASKMILITARYACCESS_THEY_ACCEPT_BTN1;OK;OK;;;;;;;;;;;;x
ASKMILITARYACCESS_THEY_ACCEPT_BTN2;OK;OK;;;;;;;;;;;;x
ASKMILITARYACCESS_THEY_ACCEPT_BTN3;Go To;Aller ¡×;;;;;;;;;;;x
ASKMILITARYACCESS_THEY_ACCEPT_HEADER;The Foreign Minister reports;Le ministre des Affaires ¡×rang¡×es indique :;;;;;;;;;;;;x
ASKMILITARYACCESS_THEY_ACCEPT_LOG;$RECIPIENT$ decided to grant us Military Access.;$RECIPIENT$ a d¡×id¡×de nous accorder un acc¡× militaire.;;;;;;;;;;;;x
ASKMILITARYACCESS_THEY_ACCEPT_SETUP;When a nation accepts our military access request;Si une nation accepte notre demande d'acc¡× militaire;;;;;;;;;;;;x
ASKMILITARYACCESS_THEY_DECLINE_1;§Y$RECIPIENT$§W;¡×$RECIPIENT$¡×;;;;;;;;;;;;x
ASKMILITARYACCESS_THEY_DECLINE_2;$MONARCHTITLE$;$MONARCHTITLE$;;;;;;;;;;;;x
ASKMILITARYACCESS_THEY_DECLINE_3;§Y$RECIPIENT$§W;¡×$RECIPIENT$¡×;;;;;;;;;;;;x
ASKMILITARYACCESS_THEY_DECLINE_4;has outrageously refused to grant us Military Access;a os¡×refuser de nous accorder des droits de transit.;;;;;;;;;;;;x
ASKMILITARYACCESS_THEY_DECLINE_5;*;*;;;;;;;;;;;;x
ASKMILITARYACCESS_THEY_DECLINE_6;How they fail to see the benefits of having our troops on the streets of their capital is one of life's little mysteries.;Pourquoi ne voient-ils pas la pr¡×ence de nos troupes dans les rues de leur capitale comme un atout ¡× C'est un des myst¡×es de la vie !;;;;;;;;;;;;x
ASKMILITARYACCESS_THEY_DECLINE_BTN1;OK;OK;;;;;;;;;;;;x
ASKMILITARYACCESS_THEY_DECLINE_BTN2;OK;OK;;;;;;;;;;;;x
ASKMILITARYACCESS_THEY_DECLINE_BTN3;Go To;Aller ¡×;;;;;;;;;;;x
ASKMILITARYACCESS_THEY_DECLINE_HEADER;The Foreign Minister reports;Le ministre des Affaires ¡×rang¡×es indique :;;;;;;;;;;;;x
ASKMILITARYACCESS_THEY_DECLINE_LOG;$RECIPIENT$ denied us Military Access.;$RECIPIENT$ nous a refus¡×un acc¡× militaire.;;;;;;;;;;;;x
ASKMILITARYACCESS_THEY_DECLINE_SETUP;When a nation declines our military access request;Si une nation refuse notre demande d'acc¡× militaire;;;;;;;;;;;;x
ASKMILITARYACCESS_WE_ACCEPT_1;Military Access.;Droits de transit.;;;;;;;;;;;;x
ASKMILITARYACCESS_WE_ACCEPT_2;$MONARCHTITLE$, we have decided to allow;$MONARCHTITLE$, nous avons d¡×id¡×d'octroyer ¡×;;;;;;;;;;;x
ASKMILITARYACCESS_WE_ACCEPT_3;§Y$ACTOR$§W;¡×$ACTOR$¡×;;;;;;;;;;;;x
ASKMILITARYACCESS_WE_ACCEPT_4;Military Access to our country.;des droits de transit ¡×travers notre pays.;;;;;;;;;;;;x
ASKMILITARYACCESS_WE_ACCEPT_5;*;*;;;;;;;;;;;;x
ASKMILITARYACCESS_WE_ACCEPT_6;If we remain useful, they won't attack us.;Tant que nous leur serons utiles, ils ne nous attaqueront pas.;;;;;;;;;;;;x
ASKMILITARYACCESS_WE_ACCEPT_BTN1;OK;OK;;;;;;;;;;;;x
ASKMILITARYACCESS_WE_ACCEPT_BTN2;OK;OK;;;;;;;;;;;;x
ASKMILITARYACCESS_WE_ACCEPT_BTN3;Go To;Aller ¡×;;;;;;;;;;;x
ASKMILITARYACCESS_WE_ACCEPT_HEADER;The Foreign Minister reports;Le ministre des Affaires ¡×rang¡×es indique :;;;;;;;;;;;;x
ASKMILITARYACCESS_WE_ACCEPT_LOG;We decided to grant $ACTOR$ Military Access.;Nous avons d¡×id¡×d'accorder un acc¡× militaire ¡×$ACTOR$.;;;;;;;;;;;;x
ASKMILITARYACCESS_WE_ACCEPT_SETUP;When we accept a nation's military access request;Si nous acceptons la demande d'acc¡× militaire d'une nation;;;;;;;;;;;;x
ASKMILITARYACCESS_WE_DECLINE_1;Military Access.;Droits de transit.;;;;;;;;;;;;x
ASKMILITARYACCESS_WE_DECLINE_2;$MONARCHTITLE$, we have, of course, declined the request by;$MONARCHTITLE$, nous avons ¡×idemment rejet¡×la demande de;;;;;;;;;;;;x
ASKMILITARYACCESS_WE_DECLINE_3;§Y$ACTOR$§W;¡×$ACTOR$¡×;;;;;;;;;;;;x
ASKMILITARYACCESS_WE_DECLINE_4;for Military Access.;concernant des droits de transit.;;;;;;;;;;;;x
ASKMILITARYACCESS_WE_DECLINE_5;*;*;;;;;;;;;;;;x
ASKMILITARYACCESS_WE_DECLINE_6;We have no need for their good will.;Nous n'avons que faire de leur bonne volont¡×;;;;;;;;;;;;x
ASKMILITARYACCESS_WE_DECLINE_BTN1;OK;OK;;;;;;;;;;;;x
ASKMILITARYACCESS_WE_DECLINE_BTN2;OK;OK;;;;;;;;;;;;x
ASKMILITARYACCESS_WE_DECLINE_BTN3;Go To;Aller ¡×;;;;;;;;;;;x
ASKMILITARYACCESS_WE_DECLINE_HEADER;The Foreign Minister reports;Le ministre des Affaires ¡×rang¡×es indique :;;;;;;;;;;;;x
ASKMILITARYACCESS_WE_DECLINE_LOG;We denied $ACTOR$ Military Access.;Nous avons refus¡×un acc¡× militaire ¡×$ACTOR$.;;;;;;;;;;;;x
ASKMILITARYACCESS_WE_DECLINE_SETUP;When we decline a nation's military access request;Si nous refusons la demande d'acc¡× militaire d'une nation;;;;;;;;;;;;x
ASKMILITARYACCESSTITLE;Request Military Access;Demande d'acc¡× militaire;;;;;;;;;;;;x
ASSIMILATE_EFFECT;Assimilate all Pops in state\n;;;;;;;;;;;;;x
AT_LEAST;At least;Au moins;;;;;;;;;;;;x
AT_WAR_TENSION_DECAY;$COUNTRY$ is at war: §Y$VAL$;;$COUNTRY$ befindet sich im Krieg: ¡×$VAL$;;;;;;;;;;;x
AT_WAR_WITH;At war with:;En guerre contre :;;;;;;;;;;;;x
ATPEACE;At Peace;En paix;;;;;;;;;;;;x
ATTACK;Attack;Attaque;;;;;;;;;;;;x
ATTACKER;Attacker;Attaquant;Angreifer;;;;;;;;;;;x
ATTACKING_TO_OI;Attacking $WHERE$.;Attaque $WHERE$.;;;;;;;;;;;;x
ATTACKTHEM_1;We have engaged the Enemy!;nous avons attaqu¡×l'ennemi !;;;;;;;;;;;;x
ATTACKTHEM_2;$MONARCHTITLE$, we have reports that battle has commenced in;$MONARCHTITLE$, nous vous informons que la bataille a commenc¡×dans la province;;;;;;;;;;;;x
ATTACKTHEM_3;$PROV$.;$PROV$.;;;;;;;;;;;;x
ATTACKTHEM_4;We are attacking forces of $DEFENDER$ and attempting to dislodge their defences. We have engaged with;Nous sommes les forces d'attaque de $DEFENDER$ et nous tentons de d¡×lacer leurs d¡×enses. Nous avons engag¡×le combat contre;;;;;;;;;;;;x
ATTACKTHEM_5;*;*;;;;;;;;;;;;x
ATTACKTHEM_6;*;*;;;;;;;;;;;;x
ATTACKTHEM_BTN1;OK;OK;;;;;;;;;;;;x
ATTACKTHEM_BTN2;OK;OK;;;;;;;;;;;;x
ATTACKTHEM_BTN3;Go To;ALLER ¡×;;;;;;;;;;;x
ATTACKTHEM_HEADER;Our Chief of Staff reports that;Notre ¡×at-major rapporte que;;;;;;;;;;;;x
ATTACKTHEM_LOG;We have attacked the enemy in $PROV$.;Nous avons attaqu¡×l'ennemi dans la province $PROV$.;;;;;;;;;;;;x
ATTACKTHEM_MAP;Attack Commenced;*;;;;;;;;;;;;x
ATTACKTHEM_SETUP;When one of our land units attacks the enemy;Si l'une de nos unit¡× terrestres attaque l'ennemi.;;;;;;;;;;;;x
ATTACKTHEMREBEL_1;We have engaged the Enemy!;nous avons attaqu¡×l'ennemi !;;;;;;;;;;;;x
ATTACKTHEMREBEL_2;$MONARCHTITLE$, we have reports that battle has commenced in;$MONARCHTITLE$, nous vous informons que la bataille a commenc¡×dans la province de;;;;;;;;;;;;x
ATTACKTHEMREBEL_3;$PROV$.;$PROV$.;;;;;;;;;;;;x
ATTACKTHEMREBEL_4;We are attacking forces of $DEFENDER$ and attempting to dislodge their defences. We have engaged with;Nous sommes les forces d'attaque de $DEFENDER$ et nous tentons de d¡×oger leurs d¡×enses. Nous avons engag¡×le combat avec;;;;;;;;;;;;x
ATTACKTHEMREBEL_5;*;$ATTUNIT$\n;;;;;;;;;;;;x
ATTACKTHEMREBEL_6;*;*;;;;;;;;;;;;x
ATTACKTHEMREBEL_BTN1;OK;D'accord;;;;;;;;;;;;x
ATTACKTHEMREBEL_BTN2;OK;D'accord;;;;;;;;;;;;x
ATTACKTHEMREBEL_BTN3;Go To;Voir;;;;;;;;;;;;x
ATTACKTHEMREBEL_HEADER;Our Chief of Staff reports that;Notre chef d'¡×at-major rapporte que;;;;;;;;;;;;x
ATTACKTHEMREBEL_LOG;We have attacked the enemy in $PROV$.;Nous avons attaqu¡×l'ennemi dans la province de $PROV$.;;;;;;;;;;;;x
ATTACKTHEMREBEL_MAP;Attack Commenced;*;;;;;;;;;;;;x
ATTACKTHEMREBEL_SETUP;When one of our land units attacks the rebellion.;Quand une de nos unit¡× terrestres attaque la r¡×ellion;;;;;;;;;;;;x
ATTACKUS_1;Our forces are under attack!;nos forces sont attaqu¡×s !;;;;;;;;;;;;x
ATTACKUS_2;$MONARCHTITLE$, we have been attacked in;$MONARCHTITLE$, nous avons ¡×¡×attaqu¡× dans la province;;;;;;;;;;;;x
ATTACKUS_3;$PROV$.;$PROV$.;;;;;;;;;;;;x
ATTACKUS_4;Hostile forces from $ATTACKER$ have engaged us with;Les forces ennemies de $ATTACKER$ ont engag¡×le combat avec nous et;;;;;;;;;;;;x
ATTACKUS_5;*;*;;;;;;;;;;;;x
ATTACKUS_6;*;*;;;;;;;;;;;;x
ATTACKUS_BTN1;OK;OK;;;;;;;;;;;;x
ATTACKUS_BTN2;OK;OK;;;;;;;;;;;;x
ATTACKUS_BTN3;Go To;ALLER ¡×;;;;;;;;;;;x
ATTACKUS_HEADER;Our Chief of Staff reports that;Notre ¡×at-major rapporte que;;;;;;;;;;;;x
ATTACKUS_LOG;We have been attacked in $PROV$.;Nous avons ¡×¡×attaqu¡× dans la province $PROV$.;;;;;;;;;;;;x
ATTACKUS_MAP;Under attack!;*;;;;;;;;;;;;x
ATTACKUS_SETUP;When one of our land units is attacked by the enemy;Si l'une de nos unit¡× terrestres est attaqu¡× par l'ennemi.;;;;;;;;;;;;x
ATTACKUSREBEL_1;Our forces are under attack!;Nos forces sont attaqu¡×s !;;;;;;;;;;;;x
ATTACKUSREBEL_2;$MONARCHTITLE$, we have been attacked in;$MONARCHTITLE$, nous avons ¡×¡×attaqu¡× dans la province de;;;;;;;;;;;;x
ATTACKUSREBEL_3;$PROV$.;$PROV$.;;;;;;;;;;;;x
ATTACKUSREBEL_4;Hostile forces from $ATTACKER$ have engaged us with;Les forces ennemies de $ATTACKER$ ont engag¡×le combat contre nous.;;;;;;;;;;;;x
ATTACKUSREBEL_5;*;*;;;;;;;;;;;;x
ATTACKUSREBEL_6;*;*;;;;;;;;;;;;x
ATTACKUSREBEL_BTN1;OK;D'accord;;;;;;;;;;;;x
ATTACKUSREBEL_BTN2;OK;D'accord;;;;;;;;;;;;x
ATTACKUSREBEL_BTN3;Go To;Voir;;;;;;;;;;;;x
ATTACKUSREBEL_HEADER;Our Chief of Staff reports that;Notre chef d'¡×at-major rapporte que;;;;;;;;;;;;x
ATTACKUSREBEL_LOG;We have been attacked in $PROV$.;Nous avons ¡×¡×attaqu¡× dans la province de $PROV$.;;;;;;;;;;;;x
ATTACKUSREBEL_MAP;Under attack!;Nous sommes attaqu¡×!;;;;;;;;;;;;x
ATTACKUSREBEL_SETUP;When one of our land units is attacked by the Rebels;Quand une de nos unit¡× terrestres subit une attaque des rebelles;;;;;;;;;;;;x
ATTR_BASE;Base Value;Valeur de base;;;;;;;;;;;;x
ATTR_HOME_WATERS;0%-Home Waters;0%—en eaux territoriales;;;;;;;;;;;;x
ATTR_LEADER;Leader Manoeuvre;Manœuvre du chef;;;;;;;;;;;;x
ATTR_OPEN_SEA;Open Sea;Haute mer;;;;;;;;;;;;x
ATTR_SAFE_RANGE;A Fleet in range of supply ships, and near a coast will not take any attrition.;Une flotte ¡×port¡× de navires ravitailleurs et ¡×proximit¡×d'une c¡×e, ne subit aucune attrition.;;;;;;;;;;;;x
ATTR_SHIP_AT_PORT;0%-At Port;0%—Au port;;;;;;;;;;;;x
ATTR_TIME_AT_SEA;Time at Sea;Temps en mer;;;;;;;;;;;;x
ATTRITION;Attrition;Attrition;;;;;;;;;;;;x
ATTRITION_MAX;Maximum of §Y$VALUE$§W percent in this location.;Un maximum de ¡×$VALUE$¡× pour cent ¡×cet endroit.;;;;;;;;;;;;x
ATTRITION_WEIGHT;This unit use §Y$VALUE$§W supply points.;Le poids de l'unit¡×est de ¡×$VALUE$¡×;;;;;;;;;;;;x
ATWAR;The country is at war;Le pays est en guerre;;;;;;;;;;;;x
ATWARWITH;At war with $LIST$.;En guerre contre $LIST$.;;;;;;;;;;;;x
ATWARWITHUS;They are at war with us.;Ils sont en guerre avec nous.;;;;;;;;;;;;x
August;August;Ao¡×;;;;;;;;;;;;x
AUTOMATE_TRADE_CHECK;Automate the trade for this goods type;Automatiser le commerce pour ce type de biens.;;;;;;;;;;;;x
AVAILABLE_COLONIAL_POWER;Available: §Y$VALUE$§W;;;;;;;;;;;;;x
AVAILABLE_EXPORTS;On Export Markets: $VAL$;Sur les march¡× exportateurs : $VAL$;;;;;;;;;;;;x
AVAILABLE_IN_BANK;Savings in bank: §Y$VAL$§W¤;;;;;;;;;;;x
average_literacy;Literacy;Alphab¡×isation;;;;;;;;;;;;x
AVG_MIL_ON_MAP;Average Militancy: §Y$VALUE$§W;Militantisme moyen : ¡×$VALUE$¡×;;;;;;;;;;;;x
AVG_STATE_BONUS;Average in state:;Moyenne dans l'État :;;;;;;;;;;;;x
AVG_STATE_BONUS_NOTHING;No infrastructure built;Aucune infrastructure construite;;;;;;;;;;;;x
AVG_STATE_BONUS2;Average infrastructure in state;Infrastructure moyenne de l'État;;;;;;;;;;;;x
BA_IDEOLOGY;Ideology;Id¡×logie;;;;;;;;;;;;x
BA_WORK_FORCE;Work Force;Main-d'œuvre;;;;;;;;;;;;x
BACK;BACK;RETOUR;;;;;;;;;;;;x
BACK_CRISIS_DI;Offer of backing a country in a crisis;;;;;;;;;;;;;x
BACK_CRISIS_OFFER;$ACTOR$ ask us to back their side in the current crisis.;;;;;;;;;;;;;x
BACK_CRISIS_OTHER_ACCEPT_1;$MONARCHTITLE$;$MONARCHTITLE$;;;;;;;;;;;;x
BACK_CRISIS_OTHER_ACCEPT_2;Trouble is brewing;;;;;;;;;;;;;x
BACK_CRISIS_OTHER_ACCEPT_3;It seems that $RECIPIENT$;;;;;;;;;;;;;x
BACK_CRISIS_OTHER_ACCEPT_4;has decided to back $ACTOR$ in the current crisis;;;;;;;;;;;;;x
BACK_CRISIS_OTHER_ACCEPT_5;*;*;;;;;;;;;;;;x
BACK_CRISIS_OTHER_ACCEPT_6;*;*;;;;;;;;;;;;x
BACK_CRISIS_OTHER_ACCEPT_BTN1;OK;D'accord;;;;;;;;;;;;x
BACK_CRISIS_OTHER_ACCEPT_BTN2;OK;D'accord;;;;;;;;;;;;x
BACK_CRISIS_OTHER_ACCEPT_BTN3;Go to;Voir;;;;;;;;;;;;x
BACK_CRISIS_OTHER_ACCEPT_HEADER;The Foreign Minister reports;Le ministre des Affaires ¡×rang¡×es indique :;;;;;;;;;;;;x
BACK_CRISIS_OTHER_ACCEPT_LOG;$RECIPIENT$ joined in the current crisis.;;;;;;;;;;;;;x
BACK_CRISIS_OTHER_ACCEPT_SETUP;When someone backs the other side of a crisis;;;;;;;;;;;;;x
BACK_CRISIS_OTHER_DECLINE_1;$MONARCHTITLE$;$MONARCHTITLE$;;;;;;;;;;;;x
BACK_CRISIS_OTHER_DECLINE_2;Things don't seem to be escalating yet.;;;;;;;;;;;;;x
BACK_CRISIS_OTHER_DECLINE_3;It seems that $RECIPIENT$;;;;;;;;;;;;;x
BACK_CRISIS_OTHER_DECLINE_4;has declined to back $ACTOR$ in the current crisis;;;;;;;;;;;;;x
BACK_CRISIS_OTHER_DECLINE_5;*;*;;;;;;;;;;;;x
BACK_CRISIS_OTHER_DECLINE_6;*;*;;;;;;;;;;;;x
BACK_CRISIS_OTHER_DECLINE_BTN1;OK;D'accord;;;;;;;;;;;;x
BACK_CRISIS_OTHER_DECLINE_BTN2;OK;D'accord;;;;;;;;;;;;x
BACK_CRISIS_OTHER_DECLINE_BTN3;Go to;Voir;;;;;;;;;;;;x
BACK_CRISIS_OTHER_DECLINE_HEADER;The Foreign Minister reports;Le ministre des Affaires ¡×rang¡×es indique :;;;;;;;;;;;;x
BACK_CRISIS_OTHER_DECLINE_LOG;$RECIPIENT$ declined to back $ACTOR$ in the current crisis.;;;;;;;;;;;;;x
BACK_CRISIS_OTHER_DECLINE_SETUP;When someone declines the side of a crisis;;;;;;;;;;;;;x
BACK_CRISIS_THEY_ACCEPT_1;$MONARCHTITLE$;$MONARCHTITLE$;;;;;;;;;;;;x
BACK_CRISIS_THEY_ACCEPT_2;$RECIPIENT$ has decided to back us in the current crisis.;;;;;;;;;;;;;x
BACK_CRISIS_THEY_ACCEPT_3;*;*;;;;;;;;;;;;x
BACK_CRISIS_THEY_ACCEPT_4;*;*;;;;;;;;;;;;x
BACK_CRISIS_THEY_ACCEPT_5;*;*;;;;;;;;;;;;x
BACK_CRISIS_THEY_ACCEPT_6;*;*;;;;;;;;;;;;x
BACK_CRISIS_THEY_ACCEPT_BTN1;OK;D'accord;;;;;;;;;;;;x
BACK_CRISIS_THEY_ACCEPT_BTN2;OK;D'accord;;;;;;;;;;;;x
BACK_CRISIS_THEY_ACCEPT_BTN3;Go to;Voir;;;;;;;;;;;;x
BACK_CRISIS_THEY_ACCEPT_HEADER;The Foreign Minister reports;Le ministre des Affaires ¡×rang¡×es indique :;;;;;;;;;;;;x
BACK_CRISIS_THEY_ACCEPT_LOG;$RECIPIENT$ backed us in the current crisis.;;;;;;;;;;;;;x
BACK_CRISIS_THEY_ACCEPT_SETUP;When someone accepts backing our side in a crisis;;;;;;;;;;;;;x
BACK_CRISIS_THEY_DECLINE_1;$MONARCHTITLE$;$MONARCHTITLE$;;;;;;;;;;;;x
BACK_CRISIS_THEY_DECLINE_2;$RECIPIENT$ declined to back us in the current crisis.;;;;;;;;;;;;;x
BACK_CRISIS_THEY_DECLINE_3;*;*;;;;;;;;;;;;x
BACK_CRISIS_THEY_DECLINE_4;*;*;;;;;;;;;;;;x
BACK_CRISIS_THEY_DECLINE_5;*;*;;;;;;;;;;;;x
BACK_CRISIS_THEY_DECLINE_6;*;*;;;;;;;;;;;;x
BACK_CRISIS_THEY_DECLINE_BTN1;OK;D'accord;;;;;;;;;;;;x
BACK_CRISIS_THEY_DECLINE_BTN2;OK;D'accord;;;;;;;;;;;;x
BACK_CRISIS_THEY_DECLINE_BTN3;Go to;Voir;;;;;;;;;;;;x
BACK_CRISIS_THEY_DECLINE_HEADER;The Foreign Minister reports;Le ministre des Affaires ¡×rang¡×es indique :;;;;;;;;;;;;x
BACK_CRISIS_THEY_DECLINE_LOG;$RECIPIENT$ declined to back $ACTOR$ in the current crisis.;;;;;;;;;;;;;x
BACK_CRISIS_THEY_DECLINE_SETUP;When someone declines backing our side in a crisis;;;;;;;;;;;;;x
BACK_CRISIS_WE_ACCEPT_1;$MONARCHTITLE$;$MONARCHTITLE$;;;;;;;;;;;;x
BACK_CRISIS_WE_ACCEPT_2;We have decided to back $ACTOR$ in the current crisis.;;;;;;;;;;;;;x
BACK_CRISIS_WE_ACCEPT_3;*;*;;;;;;;;;;;;x
BACK_CRISIS_WE_ACCEPT_4;*;*;;;;;;;;;;;;x
BACK_CRISIS_WE_ACCEPT_5;*;*;;;;;;;;;;;;x
BACK_CRISIS_WE_ACCEPT_6;*;*;;;;;;;;;;;;x
BACK_CRISIS_WE_ACCEPT_BTN1;OK;D'accord;;;;;;;;;;;;x
BACK_CRISIS_WE_ACCEPT_BTN2;OK;D'accord;;;;;;;;;;;;x
BACK_CRISIS_WE_ACCEPT_BTN3;Go to;Voir;;;;;;;;;;;;x
BACK_CRISIS_WE_ACCEPT_HEADER;The Foreign Minister reports;Le ministre des Affaires ¡×rang¡×es indique :;;;;;;;;;;;;x
BACK_CRISIS_WE_ACCEPT_LOG;We backed a side in the current crisis;;;;;;;;;;;;;x
BACK_CRISIS_WE_ACCEPT_SETUP;When we accept backing a side of a crisis;;;;;;;;;;;;;x
BACK_CRISIS_WE_DECLINE_1;$MONARCHTITLE$;$MONARCHTITLE$;;;;;;;;;;;;x
BACK_CRISIS_WE_DECLINE_2;We have declined to back $ACTOR$ in the current crisis;;;;;;;;;;;;;x
BACK_CRISIS_WE_DECLINE_3;*;*;;;;;;;;;;;;x
BACK_CRISIS_WE_DECLINE_4;*;*;;;;;;;;;;;;x
BACK_CRISIS_WE_DECLINE_5;*;*;;;;;;;;;;;;x
BACK_CRISIS_WE_DECLINE_6;*;*;;;;;;;;;;;;x
BACK_CRISIS_WE_DECLINE_BTN1;OK;D'accord;;;;;;;;;;;;x
BACK_CRISIS_WE_DECLINE_BTN2;OK;D'accord;;;;;;;;;;;;x
BACK_CRISIS_WE_DECLINE_BTN3;Go to;Voir;;;;;;;;;;;;x
BACK_CRISIS_WE_DECLINE_HEADER;The Foreign Minister reports;Le ministre des Affaires ¡×rang¡×es indique :;;;;;;;;;;;;x
BACK_CRISIS_WE_DECLINE_LOG;We declined to join the current crisis;;;;;;;;;;;;;x
BACK_CRISIS_WE_DECLINE_SETUP;When we decline backing a side of a crisis;;;;;;;;;;;;;x
BACK_CRISISTITLE;Back country in crisis;;;;;;;;;;;;;x
BACK_TO_MAIN;Return to main interface.;Revenir ¡×l'interface principale;;;;;;;;;;;;x
BACKERS_LABEL;Backers:;;;;;;;;;;;;;x
BAD_SAVE;Error: Bad save.;Erreur : mauvaise sauvegarde;;;;;;;;;;;;x
BAD_VERSION;The host has another version of the game!;L'h¡×e poss¡×e une autre version du jeu !;;;;;;;;;;;;x
badboy;Infamy;Infamie;;;;;;;;;;;;x
BADBOY_DRO_1;Monthly Infamy Change:\n;Infamie—Évolution mensuelle :\n;;;;;;;;;;;;x
BADBOY_EFFECT;$DIRECTION$ $VALUE$ infamy.\n;$DIRECTION$ $VALUE$ en infamie.\n;;;;;;;;;;;;x
BANEMBASSY_BUTTON;Ban Embassy;Fermer l’ambassade;;;;;;;;;;;;x
BANEMBASSY_DESC;This removes all influence from a Great Power in this country and prevents them from doing any diplomatic actions there for §Y$DAYS$§W days. Also removes Discredit effect.;Cela emp¡×he toute grande puissance d'exercer son influence dans ce pays et d'y entreprendre des actions diplomatiques pendant ¡×$DAYS$¡× jours. Annule ¡×alement l'effet de la fonction Discr¡×iter.;;;;;;;;;;;;x
BANEMBASSY_DI;Banning of Embassy;Fermeture d'ambassade;;;;;;;;;;;;x
BANEMBASSY_OTHER_ACCEPT_1;§Y$RECIPIENT$§W;¡×$RECIPIENT$¡×;;;;;;;;;;;;x
BANEMBASSY_OTHER_ACCEPT_2;$MONARCHTITLE$, we heard that §Y$ACTOR$§W;$MONARCHTITLE$, il para¡× que ¡×$ACTOR$¡×;;;;;;;;;;;;x
BANEMBASSY_OTHER_ACCEPT_3;managed to ban the ambassadors of §Y$TARGET$§W;a r¡×ssi ¡×expulser les ambassadeurs de ¡×$TARGET$¡×;;;;;;;;;;;;x
BANEMBASSY_OTHER_ACCEPT_4;in §Y$RECIPIENT$§W.;¡×¡×$RECIPIENT$¡×.;;;;;;;;;;;;x
BANEMBASSY_OTHER_ACCEPT_5;It seems that §Y$RECIPIENT$§W just does whatever;Il semble que ¡×$RECIPIENT$¡× fasse les quatre volont¡× de;;;;;;;;;;;;x
BANEMBASSY_OTHER_ACCEPT_6;§Y$ACTOR$§W wants them to do.;¡×$ACTOR$¡×.;;;;;;;;;;;;x
BANEMBASSY_OTHER_ACCEPT_BTN1;OK;OK;;;;;;;;;;;;x
BANEMBASSY_OTHER_ACCEPT_BTN2;OK;OK;;;;;;;;;;;;x
BANEMBASSY_OTHER_ACCEPT_BTN3;Go To;Aller ¡×;;;;;;;;;;;x
BANEMBASSY_OTHER_ACCEPT_HEADER;The Foreign Minister reports;Le ministre des Affaires ¡×rang¡×es indique :;;;;;;;;;;;;x
BANEMBASSY_OTHER_ACCEPT_LOG;$ACTOR$ convinced $RECIPIENT$ to ban the ambassadors from $TARGET$.;$ACTOR$ a convaincu $RECIPIENT$ d'expulser les ambassadeurs de $TARGET$.;;;;;;;;;;;;x
BANEMBASSY_OTHER_ACCEPT_SETUP;When a nation bans the embassy of another nation;Si une nation interdit l'ambassade d'une autre;;;;;;;;;;;;x
BANEMBASSY_THEY_ACCEPT_1;§Y$RECIPIENT$§W;¡×$RECIPIENT$¡×;;;;;;;;;;;;x
BANEMBASSY_THEY_ACCEPT_2;$MONARCHTITLE$, we managed to;$MONARCHTITLE$, nous avons r¡×ssi ¡×;;;;;;;;;;;x
BANEMBASSY_THEY_ACCEPT_3;ban the ambassadors of §Y$TARGET$§W in §Y$RECIPIENT$§W.;expulser les ambassadeurs de ¡×$TARGET$¡× ¡×¡×$RECIPIENT$¡×.;;;;;;;;;;;;x
BANEMBASSY_THEY_ACCEPT_4;We won't be seeing them there again anytime soon!;Nous ne sommes pas pr¡× de les revoir !;;;;;;;;;;;;x
BANEMBASSY_THEY_ACCEPT_5;*;*;;;;;;;;;;;;x
BANEMBASSY_THEY_ACCEPT_6;*;*;;;;;;;;;;;;x
BANEMBASSY_THEY_ACCEPT_BTN1;OK;OK;;;;;;;;;;;;x
BANEMBASSY_THEY_ACCEPT_BTN2;OK;OK;;;;;;;;;;;;x
BANEMBASSY_THEY_ACCEPT_BTN3;Go To;Aller ¡×;;;;;;;;;;;x
BANEMBASSY_THEY_ACCEPT_HEADER;The Foreign Minister reports;Le ministre des Affaires ¡×rang¡×es indique :;;;;;;;;;;;;x
BANEMBASSY_THEY_ACCEPT_LOG;We convinced $RECIPIENT$ to ban the ambassadors of $TARGET$.;Nous avons convaincu $RECIPIENT$ d'expulser les ambassadeurs de $TARGET$.;;;;;;;;;;;;x
BANEMBASSY_THEY_ACCEPT_SETUP;When we ban the embassy of a nation;Si nous interdisons l'ambassade d'une nation;;;;;;;;;;;;x
BANEMBASSY_WE_ACCEPT_1;§Y$ACTOR$§W;¡×$ACTOR$¡×;;;;;;;;;;;;x
BANEMBASSY_WE_ACCEPT_2;$MONARCHTITLE$, §Y$ACTOR$§W convinced us to;$MONARCHTITLE$, ¡×$ACTOR$¡× nous a convaincus;;;;;;;;;;;;x
BANEMBASSY_WE_ACCEPT_3;ban the ambassadors of §Y$TARGET$§W.;d'expulser les ambassadeurs de ¡×$TARGET$¡×.;;;;;;;;;;;;x
BANEMBASSY_WE_ACCEPT_4;It's about time we got rid of their influence!;Il ¡×ait temps de nous d¡×ager de leur influence !;;;;;;;;;;;;x
BANEMBASSY_WE_ACCEPT_5;*;*;;;;;;;;;;;;x
BANEMBASSY_WE_ACCEPT_6;*;*;;;;;;;;;;;;x
BANEMBASSY_WE_ACCEPT_BTN1;OK;OK;;;;;;;;;;;;x
BANEMBASSY_WE_ACCEPT_BTN2;OK;OK;;;;;;;;;;;;x
BANEMBASSY_WE_ACCEPT_BTN3;Go To;Aller ¡×;;;;;;;;;;;x
BANEMBASSY_WE_ACCEPT_HEADER;The Foreign Minister reports;Le ministre des Affaires ¡×rang¡×es indique :;;;;;;;;;;;;x
BANEMBASSY_WE_ACCEPT_LOG;We were convinced by $ACTOR$ to ban the ambassadors from $TARGET$.;$ACTOR$ nous a convaincus d'expulser les ambassadeurs de $TARGET$.;;;;;;;;;;;;x
BANEMBASSY_WE_ACCEPT_SETUP;When a nation bans the embassy of another nation in our country;Si une nation interdit l'ambassade d'une autre dans notre pays;;;;;;;;;;;;x
BANEMBASSYTITLE;Ban Great Power's embassy;Fermer l'ambassade d'une GP;;;;;;;;;;;;x
BANK_OF;Bank of $COUNTRY$;Banque de $COUNTRY$;;;;;;;;;;;;x
BANKRUPTCY_1;A sad state of affairs!;Faillite !;;;;;;;;;;;;x
BANKRUPTCY_2;We have been forced to declare bankruptcy.;Nous avons ¡×¡×r¡×uits ¡×la faillite.;;;;;;;;;;;;x
BANKRUPTCY_3;All our loans have been cleared,;Tous nos emprunts ont ¡×¡×sold¡×,;;;;;;;;;;;;x
BANKRUPTCY_4;but this has caused great concern among our population;mais notre population est inqui¡×e;;;;;;;;;;;;x
BANKRUPTCY_5;and we have lost much prestige in the eyes of the world.;et nous avons perdu une bonne partie de notre prestige aux yeux du reste du monde.;;;;;;;;;;;;x
BANKRUPTCY_6;In the future banks will be more hesitant to loan us money.;¡×l'avenir, les banques h¡×iteront ¡×nous pr¡×er de l'argent.;;;;;;;;;;;;x
BANKRUPTCY_BTN1;This is not good;Mauvaise chose;;;;;;;;;;;;x
BANKRUPTCY_HEADER;$MESSENGER$;$MESSENGER$;;;;;;;;;;;;x
BANKRUPTCY_LOG;We went bankrupt.;Nous avons fait faillite.;;;;;;;;;;;;x
BANKRUPTCY_SETUP;When we have a bankruptcy;Si nous faisons faillite;;;;;;;;;;;;x
BANNED;You have been banned from this game;Vous avez ¡×¡×exclu de cette partie.;;;;;;;;;;;;x
BASE;Base:;Base :;;;;;;;;;;;;x
BASE_CHANCE;Base chance: $CHANCE$%;Chance de base : $CHANCE$%;;;;;;;;;;;;x
BASE_RGO_SIZE;Base Workforce:;Main-d'œuvre de base :;;;;;;;;;;;;x
BASE_TARIFF_EFFICIENCY;Base efficiency: §Y$PERC$%§W;Efficacit¡×de base : ¡×$PERC$%¡×;;;;;;;;;;;;x
BASE_VALUE;Base Value;Valeur de base;;;;;;;;;;;;x
base_values;Base Value;Valeur de base;;;;;;;;;;;;x
BATTLE_OF;Battle of;Bataille de;;;;;;;;;;;;x
Battles;Battles;Batailles;;;;;;;;;;;;x
BATTLES_SCORE;Battles:;Batailles :;;;;;;;;;;;;x
BE_ANNEXED;Annexed;Annex¡×;;;;;;;;;;;;x
BE_ARMY;Brigades:;R¡×iments :;;;;;;;;;;;;x
BE_FACTORIES;Factories:;Usines :;;;;;;;;;;;;x
BE_GOV;Government:;Gouvernement :;;;;;;;;;;;;x
BE_GREAT_POWER;Great Power;Grande Puissance;;;;;;;;;;;;x
BE_IN_SPHERE_OF;In sphere of $COUNTRY$;Dans la sph¡×e de $COUNTRY$;;;;;;;;;;;;x
BE_INDEPENDENT_NATION;Independent Nation;Nation ind¡×endante;;;;;;;;;;;;x
BE_INDUSTRY;Industry Score;Score industriel;;;;;;;;;;;;x
BE_INVENT;Inventions:;Inventions;;;;;;;;;;;;x
BE_LITERACY;Literacy:;Alphab¡×isation :;;;;;;;;;;;;x
BE_MILITARY;Military Score;Score militaire;;;;;;;;;;;;x
BE_NAVY;Warships:;Navires de guerre :;;;;;;;;;;;;x
BE_PARTY;Ruling party:;Parti dirigeant :;;;;;;;;;;;;x
BE_POPULATION;Population:;Population :;;;;;;;;;;;;x
BE_PRESTIGE;Prestige;Prestige;;;;;;;;;;;;x
BE_PROVINCES;Provinces:;Provinces :;;;;;;;;;;;;x
BE_SECOND_RANK;Secondary Power;Puissance secondaire;;;;;;;;;;;;x
BE_TECH;Technologies:;Technologies;;;;;;;;;;;;x
BECOME;become;devenir;;;;;;;;;;;;x
BEFORE_START;Before the game's timeframe.;Avant la p¡×iode trait¡× par le jeu.;Vor Spielbeginn;;;;;;;;;;;x
BG_COUNTRY;COUNTRY:;PAYS :;;;;;;;;;;;;x
BLOCKADE_PENALTY_MORE_THAN;The percentage of blockaded ports is greater than: ;Le pourcentage de ports sous blocus est sup¡×ieur ¡×:;;;;;;;;;;;;x
BLOCKADE_SCORE;Blockade:;Blocus :;;;;;;;;;;;;x
BLOCKADE_SCORE_ATTACKER;Attacker blockades: ;;;;;;;;;;;;;x
BLOCKADE_SCORE_DEFENDER;Defender blockades: ;;;;;;;;;;;;;x
BLOCKADED_PEACE;Blockaded;Sous blocus;;;;;;;;;;;;x
BP_DELETE_CURRENT_PLAN_PROMPT;Are you sure that you want to delete the current battle plan?;;;;;;;;;;;;;x
BP_DELETE_SAVED_PLAN_PROMPT;Are you sure that you want to delete the saved battle plan?;;;;;;;;;;;;;x
BP_NEW_PLAN;New Plan;;;;;;;;;;;;;x
BP_OPEN_TOOLTIP;Open/Close the battle plan editor.;;;;;;;;;;;;;x
BP_SAVE_PLAN_CANCEL;Cancel;;;;;;;;;;;;;x
BP_SAVE_PLAN_CONFIRM;Save Plan;;;;;;;;;;;;;x
BP_SAVE_PLAN_PROMPT;Battle Plan already exists!\nDo you want to overwrite?;;;;;;;;;;;;;x
BP_SHARED_WITH;Shared with:;;;;;;;;;;;;;x
BP_TAB_CURRENT;Current Plans;;;;;;;;;;;;;x
BP_TAB_HISTORICAL;Historical Plans;;;;;;;;;;;;;x
BP_TOGGLE_TOOLTIP;Show/Hide the current battle plans.;;;;;;;;;;;;;x
BP_TOOL_ARROW_MEDIUM_1;Medium Arrow 1;;;;;;;;;;;;;x
BP_TOOL_ARROW_MEDIUM_1_DASHED;Medium Dashed Arrow 1;;;;;;;;;;;;;x
BP_TOOL_ARROW_MEDIUM_2;Medium Arrow 2;;;;;;;;;;;;;x
BP_TOOL_ARROW_MEDIUM_2_DASHED;Medium Dashed Arrow 2;;;;;;;;;;;;;x
BP_TOOL_ARROW_MEDIUM_3;Medium Arrow 3;;;;;;;;;;;;;x
BP_TOOL_ARROW_MEDIUM_3_DASHED;Medium Dashed Arrow 3;;;;;;;;;;;;;x
BP_TOOL_ARROW_SLIM;Slim Arrow;;;;;;;;;;;;;x
BP_TOOL_ARROW_SLIM_DASHED;Slim Dashed Arrow;;;;;;;;;;;;;x
BP_TOOL_ARROW_THICK;Thick Arrow;;;;;;;;;;;;;x
BP_TOOL_ARROW_THICK_DASHED;Thick Dashed Arrow;;;;;;;;;;;;;x
BP_TOOL_BORDER_1;Border type 1;;;;;;;;;;;;;x
BP_TOOL_BORDER_2;Border type 2;;;;;;;;;;;;;x
BP_TOOL_BORDER_3;Border type 3;;;;;;;;;;;;;x
BP_TOOL_BORDER_4;Border type 4;;;;;;;;;;;;;x
BP_TOOL_BORDER_5;Border type 5;;;;;;;;;;;;;x
BP_TOOL_COLOR_BEIGE;Beige;;;;;;;;;;;;;x
BP_TOOL_COLOR_BLACK;Black;;;;;;;;;;;;;x
BP_TOOL_COLOR_BLUE;Blue;;;;;;;;;;;;;x
BP_TOOL_COLOR_BROWN;Brown;;;;;;;;;;;;;x
BP_TOOL_COLOR_DARKGREEN;Dark Green;;;;;;;;;;;;;x
BP_TOOL_COLOR_DARKRED;Dark Red;;;;;;;;;;;;;x
BP_TOOL_COLOR_DARKYELLOW;Dark Yellow;;;;;;;;;;;;;x
BP_TOOL_COLOR_GREEN;Green;;;;;;;;;;;;;x
BP_TOOL_COLOR_GREY;Grey;;;;;;;;;;;;;x
BP_TOOL_COLOR_LIGHTBLUE;Light Blue;;;;;;;;;;;;;x
BP_TOOL_COLOR_LIGHTBROWN;Light Brown;;;;;;;;;;;;;x
BP_TOOL_COLOR_LIGHTGREEN;Light Green;;;;;;;;;;;;;x
BP_TOOL_COLOR_ORANGE;Orange;;;;;;;;;;;;;x
BP_TOOL_COLOR_ORANGEYELLOW;Yellow (Persia);;;;;;;;;;;;;x
BP_TOOL_COLOR_PINK;Pink;;;;;;;;;;;;;x
BP_TOOL_COLOR_PRUSSIANBLUE;Blue (Prussia);;;;;;;;;;;;;x
BP_TOOL_COLOR_PURPLE;Purple;;;;;;;;;;;;;x
BP_TOOL_COLOR_RED;Red;;;;;;;;;;;;;x
BP_TOOL_COLOR_TEXASBLUE;Blue (Texas);;;;;;;;;;;;;x
BP_TOOL_COLOR_WHITE;White;;;;;;;;;;;;;x
BP_TOOL_COLOR_YELLOW;Yellow;;;;;;;;;;;;;x
BP_TOOL_ICON_AIRPLANE;Airplane icon;;;;;;;;;;;;;x
BP_TOOL_ICON_ARTILLERY;Artillery icon;;;;;;;;;;;;;x
BP_TOOL_ICON_BOMB_1;Small bomb icon;;;;;;;;;;;;;x
BP_TOOL_ICON_BOMB_2;Large bomb icon;;;;;;;;;;;;;x
BP_TOOL_ICON_CAVALRY;Cavalry icon;;;;;;;;;;;;;x
BP_TOOL_ICON_COLONY;Colony icon;;;;;;;;;;;;;x
BP_TOOL_ICON_COMBAT;Battle icon;;;;;;;;;;;;;x
BP_TOOL_ICON_INDUSTRY;Industry icon;;;;;;;;;;;;;x
BP_TOOL_ICON_INFANTRY;Infantry icon;;;;;;;;;;;;;x
BP_TOOL_ICON_INVASION;Invasion icon;;;;;;;;;;;;;x
BP_TOOL_ICON_IRONCLAD;Ironclad icon;;;;;;;;;;;;;x
BP_TOOL_ICON_NAVAL;Naval base icon;;;;;;;;;;;;;x
BP_TOOL_ICON_TANK;Tank icon;;;;;;;;;;;;;x
BP_TOOL_ICON_WARGOAL_1;Wargoal icon;;;;;;;;;;;;;x
BP_TOOL_ICON_WARGOAL_2;Wargoal icon;;;;;;;;;;;;;x
BP_TOOL_ICON_WOODEN_SHIP;Ship icon;;;;;;;;;;;;;x
BP_TOOLTIP_IMPORT_PLAN;Add selected plan to your current plans.;;;;;;;;;;;;;x
BP_TOOLTIP_NEW_PLAN;Create new plan.;;;;;;;;;;;;;x
BP_TOOLTIP_REMOVE_PLAN;Delete currently selected plan.;;;;;;;;;;;;;x
BP_TOOLTIP_RENAME_PLAN;Rename currently selected plan.;;;;;;;;;;;;;x
BP_TOOLTIP_SAVE_PLAN;Save currently selected plan to file.;;;;;;;;;;;;;x
BP_TOOLTIP_SHARE_PLAN;Toggle §Ysharing§W currently selected plan with your §Gally members§W.;;;;;;;;;;;;;x
BP_TOOLTIP_TAB_CURRENT;List of current battle plans.;;;;;;;;;;;;;x
BP_TOOLTIP_TAB_HISTORICAL;List of historical battle plans.\nClick §YImport§W to add the selected one to your current plans.;;;;;;;;;;;;;x
BP_TOOLTIP_TAB_SAVED;List of your saved battle plans.\nClick §YImport§W to add the selected one to your current plans.;;;;;;;;;;;;;x
BP_TOOLTIP_TOOL_ARROW;Choose arrow type, and draw it on the map with §YLMB§W.\nHold §YShift§W + §YLMB§W to snap your arrow to another one.;;;;;;;;;;;;;x
BP_TOOLTIP_TOOL_BORDER;Choose border type, and draw it on the map with §YLMB§W.;;;;;;;;;;;;;x
BP_TOOLTIP_TOOL_COLOR;Choose current color to draw arrows and icons.\nAlso applies the color to any currently selected arrow or icon.;;;;;;;;;;;;;x
BP_TOOLTIP_TOOL_ERASE;Delete selected object.;;;;;;;;;;;;;x
BP_TOOLTIP_TOOL_ICON;Choose icon type, and draw it on the map with §YLMB§W.\nHold §YShift§W + §YMouse Wheel§W to rotate an icon.;;;;;;;;;;;;;x
BP_TOOLTIP_TOOL_SELECT;Click on object to select it.;;;;;;;;;;;;;x
BP_TOOLTIP_TOOL_TEXT;Place a text sign on the map.\nIf nothing selected-creates a new text.\nIf an arrow is selected-draws the text on the arrow.\nIf text sign selected-edits the text.\n§YShift§W + §YMouse Wheel§W to rotate the text.\n§YCtrl§W + §YMouse Wheel§W to scale the text.;;;;;;;;;;;;;x
BP_TOOLTIP_VISIBILITY;Toggle plan visibility on the map.;;;;;;;;;;;;;x
BREAKALLIANCENEWDESC;Do you wish to cancel the Alliance with $COUNTRY$? This will upset them.;Voulez-vous annuler l'alliance avec $COUNTRY$ ¡× Cela va les contrarier.;;;;;;;;;;;;x
BREAKCOUNTRY_1;$FACTION$ Win!;$FACTION$ l'emportent !;;;;;;;;;;;;x
BREAKCOUNTRY_2;$MONARCHTITLE$, the $FACTION$ have enforced their demands!;$MONARCHTITLE$, $FACTION$ ont impos¡×leurs revendications !;;;;;;;;;;;;x
BREAKCOUNTRY_3;*;*;;;;;;;;;;;;x
BREAKCOUNTRY_4;$EFFECTS$;$EFFECTS$;;;;;;;;;;;;x
BREAKCOUNTRY_5;$EFFECTS$;*;;;;;;;;;;;;x
BREAKCOUNTRY_6;*;*;;;;;;;;;;;;x
BREAKCOUNTRY_BTN1;Horror!;Horreur !;;;;;;;;;;;;x
BREAKCOUNTRY_BTN2;Horror!;Horreur !;;;;;;;;;;;;x
BREAKCOUNTRY_BTN3;Go To;Voir;;;;;;;;;;;;x
BREAKCOUNTRY_HEADER;Report from $CAPITAL$;Rapport en provenance de $CAPITAL$;;;;;;;;;;;;x
BREAKCOUNTRY_LOG;$FACTION$ enforce their demands!;$FACTION$ imposent leurs revendications !;;;;;;;;;;;;x
BREAKCOUNTRY_MAP;*;*;;;;;;;;;;;;x
BREAKCOUNTRY_SETUP;When a rebel faction enforces its demands in our nation;Si une faction rebelle impose ses revendications ¡×notre nation;;;;;;;;;;;;x
BREAKCOUNTRYOTHER_1;$OTHER$;$OTHER$;;;;;;;;;;;;x
BREAKCOUNTRYOTHER_2;$FACTION$ have enforced their demands in;$FACTION$ ont impos¡×leurs revendications en;;;;;;;;;;;;x
BREAKCOUNTRYOTHER_3;$OTHER$;$OTHER$;;;;;;;;;;;;x
BREAKCOUNTRYOTHER_4;$EFFECTS$;$EFFECTS$;;;;;;;;;;;;x
BREAKCOUNTRYOTHER_5;$EFFECTS$;*;;;;;;;;;;;;x
BREAKCOUNTRYOTHER_6;*;*;;;;;;;;;;;;x
BREAKCOUNTRYOTHER_BTN1;OK;D'accord;;;;;;;;;;;;x
BREAKCOUNTRYOTHER_BTN2;OK;D'accord;;;;;;;;;;;;x
BREAKCOUNTRYOTHER_BTN3;Go To;Voir;;;;;;;;;;;;x
BREAKCOUNTRYOTHER_HEADER;Ambassador from;Ambassadeur de;;;;;;;;;;;;x
BREAKCOUNTRYOTHER_LOG;$FACTION$ enforce their demands in $OTHER$!;$FACTION$ imposent ses revendications en $OTHER$ !;;;;;;;;;;;;x
BREAKCOUNTRYOTHER_MAP;*;*;;;;;;;;;;;;x
BREAKCOUNTRYOTHER_SETUP;When a rebel faction enforces its demands in another nation;Si une faction rebelle impose ses revendications ¡×une autre nation;;;;;;;;;;;;x
BREAKNAPNEWDESC;Do you wish to cancel the Non-Aggression Pact we have with $COUNTRY$?;Souhaitez-vous annuler le pacte de non-agression que nous avons sign¡×avec $COUNTRY$ ¡×;;;;;;;;;;;;x
BRIGADES_COMPARE_GREATER;Brigades comparison factor of two countries is at least §Y$VAL$§W;Le facteur de comparaison des brigades des deux pays est d'au moins ¡×$VAL$¡×;;;;;;;;;;;;x
BRIGADES_COMPARE_SMALLER;Brigades comparison factor of two countries is less than §Y$VAL$§W;Le facteur de comparaison des brigades des deux pays est inf¡×ieur ¡×¡×$VAL$¡×;;;;;;;;;;;;x
BUDGET;Budget;Budget;;;;;;;;;;;;x
BUDGET_ADMIN_DESC;;;;;;;;;;;;;;x
BUDGET_ADMIN_EFFICIENCY;Administrative efficiency: §Y$PERC$%§W;Efficacit¡×administrative : ¡×$PERC$%¡×;;;;;;;;;;;;x
BUDGET_ADMIN_EFFICIENCY_DESC;§Y$PERC$%§W of our population are §Ybureaucrats§W.\nFor maximum administrative efficiency, we need at least §Y$MAX$%§W bureaucrats.§W\n;¡×$PERC$%¡× de notre population est compos¡× de ¡×bureaucrates¡×.\nPour une efficacit¡×administrative optimale, il nous faut au moins ¡×$MAX$%¡× de ¡×bureaucrates.¡×\n;;;;;;;;;;;;x
BUDGET_ADMIN_EFFICIENCY_DESC2;Our §Ycountry administrative efficiency§W determines the effectiveness of social reforms and tariffs. Our total spending also increases the ability to fight organized crime.;;;;;;;;;;;;;x
BUDGET_ADMIN_EFFICIENCY2;Country administrative efficiency: §Y$PERC$%§W;Efficacit¡×administrative du pays : ¡×$PERC$%¡×;;;;;;;;;;;;x
BUDGET_AMOUNT;Amount;Montant;;;;;;;;;;;;x
BUDGET_AVG_TAX_EFFECT;Average effective tax: §Y$VALUE$%§W;Efficacit¡×fiscale moyenne : ¡×$VALUE$%¡×;;;;;;;;;;;;x
BUDGET_AVG_TAX_EFFICIENCY;Average State Administrative Efficiency: §Y$VALUE$%§W;Efficacit¡×administrative moyenne de l'État : ¡×$VALUE$%¡×;;;;;;;;;;;;x
BUDGET_BALANCE_DESC;;;;;;;;;;;;;;x
BUDGET_BANK_BIGGEST_INVESTORS;Biggest investors:\n;Les plus importants investisseurs :\n;;;;;;;;;;;;x
BUDGET_BASE_TAX;Base tax efficiency: §Y$VAL$§W%;Efficacit¡×fiscale de base : ¡×$VAL$¡×%;;;;;;;;;;;;x
BUDGET_CANT_LOAN;No money available to you for loaning;Vous n'avez pas les moyens de pr¡×er de l'argent.;;;;;;;;;;;;x
BUDGET_CANT_LOAN_DESC;Banks will only loan you money if you have been meeting your interest payments and are not hostile. Foreign banks will currently never loan you more than $MAXLOAN$¤ of their total available funds for security reasons.;Les banques vous pr¡×eront de l’argent si vous avez pay¡×vos int¡×¡×s et si vous ne leur ¡×es pas hostile. Pour des raisons de s¡×urit¡× les banques ¡×rang¡×es en vous pr¡×eront jamais plus de $MAXLOAN$ de leurs fonds disponibles.;;;;;;;;;;;;x
BUDGET_CLOSE_WINDOW;Closes budget window;Ferme la fen¡×re du budget;;;;;;;;;;;;x
BUDGET_CONSUMED_MILITARY;Estimated cost of last day's Military goods consumption:;Co¡× estim¡×de la consommation d'¡×uipements militaires du jour pr¡×¡×ent :;;;;;;;;;;;;x
BUDGET_CONSUMED_OVERSEAS;Overseas Maintenance expenses are calculated with the National Stockpile and can't be lowered.\nEstimated cost of last day's overseas goods consumption:;;;;;;;;;;;;;x
BUDGET_COUNTRY;Country;Pays;;;;;;;;;;;;x
BUDGET_DAILY_BALANCE;Projected Daily Balance;Bilan quotidien pr¡×u;;;;;;;;;;;;x
BUDGET_DAILY_EXPENSES;Daily Expenses;D¡×enses quotidiennes;;;;;;;;;;;;x
BUDGET_DAILY_INCOME;Daily Income;Revenus quotidiens;;;;;;;;;;;;x
BUDGET_DEBT_DESC;;;;;;;;;;;;;;x
BUDGET_DIPL_DESC;Costs or profits incurred through diplomacy or peace deals as a result of paid or received reparations.;;;;;;;;;;;;;x
BUDGET_EDUCATION_DESC;;;;;;;;;;;;;;x
BUDGET_EXPENSE_SLIDER_EDUCATION;Education: §Y$VAL$§W;Éducation : ¡×$VAL$¡×;;;;;;;;;;;;x
BUDGET_EXPORTS;National Stockpile Sales: §Y$VAL$§W;Ventes des r¡×erves nationales : ¡×$VAL$¤§W;;;;;;;;;;;;x
BUDGET_GOLD;Precious Goods: §Y$VAL$§W;;;;;;;;;;;;;x
BUDGET_GOLD_DESC;;;;;;;;;;;;;;x
BUDGET_GOLD_INCOME_DESC;Income from precious goods.;;;;;;;;;;;;;x
BUDGET_IMPORTS;National Stockpile Purchases: §Y$VAL$§W;Achats des r¡×erves nationales : ¡×$VAL$¤§W;;;;;;;;;;;;x
BUDGET_IND_SUP_DESC;;;;;;;;;;;;;;x
BUDGET_INDUSTRIAL_SUBSIDIES;Industrial Subsidies;Subventions industrielles;;;;;;;;;;;;x
BUDGET_INTEREST;Interest: §Y$VAL$§W;Int¡×¡×s : ¡×$VAL$¡×;;;;;;;;;;;;x
BUDGET_INTEREST_DESC;;;;;;;;;;;;;;x
BUDGET_INTERNALLY_SOLD_STOCKPILE;Stockpile sold to construction projects: §Y$VAL$§W;Stock vendu pour les projets de construction : ¡×$VAL$¡×;;;;;;;;;;;;x
BUDGET_LOAN_CANT_REPAY;We have no money to pay back loans with;Nous n'avons pas les moyens de rembourser nos emprunts.;;;;;;;;;;;;x
BUDGET_LOANS_GIVEN;Loans Given;Emprunts accord¡×;;;;;;;;;;;;x
BUDGET_LOANS_TAKEN;Loans Taken;Emprunts souscrits;;;;;;;;;;;;x
BUDGET_MIL_COST_DESC;;;;;;;;;;;;;;x
BUDGET_MIL_SPEND_DESC;;;;;;;;;;;;;;x
BUDGET_MILITARY_COST;Military Costs;Co¡×s militaires;;;;;;;;;;;;x
BUDGET_NAT_STOCK_DESC;;;;;;;;;;;;;;x
BUDGET_NATIONAL_BANK_DESC;;;;;;;;;;;;;;x
BUDGET_NATIONAL_STOCKPILE;National Stockpile;R¡×erves nationales;;;;;;;;;;;;x
BUDGET_NO_LOANS_TO_REPAY;We have no loans to pay back;Nous n'avons plus d'emprunts ¡×rembourser;;;;;;;;;;;;x
BUDGET_OVERSEAS;Overseas maintenance;Maintenance outre-mer;;;;;;;;;;;;x
BUDGET_OVERSEAS_PROVINCES;Number of overseas provinces: §Y$VALUE$§W;Nombre de provinces d'outre-mer : ¡×$VALUE$¡×;;;;;;;;;;;;x
BUDGET_REPAY_LOAN;Repay Loan;Rembourser l'emprunt;;;;;;;;;;;;x
BUDGET_SLIDER_ADMINISTRATION;Administration: §Y$VAL$§W;Administration : ¡×$VAL$¡×;;;;;;;;;;;;x
BUDGET_SLIDER_MILITARY_SPENDING;Military Spending: §Y$VAL$§W;D¡×enses militaires : ¡×$VAL$¡×;;;;;;;;;;;;x
BUDGET_SLIDER_SOCIAL_SPENDING;Social Spending: §Y$VAL$§W;D¡×enses sociales : ¡×$VAL$¡×;;;;;;;;;;;;x
BUDGET_SOCIAL_SPEND_DESC;;;;;;;;;;;;;;x
BUDGET_STOCKPILE_YESTERDAYS;Yesterday's purchases for stockpile:;Achats d'hier pour les r¡×erves :;;;;;;;;;;;;x
BUDGET_STRATA_NEED;§Y$VAL$§W% are getting their $TYPE$;¡×$VAL$¡× % re¡×ivent leur(s) $TYPE$;;;;;;;;;;;;x
BUDGET_STRATA_NO_NEED;§Y$VAL$§W% are starving.;¡×$VAL$¡× % n'ont aucun de leurs besoins satisfaits.;;;;;;;;;;;;x
BUDGET_SUPPLYCOSTS;Supply Costs: §Y$VAL$§W;Frais d'approvisionnement : ¡×$VAL$¡×;;;;;;;;;;;;x
BUDGET_TAKE_LOAN;Take Loan;Souscrire un emprunt;;;;;;;;;;;;x
BUDGET_TARIFF_DESC;;;;;;;;;;;;;;x
BUDGET_TARIFFS;Tariffs;Droits de douane;;;;;;;;;;;;x
BUDGET_TARIFFS_MODIFIED;Effective tariffs: §Y$PERC$%§W;Droits de douane effectifs : ¡×$PERC$%¡×;;;;;;;;;;;;x
BUDGET_TAX;§$VAL$§;¡×$VAL$¡×;;;;;;;;;;;;x
BUDGET_TAX_EFFECT;Effective tax: §Y$VALUE$%§W;Imposition effective : ¡×$VALUE$%¡×;;;;;;;;;;;;x
BUDGET_TAX_EFFICIENCY;Tax Efficiency: §Y$VALUE$%§W;Efficacit¡×fiscale : ¡×$VALUE$%¡×;;;;;;;;;;;;x
BUDGET_TAX_MIDDLE;Taxes (Middle Class);;;;;;;;;;;;;x
BUDGET_TAX_MIDDLE_DESC;;;;;;;;;;;;;;x
BUDGET_TAX_POOR;Taxes (Lower Class);;;;;;;;;;;;;x
BUDGET_TAX_POOR_DESC;;;;;;;;;;;;;;x
BUDGET_TAX_RICH;Taxes (Upper Class);;;;;;;;;;;;;x
BUDGET_TAX_RICH_DESC;;;;;;;;;;;;;;x
BUDGET_TECH_TAX;From technology: §Y$VAL$§W%;¡×partir de la technologie : ¡×$VAL$¡×%;;;;;;;;;;;;x
BUDGET_TOTAL_DEBT;Total Debt;Dette totale;;;;;;;;;;;;x
BUDGET_TOTAL_EXPENSE;Total Expense: §Y$VAL$§W;D¡×enses totales : ¡×$VAL$¡×;;;;;;;;;;;;x
BUDGET_TOTAL_FUNDS;Total Funds;Fonds totaux;;;;;;;;;;;;x
BUDGET_TOTAL_FUNDS_DESC;;;;;;;;;;;;;;x
BUDGET_TOTAL_INCOME;Total Income: §Y$VAL$§W;Revenus totaux : ¡×$VAL$¡×;;;;;;;;;;;;x
BUDGET_VIEW_CRIME_FIGHT;Crime Fighting Effect:;Effet de lutte contre le crime :;;;;;;;;;;;;x
BUDGET_WARINDEMNITIES;Reparations: §Y$VAL$§W;R¡×arations : ¡×$VAL$¡×;;;;;;;;;;;;x
BUILD_CIVILIZED;Civilized;Civilis¡×;;;;;;;;;;;x
BUILD_COLONIAL;Non-colonial state;État non colonial;;;;;;;;;;;;x
BUILD_CONST_TIP;A §Y$BUILDING$§W will be finished here in §Y$DATE$§W.;La construction du b¡×iment ¡×$BUILDING$¡× sera achev¡× ici le ¡×$DATE$¡×.;Hier wird am ¡×$DATE$¡× ein ¡×$BUILDING$¡× fertiggestellt.;;;;;;;;;;;x
BUILD_COST;Build Cost;Co¡× de construction;;;;;;;;;;;;x
BUILD_ESTIMATED_COST;Estimated cost of goods not in stockpile: §R$COST$§W¤;;;;;;;;;;;x
BUILD_TIME;Build Time;Dur¡× de construction;;;;;;;;;;;;x
BUILDING_ANOTHER;Another building construction is in progress;La construction d'un autre b¡×iment est en cours;;;;;;;;;;;;x
BUILDING_AT_MAX;Level $CURR$/$MAX$;Niveau $CURR$/$MAX$;;;;;;;;;;;;x
BUILDING_AT_MAX_TERRAIN;Level $CURR$/$MAX$ (§R$TERRAINMOD$§W $TERRAIN$);Niveau $CURR$/$MAX$ (¡×$TERRAINMOD$¡× $TERRAIN$);;;;;;;;;;;;x
BUILDING_BLOCKED_BY;Blocked by $OTHER$;Blocage par : $OTHER$;;;;;;;;;;;;x
BUILDING_CONSTRUCTION_TOOLTIP;Currently building §Y$NAME$§W, which will be finished earliest §Y$DATE$§W.;¡×$NAME$¡× actuellement en construction. Les travaux seront termin¡× au plus t¡× : ¡×$DATE$¡×.;;;;;;;;;;;;x
BUILDING_DONE_1;$NAME$;$NAME$;;;;;;;;;;;;x
BUILDING_DONE_2;$PROV$;dans la province;;;;;;;;;;;;x
BUILDING_DONE_3;$PROV$;$PROV$.;;;;;;;;;;;;x
BUILDING_DONE_4;is completed.;est achev¡×.;;;;;;;;;;;;x
BUILDING_DONE_5;*;*;;;;;;;;;;;;x
BUILDING_DONE_6;*;*;;;;;;;;;;;;x
BUILDING_DONE_BTN1;OK;OK;;;;;;;;;;;;x
BUILDING_DONE_BTN2;OK;OK;;;;;;;;;;;;x
BUILDING_DONE_BTN3;GOTO;ALLER ¡×;;;;;;;;;;;x
BUILDING_DONE_HEADER;Building is complete.;Construction termin¡×.;;;;;;;;;;;;x
BUILDING_DONE_LOG;$NAME$ has been built in $PROV$.;$NAME$ a ¡×¡×construit dans la province : $PROV$.;;;;;;;;;;;;x
BUILDING_DONE_MAP;$NAME$ has been built in $PROV$.;$NAME$ a ¡×¡×construit dans la province : $PROV$.;;;;;;;;;;;;x
BUILDING_DONE_SETUP;When a building is finished.;Si la construction est termin¡×.;;;;;;;;;;;;x
BUILDING_IN_PROGRESS;Estimated to finish §Y$DATE$§W;Fin pr¡×ue pour le ¡×$DATE$¡×;;;;;;;;;;;;x
BUILDING_INFRASTRUCTURE;Infrastructure: §Y$VALUE$§W;Infrastructure : ¡×$VALUE$¡×;;;;;;;;;;;;x
BUILDING_MUST_HAVE;Must have $OTHER$;Requis : $OTHER$;;;;;;;;;;;;x
BUILDING_NO_RAILWAYS;Economic policy allows building;La politique ¡×onomique permet de b¡×ir;;;;;;;;;;;;x
BUILDING_NO_TECH;Discovered §Y$TECH$§W;D¡×ouverte : ¡×$TECH$¡×;;;;;;;;;;;;x
BUILDING_ONE_PER_STATE;Only one per state;;;;;;;;;;;;;x
BUILDING_PORT_PROVINCE;Port province;Province portuaire;;;;;;;;;;;;x
BUILDING_YEAR;Built in §Y$DATE$§W.;Construit en ¡×$DATE$¡×.;Gebaut bis ¡×$DATE$¡×.;;;;;;;;;;;x
BUILDTYPE_FACTORY;Factory;Usine;;;;;;;;;;;;x
BUILDTYPE_FORT;Fort;Fort;;;;;;;;;;;;x
BUILDTYPE_INFRASTRUCTURE;Infrastructure;Infrastructures ferroviaires;;;;;;;;;;;;x
BUILDTYPE_NAVALBASE;Naval Base;Base navale;;;;;;;;;;;;x
BUILDTYPE_RGO;RGO;EAM;;;;;;;;;;;;x
BUY;BUY;ACHETER;;;;;;;;;;;;x
BUY_FROM_STOCKPILE_DESC;Allow pops/factories to buy from country stockpile.\n\n§YNOTE: §RNEVER§W use this button while you are still buying or selling manually. §RONLY§W use it with automatic trade §GON§W for §RALL§W goods.§W §RFailing to do so will cause economy crashes both locally and globally. Use it at your own risk.§W;;;;;;;;;;;;;x
BUYLICENCE_MPCOST;We lack the $COST$ necessary manpower;Il nous manque les $COST$ de main d'œuvre n¡×essaires;;;;;;;;;;;;x
BUYLICENCEDESC;Request to build a number of units developed by another country.;Demandez ¡×construire un certain nombre d'unit¡× d¡×elopp¡×s par un autre pays.;;;;;;;;;;;;x
BUYLICENCENEWDESC;Do you wish to request a production licence for §Y$RUNS$§W parallel production runs of §Y$NUM$§W §Y$TYPE$§W?\nWe will agree to pay §Y$PAY$§W.;Souhaitez-vous demander une licence de production pour ¡×$RUNS$¡× s¡×ies de production parall¡×e de ¡×$NUM$¡× ¡×$TYPE$¡× ¡×\nNous sommes pr¡×s ¡×payer ¡×$PAY$¡×.;;;;;;;;;;;;x
BUYLICENCENONE;Select a unit to build on licence.;Choisissez une unit¡×¡×construire sous licence.;;;;;;;;;;;;x
BUYLICENCETITLE;Buy Production Licence;Acheter licence de production;;;;;;;;;;;;x
CALC_PATHS;Calculating paths...\nThis may take several minutes.;Calcul des chemins…\nCela peut prendre plusieurs minutes.;;;;;;;;;;;;x
CALCULATED_WARSCORE;Peace offer value: $VAL$;;;;;;;;;;;;;x
CALL_MUST_BE_ALLIES;We must be allied with country to call them into a war.;Nous devons ¡×re alli¡× avec un pays pour l'appeler ¡×entrer en guerre.;;;;;;;;;;;;x
CALL_MUST_BE_AT_WAR;We must be at war to call our allies.;Nous devons ¡×re en guerre pour faire appel ¡×nos alli¡×.;;;;;;;;;;;;x
CALL_MUST_HAVE_JOINABLE_WAR;There is no suitable war for our allies to join.;Il n'y a aucune guerre ¡×laquelle nos alli¡× peuvent participer.;;;;;;;;;;;;x
CALLALLY_BUTTON;Call Ally;Faire appel ¡×un alli¡×;;;;;;;;;;;x
CALLALLY_DESC;Call on our partner to aid us in our conflicts.\n$VERSUS$;Faisons appel ¡×notre alli¡×pour qu'il nous aide dans nos conflits.\n$VERSUS$;;;;;;;;;;;;x
CALLALLY_DI;Call Ally;Appel ¡×un alli¡×;;;;;;;;;;;x
CALLALLY_OFFER;The nation of $ACTOR$, your faithful ally, is requesting that you come to their aid in the $LIST$.;La nation de $ACTOR$, votre fid¡×e alli¡× demande ¡×ce que vous lui veniez en aide dans le conflit $LIST$.;;;;;;;;;;;;x
CALLALLY_OTHER_ACCEPT_1;§Y$RECIPIENT$§W;¡×$RECIPIENT$¡×;;;;;;;;;;;;x
CALLALLY_OTHER_ACCEPT_2;$MONARCHTITLE$, §Y$RECIPIENT$§W have honoured their;$MONARCHTITLE$, ¡×$RECIPIENT$¡× a honor¡×son;;;;;;;;;;;;x
CALLALLY_OTHER_ACCEPT_3;Military Alliance with;alliance militaire avec;;;;;;;;;;;;x
CALLALLY_OTHER_ACCEPT_4;§Y$ACTOR$§W;¡×$ACTOR$¡×.;;;;;;;;;;;;x
CALLALLY_OTHER_ACCEPT_5;They are now part of the;Ils participent d¡×ormais au conflit;;;;;;;;;;;;x
CALLALLY_OTHER_ACCEPT_6;$VERSUS$;$VERSUS$;;;;;;;;;;;;x
CALLALLY_OTHER_ACCEPT_BTN1;OK;D'accord;;;;;;;;;;;;x
CALLALLY_OTHER_ACCEPT_BTN2;OK;D'accord;;;;;;;;;;;;x
CALLALLY_OTHER_ACCEPT_BTN3;Go To;Voir;;;;;;;;;;;;x
CALLALLY_OTHER_ACCEPT_HEADER;The Foreign Minister reports;Le ministre des Affaires ¡×rang¡×es indique :;;;;;;;;;;;;x
CALLALLY_OTHER_ACCEPT_LOG;$RECIPIENT$ agreed to aid $ACTOR$ in their war.;$RECIPIENT$ a accept¡×d'aider $ACTOR$ dans sa guerre.;;;;;;;;;;;;x
CALLALLY_OTHER_ACCEPT_SETUP;When a nation accepts another nation's call to arms;Si une nation accepte l'appel aux armes d'une autre;;;;;;;;;;;;x
CALLALLY_OTHER_DECLINE_1;§Y$RECIPIENT$§W;¡×$RECIPIENT$¡×;;;;;;;;;;;;x
CALLALLY_OTHER_DECLINE_2;$MONARCHTITLE$, §Y$RECIPIENT$§W have dishonoured their;$MONARCHTITLE$, ¡×$RECIPIENT$¡× a d¡×honor¡×son;;;;;;;;;;;;x
CALLALLY_OTHER_DECLINE_3;MILITARY ALLIANCE;ALLIANCE MILITAIRE;;;;;;;;;;;;x
CALLALLY_OTHER_DECLINE_4;with;avec;;;;;;;;;;;;x
CALLALLY_OTHER_DECLINE_5;;¡×$ACTOR$¡×.;;;;;;;;;;;;x
CALLALLY_OTHER_DECLINE_6;Fools! The more divided they are the quicker they fall to our might.;Les imb¡×iles ! Plus ils seront divis¡×, plus vite ils seront ¡×notre merci.;;;;;;;;;;;;x
CALLALLY_OTHER_DECLINE_BTN1;§Y$RECIPIENT$§W refused to join §Y$ACTOR$§Ws war against $TARGETLIST$.;¡×$RECIPIENT$¡× a refus¡×de se joindre ¡×la guerre que ¡×$ACTOR$¡× m¡×e contre $TARGETLIST$.;;;;;;;;;;;;x
CALLALLY_OTHER_DECLINE_BTN2;OK;OK;;;;;;;;;;;;x
CALLALLY_OTHER_DECLINE_BTN3;Go To;Aller ¡×;;;;;;;;;;;x
CALLALLY_OTHER_DECLINE_HEADER;The Foreign Minister reports;Le ministre des Affaires ¡×rang¡×es indique :;;;;;;;;;;;;x
CALLALLY_OTHER_DECLINE_LOG;$RECIPIENT$ declined to aid $ACTOR$ in their war.;$RECIPIENT$ a refus¡×d'aider $ACTOR$ dans sa guerre.;;;;;;;;;;;;x
CALLALLY_OTHER_DECLINE_SETUP;When a nation declines another nation's call to arms;Si une nation d¡×line l'appel aux armes d'une autre;;;;;;;;;;;;x
CALLALLY_THEY_ACCEPT_1;§Y$RECIPIENT$§W;¡×$RECIPIENT$¡×;;;;;;;;;;;;x
CALLALLY_THEY_ACCEPT_2;$MONARCHTITLE$, we are not surprised to learn that;$MONARCHTITLE$, nous ne sommes pas surpris d'apprendre que;;;;;;;;;;;;x
CALLALLY_THEY_ACCEPT_3;§Y$RECIPIENT$§W;¡×$RECIPIENT$¡×;;;;;;;;;;;;x
CALLALLY_THEY_ACCEPT_4;has honoured our Military Alliance and joined our invincible armies in the;a honor¡×notre alliance militaire et rejoint nos invincibles arm¡×s lors de;;;;;;;;;;;;x
CALLALLY_THEY_ACCEPT_5;$VERSUS$;$VERSUS$;;;;;;;;;;;;x
CALLALLY_THEY_ACCEPT_6;*;*;;;;;;;;;;;;x
CALLALLY_THEY_ACCEPT_BTN1;Great!;Formidable !;;;;;;;;;;;;x
CALLALLY_THEY_ACCEPT_BTN2;Great!;Formidable !;;;;;;;;;;;;x
CALLALLY_THEY_ACCEPT_BTN3;Go To;Voir;;;;;;;;;;;;x
CALLALLY_THEY_ACCEPT_HEADER;The Foreign Minister reports;Le ministre des Affaires ¡×rang¡×es indique :;;;;;;;;;;;;x
CALLALLY_THEY_ACCEPT_LOG;$RECIPIENT$ has come to aid us in our war.;$RECIPIENT$ nous est venu en aide dans notre guerre.;;;;;;;;;;;;x
CALLALLY_THEY_ACCEPT_SETUP;When a nation accepts our call to arms;Si une nation accepte notre appel aux armes;;;;;;;;;;;;x
CALLALLY_THEY_DECLINE_1;§Y$RECIPIENT$§W;¡×$RECIPIENT$¡×;;;;;;;;;;;;x
CALLALLY_THEY_DECLINE_2;$MONARCHTITLE$;$MONARCHTITLE$;;;;;;;;;;;;x
CALLALLY_THEY_DECLINE_3;The traitorous §Y$RECIPIENT$§W;Ces tra¡×res de ¡×$RECIPIENT$¡×;;;;;;;;;;;;x
CALLALLY_THEY_DECLINE_4;have refused join us in our just and noble war.;ont refus¡×de se joindre ¡×notre noble et juste guerre.;;;;;;;;;;;;x
CALLALLY_THEY_DECLINE_5;We will deal with this stab in the back later.;Nous nous occuperons de cette trahison plus tard.;;;;;;;;;;;;x
CALLALLY_THEY_DECLINE_6;This is exactly the kind of dishonourable behaviour we shall take a long time to forget.;C'est une attitude que nous ne sommes pas pr¡× d'oublier.;;;;;;;;;;;;x
CALLALLY_THEY_DECLINE_BTN1;OK;OK;;;;;;;;;;;;x
CALLALLY_THEY_DECLINE_BTN2;OK;OK;;;;;;;;;;;;x
CALLALLY_THEY_DECLINE_BTN3;Go To;Aller ¡×;;;;;;;;;;;x
CALLALLY_THEY_DECLINE_HEADER;The Foreign Minister reports;Le ministre des Affaires ¡×rang¡×es indique :;;;;;;;;;;;;x
CALLALLY_THEY_DECLINE_LOG;$RECIPIENT$ declined to aid us in our war.;$RECIPIENT$ a refus¡×de nous aider dans notre guerre.;;;;;;;;;;;;x
CALLALLY_THEY_DECLINE_SETUP;When a nation declines our call to arms;Si une nation refuse notre appel aux armes;;;;;;;;;;;;x
CALLALLY_WE_ACCEPT_1;Military Alliance Honoured;Alliance militaire honor¡×;;;;;;;;;;;;x
CALLALLY_WE_ACCEPT_2;$MONARCHTITLE$, we have decided that;$MONARCHTITLE$, nous avons d¡×id¡×que;;;;;;;;;;;;x
CALLALLY_WE_ACCEPT_3;§Y$ACTOR$§W;¡×$ACTOR$¡×;;;;;;;;;;;;x
CALLALLY_WE_ACCEPT_4;is only just worthy of our support in the;¡×ait digne de notre soutien dans le conflit;;;;;;;;;;;;x
CALLALLY_WE_ACCEPT_5;$VERSUS$;$VERSUS$;;;;;;;;;;;;x
CALLALLY_WE_ACCEPT_6;*;*;;;;;;;;;;;;x
CALLALLY_WE_ACCEPT_BTN1;OK;D'accord;;;;;;;;;;;;x
CALLALLY_WE_ACCEPT_BTN2;OK;D'accord;;;;;;;;;;;;x
CALLALLY_WE_ACCEPT_BTN3;Go To;Voir;;;;;;;;;;;;x
CALLALLY_WE_ACCEPT_HEADER;The Foreign Minister reports;Le ministre des Affaires ¡×rang¡×es indique :;;;;;;;;;;;;x
CALLALLY_WE_ACCEPT_LOG;We've agreed to aid $ACTOR$ in their war.;Nous avons accept¡×d'aider $ACTOR$ dans sa guerre.;;;;;;;;;;;;x
CALLALLY_WE_ACCEPT_SETUP;When we accept a nation's call to arms;Si nous acceptons l'appel aux armes d'une nation;;;;;;;;;;;;x
CALLALLY_WE_DECLINE_1;Military Alliance Dishonoured.;Alliance militaire d¡×honor¡×.;;;;;;;;;;;;x
CALLALLY_WE_DECLINE_2;$MONARCHTITLE$, we have decided that the war declared by;$MONARCHTITLE$, nous estimons que la guerre d¡×lar¡× par;;;;;;;;;;;;x
CALLALLY_WE_DECLINE_3;§Y$ACTOR$§W;¡×$ACTOR$¡×;;;;;;;;;;;;x
CALLALLY_WE_DECLINE_4;is not really in our interest at this time;est contraire ¡×nos int¡×¡×s actuels.;;;;;;;;;;;;x
CALLALLY_WE_DECLINE_5;*;*;;;;;;;;;;;;x
CALLALLY_WE_DECLINE_6;We have taken great delight in telling them that they are on their own for this war.;Ce fut un grand plaisir de leur signifier qu'il ne fallait pas compter sur nous pour cette guerre.;;;;;;;;;;;;x
CALLALLY_WE_DECLINE_BTN1;OK;OK;;;;;;;;;;;;x
CALLALLY_WE_DECLINE_BTN2;OK;OK;;;;;;;;;;;;x
CALLALLY_WE_DECLINE_BTN3;Go To;Aller ¡×;;;;;;;;;;;x
CALLALLY_WE_DECLINE_HEADER;The Foreign Minister reports;Le ministre des Affaires ¡×rang¡×es indique :;;;;;;;;;;;;x
CALLALLY_WE_DECLINE_LOG;We've declined to aid $ACTOR$ in their war.;Nous avons refus¡×d'aider $ACTOR$ dans sa guerre.;;;;;;;;;;;;x
CALLALLY_WE_DECLINE_SETUP;When we decline a nation's call to arms;Si nous refusons l'appel aux armes d'une nation;;;;;;;;;;;;x
CALLALLYTITLE;Call ally to War;Demander ¡×un alli¡×d'entrer en guerre;;;;;;;;;;;;x
CALLDESC;Call on your partner to aid you in this conflict.;Faites appel ¡×votre alli¡×pour vous aider dans ce conflit.;;;;;;;;;;;;x
CALLNEWDESC;Do you wish to call upon your Allies in these times of war?;Voulez-vous faire appel ¡×vos alli¡× en ces temps de guerre ¡×;;;;;;;;;;;;x
CALLREQDESC;The nation of $COUNTRY$, your faithful ally, is requesting that you come to their aid in the conflict against $LIST$.;La nation de $COUNTRY$, votre fid¡×e alli¡× demande que vous veniez ¡×son aide dans le conflit qui l'oppose ¡×$LIST$.;;;;;;;;;;;;x
CALLTITLE;A Call to Arms!;Appel aux armes !;;;;;;;;;;;;x
CAN_APPOINT_RULING_PARTY;Can appoint ruling party.;Peut nommer un parti dirigeant.;;;;;;;;;;;;x
CAN_BUILD_FACTORY;Can build factory.\n;;;;;;;;;;;;;x
can_create_vassal;Can Create Vassal;;;;;;;;;;;;;x
CAN_CREATE_VASSSAL;Can Create Vassal;;;;;;;;;;;;;x
can_create_vassals;Can Create Vassal;;;;;;;;;;;;;x
CAN_CREATE_VASSSALS;Can Create Vassal;;;;;;;;;;;;;x
CAN_INVEST_IN_RAILROADS;Allowed to invest in railroads;Autoriser ¡×investir dans les chemins de fer;;;;;;;;;;;;x
CAN_NATIONALIZE;Have foreign investors;Avoir des investisseurs ¡×rangers;;;;;;;;;;;;x
CAN_NOT_BUILD_FACTORY;Cannot build factory.\n;Ne peut pas construire d'usine.\n;;;;;;;;;;;;x
CANAL_ENABLED;§Y$NAME$§W exists!;¡×$NAME$¡× existe !;;;;;;;;;;;;x
CANAL_NOT_ENABLED;The §Y$NAME$§W has NOT been built.;¡×$NAME$¡× n'a PAS ¡×¡×construit.;;;;;;;;;;;;x
CANCEL;Cancel;Annuler;;;;;;;;;;;;x
CANCEL_UNIT_COMMAND_BUTTON;Give Back Units;;;;;;;;;;;;;x
CANCEL_UNIT_COMMAND_DESC;Give Back Units;;;;;;;;;;;;;x
CANCEL_UNIT_COMMAND_NOT_IN_CONTROL;You are not in command of this unit.;;;;;;;;;;;;;x
CANCEL_UNIT_COMMAND_OK;Give them back their units.;;;;;;;;;;;;;x
CANCEL_UNIT_COMMANDTITLE;Give Back Units;;;;;;;;;;;;;x
CANCEL_WARSUBSIDIES_BUTTON;Cancel War Subsidies;Annuler les indemnit¡× de guerre;;;;;;;;;;;;x
CANCEL_WARSUBSIDIES_DESC;Cancel monetary help to this country;Annuler l'aide financi¡×e ¡×ce pays;;;;;;;;;;;;x
CANCEL_WARSUBSIDIES_DI;Cancellation of War subsidies;Annulation des indemnit¡× de guerre;;;;;;;;;;;;x
CANCEL_WARSUBSIDIES_OTHER_ACCEPT_1;§Y$RECIPIENT$§W;¡×$RECIPIENT$¡×;;;;;;;;;;;;x
CANCEL_WARSUBSIDIES_OTHER_ACCEPT_2;$MONARCHTITLE$, we heard that;$MONARCHTITLE$, il para¡× que;;;;;;;;;;;;x
CANCEL_WARSUBSIDIES_OTHER_ACCEPT_3;§Y$ACTOR$§W stopped giving §Y$RECIPIENT$§W war subsidies.;¡×$ACTOR$¡× a cess¡×de verser des indemnit¡× de guerre ¡×¡×$RECIPIENT$¡×.;;;;;;;;;;;;x
CANCEL_WARSUBSIDIES_OTHER_ACCEPT_4;*;*;;;;;;;;;;;;x
CANCEL_WARSUBSIDIES_OTHER_ACCEPT_5;*;*;;;;;;;;;;;;x
CANCEL_WARSUBSIDIES_OTHER_ACCEPT_6;*;*;;;;;;;;;;;;x
CANCEL_WARSUBSIDIES_OTHER_ACCEPT_BTN1;OK;OK;;;;;;;;;;;;x
CANCEL_WARSUBSIDIES_OTHER_ACCEPT_BTN2;OK;OK;;;;;;;;;;;;x
CANCEL_WARSUBSIDIES_OTHER_ACCEPT_BTN3;Go To;Aller ¡×;;;;;;;;;;;x
CANCEL_WARSUBSIDIES_OTHER_ACCEPT_HEADER;The Foreign Minister reports;Le ministre des Affaires ¡×rang¡×es indique :;;;;;;;;;;;;x
CANCEL_WARSUBSIDIES_OTHER_ACCEPT_LOG;$ACTOR$ stopped giving war subsidies to $RECIPIENT$;$ACTOR$ a cess¡×de verser des indemnit¡× de guerre ¡×$RECIPIENT$.;;;;;;;;;;;;x
CANCEL_WARSUBSIDIES_OTHER_ACCEPT_SETUP;When a nation cancels their war subsidies to another nation;Si une nation annule les indemnit¡× de guerre qu'elle versait ¡×une autre;;;;;;;;;;;;x
CANCEL_WARSUBSIDIES_THEY_ACCEPT_1;§Y$RECIPIENT$§W;¡×$RECIPIENT$¡×;;;;;;;;;;;;x
CANCEL_WARSUBSIDIES_THEY_ACCEPT_2;$MONARCHTITLE$, we decided to stop giving;$MONARCHTITLE$, nous avons d¡×id¡×de cesser de verser;;;;;;;;;;;;x
CANCEL_WARSUBSIDIES_THEY_ACCEPT_3;§Y$RECIPIENT$§W war subsidies.;des indemnit¡× de guerre ¡×¡×$RECIPIENT$¡×.;;;;;;;;;;;;x
CANCEL_WARSUBSIDIES_THEY_ACCEPT_4;The money is better spent elsewhere.;Cet argent sera mieux utilis¡×ailleurs.;;;;;;;;;;;;x
CANCEL_WARSUBSIDIES_THEY_ACCEPT_5;*;*;;;;;;;;;;;;x
CANCEL_WARSUBSIDIES_THEY_ACCEPT_6;*;*;;;;;;;;;;;;x
CANCEL_WARSUBSIDIES_THEY_ACCEPT_BTN1;OK;OK;;;;;;;;;;;;x
CANCEL_WARSUBSIDIES_THEY_ACCEPT_BTN2;OK;OK;;;;;;;;;;;;x
CANCEL_WARSUBSIDIES_THEY_ACCEPT_BTN3;Go To;Aller ¡×;;;;;;;;;;;x
CANCEL_WARSUBSIDIES_THEY_ACCEPT_HEADER;The Foreign Minister reports;Le ministre des Affaires ¡×rang¡×es indique :;;;;;;;;;;;;x
CANCEL_WARSUBSIDIES_THEY_ACCEPT_LOG;We stopped giving war subsidies to $RECIPIENT$;Nous avons cess¡×de verser des indemnit¡× de guerre ¡×$RECIPIENT$.;;;;;;;;;;;;x
CANCEL_WARSUBSIDIES_THEY_ACCEPT_SETUP;When we cancel our war subsidies to a nation;Si nous annulons les indemnit¡× de guerre vers¡×s ¡×une nation;;;;;;;;;;;;x
CANCEL_WARSUBSIDIES_WE_ACCEPT_1;§Y$RECIPIENT$§W;¡×$RECIPIENT$¡×;;;;;;;;;;;;x
CANCEL_WARSUBSIDIES_WE_ACCEPT_2;$MONARCHTITLE$, we have stopped receiving;$MONARCHTITLE$, nous avons cess¡×de toucher;;;;;;;;;;;;x
CANCEL_WARSUBSIDIES_WE_ACCEPT_3;war subsidies from §Y$ACTOR$§W.;des indemnit¡× de guerre de ¡×$ACTOR$¡×.;;;;;;;;;;;;x
CANCEL_WARSUBSIDIES_WE_ACCEPT_4;We're on our own now.;D¡×ormais, nous sommes seuls.;;;;;;;;;;;;x
CANCEL_WARSUBSIDIES_WE_ACCEPT_5;*;*;;;;;;;;;;;;x
CANCEL_WARSUBSIDIES_WE_ACCEPT_6;*;*;;;;;;;;;;;;x
CANCEL_WARSUBSIDIES_WE_ACCEPT_BTN1;OK;OK;;;;;;;;;;;;x
CANCEL_WARSUBSIDIES_WE_ACCEPT_BTN2;OK;OK;;;;;;;;;;;;x
CANCEL_WARSUBSIDIES_WE_ACCEPT_BTN3;Go To;Aller ¡×;;;;;;;;;;;x
CANCEL_WARSUBSIDIES_WE_ACCEPT_HEADER;The Foreign Minister reports;Le ministre des Affaires ¡×rang¡×es indique :;;;;;;;;;;;;x
CANCEL_WARSUBSIDIES_WE_ACCEPT_LOG;$ACTOR$ stopped giving war subsidies to us;$ACTOR$ a cess¡×de nous verser des indemnit¡× de guerre.;;;;;;;;;;;;x
CANCEL_WARSUBSIDIES_WE_ACCEPT_SETUP;When a nation cancels their war subsidies to us;Si une nation annule les indemnit¡× de guerre qu'elle nous versait;;;;;;;;;;;;x
CANCEL_WARSUBSIDIESTITLE;Cancel War Subsidies;Annuler les indemnit¡× de guerre;;;;;;;;;;;;x
CANCELALIANCETITLE;Dissolve this Alliance;Dissoudre cette alliance;;;;;;;;;;;;x
CANCELALLIANCE_BUTTON;Dissolve Alliance;Dissoudre l'alliance;;;;;;;;;;;;x
CANCELALLIANCE_DESC;Ends our current Alliance with this country and will adversely affect relations.;Met un terme ¡×notre alliance avec ce pays, ce qui aura des cons¡×uences n¡×atives sur nos relations.;;;;;;;;;;;;x
CANCELALLIANCE_DI;Alliance Broken;Alliance rompue;;;;;;;;;;;;x
CANCELALLIANCE_OTHER_ACCEPT_1;§Y$ACTOR$§W;¡×$ACTOR$¡×;;;;;;;;;;;;x
CANCELALLIANCE_OTHER_ACCEPT_2;$MONARCHTITLE$, §Y$ACTOR$§W;$MONARCHTITLE$, ¡×$ACTOR$¡×;;;;;;;;;;;;x
CANCELALLIANCE_OTHER_ACCEPT_3;broke their Alliance with;a rompu son alliance avec;;;;;;;;;;;;x
CANCELALLIANCE_OTHER_ACCEPT_4;§Y$RECIPIENT$§W;¡×$RECIPIENT$¡×.;;;;;;;;;;;;x
CANCELALLIANCE_OTHER_ACCEPT_5;*;*;;;;;;;;;;;;x
CANCELALLIANCE_OTHER_ACCEPT_6;*;*;;;;;;;;;;;;x
CANCELALLIANCE_OTHER_ACCEPT_BTN1;OK;OK;;;;;;;;;;;;x
CANCELALLIANCE_OTHER_ACCEPT_BTN2;OK;OK;;;;;;;;;;;;x
CANCELALLIANCE_OTHER_ACCEPT_BTN3;Go To;Aller ¡×;;;;;;;;;;;x
CANCELALLIANCE_OTHER_ACCEPT_HEADER;The Foreign Minister reports;Le ministre des Affaires ¡×rang¡×es indique :;;;;;;;;;;;;x
CANCELALLIANCE_OTHER_ACCEPT_LOG;$ACTOR$ broke their Alliance with $RECIPIENT$.;$ACTOR$ a rompu son alliance avec $RECIPIENT$.;;;;;;;;;;;;x
CANCELALLIANCE_OTHER_ACCEPT_SETUP;When a nation cancels their alliance with another nation;Si une nation annule son alliance avec une autre;;;;;;;;;;;;x
CANCELALLIANCE_THEY_ACCEPT_1;Alliance partner is dismissed!;Membre de l'alliance exclu !;;;;;;;;;;;;x
CANCELALLIANCE_THEY_ACCEPT_2;$MONARCHTITLE$, we;$MONARCHTITLE$, nous;;;;;;;;;;;;x
CANCELALLIANCE_THEY_ACCEPT_3;broke our Alliance with;avons rompu notre alliance avec;;;;;;;;;;;;x
CANCELALLIANCE_THEY_ACCEPT_4;§Y$RECIPIENT$§W;¡×$RECIPIENT$¡×.;;;;;;;;;;;;x
CANCELALLIANCE_THEY_ACCEPT_5;*;*;;;;;;;;;;;;x
CANCELALLIANCE_THEY_ACCEPT_6;*;*;;;;;;;;;;;;x
CANCELALLIANCE_THEY_ACCEPT_BTN1;OK;OK;;;;;;;;;;;;x
CANCELALLIANCE_THEY_ACCEPT_BTN2;OK;D'accord;;;;;;;;;;;;x
CANCELALLIANCE_THEY_ACCEPT_BTN3;Go To;Voir;;;;;;;;;;;;x
CANCELALLIANCE_THEY_ACCEPT_HEADER;The Foreign Minister reports;Le ministre des Affaires ¡×rang¡×es indique :;;;;;;;;;;;;x
CANCELALLIANCE_THEY_ACCEPT_LOG;We have broken our Alliance with $RECIPIENT$.;Nous avons rompu notre alliance avec $RECIPIENT$.;;;;;;;;;;;;x
CANCELALLIANCE_THEY_ACCEPT_SETUP;When we cancel an alliance with another nation;Si nous annulons une alliance avec une autre nation.;;;;;;;;;;;;x
CANCELALLIANCE_WE_ACCEPT_1;§Y$ACTOR$§W;¡×$ACTOR$¡×;;;;;;;;;;;;x
CANCELALLIANCE_WE_ACCEPT_2;$MONARCHTITLE$, §Y$ACTOR$§W;$MONARCHTITLE$, ¡×$ACTOR$¡×;;;;;;;;;;;;x
CANCELALLIANCE_WE_ACCEPT_3;broke their Alliance with;a rompu son alliance avec;;;;;;;;;;;;x
CANCELALLIANCE_WE_ACCEPT_4;us;nous.;;;;;;;;;;;;x
CANCELALLIANCE_WE_ACCEPT_5;*;*;;;;;;;;;;;;x
CANCELALLIANCE_WE_ACCEPT_6;*;*;;;;;;;;;;;;x
CANCELALLIANCE_WE_ACCEPT_BTN1;OK;OK;;;;;;;;;;;;x
CANCELALLIANCE_WE_ACCEPT_BTN2;OK;OK;;;;;;;;;;;;x
CANCELALLIANCE_WE_ACCEPT_BTN3;Go To;Aller ¡×;;;;;;;;;;;x
CANCELALLIANCE_WE_ACCEPT_HEADER;The Foreign Minister reports;Le ministre des Affaires ¡×rang¡×es indique :;;;;;;;;;;;;x
CANCELALLIANCE_WE_ACCEPT_LOG;$ACTOR$ broke their Alliance with us.;$ACTOR$ a rompu son alliance avec nous.;;;;;;;;;;;;x
CANCELALLIANCE_WE_ACCEPT_SETUP;When a nation cancels their alliance with us;Si une nation annule son alliance avec nous;;;;;;;;;;;;x
CANCELALLIANCEDESC;Dissolving the current Alliance will, of course, end the current Alliance you have with this country, and will adversely affect relations.;Dissoudre cette alliance va, bien entendu, mettre un terme ¡×l'alliance que nous avons avec ce pays et affecter de mani¡×e n¡×ative nos relations avec lui.;;;;;;;;;;;;x
CANCELALLIANCETITLE;Cancel Alliance;Annuler l'alliance;;;;;;;;;;;;x
CANCELASKMILITARYACCESS_BUTTON;Cancel Military Access;Annuler l'acc¡× militaire;;;;;;;;;;;;x
CANCELASKMILITARYACCESS_DESC;Removes our Military Access to this country;Supprime notre acc¡× militaire ¡×ce pays.;;;;;;;;;;;;x
CANCELASKMILITARYACCESS_DI;Cancellation of Military Access;Annulation d'un acc¡× militaire;;;;;;;;;;;;x
CANCELASKMILITARYACCESS_OTHER_ACCEPT_1;§Y$ACTOR$§W;¡×$ACTOR$¡×;;;;;;;;;;;;x
CANCELASKMILITARYACCESS_OTHER_ACCEPT_2;$MONARCHTITLE$;$MONARCHTITLE$;;;;;;;;;;;;x
CANCELASKMILITARYACCESS_OTHER_ACCEPT_3;§Y$ACTOR$§W;¡×$ACTOR$¡×;;;;;;;;;;;;x
CANCELASKMILITARYACCESS_OTHER_ACCEPT_4;has cancelled the Military Access they have been given by;a annul¡×les droits de transit qui lui avaient ¡×¡×octroy¡× par;;;;;;;;;;;;x
CANCELASKMILITARYACCESS_OTHER_ACCEPT_5;§Y$RECIPIENT$§W;¡×$RECIPIENT$¡×.;;;;;;;;;;;;x
CANCELASKMILITARYACCESS_OTHER_ACCEPT_6;Looks like trouble is brewing. We could profit from this.;La situation se d¡×rade. Nous pourrions en tirer avantage.;;;;;;;;;;;;x
CANCELASKMILITARYACCESS_OTHER_ACCEPT_BTN1;OK;OK;;;;;;;;;;;;x
CANCELASKMILITARYACCESS_OTHER_ACCEPT_BTN2;OK;OK;;;;;;;;;;;;x
CANCELASKMILITARYACCESS_OTHER_ACCEPT_BTN3;Go To;Aller ¡×;;;;;;;;;;;x
CANCELASKMILITARYACCESS_OTHER_ACCEPT_HEADER;The Foreign Minister reports;Le ministre des Affaires ¡×rang¡×es indique :;;;;;;;;;;;;x
CANCELASKMILITARYACCESS_OTHER_ACCEPT_LOG;$ACTOR$ decided they no longer need Military Access through $RECIPIENT$;$ACTOR$ n'a plus besoin d'acc¡× militaire ¡×$RECIPIENT$.;;;;;;;;;;;;x
CANCELASKMILITARYACCESS_OTHER_ACCEPT_SETUP;When a nation cancels their military access rights to another nation;Si une nation annule ses droits d'acc¡× militaire ¡×une autre;;;;;;;;;;;;x
CANCELASKMILITARYACCESS_THEY_ACCEPT_1;§Y$ACTOR$§W;¡×$ACTOR$¡×;;;;;;;;;;;;x
CANCELASKMILITARYACCESS_THEY_ACCEPT_2;$MONARCHTITLE$, we have grown tired of the foul presence of the troops of;$MONARCHTITLE$, nous sommes las de la pr¡×ence des troupes de;;;;;;;;;;;;x
CANCELASKMILITARYACCESS_THEY_ACCEPT_3;§Y$RECIPIENT$§W;¡×$RECIPIENT$¡×;;;;;;;;;;;;x
CANCELASKMILITARYACCESS_THEY_ACCEPT_4;on our soil so we have cancelled the Military Access they were so generously given;sur notre territoire. C'est pourquoi nous avons annul¡×les droits de transit qui leur avaient ¡×¡×si g¡×¡×eusement octroy¡×.;;;;;;;;;;;;x
CANCELASKMILITARYACCESS_THEY_ACCEPT_5;*;*;;;;;;;;;;;;x
CANCELASKMILITARYACCESS_THEY_ACCEPT_6;The people of §Y$ACTOR$§W rejoice at the news.;¡×$ACTOR$¡× : le peuple se r¡×ouit de la nouvelle.;;;;;;;;;;;;x
CANCELASKMILITARYACCESS_THEY_ACCEPT_BTN1;OK;OK;;;;;;;;;;;;x
CANCELASKMILITARYACCESS_THEY_ACCEPT_BTN2;OK;OK;;;;;;;;;;;;x
CANCELASKMILITARYACCESS_THEY_ACCEPT_BTN3;Go To;Aller ¡×;;;;;;;;;;;x
CANCELASKMILITARYACCESS_THEY_ACCEPT_HEADER;The Foreign Minister reports;Le ministre des Affaires ¡×rang¡×es indique :;;;;;;;;;;;;x
CANCELASKMILITARYACCESS_THEY_ACCEPT_LOG;We decided we no longer need Military Access through $RECIPIENT$;Nous n'avons plus besoin d'acc¡× militaire ¡×$RECIPIENT$.;;;;;;;;;;;;x
CANCELASKMILITARYACCESS_THEY_ACCEPT_SETUP;When we cancel military access rights to another country;Si nous annulons les droits d'acc¡× militaire ¡×un autre pays;;;;;;;;;;;;x
CANCELASKMILITARYACCESS_WE_ACCEPT_1;§Y$ACTOR$§W;¡×$ACTOR$¡×;;;;;;;;;;;;x
CANCELASKMILITARYACCESS_WE_ACCEPT_2;$MONARCHTITLE$ we are outraged to discover that;$MONARCHTITLE$, nous sommes outr¡× de d¡×ouvrir que;;;;;;;;;;;;x
CANCELASKMILITARYACCESS_WE_ACCEPT_3;§Y$ACTOR$§W;¡×$ACTOR$¡×;;;;;;;;;;;;x
CANCELASKMILITARYACCESS_WE_ACCEPT_4;has cancelled the Military Access they have generously been given by us.;a annul¡×les droits de transit qui nous avaient ¡×¡×g¡×¡×eusement octroy¡×.;;;;;;;;;;;;x
CANCELASKMILITARYACCESS_WE_ACCEPT_5;*;*;;;;;;;;;;;;x
CANCELASKMILITARYACCESS_WE_ACCEPT_6;Although we should really have beaten them to it.;Nous aurions d¡×les battre ¡×ce petit jeu-l¡×;;;;;;;;;;;;x
CANCELASKMILITARYACCESS_WE_ACCEPT_BTN1;OK;OK;;;;;;;;;;;;x
CANCELASKMILITARYACCESS_WE_ACCEPT_BTN2;OK;OK;;;;;;;;;;;;x
CANCELASKMILITARYACCESS_WE_ACCEPT_BTN3;Go To;Aller ¡×;;;;;;;;;;;x
CANCELASKMILITARYACCESS_WE_ACCEPT_HEADER;The Foreign Minister reports;Le ministre des Affaires ¡×rang¡×es indique :;;;;;;;;;;;;x
CANCELASKMILITARYACCESS_WE_ACCEPT_LOG;$ACTOR$ decided they no longer need Military Access through our country;$ACTOR$ n'a plus besoin d'acc¡× militaire ¡×notre territoire.;;;;;;;;;;;;x
CANCELASKMILITARYACCESS_WE_ACCEPT_SETUP;When a nation cancels their military access rights to our country;Si une nation annule ses droits d'acc¡× militaire ¡×notre pays;;;;;;;;;;;;x
CANCELASKMILITARYACCESSTITLE;Cancel Military Access;Annuler l'acc¡× militaire;;;;;;;;;;;;x
CANCELGIVEMILITARYACCESS_BUTTON;Remove Military Access;Annuler l'acc¡× militaire;;;;;;;;;;;;x
CANCELGIVEMILITARYACCESS_DESC;Removes the Military Access we are granting to this country.;Annule l'acc¡× militaire accord¡×¡×ce pays.;;;;;;;;;;;;x
CANCELGIVEMILITARYACCESS_DI;Cancellation of Military Access;Annulation d'un acc¡× militaire;;;;;;;;;;;;x
CANCELGIVEMILITARYACCESS_OTHER_ACCEPT_1;§Y$ACTOR$§W;¡×$ACTOR$¡×,;;;;;;;;;;;;x
CANCELGIVEMILITARYACCESS_OTHER_ACCEPT_2;$MONARCHTITLE$;$MONARCHTITLE$;;;;;;;;;;;;x
CANCELGIVEMILITARYACCESS_OTHER_ACCEPT_3;§Y$ACTOR$§W;¡×$ACTOR$¡×;;;;;;;;;;;;x
CANCELGIVEMILITARYACCESS_OTHER_ACCEPT_4;has cancelled the Military Access they have been given by;a annul¡×l'acc¡× militaire qui lui avait ¡×¡×octroy¡×par;;;;;;;;;;;;x
CANCELGIVEMILITARYACCESS_OTHER_ACCEPT_5;§Y$RECIPIENT$§W;¡×$RECIPIENT$¡×.;;;;;;;;;;;;x
CANCELGIVEMILITARYACCESS_OTHER_ACCEPT_6;Looks like trouble is brewing. We could profit from this.;La situation se d¡×rade. Nous pourrions en tirer avantage.;;;;;;;;;;;;x
CANCELGIVEMILITARYACCESS_OTHER_ACCEPT_BTN1;OK;D'accord;;;;;;;;;;;;x
CANCELGIVEMILITARYACCESS_OTHER_ACCEPT_BTN2;OK;D'accord;;;;;;;;;;;;x
CANCELGIVEMILITARYACCESS_OTHER_ACCEPT_BTN3;Go To;Voir;;;;;;;;;;;;x
CANCELGIVEMILITARYACCESS_OTHER_ACCEPT_HEADER;The Foreign Minister reports;Le ministre des Affaires ¡×rang¡×es indique :;;;;;;;;;;;;x
CANCELGIVEMILITARYACCESS_OTHER_ACCEPT_LOG;$ACTOR$ revoked the Military Access they granted to $RECIPIENT$.;$ACTOR$ a annul¡×l'acc¡× militaire pr¡×¡×emment accord¡×¡×$RECIPIENT$.;;;;;;;;;;;;x
CANCELGIVEMILITARYACCESS_OTHER_ACCEPT_SETUP;When a nation cancels another nation's military access rights to their country;Si une nation annule les droits d'acc¡× militaire d'une autre ¡×leur pays;;;;;;;;;;;;x
CANCELGIVEMILITARYACCESS_THEY_ACCEPT_1;§Y$ACTOR$§W;¡×$ACTOR$¡×,;;;;;;;;;;;;x
CANCELGIVEMILITARYACCESS_THEY_ACCEPT_2;$MONARCHTITLE$, we have grown tired of the foul presence of the troops of;$MONARCHTITLE$, nous sommes las de la pr¡×ence des troupes de;;;;;;;;;;;;x
CANCELGIVEMILITARYACCESS_THEY_ACCEPT_3;§Y$RECIPIENT$§W;¡×$RECIPIENT$¡×;;;;;;;;;;;;x
CANCELGIVEMILITARYACCESS_THEY_ACCEPT_4;on our soil so we have cancelled the Military Access they were so generously given;sur notre territoire. C'est pourquoi nous avons annul¡×l'acc¡× militaire qui leur avait ¡×¡×si g¡×¡×eusement octroy¡×;;;;;;;;;;;;x
CANCELGIVEMILITARYACCESS_THEY_ACCEPT_5;*;*;;;;;;;;;;;;x
CANCELGIVEMILITARYACCESS_THEY_ACCEPT_6;The people of §Y$ACTOR$§W rejoice at the news.;Le peuple de ¡×$ACTOR$¡× se r¡×ouit de la nouvelle.;;;;;;;;;;;;x
CANCELGIVEMILITARYACCESS_THEY_ACCEPT_BTN1;OK;D'accord;;;;;;;;;;;;x
CANCELGIVEMILITARYACCESS_THEY_ACCEPT_BTN2;OK;D'accord;;;;;;;;;;;;x
CANCELGIVEMILITARYACCESS_THEY_ACCEPT_BTN3;Go To;Voir;;;;;;;;;;;;x
CANCELGIVEMILITARYACCESS_THEY_ACCEPT_HEADER;The Foreign Minister reports;Le ministre des Affaires ¡×rang¡×es indique :;;;;;;;;;;;;x
CANCELGIVEMILITARYACCESS_THEY_ACCEPT_LOG;We decided to revoke the Military Access we granted to $RECIPIENT$.;Nous avons d¡×id¡×d'annuler l'acc¡× militaire que nous avions accord¡×¡×$RECIPIENT$.;;;;;;;;;;;;x
CANCELGIVEMILITARYACCESS_THEY_ACCEPT_SETUP;When we cancel military access rights to our country;Si nous annulons les droits d'acc¡× militaire ¡×notre pays;;;;;;;;;;;;x
CANCELGIVEMILITARYACCESS_WE_ACCEPT_1;§Y$ACTOR$§W;¡×$ACTOR$¡×,;;;;;;;;;;;;x
CANCELGIVEMILITARYACCESS_WE_ACCEPT_2;$MONARCHTITLE$ we are outraged to discover that;$MONARCHTITLE$, nous sommes outr¡× de d¡×ouvrir que;;;;;;;;;;;;x
CANCELGIVEMILITARYACCESS_WE_ACCEPT_3;§Y$ACTOR$§W;¡×$ACTOR$¡×;;;;;;;;;;;;x
CANCELGIVEMILITARYACCESS_WE_ACCEPT_4;has cancelled the Military Access they have generously been given by us.;a annul¡×l'acc¡× militaire qui nous avait ¡×¡×g¡×¡×eusement octroy¡×;;;;;;;;;;;;x
CANCELGIVEMILITARYACCESS_WE_ACCEPT_5;*;*;;;;;;;;;;;;x
CANCELGIVEMILITARYACCESS_WE_ACCEPT_6;Although we should really have beaten them to it.;Nous aurions d¡×les battre ¡×ce petit jeu-l¡×;;;;;;;;;;;;x
CANCELGIVEMILITARYACCESS_WE_ACCEPT_BTN1;OK;D'accord;;;;;;;;;;;;x
CANCELGIVEMILITARYACCESS_WE_ACCEPT_BTN2;OK;D'accord;;;;;;;;;;;;x
CANCELGIVEMILITARYACCESS_WE_ACCEPT_BTN3;Go To;Voir;;;;;;;;;;;;x
CANCELGIVEMILITARYACCESS_WE_ACCEPT_HEADER;The Foreign Minister reports;Le ministre des Affaires ¡×rang¡×es indique :;;;;;;;;;;;;x
CANCELGIVEMILITARYACCESS_WE_ACCEPT_LOG;$ACTOR$ revoked our Military Access through their territory.;$ACTOR$ a annul¡×notre acc¡× militaire ¡×son territoire.;;;;;;;;;;;;x
CANCELGIVEMILITARYACCESS_WE_ACCEPT_SETUP;When a nation cancels our military access rights to their country;Si une nation annule nos droits d'acc¡× militaire ¡×leur pays;;;;;;;;;;;;x
CANCELGIVEMILITARYACCESSTITLE;Cancel granted Military Access;Annuler l'acc¡× militaire accord¡×;;;;;;;;;;;x
CANCELMILACCDESC;Cancel our Military Access in their country.;Annulez les droits de transit pour leur pays.;;;;;;;;;;;;x
CANCELMILACCDESC_NOPES_TROOPS;We cannot cancel Military Access while we still have forces inside their borders.;Nous ne pouvons pas annuler les droits de transit tant que nous avons encore des forces ¡×l'int¡×ieur de leurs fronti¡×es.;;;;;;;;;;;;x
CANCELMILACCNEWDESC;Do you wish to cancel the Military Access given to us by $COUNTRY$? Doing so will prevent our troops from having access to their territory and ports.;Souhaitez-vous annuler les droits de transit que $COUNTRY$ nous a accord¡×¡× Si oui, nos troupes n'auront plus acc¡× ¡×leur territoire et ¡×leurs ports.;;;;;;;;;;;;x
CANCELMILACCTITLE;Cancel Military Access;Annulez les droits de transit;;;;;;;;;;;;x
CANCELNAPDESC;Revoke our promise of non-aggression;R¡×oquez notre promesse de non-agression.;;;;;;;;;;;;x
CANCELNAPTITLE;Revoke Non-Aggression Pact;R¡×oquez le pacte de non-agression;;;;;;;;;;;;x
CANCELTRADEDESC;Cancel our Trade Agreement.;Annulez notre accord commercial;;;;;;;;;;;;x
CANCELTRADENEWDESC;Do you wish to cancel our agreement with $COUNTRY$?\nThis will stop the transfer of $SELL$ for $BUY$.;Souhaitez-vous annuler notre accord avec $COUNTRY$ ¡×\nCela stoppera le transfert de $SELL$ pour $BUY$.;;;;;;;;;;;;x
CANCELTRADETITLE;Cancel Trade Agreement;Annuler un accord commercial.;;;;;;;;;;;;x
CANNOT_TARGET_GREATNATION;We cannot influence other Great Powers;Nous n'avons aucune influence sur les autres grandes puissances.;;;;;;;;;;;;x
CANT_COLONIZE;§RUnable to colonize:§W;;;;;;;;;;;;;x
CANT_CREATE_PROTECTORATE_COST;You need to have §R$VALUE$§W free colonial power points to create a protectorate.;;;;;;;;;;;;;x
CANT_NEGOTIATE_UNTIL;We cannot negotiate with rebels again until;Nous ne pouvons pas entreprendre de nouvelles n¡×ociations avec les rebelles avant;;;;;;;;;;;;x
CANT_SEE_UNDER_FOW;This is not possible to determine without further access to the area.;Ceci est impossible ¡×d¡×erminer sans un acc¡× plus approfondi ¡×la zone.;;;;;;;;;;;;x
CANT_SUPPRESS_DESC;We need more points to be able to suppress this movement. We have §R$VAL$§W suppression points and it requires §Y$NEED$§W.;Nous avons besoin de plus de points pour pouvoir r¡×rimer ce mouvement. Nous avons ¡×$VAL$¡× points de r¡×ression et il en faut ¡×$NEED$¡×.;;;;;;;;;;;;x
CANT_USE_LAST_WAR_GOALS;Selecting this war goal would end the war and can only be done in a peace deal with the war leader;La s¡×ection de cet objectif mettra fin ¡×la guerre, mais n¡×essite un accord de paix avec le meneur de guerre ennemi.;;;;;;;;;;;;x
CANTBUILD_FORCEDISARM;We can't build new military units, as we are under a peace treaty that has forced us to disarm.;Le trait¡×de paix qui nous a contraints ¡×nous d¡×armer ne nous permet pas de construire de nouvelles unit¡×.;;;;;;;;;;;;x
CAPITAL_CHANGE;§Y$NEW$§W will become the new capital.\n;¡×$NEW$¡× deviendra la nouvelle capitale.\n;;;;;;;;;;;;x
CATEGORY;($TYPE$)\n;($TYPE$)\n;;;;;;;;;;;;x
cattle_RGO_SIZE;Livestock Ranch Size;;;;;;;;;;;;;x
CB_ALLOWED_ADD_TO_SPHERE;Add to Sphere;Ajouter ¡×la sph¡×e;Zu Sph¡×e hinzuf¡×en;;;;;;;;;;;x
CB_ALLOWED_ANNEX;Allow Annexation;Autoriser l'annexion;Annektierung erlauben;;;;;;;;;;;x
CB_ALLOWED_CONCESSION;Concede Defeat;Conc¡×er la d¡×aite;Niederlage eingestehen;;;;;;;;;;;x
CB_ALLOWED_DISARMAMENT;Forced Disarmament;D¡×armement forc¡×Erzwungene Abr¡×tung;;;;;;;;;;;x
CB_ALLOWED_GUNBOAT;Force Debt Repayment;Forcer le remboursement de la dette;Schuldentilgung erzwingen;;;;;;;;;;;x
CB_ALLOWED_INSTALL_COMMUNIST_GOV_TYPE;Install communist government;Installer un gouvernement communiste;Kommunistische Regierung einsetzen;;;;;;;;;;;x
CB_ALLOWED_MAKE_PUPPET;Make a Puppet;Cr¡×r un pays satellite;;;;;;;;;;;;x
CB_ALLOWED_PRESTIGE;Reduction of Prestige;Diminution du prestige;Prestige-Reduzierung;;;;;;;;;;;x
CB_ALLOWED_RELEASE_PUPPET;Release of Puppet;Lib¡×ation d'un État fantoche;Entlassung von Marionettenstaat;;;;;;;;;;;x
CB_ALLOWED_REPARATIONS;War Reparations;R¡×arations de guerre;Kriegsreparationen;;;;;;;;;;;x
CB_ALLOWED_STATES;Secession of Territory;S¡×ession de territoire;Gebietsabspaltung;;;;;;;;;;;x
CB_ALLOWED_STATUS_QUO;Return to Status Quo;Retour au statu quo;R¡×kkehr zum Status Quo;;;;;;;;;;;x
CB_ALLOWED_TRANSFER_PROVINCES;Transfer of provinces;Transfert des provinces;¡×ertragung von Provinzen;;;;;;;;;;;x
CB_ALLOWED_UNINSTALL_COMMUNIST_GOV_TYPE;Uninstall communist government;R¡×oquer le gouvernement communiste;Kommunistische Regierung absetzen;;;;;;;;;;;x
CB_ASSERT_HEGEMONY;Assert Hegemony\n;Asseoir son h¡×¡×onie\n;Vorherrschaft behaupten\n;;;;;;;;;;;x
CB_COLONY_CLAIMS;Enforce colonial claim;;Koloniale Anspr¡×he druchsetzen;;;;;;;;;;;x
CB_CREATE_TECH;War justification efficiency: $VAL$;Efficacit¡×de la justification de guerre : $VAL$;;;;;;;;;;;;x
CB_CREATION_DETAIL;Manufacture a justification for declaring war with the §Y$TYPE$§W war goal. This will take roughly §Y$DAYS$§W days.\nIf we are detected early the maximum amount of infamy we can acquire is §R$BADBOY$§W.;Fabriquer une justification pour d¡×larer la guerre avec le Casus Belli ¡×$TYPE$¡×. Cela prendra environ ¡×$DAYS$¡× jours.\nSi nous sommes d¡×ouverts, la p¡×alit¡×d'infamie maximum que nous pourrions avoir serait de ¡×$BADBOY$¡×.;;;;;;;;;;;;x
CB_CREATION_TIME_DAYS;It will take roughly §Y$DAYS$§W days to justify this war;Cela prendra environ ¡×$DAYS$¡× jours pour justifier cette guerre;;;;;;;;;;;;x
CB_DESC_HEAD;This Casus Belli allows us to demand:;Ce Casus Belli nous permet de demander :;Dieser Kriegsgrund erlaubt uns folgende Forderungen:;;;;;;;;;;;x
CB_DESTROY_FORTS;Destroy fortifications;;Zerst¡×t Festungen;;;;;;;;;;;x
CB_DESTROY_NAVAL_BASES;Destroy naval bases;;Zerst¡×t Marinest¡×zpunkte;;;;;;;;;;;x
CB_EXPIRE_DATE;Expires §Y$DATE$§W;S’ach¡×e ¡×$DATE$¡×;;;;;;;;;;;;x
CB_gen_minus;CB generation speed decreased;Diminution de la vitesse de g¡×¡×ation des CB;;;;;;;;;;;;x
CB_gen_minus_desc;Justifying wars now takes longer;Justifier des guerres prend maintenant plus de temps;;;;;;;;;;;;x
CB_gen_plus;CB generation speed increased;Augmentation de la vitesse de g¡×¡×ation des CB;;;;;;;;;;;;x
CB_gen_plus_desc;Justifying wars can be done faster;Justifier des guerres peut se faire plus rapidement;;;;;;;;;;;;x
CB_GENERATION_BONUS_OPPONENT_TROOPS_PRESENCE;(§Y$BONUS$§W for §Y$FOR$§W against §Y$AGAINST$§W for presence of their troops);(¡×$BONUS$¡× pour ¡×$FOR$¡× contre ¡×$AGAINST$¡× du fait de la pr¡×ence de leurs troupes);;;;;;;;;;;;x
CB_GENERATION_BONUS_TOOLTIP;The CB generation speed bonus §Y$BONUS$§W between competing countries: §Y$COUNTRIES$§W;Bonus de vitesse de g¡×¡×ation des CB de ¡×$BONUS$¡× entre les pays concurrents : ¡×$COUNTRIES$¡×;;;;;;;;;;;;x
CB_GENERATION_BONUS_TROOPS_PRESENCE_TOOLTIP;(§Y$BONUS$§W for presence of opponents' troops);(¡×$BONUS$¡× du fait de la pr¡×ence de troupes ennemies);;;;;;;;;;;;x
CB_GENERATION_SPEED_BONUS_ON_COLONY_COMPETITION;Competing with §Y$COUNTRY$§W for colonizing §Y$REGION$§W, speed bonus §Y$BONUS$§W.;Comp¡×ition avec ¡×$COUNTRY$¡× pour coloniser ¡×$REGION$¡×, bonus de vitesse de ¡×$BONUS$¡×.;;;;;;;;;;;;x
CB_JUSTIFY_NO_LONGER_VALID_1;War Justification;Casus Belli;Kriegsrechtfertigung;;;;;;;;;;;x
CB_JUSTIFY_NO_LONGER_VALID_2;Our attempt to justify war using;Notre tentative de justifier la guerre par le;Unser Versuch, den Krieg zu rechtfertigen mittels;;;;;;;;;;;x
CB_JUSTIFY_NO_LONGER_VALID_3;§Y$CASUS$§! Casus Belli;Casus Belli ¡×$CASUS$¡×;¡×$CASUS$¡× Casus Belli;;;;;;;;;;;x
CB_JUSTIFY_NO_LONGER_VALID_4;against;contre;gegen;;;;;;;;;;;x
CB_JUSTIFY_NO_LONGER_VALID_5;$TARGET$;$TARGET$;$TARGET$;;;;;;;;;;;x
CB_JUSTIFY_NO_LONGER_VALID_6;is no longer valid!;n'est plus valide!;ist nicht l¡×ger g¡×tig!;;;;;;;;;;;x
CB_JUSTIFY_NO_LONGER_VALID_BTN1;OK;D'accord;OK;;;;;;;;;;;x
CB_JUSTIFY_NO_LONGER_VALID_BTN2;OK;D'accord;OK;;;;;;;;;;;x
CB_JUSTIFY_NO_LONGER_VALID_BTN3;Go to;Voir;Gehe zu;;;;;;;;;;;x
CB_JUSTIFY_NO_LONGER_VALID_HEADER;$MONARCHTITLE$;$MONARCHTITLE$;$MONARCHTITLE$;;;;;;;;;;;x
CB_JUSTIFY_NO_LONGER_VALID_LOG;Our war justification process against $TARGET$ is no longer valid.;La justification de notre guerre contre $TARGET$ n'est plus valide.;Unser Prozess der Kriegsrechtfertigung gegen¡×er $TARGET$ ist nicht l¡×ger g¡×tig.;;;;;;;;;;;x
CB_JUSTIFY_NO_LONGER_VALID_MAP;*;*;*;;;;;;;;;;;x
CB_JUSTIFY_NO_LONGER_VALID_SETUP;When our war justification process is no longer valid.;Quand notre justification de guerre n'est plus valide.;Sobald unser Prozess der Kriegsrechtfertigung nicht l¡×ger g¡×tig ist.;;;;;;;;;;;x
CB_MANUFACTURE_TECH;War justification efficiency;Efficacit¡×de la justification de guerre;;;;;;;;;;;;x
CB_NOT_ON_PUPPETS;We can't justify war against §Ypuppets§W, §Ysubstates§W or §Yneutral nations§W.;Nous ne pouvons pas justifier une guerre contre des ¡×satellites¡× ou des ¡×sous-¡×ats¡×.;;;;;;;;;;;;x
CB_NOT_ON_SPHERES;We can't justify war against a country that is in our sphere.;Nous ne pouvons justifier une guerre contre un pays appartenant ¡×notre sph¡×e.;;;;;;;;;;;;x
CB_TENSION;War Justification: §Y$VAL$§W;Casus Belli: ¡×$VAL$¡×;;;;;;;;;;;;x
CB_TOWARDS_US_DETECTED_1;War Justification;Justification de guerre;;;;;;;;;;;;x
CB_TOWARDS_US_DETECTED_2;An attempt to justify war using;Une tentative de justifier une guerre par le;;;;;;;;;;;;x
CB_TOWARDS_US_DETECTED_3;§Y$CASUS$§W Casus Belli;Casus Belli ¡×$CASUS$¡×;;;;;;;;;;;;x
CB_TOWARDS_US_DETECTED_4;against us by;contre nous par;;;;;;;;;;;;x
CB_TOWARDS_US_DETECTED_5;$COUNTRY$;$COUNTRY$;;;;;;;;;;;;x
CB_TOWARDS_US_DETECTED_6;was detected!;a ¡×¡×d¡×ect¡× !;;;;;;;;;;;;x
CB_TOWARDS_US_DETECTED_BTN1;OK;D'accord;;;;;;;;;;;;x
CB_TOWARDS_US_DETECTED_BTN2;OK;D'accord;;;;;;;;;;;;x
CB_TOWARDS_US_DETECTED_BTN3;Go To;Voir;;;;;;;;;;;;x
CB_TOWARDS_US_DETECTED_HEADER;$MONARCHTITLE$;$MONARCHTITLE$;;;;;;;;;;;;x
CB_TOWARDS_US_DETECTED_LOG;A war justification process against us by $COUNTRY$ was detected;Une tentative de justifier une guerre contre nous par $COUNTRY$ a ¡×¡×d¡×ect¡×;;;;;;;;;;;;x
CB_TOWARDS_US_DETECTED_MAP;*;*;;;;;;;;;;;;x
CB_TOWARDS_US_DETECTED_SETUP;A war justification process against us is detected;Une tentative de justification de guerre contre nous est d¡×ect¡×;;;;;;;;;;;;x
CD_AGREEMENTS;Trade Agreement with $LIST$.;Accord commercial avec : $LIST$.;;;;;;;;;;;;x
CD_GIVESACCESS;Grants military access to $LIST$.;Accorde l'acc¡× militaire ¡×: $LIST$.;;;;;;;;;;;;x
CD_HASACCESS;Has military access through $LIST$.;A un acc¡× militaire par : $LIST$.;;;;;;;;;;;;x
CD_PAYINGREPARATIONS;Paying reparations to $LIST$.;Payer des r¡×arations ¡×$LIST$.;;;;;;;;;;;;x
CD_RECEIVINGPARATIONS;Receiving reparation payments from $LIST$.;Toucher des r¡×arations de $LIST$.;;;;;;;;;;;;x
CE_DESC;Napoleon has died, but his legacy still shakes Europe. The empires of the Americas are shattered, and the empires of Europe hear the first rumbles in a gathering storm of nationalism. The Vienna Congress that brought the Napoleonic Wars to an end was meant to restore the old monarchical order, but the concert of balanced powers it sought to establish is already looking precarious. Whichever nations can seize this moment will dominate a new age.;;;;;;;;;;;;;x
CE_NAME;The Concert of Europe;;;;;;;;;;;;;x
CEASECOLONIZATION_BUTTON;Cease Colonization;Cesser la colonisation;;;;;;;;;;;;x
CEASECOLONIZATION_DESC;Ask country to cease colonization of state we are also colonizing and in exchange, we do the same.;Demandez au pays de cesser de coloniser l'État que nous colonisons ¡×alement, et en ¡×hange, nous ferons de m¡×e.;;;;;;;;;;;;x
CEASECOLONIZATION_OFFER;$ACTOR$ requests that we cease colonizing $RSTATE$. In return, they will stop colonizing $ASTATE$.;$ACTOR$ nous demande de renoncer ¡×coloniser $RSTATE$. En ¡×hange, sa colonisation de $ASTATE$ cessera.;;;;;;;;;;;;x
CEASECOLONIZATION_OTHER_ACCEPT_1;§Y$RECIPIENT$§W;¡×$RECIPIENT$¡×;;;;;;;;;;;;x
CEASECOLONIZATION_OTHER_ACCEPT_2;$MONARCHTITLE$, we've been informed that;$MONARCHTITLE$, nous avons ¡×¡×inform¡× que;;;;;;;;;;;;x
CEASECOLONIZATION_OTHER_ACCEPT_3;§Y$ACTOR$§W signed an agreement with §Y$RECIPIENT$§W.;¡×$ACTOR$¡× avait conclu un accord avec ¡×$RECIPIENT$¡×.;;;;;;;;;;;;x
CEASECOLONIZATION_OTHER_ACCEPT_4;§Y$ACTOR$§W agreed to cease colonizing $ASTATE$.;¡×$ACTOR$¡× s'est engag¡×¡×renoncer ¡×la colonisation de $ASTATE$.;;;;;;;;;;;;x
CEASECOLONIZATION_OTHER_ACCEPT_5;In return, §Y$RECIPIENT$§W agreed to cease colonizing $RSTATE$.;En ¡×hange, ¡×$RECIPIENT$¡× a accept¡×de cesser de coloniser $RSTATE$.;;;;;;;;;;;;x
CEASECOLONIZATION_OTHER_ACCEPT_6;*;*;;;;;;;;;;;;x
CEASECOLONIZATION_OTHER_ACCEPT_BTN1;OK;OK;;;;;;;;;;;;x
CEASECOLONIZATION_OTHER_ACCEPT_BTN2;OK;OK;;;;;;;;;;;;x
CEASECOLONIZATION_OTHER_ACCEPT_BTN3;Go To;Aller ¡×;;;;;;;;;;;x
CEASECOLONIZATION_OTHER_ACCEPT_HEADER;The Foreign Minister reports;Le ministre des Affaires ¡×rang¡×es indique :;;;;;;;;;;;;x
CEASECOLONIZATION_OTHER_ACCEPT_LOG;$RECIPIENT$ agreed to cease colonization of $RSTATE$ if $ACTOR$ cease colonizing $ASTATE$.;$RECIPIENT$ a accept¡×de renoncer ¡×la colonisation de $RSTATE$ si $ACTOR$ cesse de coloniser $ASTATE$.;;;;;;;;;;;;x
CEASECOLONIZATION_OTHER_DECLINE_1;§Y$RECIPIENT$§W;¡×$RECIPIENT$¡×;;;;;;;;;;;;x
CEASECOLONIZATION_OTHER_DECLINE_2;$MONARCHTITLE$, we heard that;$MONARCHTITLE$, il para¡× que;;;;;;;;;;;;x
CEASECOLONIZATION_OTHER_DECLINE_3;§Y$RECIPIENT$§W declined to stop colonizing $RSTATE$.;¡×$RECIPIENT$¡× a refus¡×de cesser de coloniser $RSTATE$.;;;;;;;;;;;;x
CEASECOLONIZATION_OTHER_DECLINE_4;In return, §Y$ACTOR$§W offered to stop colonizing;En ¡×hange, ¡×$ACTOR$¡× a propos¡×de renoncer ¡×la colonisation de;;;;;;;;;;;;x
CEASECOLONIZATION_OTHER_DECLINE_5;$ASTATE$.;$ASTATE$.;;;;;;;;;;;;x
CEASECOLONIZATION_OTHER_DECLINE_6;*;*;;;;;;;;;;;;x
CEASECOLONIZATION_OTHER_DECLINE_BTN1;OK;OK;;;;;;;;;;;;x
CEASECOLONIZATION_OTHER_DECLINE_BTN2;OK;OK;;;;;;;;;;;;x
CEASECOLONIZATION_OTHER_DECLINE_BTN3;Go To;Aller ¡×;;;;;;;;;;;x
CEASECOLONIZATION_OTHER_DECLINE_HEADER;The Foreign Minister reports;Le ministre des Affaires ¡×rang¡×es indique :;;;;;;;;;;;;x
CEASECOLONIZATION_OTHER_DECLINE_LOG;$RECIPIENT$ declined to cease colonization of $RSTATE$, $ACTOR$ offered to cease colonizing $ASTATE$.;$RECIPIENT$ a refus¡×de renoncer ¡×la colonisation de $RSTATE$, $ACTOR$ a propos¡×de cesser de coloniser $ASTATE$.;;;;;;;;;;;;x
CEASECOLONIZATION_THEY_ACCEPT_1;§Y$RECIPIENT$§W;¡×$RECIPIENT$¡×;;;;;;;;;;;;x
CEASECOLONIZATION_THEY_ACCEPT_2;$MONARCHTITLE$, we agreed to cease colonization of;$MONARCHTITLE$, nous nous sommes engag¡× ¡×renoncer ¡×la colonisation de;;;;;;;;;;;;x
CEASECOLONIZATION_THEY_ACCEPT_3;$ASTATE$. In return,;$ASTATE$. En ¡×hange,;;;;;;;;;;;;x
CEASECOLONIZATION_THEY_ACCEPT_4;§Y$RECIPIENT$§W agreed to cease colonizing;¡×$RECIPIENT$¡× a accept¡×de cesser de coloniser;;;;;;;;;;;;x
CEASECOLONIZATION_THEY_ACCEPT_5;$RSTATE$;$RSTATE$.;;;;;;;;;;;;x
CEASECOLONIZATION_THEY_ACCEPT_6;*;*;;;;;;;;;;;;x
CEASECOLONIZATION_THEY_ACCEPT_BTN1;OK;OK;;;;;;;;;;;;x
CEASECOLONIZATION_THEY_ACCEPT_BTN2;OK;OK;;;;;;;;;;;;x
CEASECOLONIZATION_THEY_ACCEPT_BTN3;Go To;Aller ¡×;;;;;;;;;;;x
CEASECOLONIZATION_THEY_ACCEPT_HEADER;The Foreign Minister reports;Le ministre des Affaires ¡×rang¡×es indique :;;;;;;;;;;;;x
CEASECOLONIZATION_THEY_ACCEPT_LOG;$RECIPIENT$ agreed to cease colonization of $RSTATE$ if we cease colonizing $ASTATE$.;$RECIPIENT$ a accept¡×de renoncer ¡×la colonisation de $RSTATE$ si nous cessons de coloniser $ASTATE$.;;;;;;;;;;;;x
CEASECOLONIZATION_THEY_DECLINE_1;§Y$RECIPIENT$§W;¡×$RECIPIENT$¡×;;;;;;;;;;;;x
CEASECOLONIZATION_THEY_DECLINE_2;$MONARCHTITLE$, §Y$RECIPIENT$§W declined our request;$MONARCHTITLE$, ¡×$RECIPIENT$¡× a refus¡×;;;;;;;;;;;x
CEASECOLONIZATION_THEY_DECLINE_3;to stop colonizing $RSTATE$.;de cesser de coloniser $RSTATE$.;;;;;;;;;;;;x
CEASECOLONIZATION_THEY_DECLINE_4;We generously offered to cease colonizing;Nous avons g¡×¡×eusement propos¡×de cesser de coloniser;;;;;;;;;;;;x
CEASECOLONIZATION_THEY_DECLINE_5;$ASTATE$, but now we must seek other means;$ASTATE$, mais nous allons devoir trouver d'autre moyens;;;;;;;;;;;;x
CEASECOLONIZATION_THEY_DECLINE_6;to end their colonization attempts there.;pour mettre un terme ¡×leurs tentatives de colonisation.;;;;;;;;;;;;x
CEASECOLONIZATION_THEY_DECLINE_BTN1;OK;OK;;;;;;;;;;;;x
CEASECOLONIZATION_THEY_DECLINE_BTN2;OK;OK;;;;;;;;;;;;x
CEASECOLONIZATION_THEY_DECLINE_BTN3;Go To;Aller ¡×;;;;;;;;;;;x
CEASECOLONIZATION_THEY_DECLINE_HEADER;The Foreign Minister reports;Le ministre des Affaires ¡×rang¡×es indique :;;;;;;;;;;;;x
CEASECOLONIZATION_THEY_DECLINE_LOG;$RECIPIENT$ declined to cease colonization of $RSTATE$.;$RECIPIENT$ a refus¡×de renoncer ¡×la colonisation de $RSTATE$.;;;;;;;;;;;;x
CEASECOLONIZATION_WE_ACCEPT_1;§Y$ACTOR$§W;¡×$ACTOR$¡×;;;;;;;;;;;;x
CEASECOLONIZATION_WE_ACCEPT_2;$MONARCHTITLE$, we agreed to cease colonization of;$MONARCHTITLE$, nous nous sommes engag¡× ¡×renoncer ¡×la colonisation de;;;;;;;;;;;;x
CEASECOLONIZATION_WE_ACCEPT_3;$RSTATE$. In return,;$RSTATE$. En ¡×hange,;;;;;;;;;;;;x
CEASECOLONIZATION_WE_ACCEPT_4;§Y$ACTOR$§W agreed to cease colonizing;¡×$ACTOR$¡× a accept¡×de cesser de coloniser;;;;;;;;;;;;x
CEASECOLONIZATION_WE_ACCEPT_5;$RSTATE$;$RSTATE$.;;;;;;;;;;;;x
CEASECOLONIZATION_WE_ACCEPT_6;*;*;;;;;;;;;;;;x
CEASECOLONIZATION_WE_ACCEPT_BTN1;OK;OK;;;;;;;;;;;;x
CEASECOLONIZATION_WE_ACCEPT_BTN2;OK;OK;;;;;;;;;;;;x
CEASECOLONIZATION_WE_ACCEPT_BTN3;Go To;Aller ¡×;;;;;;;;;;;x
CEASECOLONIZATION_WE_ACCEPT_HEADER;The Foreign Minister reports;Le ministre des Affaires ¡×rang¡×es indique :;;;;;;;;;;;;x
CEASECOLONIZATION_WE_ACCEPT_LOG;We've agreed to cease colonization of $RSTATE$, if $ACTOR$ cease colonizing $ASTATE$.;Nous avons accept¡×de renoncer ¡×la colonisation de $RSTATE$ si $ACTOR$ cesse de coloniser $ASTATE$.;;;;;;;;;;;;x
CEASECOLONIZATION_WE_DECLINE_1;§Y$RECIPIENT$§W;¡×$RECIPIENT$¡×;;;;;;;;;;;;x
CEASECOLONIZATION_WE_DECLINE_2;$MONARCHTITLE$, we declined a request;$MONARCHTITLE$, nous avons rejet¡×une requ¡×e;;;;;;;;;;;;x
CEASECOLONIZATION_WE_DECLINE_3;from §Y$ACTOR$§W to stop colonizing $RSTATE$.;de ¡×$ACTOR$¡× nous demandant de cesser de coloniser $RSTATE$.;;;;;;;;;;;;x
CEASECOLONIZATION_WE_DECLINE_4;They have to offer us something better than ;Ils vont devoir nous proposer mieux qu'un;;;;;;;;;;;;x
CEASECOLONIZATION_WE_DECLINE_5;to cease colonizing $ASTATE$;arr¡× de la colonisation de $ASTATE$;;;;;;;;;;;;x
CEASECOLONIZATION_WE_DECLINE_6;if they are going to be worth our time.;s'ils veulent obtenir notre attention.;;;;;;;;;;;;x
CEASECOLONIZATION_WE_DECLINE_BTN1;OK;OK;;;;;;;;;;;;x
CEASECOLONIZATION_WE_DECLINE_BTN2;OK;OK;;;;;;;;;;;;x
CEASECOLONIZATION_WE_DECLINE_BTN3;Go To;Aller ¡×;;;;;;;;;;;x
CEASECOLONIZATION_WE_DECLINE_HEADER;The Foreign Minister reports;Le ministre des Affaires ¡×rang¡×es indique :;;;;;;;;;;;;x
CEASECOLONIZATION_WE_DECLINE_LOG;We've declined to cease colonization of $RSTATE$.;Nous avons refus¡×de renoncer ¡×la colonisation de $RSTATE$.;;;;;;;;;;;;x
CHANGE_CONTROLLER_EFFECT;§Y$WHO$§W takes control over §Y$WHERE$§W.\n;¡×$WHO$¡× prend le contr¡×e de ¡×$WHERE$¡×.\n;;;;;;;;;;;;x
CHANGE_GOODS;Change trade goods in §Y$PROV$§W to §Y$GOOD$§W.\n;;;;;;;;;;;;;x
CHANGE_NATIONALVALUE;National value changes to §Y$NATIONALVALUE$§W.\n;La valeur nationale passe ¡×¡×$NATIONALVALUE$¡×.\n;;;;;;;;;;;;x
CHANGE_POP_TYPE_EFFECT;Pop change to: §Y$POPTYPE$§W.\n;POP remplac¡×par : ¡×$POPTYPE$¡×.\n;;;;;;;;;;;;x
CHANGE_RELIGION_EFFECT;Change religion to §Y$NAME$§W.\n;Religion remplac¡× par ¡×$NAME$¡×.\n;;;;;;;;;;;;x
CHANGE_TAG;Become §Y$NEW$§W.\n;Devenir ¡×$NEW$¡×.\n;;;;;;;;;;;;x
CHANGES_UNIT_APPEARANCE_TECH;Changes unit appearance;Modifie l'apparence des unit¡×;;;;;;;;;;;;x
CHAT_ALL;All;Tous;;;;;;;;;;;;x
CHAT_ALL_TIP;Chat with every one.;Chat avec tout le monde.;;;;;;;;;;;;x
CHAT_ALLIES;Allies;Alli¡×;;;;;;;;;;;;x
CHAT_ALLIES_TIP;Only chat with allies;Chat avec alli¡× uniquement;;;;;;;;;;;;x
CHAT_ENEMIES_TIP;Only chat with enemies;Chat avec ennemis uniquement;;;;;;;;;;;;x
CHAT_FILTER;Click to change if the user gets messages or not;Cliquez pour changer l'option permettant ¡×l'utilisateur de recevoir ou non des messages.;;;;;;;;;;;;x
CHAT_FOES;Foes;Ennemis;;;;;;;;;;;;x
CHAT_NONE;None;Rien;;;;;;;;;;;;x
CHAT_NONE_TIP;Clear chat filter;Supprimer le contenu du filtre de chat;;;;;;;;;;;;x
CHATMESSAGE_1;Incoming communication,;Communication entrante,;;;;;;;;;;;;x
CHATMESSAGE_2;$TEXT$;$TEXT$;;;;;;;;;;;;x
CHATMESSAGE_3;*;*;;;;;;;;;;;;x
CHATMESSAGE_4;*;*;;;;;;;;;;;;x
CHATMESSAGE_5;*;*;;;;;;;;;;;;x
CHATMESSAGE_6;*;*;;;;;;;;;;;;x
CHATMESSAGE_BTN1;OK;OK;;;;;;;;;;;;x
CHATMESSAGE_BTN2;OK;OK;;;;;;;;;;;;x
CHATMESSAGE_BTN3;Go To;Aller ¡×;;;;;;;;;;;x
CHATMESSAGE_HEADER;Chat message;Message de chat;;;;;;;;;;;;x
CHATMESSAGE_LOG;$TEXT$;$TEXT$;;;;;;;;;;;;x
CHATMESSAGE_MAP;*;*;;;;;;;;;;;;x
CHATMESSAGE_SETUP;When you receive a chat message;Si vous recevez un message de chat;;;;;;;;;;;;x
chief_of_army;Chief of Army;Chef de l'arm¡×;;;;;;;;;;;;x
chief_of_navy;Chief of Navy;Chef de la marine;;;;;;;;;;;;x
chief_of_staff;Chief of Staff;Chef d'¡×at-major;;;;;;;;;;;;x
city;City;Ville;;;;;;;;;;;;x
city_population;City Population;Population de la ville;Stadtbev¡×kerung;;;;;;;;;;;x
civ_nation;Lesser Power;Nation civilis¡×;;;;;;;;;;;;x
CIVILIZE_DESC;Fully embrace western ideas. This will give us access to the technological advances of our sphere leader;Embrasser enti¡×ement les id¡×s occidentales : cela nous donnera acc¡× aux technologies avanc¡×s du pays dominant de notre sph¡×e.;;;;;;;;;;;;x
CIVILIZE_NO_MASTER_DESC;Fully embrace western ideas. This will give us access to the technological advances from around the world;Embrasser enti¡×ement les id¡×s occidentales : cela nous donnera acc¡× aux technologies avanc¡×s du monde entier.;;;;;;;;;;;;x
CIVILIZED_EFFECT;Become a §YCivilized Nation§W\n;Devenir une ¡×nation civilis¡×¡×.\n;;;;;;;;;;;;x
clerk;Clerk;Employ¡×Angestellter;;;;;;;;;;;x
CLICK_FOR_DETAILS;Click for more details.;Cliquez pour obtenir plus de d¡×ails.;;;;;;;;;;;;x
CLOSE;Close;Fermer;;;;;;;;;;;;x
CLOSE_ALL_TOOLTIP;Close all factories on the list.;Fermer toutes les usines de la liste.;;;;;;;;;;;;x
CLOSE_WINDOW;Closes window;Ferme la fen¡×re;;;;;;;;;;;;x
coal_RGO_SIZE;Coal Mine Size;Taille de la mine de charbon;Kohlengrube-Größe;;;;;;;;;;;x
COALITION_WIN;A coalition of §Y$IDE$§W got $VAL$% of the seats and will form the basis of the government.;;;;;;;;;;;;;x
coastal;Coastal;C¡×i¡×e;K¡×te;;;;;;;;;;;x
coastal_sea;Coastal Sea;Mer littorale;K¡×tensee;;;;;;;;;;;x
CODE;ENGLISH;FRENCH;;;;;;;;;;;;x
coffee_RGO_SIZE;Coffee Plantation Size;Taille de la plantation de caf¡×Kaffeeplantage-Größe;;;;;;;;;;;x
COL_CONST_TIP_FROM_SHIP;This colonist will reach $LOCATION$ at $DATE$.;Ce colon atteindra $LOCATION$ le $DATE$.;;;;;;;;;;;;x
col_liferate_techs;Researching the following will help deal with the local life rating:;;;;;;;;;;;;;x
COLONIAL_EDUCATION;Colony: $VAL$;Colonie : $VAL$;;;;;;;;;;;;x
COLONIAL_INVESTMENT;Currently invested: §R$VALUE$§W;;;;;;;;;;;;;x
COLONIAL_LIFE_TECH;Min. Life rating;Habitabilit¡×min.;;;;;;;;;;;;x
COLONIAL_MAINTENANCE;Power tied up in maintenance: §R$VALUE$§W;;;;;;;;;;;;;x
COLONIAL_MIGRATION_TECH;Colonial Migration;Migration coloniale;;;;;;;;;;;;x
COLONIAL_POINTS;Colonial Power;;;;;;;;;;;;;x
COLONIAL_POINTS_TECH;Colonial power points;;;;;;;;;;;;;x
COLONIAL_PRESTIGE_MODIFIER_TECH;Colonial prestige;Prestige colonial;;;;;;;;;;;;x
COLONIAL_RANGE;Colonial Range: §G+$VAL$§W;Port¡× coloniale: ¡×+$VAL$¡×;;;;;;;;;;;;x
COLONIZE_CLOSEST_BASE_SPEC;Closest naval base is in §Y$PROV$§W.\n(Naval range: §G$NEED$§W/§Y$CURR$§W needed);La base navale la plus proche se trouve ¡×¡×$PROV$¡×.\n(Port¡× navale : ¡×$CURR$¡×/¡×$NEED$¡× requis);;;;;;;;;;;;x
COLONIZE_CLOSEST_BASE_TO_FAR;No naval base close enough;Aucune base navale suffisamment proche;;;;;;;;;;;;x
COLONIZE_CLOSEST_BASE_TO_FAR_SPEC;Closest naval base in §Y$PROV$§W is not close enough.\n(Naval range: §R$NEED$§W/§Y$CURR$§W needed);La base navale la plus proche ¡×$PROV$¡× est trop loin.\n(Port¡× navale : ¡×$CURR$¡×/¡×$NEED$¡× requis);;;;;;;;;;;;x
COLONIZE_LAST_INVESTMENT;We have just invested in this area. Next investment can be done after §Y$DATE$§W;;;;;;;;;;;;;x
COLONIZE_LIFE_RATING;Life rating: §R$RATE$§W. Current tech allows colonies where life rating is at least: §Y$TECH$§W;Habitabilit¡×: ¡×$RATE$¡×. La technologie actuelle permet les colonies dont l'habitabilit¡×est d'au moins : ¡×$TECH$¡×;;;;;;;;;;;;x
COLONIZE_MAX_SLOTS;No more than §Y$NUM$§W countries can compete for province colonization.;Pas plus de ¡×$NUM$¡× pays peuvent ¡×re en concurrencer pour la colonisation de la province.;;;;;;;;;;;;x
COLONIZE_NOT_GP_OR_SECONDARY;Only §YGreat Powers§W or §YSecondary Powers§W can colonize;Seules les ¡×Grandes Puissances¡× ou les ¡×Puissances secondaires¡× peuvent coloniser d'autres pays.;;;;;;;;;;;;x
COLONIZE_PHASE_COLONIZATION;Colonization;;;;;;;;;;;;;x
COLONIZE_PHASE_COLONIZATION_DESC;Winner of previous phases has $MONTHS$ months to convert to a colony or lose investments.;;;;;;;;;;;;;x
COLONIZE_PHASE_INFLUENCE;Colonial competition;;;;;;;;;;;;;x
COLONIZE_PHASE_INFLUENCE_DESC;Two countries battle with colonial power until one side can not match influence. Every time investment is made tension in state will increase and if it gets too hot turns into a crisis.;;;;;;;;;;;;;x
COLONIZE_PHASE_INITIAL_INTEREST;Send expedition;;;;;;;;;;;;;x
COLONIZE_PHASE_INITIAL_INTEREST_DESC;The first step of influencing an area is to send an expedition. If it is not challenged in §Y$DAYS$§W days it will allow you to create a protectorate;;;;;;;;;;;;;x
COLONIZE_PHASE_INTEREST;Establishing interest;;;;;;;;;;;;;x
COLONIZE_PHASE_INTEREST_DESC;Compete with investment of colonial power. The top two countries when someone gets $LEVELS$ levels ahead go on to next state of competition;;;;;;;;;;;;;x
COLONIZE_SETTLED;Province already settled;Province d¡×¡×colonis¡×;;;;;;;;;;;;x
COLONY_ABORT_1;Colonization Aborted!;Abandon de la colonisation !;;;;;;;;;;;;x
COLONY_ABORT_2;$MONARCHTITLE$, our colony in;$MONARCHTITLE$, notre colonie en;;;;;;;;;;;;x
COLONY_ABORT_3;§Y$TARGET$§b.;¡×$TARGET$¡×.;;;;;;;;;;;;x
COLONY_ABORT_4;has been aborted!;a ¡×¡×abandonn¡×!;;;;;;;;;;;;x
COLONY_ABORT_5;We can no longer colonize this region.;Nous ne pouvons plus coloniser cette r¡×ion.;;;;;;;;;;;;x
COLONY_ABORT_6;*;*;;;;;;;;;;;;x
COLONY_ABORT_BTN1;OK;D'accord;;;;;;;;;;;;x
COLONY_ABORT_BTN2;OK;D'accord;;;;;;;;;;;;x
COLONY_ABORT_BTN3;Go To;Voir;;;;;;;;;;;;x
COLONY_ABORT_HEADER;When our colonization has been aborted.;Lorsque notre colonisation ¡×¡×¡×abandonn¡×;;;;;;;;;;;;x
COLONY_ABORT_LOG;Colonization of $TARGET$ has been aborted.;la colonisation de $TARGET$ a ¡×¡×abandonn¡×.;;;;;;;;;;;;x
COLONY_ABORT_MAP;Colony Aborted!;Colonie abandonn¡×!;;;;;;;;;;;;x
COLONY_ABORT_SETUP;When colonization is aborted.;Quand la colonisation est abandonn¡×.;;;;;;;;;;;;x
COLONY_ADD_INFLUENCE;Add colonial influence;;;;;;;;;;;;;x
COLONY_FAIL_1;Colonization Failed!;Échec de la colonisation !;;;;;;;;;;;;x
COLONY_FAIL_2;$MONARCHTITLE$, our colony in;$MONARCHTITLE$, notre colonie de;;;;;;;;;;;;x
COLONY_FAIL_3;§Y$TARGET$§b.;¡×$TARGET$¡×.;;;;;;;;;;;;x
COLONY_FAIL_4;has Failed!;a ¡×hou¡×!;;;;;;;;;;;;x
COLONY_FAIL_5;The greedy $OTHER$ have laid claim to the region.;Les cupides $OTHER$ ont revendiqu¡×la r¡×ion.;;;;;;;;;;;;x
COLONY_FAIL_6;*;*;;;;;;;;;;;;x
COLONY_FAIL_BTN1;OK;OK;;;;;;;;;;;;x
COLONY_FAIL_BTN2;OK;OK;;;;;;;;;;;;x
COLONY_FAIL_BTN3;Go To;Aller ¡×;;;;;;;;;;;x
COLONY_FAIL_HEADER;When our colonization fails.;Si notre colonisation ¡×houe.;;;;;;;;;;;;x
COLONY_FAIL_LOG;$OTHER$ managed to colonize $TARGET$ before us.;$OTHER$ a r¡×ssi ¡×coloniser $TARGET$ avant nous.;;;;;;;;;;;;x
COLONY_FAIL_MAP;Colony Failed!;Échec de la colonie !;;;;;;;;;;;;x
COLONY_FAIL_SETUP;When we fail to colonize a province.;Si nous ne r¡×ssissons pas ¡×coloniser une province.;;;;;;;;;;;;x
COLONY_IN_CRISIS;Currently involved in colonial crisis;;;;;;;;;;;;;x
COLONY_INVEST_COST;Cost of investment: §Y$COST$§W Colonial Power;;;;;;;;;;;;;x
COLONY_INVEST_COST_LACK;Cost of investment: §R$COST$§W Colonial Power;;;;;;;;;;;;;x
COLONY_SUCCESS_1;Colony Created!;Colonie créée !;;;;;;;;;;;;x
COLONY_SUCCESS_2;$MONARCHTITLE$, we have successfully colonized;$MONARCHTITLE$, nous avons colonis¡×;;;;;;;;;;;x
COLONY_SUCCESS_3;§Y$TARGET$§b.;¡×$TARGET$¡×.;;;;;;;;;;;;x
COLONY_SUCCESS_4;This place will now be a new state in our realm.;Cet endroit sera d¡×ormais un nouvel État de notre royaume.;;;;;;;;;;;;x
COLONY_SUCCESS_5;§Y$PRESTIGE$§W prestige gained.;¡×$PRESTIGE$¡× de prestige gagn¡×;;;;;;;;;;;;x
COLONY_SUCCESS_6;(Base value §Y$BASE$§W x §Y$PROV$§W provinces.);(Valeur de base ¡×$BASE$¡× x ¡×$PROV$¡× provinces.);;;;;;;;;;;;x
COLONY_SUCCESS_BTN1;OK;OK;;;;;;;;;;;;x
COLONY_SUCCESS_BTN2;OK;OK;;;;;;;;;;;;x
COLONY_SUCCESS_BTN3;Go To;Aller ¡×;;;;;;;;;;;x
COLONY_SUCCESS_HEADER;When our colonization efforts are successful.;Si nos efforts de colonisation portent leurs fruits.;;;;;;;;;;;;x
COLONY_SUCCESS_LOG;We successfully colonized $TARGET$.;Nous avons r¡×ssi ¡×coloniser $TARGET$.;;;;;;;;;;;;x
COLONY_SUCCESS_MAP;Colony Created!;Colonie créée !;;;;;;;;;;;;x
COLONY_SUCCESS_SETUP;When we succeed with the colonization of a province.;Si nous r¡×ssissons ¡×coloniser une province.;;;;;;;;;;;;x
COLONY_TENSION_DRIFT;Drift: §Y$VAL$§!;;;;;;;;;;;;;x
COMBAT_ASSAULT;Assault;Assaut;Angriff;;;;;;;;;;;x
COMBAT_BREAKING;Breaking;Rupture;Abbruch;;;;;;;;;;;x
COMBAT_CROSSING;River crossings or landing on a beach gives a penalty to the attacker.;P¡×alit¡×de travers¡× d'un fleuve ou de d¡×arquement sur l'attaquant.;;;;;;;;;;;;x
COMBAT_DICE;Die roll for this side in this phase.;tirage pour ce camp dans cette phase;;;;;;;;;;;;x
COMBAT_DIGIN;Penalty on attacker due to defender being dug in.;P¡×alit¡×sur l'attaquant en raison du retranchement du d¡×enseur.;;;;;;;;;;;;x
COMBAT_FLEE;fleeing;en fuite;;;;;;;;;;;;x
COMBAT_GAS;Gas attacks while the opponent lacks the technology to defend against it may be devastating.;Les attaques aux gaz, lorsque l'adversaire ne dispose pas de la technologie pour s'en d¡×endre, peuvent ¡×re d¡×astatrices.;;;;;;;;;;;;x
COMBAT_LEADER_MOD;Leader;Chef;;;;;;;;;;;;x
COMBAT_LEADER_MOD_ATTACK;Leader attack;;;;;;;;;;;;;x
COMBAT_LEADER_MOD_DEFENSE;Leader defense;;;;;;;;;;;;;x
COMBAT_MORALE;Morale:;Moral :;Moral:;;;;;;;;;;;x
COMBAT_TERRAIN;Terrain penalty on attacker.;P¡×alit¡×du terrain sur l'attaquant.;;;;;;;;;;;;x
COMBAT_TRIUMPH;triumphant;victorieuse;;;;;;;;;;;;x
COMBAT_WIDTH;Combat Width;Aire de combat;;;;;;;;;;;;x
COMBAT_WIDTH_TECH;Combat Width;Aire de combat;;;;;;;;;;;;x
COMBAT_WINNERTYPE_OUR;our;notre;;;;;;;;;;;;x
COMBAT_WINNERTYPE_THEIR;their;leur;;;;;;;;;;;;x
COMBATEND_CASUALTIES;Casualties;Victimes;;;;;;;;;;;;x
COMBATEND_INITIAL;Initial;Initialement;;;;;;;;;;;;x
COMBATEND_SURVIVORS;Survivors;Survivants;;;;;;;;;;;;x
commerce_tech_research_bonus;Commerce Tech Research;Recherche en technologie commerciale;;;;;;;;;;;;x
COMPRESS_ERROR;Compression Error...;Erreur de compression…;;;;;;;;;;;;x
COMWID_BASE;Base Value: §Y$VAL$§W;Valeur de base : ¡×$VAL$¡×;;;;;;;;;;;;x
CONCIOUSNESS;Consciousness;Conscience nationale;Bewusstsein;;;;;;;;;;;x
CONFIRM_CANCEL_CONSTRUCTION_DESC;Are you sure you wish to cancel this construction?;¡×es-vous s¡× de vouloir annuler cette construction ¡×;;;;;;;;;;;;x
CONFIRM_CANCEL_CONSTRUCTION_TITLE;Cancel Construction?;Annuler la construction ¡×;;;;;;;;;;;;x
CONFIRM_CREATE_STATE_DESC;Do you wish to turn this colony into a state?\nThis will make it into a normal state in your nation, conferring upon its population the same rights and privileges as your other citizens.;Souhaitez-vous transformer cette colonie en État ¡×\nElle deviendra alors un État normal de votre nation et sa population disposera des m¡×es droits et privil¡×es que vos autres citoyens.;;;;;;;;;;;;x
CONFIRM_CREATE_STATE_DESC2;(All local effects will be removed.);(Tous les effets locaux seront supprim¡×.);;;;;;;;;;;;x
CONFIRM_CREATE_STATE_TITLE;Create State;Cr¡×r un État;;;;;;;;;;;;x
CONFIRM_CREATE_VASSAL;Release Nation;Lib¡×er une nation;;;;;;;;;;;;x
CONFIRM_CREATE_VASSAL_DESC;Do you want to release §Y$COUNTRY$§W as a §Y$TYPE$§W?\n §Y$COUNTRY$§W will receive the following §Y$NUM$§W province(s): §Y$PROVINCES$§W.;Souhaitez-vous lib¡×er ¡×$COUNTRY$¡× en tant que ¡×$TYPE$¡× ¡×\n ¡×$COUNTRY$¡× recevra la(les) ¡×$NUM$¡× province(s) suivante(s) : ¡×$PROVINCES$¡×.;;;;;;;;;;;;x
CONFIRM_DISBAND_DESC;This will remove the unit completely from the game, and you will no longer have to pay any maintenance costs for it. Any manpower remaining in the unit will be returned to the pool.;Cette unit¡×sera d¡×initivement supprim¡× du jeu et vous n'aurez plus aucun frais d'entretien ¡×payer. Les effectifs subsistant dans cette unit¡×seront renvoy¡× vers votre r¡×erve.;;;;;;;;;;;;x
CONFIRM_DISBAND_TITLE;Do you wish to disband this unit?;Souhaitez-vous d¡×anteler cette unit¡×¡×;;;;;;;;;;;;x
CONFIRM_DISBAND_TOO_SMALL_DESC;This will remove all brigades that are not currently supported by a full-strength soldier POP, and you will no longer have to pay any maintenance costs for them. Any manpower remaining in those brigades will be returned to the pool.;;;;;;;;;;;;;x
CONFIRM_DISBAND_TOO_SMALL_TITLE;Do you wish to disband all undermanned brigades?;;;;;;;;;;;;;x
CONFIRM_INTERVENTION;Intervention!;Intervention !;;;;;;;;;;;;x
CONFIRM_INTERVENTION_DESC;Do you want to intervene in the $WAR$?;Voulez-vous intervenir dans la guerre :\n¡×$WAR$¡× ¡×;;;;;;;;;;;;x
CONFIRM_REMOVE_COLONY_NF_DESC;Your colonization progress will be lost. Do you want to remove the national focus?;La progression de votre colonisation va ¡×re perdue. Voulez-vous supprimer la cause nationale ¡×;;;;;;;;;;;;x
CONFIRM_REMOVE_COLONY_NF_TITLE;Remove Colonization National Focus;Supprimer la cause nationale de colonisation;;;;;;;;;;;;x
CONFIRMBUILDTEXT;Are you sure you wish to build;¡×es-vous certain de vouloir construire ¡×;;;;;;;;;;;;x
CONFIRMBUILDTEXTLEDGER;Are you sure you wish to build $BUILDING$ in $PROVINCE$?;Voulez-vous vraiment construire $BUILDING$ dans la province $PROVINCE$ ¡×;;;;;;;;;;;;x
CONFIRMBUILDTITLE;Confirm build.;Confirmer la construction.;;;;;;;;;;;;x
CONFIRMMISSIONTEXT;Are you sure you wish to send a missionary to $PROV$?;¡×es-vous s¡× de vouloir envoyer un missionnaire dans la province $PROV$ ¡×;;;;;;;;;;;;x
CONFIRMSAVETEXT;Are you sure you wish to overwrite the file $NAME$?;¡×es-vous s¡× de vouloir ¡×raser le fichier $NAME$ ¡×;;;;;;;;;;;;x
CONFIRMSAVETITLE;Save Game;Sauvegarder;;;;;;;;;;;;x
CONNECTED;Connected.;Connect¡×;;;;;;;;;;;;x
CONNECTING;Connecting...;Connexion en cours…;;;;;;;;;;;;x
CONNECTION_FAILED;Connection failed!;La connexion a ¡×hou¡×!;;;;;;;;;;;;x
CONSCIOUSNESS_EFFECT;$DIRECTION$ $VALUE$ Consciousness.\n;$DIRECTION$ $VALUE$ en conscience nationale.\n;;;;;;;;;;;;x
CONSTRUCTING_CASUS_BELLI_AGAINST;Acquiring war justification against;Obtention d'un casus belli contre;;;;;;;;;;;;x
CONT_AI;Replace w. AI;Remplacer par IA;;;;;;;;;;;;x
CONT_CONTINUE;Continue (no AI);Continuer (pas d'IA);;;;;;;;;;;;x
CONTINUE;Continue;Continuer;;;;;;;;;;;;x
CONTROLLED_BY;Controlled by ;Est contr¡×¡× par;;;;;;;;;;;;x
CONTROLS;Controls ;Contr¡×e ;Kontrolliert ;;;;;;;;;;;x
CORE_IS_REVOLTER;This country may be created from this province or appear as a new country if a revolt grows strong enough.;Ce pays peut ¡×re créé ¡×partir de cette province ou devenir un nouveau pays si une r¡×olte y prend suffisamment d'ampleur.;;;;;;;;;;;;x
CORE_IS_REVOLTER_CAPITAL;This is the potential capital of this nation.;C'est la capitale potentielle de cette nation.;;;;;;;;;;;;x
CORE_MP_PAUSED;$TIME$ left until anybody can unpause....;$TIME$ restant avant que quiconque puisse continuer…;;;;;;;;;;;;x
CORE_MP_PAUSED_NAME;Paused by $PLAYER$.;Mis en pause par $PLAYER$.;;;;;;;;;;;;x
CORE_PAUSED;PAUSE;PAUSE;;;;;;;;;;;;x
COREINFO;$COUNTRY$ considers this to be one of her core provinces.;$COUNTRY$ consid¡×e cette province comme ¡×ant l'une de ses provinces principales.;;;;;;;;;;;;x
CORRUPTION_LESS_THAN;Corruption less than ;Corruption inf¡×ieure ¡×;;;;;;;;;;;x
CORRUPTION_MORE_THAN;Corruption more than ;Corruption sup¡×ieure ¡×;;;;;;;;;;;x
COST;Cost: §Y$AMOUNT$§W Ducats \nBuildtime: §Y$TIME$§W Days;Co¡× : ¡×$AMOUNT$¡× Ducats \nDur¡× de construction : ¡×$TIME$¡× jours;;;;;;;;;;;;x
COST_TIME;Cost: §Y$AMOUNT$§W Ducats \nTime: §Y$TIME$§W Days.;Co¡× : ¡×$AMOUNT$¡× ducats \nDur¡× : ¡×$TIME$¡× jours.;;;;;;;;;;;;x
cotton_RGO_SIZE;Cotton Plantation Size;Taille de la plantation de coton;Baumwollplantage-Größe;;;;;;;;;;;x
COULDNT_AFFORD;Factory couldn't afford to buy all its inputs yesterday;Hier, l'usine ne pouvait pas se permettre d'acheter toutes ses mati¡×es premi¡×es.;;;;;;;;;;;;x
COUNTRY_HAS_NO_UNITS_IN_PROVINCE_TRIGGER;§Y$COUNTRY$§W has no units in province §Y$PROVINCE$§W.\n;¡×$COUNTRY$¡× n'a pas d'unit¡× dans la province ¡×$PROVINCE$¡×.\n;;;;;;;;;;;;x
COUNTRY_HAS_UNITS_IN_PROVINCE_TRIGGER;§Y$COUNTRY$§W has units in province §Y$PROVINCE$§W.\n;¡×$COUNTRY$¡× a des unit¡× dans la province ¡×$PROVINCE$¡×.\n;;;;;;;;;;;;x
COUNTRY_IS_CULTURE;Primary Culture is;La culture principale est;;;;;;;;;;;;x
COUNTRY_IS_NOT_CULTURE;Primary Culture is NOT;La culture principale n'est PAS;;;;;;;;;;;;x
COUNTRY_MORALE_TECH;From technology:;¡×partir de la technologie :;;;;;;;;;;;;x
COUNTRY_PUPPETS_LIST;Puppets:;Satellites :;;;;;;;;;;;;x
COUNTRYALERT_CanDoDecisions;We can enact the following decisions:;Nous pouvons prendre les d¡×isions suivantes :;;;;;;;;;;;;x
COUNTRYALERT_CanDoReforms;We can enact the following reforms:;Nous pouvons entreprendre les r¡×ormes suivantes :;;;;;;;;;;;;x
COUNTRYALERT_CanIncreaseOpinion;We can §YIncrease Opinion§W of our nation or add nations to our §YSphere of Influence§W:;Nous pouvons ¡×am¡×iorer l'opinion¡× de notre nation ou ajouter des nations ¡×notre ¡×sph¡×e d'influence¡× :;;;;;;;;;;;;x
COUNTRYALERT_CanRemoveFromSphere;We can remove nations from our §YSphere of Influence§W:;Nous pouvons sortir des pays de notre ¡×Sphere of Influence¡×;;;;;;;;;;;;x
COUNTRYALERT_ColonialBad_colonizationtimer;§RWe need to create a protectorate in §W§Y$REGION$§W§R before §Y$DATE$§W§R or lose it.§W;;;;;;;;;;;;;x
COUNTRYALERT_ColonialBad_influence;§RWe are losing the race in §W§Y$REGION$§W;;;;;;;;;;;;;x
COUNTRYALERT_ColonialGood_colony;§GWe can create a colony in §W§Y$REGION$§W;;;;;;;;;;;;;x
COUNTRYALERT_ColonialGood_invest;§GWe can invest in our a colony in §W§Y$REGION$§W;;;;;;;;;;;;;x
COUNTRYALERT_ColonialGood_protectorate;§GWe can create a protectorate in §W§Y$REGION$§W;;;;;;;;;;;;;x
COUNTRYALERT_ColonialGood_state;§GWe can create a state in §W§Y$REGION$§W;;;;;;;;;;;;;x
COUNTRYALERT_Crisis;Current crisis is at a temperature of §Y$TEMPERATURE$§W;;;;;;;;;;;;;x
COUNTRYALERT_HasClosedFactories;There are bankrupt factories in the following states:;Il y a des usines en faillite dans les États suivants :;;;;;;;;;;;;x
COUNTRYALERT_HasUnemployedWorkers;The following states have unemployed factory workers:;Les États suivants ont des ouvriers au ch¡×age :;;;;;;;;;;;;x
COUNTRYALERT_HaveOrganizingRebels;Rebel Factions are organizing in our country!;Les factions rebelles s'organisent dans notre pays !;;;;;;;;;;;;x
COUNTRYALERT_HaveRebels;There are rebels rising in our nation!;Les rebelles sont de plus en plus influents dans notre pays !;;;;;;;;;;;;x
COUNTRYALERT_IsBuildingFactories;We are building/expanding factories in the following states:;Nous construisons/agrandissons des usines dans les États suivants :;;;;;;;;;;;;x
COUNTRYALERT_IsInElection;There's currently an election being held in our nation. By §Y$DATE$§W, a new ruling party will be elected.;Des ¡×ections se pr¡×arent actuellement dans notre nation. Le ¡×$DATE$¡×, un nouveau parti sera ¡×u.;;;;;;;;;;;;x
COUNTRYALERT_LoosingGPStatus;We are losing §YGreat Power§W status! If we don't regain by §Y$DAYS$§W, the world will no longer view us as a §YGreat Power§W;Nous courons le risque de perdre notre statut ! Si nous ne le r¡×up¡×ons pas avant le ¡×$DAYS$¡×, le monde ne nous consid¡×era plus comme une ¡×Grande Puissance¡× !;;;;;;;;;;;;x
COUNTRYALERT_NO_CanDoDecisions;There are no decisions that presently demand our attention.;Actuellement, aucune d¡×ision ne n¡×essite notre attention.;;;;;;;;;;;;x
COUNTRYALERT_NO_CanDoReforms;We cannot enact any reforms;Nous ne pouvons entreprendre aucune r¡×orme.;;;;;;;;;;;;x
COUNTRYALERT_NO_CanIncreaseOpinion;We cannot increase the opinion of our nation or add nations to our §YSphere of Influence§W;Nous ne pouvons pas am¡×iorer l'opinion de notre nation ou ajouter des nations ¡×notre ¡×sph¡×e d'influence¡×.;;;;;;;;;;;;x
COUNTRYALERT_NO_Colonial;Nothing in our colonies needs attention.;;;;;;;;;;;;;x
COUNTRYALERT_NO_Crisis;No current crisis.;;;;;;;;;;;;;x
COUNTRYALERT_NO_GPStatus;We are not a §YGreat Power§W;Nous ne sommes pas une ¡×Grande Puissance¡×.;;;;;;;;;;;;x
COUNTRYALERT_NO_HasClosedFactories;There are no bankrupt factories in our nation;Aucune usine n'est en faillite dans notre nation.;;;;;;;;;;;;x
COUNTRYALERT_NO_HasUnemployedWorkers;There are no unemployed workers in our nation;Il n'y a pas de ch¡×eurs dans notre nation.;;;;;;;;;;;;x
COUNTRYALERT_NO_HaveRebels;We have no rebels in our nation;Nous n'avons pas de rebelles dans notre nation.;;;;;;;;;;;;x
COUNTRYALERT_NO_IsBuildingFactories;We are currently not building/expanding any factories;Nous ne construisons/agrandissons aucune usine actuellement.;;;;;;;;;;;;x
COUNTRYALERT_NO_IsInElection;There's currently no election taking place in our nation;Aucune ¡×ection n'est en cours dans notre nation.;;;;;;;;;;;;x
COUNTRYALERT_NO_LoosingGPStatus;We are not losing §YGreat Power§W status;Nous ne perdons pas le statut de ¡×Grande Puissance¡×.;;;;;;;;;;;;x
COVIEW_ORG_VALUE;Current level of organization;Niveau actuel d'organisation;;;;;;;;;;;;x
COVIEW_STR_LAND;Amount of men fighting on this side.;Nombre d'hommes se battant dans ce camp.;;;;;;;;;;;;x
COVIEW_STR_NAVAL;The amount of ships in this fleet.;Nombre de navire de cette flotte.;;;;;;;;;;;;x
CREATE_ADMIRAL_EFFECT;Gain new §Yadmiral§W.\n;Obtention d'un nouvel ¡×amiral¡×.\n;;;;;;;;;;;;x
CREATE_DOMINION;Release Dominion;;;;;;;;;;;;;x
CREATE_GENERAL_EFFECT;Gain new §Ygeneral§W.\n;Obtention d'un nouveau ¡×g¡×¡×al¡×.\n;;;;;;;;;;;;x
CREATE_PROTECTORATE;Create Protectorate;;;;;;;;;;;;;x
CREATE_REBELS;§R$SIZE$§Y $TYPE$§W brigade(s) rise up in revolt in §Y$WHERE$§W.\n;¡×$SIZE$¡× r¡×iment(s) $TYPE$¡× se r¡×oltent ¡×¡×$WHERE$¡×.\n;;;;;;;;;;;;x
CREATE_REVOLT;§R$SIZE$§W brigade(s) rises up in revolt in §Y$WHERE$§W.\n;¡×$SIZE$¡× r¡×iment(s) se r¡×oltent ¡×¡×$WHERE$¡×.\n;;;;;;;;;;;;x
CREATE_VASSAL_EFFECT;§Y$TARGET_COUNTRY$§W becomes a puppet of §Y$COUNTRY$§W.\n;¡×$TARGET_COUNTRY$¡× devient la marionnette de ¡×$COUNTRY$¡×.\n;;;;;;;;;;;;x
CREATE_WAVES;Creating Waves;Cr¡×tion de vagues;;;;;;;;;;;;x
CREATING_BORDERS;Creating Borders...;Cr¡×tion des fronti¡×es…;;;;;;;;;;;;x
CREATING_CHKSUM;Creating Checksum...;Cr¡×tion de somme de contr¡×e…;;;;;;;;;;;;x
CREATING_PROVINCE;Creating Province #;Cr¡×tion de province #;;;;;;;;;;;;x
CREATING_RIVERS;Creating Rivers...;Cr¡×tion des fleuves…;;;;;;;;;;;;x
CREATING_TEXTS;Creating Texts....;Cr¡×tion des textes…;;;;;;;;;;;;x
CREATING_THE_WORLD;Creating the World...;Cr¡×tion du monde…;;;;;;;;;;;;x
CREATING_TREES;Creating Trees...;Cr¡×tion des arbres…;;;;;;;;;;;;x
CRIME_FIGHTING;Crime Fighting;Lutte contre la criminalit¡×Verbrechensbek¡×pfung;;;;;;;;;;;x
CRIME_FIGHTING_SPENDING_OVER;Administration above §Y$VAL$§W%\n;Administration sup¡×ieure ¡×¡×$VAL$¡×%;;;;;;;;;;;;x
CRISIS_AI_INTEREST;Their interest in supporting;;;;;;;;;;;;;x
CRISIS_AI_WANTS_TO_BACK_1;has not decided who to support.;;;;;;;;;;;;;x
CRISIS_AI_WANTS_TO_BACK_2;is leaning towards supporting;;;;;;;;;;;;;x
CRISIS_AI_WANTS_TO_BACK_3;is strongly inclined to support;;;;;;;;;;;;;x
CRISIS_ALREADY_TAKEN_SIDE;Already chosen a side;;;;;;;;;;;;;x
CRISIS_BACK_DOWN;Propose Solution;;;;;;;;;;;;;x
CRISIS_BACK_DOWN_DI;Crisis solution offer;;;;;;;;;;;;;x
CRISIS_BACK_DOWN_OTHER_ACCEPT_1;$RECIPIENT$;$RECIPIENT$;;;;;;;;;;;;x
CRISIS_BACK_DOWN_OTHER_ACCEPT_2;$RECIPIENT$;$RECIPIENT$;;;;;;;;;;;;x
CRISIS_BACK_DOWN_OTHER_ACCEPT_3;accepted the crisis offer from;;;;;;;;;;;;;x
CRISIS_BACK_DOWN_OTHER_ACCEPT_4;$ACTOR$;$ACTOR$.;;;;;;;;;;;;x
CRISIS_BACK_DOWN_OTHER_ACCEPT_5;*;*;;;;;;;;;;;;x
CRISIS_BACK_DOWN_OTHER_ACCEPT_6;Terms: $TERMS$;Conditions : $TERMS$;;;;;;;;;;;;x
CRISIS_BACK_DOWN_OTHER_ACCEPT_BTN1;Fine!;Parfait !;;;;;;;;;;;;x
CRISIS_BACK_DOWN_OTHER_ACCEPT_BTN2;Fine!;Parfait !;;;;;;;;;;;;x
CRISIS_BACK_DOWN_OTHER_ACCEPT_BTN3;Goto;Voir;;;;;;;;;;;;x
CRISIS_BACK_DOWN_OTHER_ACCEPT_HEADER;$MESSENGER$;$MESSENGER$;;;;;;;;;;;;x
CRISIS_BACK_DOWN_OTHER_ACCEPT_LOG;$RECIPIENT$ accepted the crisis offer from $ACTOR$.;;;;;;;;;;;;;x
CRISIS_BACK_DOWN_OTHER_ACCEPT_MAP;*;*;;;;;;;;;;;;x
CRISIS_BACK_DOWN_OTHER_ACCEPT_SETUP;When a nation accepts an offer of solving a crisis;;;;;;;;;;;;;x
CRISIS_BACK_DOWN_OTHER_DECLINE_1;$RECIPIENT$;$RECIPIENT$;;;;;;;;;;;;x
CRISIS_BACK_DOWN_OTHER_DECLINE_2;$RECIPIENT$;$RECIPIENT$;;;;;;;;;;;;x
CRISIS_BACK_DOWN_OTHER_DECLINE_3;rejected the offer of a crisis solution from;;;;;;;;;;;;;x
CRISIS_BACK_DOWN_OTHER_DECLINE_4;$ACTOR$;$ACTOR$.;;;;;;;;;;;;x
CRISIS_BACK_DOWN_OTHER_DECLINE_5;*;*;;;;;;;;;;;;x
CRISIS_BACK_DOWN_OTHER_DECLINE_6;*;*;;;;;;;;;;;;x
CRISIS_BACK_DOWN_OTHER_DECLINE_BTN1;Fine!;Parfait !;;;;;;;;;;;;x
CRISIS_BACK_DOWN_OTHER_DECLINE_BTN2;Fine!;Parfait !;;;;;;;;;;;;x
CRISIS_BACK_DOWN_OTHER_DECLINE_BTN3;Goto;Voir;;;;;;;;;;;;x
CRISIS_BACK_DOWN_OTHER_DECLINE_HEADER;$MESSENGER$;$MESSENGER$;;;;;;;;;;;;x
CRISIS_BACK_DOWN_OTHER_DECLINE_LOG;$RECIPIENT$ rejected the offer of a crisis solution from $ACTOR$.;;;;;;;;;;;;;x
CRISIS_BACK_DOWN_OTHER_DECLINE_MAP;;*;;;;;;;;;;;;x
CRISIS_BACK_DOWN_OTHER_DECLINE_SETUP;When another nation rejects a crisis offer;Si une nation refuse de faire la paix avec une autre;;;;;;;;;;;;x
CRISIS_BACK_DOWN_THEY_ACCEPT_1;$RECIPIENT$;$RECIPIENT$;;;;;;;;;;;;x
CRISIS_BACK_DOWN_THEY_ACCEPT_2;$RECIPIENT$;$RECIPIENT$;;;;;;;;;;;;x
CRISIS_BACK_DOWN_THEY_ACCEPT_3;accepted our offer of a solution to the current crisis;;;;;;;;;;;;;x
CRISIS_BACK_DOWN_THEY_ACCEPT_4;*;*;;;;;;;;;;;;x
CRISIS_BACK_DOWN_THEY_ACCEPT_5;*;*;;;;;;;;;;;;x
CRISIS_BACK_DOWN_THEY_ACCEPT_6;Terms: $TERMS$;Conditions : $TERMS$;;;;;;;;;;;;x
CRISIS_BACK_DOWN_THEY_ACCEPT_BTN1;Fine!;Parfait !;;;;;;;;;;;;x
CRISIS_BACK_DOWN_THEY_ACCEPT_BTN2;Fine!;Parfait !;;;;;;;;;;;;x
CRISIS_BACK_DOWN_THEY_ACCEPT_BTN3;Goto;Voir;;;;;;;;;;;;x
CRISIS_BACK_DOWN_THEY_ACCEPT_HEADER;$MESSENGER$;$MESSENGER$;;;;;;;;;;;;x
CRISIS_BACK_DOWN_THEY_ACCEPT_LOG;$RECIPIENT$ accepted our peace offer.;$RECIPIENT$ a accept¡×notre offre de paix.;;;;;;;;;;;;x
CRISIS_BACK_DOWN_THEY_ACCEPT_MAP;*;*;;;;;;;;;;;;x
CRISIS_BACK_DOWN_THEY_ACCEPT_SETUP;When a nation accepts your offer of solving a crisis;;;;;;;;;;;;;x
CRISIS_BACK_DOWN_THEY_DECLINE_1;$RECIPIENT$;$RECIPIENT$;;;;;;;;;;;;x
CRISIS_BACK_DOWN_THEY_DECLINE_2;$RECIPIENT$;$RECIPIENT$;;;;;;;;;;;;x
CRISIS_BACK_DOWN_THEY_DECLINE_3;rejected our generous offer to resolve the crisis.;;;;;;;;;;;;;x
CRISIS_BACK_DOWN_THEY_DECLINE_4;*;*;;;;;;;;;;;;x
CRISIS_BACK_DOWN_THEY_DECLINE_5;*;*;;;;;;;;;;;;x
CRISIS_BACK_DOWN_THEY_DECLINE_6;*;*;;;;;;;;;;;;x
CRISIS_BACK_DOWN_THEY_DECLINE_BTN1;Fine!;Parfait !;;;;;;;;;;;;x
CRISIS_BACK_DOWN_THEY_DECLINE_BTN2;Fine!;Parfait !;;;;;;;;;;;;x
CRISIS_BACK_DOWN_THEY_DECLINE_BTN3;Goto;Voir;;;;;;;;;;;;x
CRISIS_BACK_DOWN_THEY_DECLINE_HEADER;$MESSENGER$;$MESSENGER$;;;;;;;;;;;;x
CRISIS_BACK_DOWN_THEY_DECLINE_LOG;$RECIPIENT$ rejected our crisis solution offer.;;;;;;;;;;;;;x
CRISIS_BACK_DOWN_THEY_DECLINE_MAP;*;*;;;;;;;;;;;;x
CRISIS_BACK_DOWN_THEY_DECLINE_SETUP;When a nation declines your offer to resolve a crisis;;;;;;;;;;;;;x
CRISIS_BACK_DOWN_WE_ACCEPT_1;$ACTOR$;$ACTOR$;;;;;;;;;;;;x
CRISIS_BACK_DOWN_WE_ACCEPT_2;We have accepted an offer to resolve the current crisis from;;;;;;;;;;;;;x
CRISIS_BACK_DOWN_WE_ACCEPT_3;$ACTOR$;$ACTOR$;;;;;;;;;;;;x
CRISIS_BACK_DOWN_WE_ACCEPT_4;on the following terms:;aux conditions suivantes :;;;;;;;;;;;;x
CRISIS_BACK_DOWN_WE_ACCEPT_5; $TERMS$; ¡×$TERMS$¡×;;;;;;;;;;;;x
CRISIS_BACK_DOWN_WE_ACCEPT_6;*;*;;;;;;;;;;;;x
CRISIS_BACK_DOWN_WE_ACCEPT_BTN1;Fine!;Parfait !;;;;;;;;;;;;x
CRISIS_BACK_DOWN_WE_ACCEPT_BTN2;Fine!;Parfait !;;;;;;;;;;;;x
CRISIS_BACK_DOWN_WE_ACCEPT_BTN3;Goto;Voir;;;;;;;;;;;;x
CRISIS_BACK_DOWN_WE_ACCEPT_HEADER;$MESSENGER$;$MESSENGER$;;;;;;;;;;;;x
CRISIS_BACK_DOWN_WE_ACCEPT_LOG;We accepted the offer to resolve the crisis from $ACTOR$.;;;;;;;;;;;;;x
CRISIS_BACK_DOWN_WE_ACCEPT_MAP;Peace!;Paix !;;;;;;;;;;;;x
CRISIS_BACK_DOWN_WE_ACCEPT_SETUP;When we accept an offer from the other side in a crisis;;;;;;;;;;;;;x
CRISIS_BACK_DOWN_WE_DECLINE_1;$ACTOR$;$ACTOR$;;;;;;;;;;;;x
CRISIS_BACK_DOWN_WE_DECLINE_2;We have declined the peace offer from;;;;;;;;;;;;;x
CRISIS_BACK_DOWN_WE_DECLINE_3;$ACTOR$;$ACTOR$;;;;;;;;;;;;x
CRISIS_BACK_DOWN_WE_DECLINE_4;on the following terms:;;;;;;;;;;;;;x
CRISIS_BACK_DOWN_WE_DECLINE_5;*;*;;;;;;;;;;;;x
CRISIS_BACK_DOWN_WE_DECLINE_6;*;*;;;;;;;;;;;;x
CRISIS_BACK_DOWN_WE_DECLINE_BTN1;Fine!;Parfait !;;;;;;;;;;;;x
CRISIS_BACK_DOWN_WE_DECLINE_BTN2;Fine!;Parfait !;;;;;;;;;;;;x
CRISIS_BACK_DOWN_WE_DECLINE_BTN3;Goto;Voir;;;;;;;;;;;;x
CRISIS_BACK_DOWN_WE_DECLINE_HEADER;$MESSENGER$;$MESSENGER$;;;;;;;;;;;;x
CRISIS_BACK_DOWN_WE_DECLINE_LOG;We declined the crisis suggestion offer from $ACTOR$.;;;;;;;;;;;;;x
CRISIS_BACK_DOWN_WE_DECLINE_MAP;*;*;;;;;;;;;;;;x
CRISIS_BACK_DOWN_WE_DECLINE_SETUP;When we decline a offer to resolve a crisis;;;;;;;;;;;;;x
CRISIS_BACK_DOWNTITLE;Crisis;;;;;;;;;;;;;x
CRISIS_BECAME_WAR_1;International Crisis;*;;;;;;;;;;;;x
CRISIS_BECAME_WAR_2;The diplomatic negotiations in the current crisis have failed.;*;;;;;;;;;;;;x
CRISIS_BECAME_WAR_3;It seems the field of battle will decide who is right.;*;;;;;;;;;;;;x
CRISIS_BECAME_WAR_4;*;*;;;;;;;;;;;;x
CRISIS_BECAME_WAR_5;*;*;;;;;;;;;;;;x
CRISIS_BECAME_WAR_6;*;*;;;;;;;;;;;;x
CRISIS_BECAME_WAR_BTN1;Ok;OK;;;;;;;;;;;;x
CRISIS_BECAME_WAR_HEADER;$MESSENGER$;$MESSENGER$;;;;;;;;;;;;x
CRISIS_BECAME_WAR_LOG;A crisis has escalated into war.;;;;;;;;;;;;;x
CRISIS_BECAME_WAR_SETUP;A crisis has escalated into war;;;;;;;;;;;;;x
CRISIS_CANT_DECLARE_WAR;You can not declare war or be declared war upon if you are involved in a crisis.;;;;;;;;;;;;;x
CRISIS_DAYS_UNTIL_WAR;War will break out in §Y$DAYS$§W days if a diplomatic solution is not found.;;;;;;;;;;;;;x
CRISIS_DESCRIPTION_COLONIZE;Crisis over the rights to colonize.;;;;;;;;;;;;;x
CRISIS_DESCRIPTION_INFLUENCE;The struggle for control in $COUNTRY$;;;;;;;;;;;;;x
CRISIS_DESCRIPTION_LIBERATION;Crisis over the liberation of $COUNTRY$.;;;;;;;;;;;;;x
CRISIS_DESCRIPTION_RECLAIM;Crisis over the return of $COUNTRY$'s rightful territories.;;;;;;;;;;;;;x
CRISIS_INTEREST;Their interest: §Y$VAL$§W;;;;;;;;;;;;;x
CRISIS_MAKE_OFFER;Make an offer to §Y$COUNTRY$§W to entice them to back your side.;;;;;;;;;;;;;x
CRISIS_MAKE_OFFER_INVALID;You must offer them something!;;;;;;;;;;;;;x
CRISIS_MAKE_OFFER_NOT_LEADER;You must be a leader in the crisis to make offers.;;;;;;;;;;;;;x
CRISIS_NO_SIDE_PICKED_1;Diplomatic Indecisiveness;*;;;;;;;;;;;;x
CRISIS_NO_SIDE_PICKED_2;Because of our failure to act;*;;;;;;;;;;;;x
CRISIS_NO_SIDE_PICKED_3;our prestige is reduced by §R$PENALTY$§!.;*;;;;;;;;;;;;x
CRISIS_NO_SIDE_PICKED_4;In the future we must make a stand in international politics or risk being ignored.;*;;;;;;;;;;;;x
CRISIS_NO_SIDE_PICKED_5;*;*;;;;;;;;;;;;x
CRISIS_NO_SIDE_PICKED_6;*;*;;;;;;;;;;;;x
CRISIS_NO_SIDE_PICKED_BTN1;Ok;OK;;;;;;;;;;;;x
CRISIS_NO_SIDE_PICKED_HEADER;*;*;;;;;;;;;;;;x
CRISIS_NO_SIDE_PICKED_LOG;We failed to act before the current crisis concluded;;;;;;;;;;;;;x
CRISIS_NO_SIDE_PICKED_SETUP;When we have avoided backing one of the sides of the crisis;;;;;;;;;;;;;x
CRISIS_NOBODY_BACKED_1;Crisis averted for now;*;;;;;;;;;;;;x
CRISIS_NOBODY_BACKED_2;The crisis in;;;;;;;;;;;;;x
CRISIS_NOBODY_BACKED_3;§Y$CRISISTARGET$§!;*;;;;;;;;;;;;x
CRISIS_NOBODY_BACKED_4;failed to enlist international interest at this time.;;;;;;;;;;;;;x
CRISIS_NOBODY_BACKED_5;*;*;;;;;;;;;;;;x
CRISIS_NOBODY_BACKED_6;*;*;;;;;;;;;;;;x
CRISIS_NOBODY_BACKED_BTN1;Ok;OK;;;;;;;;;;;;x
CRISIS_NOBODY_BACKED_HEADER;$MESSENGER$;$MESSENGER$;;;;;;;;;;;;x
CRISIS_NOBODY_BACKED_LOG;Nobody backed current crisis;;;;;;;;;;;;;x
CRISIS_NOBODY_BACKED_SETUP;When nobody backs a crisis;;;;;;;;;;;;;x
CRISIS_OFFER_DI;Offer of joining a side of a crisis;;;;;;;;;;;;;x
CRISIS_OFFER_OFFER;$ACTOR$ offer §Y$WARGOAL$§W to join their side in the current crisis.;;;;;;;;;;;;;x
CRISIS_OFFER_OTHER_ACCEPT_1;$MONARCHTITLE$;$MONARCHTITLE$;;;;;;;;;;;;x
CRISIS_OFFER_OTHER_ACCEPT_2;Trouble is brewing;;;;;;;;;;;;;x
CRISIS_OFFER_OTHER_ACCEPT_3;It seems that $RECIPIENT$;;;;;;;;;;;;;x
CRISIS_OFFER_OTHER_ACCEPT_4;has decided to join the current crisis;;;;;;;;;;;;;x
CRISIS_OFFER_OTHER_ACCEPT_5;on the side of $ACTOR$;;;;;;;;;;;;;x
CRISIS_OFFER_OTHER_ACCEPT_6;*;*;;;;;;;;;;;;x
CRISIS_OFFER_OTHER_ACCEPT_BTN1;OK;D'accord;;;;;;;;;;;;x
CRISIS_OFFER_OTHER_ACCEPT_BTN2;OK;D'accord;;;;;;;;;;;;x
CRISIS_OFFER_OTHER_ACCEPT_BTN3;Go to;Voir;;;;;;;;;;;;x
CRISIS_OFFER_OTHER_ACCEPT_HEADER;The Foreign Minister reports;Le ministre des Affaires ¡×rang¡×es indique :;;;;;;;;;;;;x
CRISIS_OFFER_OTHER_ACCEPT_LOG;$RECIPIENT$ joined in the current crisis.;;;;;;;;;;;;;x
CRISIS_OFFER_OTHER_ACCEPT_SETUP;When someone joins the side of a crisis;;;;;;;;;;;;;x
CRISIS_OFFER_OTHER_DECLINE_1;$MONARCHTITLE$;$MONARCHTITLE$;;;;;;;;;;;;x
CRISIS_OFFER_OTHER_DECLINE_2;Things don't seem to be escalating yet.;;;;;;;;;;;;;x
CRISIS_OFFER_OTHER_DECLINE_3;It seems that $RECIPIENT$;;;;;;;;;;;;;x
CRISIS_OFFER_OTHER_DECLINE_4;has declined to join the current crisis;;;;;;;;;;;;;x
CRISIS_OFFER_OTHER_DECLINE_5;on the side of $ACTOR$;;;;;;;;;;;;;x
CRISIS_OFFER_OTHER_DECLINE_6;*;*;;;;;;;;;;;;x
CRISIS_OFFER_OTHER_DECLINE_BTN1;OK;D'accord;;;;;;;;;;;;x
CRISIS_OFFER_OTHER_DECLINE_BTN2;OK;D'accord;;;;;;;;;;;;x
CRISIS_OFFER_OTHER_DECLINE_BTN3;Go to;Voir;;;;;;;;;;;;x
CRISIS_OFFER_OTHER_DECLINE_HEADER;The Foreign Minister reports;Le ministre des Affaires ¡×rang¡×es indique :;;;;;;;;;;;;x
CRISIS_OFFER_OTHER_DECLINE_LOG;$RECIPIENT$ declined to join the current crisis.;;;;;;;;;;;;;x
CRISIS_OFFER_OTHER_DECLINE_SETUP;When someone declines the side of a crisis;;;;;;;;;;;;;x
CRISIS_OFFER_THEY_ACCEPT_1;$MONARCHTITLE$;$MONARCHTITLE$;;;;;;;;;;;;x
CRISIS_OFFER_THEY_ACCEPT_2;We have joined $RECIPIENT$ in the current crisis with the following offer:;;;;;;;;;;;;;x
CRISIS_OFFER_THEY_ACCEPT_3;$WARGOAL$;¡×$WARGOAL$¡×;;;;;;;;;;;;x
CRISIS_OFFER_THEY_ACCEPT_4;*;*;;;;;;;;;;;;x
CRISIS_OFFER_THEY_ACCEPT_5;*;*;;;;;;;;;;;;x
CRISIS_OFFER_THEY_ACCEPT_6;*;*;;;;;;;;;;;;x
CRISIS_OFFER_THEY_ACCEPT_BTN1;OK;D'accord;;;;;;;;;;;;x
CRISIS_OFFER_THEY_ACCEPT_BTN2;OK;D'accord;;;;;;;;;;;;x
CRISIS_OFFER_THEY_ACCEPT_BTN3;Go to;Voir;;;;;;;;;;;;x
CRISIS_OFFER_THEY_ACCEPT_HEADER;The Foreign Minister reports;Le ministre des Affaires ¡×rang¡×es indique :;;;;;;;;;;;;x
CRISIS_OFFER_THEY_ACCEPT_LOG;$RECIPIENT$ joined us in the current crisis.;;;;;;;;;;;;;x
CRISIS_OFFER_THEY_ACCEPT_SETUP;When someone accepts joining our side in a crisis;;;;;;;;;;;;;x
CRISIS_OFFER_THEY_DECLINE_1;$MONARCHTITLE$;$MONARCHTITLE$;;;;;;;;;;;;x
CRISIS_OFFER_THEY_DECLINE_2;$RECIPIENT$ declined to join talks over the current crisis.;;;;;;;;;;;;;x
CRISIS_OFFER_THEY_DECLINE_3;*;*;;;;;;;;;;;;x
CRISIS_OFFER_THEY_DECLINE_4;*;*;;;;;;;;;;;;x
CRISIS_OFFER_THEY_DECLINE_5;*;*;;;;;;;;;;;;x
CRISIS_OFFER_THEY_DECLINE_6;*;*;;;;;;;;;;;;x
CRISIS_OFFER_THEY_DECLINE_BTN1;OK;D'accord;;;;;;;;;;;;x
CRISIS_OFFER_THEY_DECLINE_BTN2;OK;D'accord;;;;;;;;;;;;x
CRISIS_OFFER_THEY_DECLINE_BTN3;Go to;Voir;;;;;;;;;;;;x
CRISIS_OFFER_THEY_DECLINE_HEADER;The Foreign Minister reports;Le ministre des Affaires ¡×rang¡×es indique :;;;;;;;;;;;;x
CRISIS_OFFER_THEY_DECLINE_LOG;$RECIPIENT$ declined to join the current crisis.;;;;;;;;;;;;;x
CRISIS_OFFER_THEY_DECLINE_SETUP;When someone declines to join our side in a crisis;;;;;;;;;;;;;x
CRISIS_OFFER_WE_ACCEPT_1;$MONARCHTITLE$;$MONARCHTITLE$;;;;;;;;;;;;x
CRISIS_OFFER_WE_ACCEPT_2;We have joined $ACTOR$ in the current crisis with the following offer:;;;;;;;;;;;;;x
CRISIS_OFFER_WE_ACCEPT_3;$WARGOAL$;¡×$WARGOAL$¡×;;;;;;;;;;;;x
CRISIS_OFFER_WE_ACCEPT_4;*;*;;;;;;;;;;;;x
CRISIS_OFFER_WE_ACCEPT_5;*;*;;;;;;;;;;;;x
CRISIS_OFFER_WE_ACCEPT_6;*;*;;;;;;;;;;;;x
CRISIS_OFFER_WE_ACCEPT_BTN1;OK;D'accord;;;;;;;;;;;;x
CRISIS_OFFER_WE_ACCEPT_BTN2;OK;D'accord;;;;;;;;;;;;x
CRISIS_OFFER_WE_ACCEPT_BTN3;Go to;Voir;;;;;;;;;;;;x
CRISIS_OFFER_WE_ACCEPT_HEADER;The Foreign Minister reports;Le ministre des Affaires ¡×rang¡×es indique :;;;;;;;;;;;;x
CRISIS_OFFER_WE_ACCEPT_LOG;We joined the current crisis;;;;;;;;;;;;;x
CRISIS_OFFER_WE_ACCEPT_SETUP;When we accept joining a side of a crisis;;;;;;;;;;;;;x
CRISIS_OFFER_WE_DECLINE_1;$MONARCHTITLE$;$MONARCHTITLE$;;;;;;;;;;;;x
CRISIS_OFFER_WE_DECLINE_2;We have declined to join $ACTOR$ in the current crisis;;;;;;;;;;;;;x
CRISIS_OFFER_WE_DECLINE_3;*;*;;;;;;;;;;;;x
CRISIS_OFFER_WE_DECLINE_4;*;*;;;;;;;;;;;;x
CRISIS_OFFER_WE_DECLINE_5;*;*;;;;;;;;;;;;x
CRISIS_OFFER_WE_DECLINE_6;*;*;;;;;;;;;;;;x
CRISIS_OFFER_WE_DECLINE_BTN1;OK;D'accord;;;;;;;;;;;;x
CRISIS_OFFER_WE_DECLINE_BTN2;OK;D'accord;;;;;;;;;;;;x
CRISIS_OFFER_WE_DECLINE_BTN3;Go to;Voir;;;;;;;;;;;;x
CRISIS_OFFER_WE_DECLINE_HEADER;The Foreign Minister reports;Le ministre des Affaires ¡×rang¡×es indique :;;;;;;;;;;;;x
CRISIS_OFFER_WE_DECLINE_LOG;We declined to join the current crisis;;;;;;;;;;;;;x
CRISIS_OFFER_WE_DECLINE_SETUP;When we decline to join a side in a crisis;;;;;;;;;;;;;x
CRISIS_OFFERTITLE;Make Offer;;;;;;;;;;;;;x
CRISIS_PROGRESS_DESC;When this meter reaches maxiumum the time for diplomacy is over and the crisis will become a war.;;;;;;;;;;;;;x
CRISIS_RESOLUTION_EFFECTS;Resolving the crisis in this way will give you $VAL$ prestige.;;;;;;;;;;;;;x
CRISIS_RESOLUTION_RELATIONS;Relations with the following countries will change:;;;;;;;;;;;;;x
CRISIS_STARTED_1;International Crisis;*;;;;;;;;;;;;x
CRISIS_STARTED_2;Diplomatic tension has caused an international crisis in;*;;;;;;;;;;;;x
CRISIS_STARTED_3;$CRISISTARGET$;;;;;;;;;;;;;x
CRISIS_STARTED_4;We have no concerns, this will be resolved in a civilized way.;;;;;;;;;;;;;x
CRISIS_STARTED_5;*;*;;;;;;;;;;;;x
CRISIS_STARTED_6;*;*;;;;;;;;;;;;x
CRISIS_STARTED_BTN1;Ok;OK;;;;;;;;;;;;x
CRISIS_STARTED_HEADER;$MESSENGER$;$MESSENGER$;;;;;;;;;;;;x
CRISIS_STARTED_LOG;A new crisis has started;;;;;;;;;;;;;x
CRISIS_STARTED_SETUP;An international crisis has started;;;;;;;;;;;;;x
CRISIS_TEMPERATURE;Crisis temperature: §R$VALUE$%§W;;;;;;;;;;;;;x
CRISIS_TEMPERATURE_EFFECT;$DIRECTION$ $VALUE$ crisis temperature.\n;;;;;;;;;;;;;x
CRISIS_TEMPERATURE_LESS_THAN;Lower crisis temperature than ;;;;;;;;;;;;;x
CRISIS_TEMPERATURE_MORE_THAN;Higher crisis temperature than ;;;;;;;;;;;;;x
CRISIS_TITLE_COUNTRY;$COUNTRY_ADJ$ Crisis;;;;;;;;;;;;;x
CRISIS_WAITING_DESC;At least one side of the crisis is waiting for a Great Power to support them.;;;;;;;;;;;;;x
CRISIS_WAITING_ON_BACKER;Waiting on Great Power Backer;;;;;;;;;;;;;x
CRISISDEMANDDESC;$COUNTRY$ is demanding we settle the current crisis in their favor:;;;;;;;;;;;;;x
CRISISOFFERDESC;$COUNTRY$ is offering to settle the current crisis in our favor:;;;;;;;;;;;;;x
crossing;Crossing;Passage;;;;;;;;;;;;x
CRUDE_OIL_IS_ATLEAST_TRIGGER;Crude oil is at least §Y$VALUE$§W.\n;Il y a au moins ¡×$VALUE$¡× de p¡×role brut.\n;;;;;;;;;;;;x
CRUDE_OIL_IS_NOT_TRIGGER;Crude oil is not §Y$VALUE$§W.\n;Le stock de p¡×role brut n'est pas de ¡×$VALUE$¡×.\n;;;;;;;;;;;;x
culture_ideas;culture_ideas;culture_ideas;culture_ideas;;;;;;;;;;;x
CULTURE_IS;Culture is;La culture est;;;;;;;;;;;;x
CULTURE_IS_NOT;Culture is NOT;La culture n'est PAS;;;;;;;;;;;;x
culture_tech_research_bonus;Culture Tech Research;Recherche en technologie culturelle;;;;;;;;;;;;x
CURR_COMB_ORG;Organization at;Organisation ¡×;;;;;;;;;;;x
CURR_COMB_STR;Current Strength at;Force actuelle ¡×;;;;;;;;;;;x
CURR_REL_TT;Our current relations.;Nos relations actuelles.;;;;;;;;;;;;x
CURRENT_MORALE;Organisation: §Y$SIZE$§W of $MAX$.\n;Organisation : ¡×$SIZE$¡× sur $MAX$.\n;;;;;;;;;;;;x
CV_GOVTTYPE;$COUNTRY$ is a $GOVT$;Le gouvernement de $COUNTRY$ est : $GOVT$;;;;;;;;;;;;x
CV_NORELATION;We currently have no diplomatic relations with this country.;Nous n'avons pas de relations diplomatiques avec ce pays pour le moment.;;;;;;;;;;;;x
CV_RULEDBY;Ruled by $NAME$;gouvern¡×par $NAME$;;;;;;;;;;;;x
CW_WARNALLIES;They are allied with $COUNTRY$.;Ils sont alli¡× avec $COUNTRY$.;;;;;;;;;;;;x
CW_WARNALLIES2;$ENEMY$ is allied with $COUNTRY$.;$ENEMY$ est alli¡×avec $COUNTRY$.;;;;;;;;;;;;x
CW_WARNGUARANTEED;They are guaranteed by $COUNTRY$.;$COUNTRY$ se porte garant pour eux.;;;;;;;;;;;;x
CW_WARNGUARANTEED2;$ENEMY$ is guaranteed by $COUNTRY$.;$COUNTRY$ se porte garant pour $ENEMY$.;;;;;;;;;;;;x
CW_WARNINSPHERE_SHORT;They are in $COUNTRY$'s Sphere.;Pays se trouvant dans la sph¡×e de $COUNTRY$.;;;;;;;;;;;;x
CW_WARNOVERLORD2;$ENEMY$ is a puppet of $COUNTRY$, who will protect them.;$ENEMY$ est une marionnette de $COUNTRY$, qui les prot¡×era.;;;;;;;;;;;;x
CW_WARNWARN;We have been warned by $COUNTRY$, so they may intervene.;Nous avons ¡×¡×avertis par $COUNTRY$. Ils peuvent donc intervenir.;;;;;;;;;;;;x
CW_WARNWARN2;$FRIEND$ has been warned by $COUNTRY$, so they may intervene.;$FRIEND$ a ¡×¡×averti par $COUNTRY$. Ils peuvent donc intervenir.;;;;;;;;;;;;x
DATE_DIFF_A;$Y$ years, $M$ months and $D$ days;;;;;;;;;;;;;x
DATE_DIFF_B;$M$ months and $D$ days;;;;;;;;;;;;;x
DATE_DIFF_C;$D$ days;;;;;;;;;;;;;x
DAYS;Days;Jours;;;;;;;;;;;;x
DCG_MONEY_MOD;Amount of money gained from IC is modified by;La somme d'argent gagn¡× de la CI est modifi¡× par;;;;;;;;;;;;x
DCG_TOTAL_NEED;We need a total of §Y$PERC$%§W of our IC into consumer goods.;Il nous faut un total de ¡×$PERC$%¡× de CI en biens de consommation.;;;;;;;;;;;;x
December;December;D¡×embre;;;;;;;;;;;;x
DECISIONOTHER_1;$ACTOR$;$ACTOR$;;;;;;;;;;;;x
DECISIONOTHER_2;They have decided to;Ils ont d¡×id¡×de;In $COUNTRY$ ereignete sich k¡×zlich;;;;;;;;;;;x
DECISIONOTHER_3;$EVENT$!;$EVENT$ !;$EVENT$!;;;;;;;;;;;x
DECISIONOTHER_4;$DESC$;$DESC$;$DESC$;;;;;;;;;;;x
DECISIONOTHER_5;*;*;*;;;;;;;;;;;x
DECISIONOTHER_6;*;*;*;;;;;;;;;;;x
DECISIONOTHER_BTN1;OK;D'accord;OK;;;;;;;;;;;x
DECISIONOTHER_BTN2;OK;D'accord;OK;;;;;;;;;;;x
DECISIONOTHER_BTN3;*;*;*;;;;;;;;;;;x
DECISIONOTHER_HEADER;The Foreign Minister reports;Le ministre des Affaires ¡×rang¡×es rapporte;Der Au¡×nminister berichtet:;;;;;;;;;;;x
DECISIONOTHER_LOG;Decision: '$EVENT$' in $COUNTRY$.;D¡×ision : $COUNTRY$ a d¡×id¡×'$EVENT$'.;Entscheidung: '$EVENT$' in $COUNTRY$.;;;;;;;;;;;x
DECISIONOTHER_MAP;*;*;*;;;;;;;;;;;x
DECISIONOTHER_SETUP;When another country executes a decision.;Si un autre pays applique une d¡×ision.;Wenn ein anderes Land eine Entscheidung ausf¡×rt.;;;;;;;;;;;x
DECISIONUS_1;$EVENT$!;$EVENT$ !;$EVENT$!;;;;;;;;;;;x
DECISIONUS_2;$DESC$;$DESC$;$DESC$;;;;;;;;;;;x
DECISIONUS_3;*;*;*;;;;;;;;;;;x
DECISIONUS_4;*;*;*;;;;;;;;;;;x
DECISIONUS_5;*;*;*;;;;;;;;;;;x
DECISIONUS_6;*;*;*;;;;;;;;;;;x
DECISIONUS_BTN1;OK;D'accord;OK;;;;;;;;;;;x
DECISIONUS_BTN2;OK;D'accord;OK;;;;;;;;;;;x
DECISIONUS_BTN3;*;*;*;;;;;;;;;;;x
DECISIONUS_HEADER;The Foreign Ministry reports;Le ministre des Affaires ¡×rang¡×es rapporte;Der Innenminister berichtet:;;;;;;;;;;;x
DECISIONUS_LOG;Decision: '$EVENT$' for player.;D¡×ision : '$EVENT$' pour le joueur.;Entscheidung: '$EVENT$' f¡× Spieler.;;;;;;;;;;;x
DECISIONUS_MAP;*;*;*;;;;;;;;;;;x
DECISIONUS_SETUP;When we execute a decision.;Si nous appliquons une d¡×ision.;Wenn wir eine Entscheidung ausf¡×ren.;;;;;;;;;;;x
DECL_WAR_NO_SUBSTATE;We are not allowed to declare war against §Ysubstates§W or §Yneutral nations§W;Nous ne sommes pas autoris¡× ¡×d¡×larer ¡×la guerre aux ¡×sous-¡×ats¡×;;;;;;;;;;;;x
DECL_WAR_NO_VASSAL;We are not allowed to declare war against §Ysatellites§W, §Ydominions§W or §Yneutral nations§W;Nous ne sommes pas autoris¡× ¡×d¡×larer la guerre ¡×des ¡×satellites¡× ou ¡×dominions¡×.;;;;;;;;;;;;x
DECLINE;Decline;Refuser;Ablehnen;;;;;;;;;;;x
DECLWAR_GUARACANCELNTEE;You cannot declare war on a nation you guarantee;Vous ne pouvez pas d¡×larer la guerre ¡×une nation pour laquelle vous vous portez garant;;;;;;;;;;;;x
DECLWAR_LIMITED;This war is a limited war.;Cette guerre est un conflit limit¡×;;;;;;;;;;;;x
DECREASE_RELATION_MAX;We cannot get worse relations with;Nous ne pouvons pas entretenir de pires relations avec;;;;;;;;;;;;x
DECREASED;decreased;baiss¡×;verschlechterten;;;;;;;;;;;x
DECREASEOPINION_BUTTON;Decrease Opinion;Faire baisser l'opinion;;;;;;;;;;;;x
DECREASEOPINION_DESC;Decreases the opinion of another Great Power in this country.;Fait baisser l'opinion d'une autre grande puissance dans ce pays.;;;;;;;;;;;;x
DECREASEOPINION_DI;Opinion Decrease;Opinion en baisse;;;;;;;;;;;;x
DECREASEOPINION_OTHER_ACCEPT_1;§Y$RECIPIENT$§W;¡×$RECIPIENT$¡×;;;;;;;;;;;;x
DECREASEOPINION_OTHER_ACCEPT_2;$MONARCHTITLE$, we have been;$MONARCHTITLE$, on nous a;;;;;;;;;;;;x
DECREASEOPINION_OTHER_ACCEPT_3;informed that §Y$ACTOR$§W has spread;inform¡× que ¡×$ACTOR$¡× fait circuler;;;;;;;;;;;;x
DECREASEOPINION_OTHER_ACCEPT_4;rumours about §Y$TARGET$§W in §Y$RECIPIENT$§W.;des rumeurs sur ¡×$TARGET$¡× ¡×¡×$RECIPIENT$¡×.;;;;;;;;;;;;x
DECREASEOPINION_OTHER_ACCEPT_5;It seems that this lowered;Il semble que;;;;;;;;;;;;x
DECREASEOPINION_OTHER_ACCEPT_6;the opinion of them to §Y$OPINION$§W.;l'opinion du pays ¡×son ¡×ard se soit d¡×rad¡× pour passer ¡×: ¡×$OPINION$¡×.;;;;;;;;;;;;x
DECREASEOPINION_OTHER_ACCEPT_BTN1;OK;OK;;;;;;;;;;;;x
DECREASEOPINION_OTHER_ACCEPT_BTN2;OK;OK;;;;;;;;;;;;x
DECREASEOPINION_OTHER_ACCEPT_BTN3;Go To;Aller ¡×;;;;;;;;;;;x
DECREASEOPINION_OTHER_ACCEPT_HEADER;The Foreign Minister reports;Le ministre des Affaires ¡×rang¡×es indique :;;;;;;;;;;;;x
DECREASEOPINION_OTHER_ACCEPT_LOG;$ACTOR$ has lowered the opinion of $TARGET$ in $RECIPIENT$ to $OPINION$.;$ACTOR$ a fait baisser l'opinion de $TARGET$ ¡×l'¡×ard de $RECIPIENT$ , celle-ci est pass¡× ¡×: $OPINION$.;;;;;;;;;;;;x
DECREASEOPINION_OTHER_ACCEPT_SETUP;When a nation decreases the opinion of another nation;Si une nation diminue l'opinion d'une autre;;;;;;;;;;;;x
DECREASEOPINION_THEY_ACCEPT_1;§Y$RECIPIENT$§W;¡×$RECIPIENT$¡×;;;;;;;;;;;;x
DECREASEOPINION_THEY_ACCEPT_2;$MONARCHTITLE$, we have successfully;$MONARCHTITLE$, nous avons r¡×ssi ¡×;;;;;;;;;;;x
DECREASEOPINION_THEY_ACCEPT_3;lowered the opinion of §Y$TARGET$§W;faire baisser l'opinion de ¡×$RECIPIENT$¡×;;;;;;;;;;;;x
DECREASEOPINION_THEY_ACCEPT_4;in §Y$RECIPIENT$§W.;¡×l'¡×ard de ¡×$TARGET$¡×.;;;;;;;;;;;;x
DECREASEOPINION_THEY_ACCEPT_5;Their opinion of them is now §Y$OPINION$§W.;Celle-ci est pass¡× ¡×: ¡×$OPINION$¡×.;;;;;;;;;;;;x
DECREASEOPINION_THEY_ACCEPT_6;*;*;;;;;;;;;;;;x
DECREASEOPINION_THEY_ACCEPT_BTN1;OK;OK;;;;;;;;;;;;x
DECREASEOPINION_THEY_ACCEPT_BTN2;OK;OK;;;;;;;;;;;;x
DECREASEOPINION_THEY_ACCEPT_BTN3;Go To;Aller ¡×;;;;;;;;;;;x
DECREASEOPINION_THEY_ACCEPT_HEADER;The Foreign Minister reports;Le ministre des Affaires ¡×rang¡×es indique :;;;;;;;;;;;;x
DECREASEOPINION_THEY_ACCEPT_LOG;We decreased the opinion of $TARGET$ in $RECIPIENT$ to $OPINION$.;L'opinion de $RECIPIENT$ ¡×l'¡×ard de $TARGET$ s'est d¡×rad¡× pour passer ¡×: $OPINION$.;;;;;;;;;;;;x
DECREASEOPINION_THEY_ACCEPT_MAP;Opinion decreased;Opinion en baisse;;;;;;;;;;;;x
DECREASEOPINION_THEY_ACCEPT_SETUP;When we decrease the opinion of another nation;Si nous diminuons l'opinion d'une autre nation;;;;;;;;;;;;x
DECREASEOPINION_WE_ACCEPT_1;§Y$TARGET$§W;¡×$TARGET$¡×;;;;;;;;;;;;x
DECREASEOPINION_WE_ACCEPT_2;$MONARCHTITLE$, we have been;$MONARCHTITLE$,;;;;;;;;;;;;x
DECREASEOPINION_WE_ACCEPT_3;convinced by §Y$ACTOR$§W that;¡×$ACTOR$¡× nous a convaincus que;;;;;;;;;;;;x
DECREASEOPINION_WE_ACCEPT_4;§Y$TARGET$§W is not to be trusted.;¡×$TARGET$¡× n'est pas digne de confiance.;;;;;;;;;;;;x
DECREASEOPINION_WE_ACCEPT_5;Our opinion of them has been lowered to §Y$OPINION$§W;Notre opinion ¡×son ¡×ard s'est d¡×rad¡× pour passer ¡×: ¡×$OPINION$¡×;;;;;;;;;;;;x
DECREASEOPINION_WE_ACCEPT_6;*;*;;;;;;;;;;;;x
DECREASEOPINION_WE_ACCEPT_BTN1;OK;OK;;;;;;;;;;;;x
DECREASEOPINION_WE_ACCEPT_BTN2;OK;OK;;;;;;;;;;;;x
DECREASEOPINION_WE_ACCEPT_BTN3;Go To;Aller ¡×;;;;;;;;;;;x
DECREASEOPINION_WE_ACCEPT_HEADER;The Foreign Minister reports;Le ministre des Affaires ¡×rang¡×es indique :;;;;;;;;;;;;x
DECREASEOPINION_WE_ACCEPT_LOG;$ACTOR$ has lowered our opinion of $TARGET$ to $OPINION$.;$ACTOR$ a fait baisser notre opinion ¡×l'¡×ard de $TARGET$ , celle-ci est pass¡× ¡×: $OPINION$.;;;;;;;;;;;;x
DECREASEOPINION_WE_ACCEPT_MAP;Opinion decreased;Opinion en baisse;;;;;;;;;;;;x
DECREASEOPINION_WE_ACCEPT_SETUP;When a nation decreases the opinion of another nation in our country;Si une nation diminue l'opinion d'une autre dans notre pays;;;;;;;;;;;;x
DECREASEOPINIONTITLE;Decrease Opinion of Great Power;Baisser l'opinion ¡×l'¡×ard d'une GP;;;;;;;;;;;;x
DECREASERELATION_BUTTON;Decrease Relations;D¡×¡×iorer les relations;;;;;;;;;;;;x
DECREASERELATION_DESC;Decreases the relations between our countries.;D¡×¡×iore les relations entre nos pays.;;;;;;;;;;;;x
DECREASERELATION_DI;Decrease Relation;D¡×¡×iorer les relations;;;;;;;;;;;;x
DECREASERELATION_OTHER_ACCEPT_1;§Y$RECIPIENT$§W;¡×$RECIPIENT$¡×;;;;;;;;;;;;x
DECREASERELATION_OTHER_ACCEPT_2;$MONARCHTITLE$, we have heard that;$MONARCHTITLE$, il para¡× que;;;;;;;;;;;;x
DECREASERELATION_OTHER_ACCEPT_3;§Y$ACTOR$§W has insulted §Y$RECIPIENT$§W.;¡×$ACTOR$¡× a insult¡×¡×$RECIPIENT$¡×.;;;;;;;;;;;;x
DECREASERELATION_OTHER_ACCEPT_4;Their relations have taken a turn for the worse.;Leurs relations se sont d¡×rad¡×s.;;;;;;;;;;;;x
DECREASERELATION_OTHER_ACCEPT_5;*;*;;;;;;;;;;;;x
DECREASERELATION_OTHER_ACCEPT_6;*;*;;;;;;;;;;;;x
DECREASERELATION_OTHER_ACCEPT_BTN1;OK;OK;;;;;;;;;;;;x
DECREASERELATION_OTHER_ACCEPT_BTN2;OK;OK;;;;;;;;;;;;x
DECREASERELATION_OTHER_ACCEPT_BTN3;Go To;Aller ¡×;;;;;;;;;;;x
DECREASERELATION_OTHER_ACCEPT_HEADER;The Foreign Minister reports;Le ministre des Affaires ¡×rang¡×es indique :;;;;;;;;;;;;x
DECREASERELATION_OTHER_ACCEPT_LOG;$ACTOR$ has decreased their relations with $RECIPIENT$.;$ACTOR$ a d¡×¡×ior¡×ses relations avec $RECIPIENT$.;;;;;;;;;;;;x
DECREASERELATION_OTHER_ACCEPT_SETUP;When a nation decreases their relations with another nation;Si une nation diminue ses relations avec une autre;;;;;;;;;;;;x
DECREASERELATION_THEY_ACCEPT_1;§Y$RECIPIENT$§W;¡×$RECIPIENT$¡×;;;;;;;;;;;;x
DECREASERELATION_THEY_ACCEPT_2;$MONARCHTITLE$, we all know that we really despise;$MONARCHTITLE$, chacun sait que nous m¡×risons;;;;;;;;;;;;x
DECREASERELATION_THEY_ACCEPT_3;§Y$RECIPIENT$§W. Which we had no trouble telling them.;¡×$RECIPIENT$¡×. Nous ne sommes d'ailleurs pas priv¡× de le leur dire.;;;;;;;;;;;;x
DECREASERELATION_THEY_ACCEPT_4;They seemed shocked by the news,;Mais ils ont eu l'air choqu¡×;;;;;;;;;;;;x
DECREASERELATION_THEY_ACCEPT_5;which have led to increased tension between our countries.;et les tensions se sont accrues entre nos deux pays.;;;;;;;;;;;;x
DECREASERELATION_THEY_ACCEPT_6;Our relation changed by §R$CHANGE$§W to §Y$RELATION$§W.;Nos relations ont ¡×olu¡×de ¡×$CHANGE$¡× pour atteindre ¡×$RELATION$¡×.;;;;;;;;;;;;x
DECREASERELATION_THEY_ACCEPT_BTN1;OK;OK;;;;;;;;;;;;x
DECREASERELATION_THEY_ACCEPT_BTN2;OK;OK;;;;;;;;;;;;x
DECREASERELATION_THEY_ACCEPT_BTN3;Go To;Aller ¡×;;;;;;;;;;;x
DECREASERELATION_THEY_ACCEPT_HEADER;The Foreign Minister reports;Le ministre des Affaires ¡×rang¡×es indique :;;;;;;;;;;;;x
DECREASERELATION_THEY_ACCEPT_LOG;We have decreased our relations with $RECIPIENT$.;Nous avons d¡×¡×ior¡×nos relations avec $RECIPIENT$.;;;;;;;;;;;;x
DECREASERELATION_THEY_ACCEPT_MAP;Relation decreased;Relation d¡×¡×ior¡×;;;;;;;;;;;;x
DECREASERELATION_THEY_ACCEPT_SETUP;When we decrease our relations with a nation;Si nous diminuons nos relations avec une nation;;;;;;;;;;;;x
DECREASERELATION_WE_ACCEPT_1;§Y$ACTOR$§W;¡×$ACTOR$¡×;;;;;;;;;;;;x
DECREASERELATION_WE_ACCEPT_2;$MONARCHTITLE$, we have been informed by;$MONARCHTITLE$,;;;;;;;;;;;;x
DECREASERELATION_WE_ACCEPT_3;§Y$ACTOR$§W that they don't like our ways.;¡×$ACTOR$¡× nous a fait savoir qu'il n'appr¡×iait pas nos m¡×hodes.;;;;;;;;;;;;x
DECREASERELATION_WE_ACCEPT_4;That's ok, we don't like their ways either.;Tant pis. De toute fa¡×n, c'est r¡×iproque.;;;;;;;;;;;;x
DECREASERELATION_WE_ACCEPT_5;Our relation changed by §R$CHANGE$§W to §Y$RELATION$§W.;Nos relations ont ¡×olu¡×de ¡×$CHANGE$¡× pour atteindre ¡×$RELATION$¡×.;;;;;;;;;;;;x
DECREASERELATION_WE_ACCEPT_6;*;*;;;;;;;;;;;;x
DECREASERELATION_WE_ACCEPT_BTN1;OK;OK;;;;;;;;;;;;x
DECREASERELATION_WE_ACCEPT_BTN2;OK;OK;;;;;;;;;;;;x
DECREASERELATION_WE_ACCEPT_BTN3;Go To;Aller ¡×;;;;;;;;;;;x
DECREASERELATION_WE_ACCEPT_HEADER;The Foreign Minister reports;Le ministre des Affaires ¡×rang¡×es indique :;;;;;;;;;;;;x
DECREASERELATION_WE_ACCEPT_LOG;$ACTOR$ has decreased their relations with us.;$ACTOR$ a d¡×¡×ior¡×ses relations avec nous.;;;;;;;;;;;;x
DECREASERELATION_WE_ACCEPT_MAP;Relation decreased;Relation d¡×¡×ior¡×;;;;;;;;;;;;x
DECREASERELATION_WE_ACCEPT_SETUP;When a nation decreases their relations with us;Si une nation diminue ses relations avec nous;;;;;;;;;;;;x
DECREASERELATIONTITLE;Decrease Relations;D¡×¡×iorer les relations;;;;;;;;;;;;x
DECWARDESC;Selecting this option will allow you to offer a peace deal to your enemy;S¡×ectionner cette option vous permettra de faire une proposition de paix ¡×votre ennemi;Durch die Auswahl dieser Option bieten Sie dem Feind einen Friedensvertrag an;;;;;;;;;;;x
DECWARREQDESC;Declaring war is, sometimes, the last resort of diplomacy. The act of declaring war will reduce the view other countries have of you, especially if you do not have a legitimate reason to do so. It may also reduce your stability. Are you sure you wish to do this?;D¡×larer la guerre est, parfois, le dernier recours de la diplomatie. Le fait de d¡×larer la guerre r¡×uira l'image que d'autres pays ont de vous, surtout si vous n'avez pas une raison l¡×itime de le faire. Cela peut aussi r¡×uire votre stabilit¡× ¡×es-vous s¡× de vouloir faire cela ¡× ;Eine Kriegserkl¡×ung ist manchmal das letzte Mittel der Demokratie. Durch eine Kriegserkl¡×ung fallen Sie im Ansehen anderer L¡×der, besonders wenn Sie keinen legitimen Grund daf¡× haben. Au¡×rdem k¡×nte dies zur Reduzierung Ihrer Stabilit¡× f¡×ren. M¡×hten Sie wirklich in den Krieg ziehen¡×;;;;;;;;;;;x
DECWARREQDESC2;Declare war on $COUNTRY$.;D¡×larer la guerre ¡×$COUNTRY$.;;;;;;;;;;;;x
Default;Default;Par d¡×aut;;;;;;;;;;;;x
DEFAULT_ORG;Organisation;Organisation;;;;;;;;;;;;x
DEFENCE;Defence;D¡×ense;;;;;;;;;;;;x
DEFENCE_DESC;The military spending goes towards paying your soldiers and officers.;;;;;;;;;;;;;x
DEFENDER;Defender;D¡×enseur;Verteidiger;;;;;;;;;;;x
DEFENDING_OI;Defending.;D¡×ense.;;;;;;;;;;;;x
DEFINE_ADMIRAL_EFFECT;Gain the service of §YAdmiral $NAME$§W ($PER$ $BAC$).\n;Obtenir les services de l'¡×amiral $NAME$¡× ($PER$ $BAC$).\n;;;;;;;;;;;;x
DEFINE_GENERAL_EFFECT;Gain the service of §YGeneral $NAME$§W ($PER$ $BAC$).\n;Obtenir les services du ¡×g¡×¡×al $NAME$¡× ($PER$ $BAC$).\n;;;;;;;;;;;;x
DEFINE_RULER_EFFECT;§Y$NAME$§W becomes ruler.\n;¡×$NAME$¡× devient dirigeant.\n;;;;;;;;;;;;x
DEMAND;Demand: $VAL$;Demande : $VAL$;;;;;;;;;;;;x
DEMAND_CRISIS_PEACE;Demand concessions;;;;;;;;;;;;;x
DEMAND_PEACE;Demand peace terms;Demander les conditions de paix;;;;;;;;;;;;x
DEMOBILISE;Demobilize;D¡×obiliser;;;;;;;;;;;;x
DEMOBILIZE;Demobilize;DÉMOBILISER;;;;;;;;;;;;x
DESELECT_UNIT;Deselect Current Unit;D¡×¡×ectionner l'unit¡×en cours;;;;;;;;;;;;x
DESELECT_UNIT_DRO;This button will close the current unit window;Ce bouton fermera la fen¡×re actuelle d'unit¡×;;;;;;;;;;;;x
dice;Dice;D¡×;;;;;;;;;;;;x
DIFF_EASY;Easy;Facile;;;;;;;;;;;;x
DIFF_HARD;Hard;Difficile;;;;;;;;;;;;x
DIFF_NORMAL;Normal;Normal;;;;;;;;;;;;x
DIFF_VERY_EASY;Very Easy;Tr¡× facile;;;;;;;;;;;;x
DIFF_VERY_HARD;Very Hard;Tr¡× difficile;;;;;;;;;;;;x
DIFFICULTY_LABEL;Difficulty;Difficult¡×;;;;;;;;;;;x
DIG_IN_TOOLTIP_1;Current dig-in level: $LEV$/$MAX$.;Niveau de retranchement actuel : $LEV$/$MAX$.;;;;;;;;;;;;x
DIG_IN_TOOLTIP_2;It takes §Y$DAYS$§W days to increase dig-in level by §G+$VAL$§W.;Il faut ¡×$DAYS$¡× jours pour augmenter le niveau de retranchement de ¡×+$VAL$¡× .;;;;;;;;;;;;x
digin;Dig-In;Retranchement;;;;;;;;;;;;x
DIGIN_FROM_TECH;Dig-In Cap;Capacit¡×¡×se retrancher;;;;;;;;;;;;x
DIP_ENOUGH_DIPLO;This will cost us §Y$NEEDED$§W of our §Y$CURRENT$§W diplomatic points.;Cela va nous co¡×er ¡×$NEEDED$¡× points diplomatiques sur les ¡×$CURRENT$¡× dont nous disposons.;;;;;;;;;;;;x
DIP_ENOUGH_INFLUENCE;This will cost us §Y$NEEDED$§W of our §Y$CURRENT$§W influence.;Cela va nous co¡×er ¡×$NEEDED$¡× points d'influence sur les ¡×$CURRENT$¡× dont nous disposons.;;;;;;;;;;;;x
DIP_INFLUENCECOST;This will cost us §Y$COST$§W diplomatic influence points.;Cela nous co¡×era ¡×$COST$¡× points d'influence diplomatique.;;;;;;;;;;;;x
DIP_NO_DIPLO;You only have §R$CURRENT$§W of the §Y$NEEDED$§W diplomatic points required;Vous poss¡×ez seulement ¡×$CURRENT$¡× des ¡×$NEEDED$¡× points diplomatiques requis.;;;;;;;;;;;;x
DIP_NO_INFL;You do not have the §Y$INF$§W diplomatic influence required;Vous n'avez pas les ¡×$INF$¡× d'influence diplomatique requis;;;;;;;;;;;;x
DIP_NO_INFLUENCE;You only have §R$CURRENT$§W of the §Y$NEEDED$§W influence required;Vous poss¡×ez seulement ¡×$CURRENT$¡× des ¡×$NEEDED$¡× points d'influence requis.;;;;;;;;;;;;x
DIP_THEY_PUPPET;They are a puppet state of §Y$OVERLORD$§W;État fantoche de ¡×$OVERLORD$¡×;;;;;;;;;;;;x
DIP_THEY_TO_NEUTR;Their neutrality is too high. It is currently §Y$NOW$§W and needs to be below §Y$LIM$§W.;Leur neutralit¡×est trop ¡×ev¡×. Elle est actuellement de ¡×$NOW$¡× et doit ¡×re abaiss¡× ¡×¡×$LIM$¡×.;;;;;;;;;;;;x
DIP_THREAT;This will generate §Y$AMOUNT$§W threat in §Y$PROV$§W;Cela g¡×¡×era ¡×$AMOUNT$¡× de menace sur ¡×$PROV$¡×;;;;;;;;;;;;x
DIP_TO_NEUTR;Our neutrality is too high. It is currently §Y$NOW$§W and needs to be below §Y$LIM$§W.;Notre neutralit¡×est trop ¡×ev¡×. Elle est actuellement de ¡×$NOW$¡× et doit ¡×re abaiss¡× ¡×¡×$LIM$¡×.;;;;;;;;;;;;x
DIP_WAR_NEUTR;We cannot declare war because our neutrality is higher than the present threat. Our neutrality is currently §Y$NEUT$§W and the effective threat between us and $THEM$ allows us to declare war when our neutrality is at §Y$THREAT$§W.;;;;;;;;;;;;;x
DIPCHANCE_IMPOSSIBLE;Impossible;Impossible;;;;;;;;;;;;x
DIPCHANCE_LIKELY;Likely;Probable;;;;;;;;;;;;x
DIPCHANCE_MAYBE;Maybe;Peut-¡×re;;;;;;;;;;;;x
DIPCHANCE_UNLIKELY;Unlikely;Improbable;;;;;;;;;;;;x
DIPCHANCE_VLIKELY;Very Likely;Tr¡× probablement;;;;;;;;;;;;x
DIPCHANCE_VUNLIKELY;Very Unlikely;Tr¡× improbable;;;;;;;;;;;;x
DIPL_AT_WAR;Not allowed while at war;Impossible en p¡×iode de guerre;;;;;;;;;;;;x
DIPL_NOT_AT_WAR;We are not at war;Nous ne sommes pas en guerre.;;;;;;;;;;;;x
DIPLO_CALL_ALLIES;Call Allies;Appeler les alli¡×;;;;;;;;;;;;x
DIPLO_THEY_DOMINION;They are a dominion of our nation;Ils constituent un territoire de notre nation.;;;;;;;;;;;;x
DIPLO_THEY_SATELLITE;They are a satellite of our nation;Ils constituent un satellite de notre nation.;;;;;;;;;;;;x
DIPLO_THEY_SUBSTATE;They are a substate of our nation;Ils sont sous-¡×at de notre nation;;;;;;;;;;;;x
DIPLO_WE_DOMINION;We are a dominion of theirs;Nous sommes un territoire de leur nation.;;;;;;;;;;;;x
DIPLO_WE_SATELLITE;We are a satellite of theirs;Nous sommes un satellite de leur nation.;;;;;;;;;;;;x
DIPLO_WE_SUBSTATE;We are a substate of theirs;Nous sommes un de leurs sous-¡×ats.;;;;;;;;;;;;x
DIPLOICON_TIP;$TYPE$ from §Y$NATION$§W. \n If we do not respond before §Y$DATE$§W we will autodecline.;$TYPE$ de ¡×$NATION$¡×.\nSi nous ne r¡×ondons pas avant le ¡×$DATE$¡×, nous refuserons automatiquement.;$TYPE$ von ¡×$NATION$¡×. \n Wenn wir nicht vor ¡×$DATE$¡× reagieren, werden wir automatisch ablehnen.;;;;;;;;;;;x
DIPLOICON_TIP_NONATION;$TYPE$. \n If we do not respond before §Y$DATE$§W we will autodecline.;$TYPE$.\nSi nous ne r¡×ondons pas avant le ¡×$DATE$¡×, nous refuserons automatiquement.;$TYPE$. \n Wenn wir nicht vor ¡×$DATE$¡× reagieren, werden wir automatisch ablehnen.;;;;;;;;;;;x
DIPLOMACY;Diplomacy;Diplomatie;;;;;;;;;;;;x
DIPLOMACY_ACCEPTEDCULTURE_DESC;Our accepted culture(s) are people that are tolerated in our country;Les cultures accept¡×s correspondent aux personnes tol¡×¡×s dans notre pays.;;;;;;;;;;;;x
DIPLOMACY_ADD_WARGOAL;Add War goal;Ajouter un objectif de guerre;;;;;;;;;;;;x
DIPLOMACY_AGAINST;against;contre;;;;;;;;;;;;x
DIPLOMACY_AI_ACCEPTANCE;Odds of §Y$COUNTRY$§W accepting this offer: §Y$ODDS$§W;Chances que ¡×$COUNTRY$¡× accepte cette offre : ¡×$ODDS$¡×;;;;;;;;;;;;x
DIPLOMACY_ALLIES;Allied with:;Alliance avec :;;;;;;;;;;;;x
DIPLOMACY_ALMOST_WESTERN_NATION_STATUS;Partially Westernized Nation;Nation partiellement occidentalis¡×;;;;;;;;;;;;x
DIPLOMACY_ALREADY_IN_WAR;Already involved in this war.;D¡×¡×impliqu¡×dans cette guerre.;;;;;;;;;;;;x
DIPLOMACY_AT_WAR_WITH;At war with:;En guerre :;;;;;;;;;;;;x
DIPLOMACY_BOSS;Boss;Resp.;;;;;;;;;;;;x
DIPLOMACY_BRIGADES;Brigades: §Y$VALUE$§W;Brigades : ¡×$VALUE$¡×;;;;;;;;;;;;x
DIPLOMACY_CALL_ALLIES_NOT_LEADER;We are not a leader of this war and cannot call our allies into it;¡×N'¡×ant pas meneur de cette guerre, nous ne pouvons pas faire appel ¡×nos alli¡×.¡×;;;;;;;;;;;;x
DIPLOMACY_CAN_INTERVENE;Intervene in War;¡×Intervention dans la guerre¡×;;;;;;;;;;;;x
DIPLOMACY_CANNOT_INTERVENE;Intervene in War\nWe cannot join this side because:;¡×Intervention dans cette guerre¡×\nPas possible de rejoindre ce camp parce que :;;;;;;;;;;;;x
DIPLOMACY_CANNOT_JOIN_WAR;Cannot join war against the following nations because:\n;Impossible de faire la guerre aux nations suivantes car :\n;;;;;;;;;;;;x
DIPLOMACY_CANNOT_JOIN_WAR_ALLIED_ENEMY;Allied with §Y$COUNTRY$§W in another war, we cannot start another war against them.;Alli¡× avec ¡×$COUNTRY$¡× dans une autre guerre, nous ne pouvons pas engager une autre guerre contre eux.;;;;;;;;;;;;x
DIPLOMACY_CANNOT_JOIN_WAR_INVALID_ALLY;Already at war with §Y$COUNTRY$§W, we cannot join their side in this war.;D¡×¡×en guerre contre ¡×$COUNTRY$¡×, nous ne pouvons pas nous allier ¡×ce pays.;;;;;;;;;;;;x
DIPLOMACY_CANNOT_JOIN_WAR_INVALID_ENEMY;Already at war with §Y$COUNTRY$§W, we cannot start another war against them.;D¡×¡×en guerre contre ¡×$COUNTRY$¡×, nous ne pouvons pas engager une nouvelle guerre contre ce pays.;;;;;;;;;;;;x
DIPLOMACY_CANNOT_JOIN_WAR_INVALID_WARGOAL;We cannot join a side that has added any war goals(except §YStatus Quo§W).;Nous ne pouvons pas rejoindre un camp qui a ajout¡×des objectifs de guerre (sauf ¡×Status Quo¡×).;;;;;;;;;;;;x
DIPLOMACY_CANNOT_SET_PRIO;We're not a §YGreat Power§W, thus we cannot influence other nations;N'¡×ant pas une ¡×grande puissance¡×, nous n'avons aucune influence sur les autres nations.;;;;;;;;;;;;x
DIPLOMACY_CANNOT_SET_PRIO_BANNED;We cannot influence this nation since our embassy is banned;Nous ne pouvons pas influencer cette nation, car notre ambassade y est interdite.;;;;;;;;;;;;x
DIPLOMACY_CANNOT_SET_PRIO_GP;We cannot influence other §YGreat Powers§W;Nous ne pouvons pas influencer d'autres ¡×grandes puissances¡×.;;;;;;;;;;;;x
DIPLOMACY_CANNOT_SET_PRIO_MYVASSAL;They are a §Y$TYPE$§W of ours and are always in our §YSphere of Influence§W;Ils constituent l'un de nos ¡×$TYPE$¡× et sont toujours dans notre ¡×sph¡×e d'influence¡×;;;;;;;;;;;;x
DIPLOMACY_CANNOT_SET_PRIO_TRUCE;We cannot influence this nation while we have a truce with them;Nous ne pouvons pas influencer cette nation car nous somme en tr¡×e avec elle.;;;;;;;;;;;;x
DIPLOMACY_CANNOT_SET_PRIO_VASSAL;We cannot influence other countries' §YSatellites§W or §YDominions§W;Nous ne pouvons pas influencer les ¡×satellites¡× ou ¡×dominions¡× des autres pays.;;;;;;;;;;;;x
DIPLOMACY_CANNOT_SET_PRIO_WAR;We cannot influence this nation while we have a war with them.;Nous ne pouvons pas influencer cette nation tant que nous sommes en guerre contre elle.;;;;;;;;;;;;x
DIPLOMACY_CASUSBELLIS;Casus bellis:;Casus Belli :;;;;;;;;;;;;x
DIPLOMACY_CB_INFO;War Justification;Casus Belli;;;;;;;;;;;;x
DIPLOMACY_CHANCE_JOIN_WAR;Likelihood of joining the war: §Y$VAL$§W;Probabilit¡×de rejoindre : ¡×$VAL$¡×;;;;;;;;;;;;x
DIPLOMACY_CIVILIZEDNATION_STATUS;Civilized Nation;Nation civilis¡×;;;;;;;;;;;;x
DIPLOMACY_CLOSE_WINDOW;Closes diplomacy window;Ferme la fen¡×re de la diplomatie;;;;;;;;;;;;x
DIPLOMACY_COLONIALNATION_STATUS;Secondary Power;Puissance de second rang;;;;;;;;;;;;x
DIPLOMACY_CORDIAL_LABEL;Cordial:;Entente cordiale :;;;;;;;;;;;;x
DIPLOMACY_COUNTRY;Country;Pays;;;;;;;;;;;;x
DIPLOMACY_CRISIS_INFO;Crisis;;;;;;;;;;;;;x
DIPLOMACY_DAILYINFLULENCE_GAIN;We gain §Y$NUM$§W influence in §Y$COUNTRY$§W each day. Our base influence gain is §Y$BASE$§W;Nous gagnons quotidiennement ¡×$NUM$¡× points d'influence en ¡×$COUNTRY$¡×. Notre gain d'influence de base s'¡×¡×e ¡×¡×$BASE$¡×;;;;;;;;;;;;x
DIPLOMACY_ECONIMIC;Ind.;Ind.;;;;;;;;;;;;x
DIPLOMACY_FILTER_AFRICA;Africa;Afrique;;;;;;;;;;;;x
DIPLOMACY_FILTER_AFRICA_TOOLTIP;List §YAfrican§W countries;Afficher les pays ¡×africains¡×;;;;;;;;;;;;x
DIPLOMACY_FILTER_ALL;All;Tous;;;;;;;;;;;;x
DIPLOMACY_FILTER_ALL_TOOLTIP;List all countries;Afficher tous les pays;;;;;;;;;;;;x
DIPLOMACY_FILTER_ALLIES;Allies;Alli¡×;;;;;;;;;;;;x
DIPLOMACY_FILTER_ALLIES_TOOLTIP;List our current allies;Afficher nos alli¡× actuels;;;;;;;;;;;;x
DIPLOMACY_FILTER_ASIA;Asia;Asie;;;;;;;;;;;;x
DIPLOMACY_FILTER_ASIA_TOOLTIP;List §YAsian§W countries;Afficher les pays ¡×asiatiques¡×;;;;;;;;;;;;x
DIPLOMACY_FILTER_ENEMIES;Enemies;Ennemis;;;;;;;;;;;;x
DIPLOMACY_FILTER_ENEMIES_TOOLTIP;List our current enemies;Afficher nos ennemis actuels;;;;;;;;;;;;x
DIPLOMACY_FILTER_EUROPE;Europe;Europe;;;;;;;;;;;;x
DIPLOMACY_FILTER_EUROPE_TOOLTIP;List §YEuropean§W countries;Afficher les pays ¡×europ¡×ns¡×;;;;;;;;;;;;x
DIPLOMACY_FILTER_NEIGHBOURS;Neighbours;Voisins;;;;;;;;;;;;x
DIPLOMACY_FILTER_NEIGHBOURS_TOOLTIP;List your neighbouring countries;Afficher les pays voisins du v¡×re;;;;;;;;;;;;x
DIPLOMACY_FILTER_NORTH_AMERICA;North America;Am¡×ique du Nord;;;;;;;;;;;;x
DIPLOMACY_FILTER_NORTH_AMERICA_TOOLTIP;List §YNorth American§W countries;Afficher les pays ¡×d'Am¡×ique du Nord¡×;;;;;;;;;;;;x
DIPLOMACY_FILTER_OCEANIA;Near East;;;;;;;;;;;;;x
DIPLOMACY_FILTER_OCEANIA_TOOLTIP;List §YNear Eastern§W countries;;;;;;;;;;;;;x
DIPLOMACY_FILTER_SOUTH_AMERICA;South America;Am¡×ique du Sud;;;;;;;;;;;;x
DIPLOMACY_FILTER_SOUTH_AMERICA_TOOLTIP;List §YSouth American§W countries;Afficher les pays ¡×d'Am¡×ique du Sud¡×;;;;;;;;;;;;x
DIPLOMACY_FILTER_SPHERE;Sphere;Sph¡×e;;;;;;;;;;;;x
DIPLOMACY_FILTER_SPHERE_TOOLTIP;List countries in our §YSphere of Influence§W;Afficher les pays situ¡× dans notre ¡×sph¡×e d'influence¡×;;;;;;;;;;;;x
DIPLOMACY_FRIENDLY_LABEL;Friendly:;Bonne entente :;;;;;;;;;;;;x
DIPLOMACY_GP_INFO;Show Great Powers;Afficher les grandes puissances;;;;;;;;;;;;x
DIPLOMACY_GREATNATION_STATUS;Great Power;Grande Puissance;;;;;;;;;;;;x
DIPLOMACY_INFAMY;Infamy: §Y$VALUE$§W;Infamie : ¡×$VALUE$¡×;;;;;;;;;;;;x
DIPLOMACY_INFAMY2;Infamy: $VALUE$;Infamie : $VALUE$;;;;;;;;;;;;x
DIPLOMACY_INFLUENCE_NOT_WORTH;We are already influencing this country at maximum, and there is no other country influencing it. No points are spent for now.;Nous influen¡×ns d¡×¡×ce pays au maximum et aucun autre pays ne l'influence. Aucun point n'est d¡×ens¡×pour le moment.;;;;;;;;;;;;x
DIPLOMACY_JOIN_WAR;Join war against:\n;Participer ¡×la guerre contre :\n;;;;;;;;;;;;x
DIPLOMACY_MILITANCY2;Militancy: $VALUE$;Militantisme : $VALUE$;;;;;;;;;;;;x
DIPLOMACY_MILITARY;Mil.;Mil.;;;;;;;;;;;;x
DIPLOMACY_NEGOTIATE_SUBSTATE;We are not allowed to negotiate with §YSubstates§W;Nous ne sommes pas autoris¡× ¡×n¡×ocier avec les ¡×sous-¡×ats¡×;;;;;;;;;;;;x
DIPLOMACY_NEGOTIATE_VASSAL;We are not allowed to negotiate with §YSatellites§W, §YDominions§W or §YNeutral Nations§W;Nous ne sommes pas autoris¡× ¡×n¡×ocier avec les ¡×satellites¡× ou ¡×dominions¡×.;;;;;;;;;;;;x
DIPLOMACY_NEGOTIATE_WE_SUBSTATE;We are not allowed to negotiate with countries if we are a §YSubstate§W;Nous ne sommes pas autoris¡× ¡×n¡×ocier avec les autres pays si nous sommes un ¡×sous-¡×at¡×;;;;;;;;;;;;x
DIPLOMACY_NEGOTIATE_WE_VASSAL;We are not allowed to negotiate with countries if we are a §YSatellite§W, §YDominion§W or §YNeutral Nation§W;En tant que ¡×satellite¡× ou ¡×dominion¡×, nous ne sommes pas autoris¡× ¡×n¡×ocier avec les pays.;;;;;;;;;;;;x
DIPLOMACY_NO_ALLIES_CIVIL_WAR;Allies cannot be called into a civil war.;Les alli¡× ne peuvent ¡×re appel¡× en cas de guerre civile.;;;;;;;;;;;;x
DIPLOMACY_NOT_ENOUGH_MONTHS;We can only join the war after at least §Y$VALUE$ months§W has passed since the war started;Nous ne pouvons nous engager dans cette guerre que ¡×$VALUE$ mois¡× apr¡× le d¡×lenchement de celle-ci;;;;;;;;;;;;x
DIPLOMACY_NOT_ENOUGH_WARSCORE;We can only join the losing side of a war, when the current war score is at least §Y$VALUE$%§W;Nous pouvons seulement nous allier au camp perdant d'une guerre, lorsque le score de guerre est d'au moins ¡×$VALUE$%¡×;;;;;;;;;;;;x
DIPLOMACY_OPINION;Opinion;Opinion;;;;;;;;;;;;x
DIPLOMACY_OPINION_INFLUENCE;Opinion of §Y$GP$§W: §Y$OPINION$§W;Opinion de ¡×$GP$¡× : ¡×$OPINION$¡×;;;;;;;;;;;;x
DIPLOMACY_OPINION_INFLUENCE2;§Y$GP_ADJ$§W influence: §Y$VALUE$§W;Influence ¡×$GP_ADJ$¡× : ¡×$VALUE$¡×;;;;;;;;;;;;x
DIPLOMACY_OPINION_INVESTMENT;§Y$GP_ADJ$§W investment: §Y$VALUE$§W¤;;;;;;;;;;;x
DIPLOMACY_POPULATION_LABEL;Population;Population;;;;;;;;;;;;x
DIPLOMACY_PRESTIGE;Pres.;Pres.;;;;;;;;;;;;x
DIPLOMACY_PRESTIGE2;Prestige: $VALUE$;Prestige : $VALUE$;;;;;;;;;;;;x
DIPLOMACY_PRIMARYCULTURE_DESC;The primary culture represents people who are first-class citizens in our country;La culture principale correspond aux citoyens de premi¡×e classe de notre pays.;;;;;;;;;;;;x
DIPLOMACY_PRIMITIVENATION_STATUS;Primitive Nation;Nation primitive;;;;;;;;;;;;x
DIPLOMACY_PRIO;Prio.;Prio.;;;;;;;;;;;;x
DIPLOMACY_PRIO_HIGH;High;Élev¡×;;;;;;;;;;;;x
DIPLOMACY_PRIO_LOW;Low;Faible;;;;;;;;;;;;x
DIPLOMACY_PRIO_MIDDLE;Middle;Interm¡×iaire;;;;;;;;;;;;x
DIPLOMACY_PRIO_NONE;None;Aucune;;;;;;;;;;;;x
DIPLOMACY_PROTECTED;Protected by:;Protection par :;;;;;;;;;;;;x
DIPLOMACY_SET_PRIO;Current influence priority is §Y$VALUE$§W.;En termes d'influence, la priorit¡×actuelle est de ¡×$VALUE$¡×.;;;;;;;;;;;;x
DIPLOMACY_SET_PRIO_DESC;Influence represents a §YGreat Power§W's clout inside a country.;L'influence repr¡×ente la puissance d'une ¡×grande nation¡× dans un pays.;;;;;;;;;;;;x
DIPLOMACY_SHIPS;Ships: §Y$VALUE$§W;Navires : ¡×$VALUE$¡×;;;;;;;;;;;;x
DIPLOMACY_SORT_BY_BOSS_TOOLTIP;Sort by §YSphere of Influence§W;Classer par ¡×sph¡×e d'influence¡×;;;;;;;;;;;;x
DIPLOMACY_SORT_BY_COUNTRY_NAME_TOOLTIP;Sort by country name;Classer par nom de pays;;;;;;;;;;;;x
DIPLOMACY_SORT_BY_ECONOMIC_TOOLTIP;Sort by §YIndustrial rank§W;Classer par ¡×niveau industriel¡×;;;;;;;;;;;;x
DIPLOMACY_SORT_BY_GREATPOWER_TOOLTIP;Sort by influence of $COUNTRY$;Classer par influence de $COUNTRY$;;;;;;;;;;;;x
DIPLOMACY_SORT_BY_MILITARY_TOOLTIP;Sort by §YMilitary rank§W;Classer par ¡×niveau militaire¡×;;;;;;;;;;;;x
DIPLOMACY_SORT_BY_OPINION_TOOLTIP;Sort by §YOpinion§W;Classer par ¡×opinion¡×;;;;;;;;;;;;x
DIPLOMACY_SORT_BY_PRESTIGE_TOOLTIP;Sort by §YPrestige rank§W;Classer par ¡×niveau de prestige¡×;;;;;;;;;;;;x
DIPLOMACY_SORT_BY_PRIORITY_TOOLTIP;Sort by influence priority;Classer par priorit¡×d'influence;;;;;;;;;;;;x
DIPLOMACY_SORT_BY_RELATION_TOOLTIP;Sort by §YRelation§W;Classer par ¡×relation¡×;;;;;;;;;;;;x
DIPLOMACY_SORT_BY_TOTAL_TOOLTIP;Sort by rank;Classer selon classement;;;;;;;;;;;;x
DIPLOMACY_SPHERE_LABEL;Sphere:;Sph¡×e :;;;;;;;;;;;;x
DIPLOMACY_THEY_BETTER_OPINION;We cannot target §Y$TARGET$§W with this action, since §Y$RECIPIENT$§W has a §Y$OPINION$§W opinion of them.\n;Nous ne pouvons pas viser ¡×$TARGET$¡× avec cette action, car l'opinion de ¡×$RECIPIENT$¡× a son ¡×ard est la suivante : ¡×$OPINION$¡×.\n;;;;;;;;;;;;x
DIPLOMACY_THEY_BETTER_OPINION2;They need to have at least equal opinion of us to be able to influence them. Their current opinion of us is §Y$OPINION$§W.;Ils doivent avoir au moins la m¡×e opinion de nous pour qu'il soit possible de les influencer. Leur opinion ¡×notre ¡×ard est : ¡×$OPINION$¡×.;;;;;;;;;;;;x
DIPLOMACY_TOTAL;Rank;Classement;;;;;;;;;;;;x
DIPLOMACY_TOTAL_LABEL;Total:;Total :;;;;;;;;;;;;x
DIPLOMACY_TRUCE_WITH;Truce with:;Tr¡×e avec :;;;;;;;;;;;;x
DIPLOMACY_UNCIVILIZEDNATION_APPEND;(Uncivilized);(Non civilis¡×;;;;;;;;;;;;x
DIPLOMACY_UNCIVILIZEDNATION_STATUS;Uncivilized Nation;Nation non civilis¡×;;;;;;;;;;;;x
DIPLOMACY_WAR_EXHAUSTION;War Exhaustion: §Y$VALUE$%§W;Épuisement de guerre : ¡×$VALUE$%¡×;;;;;;;;;;;;x
DIPLOMACY_WAR_HASTRUCE;§RWe have a truce with §Y$COUNTRY$§R until §Y$DATE$§R. Declaring war on them cause a significant hit to our international prestige;¡×Nous observons une tr¡×e avec ¡×$COUNTRY$¡× jusqu'¡×la date suivante : ¡×$DATE$¡×. Si nous d¡×larons la guerre ¡×ce pays, notre prestige international en p¡×ira.;;;;;;;;;;;;x
DIPLOMACY_WAR_INFO;Show wars;Afficher les guerres;;;;;;;;;;;;x
DIPLOMACY_WARDIALOG_ALLIES;§Y$COUNTRY$§W is protected by the following nation(s):;¡×$COUNTRY$¡× est sous la protection de la ou des nations suivantes :;;;;;;;;;;;;x
DIPLOMACY_WARDIALOG_ALLY;Ally;Alli¡×;;;;;;;;;;;x
DIPLOMACY_WARDIALOG_NUM_ALLIES;§Y$COUNTRY$§W is protected by §Y$NUM$§W nation(s);¡×$COUNTRY$¡× est sous la protection de ¡×$NUM$¡× nation(s).;;;;;;;;;;;;x
DIPLOMACY_WARSCORE_LABEL;War score:;Score de guerre :;;;;;;;;;;;;x
DIPLOMATIC_BALANCE_DESC;Diplomatic Balance;Équilibre diplomatique;;;;;;;;;;;;x
DIPLOMATIC_POINTS_TECH;Diplomatic points;Points de diplomatie;;;;;;;;;;;;x
DIPRELCH_DEPENDENCY;Puppet-Master Relationship;Relations Fantoche-Ma¡×re;;;;;;;;;;;;x
DIPRELCH_DIP_SKILL;Diplomatic Skill;Habilet¡×diplomatique;;;;;;;;;;;;x
DIPRELCH_GUARANTEE;Guarantees;Garanties;;;;;;;;;;;;x
DIPRELCH_HASACCESS;Military Access;Droits de transit;;;;;;;;;;;;x
DIPRELCH_INFLUENCE;Diplomatic Influence;Influence diplomatique;;;;;;;;;;;;x
DIPRELCH_NBOR_PEACE;Neighbours at Peace;Voisins en paix;;;;;;;;;;;;x
DIPRELCH_TRADEAGREEMENT;Trade Agreement;Accord commercial;;;;;;;;;;;;x
DIPRELCH_VALID_CB;Valid Casus Belli;Casus Belli valide;;;;;;;;;;;;x
DIPRELCH_WAR;War;Guerre;;;;;;;;;;;;x
DISABLE_UNIT_TECH;;Disables;;;;;;;;;;;;x
disarming;Forced to Disarm;Devra se d¡×armer;;;;;;;;;;;;x
DISBAND_1;Unit Disbanded.;Unit¡×d¡×antel¡×.;;;;;;;;;;;;x
DISBAND_2;$MONARCHTITLE$, we have disbanded;$MONARCHTITLE$, nous avons d¡×antel¡×l'unit¡×:;;;;;;;;;;;;x
DISBAND_3;$UNIT$;$UNIT$;;;;;;;;;;;;x
DISBAND_4;No doubt the scum of the earth that make up our armies will squander their more than generous pay in the taverns.;Il ne fait aucun doute que la racaille qui compose nos troupes va aller d¡×enser sa solde plus que g¡×¡×euse dans les tavernes.;;;;;;;;;;;;x
DISBAND_5;*;*;;;;;;;;;;;;x
DISBAND_6;*;*;;;;;;;;;;;;x
DISBAND_ALL;Disband all selected units;;;;;;;;;;;;;x
DISBAND_ALL_DESC;Are you sure that you want to §RDISBAND§W §Y$NUM$§W units?;;;;;;;;;;;;;x
DISBAND_ALL_TITLE;Disband all units;;;;;;;;;;;;;x
DISBAND_BTN1;OK;OK;;;;;;;;;;;;x
DISBAND_BTN2;OK;OK;;;;;;;;;;;;x
DISBAND_BTN3;Go To;ALLER ¡×;;;;;;;;;;;x
DISBAND_HEADER;$chief_of_staff$ reports;$chief_of_staff$ rapporte que;;;;;;;;;;;;x
DISBAND_LOG;$UNIT$ was disbanded.;$UNIT$ : unit¡×d¡×antel¡×.;;;;;;;;;;;;x
DISBAND_MAP;*;*;;;;;;;;;;;;x
DISBAND_SETUP;When a unit is disbanded;Si une unit¡×est d¡×antel¡×;;;;;;;;;;;;x
DISBAND_TOO_SMALL_UNIT;Disband Undermanned Brigades;;;;;;;;;;;;;x
DISBAND_TOO_SMALL_UNIT_DRO;This option will disband all brigades that are not currently supported by a full-strength soldier POP.;;;;;;;;;;;;;x
DISBAND_UNIT;Disband Unit;D¡×anteler une unit¡×;;;;;;;;;;;x
DISBAND_UNIT_DRO;Disbanding a brigade will remove it from the game, and thus reduce the amount of supplies your nation must spend on maintenance.;Le d¡×ant¡×ement d'un r¡×iment entra¡×era sa suppression du jeu et r¡×uira les approvisionnements n¡×essaires ¡×son entretien par votre nation.;;;;;;;;;;;;x
DISCIPLINE;Discipline;Discipline;;;;;;;;;;;;x
DISCREDIT_BUTTON;Discredit;Discr¡×iter;;;;;;;;;;;;x
DISCREDIT_DESC;Discredit another Great Power, making it harder for them to influence this country. Lasts §Y$DAYS$§W days.;Discr¡×itez une autre grande puissance pour att¡×uer son influence sur ce pays. Dure ¡×$DAYS$¡× jours.;;;;;;;;;;;;x
DISCREDIT_DI;Discredit;Discr¡×iter;;;;;;;;;;;;x
DISCREDIT_OTHER_ACCEPT_1;§Y$RECIPIENT$§W;¡×$RECIPIENT$¡×;;;;;;;;;;;;x
DISCREDIT_OTHER_ACCEPT_2;$MONARCHTITLE$, we found out;$MONARCHTITLE$, nous avons d¡×ouvert;;;;;;;;;;;;x
DISCREDIT_OTHER_ACCEPT_3;that §Y$ACTOR$§W has discredited;que ¡×$ACTOR$¡× a discr¡×it¡×;;;;;;;;;;;x
DISCREDIT_OTHER_ACCEPT_4;§Y$TARGET$§W in §Y$RECIPIENT$§W.;¡×$TARGET$¡× aux yeux de ¡×$RECIPIENT$¡×.;;;;;;;;;;;;x
DISCREDIT_OTHER_ACCEPT_5;This will limit their influence over them.;Cela limitera leur influence sur eux.;;;;;;;;;;;;x
DISCREDIT_OTHER_ACCEPT_6;*;*;;;;;;;;;;;;x
DISCREDIT_OTHER_ACCEPT_BTN1;OK;OK;;;;;;;;;;;;x
DISCREDIT_OTHER_ACCEPT_BTN2;OK;OK;;;;;;;;;;;;x
DISCREDIT_OTHER_ACCEPT_BTN3;Go To;Aller ¡×;;;;;;;;;;;x
DISCREDIT_OTHER_ACCEPT_HEADER;The Foreign Minister reports;Le ministre des Affaires ¡×rang¡×es indique :;;;;;;;;;;;;x
DISCREDIT_OTHER_ACCEPT_LOG;$ACTOR$ has discredited $TARGET$, which lessens their influence on $RECIPIENT$;$ACTOR$ a discr¡×it¡×$TARGET$, ce qui att¡×ue son influence sur $RECIPIENT$.;;;;;;;;;;;;x
DISCREDIT_OTHER_ACCEPT_SETUP;When a nation discredits another nation;Si une nation en discr¡×ite une autre;;;;;;;;;;;;x
DISCREDIT_THEY_ACCEPT_1;§Y$RECIPIENT$§W;¡×$RECIPIENT$¡×;;;;;;;;;;;;x
DISCREDIT_THEY_ACCEPT_2;$MONARCHTITLE$, we managed to;$MONARCHTITLE$, nous avons r¡×ssi ¡×;;;;;;;;;;;x
DISCREDIT_THEY_ACCEPT_3;discredit the name of §Y$TARGET$§W in §Y$RECIPIENT$§W.;discr¡×iter le nom de ¡×$TARGET$¡× aux yeux de ¡×$RECIPIENT$¡×.;;;;;;;;;;;;x
DISCREDIT_THEY_ACCEPT_4;This will severely limit their influence there!;Cela limitera consid¡×ablement leur influence sur place !;;;;;;;;;;;;x
DISCREDIT_THEY_ACCEPT_5;*;*;;;;;;;;;;;;x
DISCREDIT_THEY_ACCEPT_6;*;*;;;;;;;;;;;;x
DISCREDIT_THEY_ACCEPT_BTN1;OK;OK;;;;;;;;;;;;x
DISCREDIT_THEY_ACCEPT_BTN2;OK;OK;;;;;;;;;;;;x
DISCREDIT_THEY_ACCEPT_BTN3;Go To;Aller ¡×;;;;;;;;;;;x
DISCREDIT_THEY_ACCEPT_HEADER;The Foreign Minister reports;Le ministre des Affaires ¡×rang¡×es indique :;;;;;;;;;;;;x
DISCREDIT_THEY_ACCEPT_LOG;We have discredited $TARGET$, which lessens their influence on $RECIPIENT$;Nous avons discr¡×it¡×$TARGET$, ce qui att¡×ue son influence sur $RECIPIENT$;;;;;;;;;;;;x
DISCREDIT_THEY_ACCEPT_SETUP;When we discredit a nation;Si nous discr¡×itons une nation;;;;;;;;;;;;x
DISCREDIT_WE_ACCEPT_1;§Y$ACTOR$§W;¡×$ACTOR$¡×;;;;;;;;;;;;x
DISCREDIT_WE_ACCEPT_2;$MONARCHTITLE$, §Y$ACTOR$§W has told;$MONARCHTITLE$, ¡×$ACTOR$¡× nous a dit;;;;;;;;;;;;x
DISCREDIT_WE_ACCEPT_3;us that §Y$TARGET$§W has bad intensions;que ¡×$TARGET$¡× avait de mauvaises intentions;;;;;;;;;;;;x
DISCREDIT_WE_ACCEPT_4;regarding our country!;¡×l'¡×ard de notre pays.;;;;;;;;;;;;x
DISCREDIT_WE_ACCEPT_5;We should limit their influence and watch them closely.;Nous devrions limiter leur influence et les surveiller de pr¡×.;;;;;;;;;;;;x
DISCREDIT_WE_ACCEPT_6;*;*;;;;;;;;;;;;x
DISCREDIT_WE_ACCEPT_BTN1;OK;OK;;;;;;;;;;;;x
DISCREDIT_WE_ACCEPT_BTN2;OK;OK;;;;;;;;;;;;x
DISCREDIT_WE_ACCEPT_BTN3;Go To;Aller ¡×;;;;;;;;;;;x
DISCREDIT_WE_ACCEPT_HEADER;The Foreign Minister reports;Le ministre des Affaires ¡×rang¡×es indique :;;;;;;;;;;;;x
DISCREDIT_WE_ACCEPT_LOG;$ACTOR$ has discredited $TARGET$, we will be less influenced by them;$ACTOR$ a discr¡×it¡×$TARGET$ qui aura moins d'influence sur nous.;;;;;;;;;;;;x
DISCREDIT_WE_ACCEPT_SETUP;When a nation discredits another nation in our country;Si une nation en discr¡×ite une autre de notre pays;;;;;;;;;;;;x
DISCREDITTITLE;Discredit Great Power;Discr¡×iter une Grande Puissance;;;;;;;;;;;;x
DISSENT_IS_ATLEAST_TRIGGER;Dissent is at least §Y$VALUE$§W.\n;La dissidence est au moins de ¡×$VALUE$¡×.\n;;;;;;;;;;;;x
DISSENT_IS_NOT_TRIGGER;Dissent is not §Y$VALUE$§W.\n;La dissidence n'est pas de ¡×$VALUE$¡×.\n;;;;;;;;;;;;x
DIST_ADMINISTRATION;Administration;Administration;;;;;;;;;;;;x
DIST_DEFENCE;Military Spending;;;;;;;;;;;;;x
DIST_EDUCATION;Education;Éducation;;;;;;;;;;;;x
DIST_SOCIAL;Social Spending;D¡×enses sociales;;;;;;;;;;;;x
DM_MAX;With maximum;Avec un maximum de;;;;;;;;;;;;x
DO_NOT_CONTROL;Does NOT control ;Ne contr¡×e PAS ;Keine Kontrolle ¡×er ;;;;;;;;;;;x
DO_NOT_HAVE_A;Do NOT have a ;N'a pas de ;Nichtverf¡×ung ¡×er;;;;;;;;;;;x
DO_NOT_HAVE_TECH_TRI;Have NOT invented §Y$TECH$§W.\n;N'ont pas invent¡×¡×$TECH$¡×\n;;;;;;;;;;;;x
DO_NOT_OWN;Does NOT own ;Ne poss¡×e PAS ;Kein Besitz von ;;;;;;;;;;;x
DOMESTIC_NATION;nation;nation;;;;;;;;;;;;x
DOMESTIC_RELATION;relation;relation;;;;;;;;;;;;x
DOMINANT_ISSUES_DISTTITLE;Dominant Issues;Probl¡×es principaux;Prim¡×probleme;;;;;;;;;;;x
DOMINION;Dominion;Dominion;;;;;;;;;;;;x
DOMINION_OF;§YDominion§W of;¡×Territoire¡× de;;;;;;;;;;;;x
DOMINION_OF_NOCOLOR;Dominion of;Dominion de;;;;;;;;;;;;x
DONT_HAVE_A_X_INY;Do NOT have a $X$ in $Y$;N'ont PAS de $X$ en $Y$;Kein $X$ in $Y$ haben;;;;;;;;;;;x
DONT_HAVE_THE_MODIFIER;Do NOT have the modifier ;N'ont PAS le modificateur ;Nichtverf¡×ung ¡×er den Modifikator ;;;;;;;;;;;x
DONT_HAVE_THE_PROVICEN_MODIFIER;Do NOT have the province modifier ;N'ont PAS le modificateur de province ;Nichtverf¡×ung ¡×er den Provinzmodifikator ;;;;;;;;;;;x
DONT_HAVE_THE_PROVINCE_MODIFIER;Do NOT have the province modifier ;;;;;;;;;;;;;x
DOSNT_EXISTS; does NOT exist; n'existe PAS; existiert nicht;;;;;;;;;;;x
dye_RGO_SIZE;Dye Plantation Size;Taille de la plantation de plantes tinctoriales;Farbstoffplantage-Größe;;;;;;;;;;;x
EASY;Easy;Facile;;;;;;;;;;;;x
easy_ai;Easy Difficulty;Niveau de difficult¡×: Facile;;;;;;;;;;;;x
easy_player;Easy Difficulty;Niveau de difficult¡×: Facile;;;;;;;;;;;;x
ECONOMIC_REFORM_COST_DESC;Cost modifier for economic reforms:;Co¡× du modificateur pour les r¡×ormes ¡×onomiques :;;;;;;;;;;;;x
ECONOMICREFORM_1;Economic Reforms in $COUNTRY$;R¡×ormes ¡×onomiques en $COUNTRY$;;;;;;;;;;;;x
ECONOMICREFORM_2;$MONARCHTITLE$, we have now enacted;$MONARCHTITLE$, nous avons adopt¡×;;;;;;;;;;;x
ECONOMICREFORM_3;$ISSUE$;$ISSUE$;;;;;;;;;;;;x
ECONOMICREFORM_4;in;en;;;;;;;;;;;;x
ECONOMICREFORM_5;$CATEGORY$;$CATEGORY$;;;;;;;;;;;;x
ECONOMICREFORM_6;*;*;;;;;;;;;;;;x
ECONOMICREFORM_BAD_1;Economic Reforms Revoked in $COUNTRY$;R¡×ormes ¡×onomiques r¡×oqu¡×s in $COUNTRY$;;;;;;;;;;;;x
ECONOMICREFORM_BAD_2;$MONARCHTITLE$, we have now revoked benefits in;$MONARCHTITLE$, nous avons renonc¡×aux b¡×¡×ices de;;;;;;;;;;;;x
ECONOMICREFORM_BAD_3;$CATEGORY$;$CATEGORY$;;;;;;;;;;;;x
ECONOMICREFORM_BAD_4;from $OLD$ to $ISSUE$.;de $OLD$ pour $ISSUE$.;;;;;;;;;;;;x
ECONOMICREFORM_BAD_5;*;*;;;;;;;;;;;;x
ECONOMICREFORM_BAD_6;*;*;;;;;;;;;;;;x
ECONOMICREFORM_BAD_BTN1;OK;D'accord;;;;;;;;;;;;x
ECONOMICREFORM_BAD_BTN2;OK;D'accord;;;;;;;;;;;;x
ECONOMICREFORM_BAD_BTN3;Go To;Voir;;;;;;;;;;;;x
ECONOMICREFORM_BAD_HEADER;Political News in $COUNTRY$;Nouvelle politique en $COUNTRY$;;;;;;;;;;;;x
ECONOMICREFORM_BAD_LOG;We revoked $OLD$ in $CATEGORY$ to $ISSUE$.;Nous avons annul¡×$OLD$ en $CATEGORY$ pour $ISSUE$.;;;;;;;;;;;;x
ECONOMICREFORM_BAD_MAP;*;*;;;;;;;;;;;;x
ECONOMICREFORM_BAD_SETUP;When removing an economic reform;Annulation d'une r¡×orme ¡×onomique;;;;;;;;;;;;x
ECONOMICREFORM_BTN1;OK;D'accord;;;;;;;;;;;;x
ECONOMICREFORM_BTN2;OK;D'accord;;;;;;;;;;;;x
ECONOMICREFORM_BTN3;Go To;Voir;;;;;;;;;;;;x
ECONOMICREFORM_HEADER;Political News in $COUNTRY$;Nouvelles politiques en $COUNTRY$;;;;;;;;;;;;x
ECONOMICREFORM_LOG;We enacted $ISSUE$ in $CATEGORY$.;Nous avons adopt¡×$ISSUE$ en $CATEGORY$.;;;;;;;;;;;;x
ECONOMICREFORM_MAP;*;*;;;;;;;;;;;;x
ECONOMICREFORM_SETUP;When enacting an economic reform;En adoptant une r¡×orme ¡×onomique;;;;;;;;;;;;x
EDU_DESC;The educational budget is used to pay the intellectuals (schoolteachers, clergymen, writers ...) and to produce research points.;Le budget de l'enseignement permet de payer le clerg¡×et de produire des points de recherche.;;;;;;;;;;;;x
EDU_EFF_TECH;Education Eff.;Efficacit¡×¡×ucative;;;;;;;;;;;;x
EDUCATION;Education;Éducation;;;;;;;;;;;;x
EDUCATION_SPENDING;Education Spending;D¡×enses ¡×ucatives;Bildungsausgaben;;;;;;;;;;;x
EDUCATION_SPENDING_OVER;Education Spending above §Y$VAL$§W%\n;D¡×enses ¡×ucatives sup¡×ieures ¡×¡×$VAL$¡×%;;;;;;;;;;;;x
EFFECT_AND;...and;… et;…und;;... y;;;;;;;;;x
EFFECT_BUILD_IN_CAPITAL_DESC;§Y$BLD$? construction will take place in: §Y$PROVS$?\n;;;;;;;;;;;;;x
EFFECT_CRISIS_INTEREST;$COUNTRY$ declares interest in the current crisis\n;;;;;;;;;;;;;x
EFFECT_MORE;more.;davantage.;mehr.;;M¡×;;;;;;;;;x
ELECTION_INFO_IN_GOV;Election Campaign in Progress;Campagne ¡×ectorale en cours;;;;;;;;;;;;x
ELECTIONDONE_1;Election finished!;Élection termin¡× !;;;;;;;;;;;;x
ELECTIONDONE_2;$MONARCHTITLE$, the elections are now finished.;$MONARCHTITLE$, les ¡×ections sont maintenant termin¡×s.;;;;;;;;;;;;x
ELECTIONDONE_3;$WINNER$ is now the new ruling party.;$WINNER$ est le nouveau parti dirigeant.;;;;;;;;;;;;x
ELECTIONDONE_4;$DETAILS$;$DETAILS$;;;;;;;;;;;;x
ELECTIONDONE_5;*;*;;;;;;;;;;;;x
ELECTIONDONE_6;*;*;;;;;;;;;;;;x
ELECTIONDONE_BTN1;OK;OK;;;;;;;;;;;;x
ELECTIONDONE_BTN2;OK;OK;;;;;;;;;;;;x
ELECTIONDONE_BTN3;Go To;ALLER ¡×;;;;;;;;;;;x
ELECTIONDONE_HEADER;Political News in $COUNTRY$;Titre;;;;;;;;;;;;x
ELECTIONDONE_LOG;$WINNER$ will now lead the government of $COUNTRY$.;$WINNER$ sera ¡×la t¡×e du gouvernement de $COUNTRY$.;;;;;;;;;;;;x
ELECTIONDONE_MAP;*;*;;;;;;;;;;;;x
ELECTIONDONE_SETUP;When the Election campaign has finished.;Si la campagne ¡×ectorale est termin¡×.;;;;;;;;;;;;x
ELECTIONSTART_1;The Elections of $COUNTRY$ are starting;;;;;;;;;;;;;x
ELECTIONSTART_2;$MONARCHTITLE$, we are now reporting that the elections have started.;$MONARCHTITLE$, nous vous informons que les ¡×ections ont commenc¡×;;;;;;;;;;;;x
ELECTIONSTART_3;The final results will be in on;Nous conna¡×rons le vainqueur des ¡×ection ¡×;;;;;;;;;;;x
ELECTIONSTART_4;$DETAILS$;$DETAILS$;;;;;;;;;;;;x
ELECTIONSTART_5;*;*;;;;;;;;;;;;x
ELECTIONSTART_6;*;*;;;;;;;;;;;;x
ELECTIONSTART_BTN1;OK;OK;;;;;;;;;;;;x
ELECTIONSTART_BTN2;OK;OK;;;;;;;;;;;;x
ELECTIONSTART_BTN3;Go To;ALLER ¡×;;;;;;;;;;;x
ELECTIONSTART_HEADER;Political News in $COUNTRY$;Titre;;;;;;;;;;;;x
ELECTIONSTART_LOG;Election campaigns started in $COUNTRY$.;La campagne ¡×ectorale a commenc¡×¡×$COUNTRY$.;;;;;;;;;;;;x
ELECTIONSTART_MAP;*;*;;;;;;;;;;;;x
ELECTIONSTART_SETUP;At the start of an Election Campaign.;Au d¡×ut d'une campagne ¡×ectorale.;;;;;;;;;;;;x
ELECTORATE_DISTTITLE;Electorate Vote;Vote ¡×ectoral;Kandidaten-Stimme;;;;;;;;;;;x
EMBASSY_IS_BANNED;We cannot influence this country because our ambassadors are banned. We suspect §Y$COUNTRY$§W is behind this. Our new ambassadors will arrive at §Y$DATE$§W.;Nous ne pouvons pas influencer ce pays car nos ambassadeurs y sont interdits de s¡×our. Nous soup¡×nnons ¡×$COUNTRY$¡× d'¡×re derri¡×e tout cela. Nos nouveaux ambassadeurs arriveront le ¡×$DATE$¡×.;;;;;;;;;;;;x
EMIGRANTS_TO;§R$VAL$§W emigrated to $NAME$.;¡×$VAL$¡× ont ¡×igr¡×vers $NAME$.;;;;;;;;;;;;x
EMIGRATION_AT_PROVINCE_TOOLTIP;(§R$TOTALEMI$§W) §YEmigrations to:§W\n$EMILIST$\n(§G$TOTALIMM$§W) §YImmigrations from:§W\n$IMMLIST$;(¡×$TOTALEMI$¡×) ¡×Émigration vers ¡×\n$EMILIST$\n(¡×$TOTALIMM$¡×) ¡×Immigration de ¡×\n$IMMLIST$;;;;;;;;;;;;x
EMIGRATION_ENTRY_TOOLTIP;§R$NUM$§W to §Y$PROV$§W;¡×$NUM$¡× vers ¡×$PROV$¡×;;;;;;;;;;;;x
employ_from_tech;From technology:;¡×partir de la technologie :;;;;;;;;;;;;x
EMPLOYMENT;Employment;Emploi;Arbeit;;;;;;;;;;;x
ENABLE_BUILDING_TECH;Allow;Permettre la construction de;;;;;;;;;;;;x
ENABLE_CANAL;Build the §Y$NAME$§W\n;Construire ¡×$NAME$¡× !\n;;;;;;;;;;;;x
ENABLE_CRIME_TECH;Allow;Autoriser;;;;;;;;;;;;x
ENABLE_UNIT_TECH;Allows construction of;Permettre la construction de;;;;;;;;;;;;x
ENABLES;Enables $WHICH$.\n;Permet $WHICH$.\n;Erm¡×licht $WHICH$.\n;;;;;;;;;;;x
ENCOURAGEMENT_FOR;Encouragement for ;Encouragement pour;;;;;;;;;;;;x
END_GUARANTEE_EFFECT;§Y$COUNTRY$§W will end its guarantee to §Y$TARGET_COUNTRY$§W.\n;¡×$COUNTRY$¡× va cesser de se porter garant pour ¡×$TARGET_COUNTRY$¡×.\n;;;;;;;;;;;;x
END_NON_AGGRESSION_PACT_EFFECT;§Y$COUNTRY$§W will end a non-aggression pact with §Y$TARGET_COUNTRY$§W.\n;¡×$COUNTRY$¡× va cesser d'appliquer le pacte de non agression sign¡×avec ¡×$TARGET_COUNTRY$¡×.\n;;;;;;;;;;;;x
END_WAR_EFFECT;§Y$COUNTRY$§W and §Y$TARGET_COUNTRY$§W will no longer be enemies§W.\n;¡×$COUNTRY$¡× et ¡×$TARGET_COUNTRY$¡× ne vont plus ¡×re ennemis¡×.\n;;;;;;;;;;;;x
ENDGAME_DESC;One hundred Momentous years have passed and we have entered the modern age. The world is a radically different place, how did your country do?;;;;;;;;;;;;x
ENDGAME_HEADLINE;Game Over;;;;;;;;;;;;x
ENERGY_IS_ATLEAST_TRIGGER;Energy is at least §Y$VALUE$§W.\n;Il y a au moins ¡×$VALUE$¡× d'¡×ergie.\n;;;;;;;;;;;;x
ENERGY_IS_NOT_TRIGGER;Energy is not §Y$VALUE$§W.\n;L'¡×ergie disponible n'est pas de ¡×$VALUE$¡×.\n;;;;;;;;;;;;x
ENFORCE_DEMANDS_TRIGGER;These rebels will win if the following is true:;Si ce qui suit est vrai, ces rebelles l'emporteront :;;;;;;;;;;;;x
ENOUGH_RELATION;Their opinion of us is as good as it can be.;L'opinion que ce pays a de nous est aussi bonne que possible.;;;;;;;;;;;;x
ENROUTE;We have a diplomat en route, and he will arrive on $DATE$;Nous avons un diplomate en route. Il arrivera le $DATE$.;;;;;;;;;;;;x
ESTIMATE_ARIVAL;Will arrive in $PROV$ on $DATE$;Arrivera en $PROV$ le $DATE$;Kommt in $PROV$ am $DATE$ an;;;;;;;;;;;x
EVASION;Evasion;;;;;;;;;;;;;x
EVENTHAPPENOTHER_1;$COUNTRY$;$COUNTRY$;$COUNTRY$;;;;;;;;;;;x
EVENTHAPPENOTHER_2;They tell us about the events of;Ils nous ont parl¡×de;Sie berichten uns ¡×er das Ereignis;;;;;;;;;;;x
EVENTHAPPENOTHER_3;$EVENT$;$EVENT$;$EVENT$;;;;;;;;;;;x
EVENTHAPPENOTHER_4;which has happened to their country recently.;qui a r¡×emment eu lieu dans ce pays.;das sich neulich in ihrem Land ereignet hat.;;;;;;;;;;;x
EVENTHAPPENOTHER_5;*;*;*;;;;;;;;;;;x
EVENTHAPPENOTHER_6;*;*;*;;;;;;;;;;;x
EVENTHAPPENOTHER_BTN1;OK;OK;;;;;;;;;;;;x
EVENTHAPPENOTHER_BTN2;OK;OK;;;;;;;;;;;;x
EVENTHAPPENOTHER_BTN3;*;*;;;;;;;;;;;;x
EVENTHAPPENOTHER_HEADER;The Foreign Minister reports;Le ministre des Affaires ¡×rang¡×es rapporte;:;;;;;;;;;;;x
EVENTHAPPENOTHER_LOG;Event: '$EVENT$' in $COUNTRY$.;Év¡×ement '$EVENT$' en $COUNTRY$.;Ereignis: '$EVENT$' in $COUNTRY$.;;;;;;;;;;;x
EVENTHAPPENOTHER_MAP;*;*;;;;;;;;;;;;x
EVENTHAPPENOTHER_SETUP;When a historical event with a single choice happens to another country.;Si un ¡×¡×ement historique ¡×choix unique a lieu dans un autre pays.;Wenn sich in einem anderen Land etwas Historisches mit nur einer Auswahlm¡×lichkeit ereignet … ;;;;;;;;;;;x
EVENTHAPPENOTHEROPTION_1;$COUNTRY$;$COUNTRY$;;;;;;;;;;;;x
EVENTHAPPENOTHEROPTION_2;They tell us about the events of;Ils nous ont parl¡×de;;;;;;;;;;;;x
EVENTHAPPENOTHEROPTION_3;$EVENT$;$EVENT$;;;;;;;;;;;;x
EVENTHAPPENOTHEROPTION_4;among the possible options, they went with;o¡×ils ont choisi de;;;;;;;;;;;;x
EVENTHAPPENOTHEROPTION_5;$OPTION$;$OPTION$;;;;;;;;;;;;x
EVENTHAPPENOTHEROPTION_6;as their choice of action.;parmi les choix qui leur ¡×aient offerts.;;;;;;;;;;;;x
EVENTHAPPENOTHEROPTION_BTN1;OK;D'accord;OK;;;;;;;;;;;x
EVENTHAPPENOTHEROPTION_BTN2;OK;D'accord;OK;;;;;;;;;;;x
EVENTHAPPENOTHEROPTION_BTN3;GOTO;Voir;Goto;;;;;;;;;;;x
EVENTHAPPENOTHEROPTION_HEADER;The Foreign Minister reports;Le ministre des Affaires ¡×rang¡×es rapporte;;;;;;;;;;;;x
EVENTHAPPENOTHEROPTION_LOG;Event: '$OPTION$' in '$EVENT$' for $COUNTRY$.;Év¡×ement : $COUNTRY$ a d¡×id¡×de '$OPTION$' pendant '$EVENT$'.;;;;;;;;;;;;x
EVENTHAPPENOTHEROPTION_MAP;*;*;*;;;;;;;;;;;x
EVENTHAPPENOTHEROPTION_SETUP;When a historical event with multiple choice happens to another country.;Si un ¡×¡×ement historique ¡×choix multiple se produit dans un autre pays.;;;;;;;;;;;;x
EVENTHAPPENUS_1;$EVENT$;$EVENT$;;;;;;;;;;;;x
EVENTHAPPENUS_2;happened;qui s'est produit;;;;;;;;;;;;x
EVENTHAPPENUS_3;to us.;pour nous.;;;;;;;;;;;;x
EVENTHAPPENUS_4;*;*;;;;;;;;;;;;x
EVENTHAPPENUS_5;*;*;;;;;;;;;;;;x
EVENTHAPPENUS_6;*;*;;;;;;;;;;;;x
EVENTHAPPENUS_BTN1;OK;D'accord;OK;;;;;;;;;;;x
EVENTHAPPENUS_BTN2;OK;D'accord;OK;;;;;;;;;;;x
EVENTHAPPENUS_BTN3;*;*;*;;;;;;;;;;;x
EVENTHAPPENUS_HEADER;The Foreign Ministry reports;;;;;;;;;;;;;x
EVENTHAPPENUS_LOG;Event: '$EVENT$' for player.;Év¡×ement : '$EVENT$' pour le joueur.;;;;;;;;;;;;x
EVENTHAPPENUS_MAP;*;*;*;;;;;;;;;;;x
EVENTHAPPENUS_SETUP;When a historical event happens to us.;Si un ¡×¡×ement historique se produit pour nous.;;;;;;;;;;;;x
EVERYDAY_NEEDS;Everyday Needs;Besoins quotidiens;Alltagsbed¡×fnisse;;;;;;;;;;;x
EXECUTING_HISTORY;Executing History...;;;;;;;;;;;;;x
EXILED_DESC;This unit is §Rexiled§!, as it's in foreign territory during peacetime without military access. Exiled units cannot engage in combat, and their scouting abilities are reduced, but they are able to march home through foreign territory. Return your unit to the nearest owned province!;;;;;;;;;;;;;x
EXISTS; exists; existe; existiert;;;;;;;;;;;x
EXIT;EXIT;QUITTER;;;;;;;;;;;;x
EXP_DIVISION;Division;Division;;;;;;;;;;;;x
EXP_SHIP;Ships;Navires;;;;;;;;;;;;x
EXP_SQUADRON;Air wing;Escadrille;;;;;;;;;;;;x
EXPEDNEWDESC_AIR;\nYou have currently selected §Y$UNIT$§W. It contains a total of $NUM$ air wings.\nThe unit is currently located in §Y$PROV$§W.;\nVous avez actuellement choisi, ¡×$UNIT$¡×, elle comprend au total $NUM$ escadrilles.\nL'unit¡×se trouve actuellement ¡×¡×$PROV$¡×.;;;;;;;;;;;;x
EXPEDNEWDESC_ARMY;\nYou have currently selected §Y$UNIT$§W. It contains a total of $NUM$ Divisions.\nThe unit is currently located in §Y$PROV$§W.;\nVous avez actuellement choisi, ¡×$UNIT$¡×, elle comprend au total $NUM$ navires.\nL'unit¡×se trouve actuellement ¡×¡×$PROV$¡×.;;;;;;;;;;;;x
EXPEDNEWDESC_NAVY;\nYou have currently selected §Y$UNIT$§W. It contains a total of $NUM$ Ships.\nThe unit is currently located in §Y$PROV$§W.;\nVous avez actuellement choisi, ¡×$UNIT$¡×, elle comprend au total $NUM$ navires.\nL'unit¡×se trouve actuellement ¡×¡×$PROV$¡×.;;;;;;;;;;;;x
EXPELADVISORS_BUTTON;Expel Advisors;Expulser les conseillers;;;;;;;;;;;;x
EXPELADVISORS_DESC;This removes all influence from a Great Power in this country. Also removes Discredit effect.;Cela emp¡×he toute grande puissance d'exercer son influence dans ce pays. Annule ¡×alement l'effet de la fonction Discr¡×iter.;;;;;;;;;;;;x
EXPELADVISORS_DI;Expulsion of Advisors;Expulsion de conseillers;;;;;;;;;;;;x
EXPELADVISORS_OTHER_ACCEPT_1;§Y$RECIPIENT$§W;¡×$RECIPIENT$¡×;;;;;;;;;;;;x
EXPELADVISORS_OTHER_ACCEPT_2;$MONARCHTITLE$, we heard that;$MONARCHTITLE$, il para¡× que;;;;;;;;;;;;x
EXPELADVISORS_OTHER_ACCEPT_3;§Y$ACTOR$§W convinced §Y$RECIPIENT$§W;¡×$ACTOR$¡× a convaincu ¡×$RECIPIENT$¡×;;;;;;;;;;;;x
EXPELADVISORS_OTHER_ACCEPT_4;to expel all advisors from §Y$TARGET$§W;d'expulser tous les conseillers de ¡×$TARGET$¡×;;;;;;;;;;;;x
EXPELADVISORS_OTHER_ACCEPT_5;§Y$RECIPIENT$§W is now free of all of their influence.;¡×$RECIPIENT$¡× n'est d¡×ormais plus sous leur influence.;;;;;;;;;;;;x
EXPELADVISORS_OTHER_ACCEPT_6;*;*;;;;;;;;;;;;x
EXPELADVISORS_OTHER_ACCEPT_BTN1;OK;OK;;;;;;;;;;;;x
EXPELADVISORS_OTHER_ACCEPT_BTN2;OK;OK;;;;;;;;;;;;x
EXPELADVISORS_OTHER_ACCEPT_BTN3;Go To;Aller ¡×;;;;;;;;;;;x
EXPELADVISORS_OTHER_ACCEPT_HEADER;The Foreign Minister reports;Le ministre des Affaires ¡×rang¡×es indique :;;;;;;;;;;;;x
EXPELADVISORS_OTHER_ACCEPT_LOG;$ACTOR$ convinced $RECIPIENT$ to expel all advisors from $TARGET$.;$ACTOR$ a convaincu $RECIPIENT$ d'expulser tous les conseillers de $TARGET$.;;;;;;;;;;;;x
EXPELADVISORS_OTHER_ACCEPT_SETUP;When a nation expels the advisers of another nation;Si une nation expulse les conseillers d'une autre;;;;;;;;;;;;x
EXPELADVISORS_THEY_ACCEPT_1;§Y$RECIPIENT$§W;¡×$RECIPIENT$¡×;;;;;;;;;;;;x
EXPELADVISORS_THEY_ACCEPT_2;$MONARCHTITLE$, we managed to convince;$MONARCHTITLE$, nous avons r¡×ssi ¡×convaincre;;;;;;;;;;;;x
EXPELADVISORS_THEY_ACCEPT_3;§Y$RECIPIENT$§W to expel all advisors from;¡×$RECIPIENT$¡× d'expulser tous les conseillers de;;;;;;;;;;;;x
EXPELADVISORS_THEY_ACCEPT_4;§Y$TARGET$§W;¡×$TARGET$¡×;;;;;;;;;;;;x
EXPELADVISORS_THEY_ACCEPT_5;§Y$RECIPIENT$§W is now free of all of their influence!;¡×$RECIPIENT$¡× n'est d¡×ormais plus sous leur influence.;;;;;;;;;;;;x
EXPELADVISORS_THEY_ACCEPT_6;*;*;;;;;;;;;;;;x
EXPELADVISORS_THEY_ACCEPT_BTN1;OK;OK;;;;;;;;;;;;x
EXPELADVISORS_THEY_ACCEPT_BTN2;OK;OK;;;;;;;;;;;;x
EXPELADVISORS_THEY_ACCEPT_BTN3;Go To;Aller ¡×;;;;;;;;;;;x
EXPELADVISORS_THEY_ACCEPT_HEADER;The Foreign Minister reports;Le ministre des Affaires ¡×rang¡×es indique :;;;;;;;;;;;;x
EXPELADVISORS_THEY_ACCEPT_LOG;We convinced $RECIPIENT$ to expel all advisors from $TARGET$.;Nous avons convaincu $RECIPIENT$ d'expulser tous les conseillers de $TARGET$.;;;;;;;;;;;;x
EXPELADVISORS_THEY_ACCEPT_SETUP;When we expel the advisers of a nation;Si nous expulsons les conseillers d'une nation;;;;;;;;;;;;x
EXPELADVISORS_WE_ACCEPT_1;§Y$ACTOR$§W;¡×$ACTOR$¡×;;;;;;;;;;;;x
EXPELADVISORS_WE_ACCEPT_2;$MONARCHTITLE$, §Y$ACTOR$§W convinced us;$MONARCHTITLE$, ¡×$ACTOR$¡× nous a convaincus;;;;;;;;;;;;x
EXPELADVISORS_WE_ACCEPT_3;to expel all advisors from;d'expulser tous les conseillers de;;;;;;;;;;;;x
EXPELADVISORS_WE_ACCEPT_4;*;¡×$TARGET$¡×;;;;;;;;;;;;x
EXPELADVISORS_WE_ACCEPT_5;We are no longer subject to their influence.;Nous ne sommes plus soumis ¡×leur influence.;;;;;;;;;;;;x
EXPELADVISORS_WE_ACCEPT_6;*;*;;;;;;;;;;;;x
EXPELADVISORS_WE_ACCEPT_BTN1;OK;OK;;;;;;;;;;;;x
EXPELADVISORS_WE_ACCEPT_BTN2;OK;OK;;;;;;;;;;;;x
EXPELADVISORS_WE_ACCEPT_BTN3;Go To;Aller ¡×;;;;;;;;;;;x
EXPELADVISORS_WE_ACCEPT_HEADER;The Foreign Minister reports;Le ministre des Affaires ¡×rang¡×es indique :;;;;;;;;;;;;x
EXPELADVISORS_WE_ACCEPT_LOG;We were convinced by $ACTOR$ to expel all advisors from $TARGET$.;$ACTOR$ nous a convaincus d'expulser tous les conseillers de $TARGET$.;;;;;;;;;;;;x
EXPELADVISORS_WE_ACCEPT_SETUP;When a nation expels the advisers of another nation in our country;Si une nation expulse les conseillers d'une autre dans notre pays;;;;;;;;;;;;x
EXPELADVISORSTITLE;Expel Great Power's advisers;Expulser les conseillers d'une GP;;;;;;;;;;;;x
EXPENSE_NO_AFFORD;We can only afford to pay §R$VAL$§W¤ of our expenses!;Nous ne pouvons nous acquitter que de ¡×$VAL$¡×¡×e nos d¡×enses !;;;;;;;;;;;;x
EXPIRES_ON;Expires on §Y$DATE$§W;Expire le ¡×$DATE$¡×;;;;;;;;;;;;x
EXTRA_NATIONALISM_DESC;$DIRECTION$ $VALUE$ years of nationalism in $WHERE$.\n;$DIRECTION$ $VALUE$ ann¡×s de nationalisme ¡×$WHERE$.\n;;;;;;;;;;;;x
FACTORY_INPUT_TECH;Factory input efficiency tech;Tech efficacit¡×mati¡×es premi¡×es Usine;;;;;;;;;;;;x
FACTORY_NEED_DETAIL;Need $VAL$ for producers;Un besoin de $VAL$ pour notre industrie;Ben¡×igt $VAL$ f¡× Produzenten;;;;;;;;;;;x
FACTORY_NONE_EFFECT_TECH;;;;;;;;;;;;;;x
FACTORY_OUTPUT_TECH;Factory output efficiency tech;Tech efficacit¡×rendement Usine;;;;;;;;;;;;x
FACTORY_THROUGHPUT_TECH;Factory throughput tech;Tech efficacit¡×d¡×it Usine;;;;;;;;;;;;x
FAST_SPEED;Fast Speed;Vitesse rapide;;;;;;;;;;;;x
FASTEST_SPEED;Fastest Speed;Vitesse la plus rapide;;;;;;;;;;;;x
FE_ADVANCED;Advanced;Avanc¡×;;;;;;;;;;;x
FE_ALLIES;Allies:;Alli¡× :;;;;;;;;;;;;x
FE_AT_WAR;At war:;En guerre :;;;;;;;;;;;;x
FE_BACK;Back;Retour;;;;;;;;;;;;x
FE_BASIC;Basic;De base;;;;;;;;;;;;x
FE_BOOKEDMARKED;Bookmarked dates:;Dates ayant un signet :;;;;;;;;;;;;x
FE_BOOKMARK_DATE;Bookmark date;Appliquer un signet ¡×la date;;;;;;;;;;;;x
FE_BOOKMARK_TITLE;Bookmark Title;Titre du signet;;;;;;;;;;;;x
FE_CANCEL;Cancel;Annuler;;;;;;;;;;;;x
FE_COUNTRY;Country;Pays;;;;;;;;;;;;x
FE_CREDITS;Credits;Cr¡×its;;;;;;;;;;;;x
FE_DIFFICULTY;Difficulty:;Difficult¡×:;;;;;;;;;;;;x
FE_DIPLOMACY;Diplomacy;Diplomatie;;;;;;;;;;;;x
FE_ECONOMY;Economy;Économie;;;;;;;;;;;;x
FE_EXIT;Exit;Quitter;;;;;;;;;;;;x
FE_HISTORICAL_START;Historical Start;D¡×ut historique;;;;;;;;;;;;x
FE_HOST;Host;H¡×e;;;;;;;;;;;;x
FE_IDEOLOGY;Ideology;Id¡×logie;;;;;;;;;;;;x
FE_INDUSTRY;Industry:;Industrie :;;;;;;;;;;;;x
FE_JOIN_INTERNET_GAME;Join Internet Game;Rejoindre une partie sur Internet;;;;;;;;;;;;x
FE_JOIN_LAN_GAME;Join Lan Game;Rejoindre une partie LAN;;;;;;;;;;;;x
FE_LOAD;LOAD;CHARGER;;;;;;;;;;;;x
FE_LOCAL_GAMES;local games;parties locales;;;;;;;;;;;;x
FE_MEDIUM;Medium;Interm¡×iaire;;;;;;;;;;;;x
FE_METASERVER;Metaserver;M¡×aserveur;;;;;;;;;;;;x
FE_MICRO;Buy Bonus Items;Acheter des ¡×¡×ents bonus;;;;;;;;;;;;x
FE_MILITARY;Military:;Arm¡× :;;;;;;;;;;;;x
FE_MULTI_PLAYER;Multi Player;Multijoueur;;;;;;;;;;;;x
FE_MY_GAME;My Game;Ma partie;;;;;;;;;;;;x
FE_NATION_TO_PLAY;Click the nation you wish to play...;Cliquez sur la nation avec laquelle vous voulez jouer…;;;;;;;;;;;;x
FE_NEW_GAME;New Game;Nouvelle partie;;;;;;;;;;;;x
FE_NO_COUNTRY_SELECTED;No country selected;Aucun pays s¡×ectionn¡×;;;;;;;;;;;x
FE_NONE_FOUND;None;Rien;;;;;;;;;;;;x
FE_NUM_PLAYERS;Number of Players: $NUM$;Nombre de joueurs : $NUM$;;;;;;;;;;;;x
FE_OPTIONS;Options;Options;;;;;;;;;;;;x
FE_PAUSED_TEXT;Paused;Pause;;;;;;;;;;;;x
FE_PLAYABLE_COUNTRIES;Playable Countries;Pays disponibles;;;;;;;;;;;;x
FE_PLAYER;Player;Joueur;;;;;;;;;;;;x
FE_PLAYER_NAME;Player name:;Nom du joueur :;;;;;;;;;;;;x
FE_POP;Pop.;Pop.;;;;;;;;;;;;x
FE_PRESTIGE;Prestige:;Prestige :;;;;;;;;;;;;x
FE_RANK;Rank;Classement;;;;;;;;;;;;x
FE_SAVE_GAME;Save Games;Sauvegarder des parties;;;;;;;;;;;;x
FE_SAVED_GAMES;Saved Games;Parties sauvegard¡×s;;;;;;;;;;;;x
FE_SCAN;scan;Rechercher;;;;;;;;;;;;x
FE_SCORE;Score;Score;;;;;;;;;;;;x
FE_SELECT_NATION;Click on the map to select a nation...;Cliquez sur la carte pour s¡×ectionner une nation…;;;;;;;;;;;;x
FE_SETTING_DIPLOMACY;Diplomacy;Diplomatie;;;;;;;;;;;;x
FE_SETTING_INTEL;Intelligence;Espionnage;;;;;;;;;;;;x
FE_SETTING_POLITICS;Politics;Politique;;;;;;;;;;;;x
FE_SETTING_PRODUCTION;Production;Production;;;;;;;;;;;;x
FE_SETTING_TECHNOLOGY;Technology;Technologie;;;;;;;;;;;;x
FE_SETTING_UNITINTERFACE;Armies;Arm¡×s;;;;;;;;;;;;x
FE_SINGLE_PLAYER;Single Player;Solo;;;;;;;;;;;;x
FE_START_ALL_CHAPTERS;Start from the beginning...;Commencer depuis le d¡×ut…;;;;;;;;;;;;x
FE_STARTING_DATE;Starting Date;Date de d¡×ut;;;;;;;;;;;;x
FE_TOGGLE;Quick Start;D¡×arrage rapide;;;;;;;;;;;;x
FE_TOGGLE_NORMAL;Custom Start;D¡×arrage personnalis¡×;;;;;;;;;;;x
FE_TRIALS;Trials;Essais;;;;;;;;;;;;x
FE_TUTORIAL;Tutorial;Didacticiel;;;;;;;;;;;;x
FE_WARS;Wars:;Guerres :;;;;;;;;;;;;x
February;February;F¡×rier;;;;;;;;;;;;x
FIGHTING_WAR_TOGETHER;We cannot break our alliance during a mutual war against our enemies.;Nous ne pouvons pas rompre notre alliance lors d'une guerre mutuelle contre nos ennemis.;;;;;;;;;;;;x
FINISHED_ON;Finished on $DATE$.;Termin¡×le $DATE$.;;;;;;;;;;;;x
FIRE_RANGE;Firing Range;;;;;;;;;;;;;x
fish_RGO_SIZE;Fishing Wharf Size;Taille du quai de p¡×he;Fischereihafen-Größe;;;;;;;;;;;x
FIVE_YEAR;Five Years;Cinq ans;;;;;;;;;;;;x
FLAG_SUBMENU_INTERESTING;Set country as interesting.;D¡×inir le pays comme int¡×essant.;;;;;;;;;;;;x
FLAG_SUBMENU_NOTINTERESTING;Set country as §Ynot§W interesting.;D¡×inir le pays comme ¡×pas¡× int¡×essant.;;;;;;;;;;;;x
FLASHPOINT_TENSION;Flashpoint Tension: §Y$VALUE$§!%;;;;;;;;;;;;;x
FLASHPOINT_TENSION_EFFECT;$DIRECTION$ $VALUE$ flashpoint tension.\n;;$DIRECTION$ $VALUE$ Unruhe-Spannung.\n;;;;;;;;;;;x
FOCUS_ALLREADY_SELECTED;Currently Selected Focus.;Cause actuellement s¡×ectionn¡×.;Aktuell ausgew¡×lter Fokus.;;;;;;;;;;;x
FOCUS_GP_ONLY;Only Great Powers may do this.;Seules les Grandes Puissances en sont capables.;Dies ist nur Gro¡×¡×hten m¡×lich.;;;;;;;;;;;x
FOCUS_MAX;Only 3 nations may focus here at the same time.;Seules 3 nations peuvent se concentrer ici en m¡×e temps.;Nur drei Nationen k¡×nen gleichzeitig hier ihren Fokus haben.;;;;;;;;;;;x
FOCUS_NO_POINTS;Not enough free national focus points.;Points de cause nationale insuffisants.;Nicht gen¡×end freie nationale Fokuspunkte.;;;;;;;;;;;x
FOCUS_NOT_YOUR_PROVINCE;This action cannot be taken in a province you do not own.;Cette action est impossible dans une province qui ne vous appartient pas.;Die Aktion kann nicht in einer Provinz ausgef¡×rt werden, die Ihnen nicht geh¡×t.;;;;;;;;;;;x
FOCUS_OWNED_BY;You cannot place national focus in someone else's province unless it is a potential flashpoint for your cores. Encouraging flashpoint tension requires Revolution & Counterrevolution to be researched.;;;;;;;;;;;;;x
FOCUS_OWNED_COLONY;You cannot colonize a non empty province.;Vous ne pouvez pas coloniser une province non vide.;Sie k¡×nen keine leere Provinz kolonisieren.;;;;;;;;;;;x
FOCUS_PROMOTE_VAL;National focus: §G$VAL$§W%;Cause nationale : ¡×$VAL$%¡×;Nationaler Fokus: ¡×$VAL$¡×%;;;;;;;;;;;x
FOLLOWING_HAVE_CLAIMS;The following countries have claims here.;Les pays suivants revendiquent cet endroit :;;;;;;;;;;;;x
FOR_AI;For AI:;Pour l'IA :;;;;;;;;;;;;x
FOR_PLAYER;For Player:;Pour le joueur :;;;;;;;;;;;;x
FORM_GOVERMENT_IN_EXILE;Form a Government in Exile.\n;Former un gouvernement en exil.\n;;;;;;;;;;;;x
FORT_ADJUSTER;Fort;Fort;;;;;;;;;;;;x
FORT_LEVEL;Fort Level;Niveau du fort;;;;;;;;;;;;x
FOW_IS_LIFTED;The Fog of War is lifted;Le brouillard de guerre est ¡×imin¡×;;;;;;;;;;;x
FOW_IS_NOT_LIFTED;The Fog of War is not lifted;Le brouillard de guerre n'est pas ¡×imin¡×;;;;;;;;;;;x
Friday;Friday;Vendredi;;;;;;;;;;;;x
friendly_regiments;Friendly Troops;Troupes amies;;;;;;;;;;;;x
FROM_PROV_SIZE;Province Size: x;Taille de la province : x;;;;;;;;;;;;x
FROM_TECHNOLOGY;From Improved Technology;¡×partir de la technologie am¡×ior¡×;;;;;;;;;;;;x
fruit_RGO_SIZE;Orchard Size;Taille du verger;Obstgarten-Größe;;;;;;;;;;;x
GAIN;Gain;Gain;;;;;;;;;;;;x
GAIN_CB;Gain $TYPE$ Casus-Belli on §Y$WHO$§W.\n;Obtient un $TYPE$ casus belli sur $WHO$.\n;;;;;;;;;;;;x
GAIN_PROVINCE;Gain §Y$WHERE$§W from §Y$WHO$§W.\n;Obtention de ¡×$WHERE$¡× de ¡×$WHO$¡×.\n;;;;;;;;;;;;x
GAME_NOT_FOUND;Game not found.;Partie introuvable.;;;;;;;;;;;;x
gas;Gas Attack;Attaque aux gaz;;;;;;;;;;;;x
GEN_POP_HAVE;Must have $WHAT$;Doit disposer de $WHAT$;;;;;;;;;;;;x
GEN_POP_NOT_HAVE;Must not have $WHAT$.;Ne doit pas disposer de $WHAT$.;;;;;;;;;;;;x
GENERAL;General;G¡×¡×al;;;;;;;;;;;;x
GETSUB;Gets subsidies from $LIST$.;Est subventionn¡×par $LIST$.;;;;;;;;;;;;x
GETTING_NEEDS;Getting $NEED$: §Y$VAL$%§W;Recevant '$NEED$' : ¡×$VAL$%¡×;Decken $NEED$: ¡×$VAL$%¡×;;;;;;;;;;;x
GETTING_ONLY_NEEDS;Getting only $NEED$: §Y$VAL$%§W;Recevant ¡×peine '$NEED$' : ¡×$VAL$%¡×;;;;;;;;;;;;x
GGCOINS_BAD_LOGIN;Wrong username or password;Nom d'utilisateur ou mot de passe incorrect;;;;;;;;;;;;x
GGCOINS_ERR_DUPLICATE;You already own this item;Cet ¡×¡×ent vous appartient d¡×¡×;;;;;;;;;;;;x
GGCOINS_ERR_HANDSHAKE;Connection error-Please check your firewall settings;Erreur de connexion—Veuillez v¡×ifier les param¡×res du pare-feu.;;;;;;;;;;;;x
GGCOINS_ERR_INVALID_RESPONSE;Wrong combination of username and password;Mauvaise combinaison de nom d'utilisateur/mot de passe;;;;;;;;;;;;x
GGCOINS_ERR_NET;Network Error;Erreur de r¡×eau;;;;;;;;;;;;x
GGCOINS_ERR_NO_MEM;Memory allocation error;Erreur d'allocation de m¡×oire;;;;;;;;;;;;x
GGCOINS_ERR_NOT_FOUND;Item not found;Él¡×ent introuvable;;;;;;;;;;;;x
GGCOINS_ERR_NOT_SIGNED_IN;Not logged in;Pas de connexion;;;;;;;;;;;;x
GGCOINS_ERR_OUT_OF_CREDITS;You do not have enough coins.;Vous n'avez pas assez de pi¡×es.;;;;;;;;;;;;x
GGCOINS_ERR_PRICE_INCREASED;Price is increased, please update your list;Le prix a augment¡× veuillez mettre votre liste ¡×jour.;;;;;;;;;;;;x
GIVE_UNIT_COMMAND_ALREADY_CONTROL;You are already in command of their units.;;;;;;;;;;;;;x
GIVE_UNIT_COMMAND_BUTTON;Command Units;;;;;;;;;;;;;x
GIVE_UNIT_COMMAND_CANT_CONTROL;You can command units of your §Ypuppets§W only when you are fighting in a war together.;;;;;;;;;;;;;x
GIVE_UNIT_COMMAND_DESC;While fighting a war together, a puppet's overlord may take command of their units.;;;;;;;;;;;;;x
GIVE_UNIT_COMMAND_OK;Ask your puppet to take back command over their own units.;;;;;;;;;;;;;x
GIVE_UNIT_COMMANDTITLE;Command Units;;;;;;;;;;;;;x
GIVEMILITARYACCESS_BUTTON;Give Military Access;Accorder un acc¡× militaire;;;;;;;;;;;;x
GIVEMILITARYACCESS_DESC;Allows this country's troops to move through our territory.;Permet aux troupes de ce pays de traverser notre territoire.;;;;;;;;;;;;x
GIVEMILITARYACCESS_DI;Offer of Military Access;Offre d'acc¡× militaire;;;;;;;;;;;;x
GIVEMILITARYACCESS_OFFER;$ACTOR$ is offering us Military Access. Accepting will allow us to move ships and armies into their territory.;$ACTOR$ nous offre un acc¡× militaire. Si nous acceptons, nos navires et arm¡×s pourront traverser son territoire.;;;;;;;;;;;;x
GIVEMILITARYACCESS_OTHER_ACCEPT_1;§Y$ACTOR$§W;¡×$ACTOR$¡×;;;;;;;;;;;;x
GIVEMILITARYACCESS_OTHER_ACCEPT_2;$MONARCHTITLE$;$MONARCHTITLE$;;;;;;;;;;;;x
GIVEMILITARYACCESS_OTHER_ACCEPT_3;§Y$RECIPIENT$§W;¡×$RECIPIENT$¡×;;;;;;;;;;;;x
GIVEMILITARYACCESS_OTHER_ACCEPT_4;have accepted Military Access offered by;a accept¡×l'offre d'acc¡× militaire faite par;;;;;;;;;;;;x
GIVEMILITARYACCESS_OTHER_ACCEPT_5;§Y$ACTOR$§W;¡×$ACTOR$¡×.;;;;;;;;;;;;x
GIVEMILITARYACCESS_OTHER_ACCEPT_6;The actions of such minor states as §Y$ACTOR$§W are usually beneath our notice.;Les mesures prises par un pays aussi insignifiant que ¡×$ACTOR$¡× n'ont g¡×¡×alement aucun int¡×¡× pour nous.;;;;;;;;;;;;x
GIVEMILITARYACCESS_OTHER_ACCEPT_BTN1;OK;OK;;;;;;;;;;;;x
GIVEMILITARYACCESS_OTHER_ACCEPT_BTN2;OK;OK;;;;;;;;;;;;x
GIVEMILITARYACCESS_OTHER_ACCEPT_BTN3;Go To;Aller ¡×;;;;;;;;;;;x
GIVEMILITARYACCESS_OTHER_ACCEPT_HEADER;The Foreign Minister reports;Le ministre des Affaires ¡×rang¡×es indique :;;;;;;;;;;;;x
GIVEMILITARYACCESS_OTHER_ACCEPT_LOG;$RECIPIENT$ accepted the Military Access offer from $ACTOR$.;$RECIPIENT$ a accept¡×l'offre d'acc¡× militaire de $ACTOR$.;;;;;;;;;;;;x
GIVEMILITARYACCESS_OTHER_ACCEPT_SETUP;When a nation grants another nation military access rights to their country;Si une nation accorde ¡×une autre nation des droits d'acc¡× militaire ¡×leur pays;;;;;;;;;;;;x
GIVEMILITARYACCESS_OTHER_DECLINE_1;§Y$RECIPIENT$§W;¡×$RECIPIENT$¡×;;;;;;;;;;;;x
GIVEMILITARYACCESS_OTHER_DECLINE_2;$MONARCHTITLE$;$MONARCHTITLE$;;;;;;;;;;;;x
GIVEMILITARYACCESS_OTHER_DECLINE_3;§Y$RECIPIENT$§W;¡×$RECIPIENT$¡×;;;;;;;;;;;;x
GIVEMILITARYACCESS_OTHER_DECLINE_4;refused the offer of Military Access offered by;a refus¡×l'offre d'acc¡× militaire faite par;;;;;;;;;;;;x
GIVEMILITARYACCESS_OTHER_DECLINE_5;;¡×$ACTOR$¡×.;;;;;;;;;;;;x
GIVEMILITARYACCESS_OTHER_DECLINE_6;The more disharmony there is between the nations, the better.;Plus leurs relations sont mauvaises, mieux ¡× vaut.;;;;;;;;;;;;x
GIVEMILITARYACCESS_OTHER_DECLINE_BTN1;OK;OK;;;;;;;;;;;;x
GIVEMILITARYACCESS_OTHER_DECLINE_BTN2;OK;OK;;;;;;;;;;;;x
GIVEMILITARYACCESS_OTHER_DECLINE_BTN3;Go To;Aller ¡×;;;;;;;;;;;x
GIVEMILITARYACCESS_OTHER_DECLINE_HEADER;The Foreign Minister reports;Le ministre des Affaires ¡×rang¡×es indique :;;;;;;;;;;;;x
GIVEMILITARYACCESS_OTHER_DECLINE_LOG;$RECIPIENT$ declined a Military Access offer from $ACTOR$.;$RECIPIENT$ a refus¡×l'offre d'acc¡× militaire de $ACTOR$.;;;;;;;;;;;;x
GIVEMILITARYACCESS_OTHER_DECLINE_SETUP;When a nation rejects a military access offer from another nation;Si une nation refuse l'offre d'acc¡× militaire d'une autre;;;;;;;;;;;;x
GIVEMILITARYACCESS_THEY_ACCEPT_1;§Y$RECIPIENT$§W;¡×$RECIPIENT$¡×;;;;;;;;;;;;x
GIVEMILITARYACCESS_THEY_ACCEPT_2;$MONARCHTITLE$, in order to further our goals, we have decided that the troops of;$MONARCHTITLE$, afin de poursuivre nos objectifs, nous estimons que les troupes de;;;;;;;;;;;;x
GIVEMILITARYACCESS_THEY_ACCEPT_3;§Y$RECIPIENT$§W;¡×$RECIPIENT$¡×;;;;;;;;;;;;x
GIVEMILITARYACCESS_THEY_ACCEPT_4;should be allowed Military Access to our nation.;doivent b¡×¡×icier d'un acc¡× militaire ¡×notre pays.;;;;;;;;;;;;x
GIVEMILITARYACCESS_THEY_ACCEPT_5;*;*;;;;;;;;;;;;x
GIVEMILITARYACCESS_THEY_ACCEPT_6;We hope they all perish in a pointless war.;Nous esp¡×ons qu'ils vont tous p¡×ir au cours de cette guerre inutile.;;;;;;;;;;;;x
GIVEMILITARYACCESS_THEY_ACCEPT_BTN1;OK;OK;;;;;;;;;;;;x
GIVEMILITARYACCESS_THEY_ACCEPT_BTN2;OK;OK;;;;;;;;;;;;x
GIVEMILITARYACCESS_THEY_ACCEPT_BTN3;Go To;Aller ¡×;;;;;;;;;;;x
GIVEMILITARYACCESS_THEY_ACCEPT_HEADER;The Foreign Minister reports;Le ministre des Affaires ¡×rang¡×es indique :;;;;;;;;;;;;x
GIVEMILITARYACCESS_THEY_ACCEPT_LOG;$RECIPIENT$ accepted our offer of Military Access.;$RECIPIENT$ a accept¡×notre offre d'acc¡× militaire.;;;;;;;;;;;;x
GIVEMILITARYACCESS_THEY_ACCEPT_SETUP;When we grant another nation military access rights to our country;Si nous accordons ¡×une autre nation des droits d'acc¡× militaire ¡×notre pays;;;;;;;;;;;;x
GIVEMILITARYACCESS_THEY_DECLINE_1;§Y$RECIPIENT$§W;¡×$RECIPIENT$¡×;;;;;;;;;;;;x
GIVEMILITARYACCESS_THEY_DECLINE_2;$MONARCHTITLE$ we were surprised to learn that;$MONARCHTITLE$, nous avons ¡×¡×surpris d'apprendre que;;;;;;;;;;;;x
GIVEMILITARYACCESS_THEY_DECLINE_3;§Y$RECIPIENT$§W;¡×$RECIPIENT$¡×;;;;;;;;;;;;x
GIVEMILITARYACCESS_THEY_DECLINE_4;has somehow refused our generous offer of Military Access.;a refus¡×notre offre d'acc¡× militaire.;;;;;;;;;;;;x
GIVEMILITARYACCESS_THEY_DECLINE_5;*;*;;;;;;;;;;;;x
GIVEMILITARYACCESS_THEY_DECLINE_6;We will need to try to find another means of snaring them in our web.;Nous allons devoir trouver d'autres moyens de les attirer dans nos filets.;;;;;;;;;;;;x
GIVEMILITARYACCESS_THEY_DECLINE_BTN1;OK;OK;;;;;;;;;;;;x
GIVEMILITARYACCESS_THEY_DECLINE_BTN2;OK;OK;;;;;;;;;;;;x
GIVEMILITARYACCESS_THEY_DECLINE_BTN3;Go To;Aller ¡×;;;;;;;;;;;x
GIVEMILITARYACCESS_THEY_DECLINE_HEADER;The Foreign Minister reports;Le ministre des Affaires ¡×rang¡×es indique :;;;;;;;;;;;;x
GIVEMILITARYACCESS_THEY_DECLINE_LOG;$RECIPIENT$ declined our offer of Military Access.;$RECIPIENT$ a refus¡×notre offre d'acc¡× militaire.;;;;;;;;;;;;x
GIVEMILITARYACCESS_THEY_DECLINE_SETUP;When our military access offer is rejected;Si notre offre d'acc¡× militaire est refus¡×;;;;;;;;;;;;x
GIVEMILITARYACCESS_WE_ACCEPT_1;Military Access.;Acc¡× militaire.;;;;;;;;;;;;x
GIVEMILITARYACCESS_WE_ACCEPT_2;$MONARCHTITLE$, out of fear of our mighty armies;$MONARCHTITLE$, par peur de nos puissantes arm¡×s,;;;;;;;;;;;;x
GIVEMILITARYACCESS_WE_ACCEPT_3;§Y$ACTOR$§W;¡×$ACTOR$¡×;;;;;;;;;;;;x
GIVEMILITARYACCESS_WE_ACCEPT_4;has offered us Military Access which we have decided to accept.;nous a propos¡×un acc¡× militaire que nous avons d¡×id¡×d'accepter.;;;;;;;;;;;;x
GIVEMILITARYACCESS_WE_ACCEPT_5;*;*;;;;;;;;;;;;x
GIVEMILITARYACCESS_WE_ACCEPT_6;Let us hope they remember their place;Esp¡×ons qu'ils resteront ¡×leur place.;;;;;;;;;;;;x
GIVEMILITARYACCESS_WE_ACCEPT_BTN1;OK;OK;;;;;;;;;;;;x
GIVEMILITARYACCESS_WE_ACCEPT_BTN2;OK;OK;;;;;;;;;;;;x
GIVEMILITARYACCESS_WE_ACCEPT_BTN3;Go To;Aller ¡×;;;;;;;;;;;x
GIVEMILITARYACCESS_WE_ACCEPT_HEADER;$MESSENGER$;$MESSENGER$;;;;;;;;;;;;x
GIVEMILITARYACCESS_WE_ACCEPT_LOG;We accepted the Military Access offer from $ACTOR$.;Nous avons accept¡×l'offre d'acc¡× militaire de $ACTOR$.;;;;;;;;;;;;x
GIVEMILITARYACCESS_WE_ACCEPT_SETUP;When a nation grants us military access rights to their country;Si une nation nous accorde des droits d'acc¡× militaire ¡×leur pays;;;;;;;;;;;;x
GIVEMILITARYACCESS_WE_DECLINE_1;Military Access.;Acc¡× militaire.;;;;;;;;;;;;x
GIVEMILITARYACCESS_WE_DECLINE_2;$MONARCHTITLE$, we have found that;$MONARCHTITLE$, nous trouvons la proposition de;;;;;;;;;;;;x
GIVEMILITARYACCESS_WE_DECLINE_3;§Y$ACTOR$§W's;¡×$ACTOR$¡×;;;;;;;;;;;;x
GIVEMILITARYACCESS_WE_DECLINE_4;invitation to host our troops was unworthy;d'accueillir nos troupes indigne de notre nation.;;;;;;;;;;;;x
GIVEMILITARYACCESS_WE_DECLINE_5;*;*;;;;;;;;;;;;x
GIVEMILITARYACCESS_WE_DECLINE_6;These upstart nations should learn their place.;Ces nouveaux-venus devraient apprendre ¡×rester ¡×leur place.;;;;;;;;;;;;x
GIVEMILITARYACCESS_WE_DECLINE_BTN1;OK;OK;;;;;;;;;;;;x
GIVEMILITARYACCESS_WE_DECLINE_BTN2;OK;OK;;;;;;;;;;;;x
GIVEMILITARYACCESS_WE_DECLINE_BTN3;Go To;Aller ¡×;;;;;;;;;;;x
GIVEMILITARYACCESS_WE_DECLINE_HEADER;$MESSENGER$;$MESSENGER$;;;;;;;;;;;;x
GIVEMILITARYACCESS_WE_DECLINE_LOG;We declined a Military Access offer from $ACTOR$.;Nous avons refus¡×l'offre d'acc¡× militaire de $ACTOR$.;;;;;;;;;;;;x
GIVEMILITARYACCESS_WE_DECLINE_SETUP;When we reject a military access offer from another nation;Si nous refusons l'offre d'acc¡× militaire d'une autre nation;;;;;;;;;;;;x
GIVEMILITARYACCESSTITLE;Offer Military Access;Offrir un acc¡× militaire;;;;;;;;;;;;x
GLOBAL_MANPOWER;National Manpower Modifier;Modificateur de la main-d'œuvre nationale;;;;;;;;;;;;x
GLOBAL_REVOLT_RISK;National Revolt Risk;Risque de r¡×olte nationale;;;;;;;;;;;;x
GLOBAL_TRADE_INCOME_MODIFIER;National Trade Income Modifier;Modificateur des revenus du commerce national;;;;;;;;;;;;x
GO_TO_DIPLOMACY;Go to Diplomacy;Actes diplomatiques;;;;;;;;;;;;x
GOLD;Precious Goods;;;;;;;;;;;;;x
GOODS_PROJECT_COMPLETE;All goods needs fulfilled;Tous les besoins sont satisfaits.;;;;;;;;;;;;x
GOODS_PROJECT_LACK_GOODS;Gathering the following goods before construction can begin:;Ressources ¡×r¡×nir avant d'entamer la construction :;;;;;;;;;;;;x
GOTO_BOX;Enter Province name;Entrer le nom de la province;;;;;;;;;;;;x
GOTO_CANCEL;Cancel;Annuler;;;;;;;;;;;;x
GOTO_GOTO;Go To;Aller ¡×;;;;;;;;;;;x
GOTO_HEADER;Province Finder;Rechercher une province;;;;;;;;;;;;x
GOTO_LIST_BOX;Possible Provinces;Provinces possibles;;;;;;;;;;;;x
GOTO_SEARCH_COUNTRIES_AND_PROVINCES;Search Countries and Provinces;Rechercher des pays et des provinces;;;;;;;;;;;;x
GOV_CHANGE;The type of government changes to §Y$GOV$§W.\n;Le type de gouvernement est devenu ¡×$GOV$¡×.\n;;;;;;;;;;;;x
GOV_NEED_DETAIL;Need $VAL$ for government;Un besoin de $VAL$ pour notre gouvernement;Ben¡×igt $VAL$ f¡× Regierung;;;;;;;;;;;x
GOVERNMENT_POSITION_NOT_TRIGGER;§Y$NAME$§W is not §Y$POSITION$§W.\n;¡×$NAME$¡× n'est pas ¡×$POSITION$¡×.\n;;;;;;;;;;;;x
GOVERNMENT_POSITION_TRIGGER;§Y$NAME$§W is §Y$POSITION$§W.\n;¡×$NAME$¡× est ¡×$POSITION$¡×.\n;;;;;;;;;;;;x
grain_RGO_SIZE;Grain Farm Size;Taille de la ferme c¡×¡×li¡×e;Getreidefarm-Größe;;;;;;;;;;;x
GRANT_MILITARY_ACCESS_EFFECT;§Y$TARGET_COUNTRY$§W will grant §Y$COUNTRY$§W military access§W.\n;¡×$COUNTRY$¡× va accorder un acc¡× militaire ¡×¡×$TARGET_COUNTRY$¡×¡×.\n;;;;;;;;;;;;x
great_power;Great Power;Grande Puissance;;;;;;;;;;;;x
GREAT_WAR_CB_CONSTRUCTION_SPEED_DESC;At Great War with §Y$TARGET$§W;En Grande Guerre contre ¡×$TARGET$¡×;;;;;;;;;;;;x
GREAT_WAR_CB_JUSTIFY_COST_DESC;;Co¡× en Inf¡×ie r¡×uit ¡×¡×$PERC$ %¡× du co¡× d'origine gr¡×e au statut de ¡×Grande Guerre¡×.;;;;;;;;;;;;x
GREAT_WAR_OBLIGATORY_CB_DESC;Obligatory Great War Casus Belli against all enemies:;Casus Belli de Grand Guerre obligatoire contre tous les ennemis :;;;;;;;;;;;;x
GREAT_WARS_DISABLED_DESC;Great Wars are undiscovered yet.\n;;;;;;;;;;;;;x
GREAT_WARS_ENABLE_DESC;Wars can get the status of The Great Wars!;Des guerres peuvent obtenir le statut de Grandes Guerres;;;;;;;;;;;;x
GREAT_WARS_ENABLED_DESC;Great Wars are discovered.\n;;;;;;;;;;;;;x
GREATER_THAN; at least; au moins; größer als;;;;;;;;;;;x
GUARANTDESC;Proclaiming a guarantee will give us a chance to defend them against those who declare war on them.;Proclamer une garantie nous fournira automatiquement un Casus Belli contre quiconque leur d¡×larera la guerre.;;;;;;;;;;;;x
GUARANTEED;Independence guaranteed by $LIST$.;Ind¡×endance garantie par $LIST$.;;;;;;;;;;;;x
GUARANTING;Guaranteeing the Independence of $LIST$.;Garantit l'ind¡×endance de $LIST$.;;;;;;;;;;;;x
GUARANTNEWDESC;Do you wish to proclaim a guarantee for $COUNTRY$? If they are attacked, we will be called upon to join the fight.;Souhaitez-vous proclamer une garantie pour $COUNTRY$ ¡× S'ils sont attaqu¡×, nous devrons alors les soutenir.;;;;;;;;;;;;x
GUARANTTITLE;Proclaim Guarantee;Proclamer une garantie;;;;;;;;;;;;x
GUN_POWER;Attack;Attaque;;;;;;;;;;;;x
GUN_RANGE;Range;Autonomie;;;;;;;;;;;;x
GUNBOAT_ALERT;$COUNTRY$ has used their naval might to force us to pay back our loans with $VALUE$¤ per day.;$COUNTRY$ a eu recours ¡×sa puissance navale pour nous obliger ¡×rembourser nos emprunts, soit $VALUE$¡×par jour.;;;;;;;;;;;;x
GUNBOAT_ALREADY_ACTIVE;They are already threatened by $COUNTRY$;Ils sont d¡×¡×sous la menace de $COUNTRY$.;;;;;;;;;;;;x
GUNBOAT_BUTTON;Gunboat Diplomacy;Diplomatie de la canonni¡×e;;;;;;;;;;;;x
GUNBOAT_DESC;Use naval force to make them pay back their debt;Ayez recours ¡×la force navale pour les obliger ¡×rembourser leur dette.;;;;;;;;;;;;x
GUNBOAT_DI;Gunboat Diplomacy;Diplomatie de la canonni¡×e;;;;;;;;;;;;x
GUNBOAT_NO_LOAN;They don't owe us any money;Ils ne nous doivent pas d'argent.;;;;;;;;;;;;x
GUNBOAT_NONE_IN_PORT;No fleet positioned near their cores;Aucune flotte positionn¡× pr¡× de leurs territoires cl¡×;;;;;;;;;;;;x
GUNBOAT_NOT_IN_DEFAULT;They have been meeting their payments to you;Ils vous r¡×lent leurs ¡×h¡×nces;;;;;;;;;;;;x
GUNBOAT_OTHER_ACCEPT_1;Gunboat Diplomacy!;Diplomatie de la canonni¡×e !;;;;;;;;;;;;x
GUNBOAT_OTHER_ACCEPT_2;$ACTOR$;$ACTOR$;;;;;;;;;;;;x
GUNBOAT_OTHER_ACCEPT_3;have placed gunboats in the ports of;a positionn¡×des canonni¡×es dans les ports de;;;;;;;;;;;;x
GUNBOAT_OTHER_ACCEPT_4;$RECIPIENT$;$RECIPIENT$;;;;;;;;;;;;x
GUNBOAT_OTHER_ACCEPT_5;forcing them to start paying back their loans.;pour les obliger ¡×rembourser leurs emprunts.;;;;;;;;;;;;x
GUNBOAT_OTHER_ACCEPT_6;they will pay off §Y$VALUE$§W¤ each day.;Ils rembourseront ¡×$VALUE$¡×¡×par jour.;;;;;;;;;;;;x
GUNBOAT_OTHER_ACCEPT_BTN1;Ok;Ok;;;;;;;;;;;;x
GUNBOAT_OTHER_ACCEPT_BTN3;Go To;Aller ¡×;;;;;;;;;;;x
GUNBOAT_OTHER_ACCEPT_HEADER;$MESSENGER$;$MESSENGER$;;;;;;;;;;;;x
GUNBOAT_OTHER_ACCEPT_LOG;$ACTOR$ is using gunboats to force $RECIPIENT$ to pay their debt!;$ACTOR$ utilise des canonni¡×es pour obliger $RECIPIENT$ ¡×rembourser sa dette !;;;;;;;;;;;;x
GUNBOAT_OTHER_ACCEPT_SETUP;When a nation is using gunboat diplomacy against another nation;Si une nation utilise la diplomatie de la canonni¡×e contre une;;;;;;;;;;;;x
GUNBOAT_SETUP_DESC;$RECIPIENT$ will be forced to start paying back their loans with §Y$AMOUNT$§W amounts. Furthermore, their taxes will be locked between §Y$LOW_TAX$§W and §Y$HIGH_TAX$§W.;$RECIPIENT$ devra commencer ¡×rembourser ses emprunts en versant des montants de ¡×$AMOUNT$¡×. De plus, ses taxes seront verrouill¡×s entre ¡×$LOW_TAX$¡× et ¡×$HIGH_TAX$¡×.;;;;;;;;;;;;x
GUNBOAT_THEY_ACCEPT_1;Gunboat Diplomacy!;Diplomatie de la canonni¡×e !;;;;;;;;;;;;x
GUNBOAT_THEY_ACCEPT_2;We have placed gunboats in the ports of;Nous avons positionn¡×des canonni¡×es dans les ports de;;;;;;;;;;;;x
GUNBOAT_THEY_ACCEPT_3;$RECIPIENT$;$RECIPIENT$;;;;;;;;;;;;x
GUNBOAT_THEY_ACCEPT_4;forcing them to start paying back their loans.;pour les obliger ¡×rembourser leurs emprunts.;;;;;;;;;;;;x
GUNBOAT_THEY_ACCEPT_5;they will pay off §Y$VALUE$§W¤ each day.;Ils rembourseront ¡×$VALUE$¡×¡×par jour.;;;;;;;;;;;;x
GUNBOAT_THEY_ACCEPT_6;*;*;;;;;;;;;;;;x
GUNBOAT_THEY_ACCEPT_BTN1;About time!;Il serait temps !;;;;;;;;;;;;x
GUNBOAT_THEY_ACCEPT_BTN3;Go To;Aller ¡×;;;;;;;;;;;x
GUNBOAT_THEY_ACCEPT_HEADER;$MESSENGER$;$MESSENGER$;;;;;;;;;;;;x
GUNBOAT_THEY_ACCEPT_LOG;We are using gunboats to force $RECIPIENT$ to pay their debt!;Nous utilisons des canonni¡×es pour obliger $RECIPIENT$ ¡×rembourser sa dette !;;;;;;;;;;;;x
GUNBOAT_THEY_ACCEPT_SETUP;When we are using gunboat diplomacy against a nation;Si nous utilisons la diplomatie de la canonni¡×e contre une nation;;;;;;;;;;;;x
GUNBOAT_WE_ACCEPT_1;Gunboat Diplomacy!;Diplomatie de la canonni¡×e !;;;;;;;;;;;;x
GUNBOAT_WE_ACCEPT_2;$ACTOR$;$ACTOR$;;;;;;;;;;;;x
GUNBOAT_WE_ACCEPT_3;have placed gunboats in our ports;a positionn¡×des canonni¡×es dans nos ports;;;;;;;;;;;;x
GUNBOAT_WE_ACCEPT_4;and demand that we start paying back our loans;et exige que nous commencions ¡×rembourser nos emprunts;;;;;;;;;;;;x
GUNBOAT_WE_ACCEPT_5;with §Y$VALUE$§W¤ each day.;¡×hauteur de ¡×$VALUE$¡×¡×par jour.;;;;;;;;;;;;x
GUNBOAT_WE_ACCEPT_6;*;*;;;;;;;;;;;;x
GUNBOAT_WE_ACCEPT_BTN1;No more free lunch!;Finis les d¡×euners gratuits !;;;;;;;;;;;;x
GUNBOAT_WE_ACCEPT_BTN3;Go To;Aller ¡×;;;;;;;;;;;x
GUNBOAT_WE_ACCEPT_HEADER;$MESSENGER$;$MESSENGER$;;;;;;;;;;;;x
GUNBOAT_WE_ACCEPT_LOG;$ACTOR$ is using gunboats to force us to pay back our debt!;$ACTOR$ utilise des canonni¡×es pour nous obliger ¡×rembourser notre dette !;;;;;;;;;;;;x
GUNBOAT_WE_ACCEPT_SETUP;When we are the target of gunboat diplomacy;Si nous sommes la cible d'une diplomatie de la canonni¡×e;;;;;;;;;;;;x
GUNBOATTITLE;Gunboat Diplomacy;Diplomatie de la canonni¡×e;;;;;;;;;;;;x
GW_DISCOVERED_1;Great Wars discovered!;D¡×ouverte des Grandes Guerres !;;;;;;;;;;;;x
GW_DISCOVERED_2;From now, each war that includes;D¡×ormais, toute guerre impliquant;;;;;;;;;;;;x
GW_DISCOVERED_3;at least two great countries;au moins deux grandes Nations;;;;;;;;;;;;x
GW_DISCOVERED_4;on each side, will get the status of;de chaque c¡×¡× obtient le statut de;;;;;;;;;;;;x
GW_DISCOVERED_5;§YThe Great War§!.;¡×Grande Guerre¡×.;;;;;;;;;;;;x
GW_DISCOVERED_6;*;*;;;;;;;;;;;;x
GW_DISCOVERED_BTN1;OK;D'accord;;;;;;;;;;;;x
GW_DISCOVERED_BTN2;OK;D'accord;;;;;;;;;;;;x
GW_DISCOVERED_BTN3;Go To;Voir;;;;;;;;;;;;x
GW_DISCOVERED_HEADER;Great Wars discovered!;D¡×ouverte des Grandes Guerres !;;;;;;;;;;;;x
GW_DISCOVERED_LOG;Great Wars discovered;D¡×ouverte des Grandes Guerres;;;;;;;;;;;;x
GW_DISCOVERED_SETUP;When the Great Wars are discovered.;Quand les Grandes Guerres sont d¡×ouvertes.;;;;;;;;;;;;x
GW_INTERVENE_MAX_EXHAUSTION;Our war exhaustion cannot be greater than §G$MAX$§W. Currently it is §Y$VAL$§W.;Notre lassitude de guerre ne doit pas ¡×re sup¡×ieure ¡×¡×$MAX$¡×. Actuellement elle est de ¡×$VAL$¡×.;;;;;;;;;;;;x
GW_INTERVENE_MIN_RELATIONS;Our relations with §Y$TARGET$§W must be at least §G$MIN$§W. Currently it is §Y$VAL$§W.;Nos relations avec ¡×$TARGET$¡× doivent ¡×re d'au moins ¡×$MIN$¡×. Actuellement elles sont de ¡×$VAL$¡×.;;;;;;;;;;;;x
HALFYEAR;Half Year;Semestriel;;;;;;;;;;;;x
HARD;Hard;Difficile;;;;;;;;;;;;x
hard_ai;Hard Difficulty;Niveau de difficult¡×: Difficile;;;;;;;;;;;;x
hard_player;Hard Difficulty;Niveau de difficult¡×: Difficile;;;;;;;;;;;;x
HAS;Has ;a ;Hat ;;;;;;;;;;;x
HAS_COLONIES;is a colonial nation.\n;est une nation coloniale.\n;;;;;;;;;;;;x
HAS_CRISIS;There is a current crisis;;;;;;;;;;;;;x
HAS_CULTURAL_SPHERE;Has a cultural sphere;;;;;;;;;;;;;x
HAS_CULTURE_CORE;$CUL$ is a core-culture of $WHERE$.\n;$CUL$ est une culture de base de $WHERE$.\n;;;;;;;;;;;;x
HAS_CULTURE_UNION;Has culture union;A la culture syndicale;;;;;;;;;;;;x
HAS_FACTORIES;Has factories.\n;Dispose d'usines.\n;;;;;;;;;;;;x
HAS_FLASHPOINT;Has flashpoint;;;;;;;;;;;;;x
HAS_GOODS;produces;;;;;;;;;;;;;x
HAS_GOODS_IN_STATE;Producing $GOODS$ in state.;;;;;;;;;;;;;x
HAS_LESS_STATE_THAN;Has number of States <;Nombre d'États <;;;;;;;;;;;;x
HAS_NATIONAL_MINORITY;Has Minorities;;;;;;;;;;;;;x
HAS_NATIONAL_VALUE;National value is §Y$NATIONALVALUE$§W.;La valeur nationale est ¡×$NATIONALVALUE$¡×.;;;;;;;;;;;;x
HAS_NO_COLONIES;is not a colonial nation.\n;n'est pas une nation coloniale.\n;;;;;;;;;;;;x
HAS_NO_CRISIS;There is no current crisis;;;;;;;;;;;;;x
HAS_NO_FACTORIES;Has NO factories.\n;Ne dispose d'AUCUNE usine.\n;;;;;;;;;;;;x
HAS_NO_FLASHPOINT;Has no flashpoint;;;;;;;;;;;;;x
HAS_NO_GOODS_IN_STATE;Is not producing $GOODS$ in state.;;;;;;;;;;;;;x
HAS_NO_NATIONAL_MINORITY;Has Minorities;;;;;;;;;;;;;x
HAS_NO_TRUCE_WITH;Have NO truce with ;;;;;;;;;;;;;x
HAS_NO_UNION_TAG;has NO culture union;n'a pas de culture syndicale;;;;;;;;;;;;x
HAS_NOT;Has NOT ;N'a PAS ;Hat nicht ;;;;;;;;;;;x
HAS_NOT_CULTURAL_SPHERE;Does NOT have a cultural sphere;;;;;;;;;;;;;x
HAS_NOT_CULTURE_CORE;$CUL$ is NOT a core-culture of $WHERE$.\n;$CUL$ n'est PAS une culture de base de $WHERE$.\n;;;;;;;;;;;;x
HAS_NOT_CULTURE_UNION;Has NO culture union;N'a pas de culture syndicale;;;;;;;;;;;;x
HAS_NOT_GOODS;does not produce;;;;;;;;;;;;;x
HAS_NOT_NATIONAL_MINORITY;Has Minorities;;;;;;;;;;;;;x
HAS_NOT_RECENTLY_LOST_WAR;Have NOT lost a war in the last five years.;N’ont perdu AUCUNE guerre au cours des cinq ann¡×s pass¡×s.;;;;;;;;;;;;x
HAS_NOT_TECH_SCHOOL;Not embracing §Y$TECH$§W.\n;Ne pas opter pour ¡×$TECH$¡×.\n;Folgt nicht: ¡×$TECH$¡×.\n;;No apoya ¡×$TECH$¡×.\n;;;;;;;;;x
HAS_NOT_TERRAIN;Terrain is not;Le terrain n'est pas;;;;;;;;;;;;x
HAS_RECENTLY_LOST_WAR;Have lost a war in the last five years.;;;;;;;;;;;;;x
has_siege;Under Siege;;;;;;;;;;;;;x
HAS_STATES_GREATER_EQ;Has number of States >=;Nombre d'États >=;;;;;;;;;;;;x
HAS_TECH_SCHOOL;Currently §Y$TECH$§W.\n;Actuellement, ¡×$TECH$¡×.\n;Derzeit ¡×$TECH$¡×.\n;;Actualmente ¡×$TECH$¡×.\n;;;;;;;;;x
HAS_TERRAIN;Terrain is;Le terrain est;;;;;;;;;;;;x
HAS_TRUCE_WITH;Have truce with ;Observe une tr¡×e avec ;Hat Waffenruhe mit ;;;;;;;;;;;x
HAS_UNION_TAG;has culture union;a la culture syndicale;;;;;;;;;;;;x
HASCBON;Has claims on $LIST$.;Revendique $LIST$.;;;;;;;;;;;;x
HASGUARANT;We are already guaranteeing them.;Nous nous portons d¡×¡×garants pour eux.;;;;;;;;;;;;x
HAVE;Have ;Ont ;Haben ;;;;;;;;;;;x
HAVE_A;Have a ;A un(e) ;Verf¡×ung;;;;;;;;;;;x
HAVE_A_ARMY_LARGER_THAN;Total army size at least ;Taille totale de l'arm¡× d'au moins ;Größere Armee haben als ;;;;;;;;;;;x
HAVE_A_ARMY_SMALLER_THAN;Have an army smaller than ;Ont une arm¡× plus petite que ;Kleinere Armee haben als ;;;;;;;;;;;x
HAVE_A_NAVY_LARGER_THAN;Total navy size at least ;Taille totale de la marine d'au moins ;Größere Marine haben als ;;;;;;;;;;;x
HAVE_A_NAVY_SMALLER_THAN;Have a navy smaller than ;Ont une marine plus petite que ;Kleinere Marine haben als ;;;;;;;;;;;x
HAVE_A_PERCENTAGE_OF_OVERSEAS_PROVINCE_LARGER_THAN;Overseas province percentage at least ;Le pourcentage de provinces d'outre-mer est d'au moins ;Größeren Prozentsatz an ¡×erseeprovinzen haben als ;;;;;;;;;;;x
HAVE_A_PERCENTAGE_OF_OVERSEAS_PROVINCE_SMALLER_THAN;Overseas province percentage smaller than ;Le pourcentage de provinces d'outre-mer est inf¡×ieur ¡×;Geringeren Prozentsatz an ¡×erseeprovinzen haben als ;;;;;;;;;;;x
HAVE_A_PORT_IN;Have a port in ;Dispose d'un port ¡×;Hat einen Hafen in ;;;;;;;;;;;x
HAVE_A_UNITS_WITH_A_LEADER;Have a unit with a leader;Ont une unit¡×avec un chef;Einheit mit einem Anf¡×rer haben;;;;;;;;;;;x
HAVE_A_X_INY;Have a $X$ in $Y$;Ont un(e) $X$ en $Y$;Ein $X$ in $Y$ haben;;;;;;;;;;;x
HAVE_ALLIANCE_WITH;Allied with ;Sont alli¡× avec ;B¡×dnis haben mit ;;;;;;;;;;;x
HAVE_ANY_NEIGHBOR;Have at least one neighbour;Ont au moins un voisin;;;;;;;;;;;;x
HAVE_AT_LEAST_ONE_OWNED_NEIGHBORING_PROVINCE;Have at least one owned neighbouring province such that:;;;;;;;;;;;;;x
HAVE_AT_LEST_ONE_OWNED_NEIGHBORING_PROVINCE;Have at least one owned neighboring province such that:;D¡×iennent au moins une province voisine telle que :;Mindestens eine besetzte Nachbarprovinz;;;;;;;;;;;x
HAVE_CASUS_BELLI_AGAINST;Have claims against ;Revendiquent;;;;;;;;;;;;x
HAVE_CONTROL_OVER;Control ;Contr¡×ent ;Kontrolle haben ¡×er;;;;;;;;;;;x
HAVE_CORE_IN;Have a core in ;Ont un territoire cl¡×dans ;Kernprovinz haben in;;;;;;;;;;;x
HAVE_COUNTRY_FLAG;Have the country flag ;Ont le drapeau national ;Nationalflagge haben;;;;;;;;;;;x
HAVE_DIPLOMATIC_INFLUENCE;has more diplomatic influence than;a plus d'influence diplomatique que;;;;;;;;;;;;x
HAVE_DIPLOMATIC_RELATION;has a relation of;entretient une relation de;;;;;;;;;;;;x
HAVE_GLOBAL_FLAG;Have the global flag ;Disposent du drapeau mondial;;;;;;;;;;;;x
HAVE_HIGHER_RANK_THAN;Higher rank than ;De rang sup¡×ieur ¡×;;;;;;;;;;;x
HAVE_INDUSTRIAL_SCORE_LESS_THAN;Have less Industrial Score than: ;;;;;;;;;;;;;x
HAVE_INDUSTRIAL_SCORE_MORE_THAN;Have a higher Industrial Score than: ;Dispose d'un meilleur score industriel que;;;;;;;;;;;;x
HAVE_LESS_ALLIES_THAN;Have fewer allies than ;Ont moins d'alli¡× que ;Weniger Verb¡×dete haben als;;;;;;;;;;;x
HAVE_LESS_BADBOY_THAN;Have less infamy than ;;;;;;;;;;;;;x
HAVE_LESS_CITIES_THAN;Have less cities than ;Ont moins de villes que ;Weniger St¡×te haben als;;;;;;;;;;;x
HAVE_LESS_DIPLOMATIC_INFLUENCE;has lower diplomatic influence than;a moins d'influence diplomatique que;;;;;;;;;;;;x
HAVE_LESS_DIPLOMATIC_RELATION;has lower diplomatic relations than ;a des relations diplomatiques inf¡×ieures ¡×;;;;;;;;;;;x
HAVE_LESS_MANPOWER_THAN;Have less manpower than ;Ont moins de main-d'œuvre que ;Mehr Mannst¡×ke haben als;;;;;;;;;;;x
HAVE_LESS_MANPOWER_THEN_MAXIMUM;Have less then max manpower;Ont moins de main-d'œuvre que le maximum;Geringere Mannst¡×ke haben als maximal;;;;;;;;;;;x
HAVE_LESS_MONEY_THAN;Monthly income less than ;Revenus mensuels inf¡×ieurs ¡×;;;;;;;;;;;x
HAVE_LESS_NATIONAL_PROVINCES_OCCUPIED_THAN;The percentage of occupied national provinces is less than: ;;;;;;;;;;;;;x
HAVE_LESS_POPS_WANTING_POLITICAL_REFORM_THAN;Less than $VAL$ want political reform.;Moins de $VAL$ souhaitent une r¡×orme politique.;;;;;;;;;;;;x
HAVE_LESS_POPS_WANTING_SOCIAL_REFORM_THAN;Less than $VAL$ want social reform.;Moins de $VAL$ souhaitent une r¡×orme sociale.;;;;;;;;;;;;x
HAVE_LESS_PORTS_THAN;Have less home ports than ;Leur nombre de ports d'attache est inf¡×ieur ¡×;Weniger H¡×en haben als ;;;;;;;;;;;x
HAVE_LESS_PROVINCE_THAT_PRODUCES_THEN;Less $GOODS$ producing provinces than ;Ont moins de provinces produisant $GOODS$ que ;Weniger Provinzen mit Produktion von $GOODS$ haben als;;;;;;;;;;;x
HAVE_LESS_SUBSTATES_THEN;Have less substates than ;Nombre de sous-¡×ats inf¡×ieur ¡×;;;;;;;;;;;x
HAVE_LESS_THAN;Have less than ;Ont moins de ;Weniger haben als;;;;;;;;;;;x
HAVE_LESS_THAN_INFANTRY_IN;Have less than $UNITS$ infantry in $Province$;Ont moins de $UNITS$ unit¡× d'infanterie dans la province $Province$;Verf¡×ung ¡×er weniger als $UNITS$ Infanterie in $Province$;;;;;;;;;;;x
HAVE_LESS_TOTAL_PORTS_THAN;Have equal or less ports than: ;;;;;;;;;;;;;x
HAVE_LESS_UNITS_IN_THAN;Have less units in $PROVINCE$ than ;Ont, dans la province $PROVINCE$, un nombre d'unit¡× inf¡×ieur ¡×;Weniger Einheiten in $PROVINCE$ haben als ;;;;;;;;;;;x
HAVE_LESS_VASSALS_THAN;Have less vassals than ;;;;;;;;;;;;;x
HAVE_LOWER_RANK_THAN;Lower rank than ;De rang inf¡×ieur ¡×;;;;;;;;;;;x
HAVE_MILITARY_SCORE_LESS_THAN;Have a lower Military Score than: ;Disposent d'un score militaire inf¡×ieur ¡×:;;;;;;;;;;;;x
HAVE_MILITARY_SCORE_MORE_THAN;Have a higher Military Score than: ;Dispose d'un meilleur score militaire que;;;;;;;;;;;;x
HAVE_MINORTITIES;Minorities are present in;Des minorit¡× sont pr¡×entes ¡×;;;;;;;;;;;x
HAVE_MORE_ALLIES_THAN;Number of allies at least ;Leur nombre d'alli¡× est d'au moins ;Mehr Verb¡×dete haben als;;;;;;;;;;;x
HAVE_MORE_BADBOY_THAN;Have infamy of at least ;Ont un nombre de 'voyous' d'au moins;;;;;;;;;;;;x
HAVE_MORE_CITIES_THAN;Number of cities at least ;ayant un nombre de villes d'au moins ;Mehr St¡×te haben als;;;;;;;;;;;x
HAVE_MORE_MANPOWER_THAN;Manpower at least ;Ont une main-d'œuvre d'au moins ;Weniger Mannst¡×ke haben als;;;;;;;;;;;x
HAVE_MORE_MANPOWER_THEN_MAXIMUM;Have at least max manpower;Ont plus de main-d'œuvre que le maximum;Größere Mannst¡×ke haben als maximal;;;;;;;;;;;x
HAVE_MORE_MONEY_THAN;Monthly income at least ;Revenus mensuels d'au moins;;;;;;;;;;;;x
HAVE_MORE_NATIONAL_PROVINCES_OCCUPIED_THAN;The percentage of occupied national provinces is greater than:;Le pourcentage de provinces nationales occup¡×s est sup¡×ieur ¡×:;;;;;;;;;;;;x
HAVE_MORE_POPS_WANTING_POLITICAL_REFORM_THAN;At least $VAL$ want political reform.;Au moins $VAL$ souhaitent une r¡×orme politique.;;;;;;;;;;;;x
HAVE_MORE_POPS_WANTING_SOCIAL_REFORM_THAN;At least $VAL$ want social reform.;Au moins $VAL$ souhaitent une r¡×orme sociale.;;;;;;;;;;;;x
HAVE_MORE_PORTS_THAN;Number of home ports at least ;Leur nombre de ports d'attache est d'au moins ;Mehr H¡×en haben als ;;;;;;;;;;;x
HAVE_MORE_PROVINCE_THAT_PRODUCES_THEN;$GOODS$ producing provinces at least ;Le nombre de provinces produisant $GOODS$ est d'au moins ;Mehr Provinzen mit Produktion von $GOODS$ haben als;;;;;;;;;;;x
HAVE_MORE_SUBSTATES_THEN;Have more substates than ;Nombre de sous-¡×ats sup¡×ieur ¡×;;;;;;;;;;;x
HAVE_MORE_THAN;Have at least ;Ont au moins ;Mehr haben als;;;;;;;;;;;x
HAVE_MORE_THAN_INFANTRY_IN;Have at least $UNITS$ infantry in $Province$;Ont au moins $UNITS$ unit¡× d'infanterie dans la province $Province$;Verf¡×ung ¡×er mehr als $UNITS$ Infanterie in $Province$;;;;;;;;;;;x
HAVE_MORE_TOTAL_PORTS_THAN;Have equal or more ports than: ;;;;;;;;;;;;;x
HAVE_MORE_UNITS_IN_THAN;Units in $PROVINCE$ at least ;Ont, dans la province $PROVINCE$, un nombre d'unit¡× d'au moins ;Mehr Einheiten in $PROVINCE$ haben als ;;;;;;;;;;;x
HAVE_MORE_VASSALS_THAN;Have more puppets than ;Nous avons plus de satellites que;;;;;;;;;;;;x
HAVE_N0T_ALLIANCE_WITH;NOT allied with ;;;;;;;;;;;;;x
HAVE_NO_OWNED_NEIGHBORING_PROVINCE;Have no owned neighboring province such that:;Ne d¡×iennent pas de province voisine telle que :;Keine besetzte Nachbarprovinz;;;;;;;;;;;x
HAVE_NO_UNITS_IN;$COUNTRY$ have NO units in $PROVINCE$.;$COUNTRY$ n'a AUCUNE unit¡×dans la province $PROVINCE$.;;;;;;;;;;;;x
HAVE_NO_UNITS_IN_BATTLE;Have NO units in battle;;;;;;;;;;;;;x
HAVE_NO_UNITS_WITH_A_LEADER;Have NO units with a leader;;;;;;;;;;;;;x
HAVE_NOT;Do NOT have ;N'ont PAS ;Nicht haben ;;;;;;;;;;;x
HAVE_NOT_A_PORT_IN;Do NOT have a port in ;;;;;;;;;;;;;x
HAVE_NOT_ANY_NEIGHBOR;Have no neighbours;N'ont pas de voisins;;;;;;;;;;;;x
HAVE_NOT_CASUS_BELLI_AGAINST;Have no claims against ;Ne revendiquent;;;;;;;;;;;;x
HAVE_NOT_COUNTRY_FLAG;Do NOT have the country flag ;N'ont PAS le drapeau national ;Keine Nationalflagge haben;;;;;;;;;;;x
HAVE_NOT_GLOBAL_FLAG;Do NOT have the global flag ;Ne disposent PAS du drapeau mondial;;;;;;;;;;;;x
HAVE_NOT_MINORITIES;No minorities are present in;Aucune minorit¡×n'est pr¡×ente ¡×;;;;;;;;;;;x
HAVE_NOT_PROVINCE_FLAG;Do NOT have the province flag ;N'ont pas le drapeau provincial ;Keine Provinzflagge haben;;;;;;;;;;;x
HAVE_NOT_THE_LEADER;Do NOT have the leader ;N'ont PAS de chef ;Nicht den Anf¡×rer haben ;;;;;;;;;;;x
HAVE_PRESTIGE_LESS_THAN;Prestige less than ;Prestige inf¡×ieur ¡×;;;;;;;;;;;x
HAVE_PRESTIGE_MORE_THAN;Prestige at least;Prestige d'au moins;;;;;;;;;;;;x
HAVE_PROVINCE_FLAG;Have the province flag ;Ont le drapeau provincial ;Provinzflagge haben;;;;;;;;;;;x
HAVE_TECH_TRI;Have invented §Y$TECH$§W.\n;Ont invent¡×¡×$TECH$¡×\n;;;;;;;;;;;;x
HAVE_THE_LEADER;Have the leader ;Ont un chef ;Den Anf¡×rer haben ;;;;;;;;;;;x
HAVE_THE_MODIFIER;Have the modifier ;Ont le modificateur ;Verf¡×ung ¡×er den Modifikator ;;;;;;;;;;;x
HAVE_THE_PROVINCE_MODIFIER;Have the province modifier ;Ont le modificateur de province ;Verf¡×ung ¡×er den Provinzmodifikator ;;;;;;;;;;;x
HAVE_UNCLAIMED_CORE;Have unclaimed cores.\n;Disposent de territoires cl¡× non revendiqu¡×.\n;;;;;;;;;;;;x
HAVE_UNCLAIMED_CORE_NOT;Do not have unclaimed cores.\n;Ne disposent pas de territoires cl¡× non revendiqu¡×.\n;;;;;;;;;;;;x
HAVE_UNITS_IN;$COUNTRY$ have units in $PROVINCE$.;$COUNTRY$ a des unit¡× dans la province $PROVINCE$.;;;;;;;;;;;;x
HAVE_UNITS_IN_BATTLE;Have units in battle;Ont des unit¡× au combat;Einheiten in der Schlacht haben;;;;;;;;;;;x
HAVENT_CONTROL_OVER;Do NOT control ;Ne contr¡×ent pas ;Keine Kontrolle haben ¡×er;;;;;;;;;;;x
HAVENT_CORE;Do NOT have a core in ;N'ont pas de territoire cl¡×dans ;Keine Kernprovinz haben in;;;;;;;;;;;x
headline_statistics;STATISTICS;STATISTIQUES;;;;;;;;;;;;x
HOLD_ELECTION;Hold Election\n;;;;;;;;;;;;;x
HOLD_ELECTION_BUTTON;Hold Election;;;;;;;;;;;;;x
HOST_BUTTON;Host;H¡×e;;;;;;;;;;;;x
HOST_TITLE;Enter the name of your game...;Entrez le nom de votre partie…;;;;;;;;;;;;x
HULL;Hull;Coque;;;;;;;;;;;;x
I Do.;Let's Do it;Allons-y;Lasst uns in den Krieg ziehen;;;;;;;;;;;x
ICON_ALLIANCE;An §Yalliance§W offer;Une offre d'¡×alliance¡×;;;;;;;;;;;;x
ICON_ASKMIL;A request for §YMilitary Access§W;Une requ¡×e d'¡×acc¡× militaire¡×;;;;;;;;;;;;x
ICON_CALLALLY;A §YCall to arms from one of our allies§W;Un ¡×appel aux armes d'un de nos alli¡×¡×;;;;;;;;;;;;x
ICON_LICENCE;Production Licence Inquiry;Requ¡×e de licence de production;;;;;;;;;;;;x
ICON_OFFACC;An offer of §YMilitary Access§W;Une offre d'¡×acc¡× militaire¡×;;;;;;;;;;;;x
ICON_TRADE;A §YTrade Offer§W;Une ¡×proposition d'accord commercial¡×;;;;;;;;;;;;x
IDE_HAVE_LESS;is less than ;est inf¡×ieur ¡×;;;;;;;;;;;x
IDE_HAVE_MORE;is at least;est d'au moins;;;;;;;;;;;;x
Ideology;Ideology;Id¡×logie;;;;;;;;;;;;x
IDEOLOGY_DISTTITLE;Ideology;Id¡×logie;Ideologie;;;;;;;;;;;x
IDEOLOGY_ENABLED;Enable §Y$NAME$§W in the world.\n;Autoriser ¡×$NAME$¡× dans le monde.\n;;;;;;;;;;;;x
IDEOLOGY_IS_EQUAL_TO_TRIGGER;Ruling party is §Y$NAME$§W.\n;L'id¡×logie de ¡×$COUNTRY$¡× ¡×uivaut ¡×celle de ¡×$NAME$¡×.\n;;;;;;;;;;;;x
IDEOLOGY_IS_NOT_TRIGGER;Ruling Party is NOT §Y$NAME$§W.\n;L'id¡×logie de ¡×$COUNTRY$¡× n'¡×uivaut pas ¡×celle de ¡×$NAME$¡×.\n;;;;;;;;;;;;x
IDEOLOGY_LABEL;Ideology;Id¡×logie;;;;;;;;;;;;x
IGNORE_DECISION_OFF;This decision is set to notify the player when it is available to be taken.\n\n§GClick to change notification status.§!;;;;;;;;;;;;;x
IGNORE_DECISION_ON;This decision is set to NOT notify the player when it is available to be taken.\n\n§GClick to change notification status.§!;;;;;;;;;;;;;x
IMMEDIATEEFFECT;Immediate Effect: \n;Effet imm¡×iat : \n;Sofortiger Effekt: \n;;;;;;;;;;;x
IMMIGRANTS_FROM;There were §G$VAL$§W immigrants from $NAME$.;Il y avait ¡×$VAL$¡× immigrants de $NAME$.;;;;;;;;;;;;x
IMMIGRATION_ENTRY_TOOLTIP;§G$NUM$§W from §Y$PROV$§W;¡×$NUM$¡× de ¡×$PROV$¡×;;;;;;;;;;;;x
IN;in;en;in;;;;;;;;;;;x
IN_;in;en;;;;;;;;;;;;x
IN_ELECTION_CAMPAIGN;in election campaign.;figure dans la campagne ¡×ectorale.;;;;;;;;;;;;x
IN_FRIENDLY_FOR_ATT;You take no attrition in entirely friendly provinces.\n;Vous ne subirez pas l'attrition dans les provinces qui vous sont enti¡×ement alli¡×s.\n;;;;;;;;;;;;x
IN_FRONT_PROV_ONLY_10;In a front province you take 10% of the attrition you would in hostile territory.\n;Dans une province situ¡× sur le front, vous subirez une attrition ¡×uivalant ¡×10% de celle que vous subiriez sur un territoire ennemi.\n;;;;;;;;;;;;x
IN_HOSTILE_FOR_ATT;You take full attrition in hostile provinces.\n;Vous subirez totalement l'attrition dans les provinces ennemies.\n;;;;;;;;;;;;x
IN_NO_SPHERE;This country is not in a sphere of influence.;Ce pays n'est dans aucune sph¡×e d'influence.;;;;;;;;;;;;x
IN_OUR_SPHERE;This country is in our sphere of influence.;Ce pays est dans notre sph¡×e d'influence.;;;;;;;;;;;;x
IN_POLITICAL_MOVEMENT;in political movement\n;;;;;;;;;;;;;x
IN_SAME_SPHERE;This country is in the same sphere of influence as us.;Ce pays fait partie de la m¡×e sph¡×e d’influence que nous.;;;;;;;;;;;;x
IN_SOCIAL_MOVEMENT;in social movement\n;;;;;;;;;;;;;x
INC_RES_TECH;Research Points;Points de recherche;;;;;;;;;;;;x
INCREASE_RELATION_MAX;We cannot get better relations with;Nous ne pouvons pas entretenir de meilleures relations avec;;;;;;;;;;;;x
INCREASED;increased;augment¡×;verbesserten;;;;;;;;;;;x
INCREASEOPINION_BUTTON;Increase Opinion;Am¡×iorer l'opinion;;;;;;;;;;;;x
INCREASEOPINION_DESC;Increases the opinion of us in this country.;Am¡×iore l'opinion de ce pays ¡×notre ¡×ard.;;;;;;;;;;;;x
INCREASEOPINION_DI;Opinion Increase;Opinion en hausse;;;;;;;;;;;;x
INCREASEOPINION_OTHER_ACCEPT_1;§Y$ACTOR$§W;¡×$ACTOR$¡×;;;;;;;;;;;;x
INCREASEOPINION_OTHER_ACCEPT_2;$MONARCHTITLE$;$MONARCHTITLE$;;;;;;;;;;;;x
INCREASEOPINION_OTHER_ACCEPT_3;§Y$ACTOR$§W has managed to increase;¡×$ACTOR$¡× a r¡×ssi ¡×am¡×iorer;;;;;;;;;;;;x
INCREASEOPINION_OTHER_ACCEPT_4;the opinion of themselves in §Y$RECIPIENT$§W.;l'opinion de ¡×$RECIPIENT$¡× ¡×son ¡×ard.;;;;;;;;;;;;x
INCREASEOPINION_OTHER_ACCEPT_5;The opinion towards them is now §Y$OPINION$§W.;Celle-ci est pass¡× ¡×: ¡×$OPINION$¡×.;;;;;;;;;;;;x
INCREASEOPINION_OTHER_ACCEPT_6;*;*;;;;;;;;;;;;x
INCREASEOPINION_OTHER_ACCEPT_BTN1;OK;OK;;;;;;;;;;;;x
INCREASEOPINION_OTHER_ACCEPT_BTN2;OK;OK;;;;;;;;;;;;x
INCREASEOPINION_OTHER_ACCEPT_BTN3;Go To;Aller ¡×;;;;;;;;;;;x
INCREASEOPINION_OTHER_ACCEPT_HEADER;The Foreign Minister reports;Le ministre des Affaires ¡×rang¡×es indique :;;;;;;;;;;;;x
INCREASEOPINION_OTHER_ACCEPT_LOG;$RECIPIENT$'s opinion of $ACTOR$ has increased to $OPINION$.;L'opinion que $RECIPIENT$ a de $ACTOR$ s'est am¡×ior¡× pour passer ¡×: $OPINION$.;;;;;;;;;;;;x
INCREASEOPINION_OTHER_ACCEPT_SETUP;When a nation increases the opinion of themselves in another nation;Si une nation am¡×iore l'opinion d'une autre nation ¡×son ¡×ard;;;;;;;;;;;;x
INCREASEOPINION_THEY_ACCEPT_1;§Y$RECIPIENT$§W;¡×$RECIPIENT$¡×;;;;;;;;;;;;x
INCREASEOPINION_THEY_ACCEPT_2;$MONARCHTITLE$, we have improved;$MONARCHTITLE$, nous avons am¡×ior¡×;;;;;;;;;;;x
INCREASEOPINION_THEY_ACCEPT_3;the opinion of us in;l'opinion de;;;;;;;;;;;;x
INCREASEOPINION_THEY_ACCEPT_4;§Y$RECIPIENT$§W;¡×$RECIPIENT$¡× ¡×notre ¡×ard.;;;;;;;;;;;;x
INCREASEOPINION_THEY_ACCEPT_5;Their opinion of us is now §Y$OPINION$§W;Celle-ci est pass¡× ¡×: ¡×$OPINION$¡×.;;;;;;;;;;;;x
INCREASEOPINION_THEY_ACCEPT_6;*;*;;;;;;;;;;;;x
INCREASEOPINION_THEY_ACCEPT_BTN1;OK;OK;;;;;;;;;;;;x
INCREASEOPINION_THEY_ACCEPT_BTN2;OK;OK;;;;;;;;;;;;x
INCREASEOPINION_THEY_ACCEPT_BTN3;Go To;Aller ¡×;;;;;;;;;;;x
INCREASEOPINION_THEY_ACCEPT_HEADER;The Foreign Minister reports;Le ministre des Affaires ¡×rang¡×es indique :;;;;;;;;;;;;x
INCREASEOPINION_THEY_ACCEPT_LOG;We increased the opinion of us in $RECIPIENT$ to $OPINION$.;L'opinion de $RECIPIENT$ ¡×notre ¡×ard s'est am¡×ior¡× pour passer ¡×: $OPINION$.;;;;;;;;;;;;x
INCREASEOPINION_THEY_ACCEPT_MAP;Opinion increased;Opinion en hausse;;;;;;;;;;;;x
INCREASEOPINION_THEY_ACCEPT_SETUP;When we increase the opinion of us in a nation;Si nous am¡×iorons l'opinion d'une nation ¡×notre ¡×ard;;;;;;;;;;;;x
INCREASEOPINION_WE_ACCEPT_1;§Y$ACTOR$§W;¡×$ACTOR$¡×;;;;;;;;;;;;x
INCREASEOPINION_WE_ACCEPT_2;$MONARCHTITLE$, our opinion;$MONARCHTITLE$, notre opinion;;;;;;;;;;;;x
INCREASEOPINION_WE_ACCEPT_3;of §Y$ACTOR$§W has increased.;¡×l'¡×ard de ¡×$ACTOR$¡× s'est am¡×ior¡×.;;;;;;;;;;;;x
INCREASEOPINION_WE_ACCEPT_4;We now feel §Y$OPINION$§W towards them.;Celle-ci est pass¡× ¡×: ¡×$OPINION$¡×.;;;;;;;;;;;;x
INCREASEOPINION_WE_ACCEPT_5;*;*;;;;;;;;;;;;x
INCREASEOPINION_WE_ACCEPT_6;*;*;;;;;;;;;;;;x
INCREASEOPINION_WE_ACCEPT_BTN1;OK;OK;;;;;;;;;;;;x
INCREASEOPINION_WE_ACCEPT_BTN2;OK;OK;;;;;;;;;;;;x
INCREASEOPINION_WE_ACCEPT_BTN3;Go To;Aller ¡×;;;;;;;;;;;x
INCREASEOPINION_WE_ACCEPT_HEADER;The Foreign Minister reports;Le ministre des Affaires ¡×rang¡×es indique :;;;;;;;;;;;;x
INCREASEOPINION_WE_ACCEPT_LOG;Our opinion of $ACTOR$ has increased to $OPINION$.;L'opinion que nous avons de $ACTOR$ s'est am¡×ior¡× pour passer ¡×: $OPINION$.;;;;;;;;;;;;x
INCREASEOPINION_WE_ACCEPT_MAP;Opinion increased;Opinion en hausse;;;;;;;;;;;;x
INCREASEOPINION_WE_ACCEPT_SETUP;When a nation increases the opinion of themselves in our country;Si une nation am¡×iore l'opinion de notre pays ¡×son ¡×ard;;;;;;;;;;;;x
INCREASEOPINIONTITLE;Increase Opinion;Am¡×iorer l'opinion;;;;;;;;;;;;x
INCREASERELATION_BUTTON;Increase Relations;Am¡×iorer les relations;;;;;;;;;;;;x
INCREASERELATION_DESC;Increases the relations between our countries.;Am¡×iore les relations entre nos pays.;;;;;;;;;;;;x
INCREASERELATION_DI;Increase Relation;Am¡×iorer les relations;;;;;;;;;;;;x
INCREASERELATION_OTHER_ACCEPT_1;§Y$RECIPIENT$§W;¡×$RECIPIENT$¡×;;;;;;;;;;;;x
INCREASERELATION_OTHER_ACCEPT_2;$MONARCHTITLE$, we heard;$MONARCHTITLE$, il para¡×;;;;;;;;;;;;x
INCREASERELATION_OTHER_ACCEPT_3;that §Y$ACTOR$§W has shown a nice gesture towards §Y$RECIPIENT$§W.;que ¡×$ACTOR$¡× a fait un beau geste envers ¡×$RECIPIENT$¡×.;;;;;;;;;;;;x
INCREASERELATION_OTHER_ACCEPT_4;The relation between their countries has increased somewhat.;Les relations entre leurs pays se sont un peu am¡×ior¡×s.;;;;;;;;;;;;x
INCREASERELATION_OTHER_ACCEPT_5;*;*;;;;;;;;;;;;x
INCREASERELATION_OTHER_ACCEPT_6;*;*;;;;;;;;;;;;x
INCREASERELATION_OTHER_ACCEPT_BTN1;OK;OK;;;;;;;;;;;;x
INCREASERELATION_OTHER_ACCEPT_BTN2;OK;OK;;;;;;;;;;;;x
INCREASERELATION_OTHER_ACCEPT_BTN3;Go To;Aller ¡×;;;;;;;;;;;x
INCREASERELATION_OTHER_ACCEPT_HEADER;The Foreign Minister reports;Le ministre des Affaires ¡×rang¡×es indique :;;;;;;;;;;;;x
INCREASERELATION_OTHER_ACCEPT_LOG;$ACTOR$ has increased their relations with $RECIPIENT$.;$ACTOR$ a am¡×ior¡×ses relations avec $RECIPIENT$.;;;;;;;;;;;;x
INCREASERELATION_OTHER_ACCEPT_SETUP;When a nation increases their relations with another nation;Si une nation am¡×iore ses relations avec une autre;;;;;;;;;;;;x
INCREASERELATION_THEY_ACCEPT_1;§Y$RECIPIENT$§W;¡×$RECIPIENT$¡×;;;;;;;;;;;;x
INCREASERELATION_THEY_ACCEPT_2;$MONARCHTITLE$, we have successfully;$MONARCHTITLE$, nous avons r¡×ssi;;;;;;;;;;;;x
INCREASERELATION_THEY_ACCEPT_3;raised the relations between us and §Y$RECIPIENT$§W;¡×am¡×iorer nos relations avec ¡×$RECIPIENT$¡×.;;;;;;;;;;;;x
INCREASERELATION_THEY_ACCEPT_4;Our relation increased by §G$CHANGE$§W to §Y$RELATION$§W.;Nos relations ont augment¡×de ¡×$CHANGE$¡× pour atteindre ¡×$RELATION$¡×.;;;;;;;;;;;;x
INCREASERELATION_THEY_ACCEPT_5;*;*;;;;;;;;;;;;x
INCREASERELATION_THEY_ACCEPT_6;*;*;;;;;;;;;;;;x
INCREASERELATION_THEY_ACCEPT_BTN1;OK;OK;;;;;;;;;;;;x
INCREASERELATION_THEY_ACCEPT_BTN2;OK;OK;;;;;;;;;;;;x
INCREASERELATION_THEY_ACCEPT_BTN3;Go To;Aller ¡×;;;;;;;;;;;x
INCREASERELATION_THEY_ACCEPT_HEADER;The Foreign Minister reports;Le ministre des Affaires ¡×rang¡×es indique :;;;;;;;;;;;;x
INCREASERELATION_THEY_ACCEPT_LOG;We have increased our relations with $RECIPIENT$.;Nous avons am¡×ior¡×nos relations avec $RECIPIENT$.;;;;;;;;;;;;x
INCREASERELATION_THEY_ACCEPT_MAP;Relation increased;Relation am¡×ior¡×;;;;;;;;;;;;x
INCREASERELATION_THEY_ACCEPT_SETUP;When we increase our relations with a nation;Si nous am¡×iorons nos relations avec une nation;;;;;;;;;;;;x
INCREASERELATION_WE_ACCEPT_1;§Y$ACTOR$§W;¡×$ACTOR$¡×;;;;;;;;;;;;x
INCREASERELATION_WE_ACCEPT_2;$MONARCHTITLE$, we have had a pleasant;$MONARCHTITLE$, nous avons eu une agr¡×ble;;;;;;;;;;;;x
INCREASERELATION_WE_ACCEPT_3;conversation with the diplomat sent from §Y$ACTOR$§W.;conversation avec le diplomate envoy¡×par ¡×$ACTOR$¡×.;;;;;;;;;;;;x
INCREASERELATION_WE_ACCEPT_4;Our relation increased by §G$CHANGE$§W to §Y$RELATION$§W.;Nos relations ont augment¡×de ¡×$CHANGE$¡× pour atteindre ¡×$RELATION$¡×.;;;;;;;;;;;;x
INCREASERELATION_WE_ACCEPT_5;*;*;;;;;;;;;;;;x
INCREASERELATION_WE_ACCEPT_6;*;*;;;;;;;;;;;;x
INCREASERELATION_WE_ACCEPT_BTN1;OK;OK;;;;;;;;;;;;x
INCREASERELATION_WE_ACCEPT_BTN2;OK;OK;;;;;;;;;;;;x
INCREASERELATION_WE_ACCEPT_BTN3;Go To;Aller ¡×;;;;;;;;;;;x
INCREASERELATION_WE_ACCEPT_HEADER;The Foreign Minister reports;Le ministre des Affaires ¡×rang¡×es indique :;;;;;;;;;;;;x
INCREASERELATION_WE_ACCEPT_LOG;$ACTOR$ has increased their relations with us.;$ACTOR$ a am¡×ior¡×ses relations avec nous.;;;;;;;;;;;;x
INCREASERELATION_WE_ACCEPT_MAP;Relation increased;Relation am¡×ior¡×;;;;;;;;;;;;x
INCREASERELATION_WE_ACCEPT_SETUP;When a nation increases their relations with us;Si une nation am¡×iore ses relations avec nous;;;;;;;;;;;;x
INCREASERELATIONTITLE;Increase Relations;Am¡×iorer les relations;;;;;;;;;;;;x
IND_SUP_DESC;Costs of government subsidizing of factories. National cash reserves will be used to help factories buy goods needed and pay worker salaries.;;;;;;;;;;;;;x
INDEF;End Of;Fin de;;;;;;;;;;;;x
INDEPENDANCE_1;$ACTOR$;$ACTOR$;$ACTOR$;;;;;;;;;;;x
INDEPENDANCE_2;Has;ont;hat die Unabh¡×gigkeit;;;;;;;;;;;x
INDEPENDANCE_3;Declared Independence;proclam¡×leur ind¡×endance;von ihren fr¡×eren Herren;;;;;;;;;;;x
INDEPENDANCE_4;from their former masters of;envers leurs anciens ma¡×res de;aus;;;;;;;;;;;x
INDEPENDANCE_5;$OPRESSOR$ and are now enjoying freedom to oppress each other.;$OPRESSOR$ et sont libres de commencer ¡×opprimer d'autres nations.;$OPRESSOR$ proklamiert.;;;;;;;;;;;x
INDEPENDANCE_6;*;*;*;;;;;;;;;;;x
INDEPENDANCE_BTN1;OK;D'accord;OK;;;;;;;;;;;x
INDEPENDANCE_BTN2;OK;D'accord;OK;;;;;;;;;;;x
INDEPENDANCE_BTN3;Go to;Voir;Goto;;;;;;;;;;;x
INDEPENDANCE_HEADER;The Foreign Minister reports;Le ministre des Affaires ¡×rang¡×es rapporte;:;;;;;;;;;;;x
INDEPENDANCE_LOG;$ACTOR$ declared independence from $OPRESSOR$.;$ACTOR$ : ce pays a d¡×lar¡×son ind¡×endance envers la nation suivante : $OPRESSOR$.;$ACTOR$ erkl¡×te sich unabh¡×gig von $OPRESSOR$.;;;;;;;;;;;x
INDEPENDANCE_MAP;Revolution!;R¡×olution !;Revolution!;;;;;;;;;;;x
INDEPENDANCE_SETUP;When a nation declares independence;Si une nation proclame son ind¡×endance;Wenn ein Land die Unhabh¡×gigkeit erkl¡×t;;;;;;;;;;;x
INDEPENDANT;Independent Nation;Nation ind¡×endante;;;;;;;;;;;;x
INDUSTRIAL_SCORE;Industry: §Y$VAL$§W;Industrie : ¡×$VAL$¡×;;;;;;;;;;;;x
industry_tech_research_bonus;Industry Tech Research;Recherche en technologie industrielle;;;;;;;;;;;;x
INFLUENCE_AT_MAX;We cannot have more than §Y$MAX$§W influence in a single nation;Nous ne pouvons pas b¡×¡×icier de plus de ¡×$MAX$¡× d'influence dans une m¡×e nation.;;;;;;;;;;;;x
INFLUENCE_CHANGE;§Y$ACTIVE$§W influence with §Y$PASSIVE$§W changes with $MUCH$.\n;;;;;;;;;;;;;x
INFLUENCE_CHANGE_SHORT;Influence with §Y$PASSIVE$§W changed by $MUCH$.\n;L'influence vis-¡×vis de ¡×$PASSIVE$¡× ¡×olue de $MUCH$.\n;;;;;;;;;;;;x
INFLUENCE_NEIGHBOUR;Neighbouring nation;Nation voisine;;;;;;;;;;;;x
INFLUENCE_OTHER_CONTINENT;Nation is on another continent;La nation se trouve sur un autre continent.;;;;;;;;;;;;x
INFLUENCE_OVERFLOW_TOOLTIP;We are spending §Y$VALUE$§W of influence points each day, to reduce the influence of other countries.;Nous utilisons chaque jour ¡×$VALUE$¡× points d'influence pour r¡×uire l'influence des pays ¡×rangers.;;;;;;;;;;;;x
INFLUENCE_RELATION;Relations;Relations;;;;;;;;;;;;x
INFLUENCE_RELATIVE;Total score of nation relative to our total score;Score total de la nation par rapport au n¡×re;;;;;;;;;;;;x
INFLUENCE_SPHERE_NEIGHBOUR;Neighbouring sphere member;;;;;;;;;;;;;x
INFLUENCING_WITH;Influencing;Influence;;;;;;;;;;;;x
INFRA_LEVEL_HERE;Infrastructure at §Y$VAL$%§W.;Infrastructure ¡×¡×$VAL$%¡×.;;;;;;;;;;;;x
infrastructure;Infrastructure;Infrastructure;;;;;;;;;;;;x
INFRASTRUCTURE_EFFECT;$DIRECTION$ $VALUE$ level of railroad\n;$DIRECTION$ $VALUE$ niveau de chemin de fer\n;;;;;;;;;;;;x
INHERIT;Inherit §Y$WHO$§W.\n;H¡×itage de ¡×$WHO$¡×.\n;;;;;;;;;;;;x
INIT_MAP_LOGIC;Initialising Maplogic...;Initialisation Maplogic…;;;;;;;;;;;;x
INITIAL_COLONIZE_DEFAULT_TIME;If nobody competes with your expedition by §Y$DATE$§W you can skip directly to creating a protectorate;;;;;;;;;;;;;x
INPUT_LACKING;There's not enough §Y$GOOD$§W on the market to satisfy factory input needs;Il n'y a pas assez de ¡×$GOOD$¡× sur le march¡×pour satisfaire les besoins en mati¡×es premi¡×es de l'usine.;;;;;;;;;;;;x
INTEREST;Interest;Int¡×¡×;;;;;;;;;;;;x
INTERVENTION_OTHER_SIDE_1;$RECIPIENT$;$RECIPIENT$;;;;;;;;;;;;x
INTERVENTION_OTHER_SIDE_2;$RECIPIENT$;$RECIPIENT$;;;;;;;;;;;;x
INTERVENTION_OTHER_SIDE_3;has intervened in the;a pris parti dans la guerre;;;;;;;;;;;;x
INTERVENTION_OTHER_SIDE_4;$WAR$;$WAR$.;;;;;;;;;;;;x
INTERVENTION_OTHER_SIDE_5;*;*;;;;;;;;;;;;x
INTERVENTION_OTHER_SIDE_6;*;*;;;;;;;;;;;;x
INTERVENTION_OTHER_SIDE_BTN1;OK;OK;;;;;;;;;;;;x
INTERVENTION_OTHER_SIDE_BTN2;OK;OK;;;;;;;;;;;;x
INTERVENTION_OTHER_SIDE_BTN3;Go To;Aller ¡×;;;;;;;;;;;x
INTERVENTION_OTHER_SIDE_HEADER;$MESSENGER$;$MESSENGER$;;;;;;;;;;;;x
INTERVENTION_OTHER_SIDE_LOG;$RECIPIENT$ intervened in the $WAR$.;$RECIPIENT$ a pris parti dans la guerre $WAR$.;;;;;;;;;;;;x
INTERVENTION_OTHER_SIDE_SETUP;When a nation intervenes in a war;Si une nation prend parti dans une guerre;;;;;;;;;;;;x
INTERVENTION_OUR_SIDE_1;$RECIPIENT$;$RECIPIENT$;;;;;;;;;;;;x
INTERVENTION_OUR_SIDE_2;$RECIPIENT$;$RECIPIENT$;;;;;;;;;;;;x
INTERVENTION_OUR_SIDE_3;has intervened joined our side in the;a rejoint notre camp dans la guerre;;;;;;;;;;;;x
INTERVENTION_OUR_SIDE_4;$WAR$;$WAR$.;;;;;;;;;;;;x
INTERVENTION_OUR_SIDE_5;*;*;;;;;;;;;;;;x
INTERVENTION_OUR_SIDE_6;*;*;;;;;;;;;;;;x
INTERVENTION_OUR_SIDE_BTN1;Yay!;Ouais !;;;;;;;;;;;;x
INTERVENTION_OUR_SIDE_BTN2;Yay!;Ouais !;;;;;;;;;;;;x
INTERVENTION_OUR_SIDE_BTN3;Go To;Aller ¡×;;;;;;;;;;;x
INTERVENTION_OUR_SIDE_HEADER;$MESSENGER$;$MESSENGER$;;;;;;;;;;;;x
INTERVENTION_OUR_SIDE_LOG;$RECIPIENT$ intervened in the $WAR$.;$RECIPIENT$ a pris parti dans la guerre $WAR$.;;;;;;;;;;;;x
INTERVENTION_OUR_SIDE_SETUP;When a nation intervenes in a war and join our side;Si une nation prend parti dans une guerre et rejoint notre camp;;;;;;;;;;;;x
INTERVENTION_THEIR_SIDE_1;$RECIPIENT$;$RECIPIENT$;;;;;;;;;;;;x
INTERVENTION_THEIR_SIDE_2;$RECIPIENT$;$RECIPIENT$;;;;;;;;;;;;x
INTERVENTION_THEIR_SIDE_3;has joined our enemies in the;a rejoint nos ennemis dans la guerre;;;;;;;;;;;;x
INTERVENTION_THEIR_SIDE_4;$WAR$;$WAR$.;;;;;;;;;;;;x
INTERVENTION_THEIR_SIDE_5;*;*;;;;;;;;;;;;x
INTERVENTION_THEIR_SIDE_6;*;*;;;;;;;;;;;;x
INTERVENTION_THEIR_SIDE_BTN1;Oh no!;Oh non !;;;;;;;;;;;;x
INTERVENTION_THEIR_SIDE_BTN2;Oh no!;Oh non !;;;;;;;;;;;;x
INTERVENTION_THEIR_SIDE_BTN3;Go To;Aller ¡×;;;;;;;;;;;x
INTERVENTION_THEIR_SIDE_HEADER;$MESSENGER$;$MESSENGER$;;;;;;;;;;;;x
INTERVENTION_THEIR_SIDE_LOG;$RECIPIENT$ intervened in the $WAR$.;$RECIPIENT$ a pris parti dans la guerre $WAR$.;;;;;;;;;;;;x
INTERVENTION_THEIR_SIDE_SETUP;When a nation intervenes in a war and join our enemies' side;Si une nation prend parti dans une guerre et rejoint le camp ennemi;;;;;;;;;;;;x
INUNION;In Personal Union with $LIST$.;En union personnelle avec $LIST$.;;;;;;;;;;;;x
INVALID_WARTARGET_SHARED_WAR;We are fighting alongside this nation in another war.;Nous combattons aux c¡×¡× de cette nation dans une autre guerre.;;;;;;;;;;;;x
INVALID_WARTARGET_TROOPS_IN_THEM;We have troops inside their borders.;Nous avons des troupes ¡×l'int¡×ieur de leurs fronti¡×es.;;;;;;;;;;;;x
INVENTION_1;Major Discovery;D¡×ouverte majeure;;;;;;;;;;;;x
INVENTION_2;Scientists in our country have discovered;Les scientifiques de notre pays ont d¡×ouvert;;;;;;;;;;;;x
INVENTION_3;$INVENTION$;$INVENTION$;;;;;;;;;;;;x
INVENTION_4;$DESC$;$DESC$;;;;;;;;;;;;x
INVENTION_5;EFFECT:;EFFETS :;;;;;;;;;;;;x
INVENTION_6;$EFFECT$;$EFFECT$;;;;;;;;;;;;x
INVENTION_BTN1;OK;D'accord;;;;;;;;;;;;x
INVENTION_BTN2;OK;D'accord;;;;;;;;;;;;x
INVENTION_BTN3;Details;D¡×ails;;;;;;;;;;;;x
INVENTION_HEADER;Reports on;Rapports sur;;;;;;;;;;;;x
INVENTION_LOG;We have discovered how $INVENTION$ works.;Nous avons d¡×ouvert : $INVENTION$.;;;;;;;;;;;;x
INVENTION_MAP;*;*;;;;;;;;;;;;x
INVENTION_SETUP;When you have gained an invention.;Si vous obtenez une invention;;;;;;;;;;;;x
INVEST_PROJECT_CONFIRM;Invest;Investissement;;;;;;;;;;;;x
INVEST_PROJECT_MAX;Max;Maximum;;;;;;;;;;;;x
INVEST_PROJECT_NOT_ENOUGH_MONEY;§RWe have not enough funds to do that.§W;¡×Nous n'avons pas assez de fonds pour ¡×.¡×;;;;;;;;;;;;x
INVEST_PROJECT_SHORTCUT_MAX;§RCtrl + Left mouse click§W to invest max amount into this project. (§Y$AMOUNT$§W¤);¡×Ctrl + Clic gauche¡× pour investir le montant maximum dans ce projet (¡×$AMOUNT$¡× ¡×;;;;;;;;;;;;x
INVEST_PROJECT_SHORTCUT_MAX_ALL;§RShift + Left mouse click§W to invest max amount in all projects. (§Y$AMOUNT$§W¤);¡×Maj + Clic gauche¡× pour investir le montant maximum dans tous les projets (¡×$AMOUNT$¡× ¡×;;;;;;;;;;;;x
INVEST_PROJECT_TITLE;Invest into project: '§Y$PROJ$§W' at §Y$LOC$§W;Investir dans le projet : '¡×$PROJ$¡×' ¡×¡×$LOC$¡×;;;;;;;;;;;;x
INVEST_PROJECT_TOOLTIP_APPLY;Apply your investment.;Appliquer votre investissement.;;;;;;;;;;;;x
INVEST_PROJECT_TOOLTIP_PROJECT_BUDGET;Project budget is §Y$BUD$§W out of §Y$TOT$§W needed.\nYou decide to invest §Y$INV$§W into this project.;Le budget du projet est ¡×$BUD$¡× sur les ¡×$TOT$¡× n¡×essaires.\nVous d¡×idez d'investir ¡×$INV$¡× dans ce projet.;;;;;;;;;;;;x
INVEST_PROJECT_TOOLTIP_YOUR_BUDGET;Your current budget.;Votre budget actuel.;;;;;;;;;;;;x
INVESTED_IN_US_1;$ICOUNTRY$ has invested in us!;$ICOUNTRY$ a investi chez nous !;;;;;;;;;;;;x
INVESTED_IN_US_2;$INVESTED_IN_US_MESSAGE$;$INVESTED_IN_US_MESSAGE$;;;;;;;;;;;;x
INVESTED_IN_US_3;*;*;;;;;;;;;;;;x
INVESTED_IN_US_4;*;*;;;;;;;;;;;;x
INVESTED_IN_US_5;*;*;;;;;;;;;;;;x
INVESTED_IN_US_6;*;*;;;;;;;;;;;;x
INVESTED_IN_US_BTN1;OK;D'accord;;;;;;;;;;;;x
INVESTED_IN_US_BTN2;OK;D'accord;;;;;;;;;;;;x
INVESTED_IN_US_BTN3;Go to;Voir;;;;;;;;;;;;x
INVESTED_IN_US_BUILD;$INAME$ built in $ILOCATION$ for $IAMOUNT$¤;;;;;;;;;;;;x
INVESTED_IN_US_HEADER;Foreign Investment;Investissement ¡×ranger;;;;;;;;;;;;x
INVESTED_IN_US_LOG;§Y$ICOUNTRY$§! invested in us: $INVESTED_IN_US_MESSAGE$;¡×$ICOUNTRY$¡× investit chez nous : $INVESTED_IN_US_MESSAGE$;;;;;;;;;;;;x
INVESTED_IN_US_OPEN;$INAME$ opened in $ILOCATION$ for $IAMOUNT$¤;;;;;;;;;;;;x
INVESTED_IN_US_SETUP;When a country invests in us;Quand un pays investit chez nous;;;;;;;;;;;;x
INVESTED_IN_US_UNKNOWN;Invested $IAMOUNT$¤ in us.;A investi $IAMOUNT$ ¡×chez nous.;;;;;;;;;;;;x
INVESTED_IN_US_UPGRADE;Upgraded $INAME$ in $ILOCATION$ for $IAMOUNT$¤;;;;;;;;;;;;x
INVESTMENT_PENALTY_FACTOR;Other national investors;Autres investisseurs nationaux;;;;;;;;;;;;x
iron_RGO_SIZE;Iron Mine Size;Taille de la mine de fer;Eisenerzmine-Größe;;;;;;;;;;;x
IS;Is ;est ;ist ;;;;;;;;;;;x
IS_ACCEPTED_CULTURE;Is accepted culture.;Est une culture accept¡×.;;;;;;;;;;;;x
IS_ACCEPTED_CULTURE_POP;belong to an accepted culture.\n;appartient ¡×une culture accept¡×.\n;;;;;;;;;;;;x
IS_ACCEPTED_CULTURE2;§Y$NAME$§W is an accepted culture.\n;¡×$NAME$¡× est une culture accept¡×.\n;;;;;;;;;;;;x
IS_AI;Is AI;Est contr¡×¡×par l'IA;;;;;;;;;;;;x
IS_AT_PEACE_WITH;Is at peace with ;Est en paix avec ;Ist im Frieden mit ;;;;;;;;;;;x
IS_AT_WAR_WITH;Is at war with ;Est en guerre contre ;Ist im Krieg mit ;;;;;;;;;;;x
IS_BELOW_NUM_IN_FACTION_TRIGGER;Is a member of a faction with fewer than §Y$VAL$§W members.;est membre d'une faction comportant moins de ¡×$VAL$¡× membres.;;;;;;;;;;;;x
IS_BIG_PROD_TRIG;Is a big producer of §Y$VAL$§W.\n;Est un gros producteur de ¡×$VAL$¡×.\n;;;;;;;;;;;;x
IS_CAPITAL; is a Capital Province;est une province capitale;;;;;;;;;;;;x
IS_CIVILIZED;is civilized.;est civilis¡×;;;;;;;;;;;;x
IS_COASTAL;Is a coastal province.;Est une province c¡×i¡×e.;;;;;;;;;;;;x
IS_COLONIAL_STATE;Is a colony;;;;;;;;;;;;;x
IS_COLONIAL_STATE_POPVIEW;Colonial State;État colonial;;;;;;;;;;;;x
IS_COUNTRY_CORE;Is a $COUNTRYADJ$ core;est un $COUNTRYADJ$ principal;;;;;;;;;;;;x
IS_CRIME_HIGHER_THAN_EDU_TR;More is spent on §Yadministration§W than on education.\n;Les d¡×enses d’¡×administration¡× sont sup¡×ieures aux d¡×enses d’¡×ucation.\n;;;;;;;;;;;;x
IS_CRIME_NOT_HIGHER_THAN_EDU_TR;More is spent on §Yeducation§W than on administration.\n;Les d¡×enses d’¡×¡×ucation¡× sont sup¡×ieures aux d¡×enses d’administration.\n;;;;;;;;;;;;x
IS_CULTURE;Any pop in province;Tout POP de la province;;;;;;;;;;;;x
IS_CULTURE_GROUP;Culture Group is;Le groupe de cultures est;;;;;;;;;;;;x
IS_DISABLED; is disabled; est d¡×activ¡×e); ist deaktiviert;;;;;;;;;;;x
IS_DISARMED;is disarmed;est d¡×arm¡×e);;;;;;;;;;;;x
IS_EMPTY; has no owner; n'a pas de propri¡×aire;;;;;;;;;;;;x
IS_ENABLED; is enabled; est activ¡×e); ist aktiviert;;;;;;;;;;;x
IS_EQUAL_OR_LESS_THAN;is equal to or less than ;est inf¡×ieur ou ¡×al ¡×;;;;;;;;;;;x
IS_GREAT_NATION;Is Great Power;Est une Grande Puissance;;;;;;;;;;;;x
IS_GREATER_THAN;is greater than ;est sup¡×ieur ¡×;;;;;;;;;;;x
IS_GUARANTEEING_TRIGGER;§Y$COUNTRY$§W Is guaranteeing §Y$TARGET_COUNTRY$§W.\n;¡×$COUNTRY$¡× garantit ¡×$TARGET_COUNTRY$¡×.\n;;;;;;;;;;;;x
IS_IN_A_SPHERE;Is in a Sphere of Influence;Est dans une sph¡×e d'influence;;;;;;;;;;;;x
IS_IN_CRISIS;is involved in a crisis.;;;;;;;;;;;;;x
IS_IN_DEFAULT_TO;Is in default to this country.;;;;;;;;;;;;;x
IS_IN_EXILE;is a government in exile.;est un gouvernement en exil.;;;;;;;;;;;;x
IS_IN_FACTION_TRIGGER;Is a member of a faction.;est membre d'une faction.;;;;;;;;;;;;x
IS_IN_REGION;Is in the region;Est dans la r¡×ion;;;;;;;;;;;;x
IS_IN_SPHERE;Is in the $ADJ$ sphere of influence.;Est dans la sph¡×e d'influence $ADJ$.;;;;;;;;;;;;x
IS_INDEP;is NOT under foreign influence.;n'est PAS sous influence ¡×rang¡×e.;;;;;;;;;;;;x
IS_LAW_TRIGGER;The $GROUP$ is §Y$LAW$§W.;$GROUP$ est ¡×$LAW$¡×.;;;;;;;;;;;;x
IS_MEMBER_OF_FACTION_TRIGGER;Is member of §Y$FACTION$§W.;est membre de ¡×$FACTION$¡×.;;;;;;;;;;;;x
IS_MOB;Is Mobilized;Est mobilis¡×;;;;;;;;;;;;x
IS_MOBILIZED_IRO;(Reserves are Mobilized);(Les r¡×erves sont mobilis¡×s);;;;;;;;;;;;x
IS_MOBILIZED_TR;is mobilized.\n;est mobilis¡×\n;;;;;;;;;;;;x
IS_NEIGHBOUR_WITH;Neighbours ;Voisins ;Ist Nachbar von ;;;;;;;;;;;x
IS_NEXT_REFORM_TR;$ISSUE$ is next possible reform for $GROUP$.;$ISSUE$ est la prochaine r¡×orme possible pour $GROUP$.;;;;;;;;;;;;x
IS_NEXT_STEP_ONLY;In this category of reforms, only gradual change can be done, so only one step back or forward can be done at any time.;Dans cette cat¡×orie de r¡×ormes, seul le changement progressif est possible, ¡×savoir une ¡×ape en arri¡×e ou en avant ¡×la fois.;;;;;;;;;;;;x
IS_NOT;Is NOT ;N'est PAS ;ist NICHT ;;;;;;;;;;;x
IS_NOT_ACCEPTED_CULTURE;Is NOT an accepted culture.;;;;;;;;;;;;;x
IS_NOT_ACCEPTED_CULTURE_POP;does not belong to an accepted culture.\n;n'appartient pas ¡×une culture accept¡×.\n;;;;;;;;;;;;x
IS_NOT_ACCEPTED_CULTURE2;§Y$NAME$§W is NOT an accepted culture.\n;¡×$NAME$¡× n'est PAS une culture accept¡×.\n;;;;;;;;;;;;x
IS_NOT_AI;Is NOT AI;N'est pas contr¡×¡×par l'IA;;;;;;;;;;;;x
IS_NOT_BIG_PROD_TRIG;Is NOT a big producer of §Y$VAL$§W.\n;N’est pas un gros producteur de ¡×$VAL$¡×.\n;;;;;;;;;;;;x
IS_NOT_CAPITAL; is not a Capital Province;n'est pas une province capitale;;;;;;;;;;;;x
IS_NOT_CIVILIZED;is NOT civilized.;n'est PAS civilis¡×;;;;;;;;;;;;x
IS_NOT_COASTAL;Is NOT a coastal province.;N'est PAS une province c¡×i¡×e.;;;;;;;;;;;;x
IS_NOT_COLONIAL_STATE;Is NOT a colony;;;;;;;;;;;;;x
IS_NOT_COUNTRY_CORE;Is NOT a $COUNTRYADJ$ core;N'est pas un $COUNTRYADJ$ principal;;;;;;;;;;;;x
IS_NOT_CULTURE;Culture is not;La culture n'est pas;;;;;;;;;;;;x
IS_NOT_CULTURE_GROUP;Culture Group is not;Le groupe de cultures n'est pas;;;;;;;;;;;;x
IS_NOT_DISARMED;is not disarmed;n'est pas d¡×arm¡×e);;;;;;;;;;;;x
IS_NOT_EMPTY; has an owner; a un propri¡×aire;;;;;;;;;;;;x
IS_NOT_GREAT_NATION;is not a Great Power.\n;n'est pas une Grande Puissance.\n;;;;;;;;;;;;x
IS_NOT_GUARANTEEING_TRIGGER;§Y$COUNTRY$§W is not guaranteeing §Y$TARGET_COUNTRY$§W.\n;¡×$COUNTRY$¡× ne prot¡×e pas ¡×$TARGET_COUNTRY$¡×.\n;;;;;;;;;;;;x
IS_NOT_IN_A_SPHERE;Not in a sphere of influence.;;;;;;;;;;;;;x
IS_NOT_IN_CRISIS;is not involved in a crisis.;;;;;;;;;;;;;x
IS_NOT_IN_DEFAULT_TO;Is not in default to this country.;;;;;;;;;;;;;x
IS_NOT_IN_EXILE;is NOT a government in exile.;n'est PAS un gouvernement en exil.;;;;;;;;;;;;x
IS_NOT_IN_FACTION_TRIGGER;Is not a member of any faction.;n'est pas membre d'une faction.;;;;;;;;;;;;x
IS_NOT_IN_SPHERE;Is NOT in the $ADJ$ sphere of influence.;N'est PAS dans la sph¡×e d'influence $ADJ$.;;;;;;;;;;;;x
IS_NOT_IN_THE_REGION;Is NOT in the region ;N'est PAS dans la r¡×ion;;;;;;;;;;;;x
IS_NOT_INDEP;is under foreign influence.;est sous influence ¡×rang¡×e.;;;;;;;;;;;;x
IS_NOT_LAW_TRIGGER;§Y$LAW$§W is NOT the $GROUP$.;¡×$LAW$¡× n'est PAS $GROUP$.;;;;;;;;;;;;x
IS_NOT_MEMBER_OF_FACTION_TRIGGER;Is NOT a member of §Y$FACTION$§W.;n'est PAS membre de ¡×$FACTION$¡×.;;;;;;;;;;;;x
IS_NOT_MOB;Is Not Mobilized.;N'est PAS mobilis¡×;;;;;;;;;;;;x
IS_NOT_MOBILIZED_TR;is NOT mobilized.\n;n'est PAS mobilis¡×\n;;;;;;;;;;;;x
IS_NOT_NEIGHBOUR_WITH;Does NOT neighbour ;N'est pas limitrophe de ;Ist kein Nachbar von ;;;;;;;;;;;x
IS_NOT_OF_POPTYPE;Pop is not of type;Le POP n'est pas de type;;;;;;;;;;;;x
IS_NOT_ON_THE_CONTINET; is NOT on the continent ; n'est PAS sur le continent ; liegt nicht auf dem Kontinent ;;;;;;;;;;;x
IS_NOT_OUR_VASSAL;is NOT our Puppet;n'est PAS notre État fantoche;;;;;;;;;;;;x
IS_NOT_OVERSEAS;Is NOT overseas;n'est PAS outremer;ist KEINE ¡×ersee-Provinz.;;NO est¡×en el extranjero;;;;;;;;;x
IS_NOT_PRIMARY_CULTURE;§Y$NAME$§W is NOT primary culture.\n;¡×$NAME$¡× n'est PAS une culture principale.\n;;;;;;;;;;;;x
IS_NOT_PRIMARY_CULTURE_POP;Is not §Y$NAME$§W\n;N'est pas ¡×$NAME$¡×\n;;;;;;;;;;;;x
IS_NOT_PROD_TRIG;Is NOT producing §Y$VAL$§W.\n;Ne produit PAS ¡×$VAL$¡×.\n;;;;;;;;;;;;x
IS_NOT_RELIGION;The state religion is not;La religion d'État n'est pas;;;;;;;;;;;;x
IS_NOT_RULING_PARTY;is NOT in charge.;n'est PAS responsable.;;;;;;;;;;;;x
IS_NOT_SECONDARY_NATION;Is Not Secondary Power;nn’est pas une puissance de second rang;;;;;;;;;;;;x
IS_NOT_SLAVE_STATE;Is not a slave state.;N'est pas un État esclavagiste.;;;;;;;;;;;;x
IS_NOT_SPHERELEADER_OF;Has NOT $ADJ$ in their sphere of influence.;;;;;;;;;;;;;x
IS_NOT_STATE_CAPITAL;is NOT state capital;n'est pas la capitale de l'État;;;;;;;;;;;;x
IS_NOT_STATE_RELIGION;Does NOT belong to dominant religion.;N'appartient PAS ¡×la religion dominante.;;;;;;;;;;;;x
IS_NOT_SUBJECT;Is not a subject nation;N'est pas une nation inf¡×d¡×;;;;;;;;;;;;x
IS_NOT_SUBSTATE;Is NOT a substate;N'est pas un Sous-État;;;;;;;;;;;;x
IS_NOT_SUBSTATE_OF;Is NOT a substate of;;;;;;;;;;;;;x
IS_NOT_THREATEND_TRIGGER;§Y$COUNTRY$§W Is not threatened by countries with threat value §Y$VALUE$§W.\n;¡×$COUNTRY$¡× n'est pas menac¡×par les pays dont la valeur de la menace est de ¡×$VALUE$¡×.\n;;;;;;;;;;;;x
IS_NOT_UNION_CULTURE;Is not union culture of;N'est pas une culture d'union de;;;;;;;;;;;;x
IS_NOT_VASSAL_OF;Is NOT a puppet of ;N'est PAS un État fantoche de;;;;;;;;;;;;x
IS_NUM_IN_FACTION_TRIGGER;Is a member of a faction of at least §Y$VAL$§W members.;est membre d'une faction d'au moins ¡×$VAL$¡× membres.;;;;;;;;;;;;x
IS_OF_POPTYPE;Pop is of type;Le POP est de type;;;;;;;;;;;;x
IS_ON_THE_CONTINET; is on the continent ; est sur le continent ; liegt auf dem Kontinent ;;;;;;;;;;;x
IS_OUR_VASSAL;is our Puppet;est notre État fantoche;;;;;;;;;;;;x
IS_OVERSEAS;Is overseas;est outremer;ist ¡×ersee-Provinz.;;est¡×en el extranjero;;;;;;;;;x
IS_POSSIBLE_VASSAL;Is Possible Vassal ;;;;;;;;;;;;;x
IS_PRIMARY_CULTURE;;¡×$NAME$¡× est une culture principale.\n;;;;;;;;;;;;x
IS_PRIMARY_CULTURE_POP;Is §Y$NAME$§W\n;Est ¡×$NAME$¡×\n;;;;;;;;;;;;x
IS_PROD_TRIG;Is producing §Y$VAL$§W.\n;Produit ¡×$VAL$¡×.\n;;;;;;;;;;;;x
IS_RELIGION;The state religion is;;;;;;;;;;;;;x
IS_RULING_PARTY;is in charge.;est responsable.;;;;;;;;;;;;x
IS_SECONDARY_NATION;Is Secondary Power;est une puissance de second rang;;;;;;;;;;;;x
IS_SLAVE_STATE;Is a slave state.;Est un État esclavagiste.;;;;;;;;;;;;x
IS_SPHERELEADER_OF;Has $ADJ$ in their sphere of influence.;;;;;;;;;;;;;x
IS_STATE_CAPITAL;is state capital;est la capitale de l'État;;;;;;;;;;;;x
IS_STATE_RELIGION;Belongs to dominant religion.;Appartient ¡×la religion dominante.;;;;;;;;;;;;x
IS_SUBJECT;Is a subject nation;Est une nation inf¡×d¡×;;;;;;;;;;;;x
IS_SUBSTATE;Is a substate;Est un Sous-État;;;;;;;;;;;;x
IS_SUBSTATE_OF;Is a substate of;;;;;;;;;;;;;x
IS_THREATEND_TRIGGER;§Y$COUNTRY$§W is threatened by countries with threat value at least §Y$VALUE$§W.\n;¡×$COUNTRY$¡× est menac¡×par certains pays et la valeur de la menace est d'au moins ¡×$VALUE$¡×.\n;;;;;;;;;;;;x
IS_UNION_CULTURE;Is union culture of;Est une culture d'union de;;;;;;;;;;;;x
IS_VASSAL_OF;Is a puppet of ;Est un État fantoche de ;;;;;;;;;;;;x
ISATWAR;You can not ask for Military Access when you are at war.;Vous ne pouvez pas demander un acc¡× militaire quand vous ¡×es en guerre.;Sie k¡×nen nicht um Milit¡×zugang bitten, wenn Sie sich im Krieg befinden.;;;;;;;;;;;x
ISBANNEDEMBASSY_DESC;Banned embassy until §Y$UNTIL$§W. We suspect §Y$WHO$§W is behind this.;Ambassade interdite jusqu'¡×: ¡×$UNTIL$¡×. Nous soup¡×nnons ¡×$WHO$¡× d'¡×re derri¡×e tout cela.;;;;;;;;;;;;x
ISBLOCKED;You may not build this if you have already built;Vous ne pouvez pas construire ce b¡×iment si vous l'avez d¡×¡×construit;;;;;;;;;;;;x
ISDISCREDITED_DESC;Discredited until §Y$UNTIL$§W. We suspect §Y$WHO$§W is behind this.;Discr¡×it jusqu'¡×: ¡×$UNTIL$¡×. Nous soup¡×nnons ¡×$WHO$¡× d'¡×re derri¡×e tout cela.;;;;;;;;;;;;x
ISSUE_MOVE_EFFECT;§Y$PERCENTAGE$%§W of pops move from §YFROM§W to §YTO§W\n;;;;;;;;;;;;;x
ISSUE_POP_TR;At least §Y$VAL$%§W think §Y$NAME$§W is important.;Au moins ¡×$VAL$%¡× soulignent l'importance de ¡×$NAME$¡×.;;;;;;;;;;;;x
ITEM_RESEARCH_START;Start Research;D¡×ut des recherches;;;;;;;;;;;;x
ITS_OWNER;its owner;son propri¡×aire;;;;;;;;;;;;x
IW_SUPPLY_COST;You need §Y$VAL$§W¤ every day to pay for supplies of this unit.;Vous avez besoin chaque jour de ¡×$VAL$¡× ¡×pour la maintenance de cette unit¡×;;;;;;;;;;;;x
January;January;Janvier;;;;;;;;;;;;x
JOIN_ALLIANCE_EFFECT;§Y$COUNTRY$§W will join an alliance with §Y$TARGET_COUNTRY$§W.\n;¡×$COUNTRY$¡× va s'allier ¡×¡×$TARGET_COUNTRY$¡×.\n;;;;;;;;;;;;x
JOIN_BUTTON;Join;Rejoindre;;;;;;;;;;;;x
JOIN_FACTION_EFFECT;Join $FACTION$.\n;Rejoindre $FACTION$.\n;;;;;;;;;;;;x
JOIN_IP_TITLE;Enter IP address...;Entrez l'adresse IP…;;;;;;;;;;;;x
JOINED_CHANNEL;Joined channel $CHAN$.;Canal $CHAN$ rejoint.;;;;;;;;;;;;x
July;July;Juillet;;;;;;;;;;;;x
June;June;Juin;;;;;;;;;;;;x
KILL_LEADER_EFFECT;Leader §Y$NAME$§W will die.\n;Le chef ¡×$NAME$¡× va mourir.\n;;;;;;;;;;;;x
KILL_RULER_EFFECT;Current ruler (§Y$NAME$§W) will die.\n;Le dirigeant actuel, (¡×$NAME$¡×), va mourir.\n;;;;;;;;;;;;x
KNOWN_COUNTRY_STARTS;Known country;Pays connu;;;;;;;;;;;;x
KPH;km/h;km/h;;;;;;;;;;;;x
LACK_OF_MAINTENANCE_GOODS;Lack of maintenance goods;;;;;;;;;;;;;x
LAG_DECREASE_SPEED;$PLAYER$ is lagging behind, decreasing speed.;$PLAYER$ est ¡×la tra¡×e, ralentissement.;;;;;;;;;;;;x
LAG_PAUSE;$PLAYER$ is lagging behind, pausing game.;$PLAYER$ est ¡×la tra¡×e, partie en pause.;;;;;;;;;;;;x
land_attack_modifier;Land Unit Attack Modifier;;;;;;;;;;;;;x
LAND_ATTRITION;Land Attrition;Attrition des unit¡× terrestres;Land-Verlustquote;;;;;;;;;;;x
LAND_ATTRITION_TECH;Army Attrition;Usure de l'arm¡×;;;;;;;;;;;;x
LAND_COUNT;§Y$NUM$§W Brigades;¡×$NUM$¡× brigades;;;;;;;;;;;;x
land_province;Land Province;Province terrestre;Landprovinz;;;;;;;;;;;x
LANDBATTLEOVER_1;$NAME$;$NAME$;;;;;;;;;;;;x
LANDBATTLEOVER_2;$MONARCHTITLE$, we have $RESULT$;$MONARCHTITLE$, nous avons $RESULT$;;;;;;;;;;;;x
LANDBATTLEOVER_3;The $NAME$!;$NAME$ !;;;;;;;;;;;;x
LANDBATTLEOVER_4;During the struggle $USLOSS$ of our $USNUM$ troops were killed.;Pendant le combat $USLOSS$ de nos $USNUM$ troupes ont ¡×¡×tu¡×s.;;;;;;;;;;;;x
LANDBATTLEOVER_5;$OTHER$;$OTHER$;;;;;;;;;;;;x
LANDBATTLEOVER_6;has $OTHERRESULT$ the battle. Out of $THEIRNUM$ Troops, $THEIRLOST$ were killed.;a $OTHERRESULT$ la bataille. $THEIRLOST$ sur $THEIRNUM$ de leurs troupes ont ¡×¡×tu¡×s.;;;;;;;;;;;;x
LANDBATTLEOVER_BTN1;OK;OK;;;;;;;;;;;;x
LANDBATTLEOVER_BTN2;OK;OK;;;;;;;;;;;;x
LANDBATTLEOVER_BTN3;Go To;ALLER ¡×;;;;;;;;;;;x
LANDBATTLEOVER_HEADER;The Chief of Staff reports that;$chief_of_army$ rapporte que;;;;;;;;;;;;x
LANDBATTLEOVER_LOG;We $RESULT$ the $NAME$.;Nous avons $RESULT$ $NAME$.;;;;;;;;;;;;x
LANDBATTLEOVER_MAP;$RESULT$ ;$RESULT$;;;;;;;;;;;;x
LANDBATTLEOVER_SETUP;When a land battle is over;Si une bataille terrestre est termin¡×;;;;;;;;;;;;x
LE_FUEL;Fuel Units;Carburant;;;;;;;;;;;;x
LE_SUPPLIES;Supply Units;Ravitaillement;;;;;;;;;;;;x
LEADER_COMMAND_INFO;Led by §Y$NAME$§W (Skill: §Y$SKILL$§W)\n;Dirig¡× par ¡×$NAME$¡× (Comp¡×ence : ¡×$SKILL$¡×)\n;;;;;;;;;;;;x
LEADERDIED_1;A Military Leader Has Died!;Un de nos leaders militaires est mort !;;;;;;;;;;;;x
LEADERDIED_2;$MONARCHTITLE$, we have ill news indeed;$MONARCHTITLE$, nous avons en effet de tristes nouvelles.;;;;;;;;;;;;x
LEADERDIED_3;$TYPE$ $NAME$ is Dead!;$TYPE$ $NAME$ est mort !;;;;;;;;;;;;x
LEADERDIED_4;He served us faithfully and well. Only the finest funeral will do for such a colossus of the battlefield.;Il nous a servi avec loyaut¡×et comp¡×ence. Un tel titan du champ de bataille m¡×ite les plus belles fun¡×ailles.;;;;;;;;;;;;x
LEADERDIED_5;*;*;;;;;;;;;;;;x
LEADERDIED_6;*;*;;;;;;;;;;;;x
LEADERDIED_BTN1;OK;OK;;;;;;;;;;;;x
LEADERDIED_BTN2;OK;OK;;;;;;;;;;;;x
LEADERDIED_BTN3;Go To;ALLER ¡×;;;;;;;;;;;x
LEADERDIED_HEADER;$MESSENGER$;$MESSENGER$;;;;;;;;;;;;x
LEADERDIED_LOG;$TYPE$ $NAME$ has died.;$TYPE$ $NAME$ est mort.;;;;;;;;;;;;x
LEADERDIED_MAP;*;*;;;;;;;;;;;;x
LEADERDIED_SETUP;When one of our leaders died;Si l'un de nos leaders meurt.;;;;;;;;;;;;x
LEADERSHIP;Leadership;Prééminence;;;;;;;;;;;;x
LEADERSHIP_EFFECT;Leadership: §G$VALUE$§W.\n;Commandement : ¡×$VALUE$¡×.\n;;;;;;;;;;;;x
LEADUNIONS;Lead Personal Union with $LIST$.;M¡×e une union personnelle avec $LIST$.;;;;;;;;;;;;x
LEADVASSAL;Has the following puppets: $LIST$.;Poss¡×e les fantoches suivants : $LIST$.;;;;;;;;;;;;x
LEAVE_ALLIANCE_EFFECT;§Y$COUNTRY$§W will end its alliance with §Y$TARGET_COUNTRY$§W.\n;¡×$COUNTRY$¡× va rompre son alliance avec ¡×$TARGET_COUNTRY$¡×.\n;;;;;;;;;;;;x
LEAVE_FACTION_EFFECT;Leave $FACTION$.\n;Quitter $FACTION$.\n;;;;;;;;;;;;x
LEDGER;LEDGER;STATISTIQUES;;;;;;;;;;;;x
LEDGER_ARMY_ARTILLERY;Artillery;Artillerie;;;;;;;;;;;;x
LEDGER_ARMY_CAVALRY;Cavalry;Cavalerie;;;;;;;;;;;;x
LEDGER_ARMY_INFANTRY;Infantry;Infanterie;;;;;;;;;;;;x
LEDGER_ARMY_NAME;Army;Arm¡×;;;;;;;;;;;;x
LEDGER_CANT_BUILD_THIS_FULL;Already built by all provinces;D¡×¡×construit par toutes les provinces;;;;;;;;;;;;x
LEDGER_CANT_BUILD_THIS_TECH;Your current technology level does not allow you to build this building;Votre niveau actuel en technologie ne vous permet pas de construire ce b¡×iment;;;;;;;;;;;;x
LEDGER_CORE;Core;Centrale;Kernprovinz;;;;;;;;;;;x
LEDGER_COUNTRY_DIVISIONS;Brigades;Divisions;;;;;;;;;;;;x
LEDGER_COUNTRY_FACTORYCOUNT;Factories;Usines;;;;;;;;;;;;x
LEDGER_COUNTRY_GOVERNMENT;Government;Gouvernement;;;;;;;;;;;;x
LEDGER_COUNTRY_INDSCORE;Industrial Score;Score industriel;;;;;;;;;;;;x
LEDGER_COUNTRY_LEADERSHIP;Leadership;Commandement;;;;;;;;;;;;x
LEDGER_COUNTRY_LITERACY;Literacy;Alphab¡×isation;;;;;;;;;;;;x
LEDGER_COUNTRY_MILSCORE;Military Score;Score militaire;;;;;;;;;;;;x
LEDGER_COUNTRY_NAME;Country;Pays;;;;;;;;;;;;x
LEDGER_COUNTRY_NATIONALVALUE;National Value;Valeur nationale;;;;;;;;;;;;x
LEDGER_COUNTRY_PRESTIGE;Prestige;Prestige;;;;;;;;;;;;x
LEDGER_COUNTRY_PROVCOUNT;Provinces;Provinces;;;;;;;;;;;;x
LEDGER_COUNTRY_RULINGIDEOLOGY;Party ideology;Id¡×logie du parti;;;;;;;;;;;;x
LEDGER_COUNTRY_RULINGPARTY;Ruling party;Parti dirigeant;;;;;;;;;;;;x
LEDGER_COUNTRY_SHIPS;Ships;Navires;;;;;;;;;;;;x
LEDGER_COUNTRY_STATUS;Status;Statut;;;;;;;;;;;;x
LEDGER_COUNTRY_TOTAL_POP;Total pop.;Pop. totale;;;;;;;;;;;;x
LEDGER_COUNTRY_TOTALSCORE;Total Score;Score total;;;;;;;;;;;;x
LEDGER_EMPLOYED;Employed;Emplois;;;;;;;;;;;;x
LEDGER_GOODS;Goods;Marchandises;;;;;;;;;;;;x
LEDGER_HEADER_ARMY;Armies;Arm¡×s;;;;;;;;;;;;x
LEDGER_HEADER_COUNTRY_POPS;Country population;Population du pays;;;;;;;;;;;;x
LEDGER_HEADER_COUNTRYCOMPARE;National Comparison;Comparaison nationale;;;;;;;;;;;;x
LEDGER_HEADER_COUNTRYPARTY;Political systems;Syst¡×es politiques;;;;;;;;;;;;x
LEDGER_HEADER_COUNTRYPOLITICALREFORMS;Political reforms;R¡×ormes politiques;;;;;;;;;;;;x
LEDGER_HEADER_COUNTRYSOCIALREFORMS;Social reforms;R¡×ormes sociales;;;;;;;;;;;;x
LEDGER_HEADER_FACTORYPRODUCTION;Factory production;Production de l'usine;;;;;;;;;;;;x
LEDGER_HEADER_GOODS_PRICEHISTORY;Price history;Historique des prix;;;;;;;;;;;;x
LEDGER_HEADER_PROVINCE_POPS;Province population;Population de la province;;;;;;;;;;;;x
LEDGER_HEADER_PROVINCEPRODUCTION;Province production;Production de la province;;;;;;;;;;;;x
LEDGER_HEADER_PROVINCES;Provinces;Provinces;;;;;;;;;;;;x
LEDGER_HEADER_RANK;Country Rank;Classement pays;;;;;;;;;;;;x
LEDGER_INCOME;Income;Revenus;;;;;;;;;;;;x
LEDGER_LEVEL;Level;Niveau;;;;;;;;;;;;x
LEDGER_NEXT;Next;Suivant;;;;;;;;;;;;x
LEDGER_NO_GRAPH_DATA;There is not yet enough data to generate this graph.;Il n'y a pas encore suffisamment de donn¡×s pour g¡×¡×er ce graphique.;;;;;;;;;;;;x
LEDGER_NOT_CORE;Not Core;Secondaire;Keine Kernprovinz;;;;;;;;;;;x
LEDGER_OUTPUT;Output;Rendement;;;;;;;;;;;;x
LEDGER_OVERALL;Overall;Tout;;;;;;;;;;;;x
LEDGER_PREV;Previous;Pr¡×¡×ent;;;;;;;;;;;;x
LEDGER_PROVINCE_AVGCON;Avg. Con.;Con. moy.;;;;;;;;;;;;x
LEDGER_PROVINCE_AVGLIT;Avg. Lit.;Alpha. moy.;;;;;;;;;;;;x
LEDGER_PROVINCE_AVGMIL;Avg. Mil.;Mil. moy.;;;;;;;;;;;;x
LEDGER_PROVINCE_CULTURE;Culture;Culture;;;;;;;;;;;;x
LEDGER_PROVINCE_IDEOLOGY;Ideology;Id¡×logie;;;;;;;;;;;;x
LEDGER_PROVINCE_ISSUE;Issue;Position politique;;;;;;;;;;;;x
LEDGER_PROVINCE_NAME;Province;Province;;;;;;;;;;;;x
LEDGER_PROVINCE_RELIGION;Religion;Religion;;;;;;;;;;;;x
LEDGER_PROVINCE_TOTALPOP;Total pop.;Pop. totale;;;;;;;;;;;;x
LEDGER_STATE_NAME;State;État;;;;;;;;;;;;x
LESS_AMOUNT_OF_SHIPS;Less amount of ships than: §Y$COUNT$§W \n;;;;;;;;;;;;;x
LESS_THAN; less than; moins de; geringer als;;;;;;;;;;;x
LEVEL_WITH;with;avec;;;;;;;;;;;;x
LIFE_NEEDS;Basic Needs;Besoins vitaux;Grundbed¡×fnisse;;;;;;;;;;;x
LIFE_TR;Life rating at least §Y$VAL$§W.\n;Habitabilit¡×d'au moins ¡×$VAL$¡×.\n;;;;;;;;;;;;x
LIFERATING_EFFECT;$DIRECTION$ $VALUE$ Life rating\n;Habitabilit¡×$DIRECTION$ $VALUE$\n;;;;;;;;;;;;x
LIKELY_REBELS;Likely Rebels;Probablement rebelles;;;;;;;;;;;;x
LIMITED_BY;Limited by:\n;Limit¡×e) par :\n;;;;;;;;;;;;x
LIMWARREQDESC;Do you wish to declare limited war against $COUNTRY$?;Souhaitez-vous d¡×larer une guerre limit¡× ¡×$COUNTRY$ ¡×;;;;;;;;;;;;x
LIMWARTITLE;Declare Limited War;D¡×larer une guerre limit¡×;;;;;;;;;;;;x
LIT_CHANGE;Monthly Change;Évolution mensuelle;;;;;;;;;;;;x
LITERACY;Literacy;Alphab¡×isation;Alphabetisierung;;;;;;;;;;;x
LITERACY_EFFECT;$DIRECTION$ $VALUE$ literacy\n;$DIRECTION$ $VALUE$ en alphab¡×isation\n;;;;;;;;;;;;x
LITERACY_HIGHER_THAN;Literacy above §Y$VAL$§W%\n;Alphab¡×isation sup¡×ieure ¡×¡×$VAL$¡×%;;;;;;;;;;;;x
LOAD_CAPACITY_LABEL;Can carry $NUM$ weight.;Peut transporter un poids total de $NUM$.;;;;;;;;;;;;x
LOAD_EVENTS;Loading Events...;Chargement des ¡×¡×ements…;;;;;;;;;;;;x
LOAD_FLAGS;Loading Flags...;Chargement des drapeaux…;;;;;;;;;;;;x
LOAD_GAME_FAILED;Failed to load game.;Le chargement du jeu a ¡×hou¡×;;;;;;;;;;;;x
LOAD_GFX;Loading Graphics...;Chargement des graphismes…;;;;;;;;;;;;x
LOAD_SAVEGAME_FAIL;Failed to load the savegame.;;;;;;;;;;;;;x
LOADING_DATABASES;Loading Databases...;Chargement des bases de donn¡×s…;;;;;;;;;;;;x
LOADING_DATABASES2;Loading Databases II...;Chargement des bases de donn¡×s II…;;;;;;;;;;;;x
LOADING_GUI_DEF;Loading GUI Definitions...;Chargement des d¡×initions GUI…;;;;;;;;;;;;x
LOADING_HISTORY;Loading History Files...;Chargement des fichiers historiques…;;;;;;;;;;;;x
LOADING_LOCAL_SAVE;Loading local save game copy...;Chargement de la copie de sauvegarde locale…;;;;;;;;;;;;x
LOADING_MAP_SPRITES;Loading Map-Sprites...;Chargement des sprites de carte…;;;;;;;;;;;;x
LOADING_SOUNDS;Loading Sounds...;Chargement des sons…;;;;;;;;;;;;x
LOAN_INTEREST_TECH;Loan Interest;Int¡×¡× d'emprunt;;;;;;;;;;;;x
LOBBY_HOST_ONLY;Only the host may start the game;Seul l'h¡×e peut lancer la partie.;;;;;;;;;;;;x
LOBBY_WAITING;You must wait for all players to start or kick the ones who are missing.;Vous devez attendre tous les joueurs pour commencer ou expulser ceux qui manquent.;;;;;;;;;;;;x
LOCAL_MANPOWER;Local Manpower Modifier;Modificateur de la main-d'œuvre locale;;;;;;;;;;;;x
LOCAL_REVOLT_RISK;Local Revolt Risk;Risque de r¡×olte locale;;;;;;;;;;;;x
LOCAL_TRADE_INCOME_MODIFIER;Local Trade Income Modifier;Modificateur des revenus du commerce local;;;;;;;;;;;;x
LOG_SETTING_ICON;Icon;Ic¡×e;;;;;;;;;;;;x
LOG_SETTING_IDLE;Display as Idle message.;Afficher en tant que message inactif.;;;;;;;;;;;;x
LOG_SETTING_LOG;Display in log.;Afficher dans l'historique.;;;;;;;;;;;;x
LOG_SETTING_MAP;Show on map.;Afficher sur la carte.;;;;;;;;;;;;x
LOG_SETTING_PAUSE;Popup and Pause;Popup et pause;;;;;;;;;;;;x
LOG_SETTING_POPUP;Open popup window.;Ouvrir une fen¡×re de popup.;;;;;;;;;;;;x
LOOKING_FOR_HOST;Looking for host...;Recherche de l'h¡×e…;;;;;;;;;;;;x
LOSE;Lose;Perte;;;;;;;;;;;;x
LOSE_CIVILIZED_EFFECT;We shall be known as an §YUncivilized Nation§W\n;Nous allons ¡×re consid¡×¡× comme ¡×nation non-civilis¡×¡×\n;;;;;;;;;;;;x
LOSE_CORE_EFFECT;Lose core on §Y$LOSE$§W.\n;Perd le contr¡×e de ¡×$LOSE$¡×.\n;;;;;;;;;;;;x
LOSE_CORE_EFFECT_2;$WHO$ lose core on $LOSE$.\n;$WHO$ perd le contr¡×e de $LOSE$.\n;;;;;;;;;;;;x
LOST;§RLost;¡×Perdu;¡×Verloren;;;;;;;;;;;x
LOST_IC_IS_ATLEAST_TRIGGER;§Y$COUNTRY$§W has lost at least §Y$VALUE$%§W IC §W.\n;¡×$COUNTRY$¡× a perdu au moins ¡×$VALUE$%¡× en CI ¡×.\n;;;;;;;;;;;;x
LOST_IC_IS_NOT_TRIGGER;§Y$COUNTRY$§W has not lost §Y$VALUE$%§W IC §W.\n;¡×$COUNTRY$¡× n'a pas perdu ¡×$VALUE$%¡× en IC ¡×.\n;;;;;;;;;;;;x
LOST_NATIONAL_PROVINCES_ATLEAST_TRIGGER;§Y$COUNTRY$§W has lost at least §Y$VALUE$%§W national provinces §W.\n;¡×$COUNTRY$¡× a perdu au moins ¡×$VALUE$%¡× provinces nationales ¡×.\n;;;;;;;;;;;;x
LOST_NATIONAL_PROVINCES_NOT_TRIGGER;§Y$COUNTRY$§W has not lost §Y$VALUE$%§W national provinces §W.\n;¡×$COUNTRY$¡× n'a pas perdu ¡×$VALUE$%¡× provinces nationales ¡×.\n;;;;;;;;;;;;x
LOST_PLAYER;A player was lost...;Un joueur a ¡×¡×perdu…;;;;;;;;;;;;x
LOST_PLR;Lost Player;Joueur perdu;;;;;;;;;;;;x
LUXURY_NEEDS;Luxury Needs;Besoins de luxe;Luxusbed¡×fnisse;;;;;;;;;;;x
M_GOTO_BUTTON;Find Country or Province;Trouver un pays ou une province;;;;;;;;;;;;x
M_HOME_BUTTON;Go to Capital Province;Se rendre ¡×la capitale de la province;;;;;;;;;;;;x
M_LEDGER_BUTTON;Ledger;Statistiques;;;;;;;;;;;;x
M_MENU_BUTTON;Menu;Menu;;;;;;;;;;;;x
MAINTENANCE_DESC;Maintenance goods need:;Besoin en mat¡×iaux pour la maintenance :;;;;;;;;;;;;x
MAJOREVENTHAPPENOTHER_1;$COUNTRY$;$COUNTRY$;$COUNTRY$;;;;;;;;;;;x
MAJOREVENTHAPPENOTHER_2; ; ;Aus $COUNTRY$ wurde uns folgendes Ereignis berichtet:;;;;;;;;;;;x
MAJOREVENTHAPPENOTHER_3;$EVENT$;$EVENT$;$EVENT$;;;;;;;;;;;x
MAJOREVENTHAPPENOTHER_4;$EVENTDESC$;$EVENTDESC$;$EVENTDESC$;;;;;;;;;;;x
MAJOREVENTHAPPENOTHER_5;*;*;*;;;;;;;;;;;x
MAJOREVENTHAPPENOTHER_6;*;*;*;;;;;;;;;;;x
MAJOREVENTHAPPENOTHER_BTN1;OK;D'accord;OK;;;;;;;;;;;x
MAJOREVENTHAPPENOTHER_BTN2;OK;D'accord;OK;;;;;;;;;;;x
MAJOREVENTHAPPENOTHER_BTN3;*;*;*;;;;;;;;;;;x
MAJOREVENTHAPPENOTHER_HEADER;The Foreign Ministry reports;Le ministre des Affaires ¡×rang¡×es rapporte;Der Au¡×nminister berichtet:;;;;;;;;;;;x
MAJOREVENTHAPPENOTHER_LOG;Major Event: '$EVENT$' in $COUNTRY$.;L'¡×¡×ement majeur '$EVENT$' a eu lieu pour $COUNTRY$.;Ereignis: '$EVENT$' in $COUNTRY$.;;;;;;;;;;;x
MAJOREVENTHAPPENOTHER_MAP;*;*;*;;;;;;;;;;;x
MAJOREVENTHAPPENOTHER_SETUP;When a Major event with a single choice happens to another country.;Si un ¡×¡×ement ¡×choix unique se produit pour un autre pays.;Wenn ein wichtiges Ereignis mit nur einer Auswahlm¡×lichkeit f¡× ein anderes Land eintritt.;;;;;;;;;;;x
MAJOREVENTHAPPENOTHEROPTION_1;$COUNTRY$;$COUNTRY$;$COUNTRY$;;;;;;;;;;;x
MAJOREVENTHAPPENOTHEROPTION_2;Our Embassy has heard that;Notre ambassade a appris que lorsque;Unsere Botschaft hat geh¡×t, dass in $COUNTRY$ das Ereignis;;;;;;;;;;;x
MAJOREVENTHAPPENOTHEROPTION_3;$EVENT$;$EVENT$;$EVENT$;;;;;;;;;;;x
MAJOREVENTHAPPENOTHEROPTION_4;They chose;avait eu lieu, ils avaient choisi de;stattfand. Sie w¡×lten;;;;;;;;;;;x
MAJOREVENTHAPPENOTHEROPTION_5;$OPTION$;$OPTION$;$OPTION$;;;;;;;;;;;x
MAJOREVENTHAPPENOTHEROPTION_6;as their choice of action.;parmi les choix qui leur ¡×aient offerts.;*;;;;;;;;;;;x
MAJOREVENTHAPPENOTHEROPTION_BTN1;OK;D'accord;OK;;;;;;;;;;;x
MAJOREVENTHAPPENOTHEROPTION_BTN2;OK;D'accord;OK;;;;;;;;;;;x
MAJOREVENTHAPPENOTHEROPTION_BTN3;GOTO;Voir;Goto;;;;;;;;;;;x
MAJOREVENTHAPPENOTHEROPTION_HEADER;The Foreign Ministry reports;Le ministre des Affaires ¡×rang¡×es rapporte;Der Au¡×nminister berichtet:;;;;;;;;;;;x
MAJOREVENTHAPPENOTHEROPTION_LOG;Major Event: $OPTION$ in $EVENT$ for $COUNTRY$.;$COUNTRY$ a choisi $OPTION$ lors de l'¡×¡×ement majeur '$EVENT$'.;Ereignis: $OPTION$ in $EVENT$ f¡× $COUNTRY$.;;;;;;;;;;;x
MAJOREVENTHAPPENOTHEROPTION_MAP;*;*;*;;;;;;;;;;;x
MAJOREVENTHAPPENOTHEROPTION_SETUP;When a Major event with multiple choice happens to another country.;Si un ¡×¡×ement ¡×choix multiple majeur se produit pour un autre pays.;Wenn ein wichtiges Ereignis mit mehreren Auswahlm¡×lichkeiten f¡× ein anderes Land eintritt.;;;;;;;;;;;x
MAJORITY_IS;Majority of population is;La majorit¡×de la population est;;;;;;;;;;;;x
MAJORITY_IS_NOT;Majority of the population is NOT;La majorit¡×de la population n’est PAS;;;;;;;;;;;;x
MAKE_CB_BUTTON;Justify war;Justifier la guerre;;;;;;;;;;;;x
MAKE_CB_DESC;Produce a justification for war with them;Produire un CB pour une guerre contre eux;;;;;;;;;;;;x
MAKE_CBTITLE;Justify War;Justifier la guerre;;;;;;;;;;;;x
make_free;Create Free State;Cr¡×r un État libre;Freistaat erstellen;;Crear estado libre;;;;;;;;;x
make_slave;Create Slave State;Cr¡×r un État esclavagiste;Sklavereistaat erstellen;;Crear estado esclavista;;;;;;;;;x
Maneuver;Manoeuvre;Manœuvre;;;;;;;;;;;;x
manpower;Manpower;Main-d'œuvre;;;;;;;;;;;;x
MANUEVER;Manoeuvre;Manœuvre;;;;;;;;;;;;x
MAP_PROPERLY_INIT;Map Properly Initialised...;Initialisation de la carte r¡×ssie…;;;;;;;;;;;;x
MAPMODE;Map-mode;Mode carte;Kartenmodus;;;;;;;;;;;x
MAPMODE_1;Terrain Map mode;Mode de carte Terrain;;;;;;;;;;;;x
MAPMODE_10;National Focus Map mode;Mode de carte Cause nationale;;;;;;;;;;;;x
MAPMODE_11;RGO Output Map mode;;;;;;;;;;;;;x
MAPMODE_12;Population Density Map Mode;;;;;;;;;;;;;x
MAPMODE_13;Culture Map Mode;;;;;;;;;;;;;x
MAPMODE_14;Sphere of Influence Map Mode;;;;;;;;;;;;;x
MAPMODE_15;Supply Limit Map Mode;;;;;;;;;;;;;x
MAPMODE_16;Party Loyalty Map Mode;;;;;;;;;;;;;x
MAPMODE_17;Ranking Map Mode;;;;;;;;;;;;;x
MAPMODE_18;Migrations Map Mode;;;;;;;;;;;;;x
MAPMODE_19;Civilization Level;Niveau de civilisation;;;;;;;;;;;;x
MAPMODE_2;Political Map Mode;Mode de carte Politique;;;;;;;;;;;;x
MAPMODE_20;Relations Map Mode;;;;;;;;;;;;;x
MAPMODE_21;Crises Map Mode;;;;;;;;;;;;;x
MAPMODE_22;Naval Map Mode;;;;;;;;;;;;;x
MAPMODE_3;Revolt Risk Map Mode;;;;;;;;;;;;;x
MAPMODE_4;Diplomatic Map Mode;Mode de carte Diplomatie;;;;;;;;;;;;x
MAPMODE_5;Region Map Mode;Mode de carte R¡×ions;;;;;;;;;;;;x
MAPMODE_6;Infrastructure Map Mode;Mode de carte Infrastructure;;;;;;;;;;;;x
MAPMODE_7;Colonial Map Mode;Mode de carte Colonie;;;;;;;;;;;;x
MAPMODE_8;Administrative Map Mode;Mode de carte Administration;;;;;;;;;;;;x
MAPMODE_9;Recruitment Map Mode;Mode de carte Recrutement;;;;;;;;;;;;x
MAPMODE_NAVAL_TOOLTIP_CAP;This province §Ynaval supply throughput§W is §G$CAP$§W of total §G$TOT$§W.;;;;;;;;;;;;;x
MAPMODE_NAVAL_TOOLTIP_IN_OTHER;A naval base already exists in this state, in §Y$PROV$§W.;;;;;;;;;;;;;x
MAPMODE_NAVAL_TOOLTIP_LEVEL;Naval base level §G$LVL$§W;;;;;;;;;;;;;x
MAPMODE_NAVAL_TOOLTIP_NO_BASE;There is not any naval base in this state.;;;;;;;;;;;;;x
MAPMODE_NAVAL_TOOLTIP_UNDER_CON;A naval base is already under construction here.;;;;;;;;;;;;;x
March;March;Mars;;;;;;;;;;;;x
matters_of_state;Matters of State;;;;;;;;;;;;;x
MAX_ATTRITION;Maximum Attrition;Attrition maximale;;;;;;;;;;;;x
MAX_REINF_UNITVIEW;Reinforcing at §G100%§W speed.;Renfort ¡×une vitesse de ¡×100%¡×.;;;;;;;;;;;;x
MAX_STRENGTH;Max Strength;Puissance max;;;;;;;;;;;;x
MAX_WAR_EXHAUSTION;Maximum War Exhaustion;Épuisement de guerre maximum;;;;;;;;;;;;x
MAX_WORKFORCE_TECH;Max. Workforce;Main-d'œuvre max.;;;;;;;;;;;;x
MAXIMUM_SPEED;Max Speed;Vitesse max;;;;;;;;;;;;x
MAXIMUM_STOCKPILE_TARGET;Maximum stockpile:;Quantit¡×max. en r¡×erve;Maximal-Vorrat:;;;;;;;;;;;x
May;May;Mai;;;;;;;;;;;;x
MAY_GAS_ATTACK;Can use Gas Attack\n;Peut utiliser les attaques aux gaz\n;;;;;;;;;;;;x
MAY_GAS_DEFEND;Can defend against Gas Attack\n;Peut se d¡×endre des attaques aux gaz\n;;;;;;;;;;;;x
MAY_NOT_RETREAT;It is not possible, nor would it be honourable, to retreat from a battle while the battle is still starting up.;Il n'est pas possible, question d'honneur, de se retirer d'une bataille qui d¡×ute.;;;;;;;;;;;;x
MAY_NOT_RETREAT_NAVAL;It is not possible, nor would it be honorable, to retreat from a battle before we have a complete understanding of our chances.;;;;;;;;;;;;;x
ME_BAD_VERSION;This coin is for a higher version of the game, you need at least version $NUMBER$.;Cette pi¡×e est r¡×erv¡× ¡×une version sup¡×ieure du jeu, vous devez disposer au minimum de la version $NUMBER$.;;;;;;;;;;;;x
ME_BUY_ITEM;Buy Item;Acheter l'¡×¡×ent;;;;;;;;;;;;x
ME_BUY_ITEM_DESC;Are you sure you wish to buy §Y$NAME$§W for §Y$CREDITS$§W Coins? This cannot be undone.;¡×es-vous s¡× de vouloir acheter ¡×$NAME$¡× pour ¡×$CREDITS$¡× pi¡×es ¡× Cette action est irr¡×ersible.;;;;;;;;;;;;x
ME_CLICK_BUY;Click here to purchase this item using your blue coins;Cliquez ici pour acheter cet ¡×¡×ent avec vos pi¡×es bleues.;;;;;;;;;;;;x
ME_DOWNLOAD;Click here to download your item;Cliquez ici pour t¡×¡×harger votre ¡×¡×ent.;;;;;;;;;;;;x
ME_DOWNLOAD_ERROR;Download Error!;Erreur de t¡×¡×hargement !;;;;;;;;;;;;x
ME_ERROR;Error:;Erreur :;;;;;;;;;;;;x
ME_INSTALL;Click here to install your item. Restart might be required for installation to take effect.;Cliquez ici pour installer votre ¡×¡×ent. Un red¡×arrage peut ¡×re n¡×essaire pour que l'installation prenne effet.;;;;;;;;;;;;x
ME_INSTALL_FAIL;Installation failed!;Échec de l'installation !;;;;;;;;;;;;x
ME_INSTALL_SUCCESS;Installation Successful!;Installation r¡×ssie !;;;;;;;;;;;;x
ME_NO_FILE;This item does not have a file;Aucun fichier n'est associ¡×¡×cet ¡×¡×ent.;;;;;;;;;;;;x
ME_PURCHASE_SUCCESSFUL;Purchase Successful! Look under owned items tab to install.;Achat r¡×ssi ! Consultez l'onglet relatif aux ¡×¡×ents vous appartenant pour l'installer.;;;;;;;;;;;;x
ME_STATUS_OK;Status Ok;Statut OK;;;;;;;;;;;;x
MEMBER_OF_FACTION;Has the §Y$NAME$%§W faction.;A la faction ¡×$NAME$%¡×.;;;;;;;;;;;;x
MENU_BAR_CLOSE;Close;Fermer;;;;;;;;;;;;x
MENU_BAR_GAME_OPTIONS;Game Options;Options de jeu;;;;;;;;;;;;x
MENU_BAR_GAME_RESIGN;Resign;Abandonner;;;;;;;;;;;;x
MENU_BAR_MESSAGE_SETTINGS;Message Settings;Param¡×res de messages;;;;;;;;;;;;x
MENU_BAR_QUIT;Quit;Quitter;;;;;;;;;;;;x
MENU_BAR_SAVE;Save;Sauvegarder;;;;;;;;;;;;x
MENU_BAR_SAVE_GAME;Save Game;Sauvegarder;;;;;;;;;;;;x
MENU_BAR_SAVE_GAME_FILENAME;Saved game filename:;Nom de la partie sauvegard¡× :;;;;;;;;;;;;x
MENU_MESSAGES_RESET;Reset defaults;R¡×nitialiser les param¡×res par d¡×aut;;;;;;;;;;;;x
MERGE_UNITS;Merge the selected units;Fusionner les unit¡× s¡×ectionn¡×s;;;;;;;;;;;;x
MERGE_UNITS_DRO;Choosing the merge option will take the current selected units and convert them into a single unit.;Cette option vous permet transformer les unit¡× s¡×ectionn¡×s en une seule unit¡×;;;;;;;;;;;;x
MESS_BADWORDS1;the fools;les idiots;;;;;;;;;;;;x
MESS_BADWORDS2;the traitors;les tra¡×res;;;;;;;;;;;;x
MESS_BADWORDS3;the warmongers;les bellig¡×ants;;;;;;;;;;;;x
MESS_BADWORDS4;the imbeciles;Les imb¡×iles;;;;;;;;;;;;x
MESSAGE_BUTTON_CLEAR;Clear;Effacer;;;;;;;;;;;;x
MESSAGE_BUTTON_SEARCH;Search;Chercher;;;;;;;;;;;;x
MESSAGE_HEAD_CHAN;The Foreign Office reports;Le minist¡×e des Affaires ¡×rang¡×es rapporte que;;;;;;;;;;;;x
MESSAGE_HEAD_GOV;The Minister of Security reports;Le ministre de la s¡×urit¡×rapporte que;;;;;;;;;;;;x
MESSAGE_HEAD_MARS;The General Staff reports;L'¡×at-major rapporte que;;;;;;;;;;;;x
MESSAGE_IS_ICON;This message type $TRUTH$ currently displayed as a message icon.;Ce type de message $TRUTH$ est actuellement affich¡×comme ic¡×e message.;;;;;;;;;;;;x
MESSAGE_IS_LOG;This message type $TRUTH$ currently displayed in the log.;Ce type de message $TRUTH$ est actuellement affich¡×dans l'historique.;;;;;;;;;;;;x
MESSAGE_IS_ONMAP;This message type $TRUTH$ currently displayed on the map (if applicable).;Ce type de message $TRUTH$ est actuellement affich¡×sur la carte (si applicable);;;;;;;;;;;;x
MESSAGE_IS_PAUSE;This message type $TRUTH$ currently displayed as a popup and will pause the game.;Ce type de message $TRUTH$ s'affiche actuellement sous forme de popup et va mettre le jeu en pause.;;;;;;;;;;;;x
MESSAGE_IS_POPUP;This message type $TRUTH$ currently displayed as a popup.;Ce type de message $TRUTH$ est actuellement affich¡×comme popup.;;;;;;;;;;;;x
MESSAGE_SEARCH;Search:;Chercher;;;;;;;;;;;;x
MESSAGE_SEARCH_TOOLTIP;Enter key words separated by §Yspace§W to filter the list.;Entrez les mot-clefs s¡×ar¡× par ¡×Espace¡× pour filtrer la liste.;;;;;;;;;;;;x
MESSAGE_SETTING_FALSE;is not;n'est pas;;;;;;;;;;;;x
MESSAGE_SETTING_TRUE;is;est;;;;;;;;;;;;x
MESSAGE_TYPE_INTERESTING;Interesting;Int¡×essant;;;;;;;;;;;;x
MESSAGE_TYPE_NOT_INTERESTING;Other;Autre;;;;;;;;;;;;x
MESSAGECAT_ALL;All Messages;Tous les messages;;;;;;;;;;;;x
MESSAGECAT_COMBAT;Combat Messages;Messages relatifs au combat;;;;;;;;;;;;x
MESSAGECAT_DIPLOMACY;Diplomatic Messages;Messages relatifs ¡×la diplomatie;;;;;;;;;;;;x
MESSAGECAT_EVENTS;Event Messages;Messages relatifs aux ¡×¡×ements;;;;;;;;;;;;x
MESSAGECAT_OTHERS;Other Messages;Autres messages;;;;;;;;;;;;x
MESSAGECAT_PROVS;Province Messages;Messages relatifs aux provinces;;;;;;;;;;;;x
MESSAGECAT_UNITS;Unit Messages;Messages relatifs aux unit¡×;;;;;;;;;;;;x
MESSAGESETTINGS_ALL;All;Tous;;;;;;;;;;;;x
MESSAGESETTINGS_COMBAT;Combat;Combat;;;;;;;;;;;;x
MESSAGESETTINGS_DIPLOMACY;Diplomacy;Diplomatie;;;;;;;;;;;;x
MESSAGESETTINGS_EVENTS;Events;Év¡×ements;;;;;;;;;;;;x
MESSAGESETTINGS_OTHER;Other;Autres;;;;;;;;;;;;x
MESSAGESETTINGS_PROVINCES;Provinces;Provinces;;;;;;;;;;;;x
MESSAGESETTINGS_UNITS;Units;Unit¡×;;;;;;;;;;;;x
METAL_IS_ATLEAST_TRIGGER;Metal is at least §Y$VALUE$§W.\n;Il y a au moins ¡×$VALUE$¡× de m¡×aux.\n;;;;;;;;;;;;x
METAL_IS_NOT_TRIGGER;Metal is not §Y$VALUE$§W.\n;Le stock de m¡×aux n'est pas de ¡×$VALUE$¡×.\n;;;;;;;;;;;;x
METASERVER_GAME_INFO;Creator: $CREATOR$ \n Date: $DATE$;Cr¡×teur : $CREATOR$ \nDate : $DATE$;;;;;;;;;;;;x
MICRO_ERROR_DESC;Failed to open ggcoins.dll. Make sure this file is present or reinstall game.;Ouverture de ggcoins.dll impossible. V¡×ifiez que ce fichier est pr¡×ent ou r¡×nstallez le jeu.;;;;;;;;;;;;x
MICRO_ERROR_TITLE;Error!;Erreur !;;;;;;;;;;;;x
MIDDLE_MILITANCY_LESS_THAN;Middle strata militancy less than ;Militantisme des classes moyennes inf¡×ieur ¡×;;;;;;;;;;;x
MIDDLE_MILITANCY_MORE_THAN;Middle strata militancy more than ;Militantisme des classes moyennes sup¡×ieur ¡×;;;;;;;;;;;x
MIDDLE_STRATA;Middle Strata;Classes moyennes;Mittelschicht;;;;;;;;;;;x
MIL_CONST_TIP;A §Y$TYPE$§W will be fielded here on §Y$DATE$§W.;L'unit¡×¡×$TYPE$¡× sera construite ici le ¡×$DATE$¡×.;Hier wird am ¡×$DATE$¡× eine ¡×$TYPE$¡× aufgestellt.;;;;;;;;;;;x
MIL_CONSTRUCTION_CANCEL_ALL;Cancel all constructions;Annuler toutes les constructions;;;;;;;;;;;;x
MIL_CONSTRUCTION_CANCEL_ALL_SHORT;Cancel All;Tout annuler;;;;;;;;;;;;x
MIL_CONSTRUCTION_CANCEL_ALL_WARNING_DESC;Are you sure, that you want to cancel all military constructions?;¡×es-vous certain de vouloir annuler toutes nos constructions militaires ¡×;;;;;;;;;;;;x
MIL_CONSTRUCTION_CANCEL_ALL_WARNING_TITLE;Cancel all constructions.;Annuler toutes les constructions.;;;;;;;;;;;;x
MIL_COST_DESC;Supply costs for your military, Army and Navy, not including construction costs, salaries or overseas maintenance of provinces.;;;;;;;;;;;;;x
MIL_FROM_CAP_SHIPS;Capital Ships;Navires;;;;;;;;;;;;x
MIL_FROM_LEADERS;Leaders;Dirigeants;;;;;;;;;;;;x
MIL_FROM_TROOPS;Soldiers & Army;Soldats et Arm¡×;;;;;;;;;;;;x
MIL_MULTI_CONSTRUCTION_TOOLTIP;§YLeft click + SHIFT§W to build all.;¡×Clic gauche + Maj¡× pour tout construire.;;;;;;;;;;;;x
MIL_TACTICS_TECH;Military Tactics;Tactiques militaires;;;;;;;;;;;;x
MILACCDESC;Request access to their territory.;Demandez l'acc¡× ¡×leur territoire.;;;;;;;;;;;;x
MILACCNEWDESC;Do you wish to request Military Access from $COUNTRY$, thereby allowing our ships and armies access to their territories?;Souhaitez-vous demander des droits de transit ¡×$COUNTRY$, qui permettront ¡×nos navires et ¡×nos arm¡×s d'avoir acc¡× ¡×leurs territoires ¡×;;;;;;;;;;;;x
MILACCREQDESC;$COUNTRY$ is requesting Military Access from us. Accepting will allow them to move ships and armies into our territory.;$COUNTRY$ nous demande des droits de transit. Si on accepte, cela leur permettra des mouvements de navires et d'arm¡×s sur notre territoire.;;;;;;;;;;;;x
MILACCTITLE;Ask for Military Access;Demander des droits de transit;;;;;;;;;;;;x
MILITANCY;Militancy;Militantisme;Militanz;;;;;;;;;;;x
MILITANCY_EFFECT;$DIRECTION$ $VALUE$ Militancy.\n;$DIRECTION$ $VALUE$ en militantisme.\n;;;;;;;;;;;;x
MILITARY;Military;Arm¡×;;;;;;;;;;;;x
MILITARY_ACCESS_WITH_TRIGGER;§Y$COUNTRY$§W has military access with §Y$TARGET_COUNTRY$§W.\n;¡×$COUNTRY$¡× dispose d'un acc¡× militaire au pays : ¡×$TARGET_COUNTRY$¡×.\n;;;;;;;;;;;;x
MILITARY_ADMIRAL_TOOLTIP;Admiral;Amiral;;;;;;;;;;;;x
MILITARY_ADMIRALS_LABEL;Admirals:;Amiraux :;;;;;;;;;;;;x
MILITARY_ARMY_CONSTRUCTION_TOOLTIP;Brigades under construction: §Y$VALUE$§W;R¡×iments en formation : ¡×$VALUE$¡×;;;;;;;;;;;;x
MILITARY_ARMY_COUNT_TOOLTIP;Number of armies: §Y$VALUE$§W;Nombre d'arm¡×s : ¡×$VALUE$¡×;;;;;;;;;;;;x
MILITARY_ARMY_ORG;Land organization;Organisation terrestre;;;;;;;;;;;;x
MILITARY_AUTOASSIGN;Auto-Assign Leaders;Attribution automatique des officiers;;;;;;;;;;;;x
MILITARY_AUTOASSIGN_TOOLTIP;Toggle auto-assignment of leaders;Activer/D¡×activer l'attribution automatique des officiers;;;;;;;;;;;;x
MILITARY_AUTOCREATE;Auto-Create Leaders;Cr¡×tion automatique des officiers;;;;;;;;;;;;x
MILITARY_AUTOCREATE_TOOLTIP;Toggle auto-creation of leaders;Activer/D¡×activer la cr¡×tion automatique des officiers;;;;;;;;;;;;x
MILITARY_BACKGROUND;Background: §Y$NAME$§W;Caract¡×istique : ¡×$NAME$¡×;;;;;;;;;;;;x
MILITARY_BASEVALUE;Base value: §Y0.00§W;Valeur de base : ¡×0.00¡×;;;;;;;;;;;;x
MILITARY_BASEVALUE_PERCENT;Base value: §Y100%§W;Valeur de base : ¡×100%¡×;;;;;;;;;;;;x
MILITARY_BUILD_ARMY;Build Army;Cr¡×r une arm¡×;;;;;;;;;;;;x
MILITARY_BUILD_ARMY_LABEL;Build Army;Cr¡×r une arm¡×;;;;;;;;;;;;x
MILITARY_BUILD_ARMY_TOOLTIP;Build Army;Cr¡×r une arm¡×;;;;;;;;;;;;x
MILITARY_BUILD_NAVY;Build Navy;Cr¡×r une marine;;;;;;;;;;;;x
MILITARY_BUILD_NAVY_LABEL;Build Navy;Cr¡×r une marine;;;;;;;;;;;;x
MILITARY_BUILD_NAVY_TOOLTIP;Build Navy;Cr¡×r une marine;;;;;;;;;;;;x
MILITARY_BUILD_UNIT_TOOLTIP;Build §Y$NAME$§W in §Y$LOC$§W;Construire ¡×$NAME$¡× ¡×¡×$LOC$¡×;;;;;;;;;;;;x
MILITARY_CANCEL_BUILD_UNIT_TOOLTIP;Cancel construction of §Y$NAME$§W in §Y$LOC$§W;Annuler la construction de ¡×$NAME$¡× ¡×¡×$LOC$¡×;;;;;;;;;;;;x
MILITARY_COMBAT_WIDTH;Combat Width;Aire de combat;;;;;;;;;;;;x
MILITARY_CREATE_ADMIRAL;Create Admiral($VALUE$);Cr¡×r un amiral ($VALUE$);;;;;;;;;;;;x
MILITARY_CREATE_GENERAL;Create General($VALUE$);Cr¡×r un g¡×¡×al ($VALUE$);;;;;;;;;;;;x
MILITARY_CURRENT_LOCATION;Current location: §Y$LOC$§W;Position actuelle : ¡×$LOC$¡×;;;;;;;;;;;;x
MILITARY_DEMOBILIZE;Demobilize our Armed Forces;D¡×obiliser nos forces arm¡×s;;;;;;;;;;;;x
MILITARY_DEMOBILIZE_DESC;By giving the order to stand down, our conscript armies will leave the field of battle and return to their homes. While any country ravaged by the tribulations of war certainly longs for a return to normalcy, we would do well to first ensure that the war is won, before sheathing our sword.;Lorsqu'un ordre de d¡×obilisation est ¡×is, nos conscrits quittent le champ de bataille pour rentrer chez eux. Comme tout pays ravag¡×par la guerre, nous sommes impatients de retrouver une vie normale, mais pour cela, nous devons d'abord gagner la guerre.;;;;;;;;;;;;x
MILITARY_DIG_IN_CAP;Dig-in cap;Capacit¡×¡×se retrancher;;;;;;;;;;;;x
MILITARY_DIGIN_TOOLTIP;This unit digging in.\nSo far, it has spent §Y$DAYS$ days§W doing so.;Cette unit¡×est en cours de retranchement.\nElle s'y attelle depuis ¡×$DAYS$ jours¡×.;;;;;;;;;;;;x
MILITARY_GENERAL_TOOLTIP;General;G¡×¡×al;;;;;;;;;;;;x
MILITARY_GENERALS_LABEL;Generals:;G¡×¡×aux :;;;;;;;;;;;;x
MILITARY_LACK_OF_LEADER;We need at least §Y$VALUE$§W leadership to recruit a leader.;Il nous faut une valeur de commandement d'au moins ¡×$VALUE$¡× pour recruter un officier.;;;;;;;;;;;;x
MILITARY_LEADER_NAME_TOOLTIP;§Y$NAME$§W is in command of §Y$ARMY$§W in §Y$LOCATION$§W;¡×$NAME$¡× est aux commandes de ¡×$ARMY$¡× ¡×¡×$LOCATION$¡×.;;;;;;;;;;;;x
MILITARY_LEADER_TOOLTIP;§Y$NAME$§W\nSkill: §Y$SKILL$§W;¡×$NAME$¡×\nComp¡×ence : ¡×$SKILL$¡×;;;;;;;;;;;;x
MILITARY_MAX_WAR_EXHAUSTION_TOOLTIP;Max War exhaustion: $VALUE$;Épuisement de guerre max. : $VALUE$;;;;;;;;;;;;x
MILITARY_MILITARY_TACTICS;Military tactics;Tactiques militaires;;;;;;;;;;;;x
MILITARY_MOBILIZE;Mobilize our Armed Forces;Mobiliser nos forces arm¡×s;;;;;;;;;;;;x
MILITARY_MOBILIZE_CRISIS_IMPACT;§RMobilizing while on a side in a crisis will increase temperature and lead to war!§W;;;;;;;;;;;;;x
MILITARY_MOBILIZE_DESC;Apart from our standing army, our country can also, in the event of war, draw upon additional resources in the form of conscript levies. By ordering mobilization, our conscript armies will begin amassing at major population centres and begin preparations for full out war. While mobilization may be essential to overcoming a sizable enemy invasion, we must always be wary of its impact on the national economy.;Outre son arm¡× de m¡×ier, en cas de guerre, notre pays peut aussi avoir recours ¡×la conscription. Lorsqu'un ordre de mobilisation est ¡×is, nos arm¡×s de conscrits se rassemblent dans les principaux centres d¡×ographiques et se pr¡×arent ¡×engager une guerre totale. Si la mobilisation est essentielle pour repousser une invasion ennemie d'envergure, mieux vaut se m¡×ier de son impact sur l'¡×onomie nationale.;;;;;;;;;;;;x
MILITARY_MORALE_TOOLTIP;Morale: §Y$VALUE$%§W;Moral : ¡×$VALUE$%¡×;;;;;;;;;;;;x
MILITARY_MOVING_TOOLTIP;This unit is moving.\nIt will arrive in §Y$LOCATION$§W at §Y$DATE$§W.;Cette unit¡×est en cours de d¡×lacement.\nElle arrivera ¡×sa destination, ¡×$LOCATION$¡×, le ¡×$DATE$¡×.;;;;;;;;;;;;x
MILITARY_NAVY_CONSTRUCTION_TOOLTIP;Ships under construction: §Y$VALUE$§W;Navires en construction : ¡×$VALUE$¡×;;;;;;;;;;;;x
MILITARY_NAVY_COUNT_TOOLTIP;Number of navies: §Y$VALUE$§W;Nombre de flottes : ¡×$VALUE$¡×;;;;;;;;;;;;x
MILITARY_NAVY_ORG;Naval organization;Organisation navale;;;;;;;;;;;;x
MILITARY_NEW_ADMIRAL_TOOLTIP;Recruit Admiral\nWe can currently recruit up to §Y$VALUE$§W Admiral(s);Recruter un amiral\nNous pouvons actuellement recruter un maximum de ¡×$VALUE$¡× amiral(raux);;;;;;;;;;;;x
MILITARY_NEW_GENERAL_TOOLTIP;Recruit General\nWe can currently recruit up to §Y$VALUE$§W General(s);Recruter un g¡×¡×al\nNous pouvons actuellement recruter un maximum de ¡×$VALUE$¡× g¡×¡×al(raux);;;;;;;;;;;;x
MILITARY_ORG_REGAIN;Organization regain;Regain d'organisation;;;;;;;;;;;;x
MILITARY_PERSONALITY;Personality: §Y$NAME$§W;Personnalit¡×: ¡×$NAME$¡×;;;;;;;;;;;;x
MILITARY_RECRUIT_TIME;Recruit time;Dur¡× de recrut. de l'unit¡×;;;;;;;;;;;x
MILITARY_REFORM_COST_DESC;Cost modifier for military reforms:;Co¡× du modificateur pour les r¡×ormes militaires :;;;;;;;;;;;;x
MILITARY_REGIMENTS_TOOLTIP;Number of brigades: §Y$VALUE$§W;Nombre de r¡×iments : ¡×$VALUE$¡×;;;;;;;;;;;;x
MILITARY_SCORE;Military: §Y$VAL$§W;Arm¡× : ¡×$VAL$¡×;;;;;;;;;;;;x
MILITARY_SHIPS_TOOLTIP;Number of ships: §Y$VALUE$§W;Nombre de navires : ¡×$VALUE$¡×;;;;;;;;;;;;x
MILITARY_SHIPSTRENGTH_TOOLTIP2;Unit strength is at §Y$PERCENT$%§W.;La force de l'unit¡×est ¡×¡×$PERCENT$ %¡×.;;;;;;;;;;;;x
MILITARY_SKILL_TOOLTIP;Skill: §Y$SKILL$§W;Comp¡×ence : ¡×$SKILL$¡×;;;;;;;;;;;;x
MILITARY_SORT_ARMY;Army;Arm¡×;;;;;;;;;;;;x
MILITARY_SORT_ASSIGNMENT;Assignment;Affectation;;;;;;;;;;;;x
MILITARY_SORT_BY_ASSIGNMENT_TOOLTIP;Sort by assignment;Trier par affectation;;;;;;;;;;;;x
MILITARY_SORT_BY_NAME_TOOLTIP;Sort by name;Trier par nom;;;;;;;;;;;;x
MILITARY_SORT_BY_STRENGTH_TOOLTIP;Sort by strength;Trier par force;;;;;;;;;;;;x
MILITARY_SORT_BY_TYPE_TOOLTIP;Sort by leader type;Trier par type de chef;;;;;;;;;;;;x
MILITARY_SORT_NAME;Name;Nom;;;;;;;;;;;;x
MILITARY_SORT_STRENGTH;Strength;Puissance;;;;;;;;;;;;x
MILITARY_SORT_TYPE;Type;Type;;;;;;;;;;;;x
MILITARY_SPENDING;Military Spending;D¡×enses militaires;;;;;;;;;;;;x
MILITARY_SPENDING_OVER;Military Spending above §Y$VAL$§W%\n;D¡×enses militaires sup¡×ieures ¡×¡×$VAL$¡×%;;;;;;;;;;;;x
MILITARY_SPENDINGS_LAND;Spending on §YLand§W units:;;;;;;;;;;;;;x
MILITARY_SPENDINGS_NAVAL;Spending on §YNaval§W units:;;;;;;;;;;;;;x
MILITARY_SPENDINGS_PROJECTS;Spending on §YConstructions§W:;;;;;;;;;;;;;x
MILITARY_STRENGTH_TOOLTIP2;Unit strength is at §Y$PERCENT$%§W.\nStrength: $VALUE$/§Y$MAX$§W;La force de l'unit¡×est ¡×¡×$PERCENT$ %¡×.\nForce : $VALUE$/¡×$MAX$¡×;;;;;;;;;;;;x
MILITARY_SUPPLY_CONSUMPTION;Supply consumption;Conso. de ressources;;;;;;;;;;;;x
MILITARY_UNASSIGNED;Unassigned;Non attribu¡×;;;;;;;;;;;;x
MILITARY_UNIT_EXPERIENCE;Unit start experience;Exp¡×. initiale de l'unit¡×;;;;;;;;;;;x
MILITARY_UNITS_BEING_BUILT_LABEL;Units Being Built;Unit¡× en cours de cr¡×tion;;;;;;;;;;;;x
MILITARY_WAR_EXHAUSTION;War exhaustion;Épuisement de guerre;;;;;;;;;;;;x
MILITARY_WAR_EXHAUSTION_TOOLTIP;War exhaustion: $VALUE$;Épuisement de guerre : $VALUE$;;;;;;;;;;;;x
MILITARYREFORM_1;Military Reforms in $COUNTRY$;R¡×ormes militaires en $COUNTRY$;;;;;;;;;;;;x
MILITARYREFORM_2;$MONARCHTITLE$, we have now enacted;$MONARCHTITLE$, nous avons adopt¡×;;;;;;;;;;;x
MILITARYREFORM_3;$ISSUE$;$ISSUE$;;;;;;;;;;;;x
MILITARYREFORM_4;in;en;;;;;;;;;;;;x
MILITARYREFORM_5;$CATEGORY$;$CATEGORY$;;;;;;;;;;;;x
MILITARYREFORM_6;*;*;;;;;;;;;;;;x
MILITARYREFORM_BAD_1;Military Reforms Revoked in $COUNTRY$;R¡×ormes militaires annul¡×s en $COUNTRY$;;;;;;;;;;;;x
MILITARYREFORM_BAD_2;$MONARCHTITLE$, we have now revoked benefits in;$MONARCHTITLE$, nous avons renonc¡×aux b¡×¡×ices de;;;;;;;;;;;;x
MILITARYREFORM_BAD_3;$CATEGORY$;$CATEGORY$;;;;;;;;;;;;x
MILITARYREFORM_BAD_4;from $OLD$ to $ISSUE$.;de $OLD$ pour $ISSUE$.;;;;;;;;;;;;x
MILITARYREFORM_BAD_5;*;*;;;;;;;;;;;;x
MILITARYREFORM_BAD_6;*;*;;;;;;;;;;;;x
MILITARYREFORM_BAD_BTN1;OK;D'accord;;;;;;;;;;;;x
MILITARYREFORM_BAD_BTN2;OK;D'accord;;;;;;;;;;;;x
MILITARYREFORM_BAD_BTN3;Go To;Voir;;;;;;;;;;;;x
MILITARYREFORM_BAD_HEADER;Political News in $COUNTRY$;Nouvelle politique en $COUNTRY$;;;;;;;;;;;;x
MILITARYREFORM_BAD_LOG;We revoked $OLD$ in $CATEGORY$ to $ISSUE$.;Nous avons supprim¡×$OLD$ en $CATEGORY$ pour $ISSUE$.;;;;;;;;;;;;x
MILITARYREFORM_BAD_MAP;*;*;;;;;;;;;;;;x
MILITARYREFORM_BAD_SETUP;When removing a military reform;Annulation d'une r¡×orme militaire;;;;;;;;;;;;x
MILITARYREFORM_BTN1;OK;D'accord;;;;;;;;;;;;x
MILITARYREFORM_BTN2;OK;D'accord;;;;;;;;;;;;x
MILITARYREFORM_BTN3;Go To;Voir;;;;;;;;;;;;x
MILITARYREFORM_HEADER;Political News in $COUNTRY$;Nouvelle politique en $COUNTRY$;;;;;;;;;;;;x
MILITARYREFORM_LOG;We enacted $ISSUE$ in $CATEGORY$.;Nous avons adopt¡×$ISSUE$ en $CATEGORY$.;;;;;;;;;;;;x
MILITARYREFORM_MAP;*;*;;;;;;;;;;;;x
MILITARYREFORM_SETUP;When enacting a military reform;En adoptant une r¡×orme militaire;;;;;;;;;;;;x
MINIMUM_REVOLT_RISK;Minimum Revolt Risk;Risque minimum de r¡×olte;;;;;;;;;;;;x
MINIMUM_STOCKPILE_TARGET;Minimum stockpile:;Quantit¡×min. en r¡×erve;Minimum-Vorrat:;;;;;;;;;;;x
MINISTER_ALIVE_TRIGGER;§Y$NAME$§W is alive§W.\n;¡×$NAME$¡× est vivant¡×.\n;;;;;;;;;;;;x
MINISTER_IS_NOT_ALIVE_TRIGGER;§Y$NAME$§W is not alive§W.\n;¡×$NAME$¡× est mort¡×.\n;;;;;;;;;;;;x
MISS_DIST_CAPITAL;Distance from Capital;Distance de la capitale;;;;;;;;;;;;x
MISSING_MAINTENANCE;Output is reduced to §R$PERC$§W since factory is missing maintenance goods;La production est r¡×uite ¡×¡×$PERC$¡×, car l'usine manque de mat¡×iaux pour la maintenance.;;;;;;;;;;;;x
MOB_ECO_IMPACT;Our development reduces it by §G-$VALUE$§W.;L'impact ¡×onomique de la mobilisation s'¡×¡×e ¡×¡×$VALUE$¡×.;;;;;;;;;;;;x
MOB_ECO_PENALTY;Currently our development increases impact by §R$VALUE$§W.;L'impact ¡×onomique de la mobilisation s'¡×¡×e ¡×¡×$VALUE$¡×.;;;;;;;;;;;;x
MOB_FROM_TECH;From technology: §G+$VALUE$§W;¡×partir de la technologie : ¡×+$VALUE$¡×;;;;;;;;;;;;x
MOB_IMPACT_LABEL;Production Impact.;Impact ¡×onomique.;;;;;;;;;;;;x
MOB_IMPACT_TECH;Mobilisation Impact;Impact de la mobilisation;;;;;;;;;;;;x
MOB_IS_REINFORCE;Mobilized units reinforce at §Y50%§W speed.;Les unit¡× mobilis¡×s se renforcent ¡×une vitesse de ¡×50%¡×.;;;;;;;;;;;;x
MOB_SIZE_AT_LEAST_TR;Mobilisation level is at least §Y$VALUE$§W of the workforce.;Le niveau de mobilisation est d'au moins ¡×$VALUE$¡× de la main-d'œuvre.;;;;;;;;;;;;x
MOB_SIZE_IRO;We can mobilize §Y$VALUE$§W% of our poor strata into soldiers.;Nous pouvons mobiliser ¡×$VALUE$¡×% de nos pauvres en soldats.;;;;;;;;;;;;x
MOB_SIZE_LABEL;Brigades to Mobilize.;R¡×iments ¡×mobiliser.;;;;;;;;;;;;x
MOB_SIZE_LESS_TR;Mobilisation level is less than §Y$VALUE$§W of the workforce.;Le niveau de mobilisation est inf¡×ieur ¡×¡×$VALUE$¡× de la main-d'œuvre.;;;;;;;;;;;;x
MOB_SIZE_TECH;Mobilisation Size;Taille de la mobilisation;;;;;;;;;;;;x
MOBILISE;Mobilize;Mobiliser;;;;;;;;;;;;x
MOBILIZATION_IMPACT_LIMIT_DESC;Mobilization impact §Y$IMPACT$§W from §Y$POLICY$§W war policy, limits the number of mobilized units to §Y$UNITS$§W.;L'impact sur la mobilisation de ¡×$IMPACT$¡× de la politique de guerre ¡×$POLICY$¡× limite le nombre d'unit¡× mobilis¡×s ¡×¡×$UNITS$¡×.;;;;;;;;;;;;x
MOBILIZATION_IMPACT_LIMIT_DESC2;(Current number of raised regiments: §Y$CURR$§W, multiplied by §Y$IMPACT$§W);(Nombre actuel de r¡×iments lev¡× ¡×$CURR$¡× par ¡×$IMPACT$¡×);;;;;;;;;;;;x
MOBILIZATION_PROGRESS_NOT_MOBILIZED;Mobilization will take some time, but an advanced railway network will speed up the process.;;;;;;;;;;;;;x
MOBILIZATION_PROGRESS_PAUSED;Mobilization recruitment in §Y$PROV$§W will soon begin.;;;;;;;;;;;;;x
MOBILIZATION_PROGRESS_PENDING;Current mobilization progress is §Y$PROG$%§W;;;;;;;;;;;;;x
MOBILIZE;MOBILIZE;MOBILISATION;;;;;;;;;;;;x
MODIFIER_ADDED;$WHERE$ gets '§Y$WHAT$§W' until §Y$DATE$§W, giving the following effects:\n$EFFECT$\n\n;$WHERE$ est sujet ¡×'¡×$WHAT$¡×' jusqu'au ¡×$DATE$¡×, ce qui a les effets suivants :\n$EFFECT$\n\n;;;;;;;;;;;;x
MODIFIER_ADMINISTRATIVE_EFFICIENCY;Administrative Efficiency;Efficacit¡×administrative;;;;;;;;;;;;x
MODIFIER_AIR_ORGANISATION;Air Organisation;Organisation a¡×ienne;;;;;;;;;;;;x
MODIFIER_ARTISAN_INPUT;Artisan Input;Mati¡×es premi¡×es Artisan;;;;;;;;;;;;x
MODIFIER_ARTISAN_OUTPUT;Artisan Output;Rendement Artisan;;;;;;;;;;;;x
MODIFIER_ARTISAN_THROUGHPUT;Artisan Throughput;D¡×it Artisan;;;;;;;;;;;;x
MODIFIER_ASSIMILATION_RATE;Assimilation Rate;Taux d'assimilation;;;;;;;;;;;;x
MODIFIER_ATTACK_REINFORCE_CHANCE;Attack Reinforce Chance;Probabilit¡×d'arriv¡× de renforts pendant l'attaque;;;;;;;;;;;;x
MODIFIER_BADBOY;Infamy;Infamie;;;;;;;;;;;;x
MODIFIER_BOOST_STRONGEST_PARTY;Strength of Strongest Party;Force du plus fort parti;;;;;;;;;;;;x
MODIFIER_CB_GENERATION_SPEED_MODIFIER;Casus Belli acquisition speed;Vitesse d'obtention des Casus Belli;;;;;;;;;;;;x
MODIFIER_CIVILIZATION_PROGRESS;Civilization Progress;Progr¡× de la civilisation;;;;;;;;;;;;x
MODIFIER_COMBAT_MOVEMENT_SPEED;Combat Movement Speed;Vitesse des d¡×lacements pendant le combat;;;;;;;;;;;;x
MODIFIER_COMBAT_WIDTH;Combat Width;Aire de combat;;;;;;;;;;;;x
MODIFIER_CORE_POP_CONSCIOUSNESS_MODIFIER;Consciousness in Non-Colonial;Conscience nationale des États non coloniaux;;;;;;;;;;;;x
MODIFIER_CORE_POP_MILITANCY_MODIFIER;Militancy in Non-Colonial;Militantisme des États non coloniaux;;;;;;;;;;;;x
MODIFIER_DEBT_DEFAULT_TO;Debt Default To;Dette par d¡×aut envers;;;;;;;;;;;;x
MODIFIER_DEFEND_REINFORCE_CHANCE;Defend Reinforce Chance;Probabilit¡×d'arriv¡× de renforts pendant la d¡×ense;;;;;;;;;;;;x
MODIFIER_DIPLOPOINTS_GAIN;Diplomatic points;Points de diplomatie;;;;;;;;;;;;x
MODIFIER_EDUCATION_EFFICIENCY;Education Efficiency;Efficacit¡×de l'¡×ucation;;;;;;;;;;;;x
MODIFIER_FACTORY_COST;Factory Cost;Co¡× usine;;;;;;;;;;;;x
MODIFIER_FACTORY_EFFICIENCY;Factory Efficiency;Efficacit¡×de l'usine;;;;;;;;;;;;x
MODIFIER_FACTORY_INPUT;Factory Input;Mati¡×es premi¡×es Usine;;;;;;;;;;;;x
MODIFIER_FACTORY_MAINTENANCE;Factory Maintenance;Maintenance de l'usine;;;;;;;;;;;;x
MODIFIER_FACTORY_OUTPUT;Factory Output;Rendement Usine;;;;;;;;;;;;x
MODIFIER_FACTORY_OWNER_COST;Factory Owner Cost;Co¡× propri¡×aire d'usine;;;;;;;;;;;;x
MODIFIER_FACTORY_THROUGHPUT;Factory Throughput;D¡×it Usine;;;;;;;;;;;;x
MODIFIER_FARM_EFFICIENCY;Farming Efficiency;Efficacit¡×agricole;;;;;;;;;;;;x
MODIFIER_FARM_SIZE;Farm Size;Taille de la ferme;;;;;;;;;;;;x
MODIFIER_GENERALISED_DEBT_DEFAULT;Generalized Debt Default;;;;;;;;;;;;;x
MODIFIER_GLOBAL_LEADERSHIP_MODIFIER;Leadership Modifier;Modificateur leadership;;;;;;;;;;;;x
MODIFIER_GLOBAL_POP_CONSCIOUSNESS_MODIFIER;Pop Consciousness;Conscience nationale des POP;;;;;;;;;;;;x
MODIFIER_GLOBAL_POP_MILITANCY_MODIFIER;Pop Militancy;Militantisme des POP;;;;;;;;;;;;x
MODIFIER_GLOBAL_RESOURCES;Resources;Ressources;;;;;;;;;;;;x
MODIFIER_GOODS_DEMAND;Goods Demand;Demande de biens;;;;;;;;;;;;x
MODIFIER_GREATPOWER_INFLUENCE_GAIN;Influence;Influence;;;;;;;;;;;;x
MODIFIER_IMMIGANT_ATTRACT;Immigrant Attraction;Attraction des immigrants;;;;;;;;;;;;x
MODIFIER_IMMIGANT_PUSH;Immigration push;Pouss¡× d'immigration;;;;;;;;;;;;x
MODIFIER_IMPORT_COST;Import Cost;Co¡× d'importation;;;;;;;;;;;;x
MODIFIER_ISSUE_CHANGE_SPEED;Issue Change Speed;;;;;;;;;;;;;x
MODIFIER_LAND_ATTACK;Land unit attack;Unit¡×d'attaque terrestre;;;;;;;;;;;;x
MODIFIER_LAND_DEFENSE;Land unit defence;Unit¡×de d¡×ense terrestre;;;;;;;;;;;;x
MODIFIER_LAND_ORGANISATION;Land Organisation;Organisation terrestre;;;;;;;;;;;;x
MODIFIER_LAND_UNIT_START_EXPERIENCE;Land Starting Experience;Exp¡×ience militaire de d¡×art;;;;;;;;;;;;x
MODIFIER_LIFE_RATING;Life Rating;Habitabilit¡×;;;;;;;;;;;x
MODIFIER_LITERACY_CON_IMPACT;Literacy Impact on Con;Impact de l'alphab¡×isation sur la conscience nationale;;;;;;;;;;;;x
MODIFIER_LOAN_INTEREST;Loan Interest;Int¡×¡× d'emprunt;;;;;;;;;;;;x
MODIFIER_LOCAL_LEADERSHIP_MODIFIER;Leadership Modifier;Modificateur leadership;;;;;;;;;;;;x
MODIFIER_LOCAL_REPAIR;Ship Repair Speed;Vitesse de r¡×aration des navires;;;;;;;;;;;;x
MODIFIER_LOCAL_SHIP_BUILD;Local Ship Build Time;D¡×ai de construction de navire;;;;;;;;;;;;x
MODIFIER_MAX_ATTRITION;Max. Attrition;Max. Attrition;;;;;;;;;;;;x
MODIFIER_MAX_LOAN_AMOUNT;Max loan amount;Montant maximal de pr¡×;;;;;;;;;;;;x
MODIFIER_MAX_MILITARY_SPENDING;Maximum Military Spending;D¡×enses militaires maximum;;;;;;;;;;;;x
MODIFIER_MAX_SOCIAL_SPENDING;Maximum Social Spending;D¡×enses sociales maximum;;;;;;;;;;;;x
MODIFIER_MAX_TARIFF;Maximum Tariff;Tarif maximum;;;;;;;;;;;;x
MODIFIER_MAX_TAX;Maximum Tax;Imp¡× maximum;;;;;;;;;;;;x
MODIFIER_MIDDLE_EVERYDAY_NEEDS;Basic Needs for Middle Strata;Besoins quotidiens des classes moyennes;;;;;;;;;;;;x
MODIFIER_MIDDLE_INCOME_MODIFIER;Middle Strata Income;Revenus des classes moyennes;;;;;;;;;;;;x
MODIFIER_MIDDLE_LIFE_NEEDS;Everyday Needs for Middle Strata;Besoins vitaux des classes moyennes;;;;;;;;;;;;x
MODIFIER_MIDDLE_LUXURY_NEEDS;Luxury Goods for Middle Strata;Besoins de luxe des classes moyennes;;;;;;;;;;;;x
MODIFIER_MIDDLE_VOTE;Middle Vote;Vote des classes moyennes;;;;;;;;;;;;x
MODIFIER_MILITARY_MAINTENANCE;Military Maintenance;Maintenance militaire;;;;;;;;;;;;x
MODIFIER_MIN_MILITARY_SPENDING;Minimum Military Spending;D¡×enses militaires minimum;;;;;;;;;;;;x
MODIFIER_MIN_SOCIAL_SPENDING;Minimum Social Spending;D¡×enses sociales minimum;;;;;;;;;;;;x
MODIFIER_MIN_TARIFF;Minimum Tariff;Tarif minimum;;;;;;;;;;;;x
MODIFIER_MIN_TAX;Minimum Tax;Imp¡× minimum;;;;;;;;;;;;x
MODIFIER_MINE_EFFICIENCY;Mining Efficiency;Efficacit¡×mini¡×e;;;;;;;;;;;;x
MODIFIER_MINE_SIZE;Mine Size;Taille de la mine;;;;;;;;;;;;x
MODIFIER_MINIMUN_WAGE;Minimum Wage;Salaire minimum;;;;;;;;;;;;x
MODIFIER_MOBILISATION_ECONOMY_IMPACT;Mobilisation Impact;Impact de la mobilisation;;;;;;;;;;;;x
MODIFIER_MOBILISATION_SIZE;Mobilisation Size;Taille de la mobilisation;;;;;;;;;;;;x
MODIFIER_MOBILISED;Mobilized: $VALUE$;Mobilisation : $VALUE$;;;;;;;;;;;;x
MODIFIER_MOBILIZATION_IMPACT;Mobilization impact;Impact de la mobilisation;;;;;;;;;;;;x
MODIFIER_MOVEMENT_COST;Troop Movement Cost;Co¡× du mouvement de troupe;;;;;;;;;;;;x
MODIFIER_NAVAL_ATTACK;Naval unit attack;Unit¡×d'attaque navale;;;;;;;;;;;;x
MODIFIER_NAVAL_DEFENSE;Naval unit defence;Unit¡×de d¡×ense navale;;;;;;;;;;;;x
MODIFIER_NAVAL_ORGANISATION;Naval Organisation;Organisation navale;;;;;;;;;;;;x
MODIFIER_NAVAL_UNIT_START_EXPERIENCE;Naval Starting Experience;Exp¡×ience navale de d¡×art;;;;;;;;;;;;x
MODIFIER_NON_ACCEPTED_POP_CONSCIOUSNESS_MODIFIER;Consciousness for Non-Accepted;Conscience nationale des cultures non accept¡×s;;;;;;;;;;;;x
MODIFIER_NON_ACCEPTED_POP_MILITANCY_MODIFIER;Militancy for Non-Accepted;Militantisme des cultures non accept¡×s;;;;;;;;;;;;x
MODIFIER_NONE;None;Rien;;;;;;;;;;;;x
MODIFIER_NUMBER_OF_VOTERS;Number of Voters;Nombre d'¡×ecteurs;;;;;;;;;;;;x
MODIFIER_OFFICER_RECRUITMENT;Officer Recruitment;Recrutement des officiers;;;;;;;;;;;;x
MODIFIER_ORG_REGAIN;Organisation Regain Rate;Taux de r¡×rganisation;;;;;;;;;;;;x
MODIFIER_OVERSEAS;Overseas penalty: $VALUE$;P¡×alit¡×outre-mer : $VALUE$;;;;;;;;;;;;x
MODIFIER_OVERSEAS_PRODUCTION_PENALTY;Overseas Factory/RGO penalty: $VALUE$;Usine outre-mer/P¡×alit¡×des EAM : $VALUE$;;;;;;;;;;;;x
MODIFIER_PEACETIME_MANPOWER_ROTATION;Peacetime Manpower Rotation;Rotation de la main-d'œuvre en temps de paix;;;;;;;;;;;;x
MODIFIER_PENSION_LEVEL;Pension Level;Niveau de pension;;;;;;;;;;;;x
MODIFIER_POLITICAL_REFORM_DESIRE;Political Reform Desire;D¡×ir de r¡×orme politique;;;;;;;;;;;;x
MODIFIER_POOR_EVERYDAY_NEEDS;Basic Needs for Poor Strata;Besoins quotidiens des classes d¡×avoris¡×s;;;;;;;;;;;;x
MODIFIER_POOR_INCOME_MODIFIER;Poor Strata Income;Revenus des classes d¡×avoris¡×s;;;;;;;;;;;;x
MODIFIER_POOR_LIFE_NEEDS;Everyday needs for Poor Strata;Besoins vitaux des classes d¡×avoris¡×s;;;;;;;;;;;;x
MODIFIER_POOR_LUXURY_NEEDS;Luxury Goods for Poor Strata;Besoins de luxe des classes d¡×avoris¡×s;;;;;;;;;;;;x
MODIFIER_POOR_SAVINGS_MODIFIER;Poor Savings;Pi¡×re ¡×argne;;;;;;;;;;;;x
MODIFIER_POOR_VOTE;Poor Vote;Vote des classes d¡×avoris¡×s;;;;;;;;;;;;x
MODIFIER_POP_CONSCIOUSNESS_MODIFIER;Local Consciousness;Conscience locale;;;;;;;;;;;;x
MODIFIER_POP_MILITANCY_MODIFIER;Local Militancy;Militantisme local;;;;;;;;;;;;x
MODIFIER_POPULATION_GROWTH;Population Growth;Croissance d¡×ographique;;;;;;;;;;;;x
MODIFIER_PRESTIGE;Prestige;Prestige;;;;;;;;;;;;x
MODIFIER_RANDOM_PARTY_VOTES;Random Voting;Vote al¡×toire;;;;;;;;;;;;x
MODIFIER_REINFORCE_SPEED;Reinforce Speed;Accro¡×re la vitesse;;;;;;;;;;;;x
MODIFIER_REMOVED;* Remove §Y$WHAT$§W from §Y$WHERE$§W.\n;;;;;;;;;;;;;x
MODIFIER_RESEARCH_POINTS;Research Points;Points de recherche;;;;;;;;;;;;x
MODIFIER_RESEARCH_POINTS_MODIFIER;Research Points Modifier;Modificateur de points de recherche;;;;;;;;;;;;x
MODIFIER_RESEARCH_POINTS_ON_CONQUER;Research points bonus when conquering;;;;;;;;;;;;;x
MODIFIER_RESERVES_PENALTY_SIZE;Reserves Penalty Impact;Impact de la p¡×alit¡×sur les r¡×erves;;;;;;;;;;;;x
MODIFIER_RGO_INPUT;RGO Input;Mati¡×es premi¡×es EAM;;;;;;;;;;;;x
MODIFIER_RGO_OUTPUT;RGO Output;Rendement EAM;;;;;;;;;;;;x
MODIFIER_RGO_THROUGHPUT;RGO Throughput;D¡×it EAM;;;;;;;;;;;;x
MODIFIER_RICH_EVERYDAY_NEEDS;Basic Needs for Rich Strata;Besoins quotidiens des classes sup¡×ieures;;;;;;;;;;;;x
MODIFIER_RICH_INCOME_MODIFIER;Rich Strata Income;Revenus des classes sup¡×ieures;;;;;;;;;;;;x
MODIFIER_RICH_LIFE_NEEDS;Everyday needs for Rich Strata;Besoins vitaux des classes sup¡×ieures;;;;;;;;;;;;x
MODIFIER_RICH_LUXURY_NEEDS;Luxury Goods for Rich Strata;Besoins de luxe des classes sup¡×ieures;;;;;;;;;;;;x
MODIFIER_RICH_VOTE;Rich Vote;Vote des classes sup¡×ieures;;;;;;;;;;;;x
MODIFIER_RULING_PARTY_SUPPORT;Ruling Party Support;Soutien du parti au pouvoir;;;;;;;;;;;;x
MODIFIER_SELF_UNCIV_ECONOMIC;Economic reform cost;Co¡× de la r¡×orme ¡×onomique;;;;;;;;;;;;x
MODIFIER_SELF_UNCIV_MILITARY;Military reform cost;Co¡× de la r¡×orme militaire;;;;;;;;;;;;x
MODIFIER_SOCIAL_REFORM_DESIRE;Social Reform Desire;D¡×ir de r¡×orme sociale;;;;;;;;;;;;x
MODIFIER_SUPPLY_CONSUMPTION;Supply Consumption;Consommation en Ravitaillement;;;;;;;;;;;;x
MODIFIER_SUPPLY_LIMIT;Supply Limit;Limite en ravitaillement;;;;;;;;;;;;x
MODIFIER_SUPPRESSION_POINT_GAIN;Suppression point gain;Point de r¡×ression gagn¡×;;;;;;;;;;;x
MODIFIER_TARIFF_EFFICIENCY;Tariff Efficiency;Efficacit¡×des taxes;;;;;;;;;;;;x
MODIFIER_TAX_EFFICIENCY;Tax Efficiency;Efficacit¡×fiscale;;;;;;;;;;;;x
MODIFIER_TECHNOLOGY_COST;Technology Cost;Co¡× de la technologie;;;;;;;;;;;;x
MODIFIER_UNCIV_ECONOMIC;Economic reform cost;Co¡× de la r¡×orme ¡×onomique;;;;;;;;;;;;x
MODIFIER_UNCIV_ECONOMIC_UH;Upper house support;Soutien de l'Assembl¡×;;;;;;;;;;;;x
MODIFIER_UNCIV_MILITARY;Military reform cost;Co¡× de la r¡×orme militaire;;;;;;;;;;;;x
MODIFIER_UNCIV_MILITARY_UH;Upper house support;Soutien de l'Assembl¡×;;;;;;;;;;;;x
MODIFIER_UNEMPLOYMENT_BENEFIT;Unemployment Benefit;B¡×¡×ice du ch¡×age;;;;;;;;;;;;x
MODIFIER_UNIT_RECRUITMENT_TIME;Unit Recruit Time;Dur¡× de recrutement de l'unit¡×;;;;;;;;;;;x
MODIFIER_UNIT_REPAIR;Repair Time;Dur¡× de la r¡×aration;;;;;;;;;;;;x
MODIFIER_UNIT_START_EXPERIENCE;Starting Experience;D¡×ut de l'exp¡×ience;;;;;;;;;;;;x
MODIFIER_WAR_EXHAUSTION;War Exhaustion;Épuisement de guerre;;;;;;;;;;;;x
MODIFY_RELATION_EFFECT;§Y$SOURCE$§!'s relation with §Y$TARGET$§! changed with a value of $VALUE$.;La relation de ¡×$SOURCE$¡× avec ¡×$TARGET$¡× ¡×olue de $VALUE$.;;;;;;;;;;;;x
MODIFY_STOCKPILE_EFFECT;Stockpile changed by §Y$VALUE$§W §W$GOODS$.\n;R¡×erves remplac¡×s par ¡×$VALUE$¡× ¡×$GOODS$.\n;;;;;;;;;;;;x
Monday;Monday;Lundi;;;;;;;;;;;;x
MONEY_EFFECT;Funds §R$VALUE$§W¤§W.\n;;;;;;;;;;;;;x
MONEY_IS_ATLEAST_TRIGGER;Money is at least §Y$VALUE$§W\n;;;;;;;;;;;;;x
MONEY_IS_NOT_TRIGGER;Money is not §Y$VALUE$§W.\n;L'argent disponible n'est pas de ¡×$VALUE$¡×.\n;;;;;;;;;;;;x
MONTHLY;Monthly;Mensuel;;;;;;;;;;;;x
MONTHS;Months;Mois;;;;;;;;;;;;x
MORALE;Morale;Moral;;;;;;;;;;;;x
MORALE_TECH;Morale;Moral;;;;;;;;;;;;x
MORE_AV_CON;Average consciousness at least §Y$VAL$§W.\n;Conscience nationale moyenne d'au moins ¡×$VAL$¡×.\n;;;;;;;;;;;;x
MORE_AV_MIL;Average militancy at least §Y$VAL$§W.\n;Militantisme moyen d'au moins ¡×$VAL$¡×.\n;;;;;;;;;;;;x
MORE_THAN_CON;Consciousness above §Y$VAL$§W.\n;Conscience nationale sup¡×ieure ¡×¡×$VAL$¡×;;;;;;;;;;;;x
MORE_THAN_MIL;Militancy above §Y$VAL$§W.\n;Militantisme sup¡×ieur ¡×¡×$VAL$¡×;;;;;;;;;;;;x
MORE_THAN_NEEDS;Getting more than §Y$VAL$§W% of their §Y$TYPE$§W.\n;Obtention de plus de ¡×$VAL$¡×% de leurs besoins en ¡×$TYPE$¡×.;;;;;;;;;;;;x
MORE_THAN_NEEDS_COST;Money to cover §Y$VAL$§W of needs.\n;Argent couvrant ¡×$VAL$¡× des besoins.;;;;;;;;;;;;x
MORE_THAN_THREE_PROV;more than 3 provinces.;plus de 3 provinces.;mehr als 3 Provinzen.;;;;;;;;;;;x
MOVE_POP_EFFECT;* Pop moved to §Y$WHERE$§W.\n;;;;;;;;;;;;;x
MOVEMENT_RADICALISM;Movement Radicalism;Mouvement radical;;;;;;;;;;;;x
MOVEMENT_RADICALISM_ACCUMULATED;Suppression: §R$VAL$§W;R¡×ression : ¡×$VAL$¡×;;;;;;;;;;;;x
MOVEMENT_RADICALISM_ADJUST;§Y$MOVEMENT$§W Radicalism: $AMOUNT$;¡×$MOVEMENT$¡× du radicalisme : $AMOUNT$;;;;;;;;;;;;x
MOVEMENT_RADICALISM_BASE;Base: §R$VAL$§W;Base: ¡×$VAL$¡×;;;;;;;;;;;;x
MOVEMENT_RADICALISM_CULTURE;$CULTURE$: $VAL$;$CULTURE$: $VAL$;;;;;;;;;;;;x
MOVEMENT_RADICALISM_DESC;This describes how much the people of the movement trust the political process in your country to get them what they want. A movement with a high value (§Y100§W) will convert to a rebel uprising if not suppressed;Ceci d¡×rit dans quelle mesure les gens de ce mouvement font confiance au processus politique pour obtenir ce qu'ils veulent dans votre pays. Un mouvement avec une valeur ¡×ev¡× (¡×100¡×) se transformera en r¡×ellion s'il n'est pas r¡×rim¡×;;;;;;;;;;;;x
MOVEMENT_RADICALISM_FROM_SIZE;Population support: $VAL$ ;Soutien populaire : $VAL$ ;;;;;;;;;;;;x
MOVEMENT_RADICALISM_GRANTED_REFORMS;Granted reforms: §G$VAL$§W;R¡×ormes accord¡×s : ¡×$VAL$¡×;;;;;;;;;;;;x
MOVEMENT_REFORM_SUPPORT;There is a popular movement of size $VAL$ lobbying for the enactment of this reform.;Il y a un mouvement populaire, d'une taille de $VAL$, qui milite pour l'adoption de cette r¡×orme.;;;;;;;;;;;;x
MP_FEW_PLAYERS;You need more than one player to start a game.;Il vous faut plus d'un joueur pour commencer une partie.;;;;;;;;;;;;x
MS_ALERT;Alert;Alerte;;;;;;;;;;;;x
MS_AVAILABLE_ITEMS;Available Items;Él¡×ents disponibles;;;;;;;;;;;;x
MS_BACK;Back;Retour;;;;;;;;;;;;x
MS_BAD_VERSION;Wrong version. Please download the latest patch.;Mauvaise version. Veuillez t¡×¡×harger le dernier patch.;;;;;;;;;;;;x
MS_BUY_ITEM;Buy Item;Acheter l'¡×¡×ent;;;;;;;;;;;;x
MS_CANCEL;Cancel;Annuler;;;;;;;;;;;;x
MS_CHANNEL_PLAYER;#Channelname/Playerlist;#Channelname/Playerlist;;;;;;;;;;;;x
MS_CHANNELS;Channels;Canaux;;;;;;;;;;;;x
MS_CHAT;Chat;Chat;;;;;;;;;;;;x
MS_CLOSE;Close;Fermer;;;;;;;;;;;;x
MS_CONNECT;Connect;Se connecter;;;;;;;;;;;;x
MS_CONNECTING;Connecting...;Connexion en cours…;;;;;;;;;;;;x
MS_CONNECTION_FAILED;Connection failed!;La connexion a ¡×hou¡×!;;;;;;;;;;;;x
MS_CONNECTION_LOST;Connection Lost.;Connexion perdue.;;;;;;;;;;;;x
MS_CREATE;Create;Cr¡×r;;;;;;;;;;;;x
MS_CREATE_GAME;Create Game;Cr¡×r une partie;;;;;;;;;;;;x
MS_CREDITS;Available Credits:;Cr¡×its disponibles :;;;;;;;;;;;;x
MS_DOWNLOAD;Download;T¡×¡×harger;;;;;;;;;;;;x
MS_EMPTY_USERNAME;You must enter a username!;Vous devez entrer un nom d'utilisateur !;;;;;;;;;;;;x
MS_FAILED;Connection failed;Échec de la connexion;;;;;;;;;;;;x
MS_GAMES;Games;Parties;;;;;;;;;;;;x
MS_INFORMATION;Information;Informations;;;;;;;;;;;;x
MS_INSTALL;Install;Installer;;;;;;;;;;;;x
MS_JOIN;Join;Rejoindre;;;;;;;;;;;;x
MS_JOIN_CHANNEL;Join Channel;Rejoindre le canal;;;;;;;;;;;;x
MS_JOIN_GAME;Join Game;Rejoindre la partie;;;;;;;;;;;;x
MS_JOINGAME;Join Game;Rejoindre la partie;;;;;;;;;;;;x
MS_LOGGED_AS;Logged in as:;Connexion :;;;;;;;;;;;;x
MS_LOGIN;Login;Se connecter;;;;;;;;;;;;x
MS_LOGOUT;Logout;D¡×onnexion;;;;;;;;;;;;x
MS_METASERVER_LOGIN;Metaserver Login;Se connecter au m¡×aserveur;;;;;;;;;;;;x
MS_MY_ITEMS;My Items;Mes ¡×¡×ents;;;;;;;;;;;;x
MS_NAME;Name:;Nom :;;;;;;;;;;;;x
MS_NOT_CONNECTED;Not connected;Pas de connexion;;;;;;;;;;;;x
MS_PASS;Password:;Mot de passe :;;;;;;;;;;;;x
MS_PASSWD;Password;Mot de passe;;;;;;;;;;;;x
MS_PASSWORD;Password:;Mot de passe :;;;;;;;;;;;;x
MS_PURCHASE_BONUS_CONTENT;Purchase Bonus Content;Acheter contenu bonus;;;;;;;;;;;;x
MS_REFRESH;Refresh;Actualiser;;;;;;;;;;;;x
MS_START;Start;Commencer;;;;;;;;;;;;x
MS_USE_PASSWORD;Use Password;Utiliser un mot de passe;;;;;;;;;;;;x
MS_USERNAME;Username:;Nom d'utilisateur :;;;;;;;;;;;;x
MSG_FILTER_ALLIES;Allies;Alli¡×;;;;;;;;;;;;x
MSG_FILTER_BEST_GUESS;Best Guess;Les plus utiles;;;;;;;;;;;;x
MSG_FILTER_DESELECT;Deselect All;Tout d¡×electionner;;;;;;;;;;;;x
MSG_FILTER_ENEMIES;Enemies;Ennemis;;;;;;;;;;;;x
MSG_FILTER_HEADER;Messages filter settings;Filtres de messages;;;;;;;;;;;;x
MSG_FILTER_NEIGHBOURS;Neighbours;Voisins;;;;;;;;;;;;x
MSG_FILTER_SPHERE;Sphere;Sph¡×e;;;;;;;;;;;;x
MSG_FILTER_TITLE;We are interested in:;Sommes int¡×ess¡× par;;;;;;;;;;;;x
MSG_FILTER_TOOLTIP_ALLIES;Select countries that are your allies.;S¡×ectionner les pays alli¡×.;;;;;;;;;;;;x
MSG_FILTER_TOOLTIP_BESTGUESS;Select countries by using best guess method.;S¡×ectionner les pays en utilisant la m¡×hode du choix optimal.;;;;;;;;;;;;x
MSG_FILTER_TOOLTIP_CONTINENT;Select countries that owns any province on the continent.;S¡×ectionner les pays poss¡×ant des provinces sur le continent.;;;;;;;;;;;;x
MSG_FILTER_TOOLTIP_DELAYED;§YLeft click§W replaces current selection.\n§YRight click§W adds to current selection.\n§YLeft click + SHIFT§W toggles filter.;¡×Clic gauche¡× remplace la s¡×ection actuelle.\n¡×Clic droit¡× ajoute ¡×la s¡×ection actuelle.\n¡×Clic gauche + Maj¡× alterne le filtre.;;;;;;;;;;;;x
MSG_FILTER_TOOLTIP_DESELECT;Deselect all countries from the list.;D¡×electionner tous les pays de la liste.;;;;;;;;;;;;x
MSG_FILTER_TOOLTIP_ENEMIES;Select countries that are your enemies.;S¡×ectionner les pays ennemis.;;;;;;;;;;;;x
MSG_FILTER_TOOLTIP_HEADER;In message filter settings window, you can select countries that you are interested in. All the messages and alerts will be shown only for those important countries.;Dans les param¡×res de filtre des messages, vous pouvez s¡×ectionner les pays qui vous int¡×essent. Tous les messages et alertes ne seront montr¡× que pour ces pays importants.;;;;;;;;;;;;x
MSG_FILTER_TOOLTIP_NEIGHBOURS;Select countries that are your neighbours.;S¡×ectionner les pays voisins.;;;;;;;;;;;;x
MSG_FILTER_TOOLTIP_SPHERE;Select countries that are in your sphere. (if you are a great power);S¡×ectionner les pays de votre sph¡×e d'influence (si vous ¡×es une grande puissance);;;;;;;;;;;;x
MUL_WITH_TECHNOLOGY;Multiplied by Technology;Multipli¡×par la technologie;;;;;;;;;;;;x
MULTI_SEL_DESC;§GSHIFT+LMB§W to pick multiple units from current selection.;;;;;;;;;;;;;x
MUST_BE_CRISIS_SIDE_LEADER;Must be leader of a side in the crisis;;;;;;;;;;;;;x
MUST_NEGOTIATE_WITH_WAR_LEADER;We must negotiate with the enemy §YWar leader§W if we are not leading our war;¡×d¡×aut de dominer la guerre que nous menons, nous devons n¡×ocier avec le ¡×meneur de guerre¡× ennemi.;;;;;;;;;;;;x
MUST_NEGOTIATE_WITH_WAR_LEADER_NO_LEFTOVER_WARGOALS;We must negotiate with the enemy §YWar leader§W since making peace with §Y$COUNTRY$§W would end the war;Nous devons n¡×ocier avec le ¡×meneur de guerre¡× ennemi, car un accord de paix avec ¡×$COUNTRY$¡× mettrait fin ¡×la guerre.;;;;;;;;;;;;x
MUST_NEGOTIATE_WITH_WAR_LEADER_STATUS_QUO;We must negotiate with the enemy §YWar leader§W since we have added war goals and they have added a §YStatus Quo§W war goal;Nous devons n¡×ocier avec le ¡×War leader¡× ennemi car nous avons ajout¡×des objectifs de guerre et ils ont ajout¡×un objectif de ¡×Statu Quo¡×.;;;;;;;;;;;;x
MUST_NEGOTIATE_WITH_WAR_LEADER_STATUS_QUO_OUR_SIDE;We cannot negotiate with the enemy §YWar leader§W since we are target of a war goal and our leader has added a §YStatus Quo§W war goal;Nous ne pouvons pas n¡×ocier avec le ¡×War leader¡× ennemi car nous sommes l’objet d’un objectif de guerre et notre dirigeant a ajout¡×un objectif de guerre ¡×Statu Quo¡×.;;;;;;;;;;;;x
MY;My;mon;;;;;;;;;;;;x
NAME;Name;Nom;;;;;;;;;;;;x
NAME_TAKEN;Your name is taken. Please leave and select another.;Votre nom est d¡×¡×utilis¡× Veuillez quitter et en choisir un autre.;;;;;;;;;;;;x
NAPEDESC;Promise not to declare war on them.;Promettez de ne pas leur d¡×larer la guerre.;;;;;;;;;;;;x
NAPNEWDESC;Do you wish to sign a Non-Aggression Pact with $COUNTRY$?;Souhaitez-vous signer un pacte de non-agression avec $COUNTRY$ ¡×;;;;;;;;;;;;x
NAPREQDESC;$ACTOR$ offers us a Non-Aggression Pact. By accepting it, we are promising not to attack each other until the deal is cancelled.;$ACTOR$ nous propose un pacte de non-agression. Si nous l'acceptons, nous nous engageons ¡×ne pas nous attaquer mutuellement jusqu'¡×son annulation.;;;;;;;;;;;;x
NAPTITLE;Non-Aggression Pact;Pacte de non-agression;;;;;;;;;;;;x
NAPWITH;Non-Aggression Pact with $LIST$;Pacte de non-agression avec $LIST$;;;;;;;;;;;;x
NAT_IN;in;en;;;;;;;;;;;;x
NAT_STOCK_DESC;Costs of trade to fill our national stockpile. Includes spending with construction, naval supplies, land units supplies and overseas maintenance.;;;;;;;;;;;;;x
NATIONAL_BANK;National bank;Banque nationale;;;;;;;;;;;;x
NATIONAL_FOCUS_PARTY_LOYALTY_DESC;Daily loyalty change by: §Y$VAL$§W.;Loyaut¡×¡×oluant de ¡×$VAL$¡× par jour.;;;;;;;;;;;;x
NATIONAL_FOCUS_PARTY_LOYALTY_EFFECT;From national focus, daily change $VAL$ towards $PARTY$.;Par l'effet de la cause nationale, ¡×olution quotidienne de $VAL$ envers $PARTY$.;;;;;;;;;;;;x
nationalism;Nationalism;Nationalisme;Nationalismus;;;;;;;;;;;x
NATIONALISM_HIGHER_THAN;Nationalism higher than ;Nationalisme sup¡×ieur ¡×;;;;;;;;;;;x
NATIONALISM_LASTS;Nationalism lasts until;Le nationalisme dure jusqu'¡×;;;;;;;;;;;x
NATIONALISM_LOWER_THAN;Nationalism lower than ;Nationalisme inf¡×ieur ¡×;;;;;;;;;;;x
NATIONALIST_LIBERATION_MOVEMENT;$COUNTRY$ Liberation Movement;Mouvement de lib¡×ation de $COUNTRY$;;;;;;;;;;;;x
NATIONALIST_LIBERATION_MOVEMENT_DESC;Movement calling for the liberation of §Y$COUNTRY$§W;Mouvement appelant ¡×la lib¡×ation de ¡×$COUNTRY$¡×;;;;;;;;;;;;x
NATIONALIST_UNION_MOVEMENT;$COUNTRY_ADJ$ Unification Movement;Mouvement d'unification $COUNTRY_ADJ$;;;;;;;;;;;;x
NATIONALIST_UNION_MOVEMENT_DESC;Movement calling for the forming of §Y$COUNTRY$§W;Mouvement appelant ¡×la formation de ¡×$COUNTRY$¡×;;;;;;;;;;;;x
NATIONALITY_DISTTITLE;Culture;;;;;;;;;;;;;x
NATIONALITY_MAJORITY_AT_PROVINCE;The national majority in §Y$PROV$§W are:;La majorit¡×nationale en ¡×$PROV$¡× est :;;;;;;;;;;;;x
NATIONALIZE_INDUSTRY_EFFECT;Perform Nationalization\n;;;;;;;;;;;;;x
NAVAL_ATTRITION;Naval Attrition;Attrition des unit¡× navales;See-Verlustquote;;;;;;;;;;;x
NAVAL_ATTRITION_TECH;Navy Attrition;Usure de la marine;;;;;;;;;;;;x
NAVAL_BASE_OVERSEAS_LIMIT;§RCapital ships cannot be built in overseas provinces.§!;;;;;;;;;;;;;x
NAVAL_COMBAT;Naval Combat;Combat naval;Seekampf;;;;;;;;;;;x
NAVAL_COMBAT_DAMAGE_DESC_BASE;§Y$UNIT$§! base attack: §G$VAL$§!;;;;;;;;;;;;;x
NAVAL_COMBAT_DAMAGE_DESC_EXP;Reduced by opponent experience (§R$EXP$%§!): §R$VAL$%§!;;;;;;;;;;;;;x
NAVAL_COMBAT_DAMAGE_DESC_HULL;Reduced by opponent hull (§R$HULL$§!): §R$VAL$%§!;;;;;;;;;;;;;x
NAVAL_COMBAT_DAMAGE_DESC_LUCK;Luck and decisions: §Y$VAL$%§!;;;;;;;;;;;;;x
NAVAL_COMBAT_DAMAGE_DESC_NOORG;Opponent has no organization: §Y$VAL$%§!;;;;;;;;;;;;;x
NAVAL_COMBAT_DAMAGE_DESC_STR;Reduced by our strength: §R$VAL$%§!;;;;;;;;;;;;;x
NAVAL_COMBAT_DAMAGE_DESC_TITLE;The estimated fire power is §G$POWER$§!:;;;;;;;;;;;;;x
NAVAL_COMBAT_DAMAGE_DESC_TORP;Torpedo attack: §G$VAL$§!;;;;;;;;;;;;;x
NAVAL_COMBAT_DETAILS_APPROACH;Approaching §Y$WHO$§!. Current distance: §Y$DIST$§!.;;;;;;;;;;;;;x
NAVAL_COMBAT_DETAILS_DESTROYED;§RDestroyed§! by §Y$WHO$§!;;;;;;;;;;;;;x
NAVAL_COMBAT_DETAILS_DISENGAGED;This unit has managed to disengage, and is no longer a part of the battle.;;;;;;;;;;;;;x
NAVAL_COMBAT_DETAILS_FILTERING;Click with §GLMB§W to show all ships that are targetting this ship.;;;;;;;;;;;;;x
NAVAL_COMBAT_DETAILS_RETREAT;This unit is retreating.;;;;;;;;;;;;;x
NAVAL_COMBAT_DETAILS_SEEKING;Searching for best target.;;;;;;;;;;;;;x
NAVAL_COMBAT_DETAILS_SHOOTING;Firing at §Y$WHO$§W.\n- Damage to Organisation §G$ORG$§W\n- Damage to Strength §Y$STR$§W;;;;;;;;;;;;;x
NAVAL_COMBAT_HIT_CHANCE_DESC;Hitting chance: §Y$VAL$%§W;;;;;;;;;;;;;x
NAVAL_COMBAT_HIT_CHANCE_DESC_EVA;(reduced by opponent evasion §R$VAL$%§W);;;;;;;;;;;;;x
NAVAL_COMBAT_STACK_PENALTY_DESC;§YCoordination penalty §R$PEN$%§Y caused by poor communication in the fleet, it makes it more difficult for our ships to find targets. Affected by amount of our ships and potential targets.§W;;;;;;;;;;;;;x
NAVAL_COMBAT_STATUS_APPROACH;Approaching;;;;;;;;;;;;;x
NAVAL_COMBAT_STATUS_DISENGAGED;Disengaged;;;;;;;;;;;;;x
NAVAL_COMBAT_STATUS_FIRING;Damage §G$ORG$§W/§R$STR$§W;;;;;;;;;;;;;x
NAVAL_COMBAT_STATUS_RETREAT;Retreating;;;;;;;;;;;;;x
NAVAL_COMBAT_STATUS_SEEKING;Seeking target;;;;;;;;;;;;;x
NAVAL_COUNT;§Y$CAPITAL$§W Capital Ships, §Y$ESCORTS$§W Screens & §Y$OTHER$§W others.;¡×$CAPITAL$¡× b¡×iments de ligne, ¡×$ESCORTS$¡× navires d'escorte et ¡×$OTHER$¡× autres navires.;;;;;;;;;;;;x
NAVAL_SORT_LABEL;Sort by:;;;;;;;;;;;;;x
NAVAL_SORT_STANCE;Stance;;;;;;;;;;;;;x
NAVAL_SORT_STR_ORG;Str/Org;;;;;;;;;;;;;x
NAVAL_SORT_TYPE;Type;;;;;;;;;;;;;x
NAVAL_SUPPLY_PENALTY_DESC;Affected by §Ynaval supply throughput§W penalty of §R$PEN$%§W.;;;;;;;;;;;;;x
NAVALATTACKTHEM_1;We have engaged a hostile navy!;nous avons engag¡×le combat contre une marine ennemie !;;;;;;;;;;;;x
NAVALATTACKTHEM_2;$MONARCHTITLE$, our navy has engaged enemy ships in;$MONARCHTITLE$, notre marine a engag¡×le combat avec des navires ennemis dans la province;;;;;;;;;;;;x
NAVALATTACKTHEM_3;$PROV$.;$PROV$.;;;;;;;;;;;;x
NAVALATTACKTHEM_4;An enemy fleet consisting of ships from $DEFENDER$ will be destroyed by;Une flotte ennemie compos¡× de navires de $DEFENDER$ sera d¡×ruite par;;;;;;;;;;;;x
NAVALATTACKTHEM_5;$ATTUNIT$\nattacking\n$DEFUNIT$;$ATTUNIT$\nattaquant\n$DEFUNIT$.;;;;;;;;;;;;x
NAVALATTACKTHEM_6;*;*;;;;;;;;;;;;x
NAVALATTACKTHEM_BTN1;OK;OK;;;;;;;;;;;;x
NAVALATTACKTHEM_BTN2;OK;OK;;;;;;;;;;;;x
NAVALATTACKTHEM_BTN3;Go To;ALLER ¡×;;;;;;;;;;;x
NAVALATTACKTHEM_HEADER;Chief of Navy reports;Le chef de la marine signale que;;;;;;;;;;;;x
NAVALATTACKTHEM_LOG;Our navy has engaged a hostile fleet in $PROV$.;Notre marine a engag¡×le combat avec une flotte ennemie dans la province $PROV$.;;;;;;;;;;;;x
NAVALATTACKTHEM_MAP;Engaging Enemy Fleet!;*;;;;;;;;;;;;x
NAVALATTACKTHEM_SETUP;When one of our navies attack the enemy;Si l'une de nos marines attaque l'ennemi.;;;;;;;;;;;;x
NAVALATTACKUS_1;Our Navy is under attack!;notre marine est attaqu¡× !;;;;;;;;;;;;x
NAVALATTACKUS_2;$MONARCHTITLE$, our navy has been engaged by enemy ships in;$MONARCHTITLE$, notre marine a ¡×¡×attaqu¡× par des navires ennemis dans la province;;;;;;;;;;;;x
NAVALATTACKUS_3;$PROV$.;$PROV$.;;;;;;;;;;;;x
NAVALATTACKUS_4;An enemy fleet consisting of ships from $ATTACKER$:;Une flotte ennemie compos¡× de navires de $ATTACKER$:;;;;;;;;;;;;x
NAVALATTACKUS_5;$ATTUNIT$\nis attacking our\n$DEFUNIT$;$ATTUNIT$\nattaquant nos\n$DEFUNIT$.;;;;;;;;;;;;x
NAVALATTACKUS_6;*;*;;;;;;;;;;;;x
NAVALATTACKUS_BTN1;OK;OK;;;;;;;;;;;;x
NAVALATTACKUS_BTN2;OK;OK;;;;;;;;;;;;x
NAVALATTACKUS_BTN3;Go To;ALLER ¡×;;;;;;;;;;;x
NAVALATTACKUS_HEADER;Chief of Navy reports;Le chef de la marine signale que;;;;;;;;;;;;x
NAVALATTACKUS_LOG;Our fleet in $PROV$ is under attack from hostile ships.;Notre flotte est attaqu¡× par des navires ennemis dans la province $PROV$.;;;;;;;;;;;;x
NAVALATTACKUS_MAP;Fleet under attack!;Flotte attaqu¡× !;;;;;;;;;;;;x
NAVALATTACKUS_SETUP;When one of our navies is attacked by the enemy;Si l'une de nos marines est attaqu¡× par l'ennemi;;;;;;;;;;;;x
NAVALBATTLEOVER_1;$NAME$;$NAME$;;;;;;;;;;;;x
NAVALBATTLEOVER_2;$MONARCHTITLE$, we have $RESULT$;$MONARCHTITLE$, nous avons $RESULT$;;;;;;;;;;;;x
NAVALBATTLEOVER_3;The $NAME$!;$NAME$ !;;;;;;;;;;;;x
NAVALBATTLEOVER_4;The fleet from;La flotte de;;;;;;;;;;;;x
NAVALBATTLEOVER_5;$OTHER$;$OTHER$;;;;;;;;;;;;x
NAVALBATTLEOVER_6;is $OTHERRESULT$. We lost $SHIPS$ while they lost $THEIRSHIP$ .;est $OTHERRESULT$. Nous avons perdu $SHIPS$ alors qu'ils en ont perdu $THEIRSHIP$.;;;;;;;;;;;;x
NAVALBATTLEOVER_BTN1;OK;OK;;;;;;;;;;;;x
NAVALBATTLEOVER_BTN2;OK;OK;;;;;;;;;;;;x
NAVALBATTLEOVER_BTN3;Go To;ALLER ¡×;;;;;;;;;;;x
NAVALBATTLEOVER_HEADER;The Admiralty reports that;$chief_of_navy$ rapporte que;;;;;;;;;;;;x
NAVALBATTLEOVER_LOG;We $RESULT$ the $NAME$.;Nous avons $RESULT$ $NAME$.;;;;;;;;;;;;x
NAVALBATTLEOVER_MAP;$RESULT$ ;$RESULT$;;;;;;;;;;;;x
NAVALBATTLEOVER_SETUP;When a naval battle is over;Si une bataille navale est termin¡×;;;;;;;;;;;;x
NAVIES;Naval Units;Unit¡× navales;;;;;;;;;;;;x
NAVY;Navy;Marine;;;;;;;;;;;;x
navy_base;Navies;Marines;Flotten;;;;;;;;;;;x
navy_base_short;(N);(M);(F);;;;;;;;;;;x
NAVY_COMBAT_TOOLTIP;Type: $TYPE$ \n Strength: $STR$;Type : $TYPE$ \n Force : $STR$;Typ: $TYPE$ \n St¡×ke: $STR$;;;;;;;;;;;x
NAVY_NAME;$NUM$$ORDER$ Fleet;Marine $NUM$$ORDER$;;;;;;;;;;;;x
navy_tech_research_bonus;Navy Tech Research;Recherche en technologie navale;;;;;;;;;;;;x
NAVY_TECHNOLOGY_LEVELS;Naval Tech: $VAL$/$MAX$;Tech. nav.: $VAL$/$MAX$;;;;;;;;;;;;x
NAVYTRADITION_EFFECT;$DIRECTION$ $VALUE$ navy tradition.\n;$DIRECTION$ $VALUE$ en tradition navale.\n;;;;;;;;;;;;x
ND;nd;e;;;;;;;;;;;;x
NEED;Need;Besoin;;;;;;;;;;;;x
NEED_POSITIVE_WARSCORE;The war is not going well enough. §RIn wars where you are not the war leader, contribution is calculated individually. Even though the total war score might be positive, what decides your ability to add war goals is your individual war score in this war. Try sieging down more provinces or lead more battles.§W;;;;;;;;;;;;;x
NEED_RELATION_LESS;Relations are too high - we need to be below §Y$LIMIT$§W but are currently at §Y$VAL$§W;Les relations sont trop bonnes, nous avons besoin d'¡×re en-dessous de ¡×$LIMIT$¡× mais sommes ¡×¡×$VAL$¡×;;;;;;;;;;;;x
NEEDS_BOUGHT;Estimated needs for today:;Estimation des besoins pour aujourd'hui :;;;;;;;;;;;;x
neighbor_bonus;Neighbour bonus;Bonus voisin;Nachbarbonus;;;;;;;;;;;x
NEIGHBOR_COUNTRY_STARTS;Neighbouring country;Pays voisin;;;;;;;;;;;;x
NEIGHBOR_PROVINCE_STARTS;Any neighbouring province;Toute province voisine;;;;;;;;;;;;x
NEUTRAL;We are neutral towards them.;Nous sommes neutres vis-¡×vis d'eux.;;;;;;;;;;;;x
NEUTRALITY_EFFECT;The nation becomes neutral, dissolving all alliances and setting all satellites free.;;;;;;;;;;;;;x
NEUTRALITY_IS_ATLEAST_TRIGGER;Neutrality is at least §Y$VALUE$§W.;La neutralit¡×est au moins de ¡×$VALUE$¡×.;;;;;;;;;;;;x
NEUTRALITY_IS_NOT_TRIGGER;Neutrality is below §Y$VALUE$§W.;La neutralit¡×est inf¡×ieure ¡×¡×$VALUE$¡×.;;;;;;;;;;;;x
NEVER;Never;Jamais;;;;;;;;;;;;x
NEW_CORE_EFFECT;Gain core on §Y$NEW$§W.\n;Prend le contr¡×e de ¡×$NEW$¡×.\n;;;;;;;;;;;;x
NEW_CORE_EFFECT_TAG;$TAG$ will gain §Yall§W as core.\n;$TAG$ obtient un nouveau territoire cl¡×\n;;;;;;;;;;;;x
NEW_CORE_EFFECT_TAG2;$TAG$ will gain §Y$NEW$§W as core.\n;$TAG$ Obtiendra ¡×$NEW$¡× comme territoire cl¡×\n;;;;;;;;;;;;x
NEW_PARTY_AVAIL_1;$PARTY$ has been formed;$PARTY$ a ¡×¡×form¡×;;;;;;;;;;;x
NEW_PARTY_AVAIL_2;*;*;;;;;;;;;;;;x
NEW_PARTY_AVAIL_3;*;*;;;;;;;;;;;;x
NEW_PARTY_AVAIL_4;*;*;;;;;;;;;;;;x
NEW_PARTY_AVAIL_5;*;*;;;;;;;;;;;;x
NEW_PARTY_AVAIL_6;*;*;;;;;;;;;;;;x
NEW_PARTY_AVAIL_BTN1;OK;D'accord;;;;;;;;;;;;x
NEW_PARTY_AVAIL_BTN2;OK;D'accord;;;;;;;;;;;;x
NEW_PARTY_AVAIL_BTN3;Go To;Voir;;;;;;;;;;;;x
NEW_PARTY_AVAIL_HEADER;New political party formed;Nouveau parti politique form¡×;;;;;;;;;;;x
NEW_PARTY_AVAIL_LOG;New political party;Nouveau parti politique;;;;;;;;;;;;x
NEW_PARTY_AVAIL_SETUP;New political party;Nouveau parti politique;;;;;;;;;;;;x
NEW_UNIT;Create New Unit;Cr¡×r une nouvelle unit¡×;;;;;;;;;;;x
NEW_UNIT_DRO;Creating a new unit will create an empty unit and allow you to assign parts from the current unit to it.;La cr¡×tion d'une nouvelle unit¡×vide vous permettra de lui assigner des ¡×¡×ents de l'unit¡×actuelle.;;;;;;;;;;;;x
NEWS_TOOLTIP_NO_NEW;There are no unread newspapers.;;;;;;;;;;;;;x
NEWS_TOOLTIP_UNREAD;You have §G$NUM$§W unread newspapers out of §G$MAX$§W printed.;;;;;;;;;;;;;x
NEWSLAVESTATE;The New Slave State;;;;;;;;;;;;;x
NEXT_ELECTION;Next election is due;La prochaine ¡×ection doit avoir lieu;;;;;;;;;;;;x
NF_OVERWRITE_ENTRY;§Y$NF$§W\nin §G$STATE$§W;¡×$NF$¡×\nen ¡×$STATE$¡×;;;;;;;;;;;;x
NF_OVERWRITE_HEADER;To set the new national focus §Y$NF$§W you must remove another one.;Pour adopter la nouvelle cause nationale ¡×$NF$¡× vous devez en supprimer une autre.;;;;;;;;;;;;x
NO;No;Non;;;;;;;;;;;;x
NO_ADVISORS;No Advisors available.;Aucun conseiller disponible.;Kein Berater verf¡×bar.;;;;;;;;;;;x
NO_ALLOWED_COUNTRIES;(There is no applicable country).;(Pas de pays applicable).;(Es gibt kein geeignetes Land).;;;;;;;;;;;x
NO_ALLOWED_STATES;(There are no applicable states).;;;;;;;;;;;;;x
NO_ASSIM_NOW;No Current Assimilation;Pas d'assimilation pour le moment;;;;;;;;;;;;x
NO_CALL_ALLY_CRISIS;Can not call allies to a Crisis War before Great Wars are enabled;;;;;;;;;;;;;x
NO_CB_EFFECT;§RWe lack proper justification for this and will incur an infamy penalty§W;¡×Rien ne justifie cela et nous allons ¡×oper d'une p¡×alit¡×en infamie pour le d¡×honneur caus¡×¡×;;;;;;;;;;;;x
NO_CIV_PROGRESS;We have made no progress towards westernization. We need to enact military or economic reforms;Nous n'avons fait aucun progr¡× vers l'occidentalisation. Nous avons besoin d'adopter des r¡×ormes militaires ou ¡×onomiques.;;;;;;;;;;;;x
NO_COMMANDER;(No Commander);(Aucun commandant);;;;;;;;;;;;x
NO_DEMOTION;There will be no demotions this month.;Il n'y aura aucune r¡×rogradation ce mois-ci.;;;;;;;;;;;;x
NO_EFFECT;No Effect;Aucun effet;;;;;;;;;;;;x
NO_GP_ACTION_ON_SELF;It would be foolish to target ourselves;Cela serait idiot de nous viser.;;;;;;;;;;;;x
NO_INTERVENTION_NOT_ENOUGH_OPINION;In order to intervene, a nation targeted by a war goal need to have at least §Y$REQLEVEL$§W opinion of us;Pour intervenir, une nation vis¡× par un objectif de guerre doit avoir au moins une opinion de nous ¡×ale ¡×¡×$REQLEVEL$¡×.;;;;;;;;;;;;x
NO_LEADER;(no leader);(aucun leader);;;;;;;;;;;;x
NO_LEADER_FOR_THIS_1;This division lacks a leader.;Un leader manque ¡×cette division.;;;;;;;;;;;;x
NO_LEADER_FOR_THIS_2;A single brigade cannot have a general to command them in battle.;Au cours des combats, un g¡×¡×al ne peut pas commander qu'une seule brigade.;;;;;;;;;;;;x
NO_MIGRATIONS_FOUND1_TOOLTIP;Province belongs to: §Y$COUNTRY$§W;La Province appartient ¡× ¡×$COUNTRY$¡×;;;;;;;;;;;;x
NO_MIGRATIONS_FOUND2_TOOLTIP;No migration between countries has been noticed.;Aucune migration relev¡× entre pays;;;;;;;;;;;;x
NO_MIGRATIONS_FOUND3_TOOLTIP;(Select province to see details);(S¡×ectionner une province pour voir les d¡×ails);;;;;;;;;;;;x
NO_MILITARY_ACCESS_WITH_TRIGGER;§Y$COUNTRY$§W does not have military access with §Y$TARGET_COUNTRY$§W.\n;¡×$COUNTRY$¡× ne dispose pas d'un acc¡× militaire au pays ¡×$TARGET_COUNTRY$¡×.\n;;;;;;;;;;;;x
NO_NEED;No Needs;Aucun besoin;keinerlei Bed¡×fnisse;;;;;;;;;;;x
NO_NON_AGGRESSION_PACT_WITH;§Y$COUNTRY$§W does not have a non-aggression pact with §Y$TARGET_COUNTRY$§W.\n;¡×$COUNTRY$¡× n'a pas sign¡×de pacte de non-agression avec ¡×$TARGET_COUNTRY$¡×.\n;;;;;;;;;;;;x
NO_POPS_OF_TYPE;There are no pops of this type in our country.;;;;;;;;;;;;;x
NO_PROMOTION;There will be no promotions this month.;Il n'y aura aucune promotion ce mois-ci.;;;;;;;;;;;;x
NO_PROVINCE_CRIME;No Crime.:;Pas de crime :;;;;;;;;;;;;x
NO_RAIL_YET;We cannot encourage railroad building when we do not know how to build them yet.;;;;;;;;;;;;;x
NO_REBELS;You are always at war with rebels.;Vous ¡×es toujours en guerre avec les rebelles.;;;;;;;;;;;;x
NO_RELEASEABLE_NATIONS;We have no nations that we can grant sovereignty;Nous n'avons aucune nation ¡×laquelle accorder la souverainet¡×;;;;;;;;;;;;x
NO_REORGANISE_UNITS;You can only reorganise when 2 units are selected.;Une r¡×rganisation implique que deux unit¡× soient s¡×ectionn¡×s.;;;;;;;;;;;;x
NO_SEPARATE_PEACE;You cannot negotiate separate peace between two junior partners in a war.;Vous ne pouvez pas n¡×ocier de paix s¡×arant deux partenaires mineurs de la guerre.;;;;;;;;;;;;x
NO_SEPARATE_PEACE_CRISIS;We cannot negotiate separate peace in a crisis war;;;;;;;;;;;;;x
NO_SHIPS;No ships;Aucun navire;Keine Schiffe;;;;;;;;;;;x
NO_TECH_SELECTED;None Selected;Pas de s¡×ection;;;;;;;;;;;;x
NO_TRADE_RULE;Only if both parties have the $RULE$ rule could we trade resources for resources.;Seulement si les deux parties ont les $RULE$ nous pourrions ¡×hanger ressources contre ressources.;;;;;;;;;;;;x
NO_UNIT_PORTS;We cannot build §Y$UNIT$§W anywhere. Get a §YCoastal§W province.;Nous ne pouvons pas construire ¡×$UNIT$¡× n'importe o¡× Procurez-vous une province ¡×c¡×i¡×e¡×.;;;;;;;;;;;;x
NO_UNIT_REGIMENTS;We cannot build §Y$UNIT$§W anywhere. Get more §YSoldiers§W.;Nous ne pouvons pas former ¡×$UNIT$¡× n'importe o¡× Recrutez plus de ¡×soldats¡×.;;;;;;;;;;;;x
NO_UNIT_TECH;We must discover §Y$TECH$§W to build §Y$UNIT$§W;Nous devons d¡×ouvrir ¡×$TECH$¡× pour construire/former ¡×$UNIT$¡×.;;;;;;;;;;;;x
NO_WAR_ALLIED;You may not declare war upon a country with which you have an Alliance. Break the Alliance first.;Vous ne pouvez pas d¡×larer la guerre ¡×un pays avec lequel vous ¡×es alli¡× Rompez d'abord l'alliance.;;;;;;;;;;;;x
NO_WAR_JUSTIFICATION;We are missing a valid justification for declaring war on them.;Il nous manque une justification valide pour leur d¡×larer la guerre.;;;;;;;;;;;;x
NO_WAR_MIL_ACC;We have Military Access to their nation.;Nous disposons d'un acc¡× militaire ¡×leur nation.;Wir haben Milit¡×zugang f¡× ihr Land.;;;;;;;;;;;x
NO_WAR_NAP;We have a non-aggression pact.;Nous avons sign¡×un pacte de non-agression.;;;;;;;;;;;;x
NO_WAR_SPHERE_LEADER;Cannot go to war against sphere leader.;Impossible de faire la guerre au t¡×e de sph¡×e.;;;;;;;;;;;;x
NOALLIES;No Allies;Aucun alli¡×Keine Verb¡×deten;;;;;;;;;;;x
NOBODY_CAN_VOTE_HERE;Nobody is allowed the vote.;Personne n'est autoris¡×¡×voter.;;;;;;;;;;;;x
nobuilding;nobuilding;nobuilding;nobuilding;;;;;;;;;;;x
nocasusbelli;No war justification;Aucun motif de guerre;Keine Kriegsrechtfertigung;;;;;;;;;;;x
NODIPLOMATS;You have no diplomats to send.;Vous ne disposez pas de diplomates ¡×envoyer.;;;;;;;;;;;;x
nogovernment;nogovernment;nogovernment;nogovernment;;;;;;;;;;;x
nogovernment_ruler;nogovernment_ruler;nogovernment_ruler;nogovernment_ruler;;;;;;;;;;;x
NOLONGER;no longer be;cesser d'¡×re;;;;;;;;;;;;x
NOMANPOWER;We need at least 1000 able bodied men (Manpower) to build this unit.;Nous avons besoin d'au moins 1000 hommes valides (main-d'œuvre) pour construire cette unit¡×;Wir brauchen mindestens 1000 f¡×ige M¡×ner (Mannst¡×ke) zu Aushebung dieser Einheit.;;;;;;;;;;;x
NOMONEY;You don't have enough money.;Vous ne disposez pas de suffisamment d'argent.;;;;;;;;;;;;x
NON_AGGRESSION_PACT_WITH_TRIGGER;§Y$COUNTRY$§W has non-aggression pact with §Y$TARGET_COUNTRY$§W.\n;¡×$COUNTRY$¡× a sign¡×un pacte de non-agression avec ¡×$TARGET_COUNTRY$¡×.\n;;;;;;;;;;;;x
non_coastal;Non Coastal;Non c¡×i¡×e;Binnenland;;;;;;;;;;;x
NON_COLONIAL_POWER;We are not a second rank nation or great power yet so we have no colonial power.;;;;;;;;;;;;;x
NONE;None;Rien;;;;;;;;;;;;x
NONE_AVAILABLE;None available.;Aucun n'est disponible.;;;;;;;;;;;;x
NONE_TYPE_INPUT_TECH;;;;;;;;;;;;;;x
NONE_TYPE_NONE_EFFECT_TECH;;;;;;;;;;;;;;x
NONE_TYPE_OUTPUT_TECH;;;;;;;;;;;;;;x
NONE_TYPE_THROUGHPUT_TECH;;;;;;;;;;;;;;x
NOPORTOTHERCONTINENT;This province cannot be reached via any ports connected to our capital.;Cette province ne peut ¡×re atteinte via aucun port reli¡×¡×notre capitale.;;;;;;;;;;;;x
NORMAL;Normal;Normal;;;;;;;;;;;;x
NORMAL_SPEED;Normal Speed;Vitesse normale;;;;;;;;;;;;x
NOT_A_FLASHPOINT;§RNot a flashpoint§!;;;;;;;;;;;;;x
NOT_ABLE_TO_REINFORCE;This pop is now too small to reinforce this brigade.;Ce POP est trop petit pour renforcer ce r¡×iment.;;;;;;;;;;;;x
NOT_AGREE_RP_TR;Less than §Y$VAL$%§W is of the same ideology as the ruling party.;Moins de ¡×$VAL$%¡× partagent la m¡×e id¡×logie que le parti dirigeant.;;;;;;;;;;;;x
NOT_AV_CON;Average consciousness below §Y$VAL$§W.\n;Conscience nationale moyenne inf¡×ieure ¡×¡×$VAL$¡×.\n;;;;;;;;;;;;x
NOT_AV_MIL;Average militancy below §Y$VAL$§W.\n;Militantisme moyen inf¡×ieur ¡×¡×$VAL$¡×.\n;;;;;;;;;;;;x
NOT_BROKEN;Their armies are not beaten yet though.;Mais leurs arm¡×s ne sont pas encore totalement vaincues.;;;;;;;;;;;;x
NOT_CONSTRUCTING_CASUS_BELLI_AGAINST;Not acquiring war justification against;Pas d'obtention de Casus Belli contre;;;;;;;;;;;;x
NOT_CONTROLLED_BY;Is NOT controlled by;N'est PAS contr¡×¡× par;;;;;;;;;;;;x
NOT_CRIME_FIGHTING_SPENDING_OVER;Administration below §Y$VAL$§W%\n;Administration inf¡×ieure ¡×¡×$VAL$¡×%;;;;;;;;;;;;x
NOT_DISC_THESE_YET;We cannot encourage industries that have not yet been invented.;Nous ne pouvons pas encourager les industries qui n'ont pas encore ¡×¡×invent¡×s.;;;;;;;;;;;;x
NOT_EDUCATION_SPENDING_OVER;Education Spending below §Y$VAL$§W%\n;D¡×enses ¡×ucatives inf¡×ieures ¡×¡×$VAL$¡×%;;;;;;;;;;;;x
NOT_ENOUGH_FOR_BRIGADE;There is not enough currently to mobilize a brigade;Il n’y a pas assez de soldats pour mobiliser un r¡×iment.;;;;;;;;;;;;x
NOT_ENOUGH_RELATION;In order to influence this country, their opinion of us must be at least §Y$NEEDED$§W. Their current opinion is §Y$CURRENT$§W.;Pour influencer ce pays, l'opinion minimum qu'il a de nous doit ¡×re la suivante : ¡×$NEEDED$¡×. Son opinion actuelle est : ¡×$CURRENT$¡×.;;;;;;;;;;;;x
NOT_EXIST;$TAG$ does not exist at this time.;$TAG$ n'existe pas actuellement.;$TAG$ existiert zu dieser Zeit nicht;;;;;;;;;;;x
NOT_FROM_THIS_GOV;It is not possible to convert to this government type from our current form of government.;Notre forme actuelle de gouvernement ne nous permet pas de passer ¡×ce type de gouvernement.;Von unserer aktuellen Regierungsform k¡×nen wir nicht zu dieser Regierungsform wechseln.;;;;;;;;;;;x
NOT_HAS_NATIONAL_VALUE;National value is NOT §Y$NATIONALVALUE$§W.;La valeur nationale n'est PAS ¡×$NATIONALVALUE$¡×.;;;;;;;;;;;;x
NOT_HOSTILE_BUILD;Not Hostile;Pas hostile;;;;;;;;;;;;x
NOT_IN_CAPITAL;$BUILDING$ can only be built in a capital.;$BUILDING$ peut uniquement ¡×re construit dans une capitale.;;;;;;;;;;;;x
NOT_IN_ELECTION_CAMPAIGN;is NOT in an election campaign.;;;;;;;;;;;;;x
NOT_IN_POLITICAL_MOVEMENT;not in political movement\n;;;;;;;;;;;;;x
NOT_IN_PORT;$BUILDING$ can only be built in a port.;$BUILDING$ peut uniquement ¡×re construit dans un port.;;;;;;;;;;;;x
NOT_IN_SOCIAL_MOVEMENT;not in social movement\n;;;;;;;;;;;;;x
NOT_IS_NEXT_REFORM_TR;$ISSUE$ is NOT the next possible reform for $GROUP$.;$ISSUE$ n'est PAS la prochaine r¡×orme possible pour $GROUP$.;;;;;;;;;;;;x
NOT_ISSUE_POP_TR;Less than §Y$VAL$%§W think §Y$NAME$§W is important.;Moins de ¡×$VAL$%¡× soulignent l'importance de ¡×$NAME$¡×.;;;;;;;;;;;;x
NOT_LIFE_TR;Life rating lower than §Y$VAL$§W.\n;Habitabilit¡×inf¡×ieure ¡×¡×$VAL$¡×.\n;;;;;;;;;;;;x
NOT_LITERACY_HIGHER_THAN;Literacy below §Y$VAL$§W%\n;Alphab¡×isation inf¡×ieure ¡×¡×$VAL$¡×%;;;;;;;;;;;;x
NOT_MEMBER_OF_FACTION;Does not have the §Y$NAME$%§W faction.;N'a pas la faction ¡×$NAME$%¡×.;;;;;;;;;;;;x
NOT_MILITARY_SPENDING_OVER;Military Spending below §Y$VAL$§W%\n;D¡×enses militaires inf¡×ieures ¡×¡×$VAL$¡×%;;;;;;;;;;;;x
NOT_MORE_THAN_CON;Consciousness below §Y$VAL$§W.\n;Conscience nationale inf¡×ieure ¡×¡×$VAL$¡×;;;;;;;;;;;;x
NOT_MORE_THAN_MIL;Militancy below §Y$VAL$§W.\n;Militantisme inf¡×ieur ¡×¡×$VAL$¡×;;;;;;;;;;;;x
NOT_MORE_THAN_NEEDS;Getting less than §Y$VAL$§W% of their §Y$TYPE$§W.\n;Obtention de moins de ¡×$VAL$¡×% de leurs besoins en ¡×$TYPE$¡×.;;;;;;;;;;;;x
NOT_MORE_THAN_NEEDS_COST;Not enough money to cover §Y$VAL$§W% of needs.\n;Argent insuffisant pour couvrir ¡×$VAL$¡×% des besoins.;;;;;;;;;;;;x
NOT_OWNED_BY;Is NOT owned by ;N'est PAS d¡×enue par;;;;;;;;;;;;x
NOT_PLURALITY_TR;Governement Stability is lower than §Y$VAL$§W.\n;La Stabilit¡×Gouvernementale est inf¡×ieure ¡×¡×$VAL$¡×.\n;;;;;;;;;;;;x
NOT_POLITICAL_MOVEMENT_STRENGTH_TR;Political movement strength is lower than §Y$VAL$§W.\n;Mouvement politique dont la force est inf¡×ieure ¡×¡×$VAL$¡×.\n;;;;;;;;;;;;x
NOT_POP_UNEMPLOYMENT_HIGHER_THAN;§Y$TYPE$§W unemployment below §Y$VAL$§W%;Ch¡×age ¡×$TYPE$¡× inf¡×ieur ¡×¡×$VAL$¡×%;;;;;;;;;;;;x
NOT_POSSIBLE_CAUSE;Not possible because the following isn't true.;Impossible parce que les ¡×¡×ents suivants sont faux.;;;;;;;;;;;;x
NOT_RELEASE_AT_WAR;§R(It is not possible to release nations when at war.)§W;¡×(Il n'est pas possible de lib¡×er des nations en temps de guerre.)¡×;;;;;;;;;;;;x
NOT_SELECT;All players must select a country.;Tous les joueurs doivent s¡×ectionner un pays.;Alle Spieler m¡×sen ein Land w¡×len;;;;;;;;;;;x
NOT_SOCIAL_MOVEMENT_STRENGTH_TR;Social movement strength is lower than §Y$VAL$§W.\n;Mouvement social dont la force est inf¡×ieure ¡×¡×$VAL$¡×.\n;;;;;;;;;;;;x
NOT_STOCKPILE_TR;National stockpile of §Y$NAME$§W is less than $VAL$.\n;Les r¡×erves nationales de ¡×$NAME$¡× sont inf¡×ieures ¡×$VAL$.\n;;;;;;;;;;;;x
NOT_STRONGER_ARMY_THAN;Does not have a stronger military than ;;;;;;;;;;;;;x
NOT_UNEMPLOYED_BY_TYPE;Unemployment amongst §Y$NAME$§W is below §Y$VALUE$§W percent.\n;Le ch¡×age parmi ¡×$NAME$¡× est inf¡×ieur ¡×¡×$VALUE$¡× pour cent.\n;;;;;;;;;;;;x
NOT_UNEMPLOYMENT_HIGHER_THAN;Unemployment below §Y$VAL$§W%;Ch¡×age inf¡×ieur ¡×¡×$VAL$¡×%;;;;;;;;;;;;x
NOT_UPPER_HOUSE_TR;There is less than §Y$VAL$§W percent §Y$NAME$§W in the Upper House.\n;Il y a moins de ¡×$VAL$¡× pour-cent de ¡×$NAME$¡× ¡×la Chambre haute.;;;;;;;;;;;;x
NOT_WORK_AVAILABLE;No work available for;Pas de travail disponible pour;;;;;;;;;;;;x
NOTBUILD;This building cannot be built here.;Ce b¡×iment ne peut ¡×re construit ici.;;;;;;;;;;;;x
NOTECH;We must reach level §Y$LVL$§W in §Y$TABLE$§W before building this.;Nous devons atteindre le niveau ¡×$LVL$¡× de ¡×$TABLE$¡× avant de pouvoir construire ce b¡×iment.;;;;;;;;;;;;x
notechgroup;notechgroup;notechgroup;notechgroup;;;;;;;;;;;x
November;November;Novembre;;;;;;;;;;;;x
NUMBER_MOVEMENT_SUPPORTERS;Number of supporters;Nombre de partisans;;;;;;;;;;;;x
NUMBER_MOVEMENT_SUPPORTERS_DESC;The larger the movement the harder it is to suppress. If you enact a reform with less support all movements with more support will become more radical;Plus le mouvement est grand, plus il est difficile ¡×r¡×rimer. Si vous adoptez une r¡×orme avec moins de soutien, tous les mouvements en ayant plus deviendront plus radicaux;;;;;;;;;;;;x
NUMBER_OF_EMIREES;§Y$NUM$§W have left our nation for other countries this month;¡×$NUM$¡× personnes ont quitt¡×notre nation ¡×destination d'autres pays ce mois-ci.;;;;;;;;;;;;x
NUMBER_OF_IMMIGREES;§Y$NUM$§W have arrived our nation from other countries this month;¡×$NUM$¡× personnes ont rejoint notre nation en provenance d'autres pays ce mois-ci.;;;;;;;;;;;;x
NUMBER_OF_REBELS_ACTIVE;§YRebel brigades active in revolt§W;¡×Brigades rebelles actives dans la r¡×olte¡×;;;;;;;;;;;;x
NUMBER_OF_REBELS_READY;§YRebel brigades ready to join in a rising§W;¡×Brigades rebelles pr¡×es ¡×se joindre ¡×un soul¡×ement¡×;;;;;;;;;;;;x
OBSOLETE_UNIT_TECH;§Y$UNIT$§W was made obsolete by §Y$TECH$§W;;;;;;;;;;;;;x
OCCUPATION_SCORE;Occupation:;Occupation :;;;;;;;;;;;;x
OCCUPATION_SCORE_ATTACKER;Attacker occupation: ;;;;;;;;;;;;;x
OCCUPATION_SCORE_DEFENDER;Defender occupation: ;;;;;;;;;;;;;x
OCCUPIED_PROVINCES;Occupied Provinces;Provinces occup¡×s;;;;;;;;;;;;x
OCCUPIEDBY;Province is occupied by $NATION$!;La province est occup¡× par la nation : $NATION$ !;Provinz wurde besetzt von $NATION$!;;;;;;;;;;;x
October;October;Octobre;;;;;;;;;;;;x
off;Off;D¡×activ¡×;;;;;;;;;;;x
OFFENSEDESCR;*;*;;;;;;;;;;;;x
OFFER_CRISIS_PEACE;Offer concessions;;;;;;;;;;;;;x
OFFER_PEACE;Offer peace terms;Proposer des conditions de paix;;;;;;;;;;;;x
OFFERALLIANCEDESC;If a country accepts our Alliance offer, it may come to our assistance during wars.;Si un pays accepte notre offre d'alliance, il pourra nous venir en aide en cas de guerre.;;;;;;;;;;;;x
OFFERMILACCDESC;Enable them to station troops and ships in our country.;Autorisez-les ¡×stationner leurs troupes et leurs navires dans notre pays.;;;;;;;;;;;;x
OFFERMILACCNEWDESC;Do you wish to give Military Access to $COUNTRY$? This will enable them to station troops in our territories and ports.;Souhaitez-vous accorder des droits de transit ¡×$COUNTRY$ ¡× Cela leur permettra de stationner des troupes sur notre territoire et dans nos ports.;;;;;;;;;;;;x
OFFERMILACCTITLE;Give Military Access;Accordez des droits de transit;;;;;;;;;;;;x
oil_RGO_SIZE;Oil Field Size;Taille du puits de p¡×role;¡×bohrplattform-Größe;;;;;;;;;;;x
OK;Ok;OK;;;;;;;;;;;;x
OL_AIR;This air unit currently $COMMANDER$ and is located in §Y$PROV$§W.;Actuellement, cette unit¡×a¡×ienne $COMMANDER$ et se situe dans la province ¡×$PROV$¡×.;;;;;;;;;;;;x
OL_AIR_BASE;The $PROV$ airbase currently has $NUM$ units assigned;$NUM$ unit¡× sont actuellement attribu¡×s ¡×la base a¡×ienne de la province $PROV$;;;;;;;;;;;;x
OL_AIR_COMBAT;Air Combat;Combat a¡×ien;;;;;;;;;;;;x
OL_AIR_MOVE;It has set flying towards §Y$DEST$§W.;Elle vole vers : ¡×$DEST$¡×.;;;;;;;;;;;;x
OL_AIR_UNITS;Air Units;Unit¡× a¡×iennes;;;;;;;;;;;;x
OL_ARMIES;Armies;Arm¡×s;;;;;;;;;;;;x
OL_ARMIES_TOOLTIP;§Y$ARMY_NAME$§W is currently in §Y$LOCATION$§W.;¡×$ARMY_NAME$¡× se trouve actuellement ¡×¡×$LOCATION$¡×.;;;;;;;;;;;;x
OL_ARMY;This army currently $COMMANDER$ and is standing in §Y$PROV$§W.;Actuellement, cette arm¡× $COMMANDER$ et se situe dans la province ¡×$PROV$¡×.;;;;;;;;;;;;x
OL_ARMY_CONSTRUCTION;Army construction;Construction d'arm¡×;;;;;;;;;;;;x
OL_ARMY_CONSTRUCTION_TOOLTIP;Currently building §Y$CONSTRUCTION$§W in §Y$LOCATION$§W.;¡×$CONSTRUCTION$¡× en cours de construction ¡×¡×$LOCATION$¡×.;;;;;;;;;;;;x
OL_ARMY_MOVE;It is on the move towards §Y$DEST$§W.;Elle se d¡×lace vers : ¡×$DEST$¡×.;;;;;;;;;;;;x
OL_BOMB_ON_US;Hostile Bombing;Bombardement ennemi;;;;;;;;;;;;x
OL_COLONISTS_DESC;Our Colonist has §Y$CHANCE$§W% chance of success. The Colony currently has §Y$NUM$§W Colonists and §Y$NATIVES$§W natives living there.;Nos colons ont ¡×$CHANCE$¡×% de chance de r¡×ssir. ¡×$NUM$¡× colons et ¡×$NATIVES$¡× indig¡×es vivent actuellement dans cette colonie.;;;;;;;;;;;;x
OL_COMBAT;Combats;Combats;;;;;;;;;;;;x
OL_COMBAT_TOOLTIP;§Y$ARMY_NAME$§W is fighting §Y$OPPOSING_ARMY$§W in §Y$LOCATION$§W.;¡×$ARMY_NAME$¡× combat ¡×$OPPOSING_ARMY$¡× ¡×¡×$LOCATION$¡×.;;;;;;;;;;;;x
OL_COMBATS;Land Combat;Combat terrestre;;;;;;;;;;;;x
OL_COMMANDER;is under the command of $COMMANDER$;est sous le commandement de $COMMANDER$;;;;;;;;;;;;x
OL_GP_INFLUENCE;Influence;Influence;;;;;;;;;;;;x
OL_HOSTILE_SIEGES;Hostile occupation;Occupation ennemie;;;;;;;;;;;;x
OL_HOSTILE_SIEGES_TOOLTIP;Our province of §Y$PROVINCE$§W is being occupied!;Notre province ¡×$PROVINCE$¡× est assi¡×¡× !;;;;;;;;;;;;x
OL_LAND_COMBAT_ATTACK;In our attack we have a progressed toward winning by §Y$PROGRESS$%§W. Our forces are led by §Y$OUR_LEAD$§W who has §Y$OUR_NUM$§W brigades committed and have §Y$OUR_RES$§W brigades in reserves. We are facing $ENEMY$ forces led by §Y$THEIR_LEAD$§W who has §Y$THEIR_NUM$§W brigades committed and have §Y$THEIR_RES$§W brigades in reserves.;;;;;;;;;;;;;x
OL_LAND_COMBAT_DEFEND;We are defending against an attack which has progressed §R$PROGRESS$%§W towards success. Our defenders are led by §Y$OUR_LEAD$§W who has §Y$OUR_NUM$§W brigades committed and have §Y$OUR_RES$§W brigades in reserves. We are facing $ENEMY$ forces led by §Y$THEIR_LEAD$§W who has §Y$THEIR_NUM$§W brigades committed and have §Y$THEIR_RES$§W brigades in reserves.;;;;;;;;;;;;;x
OL_NAVAL_BASE;The $PROV$ naval base currently has $NUM$ units assigned;$NUM$ unit¡× sont actuellement attribu¡×s ¡×la base navale de la province $PROV$;;;;;;;;;;;;x
OL_NAVAL_COMBAT;Naval Combat;Combat naval;;;;;;;;;;;;x
OL_NAVAL_COMBAT_TOOLTIP;§Y$NAVY_NAME$§W is fighting §Y$OPPOSING_NAVY$§W in §Y$LOCATION$§W.;¡×$NAVY_NAME$¡× combat ¡×$OPPOSING_NAVY$¡× ¡×¡×$LOCATION$¡×.;;;;;;;;;;;;x
OL_NAVIES;Navies;Marines;;;;;;;;;;;;x
OL_NAVIES_TOOLTIP;§Y$NAVY_NAME$§W is currently in §Y$LOCATION$§W.;¡×$NAVY_NAME$¡× se trouve actuellement ¡×¡×$LOCATION$¡×.;;;;;;;;;;;;x
OL_NAVY;This navy currently $COMMANDER$ and is located in §Y$PROV$§W.;Actuellement, cette marine $COMMANDER$ et se situe dans la province ¡×$PROV$¡×.;;;;;;;;;;;;x
OL_NAVY_CONSTRUCITON;Navy construction;Construction de marine;;;;;;;;;;;;x
OL_NAVY_CONSTRUCTION_TOOLTIP;Currently building §Y$CONSTRUCTION$§W in §Y$LOCATION$§W.;¡×$CONSTRUCTION$¡× en cours de construction ¡×¡×$LOCATION$¡×.;;;;;;;;;;;;x
OL_NAVY_MOVE;It has set sail towards §Y$DEST$§W.;Elle navigue vers : ¡×$DEST$¡×.;;;;;;;;;;;;x
OL_NOCOMMANDER;has no commander;n'a pas de commandant;;;;;;;;;;;;x
OL_NONE;no;non;;;;;;;;;;;;x
OL_PROVINCE_CONSTRUCTION;Province construction;Construction de province;;;;;;;;;;;;x
OL_PROVINCE_CONSTRUCTION_TOOLTIP;Currently building §Y$CONSTRUCTION$§W in §Y$LOCATION$§W.;¡×$CONSTRUCTION$¡× en cours de construction ¡×¡×$LOCATION$¡×.;;;;;;;;;;;;x
OL_REBEL_OCCUPATIONS;Rebel occupations;Occupations par les rebelles;;;;;;;;;;;;x
OL_REBEL_OCCUPATIONS_TOOLTIP;Our province of §Y$PROVINCE$§W is being occupied by the rebels!;Notre province de ¡×$PROVINCE$¡× est occup¡× par les rebelles !;;;;;;;;;;;;x
OL_SHIPS;Ships;Navires;;;;;;;;;;;;x
OL_SIEGES;Occupations;Occupations;;;;;;;;;;;;x
OL_SIEGES_TOOLTIP;We are occupying §Y$PROVINCE$§W.;Nous assi¡×eons ¡×$PROVINCE$¡×.;;;;;;;;;;;;x
OL_STATEBUILDING_CONSTRUCTION;Factory construction;Construction d'usine;;;;;;;;;;;;x
OL_STATEBUILDING_CONSTRUCTION_TOOLTIP;Currently building §Y$CONSTRUCTION$§W in §Y$LOCATION$§W.;¡×$CONSTRUCTION$¡× en cours de construction ¡×¡×$LOCATION$¡×.;;;;;;;;;;;;x
OL_TROOPS;Troops;Troupes;;;;;;;;;;;;x
OL_UNIT_MOVING;Moving towards §Y$TARGET$§W.;Se d¡×lace en direction de : ¡×$TARGET$¡×.;Marschiert auf ¡×$TARGET$¡× zu.;;;;;;;;;;;x
OL_VIEW_ARMIES;Toggles §YArmy§W view.;Active la vue ¡×Arm¡×¡×.;;;;;;;;;;;;x
OL_VIEW_ARMY_CONSTRUCTION;Toggles §YArmy Construction§W view.;Active la vue ¡×Construction militaire¡×.;;;;;;;;;;;;x
OL_VIEW_BUILDINGS;Toggles §YBuilding Construction§W view.;Active la vue ¡×Construction de b¡×iments¡×.;;;;;;;;;;;;x
OL_VIEW_COMBAT;Toggles §YCombat§W view.;Active la vue ¡×Combat¡×.;;;;;;;;;;;;x
OL_VIEW_FACTORIES;Toggles §YFactory Construction§W view.;Active la vue ¡×Construction d'usine¡×.;;;;;;;;;;;;x
OL_VIEW_GP_INFLUENCE;Toggles §YInfluence§W view;Active la vue ¡×Influence¡×;;;;;;;;;;;;x
OL_VIEW_HOSTILE_SIEGES;Toggles §YHostile Occupation§W view.;Active la vue ¡×Occupation ennemie¡×.;;;;;;;;;;;;x
OL_VIEW_MERGE_OFF;§Y(Merge OFF)§W;¡×(Fusion D¡×.)¡×;;;;;;;;;;;;x
OL_VIEW_MERGE_ON;§G(Merge ON)§W;¡×(Fusion Act.)¡×;;;;;;;;;;;;x
OL_VIEW_NATFOCUS;Toggles §YNational Focus§W view;Active la vue ¡×Cause nationale¡×;;;;;;;;;;;;x
OL_VIEW_NATFOCUS_HEADER;National Focus;Cause nationale;;;;;;;;;;;;x
OL_VIEW_NATFOCUS_TOOLTIP;National Focus (§Y$FOCUS$§W) in §Y$STATE$§W;Cause nationale (¡×$FOCUS$¡×) en ¡×$STATE$¡×;;;;;;;;;;;;x
OL_VIEW_NAVALCOMBAT;Toggles §YNaval Combat§W view.;Active la vue ¡×Combat naval¡×.;;;;;;;;;;;;x
OL_VIEW_NAVIES;Toggles §YNavy§W view.;Active la vue ¡×Navy¡×.;;;;;;;;;;;;x
OL_VIEW_NAVY_CONSTRUCTION;Toggles §YNavy Construction§W view.;Active la vue ¡×Construction navale¡×.;;;;;;;;;;;;x
OL_VIEW_RALLYPOINTS;Toggles §YRally Points§W view;Active la vue ¡×Points de ralliement¡×;;;;;;;;;;;;x
OL_VIEW_RALLYPOINTS_HEADER;Rally Points;Points de ralliement;;;;;;;;;;;;x
OL_VIEW_RALLYPOINTS_MERGE_TOOLTIP;and will try to merge up to §Y$LIMIT$§W when arrive here.;et vont tenter de fusionner ¡×concurrence de ¡×$LIMIT$¡× quand elles y arriveront.;;;;;;;;;;;;x
OL_VIEW_RALLYPOINTS_NAVY_MERGE_TOOLTIP;and will try to merge with largest unit when arrive here.;et tenteront de fusionner avec la plus grande unit¡×¡×leur arriv¡×.;;;;;;;;;;;;x
OL_VIEW_RALLYPOINTS_NAVY_TOOLTIP;All nearby constructed ships will head towards §Y$PROV$§W;Tous les navires construits ¡×proximit¡×se dirigeront vers ¡×$PROV$¡×;;;;;;;;;;;;x
OL_VIEW_RALLYPOINTS_TOOLTIP;All nearby recruited units will head towards §Y$PROV$§W;Toutes les unit¡× regroup¡×s ¡×proximit¡×vont marcher sur ¡×$PROV$¡×;;;;;;;;;;;;x
OL_VIEW_REBEL_OCCUPATIONS;Toggles §YRebel Occupations§W view;Active la vue ¡×Occupations par les rebelles¡×;;;;;;;;;;;;x
OL_VIEW_SIEGES;Toggles §YOccupation§W view;Active la vue ¡×Occupation¡×.;;;;;;;;;;;;x
OL_WE_BOMB;Our Bombings;Nos bombardements;;;;;;;;;;;;x
OL_WING;Wings;Flottes a¡×iennes;;;;;;;;;;;;x
on;On;Activ¡×;;;;;;;;;;;x
ON_ENACT_UNCIV_REFORM;When enacted:;Lorsqu'elle a ¡×¡×promulgu¡× :;;;;;;;;;;;;x
ON_THE_FENCE_LABEL;Still on the fence:;;;;;;;;;;;;;x
ONGOINGBUILD;A construction is currently in progress.;Une construction est actuellement en cours.;;;;;;;;;;;;x
ONLY_HOST_SPEED;Only the host can change the game speed.;Seul l'h¡×e peut modifier la vitesse du jeu.;;;;;;;;;;;;x
OOS_DESC;Game is no longer in synch!;Le jeu n'est plus synchronis¡×!;;;;;;;;;;;;x
OOS_TITLE;Error!;Erreur !;;;;;;;;;;;;x
OPEN_ALL_TOOLTIP;Open all factories on the list.;Ouvrir toutes les usines de la liste.;;;;;;;;;;;;x
opium_RGO_SIZE;Opium Plantation Size;Taille de la plantation d'opium;Opiumplantage-Größe;;;;;;;;;;;x
OPTION_CHANGED;$FROM$ has changed to: $TO$;$FROM$ a chang¡×pour $TO$;$FROM$ wurde ge¡×dert zu: $TO$;;;;;;;;;;;x
OPTIONS;OPTIONS;OPTIONS;;;;;;;;;;;;x
OR;or;ou;;;;;;;;;;;;x
OR_TRIG_SHORT;Either..;Ou...;Entweder ...;;Cualquiera...;;;;;;;;;x
OR_TRIGGER_STARTS;One of the following must be true;L'une de ces conditions est r¡×lis¡× ; muss einer der folgenden Punkte zutreffen;;Uno de los siguientes debe de ser la verdad;;;;;;;;;x
ORG_DESC_ADMIN_SPENDING;Administrative Spending: §Y$VAL$§W;D¡×enses administratives : ¡×$VAL$¡×;;;;;;;;;;;;x
ORG_DESC_DAILY;Daily Increase: §Y$VAL$§W;Augmentation quotidienne : ¡×$VAL$¡×;;;;;;;;;;;;x
ORG_DESC_POP;Pop Contributions: §Y$VAL$§W;Contributions de la population : ¡×$VAL$¡×;;;;;;;;;;;;x
ORG_EXPLANATION_TT;The higher this percentage is, the stronger the rebel uprising will become.;Plus ce pourcentage est ¡×ev¡× plus le soul¡×ement rebelle se renforce.;;;;;;;;;;;;x
ORG_NAME;Organization: §Y$VAL$§W;Organisation : ¡×$VAL$¡×;;;;;;;;;;;;x
ORGANISATION_IS_ATLEAST_TRIGGER;§Y$IDEOLOGY$§W has at least §Y$VALUE$§W in organisation§W.\n;¡×$IDEOLOGY$¡× a un impact d'au moins ¡×$VALUE$¡× sur l'organisation¡×.\n;;;;;;;;;;;;x
ORGANISATION_IS_NOT_TRIGGER;§Y$IDEOLOGY$§W does not have §Y$VALUE$§W in organisation§W.\n;L'impact de ¡×$IDEOLOGY$¡× sur l'organisation n'a pas ¡×¡×de ¡×$VALUE$¡×¡×.\n;;;;;;;;;;;;x
OSELECT_UNIT;Select this;S¡×ectionner celle-ci;;;;;;;;;;;;x
OSELECT_UNIT_DRO;If you have multiple units selected, this option makes it possible to select just that unit.;Si vous avez s¡×ectionn¡×plusieurs unit¡×, cette option vous permet uniquement de s¡×ectionner cette unit¡×;;;;;;;;;;;;x
OTHER_DEMOBILIZE_1;$COUNTRY$ is demobilizing;$COUNTRY$ d¡×obilise actuellement;;;;;;;;;;;;x
OTHER_DEMOBILIZE_2;their armed forces, and their troops are now standing down.;ses forces arm¡×s et que leurs troupes sont maintenant au repos.;;;;;;;;;;;;x
OTHER_DEMOBILIZE_3;*;*;;;;;;;;;;;;x
OTHER_DEMOBILIZE_4;*;*;;;;;;;;;;;;x
OTHER_DEMOBILIZE_5;*;*;;;;;;;;;;;;x
OTHER_DEMOBILIZE_6;*;*;;;;;;;;;;;;x
OTHER_DEMOBILIZE_BTN1;OK;OK;;;;;;;;;;;;x
OTHER_DEMOBILIZE_BTN2;OK;OK;;;;;;;;;;;;x
OTHER_DEMOBILIZE_BTN3;Details;D¡×ails;;;;;;;;;;;;x
OTHER_DEMOBILIZE_HEADER;There are reports that;Des rapports font ¡×at que;;;;;;;;;;;;x
OTHER_DEMOBILIZE_LOG;$COUNTRY$ has given the orders to demobilize their reserves.;$COUNTRY$ a ordonn¡×la d¡×obilisation de ses r¡×erves.;;;;;;;;;;;;x
OTHER_DEMOBILIZE_MAP;*;*;;;;;;;;;;;;x
OTHER_DEMOBILIZE_SETUP;When another country decides to demobilize.;Si un autre pays d¡×ide de d¡×obiliser.;;;;;;;;;;;;x
OTHER_MOBILIZE_1;$COUNTRY$ is mobilizing;$COUNTRY$ mobilise actuellement;;;;;;;;;;;;x
OTHER_MOBILIZE_2;their armed forces, and they will soon be able to field a strong army.;ses forces arm¡×s et que ce pays sera bient¡× en mesure de r¡×nir une arm¡× puissante.;;;;;;;;;;;;x
OTHER_MOBILIZE_3;*;*;;;;;;;;;;;;x
OTHER_MOBILIZE_4;*;*;;;;;;;;;;;;x
OTHER_MOBILIZE_5;*;*;;;;;;;;;;;;x
OTHER_MOBILIZE_6;*;*;;;;;;;;;;;;x
OTHER_MOBILIZE_BTN1;OK;OK;;;;;;;;;;;;x
OTHER_MOBILIZE_BTN2;OK;OK;;;;;;;;;;;;x
OTHER_MOBILIZE_BTN3;Details;D¡×ails;;;;;;;;;;;;x
OTHER_MOBILIZE_HEADER;The Secret Police report that;La police secr¡×e indique :;;;;;;;;;;;;x
OTHER_MOBILIZE_LOG;$COUNTRY$ has started to mobilize their reserves.;$COUNTRY$ a commenc¡×¡×mobiliser ses r¡×erves.;;;;;;;;;;;;x
OTHER_MOBILIZE_MAP;*;*;;;;;;;;;;;;x
OTHER_MOBILIZE_SETUP;When another mobilizes in preparation of war.;Si quelqu'un d'autre mobilise pour pr¡×arer une guerre.;;;;;;;;;;;;x
OTHER_MUST_NEGOTIATE_WITH_WAR_LEADER;We are not allowed to negotiate with the enemy §YWar leader§W since that would end the war. A peace treaty can only be signed between §Y$ENEMY$§W and §Y$COUNTRY$§W.;Nous ne sommes pas autoris¡× ¡×n¡×ocier avec le ¡×meneur de guerre¡× ennemi, car cela mettrait fin ¡×la guerre. Un trait¡×de paix ne peut ¡×re sign¡×qu'entre ¡×$ENEMY$¡× et ¡×$COUNTRY$¡×.;;;;;;;;;;;;x
OTHER_PORT;This is a naval base that we do not have access to;C'est une base navale ¡×laquelle nous n'avons pas acc¡×;;;;;;;;;;;;x
OTHERANNEX;Full Annexation was demanded.;L'annexion totale a ¡×¡×exig¡×.;Volle Annexion wurde gefordert.;;;;;;;;;;;x
OTHERDEFECT_1;The province of;La province;Die Provinz;;;;;;;;;;;x
OTHERDEFECT_2;$PROV$;$PROV$;$PROV$;;;;;;;;;;;x
OTHERDEFECT_3;defected to;appartient maintenant au pays;spaltete sich ab und ging zu;;;;;;;;;;;x
OTHERDEFECT_4;*;$THEM$;$THEM$;;;;;;;;;;;x
OTHERDEFECT_5;*;*;*;;;;;;;;;;;x
OTHERDEFECT_6;*;*;*;;;;;;;;;;;x
OTHERDEFECT_BTN1;OK;D'accord;OK;;;;;;;;;;;x
OTHERDEFECT_BTN2;OK;D'accord;OK;;;;;;;;;;;x
OTHERDEFECT_BTN3;GOTO;Voir;Goto;;;;;;;;;;;x
OTHERDEFECT_HEADER;Defection!;D¡×ection !;Sezession!;;;;;;;;;;;x
OTHERDEFECT_LOG;$PROV$ defected to $THEM$.;$PROV$ est pass¡× ¡×$THEM$.;$PROV$ hat sich $THEM$ angeschlossen.;;;;;;;;;;;x
OTHERDEFECT_MAP;Defection!;D¡×ection !;Sezession!;;;;;;;;;;;x
OTHERDEFECT_SETUP;When a province of one nation defects to another (neither is us).;Si l'une des provinces d'une nation passe ¡×une autre (except¡×¡×la n¡×re).;Wenn sich eine Provinz eines Landes einem anderen anschlie¡× (keines von beiden sind wir).;;;;;;;;;;;x
OTHERS_CB_DETECTED_1;War Justification;Justification de guerre;;;;;;;;;;;;x
OTHERS_CB_DETECTED_2;An attempt to justify war using;Une tentative de justifier une guerre par le;;;;;;;;;;;;x
OTHERS_CB_DETECTED_3;§Y$CASUS$§W Casus Belli;;;;;;;;;;;;;x
OTHERS_CB_DETECTED_4;against $TARGET$ by;contre $TARGET$ par;;;;;;;;;;;;x
OTHERS_CB_DETECTED_5;$COUNTRY$;$COUNTRY$;;;;;;;;;;;;x
OTHERS_CB_DETECTED_6;was detected!;a ¡×¡×d¡×ect¡× !;;;;;;;;;;;;x
OTHERS_CB_DETECTED_BTN1;OK;D'accord;;;;;;;;;;;;x
OTHERS_CB_DETECTED_BTN2;OK;D'accord;;;;;;;;;;;;x
OTHERS_CB_DETECTED_BTN3;Go To;Voir;;;;;;;;;;;;x
OTHERS_CB_DETECTED_HEADER;$MONARCHTITLE$;$MONARCHTITLE$;;;;;;;;;;;;x
OTHERS_CB_DETECTED_LOG;A war justification process against $TARGET$ by $COUNTRY$ was detected;Une tentative de justifier une guerre contre $TARGET$ par $COUNTRY$ a ¡×¡×d¡×ect¡×;;;;;;;;;;;;x
OTHERS_CB_DETECTED_MAP;*;*;;;;;;;;;;;;x
OTHERS_CB_DETECTED_SETUP;A war justification process against someone is detected;A war justification process against someone is detected;;;;;;;;;;;;x
OUR_CB_DETECTED_1;War Justification;Justification de guerre;;;;;;;;;;;;x
OUR_CB_DETECTED_2;Our attempt to justify war using;Notre tentative de justifier la guerre par;;;;;;;;;;;;x
OUR_CB_DETECTED_3;§Y$CASUS$§! Casus Belli;le Casus Belli ¡×$CASUS$¡×;;;;;;;;;;;;x
OUR_CB_DETECTED_4;against;contre;;;;;;;;;;;;x
OUR_CB_DETECTED_5;$TARGET$;$TARGET$;;;;;;;;;;;;x
OUR_CB_DETECTED_6;was detected! This costs us §R$BADBOY$§! infamy;a ¡×¡×d¡×ect¡× ! Cela nous co¡×e ¡×$BADBOY$¡× d'infamie.;;;;;;;;;;;;x
OUR_CB_DETECTED_BTN1;OK;D'accord;;;;;;;;;;;;x
OUR_CB_DETECTED_BTN2;OK;D'accord;;;;;;;;;;;;x
OUR_CB_DETECTED_BTN3;Go To;Voir;;;;;;;;;;;;x
OUR_CB_DETECTED_HEADER;$MONARCHTITLE$;$MONARCHTITLE$;;;;;;;;;;;;x
OUR_CB_DETECTED_LOG;Our war justification process against $TARGET$ was detected.;Notre tentative de justification de guerre contre $TARGET$ a ¡×¡×d¡×ect¡×.;;;;;;;;;;;;x
OUR_CB_DETECTED_MAP;*;*;;;;;;;;;;;;x
OUR_CB_DETECTED_SETUP;When our war justification process is detected;Quand notre tentative de justification de guerre est d¡×ect¡×;;;;;;;;;;;;x
OUR_RULER;Our Ruler;Notre dirigeant;;;;;;;;;;;;x
OURWARALLY;Allied in a War;Alli¡×dans une guerre;;;;;;;;;;;;x
out_of_supply;Out of Supply;P¡×urie de ravitaillement;Kein Nachschub mehr;;;;;;;;;;;x
OUTBREAK_BOOST_LOCAL_DESC;The natives tell of a sickness that darkens the soul, causing a thirst for the blood of their brothers. They tell of men, women, and even children whose flesh have become grey with rot and possess an unholy smell. Once darkened, there is no method of healing, save death, and that can only be achieved through fire, since the body becomes resistant to all arms of man. This text was supposedly taken from the accounts of Father Esteban Negron, 1523. (Advice: Use Revolt risk Map Mode to track infected provinces, 9 brigades minimum to prevent or remove infections though more than that is recommended due to brigades defecting, infected ports in the same continent cause infections you can declare war & blockade to stop the spread).;;;;;;;;;;;;;x
OUTBREAK_BOOST_LOCAL_TITLE;The Plague Spreads...;;;;;;;;;;;;;x
OUTBREAK_PLAYER_VICTORY_DESC;The gallant soldiers of $COUNTRYNAME$ have succeeded in containing the ravenous hordes in $PROVINCENAME$.;;;;;;;;;;;;;x
OUTBREAK_PLAYER_VICTORY_NATION_DESC;New tactics and equipment developed since the initial outbreak have helped suppress the zombie outbreak. Traditionally, our men were taught to shoot for the chest because it is the hardest to miss. Since the initial outbreak, they have been trained to shoot for the head and disable a zombie in one go. Likewise, the new Standard Infantry Rifle (SIR) has been developed as a more accurate and semi-automatic alternative to traditional rifles. On a unit-level, soldiers were taught to fire with mechanical precision and alternate with a partner: one soldier shoots while the other reloads. Effectively, the advent of repeating rifles and new military tactics have led us to ultimate victory against the zombie hordes.;;;;;;;;;;;;;x
OUTBREAK_PLAYER_VICTORY_NATION_TITLE;Victory in $COUNTRYNAME$!;;;;;;;;;;;;;x
OUTBREAK_PLAYER_VICTORY_TITLE;The Battle of $PROVINCENAME$;;;;;;;;;;;;;x
OUTBREAK_SOF_END_DESC;The state of emergency brought a classification system for the intensity of zombie outbreaks. Class One outbreaks occur in rural areas and cause minimal casualties. Class Two outbreaks occur in urban areas but can be suppressed by local authorities. Class Three outbreaks threaten national security and require the regular military. Fortunately, our army contained the outbreak at Class Three, preventing the breakdown of law associated with Class Four. While some countries still teeter between Classes Three and Four, ours faces only isolated Class One outbreaks. Your advisers therefore ask you to end the state of emergency. What shall we do?;;;;;;;;;;;;;x
OUTBREAK_SOF_END_TITLE;End;the;;;;;;;;;;;;x
OUTBREAK_SPREAD_LOCAL_DESC;Several provinces have reported major sightings of Undead and are requesting immediate assistance...To remove outbreak modifiers, or to prevent further spread have at least 9 brigades in a province.;;;;;;;;;;;;;x
OUTBREAK_SPREAD_LOCAL_OPT;They just keep coming!;;;;;;;;;;;;;x
OUTBREAK_SPREAD_LOCAL_TITLE;The Plague Spreads...;;;;;;;;;;;;;x
OUTBREAK_SPREAD_PORT_DESC;A ship full of infected refugees fleeing the plague has broken quarantine & arrived in port causing an intense outbreak of the virus in the area.;;;;;;;;;;;;;x
OUTBREAK_SPREAD_PORT_OPT;Perhaps it's time to close off our borders from the rest of the world entirely.;;;;;;;;;;;;;x
OUTBREAK_SPREAD_PORT_TITLE;Infected Refugees in Port;;;;;;;;;;;;;x
OUTBREAK_START_LOCAL_DESC;They call it the Solomon Virus. It travels through the bloodstream, enters the brain, and uses the cells of the frontal lobe to replicate. However, this section of the brain is destroyed in the process and all bodily functions cease. Alive but dormant, the brain is slowly transformed by the virus into a completely new organ whose most notable trait is its independence from oxygen. By removing this all-important resource, the body is no longer dependent on complex support mechanisms such as the heart and lungs. Once mutation is complete, the new organ reanimates the body to transfer the virus. Historically, outbreaks of virus were few and far between, occurring infrequently in Ancient Egypt, Israel, and even noted to be the cause of Roman Order XXXVII and the construction of Hadrian's Wall. Some of the most recent cases include the 'mysterious' disappearance of the Roanoke Island settlers in 1587 and a 1762 outbreak on St. Lucia in the Caribbean. That is, of course, until today... (Advice: Use Revolt risk Map Mode to track infected provinces, 9 brigades minimum to prevent or remove infections though more than that is recommended due to brigades defecting, infected ports in the same continent cause infections you can declare war & blockade to stop the spread),;;;;;;;;;;;;;x
OUTBREAK_START_LOCAL_OPT;Uh Oh.;;;;;;;;;;;;;x
OUTBREAK_START_LOCAL_TITLE;A Mysterious Plague...;;;;;;;;;;;;;x
OUTBREAK_TETW_DESC;Civilization has completely broken down, and law is no longer kept. Any densely populated area in the world has thousands of zombies walking the streets. The world's population has been reduced to almost nothing, and the number of survivors has been limited to fewer than 500000 The world leaders that haven't already been slaughtered are hiding in bunkers, waiting to starve to death. To quote a contemporary biologist, 'No help will come for anyone as the zombies slowly devour all life on the planet causing the end of humanity and eventually the end of all life on earth due to the rapid removal of so many creatures from the global ecosystem. After a time, the zombies will all rot away leaving the earth an empty barren wasteland.';;;;;;;;;;;;;x
OUTBREAK_TETW_TITLE;The Zombie Apocalypse;;;;;;;;;;;;;x
OUTLINER_QUEUED;Queued units:;Unit¡× dans la file d'attente :;;;;;;;;;;;;x
OUTLINER_TOOLTIP_EMPLOYED;§Y$COUNT$§! Employed in factories (§Y$PERC$§!%);;;;;;;;;;;;;x
OUTLINER_TOOLTIP_FACTORY_OCCUPANCY;Local factories employment: $PERC$;Niveau de l'emploi dans les usines locales : $PERC$;;;;;;;;;;;;x
OUTPUT_WASTED;$NUM$ of $PRODUCED$ §Y$GOOD$§W didn't get sold yesterday;$NUM$ de $PRODUCED$ ¡×$GOOD$¡× n'ont pas ¡×¡×vendus hier.;;;;;;;;;;;;x
OV_CONT;Checking the continuous box will start the mission immediately and allow it to continue until cancelled by the player.;Cochez la case pour d¡×arrer imm¡×iatement la mission et la poursuivre jusqu'¡×ce qu'elle soit annul¡× par le joueur.;;;;;;;;;;;;x
OV_NO_VALID_ORDER;No valid order is selected.;Aucun ordre valide s¡×ectionn¡×;;;;;;;;;;;;x
OV_NO_VALID_PROVINCES;No valid provinces selected;Aucune province valide s¡×ectionn¡×.;;;;;;;;;;;;x
overseas;No land connection to capital;Aucune liaison terrestre vers la capitale;;;;;;;;;;;;x
Owned by $owner$, but currently occupied by $control$;Owned by $owner$, but currently occupied by $control$;Propri¡×¡×de $owner$, mais actuellement sous occupation de $control$;;;;;;;;;;;;x
Owned by $owner$.;Owned by $owner$.;Propri¡×¡×de $owner$.;;;;;;;;;;;;x
OWNED_BY;Owned by ;Est d¡×enue par ;;;;;;;;;;;;x
OWNS;Owns ;Poss¡×e ;Besitz von ;;;;;;;;;;;x
PARTISANS_1;Rebellion!;R¡×ellion !;;;;;;;;;;;;x
PARTISANS_2;§Y$FACTION$§W;Les ¡×$FACTION$¡×;;;;;;;;;;;;x
PARTISANS_3;have risen.;se sont soulev¡×.;;;;;;;;;;;;x
PARTISANS_4;Reports are coming in of rebel forces in;Des rapports signalent la pr¡×ence de forces rebelles en;;;;;;;;;;;;x
PARTISANS_5;$PROV$;$PROV$.;;;;;;;;;;;;x
PARTISANS_6;We must rally our force to deal with this.;Nous devons rassembler nos forces pour y faire face.;;;;;;;;;;;;x
PARTISANS_BTN1;OK;OK;;;;;;;;;;;;x
PARTISANS_BTN2;OK;OK;;;;;;;;;;;;x
PARTISANS_BTN3;Go To;Aller ¡×;;;;;;;;;;;x
PARTISANS_HEADER;The Secret Police reports;La police secr¡×e indique :;;;;;;;;;;;;x
PARTISANS_LOG;$FACTION$ have started a rising in $PROV$.;Les $FACTION$ ont commenc¡×¡×se soulever ¡×$PROV$.;;;;;;;;;;;;x
PARTISANS_MAP;Rebellion!;R¡×ellion !;;;;;;;;;;;;x
PARTISANS_SETUP;When a rebellion springs up in your country.;Si une r¡×ellion ¡×late dans votre pays.;;;;;;;;;;;;x
PARTY_LOYALTY_DESC_HEADER;Party loyalty in §Y$PROV$§W:;Loyaut¡×du parti en ¡×$PROV$¡× :;;;;;;;;;;;;x
PARTY_LOYALTY_DESC_NEUTRAL;Neutral;Neutre;;;;;;;;;;;;x
PARTY_LOYALTY_EFFECT_DESC;Loyalty towards §Y$PARTY$§W in §Y$PROV$§W will be $OPERATOR$ §Y$VALUE$§W.;;;;;;;;;;;;;x
PARTY_LOYALTY_EFFECT_OPERATOR_ADD;increased by;augment¡×de;;;;;;;;;;;;x
PARTY_LOYALTY_EFFECT_OPERATOR_MUL;multiplied by;multipli¡×par;;;;;;;;;;;;x
PARTY_LOYALTY_EFFECT_OPERATOR_REM;decreased by;diminu¡×de;;;;;;;;;;;;x
PARTY_LOYALTY_EFFECT_OPERATOR_SET;set to;fix¡×¡×;;;;;;;;;;;x
PARTY_POPULARITY;Party Popularity;Popularit¡×du parti;;;;;;;;;;;;x
PARTY_UNAVAIL_1;$PARTY$ is now defunct;$PARTY$ est ¡×pr¡×ent dissous;;;;;;;;;;;;x
PARTY_UNAVAIL_2;*;*;;;;;;;;;;;;x
PARTY_UNAVAIL_3;*;*;;;;;;;;;;;;x
PARTY_UNAVAIL_4;*;*;;;;;;;;;;;;x
PARTY_UNAVAIL_5;*;*;;;;;;;;;;;;x
PARTY_UNAVAIL_6;*;*;;;;;;;;;;;;x
PARTY_UNAVAIL_BTN1;OK;D'accord;;;;;;;;;;;;x
PARTY_UNAVAIL_BTN2;OK;D'accord;;;;;;;;;;;;x
PARTY_UNAVAIL_BTN3;Go To;Voir;;;;;;;;;;;;x
PARTY_UNAVAIL_HEADER;Political party defunct;Parti politique dissous;;;;;;;;;;;;x
PARTY_UNAVAIL_LOG;Political party now unavailable;Parti politique d¡×ormais indisponible;;;;;;;;;;;;x
PARTY_UNAVAIL_SETUP;Political party defunct;Parti politique dissous;;;;;;;;;;;;x
PARTY_WITH_IDEOLOGY_NOT_EXIST;There is no active party with §Y$IDEOLOGY$§W ideology.;Il n'y a pas de parti actif avec l'id¡×logie ¡×$IDEOLOGY$¡×;;;;;;;;;;;;x
PAUSE_RESUME;Resume;Reprise;;;;;;;;;;;;x
PAUSED_BY;§Y$PLAYER$§W paused the game.;¡×$PLAYER$¡× a mis la partie en pause.;;;;;;;;;;;;x
PAYED_POPS;§Y$NUM$§W §Y$TYPE$s§W getting §Y$MONEY$§W;¡×$NUM$¡× ¡×$TYPE$s¡× re¡×ivent ¡×$MONEY$¡×;;;;;;;;;;;;x
PAYSUB;Is subsidising $LIST$.;Subventionne $LIST$.;;;;;;;;;;;;x
PEACE_BUTTON;Propose Peace;Proposer la paix;;;;;;;;;;;;x
PEACE_DESC;Negotiate for peace;N¡×ocier pour la paix;;;;;;;;;;;;x
PEACE_DI;Peace Offer;Offre de paix;;;;;;;;;;;;x
PEACE_NOT_LEADER;You can only negotiate with the leader of your enemy;Vous ne pouvez n¡×ocier qu'avec le leader de votre ennemi;;;;;;;;;;;;x
PEACE_OTHER_ACCEPT_1;$RECIPIENT$;$RECIPIENT$;;;;;;;;;;;;x
PEACE_OTHER_ACCEPT_2;$RECIPIENT$;$RECIPIENT$;;;;;;;;;;;;x
PEACE_OTHER_ACCEPT_3;accepted the offer of peace from;a accept¡×l'offre de paix de;;;;;;;;;;;;x
PEACE_OTHER_ACCEPT_4;*;$ACTOR$.;;;;;;;;;;;;x
PEACE_OTHER_ACCEPT_5;*;*;;;;;;;;;;;;x
PEACE_OTHER_ACCEPT_6;Terms: $TERMS$;Conditions : $TERMS$;;;;;;;;;;;;x
PEACE_OTHER_ACCEPT_BTN1;Fine!;Parfait !;;;;;;;;;;;;x
PEACE_OTHER_ACCEPT_BTN2;Fine!;Parfait !;;;;;;;;;;;;x
PEACE_OTHER_ACCEPT_BTN3;Go To;Aller ¡×;;;;;;;;;;;x
PEACE_OTHER_ACCEPT_HEADER;$MESSENGER$;$MESSENGER$;;;;;;;;;;;;x
PEACE_OTHER_ACCEPT_LOG;$RECIPIENT$ accepted the peace offer from $ACTOR$.;$RECIPIENT$ a accept¡×l'offre de paix de $ACTOR$.;;;;;;;;;;;;x
PEACE_OTHER_ACCEPT_MAP;Peace!;Paix !;;;;;;;;;;;;x
PEACE_OTHER_ACCEPT_SETUP;When a nation accepts another nation's peace offer;Si une nation accepte l'offre de paix d'une autre;;;;;;;;;;;;x
PEACE_OTHER_DECLINE_1;$RECIPIENT$;$RECIPIENT$;;;;;;;;;;;;x
PEACE_OTHER_DECLINE_2;$RECIPIENT$;$RECIPIENT$;;;;;;;;;;;;x
PEACE_OTHER_DECLINE_3;rejected the offer of peace from;a rejet¡×l'offre de paix de;;;;;;;;;;;;x
PEACE_OTHER_DECLINE_4;$ACTOR$;$ACTOR$.;;;;;;;;;;;;x
PEACE_OTHER_DECLINE_5;*;*;;;;;;;;;;;;x
PEACE_OTHER_DECLINE_6;Terms: $TERMS$;Conditions : $TERMS$;;;;;;;;;;;;x
PEACE_OTHER_DECLINE_BTN1;Fine!;Parfait !;;;;;;;;;;;;x
PEACE_OTHER_DECLINE_BTN2;Fine!;Parfait !;;;;;;;;;;;;x
PEACE_OTHER_DECLINE_BTN3;Go To;Aller ¡×;;;;;;;;;;;x
PEACE_OTHER_DECLINE_HEADER;$MESSENGER$;$MESSENGER$;;;;;;;;;;;;x
PEACE_OTHER_DECLINE_LOG;$RECIPIENT$ rejected the peace offer from $ACTOR$.;$RECIPIENT$ a rejet¡×l'offre de paix de $ACTOR$.;;;;;;;;;;;;x
PEACE_OTHER_DECLINE_MAP;Declined!;Paix !;;;;;;;;;;;;x
PEACE_OTHER_DECLINE_SETUP;When a nation declines another nation's peace offer;Si une nation refuse l'offre de paix d'une autre;;;;;;;;;;;;x
PEACE_THEY_ACCEPT_1;$RECIPIENT$;$RECIPIENT$;;;;;;;;;;;;x
PEACE_THEY_ACCEPT_2;$RECIPIENT$;$RECIPIENT$;;;;;;;;;;;;x
PEACE_THEY_ACCEPT_3;accepted our generous offer of peace;a accept¡×notre g¡×¡×euse offre de paix.;;;;;;;;;;;;x
PEACE_THEY_ACCEPT_4;*;*;;;;;;;;;;;;x
PEACE_THEY_ACCEPT_5;*;*;;;;;;;;;;;;x
PEACE_THEY_ACCEPT_6;Terms: $TERMS$;Conditions : $TERMS$;;;;;;;;;;;;x
PEACE_THEY_ACCEPT_BTN1;Fine!;Parfait !;;;;;;;;;;;;x
PEACE_THEY_ACCEPT_BTN2;Fine!;Parfait !;;;;;;;;;;;;x
PEACE_THEY_ACCEPT_BTN3;Go To;Aller ¡×;;;;;;;;;;;x
PEACE_THEY_ACCEPT_HEADER;$MESSENGER$;$MESSENGER$;;;;;;;;;;;;x
PEACE_THEY_ACCEPT_LOG;$RECIPIENT$ accepted our peace offer.;$RECIPIENT$ a accept¡×notre offre de paix.;;;;;;;;;;;;x
PEACE_THEY_ACCEPT_MAP;Peace!;Paix !;;;;;;;;;;;;x
PEACE_THEY_ACCEPT_SETUP;When a nation accepts our peace offer;Si une nation accepte notre offre de paix;;;;;;;;;;;;x
PEACE_THEY_DECLINE_1;$RECIPIENT$;$RECIPIENT$;;;;;;;;;;;;x
PEACE_THEY_DECLINE_2;$RECIPIENT$;$RECIPIENT$;;;;;;;;;;;;x
PEACE_THEY_DECLINE_3;rejected our generous offer of peace;a rejet¡×notre g¡×¡×euse offre de paix.;;;;;;;;;;;;x
PEACE_THEY_DECLINE_4;*;*;;;;;;;;;;;;x
PEACE_THEY_DECLINE_5;Terms: $TERMS$;Conditions : $TERMS$;;;;;;;;;;;;x
PEACE_THEY_DECLINE_6;*;*;;;;;;;;;;;;x
PEACE_THEY_DECLINE_BTN1;Fine!;Parfait !;;;;;;;;;;;;x
PEACE_THEY_DECLINE_BTN2;Fine!;Parfait !;;;;;;;;;;;;x
PEACE_THEY_DECLINE_BTN3;Go To;Aller ¡×;;;;;;;;;;;x
PEACE_THEY_DECLINE_HEADER;$MESSENGER$;$MESSENGER$;;;;;;;;;;;;x
PEACE_THEY_DECLINE_LOG;$RECIPIENT$ rejected our peace offer.;$RECIPIENT$ a rejet¡×notre offre de paix.;;;;;;;;;;;;x
PEACE_THEY_DECLINE_MAP;Declined!;Paix !;;;;;;;;;;;;x
PEACE_THEY_DECLINE_SETUP;When a nation declines our peace offer;Si une nation refuse notre offre de paix;;;;;;;;;;;;x
PEACE_WE_ACCEPT_1;$ACTOR$;$ACTOR$;;;;;;;;;;;;x
PEACE_WE_ACCEPT_2;We have accepted a peace offer from;;;;;;;;;;;;;x
PEACE_WE_ACCEPT_3;$ACTOR$;$ACTOR$;;;;;;;;;;;;x
PEACE_WE_ACCEPT_4;on the following terms:;aux conditions suivantes :;;;;;;;;;;;;x
PEACE_WE_ACCEPT_5; $TERMS$;$TERMS$;;;;;;;;;;;;x
PEACE_WE_ACCEPT_6;*;*;;;;;;;;;;;;x
PEACE_WE_ACCEPT_BTN1;Fine!;Parfait !;;;;;;;;;;;;x
PEACE_WE_ACCEPT_BTN2;Fine!;Parfait !;;;;;;;;;;;;x
PEACE_WE_ACCEPT_BTN3;Go To;Aller ¡×;;;;;;;;;;;x
PEACE_WE_ACCEPT_HEADER;$MESSENGER$;$MESSENGER$;;;;;;;;;;;;x
PEACE_WE_ACCEPT_LOG;We accepted the peace offer from $ACTOR$.;Nous avons accept¡×l'offre de paix de $ACTOR$.;;;;;;;;;;;;x
PEACE_WE_ACCEPT_MAP;Peace!;Paix !;;;;;;;;;;;;x
PEACE_WE_ACCEPT_SETUP;When we accept a peace offer;Si nous acceptons une offre de paix;;;;;;;;;;;;x
PEACE_WE_DECLINE_1;$ACTOR$;$ACTOR$;;;;;;;;;;;;x
PEACE_WE_DECLINE_2;We have declined the peace offer from;;;;;;;;;;;;;x
PEACE_WE_DECLINE_3;$ACTOR$;$ACTOR$;;;;;;;;;;;;x
PEACE_WE_DECLINE_4;on the following terms:;aux conditions suivantes :;;;;;;;;;;;;x
PEACE_WE_DECLINE_5;*;*;;;;;;;;;;;;x
PEACE_WE_DECLINE_6;$TERMS$;$TERMS$;;;;;;;;;;;;x
PEACE_WE_DECLINE_BTN1;Fine!;Parfait !;;;;;;;;;;;;x
PEACE_WE_DECLINE_BTN2;Fine!;Parfait !;;;;;;;;;;;;x
PEACE_WE_DECLINE_BTN3;Go To;Aller ¡×;;;;;;;;;;;x
PEACE_WE_DECLINE_HEADER;$MESSENGER$;$MESSENGER$;;;;;;;;;;;;x
PEACE_WE_DECLINE_LOG;We declined the peace offer from $ACTOR$.;Nous avons refus¡×l'offre de paix de $ACTOR$.;;;;;;;;;;;;x
PEACE_WE_DECLINE_MAP;Declined!;Paix !;;;;;;;;;;;;x
PEACE_WE_DECLINE_SETUP;When we decline a peace offer;Si nous refusons une offre de paix;;;;;;;;;;;;x
PEACE_WHITEPEACE;White peace;Paix blanche;;;;;;;;;;;;x
PEACE_WILL_ACCEPT;They would accept this offer.;Ils accepteraient cette offre.;;;;;;;;;;;;x
PEACE_WILL_NOT_ACCEPT;They would not accept this offer.;Ils n'accepteraient pas cette offre.;;;;;;;;;;;;x
PEACEDEMANDDESC;$COUNTRY$ is demanding a peace on the following terms:;$COUNTRY$ demande la paix selon les termes suivants :;$COUNTRY$ verlangt Frieden unter den folgenden Bedingungen:;;;;;;;;;;;x
PEACENEWALLY;They are negotiating for their allies.;Ils n¡×ocient pour leurs alli¡×.;;;;;;;;;;;;x
PEACENEWDESC;Do you wish to request peace with $COUNTRY$. $SELF$?\nIf they accept, the war will end. $RESULT$;Souhaitez-vous demander la paix ¡×$COUNTRY$. $SELF$ ¡×\nS'ils acceptent, la guerre sera finie. $RESULT$;;;;;;;;;;;;x
PEACENEWPROVTHEM;§Y$NATION$§W will cede §G;¡×$NATION$¡× c¡×eront ¡×;;;;;;;;;;;;x
PEACENEWPROVUS;§Y$NATION$§W will cede §R;¡×$NATION$¡× c¡×eront ¡×;;;;;;;;;;;;x
PEACENEWWITHE;All territory will revert to its pre-war owner.;Tout le territoire retournera ¡×son propri¡×aire d'avant-guerre.;;;;;;;;;;;;x
PEACENONE;no provinces;pas de province;;;;;;;;;;;;x
PEACEOFFERDESC;We have received an offer of peace from $COUNTRY$. They are offering us the following terms:;Nous avons re¡× une offre de paix de $COUNTRY$. Les conditions suivantes nous sont propos¡×s :;;;;;;;;;;;;x
PEACEREQDESC;$COUNTRY$ is requesting an end to hostilities. If we accept, the war will end.\n$RESULT$\nDo you wish to accept their offer?;$COUNTRY$ demande la fin des hostilit¡×. Si nous acceptons, la guerre sera finie.\n$RESULT$\nSouhaitez-vous accepter leur offre ¡×;;;;;;;;;;;;x
PEACESELF;They are negotiating for themselves.;Ils n¡×ocient pour eux-m¡×es.;;;;;;;;;;;;x
PEACETITLE;Peace;Paix;;;;;;;;;;;;x
PEACETO;to §Y$REC$§W;¡×¡×$REC$¡×;;;;;;;;;;;;x
PERC_OF_PARLAMENT;$PERC$% of Parliament.;$PERC$% de parlement.;;;;;;;;;;;;x
PERMANENT_PRESTIGE_TECH;Permanent prestige;Prestige permanent;;;;;;;;;;;;x
PLAY;PLAY;JOUER;START;;;;;;;;;;;x
PLAYER_BANNED;$NAME$ was banned by the host.;$NAME$ a ¡×¡×exclu par l'h¡×e.;;;;;;;;;;;;x
PLAYER_COUNTRY_TOPBAR_RANK;$NAME$ is a §Y$RANK$§W.;$NAME$ est une ¡×$RANK$¡×.;;;;;;;;;;;;x
PLAYER_KICKED;$NAME$ was kicked by the host.;$NAME$ a ¡×¡×expuls¡×par l'h¡×e.;;;;;;;;;;;;x
PLAYER_LOST_DESC;Player(s) $playername$ disconnected. Choose your action.;Joueur(s) $playername$ d¡×onnect¡×s). Choisissez votre action.;;;;;;;;;;;;x
PLAYER_LOST_TITLE;Player disconnected.;Joueur d¡×onnect¡×;;;;;;;;;;;;x
PLR_CONNECT;Player §Y$NAME$§W joined the game.;Le joueur ¡×$NAME$¡× a rejoint la partie.;;;;;;;;;;;;x
PLR_DISC;Player §Y$NAME$§W left the game.;Le joueur ¡×$NAME$¡× a quitt¡×la partie.;;;;;;;;;;;;x
plurality;Government Stability;Stabilit¡×Gouvernementale;;;;;;;;;;;;x
PLURALITY_CHANGE;Monthly Change;Changement mensuel;Monatliche Ver¡×derung;;;;;;;;;;;x
PLURALITY_EFFECT;$DIRECTION$ $VALUE$ Government Stability.\n;$DIRECTION$ $VALUE$ en Stabilit¡×Gouvernementale.\n;;;;;;;;;;;;x
PLURALITY_EXPLANATION;"Government Stability" represents the level of political cohesion and control within a ruling government, affecting the nation's overall efficiency and potential for unrest or revolt.\n\n§RThis mechanic replaces Plurality. Each point of Government Stability increases ruling party support and administrative efficiency§!;"Stabilit¡×gouvernementale" repr¡×ente le niveau de coh¡×ion politique et de contr¡×e au sein d'un gouvernement au pouvoir, affectant l'efficacit¡×globale de la nation ainsi que son potentiel d'instabilit¡×ou de r¡×olte;;;;;;;;;;;;x
PLURALITY_TR;Government Stability is at least §Y$VAL$§W.\n;La Stabilit¡×Gouvernementale est d'au moins ¡×$VAL$¡×.\n;;;;;;;;;;;;x
po_destroy_forts;Destroy all forts in $STATE$.;;Zerst¡×t alle Forts in $STATE$.;;;;;;;;;;;x
po_destroy_naval_bases;Destroy naval base in $STATE$.;;Zers¡×t den Marinest¡×zpunkt in $STATE$ .;;;;;;;;;;;x
po_disarmament;Prohibited from raising armies and lose §Y$PERCENTAGE$%§b of their forces for §Y$YEARS$§b years;N'a plus le droit de lever des arm¡×s et perd ¡×$PERCENTAGE$%¡× de ses forces pendant ¡×$YEARS$¡× ans;Verbot, Armeen auszuheben, und Verlust von ¡×$PERCENTAGE$%¡× ihrer Truppen f¡× ¡×$YEARS$¡× Jahre.;;;;;;;;;;;x
po_disarmament2;Prohibited from raising armies and lose §Y$PERCENTAGE$%§W of their forces for §Y$YEARS$§W years;N'a plus le droit de lever des arm¡×s et perd ¡×$PERCENTAGE$%¡× de ses forces pendant ¡×$YEARS$¡× ans;Verbot des Aushebens von Armeen und Verlust von ¡×$PERCENTAGE$%¡× ihrer Truppen ¡×er ¡×$YEARS$¡× Jahre.;;;;;;;;;;;x
po_gunboat;Repay Debts.;Rembourser les dettes;Schulden tilgen.;;;;;;;;;;;x
po_install_communist_gov_type;Install communist government;Installer un gouvernement communiste;Kommunistische Regierung einsetzen;;;;;;;;;;;x
PO_ISBETTER;If we refuse this offer, we will suffer the following:\n §R+$MIL$§W Militancy, §R+$WE$§W War exhaustion;Si nous refusons cette offre, nous subirons ce qui suit :\n ¡×+$MIL$¡× de militantisme, ¡×+$WE$¡× d’¡×uisement de guerre;Wenn wir dieses Angebot ablehnen, werden wird das folgende Konsequenzen haben:\n ¡×+$MIL$¡× Militanz, ¡×+$WE$¡× Kriegsm¡×igkeit;;;;;;;;;;;x
PO_PD_10;You have won a victory. The enemy would most likely accept a white peace, or the fulfilment of at least a limited war goal in a peace settlement.;Vous avez remport¡×une victoire. L'ennemi acceptera certainement une paix blanche ou vous conc¡×era au moins un objectif de guerre limit¡×lors des n¡×ociations de paix.;Sie haben gesiegt. Der Feind wird in den Friedensverhandlungen mit größter Wahrscheinlichkeit wohl einen wei¡×n Frieden oder die Erf¡×lung eines eingeschr¡×kten Kriegsziels akzeptieren.;;;;;;;;;;;x
PO_PD_100;Sire, we have won a devastating victory and can dictate any sort of peace we would like;Sire, nous avons remport¡×une ¡×rasante victoire et sommes en mesure d'imposer la paix selon nos conditions.;Sire, wir haben einen verheerenden Sieg errungen und k¡×nen jede Art von Frieden diktieren.;;;;;;;;;;;x
PO_PD_40;You have won a total victory and should demand the fulfilment of at least one major war goal in a peace settlement.;Vous avez remport¡×une victoire totale et devez exiger l'application d'au moins un objectif de guerre lors des n¡×ociations de paix.;Sie haben einen totalen Sieg errungen, und in den Friedensverhandlungen k¡×nen Sie die volle Erf¡×lung mindestens eines gro¡×n Kriegsziels erwarten.;;;;;;;;;;;x
PO_PD_70;You have won a devastating victory and can expect the fulfilment of several war goals in a peace settlement.;Vous avez remport¡×une ¡×rasante victoire et pouvez esp¡×er atteindre plusieurs objectifs de guerre lors des n¡×ociations de paix.;Sie haben einen verheerenden Sieg errungen, und in den Friedensverhandlungen k¡×nen Sie die volle Erf¡×lung mehrerer Kriegsziele erwarten.;;;;;;;;;;;x
PO_PD_NEG_100;We are utterly defeated, and the enemy can dictate any sort of peace he would like.;Nous avons ¡×¡×vaincus et l'ennemi peut nous imposer ses conditions de paix.;Wir sind am Boden zerst¡×t, und der Feind kann alle Friedensbedingungen diktieren, die er will.;;;;;;;;;;;x
PO_PD_NEG_25;The enemy has won, and we should consider offering the fulfilment of at least a limited war goal of theirs in exchange for peace.;L'ennemi a gagn¡× Nous devons donc envisager de lui conc¡×er au moins un de ses objectifs de guerre limit¡× en ¡×hange de la paix.;Der Feind hat gewonnen, und wir sollten mit dem Gedanken spielen, im Gegenzug f¡× den Frieden mindestens ein eingeschr¡×ktes Kriegsziel zu erf¡×len.;;;;;;;;;;;x
PO_PD_NEG_5;The war is still undecided.;L'issue de la guerre est toujours incertaine.;Der Krieg ist immer noch unentschieden.;;;;;;;;;;;x
PO_PD_NEG_60;The enemy has won a total victory, and we should consider offering them the fulfilment of at least one of their major war goals.;L'ennemi a remport¡×une victoire totale. Nous devons donc envisager de lui conc¡×er au moins un de ses principaux objectifs de guerre.;Der Feind hat einen totalen Sieg erzielt, und wir sollten mit dem Gedanken spielen, im Gegenzug f¡× den Frieden die Erf¡×lung mindestens eines gro¡×n Kriegsziels anzubieten.;;;;;;;;;;;x
PO_PD_NEG_99;The enemy has won a devastating victory, and we can expect them to demand the fulfilment of several war goals in the peace negotiations.;L'ennemi a remport¡×une victoire ¡×rasante. Il risque de nous demander de conc¡×er plusieurs objectifs de guerre lors des n¡×ociations de paix.;Der Feind hat einen verheerenden Sieg erzielt, und wir k¡×nen damit rechnen, dass sie in den Friedensverhandlungen die Erf¡×lung mehrerer Kriegsziele verlangen werden.;;;;;;;;;;;x
po_reduce_prestige;Prestige is reduced by §R$VALUE$§b;Le prestige est r¡×uit de : ¡×$VALUE$¡×;Prestige um ¡×$VALUE$¡× reduziert;;;;;;;;;;;x
po_reduce_prestige2;§YPrestige§W is reduced by §R$VALUE$§W;Le ¡×prestige¡× est r¡×uit de : ¡×$VALUE$¡×;¡×Prestige¡× wird um ¡×$VALUE$¡× reduziert.;;¡×Prestige¡× se ve reducido en ¡×$VALUE$¡×;;;;;;;;;x
PO_THEYLEAD;, and they are negotiating for their entire alliance.;, et ils n¡×ocient pour toute leur alliance;, und sie verhandeln im Namen ihres gesamten B¡×dnisses.;;;;;;;;;;;x
po_reparations;Must pay §Y$PERCENTAGE$%§b of tax income for §Y$YEARS$§b years;Doit payer ¡×$PERCENTAGE$%¡× de taxes pendant ¡×$YEARS$¡× ans.;Muss ¡×$PERCENTAGE$%¡× des Steuereinkommens f¡× ¡×$YEARS$¡× Jahre zahlen.;;;;;;;;;;;x
po_reparations2;Must pay §Y$PERCENTAGE$%§W of tax income for §Y$YEARS$§W years;Doit payer ¡×$PERCENTAGE$%¡× de taxes pendant ¡×$YEARS$¡× ans.;Zahlung von ¡×$PERCENTAGE$%¡× der Steuereinnahmen f¡× ¡×$YEARS$¡× Jahre.;;Debe pagar el ¡×$PERCENTAGE$%¡× de sus impuestos durante ¡×$YEARS$¡× a¡×s;;;;;;;;;x
PO_THEYNOTLEAD;, and they are merely negotiating for themselves.;, et ils n¡×ocient en leur nom seul;, und sie verhandeln nur f¡× sich selbst.;;;;;;;;;;;x
po_uninstall_communist_gov_type;Uninstall communist government;R¡×oquer le gouvernement communiste;Kommunistische Regierung absetzen;;;;;;;;;;;x
PO_WELEAD;We negotiate on behalf of our entire alliance;Nous n¡×ocions au nom de toute notre alliance;Wir verhandeln im Namen unseres gesamten B¡×dnisses;;;;;;;;;;;x
PO_WENOTLEAD;We are merely negotiating for ourselves;Nous n¡×ocions en notre seul nom;Wir verhandeln nur f¡× uns selbst;;;;;;;;;;;x
POLITICAL_MOVEMENT_STRENGTH_TR;Political movement strength is higher than §Y$VAL$§W.\n;Mouvement politique dont la force est sup¡×ieure ¡×¡×$VAL$¡×.\n;;;;;;;;;;;;x
POLITICS;Politics;Politique;;;;;;;;;;;;x
POLITICS_ALREADY_HOLDING_ELECTION_TOOLTIP;An election is under way. A new ruling party will be elected $DATE$.\n;Des ¡×ections sont en cours. Un nouveau parti dirigeant a ¡×¡×¡×u le $DATE$.\n;;;;;;;;;;;;x
POLITICS_ALREADY_RULING_PARTY;$PARTY$ is already the ruling party.;$PARTY$ est d¡×¡×le parti dirigeant.;;;;;;;;;;;;x
POLITICS_CAN_DO_POLITICAL_REFROMS;Can enact political reforms;Peut entreprendre des r¡×ormes politiques;;;;;;;;;;;;x
POLITICS_CAN_DO_SOCIAL_REFROMS;Can enact social reforms;Peut entreprendre des r¡×ormes sociales;;;;;;;;;;;;x
POLITICS_CAN_NOT_DO_POLITICAL_REFROMS;Can't enact political reforms;Ne peut pas entreprendre de r¡×ormes politiques;;;;;;;;;;;;x
POLITICS_CAN_NOT_DO_SOCIAL_REFROMS;Can't enact social reforms;Ne peut pas entreprendre de r¡×ormes sociales;;;;;;;;;;;;x
POLITICS_CAN_REVOKE_POLITICAL_REFROMS;Can revoke political reforms;Peut renoncer aux r¡×ormes politiques;;;;;;;;;;;;x
POLITICS_CAN_REVOKE_SOCIAL_REFROMS;Can revoke social reforms;Peut renoncer aux r¡×ormes sociales;;;;;;;;;;;;x
POLITICS_CANNOT_HOLD_ELECTION_TOOLTIP;$GOVERNMENT$ does not allow elections.\n;Le r¡×ime actuel ($GOVERNMENT$) ne permet pas d'organiser des ¡×ections.\n;;;;;;;;;;;;x
POLITICS_CANNOT_SET_RULING_PARTY_IN_ELECTION;It is not possible to switch ruling parties in the middle of an election.;Il est impossible de changer de parti dirigeant en cours d'¡×ection.;;;;;;;;;;;;x
POLITICS_CANNOT_SET_RULING_PARTY_RULE;Our government form does not allow us to appoint ruling parties;Notre r¡×ime politique ne nous permet pas de d¡×igner les partis dirigeants.;;;;;;;;;;;;x
POLITICS_CANNOT_SET_RULING_PARTY_TOOLTIP;We cannot select $PARTY$ as our ruling party because:\n;Nous ne pouvons pas s¡×ectionner $PARTY$ comme parti dirigeant car :\n;;;;;;;;;;;;x
POLITICS_CIVILIZE;Westernize;Occidentalisation;;;;;;;;;;;;x
POLITICS_COUNTRY_MODIFIERS;Country Modifiers;Modificateurs nationaux;;;;;;;;;;;;x
POLITICS_CURRENT_RULING_PARTY_TOOLTIP;Current ruling party: $PARTY$\n;Parti dirigeant : $PARTY$\n;;;;;;;;;;;;x
POLITICS_DECISIONS;Decisions;D¡×isions;;;;;;;;;;;;x
POLITICS_DECISIONS_TAB;Decisions;D¡×isions;;;;;;;;;;;;x
POLITICS_DOMINION;Dominion;Dominion;;;;;;;;;;;;x
POLITICS_ECONOMIC_REFORMS;Economic Reforms;R¡×ormes ¡×onomiques;;;;;;;;;;;;x
POLITICS_HOLD_ELECTION_TOOLTIP;Hold election to appoint a new ruling party.\n;Organisez des ¡×ections pour d¡×igner un nouveau parti dirigeant.\n;;;;;;;;;;;;x
POLITICS_IMPORTANT_ISSUES_DESC;Important Issues;Positions politiques importantes;;;;;;;;;;;;x
POLITICS_IN_FAVOR_TOOLTIP;($PERCENT$% of the Upper House in favour of reforms);;;;;;;;;;;;;x
POLITICS_ISSUE;Issue;Position politique;;;;;;;;;;;;x
POLITICS_MATTERS_OF_STATE;Matters of State;;;;;;;;;;;;;x
POLITICS_MILITARY_REFORMS;Military Reforms;R¡×ormes militaires;;;;;;;;;;;;x
POLITICS_MOVEMENTS;Movements;Mouvements;;;;;;;;;;;;x
POLITICS_MOVEMENTS_TAB;Movements;Mouvements;;;;;;;;;;;;x
POLITICS_NATIONALVALUE_TOOLTIP;Our national value is §Y$NATIONALVALUE$§W.\n;Notre valeur nationale est de ¡×$NATIONALVALUE$¡×.\n;;;;;;;;;;;;x
POLITICS_NOT_ACCEPTED;Our form of government does not allow §Y$WHICH$§W parties.;Notre forme de gouvernement n’autorise pas les partis ¡×$WHICH$¡×.;;;;;;;;;;;;x
POLITICS_NOT_BEFORE;We cannot change ruling party again before §Y$DATE$§W.;Nous ne pouvons pas changer de parti dirigeant avant ¡×$DATE$¡×.;;;;;;;;;;;;x
POLITICS_PARTY_TOOLTIP;$PARTY$ ($IDEOLOGY$)\n;$PARTY$ ($IDEOLOGY$)\n;;;;;;;;;;;;x
POLITICS_PEOPLE;People;Peuple;;;;;;;;;;;;x
POLITICS_PEOPLE_CHART_TOOLTIP;$PERCENT$% of our population are $IDEOLOGY$\n;$PERCENT$ % de notre population = $IDEOLOGY$\n;;;;;;;;;;;;x
POLITICS_PEOPLE_IDEOLOGIES;Peoples' Ideologies;Id¡×l. de la population;;;;;;;;;;;;x
POLITICS_PLURALITY_TOOLTIP;Our plurality is $PERCENT$%.\n;Notre pluralit¡×est de $PERCENT$ %.\n;;;;;;;;;;;;x
POLITICS_POLITICAL_REFORMS;Political Reforms;R¡×ormes politiques;;;;;;;;;;;;x
POLITICS_REBELS;Rebels and Corruption;Rebelles;;;;;;;;;;;;x
POLITICS_REFORMS;Reforms;R¡×ormes;;;;;;;;;;;;x
POLITICS_RELEASE_NATIONS;Release Nations;Nations lib¡×ables;;;;;;;;;;;;x
POLITICS_RELEASE_VASSAL;Release Nation;Lib¡×er une nation;;;;;;;;;;;;x
POLITICS_RELEASE_VASSAL_DESC;§Y$TAG$§b will receive the following §Y$NUM$§b province(s): §Y$PROVINCES$§b;¡×$TAG$¡× recevra ¡×$NUM$¡× province(s) : ¡×$PROVINCES$¡×;;;;;;;;;;;;x
POLITICS_RELEASE_VASSAL_DESC_LIMIT;§b and others.;¡× ainsi que d'autres.;;;;;;;;;;;;x
POLITICS_RELEASE_VASSAL_TOOLTIP;Release §Y$TAG$§W as a §Y$TYPE$§W. §Y$TAG$§W will receive the following §Y$NUM$§W province(s): §Y$PROVINCES$§W;Lib¡×er ¡×$TAG$¡× en tant que ¡×$TYPE$¡×.\n¡×$TAG$¡× recevra ¡×$NUM$¡× province(s) : ¡×$PROVINCES$¡×;;;;;;;;;;;;x
POLITICS_REVANCHSIM_TOOLTIP;Our revanchism is $PERCENT$%.\n;Notre revanchisme est de $PERCENT$ %.\n;;;;;;;;;;;;x
POLITICS_SATELLITE;Satellite;Satellite;;;;;;;;;;;;x
POLITICS_SELECT_NEW_RULER_PARTY;Select New Ruling Party;S¡×ectionner un nouveau parti dirigeant;;;;;;;;;;;;x
POLITICS_SET_RULING_PARTY_TOOLTIP;Select $PARTY$ as our ruling party\n;S¡×ectionnez $PARTY$ comme parti dirigeant de notre pays\n;;;;;;;;;;;;x
POLITICS_SHOW_REFORMS;Show Reforms;Afficher les r¡×ormes;;;;;;;;;;;;x
POLITICS_SHOW_VASSALS;Show Release Nations;Afficher les nations lib¡×¡×s;;;;;;;;;;;;x
POLITICS_SOCIAL_REFORMS;Social Reforms;R¡×ormes sociales;;;;;;;;;;;;x
POLITICS_SORT_BY_ISSUE_NAME_TOOLTIP;Sort list by issues;Classer la liste par positions politiques;;;;;;;;;;;;x
POLITICS_SORT_BY_PEOPLE_TOOLTIP;Sort list by how important it is to our population;Classer la liste par ordre d'importance pour notre population;;;;;;;;;;;;x
POLITICS_SORT_BY_VOTERS_TOOLTIP;Sort list by how important it is to our voters;Classer la liste par ordre d'importance pour nos ¡×ecteurs;;;;;;;;;;;;x
POLITICS_SUPPORT_REFORM;$IDEOLOGY$: $POSITIVE$% votes yes, $NEGATIVE$% votes no.($PERCENT$% of Upper House)\n;;;;;;;;;;;;;x
POLITICS_TOTAL_SUPPORT_REFORM;$PERCENT$% of Upper House votes yes\n;$PERCENT$ % de voix pour ¡×la Chambre haute\n;;;;;;;;;;;;x
POLITICS_UPPERHOUSE;Upper House;;;;;;;;;;;;;x
POLITICS_UPPERHOUSE_CHART_TOOLTIP;$PERCENT$% of the upper house are $IDEOLOGY$\n;$PERCENT$ % de la Chambre haute = $IDEOLOGY$\n;;;;;;;;;;;;x
POLITICS_VIEW_ALL_PARTIES_TOOLTIP;View all parties\n;Afficher tous les partis\n;;;;;;;;;;;;x
POLITICS_VOTERS;Voters;Électeurs;;;;;;;;;;;;x
POLITICS_VOTERS_CHART_TOOLTIP;$PERCENT$% of the voters are $IDEOLOGY$\n;$PERCENT$ % des votants = $IDEOLOGY$\n;;;;;;;;;;;;x
POLITICS_VOTERS_IDEOLOGIES;Voters' Ideologies;Id¡×logies des ¡×ecteurs;;;;;;;;;;;;x
POLL_ESTIMATED_ELECTION;In an election we estimate the following result.;En cas d'¡×ection, nous nous attendons au r¡×ultat suivant.;;;;;;;;;;;;x
POLREFORM_1;Political Reforms in $COUNTRY$;R¡×ormes politiques pour $COUNTRY$;;;;;;;;;;;;x
POLREFORM_2;$MONARCHTITLE$, we have now enacted;$MONARCHTITLE$, nous avons maintenant d¡×r¡×¡×;;;;;;;;;;;x
POLREFORM_3;$ISSUE$;$ISSUE$;;;;;;;;;;;;x
POLREFORM_4;in;en;;;;;;;;;;;;x
POLREFORM_5;*;$CATEGORY$;;;;;;;;;;;;x
POLREFORM_6;*;*;;;;;;;;;;;;x
POLREFORM_BAD_1;Political Reforms Revoked in $COUNTRY$;R¡×ormes sociales supprim¡×s pour $COUNTRY$;;;;;;;;;;;;x
POLREFORM_BAD_2;$MONARCHTITLE$, we have now revoked benefits in;$MONARCHTITLE$, nous avons maintenant annul¡×les avantages de;;;;;;;;;;;;x
POLREFORM_BAD_3;$CATEGORY$;$CATEGORY$;;;;;;;;;;;;x
POLREFORM_BAD_4;from $OLD$ to $ISSUE$.;de $OLD$ ¡×$ISSUE$.;;;;;;;;;;;;x
POLREFORM_BAD_5;*;*;;;;;;;;;;;;x
POLREFORM_BAD_6;*;*;;;;;;;;;;;;x
POLREFORM_BAD_BTN1;OK;OK;;;;;;;;;;;;x
POLREFORM_BAD_BTN2;OK;OK;;;;;;;;;;;;x
POLREFORM_BAD_BTN3;Go To;ALLER ¡×;;;;;;;;;;;x
POLREFORM_BAD_HEADER;Political News in $COUNTRY$;Titre;;;;;;;;;;;;x
POLREFORM_BAD_LOG;We revoked $OLD$ in $CATEGORY$ to $ISSUE$.;Nous avons annul¡×$OLD$ de $CATEGORY$ pour $ISSUE$.;;;;;;;;;;;;x
POLREFORM_BAD_MAP;*;*;;;;;;;;;;;;x
POLREFORM_BAD_SETUP;When removing a political reform;Lors de la suppression d'une r¡×orme sociale;;;;;;;;;;;;x
POLREFORM_BTN1;OK;OK;;;;;;;;;;;;x
POLREFORM_BTN2;OK;OK;;;;;;;;;;;;x
POLREFORM_BTN3;Go To;ALLER ¡×;;;;;;;;;;;x
POLREFORM_HEADER;Political News in $COUNTRY$;Titre;;;;;;;;;;;;x
POLREFORM_LOG;We enacted $ISSUE$ in $CATEGORY$.;Nous avons d¡×r¡×¡×$ISSUE$ pour $CATEGORY$.;;;;;;;;;;;;x
POLREFORM_MAP;*;*;;;;;;;;;;;;x
POLREFORM_SETUP;When enacting a political reform;Lors du d¡×ret d'une r¡×orme sociale;;;;;;;;;;;;x
POOR_MILITANCY_LESS_THAN;Poor strata militancy less than ;Militantisme des classes d¡×avoris¡×s inf¡×ieur ¡×;;;;;;;;;;;x
POOR_MILITANCY_MORE_THAN;Poor strata militancy more than ;Militantisme des classes d¡×avoris¡×s sup¡×ieur ¡×;;;;;;;;;;;x
POOR_STRATA;Poor Strata;Classes d¡×avoris¡×s;Unterschicht;;;;;;;;;;;x
POP_ASSM;§Y$NUM$§W people will assimilate to §Y$TYPE$§W each month;¡×$NUM$¡× personnes seront assimil¡×s ¡×$TYPE$¡× chaque jour;¡×$NUM$¡× Menschen werden t¡×lich assimiliert zu: ¡×$TYPE$¡×;;;;;;;;;;;x
POP_ASSM_FACTORS;Assimilation Factors:;Facteurs d'assimilation :;Assimilierungsfaktoren:;;;;;;;;;;;x
POP_BUILD_NEW_PROVINCEBUILDING;Investing in railways;Financement de voies ferr¡×s;Investiert in die Eisenbahn;;;;;;;;;;;x
POP_BUILD_NEW_STATEBUILDING;Investing in a new factory;Financement d'une nouvelle usine;Investiert in eine neue Fabrik;;;;;;;;;;;x
POP_BUILDING;Current project: §Y$TYPE$§W\n;Projet actuel : ¡×$TYPE$¡×\n;Aktuelles Projekt: ¡×$TYPE$¡×\n;;;;;;;;;;;x
POP_COLONIAL_MIGRATION;§Y$NUM$§! people intend to move to the colonies.;¡×$NUM$¡× personnes ont l'intention de migrer vers les colonies.;;;;;;;;;;;;x
POP_COLONIAL_MIGRATION_FACTORS;Colonial migration factors:;Facteurs de migration coloniale :;Koloniale Migrationsfaktoren:;;;;;;;;;;;x
POP_COLONIAL_MIGRATION_NONE;No colonial migration.;Aucune migration coloniale.;Keine koloniale Migration.;;;;;;;;;;;x
POP_CON_CHANGE_REBEL;This pop is living in §Y$PROV$§W that is under §RRebels§W control.\nIt's consciousness change cannot be estimated.;Cette population vit en ¡×$PROV$¡×, sous contr¡×e des ¡×Rebels¡× rebelles.\nPas d'estimation de la modification de la conscience nationale;;;;;;;;;;;;x
POP_CON_CLERGY;Intellectuals;;;;;;;;;;;;;x
POP_CON_LITERACY;Literacy;Alphab¡×isation;;;;;;;;;;;;x
POP_CON_LUXURY_GOODS;Luxury Goods Bought;Biens de luxe achet¡×;;;;;;;;;;;;x
POP_CON_TOTAL;Monthly Change:;Changement mensuel :;;;;;;;;;;;;x
POP_CONVERSION;§Y$NUM$§W people will convert to §Y$TYPE$§W each day;¡×$NUM$¡× personnes seront converties ¡×$TYPE$¡× chaque jour;¡×$NUM$¡× Menschen konvertieren t¡×lich zur Religion: ¡×$TYPE$¡×;;;;;;;;;;;x
POP_CONVERSION_FACTORS;Conversion factors:;Facteurs de conversion :;Konvertierungsfaktoren:;;;;;;;;;;;x
POP_CULTURE;Culture;Culture;Kultur;;;;;;;;;;;x
POP_CURRENT_PROD;Current Production:;Production actuelle :;;;;;;;;;;;;x
POP_DAILY_BANK;Deposited in bank: §Y$VAL$§W¤;;;;;;;;;;;x
POP_DAILY_EVENTS;Events: §Y$VAL$§W¤;;;;;;;;;;x
POP_DAILY_EXPENSES;Expenses: §Y$VAL$§W¤;;;;;;;;;;x
POP_DAILY_INTEREST;Savings Interest: §Y$VAL$§W¤;;;;;;;;;;;x
POP_DAILY_MONEY;Daily Income: §Y$VAL$§W¤;;;;;;;;;;x
POP_DAILY_NEEDS;Needs: §Y$VAL$§W¤;;;;;;;;;;x
POP_DAILY_PROJECT;Projects: §Y$VAL$§W¤;;;;;;;;;;x
POP_DAILY_SALARY;Salary: §Y$VAL$§W¤;;;;;;;;;;x
POP_DAILY_WELFARE;Welfare: §Y$VAL$§W¤;;;;;;;;;;x
POP_DEMOTION;§Y$NUM$§W people will demote to §Y$TYPE$§W each month;¡×$NUM$¡× personnes seront r¡×rograd¡×s ¡×$TYPE$¡× chaque jour;¡×$NUM$¡× Menschen werden t¡×lich zu ¡×$TYPE$¡× degradiert.;;;;;;;;;;;x
POP_DEMOTION_FACTORS;Demotion factors:;Facteur de r¡×rogradation : ;Degradierungsfaktoren:;;;;;;;;;;;x
POP_DEMOTION_TARGET;Change employment to:;Changer d'emploi pour : ;Arbeit ¡×dern zu:;;;;;;;;;;;x
POP_DETAIL_EVERYDAYNEEDS;Everyday Needs;Besoins quotidiens;;;;;;;;;;;;x
POP_DETAIL_LIFENEEDS;Basic Needs;Besoins vitaux;;;;;;;;;;;;x
POP_DETAIL_LUXUARYNEEDS;Luxury Needs;Besoins de luxe;;;;;;;;;;;;x
POP_DETAILS_BANK;Savings:;Épargne :;;;;;;;;;;;;x
POP_DETAILS_COLONIAL_MIGRATION;Colonial migration:;Migration coloniale :;;;;;;;;;;;;x
POP_DETAILS_DEMOTIONS;Demotions:;R¡×rogradations :;;;;;;;;;;;;x
POP_DETAILS_EXPENSES;Expenses:;D¡×enses :;;;;;;;;;;;;x
POP_DETAILS_EXTERNAL_MIGRATION;External migration:;Migration externe :;;;;;;;;;;;;x
POP_DETAILS_INCOME;Income:;Revenus :;;;;;;;;;;;;x
POP_DETAILS_INTERNAL_MIGRATION;Internal migration:;Migration interne :;;;;;;;;;;;;x
POP_DETAILS_MONEY;Cash:;Argent :;;;;;;;;;;;;x
POP_DETAILS_POPCHANGES;Pop Changes;Changements POP;;;;;;;;;;;;x
POP_DETAILS_PROMOTIONS;Promotions:;Promotions :;;;;;;;;;;;;x
POP_DETAILS_UNEMPLOYED;Unemployed:;Sans emploi :;;;;;;;;;;;;x
POP_DOMINANT_IDEOLOGY_EFFECT;become §Y$PERCENTAGE$§W more §Y$IDEOLOGY$§W.\n;Jusqu'¡×¡×$PERCENTAGE$¡× de plus approuveront ¡×$IDEOLOGY$¡×.\n;;;;;;;;;;;;x
POP_DOMINANT_ISSUE_EFFECT;become §Y$PERCENTAGE$§W more in favour of §Y$ISSUE$§W.\n;Jusqu'¡×¡×$PERCENTAGE$¡× de plus approuveront ¡×$ISSUE$¡×.\n;;;;;;;;;;;;x
POP_DONT_HAVE_X_INY;$TYPE$ in $PROV$ does not have $WHAT$.;$TYPE$ en $PROV$ n'a pas de $WHAT$.;;;;;;;;;;;;x
POP_EXPAND_STATE_FACTORY;Investing in factory expansion;Financement de l'agrandissement d'une usine;Investiert in Fabrikerweiterung;;;;;;;;;;;x
POP_EXTERNAL_MIGRATION;§Y$NUM$§! people intend to move to another country.;¡×$NUM$¡× personnes ont l'intention de migrer vers un autre pays.;;;;;;;;;;;;x
POP_EXTERNAL_MIGRATION_FACTORS;External migration factors:;Facteurs de migration externe :;Externe Migrationsfaktoren:;;;;;;;;;;;x
POP_EXTERNAL_MIGRATION_NONE;No external migration.;Aucune migration externe.;Keine externe Migration.;;;;;;;;;;;x
POP_FILTER_DESELECT_ALL;Deselect All;Tout d¡×¡×ectionner;Alle abw¡×len;;;;;;;;;;;x
POP_FILTER_SELECT_ALL;Select All;Tout s¡×ectionner;Alle ausw¡×len;;;;;;;;;;;x
POP_HAVE_X_INY;$TYPE$ in $PROV$ have $WHAT$;$TYPE$ en $PROV$ a $WHAT$;;;;;;;;;;;;x
POP_IMPACT_UNITVIEW;Due to losses in the reserves, this unit reinforces at §Y$VAL$%§W speed.;Compte tenu des pertes subies dans les r¡×erves, cette unit¡×se renforce ¡×une vitesse de ¡×$VAL$%¡×.;;;;;;;;;;;;x
POP_INTERNAL_MIGRATION;§Y$NUM$§! people intend to move to other national provinces.;¡×$NUM$¡× personnes ont l'intention de migrer vers d'autres provinces du pays.;;;;;;;;;;;;x
POP_INTERNAL_MIGRATION_FACTORS;Internal migration factors:;Facteurs de migration interne :;Interne Migrationsfaktoren:;;;;;;;;;;;x
POP_INTERNAL_MIGRATION_NONE;No internal migration.;Aucune migration interne.;Keine interne Migration.;;;;;;;;;;;x
POP_LACK_GOODS;Some goods not available on market:;Certains biens ne sont pas disponibles sur le march¡×:;Einige G¡×er sind nicht auf dem Markt verf¡×bar:;;;;;;;;;;;x
POP_LACK_MONEY_FOR_NEEDS;Lacked funds to buy needed goods;Fonds insuffisants pour acheter les biens n¡×essaires;Zu wenig Geld zum Kauf erforderlicher G¡×er.;;;;;;;;;;;x
POP_LEAVE_INFO_ON_SEL;$VAL$ have stopped being $WHO$ in $WHERE$ recently.;Aujourd'hui, $VAL$ ont cess¡×d'¡×re $WHO$ en $WHERE$.;;;;;;;;;;;;x
POP_MIL_CHANGE_REBEL;This pop is living in §Y$PROV$§W that is under §RRebels§W control.\nIt's militancy change cannot be estimated.;Cette population vit en ¡×$PROV$¡×, sous contr¡×e des ¡×Rebels¡× rebelles.\nPas d'estimation de la modification du militantisme;;;;;;;;;;;;x
POP_MIL_HAS_EVERY;Everyday-Needs fulfilled;Besoins quotidiens satisfaits;;;;;;;;;;;;x
POP_MIL_LACK_EVERY;Everyday-Needs not fulfilled;Besoins quotidiens non satisfaits;;;;;;;;;;;;x
POP_MIL_LUXURY;Enough Luxury bought;Assez de biens de luxe achet¡×;;;;;;;;;;;;x
POP_MIL_NO_LIFE;Life-Needs not fulfilled;Besoins vitaux non satisfaits;;;;;;;;;;;;x
POP_MIL_REFORM;Reform Desire;D¡×ir de r¡×orme;;;;;;;;;;;;x
POP_MIL_RULING;Agrees with Ruling Party;Est d'accord avec le parti dirigeant;;;;;;;;;;;;x
POP_MIL_TOTAL;Monthly Change:;Changement mensuel :;;;;;;;;;;;;x
POP_NEED_DETAIL;Need $VAL$ for pops;Un besoin de $VAL$ pour notre population;Ben¡×igt $VAL$ f¡× Bev¡×kerungen;;;;;;;;;;;x
POP_NO_CONV_TARGET;No Valid Target.;Aucune cible valide.;Kein g¡×tiges Ziel.;;;;;;;;;;;x
POP_NO_POPS_OF_TYPE;No pops of this type;Aucun groupe d¡×ographique pour ce type;;;;;;;;;;;;x
POP_NO_PROJECT;Nothing;Rien;Nichts;;;;;;;;;;;x
POP_NON_CULTURE;Minority Culture;Culture minoritaire;;;;;;;;;;;;x
POP_NOT_OF_CULTURE;are not $WHAT$.;ne sont pas $WHAT$.;;;;;;;;;;;;x
POP_NOT_OF_RELIGION;are not $WHAT$.;ne sont pas $WHAT$.;;;;;;;;;;;;x
POP_OF_CULTURE;are $WHAT$.;sont $WHAT$.;;;;;;;;;;;;x
POP_OF_RELIGION;are $WHAT$.;sont $WHAT$.;;;;;;;;;;;;x
POP_OTHER_CULT;Other;Autres;;;;;;;;;;;;x
POP_OTHER_LABEL;Other;Autres;;;;;;;;;;;;x
POP_PRODUCED;Produced: §Y$VAL$§W;Biens produits : ¡×$VAL$¡×;;;;;;;;;;;;x
POP_PRODUCER_MARKET;This Producer;Ce producteur;;;;;;;;;;;;x
POP_PRODUCING;Producing;Production;Produziert;;;;;;;;;;;x
POP_PROMOTE_INFO_ON_SEL;$VAL$ have signed up to be $WHO$ in $WHERE$ recently.;Aujourd'hui, $VAL$ ont chang¡×pour devenir $WHO$ en $WHERE$.;;;;;;;;;;;;x
POP_PROMOTION;§Y$NUM$§W people promote to §Y$TYPE$§W each month;¡×$NUM$¡× personnes sont promues ¡×$TYPE$¡× chaque jour;¡×$NUM$¡× Menschen werden t¡×lich zu ¡×$TYPE$¡× bef¡×dert.;;;;;;;;;;;x
POP_PROMOTION_FACTORS;Promotion factors:;Facteurs de promotion : ;Bef¡×derungsfaktoren:;;;;;;;;;;;x
POP_PROMOTION_TARGET;Promote to:;Promus en : ;Bef¡×dern zu:;;;;;;;;;;;x
POP_PROVINCE;Province: §Y$VALUE$§W\n;Province : ¡×$VALUE$¡×\n;Provinz: ¡×$VALUE$¡×\n;;;;;;;;;;;x
POP_RELIGION;Religion;Religion;Religion;;;;;;;;;;;x
POP_REOPEN_STATE_FACTORY;Investing in factory reopening;Financement de la r¡×uverture d'une usine;Investiert in Fabrik-Neuer¡×fnung;;;;;;;;;;;x
POP_SIZE_INFO_ON_SEL;There are $VAL$ $WHO$ in $WHERE$.;Il y a $VAL$ $WHO$ ¡×$WHERE$.;;;;;;;;;;;;x
POP_SIZE_UNITVIEW;This pop has §Y$VAL$§W people and can support §Y$ALLOWED$§W brigades. Currently it has §Y$CURRENT$§W brigades.;Ce POP dispose de ¡×$VAL$¡× personnes et peut soutenir ¡×$ALLOWED$¡× r¡×iment(s). Il dispose actuellement de ¡×$CURRENT$¡× r¡×iment(s).;;;;;;;;;;;;x
POP_SOLD;Sold: §Y$VAL$§W;Biens vendus : ¡×$VAL$¡×;;;;;;;;;;;;x
POP_SOLD_DOMESTIC;Sold(Domestic): §Y$VAL$§W;Biens vendus (au niveau national) : ¡×$VAL$¡×;;;;;;;;;;;;x
POP_SOLD_EXPORT;Sold(Export): §Y$VAL$§W;Biens vendus (exportation) : ¡×$VAL$¡×;;;;;;;;;;;;x
POP_STATE;State: §Y$VALUE$§W\n;État : ¡×$VALUE$¡×\n;Staat: ¡×$VALUE$¡×\n;;;;;;;;;;;x
POP_TYPE_PERC;$NAME$ is at least §Y$VAL$%§W.\n;$NAME$: sup¡×ieur ¡×¡×$VAL$%¡×.\n;;;;;;;;;;;;x
POP_TYPE_PERC_NOT;$NAME$ is less than §Y$VAL$%§W.\n;$NAME$: inf¡×ieur ¡×¡×$VAL$%¡×.\n;;;;;;;;;;;;x
POP_UNEMPLOYMENT_HIGHER_THAN;§Y$TYPE$§W unemployment above §Y$VAL$§W%;Ch¡×age ¡×$TYPE$¡× sup¡×ieur ¡×¡×$VAL$¡×%;;;;;;;;;;;;x
POP_WANT_AFFORD;Afforded: §Y$VAL$§W;Biens accord¡× : ¡×$VAL$¡×;;;;;;;;;;;;x
POP_WANT_BOUGHT;Bought: §Y$VAL$§W;Biens achet¡× : ¡×$VAL$¡×;;;;;;;;;;;;x
POP_WANT_BUY;Wanted: §Y$VAL$§W;Biens souhait¡× : ¡×$VAL$¡×;;;;;;;;;;;;x
POP_WAR_EXHAUST;War Exhaustion;Épuisement de guerre;;;;;;;;;;;;x
POP_WORLD_MARKET;§YWorld Market§W;¡×March¡×mondial¡×;;;;;;;;;;;;x
POPDETAIL_NO_REBEL;No rebel affiliation;Aucune affiliation rebelle;;;;;;;;;;;;x
POPULARITY_IS_ATLEAST_TRIGGER;§Y$IDEOLOGY$§W has popularity at least §Y$VALUE$§W.\n;La popularit¡×de ¡×$IDEOLOGY$¡× est d'au moins ¡×$VALUE$¡×.\n;;;;;;;;;;;;x
POPULARITY_IS_NOT_TRIGGER;§Y$IDEOLOGY$§W does not have §Y$VALUE$§W in popularity§W.\n;La popularit¡×de ¡×$IDEOLOGY$¡× n'a pas ¡×¡×de ¡×$VALUE$¡×¡×.\n;;;;;;;;;;;;x
POPULATION;Population;Population;;;;;;;;;;;;x
POPULATION_CHANGED_BY;Population changed by;Évolution d¡×ographique :;;;;;;;;;;;;x
POPULATION_DENSITY_AT_PROVINCE;Total population in §Y$PROV$§W:;Population totale en ¡×$PROV$¡× :;;;;;;;;;;;;x
POPV_SORT_BY_CASH;Cash Reserves;R¡×erves d'argent;;;;;;;;;;;;x
POPV_SORT_BY_CHANGE;Population Change;Évolution d¡×ographique;;;;;;;;;;;;x
POPV_SORT_BY_CON;Consciousness;Conscience;;;;;;;;;;;;x
POPV_SORT_BY_EVERY;Fulfilment of Everyday Needs;Accomplissement des besoins quotidiens;;;;;;;;;;;;x
POPV_SORT_BY_IDE;Ideologies;Id¡×logies;;;;;;;;;;;;x
POPV_SORT_BY_ISS;Issues;Probl¡×es;;;;;;;;;;;;x
POPV_SORT_BY_LIFE;Fulfilment of Basic Needs;Accomplissement des besoins vitaux;;;;;;;;;;;;x
POPV_SORT_BY_LIT;Literacy;Alphab¡×isation;;;;;;;;;;;;x
POPV_SORT_BY_LUXURY;Fulfilment of Luxury Needs;Accomplissement des besoins de luxe;;;;;;;;;;;;x
POPV_SORT_BY_MIL;Militancy;Militantisme;;;;;;;;;;;;x
POPV_SORT_BY_RR;Rebel faction;Faction rebelle;;;;;;;;;;;;x
POPV_SORT_BY_UNEMPLOYMENT;Unemployment;Ch¡×age;;;;;;;;;;;;x
PORT;This is a naval base from which our fleets can operate.;Ceci est une base navale ¡×partir de laquelle nos flottes peuvent op¡×er.;Dies ist ein Marinest¡×zpunkt, von dem aus unsere Flotten operieren k¡×nen.;;;;;;;;;;;x
precious_goods_RGO_SIZE;Precious Goods Market Size;Salt Production Size;;;;;;;;;;;;x
precious_metal_RGO_SIZE;Precious Metals Mine Size;;;;;;;;;;;;;x
PRESTIGE_EFFECT;$DIRECTION$ $VALUE$ prestige.\n;$DIRECTION$ $VALUE$ prestige.\n;;;;;;;;;;;;x
PRESTIGE_MAX_ORG_BONUS;Organization bonus: §Y$VAL$§W;Bonus pour l'organisation : ¡×$VAL$¡×;;;;;;;;;;;;x
PRESTIGE_MODIFIER_TECH;Prestige gain;Gain de prestige;;;;;;;;;;;;x
PRESTIGE_MORALE_BONUS;Morale bonus: §Y$VAL$§W;Bonus du moral : ¡×$VAL$¡×;;;;;;;;;;;;x
PRESTIGE_PENALTY_ON_LEADER_TRANSFER_DESC;Our country will suffer §R$VAL$§W prestige loss, if we unassign the current leader §Y$NAME$§W from that unit, while at war.\nDo you still want to do that?;Notre pays perdra ¡×$VAL$¡× de prestige si nous retirons le commandant actuel ¡×$NAME$¡× de cette unit¡×en temps la guerre.\nVoulez-vous vraiment le faire ¡×;;;;;;;;;;;;x
PRESTIGE_PENALTY_ON_LEADER_TRANSFER_TITLE;Prestige penalty.;P¡×alit¡×de prestige.;;;;;;;;;;;;x
PRESTIGE_SCORE;Prestige: §Y$VAL$§W;Prestige : ¡×$VAL$¡×;;;;;;;;;;;;x
PRICE_HISTORY_TIME_RANGE;Last $MONTHS$ months;Derniers $MONTHS$ mois;;;;;;;;;;;;x
PROC_FLAGS;Processing Flags...;Traitement des drapeaux…;;;;;;;;;;;;x
PROCEED;Proceed;Accepter;;;;;;;;;;;;x
PROD_INVESTORS;Investors;Investisseurs;;;;;;;;;;;;x
PROD_NO_CURRENT_PROJECTS;Our §YInvestors§W have no projects currently;Notre POP ¡×$POPTYPE$¡× n'a actuellement aucun projet.;;;;;;;;;;;;x
PROD_YOUR_CURRENT_BUDGET;Your current budget:;Votre budget actuel :;;;;;;;;;;;;x
PROD_YOUR_INVESTMENT;Your investment:;Votre investissement :;;;;;;;;;;;;x
PRODUCED_DETAIL;$VAL$ available for our country;$VAL$ sur notre march¡×commun (priorit¡×rang);;;;;;;;;;;;x
PRODUCTION;Production;Production;;;;;;;;;;;;x
PRODUCTION_ALLOWED_TO_CHANGE_PRIO_TOOLTIP;Changes hire priority in factory\n;Change la priorit¡×d'embauche de l'usine.\n;;;;;;;;;;;;x
PRODUCTION_ALLOWED_TO_CLOSE_TOOLTIP;Shut down factory\n;Fermer l'usine\n;;;;;;;;;;;;x
PRODUCTION_ALLOWED_TO_OPEN_TOOLTIP;Reopen factory\n;Rouvrir l'usine\n;;;;;;;;;;;;x
PRODUCTION_ALLOWED_TO_SUBSIDISE_TOOLTIP;Subsidise factory\n;Subventionner l'usine\n;;;;;;;;;;;;x
PRODUCTION_ALLOWED_TO_UPGRADE_TOOLTIP;Upgrade factory\n;R¡×over l'usine\n;;;;;;;;;;;;x
PRODUCTION_AVAILABLE_WORKERS;Available workers:;Main d'œuvre disponible :;;;;;;;;;;;;x
PRODUCTION_BASE_INPUT_GOODS_TOOLTIP;Base input: $BASE$\n;Apports de base : $BASE$\n;;;;;;;;;;;;x
PRODUCTION_BASE_OUTPUT;Base :;Base :;;;;;;;;;;;;x
PRODUCTION_BASE_OUTPUT_GOODS_TOOLTIP;Base output: $BASE$\n;Rendement de base : $BASE$\n;;;;;;;;;;;;x
PRODUCTION_BASE_PRICE;Base Price:;Prix de base :;;;;;;;;;;;;x
PRODUCTION_BONUS;$BON$ bonus from:;;;;;;;;;;;;;x
PRODUCTION_BONUS_POSSIBLE;Possible bonus from:;;;;;;;;;;;;;x
PRODUCTION_BROWSE_INVEST;Other;Autres;;;;;;;;;;;;x
PRODUCTION_BUILD_FACTORY_TOOLTIP;Build $FACTORY$\n;Construire un(e) $FACTORY$\n;;;;;;;;;;;;x
PRODUCTION_BUILD_NEW;Build;Cr¡×r;;;;;;;;;;;;x
PRODUCTION_BUILD_NEW_FACTORY_TOOLTIP;Build new factory;Construire une nouvelle usine;;;;;;;;;;;;x
PRODUCTION_BUILDING_FACTORY_PROGRESS_TOOLTIP;§G$PERC$%§W done, §Y$DAYS$§W days left;¡×$PERC$%¡× termin¡× ¡×$DAYS$¡× jours restants.;;;;;;;;;;;;x
PRODUCTION_BUILDING_FACTORY_TOOLTIP;Building §Y$TYPE$§W;Construction de ¡×$TYPE$¡×;;;;;;;;;;;;x
PRODUCTION_CANCEL_SUBSIDIES;Cancel subsidies;Annuler les subventions;;;;;;;;;;;;x
PRODUCTION_CANNOT_BUILD_MISSING_GOODS_TOOLTIP;You do not have enough goods to build this factory\n;Vous n'avez pas assez de ressources pour construire cette usine.\n;;;;;;;;;;;;x
PRODUCTION_CANNOT_BUILD_MISSING_MONEY_TOOLTIP;You need more money to build this factory\n;Il vous faut plus d'argent pour construire cette usine.\n;;;;;;;;;;;;x
PRODUCTION_CANNOT_BUILD_MISSING_RGO_OUTPUT_TOOLTIP;This state does not produce any of the inputs for this factory\n;Cet État ne produit aucune des mati¡×es premi¡×es n¡×essaires ¡×cette usine.\n;;;;;;;;;;;;x
PRODUCTION_CANNOT_BUILD_MISSING_SELECTION;Select a factory from the list\n;S¡×ectionnez une usine dans la liste.\n;;;;;;;;;;;;x
PRODUCTION_CLOSE_FACTORY_BECAUSE_FOREIGN_TOOLTIP;Cannot close foreign factory\n;Vous ne pouvez pas fermer une usine ¡×rang¡×e\n;;;;;;;;;;;;x
PRODUCTION_CLOSE_FACTORY_BECAUSE_TOOLTIP;We are allowed to close this factory because:\n;Nous sommes autoris¡× ¡×fermer cette usine car :\n;;;;;;;;;;;;x
PRODUCTION_CLOSE_FACTORY_DESC_TOOLTIP;If we shut down the factory, it will cease production and make its entire workforce unemployed;Si nous fermons l'usine, elle cessera de produire et toute la main-d'œuvre sera au ch¡×age.;;;;;;;;;;;;x
PRODUCTION_CLOSE_FACTORY_TOOLTIP;§YShutdown factory§W;¡×Fermer une usine¡×;;;;;;;;;;;;x
PRODUCTION_CLOSE_TOOLTIP;Close window\n;Fermer la fen¡×re\n;;;;;;;;;;;;x
PRODUCTION_CLOSE_WINDOW;Closes production window;Ferme la fen¡×re de production;;;;;;;;;;;;x
PRODUCTION_CLOSED;CLOSED;FERMÉE;;;;;;;;;;;;x
PRODUCTION_COST_BUILD;Build Cost: §Y$VAL$§W;Co¡× de construction : ¡×$VAL$¡×¡×;;;;;;;;;;;x
PRODUCTION_COST_INPUT;Input Cost: §Y$VAL$§W;Co¡× des mati¡×es premi¡×es : ¡×$VAL$¡×¡×;;;;;;;;;;;x
PRODUCTION_COST_REOPEN;Reopening Cost: §Y$VAL$§W;Co¡× de r¡×uverture : ¡×$VAL$¡×;;;;;;;;;;;;x
PRODUCTION_CURRENT_FUNDS;Current Funds:;Fonds actuels :;;;;;;;;;;;;x
PRODUCTION_CURRENT_PRIORITY_TOOLTIP;Current priority: §Y$VALUE$§W;Priorit¡×actuelle : ¡×$VALUE$¡×;;;;;;;;;;;;x
PRODUCTION_CURRENT_STOCKPILE;Current stockpile: §Y$VALUE$§W;R¡×erve actuelle : ¡×$VALUE$¡×;;;;;;;;;;;;x
PRODUCTION_DAILY_OUTPUT;Daily output:;Production quot.;;;;;;;;;;;;x
PRODUCTION_DESELECT_ALL;Deselect All;D¡×¡×ectionner tout;;;;;;;;;;;;x
PRODUCTION_DESELECT_ALL_TOOLTIP;Deselects all filters;D¡×¡×ectionne tous les filtres;;;;;;;;;;;;x
PRODUCTION_DESTROY_FACTORY_BECAUSE_TOOLTIP;We are allowed to destroy this factory because:\n;Nous sommes autoris¡× ¡×d¡×ruire cette usine car :\n;;;;;;;;;;;;x
PRODUCTION_EFFICIENCY_TOOLTIP;;;;;;;;;;;;;;x
PRODUCTION_EXPAND_FACTORY_BECAUSE_TOOLTIP;We are allowed to expand this factory because:\n;Nous sommes autoris¡× ¡×agrandir cette usine car :\n;;;;;;;;;;;;x
PRODUCTION_EXPAND_FACTORY_DESC_TOOLTIP;If we expand this factory, we will increase the number of workers it can hire;Si nous agrandissons l'usine, elle pourra engager plus d'ouvrier.;;;;;;;;;;;;x
PRODUCTION_EXPAND_FACTORY_SHORTCUT_TOOLTIP;§GCtrl+Click§W upgrades all factories of this type which are near their employee limit (§Y$NUMSPECIALFACTORIES$§W).\n§GShift+Click§W upgrades all factories which are near their employee limit (§Y$NUMFACTORIES$§W).;¡×Ctrl+Clic¡× am¡×iore toutes les usines de ce type\n¡×Maj+Clic¡× am¡×iore toutes les usines;;;;;;;;;;;;x
PRODUCTION_EXPAND_FACTORY_TOOLTIP;§YExpand factory§W;¡×Agrandir une usine¡×;;;;;;;;;;;;x
PRODUCTION_EXPANDING_FACTORY_TOOLTIP;Expanding §Y$TYPE$§W;Agrandissement de ¡×$TYPE$¡×;;;;;;;;;;;;x
PRODUCTION_FACTOR_FROM;From;De;;;;;;;;;;;;x
PRODUCTION_FACTOR_OWNER;Owners;Propri¡×aires;;;;;;;;;;;;x
PRODUCTION_FACTOR_WORKER;Workers;Ouvriers;;;;;;;;;;;;x
PRODUCTION_FACTORIES;Factories;Usines;;;;;;;;;;;;x
PRODUCTION_FACTORIES_IN_STATE;Factories in State\n;Usines de l'État\n;;;;;;;;;;;;x
PRODUCTION_FACTORY_COUNT_TOOLTIP;State factories: $CURRENT$/$MAX$\n;Usines de l'État : $CURRENT$/$MAX$\n;;;;;;;;;;;;x
PRODUCTION_FACTORY_CURRENT_BUDGET;Current factory budget: $VALUE$;Budget actuel des usines : $VALUE$;;;;;;;;;;;;x
PRODUCTION_FACTORY_DAYSRED_TOOLTIP;Days of insolvency: §R$DAYS$§W;Jour d’insolvabilit¡×: ¡×$DAYS$¡×;;;;;;;;;;;;x
PRODUCTION_FACTORY_EMPLOYEECOUNT_TOOLTIP;Current employees: $EMPLOYEES$/$EMPLOYEE_MAX$\n;Employ¡× actuels : $EMPLOYEES$/$EMPLOYEE_MAX$\n;;;;;;;;;;;;x
PRODUCTION_FACTORY_EMPLOYEECOUNT_TOOLTIP2;Current employees: $EMPLOYEES$/$EMPLOYEE_MAX$;Employ¡× actuels : $EMPLOYEES$ / $EMPLOYEE_MAX$;;;;;;;;;;;;x
PRODUCTION_FACTORY_INCOME;Income;Revenus;;;;;;;;;;;;x
PRODUCTION_FACTORY_INCOME_TOOLTIP;Last day's income: $INCOME$\n;Revenus de la veille : $INCOME$\n;;;;;;;;;;;;x
PRODUCTION_FACTORY_INVESTMENT;From investments: $VALUE$;Des investissements : $VALUE$;;;;;;;;;;;;x
PRODUCTION_FACTORY_LEVEL_TOOLTIP;Level: $LEVEL$/$MAX$\n;Niveau : $LEVEL$/$MAX$\n;;;;;;;;;;;;x
PRODUCTION_FACTORY_MARKET_SPENDINGS;Market spending: $VALUE$;D¡×enses sur les march¡× : $VALUE$;;;;;;;;;;;;x
PRODUCTION_FACTORY_MONEY_TOOLTIP;Current money: $MONEY$\n;Finances actuelles : $MONEY$\n;;;;;;;;;;;;x
PRODUCTION_FACTORY_POP_PAYCHECKS;Workers and capitalists pay checks: $VALUE$;R¡×un¡×ations des travailleurs et du capital : $VALUE$;;;;;;;;;;;;x
PRODUCTION_FACTORY_PROFITABILITY;Avg. profitability (last $DAYS$ days): $VALUE$;Profit moyen (derniers $DAYS$ jours) : $VALUE$;;;;;;;;;;;;x
PRODUCTION_FACTORY_PURE_INCOME;Last day's pure income: $VALUE$;Revenu net du jour dernier : $VALUE$;;;;;;;;;;;;x
PRODUCTION_FACTORY_SUBSIDIES;From investments: $VALUE$;Des investissements : $VALUE$;;;;;;;;;;;;x
PRODUCTION_FACTORY_TODAY_PROFIT;Last day's profitability: $VALUE$;Profit du jour dernier: $VALUE$;;;;;;;;;;;;x
PRODUCTION_FACTORY_TOTAL_BALANCE;Last day's balance: $VALUE$;Solde du jour dernier : $VALUE$;;;;;;;;;;;;x
PRODUCTION_FACTORY_UNIQUE_TOOLTIP;No §Y$NAME$§W in state\n;Pas de ¡×$NAME$¡× dans l'État\n;;;;;;;;;;;;x
PRODUCTION_GOODS_COMPLETION;$NUM$ of §Y$GOOD$§W acquired;$NUM$ de ¡×$GOOD$¡× acquis;;;;;;;;;;;;x
PRODUCTION_GOODS_TAB;Production;Production;;;;;;;;;;;;x
PRODUCTION_HIDE_EMPTY_STATES;Hide Empty States;Masquer les États vides;;;;;;;;;;;;x
PRODUCTION_IN_STOCKPILE;In stockpile:;En r¡×erve :;;;;;;;;;;;;x
PRODUCTION_INPUT_EFFICIENCY_TOOLTIP;Input modifier:;Modificateur d'apports :;;;;;;;;;;;;x
PRODUCTION_INPUT_EXPLANATION;(Base x Throughput x Input);(Base x d¡×it x apports);;;;;;;;;;;;x
PRODUCTION_INPUT_GOODS_TOOLTIP;Demands §Y$CURR$§W each day\n;Requiert ¡×$CURR$¡× par jour\n;;;;;;;;;;;;x
PRODUCTION_INPUT_PRICE;Input Price:;Prix des mati¡×es premi¡×es :;;;;;;;;;;;;x
PRODUCTION_INPUT_REQUIRED;Our artisans and/or factories need §Y$GOOD$§W to produce output;Nos artisans et/ou usines ont besoin de ¡×$GOOD$¡× pour produire.;;;;;;;;;;;;x
PRODUCTION_INVEST;Foreign Investment;Invest. ¡×l'¡×ranger;;;;;;;;;;;;x
PRODUCTION_MONEY_NEEDED;Money needed: $VALUE$;Argent n¡×essaire : $VALUE$;;;;;;;;;;;;x
PRODUCTION_MUST_PORT_ONLY;Only produced in ports.\n;Production dans les ports uniquement.\n;;;;;;;;;;;;x
PRODUCTION_MUST_PRODUCE_GOODS_TOOLTIP;State must produce one of the following:;L'État doit produire une des ressources suivantes :;;;;;;;;;;;;x
PRODUCTION_NEED_FACTORY;To produce §Y$GOOD$§W, we can build a §Y$FACTORY$§W;Nous pouvons construire un(e) ¡×$FACTORY$¡× pour produire ¡×$GOOD$¡×;;;;;;;;;;;;x
PRODUCTION_NEED_RGO;To produce §Y$GOOD$§W, we need to own a province producing it;Pour produire ¡×$GOOD$¡×, nous devons poss¡×er une province qui en produise.;;;;;;;;;;;;x
PRODUCTION_NEED_TECH;We must discover §Y$TECH$§W in order to produce §Y$GOOD$§W;Nous devons d¡×ouvrir ¡×$TECH$¡× pour produire ¡×$GOOD$¡×;;;;;;;;;;;;x
PRODUCTION_NEEDED_WORKERS;Needed workers:;Main d'œuvre n¡×essaire :;;;;;;;;;;;;x
PRODUCTION_NO_PROJECT;No Project;Aucun projet;;;;;;;;;;;;x
PRODUCTION_NOT_ALLOWED_TO_BUILD_MAX_FACTORIES_TOOLTIP;We can only build $NUMBER$ factories in each state\n;Nous ne pouvons pas construire plus de $NUMBER$ usines par État.\n;;;;;;;;;;;;x
PRODUCTION_NOT_ALLOWED_TO_BUILD_TOOLTIP;We are not allowed to build factories because:\n;Nous ne sommes pas autoris¡× ¡×construire des usines car :\n;;;;;;;;;;;;x
PRODUCTION_NOT_ALLOWED_TO_CHANGE_PRIO_TOOLTIP;We cannot change hire priority for this factory because:\n;Nous ne pouvons pas changer la priorit¡×d'embauche de cette usine car :\n;;;;;;;;;;;;x
PRODUCTION_NOT_ALLOWED_TO_CLOSE_TOOLTIP;We cannot close this factory because:\n;Nous ne pouvons pas fermer cette usine car :\n;;;;;;;;;;;;x
PRODUCTION_NOT_ALLOWED_TO_OPEN_TOOLTIP;We cannot open this factory because:\n;Nous ne pouvons pas ouvrir cette usine car :\n;;;;;;;;;;;;x
PRODUCTION_NOT_ALLOWED_TO_SUBSIDISE_TOOLTIP;We cannot subsidise this factory because:\n;Nous ne pouvons pas subventionner cette usine car :\n;;;;;;;;;;;;x
PRODUCTION_NOT_ALLOWED_TO_UPGRADE_TOOLTIP;We cannot upgrade this factory because:\n;Nous ne pouvons pas r¡×over cette usine car :\n;;;;;;;;;;;;x
PRODUCTION_NOT_CLOSE_FACTORY_BECAUSE_TOOLTIP;We are §RNOT§W allowed to close this factory because:\n;Nous ne sommes ¡×PAS¡× autoris¡× ¡×fermer cette usine car :\n;;;;;;;;;;;;x
PRODUCTION_NOT_DESTROY_FACTORY_BECAUSE_FOREIGN_TOOLTIP;We don't have the right to do that in a foreign country;Nous n'avons pas le droit de faire cela dans un pays ¡×ranger;;;;;;;;;;;;x
PRODUCTION_NOT_DESTROY_FACTORY_BECAUSE_TOOLTIP;We are §RNOT§W allowed to destroy this factory because:\n;Nous ne sommes ¡×PAS¡× autoris¡× ¡×agrandir cette usine car :\n;;;;;;;;;;;;x
PRODUCTION_NOT_EXPAND_FACTORY_BECAUSE_TOOLTIP;We are §RNOT§W allowed to expand this factory because:\n;Nous ne sommes ¡×PAS¡× autoris¡× ¡×agrandir cette usine car :\n;;;;;;;;;;;;x
PRODUCTION_NOT_OPEN_FACTORY_BECAUSE_TOOLTIP;We are §RNOT§W allowed to open this factory because:\n;Nous ne sommes ¡×PAS¡× autoris¡× ¡×ouvrir cette usine car :\n;;;;;;;;;;;;x
PRODUCTION_NOTHING_PRODUCED;We are not producing any §Y$GOOD$§W in our country;Nous ne produisons pas de ¡×$GOOD$¡× dans notre pays.;;;;;;;;;;;;x
PRODUCTION_NUM_INVESTORS;Number of investors;Nombre d'investisseurs;;;;;;;;;;;;x
PRODUCTION_OPEN_FACTORY_BECAUSE_TOOLTIP;We are allowed to open this factory because:\n;Nous sommes autoris¡× ¡×ouvrir cette usine car :\n;;;;;;;;;;;;x
PRODUCTION_OPEN_FACTORY_DESC_TOOLTIP;If we open the factory, it will start to hire people and produce goods again;Si nous ouvrons l'usine, elle engagera de la main-d'œuvre et recommencera ¡×produire des biens.;;;;;;;;;;;;x
PRODUCTION_OPEN_FACTORY_TOOLTIP;§YOpen factory§W;¡×Ouvrir une usine¡×;;;;;;;;;;;;x
PRODUCTION_OUR_INVEST;Our investment: $AMOUNT$¤ ($PERCENTAGE$%);Notre investissement : $AMOUNT$ ¡×($PERCENTAGE$ %);;;;;;;;;;;;x
PRODUCTION_OUTPUT_EFFICIENCY_TOOLTIP;Output efficiency:;Rendement :;;;;;;;;;;;;x
PRODUCTION_OUTPUT_EXPLANATION;(Base x Throughput x Output);(Base x d¡×it x rendement);;;;;;;;;;;;x
PRODUCTION_OUTPUT_GOODS_TOOLTIP;Produces §Y$CURR$§W each day\n;Produit ¡×$CURR$¡× par jour\n;;;;;;;;;;;;x
PRODUCTION_OUTPUT_GOODS_TOOLTIP2;Max output: §Y$CURR$§W;Production max. : ¡×$CURR$¡×;;;;;;;;;;;;x
PRODUCTION_OUTPUT_YESTERDAY;Produced §Y$VALUE$§W yesterday.;Production de ¡×$VALUE$¡× hier.;;;;;;;;;;;;x
PRODUCTION_POP_OWNER_PRESCENCE_TOOLTIP;Presence in state: $PRESCENCE$;Pr¡×ence dans l'État : $PRESCENCE$;;;;;;;;;;;;x
PRODUCTION_POP_UNEMPLOYED_TOOLTIP;Unemployed: $UNEMPLOYED$;Sans emploi : $UNEMPLOYED$;;;;;;;;;;;;x
PRODUCTION_PRIO_FACTORY_DESC_TOOLTIP;Factories with higher priority will be able to hire workers and buy goods before factories with lower priority(within the same state);Les usines de plus haute priorit¡×pourront engager des ouvriers et acheter des biens avant les usines de moindre priorit¡×(dans le m¡×e État);;;;;;;;;;;;x
PRODUCTION_PRODUCING_EACH_DAY;Our §Y$TYPE$§W are producing §Y$VALUE$ $GOOD$§W each day;Nos ¡×$TYPE$¡× produisent ¡×$VALUE$ de $GOOD$¡× par jour.;;;;;;;;;;;;x
PRODUCTION_PROJECT_MONEY;Project has §Y$MONEY$§W¤ out of §Y$NEED$§W¤ needed.;Le projet dispose de ¡×$MONEY$¡×¡×ur les ¡×$NEED$¡×¡×¡×essaires.;;;;;;;;;;;;x
PRODUCTION_PROJECT_NAME;Project Name;Nom du projet;;;;;;;;;;;;x
PRODUCTION_PROJECTS_TAB;Projects;Projets;;;;;;;;;;;;x
PRODUCTION_REQUIRED_DAILY_INPUTS;Required daily inputs:;Mati¡×es premi¡×es quotidiennement requises :;;;;;;;;;;;;x
PRODUCTION_RESOURCE_COST;Resource cost:;Co¡× des ressources :;;;;;;;;;;;;x
PRODUCTION_SELECT_ALL;Select All;S¡×ectionner tout;;;;;;;;;;;;x
PRODUCTION_SELECT_ALL_TOOLTIP;Selects all filters;S¡×ectionne tous les filtres;;;;;;;;;;;;x
PRODUCTION_SHOW_EMPTY_STATES;Show Empty States;Afficher les États vides;;;;;;;;;;;;x
PRODUCTION_SHOW_EMPTY_TOOLTIP;Shows/hides states with no displayed factories;Affiche/Masque les États dont aucune usine n'est affich¡×;;;;;;;;;;;;x
PRODUCTION_SORT_BY_AVAILABLE_WORKFORCE;Available workforce;Main-d'œuvre disponible;;;;;;;;;;;;x
PRODUCTION_SORT_BY_AVAILABLE_WORKFORCE_TOOLTIP;Sort by unemployed §Y$TYPE$§W;Classer par ¡×$TYPE$¡× sans emploi;;;;;;;;;;;;x
PRODUCTION_SORT_BY_AVG_INVESTORS_TOOLTIP;Sort by average §Y$TYPE$§W in state;Classer par ¡×$TYPE$¡× moyen dans l'État;;;;;;;;;;;;x
PRODUCTION_SORT_BY_COMPLETION;Completion;Ach¡×ement;;;;;;;;;;;;x
PRODUCTION_SORT_BY_COMPLETION_TOOLTIP;Sort by fraction of needed goods collected;Classer par fraction de ressources requises r¡×nies;;;;;;;;;;;;x
PRODUCTION_SORT_BY_FACTORIES;Factories;Usines;;;;;;;;;;;;x
PRODUCTION_SORT_BY_FACTORIES_TOOLTIP;Sort by number of factories\n;Classer par nombre d'usines\n;;;;;;;;;;;;x
PRODUCTION_SORT_BY_INFRA;Infrastructure;Infrastructures;;;;;;;;;;;;x
PRODUCTION_SORT_BY_NAME;Name;Nom;;;;;;;;;;;;x
PRODUCTION_SORT_BY_NAME_TOOLTIP;Sort by state name\n;Classer par nom d'État\n;;;;;;;;;;;;x
PRODUCTION_SORT_BY_PROJECTEERS_TOOLTIP;Sort by number of investors;Classer par nombre d'investisseurs;;;;;;;;;;;;x
PRODUCTION_SORT_BY_PROJECTS;Projects;Projets;;;;;;;;;;;;x
PRODUCTION_SORT_BY_PROJECTS_TOOLTIP;Sort by projects;Classer par projets;;;;;;;;;;;;x
PRODUCTION_STOCKPILE_LACK_COST;Stockpile lack cost:;Co¡× des mat¡×iaux :;;;;;;;;;;;;x
PRODUCTION_SUBSIDIES_DESC;By subsidizing a factory, we will pay for input costs and/or minimum wages of workers if the factory is not earning enough money;En subventionnant une usine, nous pourrons nous acquitter des co¡×s des mati¡×es premi¡×es et/ou des salaires minimum des ouvriers si l'usine ne rapporte pas assez d'argent.;;;;;;;;;;;;x
PRODUCTION_TAB_FACTORIES;Shows overview of all factories in our country;Affiche un aper¡× de toutes les usines de notre pays.;;;;;;;;;;;;x
PRODUCTION_TAB_INVEST;Shows overview of investment in foreign countries;Montrer l'aper¡× des investissements ¡×l'¡×ranger;;;;;;;;;;;;x
PRODUCTION_TAB_PRODUCTION;Shows production overview of our country. Also shows the production output of each of our producers;Affiche un aper¡× de la production de notre pays. Affiche ¡×alement la production de chacun de nos producteurs.;;;;;;;;;;;;x
PRODUCTION_TAB_PROJECTS;Shows what our §YInvestors§W are planning to build;Affiche ce que nos ¡×$POPTYPE$¡× envisagent de construire.;;;;;;;;;;;;x
PRODUCTION_THROUGHPUT_EFFICIENCY_TOOLTIP;Throughput:;D¡×it :;;;;;;;;;;;;x
PRODUCTION_THROUGHPUT_VALUE_TOOLTIP;Worker production:;Production de la main-d'œuvre :;;;;;;;;;;;;x
PRODUCTION_TOGGLE_FILTER_TOOLTIP;Shows/hides factories which relies on or produce $GOODS$;Affiche/Masque les usines qui consomment ou produisent des $GOODS$;;;;;;;;;;;;x
PRODUCTION_TOTAL;Total:;Total :;;;;;;;;;;;;x
PRODUCTION_WANTS_EACH_DAY;Our §Y$TYPE$§W needs §Y$VALUE$ $GOOD$§W each day;Nos ¡×$TYPE$¡× requi¡×ent ¡×$VALUE$ $GOOD$¡× chaque jour.;;;;;;;;;;;;x
PRODUCTIONVIEW_ARTISAN;§YArtisan§W;¡×Artisan¡×;;;;;;;;;;;;x
PRODUCTIONVIEW_FACTORY;§YFactory§W;¡×Usine¡×;;;;;;;;;;;;x
PRODUCTIONVIEW_RGO;§YRGO§W;¡×EAM¡×;;;;;;;;;;;;x
PROFIT_GAIN;gain;gain;;;;;;;;;;;;x
PROFIT_LOSS;loss;perte;;;;;;;;;;;;x
PROJECT_BUILD;Build;Cr¡×r;;;;;;;;;;;;x
PROJECT_EXPAND;Expand;Agrandir;;;;;;;;;;;;x
PROJECT_REOPEN;Reopen;Rouvrir;;;;;;;;;;;;x
PROJECT_STATE_NAME_DESC;Planning to build in §Y$PROV$§W.;Construction pr¡×ue en ¡×$PROV$¡×.;;;;;;;;;;;;x
PROMOTION_EFFECT_FROM_ADMIN;Admin. efficiency effect on promotion speed: §Y$PERCENTAGE$§W;Influence de l'efficacit¡×administrative sur la vitesse de promotion : ¡×$PERCENTAGE$¡×;;;;;;;;;;;;x
PROV_TRADE_VALUE;Value contributed to the centre of trade.;Montant g¡×¡×¡×pour le Centre de Commerce;;;;;;;;;;;;x
PROVINCE_CONTROL_DAYS;Province control changed in the last §Y$DAYS$§W days.\n;Le contr¡×e de la province a chang¡×au cours des ¡×$DAYS$¡× derniers jours.\n;;;;;;;;;;;;x
PROVINCE_CONTROL_DAYS_LATER_THAN;Province control not changed in the last §Y$DAYS$§W days.\n;Le contr¡×e de la province est rest¡×inchang¡×depuis ¡×$DAYS$¡× jours.\n;;;;;;;;;;;;x
PROVINCE_IS;Province is ;L'identification de la province est ;Provinz ist ;;;;;;;;;;;x
PROVINCE_IS_NOT;Province is NOT ;L'identification de la province n'est PAS ;Provinz ist nicht ;;;;;;;;;;;x
PROVINCE_NEXT_LEVEL;§YNext level:§W;¡×Niveau suivant :¡×;;;;;;;;;;;;x
PROVINCE_OCCUPIED;This province is occupied.;Cette province est occup¡×.;;;;;;;;;;;;x
PROVINCE_VIEW_BUILD_ALL_TOOLTIP;(Click + CTRL to build in all provinces in state);(Clic + Ctrl pour construire dans toutes les provinces de l'État);;;;;;;;;;;;x
PROVINCELOST_1;Province Lost!;Province perdue !;;;;;;;;;;;;x
PROVINCELOST_2;We have lost the province of;Nous avons perdu la province;;;;;;;;;;;;x
PROVINCELOST_3;$PROV$;$PROV$.;;;;;;;;;;;;x
PROVINCELOST_4;to the despicable;qui est pass¡× aux mains de;;;;;;;;;;;;x
PROVINCELOST_5;$COUNTRY$;$COUNTRY$;;;;;;;;;;;;x
PROVINCELOST_6;We must reacquire it!;Nous devons la reconqu¡×ir !;;;;;;;;;;;;x
PROVINCELOST_BTN1;Ok;OK;;;;;;;;;;;;x
PROVINCELOST_BTN2;Ok;OK;;;;;;;;;;;;x
PROVINCELOST_BTN3;Go To;ALLER ¡×;;;;;;;;;;;x
PROVINCELOST_HEADER;$MESSENGER$ reports;Rapports $MESSENGER$;;;;;;;;;;;;x
PROVINCELOST_LOG;We lost $PROV$ to $COUNTRY$.;Nous avons perdu la province $PROV$ au b¡×¡×ice du pays $COUNTRY$.;;;;;;;;;;;;x
PROVINCELOST_MAP;Province Lost!;Province perdue !;;;;;;;;;;;;x
PROVINCELOST_SETUP;When you lose control of a province;Si vous perdez le contr¡×e d'une province;;;;;;;;;;;;x
PROVINCEVIEW_ADMIN;State administrative efficiency: §Y$VALUE$%§W;Efficacit¡×administrative de l'État : ¡×$VALUE$%¡×;;;;;;;;;;;;x
PROVINCEVIEW_ADMIN_BASE;Base administrative efficiency: §Y$VALUE$%§W;Efficacit¡×administrative de base : ¡×$VALUE$%¡×;;;;;;;;;;;;x
PROVINCEVIEW_ADMIN_POPS;From §YBureaucrats: $VALUE$%§W;¡×partir des ¡×bureaucrates : $VALUE$%¡×;;;;;;;;;;;;x
PROVINCEVIEW_ADMIN_TECH;From tech: §Y$VALUE$%§W;¡×partir de la technologie : ¡×$VALUE$%¡×;;;;;;;;;;;;x
PROVINCEVIEW_BUILD_ARMY;Build army;Cr¡×r une arm¡×;;;;;;;;;;;;x
PROVINCEVIEW_BUILD_ARMY2;Build Army;Cr¡×r une arm¡×;;;;;;;;;;;;x
PROVINCEVIEW_BUILD_NAVY;Build navy;Cr¡×r une marine;;;;;;;;;;;;x
PROVINCEVIEW_BUILD_NAVY2;Build Navy;Cr¡×r une marine;;;;;;;;;;;;x
PROVINCEVIEW_CORES;Cores:;Territoires cl¡× :;;;;;;;;;;;;x
PROVINCEVIEW_CRIMEFIGHT;Province crime fighting rate §Y$VALUE$%§W;Taux de lutte contre le crime de la province ¡×$VALUE$%¡×;;;;;;;;;;;;x
PROVINCEVIEW_CURRENT_ARMY;Current brigades: §Y$CURRENT$§W\nAllowed brigades: §Y$ALLOWED$§W;R¡×iments actuels : ¡×$CURRENT$¡×\nR¡×iments autoris¡× : ¡×$ALLOWED$¡×;;;;;;;;;;;;x
PROVINCEVIEW_CURRENT_SHIPS;Current ships: §Y$CURRENT$§W;Navires actuels : ¡×$CURRENT$¡×;;;;;;;;;;;;x
PROVINCEVIEW_EMPLOYMENT;Current employees in RGO §Y$VALUE$§W;Employ¡× actuels EAM ¡×$VALUE$¡×;;;;;;;;;;;;x
PROVINCEVIEW_EXPAND;Expand;Agrandir;;;;;;;;;;;;x
PROVINCEVIEW_EXPANDING;Expanding...;Agrandissement…;;;;;;;;;;;;x
PROVINCEVIEW_FROM_ADMIN_SPENDING;From Administration Spending: §Y+;¡×partir des d¡×enses administratives : ¡×+;;;;;;;;;;;;x
PROVINCEVIEW_FROM_LOCAL_TAX;From State administrative efficiency: §Y+;Efficacit¡×administrative de l'État : ¡×+;;;;;;;;;;;;x
PROVINCEVIEW_GOODSINCOME;Sold §Y$GOODS$§W for §Y$VALUE$§W¤ yesterday;Vente de ¡×$GOODS$¡× pour ¡×$VALUE$¡×¡×hier;;;;;;;;;;;;x
PROVINCEVIEW_GOODSPRODUCTION;Produced §Y$NUM$§W units of §Y$GOODS$§W at §Y$VALUE$§W¤ efficiency.;¡×$NUM$¡× unit¡× produites de ¡×$GOODS$¡× ¡×une efficacit¡×de ¡×$VALUE$¡×.;;;;;;;;;;;;x
PROVINCEVIEW_GROWTH;Province growth this month: $VALUE$;Croissance de la province ce mois-ci : $VALUE$;;;;;;;;;;;;x
PROVINCEVIEW_GROWTH_TECH;From tech: §Y$VALUE$§W;¡×partir de la technologie : ¡×$VALUE$¡×;;;;;;;;;;;;x
PROVINCEVIEW_LIFERATING;Province life rating: §Y$VALUE$§W;Habitabilit¡×de la province : ¡×$VALUE$¡×;;;;;;;;;;;;x
PROVINCEVIEW_MIGRATION;Province migration this month: $VALUE$;Migration vers la province ce mois-ci : $VALUE$;;;;;;;;;;;;x
PROVINCEVIEW_REVOLTRISK;Province revolt risk$VALUE$;Risque de r¡×olte de la province $VALUE$;;;;;;;;;;;;x
PROVINCEVIEW_RGOOWNER;State RGO owner presence: §Y$VALUE$% $TYPE$§W;Pr¡×ence EAM de l'État : ¡×$VALUE$% $TYPE$¡×;;;;;;;;;;;;x
PROVINCEVIEW_SELECT_NATIONAL_FOCUS_TO_COLONIZE;Select national focus to colonize.;S¡×ectionnez la cause nationale ¡×coloniser.;;;;;;;;;;;;x
PROVINCEVIEW_SUPPLY_LIMIT;Supply Limit:;Lim.ravitaillement;;;;;;;;;;;;x
PROVINCEVIEW_TERRAIN;Terrain: §Y$TERRAIN$§W;Terrain : ¡×$TERRAIN$¡×;;;;;;;;;;;;x
PROVINCEVIEW_TOTALPOP;Province population;Population de la province;;;;;;;;;;;;x
PROVINCEVIEW_UNCOLONIZED;Uncolonized;Non colonis¡×;;;;;;;;;;;x
PROVINCEVIEW_UNDERCONSTRUCTION;Under construction$VALUE$;En cours de construction $VALUE$;;;;;;;;;;;;x
provincial_tax_income;Provincial Tax Income;Revenus fiscaux provinciaux;Steuereinnahmen der Provinz;;;;;;;;;;;x
PROVTIP_NAVAL_BASE;Closest Naval Base:;Base navale la plus proche :;;;;;;;;;;;;x
pti;Permanent Terra Incognita;terra incognita permanente;Permanente Terra Incognita;;;;;;;;;;;x
PURE_REVOLT_RISK_HIGHER_THAN;Base revolt risk at least ;Risque de r¡×olte de base d'au moins ;Grund-Revoltenrisiko größer als ;;;;;;;;;;;x
PURE_REVOLT_RISK_LOWER_THAN;Base revolt risk lower than ;Risque de r¡×olte de base inf¡×ieure ¡×;Grund-Revoltenrisiko geringer als ;;;;;;;;;;;x
PV_ASSIMILATION;Cultural Assimilation: ;Assimilation culturelle : ;Kulturelle Assimilierung;;;;;;;;;;;x
PV_AVARAGE;Average: ;Moyenne : ;Durchschnitt:;;;;;;;;;;;x
PV_AVG_MIL;Average militancy:;Militantisme moyen :;;;;;;;;;;;;x
PV_CLERGY_LIT_DESC1;$NUM$ of your population in $LOC$ are Intellectuals.;$NUM$ de votre population en $LOC$ sont ;;;;;;;;;;;;x
PV_CLERGY_LIT_DESC2;Optimal is $OPT$.;L'id¡×l serait $OPT$.;;;;;;;;;;;;x
PV_CLERGY_LIT_DESC3;Monthly change base value: $VAL$;Modification de base mensuelle : $VAL$;;;;;;;;;;;;x
PV_CLERGY_LIT_NUM;$NUM$ of your population are Intellectuals (Optimal $OPT$): $VAL$;;;;;;;;;;;;;x
PV_CLERGY_LIT_PROVIDES;Intellectuals provinces: $VAL$;;;;;;;;;;;;;x
PV_CLERGY_SETTING;Educational spending at $SETTING$: $VAL$;D¡×enses d’¡×ucation ¡×$SETTING$ : $VAL$;;;;;;;;;;;;x
PV_CLERGY_TECH;From technology: $VAL$;Provenant de la technologie: $VAL$;;;;;;;;;;;;x
PV_COLONIAL_EMIGRATION;Colonial Emigration: ;Émigration coloniale : ;Koloniale Emigration:;;;;;;;;;;;x
PV_COLONY_PROG;Colony progress: §Y$VAL$§W%. Estimated completion: §Y$TIME$§W;Progression de la colonie : ¡×$VAL$¡×%. Fin estim¡× : ¡×$TIME$¡×;;;;;;;;;;;;x
PV_COLONY_TROOP;Troops presence bonus: §G+$VAL$§W%;Bonus de pr¡×ence de troupes : ¡×+$VAL$¡×%;;;;;;;;;;;;x
PV_CONTROLLER;Controller:;Contr¡×eur :;;;;;;;;;;;;x
PV_CONVERSION;Religious Conversion: ;Conversion religieuse : ;Religi¡×e Konvertierung:;;;;;;;;;;;x
PV_CRIMEFIGHT_MAX;(Max: §Y$PERC$%§W);(max. : ¡×$PERC$%¡×);;;;;;;;;;;;x
PV_EMIGRATION;Emigration: ;Émigration : ;Emigration:;;;;;;;;;;;x
PV_EXTERNAL_EMIGRATION;External Emigration: ;Émigration externe : ;Externe Emigration:;;;;;;;;;;;x
PV_EXTERNAL_IMMIGRATION;External Migration:;Immigration :;;;;;;;;;;;;x
PV_FORT;Fort;Fort;;;;;;;;;;;;x
PV_GROWTH;Population changed by ;Population modifi¡× par ;Bev¡×kerung ver¡×dert durch:;;;;;;;;;;;x
PV_IMMIGRATION;Immigration: ;Immigration : ;Immigration:;;;;;;;;;;;x
PV_INTERNAL_EMIGRATION;Internal Emigration: ;Émigration interne : ;Interne Emigration:;;;;;;;;;;;x
PV_INTERNAL_IMMIGRATION;Internal Migration:;Migration interne :;;;;;;;;;;;;x
PV_LOCAL_MEMBERS;Local members:;Membres locaux :;;;;;;;;;;;;x
PV_NATURAL_GROWTH;Natural Growth: ;Croissance naturelle : ;Nat¡×liches Wachstum:;;;;;;;;;;;x
PV_NAVALBASE;Naval base;Base navale;;;;;;;;;;;;x
PV_NEW_JOBS;Seeking new employment: ;Recherche d'un nouvel emploi : ;Suche neue Arbeit:;;;;;;;;;;;x
PV_OCCUPIED_BY;§YOccupied by $NAME$§W;¡×occup¡× par $NAME$¡×;;;;;;;;;;;;x
PV_OCEAN;Ocean;Oc¡×n;;;;;;;;;;;;x
PV_OCEAN_DESC;Only ships can enter this province;Seuls les navires ont acc¡× ¡×cette province;;;;;;;;;;;;x
PV_POP_CASH;Cash;Argent;Geld;;;;;;;;;;;x
PV_POP_change;Ch;Ch;V¡×;;;;;;;;;;x
PV_POP_CON;Con;Cons;Bew;;;;;;;;;;;x
PV_POP_EVE;Ev;Quo;Er;;;;;;;;;;;x
PV_POP_IDEOLOGY;Ideo;Id¡×;Ideo;;;;;;;;;;;x
PV_POP_ISSUES;Issu;Prob;Prob;;;;;;;;;;;x
PV_POP_LITERACY;Literacy;Alphab¡×isation;Alphabetisierung;;;;;;;;;;;x
PV_POP_LOCATION;Location;Situation;Ort;;;;;;;;;;;x
PV_POP_LUX;Lu;Lu;Lu;;;;;;;;;;;x
PV_POP_MIL;Mil;Mil;Mil;;;;;;;;;;;x
PV_POP_NAME;Name;Nom;Name;;;;;;;;;;;x
PV_POP_NATIONALITY;Culture;;;;;;;;;;;;;x
PV_POP_RELIGION;Rel;Rel;Rel;;;;;;;;;;;x
PV_POP_RR;RR;RR;RR;;;;;;;;;;;x
PV_POP_SIZE;Size;Taille;Größe;;;;;;;;;;;x
PV_POP_SUB;Su;Su;Su;;;;;;;;;;;x
PV_POP_TYPE;Type;Type;Typ;;;;;;;;;;;x
PV_POP_UNEMPLOYMENT;U;U;A;;;;;;;;;;;x
PV_PROMOTIONS;Promotions:;Promotions :;;;;;;;;;;;;x
PV_RAILROAD;Railroad;Voie ferr¡×;;;;;;;;;;;;x
PV_REBEL_PRESENCE;Factions present:;Factions pr¡×entes :;;;;;;;;;;;;x
PV_REVOLTRISK;Faction revolt risk:;Risque de r¡×olte des factions :;;;;;;;;;;;;x
PV_SIEGE_PROGRESS;Occupation progress:;Progression de l'occupation :;;;;;;;;;;;;x
PV_SLICE_DESC;§Y$TYPE$§W: $VAL$%;¡×$TYPE$¡× : $VAL$%;¡×$TYPE$¡×: $VAL$%;;;;;;;;;;;x
PV_STATE_ADM_EFF;Our §YState administrative efficiency§W determines how effective we are at collecting taxes and the ability to fight organized crime in this state;L'¡×Sefficacit¡×administrative de notre État¡× d¡×ermine notre efficacit¡×¡×percevoir des imp¡×s et notre capacit¡×¡×lutter contre le crime organis¡×dans cet État.;;;;;;;;;;;;x
PV_STATE_ADM_EFF_CURRENT;§Y$STRATA$§W Effective tax: §Y$PERC2$%§W (Current tax setting: §Y$PERC$%§W);Taxe effective ¡×$STRATA$¡× : ¡×$PERC2$%¡× (Param¡×re d'imposition actuel : ¡×$PERC$%¡×);;;;;;;;;;;;x
PV_UNCOLONIZED;Uncolonized;Non colonis¡×;;;;;;;;;;;x
PW_ALL_FOCUSES_USED;All national focuses are already used.;Toutes les causes nationales ont d¡×¡×¡×¡×utilis¡×s.;;;;;;;;;;;;x
PW_CANT_UPGRADE_TO_COLONY;Upgrading to colony cost §R$VALUE$§W colonial power points.;;;;;;;;;;;;;x
PW_CANTCOLONIZE;Not possible to colonize here yet.;Impossible de coloniser ici pour le moment.;;;;;;;;;;;;x
PW_COLONY;Colonial Province;Province coloniale;;;;;;;;;;;;x
PW_COLONY_STATE;Click to convert to state.;Cliquez pour convertir en État.;;;;;;;;;;;;x
PW_GROWTH;Growth;Croissance;;;;;;;;;;;;x
PW_I_DO;I do;Oui;;;;;;;;;;;;x
PW_NATIONAL_FOCUS;National Focus:;Cause nationale :;;;;;;;;;;;;x
PW_NO_NATIONAL_FOCUS;No National Focus set;Aucune cause nationale d¡×inie;;;;;;;;;;;;x
PW_OPEN_POPSCREEN;View population statistics for §Y$LOC$§W;Afficher les statistiques d¡×ographiques pour ¡×$LOC$¡×;;;;;;;;;;;;x
PW_POPULATION;Population;Population;;;;;;;;;;;;x
PW_PROTECTORATE;Protectorate;;;;;;;;;;;;;x
PW_RESET;Reset;R¡×nitialiser;;;;;;;;;;;;x
PW_RUN_AWAY;Rather not;Non;;;;;;;;;;;;x
PW_SEND;Send;Envoyer;;;;;;;;;;;;x
PW_SLAVE_STATE;Slave State;État esclavagiste;;;;;;;;;;;;x
PW_SUPPLY_LIMIT;Supply Limit;Limite en ravitaillement;;;;;;;;;;;;x
PW_TRADE_VALUE;Trade Value:;Valeur commerciale :;;;;;;;;;;;;x
PW_UNITS;Units;Unit¡×;;;;;;;;;;;;x
PW_UPGRADE_TO_COLONY;Click to convert to upgrade to colony. You need §Y$VALUE$§W colonial power points free to do this.;;;;;;;;;;;;;x
QUIT;Quit;Quitter;;;;;;;;;;;;x
QUIT_DESC;Are you sure you want to quit and return to desktop?;¡×es-vous s¡× de vouloir quitter le jeu pour revenir au bureau ¡×;;;;;;;;;;;;x
QUIT_TITLE;Quit Game;Quitter le jeu;;;;;;;;;;;;x
RALLY_POINT_ENABLE_INFO;Enable or Disable this province as a rally point.;Activer ou d¡×activer le point de ralliement de cette province.;;;;;;;;;;;;x
RALLY_POINT_INFO;If you enable the §Yrally point§W in this province, then all nearest units will head this way when recruiting is done.\n(See recruitment map mode for more details.);Si vous activez le ¡×point de ralliement¡× dans cette province, toutes les unit¡× proches s'y rendront d¡× qu'elles seront recrut¡×s.\n(Voir la carte de recrutement pour plus de d¡×ails);;;;;;;;;;;;x
RALLY_POINT_MERGE_INFO;Enable or Disable units merging at destination.\n(Armies will merge up to the local supply limit.);Activer ou d¡×activer la fusion des unit¡× ¡×destination.\n(Les arm¡×s fusionneront jusqu'¡×la limite de ravitaillement locale);;;;;;;;;;;;x
RALLY_POINT_NAVY_MERGE_INFO;Enable or Disable navies merging at destination.\n(Ships will merge with largest unit here.);Active ou d¡×active la fusion des flottes arrivant ¡×destination.\n(Les navires s'int¡×rent ¡×la plus grande flotte s'y trouvant d¡×¡×;;;;;;;;;;;;x
RALLY_POINT_NAVY_PROVINCE_MERGE_INFO;All naval units will merge with largest unit when arrive here.;Toutes les unit¡× navales fusionneront avec la plus grande ¡×leur arriv¡× ici.;;;;;;;;;;;;x
RALLY_POINT_PROVINCE_INFO;$PROV$ is a §Yrally point§W;$PROV$ est un ¡×point de ralliement¡×;;;;;;;;;;;;x
RALLY_POINT_PROVINCE_MERGE_INFO;All recruited units will merge up to §Y$LIMIT$§W when arrive here.;Toutes les unit¡× recrut¡×s fusionneront jusqu'¡×¡×$LIMIT$¡× quand elles arriveront ici.;;;;;;;;;;;;x
RANDOM_EFFECT;§Y$CHANCE$§W% chance of ;¡×$CHANCE$¡×% de chances de;;;;;;;;;;;;x
RANDOM_LIST_EFFECT;One of §Y$SIZE$§W options will happen.\n;L'une des options ¡×$SIZE$¡× prendra effet.\n;;;;;;;;;;;;x
RANK_INDUSTRY;Industrial Power;Puissance industrielle;;;;;;;;;;;;x
RANK_INDUSTRY_D;Industry score is a measure of your level of industrialization. It is a combination of the number of employed craftsmen and clerks, divided by 2500, and the value of your foreign investment.;;;;;;;;;;;;;x
RANK_MILITARY;Military Power;Puissance militaire;;;;;;;;;;;;x
RANK_MILITARY_D;The Military score is a measure of the power of your army, it scores your military by both size and equipment.;Le score militaire permet de mesurer la puissance de votre arm¡× en termes de taille et d'¡×uipement.;;;;;;;;;;;;x
RANK_PRESTIGE;Prestige;Prestige;;;;;;;;;;;;x
RANK_PRESTIGE_D;Prestige is accumulated through cultural development and performing well with your country;Le d¡×eloppement culturel ainsi que les r¡×ultats de votre pays vous permettent d'am¡×iorer votre prestige.;;;;;;;;;;;;x
RANK_TOTAL_D;The eight countries with the highest rank are §YGreat Powers§W who have the ability to influence and control lesser nations. The next eight are §YSecondary Powers§W who have the ability to colonize and will challenge the great powers at times. The final two ranks are §Ycivilized§W and §Yuncivilized§W nations, who are rated depending if they are westernized or not.;Les huit nations les plus influentes sont consid¡×¡×s comme ¡×ant des ¡×Grandes Puissances¡× et peuvent influencer et contr¡×er les autres nations. Les huit nations suivantes sont d¡×ign¡×s comme ¡×ant des ¡×Puissances Secondaires¡× et peuvent coloniser et parfois d¡×ier les Grandes Puissances. Les derni¡×es correspondent aux nations ¡×civilis¡×s¡× et ¡×non civilis¡×s¡×, et sont class¡×s selon qu'elles sont occidentalis¡×s ou non.;;;;;;;;;;;;x
RARE_MATERIALS_IS_ATLEAST_TRIGGER;Rare materials are at least §Y$VALUE$§W.\n;Il y a au moins ¡×$VALUE$¡× de mat¡×iaux rares.\n;;;;;;;;;;;;x
RARE_MATERIALS_IS_NOT_TRIGGER;Rare materials are not §Y$VALUE$§W.\n;Le stock de mat¡×iaux rares n'est pas de ¡×$VALUE$¡×.\n;;;;;;;;;;;;x
RD;rd;e;;;;;;;;;;;;x
REAL_DEMAND;Real Demand: $VAL$;Demande r¡×lle : $VAL$;;;;;;;;;;;;x
REB_ACTUAL_SIZE_DESC;Number of brigades ready to join general rising: §Y$VAL$§W;Nombre de r¡×iments pr¡×s ¡×se joindre au soul¡×ement g¡×¡×al : ¡×$VAL$¡×;;;;;;;;;;;;x
REB_CURRENT_SIZE_DESC;Number of brigades in revolt: §Y$VAL$§W;Nombre de r¡×iments r¡×olt¡× : ¡×$VAL$¡×;;;;;;;;;;;;x
REB_REVOLT_RISK;Revolt risk: §Y$VAL$§W;Risque de r¡×olte : ¡×$VAL$¡×;;;;;;;;;;;;x
REB_SIZE_DESC;Number of possible brigades: §Y$VAL$§W;Nombre de r¡×iments possibles : ¡×$VAL$¡×;;;;;;;;;;;;x
REB_TYPE_POWER;§YRebel Power§W;¡×Puissance rebelle¡×;;;;;;;;;;;;x
REB_TYPE_SIZE;§YRebel Support§W;¡×Soutien rebelle¡×;;;;;;;;;;;;x
REBEL_POWER_LESS_THAN;Rebel threat is less than §Y$VAL$§W percent.;La menace rebelle est inf¡×ieure ¡×¡×$VAL$¡×%.;;;;;;;;;;;;x
REBEL_POWER_MORE_THAN;Rebel threat is at least §Y$VAL$§W percent.;La menace rebelle est d’au moins ¡×$VAL$¡×%.;;;;;;;;;;;;x
RECENT_IMIGRATION_DAYS;Immigration in the last §Y$DAYS$§W days.\n;Immigration au cours des ¡×$DAYS$¡× derniers jours.\n;;;;;;;;;;;;x
RECENT_IMIGRATION_DAYS_LATER_THAN;No immigration for §Y$DAYS$§W days.\n;Pas d'immigration pendant ¡×$DAYS$¡× jours.\n;;;;;;;;;;;;x
RECONAISSANCE;Reconnaissance;Reconnaissance;;;;;;;;;;;;x
RECOVERING_OI;Currently Reinforcing;Renforts actuels;;;;;;;;;;;;x
RECRUITED_PERCENTAGE_LESS_THAN;Less than §Y$VAL$§W% of possible soldiers recruited.\n;Moins de ¡×$VAL$¡×% des soldats potentiels ont ¡×¡×recrut¡×.\n;;;;;;;;;;;;x
RECRUITED_PERCENTAGE_MORE_THAN;At least §Y$VAL$§W% of possible soldiers recruited.\n;Au moins ¡×$VAL$¡×% des soldats potentiels ont ¡×¡×recrut¡×.\n;;;;;;;;;;;;x
REDUCE_POP_EFFECT;Population changed by $PERC$.\n;ont $PERC$ % de population.\n;Bev¡×kerung ge¡×dert um $PERC$.\n;;;;;;;;;;;x
REFORM_MOVEMENT_DESC;Movement calling for the enactment of §Y$REFORM$§!;Mouvement appelant ¡×l'av¡×ement de ¡×$REFORM$¡×;;;;;;;;;;;;x
REFORM_RESEARCH_COST;Research Cost: §Y$COST$§!;RCo¡× de recherche: ¡×$COST$¡×;;;;;;;;;;;;x
REGIMENT_HOME_NAME;$NUM$$ORDER$ $HOME$ $TYPE$;$NUM$$ORDER$ $HOME$ $TYPE$;;;;;;;;;;;;x
REGIMENT_NAME;$NUM$$ORDER$ $TYPE$ Brigade;Brigade $TYPE$ $NUM$$ORDER$;;;;;;;;;;;;x
REGIMENT_POP_NAME;$NUM$$ORDER$ $POP$ $TYPE$;$NUM$$ORDER$ $POP$ $TYPE$;;;;;;;;;;;;x
REGIMENT_SIZE;Current Size: §Y$SIZE$§W\n;Taille actuelle : ¡×$SIZE$¡×\n;;;;;;;;;;;;x
REGION_NAME;$NAME$ Region;R¡×ion $NAME$;;;;;;;;;;;;x
REGULAR_EXP_TECH;Reg. Experience;Exp¡×ience des r¡×iments;;;;;;;;;;;;x
REINFORCE_INFO_TEXT;If the pops have enough reserves, this army will reinforce with §Y$VALUE$§W men each month in this location. The local reinforce rate is §Y$LOCAL$§W% in this province, and we get a bonus of §Y+$COUNTRY$§W% from technology.;;;;;;;;;;;;;x
REINFORCE_TECH;Reinforcement;Renforts;;;;;;;;;;;;x
REL_CORDIAL;Cordial;Entente cordiale;;;;;;;;;;;;x
REL_FRIENDLY;Friendly;Bonne entente;;;;;;;;;;;;x
REL_HOSTILE;Hostile;Hostilit¡×;;;;;;;;;;;x
REL_NEUTRAL;Neutral;Neutralit¡×;;;;;;;;;;;x
REL_OPPOSED;Opposed;Opposition;;;;;;;;;;;;x
REL_SPHERE_OF_INFLUENCE;In Sphere;Dans la sph¡×e;;;;;;;;;;;;x
RELATION;Current relation: $RELATION$;Relation actuelle : $RELATION$;;;;;;;;;;;;x
RELATION_BETWEEN;Current relation between $COUNTRY1$ and $COUNTRY2$: $RELATION$;Relation actuelle entre $COUNTRY1$ et $COUNTRY2$ : $RELATION$;;;;;;;;;;;;x
RELATION_CAPPED;Cannot go over this relation with gradual improvements.;Impossibilit¡×de d¡×asser cette relation avec des am¡×iorations graduelles.;;;;;;;;;;;;x
RELATION_CHANGE;Relation between §Y$ACTIVE$§W and §Y$PASSIVE$§W changed by $MUCH$.\n;La relation entre ¡×$ACTIVE$¡× et ¡×$PASSIVE$¡× a ¡×olu¡×de $MUCH$.\n;;;;;;;;;;;;x
RELATION_CHANGE_SHORT;Relation with §Y$PASSIVE$§W changed by $MUCH$.\n;La relation avec ¡×$PASSIVE$¡× a ¡×olu¡×de $MUCH$.\n;;;;;;;;;;;;x
RELATION_CHANGE_VALUE;Estimated yearly change:;Changement annuel estim¡×:;;;;;;;;;;;;x
RELEASE;Release §Y$WHO$§W as an independent state.\n;;;;;;;;;;;;;x
RELEASE_INFAMY;Infamy:;Infamie:;;;;;;;;;;;;x
RELEASE_PLAY_AS;Play As;Jouer;;;;;;;;;;;;x
RELEASE_PRESTIGE;Prestige:;Prestige:;;;;;;;;;;;;x
RELEASE_VASSAL_EFFECT;Release §Y$TARGET$§W\n;Lib¡×er ¡×$TARGET$¡×\n;;;;;;;;;;;;x
RELIGION_DISTTITLE;Religion;Religion;Religion;;;;;;;;;;;x
REM_BUILDING;Lose §R$NAME$§W in §Y$WHERE$§W.\n;Perte de ¡×$NAME$¡× ¡×¡×$WHERE$¡×.\n;;;;;;;;;;;;x
REMAINING_NAVAL_RETREAT;Before we can perform a voluntary retreat, we need to get closer by §Y$OPT$§! to figure out what our chances are.;;;;;;;;;;;;;x
REMOVE_ACCEPTED_CULTURE;§Y$CULTURE$§W removed from accepted cultures.\n;¡×$CULTURE$¡× supprim¡×des cultures accept¡×s.\n;¡×$CULTURE$¡× aus akzeptierten Kulturen entfernt.\n;;;;;;;;;;;x
REMOVE_BUILDING_EFFECT;Set §Y$BUILDING$§W to level §Y$VALUE$§W in §Y$PROVINCE$§W.\n;D¡×inir ¡×¡×$VALUE$¡× le niveau du b¡×iment ¡×$BUILDING$¡× en ¡×$PROVINCE$¡×.\n;¡×$BUILDING$¡× nun auf Stufe ¡×$VALUE$¡× in ¡×$PROVINCE$¡×.\n;;Establece ¡×$BUILDING$¡× al nivel ¡×$VALUE$¡× en ¡×$PROVINCE$¡×.\n;;;;;;;;;x
REMOVE_DECISIONOTHER_1;$COUNTRY$;$COUNTRY$;$COUNTRY$;;;;;;;;;;;x
REMOVE_DIPLOMACY_DAILYINFLULENCE_GAIN;We gain §Y$NUM$§W influence in §Y$COUNTRY$§W each day;Nous gagnons quotidiennement ¡×$NUM$¡× points d'influence en ¡×$COUNTRY$¡×.;Wir erhalten in ¡×$COUNTRY$¡× t¡×lich ¡×$NUM$¡× Einfluss.;;Obtenemos una influencia de ¡×$NUM$¡× en ¡×$COUNTRY$¡× cada d¡×;;;;;;;;;x
REMOVE_DIPLOMACY_WARDIALOG_ALLIES;§Y$COUNTRY$§W has the following allies:;¡×$COUNTRY$¡× a les alli¡× suivants :;¡×$COUNTRY$¡× hat folgende Verb¡×dete:;;¡×$COUNTRY$¡× cuenta con los siguientes aliados:;;;;;;;;;x
REMOVE_DIPLOMACY_WARDIALOG_NUM_ALLIES;§Y$COUNTRY$§W has §Y$NUM$§W allies;¡×$COUNTRY$¡× a ¡×$NUM$¡× alli¡×;¡×$COUNTRY$¡× hat ¡×$NUM$¡× Verb¡×dete.;;¡×$COUNTRY$¡× tiene ¡×$NUM$¡× aliados;;;;;;;;;x
REMOVE_DISBAND_UNIT_DRO;Disbanding an army will reduce the amount of supplies and fuel your nation is spending on maintenance. If the unit is under-strength, it will free manpower to reinforce units in more important areas.;D¡×anteler une arm¡× permet de r¡×uire les d¡×enses en ravitaillements et en carburant de votre nation. Si l'unit¡×est en sous-nombre, les effectifs lib¡×¡× iront renforcer les unit¡× ailleurs sur le terrain.;Die Aufl¡×ung einer Armee reduziert die Menge an Nachschub und Treibstoff, die Ihre Nation f¡× Instandhaltung verbraucht. Wenn die Einheit unter Sollst¡×ke ist, werden Soldaten zur Verst¡×kung anderer Einheiten in wichtigeren Gebieten frei.;;;;;;;;;;;x
REMOVE_FOW;Lift Fog of War from $COUNTRY$ for $MONTHS$ months.;Éliminer le brouillard de guerre du pays $COUNTRY$ pendant $MONTHS$ mois.;Kriegsnebel von $COUNTRY$ f¡× $MONTHS$ Monate aufheben.;;;;;;;;;;;x
REMOVE_IS_NOT_PRIMARY_CULTURE;Is NOT primary culture.;N'est PAS une culture principale.;Ist NICHT Prim¡×kultur.;;;;;;;;;;;x
REMOVE_IS_PRIMARY_CULTURE;Is primary culture.;Est une culture principal.;Ist Prim¡×kultur.;;;;;;;;;;;x
REMOVE_MONEY_EFFECT;Lose §R$VALUE$§W¤§W.\n;Perte de ¡×$VALUE$¡×¤§W.\n;Büßt ¡×$VALUE$¡×¤§W an Geld ein.\n;;Pierde ¡×$VALUE$¡× dinero¡×.\n;;;;;;;;;x
REMOVE_NAVALATTACKTHEM_HEADER;$chief_of_navy$ reports;$chief_of_navy$ rapporte que;$chief_of_navy$ berichtet:;;;;;;;;;;;x
REMOVE_NAVALATTACKUS_HEADER;$chief_of_navy$ reports;$chief_of_navy$ rapporte que;$chief_of_navy$ berichtet:;;;;;;;;;;;x
REMOVE_NO_DEMOTION;No Pops will be promoted today.;Aucun POP ne sera r¡×rograd¡×aujourd'hui.;Heute werden keine Bevs degradiert.;;;;;;;;;;;x
REMOVE_NO_PROMOTION;No Pops will be promoted today.;Aucun POP ne sera promu aujourd'hui.;Heute werden keine Bevs bef¡×dert.;;;;;;;;;;;x
REMOVE_PROVINCEVIEW_FROM_LOCAL_TAX;From local tax efficiency: §Y+;Provenant de l'efficacit¡×fiscale locale : ¡×+;Aus lokaler Steuereffizienz: ¡×+;;;;;;;;;;;x
REMOVE_RULE_CLOSE_FACTORY;Close Factory;Fermer une usine;Fabrik schlie¡×n;;;;;;;;;;;x
REMOVE_RULE_OPEN_FACTORY;Open Factory;Ouvrir une usine;Fabrik ¡×fnen;;;;;;;;;;;x
REMOVE_RULE_POP_BUILD_FACTORY;Pop Build Factory;POP construit une usine;Pop Build Factory;;;;;;;;;;;x
REMOVEFROMSPHERE_BUTTON;Remove from Sphere;Retirer de la sph¡×e;;;;;;;;;;;;x
REMOVEFROMSPHERE_COST;This will cost §R$PRESTIGE$§W prestige and give you §R$INFAMY$§W infamy;;;;;;;;;;;;;x
REMOVEFROMSPHERE_COST_NO_INFAMY;This will cost §R$PRESTIGE$§W prestige;;;;;;;;;;;;;x
REMOVEFROMSPHERE_DESC;Removes nation from a §YGreat Power§W's Sphere of Influence.;;;;;;;;;;;;;x
REMOVEFROMSPHERE_DI;Remove from Sphere;Retirer de la sph¡×e;;;;;;;;;;;;x
REMOVEFROMSPHERE_OTHER_ACCEPT_1;§Y$RECIPIENT$§W;¡×$RECIPIENT$¡×;;;;;;;;;;;;x
REMOVEFROMSPHERE_OTHER_ACCEPT_2;$MONARCHTITLE$, we have been informed that;$MONARCHTITLE$, nous avons ¡×¡×inform¡× que;;;;;;;;;;;;x
REMOVEFROMSPHERE_OTHER_ACCEPT_3;§Y$ACTOR$§W removed;¡×$ACTOR$¡× a retir¡×;;;;;;;;;;;x
REMOVEFROMSPHERE_OTHER_ACCEPT_4;§Y$RECIPIENT$§W from the;¡×$RECIPIENT$¡× de la;;;;;;;;;;;;x
REMOVEFROMSPHERE_OTHER_ACCEPT_5;Sphere of Influence of §Y$TARGET$§W.;sph¡×e d'influence de ¡×$TARGET$¡×.;;;;;;;;;;;;x
REMOVEFROMSPHERE_OTHER_ACCEPT_6;*;*;;;;;;;;;;;;x
REMOVEFROMSPHERE_OTHER_ACCEPT_BTN1;OK;OK;;;;;;;;;;;;x
REMOVEFROMSPHERE_OTHER_ACCEPT_BTN2;OK;OK;;;;;;;;;;;;x
REMOVEFROMSPHERE_OTHER_ACCEPT_BTN3;Go To;Aller ¡×;;;;;;;;;;;x
REMOVEFROMSPHERE_OTHER_ACCEPT_HEADER;The Foreign Minister reports;Le ministre des Affaires ¡×rang¡×es indique :;;;;;;;;;;;;x
REMOVEFROMSPHERE_OTHER_ACCEPT_LOG;$ACTOR$ has removed $RECIPIENT$ from the Sphere of Influence of $TARGET$.;$ACTOR$ a retir¡×$RECIPIENT$ de la sph¡×e d'influence de $TARGET$.;;;;;;;;;;;;x
REMOVEFROMSPHERE_OTHER_ACCEPT_SETUP;When a nation is removed from another nation's Sphere of Influence;Si une nation est supprim¡× de la sph¡×e d'influence d'une autre;;;;;;;;;;;;x
REMOVEFROMSPHERE_THEY_ACCEPT_1;§Y$RECIPIENT$§W;¡×$RECIPIENT$¡×;;;;;;;;;;;;x
REMOVEFROMSPHERE_THEY_ACCEPT_2;$MONARCHTITLE$, we managed to remove;$MONARCHTITLE$, nous avons r¡×ssi ¡×retirer;;;;;;;;;;;;x
REMOVEFROMSPHERE_THEY_ACCEPT_3;§Y$RECIPIENT$§W from the Sphere of Influence of §Y$TARGET$§W.;¡×$RECIPIENT$¡× de la sph¡×e d'influence de ¡×$TARGET$¡×.;;;;;;;;;;;;x
REMOVEFROMSPHERE_THEY_ACCEPT_4;*;*;;;;;;;;;;;;x
REMOVEFROMSPHERE_THEY_ACCEPT_5;*;*;;;;;;;;;;;;x
REMOVEFROMSPHERE_THEY_ACCEPT_6;*;*;;;;;;;;;;;;x
REMOVEFROMSPHERE_THEY_ACCEPT_BTN1;OK;OK;;;;;;;;;;;;x
REMOVEFROMSPHERE_THEY_ACCEPT_BTN2;OK;OK;;;;;;;;;;;;x
REMOVEFROMSPHERE_THEY_ACCEPT_BTN3;Go To;Aller ¡×;;;;;;;;;;;x
REMOVEFROMSPHERE_THEY_ACCEPT_HEADER;The Foreign Minister reports;Le ministre des Affaires ¡×rang¡×es indique :;;;;;;;;;;;;x
REMOVEFROMSPHERE_THEY_ACCEPT_LOG;We have removed $RECIPIENT$ from the Sphere of Influence of $TARGET$.;Nous avons retir¡×$RECIPIENT$ de la sph¡×e d'influence de $TARGET$.;;;;;;;;;;;;x
REMOVEFROMSPHERE_THEY_ACCEPT_MAP;Removed from sphere;Retir¡×de la sph¡×e;;;;;;;;;;;;x
REMOVEFROMSPHERE_THEY_ACCEPT_SETUP;When we remove a nation from another nation's Sphere of Influence;Si nous supprimons une nation de la sph¡×e d'influence d'une autre nation;;;;;;;;;;;;x
REMOVEFROMSPHERE_WE_ACCEPT_1;§Y$ACTOR$§W;¡×$ACTOR$¡×;;;;;;;;;;;;x
REMOVEFROMSPHERE_WE_ACCEPT_2;$MONARCHTITLE$, §Y$ACTOR$§W managed to remove us;$MONARCHTITLE$, ¡×$ACTOR$¡× a r¡×ssi ¡×nous retirer;;;;;;;;;;;;x
REMOVEFROMSPHERE_WE_ACCEPT_3;from the Sphere of Influence of §Y$TARGET$§W.;de la sph¡×e d'influence de ¡×$TARGET$¡×.;;;;;;;;;;;;x
REMOVEFROMSPHERE_WE_ACCEPT_4;*;*;;;;;;;;;;;;x
REMOVEFROMSPHERE_WE_ACCEPT_5;*;*;;;;;;;;;;;;x
REMOVEFROMSPHERE_WE_ACCEPT_6;*;*;;;;;;;;;;;;x
REMOVEFROMSPHERE_WE_ACCEPT_BTN1;OK;OK;;;;;;;;;;;;x
REMOVEFROMSPHERE_WE_ACCEPT_BTN2;OK;OK;;;;;;;;;;;;x
REMOVEFROMSPHERE_WE_ACCEPT_BTN3;Go To;Aller ¡×;;;;;;;;;;;x
REMOVEFROMSPHERE_WE_ACCEPT_HEADER;The Foreign Minister reports;Le ministre des Affaires ¡×rang¡×es indique :;;;;;;;;;;;;x
REMOVEFROMSPHERE_WE_ACCEPT_LOG;$ACTOR$ has removed us from the Sphere of Influence of $TARGET$.;$ACTOR$ nous a retir¡× de la sph¡×e d'influence de $TARGET$.;;;;;;;;;;;;x
REMOVEFROMSPHERE_WE_ACCEPT_MAP;Removed from sphere;Retir¡×de la sph¡×e;;;;;;;;;;;;x
REMOVEFROMSPHERE_WE_ACCEPT_SETUP;When we are removed from another nation's Sphere of Influence;Si nous sommes supprim¡× de la sph¡×e d'influence d'une autre nation;;;;;;;;;;;;x
REMOVEFROMSPHERETITLE;Remove from Sphere of Influence;Retirer de la sph¡×e d'influence;;;;;;;;;;;;x
RENAME_PROV_EFF;$OLD$ renamed to §Y$NEW$§W.\n;$OLD$ renomm¡×e) ¡×$NEW$¡×.\n;;;;;;;;;;;;x
RENAME_REGION_EFF;$OLD$ renamed to §Y$NEW$§W.\n;$OLD$ renomm¡×e) ¡×$NEW$¡×.\n;;;;;;;;;;;;x
REORG_PANEL_BALANCE_UNITS;Balance;Équilibre;;;;;;;;;;;;x
REORGANISE_UNITS;Reorganise these two units;R¡×rganiser ces deux unit¡×;;;;;;;;;;;;x
REORGANISE_UNITS_DRO;Reorganising these two units will allow you move subunits between the two units;La r¡×rganisation de ces deux unit¡× vous permettra de d¡×lacer des sous-unit¡× entre elles deux.;;;;;;;;;;;;x
REPAIR_RATE_TECH;Repair Rate;Taux de r¡×aration;;;;;;;;;;;;x
REPLACE_MINISTER_EFFECT;§Y$NAME$§W will become §Y$POSITION$§W.\n;¡×$NAME$¡× va devenir ¡×$POSITION$¡×.\n;;;;;;;;;;;;x
REQ;You cannot build this without first building;Vous ne pouvez pas construire ceci sans avoir construit le premier b¡×iment;;;;;;;;;;;;x
RESEARCH_POINTS_EFFECT;Gain §G$VALUE$§W Research Points.\n;Gain de ¡×$VALUE$¡× points de recherche.\n;;;;;;;;;;;;x
RESEARCH_POINTS_LABEL;Research Points:;Points de recherche :;;;;;;;;;;;;x
RESENDEXPEDDESC;Send an expeditionary force back to its owner.;Renvoyez un corps exp¡×itionnaire ¡×son propri¡×aire.;;;;;;;;;;;;x
RESENDEXPEDTITLE;Return Expeditionary Force;Renvoyez votre corps exp¡×itionnaire;;;;;;;;;;;;x
RESIGN_DESC;Are you sure you want to resign and return to the main menu?;¡×es-vous s¡× de vouloir abandonner pour revenir au menu principal ¡×;;;;;;;;;;;;x
RESIGN_TITLE;Resign Game;Abandonner la partie;;;;;;;;;;;;x
RESTART_REQ;Restart Required;Red¡×arrage n¡×essaire;;;;;;;;;;;;x
RESTART_REQ_DESC;You must restart the game for these changes to take effect.;Vous devez red¡×arrer le jeu pour que les modifications prennent effet.;;;;;;;;;;;;x
RESULT_LOSS;lost;perdu;;;;;;;;;;;;x
RESULT_WON;won;gagn¡×;;;;;;;;;;;x
RETREAT_DELAY_IRO;There is still §Y$VAL$§W day(s) left until a voluntary retreat can be made.;Il reste ¡×$VAL$¡× jour(s) jusqu'¡×ce qu'une retraite volontaire puisse intervenir.;;;;;;;;;;;;x
RETREAT_TO_OI;Retreating to $WHERE$.;Retraite vers $WHERE$.;;;;;;;;;;;;x
RETRIEVEEXPEDDESC;Demand that an expeditionary force return home to you.;Demandez qu'un corps exp¡×itionnaire rentre chez vous.;;;;;;;;;;;;x
RETRIEVEEXPEDNEWDESC;Do you wish a unit to be returned home to §Y$RECIPIENT$§W?\nIf you do so, the unit will revert to the original owner on §Y$DATE$§W;Souhaitez-vous qu'une unit¡×rentre ¡×¡×$RECIPIENT$¡× ¡×\nSi oui, l'unit¡×retournera ¡×son v¡×itable propri¡×aire le ¡×$DATE$¡×.;;;;;;;;;;;;x
RETRIEVEEXPEDTITLE;Retrieve Expeditionary Force;R¡×up¡×ez votre corps exp¡×itionnaire;;;;;;;;;;;;x
REV_GAIN_CB;§Y$ACTIVE$§W gains a $TYPE$ Casus-Belli on §Y$PASSIVE$§W.\n;¡×$ACTIVE$¡× obtient un $TYPE$ casus belli sur ¡×$PASSIVE$¡×.\n;;;;;;;;;;;;x
revanchism;Revanchism;Revanchisme;;;;;;;;;;;;x
revanchism_desc;The people are unhappy about things, mainly the land they lost. They will turn to this Chaplin-esque character to cheer them up;Les gens sont m¡×ontents, notamment d'avoir perdu leurs terres. Ils vont chercher du r¡×onfort aupr¡× de ce personnage chaplinesque.;;;;;;;;;;;;x
REVANCHISM_EXPLANATION;Revanchism, from the French word for 'revenge', is the yearning for the return of land lost to the nation. In love, war, and peace alike, our people will be willing to make greater sacrifices for the return of our sacred soil.;Le revanchisme est une attitude politique inspir¡× par l'esprit de revanche (apr¡× une d¡×aite). Notre peuple est pr¡× ¡×tous les sacrifices pour retrouver son sol sacr¡×;;;;;;;;;;;;x
REVANCHISM_LOWER;Revanchism lower than §Y$VAL$§W.\n;Revanchisme inf¡×ieur ¡×¡×$VAL$¡×.\n;;;;;;;;;;;;x
REVANSCHISM_ATLEAST;Revanchism is at least §Y$VAL$§W.\n;Le revanchisme est d'au moins ¡×$VAL$¡×.\n;;;;;;;;;;;;x
REVERT_SAVE_CAL;Reverting to default database.;Retour ¡×la base de donn¡×s par d¡×aut.;;;;;;;;;;;;x
REVOKE_GOVERMENT_IN_EXILE;Revoke the Government in Exile.\n;Destituer le gouvernement en exil.\n;;;;;;;;;;;;x
REVOKE_MILITARY_ACCESS_EFFECT;§Y$COUNTRY$§W will revoke military access with §Y$TARGET_COUNTRY$§W.\n;¡×$COUNTRY$¡× va annuler l'acc¡× militaire accord¡×¡×¡×$TARGET_COUNTRY$¡×.\n;;;;;;;;;;;;x
REVOKEDEBTDESC;No longer allow the nation to go into debt when trading with you during wartime.;Ne permettez plus ¡×un pays de s'endetter quand il commerce avec vous.;;;;;;;;;;;;x
REVOKEDEBTNEWDESC;Do you wish revoke §Y$NAME$§W's permission to accumulated debt in their dealings with us?\nThis action will cost us §Y$COST$§W influence points.;Souhaitez-vous r¡×oquer la permission accord¡× ¡×¡×$NAME$¡× de s'endetter en commer¡×nt avec nous ¡×\nCette action nous co¡×era ¡×$COST$¡× points d'influence.;;;;;;;;;;;;x
REVOKEDEBTTITLE;Revoke Debt;R¡×oquer la dette;;;;;;;;;;;;x
REVOKEMILACCDESC;Revoke their ability to station troops and ships in our country.;R¡×oquer l'acc¡× de leurs troupes et de leurs navires ¡×notre territoire.;;;;;;;;;;;;x
REVOKEMILACCNEWDESC;Do you wish to revoke the Military Access given to $COUNTRY$? Doing so will prevent their troops from accessing our country and ports.;Souhaitez-vous r¡×oquer les droits de transit accord¡× ¡×$COUNTRY$ ¡× Si oui, cela emp¡×hera leurs troupes d'avoir acc¡× ¡×notre pays et ¡×nos ports.;;;;;;;;;;;;x
REVOKEMILACCTITLE;Revoke Military Access.;R¡×oquez les droits de transit.;;;;;;;;;;;;x
revolt_risk;Revolt Risk;Risque de r¡×olte;Revoltenrisiko;;;;;;;;;;;x
REVOLT_RISK_HIGHER_THAN;Revolt risk at least ;Risque de r¡×olte d'au moins ;Revoltenrisiko größer als ;;;;;;;;;;;x
REVOLT_RISK_LOWER_THAN;Revolt risk lower than ;Risque de r¡×olte inf¡×ieur ¡×;Revoltenrisiko geringer als ;;;;;;;;;;;x
REVOLTALLIANCE_1;Foreign Revolution!;R¡×olution ¡×l’¡×ranger!;;;;;;;;;;;;x
REVOLTALLIANCE_2;$MONARCHTITLE$,;$MONARCHTITLE$, la nation de;;;;;;;;;;;;x
REVOLTALLIANCE_3;§Y$ACTOR$§W;¡×$ACTOR$¡×;;;;;;;;;;;;x
REVOLTALLIANCE_4;is in revolution!;conna¡× une r¡×olution!;;;;;;;;;;;;x
REVOLTALLIANCE_5;All our alliances with them are broken and our influences with them has gone to waste.;Notre alliance avec ce pays est rompue et notre influence y est r¡×uite ¡×n¡×nt.;;;;;;;;;;;;x
REVOLTALLIANCE_6;*;*;;;;;;;;;;;;x
REVOLTALLIANCE_BTN1;OK;D'accord;;;;;;;;;;;;x
REVOLTALLIANCE_BTN2;OK;D'accord;;;;;;;;;;;;x
REVOLTALLIANCE_BTN3;Go To;Voir;;;;;;;;;;;;x
REVOLTALLIANCE_HEADER;The Foreign Minister reports;Le ministre des Affaires ¡×rang¡×es indique:;;;;;;;;;;;;x
REVOLTALLIANCE_LOG;A revolution! Our alliance is broken!;Une r¡×olution ! Notre alliance est rompue!;;;;;;;;;;;;x
REVOLTALLIANCE_SETUP;When a nation breaks their alliances with us due to revolution.;Lorsqu’une nation rompt son alliance avec nous suite ¡×une r¡×olution.;;;;;;;;;;;;x
REVOLTRISK_EFFECT;$DIRECTION$ $VALUE$ revolt risk in $WHERE$.\n;$DIRECTION$ $VALUE$ risque de r¡×olte ¡×$WHERE$.\n;;;;;;;;;;;;x
RGO_INPUT_TECH;RGO input efficiency tech;Tech efficacit¡×mati¡×es premi¡×es EAM;;;;;;;;;;;;x
RGO_NONE_EFFECT_TECH;;;;;;;;;;;;;;x
RGO_OUTPUT_TECH;RGO output efficiency tech;Tech efficacit¡×rendement EAM;;;;;;;;;;;;x
RGO_SIZE;RGO Size;Taille EAM;;;;;;;;;;;;x
RGO_THROUGHPUT_TECH;RGO throughput efficiency tech;Tech efficacit¡×d¡×it EAM;;;;;;;;;;;;x
RICH_MILITANCY_LESS_THAN;Rich strata militancy less than ;Militantisme des classes sup¡×ieures inf¡×ieur ¡×;;;;;;;;;;;x
RICH_MILITANCY_MORE_THAN;Rich strata militancy more than ;Militantisme des classes sup¡×ieures sup¡×ieur ¡×;;;;;;;;;;;x
RICH_STRATA;Rich Strata;Classes sup¡×ieures;Oberschicht;;;;;;;;;;;x
RIGHT_CLICK_TO_REMOVE_NF;§YRight mouse click§! to remove the current focus.;¡×Clic droit¡× pour supprimer la cause nationale actuelle;;;;;;;;;;;;x
RIP_EFFECT;$NAME$ will become the new ruling party.\n;$NAME$ va devenir le nouveau parti dirigeant.\n;;;;;;;;;;;;x
RIVALSWITH;Views $LIST$ as natural rivals.;Affiche $LIST$ comme ¡×ant des rivaux naturels.;;;;;;;;;;;;x
RIVER_ADJUSTER;River;Fleuve;;;;;;;;;;;;x
ROYALMARRIAGE;Royal Marriage with $LIST$.;Mariage royal avec $LIST$.;;;;;;;;;;;;x
RP_ACCUMULATED;We have accumulated §Y$VAL$§W research points that are currently unused.;Nous disposons de ¡×$VAL$¡× points de recherche actuellement inutilis¡×.;;;;;;;;;;;;x
rubber_RGO_SIZE;Rubber Lodge Size;Taille de l'exploitation de caoutchouc;Gummiplantage-Größe;;;;;;;;;;;x
RUL_PARTY_IS;Current government is;Le gouvernement actuel est;;;;;;;;;;;;x
RUL_PARTY_IS_NOT;Current government is NOT;Le gouvernement actuel n'est PAS;;;;;;;;;;;;x
RULE_ALL_VOTING;\nAll cultures can vote;;;;;;;;;;;;;x
RULE_ALLOW_FOREIGN_INVESTMENT;Allow foreign investment;Autoriser les investissements ¡×rangers;;;;;;;;;;;;x
RULE_BUILD_FACTORY;Build Factory;Construire une usine;;;;;;;;;;;;x
RULE_BUILD_FACTORY_INVEST;Build foreign factory;Construire une usine ¡×l'¡×ranger;;;;;;;;;;;;x
RULE_BUILD_RAILWAY;Build Railway;Construire une voie ferr¡×;;;;;;;;;;;;x
RULE_BUILD_RAILWAY_INVEST;Investors can build foreign railways;Les investisseurs peuvent construire des chemins de fer ¡×l'¡×ranger;;;;;;;;;;;;x
RULE_CAN_INVEST_IN_POP_PROJECTS;Invest in pop projects;Investir dans des projets;;;;;;;;;;;;x
RULE_CAN_SUBSIDISE;Can Subsidise;Possibilit¡×de subventions;;;;;;;;;;;;x
RULE_CULTURE_VOTING;\nAccepted cultures can vote;;;;;;;;;;;;;x
RULE_DELETE_FACTORY_IF_NO_INPUT;Delete Factory if No Input;Supprimer une usine en l'absence de mati¡×es premi¡×es;;;;;;;;;;;;x
RULE_DESTROY_FACTORY;Destroy Factories;D¡×ruire les usines;;;;;;;;;;;;x
RULE_DHONT;Dhont;Dhont;;;;;;;;;;;;x
RULE_EXPAND_FACTORY;Expand Factory;Agrandir une usine;;;;;;;;;;;;x
RULE_EXPAND_FACTORY_INVEST;Expand foreign factory;Agrandir une usine ¡×l'¡×ranger;;;;;;;;;;;;x
RULE_FACTORY_PRIORITY;Factory Priority;Priorit¡×aux usines;;;;;;;;;;;;x
RULE_LARGEST_SHARE;Largest Share;Plus grand part;;;;;;;;;;;;x
RULE_OPEN_FACTORY;Open/Close Factory;Ouvrir/Fermer une usine;;;;;;;;;;;;x
RULE_OPEN_FACTORY_INVEST;Open foreign factory;Ouvrir une usine ¡×l'¡×ranger;;;;;;;;;;;;x
RULE_POP_BUILD_FACTORY;Capitalists Build Factories;Les capitalistes construisent des usines;Kapitalisten bauen Fabriken;;;;;;;;;;;x
RULE_POP_BUILD_FACTORY_INVEST;Investors can build foreign factory;Des investisseurs peuvent construire une usine ¡×l'¡×ranger;;;;;;;;;;;;x
RULE_POP_EXPAND_FACTORY;Pop Expand Factory;Agrandir une usine POP;;;;;;;;;;;;x
RULE_POP_EXPAND_FACTORY_INVEST;Investors can expand foreign factory;Des investisseurs peuvent agrandir une usine ¡×l'¡×ranger;;;;;;;;;;;;x
RULE_POP_OPEN_FACTORY;Pop Open Factory;Ouvrir une usine POP;;;;;;;;;;;;x
RULE_POP_OPEN_FACTORY_INVEST;Investors can open foreign factory;Des investisseurs peuvent ouvrir une usine ¡×l'¡×ranger;;;;;;;;;;;;x
RULE_POPULATION_VOTE;\nPopulation Vote;;;;;;;;;;;;;x
RULE_PRIMARY_CULTURE_VOTING;\nPrimary culture can vote;;;;;;;;;;;;;x
RULE_RICH_ONLY;\nRich Only;;;;;;;;;;;;;x
RULE_SAINTE_LAQUE;Sainte Laque;Sainte Laque;;;;;;;;;;;;x
RULE_SAME_AS_RULING_PARTY;\nSame As Ruling Party;;;;;;;;;;;;;x
RULE_SLAVERY_ALLOWED;Slavery Allowed;Esclavage autoris¡×;;;;;;;;;;;x
RULE_STATE_VOTE;\nState Vote;;;;;;;;;;;;;x
Rulers;Rulers;Dirigeants;;;;;;;;;;;;x
Run away!;I'm not sure, maybe later;Je ne suis pas s¡×. Plus tard, peut-¡×re.;Wir sind uns nicht sicher;;;;;;;;;;;x
SATELLITE;Satellite;Satellite;;;;;;;;;;;;x
SATELLITE_OF;§YSatellite§W of;¡×Satellite¡× de;;;;;;;;;;;;x
SATELLITE_OF_NOCOLOR;Satellite of;Satellite de;;;;;;;;;;;;x
Saturday;Saturday;Samedi;;;;;;;;;;;;x
SAVE;Save;Sauvegarder;;;;;;;;;;;;x
SAVE_DONE;§GDone§W;¡×Done¡×;;;;;;;;;;;;x
SAVE_LOADED;Save Game Loaded...;Sauvegarde charg¡×…;;;;;;;;;;;;x
SAVE_PROG;Save progress: $VALUE$ %;Progression de la sauvegarde : $VALUE$ %;;;;;;;;;;;;x
SAVE_TRANSFER_DONE;Save game transfer done.;Transfert de sauvegarde termin¡×;;;;;;;;;;;;x
SAVED_GAMES;Saved Game;Partie sauvegard¡×;;;;;;;;;;;;x
SCAL_CON_EFFECT;The percentage of people that $VERB$ §Y$CAT$§W $DIRECTION$ $VALUE$ Consciousness.\n;Pourcentage de gens qui $VERB$ ¡×$CAT$¡× $DIRECTION$ $VALUE$ en conscience nationale.\n;;;;;;;;;;;;x
SCAL_MILITANCY_EFFECT;The percentage of people that $VERB$ §Y$CAT$§W $DIRECTION$ $VALUE$ Militancy.\n;Le pourcentage de gens qui $VERB$ ¡×$CAT$¡× $DIRECTION$ $VALUE$ en militantisme.\n;;;;;;;;;;;;x
SCAN;Scan;Rechercher;;;;;;;;;;;;x
SCHOOL_EFFECT;Change to §Y$NAME$§!\n;Remplacement par ¡×$NAME$¡× !\n;;;;;;;;;;;;x
sea_zone;Sea Zone;Zone maritime;Seezone;;;;;;;;;;;x
SECEDE_PROVINCE;Cede §Y$WHERE$§W to §Y$WHO$§W.\n;Cession de ¡×$WHERE$¡× ¡×¡×$WHO$¡×.\n;;;;;;;;;;;;x
second_power;Secondary Power;Puissance secondaire;;;;;;;;;;;;x
SECONDARY_ISSUES_DISTTITLE;Secondary Issues;Probl¡×es secondaires;Sekund¡×probleme;;;;;;;;;;;x
SELECT;SELECT;SÉLECTION.;;;;;;;;;;;;x
SELECT_CB_CREATION_TYPE;Select the type of justification we want to manufacture;S¡×ectionner le type de CB que vous voulez fabriquer;;;;;;;;;;;;x
SELECT_WAR_GOAL;Select a war goal;S¡×ectionnez un objectif de guerre;Kriegsziel ausw¡×len;;;;;;;;;;;x
SELL;SELL;VENDRE;;;;;;;;;;;;x
SELLLICENCEDESC;Request to build a number of units developed by another country.;Demandez ¡×construire un certain nombre d'unit¡× d¡×elopp¡×s par un autre pays.;;;;;;;;;;;;x
SELLLICENCENEWDESC;Do you wish to offer a production licence for §Y$RUNS$§W production runs of §Y$NUM$§W §Y$TYPE$§W?\nWe will agree to pay §Y$PAY$§W.;Souhaitez-vous proposer une licence de production pour ¡×$RUNS$¡× s¡×ies de ¡×$NUM$¡× ¡×$TYPE$¡× ¡×\nNous sommes pr¡×s ¡×payer ¡×$PAY$¡×.;;;;;;;;;;;;x
SELLLICENCETITLE;Sell Production Licence;Vendre une licence de production;;;;;;;;;;;;x
SEND_DIPLOMAT;Send Diplomat;Envoyer un diplomate;;;;;;;;;;;;x
SENDEXPEDDESC;Send a formation as an expeditionary force.;Envoyez une formation comme corps exp¡×itionnaire.;;;;;;;;;;;;x
SENDEXPEDNEWDESC;Do you wish to send an expeditionary force to $RECIPIENT$ to use as they see fit?;Souhaitez-vous envoyer un corps exp¡×itionnaire de $RECIPIENT$ pour emploi selon les besoins ¡×;;;;;;;;;;;;x
SENDEXPEDTITLE;Expeditionary Force;Corps exp¡×itionnaire;;;;;;;;;;;;x
SEPARATISM_TECH;Separatism;S¡×aratisme;;;;;;;;;;;;x
September;September;Septembre;;;;;;;;;;;;x
SERVER_LOST;The server was lost.;La connexion avec le serveur a ¡×¡×perdue.;;;;;;;;;;;;x
SERVER_LOST_DESC;The server was lost. You can save the game or choose to continue and close this window. To continue the game, you must quit and rehost.;La connexion avec le serveur a ¡×¡×perdue. Vous pouvez sauvegarder la partie ou fermer cette fen¡×re pour continuer. Pour poursuivre la partie, vous devez quitter et accueillir une nouvelle session.;;;;;;;;;;;;x
SERVER_LOST_TITLE;Server Lost!;Connexion perdue avec le serveur !;;;;;;;;;;;;x
SET_ECONOMIC_REFORM_EFFECT;Economic reform selected: §Y$NAME$§W.\n;R¡×orme ¡×onomique s¡×ectionn¡× : ¡×$NAME$¡×.\n;;;;;;;;;;;;x
SET_MILITARY_REFORM_EFFECT;Military reform selected: §Y$NAME$§W.\n;MR¡×orme militaire s¡×ectionn¡× : ¡×$NAME$¡×.\n;;;;;;;;;;;;x
SET_POLITICAL_REFORM_EFFECT;Political reform selected: §Y$NAME$§W.\n;R¡×orme politique s¡×ectionn¡× : ¡×$NAME$¡×.\n;;;;;;;;;;;;x
SET_PRIMARY_CULTURE;§Y$CULTURE$§W set to primary culture.\n;¡×$CULTURE$¡× est la culture principale.\n;;;;;;;;;;;;x
SET_SOCIAL_REFORM_EFFECT;Social reform selected: §Y$NAME$§W.\n;R¡×orme sociale s¡×ectionn¡× : ¡×$NAME$¡×.\n;;;;;;;;;;;;x
SETPARTY_1;New Ruling Party in $COUNTRY$;Nouveau parti dirigeant de $COUNTRY$;;;;;;;;;;;;x
SETPARTY_2;$MONARCHTITLE$, we have now changed ruling party to;$MONARCHTITLE$, nous avons maintenant transform¡×le parti dirigeant en;;;;;;;;;;;;x
SETPARTY_3;$PARTY$;$PARTY$;;;;;;;;;;;;x
SETPARTY_4;They are a $IDEOLOGY$ party and have the following policies.;Il s'agit d'un parti $IDEOLOGY$ proposant les politiques suivantes.;;;;;;;;;;;;x
SETPARTY_5;$DETAILS$;$DETAILS$;;;;;;;;;;;;x
SETPARTY_6;*;*;;;;;;;;;;;;x
SETPARTY_BTN1;OK;OK;;;;;;;;;;;;x
SETPARTY_BTN2;OK;OK;;;;;;;;;;;;x
SETPARTY_BTN3;Go To;ALLER ¡×;;;;;;;;;;;x
SETPARTY_HEADER;Political News in $COUNTRY$;Titre;;;;;;;;;;;;x
SETPARTY_LOG;The $PARTY$ will now rule in $COUNTRY$.;$PARTY$ dirige maintenant $COUNTRY$.;;;;;;;;;;;;x
SETPARTY_MAP;*;*;;;;;;;;;;;;x
SETPARTY_SETUP;When changing ruling party.;Lors du changement d'un parti dirigeant.;;;;;;;;;;;;x
SHADOWY_INVESTOR;Private Investors;Investisseurs priv¡×;;;;;;;;;;;;x
SHARED_PRESTIGE_TECH;Shared prestige (current);;;;;;;;;;;;;x
SHIP_BUILD_LIMIT_MAX;§Y(Limit: $LIM$)§W;;;;;;;;;;;;;x
SHIP_BUILD_LIMIT_PER_BASE;Limited to §Y$LIM$§W units per each port that supports this ship.;;;;;;;;;;;;;x
SHIP_BUILD_LIMIT_PER_BASE_HINT;§RConsider building more naval bases of level at least §G$LVL$§R.§W;;;;;;;;;;;;;x
SHIP_BUILD_MIN_BASE_LEVEL;Requires naval port with level §Y$LVL$§W or greater.;;;;;;;;;;;;;x
SHIP_BUILD_MIN_BASE_LEVEL_WARNING;§RCannot be built in this naval port. Requires level §Y$LVL$§R or greater.§W;;;;;;;;;;;;;x
SHIP_SUB_NAME;$NUM$$ORDER$ $HOME$ $TYPE$;$NUM$$ORDER$ $HOME$ $TYPE$;;;;;;;;;;;;x
SHIP_SUPPLY_RANGE;Supply Range;Port¡× de ravitaillement;;;;;;;;;;;;x
SHIPSUNK_1;Ship Lost!;qu'un navire a ¡×¡×perdu !;;;;;;;;;;;;x
SHIPSUNK_2;$MONARCHTITLE$, one of our vessels has been;$MONARCHTITLE$, l'un de nos vaisseaux a ¡×¡×;;;;;;;;;;;x
SHIPSUNK_3;LOST!;PERDU;;;;;;;;;;;;x
SHIPSUNK_4;while traversing the hazardous waters of;en traversant les eaux p¡×illeuses de la province de :;;;;;;;;;;;;x
SHIPSUNK_5;$PROV$;$PROV$.;;;;;;;;;;;;x
SHIPSUNK_6;*;*;;;;;;;;;;;;x
SHIPSUNK_BTN1;OK;OK;;;;;;;;;;;;x
SHIPSUNK_BTN2;OK;OK;;;;;;;;;;;;x
SHIPSUNK_BTN3;Go To;ALLER ¡×;;;;;;;;;;;x
SHIPSUNK_HEADER;The Admiralty reports;$chief_of_navy$ rapporte que;;;;;;;;;;;;x
SHIPSUNK_LOG;A ship was lost in $PROV$;Un navire a ¡×¡×perdu dans la province de : $PROV$.;;;;;;;;;;;;x
SHIPSUNK_MAP;A ship is lost!;Nous avons perdu un navire !;;;;;;;;;;;;x
SHIPSUNK_SETUP;When one of your ships sinks due to attrition;Si l'un de vos navires coule ¡×cause de l'attrition.;;;;;;;;;;;;x
SHORTCUT;§WShortcut: §Y;¡×Raccourci : ¡×;;;;;;;;;;;;x
SHORTCUT_SHIELD;$TAG$ is an interesting choice during this period. Click to select it.;$TAG$ est un choix int¡×essant pour cette p¡×iode. Cliquez ici pour le s¡×ectionner.;$TAG$ ist w¡×rend dieser Periode eine interessante Option. Zum Ausw¡×len anklicken.;;;;;;;;;;;x
SIDEMENU_menubar_msg_combat;Left-click to show all §YCombat§W messages. Right-click to dismiss all.;Faites un clic gauche pour afficher tous les messages de ¡×combat¡×. Faites un clic droit pour tout ¡×arter.;;;;;;;;;;;;x
SIDEMENU_menubar_msg_diplo;Left-click to show all §YDiplomatic§W messages. Right-click to dismiss all.;Faites un clic gauche pour afficher tous les messages ¡×diplomatiques¡×. Faites un clic droit pour tout ¡×arter.;;;;;;;;;;;;x
SIDEMENU_menubar_msg_event;Left-click to show all §YEvent§W messages. Right-click to dismiss all.;Faites un clic gauche pour afficher tous les messages relatifs aux ¡×¡×¡×ements¡×. Faites un clic droit pour tout ¡×arter.;;;;;;;;;;;;x
SIDEMENU_menubar_msg_other;Left-click to show all §YOther§W messages. Right-click to dismiss all.;Faites un clic gauche pour afficher tous les ¡×autres¡× messages. Faites un clic droit pour tout ¡×arter.;;;;;;;;;;;;x
SIDEMENU_menubar_msg_province;Left-click to show all §YProvince§W messages. Right-click to dismiss all.;Faites un clic gauche pour afficher tous les messages relatifs ¡×la ¡×province¡×. Faites un clic droit pour tout ¡×arter.;;;;;;;;;;;;x
SIDEMENU_menubar_msg_settings;Click to open message filter settings.;Clic gauche pour s¡×ectionner les filtres de messages;;;;;;;;;;;;x
SIDEMENU_menubar_msg_unit;Left-click to show all §YUnit§W messages. Right-click to dismiss all.;Faites un clic gauche pour afficher tous les messages relatifs aux ¡×unit¡×¡×. Faites un clic droit pour tout ¡×arter.;;;;;;;;;;;;x
SIEGE;Siege;;;;;;;;;;;;;x
SIEGE_EXTRA_ATTR;§R+$VAL$%§W attrition from resistance to the occupation;;;;;;;;;;;;;x
SIEGE_OF;Occupation of;Occupation de;;;;;;;;;;;;x
SIEGEOVER_1;The $NAME$ is Over!;Fin de $NAME$ !;;;;;;;;;;;;x
SIEGEOVER_2;$MONARCHTITLE$, we have $RESULT$;$MONARCHTITLE$, nous avons $RESULT$;;;;;;;;;;;;x
SIEGEOVER_3;The $NAME$!;$NAME$ !;;;;;;;;;;;;x
SIEGEOVER_4;It took $TIME$ days for;Il nous a fallu $TIME$ jours pour;;;;;;;;;;;;x
SIEGEOVER_5;$WINNER$;$WINNER$;;;;;;;;;;;;x
SIEGEOVER_6;to gain control of the province.;pour maintenant contr¡×er la province.;;;;;;;;;;;;x
SIEGEOVER_BTN1;OK;OK;;;;;;;;;;;;x
SIEGEOVER_BTN2;OK;OK;;;;;;;;;;;;x
SIEGEOVER_BTN3;Go To;ALLER ¡×;;;;;;;;;;;x
SIEGEOVER_HEADER;$MESSENGER$;$MESSENGER$;;;;;;;;;;;;x
SIEGEOVER_LOG;We $RESULT$ the $NAME$.;Nous avons $RESULT$ $NAME$.;;;;;;;;;;;;x
SIEGEOVER_MAP;*;*;;;;;;;;;;;;x
SIEGEOVER_SETUP;When control over a province have been achieved.;Si le contr¡×e d'une province est atteint.;;;;;;;;;;;;x
SIEGETHEM_1;Their province is beginning to be occupied;Leur province est occup¡×;;;;;;;;;;;;x
SIEGETHEM_2;$MONARCHTITLE$, we have started to occupy;$MONARCHTITLE$, nous occupons;;;;;;;;;;;;x
SIEGETHEM_3;$PROV$.;$PROV$.;;;;;;;;;;;;x
SIEGETHEM_4;It won't take long before our forces have wrenched it out of the clutches of;Nos forces auront bient¡× d¡×arrass¡×cette province de;;;;;;;;;;;;x
SIEGETHEM_5;$DEFENDER$.;$DEFENDER$.;;;;;;;;;;;;x
SIEGETHEM_6;They will look forward to our enlightened government.;Sa population attend impatiemment d'¡×re guid¡× par notre gouvernement.;;;;;;;;;;;;x
SIEGETHEM_BTN1;OK;D'accord;;;;;;;;;;;;x
SIEGETHEM_BTN2;OK;D'accord;;;;;;;;;;;;x
SIEGETHEM_BTN3;Go To;Voir;;;;;;;;;;;;x
SIEGETHEM_HEADER;$MESSENGER$;$MESSENGER$;;;;;;;;;;;;x
SIEGETHEM_LOG;We have begun to occupy $PROV$.;Nous occupons $PROV$.;;;;;;;;;;;;x
SIEGETHEM_MAP;*;*;;;;;;;;;;;;x
SIEGETHEM_SETUP;When we begin to occupy one of our enemy's provinces;Si nous occupons une province ennemie;;;;;;;;;;;;x
SIEGETHEMREBEL_1;Their province is beginning to be occupied;Leur province est occup¡×;;;;;;;;;;;;x
SIEGETHEMREBEL_2;$MONARCHTITLE$, we have started to occupy;$MONARCHTITLE$, nous occupons;;;;;;;;;;;;x
SIEGETHEMREBEL_3;$PROV$.;$PROV$.;;;;;;;;;;;;x
SIEGETHEMREBEL_4;It won't take long before our forces have wrenched it out of the clutches of;Nos forces auront bient¡× d¡×arrass¡×cette province de;;;;;;;;;;;;x
SIEGETHEMREBEL_5;$DEFENDER$.;$DEFENDER$.;;;;;;;;;;;;x
SIEGETHEMREBEL_6;They will look forward to our enlightened government.;Sa population attend impatiemment d'¡×re guid¡× par notre gouvernement.;;;;;;;;;;;;x
SIEGETHEMREBEL_BTN1;OK;D'accord;;;;;;;;;;;;x
SIEGETHEMREBEL_BTN2;OK;D'accord;;;;;;;;;;;;x
SIEGETHEMREBEL_BTN3;Go To;Voir;;;;;;;;;;;;x
SIEGETHEMREBEL_HEADER;$MESSENGER$;$MESSENGER$;;;;;;;;;;;;x
SIEGETHEMREBEL_LOG;We have begun to occupy $PROV$.;Nous occupons $PROV$.;;;;;;;;;;;;x
SIEGETHEMREBEL_MAP;*;*;;;;;;;;;;;;x
SIEGETHEMREBEL_SETUP;When we begin to occupy the province controlled by rebellion.;Quand nous occupons une province ennemie;;;;;;;;;;;;x
SIEGEUS_1;Our Province is beginning to be occupied;Notre province est occup¡×;;;;;;;;;;;;x
SIEGEUS_2;$MONARCHTITLE$,;$MONARCHTITLE$,;;;;;;;;;;;;x
SIEGEUS_3;$PROV$;$PROV$.;;;;;;;;;;;;x
SIEGEUS_4;is beginning to be occupied. Fear not! The forces of;est occup¡×. Ne craignez rien ! Les forces de;;;;;;;;;;;;x
SIEGEUS_5;$ATTACKER$;$ATTACKER$;;;;;;;;;;;;x
SIEGEUS_6;will soon be driven off by the might of our armies.;seront bient¡× repouss¡×s par nos puissantes arm¡×s.;;;;;;;;;;;;x
SIEGEUS_BTN1;OK;D'accord;;;;;;;;;;;;x
SIEGEUS_BTN2;OK;D'accord;;;;;;;;;;;;x
SIEGEUS_BTN3;Go To;Voir;;;;;;;;;;;;x
SIEGEUS_HEADER;$MESSENGER$;$MESSENGER$;;;;;;;;;;;;x
SIEGEUS_LOG;$PROV$ is beginning to be occupied.;$PROV$ est occup¡×.;;;;;;;;;;;;x
SIEGEUS_MAP;*;*;;;;;;;;;;;;x
SIEGEUS_SETUP;When the enemy begins to occupy our province;Si l'ennemi occupe notre province;;;;;;;;;;;;x
SIEGEUSREBEL_1;Our Province is beginning to be occupied;L'occupation de notre province commence;;;;;;;;;;;;x
SIEGEUSREBEL_2;$MONARCHTITLE$,;$MONARCHTITLE$,;;;;;;;;;;;;x
SIEGEUSREBEL_3;$PROV$;$PROV$;;;;;;;;;;;;x
SIEGEUSREBEL_4;is beginning to be occupied. Fear not! The forces of;est occup¡×. Ne craignez rien ! Les forces de;;;;;;;;;;;;x
SIEGEUSREBEL_5;$ATTACKER$;$ATTACKER$;;;;;;;;;;;;x
SIEGEUSREBEL_6;will soon be driven off by the might of our armies.;seront bient¡× repouss¡×s par nos puissantes arm¡×s.;;;;;;;;;;;;x
SIEGEUSREBEL_BTN1;OK;D'accord;;;;;;;;;;;;x
SIEGEUSREBEL_BTN2;OK;D'accord;;;;;;;;;;;;x
SIEGEUSREBEL_BTN3;Go To;Voir;;;;;;;;;;;;x
SIEGEUSREBEL_HEADER;$MESSENGER$;$MESSENGER$;;;;;;;;;;;;x
SIEGEUSREBEL_LOG;$PROV$ is beginning to be occupied.;$PROV$ est occup¡×.;;;;;;;;;;;;x
SIEGEUSREBEL_MAP;*;*;;;;;;;;;;;;x
SIEGEUSREBEL_SETUP;When the rebellion begins to occupy our province;Quand les rebelles occupent notre province;;;;;;;;;;;;x
silk_RGO_SIZE;Silkworm Ranch Size;Taille de l'¡×evage de vers ¡×soie;Seidenraupenfarm-Größe;;;;;;;;;;;x
SLAVE_STATE;Slave State;État esclavagiste;;;;;;;;;;;;x
SLOW_SPEED;Slow Speed;Vitesse lente;;;;;;;;;;;;x
SLOWEST_SPEED;Slowest Speed;Vitesse la plus lente;;;;;;;;;;;;x
SM_ALERT;Alert;Alerte;;;;;;;;;;;;x
SM_APPLY;Apply;Appliquer;;;;;;;;;;;;x
SM_AUDIO;Audio;Son;;;;;;;;;;;;x
SM_AUTOSAVE_INTERVAL;Autosave Interval;Intervalle de sauvegarde automatique;;;;;;;;;;;;x
SM_BACK;Back;Retour;;;;;;;;;;;;x
SM_BORDERLESS;Borderless;;;;;;;;;;;;;x
SM_CONTROLS;Controls;Commandes;;;;;;;;;;;;x
SM_COUNTERDISTANCE;Counter Distance;Distance d'affichage d¡×aill¡×;;;;;;;;;;;x
SM_COUNTERS;Use Counters;Utiliser les pions;;;;;;;;;;;;x
SM_DETAILS;Details;;;;;;;;;;;;;x
SM_DIFFICULTY;Difficulty;Difficult¡×;;;;;;;;;;;x
SM_EFFECT_VOLUME;Effect Volume;Volume des effets sonores;;;;;;;;;;;;x
SM_FULLSCREEN;Fullscreen;;;;;;;;;;;;;x
SM_GAME;Game;Jeu;;;;;;;;;;;;x
SM_GAMMA;Gamma;Gamma;;;;;;;;;;;;x
SM_MASTER_VOLUME;Master Volume;Volume principal;;;;;;;;;;;;x
SM_MOUSE_SPEED;Mouse Speed;Vitesse de la souris;;;;;;;;;;;;x
SM_MULTISAMPLE;Multisample Level;Multisampling;;;;;;;;;;;;x
SM_MUSIC_VOLUME;Music Volume;Volume de la musique;;;;;;;;;;;;x
SM_REFRESH_RATE;Refresh Rate;Rafra¡×hissement;;;;;;;;;;;;x
SM_RESOLUTION;Resolution;R¡×olution;;;;;;;;;;;;x
SM_RESTART;You need to restart for the change to take effect.;Vous devez red¡×arrer pour que la modification prenne effet.;;;;;;;;;;;;x
SM_SCROLL_SPEED;Scroll Speed;Vitesse de d¡×ilement;;;;;;;;;;;;x
SM_SETTINGS;Settings;Param¡×res;;;;;;;;;;;;x
SM_SHADOWS;Shadows;Ombres;;;;;;;;;;;;x
SM_SHORTCUT;Shortcut tooltip;Raccourci infobulle;;;;;;;;;;;;x
SM_TREES;Trees;Arbres;;;;;;;;;;;;x
SM_VIDEO;Video;Affichage;;;;;;;;;;;;x
SM_WATER;Advanced Water;Effets am¡×ior¡× pour l'eau;;;;;;;;;;;;x
SM_WINDOW;Window mode;;;;;;;;;;;;;x
SM_WINDOWED;Windowed;;;;;;;;;;;;;x
SM_WP;Error writing to the settings-file. Check that the file is not write protected and try again;Erreur lors de l'¡×riture du fichier de param¡×res. V¡×ifiez qu'il n'est pas prot¡×¡×et r¡×ssayez.;;;;;;;;;;;;x
SM_ZOOM_SPEED;Zoom Speed;Vitesse du zoom;;;;;;;;;;;;x
SME_ARE;are;sont;;;;;;;;;;;;x
SME_SUPPORT;support;soutiennent;;;;;;;;;;;;x
SME_UNEMPLOYMENT;Unemployed;Sans emploi;;;;;;;;;;;;x
SOCIAL_DESC;The educational budget goes towards funding your social reforms.;Le budget de l'enseignement permet de financer vos r¡×ormes sociales.;;;;;;;;;;;;x
SOCIAL_DESC2;The social spending budget goes towards funding your enacted social reforms. The amount of money to distribute depends on your §Ycountry administrative efficiency§W.;;;;;;;;;;;;;x
SOCIAL_MOVEMENT_STRENGTH_TR;Social movement strength is higher than §Y$VAL$§W.\n;Mouvement social dont la force est sup¡×ieure ¡×¡×$VAL$¡×.\n;;;;;;;;;;;;x
SOCIAL_SPENDING;Social Spending;D¡×enses sociales;;;;;;;;;;;;x
SOCREFORM_1;Social Reforms in $COUNTRY$;R¡×ormes sociales pour $COUNTRY$;;;;;;;;;;;;x
SOCREFORM_2;$MONARCHTITLE$, we have now enacted;$MONARCHTITLE$, nous avons maintenant d¡×r¡×¡×;;;;;;;;;;;x
SOCREFORM_3;$ISSUE$;$ISSUE$;;;;;;;;;;;;x
SOCREFORM_4;in;en;;;;;;;;;;;;x
SOCREFORM_5;*;$CATEGORY$;;;;;;;;;;;;x
SOCREFORM_6;*;*;;;;;;;;;;;;x
SOCREFORM_BAD_1;Social Reforms Revoked in $COUNTRY$;R¡×ormes sociales supprim¡×s pour $COUNTRY$;;;;;;;;;;;;x
SOCREFORM_BAD_2;$MONARCHTITLE$, we have now revoked benefits in;$MONARCHTITLE$, nous avons maintenant annul¡×les avantages de;;;;;;;;;;;;x
SOCREFORM_BAD_3;$CATEGORY$;$CATEGORY$;;;;;;;;;;;;x
SOCREFORM_BAD_4;from $OLD$ to $ISSUE$.;de $OLD$ ¡×$ISSUE$.;;;;;;;;;;;;x
SOCREFORM_BAD_5;*;*;;;;;;;;;;;;x
SOCREFORM_BAD_6;*;*;;;;;;;;;;;;x
SOCREFORM_BAD_BTN1;OK;OK;;;;;;;;;;;;x
SOCREFORM_BAD_BTN2;OK;OK;;;;;;;;;;;;x
SOCREFORM_BAD_BTN3;Go To;ALLER ¡×;;;;;;;;;;;x
SOCREFORM_BAD_HEADER;Political News in $COUNTRY$;Titre;;;;;;;;;;;;x
SOCREFORM_BAD_LOG;We revoked $OLD$ in $CATEGORY$ to $ISSUE$.;Nous avons annul¡×$OLD$ de $CATEGORY$ pour $ISSUE$.;;;;;;;;;;;;x
SOCREFORM_BAD_MAP;*;*;;;;;;;;;;;;x
SOCREFORM_BAD_SETUP;When removing a social reform;Lors de la suppression d'une r¡×orme sociale;;;;;;;;;;;;x
SOCREFORM_BTN1;OK;OK;;;;;;;;;;;;x
SOCREFORM_BTN2;OK;OK;;;;;;;;;;;;x
SOCREFORM_BTN3;Go To;ALLER ¡×;;;;;;;;;;;x
SOCREFORM_HEADER;Political News in $COUNTRY$;Titre;;;;;;;;;;;;x
SOCREFORM_LOG;We enacted $ISSUE$ in $CATEGORY$.;Nous avons d¡×r¡×¡×$ISSUE$ pour $CATEGORY$.;;;;;;;;;;;;x
SOCREFORM_MAP;*;*;;;;;;;;;;;;x
SOCREFORM_SETUP;When enacting a social reform;Lors du d¡×ret d'une r¡×orme sociale;;;;;;;;;;;;x
SOIS_HAS_REBELS_WARNING;Rebels have risen against our Sphere members: §Y$LIST$§W;;;;;;;;;;;;;x
SOLDIER_TO_POP_LOSS_TECH;Military Hospitals;H¡×itaux militaires;;;;;;;;;;;;x
SOLMP_DETAILS;There is currently §Y$CURRENT$§W brigades recruited from this province, and the soldier pops can support §Y$ALLOWED$§W brigades at maximum.;Actuellement, ¡×$CURRENT$¡× r¡×iments ont ¡×¡×recrut¡× dans cette province et les soldats peuvent soutenir ¡×$ALLOWED$¡× r¡×iments au maximum.;;;;;;;;;;;;x
SOLMP_NO_SOLDIER_POPS;There are no soldier pops in this province that can be recruited for troops.;Ce POP ne compte pas de soldats susceptibles d'¡×re recrut¡×.;;;;;;;;;;;;x
SOLMP_OVER_RECRUITED;This province has no longer the amount of soldier pops needed to support the troops it has raised.;Ce POP ne compte plus assez de soldats pour remplir les remplir les rangs de ses troupes.;;;;;;;;;;;;x
SOME_LIFE_NEEDS;Basic Needs partly fulfilled, and are not eating properly;Besoins vitaux partiellement satisfaits;;;;;;;;;;;;x
SOMEONE_HAS_ADDED_STATUS_QUO;We cannot add a war goal if someone has added a §YStatus Quo§W war goal;Nous ne pouvons pas ajouter d’objectif de guerre si quelqu’un a ajout¡×l’objectif de guerre: ¡×Statu Quo¡×.;;;;;;;;;;;;x
SORT_BY;Sort by:;;;;;;;;;;;;;x
SORT_BY_INFRA;Sort by average state infrastructure;Classer par infrastructure d'État moyenne;;;;;;;;;;;;x
SORT_BY_NAME;Sort by name;Tri par nom;;;;;;;;;;;;x
SORT_BY_PRESTIGE;Sort by prestige;Tri par prestige;;;;;;;;;;;;x
SORT_BY_SELECTED;Sort by selected;Tri par s¡×ections;;;;;;;;;;;;x
SORT_BY_STANCE_DESC;Sort ships by their §Ycurrent action§W.;;;;;;;;;;;;;x
SORT_BY_STR_ORG_DESC;Sort ships by their §Yaverage of Strength and Organisation§W.;;;;;;;;;;;;;x
SORT_BY_TYPE_DESC;Sort ships by their §Ytype§W.;;;;;;;;;;;;;x
SPAWN_EVENT;get the '$WHICH$' event.\n;obtiendra l'¡×¡×ement '$WHICH$'.\n;;;;;;;;;;;;x
SPEED_IMPACT_ON_CB;Speed of generation is changed by §Y$VAL$§W.;La vitesse de g¡×¡×ation change de ¡×$VAL$¡×.;;;;;;;;;;;;x
SPHERE_LEADER;Sphere Leader;T¡×e de sph¡×e;;;;;;;;;;;;x
SPHERE_OF_INFL_GREAT_POWER;§Y$COUNTRY$§W is a Great Power.;¡×$COUNTRY$¡× est une grande puissance.;;;;;;;;;;;;x
SPHERE_OF_INFL_IS_IN_SPHERE;§Y$COUNTRY1$§W is in the sphere of §Y$COUNTRY2$§W.;¡×$COUNTRY1$¡× est dans la sph¡×e de ¡×$COUNTRY2$¡×.;;;;;;;;;;;;x
SPHERE_OF_INFL_IS_INFL_BY;§Y$COUNTRY$§W is influenced by:;¡×$COUNTRY$¡× est influenc¡×par :;;;;;;;;;;;;x
SPHERE_SHARE_2NDRANK;Second rank nation, will make §Y$PERCENTAGE$%§W of all resources available on leader's market (Base: §Y$BASE_PERCENTAGE$%§W);Nation de second rang, laissera disponibles ¡×$PERCENTAGE$ %¡× de toutes les ressources sur les march¡× dominants (Base : ¡×$BASE_PERCENTAGE$ %¡×);;;;;;;;;;;;x
SPHERE_SHARE_CIV;Civilized nation, will make §Y$PERCENTAGE$%§W of all resources available on leader's market (Base: §Y$BASE_PERCENTAGE$%§W);Nation civilis¡×, laissera disponibles ¡×$PERCENTAGE$ %¡× de toutes les ressources sur les march¡× dominants (Base : ¡×$BASE_PERCENTAGE$ %¡×);;;;;;;;;;;;x
SPHERE_SHARE_NOT_IN_SPHERE;Not in a sphere so free to sell on the world market;Pas dans une sph¡×e d'influence, donc libre de vendre sur le march¡×mondial;;;;;;;;;;;;x
SPHERE_SHARE_UNCIV;Uncivilized nation, will make §Y$PERCENTAGE$%§W of all resources available on leader's market;Nation non civilis¡×, laissera disponibles ¡×$PERCENTAGE$ %¡× de toutes les ressources sur les march¡× dominants;;;;;;;;;;;;x
SPLIT_TROOPS_EFF;Gain §Y$VALUE$%§W of all military forces of §Y$NAME$§W.\n;Gain de ¡×$VALUE$%¡× de toutes les forces militaires de ¡×$NAME$¡×.\n;;;;;;;;;;;;x
SPLITINHALF;Split in Half;;;;;;;;;;;;;x
SPLITINHALF_DRO;Split in half will split the current unit into two roughly even-sized units and select the larger of the two units.;;;;;;;;;;;;;x
ST;st;er(¡×e);;;;;;;;;;;;x
STABHIT_FROM_MIL_ACCESS;Has Military Access;Dispose d'un acc¡× militaire;;;;;;;;;;;;x
STANCE;Stance;;;;;;;;;;;;;x
START;Start;Commencer;;;;;;;;;;;;x
Start Research;Start Research;Commencer la recherche;;;;;;;;;;;;x
START_GUARANTEE_EFFECT;§Y$COUNTRY$§W will start guaranteeing §Y$TARGET_COUNTRY$§W.\n;¡×$COUNTRY$¡× va se porter garant pour ¡×$TARGET_COUNTRY$¡×.\n;;;;;;;;;;;;x
START_NON_AGGRESSION_PACT_EFFECT;§Y$COUNTRY$§W will be in a non-aggression pact with §Y$TARGET_COUNTRY$§W.\n;¡×$COUNTRY$¡× va appliquer le pacte de non agression sign¡×avec ¡×$TARGET_COUNTRY$¡×.\n;;;;;;;;;;;;x
START_WAR_EFFECT;§Y$COUNTRY$§W and §Y$TARGET_COUNTRY$§W become enemies§W.\n;¡×$COUNTRY$¡× et ¡×$TARGET_COUNTRY$¡× deviennent ennemis¡×.\n;;;;;;;;;;;;x
STARTED; Started ; Commenc¡×;Begonnen;;;;;;;;;;;x
STATE_NONCORES;Non-core provinces in state: §R$VALUE$§W;Territoires non cl¡× de l'État : ¡×$VALUE$¡×;;;;;;;;;;;;x
STOCKPILE_COST_ACTUAL;Today we §Yactually§! spent on stockpile:;;;;;;;;;;;;;x
STOCKPILE_COST_ESTIMATED;We §Yestimate§! tomorrow's stockpile purchases will cost:;;;;;;;;;;;;;x
STOCKPILE_COST_ESTIMATED_DESC;The national stockpile covers army, navy and construction expenses, and the maintenance of overseas provinces.\nWe §Yestimate§! tomorrow's stockpile purchases will cost:;;;;;;;;;;;;;x
STOCKPILE_TR;National stockpile of §Y$NAME$§W is at least $VAL$.\n;Les r¡×erves nationales de ¡×$NAME$¡× sont d'au moins $VAL$.\n;;;;;;;;;;;;x
STOP_SCAN;Stop Scan;Arr¡×er la recherche;;;;;;;;;;;;x
STOPINFLDESC;Stop improving relations with nation.;Cesser l'am¡×ioration des relations avec un pays.;;;;;;;;;;;;x
STOPINFLNEWDESC;Do you wish to stop exerting influence on $RECIPIENT$?;Souhaitez-vous cesser d'exercer une influence sur $RECIPIENT$ ¡×;;;;;;;;;;;;x
STOPINFLTITLE;Stop influencing nation;Cesser d'influencer un pays;;;;;;;;;;;;x
STOPNFLDESC;Stop Improving relations with nation.;Cesser d'am¡×iorer les relations avec un pays.;;;;;;;;;;;;x
STR_ORG;Str/Org;;;;;;;;;;;;;x
STRAITS;The narrow strait across §Y$SEA$§W connects this province to §Y$PROV$§W;L'¡×roit d¡×roit de ¡×$SEA$¡× relie cette province ¡×la province ¡×$PROV$¡×;;;;;;;;;;;;x
STRAITSDESC;Narrow straits can be crossed by armies without the use of transports. An enemy fleet may however block the crossing.;Les arm¡×s peuvent franchir les d¡×roits ¡×roits sans utiliser de navires de transport. Cependant, une flotte ennemie peut en emp¡×her la travers¡×.;;;;;;;;;;;;x
STRATA_MIDDLE;Middle;Classes moyennes;;;;;;;;;;;;x
STRATA_NEED_LESS_THAN;Needs fulfilled at less than ;Besoins satisfaits ¡×moins de;;;;;;;;;;;;x
STRATA_NEED_MORE_THAN;Needs fulfilled at least;Besoins satisfaits d'au moins;;;;;;;;;;;;x
STRATA_POOR;Poor;Classes d¡×avoris¡×s;;;;;;;;;;;;x
STRATA_RICH;Rich;Classes sup¡×ieures;;;;;;;;;;;;x
STRONGER_ARMY_THAN;Has a stronger military than ;;;;;;;;;;;;;x
SUBJECT;We are a subject nation and have no control over politics;Nous sommes une nation inf¡×d¡× et n'avons aucun contr¡×e sur la politique.;;;;;;;;;;;;x
SUBSIDIZE_ALL_TOOLTIP;Subsidize all factories on the list.;Subventionner toutes les usines de la liste.;;;;;;;;;;;;x
SUBSTATE;Substate;Sous-État;;;;;;;;;;;;x
SUBSTATE_JOIN_WAR_DESC;is a substate of §Y$COUNTRY$§W and will always join its wars.;est un sous-¡×at de ¡×$COUNTRY$¡× et se joidra toujours ¡×ses guerres.;;;;;;;;;;;;x
SUBSTATE_OF_NOCOLOR;Substate of;Sous-État de;;;;;;;;;;;;x
SUBTT_EXP;Experience;Exp¡×ience;;;;;;;;;;;;x
SUBTT_ORG;Organisation;Organisation;;;;;;;;;;;;x
SUBTT_STRENGTH;Strength;Puissance;;;;;;;;;;;;x
SUBUNIT_NAME;$NUM$$ORDER$ $TYPE$;$TYPE$ $NUM$$ORDER$;;;;;;;;;;;;x
SUBUNIT_POP;§Y$CULTURE$§W $TYPE$ from §Y$LOCATION$§W.;$TYPE$ ¡×$CULTURE$¡× provenant de ¡×$LOCATION$¡×.;;;;;;;;;;;;x
sulphur_RGO_SIZE;Sulphur Mine Size;Taille de la mine de soufre;Schwefelmine-Größe;;;;;;;;;;;x
Sunday;Sunday;Dimanche;;;;;;;;;;;;x
SUNK_SHIP_LABEL;Ships sunk by $NAME$.;Navires coul¡× par $NAME$.;;;;;;;;;;;;x
SUNK_SHIPS;Sunk ships;Navires coul¡×;;;;;;;;;;;;x
SUPPLIES_IS_ATLEAST_TRIGGER;Supplies are at least §Y$VALUE$§W.\n;Il y a au moins ¡×$VALUE$¡× de ravitaillement.\n;;;;;;;;;;;;x
SUPPLIES_IS_NOT_TRIGGER;Supplies are not §Y$VALUE$§W.\n;Le stock de ravitaillement n'est pas de ¡×$VALUE$¡×.\n;;;;;;;;;;;;x
SUPPLY;Supply: $VAL$;Approvisionnement : $VAL$;;;;;;;;;;;;x
SUPPLY_ACCESS;Military Access:;Acc¡× militaire :;;;;;;;;;;;;x
SUPPLY_ALLIED;Allied:;Alli¡×:;;;;;;;;;;;;x
SUPPLY_CONSUMPTION;Supply Consumption;Consommation de ressources;;;;;;;;;;;;x
SUPPLY_CONTROLLER;Controlled:;Contr¡×¡×par :;;;;;;;;;;;;x
SUPPLY_CONTROLLER_ALLIANCE;Controlled by an ally:;Contr¡×¡×par un alli¡×:;;;;;;;;;;;;x
SUPPLY_CORE;Core:;Territoire cl¡×:;;;;;;;;;;;;x
SUPPLY_COST;Supply Costs;Frais d'approvisionnement;;;;;;;;;;;;x
SUPPLY_LIMIT;Supply Limit;Limite en ravitaillement;;;;;;;;;;;;x
SUPPLY_LIMIT_TECH;Supply Limit;Limite en ravitaillement;;;;;;;;;;;;x
SUPPLY_LOAD;Supplies weight;;;;;;;;;;;;;x
SUPPLY_LOAD_STATUS_DESC_BASIC;The total §Ysupply throughput§W of all our §Ynaval ports§W is $TOT$.\nAll our ships requires in total $REQ$.;;;;;;;;;;;;;x
SUPPLY_LOAD_STATUS_DESC_DETAILED_LIST;The following report shows the supply throughput demands:;;;;;;;;;;;;;x
SUPPLY_LOAD_STATUS_DESC_HINT;Consider building naval bases, or disband some ships.;;;;;;;;;;;;;x
SUPPLY_LOAD_STATUS_DESC_PENALTY;Our ships suffer $PEN$ penalty of supplying them.;;;;;;;;;;;;;x
SUPPLY_LOAD_STATUS_DESC_UPCOMING_PENALTY;New ships are under construction, that will exceed the supply limits by $EXC$.;;;;;;;;;;;;;x
SUPPLY_OWNER;Owner:;Possesseur :;;;;;;;;;;;;x
SUPPLY_RANGE_TECH;Supply Range;Port¡× de ravitaillement;;;;;;;;;;;;x
SUPPLY_SIEGE;Is besieging:;Assi¡×eant :;;;;;;;;;;;;x
SUPPORT;Support;Soutien;;;;;;;;;;;;x
SUPPORT_SIDE;Support Side;;;;;;;;;;;;;x
SUPPRESS;Suppress;R¡×rimer;;;;;;;;;;;;x
SUPPRESSION_DESC;Suppress this movement. This will cost $VAL$ points and make the movement likely to be more radical (§R+$HIT$§W) in the future.;R¡×rimer ce mouvement. Cela co¡×era $VAL$ points et rendra le mouvement plus radical (¡×+$HIT$¡×) dans le futur.;;;;;;;;;;;;x
SUPPRESSION_LABEL_DESC;Suppression points measure your governments power to suppress popular movements;Les points de r¡×ression mesurent le pouvoir pour le gouvernement de r¡×rimer les mouvements populaires;;;;;;;;;;;;x
SUPPRESSION_POINTS;Suppression points;Points de r¡×ression;;;;;;;;;;;;x
SUPPRESSION_TECH;Suppression efficiency;Efficacit¡×de la r¡×ression;;;;;;;;;;;;x
SUPPRESSION_TECH_DESC;Suppression efficiency: $VAL$;Efficacit¡×de la r¡×ression : $VAL$;;;;;;;;;;;;x
SUPRESSION_MONTHLY_GAIN;Monthly gain: §G$VAL$§W;Gain mensuel : ¡×$VAL$¡×;;;;;;;;;;;;x
TAG_CHANGE;Country changes to $NEW$.\n;Le pays devient $NEW$.\n;;;;;;;;;;;;x
TAKE_SIDE_PENALTY;Prestige penalty for not taking a side: §R$VAL$§W;;;;;;;;;;;;;x
TARGETED_BY;Targetted by:;;;;;;;;;;;;;x
TARIFFS_DESC;Tariffs impose an extra cost on imported goods, with the proceeds going to the national treasury. Negative tariffs can be used to help subsidize imports for anyone in your nation.;;;;;;;;;;;;;x
TARIFFS_INCOME;Tariffs: §Y$VAL$§W;Droits de douane : ¡×$VAL$¡×;;;;;;;;;;;;x
TAX_MIDDLE_DESC;This controls how much of the middle strata's income will be collected as tax. Too heavy taxation will leave them less money to spend on their own needs or businesses.;;;;;;;;;;;;;x
TAX_POOR_DESC;This controls how much of the poor strata's income will be collected as tax. Too heavy taxation will leave them less money to spend on their own needs.;Revenus des classes d¡×avoris¡×s qui seront per¡×s sous forme d'imp¡×. Une imposition trop ¡×ev¡× ne leur laissera que tr¡× peu d'argent pour subvenir ¡×leurs propres besoins.;;;;;;;;;;;;x
TAX_RICH_DESC;This controls how much of the rich strata's income will be collected as tax. Too heavy taxation will leave them less money to spend on their own needs and less likely to invest in projects like building new factories.;Revenus des classes sup¡×ieures qui seront per¡×s sous forme d'imp¡×. Une imposition trop ¡×ev¡× ne leur laissera que tr¡× peu d'argent pour subvenir ¡×leurs propres besoins et les emp¡×hera d'investir dans certains projets, comme la construction de nouvelles usines.;;;;;;;;;;;;x
TAXES_MIDDLE;Taxes Middle Strata: §Y$VAL$§W;Imp¡×s classes d¡×avoris¡×s : ¡×$VAL$¡×;;;;;;;;;;;;x
TAXES_POOR;Taxes Poor Strata: §Y$VAL$§W;Imp¡×s classes d¡×avoris¡×s : ¡×$VAL$¡×;;;;;;;;;;;;x
TAXES_RICH;Taxes Rich Strata: §Y$VAL$§W;Imp¡×s classes d¡×avoris¡×s : ¡×$VAL$¡×;;;;;;;;;;;;x
TB_BUDGET_DAILY_BALANCE;Daily balance: $PARAM$;Bilan quotidien : $PARAM$;;;;;;;;;;;;x
TB_BUDGET_EXPENSE;Expense: $PARAM$;D¡×enses : $PARAM$;;;;;;;;;;;;x
TB_BUDGET_FUNDS;§Y$FUNDS$§W($INCOME$);¡×$FUNDS$¡×($INCOME$);;;;;;;;;;;;x
TB_BUDGET_INCOME;Income: $PARAM$;Revenus : $PARAM$;;;;;;;;;;;;x
TB_DIPLOMACY_ALLIES;Allies: §Y$PARAM$§W;Alli¡× : ¡×$PARAM$¡×;;;;;;;;;;;;x
TB_DIPLOMACY_DIPLOPOINTS;Diplomatic points:;Points diplomatique :;;;;;;;;;;;;x
TB_DIPLOMACY_ENEMIES;War: §Y$PARAM$§W;Guerre : ¡×$PARAM$¡×;;;;;;;;;;;;x
TB_DIPLOMACY_PRESTIGE;Prestige:;Prestige :;;;;;;;;;;;;x
TB_MAX_FOCUS;Technology limits you to a maximum of §Y$FOCUS$§W National focus points.;La technologie vous limite ¡×un maximum de ¡×$FOCUS$¡× points de cause nationale.;;;;;;;;;;;;x
TB_MILITARY_ARMY;Army:;Arm¡× :;;;;;;;;;;;;x
TB_MILITARY_LEADERSHIP;Leadership:;Commandement :;;;;;;;;;;;;x
TB_MILITARY_MANPOWER;Manpower:;Main-d'œuvre :;;;;;;;;;;;;x
TB_MILITARY_NAVY;Navy:;Marine :;;;;;;;;;;;;x
TB_NATIONALFOCUS_CULTURE;§Y$NUM$§W people of primary/accepted cultures give us §Y$FOCUS$§W focus points;¡×$NUM$¡× de personnes de cultures primitives ou accept¡×s donnent ¡×$FOCUS$¡× point(s) de cause nationale;;;;;;;;;;;;x
TB_NATIONALFOCUS_NONE;There are currently no provinces with national focus;Actuellement, aucune province ne dispose de cause nationale.;;;;;;;;;;;;x
TB_POLITICS_CAN_DO_DECISION;$PARAM$Decision available;$PARAM$D¡×ision disponible;;;;;;;;;;;;x
TB_POLITICS_CAN_DO_REFORM;$PARAM$Reforms available;$PARAM$R¡×ormes disponibles;;;;;;;;;;;;x
TB_POPULATION_AVG_CON;Avg. Con:;Conscience nationale moyenne :;;;;;;;;;;;;x
TB_POPULATION_AVG_MIL;Avg. Mil:;Militantisme moyen :;;;;;;;;;;;;x
TB_POPULATION_TOTAL;Population:;Population :;;;;;;;;;;;;x
TB_PRODUCTION_CAN_OPEN;Can open factory;Peut ouvrir une usine;;;;;;;;;;;;x
TB_PRODUCTION_IS_SUBSIDIZING;Is subsidizing;Subventionne;;;;;;;;;;;;x
TB_PRODUCTION_LOSING_MONEY;Losing money;Perte financi¡×e;;;;;;;;;;;;x
TB_PRODUCTION_MOST_PROFITABLE;Most profitable factories:;Usines les plus rentables :;;;;;;;;;;;;x
TB_PRODUCTION_PRODUCED;Top produced:;Meilleures productions :;;;;;;;;;;;;x
TB_PRODUCTION_SHOULD_EXPAND;Factory at full capacity;Usine ¡×pleine capacit¡×;;;;;;;;;;;x
TB_TECH_CURRENT;$PARAM$;$PARAM$;;;;;;;;;;;;x
TB_TECH_LITERACY;Literacy:;Alphab¡×isation :;;;;;;;;;;;;x
TB_TECH_NO_CURRENT;§RNo research set§W;¡×Aucune recherche d¡×inie¡×;;;;;;;;;;;;x
TB_TRADE_EXPORT;Top exported:;Meilleures exportations :;;;;;;;;;;;;x
TB_TRADE_IMPORT;Top imported:;Meilleures importations :;;;;;;;;;;;;x
TB_TRADE_NEEDS;Needs: $PARAM$;Besoins : $PARAM$;;;;;;;;;;;;x
TB_TRADE_TOP_BOUGHT;Top bought: $PARAM$;Meilleurs achats : $PARAM$;;;;;;;;;;;;x
TB_TRADE_TOP_SOLD;Top sold: $PARAM$;Meilleures ventes : $PARAM$;;;;;;;;;;;;x
TCP_SERVER_LOST;Server lost while transferring save!;Connexion avec le serveur perdue lors de la sauvegarde !;;;;;;;;;;;;x
tea_RGO_SIZE;Tea Plantation Size;Taille de la plantation de th¡×Teeplantage-Größe;;;;;;;;;;;x
TECH_DAILY_LEADERSHIP_BASE_TOOLTIP;Monthly base leadership: §Y$VALUE$§W;Valeur de base mensuelle de Commandement : ¡×$VALUE$¡×;;;;;;;;;;;;x
TECH_DAILY_LEADERSHIP_TOOLTIP;$POPTYPE$ provide §G$VALUE$§W leadership.\n (§Y$FRACTION$%§W of the population, $OPTIMAL$% is optimal.);¡×$POPTYPE$¡× donnent ¡×$VALUE$¡× de valeur de Commandement.\n(¡×$FRACTION$ %¡× de la population, $OPTIMAL$ % est optimal);;;;;;;;;;;;x
TECH_DAILY_LEADERSHIP_TOTAL_TOOLTIP;____________________________________\nMonthly leadership: §G+$VALUE$§W;;;;;;;;;;;;;x
TECH_DAILY_RESEARCHPOINTS_BASE_TOOLTIP;Daily base research points: §Y$VALUE$§W;Points de recherche de base quotidiens : ¡×$VALUE$¡×;;;;;;;;;;;;x
TECH_DAILY_RESEARCHPOINTS_TOOLTIP;$POPTYPE$ provide §G$VALUE$§W research points.\n (§Y$FRACTION$%§W of the population, $OPTIMAL$% is optimal.);$POPTYPE$ donnent ¡×$VALUE$¡× points de recherche.\n (¡×$FRACTION$%¡× de la population, $OPTIMAL$% de mani¡×e optimale);;;;;;;;;;;;x
TECH_DAILY_RESEARCHPOINTS_TOTAL_TOOLTIP;____________________________________\nDaily research points: §G+$VALUE$§W;;;;;;;;;;;;;x
TECH_DIPLOMATIC_INFLUENCE;Diplomatic Points Gain;Gain de points diplomatiques;;;;;;;;;;;;x
TECH_FACTORY;Factory Cost;Co¡× usine;;;;;;;;;;;;x
TECH_FARM_OUTPUT;Farming output;Rendement agricole;;;;;;;;;;;;x
TECH_FARM_SIZE;Farm Size;Taille de la ferme;;;;;;;;;;;;x
TECH_GP_INFLUENCE;Diplomatic Influence;Influence diplomatique;;;;;;;;;;;;x
TECH_INPUT;production input;mati¡×es premi¡×es de la production;;;;;;;;;;;;x
TECH_INVENTIONS_TOOLTIP;§YAssociated Inventions;;;;;;;;;;;;;x
TECH_MAX_FOCUS;Max National Focus;Cause nationale max.;;;;;;;;;;;;x
TECH_MAX_LEVEL;max level;niveau max;;;;;;;;;;;;x
TECH_MINE_OUTPUT;Mining output;Rendement minier;;;;;;;;;;;;x
TECH_MINE_SIZE;Mine Size;Taille de la mine;;;;;;;;;;;;x
TECH_MONTHLY_RESEARCHPOINTS_BASE_TOOLTIP;Monthly base research points: §Y$VALUE$§W;¡×Points de recherche¡× de base mensuels : ¡×$VALUE$¡×;;;;;;;;;;;;x
TECH_MONTHLY_RESEARCHPOINTS_TOOLTIP;$LITERACY$ literate §Y$POPTYPE$§W gives us §Y$VALUE$ research points§W;L'alphab¡×isation $LITERACY$ de ¡×$POPTYPE$¡× nous conf¡×e ¡×$VALUE$ points de recherche¡×;;;;;;;;;;;;x
TECH_MONTHLY_RESEARCHPOINTS_TOTAL_TOOLTIP;Monthly research points: §G+$VALUE$§W;¡×Points de recherche¡× mensuels : ¡×$VALUE$¡×;;;;;;;;;;;;x
TECH_MONTHLY_RESEARCHPOINTS_UNCIVILIZED;Uncivilized:;Non civilis¡×:;;;;;;;;;;;;x
TECH_ONCE_1;$TYPE$;$TYPE$;;;;;;;;;;;;x
TECH_ONCE_2;$TITLE$, we have finished the research of $TYPE$ which will give us the following benefits.;$TITLE$, nous avons termin¡×la recherche de : $TYPE$, ce qui nous donnera les avantages suivants.;;;;;;;;;;;;x
TECH_ONCE_3;$EFFECT$;$EFFECT$;;;;;;;;;;;;x
TECH_ONCE_4;$EFFECT$;*;;;;;;;;;;;;x
TECH_ONCE_5;*;*;;;;;;;;;;;;x
TECH_ONCE_6;*;*;;;;;;;;;;;;x
TECH_ONCE_BTN1;OK;OK;;;;;;;;;;;;x
TECH_ONCE_BTN2;OK;OK;;;;;;;;;;;;x
TECH_ONCE_BTN3;Details;D¡×ails;;;;;;;;;;;;x
TECH_ONCE_HEADER;Major Technology Researched.;Une technologie majeure a ¡×¡×¡×udi¡×.;;;;;;;;;;;;x
TECH_ONCE_LOG;Research of $TYPE$ finished.;La recherche de $TYPE$ est termin¡×.;;;;;;;;;;;;x
TECH_ONCE_MAP;*;*;;;;;;;;;;;;x
TECH_ONCE_SETUP;When a major technology has been researched.;Si technologie importante a ¡×¡×¡×udi¡×.;;;;;;;;;;;;x
TECH_OUTPUT;production output;rendement de la production;;;;;;;;;;;;x
TECH_PLURALITY;Government Stability;Stabilit¡×Gouvernementale;;;;;;;;;;;;x
TECH_POP_GROWTH;Pop Growth;Croissance d¡×ographique;;;;;;;;;;;;x
TECH_REBEL_ORG_GAIN;Rebel power gain;;;;;;;;;;;;;x
TECH_REPEAT_1;$TYPE$ Advance!;$TYPE$ am¡×ior¡× !;;;;;;;;;;;;x
TECH_REPEAT_2;$TITLE$, we have improved our abilities in $TYPE$ to level $LEVEL$, giving us the following benefit.;$TITLE$, nos comp¡×ences $TYPE$ se sont am¡×ior¡×s et sont maintenant de niveau $LEVEL$, ce qui nous donne l'avantage suivant.;;;;;;;;;;;;x
TECH_REPEAT_3;$EFFECT$;$EFFECT$;;;;;;;;;;;;x
TECH_REPEAT_4;*;*;;;;;;;;;;;;x
TECH_REPEAT_5;$EFFECT$;*;;;;;;;;;;;;x
TECH_REPEAT_6;*;*;;;;;;;;;;;;x
TECH_REPEAT_BTN1;OK;OK;;;;;;;;;;;;x
TECH_REPEAT_BTN2;OK;OK;;;;;;;;;;;;x
TECH_REPEAT_BTN3;Details;D¡×ails;;;;;;;;;;;;x
TECH_REPEAT_HEADER;Technology Improvement;Am¡×ioration de la technologie;;;;;;;;;;;;x
TECH_REPEAT_LOG;$TYPE$ increased to $LEVEL$;$TYPE$ augment¡× ¡×$LEVEL$;;;;;;;;;;;;x
TECH_REPEAT_MAP;*;$ATTUNIT$\nattaquent\n$DEFUNIT$.;;;;;;;;;;;;x
TECH_REPEAT_SETUP;When you have increased your technological ability.;Si vos comp¡×ences technologiques augmentent.;;;;;;;;;;;;x
TECH_TAX_EFF;Tax Efficiency:;Efficacit¡×fiscale :;;;;;;;;;;;;x
TECH_THROUGHPUT;production throughput;d¡×it de la production;;;;;;;;;;;;x
TECH_YEAR_MODIFIER;Cost modifier from years known: $VAL$;Modificateur du co¡× pour les ann¡×s connues : $VAL$;;;;;;;;;;;;x
TECHNOLOGY;Technology;Technologie;;;;;;;;;;;;x
TECHNOLOGY_ACTIVATION_YEAR;Activation year:;An. d'activation :;;;;;;;;;;;;x
TECHNOLOGY_HIGHER_THAN; at least ;au moins;;;;;;;;;;;;x
TECHNOLOGY_LOWER_THAN; lower than ;inf¡×ieur(e) ¡×;;;;;;;;;;;x
TECHNOLOGY_RESEARCH_POINTS;Research points:;Pts de recherche :;;;;;;;;;;;;x
TECHNOLOGYVIEW;Technology;Technologie;;;;;;;;;;;;x
TECHNOLOGYVIEW_ADMINISTRATION;Tech School:;;;;;;;;;;;;;x
TECHNOLOGYVIEW_ALREADY_RESEARCHED_TOOLTIP;We have completed research of §Y$TECH$§W;Nous avons termin¡×les recherches dans le domaine suivant : ¡×$TECH$¡×;;;;;;;;;;;;x
TECHNOLOGYVIEW_CANNOT_RESEARCH_TOOLTIP;We cannot research §Y$TECH$§W because;Nous ne pouvons pas effectuer de recherches dans le domaine de ¡×$TECH$¡× car;;;;;;;;;;;;x
TECHNOLOGYVIEW_CURRENT_RESEARCH;Current research:;Recherche en cours :;;;;;;;;;;;;x
TECHNOLOGYVIEW_DISCOVERED_INVENTION_TOOLTIP;§Y$INVENTION$§W gives us the following effects;¡×$INVENTION$¡× nous donne les effets suivants;;;;;;;;;;;;x
TECHNOLOGYVIEW_HAVE_DISCOVERED_PREREQ_TOOLTIP;Discovered §Y$TECH$§W;D¡×ouverte : ¡×$TECH$¡×;;;;;;;;;;;;x
TECHNOLOGYVIEW_HAVE_NOT_YEAR;It is not possible to start researching this before §Y$YEAR$§W.;Il est impossible d'entamer ces travaux avant ¡×$YEAR$¡×.;;;;;;;;;;;;x
TECHNOLOGYVIEW_INVENTION_TOOLTIP;We have a §Y$PERCENT$%§W chance to invent §Y$INVENTION$§W each month.;Nous avons ¡×$PERCENT$ %¡× de chances d'inventer ¡×$INVENTION$¡× chaque mois.;;;;;;;;;;;;x
TECHNOLOGYVIEW_NO_CURRENT_RESEARCH;No active research;Aucune recherche active;;;;;;;;;;;;x
TECHNOLOGYVIEW_NO_RESEARCH;No research selected;Aucun type de recherches s¡×ectionn¡×;;;;;;;;;;;x
TECHNOLOGYVIEW_NO_RESEARCH_TOOLTIP;No research selected;Aucun type de recherches s¡×ectionn¡×;;;;;;;;;;;x
TECHNOLOGYVIEW_NO_RESEARCH_UNCIV_TOOLTIP;High level technology is only available to civilized nations. By westernizing in the §Ypolitics tab§W you can acquire base technology and start researching on your own instead.;Les hauts niveaux de technologies ne sont accessibles qu'aux nations civilis¡×s. En occidentalisant dans l'¡×onglet politique¡×, vous pouvez obtenir la technologie de base et commencer ¡×faire des recherches par vous-m¡×e.;;;;;;;;;;;;x
TECHNOLOGYVIEW_POSSIBLE_INVERTIONS;Possible Inventions;Inventions possibles;;;;;;;;;;;;x
TECHNOLOGYVIEW_RESEARCH_INVESTED_TOOLTIP;(§Y$INVESTED$§W/§Y$COST$§W points invested);(¡×$INVESTED$¡×/¡×$COST$¡× points investis);;;;;;;;;;;;x
TECHNOLOGYVIEW_RESEARCH_TOOLTIP;We are currently researching §Y$TECH$§W.\nAt the present pace, the project should be completed on §Y$DATE$§W.;Nous effectuons actuellement des recherches dans le domaine suivant : ¡×$TECH$¡×.\nAu rythme actuel, le projet de recherche devrait ¡×re compl¡×¡×le ¡×$DATE$¡×.;;;;;;;;;;;;x
TECHNOLOGYVIEW_SHOW_FOLDER_TOOLTIP;Show §Y$FOLDER$§W technologies;Afficher les technologies ¡×$FOLDER$¡×;;;;;;;;;;;;x
TECHNOLOGYVIEW_SORT_BY_NAME;Name;Nom;;;;;;;;;;;;x
TECHNOLOGYVIEW_SORT_BY_NAME_TOOLTIP;Sort possible inventions by name;Classer les inventions possibles par nom;;;;;;;;;;;;x
TECHNOLOGYVIEW_SORT_BY_PERCENT;Percent;Pourcent;;;;;;;;;;;;x
TECHNOLOGYVIEW_SORT_BY_PERCENT_TOOLTIP;Sort possible inventions by chance of discovery;Classer les inventions possibles par chance de d¡×ouverte;;;;;;;;;;;;x
TECHNOLOGYVIEW_SORT_BY_TYPE;Type;Type;;;;;;;;;;;;x
TECHNOLOGYVIEW_SORT_BY_TYPE_TOOLTIP;Sort possible inventions by type;Classer les inventions possibles par type;;;;;;;;;;;;x
TECHNOLOGYVIEW_START_RESEARCH_TOOLTIP;Start research of §Y$TECH$§W;Entamer des recherches dans le domaine suivant : ¡×$TECH$¡×;;;;;;;;;;;;x
TECHNOLOGYVIEW_UNDER_RESEARCH_TOOLTIP;We are currently researching §Y$TECH$§W;Nous effectuons actuellement des recherches dans le domaine suivant : ¡×$TECH$¡×;;;;;;;;;;;;x
TECHNOLOGYVIEW_UNDISCOVERED_INVENTION_TOOLTIP;Allows discovery of §Y$INVENTION$§W;Permet la d¡×ouverte de ¡×$INVENTION$¡×;;;;;;;;;;;;x
TEMP_NEXT;Next;Suivant;;;;;;;;;;;;x
TENSION_DECAY;Base Decay: §Y$VAL$§W;;;;;;;;;;;;;x
TENSION_FROM_ACTIVE_CRISIS;Active Crisis: §Y$VAL$§W;;;;;;;;;;;;;x
TENSION_FROM_GP_DISARMED;Disarmed Great Powers: §Y$VAL$§W;;;;;;;;;;;;;x
TENSION_FROM_GP_RANK;Great Power Ranking: §Y$VAL$§W;;;;;;;;;;;;;x
TENSION_FROM_GP_WARS;Great Powers at War: §Y$VAL$§W;;;;;;;;;;;;;x
TENSION_LESS_THAN;Lower flashpoint tension than ;;;;;;;;;;;;;x
TENSION_MORE_THAN;Higher flashpoint tension than ;;;;;;;;;;;;;x
TERM_DURATION;Elections must be held every $YEARS$ year.;Des ¡×ections doivent ¡×re tenues tous les $YEARS$ ans.;;;;;;;;;;;;x
TERM_FOR_LIFE;No Elections in this form of government.;;;;;;;;;;;;;x
TERR_COMB_WIDTH_DEC;Combat width is reduced by §Y$VAL$§W% in this terrain.;L'ampleur du combat est r¡×uite de ¡×$VAL$¡× % sur ce terrain.;;;;;;;;;;;;x
terrain;Terrain;Terrain;;;;;;;;;;;;x
TERRAIN_ATTACK;Attack: ;Attaque : ;;;;;;;;;;;;x
TERRAIN_DEFENCE;Defence: ;D¡×ense : ;;;;;;;;;;;;x
TERRAIN_MOVEMENT_COST;Movement Cost: ;Co¡× de d¡×lacement : ;;;;;;;;;;;;x
TH;th;e;;;;;;;;;;;;x
THE_CAPITAL_IS;The Capital Is ;;;;;;;;;;;;;x
THE_CAPITAL_IS_NOT;The Capital Is Not ;;;;;;;;;;;;;x
THE_MONTH_IS_AFTER;It is at least ;Ceci est d'au moins;;;;;;;;;;;;x
THE_MONTH_IS_BEFORE;It is before ;Ceci est ant¡×ieur;;;;;;;;;;;;x
THE_NUMBER_OF_REVOLT_FRACTION_IS_LESS_THAN;Fewer provinces in revolt than ;Nombre de provinces se r¡×oltant inf¡×ieur ¡×;;;;;;;;;;;x
THE_NUMBER_OF_REVOLT_FRACTION_IS_MORE_THAN;Number of provinces in revolt at least ;Nombre de provinces se r¡×oltant d'au moins ;Die Revoltenanteil ist größer als ;;;;;;;;;;;x
THE_WORLD_IN;The World in $YEAR$;Le monde en $YEAR$;;;;;;;;;;;;x
THE_YEAR_IS_AFTER;Year is after ;;;;;;;;;;;;;x
THE_YEAR_IS_BEFORE;Year is before ;;;;;;;;;;;;;x
THEIR_RULER;Their Ruler;Leur dirigeant;;;;;;;;;;;;x
THEN_NUMBER_OF_REVOLTS_ARE_LESS_THAN;Fewer rebel provinces than ;Nombre de provinces rebelles inf¡×ieur ¡×;;;;;;;;;;;x
THEN_NUMBER_OF_REVOLTS_ARE_MORE_THAN;Number of rebel provinces at least ;Nombre de provinces rebelles d'au moins;;;;;;;;;;;;x
THERE_ARE_BACKING;§Y$VAL$§W of the population want this reform.;¡×$VAL$¡× de la population veut cette r¡×orme.;;;;;;;;;;;;x
THEY_BANKRUPTCY_1;Bankruptcy!;Faillite !;;;;;;;;;;;;x
THEY_BANKRUPTCY_2;$COUNTRY$;$COUNTRY$;;;;;;;;;;;;x
THEY_BANKRUPTCY_3;have been forced to declare bankruptcy.;a ¡×¡×r¡×uit ¡×la faillite.;;;;;;;;;;;;x
THEY_BANKRUPTCY_4;*;*;;;;;;;;;;;;x
THEY_BANKRUPTCY_5;*;*;;;;;;;;;;;;x
THEY_BANKRUPTCY_6;*;*;;;;;;;;;;;;x
THEY_BANKRUPTCY_BTN1;Ok;OK;;;;;;;;;;;;x
THEY_BANKRUPTCY_HEADER;$MESSENGER$;$MESSENGER$;;;;;;;;;;;;x
THEY_BANKRUPTCY_LOG;$COUNTRY$ went bankrupt.;$COUNTRY$ a fait faillite.;;;;;;;;;;;;x
THEY_BANKRUPTCY_SETUP;another country has a bankruptcy;Un autre pays a fait faillite;;;;;;;;;;;;x
THEY_NO_LONGER_GREAT_POWER_1;$OLDCOUNTRY$;$OLDCOUNTRY$;;;;;;;;;;;;x
THEY_NO_LONGER_GREAT_POWER_2;has fallen in status;a chang¡×de statut;;;;;;;;;;;;x
THEY_NO_LONGER_GREAT_POWER_3;and lost its position as a Great Power to;et a perdu sa position de Grande Puissance face ¡×;;;;;;;;;;;x
THEY_NO_LONGER_GREAT_POWER_4;$NEWCOUNTRY$;$NEWCOUNTRY$;;;;;;;;;;;;x
THEY_NO_LONGER_GREAT_POWER_5;*;*;;;;;;;;;;;;x
THEY_NO_LONGER_GREAT_POWER_6;*;*;;;;;;;;;;;;x
THEY_NO_LONGER_GREAT_POWER_BTN1;Ok;OK;;;;;;;;;;;;x
THEY_NO_LONGER_GREAT_POWER_HEADER;$MESSENGER$;$MESSENGER$;;;;;;;;;;;;x
THEY_NO_LONGER_GREAT_POWER_LOG;$OLDCOUNTRY$ is no longer a great power.;$OLDCOUNTRY$ n'est plus une grande puissance.;;;;;;;;;;;;x
THEY_NO_LONGER_GREAT_POWER_MAP;No longer great power;Plus une grande puissance;;;;;;;;;;;;x
THEY_NO_LONGER_GREAT_POWER_SETUP;When someone loses their great power status;Lorsque quelqu'un perd son statut de grande puissance;;;;;;;;;;;;x
THEYATWAR;We cannot do this while they are at war.;Nous ne pouvons pas faire ceci lorsqu'ils sont en guerre.;;;;;;;;;;;;x
THEYDEFECT_1;The province of;La province;Die Provinz;;;;;;;;;;;x
THEYDEFECT_2;$PROV$;$PROV$;$PROV$;;;;;;;;;;;x
THEYDEFECT_3;defected to us.;nous a rejoint.;ist zu uns ¡×ergelaufen;;;;;;;;;;;x
THEYDEFECT_4;They have wisely decided to embrace our enlightened rule;Avec une grande sagesse, ils ont d¡×id¡×de rejoindre notre r¡×ime ¡×lair¡×;Sie haben sich klugerweise dazu entschlossen, unsere erleuchtete Herrschaft zu begrüßen;;;;;;;;;;;x
THEYDEFECT_5;*;*;*;;;;;;;;;;;x
THEYDEFECT_6;*;*;*;;;;;;;;;;;x
THEYDEFECT_BTN1;OK;D'accord;OK;;;;;;;;;;;x
THEYDEFECT_BTN2;OK;D'accord;OK;;;;;;;;;;;x
THEYDEFECT_BTN3;GOTO;Voir;Goto;;;;;;;;;;;x
THEYDEFECT_HEADER;A new province!;Nouvelle province !;Eine neue Provinz!;;;;;;;;;;;x
THEYDEFECT_LOG;$PROV$ defected to us.;$PROV$ nous a rejoint.;$PROV$ hat sich uns angeschlossen.;;;;;;;;;;;x
THEYDEFECT_MAP;Defection!;D¡×ection !;Sezession!;;;;;;;;;;;x
THEYDEFECT_SETUP;When one of their provinces defect to us.;Si une de leurs provinces nous rejoint.;Wenn sich eine ihrer Provinzen uns anschlie¡×.;;;;;;;;;;;x
THEYGUARANT;They guarantee our independence, so we cannot guarantee theirs.;Ils sont garants de notre ind¡×endance, nous ne pouvons donc pas garantir la leur.;;;;;;;;;;;;x
THEYGUARANTING;They are guaranteeing our independence.;Ils garantissent notre ind¡×endance.;;;;;;;;;;;;x
THEYWARN;They are warning us, so we cannot warn them.;Ils nous ont d¡×¡×avertis, nous ne pouvons donc pas faire de m¡×e.;;;;;;;;;;;;x
THIS_IS_SPARTA;This province is part of our glorious nation;Cette province fait partie de notre glorieuse nation.;;;;;;;;;;;;x
THREAT_IS_ATLEAST_WITH_TRIGGER;§Y$COUNTRY$§W threat with §Y$TARGET_COUNTRY$§W is at least §Y$VALUE$§W.\n;La menace de ¡×$COUNTRY$¡× ¡×l'encontre de ¡×$TARGET_COUNTRY$¡× est d'au moins ¡×$VALUE$¡×.\n;;;;;;;;;;;;x
THREAT_IS_NOT_TRIGGER;§Y$COUNTRY$§W threat with §Y$TARGET_COUNTRY$§W is not §Y$VALUE$§W.\n;La menace de ¡×$COUNTRY$¡× ¡×l'encontre de ¡×$TARGET_COUNTRY$¡× n'est pas de niveau ¡×$VALUE$¡×.\n;;;;;;;;;;;;x
THREATENEDBY;Feels threatened by $LIST$.;Se sent menac¡×par $LIST$.;;;;;;;;;;;;x
Thursday;Thursday;Jeudi;;;;;;;;;;;;x
TICKING_WARSCORE_DESC_CURR;Currently $VAL$.;;;;;;;;;;;;;x
TICKING_WARSCORE_DESC_GRACE;$VAL$ (§Y$DAY$§W days left).;;;;;;;;;;;;;x
TICKING_WARSCORE_DESC_GRACE_EXPLAIN;Territorial war goals that are at least §G$MIN$%§W fulfilled will gradually add war score to the claimant.\nIf a war goal is not fulfilled after §Ygrace period of $DAYS$ days§W it will instead add war score to the owner. A goal occupied by the claimant and retaken by the owner will gradually revert to §Y0§W score to either side.;;;;;;;;;;;;;x
TICKING_WARSCORE_DESC_SCORE;Currently $VAL$ (daily change $CHANGE$).;;;;;;;;;;;;;x
TICKING_WARSCORE_DESC_SCORE_MAX;Currently $VAL$ (Max).;;;;;;;;;;;;;x
TICKING_WARSCORE_DESC_SCORE_MAX_SHORT;$VAL$ (Max).;;;;;;;;;;;;;x
TICKING_WARSCORE_DESC_SCORE_SHORT;$VAL$ (daily $CHANGE$).;;;;;;;;;;;;;x
TICKING_WARSCORE_FULFILL_BATTLE;§GFulfilled when we have a greater war score from battles, once at least §G$BAT$§W have been fought.§W;;;;;;;;;;;;;x
TICKING_WARSCORE_FULFILL_TERRITORY_ANY;§GFulfilled when occupying at least $MIN$% provinces belonging to the targeted nation.§W;;;;;;;;;;;;;x
TICKING_WARSCORE_FULFILL_TERRITORY_WG;§GFulfilled when occupying at least $MIN$% provinces of the targeted state(s) of this war goal.§W;;;;;;;;;;;;;x
TICKING_WARSCORE_HEAD;§YScore over time§W bonus §Y$VAL$§W:;;;;;;;;;;;;;x
timber_RGO_SIZE;Wood Lodge Size;;;;;;;;;;;;;x
TIME_AHEAD;This technology is $NUMBER$ years ahead of its time, so it is more difficult to reach.;Cette technologie est de $NUMBER$ ans en avance sur son temps, elle est donc plus difficile ¡×atteindre.;;;;;;;;;;;;x
TIP_BAN;Ban player for the duration of this session;Exclure le joueur pour la dur¡× de cette session;;;;;;;;;;;;x
TIP_KICK;Kick player;Expulser le joueur;;;;;;;;;;;;x
tobacco_RGO_SIZE;Tobacco Plantation Size;Taille de la plantation de tabac;Tabakplantage-Größe;;;;;;;;;;;x
TOO_SOON_FOR_REFORM;The Upper House can only enact a new reform once every month. We have to wait until §Y$DATE$§W until we can enact another reform.;La Chambre haute ne peut d¡×r¡×er qu'une seule nouvelle r¡×orme par mois. Nous devons attendre jusqu'au ¡×$DATE$¡× avant de pouvoir d¡×r¡×er une autre r¡×orme.;;;;;;;;;;;;x
TOPBAR_ARMY_TOOLTIP;We have fielded §Y$CURR$§W out of §Y$MAX$§W possible brigades that our §YSoldiers§W can support;Nous avons d¡×loy¡×¡×$CURR$¡× des ¡×$MAX$¡× r¡×iments que nos ¡×soldats¡× peuvent soutenir.;;;;;;;;;;;;x
TOPBAR_AT_PEACE;At peace;En paix;;;;;;;;;;;;x
TOPBAR_AT_WAR_WITH;At war with §Y$COUNTRY$§W;En guerre contre ¡×$COUNTRY$¡×;;;;;;;;;;;;x
TOPBAR_AVG_CHANGE;We estimate that it will change by $VAL$§W during the next month.;Nous estimons que cela changera ¡×hauteur de $VAL$¡× au cours du mois prochain.;;;;;;;;;;;;x
TOPBAR_AVG_CON;The average §Yconsciousness§W of our population is §Y$AVG$§W;La ¡×conscience nationale¡× de notre population est de ¡×$AVG$¡×.;;;;;;;;;;;;x
TOPBAR_AVG_LITERACY;The average §Yliteracy§W of our population is §Y$AVG$§W%;Le ¡×taux d'alphab¡×isation¡× de notre population est de ¡×$AVG$%¡×.;;;;;;;;;;;;x
TOPBAR_AVG_MIL;The average §Ymilitancy§W of our population is §Y$AVG$§W;Le ¡×militantisme¡× moyen de notre population est de ¡×$AVG$¡×.;;;;;;;;;;;;x
TOPBAR_CLOSE_OUTLINER;Close Outliner;Fermer l'aper¡×;;;;;;;;;;;;x
TOPBAR_DATE;This is the current date.\n(click to pause);Il s'agit de la date du jour.\n(cliquer pour mettre en pause);;;;;;;;;;;;x
TOPBAR_DATE_IS_PAUSED;This is the current date.\n(click to unpause);Il s'agit de la date du jour.\n(cliquer pour continuer);;;;;;;;;;;;x
TOPBAR_DEC_SPEED;Decrease Speed;R¡×uire la vitesse;;;;;;;;;;;;x
TOPBAR_DIPLOPOINTS;We have a total of §Y$CURR$§W diplomatic points;Nous totalisons ¡×$CURR$ points de diplomatie¡×.;;;;;;;;;;;;x
TOPBAR_DIPLOPOINTS_BASEGAIN;Base gain: §Y$VALUE$§W diplomatic points;Gain de base : ¡×$VALUE$¡× points de diplomatie.;;;;;;;;;;;;x
TOPBAR_DIPLOPOINTS_GAIN;We gain §Y$VALUE$§W diplomatic points each month;Nous gagnons ¡×$VALUE$¡× points de diplomatie par mois.;;;;;;;;;;;;x
TOPBAR_FACTION;§Y$NAME$§W, total §Y$STRENGTH$§W rebels, average organization: §Y$ORG$§W%;¡×$NAME$¡×, rebelles ¡×$STRENGTH$¡× au total, organisation moyenne : ¡×$ORG$%¡×;;;;;;;;;;;;x
TOPBAR_FUNDS;Yesterday we earned $YESTERDAY$¤. Our current cash reserve is §Y$CASH$§W¤.;Hier, nous avons gagn¡×$YESTERDAY$¡×nNotre r¡×erve de liquidit¡×actuelle est de ¡×$CASH$¡×¡×;;;;;;;;;;;x
TOPBAR_GOVERNMENT;Our current government is §Y$CURR$§W;Notre gouvernement actuel est ¡×$CURR$¡×.;;;;;;;;;;;;x
TOPBAR_HISTORICAL_INCOME;The last §Y$DAYS$§W days, our highest income was $MAX$¤ and our lowest was $MIN$¤.;Ces ¡×$DAYS$¡× derniers jours, notre revenu maximum fut de $MAX$ ¡×et le minimum de $MIN$ ¡×;;;;;;;;;;;;x
TOPBAR_INC_SPEED;Increase Speed;Augmenter la vitesse;;;;;;;;;;;;x
TOPBAR_LEADERSHIP_GAIN_TOOLTIP;We gain §Y$CURR$§W leadership from our officers each month.;Nos officiers nous permettent de gagner ¡×$CURR$¡× points de commandement par mois.;;;;;;;;;;;;x
TOPBAR_LEADERSHIP_MAX;You have already reached the maximum storage of §Y$MAX$§W leadership and no new leadership will be accumulated.\n;Vous avez atteint le nombre maximum de ¡×$MAX$¡× points de commandement et aucun nouveau point ne sera accumul¡×\n;;;;;;;;;;;;x
TOPBAR_LEADERSHIP_TOOLTIP;We have a total of §Y$CURR$ leadership points§W;Nous totalisons ¡×$CURR$ points de commandement¡×.;;;;;;;;;;;;x
TOPBAR_MOBILIZE_TOOLTIP;We can currently field §Y$CURR$§W brigades if we mobilize our §YPoor§W citizens;Nous pouvons actuellement d¡×loyer ¡×$CURR$¡× r¡×iments si nous mobilisons nos citoyens des ¡×classes d¡×avoris¡×s¡×.;;;;;;;;;;;;x
TOPBAR_MOBILIZED;We have mobilized all our available troops!;Nous avons mobilis¡×toutes nos troupes disponibles !;;;;;;;;;;;;x
TOPBAR_OPEN_OUTLINER;Open Outliner;Ouvrir l'aper¡×;;;;;;;;;;;;x
TOPBAR_PAUSE_INDICATOR;The game is currently paused.;La partie est actuellement mise en pause.;;;;;;;;;;;;x
TOPBAR_POPULATION;Our adult male population is $CURR$. Our adult male population has changed by $CHANGE$ in the last §Y$DAYS$ days.;;;;;;;;;;;;;x
TOPBAR_POPULATION_VISUAL;Our total population is $CURR$.;Notre population totale s'¡×¡×e ¡×$CURR$.;;;;;;;;;;;;x
TOPBAR_PROJECTED_INCOME;Projected daily income: $VAL$¤;;;;;;;;;;;x
TOPBAR_RULING_PARTY;Our current ruling party is §Y$CURR$§W;Notre parti dirigeant actuel est ¡×$CURR$¡×.;;;;;;;;;;;;x
TOPBAR_SHIP_TOOLTIP;Our navy has a total of §Y$CURR$§W ships.;Notre marine totalise ¡×$CURR$¡× navires.;;;;;;;;;;;;x
TOPBAR_SPEED_INDICATOR;The game is running at §Y$SPEED$§W.;La partie ¡×olue ¡×¡×$SPEED$¡×.;;;;;;;;;;;;x
TOPBAR_TOP_EXPORTS;Our top §Y$N$§W exported good(s) are:;Nos ¡×$N$¡× premi¡×es exportations de produits sont :;;;;;;;;;;;;x
TOPBAR_TOP_IMPORTS;Our top §Y$N$§W imported good(s) are:;Nos ¡×$N$¡× premi¡×es importations de produits sont :;;;;;;;;;;;;x
TOPBAR_TOP5_GOODS;Our top 5 domestic produced goods are:;Nos cinq premiers produits nationaux sont :;;;;;;;;;;;;x
TOPBAR_UNEMPLOYED;§Y$NUM$§W unemployed §Y$TYPE$§W in $STATE$ ($PERC$§W% of total);¡×$NUM$¡× ¡×$TYPE$¡× ch¡×eurs en $STATE$ ($PERC$ %¡× du total);;;;;;;;;;;;x
TOPBAR_WAR_PLUS;And their satellites and dominions.\n;et leurs satellites et dominions.\n;;;;;;;;;;;;x
TOPBAR_XINY;§Y$X$§W in $Y$;¡×$X$¡× en $Y$;;;;;;;;;;;;x
TORPEDO_ATTACK;Torpedo Attack;;;;;;;;;;;;;x
TORPEDO_ATTACK_DESC;Torpedo attacks do extra damage against larger ships.;;;;;;;;;;;;;x
TOTAL_AMOUNT_OF_SHIPS;Total amount of ships: §Y$COUNT$§W \n;;;;;;;;;;;;;x
total_blockaded;Blockaded Home Ports;Ports nationaux sous blocus;;;;;;;;;;;;x
TOTAL_MILITARY_STRENGTH;Total Military Strength: §Y$VALUE$§W;Puissance militaire totale : ¡×$VALUE$¡×;;;;;;;;;;;;x
TOTAL_NEEDS_BOUGHT;Estimated needs cost:;Estimation du co¡× des besoins:;;;;;;;;;;;;x
total_occupation;Occupied Home Provinces;Provinces nationales occup¡×s;;;;;;;;;;;;x
TOTAL_POPS_NOT_TR;Less than §Y$VAL$§W pops in $WHERE$.\n;Moins de ¡×$VAL$¡× pop en $WHERE$.\n;;;;;;;;;;;;x
TOTAL_POPS_TR;At least §Y$VAL$§W pops in $WHERE$.\n;Au moins ¡×$VAL$¡× pop en $WHERE$.\n;;;;;;;;;;;;x
TOTAL_REBEL_POP;Rebel Faction Members;Membres de la faction rebelle;;;;;;;;;;;;x
TOTAL_SOLD_FOR;Yesterday we produced $NUM$ §Y$GOOD$§W which sold for $CASH$¤;;;;;;;;;;;x
TOTAL_TAX_EFFICIENCY;Tax Efficiency: §Y$VAL$§W;Efficacit¡×fiscale : ¡×$VAL$¡×;;;;;;;;;;;;x
TOTAL_TAX_EFFICIENCY_BASED;Calculated from:;Calcul¡× ¡×partir de :;;;;;;;;;;;;x
TOTAL_WEIGHT;This units weighs $NUM$.;Cette unit¡×p¡×e $NUM$.;;;;;;;;;;;;x
TRADE;Trade;Commercer;;;;;;;;;;;;x
TRADE_ACTIVITY;Activity;Activit¡×;;;;;;;;;;;x
TRADE_AUTOMATE;Automate;Automatiser;;;;;;;;;;;;x
TRADE_AVAILABLE;Available;Dispo.;;;;;;;;;;;;x
TRADE_BUY_FROM_STOCKPILE;Make stockpile available to the common market;Mettre les r¡×erves ¡×disposition du march¡×int¡×ieur;;;;;;;;;;;;x
TRADE_BUY_INTERNAL;Buy Internal;Acheter en interne;;;;;;;;;;;;x
TRADE_BUYING;Buying up stockpile;Achats ¡×partir de r¡×erves;;;;;;;;;;;;x
TRADE_COMMON_MARKET;Common Market;March¡×commun;;;;;;;;;;;;x
TRADE_CONFIRM_DESC;Setting a manual trade means we might end up taking loans to afford purchases.;Mettre le commerce en manuel, signifie que nous pourrions avoir ¡×prendre des pr¡×s pour payer les achats.;;;;;;;;;;;;x
TRADE_CONFIRM_TRADE;Confirm Trade;Confirmer la transaction;;;;;;;;;;;;x
TRADE_CONSUMER_GOODS;Consumer Goods;Biens de consommation;;;;;;;;;;;;x
TRADE_COST;Cost;Co¡×;;;;;;;;;;;;x
TRADE_DAY;$VAL$/Day;$VAL$/Jour;;;;;;;;;;;;x
TRADE_DISABLED_AUTOMATE;Trade for this goods type is automated. turn off automation to change setting;Le commerce de ce type de biens est automatis¡× d¡×activer l'automatisation pour changer de param¡×re.;;;;;;;;;;;;x
TRADE_EXPORTED;Exported;Export¡×es);;;;;;;;;;;;x
TRADE_FACTORIES;Factories;Usines;;;;;;;;;;;;x
TRADE_FLOW_CONSUME_DESC_ARTISAN;Artisans are using $AMOUNT$ $RESOURCE$, to produce $OUTPUT$.;Les artisans utilisent $AMOUNT$ de $RESOURCE$ pour une producion de $OUTPUT$.;;;;;;;;;;;;x
TRADE_FLOW_CONSUME_DESC_FACTORY;Our $FACTORY$ in $STATE$ is using $AMOUNT$ $RESOURCE$ for an input and/or maintenance requirement.;Notre $FACTORY$ en $STATE$ utilise $AMOUNT$ de $RESOURCE$ comme mati¡×e premi¡×e et/ou pour son entretien.;;;;;;;;;;;;x
TRADE_FLOW_CONSUME_DESC_MILITARY;Our armies are using $AMOUNT$ $RESOURCE$ as a daily supply consumption.;Nos arm¡×s utilisent $AMOUNT$ de $RESOURCE$ pour leur ravitaillement quotidien.;;;;;;;;;;;;x
TRADE_FLOW_CONSUME_DESC_POPS;Our $POP$ are using $AMOUNT$ $RESOURCE$ as part of their daily needs.;Nos $POP$ utilisent $AMOUNT$ de $RESOURCE$ au titre de leurs besoins quotidiens.;;;;;;;;;;;;x
TRADE_FLOW_CONSUME_DESC_RGO;$POP$ are using $AMOUNT$ $RESOURCE$ to produce $OUTPUT$.;Les $POP$ utilisent $AMOUNT$ de $RESOURCE$ pour une producion de $OUTPUT$.;;;;;;;;;;;;x
TRADE_FLOW_CURRENT_PRICE;Current Price:;Prix courant :;;;;;;;;;;;;x
TRADE_FLOW_DESC_ARTISAN;Our Artisans are producing $AMOUNT$ $RESOURCE$ each day.;Nos artisans produisent $AMOUNT$ de $RESOURCE$ chaque jour.;;;;;;;;;;;;x
TRADE_FLOW_DESC_FACTORY;Our $FACTORY$ in $STATE$ is producing $AMOUNT$ $RESOURCE$ each day.;Notre $FACTORY$ en $STATE$ produit $AMOUNT$ de $RESOURCE$ par jour.;;;;;;;;;;;;x
TRADE_FLOW_DESC_RGO;Our $POP$ are $ACTION$ $AMOUNT$ $RESOURCE$ each day.;Nos $POP$ $ACTION$ $AMOUNT$ $RESOURCE$ par jour.;;;;;;;;;;;;x
TRADE_FLOW_DESC_RGO_ACTION_FARMING;farming;produisent;;;;;;;;;;;;x
TRADE_FLOW_DESC_RGO_ACTION_MINING;mining;extraient;;;;;;;;;;;;x
TRADE_FLOW_DETAILS;Details;D¡×ail;;;;;;;;;;;;x
TRADE_FLOW_MAY_BE_USED;§YMay be used for:§W;¡×Peut ¡×re utilis¡×par :¡×;;;;;;;;;;;;x
TRADE_FLOW_MAY_USE_DESC;$INPUT$ may be used by $PRODUCER$ to produce $OUTPUT$.;$INPUT$ peuvent ¡×re utilis¡× par les $PRODUCER$ pour une production de $OUTPUT$.;;;;;;;;;;;;x
TRADE_FLOW_MAY_USE_MILITARY_DESC;$INPUT$ may be used by our armies as a daily supply consumption.;$INPUT$ peuvent ¡×re utilis¡× quotidiennement par nos arm¡×s pour leur ravitaillement.;;;;;;;;;;;;x
TRADE_FLOW_MILITARY_SUPPLY;Military Consumption;Consommation militaire;;;;;;;;;;;;x
TRADE_FLOW_PART_OF_WORLD_PROD;§Y$PERC$%§W of world production.;¡×$PERC$ %¡× de la production mondiale.;;;;;;;;;;;;x
TRADE_FLOW_PRODUCED;§YProduced by:§W;¡×Produit par :¡×;;;;;;;;;;;;x
TRADE_FLOW_RGO_NAME;RGO;EAM;;;;;;;;;;;;x
TRADE_FLOW_TOTAL_PRODUCED;§YTotal Produced:§W;¡×Production totale :¡×;;;;;;;;;;;;x
TRADE_FLOW_TOTAL_USED;§YTotal Used:§W;¡×Utilisation totale :¡×;;;;;;;;;;;;x
TRADE_FLOW_USED;§YUsed by:§W;¡×Utilis¡×par :¡×;;;;;;;;;;;;x
TRADE_GOODS;Goods;Marchandises;;;;;;;;;;;;x
TRADE_GOVERNMENT;Government;Gouvernement;;;;;;;;;;;;x
TRADE_IN_DEMAND;In high demand;En forte demande;;;;;;;;;;;;x
TRADE_INCREASE;Increase;Hausse;;;;;;;;;;;;x
TRADE_INDUSTRIAL_GOODS;Industrial Goods;Biens industriels;;;;;;;;;;;;x
TRADE_MARKET_ACTIVITY;Market Activity;Activit¡×commerciale;;;;;;;;;;;;x
TRADE_MILITARY_GOODS;Military Goods;Biens militaires;;;;;;;;;;;;x
TRADE_NEED;Need;Besoin;;;;;;;;;;;;x
TRADE_NEEDS;Needs;Besoins;;;;;;;;;;;;x
TRADE_NOT_IN_DEMAND;Not in high demand;Pas en forte demande;;;;;;;;;;;;x
TRADE_NOTHING;Nothing;Rien;;;;;;;;;;;;x
TRADE_OVERSEAS_NEED;$VAL$ for provinces overseas.\n;$VAL$ pour les provinces d'outre-mer.\n;;;;;;;;;;;;x
TRADE_POPULATION;Population;Population;;;;;;;;;;;;x
TRADE_PRICE_TREND;Price change since yesterday: $VALUE$¤;;;;;;;;;;;x
TRADE_PRICE_TREND_UNCHANGED;Price unchanged since yesterday;Prix inchang¡×depuis hier;;;;;;;;;;;;x
TRADE_PRODUCED;Produced;Produit(es);;;;;;;;;;;;x
TRADE_RAW_MATERIALS;Raw Materials;Mati¡×es premi¡×es;;;;;;;;;;;;x
TRADE_SELL;Sell;Vendre;;;;;;;;;;;;x
TRADE_SELLING;Selling stockpile;Ventes ¡×partir des r¡×erves;;;;;;;;;;;;x
TRADE_STOCK;Stock;Stock;;;;;;;;;;;;x
TRADE_STOCKPILE;Stockpile;R¡×erves;;;;;;;;;;;;x
TRADE_STOCKPILE_BUY;We spent §Y$MONEY$§W¤ yesterday to buy §Y$UNITS$§W units;Nous avons d¡×ens¡×¡×$MONEY$¡×¡×ier pour acheter ¡×$UNITS$¡× unit¡×.;;;;;;;;;;;;x
TRADE_STOCKPILE_SOLD;We gained §Y$MONEY$§W¤ yesterday by selling §Y$UNITS$§W units;Nous avons gagn¡×¡×$MONEY$¡×¡×ier en vendant ¡×$UNITS$¡× unit¡×.;;;;;;;;;;;;x
TRADE_SUPPLY_NEED;$VAL$ to supply army and navy each day.\n;$VAL$ pour ravitailler quotidiennement l'arm¡× et la marine.\n;;;;;;;;;;;;x
TRADE_SUPPLY_NEED_A;$VAL$ to supply army each day.\n;$VAL$ ¡×fournir ¡×l'arm¡× chaque jour.\n;;;;;;;;;;;;x
TRADE_SUPPLY_NEED_N;$VAL$ to supply navy each day.\n;$VAL$ ¡×fournir ¡×la marine chaque jour.\n;;;;;;;;;;;;x
TRADE_TEMP_PROD_NEED;$VAL$ for current production.\n;$VAL$ pour la production actuelle.\n;;;;;;;;;;;;x
TRADE_TOP_PRODUCERS;Top 5 producers:;Les 5 meilleurs producteurs :;;;;;;;;;;;;x
TRADEDESC;This will allow us to negotiate to either sell or buy resources.;Cela nous permettra de n¡×ocier la vente ou l'achat de ressources.;;;;;;;;;;;;x
TRADENEWDESC;We offer §Y$COUNTRY$§W to trade $SELL$ per day for $BUY$ per day.;Nous proposons ¡×¡×$COUNTRY$¡× d'¡×hanger $SELL$ par jour contre $BUY$ par jour.;;;;;;;;;;;;x
TRADENO_PORTS;You cannot initiate overseas trading without both partners having a port to ship it through.;Vous ne pouvez pas faire de commerce maritime si chacune des parties ne dispose pas d'un port pour livrer les marchandises.;;;;;;;;;;;;x
TRADEREQDESC;$COUNTRY$ is offering us a Trade Agreement. \n We would give them $TO$ each day in exchange for $FROM$ each day.;$COUNTRY$ nous propose un accord commercial. \n Nous leur donnerions $TO$ par jour en ¡×hange de $FROM$ par jour.;;;;;;;;;;;;x
TRADETITLE;Offer Trade Agreement;Proposer un accord commercial.;;;;;;;;;;;;x
TRAIT_ATTACK;Attack;Attaque;;;;;;;;;;;;x
TRAIT_ATTRITION;Attrition;Usure;;;;;;;;;;;;x
TRAIT_DEFEND;Defence;D¡×ense;;;;;;;;;;;;x
TRAIT_EXPERIENCE;Experience;Exp¡×ience;;;;;;;;;;;;x
TRAIT_MORALE;Morale;Moral;;;;;;;;;;;;x
TRAIT_ORGANISATION;Organisation;Organisation;;;;;;;;;;;;x
TRAIT_RECONAISSANCE;Reconnaissance;Reconnaissance;;;;;;;;;;;;x
TRAIT_RELIABILITY;Reliability;Fiabilit¡×;;;;;;;;;;;x
TRAIT_SPEED;Speed;Vitesse;;;;;;;;;;;;x
TRAITS;Traits;Caract¡×istiques;;;;;;;;;;;;x
TRANSERING_SAVE;Save game transfer started...;D¡×ut du transfert de la sauvegarde…;;;;;;;;;;;;x
TRANSFER_SUB;Transfer;Transf¡×er;;;;;;;;;;;;x
TRANSFER_SUB_ALL;§GShift + LMB§W to transfer all of the same type.;;;;;;;;;;;;;x
TRANSFER_SUB_DRO;Clicking here will transfer the subunit from the current unit to the other one.;Cliquez ici pour transf¡×er la sous-unit¡×de l'unit¡×actuelle vers l'autre unit¡×;;;;;;;;;;;;x
TRANSFEREDSUBUNIT_1;$SUB$ reassigned!;$SUB$ r¡×ffect¡× !;;;;;;;;;;;;x
TRANSFEREDSUBUNIT_2;$MONARCHTITLE$, we have reassigned $SUB$ from $OLD$ to;$MONARCHTITLE$, nous avons r¡×ffect¡×l'unit¡×$SUB$ de l'unit¡×$OLD$ ¡×l'unit¡×;;;;;;;;;;;x
TRANSFEREDSUBUNIT_3;$NEW$;$NEW$;;;;;;;;;;;;x
TRANSFEREDSUBUNIT_4;*;*;;;;;;;;;;;;x
TRANSFEREDSUBUNIT_5;*;*;;;;;;;;;;;;x
TRANSFEREDSUBUNIT_6;*;*;;;;;;;;;;;;x
TRANSFEREDSUBUNIT_BTN1;OK;OK;;;;;;;;;;;;x
TRANSFEREDSUBUNIT_BTN2;OK;OK;;;;;;;;;;;;x
TRANSFEREDSUBUNIT_BTN3;Go To;ALLER ¡×;;;;;;;;;;;x
TRANSFEREDSUBUNIT_HEADER;$chief_of_staff$ reports;$chief_of_staff$ rapporte que;;;;;;;;;;;;x
TRANSFEREDSUBUNIT_LOG;$SUB$ has been assigned to $NEW$.;L'unit¡×$SUB$ a ¡×¡×transf¡×¡× ¡×l'unit¡×$NEW$.;;;;;;;;;;;;x
TRANSFEREDSUBUNIT_MAP;*;*;;;;;;;;;;;;x
TRANSFEREDSUBUNIT_SETUP;When a ship, wing or division is transferred from one unit to another.;Si un navire, un d¡×achement ou une division est transf¡×¡×d'une unit¡×¡×une autre.;;;;;;;;;;;;x
TRANSPORT_CAPABILITY;Transport Capability;Capacit¡×de transport;;;;;;;;;;;;x
TRANSPORT_WEIGHT;Weight;Poids;;;;;;;;;;;;x
TREASURY_EFFECT;$DIRECTION$ $VALUE$ ¤.\n;$DIRECTION$ $VALUE$ ¡×\n;;;;;;;;;;;;x
TRIG_IS;is;est;;;;;;;;;;;;x
TRIG_ISNOT;is not;n'est pas;;;;;;;;;;;;x
TRIGGER_ALLY;Any Ally;Tout alli¡×;;;;;;;;;;;x
TRIGGER_BUILD_IN_CAPITAL_DESC;§RConstruction is not allowed for now.§W;¡×La construction n'est pas autoris¡× pour le moment.¡×;;;;;;;;;;;;x
TRIGGER_CAPITAL;Capital;Capitale;;;;;;;;;;;;x
TRIGGER_CB_CREATION_DISCOVERED;Are trying to produce a war justification;Tentative de produire un CB;;;;;;;;;;;;x
TRIGGER_CB_CREATION_NOT_DISCOVERED;Not producing war justifications;Pas de production de CB;;;;;;;;;;;;x
TRIGGER_CB_PROGRESS_ATLEAST;War justification progress below: §Y$PERCENTAGE$§W;Progression de CB en dessous de ¡×$PERCENTAGE$¡×;;;;;;;;;;;;x
TRIGGER_CB_PROGRESS_LESS;War justification progress: §Y$PERCENTAGE$§W;Progression de CB : ¡×$PERCENTAGE$¡×;;;;;;;;;;;;x
TRIGGER_CIV_PROGRESS_LESS;Westernization progress: below 50%;;;;;;;;;;;;;x
TRIGGER_CONTROLLER;Province Controller;Contr¡×eur de la province;;;;;;;;;;;;x
TRIGGER_FLASHPOINT_TAG;Flashpoint attacker;;;;;;;;;;;;;x
TRIGGER_FROM;From;De;;;;;;;;;;;;x
TRIGGER_IS_CONSTRUCTING_CB;Acquiring war justification for: §Y$TYPE$§W;Obtention de CB pour ¡×$TYPE$¡×;;;;;;;;;;;;x
TRIGGER_IS_NOT_CONSTRUCTING_CB;Not acquiring war justification for: §Y$TYPE$§W;Pas d'obtention de CB pour ¡×$TYPE$¡×;;;;;;;;;;;;x
TRIGGER_LOCAL_ENEMY;Local Enemy;Ennemi local;;;;;;;;;;;;x
TRIGGER_NUM;Scope Num;Num d¡×lencheur;;;;;;;;;;;;x
TRIGGER_OVERLORD;Liege;Seigneur;;;;;;;;;;;;x
TRIGGER_OWNER;Province Owner;Propri¡×aire de la province;;;;;;;;;;;;x
TRIGGER_RISING_EFFECT;The §Y$NAME$§W will rise.\n;Les ¡×$NAME$¡× vont se soulever.\n;;;;;;;;;;;;x
TRIGGER_SEA_ZONE;Sea Zone Outside;Zone maritime ext¡×ieure;;;;;;;;;;;;x
TRIGGER_STATE;State Scope:;;;;;;;;;;;;;x
TRIGGER_THIS;This;Cet(te);;;;;;;;;;;;x
TRIGMOD_1;$NAME$;$NAME$;$NAME$;;;;;;;;;;;x
TRIGMOD_2;$MONARCHTITLE$, $NAME$ happened to us.;$MONARCHTITLE$, $NAME$ s'est produit pour notre pays.;*;;;;;;;;;;;x
TRIGMOD_3;*;*;*;;;;;;;;;;;x
TRIGMOD_4;*;*;*;;;;;;;;;;;x
TRIGMOD_5;Effect:;Effet :;Effekt:;;;;;;;;;;;x
TRIGMOD_6;$EFFECT$;$EFFECT$;$EFFECT$;;;;;;;;;;;x
TRIGMOD_BTN1;OK;D'accord;OK;;;;;;;;;;;x
TRIGMOD_BTN2;OK;D'accord;OK;;;;;;;;;;;x
TRIGMOD_BTN3;Details;D¡×ails;Details;;;;;;;;;;;x
TRIGMOD_HEADER;The $MONARCHTITLE$ reports that;$head_of_government$ rapporte que;;;;;;;;;;;;x
TRIGMOD_LOG;We had $NAME$ happen to us.;$NAME$ nous est arriv¡×;Uns ist ein $NAME$ widerfahren.;;;;;;;;;;;x
TRIGMOD_MAP;*;*;*;;;;;;;;;;;x
TRIGMOD_SETUP;When you are affected by a triggered modifier.;Si vous ¡×es affect¡×par un modificateur activable (ex. p¡×ge maritime).;Wenn Sie von einem ausgel¡×ten Modifikator betroffen werden (z. B. Sundzoll);;;;;;;;;;;x
TRIGMODLOST_1;$NAME$;$NAME$;$NAME$;;;;;;;;;;;x
TRIGMODLOST_2;We have lost the effects of the $NAME$;$NAME$ n'a plus aucun effet sur nous.;Wir haben folgende Effekte verloren: $NAME$;;;;;;;;;;;x
TRIGMODLOST_3;*;*;*;;;;;;;;;;;x
TRIGMODLOST_4;*;*;*;;;;;;;;;;;x
TRIGMODLOST_5;Effect:;Effet :;Effekt:;;;;;;;;;;;x
TRIGMODLOST_6;$EFFECT$;$EFFECT$;$EFFECT$;;;;;;;;;;;x
TRIGMODLOST_BTN1;OK;D'accord;OK;;;;;;;;;;;x
TRIGMODLOST_BTN2;OK;D'accord;OK;;;;;;;;;;;x
TRIGMODLOST_BTN3;Details;D¡×ails;Details;;;;;;;;;;;x
TRIGMODLOST_HEADER;The $MONARCHTITLE$ reports that;$head_of_government$ rapporte que;;;;;;;;;;;;x
TRIGMODLOST_LOG;$NAME$ is no longer affecting us.;$NAME$ ne nous affecte plus.;$NAME$ beeinflusst uns nicht mehr.;;;;;;;;;;;x
TRIGMODLOST_MAP;*;*;*;;;;;;;;;;;x
TRIGMODLOST_SETUP;When the effect of a triggered modifier ceases.;Si un modificateur activable ne fait plus effet (ex. p¡×ge maritime).;Wenn der Effekt eines ausgel¡×ten Modifikators endet (z. B. Sundzoll);;;;;;;;;;;x
tropical;Tropical;Tropical;Tropisch;;;;;;;;;;;x
tropical_wood_RGO_SIZE;Tropical Wood Lodge Size;Taille de l'exploitation de bois exotique;Tropenholzf¡×lerlager-Größe;;;;;;;;;;;x
TRUCE_LASTS_UNTIL;Truce lasts until §Y$DATE$§W;La tr¡×e durera jusqu'au ¡×$DATE$¡×.;;;;;;;;;;;;x
TRUCEWITH;Truce with $LIST$.;Tr¡×e avec $LIST$;;;;;;;;;;;;x
Tuesday;Tuesday;Mardi;;;;;;;;;;;;x
tutorial_chapter_budget_victoria;End of the Intermediary Budget Tutorial;Fin du didacticiel interm¡×iaire sur le budget;;;;;;;;;;;;x
TWS_FULFILLED;Fulfilled in $PERC$;;;;;;;;;;;;;x
TWS_NOT_FULFILLED;§RNot Fulfilled§W;;;;;;;;;;;;;x
TYPE_BIGSHIP;Heavy Ships;Navires lourds;;;;;;;;;;;;x
TYPE_CAV;Cavalry;Cavalerie;;;;;;;;;;;;x
TYPE_INF;Infantry;Infanterie;;;;;;;;;;;;x
TYPE_LIGHTSHIP;Light Ships;Navires l¡×ers;;;;;;;;;;;;x
TYPE_PLANES;Planes;Avions;;;;;;;;;;;;x
TYPE_SPECIAL;Other;Unit¡× d'appui;;;;;;;;;;;;x
TYPE_TANKS;Tanks;Chars;;;;;;;;;;;;x
TYPE_TRANSPORT;Transports;Navires de transport;;;;;;;;;;;;x
UA_ATTACK;Attack;Attaque;;;;;;;;;;;;x
UA_ATTRITION;Attrition;Usure;;;;;;;;;;;;x
UA_DEFENCE;Defence;D¡×ense;;;;;;;;;;;;x
UA_MOVEMENT;Movement;Mouvement;;;;;;;;;;;;x
UNCIV_CANT_RESEARCH;Westernize to be able to research;L'occidentalisation est n¡×essaire pour la recherche;;;;;;;;;;;;x
unciv_nation;Uncivilized Nation;Nation non civilis¡×;;;;;;;;;;;;x
uncivilized_isolationism;Isolationism;Isolationnisme;;;;;;;;;;;;x
UNCOLONIZED_DO_INVEST_LVL1;Send expedition;;;;;;;;;;;;;x
UNCOLONIZED_DO_INVEST_LVL2;Send colonists;;;;;;;;;;;;;x
UNCOLONIZED_DO_INVEST_LVL3;Construct outpost;;;;;;;;;;;;;x
UNCOLONIZED_DO_INVEST_LVL4;Build settlement;;;;;;;;;;;;;x
UNCOLONIZED_DO_INVEST_LVL5;Reinforce guard post;;;;;;;;;;;;;x
UNCOLONIZED_INVEST_LVL1;Expedition;;;;;;;;;;;;;x
UNCOLONIZED_INVEST_LVL2;Colonists;;;;;;;;;;;;;x
UNCOLONIZED_INVEST_LVL3;Outpost;;;;;;;;;;;;;x
UNCOLONIZED_INVEST_LVL4;Settlement;;;;;;;;;;;;;x
UNCOLONIZED_INVEST_LVL5;Guard post;;;;;;;;;;;;;x
UNCOLONIZED_WITHDRAW;Withdraw;;;;;;;;;;;;;x
UNDER_SIEGE;Province is under occupation!;Province assi¡×¡× !;Provinz wird belagert!;;;;;;;;;;;x
UNEMPLOYED_BY_TYPE;Unemployment amongst §Y$NAME$§W is at least §Y$VALUE$§W percent.\n;Le ch¡×age parmi ¡×$NAME$¡× est d'au moins ¡×$VALUE$¡× pour cent.\n;;;;;;;;;;;;x
UNEMPLOYMENT;Unemployment;Ch¡×age;Arbeitslosigkeit;;;;;;;;;;;x
UNEMPLOYMENT_HIGHER_THAN;Unemployment above §Y$VAL$§W%;Ch¡×age sup¡×ieur ¡×¡×$VAL$¡×%;;;;;;;;;;;;x
UNIT_ATTACK_INFO_ARMY;With a total of $BRIG$ brigades, totalling $MEN$ effective soldiers.;Avec un total de $BRIG$ brigades pour un effectif de $MEN$ soldats.;;;;;;;;;;;;x
UNIT_ATTACK_INFO_NAVY;With a total of $CAP$ capital ships, $SCR$ screens & $TRA$ transports.;Avec un total de $CAP$ b¡×iments de ligne, $SCR$ escortes et $TRA$ transporteurs.;;;;;;;;;;;;x
UNIT_BORROWED;This unit is temporarly under our command.;;;;;;;;;;;;;x
UNIT_BUILD_TIME_IW;$VAL$ days.;$VAL$ jours.;;;;;;;;;;;;x
UNIT_COMBAT_WIDTH;Combat Width;Aire de combat;;;;;;;;;;;;x
UNIT_CONSTRUCTION_TOOLTIP;Currently building §Y$NAME$§W, which will be finished earliest §Y$DATE$§W.;¡×$NAME$¡× actuellement en construction. Les travaux seront termin¡× au plus t¡× : ¡×$DATE$¡×.;;;;;;;;;;;;x
UNIT_DISABLE_REBEL_HUNT;(hunting rebels);(chasse des rebelles);;;;;;;;;;;;x
UNIT_ENABLE_REBEL_HUNT;Hunt Rebels;Chasse aux rebelles;;;;;;;;;;;;x
UNIT_PANEL;Reorganise Unit;R¡×rganiser l'unit¡×Einheit reorganisieren;;;;;;;;;;;x
UNIT_PRICE;Unit price: §Y$VAL$§W¤;;;;;;;;;;;x
UNIT_REBEL_HUNT_IS_BUSY;§RArmy is currently busy and will not hunt any rebels right now.§W;¡×L'arm¡× est occup¡× et ne pourra pas chasser les rebelles tout de suite.¡×;;;;;;;;;;;;x
UNIT_REBEL_HUNT_LOW_MORALE;§RArmy has too low morale and will not hunt any rebels right now.§W;¡×L'arm¡× a un moral trop faible et ne peut pas chasser les rebelles maintenant.¡×;;;;;;;;;;;;x
UNIT_REBEL_HUNT_NO_VALID;§REnemy rebels has been detected, but our army will not attack them, because they are too strong for us, or couldn't find a safe path to get there.§W;¡×Des rebelles ont ¡×¡×d¡×ect¡× mais notre arm¡× ne les attaquera pas parce qu'ils sont trop fort pour nous ou qu'on ne peut pas trouver un passage s¡× pour aller vers eux.¡×;;;;;;;;;;;;x
UNIT_REBEL_HUNT_WILL_HUNT;§GArmy is ready for rebel hunting.§W;¡×L'arm¡× est pr¡×e pour la chasse aux rebelles.¡×;;;;;;;;;;;;x
UNITARRIVED_1;$TYPE$ Arrived!;$TYPE$ est arriv¡×e) !;;;;;;;;;;;;x
UNITARRIVED_2;our $TYPE$ of;notre $TYPE$,;;;;;;;;;;;;x
UNITARRIVED_3;$NAME$;$NAME$;;;;;;;;;;;;x
UNITARRIVED_4;has safely arrived in;est arriv¡×sans encombre dans la province;;;;;;;;;;;;x
UNITARRIVED_5;$PROV$;$PROV$.;;;;;;;;;;;;x
UNITARRIVED_6;They are awaiting further orders;Ils y attendent de nouveaux ordres.;;;;;;;;;;;;x
UNITARRIVED_BTN1;OK;OK;;;;;;;;;;;;x
UNITARRIVED_BTN2;OK;OK;;;;;;;;;;;;x
UNITARRIVED_BTN3;GOTO;ALLER ¡×;;;;;;;;;;;x
UNITARRIVED_HEADER;Our Chief of Staff reports;Notre ¡×at-major rapporte que;;;;;;;;;;;;x
UNITARRIVED_LOG;$NAME$ arrived in $PROV$;$NAME$ est arriv¡×dans la province $PROV$;;;;;;;;;;;;x
UNITARRIVED_MAP;*;*;;;;;;;;;;;;x
UNITARRIVED_SETUP;When one of our units arrives at its destination;Si l'une de nos unit¡× arrive ¡×destination;;;;;;;;;;;;x
UNITVIEW_POP_INFO;§Y$TYPE$§W from §Y$LOC$§W.;¡×$TYPE$¡× provenant de ¡×$LOC$¡×.;;;;;;;;;;;;x
UNITVIEW_POP_INFO_FACTION;Part of §Y$FACTION$§W.;Font partie des ¡×$FACTION$¡×.;;;;;;;;;;;;x
UNITY_IS_ATLEAST_TRIGGER;Unity is at least §Y$VALUE$§W.\n;L'unit¡×est au moins ¡×¡×$VALUE$¡×.\n;;;;;;;;;;;;x
UNITY_IS_NOT_TRIGGER;Unity is not §Y$VALUE$§W.\n;L'unit¡×n'est pas de niveau ¡×$VALUE$¡×.\n;;;;;;;;;;;;x
UNLIMITED;Unlimited;Illimit¡×;;;;;;;;;;;x
UNSUBSIDIZE_ALL_TOOLTIP;Cancel subsidies for all factories on the list.;Annuler les subventions pour toutes les usines de la liste.;;;;;;;;;;;;x
UPPER_HOUSE_EFFECT;$DIRECTION$ up to $VALUE$ $NAME$ in the upper house.\n;$DIRECTION$ jusqu'¡×$VALUE$ $NAME$ ¡×la Chambre haute.\n;;;;;;;;;;;;x
UPPER_HOUSE_TR;There is at least §Y$VAL$§W percent §Y$NAME$§W in the Upper House.\n;Il y a au moins de ¡×$VAL$¡× pour-cent de ¡×$NAME$¡× ¡×la Chambre haute.;;;;;;;;;;;;x
UPPERHOUSE_1;Upper House rearranged;Chambre haute r¡×rganis¡×;;;;;;;;;;;;x
UPPERHOUSE_2;$MONARCHTITLE$, our new Upper House has now been assembled.;$MONARCHTITLE$, notre Chambre haute a ¡×¡×constitu¡×.;;;;;;;;;;;;x
UPPERHOUSE_3;$DETAILS$;$DETAILS$;;;;;;;;;;;;x
UPPERHOUSE_4;*;*;;;;;;;;;;;;x
UPPERHOUSE_5;*;*;;;;;;;;;;;;x
UPPERHOUSE_6;*;*;;;;;;;;;;;;x
UPPERHOUSE_BTN1;OK;OK;;;;;;;;;;;;x
UPPERHOUSE_BTN2;OK;OK;;;;;;;;;;;;x
UPPERHOUSE_BTN3;Go To;ALLER ¡×;;;;;;;;;;;x
UPPERHOUSE_HEADER;Political News in $COUNTRY$;Titre;;;;;;;;;;;;x
UPPERHOUSE_LOG;Upper House rearranged.;Chambre haute r¡×rganis¡×.;;;;;;;;;;;;x
UPPERHOUSE_MAP;*;*;;;;;;;;;;;;x
UPPERHOUSE_SETUP;When our Upper House have been rearranged.;Si notre Chambre haute a ¡×¡×r¡×rganis¡×.;;;;;;;;;;;;x
USE_LEADER;Use leader;Utiliser cet officier;;;;;;;;;;;;x
USER_JOINED_CHANNEL;$NAME$ joined the channel.;$NAME$ a rejoint le canal.;;;;;;;;;;;;x
USER_LEFT_CHANNEL;$NAME$ left the channel.;$NAME$ a quitt¡×le canal.;;;;;;;;;;;;x
UTM_NO_ACCESS;§YWe cannot enter neutral territory.§W;¡×Nous ne pouvons pas entrer en territoire neutre.¡×;;;;;;;;;;;;x
UTM_NOT_LEGAL_RETREAT;§YWe cannot retreat into territory where there are hostile forces present.§W;¡×Nous ne pouvons pas battre en retraite dans un territoire abritant des forces ennemies.¡×;;;;;;;;;;;;x
UV_ATTACKING;This unit is attacking;Cette unit¡×attaque;;;;;;;;;;;;x
UV_BACKGROUND;Background: $VAL$;Arri¡×e-plan : $VAL$;;;;;;;;;;;;x
UV_BACKGROUND_LABEL;Background;Arri¡×e-plan;;;;;;;;;;;;x
UV_MANPOWER;Men:;Hommes :;;;;;;;;;;;;x
UV_MOVING;This unit is moving;Cette unit¡×se d¡×lace;;;;;;;;;;;;x
UV_NO_MORALE;Cannot move due to poor organisation. Current organisation is §Y$ORG$§W out of §Y$NEED$§W needed.;D¡×lacement impossible en raison d'une mauvaise organisation. Organisation actuelle : ¡×$ORG$¡× Organisation requise : ¡×$NEED$¡×.;;;;;;;;;;;;x
UV_NO_STRENGHT;Cannot move due to poor strength. Current strength is §Y$STR$§W out of §Y$NEED$§W needed.;D¡×lacement impossible en raison d’un manque de force. Force actuelle : ¡×$ORG$¡× Force requise : ¡×$NEED$¡×.;;;;;;;;;;;;x
UV_NOT_MOBILE;This unit is not allowed to move;Cette unit¡×n'est pas autoris¡× ¡×se d¡×lacer;;;;;;;;;;;;x
UV_PERSONALITY;Personality: $VAL$;Personnalit¡×: $VAL$;;;;;;;;;;;;x
UV_PERSONALITY_LABEL;Personality;Personnalit¡×;;;;;;;;;;;x
UV_REGIMENTS;Brigades:;R¡×iments :;;;;;;;;;;;;x
UV_RETREAT;This unit is retreating;Cette unit¡×bat en retraite;;;;;;;;;;;;x
UV_SHIPS;Ships:;Navires :;;;;;;;;;;;;x
UV_UNDER_ATTACK;This unit is under attack;Cette unit¡×est attaqu¡×;;;;;;;;;;;;x
UW_AASIGN;Auto-assign Leaders;Attribution automatique des officiers;;;;;;;;;;;;x
UW_ALL_FIT;All units are 100% fit.;La sant¡×de toutes les unit¡× est ¡×100%.;;;;;;;;;;;;x
UW_ASSIGN;Auto Assign;Attribution auto.;;;;;;;;;;;;x
UW_ATEMPT_GUNBOAT;Attempt gunboat diplomacy against §Y$OTHER$§W;Politique de la canonni¡×e contre ¡×$OTHER$¡×;;;;;;;;;;;;x
UW_ATTACH_TO;Attach to always follow $NAME$.;Se joindre ¡×l'unit¡×suivante : $NAME$.;;;;;;;;;;;;x
UW_BASED_FROM;This is the base where this unit is operating from.;Ceci est la base ¡×partir de laquelle cette unit¡×op¡×e.;;;;;;;;;;;;x
UW_DETACH_FROM;Detach from following $NAME$.;Se d¡×acher de l'unit¡×suivante : $NAME$.;;;;;;;;;;;;x
UW_DUGIN;This unit is dug in and has been digging in for §Y$CURR$§W days. The maximum preparation possible for our country is §Y$CAP$§W days.;Cette unit¡×est retranch¡× et elle l'est depuis ¡×$CURR$¡× jours. La dur¡× maximale pendant laquelle notre pays peut se pr¡×arer est de ¡×$CAP$¡× jours.;;;;;;;;;;;;x
UW_FOLLOWING_HURT;The following units are damaged.\n;Les unit¡× suivantes sont endommag¡×s.\n;;;;;;;;;;;;x
UW_GUNBOAT_DESC;To preform gunboat diplomacy, you must place a fleet close to a port of a nation in default to you.;Pour mettre en place une politique de la canonni¡×e, vous devez placer une flotte ¡×proximit¡×du port d'une nation d¡×itrice.;;;;;;;;;;;;x
UW_LEADER_BUTTON_DRO;Clicking here will allow you to replace the current leader with a new one;Cliquer ici vous permettra de remplacer le leader actuel par un autre;;;;;;;;;;;;x
UW_LEADER_BUTTON_IRO;Assign new leader.;D¡×igner un nouveau leader.;;;;;;;;;;;;x
UW_LOAD_IS_VALID;Click to load this unit onto a transport fleet.;Cliquez ici pour embarquer cette unit¡×sur une flotte de transport.;;;;;;;;;;;;x
UW_LOAD_NO_FLEET_FOUND;There is no fleet here that this unit can be loaded onto.;Ici, il n'y a aucune flotte sur laquelle cette unit¡×peut embarquer.;;;;;;;;;;;;x
UW_LOC_IRO;Current Location;Position actuelle;;;;;;;;;;;;x
UW_NO_GUNBOAT_POSSIBLE;No valid target for gunboat diplomacy;Aucune cible valide pour la politique de la canonni¡×e;;;;;;;;;;;;x
UW_NOT_POSSIBLE_TO_ATTACH;There are no friendly units here to attach to.;Il n'y a pas d'unit¡× amies auxquelles on peut se joindre.;;;;;;;;;;;;x
UW_SELECT_AIR;Select all CAG's attached to this fleet.;S¡×ectionner tous les groupes a¡×iens embarqu¡× rattach¡× ¡×cette flotte.;;;;;;;;;;;;x
UW_SELECT_LAND;Select all attached land units.;S¡×ectionner toutes les unit¡× terrestres rattach¡×s.;;;;;;;;;;;;x
UW_SPEED;This is how fast the unit moves on the map. Its speed is the same as that of its slowest subunit.;Ceci est la vitesse ¡×laquelle l'unit¡×se d¡×lace sur la carte. Elle correspond ¡×la vitesse des sous-unit¡× les plus lentes de cette unit¡×;;;;;;;;;;;;x
UW_SUPPLIES_FROM;This is where this unit is drawing supplies from.;Ceci est l'endroit ¡×partir duquel les unit¡× consomment du ravitaillement.;;;;;;;;;;;;x
UW_SUPPLY_STATUS;This unit received §Y$VAL$§W% of the supplies needed in the last day. The current daily supply consumption is: $CON$;Le jour pr¡×¡×ent, cette unit¡×n¡×essitait ¡×$VAL$¡×% de ravitaillement. La consommation quotidienne actuelle en ravitaillement est de ¡×$CON$¡×.;;;;;;;;;;;;x
UW_TOTAL_STR_IRO;Maximum strength is $VALUE$.\n;La puissance maximale est $VALUE$.\n;;;;;;;;;;;;x
UW_UNITNAMES_DRO;This name can be edited to whatever you want it to be.;Ce nom peut ¡×re modifi¡×et vous pouvez utiliser celui que vous souhaitez.;;;;;;;;;;;;x
UW_UNITNAMES_IRO;Name of Unit;Nom de l'unit¡×;;;;;;;;;;;x
UW_UNITS_ATTACHED;The following units are attached.;Les unit¡× suivantes se sont jointes.;;;;;;;;;;;;x
UW_UNLOAD_NOT_VALID;You can only unload if your fleet is located in a port.;Vous pouvez uniquement d¡×arquer si votre flotte se situe dans un port.;;;;;;;;;;;;x
UW_UNLOAD_VALID;Unload this unit from the fleet;D¡×arquer cette unit¡×de la flotte;;;;;;;;;;;;x
VALID_WARTARGET;We are allowed to declare war against this nation.;Nous sommes autoris¡× ¡×d¡×larer la guerre ¡×cette nation.;;;;;;;;;;;;x
VARIABLE;Variable;Variable;;;;;;;;;;;;x
VASSAL_SUBJECT;Puppet of $LORD$;Marionnette de $LORD$;;;;;;;;;;;;x
VASSAL_TIMER;It is not possible to offer this before $DATE$ though.;Il est toutefois impossible de proposer ceci avant $DATE$.;;;;;;;;;;;;x
VASSALPROV;They will receive the following provinces:;Les provinces suivantes leur seront octroy¡×s :;;;;;;;;;;;;x
VASSALPROVNUM;They will receive $NUMBER$ provinces.;Ils recevront $NUMBER$ provinces.;;;;;;;;;;;;x
very easy;Very Easy;Tr¡× facile;;;;;;;;;;;;x
very hard;Very Hard;Tr¡× difficile;;;;;;;;;;;;x
VERY_EASY;Very Easy;Tr¡× facile;;;;;;;;;;;;x
very_easy_ai;Very Easy Difficulty;Niveau de difficult¡×: Tr¡× facile;;;;;;;;;;;;x
very_easy_player;Very Easy Difficulty;Niveau de difficult¡×: Tr¡× facile;;;;;;;;;;;;x
VERY_HARD;Very Hard;Tr¡× difficile;;;;;;;;;;;;x
very_hard_ai;Very Hard Difficulty;Niveau de difficult¡×: Tr¡× difficile;;;;;;;;;;;;x
very_hard_player;Very Hard Difficulty;Niveau de difficult¡×: Tr¡× difficile;;;;;;;;;;;;x
VOTER_ISSUES;Voter Issues;Questions ¡×ectorales;;;;;;;;;;;;x
VOTERS_LABEL;Voters;Électeurs;;;;;;;;;;;;x
WAITING_FOR_PLAYERS;Waiting for players...;En attente de joueurs…;;;;;;;;;;;;x
War Capacity;War Capacity;Capacit¡×militaire;;;;;;;;;;;;x
War Exhaustion;War Exhaustion;Épuisement de guerre;;;;;;;;;;;;x
WAR_BUTTON;Declare War;D¡×larer la guerre;;;;;;;;;;;;x
WAR_DESC;Declaring war will allow our troops to attack theirs and allow us to enter their country. War will continue until either party surrenders.;Une d¡×laration de guerre permettra ¡×nos troupes d'attaquer les leurs et nous pourrons entrer dans leur pays. La guerre se poursuivra jusqu'¡×ce que l'un des camps se rende.;;;;;;;;;;;;x
WAR_DI;War;Guerre;;;;;;;;;;;;x
WAR_EFFECT;Declare War on §Y$WHO$§W.\n;D¡×larer la guerre ¡×¡×$WHO$¡×.\n;;;;;;;;;;;;x
WAR_ENSLAVE;$ORDER$War of $FIRST$ Enslavement;$ORDER$$FIRST$ guerre d'aggression;$ORDER$$FIRST$er Angriffskrieg;;;;;;;;;;;x
WAR_EXHAUST_BATTLES;War Exhaustion;Épuisement de guerre;;;;;;;;;;;;x
war_exhaustion;War Exhaustion;Épuisement de guerre;Kriegsm¡×igkeit;Si¡× ludzka;War Exhaustion;Manodopera;Munkaer¡×Po¡×tn¡×stav obyvatelstva;;;;;;x
WAR_EXHAUSTION;Monthly War Exhaustion;Épuisement de guerre mensuel;Monatliche Kriegsm¡×igkeit;Limit zapas¡×;Agotamiento b¡×ico mensual;Limite di fornitura;K¡×zlethat¡×;Limit dod¡×ek;;;;;;x
WAR_EXHAUSTION_LESS_THAN;War Exhaustion less than ;L'¡×uisement de guerre est inf¡×ieur ¡×;Kriegsm¡×igkeit weniger als;;;;;;;;;;;x
WAR_EXHAUSTION_MORE_THAN;War Exhaustion at least ;L'¡×uisement de guerre est d'au moins ;Kriegsm¡×igkeit mehr als;;;;;;;;;;;x
WAR_EXHUASTION_LABEL;War Exhaustion;Épuisement de guerre;;;;;;;;;;;;x
WAR_GAIN_GW_STATUS_1;$WAR$;$WAR$;;;;;;;;;;;;x
WAR_GAIN_GW_STATUS_2;becomes;devient;;;;;;;;;;;;x
WAR_GAIN_GW_STATUS_3;§YThe Great War§W.;¡×Grande Guerre¡×.;;;;;;;;;;;;x
WAR_GAIN_GW_STATUS_4;*;*;;;;;;;;;;;;x
WAR_GAIN_GW_STATUS_5;*;*;;;;;;;;;;;;x
WAR_GAIN_GW_STATUS_6;*;*;;;;;;;;;;;;x
WAR_GAIN_GW_STATUS_BTN1;OK;D'accord;;;;;;;;;;;;x
WAR_GAIN_GW_STATUS_BTN2;OK;D'accord;;;;;;;;;;;;x
WAR_GAIN_GW_STATUS_BTN3;Go To;Voir;;;;;;;;;;;;x
WAR_GAIN_GW_STATUS_HEADER;Great War!;Grande Guerre !;;;;;;;;;;;;x
WAR_GAIN_GW_STATUS_LOG;$WAR$ becomes §YThe Great War§W;$WAR$ devient une ¡×Grande Guerre¡×.;;;;;;;;;;;;x
WAR_GAIN_GW_STATUS_SETUP;When our war gains the Great war status.;Quand notre guerre obtient le statut de Grande Guerre.;;;;;;;;;;;;x
WAR_GOAL_FAILURE_PRESTIGE_CHANGE;If we fail to achieve this wargoal, we will lose $PRES$ prestige.;Si nous n'atteignons pas ce but de guerre, nous perdrons $PRES$ points de prestige.;;;;;;;;;;;;x
WAR_GOAL_SUCCESS_PRESTIGE_CHANGE;If we complete this wargoal, we will gain $PRES$ prestige.;Si nous atteignons ce but de guerre, nous gagnerons $PRES$ points de prestige.;;;;;;;;;;;;x
WAR_GOOD_RELATION;Good relations(§Y$REL$§W) and average consciousness(§Y$CON$§W):;Bonnes relations (¡×$REL$¡×) et conscience nationale moyenne (¡×$CON$¡×) :;;;;;;;;;;;;x
WAR_HAS_COMPLETE_VICTORY;Complete Victory;Victoire totale;;;;;;;;;;;;x
WAR_LEADER;§YWar leader§W;¡×meneur de guerre¡×;;;;;;;;;;;;x
WAR_LOST_GW_STATUS_1;$WAR$;$WAR$;;;;;;;;;;;;x
WAR_LOST_GW_STATUS_2;is no longer;n'est plus;;;;;;;;;;;;x
WAR_LOST_GW_STATUS_3;The Great War.;une Grande Guerre.;;;;;;;;;;;;x
WAR_LOST_GW_STATUS_4;*;*;;;;;;;;;;;;x
WAR_LOST_GW_STATUS_5;*;*;;;;;;;;;;;;x
WAR_LOST_GW_STATUS_6;*;*;;;;;;;;;;;;x
WAR_LOST_GW_STATUS_BTN1;OK;D'accord;;;;;;;;;;;;x
WAR_LOST_GW_STATUS_BTN2;OK;D'accord;;;;;;;;;;;;x
WAR_LOST_GW_STATUS_BTN3;Go To;Voir;;;;;;;;;;;;x
WAR_LOST_GW_STATUS_HEADER;No longer a Great War!;Ce n'est plus une Grande Guerre !;;;;;;;;;;;;x
WAR_LOST_GW_STATUS_LOG;$WAR$ is no longer §YThe Great War§W;$WAR$ n'est plus une ¡×Grande Guerre¡×.;;;;;;;;;;;;x
WAR_LOST_GW_STATUS_SETUP;When our war lost the Great war status.;Quand notre guerre perd le statut de Grande Guerre.;;;;;;;;;;;;x
WAR_OTHER_ACCEPT_1;$AGRESSOR$;$AGRESSOR$;;;;;;;;;;;;x
WAR_OTHER_ACCEPT_2;$MONARCHTITLE$, $AGRESSOR$;$MONARCHTITLE$, $AGRESSOR$;;;;;;;;;;;;x
WAR_OTHER_ACCEPT_3;declared war;a d¡×lar¡×la guerre;;;;;;;;;;;;x
WAR_OTHER_ACCEPT_4;on their new enemy;¡×ses nouveaux ennemis;;;;;;;;;;;;x
WAR_OTHER_ACCEPT_5;$DEFENDER$;$DEFENDER$.;;;;;;;;;;;;x
WAR_OTHER_ACCEPT_6;*;*;;;;;;;;;;;;x
WAR_OTHER_ACCEPT_BTN1;OK;OK;;;;;;;;;;;;x
WAR_OTHER_ACCEPT_BTN2;OK;OK;;;;;;;;;;;;x
WAR_OTHER_ACCEPT_BTN3;Go To;Aller ¡×;;;;;;;;;;;x
WAR_OTHER_ACCEPT_HEADER;The Foreign Minister reports;Le ministre des Affaires ¡×rang¡×es indique :;;;;;;;;;;;;x
WAR_OTHER_ACCEPT_LOG;$AGRESSOR$ declared war on $DEFENDER$.;$AGRESSOR$ a d¡×lar¡×la guerre ¡×$DEFENDER$.;;;;;;;;;;;;x
WAR_OTHER_ACCEPT_SETUP;When a nation declares war on another nation;Si une nation d¡×lare la guerre ¡×une autre;;;;;;;;;;;;x
WAR_SCORE;War score;Score de guerre;;;;;;;;;;;;x
WAR_THEY_ACCEPT_1;We declared war on;Nous avons d¡×lar¡×la guerre ¡×;;;;;;;;;;;x
WAR_THEY_ACCEPT_2;$DEFENDER$;$DEFENDER$.;;;;;;;;;;;;x
WAR_THEY_ACCEPT_3;*;*;;;;;;;;;;;;x
WAR_THEY_ACCEPT_4;*;*;;;;;;;;;;;;x
WAR_THEY_ACCEPT_5;*;*;;;;;;;;;;;;x
WAR_THEY_ACCEPT_6;*;*;;;;;;;;;;;;x
WAR_THEY_ACCEPT_BTN1;OK;OK;;;;;;;;;;;;x
WAR_THEY_ACCEPT_BTN2;OK;OK;;;;;;;;;;;;x
WAR_THEY_ACCEPT_BTN3;Go To;Aller ¡×;;;;;;;;;;;x
WAR_THEY_ACCEPT_HEADER;The Foreign Minister reports;Le ministre des Affaires ¡×rang¡×es indique :;;;;;;;;;;;;x
WAR_THEY_ACCEPT_LOG;We declared war on $DEFENDER$.;Nous avons d¡×lar¡×la guerre ¡×$DEFENDER$.;;;;;;;;;;;;x
WAR_THEY_ACCEPT_MAP;WAR!;DÉCLARATION DE GUERRE !;;;;;;;;;;;;x
WAR_THEY_ACCEPT_SETUP;When we declare war on another nation;Si nous d¡×larons la guerre ¡×une autre nation;;;;;;;;;;;;x
WAR_WE_ACCEPT_1;WAR!;DÉCLARATION DE GUERRE !;;;;;;;;;;;;x
WAR_WE_ACCEPT_2;$MONARCHTITLE$, $BADWORD$ in;$MONARCHTITLE$, $BADWORD$ de;;;;;;;;;;;;x
WAR_WE_ACCEPT_3;$AGRESSOR$ declared war;$AGRESSOR$ nous ont d¡×lar¡×la;;;;;;;;;;;;x
WAR_WE_ACCEPT_4;upon us! Prepare for battle...;Guerre !\nPr¡×arons-nous au combat…;;;;;;;;;;;;x
WAR_WE_ACCEPT_5;*;*;;;;;;;;;;;;x
WAR_WE_ACCEPT_6;*;*;;;;;;;;;;;;x
WAR_WE_ACCEPT_BTN1;OK;OK;;;;;;;;;;;;x
WAR_WE_ACCEPT_BTN2;OK;OK;;;;;;;;;;;;x
WAR_WE_ACCEPT_BTN3;Go To;Aller ¡×;;;;;;;;;;;x
WAR_WE_ACCEPT_HEADER;The Foreign Minister reports;Le ministre des Affaires ¡×rang¡×es indique :;;;;;;;;;;;;x
WAR_WE_ACCEPT_LOG;$AGRESSOR$ declared war on us!;$AGRESSOR$ nous a d¡×lar¡×la guerre !;;;;;;;;;;;;x
WAR_WE_ACCEPT_MAP;WAR!;DÉCLARATION DE GUERRE !;;;;;;;;;;;;x
WAR_WE_ACCEPT_SETUP;When a nation declares war on us;Si une nation nous d¡×lare la guerre;;;;;;;;;;;;x
WARDIALOG_INFAMY;$VALUE$ Infamy;$VALUE$ en infamie;;;;;;;;;;;;x
WARDIALOG_NOCB;No casus belli:;Pas de casus belli :;;;;;;;;;;;;x
WARDIALOG_PEACECOST;$VALUE$ Peace cost;$VALUE$ en co¡× de paix;;;;;;;;;;;;x
WARDIALOG_PRESTIGE;$VALUE$ Prestige;$VALUE$ en prestige;;;;;;;;;;;;x
WARDIALOG_SELECT_COUNTRY;Select a §Ycountry§W in the list to the right;S¡×ectionner un ¡×pays¡× dans la liste de droite.;;;;;;;;;;;;x
WARDIALOG_SELECT_STATE;Select a §Ystate§W in the list to the right;S¡×ectionner un ¡×État¡× dans la liste de droite.;;;;;;;;;;;;x
WARDIALOG_TRUCE;Truce:;Tr¡×e :;;;;;;;;;;;;x
WARE_EFFECTS;War Exhaustion has the current effects.;Actuellement, l'¡×uisement de guerre a ces effets.;;;;;;;;;;;;x
WAREXHAUSTION_EFFECT;$DIRECTION$ $VALUE$ war exhaustion.\n;$DIRECTION$ $VALUE$ en ¡×uisement de guerre.\n;;;;;;;;;;;;x
WARGOAL_BUTTON;Add war goal;Ajouter un objectif de guerre;;;;;;;;;;;;x
WARGOAL_COST_DESC;$BADBOY$ Infamy, $PRESTIGE$ Prestige and $COST$ Peace cost;$BADBOY$ de d¡×honneur, $PRESTIGE$ de prestige et $COST$ de co¡× de paix;;;;;;;;;;;;x
WARGOAL_DEMAND;§Y$COUNTRY$§W demands this from §Y$ENEMY$§W;¡×$COUNTRY$¡× exige ceci de ¡×$ENEMY$¡×;;;;;;;;;;;;x
WARGOAL_DESC;Add war goal;Ajouter un objectif de guerre;;;;;;;;;;;;x
WARGOAL_DI;Adding of War goal;Ajout d'un objectif de guerre;;;;;;;;;;;;x
WARGOAL_LACK_JINGO;We require $REQUIRED$ support for jingoism in our country but have only $VALUE$. Jingoism represents the Ruler, or the Upper House will to extend the war. The higher the jingoism, the more the chances that the necessary actors have the will and/or support to extend the war.;;;;;;;;;;;;;x
WARGOAL_OTHER_ACCEPT_1;$MONARCHTITLE$;$MONARCHTITLE$;;;;;;;;;;;;x
WARGOAL_OTHER_ACCEPT_2;We have heard rumours from distant lands;Des rumeurs nous sont parvenues depuis de lointaines contr¡×s.;;;;;;;;;;;;x
WARGOAL_OTHER_ACCEPT_3;It seems that $ACTOR$;Il semble que $ACTOR$;;;;;;;;;;;;x
WARGOAL_OTHER_ACCEPT_4;has decided to expand its war with $RECIPIENT$;ait d¡×id¡×d'¡×endre sa guerre contre $RECIPIENT$;;;;;;;;;;;;x
WARGOAL_OTHER_ACCEPT_5;by adding $WARGOAL$;en ajoutant $WARGOAL$.;;;;;;;;;;;;x
WARGOAL_OTHER_ACCEPT_6;Like we care.;Comme si cela nous importait.;;;;;;;;;;;;x
WARGOAL_OTHER_ACCEPT_BTN1;OK;D'accord;;;;;;;;;;;;x
WARGOAL_OTHER_ACCEPT_BTN2;OK;D'accord;;;;;;;;;;;;x
WARGOAL_OTHER_ACCEPT_BTN3;Go To;Voir;;;;;;;;;;;;x
WARGOAL_OTHER_ACCEPT_HEADER;The Foreign Minister reports;Le ministre des Affaires ¡×rang¡×es indique :;;;;;;;;;;;;x
WARGOAL_OTHER_ACCEPT_LOG;$ACTOR$ expanded their war with $RECIPIENT$ to include $WARGOAL$.;$ACTOR$ a ¡×endu sa guerre contre $RECIPIENT$ pour inclure $WARGOAL$.;;;;;;;;;;;;x
WARGOAL_OTHER_ACCEPT_SETUP;When a nation adds a war goal in a war.;Si une nation ajoute un objectif de guerre.;;;;;;;;;;;;x
WARGOAL_PENALTY;Militancy effect if not achieved: §Y$MILITANCY$§W;Effet du militantisme si objectif non atteint : ¡×$MILITANCY$¡×;;;;;;;;;;;;x
WARGOAL_THEY_ACCEPT_1;$MONARCHTITLE$;$MONARCHTITLE$;;;;;;;;;;;;x
WARGOAL_THEY_ACCEPT_2;We have decided to expand our war by demanding;Nous avons d¡×id¡×d'¡×endre notre guerre en demandant;;;;;;;;;;;;x
WARGOAL_THEY_ACCEPT_3;$WARGOAL$;¡×$WARGOAL$¡×;;;;;;;;;;;;x
WARGOAL_THEY_ACCEPT_4;We had tried to be reasonable with $RECIPIENT$;Nous avons essay¡×d'¡×re raisonnables avec $RECIPIENT$.;;;;;;;;;;;;x
WARGOAL_THEY_ACCEPT_5;*;*;;;;;;;;;;;;x
WARGOAL_THEY_ACCEPT_6;Now they will pay the price for their lack of vision.;Maintenant, ils vont payer le prix pour leur manque de vision.;;;;;;;;;;;;x
WARGOAL_THEY_ACCEPT_BTN1;OK;D'accord;;;;;;;;;;;;x
WARGOAL_THEY_ACCEPT_BTN2;OK;D'accord;;;;;;;;;;;;x
WARGOAL_THEY_ACCEPT_BTN3;Go To;Voir;;;;;;;;;;;;x
WARGOAL_THEY_ACCEPT_HEADER;The Foreign Minister reports;Le ministre des Affaires ¡×rang¡×es indique :;;;;;;;;;;;;x
WARGOAL_THEY_ACCEPT_LOG;We expanded our war with $RECIPIENT$ to include $WARGOAL$.;Nous avons ¡×endu notre guerre contre $RECIPIENT$ pour inclure $WARGOAL$.;;;;;;;;;;;;x
WARGOAL_THEY_ACCEPT_SETUP;When we add a war goal against another nation.;Si nous ajoutons un objectif de guerre contre une autre nation.;;;;;;;;;;;;x
WARGOAL_WE_ACCEPT_1;$MONARCHTITLE$;$MONARCHTITLE$;;;;;;;;;;;;x
WARGOAL_WE_ACCEPT_2;$ACTOR$ has decided to expand our current war by demanding;$ACTOR$ a d¡×id¡×d'¡×endre notre guerre actuelle en demandant;;;;;;;;;;;;x
WARGOAL_WE_ACCEPT_3;$WARGOAL$;¡×$WARGOAL$¡×;;;;;;;;;;;;x
WARGOAL_WE_ACCEPT_4;The fools think we will somehow cave into them.;Ces imb¡×iles pensent que nous allons c¡×er.;;;;;;;;;;;;x
WARGOAL_WE_ACCEPT_5;*;*;;;;;;;;;;;;x
WARGOAL_WE_ACCEPT_6;We will punish them for their insolence.;Nous les punirons pour leur insolence.;;;;;;;;;;;;x
WARGOAL_WE_ACCEPT_BTN1;OK;D'accord;;;;;;;;;;;;x
WARGOAL_WE_ACCEPT_BTN2;OK;D'accord;;;;;;;;;;;;x
WARGOAL_WE_ACCEPT_BTN3;Go To;Voir;;;;;;;;;;;;x
WARGOAL_WE_ACCEPT_HEADER;The Foreign Minister reports;Le ministre des Affaires ¡×rang¡×es indique :;;;;;;;;;;;;x
WARGOAL_WE_ACCEPT_LOG;$ACTOR$ expanded their war with us to include $WARGOAL$.;$ACTOR$ a ¡×endu sa guerre contre nous pour inclure $WARGOAL$.;;;;;;;;;;;;x
WARGOAL_WE_ACCEPT_SETUP;When a nation adds a war goal against us.;Si une nation ajoute un objectif de guerre contre nous.;;;;;;;;;;;;x
WARGOALTITLE;Add War Goal;Ajouter un objectif de guerre;;;;;;;;;;;;x
WARINDEMNITIES_EXPENSE;War indemnities: §R$VAL$§W;Indemnit¡× de guerre : ¡×$VAL$¤§W;;;;;;;;;;;;x
WARINDEMNITIES_INCOME;War indemnities: §G$VAL$§W;Indemnit¡× de guerre : ¡×$VAL$¤§W;;;;;;;;;;;;x
WARNED;Warned by $LIST$.;Averti par $LIST$.;;;;;;;;;;;;x
WARNING;Warning $LIST$.;Avertissement $LIST$.;;;;;;;;;;;;x
WARREQDESC;Do you wish to declare war against $COUNTRY$?;Souhaitez-vous d¡×larer la guerre ¡×$COUNTRY$ ¡×;;;;;;;;;;;;x
WARSUB_MUST_BE_AT_WAR;Country must be at war in order to receive war subsidies.;Le pays doit ¡×re en guerre pour percevoir des indemnit¡× de guerre.;;;;;;;;;;;;x
WARSUBSIDIES_BUTTON;War Subsidies;Indemnit¡× de guerre;;;;;;;;;;;;x
WARSUBSIDIES_DESC;Offer §Y$MONEY$§W¤ each day to help this nation;Offrir ¡×$MONEY$¡×¡×haque jour pour aider cette nation;;;;;;;;;;;;x
WARSUBSIDIES_DI;Offer of War subsidies;Offre d'indemnit¡× de guerre;;;;;;;;;;;;x
WARSUBSIDIES_EXPENSE;War subsidies: §R$VAL$§W;Indemnit¡× de guerre : ¡×$VAL$¤§W;;;;;;;;;;;;x
WARSUBSIDIES_INCOME;War subsidies: §G$VAL$§W;Indemnit¡× de guerre : ¡×$VAL$¤§W;;;;;;;;;;;;x
WARSUBSIDIES_OTHER_ACCEPT_1;§Y$RECIPIENT$§W;¡×$RECIPIENT$¡×;;;;;;;;;;;;x
WARSUBSIDIES_OTHER_ACCEPT_2;$MONARCHTITLE$, we have received;$MONARCHTITLE$, nous avons;;;;;;;;;;;;x
WARSUBSIDIES_OTHER_ACCEPT_3;news that §Y$ACTOR$§W will sponsor the war fought by;appris que ¡×$ACTOR$¡× allait parrainer la guerre de;;;;;;;;;;;;x
WARSUBSIDIES_OTHER_ACCEPT_4;§Y$RECIPIENT$§W.;¡×$RECIPIENT$¡×.;;;;;;;;;;;;x
WARSUBSIDIES_OTHER_ACCEPT_5;They apparently will pay them §Y$VALUE$§W each day.;Apparemment, ils leur verseront ¡×$VALUE$¡× par jour.;;;;;;;;;;;;x
WARSUBSIDIES_OTHER_ACCEPT_6;*;*;;;;;;;;;;;;x
WARSUBSIDIES_OTHER_ACCEPT_BTN1;OK;OK;;;;;;;;;;;;x
WARSUBSIDIES_OTHER_ACCEPT_BTN2;OK;OK;;;;;;;;;;;;x
WARSUBSIDIES_OTHER_ACCEPT_BTN3;Go To;Aller ¡×;;;;;;;;;;;x
WARSUBSIDIES_OTHER_ACCEPT_HEADER;The Foreign Minister reports;Le ministre des Affaires ¡×rang¡×es indique :;;;;;;;;;;;;x
WARSUBSIDIES_OTHER_ACCEPT_LOG;$ACTOR$ are now giving war subsidies to $RECIPIENT$;$ACTOR$ verse des indemnit¡× de guerre ¡×$RECIPIENT$.;;;;;;;;;;;;x
WARSUBSIDIES_OTHER_ACCEPT_SETUP;When a nation starts giving war subsidies to another nation;Si une nation commence ¡×verser des indemnit¡× de guerre ¡×une autre;;;;;;;;;;;;x
WARSUBSIDIES_THEY_ACCEPT_1;§Y$RECIPIENT$§W;¡×$RECIPIENT$¡×;;;;;;;;;;;;x
WARSUBSIDIES_THEY_ACCEPT_2;$MONARCHTITLE$, we decided to fund;$MONARCHTITLE$, nous avons d¡×id¡×de financer;;;;;;;;;;;;x
WARSUBSIDIES_THEY_ACCEPT_3;the war effort of §Y$RECIPIENT$§W.;l'effort de guerre de ¡×$RECIPIENT$¡×.;;;;;;;;;;;;x
WARSUBSIDIES_THEY_ACCEPT_4;They will receive §Y$VALUE$§W each day from us,;Nous leur verserons ¡×$VALUE$¡× par jour;;;;;;;;;;;;x
WARSUBSIDIES_THEY_ACCEPT_5;as long as they are in war.;tant qu'ils seront en guerre.;;;;;;;;;;;;x
WARSUBSIDIES_THEY_ACCEPT_6;*;*;;;;;;;;;;;;x
WARSUBSIDIES_THEY_ACCEPT_BTN1;OK;OK;;;;;;;;;;;;x
WARSUBSIDIES_THEY_ACCEPT_BTN2;OK;OK;;;;;;;;;;;;x
WARSUBSIDIES_THEY_ACCEPT_BTN3;Go To;Aller ¡×;;;;;;;;;;;x
WARSUBSIDIES_THEY_ACCEPT_HEADER;The Foreign Minister reports;Le ministre des Affaires ¡×rang¡×es indique :;;;;;;;;;;;;x
WARSUBSIDIES_THEY_ACCEPT_LOG;We are now giving war subsidies to $RECIPIENT$;Nous versons des indemnit¡× de guerre ¡×$RECIPIENT$.;;;;;;;;;;;;x
WARSUBSIDIES_THEY_ACCEPT_SETUP;When we start giving war subsidies to a nation;Si nous commen¡×ns ¡×verser des indemnit¡× de guerre ¡×une nation;;;;;;;;;;;;x
WARSUBSIDIES_WE_ACCEPT_1;§Y$RECIPIENT$§W;¡×$RECIPIENT$¡×;;;;;;;;;;;;x
WARSUBSIDIES_WE_ACCEPT_2;$MONARCHTITLE$, we have received;$MONARCHTITLE$, nous avons;;;;;;;;;;;;x
WARSUBSIDIES_WE_ACCEPT_3;news that §Y$ACTOR$§W will sponsor our war efforts.;appris que ¡×$ACTOR$¡× allait parrainer nos efforts de guerre.;;;;;;;;;;;;x
WARSUBSIDIES_WE_ACCEPT_4;They will pay us §Y$VALUE$§W each day,;Ils nous verseront ¡×$VALUE$¡× par jour;;;;;;;;;;;;x
WARSUBSIDIES_WE_ACCEPT_5;as long as we're in war.;tant que nous serons en guerre.;;;;;;;;;;;;x
WARSUBSIDIES_WE_ACCEPT_6;*;*;;;;;;;;;;;;x
WARSUBSIDIES_WE_ACCEPT_BTN1;OK;OK;;;;;;;;;;;;x
WARSUBSIDIES_WE_ACCEPT_BTN2;OK;OK;;;;;;;;;;;;x
WARSUBSIDIES_WE_ACCEPT_BTN3;Go To;Aller ¡×;;;;;;;;;;;x
WARSUBSIDIES_WE_ACCEPT_HEADER;The Foreign Minister reports;Le ministre des Affaires ¡×rang¡×es indique :;;;;;;;;;;;;x
WARSUBSIDIES_WE_ACCEPT_LOG;We are now receiving war subsidies from $ACTOR$;Nous percevons des indemnit¡× de guerre de $ACTOR$.;;;;;;;;;;;;x
WARSUBSIDIES_WE_ACCEPT_SETUP;When a nation starts giving us war subsidies;Si une nation commence ¡×nous verser des indemnit¡× de guerre;;;;;;;;;;;;x
WARSUBSIDIESTITLE;Offer War Subsidies;Offrir des indemnit¡× de guerre;;;;;;;;;;;;x
WARTAX_TIP;Raise War Taxes;Augmenter les imp¡×s de guerre;Kriegssteuern;;;;;;;;;;;x
WARTITLE;Declare War;D¡×larer la guerre;;;;;;;;;;;;x
WCRD_ATT;This is a war that they have started.;C'est une guerre qu'ils ont d¡×lench¡×;;;;;;;;;;;;x
WCRD_DEF;This is a defensive war, where we need to help our ally.;C'est une guerre d¡×ensive o¡×nous devons aider notre alli¡×;;;;;;;;;;;;x
WCRD_GUA;We have guaranteed their independence.;Nous avons garanti leur ind¡×endance.;;;;;;;;;;;;x
WCRD_WARNING;We have warned $WHO$ that this should be their last territorial demand.;Nous avons averti $WHO$ que ce serait leur derni¡×e revendication territoriale.;;;;;;;;;;;;x
WE;we;nous;;;;;;;;;;;;x
WE_ARE_DISCREDITED;We are discredited;Nous sommes discr¡×it¡×.;;;;;;;;;;;;x
WE_BECAME_GREAT_POWER_1;We have risen in status in the world;;;;;;;;;;;;x
WE_BECAME_GREAT_POWER_2;and are now considered a Great Power!;;;;;;;;;;;;;x
WE_BECAME_GREAT_POWER_3;*;*;;;;;;;;;;;;x
WE_BECAME_GREAT_POWER_4;*;*;;;;;;;;;;;;x
WE_BECAME_GREAT_POWER_5;*;*;;;;;;;;;;;;x
WE_BECAME_GREAT_POWER_6;*;*;;;;;;;;;;;;x
WE_BECAME_GREAT_POWER_BTN1;I knew we had it in us!;Je savais que nous en ¡×ions capables !;;;;;;;;;;;;x
WE_BECAME_GREAT_POWER_HEADER;$MESSENGER$;$MESSENGER$;;;;;;;;;;;;x
WE_BECAME_GREAT_POWER_LOG;We are now a great power!;Nous sommes d¡×ormais une grande nation !;;;;;;;;;;;;x
WE_BECAME_GREAT_POWER_MAP;We are now a great power!;Nous sommes d¡×ormais une grande nation !;;;;;;;;;;;;x
WE_BECAME_GREAT_POWER_SETUP;When we become a great power;Si nous devenons une grande puissance;;;;;;;;;;;;x
WE_DEMOBILIZE_1;DEMOBILIZE;;;;;;;;;;;;;x
WE_DEMOBILIZE_2;our armed forces, and our troops are now standing down.;;;;;;;;;;;;x
WE_DEMOBILIZE_3;*;*;;;;;;;;;;;;x
WE_DEMOBILIZE_4;*;*;;;;;;;;;;;;x
WE_DEMOBILIZE_5;*;*;;;;;;;;;;;;x
WE_DEMOBILIZE_6;*;*;;;;;;;;;;;;x
WE_DEMOBILIZE_BTN1;OK;;;;;;;;;;;;;x
WE_DEMOBILIZE_BTN2;OK;;;;;;;;;;;;;x
WE_DEMOBILIZE_BTN3;Details;;;;;;;;;;;;;x
WE_DEMOBILIZE_HEADER;We have decided to;;;;;;;;;;;;;x
WE_DEMOBILIZE_LOG;We have given the orders to demobilize our reserves.;Nous avons ordonn¡×la d¡×obilisation de nos r¡×erves.;;;;;;;;;;;;x
WE_DEMOBILIZE_MAP;*;*;;;;;;;;;;;;x
WE_DEMOBILIZE_SETUP;When we decide to demobilize.;Si nous d¡×idons de d¡×obiliser.;;;;;;;;;;;;x
WE_INTERVENED_1;War intervention!;;;;;;;;;;;;;x
WE_INTERVENED_2;We;;;;;;;;;;;;;x
WE_INTERVENED_3;decided to intervene in the;;;;;;;;;;;;;x
WE_INTERVENED_4;$WAR$;$WAR$.;;;;;;;;;;;;x
WE_INTERVENED_5;*;*;;;;;;;;;;;;x
WE_INTERVENED_6;*;*;;;;;;;;;;;;x
WE_INTERVENED_BTN1;Yay!;;;;;;;;;;;;;x
WE_INTERVENED_BTN2;Yay!;;;;;;;;;;;;;x
WE_INTERVENED_BTN3;Go To;;;;;;;;;;;;x
WE_INTERVENED_HEADER;$MESSENGER$;$MESSENGER$;;;;;;;;;;;;x
WE_INTERVENED_LOG;We decided to intervene in the $WAR$.;Nous avons d¡×id¡×de prendre parti dans la guerre $WAR$.;;;;;;;;;;;;x
WE_INTERVENED_SETUP;When we intervene in a war;Si nous prenons parti dans une guerre;;;;;;;;;;;;x
WE_MOBILIZE_1;MOBILIZE;MOBILISATION;;;;;;;;;;;;x
WE_MOBILIZE_2;our armed forces, and we will soon be able to field a strong army. This, however, will be seen as a threatening move to our potential enemies.;de nos forces arm¡×s et nous serons bient¡× en mesure de r¡×nir une arm¡× puissante. Cela sera cependant consid¡×¡×comme un geste mena¡×nt par nos ennemis potentiels.;;;;;;;;;;;;x
WE_MOBILIZE_3;*;*;;;;;;;;;;;;x
WE_MOBILIZE_4;*;*;;;;;;;;;;;;x
WE_MOBILIZE_5;*;*;;;;;;;;;;;;x
WE_MOBILIZE_6;*;*;;;;;;;;;;;;x
WE_MOBILIZE_BTN1;OK;OK;;;;;;;;;;;;x
WE_MOBILIZE_BTN2;OK;OK;;;;;;;;;;;;x
WE_MOBILIZE_BTN3;Details;D¡×ails;;;;;;;;;;;;x
WE_MOBILIZE_HEADER;We have decided to;Nous avons d¡×lench¡×la;;;;;;;;;;;;x
WE_MOBILIZE_LOG;We have started to mobilize our reserves.;Nous avons commenc¡×¡×mobiliser nos r¡×erves.;;;;;;;;;;;;x
WE_MOBILIZE_MAP;*;*;;;;;;;;;;;;x
WE_MOBILIZE_SETUP;When we mobilize in preparation of war.;Si nous nous mobilisons pour pr¡×arer une guerre.;;;;;;;;;;;;x
WE_MODIFIED_BY;It is modified each month by.;Ceci est modifi¡×chaque mois.;;;;;;;;;;;;x
WE_NO_LONGER_GREAT_POWER_1;Our country has fallen in status;Notre pays a chang¡×de statut;;;;;;;;;;;;x
WE_NO_LONGER_GREAT_POWER_2;and lost its position as a Great Power to;et a perdu sa position de Grande Puissance face ¡×;;;;;;;;;;;x
WE_NO_LONGER_GREAT_POWER_3;$NEWCOUNTRY$;$NEWCOUNTRY$;;;;;;;;;;;;x
WE_NO_LONGER_GREAT_POWER_4;*;*;;;;;;;;;;;;x
WE_NO_LONGER_GREAT_POWER_5;*;*;;;;;;;;;;;;x
WE_NO_LONGER_GREAT_POWER_6;*;*;;;;;;;;;;;;x
WE_NO_LONGER_GREAT_POWER_BTN1;We will rise again!;Mais cela ne va pas durer !;;;;;;;;;;;;x
WE_NO_LONGER_GREAT_POWER_HEADER;$MESSENGER$;$MESSENGER$;;;;;;;;;;;;x
WE_NO_LONGER_GREAT_POWER_LOG;We are no longer a great power.;Nous ne sommes plus une grande puissance.;;;;;;;;;;;;x
WE_NO_LONGER_GREAT_POWER_MAP;No longer great power;Plus une grande puissance;;;;;;;;;;;;x
WE_NO_LONGER_GREAT_POWER_SETUP;When we are no longer a great power;Si nous ne sommes plus une grande puissance;;;;;;;;;;;;x
WE_NOT_GREATNATION;We must be a Great Power to perform this action;Pour accomplir cette action, nous devons poss¡×er le statut de grande puissance.;;;;;;;;;;;;x
WEANNEX;We demand their full Annexation.;Nous exigeons leur annexion totale.;Wir fordern ihre volle Annexion.;;;;;;;;;;;x
WEDEFECT_1;The province of;La province;Die Provinz;;;;;;;;;;;x
WEDEFECT_2;$PROV$;$PROV$;$PROV$;;;;;;;;;;;x
WEDEFECT_3;has defected to;appartient maintenant au pays;spaltete sich ab und ging zu;;;;;;;;;;;x
WEDEFECT_4;*;$THEM$;$THEM$;;;;;;;;;;;x
WEDEFECT_5;*;*;*;;;;;;;;;;;x
WEDEFECT_6;Fools! We shall not stand for this stupidity!;Imb¡×iles ! Nous ne tol¡×erons pas cette mascarade !;Ihr Narren, diese Dummheit werden wir nicht hinnehmen!;;;;;;;;;;;x
WEDEFECT_BTN1;OK;D'accord;OK;;;;;;;;;;;x
WEDEFECT_BTN2;OK;D'accord;OK;;;;;;;;;;;x
WEDEFECT_BTN3;GOTO;Voir;Goto;;;;;;;;;;;x
WEDEFECT_HEADER;Defection!;D¡×ection !;Sezession!;;;;;;;;;;;x
WEDEFECT_LOG;$PROV$ defected to $THEM$.;$PROV$ est pass¡× ¡×$THEM$.;$PROV$ hat sich $THEM$ angeschlossen.;;;;;;;;;;;x
WEDEFECT_MAP;Defection!;D¡×ection !;Sezession!;;;;;;;;;;;x
WEDEFECT_SETUP;When one of our provinces defects.;Si une de nos provinces passe ¡×l'ennemi.;Wenn sich eine unserer Provinzen abspaltet.;;;;;;;;;;;x
WEDID_ISBANNEDEMBASSY_DESC;Banned embassy until §Y$UNTIL$§W. We are behind this.;Ambassade interdite jusqu'au ¡×$UNTIL$¡×. Nous sommes derri¡×e tout cela.;;;;;;;;;;;;x
WEDID_ISDISCREDITED_DESC;Discredited until §Y$UNTIL$§W. We are behind this.;Discr¡×it jusqu'au ¡×$UNTIL$¡×. Nous sommes derri¡×e tout cela.;;;;;;;;;;;;x
Wednesday;Wednesday;Mercredi;;;;;;;;;;;;x
WEGAINCB_1;Casus Belli;Casus belli;;;;;;;;;;;;x
WEGAINCB_2;We have gained the;Nous avons obtenu un;;;;;;;;;;;;x
WEGAINCB_3;'$CASUS$' Casus Belli;Casus belli '$CASUS$';Kriegsgrund '$CASUS$';;Casus belli '$CASUS$';;;;;;;;;x
WEGAINCB_4;against;contre;gegen;;contra;;;;;;;;;x
WEGAINCB_5;"$CASUS$";$ENEMY$;;;;;;;;;;;;x
WEGAINCB_6;$DESC$;$DESC$;;;;;;;;;;;;x
WEGAINCB_BTN1;OK;;;;;;;;;;;;;x
WEGAINCB_BTN2;OK;;;;;;;;;;;;;x
WEGAINCB_BTN3;Goto;;;;;;;;;;;;x
WEGAINCB_HEADER;$MONARCHTITLE$;$MONARCHTITLE$;;;;;;;;;;;;x
WEGAINCB_LOG;We gained the '$CASUS$' Casus Belli against $ENEMY$.;;;;;;;;;;;;;x
WEGAINCB_MAP;*;*;;;;;;;;;;;;x
WEGAINCB_SETUP;When we gain a Casus Belli;;;;;;;;;;;;;x
WEGUARANTEED;We are guaranteeing their independence.;;;;;;;;;;;;;x
WETARGET_BANEMBASSY_1;§Y$RECIPIENT$§W;¡×$RECIPIENT$¡×;;;;;;;;;;;;x
WETARGET_BANEMBASSY_2;$MONARCHTITLE$, our ambassadors have been banned!;$MONARCHTITLE$, nos ambassadeurs ont ¡×¡×expuls¡×.;;;;;;;;;;;;x
WETARGET_BANEMBASSY_3;§Y$RECIPIENT$§W gave us no reason why they acted the way they did.;¡×$RECIPIENT$¡× ne nous a donn¡×aucune explication.;;;;;;;;;;;;x
WETARGET_BANEMBASSY_4;We suspect §Y$ACTOR$§W is behind this!;Nous soup¡×nnons ¡×$ACTOR$¡× d'¡×re derri¡×e tout cela.;;;;;;;;;;;;x
WETARGET_BANEMBASSY_5;*;*;;;;;;;;;;;;x
WETARGET_BANEMBASSY_6;*;*;;;;;;;;;;;;x
WETARGET_BANEMBASSY_BTN1;OK;OK;;;;;;;;;;;;x
WETARGET_BANEMBASSY_BTN2;OK;OK;;;;;;;;;;;;x
WETARGET_BANEMBASSY_BTN3;Go To;Aller ¡×;;;;;;;;;;;x
WETARGET_BANEMBASSY_HEADER;The Foreign Minister reports;Le ministre des Affaires ¡×rang¡×es indique :;;;;;;;;;;;;x
WETARGET_BANEMBASSY_LOG;$ACTOR$ convinced $RECIPIENT$ to ban all our ambassadors!;$ACTOR$ a convaincu $RECIPIENT$ d'expulser tous nos ambassadeurs.;;;;;;;;;;;;x
WETARGET_BANEMBASSY_MAP;Embassy banned!;Ambassade interdite !;;;;;;;;;;;;x
WETARGET_BANEMBASSY_SETUP;When our embassy has been banned by another nation;Si notre ambassade est interdite par une autre nation;;;;;;;;;;;;x
WETARGET_DECREASEOPINION_1;§Y$RECIPIENT$§W;¡×$RECIPIENT$¡×;;;;;;;;;;;;x
WETARGET_DECREASEOPINION_2;$MONARCHTITLE$, someone has talked ill of us behind our backs!;$MONARCHTITLE$, quelqu'un nous a critiqu¡× dans notre dos.;;;;;;;;;;;;x
WETARGET_DECREASEOPINION_3;The opinion of us in §Y$RECIPIENT$§W dropped to §Y$OPINION$§W.;L'opinion qu'ont les gens de nous ¡×¡×$RECIPIENT$¡× a chut¡×pour passer ¡×: ¡×$OPINION$¡×.;;;;;;;;;;;;x
WETARGET_DECREASEOPINION_4;We suspect §Y$ACTOR$§W is behind this!;Nous soup¡×nnons ¡×$ACTOR$¡× d'¡×re derri¡×e tout cela.;;;;;;;;;;;;x
WETARGET_DECREASEOPINION_5;*;*;;;;;;;;;;;;x
WETARGET_DECREASEOPINION_6;*;*;;;;;;;;;;;;x
WETARGET_DECREASEOPINION_BTN1;OK;OK;;;;;;;;;;;;x
WETARGET_DECREASEOPINION_BTN2;OK;OK;;;;;;;;;;;;x
WETARGET_DECREASEOPINION_BTN3;Go To;Aller ¡×;;;;;;;;;;;x
WETARGET_DECREASEOPINION_HEADER;The Foreign Minister reports;Le ministre des Affaires ¡×rang¡×es indique :;;;;;;;;;;;;x
WETARGET_DECREASEOPINION_LOG;$ACTOR$ has lowered opinion of us in $RECIPIENT$ to $OPINION$!;$ACTOR$ a fait baisser l'opinion de $RECIPIENT$ ¡×notre ¡×ard , celle-ci est pass¡× ¡×: $OPINION$.;;;;;;;;;;;;x
WETARGET_DECREASEOPINION_MAP;Opinion decreased!;Opinion en baisse !;;;;;;;;;;;;x
WETARGET_DECREASEOPINION_SETUP;When a nation lowers the opinion of us in another nation;Si une nation diminue l'opinion ¡×notre ¡×ard dans une autre;;;;;;;;;;;;x
WETARGET_DISCREDIT_1;§Y$RECIPIENT$§W;¡×$RECIPIENT$¡×;;;;;;;;;;;;x
WETARGET_DISCREDIT_2;$MONARCHTITLE$, our name has been discredited!;$MONARCHTITLE$, notre nom a ¡×¡×discr¡×it¡×!;;;;;;;;;;;;x
WETARGET_DISCREDIT_3;§Y$RECIPIENT$§W is accusing us of things we never even heard of!;¡×$RECIPIENT$¡× nous accuse de choses dont nous n'avons jamais entendu parler !;;;;;;;;;;;;x
WETARGET_DISCREDIT_4;We suspect §Y$ACTOR$§W is behind this!;Nous soup¡×nnons ¡×$ACTOR$¡× d'¡×re derri¡×e tout cela.;;;;;;;;;;;;x
WETARGET_DISCREDIT_5;*;*;;;;;;;;;;;;x
WETARGET_DISCREDIT_6;*;*;;;;;;;;;;;;x
WETARGET_DISCREDIT_BTN1;OK;OK;;;;;;;;;;;;x
WETARGET_DISCREDIT_BTN2;OK;OK;;;;;;;;;;;;x
WETARGET_DISCREDIT_BTN3;Go To;Aller ¡×;;;;;;;;;;;x
WETARGET_DISCREDIT_HEADER;The Foreign Minister reports;Le ministre des Affaires ¡×rang¡×es indique :;;;;;;;;;;;;x
WETARGET_DISCREDIT_LOG;$ACTOR$ has discredited us! It will lessen our influence on $RECIPIENT$.;$ACTOR$ nous a discr¡×it¡× ! Cela va r¡×uire notre influence sur $RECIPIENT$.;;;;;;;;;;;;x
WETARGET_DISCREDIT_MAP;Discredited!;Discr¡×it¡×!;;;;;;;;;;;;x
WETARGET_DISCREDIT_SETUP;When we have been discredited by another nation;Si nous avons ¡×¡×discr¡×it¡× par une autre nation;;;;;;;;;;;;x
WETARGET_EXPELADVISORS_1;§Y$RECIPIENT$§W;¡×$RECIPIENT$¡×;;;;;;;;;;;;x
WETARGET_EXPELADVISORS_2;$MONARCHTITLE$, our advisors have been expelled!;$MONARCHTITLE$, nos conseillers ont ¡×¡×expuls¡×.;;;;;;;;;;;;x
WETARGET_EXPELADVISORS_3;§Y$RECIPIENT$§W threw them out without giving us a reason.;¡×$RECIPIENT$¡× les a jet¡× dehors sans explication.;;;;;;;;;;;;x
WETARGET_EXPELADVISORS_4;We suspect §Y$ACTOR$§W is behind this!;Nous soup¡×nnons ¡×$ACTOR$¡× d'¡×re derri¡×e tout cela.;;;;;;;;;;;;x
WETARGET_EXPELADVISORS_5;*;*;;;;;;;;;;;;x
WETARGET_EXPELADVISORS_6;*;*;;;;;;;;;;;;x
WETARGET_EXPELADVISORS_BTN1;OK;OK;;;;;;;;;;;;x
WETARGET_EXPELADVISORS_BTN2;OK;OK;;;;;;;;;;;;x
WETARGET_EXPELADVISORS_BTN3;Go To;Aller ¡×;;;;;;;;;;;x
WETARGET_EXPELADVISORS_HEADER;The Foreign Minister reports;Le ministre des Affaires ¡×rang¡×es indique :;;;;;;;;;;;;x
WETARGET_EXPELADVISORS_LOG;$ACTOR$ convinced $RECIPIENT$ to expel all our advisors!;$ACTOR$ a convaincu $RECIPIENT$ d'expulser tous nos conseillers.;;;;;;;;;;;;x
WETARGET_EXPELADVISORS_MAP;Advisors expelled!;;;;;;;;;;;;;x
WETARGET_EXPELADVISORS_SETUP;When our advisers have been expelled by another nation;;;;;;;;;;;;;x
WETARGET_REMOVEFROMSPHERE_1;§Y$RECIPIENT$§W;;;;;;;;;;;;;x
WETARGET_REMOVEFROMSPHERE_2;$MONARCHTITLE$, someone is tampering with our empire!;;;;;;;;;;;;;x
WETARGET_REMOVEFROMSPHERE_3;§Y$RECIPIENT$§W is no longer in our Sphere of Influence!;;;;;;;;;;;;;x
WETARGET_REMOVEFROMSPHERE_4;We suspect §Y$ACTOR$§W is behind this!;;;;;;;;;;;;;x
WETARGET_REMOVEFROMSPHERE_5;*;*;;;;;;;;;;;;x
WETARGET_REMOVEFROMSPHERE_6;*;*;;;;;;;;;;;;x
WETARGET_REMOVEFROMSPHERE_BTN1;OK;;;;;;;;;;;;;x
WETARGET_REMOVEFROMSPHERE_BTN2;OK;;;;;;;;;;;;;x
WETARGET_REMOVEFROMSPHERE_BTN3;Go To;;;;;;;;;;;;x
WETARGET_REMOVEFROMSPHERE_HEADER;The Foreign Minister reports;:;;;;;;;;;;;;x
WETARGET_REMOVEFROMSPHERE_LOG;$ACTOR$ has removed $RECIPIENT$ from our Sphere of Influence!;;;;;;;;;;;;;x
WETARGET_REMOVEFROMSPHERE_MAP;Removed from sphere!;;;;;;;;;;;;;x
WETARGET_REMOVEFROMSPHERE_SETUP;When a nation removes another nation from our Sphere of Influence;;;;;;;;;;;;;x
WEWAR;We are at War;;;;;;;;;;;;;x
WEX_EFFECTS;Current Effects;Effets actuels;;;;;;;;;;;;x
WILL_GET;will\n;;;;;;;;;;;;;x
WITHG;or greater with;;;;;;;;;;;;x
WITHL;with;;;;;;;;;;;;;x
WON;§GWon;;;;;;;;;;;;;x
WONT_NEGOTIATE;They will not negotiate unless the following is true:;;;;;;;;;;;;;x
wool_RGO_SIZE;Sheep Ranch Size;;;;;;;;;;;;;x
WORK_AVAILABLE;Work available for;;;;;;;;;;;;;x
Workforce;Workforce;;;;;;;;;;;;;x
WORKFORCE_DISTTITLE;Workforce;;;;;;;;;;;;;x
WORLD_RANKING;World ranking:;;;;;;;;;;;;;x
WORLD_RANKING_SECONDARY_POWER;§Y$COUNTRY$§W is a Secondary Power.;;;;;;;;;;;;;x
WORLD_WARS_DISABLED_DESC;World wars are NOT enabled;;;;;;;;;;;;;x
WORLD_WARS_ENABLE_DESC;Great wars can now become World wars;;;;;;;;;;;;;x
WORLD_WARS_ENABLED_DESC;World wars are enabled;;;;;;;;;;;;;x
WORLD_YEAR;The world $YEAR$ AD;;;;;;;;;;;;;x
YEARLY;Yearly;;;;;;;;;;;;;x
YEARS;Years;;;;;;;;;;;;;x
YEARS_OF_RESEARCH_EFFECT;$DIRECTION$ $VALUE$ research points.\n;;;;;;;;;;;;;x
YES;Yes;;;;;;;;;;;;;x
YOU_LOST;§RYou Lost;;;;;;;;;;;;;x
YOU_WON;§GYou Won;;;;;;;;;;;;x
YOUKICKED;You were kicked by the host for your evil deeds!;;;;;;;;;;;;;x
ZOOM_IN;Zoom in;;;;;;;;;;;;;x
ZOOM_OUT;Zoom out;;;;;;;;;;;;;x
colonial_b;Colonial;;;;;;;;;;;;;x
