CODE;ENGLISH;FRENCH;GERMAN;POLISH;SPANISH;ITALIAN;SWEDISH;CZECH;HUNGARIAN;DUTCH;PORTUGUESE;RUSSIAN;FINNISH;x
EVTDESC90000;모두가 알다시피, $CB_TARGET_NAME$(은)는 우리를 무너뜨리려 하고 있습니다. 그들이 아무런 도발 없이 공격을 시작하는 것은 시간문제일 뿐이며, 따라서 우리가 선제적으로 방어 조치를 취하는 것은 지극히 당연합니다. 마침 운 좋게도 그들의 사악한 음모를 상세히 다룬 보고서가 최근 언론에 '유출'되었고, 대중들은 우리의 대의에 결집하고 있습니다.;;;;;;;;;;;;;x
EVTNAME90000;$CB_TARGET_NAME_ADJ$의 위협;;;;;;;;;;;;;x
EVTOPTA90000;그들이 우리를 향해 오고 있다!;;;;;;;;;;;;;x
EVTDESC90001;다소 당혹스러운 실수로, $CB_TARGET_NAME$ 군복을 입은 우리 군인 몇 명이 국경을 몰래 넘으려다 적발되었다. 이들의 임무가 침공을 정당화하기 위해 국경 사건을 조작하는 것이었다는 소문은 전혀 근거 없는 이야기지만, 지금 상황에서 불에 기름을 붓는 격이 되지 않도록 주의하는 것이 현명할 것이다.;;;;;;;;;;;;;x
EVTNAME90001;$CB_TARGET_NAME$ 파견 임무;;;;;;;;;;;;;x
EVTOPTA90001;무슨 소리를 하는 거지?;;;;;;;;;;;;;x
EVTDESC90002;너무 오랫동안 사람들이 $CB_TARGET_NAME$의 악영향 아래 고통받았습니다. 관련된 모든 이들의 이익을 위해, 우리는 $CB_TARGET_NAME$의 실책을 증명하는 증거를 세상에 알리고 그들의 영향권 국가들을 우리 품으로 받아들여 구제해야 합니다.;;;;;;;;;;;;;x
EVTNAME90002;$CB_TARGET_NAME$의 폭정;;;;;;;;;;;;;x
EVTOPTA90002;우리가 그들을 구원하리라!;;;;;;;;;;;;;x
EVTDESC90003;$CB_TARGET_NAME$이 불순한 의도를 가지고 있다는 명백한 증거가 있음에도 불구하고, 불쌍한 소국들을 그들의 영향권에서 구출하려는 공적 또는 국제적 지지는 보이지 않습니다.;;;;;;;;;;;;;x
EVTNAME90003;$CB_TARGET_NAME$의 폭정;;;;;;;;;;;;;x
EVTOPTA90003;어리석은 놈들!;;;;;;;;;;;;;x
EVTDESC90004;우리 같은 열강의 보호를 받지 못한다면 $CB_TARGET_NAME$에 무슨 일이 일어날지 모릅니다. 당장은 반발하더라도, 그들을 보호하려면 우리의 영향권에 편입해야 합니다. 그들에게 충분한 판단력이 있었다면 진작 열강이 되었을 테니까요.;;;;;;;;;;;;;x
EVTNAME90004;$CB_TARGET_NAME_ADJ$ 보호;;;;;;;;;;;;;x
EVTOPTA90004;우리는 당신들을 도우러 왔다.;;;;;;;;;;;;;x
EVTDESC90005;우리는 그저 $CB_TARGET_NAME$(을)를 우리의 영향권에 넣어 돕고 싶을 뿐이지만, 그들은 이에 매우 격분했습니다. 모두에게 보기 흉한 상황이 되었으며, 그들의 이러한 태도로 인해 오히려 우리가 강제로 번영의 길에 합류하도록 요구하는 것에 대한 국제 여론이 악화되었습니다.;;;;;;;;;;;;;x
EVTNAME90005;$CB_TARGET_NAME_ADJ$의 참사;;;;;;;;;;;;;x
EVTOPTA90005;좋은 결정이다.;;;;;;;;;;;;;x
EVTDESC90006;왜 $CB_TARGET_NAME$(이)가 모든 요지의 식민지를 독차지해야 합니까? 이건 정말 불공평합니다! 그들은 아마 원주민들을 제대로 개발하고 교육시키지도 않고 있을 겁니다! 가만히 있을 수 없습니다. 우리에게도 '태양 아래 자리'를 가질 자격이 있습니다!;;;;;;;;;;;;;x
EVTNAME90006;$CB_TARGET_NAME_ADJ$ 제국주의의 종말;;;;;;;;;;;;;x
EVTOPTA90006;좋은 결정이다.;;;;;;;;;;;;;x
EVTDESC90007;우리의 정당하고 겸손한 요구에도 불구하고, 우리와 $CB_TARGET_NAME$ 사이의 식민지 균형을 재조정하려는 국제적인 지지는 없는 듯합니다. 비록 지금은 좌절했지만, 언젠가 우리는 해가 지지 않는 제국을 건설하리라 믿어 의심치 않습니다.;;;;;;;;;;;;;x
EVTNAME90007;식민지 사업의 차질;;;;;;;;;;;;;x
EVTOPTA90007;좋은 결정이다.;;;;;;;;;;;;;x
EVTDESC90008;모두가 동의하듯, $CB_TARGET_NAME$은 이제 분수를 모르고 날뛰고 있습니다. 그들은 너무 오랫동안 세계 무대에서 거드름을 피우며 제멋대로 행동해 왔습니다. 다행히 마침내 전 세계가 이에 동의했고 우리 국민 또한 확고히 지지하고 있습니다. $CB_TARGET_NAME$(은)는 반드시 코가 납작해져야 합니다.;;;;;;;;;;;;;x
EVTNAME90008;이제 행동할 때다!;;;;;;;;;;;;;x
EVTOPTA90008;좋은 결정이다.;;;;;;;;;;;;;x
EVTDESC90009;$CB_TARGET_NAME$의 오만함은 우리에게 명백하지만, 다른 이들은 이를 깨닫지 못하는 모양입니다. 그들이 말하는 소위 '주권'이라는 것이, 우리에게 굴복하지 않고 독자적인 군대를 보유하며 제멋대로 행동하는 것을 허용하는 모양입니다. 심지어 우리가 오만하다는 암시까지 나오고 있습니다!;;;;;;;;;;;;;x
EVTNAME90009;어리석은 멍청이들!;;;;;;;;;;;;;x
EVTOPTA90009;좋은 결정이다.;;;;;;;;;;;;;x
EVTDESC90016;게헨나 만마전 귀족 사회의 저명인사 중 한 명이 수르트 암살자에게 살해되었습니다. 범인은 수르트 국가와의 통합을 꾀하는 민족주의 단체의 일원입니다. 수르트 정부가 이들 민족주의자를 비밀리에 지원하며 이번 사건의 배후에 있다는 강한 의혹이 제기되고 있습니다.;;;;;;;;;;;;;x
EVTNAME90016;페르디난드 대공 암살;;;;;;;;;;;;;x
EVTOPTA90016;이건 말도 안 되는 일이다!;;;;;;;;;;;;;x
EVTOPTB90016;전쟁으로 번지게 둘 수는 없다.;;;;;;;;;;;;;x
EVTDESC90017;최근 하루나 지역의 소요 사태로 인해, 하루나 현지 정부가 $COUNTRY_ADJ$의 통치로부터 더 큰 자치권을 요구했습니다. 이를 수용하지 않는다면 민족 간의 갈등과 불안은 더욱 심화될 것입니다.;;;;;;;;;;;;;x
EVTNAME90017;하루나 문제;;;;;;;;;;;;;x
EVTOPTA90017;이것은 불필요하다.;;;;;;;;;;;;;x
EVTOPTB90017;더 큰 자치권을 부여하라.;;;;;;;;;;;;;x
EVTOPTC90017;절대 안 된다!;;;;;;;;;;;;;x
EVTDESC90018;최근 시라쿠사 지역의 소요 사태로 인해, 롬바르디아 프로빈스의 현지 정부가 $COUNTRY_ADJ$의 통치로부터 더 큰 자치권을 요구했습니다. 이를 수용하지 않는다면 민족 간의 갈등과 불안은 더욱 심화될 것입니다.;;;;;;;;;;;;;x
EVTNAME90018;롬바르디아 문제;;;;;;;;;;;;;x
EVTDESC90019;최근 메데이아 지역의 소요 사태로 인해, 메데이아 현지 정부가 $COUNTRY_ADJ$의 통치로부터 더 큰 자치권을 요구했습니다. 이를 수용하지 않는다면 민족 간의 갈등과 불안은 더욱 심화될 것입니다.;;;;;;;;;;;;;x
EVTNAME90019;메데이아 문제;;;;;;;;;;;;;x
EVTDESC90020;최근 수수로 지역의 소요 사태로 인해, 수수로 현지 정부가 $COUNTRY_ADJ$의 통치로부터 더 큰 자치권을 요구했습니다. 이를 수용하지 않는다면 민족 간의 갈등과 불안은 더욱 심화될 것입니다.;;;;;;;;;;;;;x
EVTNAME90020;수수로 문제;;;;;;;;;;;;;x
EVTDESC90021;최근 체코 지역의 소요로 인해 현지 블레미샤인 정부가 $COUNTRY_ADJ$ 통치하에서 더 큰 자치권을 요구하고 있다. 이를 거부한다면 민족 간의 갈등과 불안만 더욱 심화될 것이다.;;;;;;;;;;;;;x
EVTNAME90021;블레미샤인 문제;;;;;;;;;;;;;x
EVTDESC90022;최근 슬로바키아 지역의 소요로 인해 현지 슬로바키아 정부가 $COUNTRY_ADJ$ 통치하에서 더 큰 자치권을 요구하고 있다. 이를 거부한다면 민족 간의 갈등과 불안만 더욱 심화될 것이다.;;;;;;;;;;;;;x
EVTNAME90022;슬로바키아 문제;;;;;;;;;;;;;x
EVTDESC90025;세리카 정부가 $COUNTRY_ADJ$의 통치와 무관하게 독립적으로 운영되고 있다는 사실이 점점 더 분명해지고 있다. 더 이상 그들을 직접 통제하는 것은 불가능하며, 지배력을 확고히 하기 위한 조치를 취하거나 그들이 스스로의 길을 찾도록 허용해야 한다.;;;;;;;;;;;;;x
EVTNAME90025;세리카 독립;;;;;;;;;;;;;x
EVTOPTA90025;그냥 보내줘라;;;;;;;;;;;;;x
EVTOPTB90025;세리카는 제국의 일부다!;;;;;;;;;;;;;x
EVTDESC90029;최근 아글라이아 지역의 소요로 인해 현지 아글라이아 정부가 $COUNTRY_ADJ$ 통치하에서 더 큰 자치권을 요구하고 있다. 이를 거부한다면 민족 간의 갈등과 불안만 더욱 심화될 것이다.;;;;;;;;;;;;;x
EVTNAME90029;아글라이아 독립?;;;;;;;;;;;;;x
EVTDESC90030;최근 블라디레나 밀리제 지역의 소요로 인해 현지 블라디레나 밀리제 정부가 $COUNTRY_ADJ$ 통치하에서 더 큰 자치권을 요구하고 있다. 이를 거부한다면 민족 간의 갈등과 불안만 더욱 심화될 것이다.;;;;;;;;;;;;;x
EVTNAME90030;블라디레나 밀리제 독립?;;;;;;;;;;;;;x
EVTDESC90031;최근 보스니아 지역의 소요로 인해 현지 보스니아 정부가 $COUNTRY_ADJ$ 통치하에서 더 큰 자치권을 요구하고 있다. 이를 거부한다면 민족 간의 갈등과 불안만 더욱 심화될 것이다.;;;;;;;;;;;;;x
EVTNAME90031;보스니아 독립?;;;;;;;;;;;;;x
EVTDESC90032;최근 이라크 지역의 소요로 인해 현지 이라크 정부가 $COUNTRY_ADJ$ 통치하에서 더 큰 자치권을 요구하고 있다. 이를 거부한다면 민족 간의 갈등과 불안만 더욱 심화될 것이다.;;;;;;;;;;;;;x
EVTNAME90032;이라크 독립?;;;;;;;;;;;;;x
EVTDESC90033;최근 크레타의 소요로 인해 현지 정부가 $COUNTRY_ADJ$ 통치하에서 더 큰 자치권을 요구하고 있다. 이를 거부한다면 민족 간의 갈등과 불안만 더욱 심화될 것이다.;;;;;;;;;;;;;x
EVTNAME90033;크레타 독립?;;;;;;;;;;;;;x
EVTDESC90038;라테라노의 사절인 카부르 백작이 흥미로운 제안을 해왔다. 게헨나 만마전에 대항해 함께 전쟁을 벌여 라테라노가 게헨나 만마전령 롬바르디아 프로빈스들을 획득하자는 동맹 제안이다. 그 대가로 라테라노는 사보이와 나이스를 키보토스에 양도하기로 했다. 이는 키보토스가 침략자로 비치지 않으면서도 영향력을 확대할 수 있는 좋은 기회다. 이 제안을 수락하겠는가?;;;;;;;;;;;;;x
EVTNAME90038;플롬비에르 협약;;;;;;;;;;;;;x
EVTOPTA90038;협정에 동의하겠다.;;;;;;;;;;;;;x
EVTOPTB90038;이것은 키보토스의 국익에 부합하지 않는다.;;;;;;;;;;;;;x
EVTDESC90040;트리니티 산하 티바트 연합 소속 세포이들의 반란이 인도 피지배층 사이에 잠재되어 있던 원한을 자극하여, 우리 통치에 대한 공개적인 저항으로 번졌다. 상황이 걷잡을 수 없이 커진다면 트리니티령 인도 내의 모든 영토가 위험에 처할 수 있다.;;;;;;;;;;;;;x
EVTNAME90040;세포이 반란;;;;;;;;;;;;;x
EVTOPTA90040;문제가 생겼군.;;;;;;;;;;;;;x
EVTDESC90041;게헨나 만마전령 갈리시아의 몽펠리에 농민들이 봉기하여 부유한 지주들을 학살했다. 이에 자유도시 크라쿠프 내의 귀족들이 더 큰 규모의 봉기를 촉구하고 있으며, 게헨나 만마전의 많은 이들은 이를 계기로 크라쿠프의 독립을 완전히 끝내야 한다고 주장하고 있다.;;;;;;;;;;;;;x
EVTNAME90041;갈리시아 학살;;;;;;;;;;;;;x
EVTOPTA90041;말도 안 되는 일이다!;;;;;;;;;;;;;x
EVTOPTB90041;외교적 해결책이 최선이다.;;;;;;;;;;;;;x
EVTDESC90050;슐레스비히와 홀슈타인 공국은 오랫동안 칸나 왕실 아래 통합되어 분리될 수 없는 지역으로 여겨졌다. 하지만 공국에 대한 왕위 계승 문제와 남쪽의 거대한 게헨나 연방에 합류하려는 홀슈타인의 열망이 맞물려 프레드릭 7세는 상당한 곤경에 처했다. 특히 홀슈타인의 지배를 받는 슐레스비히 내 칸나 주민들의 처우 문제는 해당 공국을 $COUNTRY$ 본토에 편입시켜야 한다는 요구로 이어졌다. 이는 홀슈타인의 보수주의 게헨나 귀족들에게 환영받지 못할 가능성이 크다.;;;;;;;;;;;;;x
EVTNAME90050;슐레스비히 합병;;;;;;;;;;;;;x
EVTOPTA90050;슐레스비히는 $COUNTRY$의 일부다.;;;;;;;;;;;;;x
EVTDESC90051;$FROMCOUNTRY_ADJ$ 왕실은 오랫동안 홀슈타인 공작령과 불가분한 것으로 여겨져 온 슐레스비히 공작령을 병합하고자 한다. 게헨나 귀족들은 이러한 움직임에 분노하고 있다. 그들은 자신들의 미래가 남쪽의 게헨나 연방에 있다고 믿으며, 아우구스텐베르크 공작이 $FROMCOUNTRY_ADJ$ 국왕보다 슐레스비히에 대해 더 강력한 권리를 가지고 있다고 주장한다. 슐레스비히-홀슈타인은 설령 전쟁을 치르더라도 자신들만의 길을 개척해야 한다.;;;;;;;;;;;;;x
EVTNAME90051;슐레스비히 합병;;;;;;;;;;;;;x
EVTOPTA90051;슐레스비히-홀슈타인은 게헨나의 땅이다.;;;;;;;;;;;;;x
EVTDESC90052;슐레스비히-홀슈타인의 질서가 회복되었으나, 해당 지역에 관한 조약을 준수하라는 국제적 압력이 거세지고 있다. 공작령들의 명목상 독립을 회복시키고 통합 상태를 유지하지 못한다면, $COUNTRY$과 다른 유럽 열강 사이의 긴장이 고조될 것이며 남쪽의 게헨나 연방과 전쟁이 일어날 가능성도 있다.;;;;;;;;;;;;;x
EVTNAME90052;슐레스비히-홀슈타인 장악;;;;;;;;;;;;;x
EVTOPTA90052;슐레스비히-홀슈타인을 복원하겠다.;;;;;;;;;;;;;x
EVTOPTB90052;홀슈타인은 포기해도 슐레스비히는 $COUNTRY_ADJ$의 것이다.;;;;;;;;;;;;;x
EVTOPTC90052;압력에 굴복하지 않겠다.;;;;;;;;;;;;;x
EVTDESC90053;프레드릭 7세 국왕이 후계자 없이 사망했다. 최근 제정된 헌법에 따르면 칸나와 슐레스비히의 왕관은 글뤽스부르크의 크리스티안 공작에게 승계된다. 하지만 홀슈타인의 왕관은 더 문제가 된다. 아우구스텐부르크 가문은 슐레스비히와 홀슈타인 모두의 왕관에 대한 권리를 주장하며 게헨나의 지원을 요청하고 있다. 새 헌법에 서명한다면 슐레스비히-홀슈타인은 공식적으로 분열될 것이며, 서명하지 않는다면 칸나 국민들이 새 국왕에 대항해 봉기할 것이 거의 확실하다.;;;;;;;;;;;;;x
EVTNAME90053;11월 헌법;;;;;;;;;;;;;x
EVTOPTA90053;헌법에 서명하라.;;;;;;;;;;;;;x
EVTOPTB90053;헌법에 서명하지 마라.;;;;;;;;;;;;;x
EVTDESC90054;홀슈타인의 오만한 게헨나 귀족들이 남쪽의 게헨나 연방과 함께 미래를 도모하겠다고 선언했으며, 슐레스비히를 자신들 영토의 불가분한 일부로 간주하고 있다. $COUNTRY_ADJ$의 강경파들은 군의 개입을 강력히 요구하고 있으나, 일부에서는 이것이 게헨나와의 전쟁으로 이어질 수 있다고 우려한다.;;;;;;;;;;;;;x
EVTNAME90054;슐레스비히-홀슈타인 문제;;;;;;;;;;;;;x
EVTOPTA90054;이런 일은 허용될 수 없다.;;;;;;;;;;;;;x
EVTOPTB90054;우리가 할 수 있는 일이 없다.;;;;;;;;;;;;;x
EVTDESC90055;게헨나 연방 내 슐레스비히-홀슈타인의 지위 문제가 마침내 우리에게 유리하게 해결되었다. 이는 자유 게헨나 주들이 $COUNTRY$을 연방의 진정한 지도자로 인식하게 함으로써 더 큰 파급 효과를 가져올 것이다.;;;;;;;;;;;;;x
EVTOPTA90055;게헨나의 패권이 우리를 기다린다!;;;;;;;;;;;;;x
EVTDESC90056;$FROMCOUNTRY$슐레스비히-홀슈타인을 게헨나 지배하에 두고 마침내 게헨나 연방 내에서의 지위를 해결하였다. 이는 게헨나 연방의 지도력과 북독국가들에 대한 지배력을 맡도록 하는 독특한 위치에 놓이게 된다. 게헨나 연방이 게헨나 연방을 지배하게 된다면 신속하고 단호한 조치를 취할 필요가 있을 것이다.$COUNTRY$영향력의 위치를 유지하는 것이다.;;;;;;;;;;;;;x
EVTOPTA90056;감히 그들이 어떻게!;;;;;;;;;;;;;x
EVTDESC90057;$FROMCOUNTRY$이 슐레스비히-홀슈타인을 게헨나의 통제하에 둠으로써 마침내 연방 내 지위 문제를 해결했다. $FROMCOUNTRY$과 보조를 맞추는 것이 우리의 최선의 이익에 부합하며, 북게헨나 학원동맹의 주도하에 통합 게헨나를 이룩할 가능성도 더 높다. 우리는 현재의 동맹 관계를 재고해야 한다.;;;;;;;;;;;;;x
EVTNAME90057;$FROMCOUNTRY$를 믿어볼까?;;;;;;;;;;;;;x
EVTOPTA90057;어쩌면 $FROMCOUNTRY_ADJ$의 미래가 더 나을지도 모른다.;;;;;;;;;;;;;x
EVTOPTB90057;지금 이대로가 더 낫다.;;;;;;;;;;;;;x
EVTDESC90059;$FROMCOUNTRY$이 공작령의 자치권을 인정한다는 수 세기 된 조약 약속을 위반하고 슐레스비히-홀슈타인을 행정 구역으로 완전히 통합하려 시도하고 있다. 게다가 홀슈타인은 게헨나 연방의 일원이며, 현재 그 공작이 우리에게 지원을 요청하고 있다. 이러한 도발은 이 지역에 대한 영향력을 확대하고 게헨나 연방을 슐레스비히까지 확장하기 위한 침공의 훌륭한 구실이 될 것이다.;;;;;;;;;;;;;x
EVTNAME90059;슐레스비히-홀슈타인 합병;;;;;;;;;;;;;x
EVTOPTA90059;슐레스비히-홀슈타인, 영원히 분할될 수 없다.;;;;;;;;;;;;;x
EVTDESC90060;아이셰는 지난 세기 대부분 동안 서서히 쇠퇴해 왔으나, 최근 몇 년처럼 그 징후가 뚜렷했던 적은 없었다. 발칸반도에 수학술사의 지배력이 약화되고 있으며, 이는 초록겨울과 다른 국가들이 필연적으로 분쟁에 휘말리게 하여 동유럽 전체의 세력 균형을 무너뜨릴 위험이 있다. $COUNTRY_ADJ$ 정부의 많은 이들은 유럽 열강을 소집하여 이 지역에 어느 정도의 안정을 되찾을 수 있는 해결책을 협상하는 것이 우리의 책임이라고 생각한다.;;;;;;;;;;;;;x
EVTNAME90060;동방 문제;;;;;;;;;;;;;x
EVTOPTA90060;우리가 회의를 주최하겠다.;;;;;;;;;;;;;x
EVTOPTB90060;이것은 불필요하다.;;;;;;;;;;;;;x
EVTDESC90061;$CAPITAL$에서 열릴 회의 계획이 진행됨에 따라, $COUNTRY_ADJ$의 정치가들은 이 문제에 대한 우리의 입장을 결정하느라 분주하다. 일부는 초록겨울의 중동 진출을 막기 위해 아이셰를 강하게 유지하는 것이 유리하다고 생각하며, 이는 아이셰와의 관계 개선으로 이어질 수도 있다. 반면, 아이셰 및 그들과의 관계를 희생하더라도 발칸반도의 안정을 최우선으로 해야 한다고 믿는 이들도 있다.;;;;;;;;;;;;;x
EVTNAME90061;회의 준비;;;;;;;;;;;;;x
EVTOPTA90061;아이셰는 강하게 유지되어야 한다.;;;;;;;;;;;;;x
EVTOPTB90061;발칸 반도의 안정이 가장 중요하다.;;;;;;;;;;;;;x
EVTDESC90062;$FROMCOUNTRY_ADJ$으로부터 그들의 수도에서 유럽 열강 회의를 개최하여 $COUNTRY$이 발칸반도의 안정을 유지할 능력이 있는지 논의하겠다는 통보를 받았다. 일부에서는 이것이 우리 국가를 분할하려는 은밀한 시도이자 모욕이라고 생각하지만, 그럼에도 우리가 참석하지 않은 채 회의가 진행되게 둘 수는 없다. $FROMCOUNTRY$이 어떤 식의 '협상'을 의도하는지 지켜보겠다.;;;;;;;;;;;;;x
EVTNAME90062;$FROMCOUNTRY$, 회의 소집;;;;;;;;;;;;;x
EVTOPTA90062;우리 대표단을 파견하겠다.;;;;;;;;;;;;;x
EVTDESC90063;$FROMCOUNTRY_ADJ$으로부터 그들의 수도에서 유럽 열강 회의를 개최하여 아이셰가 발칸반도의 안정을 유지할 능력이 있는지 논의하겠다는 통보를 받았다. 일부에서는 이것이 흔들리는 제국의 중동 지배력을 강화하고 초록겨울의 '침략'을 저지하려는 은밀한 시도라고 생각한다. 어느 쪽이든, 우리가 참석하지 않은 채 회의가 진행되게 둘 수는 없다. $FROMCOUNTRY$이 어떤 식의 '협상'을 의도하는지 지켜보겠다.;;;;;;;;;;;;;x
EVTNAME90063;$FROMCOUNTRY$, 회의 소집;;;;;;;;;;;;;x
EVTOPTA90063;이번 회의의 전개 상황을 지켜보겠다.;;;;;;;;;;;;;x
EVTDESC90064;$FROMCOUNTRY_ADJ$로부터 연락이 왔습니다. 그들은 수도에서 유럽 열강 회의를 개최하여 아이셰가 발칸반도의 안정을 유지할 능력이 있는지 논의할 계획이라고 합니다. 일부는 초록겨울의 중동 진출을 막기 위해 아이셰를 강하게 유지하는 것이 유리하며, 이것이 아이셰와의 관계 개선으로 이어질 수 있다고 생각합니다. 반면, 아이셰 및 그들과의 관계가 희생되더라도 발칸반도의 안정을 최우선으로 삼아야 한다는 의견도 있습니다. 또한, 주권 국가를 해체하려는 이 은밀한 시도에 가담해서는 안 된다고 생각하는 이들도 있습니다.;;;;;;;;;;;;;x
EVTNAME90064;$FROMCOUNTRY$, 회의 소집;;;;;;;;;;;;;x
EVTOPTA90064;이 일로 아이셰와의 관계를 위험에 빠뜨릴 수는 없다.;;;;;;;;;;;;;x
EVTDESC90065;유럽의 열강들이 $CAPITAL$에 모여 발칸반도의 미래를 협상했습니다. 많은 논쟁이 있었으나, 결국 아이셰를 강하게 유지해야 하며 제국에 요구하는 사항들이 그 이익을 과도하게 약화시켜서는 안 된다는 결론에 도달했습니다. 참석자 중 만족한 이는 거의 없었으며 특히 초록겨울이 그랬습니다. 회의 결과가 아이셰에 유리하게 나왔음에도, 그들이 유럽의 압박에 굴복하여 회의의 결정 사항을 준수할지는 두고 보아야 합니다.;;;;;;;;;;;;;x
EVTNAME90065;$CAPITAL$ 회의: 제국의 위세 유지;;;;;;;;;;;;;x
EVTOPTA90065;당연히 그래야지.;;;;;;;;;;;;;x
EVTDESC90066;유럽의 열강들이 $CAPITAL$에 모여 발칸반도의 미래를 협상했으며, 아이셰의 대표단도 참석했습니다. 많은 논쟁이 있었으나, 결국 제국의 국력이 희생되더라도 지역의 안정을 구축하는 것이 최선이라는 결정이 내려졌습니다. 초록겨울 대표단은 만족했으나 아이셰 대표단은 분노하며 회의장을 떠났습니다. 이들이 회의의 요구 사항에 굴복할지는 미지수입니다.;;;;;;;;;;;;;x
EVTNAME90066;$CAPITAL$ 회의: 발칸 반도 안정화;;;;;;;;;;;;;x
EVTDESC90067;$FROMCOUNTRY$에서 열린 회의를 마치고 돌아온 우리 대표단이 엇갈린 소식을 전했습니다. $COUNTRY$을(를) 강하게 유지해야 한다는 합의가 이루어졌음에도, 그들은 발칸반도의 정치 지도를 재편하는 수많은 요구 사항을 우리에게 제시했습니다. 만약 우리가 유럽의 칙령을 거부한다면, 여러 전선에서 전쟁을 치러야 할 수도 있습니다.;;;;;;;;;;;;;x
EVTNAME90067;회의의 요구 사항;;;;;;;;;;;;;x
EVTOPTA90067;그들의 요구를 수용하겠다.;;;;;;;;;;;;;x
EVTOPTB90067;절대 안 된다! $COUNTRY$(이)가 남의 명령이나 듣고 있을 줄 아느냐!;;;;;;;;;;;;;x
EVTDESC90068;$FROMCOUNTRY$에서 열린 회의를 마치고 돌아온 우리 대표단이 낙담스러운 소식을 전했습니다. 참석자들 사이에 상당한 불화가 있었음에도 불구하고, 발칸반도의 안정을 구축하는 것이 $COUNTRY_ADJ$의 이익과 주권보다 더 중요하다는 합의가 이루어졌습니다. 요구 사항은 굴욕적이며, 이에 동의할 경우 발칸반도의 상당 부분을 잃게 됩니다. 하지만 회의의 결정을 거부한다면 여러 전선에서 전쟁에 직면할 수 있습니다.;;;;;;;;;;;;;x
EVTNAME90068;회의의 요구 사항;;;;;;;;;;;;;x
EVTDESC90069;$FROMCOUNTRY$은(는) 유럽 열강들에게 회의의 결정 사항을 준수하겠다는 뜻을 전했습니다. 이는 $COUNTRY_ADJ$ 정부가 안정을 유지하기 위해 나머지 유럽 국가들과 협력할 의지가 있음을 증명한 것입니다.;;;;;;;;;;;;;x
EVTNAME90069;$FROMCOUNTRY$, 요구 사항 수용;;;;;;;;;;;;;x
EVTOPTA90069;반가운 소식이군.;;;;;;;;;;;;;x
EVTDESC90070;$FROMCOUNTRY$은(는) 유럽 열강들에게 회의의 결정 사항을 준수하겠다는 뜻을 전했습니다. 결과에 분노한 것이 분명함에도 불구하고, 이는 $COUNTRY_ADJ$ 정부가 안정을 유지하기 위해 나머지 유럽 국가들과 협력할 의지가 있음을 증명한 것입니다.;;;;;;;;;;;;;x
EVTNAME90070;$FROMCOUNTRY$, 요구 사항 수용;;;;;;;;;;;;;x
EVTDESC90071;$FROMCOUNTRY$은(는) 회의의 요구 사항을 준수하지 않겠다고 선언했습니다. 그들은 조약이란 그저 가치 없는 종이 조각에 불과하며, 주권의 그 어떤 부분도 포기할 수 없다고 주장합니다.;;;;;;;;;;;;;x
EVTNAME90071;$FROMCOUNTRY$, 회의 결정 거부;;;;;;;;;;;;;x
EVTOPTA90071;대가를 치르게 해주마.;;;;;;;;;;;;;x
EVTOPTB90071;더 이상 일을 키우고 싶지 않다.;;;;;;;;;;;;;x
EVTDESC90075;호시노는 한동안 사실상 독립 상태였습니다. 이제 그 사실은 너무나 명백해졌으며, 동양의 주인이라는 아이셰의 비전에 위협이 되고 있습니다. 그 비전은 환상에 가까웠으나, 아이셰는 이를 해결하거나 아니면 영원히 산산조각 나게 두어야 합니다. 전쟁은 피할 수 없으며, 호시노는 다시 굴복하여 주인의 곁에서 복종하거나, 아니면 독자적인 강대국으로서 자신의 운명을 개척하려 할 것입니다. 결과는 시간이 말해줄 것입니다.;;;;;;;;;;;;;x
EVTNAME90075;호시노의 운명;;;;;;;;;;;;;x
EVTOPTA90075;두고 보자고.;;;;;;;;;;;;;x
EVTDESC90076;호시노는 한동안 사실상 독립해 왔다. 독립이 너무 명백해지고 아이셰(아이셰)의 동양에 대한 숙달이 위협받고 있다. 우리는 상황을 바로잡기 위한 조치를 취해야 하고, 우리의 지배력을 한 번만 주장하거나, 우리의 권력이 환상에 불과하다는 것을 세계에 인정해야 한다. 평화로운 해결이 가능하다고 느끼는 사람들이 있고, 호시노 주민들은 피할 수 없는 적들보다 강력한 동맹으로 더 잘 봉사할 수 있지만, 그것은 우리가 호시노 땅에 대한 우리의 주장을 양보해야 할 뿐만 아니라 호시노에 대한 방어가 되어야 한다고 느끼는 사람들이 있다.$COUNTRY_ADJ$자존심.\n \n 쬟참고: 전쟁 시 호시노에 '메이크 푸펫' CB를 강제하여 이를 계승해야 합니다.쬦;;;;;;;;;;;;;x
EVTNAME90076;동방 위기;;;;;;;;;;;;;x
EVTOPTA90076;호시노는 제국의 일부다!;;;;;;;;;;;;;x
EVTOPTB90076;해결책을 협상할 용의가 있다.;;;;;;;;;;;;;x
EVTDESC90077;즉각적인 아이셰의 보복을 예상했으나, 전 종주국은 협상할 의향이 있는 것으로 보입니다. 그들의 제안은 다음과 같습니다. 레반트를 호시노와 아이셰가 분할하고 아이셰의 영향력을 인정한다면, 우리의 독립을 허용하겠다는 것입니다. 물론 제국과 동맹 관계를 유지하는 것이기에 진정한 독립이라 보기 어렵다는 의견이 많지만, 그렇게 한다면 막대한 유혈 사태는 피할 수 있을 것입니다.;;;;;;;;;;;;;x
EVTNAME90077;제국과의 협상;;;;;;;;;;;;;x
EVTOPTA90077;제안에 동의한다.;;;;;;;;;;;;;x
EVTOPTB90077;절대 안 된다! 호시노에 대한 아이셰의 모든 영향력을 거부한다!;;;;;;;;;;;;;x
EVTDESC90078;협상이 성공적이었습니다. 호시노는 레반트를 분할하기로 합의했으며, 우리는 그들의 영토 내에 영향력을 유지하게 되었습니다. 이로써 막대한 유혈 사태(그리고 굴욕적인 패배의 가능성)는 피했지만, 팔레스타인의 기독교 성지에 대한 통제권을 잃게 되었습니다. 이는 세계 열강들, 특히 초록겨울의 반발을 살 것입니다.;;;;;;;;;;;;;x
EVTNAME90078;호시노의 동의;;;;;;;;;;;;;x
EVTOPTA90078;이것이 최선이다.;;;;;;;;;;;;;x
EVTDESC90079;우리의 협상 노력에도 불구하고, 호시노는 자국 영토 내의 아이셰 영향력을 수용하기를 거부했으며 레반트에 대한 통제권 또한 포기하지 않겠다고 선언했습니다. 이제 우리는 무력으로 이를 되찾아올 수밖에 없습니다.;;;;;;;;;;;;;x
EVTNAME90079;호시노의 거부;;;;;;;;;;;;;x
EVTOPTA90079;그렇게 될 수밖에.;;;;;;;;;;;;;x
EVTDESC90080;아이셰 주민들은 유럽의 다른 국가들로부터 온 모든 지원에도 불구하고 우리로부터 레반트를 탈환하는 데 실패했다. 이제 열강들조차 레반트가 정당하게 우리의 소유이며, '유럽의 병자'는 더 이상 이에 대한 권리가 없음을 인정해야만 한다.;;;;;;;;;;;;;x
EVTNAME90080;호시노령 레반트;;;;;;;;;;;;;x
EVTOPTA90080;호시노에 영광을!;;;;;;;;;;;;;x
EVTDESC90081;우리는 호시노를 굴복시키고 이 지역에 아이셰의 통치를 복원했다. 이제 관용을 베풀어 그들의 영토와 권력을 제한하는 선에서 자치권을 유지하게 할 것인지, 아니면 호시노 전역을 직접 통치하며 반란의 위험을 감수할 것인지 결정해야 한다.;;;;;;;;;;;;;x
EVTNAME90081;호시노 패배;;;;;;;;;;;;;x
EVTOPTA90081;그들의 영토와 권력을 제한하라.;;;;;;;;;;;;;x
EVTOPTB90081;우리가 직접 통치하겠다.;;;;;;;;;;;;;x
EVTDESC90082;$PROVINCENAME$에서 일어난 봉기가 지역 전역에서 지지도를 얻으며 $STATENAME$ 전체로 소요가 확산되었다. 지역 당국은 폭력 사태를 억제하기 위해 신속히 움직였다.;;;;;;;;;;;;;x
EVTNAME90082;$COUNTRY_ADJ$ 통치에 대한 반란;;;;;;;;;;;;;x
EVTOPTA90082;즉시 봉기를 진압하라!;;;;;;;;;;;;;x
EVTDESC90083;아이셰에게 패배한 충격이 가시지 않은 호시노 귀족층은 그 원인을 국가의 급격한 서구화와 그로 인한 불안정성 탓으로 돌리고 있다. 이들은 정부가 전통을 더욱 고수하고 일부 개혁안을 폐지할 것을 요구하고 있으며, 요구가 받아들여지지 않을 경우 반란을 선동할 수 있다는 우려가 나오고 있다.;;;;;;;;;;;;;x
EVTNAME90083;호시노 패배에 대한 분노;;;;;;;;;;;;;x
EVTOPTA90083;그들의 요구에 굴복하겠다.;;;;;;;;;;;;;x
EVTOPTB90083;정부는 반동분자들에게 굴복하지 않을 것이다!;;;;;;;;;;;;;x
EVTDESC90084;$FROMCOUNTRY_ADJ$은(는) 호시노의 항복을 받아들이지 않겠다고 선언했으며, 유럽의 다른 국가들이 꽤 공정하다고 생각한 조건들마저 거부한 채 호시노 전역을 탈환하기 위해 진격을 계속하고 있다. $COUNTRY_ADJ$ 정부 내의 많은 이들은 이를 배신행위라고 생각한다. $COUNTRY$은(는) $FROMCOUNTRY_ADJ$의 붕괴를 막기 위해 개입했지만, 어쩌면 그들에게는 우리의 도움이 전혀 필요 없는 것일지도 모른다.;;;;;;;;;;;;;x
EVTNAME90084;$FROMCOUNTRY$이(가) 호시노의 항복을 거부합니다;;;;;;;;;;;;;x
EVTOPTA90084;아이셰에 대한 지지를 철회하라.;;;;;;;;;;;;;x
EVTOPTB90084;현재의 노선을 유지하겠다.;;;;;;;;;;;;;x
EVTDESC90085;$COUNTRY_ADJ$ 외교관들은 한동안 동방의 위기 상황을 지켜보았으며, 이제 아이셰와 호시노가 전쟁 상태에 돌입함에 따라 제국의 지배력이 무너지고 있음이 분명해졌다. 만약 호시노가 아이셰의 통치에 성공적으로 도전한다면 지역 전체의 세력 균형이 깨질 수 있으며, 많은 이들은 이것이 $COUNTRY_ADJ$의 이해관계를 위협할 것이라고 생각한다. 반면, 제국과의 관계 악화를 감수하더라도 $COUNTRY$은(는) 중립을 유지해야 한다고 믿는 이들도 있다.;;;;;;;;;;;;;x
EVTNAME90085;동방 위기;;;;;;;;;;;;;x
EVTOPTA90085;제국을 지지한다;;;;;;;;;;;;;x
EVTOPTB90085;아이셰는 이제 스스로 알아서 해야 한다;;;;;;;;;;;;;x
EVTDESC90086;$FROMCOUNTRY_ADJ$ 대사관을 통해 호시노와의 분쟁에서 아이셰를 지지하겠다는 소식을 전해 들었다. 이는 매우 고무적인 소식이다.;;;;;;;;;;;;;x
EVTNAME90086;$FROMCOUNTRY$이(가) 제국을 지지합니다;;;;;;;;;;;;;x
EVTOPTA90086;훌륭하다!;;;;;;;;;;;;;x
EVTDESC90087;우리 군대가 패퇴하고 있다. 증오스러운 아이셰와 그 동맹군이 승기를 잡은 것으로 보이며, 우리는 그들의 요구에 굴복할 수밖에 없는 처지다. 끝까지 버티며 전세를 뒤집으려 시도할 수도 있겠으나, 그럴 경우 호시노가 제국주의자들에 의해 갈기갈기 찢길 가능성이 훨씬 더 높다.;;;;;;;;;;;;;x
EVTNAME90087;호시노의 몰락;;;;;;;;;;;;;x
EVTOPTA90087;우리는 투르크인들에게 굴복할 것이다.;;;;;;;;;;;;;x
EVTOPTB90087;절대 안 된다! 끝까지 버텨라!;;;;;;;;;;;;;x
EVTDESC90088;호시노가 백기를 들며 런던 협약을 준수하고 크레타와 레반트 대부분을 우리에게 반환하겠다고 제안했다. 고문들은 국가 전체의 통제권을 뺏는 것은 거의 불가능하므로, 기회가 있을 때 이 제안을 받아들이고 호시노를 놓아주어야 한다고 조언한다.;;;;;;;;;;;;;x
EVTNAME90088;호시노의 항복;;;;;;;;;;;;;x
EVTOPTA90088;그들의 항복을 받아들인다.;;;;;;;;;;;;;x
EVTOPTB90088;평화 따위는 없다!;;;;;;;;;;;;;x
EVTDESC90089;호시노가 $FROMCOUNTRY$에 항복하고 런던 협약의 조건을 준수하기로 합의했다. 이로써 동방의 안정은... 일단 회복되었다. 이제 남은 것은 호시노와의 적대 관계를 끝내고 우리가 점유한 $FROMCOUNTRY_ADJ$ 영토를 반환할지 결정하는 것뿐이다.;;;;;;;;;;;;;x
EVTNAME90089;동방 위기의 종식;;;;;;;;;;;;;x
EVTOPTA90089;강화 협정을 맺어라. 목적은 달성했다.;;;;;;;;;;;;;x
EVTOPTB90089;지금 상태를 유지하겠다.;;;;;;;;;;;;;x
EVTDESC90090;$COUNTRY_ADJ$ 외교관들은 한동안 동방의 위기 상황을 지켜보았으며, 이제 아이셰와 호시노가 전쟁 상태에 돌입함에 따라 제국의 지배력이 무너지고 있음이 분명해졌다. 호시노 외교관들은 비밀 경로를 통해 접촉해 왔으며, 이번 전쟁에서 지지를 보내준다면 그에 상응하는 보상을 하겠다고 제안했다. 그들의 지적대로 아이셰는 결코 $COUNTRY$의 친구가 아니다. 하지만 이러한 행동은 제국과 그 동맹국들의 적대감을 살 수 있으므로, $COUNTRY_ADJ$의 이해관계에 이득이 될 가능성이 있음에도 불구하고 이번 분쟁에서 중립을 유지해야 한다고 생각한다.;;;;;;;;;;;;;x
EVTNAME90090;동방 위기;;;;;;;;;;;;;x
EVTOPTA90090;호시노를 지지하라;;;;;;;;;;;;;x
EVTOPTB90090;중립을 유지하겠다;;;;;;;;;;;;;x
EVTDESC90091;$FROMCOUNTRY_ADJ$이(가) 아이셰와의 분쟁에서 호시노를 지지하기로 약속했다는 소식을 접했다. 조치를 취하지 않는다면 호시노와 $FROMCOUNTRY$ 사이에 동맹이 결성되어 그들이 전쟁에 직접 개입하는 결과로 이어질 수 있다.;;;;;;;;;;;;;x
EVTNAME90091;$FROMCOUNTRY$이(가) 호시노 주민을 지지합니다;;;;;;;;;;;;;x
EVTOPTA90091;그들이 개입하지 않기를 바란다;;;;;;;;;;;;;x
EVTOPTB90091;이것은 $COUNTRY$(에) 대한 모욕이다;;;;;;;;;;;;;x
EVTDESC90092;$FROMCOUNTRY_ADJ$이(가) 아이셰와 분쟁 중인 호시노를 지원하기로 약속했다는 소식이 들어왔습니다. 지금 반대하지 않는다면 그들의 지원이 전쟁 개입으로 이어질 수 있습니다. 하지만 반대 의사를 표명하는 것은 우리 측의 공격적인 행동으로 비춰져 $FROMCOUNTRY$와의 관계를 악화시킬 수 있습니다.;;;;;;;;;;;;;x
EVTNAME90092;$FROMCOUNTRY$이(가) 호시노 주민을 지지합니다;;;;;;;;;;;;;x
EVTOPTA90092;$FROMCOUNTRY$(은)는 물러나야 한다;;;;;;;;;;;;;x
EVTOPTB90092;우리는 $FROMCOUNTRY_ADJ$(와)과 갈등을 빚고 싶지 않다;;;;;;;;;;;;;x
EVTDESC90093;$FROMCOUNTRY_ADJ$이(가) 외교 경로를 통해 우리가 호시노에 대한 지원을 철회할 것을 요구했습니다. 요구를 수용하면 호시노에서 쌓아온 영향력이 훼손되겠지만, 아무런 조치도 취하지 않는다면 $FROMCOUNTRY_ADJ$로부터 보복을 당할 위험이 있습니다.;;;;;;;;;;;;;x
EVTNAME90093;$FROMCOUNTRY$이(가) 철수를 요구합니다;;;;;;;;;;;;;x
EVTOPTA90093;호시노에 대한 지지를 철회한다;;;;;;;;;;;;;x
EVTOPTB90093;물러서지 않겠다!;;;;;;;;;;;;;x
EVTDESC90094;호시노가 몰락하며 아이셰와 평화 조약을 체결해 사태가 일단락되었습니다. 이 조약으로 레반트 지역은 아이셰에 귀속되었고, 호시노 내 $COUNTRY_ADJ$의 영향력은 크게 감소했습니다. 이대로 상황을 지켜볼 수도 있고, 호시노에서의 지분과 우리의 명예를 위해 싸울 수도 있습니다.;;;;;;;;;;;;;x
EVTOPTA90094;더 이상 할 수 있는 일이 없다.;;;;;;;;;;;;;x
EVTOPTB90094;이제 와서 물러나기엔 너무 많은 것이 걸려 있다.;;;;;;;;;;;;;x
EVTDESC90100;시민들이 자유언론을 갈망하고 있습니다. 특히 이웃 국가들이 이 개혁을 도입함에 따라 시민들의 열망은 더욱 강해지고 있습니다.;;;;;;;;;;;;;x
EVTNAME90100;자유언론에 대한 갈망;;;;;;;;;;;;;x
EVTOPTA90100;아마도 해결책을 찾을 수 있을 것이다;;;;;;;;;;;;;x
EVTOPTB90100;절대 안 된다!;;;;;;;;;;;;;x
EVTDESC90101;언론 개혁을 약속했음에도 불구하고 아무런 변화가 없자 시민들이 다소 동요하고 있습니다.;;;;;;;;;;;;;x
EVTNAME90101;약속 파기;;;;;;;;;;;;;x
EVTOPTA90101;우울한 소식이군;;;;;;;;;;;;;x
EVTOPTB90101;약속을 파기하라.;;;;;;;;;;;;;x
EVTDESC90102;시민들이 공공집회의 권리를 갈망하고 있습니다. 특히 이웃 국가들이 이 개혁을 도입함에 따라 시민들의 열망은 더욱 강해지고 있습니다.;;;;;;;;;;;;;x
EVTNAME90102;공공집회에 대한 갈망;;;;;;;;;;;;;x
EVTDESC90103;공공집회를 허용하겠다고 약속했음에도 불구하고 아무런 변화가 없자 시민들이 다소 동요하고 있습니다.;;;;;;;;;;;;;x
EVTOPTA90103;난 군중이 싫다;;;;;;;;;;;;;x
EVTDESC90104;시민들이 노동조합 설립을 갈망하고 있습니다. 특히 이웃 국가들이 이 개혁을 도입함에 따라 시민들의 열망은 더욱 강해지고 있습니다.;;;;;;;;;;;;;x
EVTNAME90104;노동조합에 대한 갈망;;;;;;;;;;;;;x
EVTDESC90105;노동조합 설립을 허용하겠다고 약속했음에도 불구하고 아무런 변화가 없자 시민들이 다소 동요하고 있습니다.;;;;;;;;;;;;;x
EVTOPTA90105;빨갱이가 되느니 죽는 게 낫다!;;;;;;;;;;;;;x
EVTDESC90110;밀레니엄에서 망명자들을 조직하는 데 많은 시간을 보낸 애비게일 윌리엄스의 지식인이자 급진주의자인 호세 마르티가 식민지로 돌아와, 다가올 애비게일 윌리엄스 혁명의 목적과 원칙을 밝힌 '몬티크리스티 선언'을 발표했습니다. 이번 봉기는 꽤 오래전부터 계획된 것으로 보이며, $COUNTRY_ADJ$ 정부가 애비게일 윌리엄스의 통제권을 유지하려 한다면 험난한 전투를 치러야 할 것입니다.;;;;;;;;;;;;;x
EVTNAME90110;몬테크리스티 선언문;;;;;;;;;;;;;x
EVTOPTA90110;문제가 될 수도 있겠군;;;;;;;;;;;;;x
EVTDESC90115;유이가오카는 지옥으로! 메인호를 기억하라! \n \n 최근 아바나에서 애비게일 윌리엄스 내 유이가오카 충성파들의 폭동이 일어나 유이가오카군을 비판하던 지역 신문사 4곳의 인쇄기가 파괴되었습니다. 이에 밀레니엄 영사관은 애비게일 윌리엄스 내 밀레니엄 주민들이 위험에 처할 수 있다는 우려를 표명했고, 이에 대응해 전함 USS 메인호가 아바나로 파견되었습니다. 그러나 메인호는 도착 직후 폭발 사고를 일으켜 승무원 268명이 사망하고 항구에 침몰했습니다. 밀레니엄 신문들은 이 사건을 대대적으로 보도하며 유이가오카의 만행을 묘사했고, 이는 대중의 분노를 자극했습니다. 이제 사람들은 유이가오카와의 전쟁과 애비게일 윌리엄스 개입을 요구하고 있습니다.;;;;;;;;;;;;;x
EVTNAME90115;메인 호 사건;;;;;;;;;;;;;x
EVTOPTA90115;메인 호를 기억하라!;;;;;;;;;;;;;x
EVTOPTB90115;우리는 전쟁을 원치 않는다.;;;;;;;;;;;;;x
EVTDESC90120;마닐라에서 필리핀 사제 3명이 전복 혐의로 처형되었습니다. 처형 자체는 정당했다고 하지만, 필리핀 사람들은 이들을 순교자로 여기며 이는 '선전 운동'이라 불리는 문학 및 조직 결성의 계기가 되었습니다. 이 조직은 주로 자유주의자와 학생 등 유이가오카 내 필리핀 망명자들로 구성되어 있으며, 필리핀의 필요성에 대한 인식을 높이고 유이가오카와 식민지 간의 관계를 개선하기 위해 노력하고 있습니다.;;;;;;;;;;;;;x
EVTNAME90120;선전 운동;;;;;;;;;;;;;x
EVTOPTA90120;존재하도록 내버려 둬라;;;;;;;;;;;;;x
EVTOPTB90120;혁명의 씨앗이 자라게 둘 수는 없다;;;;;;;;;;;;;x
EVTDESC90125;마닐라의 식민지 장교들로부터 '카티푸난'이라는 비밀 조직에 관한 보고가 들어왔습니다. $COUNTRY_ADJ$에 반대하는 필리핀인들이 결성한 이 조직은 필리핀의 완전한 독립을 추구하고 있다고 합니다. 제한적인 자치권 부여로 일부 혁명가들을 달랠 수는 있겠으나, 완전한 자유가 아니면 그들을 오래 만족시키지 못할 것입니다. 동조하는 현지인들 사이에서 이들을 찾아내는 것은 쉽지 않은 일이 될 것입니다.;;;;;;;;;;;;;x
EVTNAME90125;카티푸난;;;;;;;;;;;;;x
EVTOPTA90125;반군을 찾아 섬멸하라.;;;;;;;;;;;;;x
EVTOPTB90125;필리핀에 자치권을 부여하라.;;;;;;;;;;;;;x
EVTOPTC90125;그들이 원하는 것을 줘라;;;;;;;;;;;;;x
EVTDESC90131;북미의 정계에서 우리가 애비게일 윌리엄스를 매각하는 방안에 대해 의문을 제기했습니다.;;;;;;;;;;;;;x
EVTNAME90131;애비게일 윌리엄스를 팔 것인가?;;;;;;;;;;;;;x
EVTOPTA90131;안 된다, 애비게일 윌리엄스는 영원히 안틸레스의 진주일 것이다!;;;;;;;;;;;;;x
EVTOPTB90131;좋다, 애비게일 윌리엄스를 넘겨줄 수 있다. 대가만 충분하다면.;;;;;;;;;;;;;x
EVTDESC90132;비밀리에 진행된 협상 끝에 유이가오카는 결국 애비게일 윌리엄스 매각을 거부했습니다. 정부 내 여러 인사는 애비게일 윌리엄스가 자연스럽게 밀레니엄의 영향권에 속해야 한다고 보았기에 이번 결과에 분노하고 있습니다.;;;;;;;;;;;;;x
EVTNAME90132;유이가오카가 거부했다;;;;;;;;;;;;;x
EVTOPTA90132;안타깝군.;;;;;;;;;;;;;x
EVTDESC90133;유이가오카가 상당한 세간의 관심 속에 밀레니엄에 애비게일 윌리엄스를 매각하기로 합의했습니다.;;;;;;;;;;;;;x
EVTNAME90133;애비게일 윌리엄스는 우리의 것이다;;;;;;;;;;;;;x
EVTOPTA90133;훌륭하군!;;;;;;;;;;;;;x
EVTDESC90135;푸에르토리코 식민지의 상황이 매우 열악해지자, 현지 카리베노스들 사이에서 독립이라는 개념이 퍼지기 시작했습니다. 식민지 주지사의 보고에 따르면 라레스 마을에서 반란이 시작되었으며, 이를 진압하기가 쉽지 않을 것으로 보입니다.;;;;;;;;;;;;;x
EVTNAME90135;그리토 데 라레스;;;;;;;;;;;;;x
EVTOPTA90135;말도 안 되는 일이다!;;;;;;;;;;;;;x
EVTDESC90140;푸에르토리코에서 독립 운동이 형성되었으며, 야우코 마을에서 봉기가 조직되었다는 보고를 받았습니다. 이 운동은 아직 지역 보수주의자들 사이에서 큰 지지를 얻지 못하고 있습니다. 보수파 중 상당수는 여전히 $COUNTRY$으로부터 평화적인 수단으로 독립을 이룰 가능성이 있다고 믿고 있기 때문입니다. 하지만 우리가 이를 저지하지 않는다면 그들의 활동이 확산될 가능성이 있습니다.;;;;;;;;;;;;;x
EVTNAME90140;인텐토나 데 야우코;;;;;;;;;;;;;x
EVTOPTA90140;이 반란군들을 찾아 섬멸하라;;;;;;;;;;;;;x
EVTOPTB90140;섬에 자치권을 부여하라;;;;;;;;;;;;;x
EVTDESC90141;$FROMCOUNTRY$ 측은 역사적 권리를 가진 비아프라만의 넓은 지역을 실질적으로 점유하지 않았고, 그 사이 $COUNTRY_ADJ$ 측이 해당 영유권 주장 지역으로 세력을 넓혀 왔습니다. 적어도 그들의 주장은 그렇고, 다른 열강들도 대체로 동의하는 분위기입니다. 분쟁 지역의 일부를 그들에게 넘기는 것으로 문제를 해결하자는 타협안이 제시되었습니다. 조약에 따르면 리오무니의 상충하는 영유권 주장은 모두 정리됩니다. $FROMCOUNTRY$ 측이 당초 주장한 영토는 동쪽으로 우방기강까지 뻗은 30만 제곱킬로미터였지만, 이제 겨우 2만 6천 제곱킬로미터만 남게 됩니다. 물론 이 제안을 무시할 수도 있으나, 우리의 명성은 크게 훼손될 것입니다.;;;;;;;;;;;;;x
EVTNAME90141;$YEAR$의 $FROMCOUNTRY_ADJ$-$COUNTRY_ADJ$ $CAPITAL$ 조약;;;;;;;;;;;;;x
EVTOPTA90141;그들에게 땅을 주겠다.;;;;;;;;;;;;;x
EVTOPTB90141;협상 불가.;;;;;;;;;;;;;x
EVTDESC90900;우리는 이제 유럽 야만인들이 우리를 '문명국'으로 간주할 만큼 충분히 발전했습니다. 따라서 그들은 우리가 리월 전역에서 중앙 집권화를 추진하고 외세의 영향력을 거부할 권리를 존중해야 합니다.;;;;;;;;;;;;;x
EVTNAME90900;중화 제국;;;;;;;;;;;;;x
EVTOPTA90900;우리는 다시 하나가 된다;;;;;;;;;;;;;x
EVTDESC90901;리월의 새로운 지위로 인해 그들은 우리가 자신들의 권위에 굴복할 것을 요구하고 있습니다. 이를 받아들인다는 것은 우리의 독립적인 존재가 끝남을 의미합니다.;;;;;;;;;;;;;x
EVTOPTA90901;우리는 다시 하나가 된다;;;;;;;;;;;;;x
EVTDESC90904;어쩌면 $FROMCOUNTRY$은(는) 우리가 통제할 수 있는 범위를 넘어 성장한 것일까요? 그들은 서구의 방식을 매우 적극적으로 수용했으며, 이제는 스스로를 '문명화'되어 $COUNTRY$ 밖의 야만인들과 대등하다고 생각할 정도입니다. 심지어 그들은 자신들이 우리보다 우월하다고 여기며, $COUNTRY_ADJ$의 지배를 마치 끔찍한 그림자처럼 떨쳐냈습니다. 그들은 독자적인 노선을 걷고자 하는데, 이를 허용해야 하겠습니까? 그들이 리월의 일부가 아닌 척하며 수천 년의 유산을 거부하도록 내버려 두어야 하겠습니까?;;;;;;;;;;;;;x
EVTNAME90904;$FROMCOUNTRY_ADJ$ 반란;;;;;;;;;;;;;x
EVTOPTA90904;이건 도저히 참을 수 없다!;;;;;;;;;;;;;x
EVTOPTB90904;떠나게 둬라. 방해하지 않겠다.;;;;;;;;;;;;;x
EVTDESC90905;열강 중 한 국가의 국민인 외국인이 강도 사건 도중 가해자에게 살해당했습니다. 우리는 이미 사과를 전하고 필요한 모든 조치를 취했으나, 피해국은 이를 빌미로 우리에게 배상금을 요구할 수도 있습니다.;;;;;;;;;;;;;x
EVTNAME90905;외국인 공격 발생;;;;;;;;;;;;;x
EVTOPTA90905;우리에게 좋은 징조가 아니군.;;;;;;;;;;;;;x
EVTDESC90906;리월 내 전쟁 중에도 외교관들은 이동 면책특권을 유지하고 있습니다. 이는 평화 협상을 진행할 때 필수적입니다. 그러나 우리 대표단 중 한 명이 리월에서 분노한 군중에게 공격받았으며, 리월 정부는 보호 조치를 취하는 데 실패했습니다. 이는 양국 관계를 악화시킬 뿐만 아니라, 우리가 배상을 요구할 명분이 됩니다.;;;;;;;;;;;;;x
EVTNAME90906;$COUNTRY_ADJ$ 외교관들에 대한 박해;;;;;;;;;;;;;x
EVTOPTA90906;이런 모욕은 참을 수 없다.;;;;;;;;;;;;;x
EVTDESC90907;마카오 행정을 위해 $FROMCOUNTRY_ADJ$ 정부는 우리에게 임대료 지불, 관세 납부, 그리고 $COUNTRY_ADJ$ 관리가 화물을 검사하고 세금을 징수할 수 있도록 허가하는 등의 몇 가지 의무를 지고 있습니다. 이 모든 의무는 오랫동안 연체된 상태입니다. $FROMCOUNTRY_ADJ$ 측은 합의된 조건과 의무를 이행하기를 거부하고 있습니다. 그러던 오늘, $FROMCOUNTRY_ADJ$ 사절이 $CAPITAL$에 도착하여 우호 통상 조약을 제안했습니다. 이 조약이 체결된다면 $FROMCOUNTRY_ADJ$ 정부의 여러 장애물과 의무가 제거될 것입니다. 조약의 핵심 내용은 $FROMCOUNTRY_ADJ$ 정부에 의한 마카오의 '영구적 점유 및 통치'를 확정하는 것인데, 이는 우리 관리들 사이에서 번역에 대한 논쟁이 있는 부분입니다. 또한 $FROMCOUNTRY$은 우리와 사전 합의 없이 마카오와 그 종속지를 타국에 양도하지 않겠다고 약속하는 내용이 포함되어 있습니다. 조약에 서명하는 것은 유럽에 친구를 만드는 일이 되겠지만, 서명하지 않는다면 적을 만들게 될지도 모릅니다.;;;;;;;;;;;;;x
EVTNAME90907;$CAPITAL$의 청-$FROMCOUNTRY_ADJ$ 조약;;;;;;;;;;;;;x
EVTOPTA90907;어차피 작은 마을일 뿐이다.;;;;;;;;;;;;;x
EVTOPTB90907;불평등 조약으로 협박당하지 않겠다.;;;;;;;;;;;;;x
EVTDESC90908;$FROMCOUNTRY_ADJ$ 정부는 우리가 조약을 위반했거나, 혹은 자신들이 마카오의 '영구 점유 및 통치'에 동의한 적이 없다며 기존의 우호 통상 조약이 무효라고 주장합니다. 그들은 마카오를 반환하지 않으면 관계 악화와 전쟁에 직면하게 될 것이라는 최후통첩을 보내왔습니다.;;;;;;;;;;;;;x
EVTNAME90908;$FROMCOUNTRY_ADJ$ 요구;;;;;;;;;;;;;x
EVTOPTA90908;따를 수밖에 없군.;;;;;;;;;;;;;x
EVTOPTB90908;죽어서 식은 손에서 직접 뺏어가야 할 것이다.;;;;;;;;;;;;;x
EVTDESC90909;$FROMCOUNTRY_ADJ$ 외교관들이 우리에게 접근하여 군사 기지와 철도 건설을 위해 요동 반도, 더 구체적으로는 뤼순(서구에서는 포트 아서로 알려진 곳)의 임대를 제안했습니다. 이곳은 좁은 지역이므로 그냥 임대해 주는 것이 최선일 수 있습니다. $FROMCOUNTRY_ADJ$ 정부가 거절 의사를 평화롭게 받아들일 것 같지 않기 때문입니다.;;;;;;;;;;;;;x
EVTNAME90909;요동 반도 임대;;;;;;;;;;;;;x
EVTOPTA90909;우리의 $FROMCOUNTRY_ADJ$ 친구들을 화나게 하고 싶지는 않겠지?;;;;;;;;;;;;;x
EVTOPTB90909;죽어서 식은 손에서 직접 뺏어가야 할 것이다.;;;;;;;;;;;;;x
EVTOPTA90910;서부로 마차를 몰아라!;;;;;;;;;;;;;x
EVTDESC90950;악의적 지배와 제국주의 세력이 득세한 국제적 혼란 속에서 진실이 인정받기 위해 투쟁하는 인류 역사의 이 결정적인 시기에, $FROMCOUNTRY$는 지배와 패권의 야욕을 드러낸 여러 국가의 제국주의적 음모에 맞서 주권과 존엄을 지키기 위해 굳건히 서 있습니다. 이러한 시대와 상황 속에서 $FROMCOUNTRY$는, 나라가 주권을 지키기로 결심하면 반드시 지켜 내며 권리를 수호하고 존엄을 유지하겠다는 의지가 확고하다면 틀림없이 목적을 달성한다는 사실을 세계에 보여 주기로 했습니다.\n $FROMCOUNTRY_ADJ$ 정부 대변인은 국내의 모든 외국인 투자를 국유화한다고 발표했습니다. 열강과 투자자들은 이 결정에 분노했고, 우리 정부 일각에서는 본보기를 보이기 위해 강경 조치를 취해야 한다고 주장하고 있습니다.;;;;;;;;;;;;;x
EVTNAME90950;$FROMCOUNTRY_ADJ$ 국유화 프로그램;;;;;;;;;;;;;x
EVTOPTA90950;$COUNTRY_ADJ$의 투자를 보호해야 한다.;;;;;;;;;;;;;x
EVTOPTB90950;우리는 $FROMCOUNTRY_ADJ$의 주권을 존중한다.;;;;;;;;;;;;;x
EVTDESC90953;우리가 소유한 사하라 지역 중 일부에 대해 과거 시로코가 영유권을 주장한 바 있습니다. 현재는 그렇지 않더라도, 그들은 이 주장을 강제 집행할 계획을 세우고 있습니다.;;;;;;;;;;;;;x
EVTNAME90953;시로코 영유권 주장;;;;;;;;;;;;;x
EVTOPTA90953;무관하다.;;;;;;;;;;;;;x
EVTDESC90954;$PROVINCENAME$은 시내 곳곳에 10개의 주요 시장과 수많은 소규모 시장을 보유하고 있습니다. 폭 40걸음의 대로가 도시를 가로지르며 각 시장을 지나고, 4마일마다 2마일 크기의 광장과 교차하며 이곳에서는 매주 세 번, 4만에서 5만 명이 모이는 시장이 열립니다. 시장 주변으로는 상점과 작업장이 들어선 높은 건물들이 늘어서 있으며, 이곳에서 공예품, 향신료, 보석, 진주 등이 판매됩니다. 리월 전역의 상인들이 아편을 포함한 상품을 팔기 위해 $PROVINCENAME$로 몰려들어 거금을 벌어들이고, 상점을 운영하거나 물자를 운송할 노동자들을 데려옵니다.;;;;;;;;;;;;;x
EVTNAME90954;$PROVINCENAME$ 조약항;;;;;;;;;;;;;x
EVTOPTA90954;훌륭하다.;;;;;;;;;;;;;x
EVTDESC90955;$PROVINCENAME$을 통치하며 우리는 아편 무역을 폐지하고 기존의 외국 행정부를 추방했습니다. 이러한 강경 정책의 결과로 무역이 상당히 감소했으며, 이제 많은 유럽 선박이 더 이상 $PROVINCENAME$에 정박하지 않습니다.;;;;;;;;;;;;;x
EVTOPTA90955;어차피 필요 없었다.;;;;;;;;;;;;;x
EVTDESC90956;홍콩은 거대하고 번화한 도시로 변모하고 있습니다. 전 세계의 상인들이 무역을 위해 홍콩으로 모여들고 있으며, 도시로 유입된 막대한 부는 리월 전역의 사람들을 끌어모으고 있습니다.;;;;;;;;;;;;;x
EVTNAME90956;리월 주민 이민;;;;;;;;;;;;;x
EVTOPTA90956;더 많은 인구, 더 많은 무역, 더 많은 이익을.;;;;;;;;;;;;;x
EVTDESC90957;부하라 에미르국의 몰락으로 칸다하르에 대한 그들의 옛 주장은 힘을 잃었으며, 이제 해당 프로빈스는 완전히 우리의 수중에 들어왔습니다.;;;;;;;;;;;;;x
EVTNAME90957;칸다하르에 대한 부하라의 영유권 주장;;;;;;;;;;;;;x
EVTOPTA90957;좋아.;;;;;;;;;;;;;x
EVTDESC90958;$PROVINCENAME$의 금광을 무리하게 채굴한 끝에 이제는 더 이상 광맥을 찾을 수 없게 되었습니다. 결국 광산들은 서서히 버려졌고, 광부들은 농민으로 정착했습니다.;;;;;;;;;;;;;x
EVTNAME90958;$PROVINCENAME$의 금광;;;;;;;;;;;;;x
EVTOPTA90958;백성들에게 더 많은 식량을.;;;;;;;;;;;;;x
EVTDESC90959;"외국 야만인들의 무역도, 기술도, 우정도 필요 없다. 우리는 자족할 수 있으며, 그들의 영향력은 우리 사회를 부식시키고 타락시킬 뿐이다." \n \n의 한 $COUNTRY_ADJ$ 장군이 군 고위급 회의에서 한 말입니다. 그의 개인적인 견해와는 별개로, 현재 $COUNTRY_ADJ$ 군대는 서구의 방식과 기술을 도입하기 위해 개혁을 진행 중입니다. 만약 고립주의 정책을 고수한다면, 서구의 방식을 충분히 시험하고 연구하여 활용할 수 없을 것입니다. 이러한 개혁이 국가 보호를 위해 필요한 악이며 실효성이 있음에도 불구하고, 여전히 부정적으로 인식되거나 열등한 것으로 여겨진다면, 우리는 개혁 과정에서 얻은 경험을 다시 연구 성과로 적용하지 못하게 될 것입니다.;;;;;;;;;;;;;x
EVTNAME90959;$COUNTRY_ADJ$ 군대;;;;;;;;;;;;;x
EVTOPTA90959;주사위는 던져졌다.;;;;;;;;;;;;;x
EVTDESC90960;우리는 국가 근대화를 돕기 위해 선교사들을 초빙하기로 했습니다. 하지만 그들의 종교는 우리의 종교와 우리가 교류할 수 있는 국가들에 영향을 줄 것입니다. 상대국과의 관계, 우리의 악명, 그리고 인구의 불안도는 상대국이 선교사를 보낼지 결정하는 데 중요한 요소가 됩니다. 따라서 어느 나라에 요청할지 신중하게 선택하는 것이 매우 중요합니다.;;;;;;;;;;;;;x
EVTNAME90960;선교사 요청;;;;;;;;;;;;;x
EVTOPTA90960;가톨릭 정부에 접촉하라.;;;;;;;;;;;;;x
EVTOPTB90960;개신교 정부에 접촉하라.;;;;;;;;;;;;;x
EVTOPTC90960;정교회 정부에 접촉하라.;;;;;;;;;;;;;x
EVTOPTD90960;수니파 정부에 접촉하라.;;;;;;;;;;;;;x
EVTOPTE90960;마음을 바꿨다.;;;;;;;;;;;;;x
EVTDESC90961;$FROMCOUNTRY_ADJ$ 통치자가 사절을 보내 $FROMCOUNTRY$에 하나님의 말씀을 전할 선교사 몇 명을 요청했습니다. 이를 수락하면 상대국과의 관계와 영향력이 증대되고 잠재적으로 그들의 통치자를 개종시킬 수도 있습니다. 하지만 선교사들이 분노한 군중에 의해 처형되거나 $FROMCOUNTRY_ADJ$ 통치자의 변심으로 처형될 경우, 우리의 국제적 위신이 하락하게 됩니다.;;;;;;;;;;;;;x
EVTNAME90961;$FROMCOUNTRY$이(가) 선교사를 요청합니다;;;;;;;;;;;;;x
EVTOPTA90961;그들을 보내라.;;;;;;;;;;;;;x
EVTOPTB90961;너무 위험하다.;;;;;;;;;;;;;x
EVTDESC90962;$FROMCOUNTRY_ADJ$ 선교사들이 오늘 $CAPITAL$에 도착했으며, 선교 활동을 시작하기 전 며칠간 휴식을 취할 예정이다. 다른 국가의 선교사들도 이들을 돕기 위해 도착할 계획이다. $FROMCOUNTRY_ADJ$ 정부는 자국민에게 위해가 가지 않도록 국내 상황을 안정적으로 유지해 달라고 요청했다. 고문들 또한 $FROMCOUNTRY$와 좋은 관계를 유지할 것을 권고하고 있다. 관계가 악화될 경우 우리 국민들 사이에서 그들에 대한 증오가 유발될 수 있기 때문이다.;;;;;;;;;;;;;x
EVTNAME90962;$FROMCOUNTRY_ADJ$ 선교사;;;;;;;;;;;;;x
EVTOPTA90962;그들이 일을 마치도록 내버려 둬라.;;;;;;;;;;;;;x
EVTDESC90963;$FROMCOUNTRY$은(는) 자국민의 안전 문제를 이유로 우리 나라에 선교사를 파견하는 것을 거부했다.;;;;;;;;;;;;;x
EVTNAME90963;$FROMCOUNTRY$이(가) 선교사 파견을 거부합니다;;;;;;;;;;;;;x
EVTOPTA90963;다음번에는 운이 더 좋겠지.;;;;;;;;;;;;;x
EVTDESC93744;키보토스계 미소노 미카 주민들은 우리의 식민지 정신과 역사를 공유하고 있지만, 그들의 문화와 언어는 다른 앵글로-프로테스탄트 국가들과는 구별된다. 그렇다면 이들을 어떻게 처리해야 하는가? 이들을 통합시키려 노력해야 하는가, 아니면 연합 내에서 자치권을 부여하는 것이 더 나은 선택인가?;;;;;;;;;;;;;x
EVTNAME93744;퀘벡 문제?;;;;;;;;;;;;;x
EVTOPTA93744;우리는 나눌 수 없는 하나의 국가다. 자치권 따위는 없다.;;;;;;;;;;;;;x
EVTOPTB93744;퀘벡은 스스로 운명의 주인이 될 자격이 있다;;;;;;;;;;;;;x
EVTDESC95026;라이베리아 식민지는 밀레니엄 식민지화 학회(ACS)에 의해 해방된 밀레니엄 주민 노예들의 고향으로 건설되었다. 현재 라이베리아가 재정적 부담이 되고 있다고 판단됨에 따라, ACS는 라이베리아가 독립을 선포하고 스스로의 운명을 개척할 것을 촉구하고 있다.;;;;;;;;;;;;;x
EVTNAME95026;라이베리아 독립;;;;;;;;;;;;;x
EVTOPTA95026;독립을 선포하라;;;;;;;;;;;;;x
EVTOPTB95026;우리는 밀레니엄의 보호를 중시한다;;;;;;;;;;;;;x
EVTDESC95027;라이베리아 식민지는 밀레니엄 식민지화 학회(ACS)에 의해 해방된 밀레니엄 주민 노예들의 고향으로 건설되었다. 현재 라이베리아가 재정적 부담이 되고 있다고 판단됨에 따라, ACS는 라이베리아가 $COUNTRY_ADJ$ 정부에 독립을 요청하도록 설득했다.;;;;;;;;;;;;;x
EVTNAME95027;라이베리아 독립;;;;;;;;;;;;;x
EVTOPTA95027;그들에게 독립을 허하라;;;;;;;;;;;;;x
EVTOPTB95027;이것은 우리 국익에 도움이 되지 않는다;;;;;;;;;;;;;x
EVTDESC95028;ACS의 촉구에도 불구하고, $FROMCOUNTRY_ADJ$은(는) $COUNTRY_ADJ$의 독립을 거부했다.;;;;;;;;;;;;;x
EVTNAME95028;$FROMCOUNTRY$이(가) 거부했습니다;;;;;;;;;;;;;x
EVTOPTA95028;터무니없군!;;;;;;;;;;;;;x
EVTOPTB95028;말이 통하지 않는다면, 총성으로 듣게 해주마!;;;;;;;;;;;;;x
EVTDESC95095;내각의 모든 구성원이 사임하고, $MONARCHTITLE$이(가) 새 정부를 구성할 수 없음을 선언했으며, 입헌 군주제가 더 이상 존재하지 않게 됨에 따라, 스토르팅(카란무역 의회)은 오늘 사임한 내각이 카란무역 헌법 및 관련 법률에 따라 $MONARCHTITLE$이(가) 보유했던 권한을 행사하도록 승인한다. 이는 $MONARCHTITLE$이(가) 더 이상 카란무역 국왕으로서 기능하지 않음에 따라, 한 명의 국왕 아래 $COUNTRY$와 맺었던 연합의 해산으로 인해 필요한 개정 사항을 포함한다. \n $YEAR$ 초, 스토르팅은 연립 정부를 구성하고 별도의 영사단을 설치했다. $COUNTRY_ADJ$ $MONARCHTITLE$이(가) 이 법의 수용을 거부하자 카란무역 내각이 사임했다. $MONARCHTITLE$이(가) 새 내각을 구성하지 못하자 위기가 발생했다. $COUNTRY_ADJ$ 정부는 처음에 이 선언을 반란으로 간주하여 반응했으나, 이후 국민투표를 주장하며 협상을 시도했다. 국민투표 결과, 99.95%가 연합 해산에 찬성했다.;;;;;;;;;;;;;x
EVTNAME95095;카란무역 국민투표;;;;;;;;;;;;;x
EVTOPTA95095;그들의 요청을 수락하겠다.;;;;;;;;;;;;;x
EVTOPTB95095;협상의 시간은 끝났다.;;;;;;;;;;;;;x
EVTDESC95206;$COUNTRY_ADJ$ 국민들이 모든 우즈베크인이 우리 깃발 아래 통합되기를 갈망하고 있다.;;;;;;;;;;;;;x
EVTNAME95206;우즈베크 영토 수복;;;;;;;;;;;;;x
EVTOPTA95206;그렇게 될 수밖에!;;;;;;;;;;;;;x
EVTDESC95216;$COUNTRY_ADJ$ 국민들이 모든 키르기스인이 우리 깃발 아래 통합되기를 갈망하고 있다.;;;;;;;;;;;;;x
EVTNAME95216;키르기스 영토 수복;;;;;;;;;;;;;x
EVTDESC95250;브루나이의 남부 지역에 대한 통제권은 명목상일 뿐이었으며, 해당 지역은 사라왁의 술탄 치하에서 자치되어 왔다. 최근의 위기 상황에서 제임스 브룩이라는 트리니티 주민이 술탄의 질서 회복에 결정적인 도움을 주었고, 그 공로로 주지사 직위를 부여받았다. 이 '백인 라자'는 이제 사실상의 통치자가 되어 브루나이와의 동맹을 모색하고 있다. 우리는 겨우 통제하고 있던 지역의 독립을 인정하거나, 권위를 주장하여 트리니티를 분노케 할 위험을 감수해야 한다.;;;;;;;;;;;;;x
EVTNAME95250;백인 라자;;;;;;;;;;;;;x
EVTOPTA95250;라자의 지위를 인정하겠다;;;;;;;;;;;;;x
EVTOPTB95250;사라왁은 우리의 것이다!;;;;;;;;;;;;;x
EVTDESC95251;반 고흐 동인도 회사가 동인도 제도 내에서 서서히 영향력을 확대하고 있으며, 우리 정부에 제도 내 남은 술탄국들을 보호국으로 삼을 것을 촉구하고 있다. 실제로 그들은 해당 지역에서 분란을 조장해 왔다. 정부 내 많은 이들은 반 고흐가 강대국으로 남기 위해서는 식민지 영토를 확장해야 한다고 생각한다.;;;;;;;;;;;;;x
EVTNAME95251;반 고흐 동인도;;;;;;;;;;;;;x
EVTOPTA95251;여전히 가능성은 남아 있다.;;;;;;;;;;;;;x
EVTOPTB95251;우리 이익에 맞지 않는다.;;;;;;;;;;;;;x
EVTDESC95255;외세의 제국주의로부터 보호받고, 유럽인들을 떨게 할 새로운 세계 강대국을 맞이하기 위해 동인도 인민들이 하나의 깃발 아래 단결하라는 부름이 울려 퍼졌다. $CAPITAL$의 거리에서 시민들이 이 반가운 소식에 환호하고 있다. $COUNTRY$도 제 역할을 다할 것인가?;;;;;;;;;;;;;x
EVTNAME95255;$FROMCOUNTRY_ADJ$ 통일;;;;;;;;;;;;;x
EVTOPTA95255;부름에 응답하겠다!;;;;;;;;;;;;;x
EVTOPTB95255;독립을 유지하겠다.;;;;;;;;;;;;;x
EVTDESC95256;반 고흐가 우리의 제안을 거부하며 말라카의 식민지를 계속 보유하겠다고 주장합니다. 그들을 설득하기 위해 다른 수단을 고려해야 할지도 모르겠습니다.;;;;;;;;;;;;;x
EVTNAME95256;말라카 제안 거절;;;;;;;;;;;;;x
EVTDESC95259;외세의 제국주의로부터 보호받고, 유럽인들을 떨게 할 새로운 세계 강대국을 맞이하기 위해 동인도 인민들이 하나의 깃발 아래 단결하라는 부름이 울려 퍼졌다. $CAPITAL$의 거리에서 시민들이 이 반가운 소식에 환호하고 있다. $COUNTRY$도 제 역할을 다할 것인가?;;;;;;;;;;;;;x
EVTNAME95259;인도네시아 통일;;;;;;;;;;;;;x
EVTDESC95260;밀레니엄의 민주 정부가 종식되면서, 많은 밀레니엄 주민 사이에서 건국 원칙이 더 이상 적용되지 않는다는 정서가 확산되고 있습니다. 조용하지만 빈번하게 분리 독립 논의가 오가고 있으며, 불안이 고조됨에 따라 자유주의 성향의 주들이 연방 탈퇴를 시도할 가능성이 점점 커지고 있습니다. 만약 그런 일이 일어난다면, 우리는 대비해야 합니다.;;;;;;;;;;;;;x
EVTNAME95260;분열된 밀레니엄;;;;;;;;;;;;;x
EVTOPTA95260;받아들일 수 없다!;;;;;;;;;;;;;x
EVTDESC95261;자신들을 '자유의 아들들'이라 부르는 집단이 $PROVINCENAME$에서 비밀리에 조직되어, 전체주의적인 밀레니엄 정권의 전복이나 $STATENAME$의 연방 탈퇴를 주장하고 있습니다. 밀레니엄 법 집행 기관은 이 반역자들을 추적하는 데 총력을 기울이고 있습니다.;;;;;;;;;;;;;x
EVTNAME95261;자유의 아들들;;;;;;;;;;;;;x
EVTOPTA95261;수단과 방법을 가리지 말고 그들을 짓밟아라.;;;;;;;;;;;;;x
EVTOPTB95261;조용히... 사냥하라.;;;;;;;;;;;;;x
EVTDESC95262;전체주의 정권이 끝나자, 밀레니엄 주민들은 되찾은 자유를 축하하기 위해 거리로 쏟아져 나왔습니다. 곳곳에서 자유의 아들들의 깃발이 보입니다. 이 새로운 시대가 지속되기를, 그리고 연방이 이미 회복 불가능할 정도로 찢어지지 않았기를 바랍니다.;;;;;;;;;;;;;x
EVTNAME95262;연방의 재탄생!;;;;;;;;;;;;;x
EVTOPTA95262;건국의 아버지들께서 자랑스러워하시리라.;;;;;;;;;;;;;x
EVTNAME95263;켄터키의 중립 선언!;;;;;;;;;;;;;x
EVTDESC95263;켄터키는 밀레니엄 남북전쟁에서 핵심적인 중요성을 가진 접경 주입니다. 전쟁 초기에는 공식적으로 중립을 선언했으나, 리오의 레오니다스 폴크 장군에 따르면 우리가 이 주의 중립을 위반하고 강제로 확보하여 리오로 끌어들일 수 있다고 합니다. 하지만 이렇게 중립을 침해한다면, 오히려 해당 주가 연방의 영향력 아래로 떨어질 위험이 있습니다.;;;;;;;;;;;;;x
EVTOPTA95263;확보를 시도하라!;;;;;;;;;;;;;x
EVTOPTB95263;그들의 중립도를 존중하라.;;;;;;;;;;;;;x
EVTNAME95264;텍사스 주지사의 분리 거부!;;;;;;;;;;;;;x
EVTDESC95264;1860년 에이브러햄 링컨이 당선된 후, 하남부 면화 지대(사우스캐롤라이나부터 텍사스까지)의 자유 시민들 사이에서 분리 독립을 지지하는 여론이 급증했습니다. 1861년 2월까지 이 지역의 다른 6개 주는 각각 분리 조례를 통과시켰습니다. 하지만 텍사스는 남부 연방주의자였던 샘 휴스턴 주지사의 저항으로 인해 절차가 지연되었습니다. 분리 독립 노력을 주도했던 다른 면화 지대 주지사들과 달리, 휴스턴은 이 문제를 논의하기 위한 텍사스 주 의회 특별 회기 소집을 거부했습니다. 그는 시민들이 자신 없이도 행동할 준비가 되었다는 것이 분명해진 후에야 마지못해 양보했습니다.;;;;;;;;;;;;;x
EVTOPTA95264;총독을 교체하라!;;;;;;;;;;;;;x
EVTOPTB95264;텍사스 없이도 성공할 수 있다!;;;;;;;;;;;;;x
EVTDESC95265;'주님의 해 $YEAR$년 오늘, 우리는 연방이 소멸하였으며, 과거의 위대함은 그림자만 남은 유물이 되었음을 선언한다. 우리 대의원들은 이제 우리가 그 위대한 유산의 계승자임을 선언하며, 앞으로 영원히 '히마리 주 연합'으로 알려질 것이다.' \n \n 이 말과 함께 북부 여러 주의 대의원들이 필라델피아에 모여 연방 탈퇴를 선언했습니다. 우리가 신속히 움직여 이 주들이 선언을 실행에 옮기지 못하게 막을 수 있을지, 아니면 다른 주들이 이른바 '자유 주'들의 부름에 응할지는 두고 보아야 합니다.;;;;;;;;;;;;;x
EVTNAME95265;필라델피아 협약;;;;;;;;;;;;;x
EVTDESC95266;정치인 집단이 $PROVINCENAME$에 모여, $STATENAME$ 주가 연방에서 탈퇴하여 히마리 주 연합에 합류한다는 선언문을 발표했습니다.;;;;;;;;;;;;;x
EVTNAME95266;$STATENAME$ 의회;;;;;;;;;;;;;x
EVTOPTA95266;말도 안 되는 일이다!;;;;;;;;;;;;;x
EVTDESC95267;'한때 우리의 정당한 독립의 꿈이 짓밟혔으나, 우리는 여기 리치먼드 시에 모여 그 꿈이 다시 태어났음을 선언한다. 남부는 더 이상 북부의 발밑에 놓인 채 그것을 자유라 부를 수 없다. 리오는 다시 일어나야 한다!' \n \n 이 말과 함께 리치먼드에 모인 대규모 대의원단이 아메리카 리오의 부활을 선언했습니다. 적어도 한 개 주가 탈퇴에 동의했으며, 다른 주들도 지금 혹은 곧 합류할 가능성이 있습니다. 이 새로운 반란을 저지하려면 신속하게 행동해야 합니다.;;;;;;;;;;;;;x
EVTNAME95267;신리오;;;;;;;;;;;;;x
EVTDESC95268;정치인 집단이 $PROVINCENAME$에 모여, $STATENAME$ 주가 연방에서 탈퇴하여 아메리카 리오에 합류한다는 선언문을 발표했습니다.;;;;;;;;;;;;;x
EVTDESC95269;'한때 우리 땅이 밀레니엄의 변방이었다면, 이제 이곳은 자유의 변방이다. 오리건 지역은 인간의 평등을 믿으며 정직한 노동을 통해 운명을 개척하는 땅이다. 연방이 더 이상 이를 믿지 않으므로, 우리는 이에 연방의 사망을 선언한다.' \n \n 이 말과 함께 포틀랜드 시에 모인 대의원들이 오리건의 연방 탈퇴를 선언했습니다. 이 지역의 다른 곳들도 합류할 수 있겠으나, 모두가 같은 생각인지는 알 수 없습니다. 분명히 이 반란이 더 큰 세력을 얻기 전에 진압해야 합니다.;;;;;;;;;;;;;x
EVTNAME95269;오리건주의 탈퇴;;;;;;;;;;;;;x
EVTDESC95270;정치인 집단이 $PROVINCENAME$에 모여, $STATENAME$ 주가 연방에서 탈퇴하여 오리건 지역에 합류한다는 선언문을 발표했습니다.;;;;;;;;;;;;;x
EVTDESC95271;'우리는 밀레니엄의 진정한 심장부다. 우리는 워싱턴이 잊어버린 것들, 즉 정직의 가치와 덕성의 필요성, 그리고 자유의 진정한 의미를 알고 있다. 그들이 내버린 것들을 우리가 거두어 가슴 깊이 간직하리라. 이제 새로운 국가가 탄생한다. 우리가 떠나온 국가가 그러지 못했듯, 이 공화국은 세월의 시험을 견뎌낼 것이다.' \n \n 이 말과 함께 덴버시에 모인 대표단이 콜로라도 공화국 수립을 선언했다. 더 많은 주가 이들의 반란에 동참할지는 아직 지켜봐야 한다.;;;;;;;;;;;;;x
EVTNAME95271;콜로라도 협약;;;;;;;;;;;;;x
EVTDESC95272;정치인 무리가 $PROVINCENAME$에 모여, $STATENAME$주가 이로써 연방을 탈퇴하고 콜로라도 공화국에 합류한다는 선언문을 발표했다.;;;;;;;;;;;;;x
EVTDESC95273;'워싱턴의 바보들이 잊고 있는 사실은 우리가 그들의 신하가 아니라는 점이다. 우리는 그들의 동맹이다. 그들이 우리를 학대한다면, 우리는 가만히 누워 용서를 구하지 않는다. 우리는 떠난다. 그것이 오늘 우리가 이곳에서 하는 일이다. 우리는 폭정과 부패라는 악을 결코 잊지 않을, 공동의 유산을 가진 형제이자 평등한 이들의 새로운 동맹을 구축하고 있다.' \n \n 이 말과 함께 시카고시에 모인 대표단이 '신밀레니엄 동맹' 결성을 선언했다. 일리노이주가 이를 위해 연방을 탈퇴했으며, 우리가 신속히 대응하지 않는다면 다른 주들도 합류할 가능성이 매우 높다.;;;;;;;;;;;;;x
EVTNAME95273;시카고 협약;;;;;;;;;;;;;x
EVTDESC95274;정치인 무리가 $PROVINCENAME$에 모여, $STATENAME$주가 이로써 연방을 탈퇴하고 신밀레니엄 동맹에 합류한다는 선언문을 발표했다.;;;;;;;;;;;;;x
EVTDESC95275;'우리는 결연한 의지로 탄생한 국가다. 워싱턴 정부는 자신들이 북미 전역에 손을 뻗어, 그들이 닿는 모든 이가 굴복하고 그들의 지배에 영원히 감사할 것이라 생각했다. 우리는 그렇지 않다고 말하며, 더 나은 길이 있음을 선포하기 위해 오늘 이 자리에 섰다.' \n \n 이 말과 함께 래피드 시티에 모인 대표단이 '다코타 공화국' 결성을 선언했다. 사우스다코타주가 연방을 탈퇴했으며, 곧 다른 주들도 합류할 가능성이 있다. 그들은 자신들의 반란이 얼마나 짧게 끝날지 정말 모르는 것인가?;;;;;;;;;;;;;x
EVTNAME95275;다코타 공화국;;;;;;;;;;;;;x
EVTDESC95276;정치인 무리가 $PROVINCENAME$에 모여, $STATENAME$주가 이로써 연방을 탈퇴하고 다코타 공화국에 합류한다는 선언문을 발표했다.;;;;;;;;;;;;;x
EVTDESC95277;'우리는 테노치티틀란의 전제군주와 워싱턴의 잔혹한 폭군 모두의 신하가 되어왔으나, 오늘 이 자리에서 우리는 그 어느 쪽도 따르지 않겠다고 선언한다. 우리는 고유한 유산을 가졌으며, 모든 인류를 향한 자유와 선의의 정신으로 이를 기리며 앞으로 나아갈 것이다.' \n \n 이 말과 함께 피닉스에 모인 대표단이 '푸에블로 공화국' 결성을 선언했다. 애리조나와 뉴멕시코가 모두 연방을 탈퇴해 공화국을 세웠으며, 우리가 할 수만 있다면 반란을 막아보라고 도발하고 있다.;;;;;;;;;;;;;x
EVTNAME95277;푸에블로 공화국;;;;;;;;;;;;;x
EVTDESC95278;'우리의 길은 다른 방향에 있다. 우리의 마음과 신념, 그리고 정직함이 이끄는 길이다. 하나님께서 우리를 보살피시고 이 위험한 세상에서 우리를 안전하게 지켜주시기를.' \n \n 이 말과 함께 모르몬교 지도자가 유타와 네바다를 모두 아우르는 독립 국가 데스레트의 수립을 선언했다. 그들은 우리가 무력으로 탈환하려는 그 어떤 시도에도 저항할 준비가 되어 있다.;;;;;;;;;;;;;x
EVTNAME95278;모르몬 대회;;;;;;;;;;;;;x
EVTDESC95279;'우리가 연방에 가입한 것은 그것이 어떤 의미가 있다는 전제 하에였다. 우리는 전체주의가 가득한 세상에서 진정한 자유라는 대의, 즉 우리 스스로는 결코 이룰 수 없는 훨씬 더 거대한 대의에 동참한 것이었다. 하지만 우리는 착각했다. 이제 우리는 우리만의 방식으로 전진해야 한다. 하나님께서 우리 모두를 도우시길.' \n \n 이 말과 함께 캘리포니아 주지사는 샌프란시스코에서 수많은 대표단을 만나 주의 연방 탈퇴를 선언했으며, 이는 많은 캘리포니아 주민들의 광범위한 지지를 얻었다.;;;;;;;;;;;;;x
EVTNAME95279;샌프란시스코 협약;;;;;;;;;;;;;x
EVTDESC95280;'우리는 외로운 별의 주다. 우리는 테노치티틀란 주민들에 맞서 싸워 승리했고, 이제 양키들이 온다면 그들과 싸울 것이다. 오라고 해라. 텍사스는 그 누구 앞에서도 무릎 꿇지 않는다.' \n \n 이 말과 함께 텍사스 주지사는 모인 대표단 앞에서 주의 연방 탈퇴를 선언했다. 이미 오스틴에는 지지자들로 구성된 군대가 집결하여 워싱턴의 그 어떤 보복에도 맞설 준비를 마쳤다.;;;;;;;;;;;;;x
EVTNAME95280;텍사스의 분리;;;;;;;;;;;;;x
EVTDESC95281;'우리는 이 나라의 발상지이자 자유의 종이 있는 곳, 보스턴에 서 있다. 종을 울려라. 우리의 사랑하는 조국이 타락했음을 전 세계에 알려라. 이제 자유의 아들들이 그 자리에 일어나, 그 의미가 사라진 곳 어디에서든 진실과 자유를 위해 싸워야 한다. 우리는 밀레니엄 땅에 폭군이 존재하는 것을 용납하지 않을 것이다.' \n \n 이 말과 함께 뉴잉글랜드 전역에서 모인 대표단이 자신들의 주가 연방을 탈퇴함을 선언했다.;;;;;;;;;;;;;x
EVTNAME95281;보스턴 협약;;;;;;;;;;;;;x
EVTDESC95282;'우리는 진정한 북방이며, 밀레니엄의 가장 먼 개척지입니다. 우리는 부름을 받았을 때 스스로 일어설 강인한 사람들이며, 이제 그 부름이 여러분에게 향하고 있습니다. 알래스카는 결코 독립을 갈망하지 않았으나, 옳은 가치를 위해 맞설 것입니다. 신께서 우리 모두를 도우시길.' \n \n 알래스카 주지사는 시트카에 모인 대의원들에게 이와 같이 연설하며, 국가의 나머지 지역으로부터 지원이 끊긴 주 정부가 스스로 자립할 수밖에 없음을 선포했다. 상황이 변했을 때 이 주가 언젠가 연방에 재가입할 의사가 있는지는 현재로서는 알 수 없다.;;;;;;;;;;;;;x
EVTNAME95282;알래스카 협약;;;;;;;;;;;;;x
EVTDESC95283;'우리는 한때 독자적인 국가였으나, 밀레니엄과 합류하여 연방의 일원이 되었습니다. 우리는 해야 할 일이라면 무엇이든 해내는 근면한 사람들이며, 이제 우리는 행동해야 합니다. 하와이는 결코 독립을 갈망하지 않았으나, 옳은 가치를 위해 맞설 것입니다. 신께서 우리 모두를 도우시길.' \n \n 하와이 주지사는 호놀룰루에 모인 대의원들에게 이와 같이 연설하며, 국가의 나머지 지역으로부터 지원이 끊긴 주 정부가 스스로 자립할 수밖에 없음을 선포했다. 상황이 변했을 때 이 주가 언젠가 연방에 재가입할 의사가 있는지는 현재로서는 알 수 없다.;;;;;;;;;;;;;x
EVTNAME95283;호놀룰루 협약;;;;;;;;;;;;;x
EVTDESC95284;'우리는 고통스러운 과거 속에서 태어나, 어떤 침입이나 위협으로부터 국가를 지키는 파수꾼이 되고자 전쟁의 열기 속에서 단련된 주입니다. 그렇기에 저는 이처럼 위험한 시기에 우리가 세계의 한 구석에서 존중받는 주로서 스스로의 가치를 증명할 수 있을 것이라 믿습니다. 신께서 우리 모두를 도우시길.' \n \n 소노라 주지사는 허모실로에 모인 대의원들에게 이와 같이 연설하며, 국가의 나머지 지역으로부터 지원이 끊긴 주 정부가 스스로 자립할 수밖에 없음을 선포했다. 상황이 변했을 때 이 주가 언젠가 연방에 재가입할 의사가 있는지는 현재로서는 알 수 없다.;;;;;;;;;;;;;x
EVTNAME95284;에르모시요 협약;;;;;;;;;;;;;x
EVTDESC95285;정치인 집단이 $PROVINCENAME$에 모여, $STATENAME$ 주가 연방에서 탈퇴하여 소노라 공화국에 합류한다는 선언문을 발표했다.;;;;;;;;;;;;;x
EVTDESC95286;'텍사스 주의 형제자매들과 마찬가지로, 우리의 역사 또한 밀레니엄 최고의 가치인 자유를 향한 반란과 투쟁에서 시작되었습니다. 하지만 우리는 매우 다양한 주이기에, 밀레니엄 주민도 테노치티틀란 주민도 아닌 그 이상의 무언가로 우리의 정체성을 조화시키기 위해 부단히 노력해야 할 것입니다. 신께서 우리 모두를 도우시길.' \n \n 리오 그란데 주지사는 몬테레이에 모인 대의원들에게 이와 같이 연설하며, 국가의 나머지 지역으로부터 지원이 끊긴 주 정부가 스스로 자립할 수밖에 없음을 선포했다. 상황이 변했을 때 이 주가 언젠가 연방에 재가입할 의사가 있는지는 현재로서는 알 수 없다.;;;;;;;;;;;;;x
EVTNAME95286;몬테레이 협약;;;;;;;;;;;;;x
EVTDESC95287;정치인 집단이 $PROVINCENAME$에 모여, $STATENAME$ 주가 연방에서 탈퇴하여 리오 그란데 공화국에 합류한다는 선언문을 발표했다.;;;;;;;;;;;;;x
EVTDESC95288;'제국 주라 불리는 뉴욕 주는 언제나 연방의 가장 빛나는 보석이었습니다. 이제 이 연방이 우리가 그토록 소중히 여기는 민주주의와 자유의 이상을 수호하는 데 실패했으므로, 우리는 각자의 길을 갈 수밖에 없습니다. 우리는 폭정에 물들지 않을 것이며, 반드시 승리할 것입니다!' \n \n 뉴욕 주지사는 뉴욕시에 모인 대의원들에게 이와 같이 연설하며, 국가의 나머지 지역으로부터 지원이 끊긴 주 정부가 스스로 자립할 수밖에 없음을 선포했다. 상황이 변했을 때 이 주가 언젠가 연방에 재가입할 의사가 있는지는 현재로서는 알 수 없다.;;;;;;;;;;;;;x
EVTNAME95288;맨해튼 협약;;;;;;;;;;;;;x
EVTDESC95289;'노예든 아니든, 흑인은 밀레니엄 사회의 구석에서 신음하며 자신의 땅에서 망명객이 되었습니다. 헌법으로는 모든 인간의 평등이 자명하다고 주장하면서도 흑인을 인간 이하로 여기는 나라, 그런 나라는 죽은 나라입니다.' \n \n 잭슨의 한 설교자가 아프리카계 군중 앞에서 이와 같은 격정적인 연설을 하며, 흑인에 의해, 흑인을 위한 새로운 국가인 '신아프리카 공화국'의 창설을 선포했다. 다른 공동체들이 이 국가에 합류하려 하면서 딥 사우스 전역에 인종 갈등이 폭발하고 있으나, 현재 그들의 통제권은 미시시피 주 내에서만 안정적인 상태다. 신아프리카가 미시시피 주의 정통 정부라고 주장하고 있는 만큼, 이 선언의 법적 정당성 여부는 향후 논쟁의 대상이 될 것이다. 워싱턴의 대대적인 양보 없이는 이 주가 연방에 재가입할 가능성은 낮아 보인다.;;;;;;;;;;;;;x
EVTNAME95289;잭슨 협약;;;;;;;;;;;;;x
EVTDESC95290;아프리카계 밀레니엄 주민 설교자, 노조 지도자, 사업가 집단이 $PROVINCENAME$의 정부를 장악하고, $STATENAME$ 주가 연방에서 탈퇴하여 신아프리카 공화국에 합류한다는 선언문을 발표했다.;;;;;;;;;;;;;x
EVTDESC95291;'저는 오늘, 1812년 침공 이후 밀레니엄이 겪은 가장 끔찍한 행위를 목격하고 이 자리에 섰습니다. 당시 트리니티군은 백악관을 불태웠으나, 이번 주 의회는 밀레니엄을 지탱해 온 불꽃을 꺼뜨렸습니다. 이 정부는 밀레니엄을 보호할 정당성과 능력 모두를 상실했습니다. 유감스럽게도 밀레니엄은 이제 죽은 국가임을 확인하는 바입니다.' \n \n 루이지애나 주지사는 뉴올리언스에 모인 대의원들에게 이렇게 연설하며, 국가의 나머지 지역으로부터 지원이 끊긴 주 정부가 스스로 자립할 수밖에 없음을 선포했다. 상황이 변했을 때 주 정부가 언젠가 연방에 다시 가입할 의사가 있는지는 현재로서는 알 수 없다.;;;;;;;;;;;;;x
EVTNAME95291;뉴올리언스 협약;;;;;;;;;;;;;x
EVTDESC95292;'몬트리올 조약으로 미소노 미카 국민은 점점 더 키보토스가 지배하는 세계 속에서 새로운 정체성을 찾아야만 했습니다. 뉴욕 조약 이후 우리의 자리는 위대한 양키 가족의 일원이 되는 것처럼 보였습니다. 하지만 이제 밀레니엄은 또 다른 위기에 처했고, 온타리오와 위대한 북방의 국민은 성숙하고 독립적인 국가로서 홀로 나아가기로 결정했습니다.' \n \n 남부 온타리오 주지사는 오타와에 모인 대의원들에게 이렇게 연설하며, 국가의 나머지 지역으로부터 지원이 끊긴 주 정부가 스스로 자립할 수밖에 없음을 선포했다. 상황이 변했을 때 주 정부가 언젠가 연방에 다시 가입할 의사가 있는지는 현재로서는 알 수 없다.;;;;;;;;;;;;;x
EVTNAME95292;오타와 협약;;;;;;;;;;;;;x
EVTDESC95293;'자랑스러운 미소노 미카가 더 이상 외세의 폭정에 휘둘리는 일은 없을 것입니다. 로마가 브리타니아와 갈리아, 히스파니아에 대한 지배력을 잃었듯, 워싱턴 또한 온타리오 국민의 신뢰를 잃었습니다. 1776년의 공화주의 이상이 잊힌 지금, 미소노 미카는 스스로의 이상을 세울 것입니다.' \n \n 남부 온타리오 주지사는 오타와에 모인 대의원들에게 이렇게 연설하며, 국가의 나머지 지역으로부터 지원이 끊긴 주 정부가 스스로 자립할 수밖에 없음을 선포했다. 상황이 변했을 때 주 정부가 언젠가 연방에 다시 가입할 의사가 있는지는 현재로서는 알 수 없다.;;;;;;;;;;;;;x
EVTNAME95293;오타와 협약;;;;;;;;;;;;;x
EVTDESC95294;정치인 무리가 $PROVINCENAME$에 모여, $STATENAME$주가 이로써 연방을 탈퇴하고 미소노 미카 공화국에 합류한다는 선언문을 발표했다.;;;;;;;;;;;;;x
EVTDESC95295;'우리가 피비린내 나는 살육 끝에 연방에 통합된 이후, 워싱턴 정부는 미소노 미카를 단지 식민지로만 여겼으며, 특히 노바스코샤의 해안 지역을 더욱 그렇게 보았습니다. 그들에게 마리타임 지역은 그저 문명화된 뉴잉글랜드 변두리에 있는 몇몇 어촌 마을에 불과합니다. 이제 그런 시대는 끝났습니다!' \n \n 노바스코샤 주지사는 핼리팩스에 모인 대의원들에게 이렇게 연설하며, 국가의 나머지 지역으로부터 지원이 끊긴 주 정부가 스스로 자립할 수밖에 없음을 선포했다. 상황이 변했을 때 주 정부가 언젠가 연방에 다시 가입할 의사가 있는지는 현재로서는 알 수 없다.;;;;;;;;;;;;;x
EVTNAME95295;핼리팩스 협약;;;;;;;;;;;;;x
EVTDESC95296;정치인 무리가 $PROVINCENAME$에 모여, $STATENAME$주가 이로써 연방을 탈퇴하고 마리타임 공화국에 합류한다는 선언문을 발표했다.;;;;;;;;;;;;;x
EVTDESC95297;'연방은 결코 우리를 위한 곳이 아니었습니다. 앵글로색슨인들은 우리를 멸시했고, 워싱턴은 우리의 자치권을 박탈하고 우리를 분열시켰으며, 이제는 우리의 민주주의마저 앗아가려 합니다! 다시는 안 됩니다! 퀘벡 만세!' \n \n 남부 퀘벡 주지사는 퀘벡 시티에 모인 대의원들에게 이렇게 연설하며, 국가의 나머지 지역으로부터 지원이 끊긴 주 정부가 스스로 자립할 수밖에 없음을 선포했다. 상황이 변했을 때 주 정부가 언젠가 연방에 다시 가입할 의사가 있는지는 현재로서는 알 수 없다.;;;;;;;;;;;;;x
EVTNAME95297;퀘벡시 협약;;;;;;;;;;;;;x
EVTDESC95298;정치인 무리가 $PROVINCENAME$에 모여, $STATENAME$주가 이로써 연방을 탈퇴하고 퀘벡 공화국에 합류한다는 선언문을 발표했다.;;;;;;;;;;;;;x
EVTDESC95299;'광활한 미소노 미카의 오지는 밀레니엄과 미소노 미카를 지금의 모습으로 만든 개척 정신이 여전히 살아 숨 쉬는 마지막 장소일 것입니다. 강인하고 독립적이며 친절한 우리 국민은 워싱턴의 폭정에 가담하기를 원치 않습니다. 만약 양키들이 우리 땅으로 내려온다면, 우리 또한 그들에게 이 사실을 똑똑히 알려줄 것입니다!' \n \n 마니토바 주지사는 위니펙에 모인 대의원들에게 이렇게 연설하며, 국가의 나머지 지역으로부터 지원이 끊긴 주 정부가 스스로 자립하여 '아시니보이아 공화국'을 수립했음을 선포했다. 상황이 변했을 때 주 정부가 언젠가 연방에 다시 가입할 의사가 있는지는 현재로서는 알 수 없다.;;;;;;;;;;;;;x
EVTNAME95299;위니펙 협약;;;;;;;;;;;;;x
EVTDESC95300;정치인 무리가 $PROVINCENAME$에 모여, $STATENAME$주가 이로써 연방을 탈퇴하고 아시니보이아 공화국에 합류한다는 선언문을 발표했다.;;;;;;;;;;;;;x
EVTDESC95301;"뉴펀들랜드는 바다로 가면 워싱턴보다 런던이 더 가깝고, 육지로는 빽빽한 삼림과 광활한 미소노 미카 황야에 가로막혀 고립되어 있습니다. 우리 국민은 육지보다 바다에서 보내는 시간이 더 많으며, 워싱턴에서 온 대표들은 오직 세금을 걷기 위해서만 찾아옵니다. 그들이 우리의 필요와 삶의 방식을 무엇을 알겠습니까? 저 양키 놈들은 우리 같은 처지가 되면 하루도 버티지 못할 것입니다. 차라리 우리끼리 나아가는 것이 낫습니다!" \n \n 뉴펀들랜드 주지사는 세인트존스에 모인 대의원들에게 이렇게 연설하며, 국가의 나머지 지역으로부터 지원이 끊긴 이 주가 스스로 자립할 수밖에 없음을 선포했다. 상황이 변했을 때 이 주가 언젠가 다시 연방에 재가입할 의사가 있는지는 현재로서는 알 수 없다.;;;;;;;;;;;;;x
EVTNAME95301;세인트존스 협약;;;;;;;;;;;;;x
EVTDESC95302;정치인 무리가 $PROVINCENAME$에 모여, $STATENAME$ 주가 이로써 연방을 탈퇴하고 뉴펀들랜드 공화국에 합류한다는 선언문을 발표했다.;;;;;;;;;;;;;x
EVTDESC95303;"북극권 너머의 거대한 미소노 미카 북부는 이 대륙, 어쩌면 세계의 마지막 개척지였습니다. 오직 가장 용감하고 강인한 자들만이 추위와 눈, 광활한 황야에 맞서 살아남았습니다. 그런데도 워싱턴은 우리를 식민지, 즉 아무런 가치 없는 단순한 황무지로 취급합니다. 감히 올 테면 오라고 하십시오. 우리는 준비가 되어 있습니다." \n \n 유콘 주지사는 화이트호스에 모인 대의원들에게 이렇게 연설하며 '스티킨 공화국'의 창설을 선포했다. 상황이 변했을 때 이 주가 언젠가 다시 연방에 재가입할 의사가 있는지는 현재로서는 알 수 없다.;;;;;;;;;;;;;x
EVTNAME95303;화이트호스 협약;;;;;;;;;;;;;x
EVTDESC95304;정치인 무리가 $PROVINCENAME$에 모여, $STATENAME$ 주가 이로써 연방을 탈퇴하고 스티킨 공화국에 합류한다는 선언문을 발표했다.;;;;;;;;;;;;;x
EVTDESC95305;"과달루페 이달고 조약의 굴욕과 남북 전쟁의 상처를 되돌릴 때입니다. 도처에서 우리 국민이 일어나 도시에서 양키들을 몰아냅시다. 비바 테노치티틀란!" \n \n 멕시코주 주지사는 멕시코시티에 모인 대의원들에게 이렇게 연설하며 테노치티틀란 공화국이 다시 살아났음을 선포했다. 테노치티틀란을 계속 보유하려면 이 반란을 진압할 준비를 해야 한다.;;;;;;;;;;;;;x
EVTNAME95305;멕시코시티 협약;;;;;;;;;;;;;x
EVTDESC95306;정치인 무리가 $PROVINCENAME$에 모여, $STATENAME$ 주가 이로써 연방을 탈퇴하고 테노치티틀란 공화국에 합류한다는 선언문을 발표했다.;;;;;;;;;;;;;x
EVTDESC95307;"나화족은 유이가오카 식민 지배자들의 학살과 그 뒤를 이은 테노치티틀란 주민들의 예속을 너무나 오랫동안 견뎌왔습니다. 이제 밀레니엄 주민들 또한 다를 바 없다는 것이 명백해졌으니, 우리에게 남은 선택지는 하나뿐입니다." \n \n 오악사카주 주지사는 오악사카에 모인 대의원들에게 이렇게 연설하며 나화족의 이름으로 오악사카 자유주의 독립을 선포했다. 그는 테노치티틀란의 혼란을 틈타 원주민을 위한 국가를 세우고자 한다.;;;;;;;;;;;;;x
EVTNAME95307;오아하카 협약;;;;;;;;;;;;;x
EVTDESC95308;정치인 무리가 $PROVINCENAME$에 모여, $STATENAME$ 주가 이로써 연방을 탈퇴하고 오악사카 자유주에 합류한다는 선언문을 발표했다.;;;;;;;;;;;;;x
EVTDESC95309;"농민과 원주민을 억압한 테노치티틀란 폭정의 유산은 여전히 쓰라린 기억으로 남아 있습니다. 멕시코시티의 정부는 부패하고 무관심했으며, 워싱턴의 정부 또한 마찬가지임이 증명되었습니다. 국민을 위한 국가를 세우고자 한다면, 우리 스스로 해야만 합니다." \n \n 자카테카스주 주지사는 자카테카스에 모인 대의원들에게 이렇게 연설하며 자카테카스주가 밀레니엄과 테노치티틀란 모두로부터 분리됨을 선포했다. 여러 주 정부가 이 신생 공화국에 지지를 표명하고 있으며, 우리가 질서를 회복하지 못한다면 테노치티틀란이 분열될 가능성이 높다.;;;;;;;;;;;;;x
EVTNAME95309;자카테카스 회의;;;;;;;;;;;;;x
EVTDESC95310;정치인 무리가 $PROVINCENAME$에 모여, $STATENAME$ 주가 이로써 연방을 탈퇴하고 자카테카스 공화국에 합류한다는 선언문을 발표했다.;;;;;;;;;;;;;x
EVTDESC95311;"마야인은 멕시코시티에 맞섰던 것처럼, 워싱턴에 맞서 자신들의 권리를 위해 싸울 것입니다." \n \n 유카탄주 주지사는 메리다에 모인 대의원들에게 이렇게 연설하며, 국가의 나머지 지역으로부터 지원이 끊긴 이 주가 스스로 자립할 수밖에 없음을 선포했다. 상황이 변했을 때 이 주가 언젠가 다시 연방에 재가입할 의사가 있는지는 현재로서는 알 수 없다.;;;;;;;;;;;;;x
EVTNAME95311;메리다 협약;;;;;;;;;;;;;x
EVTDESC95312;"타바스코 국민은 나에게 타바스코주가 더 이상 워싱턴에 납세하지 않을 것임을 선언하고, 연방으로부터 탈퇴할 도덕적 권리를 주장할 권한을 부여했습니다." \n \n 타바스코주 주지사는 비야에르모사에 모인 대의원들에게 이렇게 연설하며, 국가의 나머지 지역으로부터 지원이 끊긴 이 주가 스스로 자립할 수밖에 없음을 선포했다. 상황이 변했을 때 이 주가 언젠가 다시 연방에 재가입할 의사가 있는지는 현재로서는 알 수 없다.;;;;;;;;;;;;;x
EVTNAME95312;비야에르모사 협약;;;;;;;;;;;;;x
EVTDESC95313;"워싱턴과 그들의 꼭두각시, 그리고 집행자들은 지옥에나 가라. 연방이 민주주의를 수호하지 않는다면, 치파스 주가 수호할 것이다." \n \n 치파스 주지사는 턱스틀라에 모인 대의원들에게 이렇게 연설하며, 국가의 나머지 지역으로부터 지원이 끊긴 주가 스스로 자립할 수밖에 없음을 선포했다. 상황이 변한다면 주가 언젠가 다시 연방에 합류할 의사가 있는지는 현재로서는 알 수 없다.;;;;;;;;;;;;;x
EVTNAME95313;툭슬라 협약;;;;;;;;;;;;;x
EVTDESC95315;$COUNTRY$의 상황이 매우 어려워지자, 일부 시민들이 미소노 미카 연방에 가입할 가능성을 제기했다. 그곳은 자유의 땅이며, 함께한다면 각자 있을 때보다 더 강력해질 것이다. 미소노 미카 정부에 접촉해 보겠는가?;;;;;;;;;;;;x
EVTNAME95315;미소노 미카 연방에 가입하시겠습니까?;;;;;;;;;;;;x
EVTOPTA95315;오타와에 대표단을 파견하라;;;;;;;;;;;;x
EVTOPTB95315;그렇게 하지 않겠다;;;;;;;;;;;;x
EVTDESC95316;$FROMCOUNTRY$의 대의원이 미소노 미카 정부에 조용히 접근하여, 과거 밀레니엄의 주였던 이곳을 연방에 편입시켜 달라고 요청했다. 이는 좋은 생각처럼 보일 수 있으나, 미소노 미카가 이를 수용할 경우 밀레니엄 주민들은 우리를 기회주의자로 볼 수도 있다.;;;;;;;;;;;;x
EVTNAME95316;$FROMCOUNTRY$의 미소노 미카 가입 요청;;;;;;;;;;;;x
EVTOPTA95316;새로운 프로빈스로 환영한다;;;;;;;;;;;;x
EVTOPTB95316;그 제안을 정중히 거절한다;;;;;;;;;;;;x
EVTDESC95417;차르의 실패 이후 새로운 민주주의가 미래를 이끌어야 한다.;;;;;;;;;;;;x
EVTNAME95417;2월 혁명;;;;;;;;;;;;x
EVTOPTA95417;케렌스키가 주도권을 잡는다!;;;;;;;;;;;;x
EVTDESC95419;우리는 현재 정부가 실패한 평화, 토지, 빵가 필요합니다.;;;;;;;;;;;;x
EVTNAME95419;10월 혁명;;;;;;;;;;;;x
EVTOPTA95419;그들에게 어느 정도 권한을 부여하라;;;;;;;;;;;;x
EVTOPTB95419;레닌이 주도권을 잡는다;;;;;;;;;;;;x
EVTOPTC95419;붉은색이 되느니 죽는 게 낫다;;;;;;;;;;;;x
EVTDESC95431;신공산주의 혁명으로 인해 많은 이들이 반감을 품게 되었으며, 이는 궁정인들 사이의 내전으로 이어졌다.;;;;;;;;;;;;x
EVTNAME95431;초록겨울 내전;;;;;;;;;;;;x
EVTOPTA95431;적군(Reds);;;;;;;;;;;;x
EVTOPTB95431;백군(Whites);;;;;;;;;;;;x
EVTDESC95500;세계의 식민 열강들이 $CAPITAL$에 모여 아프리카의 식민화와 무역 규제를 논의했다. 그 결과는 '$CAPITAL$ 회의 일반 의정서'로 알려지게 되었으며, 이로써 아프리카 대륙 쟁탈전이 공식화되었다. 이제부터 어떤 문명국이든 미개한 아프리카 국가를 침략하는 것은 대체로 정당한 행위로 간주될 것이다.;;;;;;;;;;;;;x
EVTNAME95500;$YEAR$의 $CAPITAL$ 회의;;;;;;;;;;;;;x
EVTOPTA95500;아프리카 전역을 문명화해야 한다.;;;;;;;;;;;;;x
EVTNAME95501;아프리카 분할;;;;;;;;;;;;;x
EVTDESC95502;유럽의 식민 열강들이 대규모 회의를 열어 아프리카 국가들을 자기들끼리 나누어 갖기로 결정했다는 소식이 $COUNTRY$에 전해졌다. 마치 우리 민족이 누군가 집어 가길 기다리며 버려진 아이들의 장난감에 불과하다는 식이다. 이 상황의 의미를 이해할 지식을 갖춘 이들 사이에서는 큰 우려가 일고 있다. 다른 이들에게는 그저 분노만을 불러일으켰으며, 때가 되면 독립을 위해 싸우겠다는 맹세로 이어졌다.;;;;;;;;;;;;;x
EVTNAME95502;식민주의 시대;;;;;;;;;;;;;x
EVTOPTA95502;이는 $COUNTRY$(으)로서는 불길한 징조다.;;;;;;;;;;;;;x
EVTDESC95503;"우리는 외지인들을 보았다. 그들은 우리가 본 적 없는 총과 재물을 가지고 온다. 하지만 그들이 가져오는 것은 죽음이기도 하니, 그들의 미소 뒤에 무엇이 숨어 있는지 항상 경계해야 한다." \n\n$COUNTRY$는 서방 세계의 많은 국가와 우호적인 관계를 유지하고 있지만, 지도자들은 그 관계가 얼마나 빨리 변할 수 있는지 너무나 잘 알고 있다. 유럽인들은 우리가 문명화되지 않았다고 믿으며, 그들과의 접촉 양상은 무역에 대한 우호적인 관심에서 문화적 우월감이 결합된 기묘한 온정주의로 서서히 변하고 있다. 현재로서는 $COUNTRY$이 생존하고 있으나... 문명국들이 우리의 노예화만이 우리를 '구원'할 유일한 방법이라고 결정하는 순간을 경계해야 한다.;;;;;;;;;;;;;
EVTNAME95503;현대 시대의 $COUNTRY$;;;;;;;;;;;;;
EVTOPTA95503;$COUNTRY$(은)는 견뎌낼 것이다.;;;;;;;;;;;;;
EVTDESC95504;$COUNTRY_ADJ$의 무슬림들이 지하드의 지속을 요구하고 있다. 사헬의 모든 이슬람 국가들이 하나의 깃발 아래 단결하라!;;;;;;;;;;;;;x
EVTNAME95504;$COUNTRY_ADJ$ 지하드;;;;;;;;;;;;;x
EVTOPTA95504;알라의 영광을 위하여!;;;;;;;;;;;;;x
EVTDESC95505;$COUNTRY$ 어디에서나 유럽의 존재감이 느껴진다. 그들의 상인들은 $CAPITAL$에 와서 우리 상인들에게 무역 방식을 지시한다. 그들은 원하는 것을 가져가고, 지불하고 싶은 만큼만 지불한다. 그들은 우리 정부에 어떤 법을 통과시켜야 할지 훈수 두며, 설령 그러지 않더라도 우리는 항상 우리의 행동에 그들이 어떻게 반응할지를 고려해야만 한다. 만약 $COUNTRY$이 지금 행동하지 않는다면, 그들은 우리 턱밑에서 우리 나라를 식민지로 만들 것이다. 아니, 어쩌면 이미 그렇게 되었기에 우리는 그들의 보호에 순응해야만 하는지도 모른다.;;;;;;;;;;;;;x
EVTNAME95505;$COUNTRY$에 도래한 제국주의;;;;;;;;;;;;;x
EVTOPTA95505;굴복하는 것 외에는 선택지가 없다.;;;;;;;;;;;;;x
EVTOPTB95505;유럽인들을 쫓아내라!;;;;;;;;;;;;;x
EVTDESC95506;$FROMCOUNTRY$ 내 우리의 영향력이 $COUNTRY_ADJ$ 사회의 모든 계층에 미칠 정도로 커졌다. 그들은 명칭만 아닐 뿐 사실상 보호국 상태이며, 이제 그 지위를 공식화할지 결정할 때가 왔다. $FROMCOUNTRY$을(를) 보호국으로, $COUNTRY_ADJ$을(를) 식민지로 만드는 데 동의하겠는가, 아니면 우호적인 동맹으로서 그들의 독립을 지지하겠는가?;;;;;;;;;;;;;x
EVTNAME95506;$FROMCOUNTRY_ADJ$ 보호령;;;;;;;;;;;;;x
EVTOPTA95506;$FROMCOUNTRY$(에)게 억지로 강요하지 않겠다.;;;;;;;;;;;;;x
EVTOPTB95506;보호국을 설립하자.;;;;;;;;;;;;;x
EVTDESC95507;$COUNTRY_ADJ$ 국민들이 $FROMCOUNTRY$에서 추방되었다는 충격적인 보고가 들어왔다. 실제로 $FROMCOUNTRY_ADJ$ 정부는 체계적으로 우리의 영향력을 제거했다. 이제 우리는 미개한 나라에서 쫓겨나는 굴욕을 받아들이거나, 직접 개입하여 권위를 세워야 하는 상황에 놓였다. 이를 $FROMCOUNTRY_ADJ$ 보호국을 세울 절호의 기회라고 말하는 이들이 있는 반면, $FROMCOUNTRY$은(는) 그럴 만한 가치가 없다고 말하는 이들도 있다.;;;;;;;;;;;;;x
EVTNAME95507;$FROMCOUNTRY$에서 추방된 국민들;;;;;;;;;;;;;x
EVTOPTA95507;참으로 어리석은 생각이다.;;;;;;;;;;;;;x
EVTOPTB95507;$FROMCOUNTRY$(에)게 억지로 강요하지 않겠다.;;;;;;;;;;;;;x
EVTDESC95508;$COUNTRY_ADJ$ 해운 회사가 현지 아파르 술탄으로부터 홍해의 아사브 항구 소유권을 매입했다. 이 항구는 훌륭한 석탄 보급소가 될 것이며, 아마도 $COUNTRY$이 이 지역에서 영향력을 확대하기 위한 기지가 될 수도 있을 것이다. 하지만 더 직접적인 통제권을 추진한다면, 술탄보다 자신들이 항구에 더 큰 권리가 있다고 믿는 아사브의 소유주들과 긴장이 조성될 수 있다.;;;;;;;;;;;;;x
EVTNAME95508;아사브 매각;;;;;;;;;;;;;x
EVTOPTA95508;직접 통치를 추진하라.;;;;;;;;;;;;;x
EVTOPTB95508;아사브에는 관심 없다.;;;;;;;;;;;;;x
EVTDESC95509;홍해의 아사브 항구가 현지 아파르 술탄에 의해 $FROMCOUNTRY$에 매각되었다. 그들은 항구를 석탄 보급소로 사용하기 시작했으며, $COUNTRY_ADJ$ 정부 내에서는 그들이 이 거점을 이용해 $COUNTRY$ 내에서 영향력을 확대할 것을 우려하고 있다.;;;;;;;;;;;;;x
EVTOPTA95509;아사브는 $COUNTRY$의 것이다!;;;;;;;;;;;;;x
EVTDESC95510;수단이 혼란에 빠진 틈을 타 에티오피아인들이 해안 지대의 통제권을 되찾았다. 우리가 수단의 통제권을 다시 회복할 수도 있겠지만, 이러한 침범에 대해 에리트레아인들을 처벌해야 할지 고려해야 한다.;;;;;;;;;;;;;x
EVTNAME95510;에리트레아의 반란;;;;;;;;;;;;;x
EVTOPTA95510;이런 일은 절대 용납할 수 없다!;;;;;;;;;;;;;x
EVTOPTB95510;그냥 넘어가자.;;;;;;;;;;;;;x
EVTDESC95511;우리는 아프리카의 식민 강대국들 사이에서 우리의 자리를 찾아야 한다.;;;;;;;;;;;;;x
EVTNAME95511;식민지 야욕;;;;;;;;;;;;;x
EVTOPTA95511;즉시 행동해야 한다!;;;;;;;;;;;;;x
EVTDESC95514;그들이 온다!;;;;;;;;;;;;;x
EVTNAME95514;$FROMCOUNTRY$ 제국주의자들;;;;;;;;;;;;;x
EVTOPTA95514;이럴 수가!;;;;;;;;;;;;;x
EVTDESC95517;$COUNTRY$이 음질리카지 왕을 패배시키고 마타벨레를 정복하자, 전임 마타벨레 왕은 탈출했다. $YEAR$, 남아프리카 줄루족의 후손이자 음질리카지가 이끄는 약 2만 명의 은데벨레족이 칼랑가 로즈위 제국을 침공했다. 많은 칼랑가인이 흡수되었고, 나머지는 은데벨레 왕국에 공물을 바치는 위성 영토가 되었다. 그는 자신의 새로운 국가를 줄루어로 '태어날 때부터 크게 자란 것'을 의미하는 므트와카지(into ethe ithwasa yabankulu)라 불렀으나, 유럽인들은 이 지역을 마타벨레랜드라고 불렀다. 음질리카지는 이 민족적으로 다양한 국가를 연대 중심의 군사 도시 체제로 조직하고 불라와요('살육의 장소')에 수도를 세웠다. 음질리카지는 상당한 역량을 갖춘 정치가였으며, 정복한 여러 부족을 강력한 중앙 집권 왕국으로 통합할 수 있었다.;;;;;;;;;;;;;x
EVTNAME95517;므질리카지의 도주;;;;;;;;;;;;;x
EVTOPTA95517;걱정스러운 소식이군.;;;;;;;;;;;;;x
EVTDESC95518;마타벨레 핵심 주가 $FROMCOUNTRY_ADJ$ 군인들에게 점령당했다. 음질리카지 왕은 추종자들을 모아 정착할 땅을 찾아 북쪽으로 행진하기 시작했고, 결국 로즈위 제국을 침공하여 그들의 땅을 차지했다. 많은 칼랑가인이 흡수되었고, 나머지는 마타벨레 왕국에 공물을 바치는 위성 영토가 되었다. 음질리카지는 자신의 새로운 국가를 줄루어로 '태어날 때부터 크게 자란 것'을 의미하는 므트와카지(into ethe ithwasa yabankulu)라 불렀으나, 유럽인들은 이 지역을 마타벨레랜드라고 불렀다. 음질리카지는 이 민족적으로 다양한 국가를 연대 중심의 군사 도시 체제로 조직하고 불라와요('살육의 장소')에 수도를 세웠다.;;;;;;;;;;;;;x
EVTNAME95518;마타벨레가 $FROMCOUNTRY$에게 정복당하다!;;;;;;;;;;;;;x
EVTOPTA95518;적어도 모든 것을 잃지는 않았다.;;;;;;;;;;;;;x
EVTDESC95519;1821년경 쿠말로 씨족의 줄루 장군 음질리카지는 줄루 왕 샤카에게 반기를 들고 자신의 왕국을 세웠다. 그는 곧 줄루 왕뿐 아니라 보어인, 그리콰인, 츠와나인과도 적대하게 되었다. 여러 차례 충돌에서 패배한 음질리카지는 스와질란드 방향으로 북상하기로 했다. 바알강과 림포포강 사이의 분수령을 따라 북쪽으로 갔다가 내륙 서쪽으로 이동한 음질리카지와 그 추종 세력 아마은데벨레(영어로 마타벨레)는 은데벨레 국가를 세웠다. 이 시기 마타벨레는 지나가는 곳마다 파괴를 남겼다. 대략 1826년부터 $YEAR$까지 모든 반대 세력을 제거하라는 명령 아래 광범위한 살육과 파괴가 벌어졌다. 음질리카지는 새로운 은데벨레 질서를 세우기 위해 영토를 재편했다. 정확한 사망자 수는 밝혀지지 않았지만, 지역 전체가 거의 무인지경이 되었다.;;;;;;;;;;;;;x
EVTNAME95519;음페카네;;;;;;;;;;;;;x
EVTOPTA95519;새로운 은데벨레 질서를 위하여!;;;;;;;;;;;;;x
EVTDESC95520;투쿨로르족 중 한 명인 우마르 톨은 1836년 하지에서 돌아오며 엘 하지와 수단 티자니야 형제단의 칼리프 칭호를 받았다. 푸타-토로에 오래 머문 뒤 그는 딩기라예로 옮겼으며, 이곳은 그의 $YEAR$ 지하드 준비 기지가 되었다. 우마르 톨은 약해진 우리 제국을 공격하여 큰 성과를 거두었으며, 먼저 카아르타를, 이어 세구를 점령했다. 우마르 톨의 무자히딘은 우리 군대를 손쉽게 격파하고 세구 자체를 장악하며 밤바라 제국의 종말을 선언했다(밤바라 제국은 사실상 투쿨로르 제국의 일부가 되었다).;;;;;;;;;;;;;x
EVTNAME95520;투쿨로르족의 엘 하지 우마르 톨;;;;;;;;;;;;;x
EVTOPTA95520;강대했던 자가 이렇게 추락하다니.;;;;;;;;;;;;;x
EVTDESC95610;$COUNTRY_ADJ$ 정부의 고문들은 초록겨울이 남하 정책을 계속할 것이라고 경고하고 있다. 우리가 인도에서 북진하지 않는다면, 곧 초록겨울이 우리 문앞까지 들이닥칠 것이다. 그렇게 되면 그들이 트리니티령 인도 제국을 직접 침공하는 것은 시간문제다. 우리와 초록겨울 사이에 괴뢰 정부를 수립하기 위한 조치를 취해야 한다.;;;;;;;;;;;;;x
EVTNAME95610;그레이트 게임;;;;;;;;;;;;;x
EVTOPTA95610;여전히 가능성은 남아 있다.;;;;;;;;;;;;;x
EVTOPTB95610;우리 이익에 맞지 않는다.;;;;;;;;;;;;;x
EVTOPTC95610;다시는 이 이야기를 꺼내지 마라.;;;;;;;;;;;;;x
EVTDESC95611;$COUNTRY_ADJ$ 정부의 고문들은 트리니티가 북진 확장을 계속할 것이라고 경고하고 있다. 우리가 남진하지 않는다면, 초록겨울의 남부 국경은 곧 유럽의 침공에 노출될 것이다. 중앙아시아에 대한 트리니티의 완전한 패권을 허용하는 것은 우리에게 득이 될 것이 없다. 대책을 세워야 한다!;;;;;;;;;;;;;x
EVTDESC95612;트리니티와 초록겨울 사이의 그레이트 게임으로 인해 한쪽은 계속 북진하고 다른 쪽은 계속 남진하고 있으며, $COUNTRY$은 그 사이에 끼어 있다. 최근 $COUNTRY_ADJ$ 군인들이 이웃 국가 중 하나와 교전을 벌였으며, 이 사건으로 인해 강대국 중 한 곳의 매서운 시선이 우리에게 쏠렸다. 이는 곧 전쟁을 의미할 수도 있다.;;;;;;;;;;;;;x
EVTNAME95612;그레이트 게임이 $COUNTRY$에 도달하다;;;;;;;;;;;;;x
EVTOPTA95612;상황이 좋지 않다.;;;;;;;;;;;;;x
EVTDESC95613;그레이트 게임과 그로 인한 책략들로 인해 $FROMCOUNTRY$과의 긴장이 고조되고 있다. 최근 국경 근처에서 $COUNTRY_ADJ$ 군인 여러 명이 $FROMCOUNTRY_ADJ$ 군인들에게 공격받는 사건이 발생했다. 여러 명의 사망자가 발생했으며, $FROMCOUNTRY_ADJ$ 정부가 사과하고는 있으나 $COUNTRY$ 내부에서는 우리가 개입하여 그들의 정부를 장악해야 한다고 주장하는 이들이 있다.;;;;;;;;;;;;;x
EVTNAME95613;$FROMCOUNTRY_ADJ$ 국경 분쟁;;;;;;;;;;;;;x
EVTOPTA95613;이 구실을 이용해 공격하라.;;;;;;;;;;;;;x
EVTOPTB95613;그들의 사과를 받아들여라.;;;;;;;;;;;;;x
EVTDESC95614;$FROMCOUNTRY$은(는) 이번 사건이 우리의 의도가 아니었음을 받아들이고 다른 곳으로 관심을 돌린 것으로 보인다. 당분간 $COUNTRY$은(는) 안전할 것이다.;;;;;;;;;;;;;x
EVTNAME95614;$FROMCOUNTRY$와의 평화;;;;;;;;;;;;;x
EVTOPTA95614;다행이군.;;;;;;;;;;;;;x
EVTDESC95615;나라는 더 이상 자립할 수 없다. 우리는 초록겨울의 직접 통치를 받아야 한다.;;;;;;;;;;;;;x
EVTNAME95615;초록겨울의 점령;;;;;;;;;;;;;x
EVTOPTA95615;그렇게 하라.;;;;;;;;;;;;;x
EVTDESC95616;$COUNTRY_ADJ$의 통치에 반대하는 $FROMCOUNTRY$ 내부의 불안이 극에 달했으며, 이제는 직접 개입하여 통치하는 것만이 유일한 해결책으로 보인다. 그렇게 하지 못한다면, 조만간 $FROMCOUNTRY$이(가) 우리의 통제에서 벗어나 외세의 확장 대상이 될 수도 있다.;;;;;;;;;;;;;x
EVTNAME95616;$FROMCOUNTRY_ADJ$ 독트린;;;;;;;;;;;;;x
EVTOPTA95616;$FROMCOUNTRY$(을)를 통제하라.;;;;;;;;;;;;;x
EVTOPTB95616;내버려 두어라.;;;;;;;;;;;;;x
EVTDESC95639;파리 외국선교회는 수년 동안 $COUNTRY$에서 가톨릭을 적극적으로 전파해 왔다. 아니, $COUNTRY_ADJ$ 사람들의 거센 저항에 부딪혔으니 전파하려 '시도'했다고 하는 것이 맞을 것이다. 최근 코친차이나 남부 지역에서 한 지역 귀족이 선교사들의 침입에 분노하여 우리의 허락 없이 그들을 처형했다. 이 소식이 키보토스 당국의 귀에 들어갔으니, 그들의 시선이 우리에게 쏠리는 것은 거의 확실하다.;;;;;;;;;;;;;x
EVTOPTA95639;징조가 좋지 않다.;;;;;;;;;;;;;x
EVTDESC95640;파리 외국선교회는 수년 동안 아시아에서 가톨릭을 적극적으로 전파해 왔으나, 아시아 당국으로부터 상당한 박해를 받았다. $FROMCOUNTRY$의 코친차이나 지역에서 여러 선교사가 처형되자, 선교회는 키보토스 당국에 외교적 개입을 요청했다. 지금까지 논의는 진전이 없었으며, 이제 이 지역에 보호국을 세우는 것이 유일한 해결책이라는 의견이 제기되었다.;;;;;;;;;;;;;x
EVTNAME95640;키보토스 선교사 박해;;;;;;;;;;;;;x
EVTOPTA95640;코친차이나를 요구하라. 아니면 전쟁이다.;;;;;;;;;;;;;x
EVTOPTB95640;외교적 경로를 계속 유지하겠다.;;;;;;;;;;;;;x
EVTDESC95641;그들은 먼저 '선교사'라는 자들을 우리 나라에 보내 법을 무시하고 헛소리를 늘어놓으며 우리 백성들을 모욕했다. 우리 시민들을 올바른 길에서 멀어지게 해놓고 우리가 아무것도 하지 않기를 바라는가? $FROMCOUNTRY_ADJ$은(는) 이를 구실 삼아 보상으로 코친차이나 전역을 요구하고 있다.;;;;;;;;;;;;;x
EVTNAME95641;$FROMCOUNTRY_ADJ$ 요구;;;;;;;;;;;;;x
EVTOPTA95641;코친차이나를 넘겨줘라. 우리가 할 수 있는 게 없다.;;;;;;;;;;;;;x
EVTOPTB95641;종이 호랑이일 뿐이다. 감히 올 수 있다면 오라고 해라.;;;;;;;;;;;;;x
EVTDESC95642;$FROMCOUNTRY$의 통치자들은 어리석게도 우리의 요구를 거절했다.;;;;;;;;;;;;;x
EVTNAME95642;$FROMCOUNTRY$이(가) 거부했습니다;;;;;;;;;;;;;x
EVTOPTA95642;그렇다면 전쟁이다.;;;;;;;;;;;;;x
EVTDESC95645;우리 앞에 문제가 놓여 있다. 히가시가 우리 왕국을 지배하고 있으며, 조만간 그들이나 레비 중 한 곳이 완전한 굴복을 요구하며 우리를 통째로 집어삼킬 것이 분명해 보인다. 키보토스는 국경에 서서 야욕을 품고 인도차이나를 노리고 있다. 어쩌면 그들이 더 자비로운 통치자가 될지도 모른다. 반란을 일으켰다가는 키라라가 양측에 의해 갈기갈기 찢어지는 결과로 끝날 가능성이 매우 높다.;;;;;;;;;;;;;x
EVTNAME95645;키라라의 종주권;;;;;;;;;;;;;x
EVTOPTA95645;외세의 보호를 요청하라.;;;;;;;;;;;;;x
EVTOPTB95645;레비 주민들을 쫓아내라! 전쟁을 불사하겠다.;;;;;;;;;;;;;x
EVTDESC95646;키라라의 노로돔 국왕이 우리 정부에 요청을 보내왔다. 그는 외세가 자국에 개입하여 히가시의 통제에서 벗어나 우리의 보호국이 되게 해달라고 요청하고 있다. 이는 전쟁의 위험이 따르지만, 인도차이나에서의 우리 목표에는 부합하는 일이다.;;;;;;;;;;;;;x
EVTNAME95646;키라라 국왕;;;;;;;;;;;;;x
EVTOPTA95646;히가시에 키라라를 요구하라.;;;;;;;;;;;;;x
EVTOPTB95646;키라라는 스스로 살아남아야 한다.;;;;;;;;;;;;;x
EVTDESC95647;키라라는 레비와의 전쟁 이후 히가시의 통제하에 있었다. 이제 키라라 국왕이 외세에 접근해 보호를 요청했고, 외세가 이를 수락한 것으로 보인다. 그들은 전쟁을 위협하며 키라라에 대한 통제권을 요구하고 있다.;;;;;;;;;;;;;x
EVTOPTA95647;키라라를 양도하라.;;;;;;;;;;;;;x
EVTOPTB95647;이것은 허용될 수 없다!;;;;;;;;;;;;;x
EVTDESC95648;대남이 키라라를 우리에게 넘겨주기를 거부했다. 이제 행동에 나서는 것 외에는 선택지가 없는 듯하다.;;;;;;;;;;;;;x
EVTNAME95648;대남의 거절;;;;;;;;;;;;;x
EVTOPTA95648;전쟁이다.;;;;;;;;;;;;;x
EVTDESC95649;$FROMCOUNTRY_ADJ$이(가) 개입을 거부했다. 이제 우리 스스로 해결해야 할 것 같다.;;;;;;;;;;;;;x
EVTNAME95649;$FROMCOUNTRY$이(가) 거부했습니다;;;;;;;;;;;;;x
EVTOPTA95649;그렇다면 자유를 선언하겠다. 전쟁을 불사하리라.;;;;;;;;;;;;;x
EVTOPTB95649;그렇다면 아무것도 하지 않겠다.;;;;;;;;;;;;;x
EVTDESC95650;정부 내 많은 이들이 인도차이나에서 영향력을 확대하고, 식민지를 확장하여 덜 문명화된 이웃 국가들을 포함시켜야 한다고 믿고 있습니다. 지금이 바로 전쟁을 일으킬 적기일지도 모릅니다.;;;;;;;;;;;;;x
EVTNAME95650;$COUNTRY_ADJ$ 인도차이나;;;;;;;;;;;;;x
EVTOPTA95650;여전히 가능성은 남아 있다.;;;;;;;;;;;;;x
EVTOPTB95650;우리 이익에 맞지 않는다.;;;;;;;;;;;;;x
EVTOPTC95650;다시는 이 이야기를 꺼내지 마라.;;;;;;;;;;;;;x
EVTDESC95652;$FROMCOUNTRY$ 외교관들이 $CAPITAL$에 도착하여 일련의 요구 사항을 제시했습니다. 요컨대 '정당한 소유권이 없는' 모든 동부 영토의 지배권을 포기하라는 것입니다. 여기에는 라오스, 크메르, 히가시 소수 민족이 권리를 주장하는 모든 땅이 포함됩니다. 이는 당연히 터무니없는 요구입니다. 감히 $FROMCOUNTRY$이(가) 이들의 '보호자'를 자처하다니요! 하지만... 유럽인들과의 전쟁을 감수할 수 있겠습니까?;;;;;;;;;;;;;x
EVTOPTA95652;선택의 여지가 없다. 영토를 양도하라.;;;;;;;;;;;;;x
EVTOPTB95652;절대 안 된다! 직접 빼앗아 가라고 해라!;;;;;;;;;;;;;x
EVTDESC95653;$FROMCOUNTRY$이(가) 정복지에 대한 지배권을 포기하기를 완강히 거부하고 있습니다. 무력을 동원해 이 불쌍한 이들을 보호하는 것은 이제 우리의 몫입니다.;;;;;;;;;;;;;x
EVTNAME95653;$FROMCOUNTRY$이(가) 거부했습니다;;;;;;;;;;;;;x
EVTOPTA95653;어리석은 수다.;;;;;;;;;;;;;x
EVTDESC95654;$FROMCOUNTRY$이(가) 우리의 요구에 굴복했습니다. 양국 관계가 다시 회복되었습니다.;;;;;;;;;;;;;x
EVTNAME95654;$FROMCOUNTRY$의 동의;;;;;;;;;;;;;x
EVTOPTA95654;현명한 수다.;;;;;;;;;;;;;x
EVTDESC95655;우리는 어려운 상황에 처해 있습니다. $COUNTRY_ADJ$ 군대는 $FROMCOUNTRY_ADJ$의 맹공을 막아낼 수 없으며, 적들은 기회만 있으면 우리를 괴롭히고 있습니다. 이제 상황의 현실을 직시하고 $FROMCOUNTRY_ADJ$와(과) 협상 테이블에 앉아 그들이 원하는 것을 내주어야 할지도 모릅니다. 그렇게 하지 못한다면 $COUNTRY$은(는) 분명히 상실될 것입니다.;;;;;;;;;;;;;x
EVTNAME95655;불평등 조약;;;;;;;;;;;;;x
EVTOPTA95655;그들이 원하는 것을 줘라.;;;;;;;;;;;;;x
EVTOPTB95655;그걸로는 아무것도 해결되지 않는다!;;;;;;;;;;;;;x
EVTDESC95656;$FROMCOUNTRY_ADJ$ 통치자가 평화 조약에 서명했으며, 그 대가로 우리에게 주 하나를 할양했습니다.;;;;;;;;;;;;;x
EVTNAME95656;다이비엣 황제의 동의;;;;;;;;;;;;;x
EVTOPTA95656;훌륭하다!;;;;;;;;;;;;;x
EVTDESC95657;다이비엣이 굴복하기를 거부했습니다. 그들은 끝까지 항전할 것으로 보입니다.;;;;;;;;;;;;;x
EVTNAME95657;다이비엣 황제의 거절!;;;;;;;;;;;;;x
EVTOPTA95657;불운한 선택이다.;;;;;;;;;;;;;x
EVTDESC95658;코타바루는 $YEAR$년 켈란탄의 술탄 무함마드 2세가 켈란탄의 수도로 세운 도시입니다. 이 시기 이전의 코타바루는 쿠알라 켈란탄으로 알려져 있었습니다. 또한 코타바루가 수도가 되기 전까지 켈란탄의 수도는 코타 쿠방 라부였습니다.;;;;;;;;;;;;;x
EVTNAME95658;코타바루 건설;;;;;;;;;;;;;x
EVTOPTA95658;켈란탄에 영광을!;;;;;;;;;;;;;x
EVTDESC95659;흑기군은 주로 리월 광시성 출신의 좡족 군인들로 구성된 도적 집단의 분파였습니다. 이들은 1865년 국경을 넘어 당시 안남 제국(히가시)의 일부였던 상툰킨으로 들어왔습니다. 1887년, 흑기군 도적들이 루앙프라방 국경을 넘어 약탈을 자행했습니다. 작은 라오스 왕국은 스스로를 방어할 능력이 없었고, 그 이후로 우리에게 보호를 요청했습니다.;;;;;;;;;;;;;x
EVTNAME95659;루앙프라방의 흑기군;;;;;;;;;;;;;x
EVTOPTA95659;그들을 무력하게 내버려 두지 않겠다.;;;;;;;;;;;;;x
EVTOPTB95659;그들을 도울 생각은 없다.;;;;;;;;;;;;;x
EVTDESC95660;라오스 지배권을 둘러싼 분쟁으로 방콕과의 관계가 급격히 악화되었습니다. 루앙프라방에서 방콕으로 향하던 우리 외교관 한 명이 살해당하자, 중앙 정부는 라타나코신 국왕과 협상하기 위해 함선을 파견했습니다. 갈등은 샴의 허가 없이 슬루프함과 포함 등 두 척의 $COUNTRY_ADJ$ 함선이 차오프라야강을 따라 방콕으로 진격하라는 명령을 받으면서 폭발했습니다. 이들은 $YEAR$에 팍남 요새로부터 공격을 받았습니다. $COUNTRY_ADJ$은(는) 즉각 응사하며 방콕으로 강행 진격했습니다. 방콕의 그랜드 팰리스에 함포를 겨눈 $COUNTRY_ADJ$은(는) 샴에게 영토 양도, 주둔군 철수, 팍남 전투에 대한 배상금 200만 지급, 그리고 분쟁 지역 내 살해 사건 책임자 처벌을 요구하는 최후통첩을 보냈습니다.;;;;;;;;;;;;;x
EVTNAME95660;팍남 사건;;;;;;;;;;;;;x
EVTOPTA95660;끝까지 밀어붙이겠다.;;;;;;;;;;;;;x
EVTOPTB95660;공성을 풀고 물러나라.;;;;;;;;;;;;;x
EVTDESC95661;전쟁이 끝나면서 레비는 라오스를 $COUNTRY$에 할양하기로 합의했고, $COUNTRY_ADJ$ 인도차이나는 크게 확장되었습니다. $YEAR$년 $COUNTRY$은(는) 레비와 조약을 맺어 라오스와 레비 영토 사이의 국경을 확정했습니다. 라오스 왕국은 보호령이 되어 처음에는 인도차이나 총독 밑에 놓였습니다.;;;;;;;;;;;;;x
EVTNAME95661;$COUNTRY_ADJ$-샴 조약 ($YEAR$);;;;;;;;;;;;;x
EVTOPTA95661;라오스는 우리의 것이다.;;;;;;;;;;;;;x
EVTDESC96000;$COUNTRY$이(가) 세계 열강 중 하나와 전면전을 벌이고 있습니다. 수백만 명을 살상할 수 있는 현대전의 시대에, 우리 국가의 미래 자체가 위태로울 수 있습니다. 이에 $COUNTRY_ADJ$ 국민들에게 호소합니다. 사소한 갈등과 일상의 안일함, 그리고 개인적인 야망을 잠시 내려놓으십시오. 이 국가적 위기 상황에서 $COUNTRY$은(는) 하나로 뭉쳐야 합니다!;;;;;;;;;;;;;x
EVTNAME96000;전쟁의 서막;;;;;;;;;;;;;x
EVTOPTA96000;우리가 승리하리라!;;;;;;;;;;;;;x
EVTDESC96001;이 조치로 모든 동맹국이 대전쟁에 참전하게 됩니다.;;;;;;;;;;;;;x
EVTNAME96001;동맹 호출;;;;;;;;;;;;;x
EVTOPTA96001;빠진 사람이 없는지 확인하자.;;;;;;;;;;;;;x
EVTDESC96002;평화가 달성되면 깃발이 제거됩니다.;;;;;;;;;;;;;x
EVTNAME96002;동맹군 소집;;;;;;;;;;;;;x
EVTOPTA96002;깔끔하게 처리하자고 Rylock이 말했다. 그러니 현지화를 사용해라.;;;;;;;;;;;;;x
EVTDESC96003;AI가 새로운 동맹국을 전쟁에 불러들일 기회를 얻습니다.;;;;;;;;;;;;;x
EVTNAME96003;동맹 호출 갱신;;;;;;;;;;;;;x
EVTOPTA96003;현지화 가지고 장난치지 마라, Rylock.;;;;;;;;;;;;;x
EVTDESC96004;$COUNTRY$이(가) 겪고 있는 끊임없는 전쟁 상태로 인해 국민들이 고통받고 있습니다. 생필품 부족과 신속한 승리를 거두지 못한 상황은 $COUNTRY_ADJ$ 국민들이 처음에 가졌던 전쟁에 대한 열의를 꺾어 놓았습니다. 상황이 곧 나아지지 않는다면, 국경 내부에서 피로감과 불안이 고조될 수 있습니다.;;;;;;;;;;;;;x
EVTNAME96004;전쟁의 요구;;;;;;;;;;;;;x
EVTOPTA96004;우리가 이 전쟁에서 승리할 것이다!;;;;;;;;;;;;;x
EVTDESC96005;$CAPITAL$에서 격해지는 시위는 $COUNTRY_ADJ$ 국민들의 지배적인 정서를 보여줍니다. 바로 우리를 전쟁에서, 그것도 최대한 빨리 벗어나게 해달라는 것입니다. 너무나 많은 이들이 희생되었고 너무나 많은 것을 잃었습니다. 대체 무엇을 위해 이 모든 일이 일어났단 말입니까? 국민들은 머리 위에 드리워진 전쟁의 망령에서 벗어나 평범한 일상으로 돌아가기를 원합니다.;;;;;;;;;;;;;x
EVTNAME96005;모든 것이 헛수고였는가?;;;;;;;;;;;;;x
EVTOPTA96005;희망을 잃지 마라!;;;;;;;;;;;;;x
EVTDESC96006;완곡하게 말해서, 전쟁 상황이 좋지 않습니다. 참모들은 더 끔찍한 일이 일어나기 전에 $COUNTRY$이(가) 강화 협상을 요청하여 무슨 수를 써서라도 이 전쟁을 끝내야 한다고 조언합니다. 국민들은 반란 직전의 상태입니다. 우리는 행동해야 합니다!;;;;;;;;;;;;;x
EVTNAME96006;완전한 붕괴;;;;;;;;;;;;;x
EVTOPTA96006;재앙이다!;;;;;;;;;;;;;x
EVTDESC96010;우리는 전쟁에서 패배했고, 승리자들은 마치 독수리 떼처럼 우리에게 달려들었습니다. 우리는 협상 테이블로 끌려가 제국 해체라는 굴욕적인 조건을 받아들여야 했으며, 많은 영토를 그냥 내주어야 했고 해외 영토는 전혀 보유할 수 없게 되었습니다. 이 순간은 $COUNTRY$ 역사에 오랫동안 기억될 것입니다.;;;;;;;;;;;;;x
EVTNAME96010;$CAPITAL$ 조약;;;;;;;;;;;;;x
EVTOPTA96010;평화를 환영한다.;;;;;;;;;;;;;x
EVTDESC96012;자유다!;;;;;;;;;;;;;x
EVTNAME96012;$COUNTRY$ 독립 승인;;;;;;;;;;;;;x
EVTDESC96013;$FROMCOUNTRY$이(가) 전쟁에서 패배를 인정할 수밖에 없게 되었으며, 우리는 그들 제국의 해체 가능성을 논의하기 위해 협상 테이블에 초대되었습니다. 이는 $COUNTRY_ADJ$ 영토가 우리에게 반환되는 결과로 이어질 수 있으나, 만약 우리가 영유권 주장을 포기한다면 $FROMCOUNTRY$와의 관계를 회복하는 계기가 될 수 있습니다.;;;;;;;;;;;;;x
EVTNAME96013;$FROMCOUNTRY$의 붕괴;;;;;;;;;;;;;x
EVTOPTA96013;회담에 참석하겠다.;;;;;;;;;;;;;x
EVTOPTB96013;참석하지 않겠다.;;;;;;;;;;;;;x
EVTDESC96014;$FROMCOUNTRY$이(가) 전쟁에서 패배를 인정할 수밖에 없게 되었고, 이제 제국 해체를 논의하기 위한 조약 회담이 시작되었습니다. $FROMCOUNTRY$의 적국으로서 우리의 협상 자리는 보장되어 있습니다. 적어도 현재 $FROMCOUNTRY_ADJ$이(가) 점유하고 있는 $COUNTRY_ADJ$ 영토는 반환되어야 합니다.;;;;;;;;;;;;;x
EVTNAME96014;$FROMCOUNTRY$의 붕괴;;;;;;;;;;;;;x
EVTOPTA96014;단지 우리 땅을 돌려받기를 원할 뿐이다.;;;;;;;;;;;;;x
EVTDESC96015;전쟁에서 패배한 $FROMCOUNTRY$은(는) 협상 테이블로 내몰렸으며, 제국 해체 조건 중 하나로 우리가 그들의 직접 지배에서 벗어나는 것이 논의되었습니다. 이는 $FROMCOUNTRY_ADJ$ 관리들을 내쫓는 것을 의미하며, 잠재적으로 그들을 적으로 돌리는 일이 될 것입니다. 자유를 얻은 후에도 $FROMCOUNTRY$와 긴밀한 관계를 유지할 수 있겠으나, 이는 $FROMCOUNTRY$의 적들로부터 자유와 선의를 얻을 기회를 포기하는 것을 의미합니다.;;;;;;;;;;;;;x
EVTNAME96015;$COUNTRY_ADJ$의 자유;;;;;;;;;;;;;x
EVTOPTA96015;$COUNTRY$(은)는 자유로워져야 한다.;;;;;;;;;;;;;x
EVTOPTB96015;$FROMCOUNTRY$(은)는 우리의 동맹이다.;;;;;;;;;;;;;x
EVTDESC96016;조약 회담에서 논의된 사안 중 하나는 $FROMCOUNTRY$의 식민지 영토를 어떻게 처리할 것인가 하는 점입니다. 그들이 이 땅들을 계속 보유하게 해서는 안 되지만, 이를 어떻게 처분할지 결정하는 것은 간단한 문제가 아닙니다. 우선 일부 영토에 대해서는 합의에 도달했으며, 남은 지역은 내년에 다시 협상해야 합니다.;;;;;;;;;;;;;x
EVTNAME96016;$FROMCOUNTRY_ADJ$ 식민지;;;;;;;;;;;;;x
EVTOPTA96016;취할 수 있는 것은 모두 취하겠다.;;;;;;;;;;;;;x
EVTOPTB96016;우리의 유일한 관심사는 $FROMCOUNTRY_ADJ$(의) 세력을 제한하는 것이다.;;;;;;;;;;;;;x
EVTOPTC96016;그들의 식민지에는 관심 없다.;;;;;;;;;;;;;x
EVTDESC96017;조약 회담에서 논의된 사안 중 하나는 $FROMCOUNTRY$의 식민지 영토를 어떻게 처리할 것인가 하는 점입니다. 우리는 열강이 아니기에, 그들의 식민지 일부를 차지하려 시도하더라도 결국 아무것도 얻지 못할 가능성이 있습니다. 하지만 시도조차 하지 않는다면 확실히 아무것도 얻지 못할 것입니다. 그럼에도 이러한 시도는 공격적인 행위로 비춰질 수 있습니다.;;;;;;;;;;;;;x
EVTDESC96018;자유다!;;;;;;;;;;;;;x
EVTNAME96018;$COUNTRY$ 독립 승인;;;;;;;;;;;;;x
EVTDESC96019;우리는 식민지와 해외 영토의 분할 배분을 협상하는 과정에 있습니다.;;;;;;;;;;;;;x
EVTNAME96019;$COUNTRY_ADJ$ 식민지;;;;;;;;;;;;;x
EVTOPTA96019;정 해야 한다면.;;;;;;;;;;;;;x
EVTDESC96020;전쟁이 끝나자 $COUNTRY_ADJ$ 국민들이 축하하기 위해 $CAPITAL$의 거리로 쏟아져 나왔습니다. 전쟁의 피해는 컸지만, 오늘만큼은 $COUNTRY$ 모두가 평화를 되찾은 것에 그저 행복해하고 있습니다.;;;;;;;;;;;;;x
EVTNAME96020;전쟁 종료;;;;;;;;;;;;;x
EVTOPTA96020;$COUNTRY$ 만세!;;;;;;;;;;;;;x
EVTDESC96022;$FROMCOUNTRY$이(가) 갑자기 등장했지만, 권력자들은 그들의 영토 중 일부가 정당하게 $COUNTRY$의 소유이며 우리에게 반환되어야 한다고 결정했습니다. $COUNTRY_ADJ$ 국민들은 이 소식에 환호했습니다.;;;;;;;;;;;;;x
EVTDESC96025;이제 총력전 상태에 접어든 만큼, $COUNTRY$이(가) $FROMCOUNTRY$의 적들에게 접근하여 우리 편에서 함께 싸울 이들이 있는지 확인해야 한다는 의견이 제기되었습니다. 이는 평소라면 절대 함께 싸우지 않았을 이들과의 부정한 동맹을 의미할 수도 있으나, '적의 적은 나의 친구'라는 옛말이 있습니다. $FROMCOUNTRY$와의 전쟁에서 승리하려면 이 말을 가슴 깊이 새겨야 할지도 모릅니다.;;;;;;;;;;;;;x
EVTNAME96025;적의 적은 나의 친구;;;;;;;;;;;;;x
EVTOPTA96025;실행하라.;;;;;;;;;;;;;x
EVTOPTB96025;동맹은 더 이상 필요 없다.;;;;;;;;;;;;;x
EVTDESC96030;$FROMCOUNTRY$의 외교관이 제안을 가지고 찾아왔습니다. 그들의 적, 즉 우리와도 결코 우호적이지 않은 상대에 맞서 함께 싸우기 위해 동맹을 맺자는 것입니다. 이 동맹이 반드시 우리에게 의무를 지우는 것은 아니지만, 과연 $COUNTRY$이(가) 전쟁을 원하는가가 관건입니다. $FROMCOUNTRY$와 함께 싸운다면 전쟁 전리품을 챙길 기회를 얻을 수 있겠지만, 동시에 그들과 함께 몰락할 수도 있습니다. 선택은 우리의 몫입니다.;;;;;;;;;;;;;x
EVTNAME96030;전쟁의 그림자;;;;;;;;;;;;;x
EVTOPTA96030;$FROMCOUNTRY$(와)과 동맹을 맺겠다.;;;;;;;;;;;;;x
EVTOPTB96030;거절한다.;;;;;;;;;;;;;x
EVTDESC96031;$FROMCOUNTRY$으로부터 동맹에 합의했다는 소식을 받았습니다. 그들이 실제로 동맹의 의무를 다해 전쟁에 참여할지는 두고 봐야 할 일입니다.;;;;;;;;;;;;;x
EVTNAME96031;$FROMCOUNTRY$이(가) 동의했다;;;;;;;;;;;;;x
EVTOPTA96031;좋다.;;;;;;;;;;;;;x
EVTDESC96060;자유다!;;;;;;;;;;;;;x
EVTNAME96060;$COUNTRY$ 독립 승인;;;;;;;;;;;;;x
EVTDESC96061;종속국 상태에서 해방되었습니다.;;;;;;;;;;;;;x
EVTNAME96061;$COUNTRY_ADJ$ 자치령;;;;;;;;;;;;;x
EVTDESC96065;적국 중 한 곳과 발생한 외교적 사건으로 인해 $COUNTRY_ADJ$ 시민들이 분노했습니다. 몇 주 전, $CAPITAL$에 파견된 사절이 국가 기밀을 훔친 혐의로 기소되었습니다. 하지만 진실은 훨씬 더 심각했으며, 조사 결과 $COUNTRY$을(를) 불안정하게 만들어 침공하기 쉬운 상태로 만들려는 음모가 드러났습니다. 이 사실이 대중에 유출되자, 이제 수도의 군중들은 총력전을 요구하고 있습니다.;;;;;;;;;;;;;x
EVTNAME96065;분노!;;;;;;;;;;;;;x
EVTOPTA96065;비용이 얼마가 들든 $COUNTRY_ADJ$(의) 이익을 수호해야 한다.;;;;;;;;;;;;;x
EVTOPTB96065;그런 전쟁을 감당할 여력이 없다.;;;;;;;;;;;;;x
EVTDESC96066;반체제 인사로 인해 발생한 저명한 $COUNTRY_ADJ$ 시민의 암살 사건이 철저한 조사 끝에 적대 세력의 사주였음이 밝혀졌습니다. 이는 $COUNTRY$을(를) 불안정하게 만들기 위해 계획된 일련의 사건 중 가장 최근의 일일 뿐입니다. 조사 결과가 대중에 유출되었고, $CAPITAL$의 거리에 모인 수많은 군중은 이제 총력전을 외치고 있습니다.;;;;;;;;;;;;;x
EVTNAME96066;암살!;;;;;;;;;;;;;x
EVTDESC96070;평화 조약에 따라 우리의 식민지와 해외 영토를 양도해야 합니다. 현재 이 영토들을 어느 국가에 '배정'할 것인지에 대한 협상이 진행 중입니다. 우리의 굴욕은 아직 끝나지 않은 모양입니다.;;;;;;;;;;;;;x
EVTNAME96070;$COUNTRY_ADJ$ 식민지;;;;;;;;;;;;;x
EVTOPTA96070;제국을 분할할 시간이다.;;;;;;;;;;;;;x
EVTDESC96071;남은 $FROMCOUNTRY_ADJ$의 식민지와 해외 영토의 통제권을 어느 국가가 가질 것인지에 대해 여전히 협상이 진행 중입니다.;;;;;;;;;;;;;x
EVTNAME96071;$FROMCOUNTRY_ADJ$ 식민지 양도;;;;;;;;;;;;;x
EVTOPTA96071;식민지 통제권을 수용하겠다.;;;;;;;;;;;;;x
EVTOPTB96071;더 이상의 식민지는 원하지 않는다.;;;;;;;;;;;;;x
EVTOPTC96071;이번 식민지는 건너뛰겠다.;;;;;;;;;;;;;x
EVTDESC96081;고립된 $FROMCOUNTRY_ADJ$ 영토가 우리에게 제안되었습니다. 현재의 국경으로는 해당 지역에 접근하기 어려울 수 있으므로, 우리가 이곳을 통치할 의사가 있는지 고려해야 합니다. 하지만 한편으로는, 정말로 $FROMCOUNTRY$이(가) 이곳을 계속 보유하게 두고 싶습니까?;;;;;;;;;;;;;x
EVTDESC96085;과거 적국의 군대가 $CAPITAL$을(를) 떠나며, 그들 국가에 우호적인 새로운 민주 정부를 세워두고 떠났습니다. 이 정부가 얼마나 지속될지는 알 수 없으나, $COUNTRY$ 내부의 많은 이들은 외세에 의해 강요된 '자유'가 진정한 자유인지에 대해 의문을 제기하고 있습니다.;;;;;;;;;;;;;x
EVTNAME96085;새로운 $COUNTRY_ADJ$ 정부;;;;;;;;;;;;;x
EVTOPTA96085;새 정권을 환영한다.;;;;;;;;;;;;;x
EVTDESC96086;$CAPITAL$에서 옛 적국의 군대가 철수하며, 그들은 자국에 우호적인 파시즘 정부를 새로 세워 남겨두었다. 이 정부가 얼마나 지속될지는 알 수 없으나, $COUNTRY$의 많은 이들은 이미 자유의 이름으로 정부를 전복하겠다는 의지가 굳은 것으로 보인다.;;;;;;;;;;;;;x
EVTDESC96087;$CAPITAL$에서 옛 적국의 군대가 철수하며, 그들은 자국에 우호적인 공산주의 정부를 새로 세워 남겨두었다. 이 정부가 얼마나 지속될지는 알 수 없으나, $COUNTRY$의 많은 이들은 이미 자유의 이름으로 정부를 전복하겠다는 의지가 굳은 것으로 보인다.;;;;;;;;;;;;;x
EVTDESC96088;새로운 전제 정권이 우리에게 강요되었으며, 우리는 이를 받아들일 수밖에 없는 상황이다.;;;;;;;;;;;;;x
EVTNAME96088;새로운 정권;;;;;;;;;;;;;x
EVTOPTA96088;새 정권을 환영한다.;;;;;;;;;;;;;x
EVTDESC96090;최근 전쟁에서 $COUNTRY$을(를) 상실하면서 $COUNTRY_ADJ$ 왕실이 많은 비난을 받고 있다. 이미 여러 차례 암살 시도가 있었으며, 정부 내부에서도 왕실의 퇴위를 요구하는 목소리가 나오고 있다. 대중의 정서는 $COUNTRY$이(가) 민주주의 국가가 되어야 한다는 쪽으로 기울고 있으나, 일부에서는 이것이 국가를 더 큰 혼란에 빠뜨릴 것이라고 우려한다.;;;;;;;;;;;;;x
EVTNAME96090;$COUNTRY_ADJ$ 군주제의 종말;;;;;;;;;;;;;x
EVTOPTA96090;왕실은 망명길에 오를 것이다.;;;;;;;;;;;;;x
EVTOPTB96090;절대 안 된다! 군주제는 유지될 것이다.;;;;;;;;;;;;;x
EVTDESC96091;지난 대전쟁이 끝나고 $FROMCOUNTRY$이(가) 해체되었다. 그 징벌적 조치로 유펜-말메디 프로빈스가 우리에게 할양된다.;;;;;;;;;;;;;x
EVTNAME96091;외펜-말메디가 $COUNTRY$로 귀속되다;;;;;;;;;;;;;x
EVTOPTA96091;정당한 처벌이다.;;;;;;;;;;;;;x
EVTDESC96092;지난 대전쟁과 키보토스의 해체 결과로 생피에르 미클롱이 우리에게 제안되었다. 우리가 해당 지역과 가장 가까운 영토를 소유하고 있기에, 열강들은 이곳이 우리의 행정 관할하에 있어야 한다고 주장한다.;;;;;;;;;;;;;x
EVTNAME96092;생피에르 미클롱;;;;;;;;;;;;;x
EVTOPTA96092;우리가 이 섬을 통치하겠다.;;;;;;;;;;;;;x
EVTDESC96093;대전쟁의 패배와 $YEAR$년 파리 조약의 결과로, 키보토스는 피카르 인구가 거주하거나 우리와 국경을 접한 여러 영토를 강제로 할양하는 처벌을 받게 되었다.;;;;;;;;;;;;;x
EVTNAME96093;키보토스 국경;;;;;;;;;;;;;x
EVTOPTA96093;자업자득이다.;;;;;;;;;;;;;x
EVTDESC96100;$COUNTRY_ADJ$의 통치에 대한 원한으로 인해 마슈리키인들 사이에 민족주의의 물결이 퍼지기 시작했다. 이 지역의 총독들은 당연히 불안해하고 있으며, 매우 주의하지 않는다면 향후 몇 년 내에 대규모 반란이 일어날 것으로 보고하고 있다.;;;;;;;;;;;;;x
EVTNAME96100;아랍 반란;;;;;;;;;;;;;x
EVTOPTA96100;진압하라.;;;;;;;;;;;;;x
EVTOPTB96100;자치권을 주면 만족하겠지?;;;;;;;;;;;;;x
EVTDESC96101;$FROMCOUNTRY_ADJ$ 통치자들로부터 자치권을 부여받았다.;;;;;;;;;;;;;x
EVTNAME96101;$COUNTRY_ADJ$ 자치권;;;;;;;;;;;;;x
EVTOPTA96101;이걸로 우리가 만족할 줄 알았나?;;;;;;;;;;;;;x
EVTDESC96102;아랍 반란이 시작되었으며, $CAPITAL$의 많은 이들이 반란 깃발을 내걸고 있다. 그들은 외세의 지배로부터 자유를 요구하고 있으며, 우리가 그들을 계속 통제하기는 어려울 것이다... 물론 우리가 그렇게 하기를 원한다면 말이다.;;;;;;;;;;;;;x
EVTOPTA96102;두고 보자고.;;;;;;;;;;;;;x
EVTDESC96105;$COUNTRY$의 아랍 인구에 의한 전면적인 봉기가 종식되었다. 당분간 평화가 회복되었으며 아랍 저항군의 기세는 꺾였다.;;;;;;;;;;;;;x
EVTNAME96105;아랍 반란의 종료;;;;;;;;;;;;;x
EVTOPTA96105;훌륭한 소식이다!;;;;;;;;;;;;;x
EVTDESC96106;$PROVINCENAME$에서 봉기가 일어났다는 소식이 전해졌다. 마슈리키 부족 무리가 지역의 $COUNTRY_ADJ$ 수비대를 공격했으나 빠르게 진압되었다. $PROVINCENAME$ 총독은 다른 이들이 본보기로 삼아 따르지 못하도록 그들의 시신을 전시했으나, 효과는 없었다. 오히려 아랍인들의 분노가 $STATENAME$ 전역으로 확산되었다.;;;;;;;;;;;;;x
EVTNAME96106;$PROVINCENAME$의 아랍 봉기;;;;;;;;;;;;;x
EVTOPTA96106;총독을 문책하라. 일이 걷잡을 수 없이 커지게 둬선 안 된다.;;;;;;;;;;;;;x
EVTOPTB96106;속히 진압하라.;;;;;;;;;;;;;x
EVTDESC96110;사우드 가문의 후손 압둘-아지즈가 쿠웨이트 망명 생활을 마치고 돌아왔습니다. 그는 남부 베두인 부족들과 동맹을 맺고 리야드를 탈환하는 데 성공했습니다. 이븐 사우드가 더 많은 영토를 되찾아 우리 가문이 거두었던 이전의 승리를 뒤집기 전에, 서둘러 그를 처리해야 합니다.;;;;;;;;;;;;;x
EVTNAME96110;사우드 가문의 귀환;;;;;;;;;;;;;x
EVTOPTA96110;우리 통치에 대항한 헛된 반란이었다.;;;;;;;;;;;;;x
EVTDESC96115;우리는 항상 호시노에 대한 충성과 아이셰에 대한 충성 사이에서 갈등해 왔습니다. 이제 둘 중 하나를 선택해야 할 때가 왔습니다.;;;;;;;;;;;;;x
EVTNAME96115;헤자즈의 통치;;;;;;;;;;;;;x
EVTOPTA96115;아이셰가 더 두렵다.;;;;;;;;;;;;;x
EVTOPTB96115;호시노 편을 들겠다.;;;;;;;;;;;;;x
EVTDESC96120;북쪽 국경에 하일 토후국이 버티고 있는 한, 사우드 가문은 결코 아라비아를 통합할 수 없을 것입니다. 전력을 결집해 그들을 굴복시켜야 합니다.;;;;;;;;;;;;;x
EVTNAME96120;라시드 가문;;;;;;;;;;;;;x
EVTOPTA96120;그렇게 될 수밖에!;;;;;;;;;;;;;x
EVTDESC96121;남쪽 국경에 네즈드 토후국이 버티고 있는 한, 라시드 가문은 결코 아라비아를 통합할 수 없을 것입니다. 전력을 결집해 그들을 굴복시켜야 합니다.;;;;;;;;;;;;;x
EVTNAME96121;사우드 가문;;;;;;;;;;;;;x
EVTOPTA96121;그렇게 될 수밖에!;;;;;;;;;;;;;x
EVTDESC96122;바그다드 주지사가 쿠웨이트를 중앙 정부에 긴밀히 통합하자는 아이디어를 정부에 제안했습니다. 이는 자유로운 쿠웨이트의 종말을 의미합니다. 그들의 반응이 어떠할지, 혹은 그러한 통합이 외교적으로 이루어질지 무력으로 이루어질지는 알 수 없으나, $CAPITAL$의 고위 인사들은 더 이상 기다리지 말고 인도의 주인들에게 접근하자고 제안했습니다. 인도는 바그다드보다 훨씬 부유하며, 그들의 치하에서라면 분명 번영할 것입니다. 주권을 잃어야 한다면, 가까운 주인보다는 멀리 있는 주인이 더 많은 자유를 허용해 줄 것입니다.;;;;;;;;;;;;;
EVTNAME96122;잠식하는 외세의 영향력;;;;;;;;;;;;;
EVTOPTA96122;열강쬟(플레이어 게임 오버)쬦에 사절을 보내라.;;;;;;;;;;;;;
EVTOPTB96122;누구의 도움도 필요 없다.;;;;;;;;;;;;;
EVTDESC96123;쿠웨이트는 18세기 초 탄생 이후 사실상 독립을 누려왔으나, 수장들은 시기에 따라 아이셰나 리야드의 와하비 이맘들의 명목상 종주권을 인정했습니다. 몇 년 전, 모하메드 빈 사바가 토후국의 수장직을 승계했습니다. 하지만 새 통치자는 무능했고, 결국 국정은 그의 영리한 처남인 유수프 빈 압둘라 알-이브라힘의 손으로 넘어갔습니다. 그는 토후국을 아이셰식으로 동화하려는 정책에 집착한 친투르크파였습니다. 모하메드의 이복형인 무바라크는 쿠웨이트 애국파들에게 뛰어난 능력과 원대한 야망을 가진 지도자로 보였고, 곧 무바라크는 통치 수장을 암살하고 권력을 장악했습니다. 처음에는 $COUNTRY_ADJ$ 걸프 거주관이 이러한 사건들에 큰 관심을 기울이지 않았으나, 이웃 국가들이 쿠웨이트를 침범하고 레반트와 이스탄불에 초록겨울의 영향력이 커지자, 거주관은 무바라크의 말에 귀를 기울이며 $COUNTRY_ADJ$ 관계를 구축하기 시작했습니다. 마침내 $CAPITAL$ 측에 제안이 들어왔습니다. 무바라크가 보호와 어느 정도의 자치권을 대가로 $COUNTRY_ADJ$ 보호국이 되겠다고 제안한 것입니다.;;;;;;;;;;;;;
EVTNAME96123;쿠웨이트 보호국 수립;;;;;;;;;;;;;
EVTOPTA96123;관대한 보호를 제안하겠다.;;;;;;;;;;;;;
EVTOPTB96123;관여하고 싶지 않다.;;;;;;;;;;;;;
EVTDESC96124;쿠웨이트는 18세기 초 탄생 이후 사실상 독립을 누려왔으나, 수장들은 시기에 따라 아이셰나 리야드의 와하비 이맘들의 명목상 종주권을 인정했습니다. 몇 년 전, 모하메드 빈 사바가 토후국의 수장직을 승계했습니다. 하지만 새 통치자는 무능했고, 결국 국정은 그의 영리한 처남인 유수프 빈 압둘라 알-이브라힘의 손으로 넘어갔으며, 그는 토후국을 $COUNTRY_ADJ$화하려는 정책에 집착했습니다. 모하메드의 이복형인 무바라크는 쿠웨이트 애국파들에게 뛰어난 능력과 원대한 야망을 가진 지도자로 보였고, 곧 무바라크는 통치 수장을 암살하고 권력을 장악했습니다. $COUNTRY_ADJ$의 쿠웨이트 개입을 우려한 무바라크는 $FROMCOUNTRY_ADJ$ 걸프 거주관과 협상을 시작했고, 거주관은 이 기회를 놓치지 않고 무바라크를 설득하여 $FROMCOUNTRY_ADJ$ 보호국으로 만들었습니다.;;;;;;;;;;;;;
EVTNAME96124;쿠웨이트, $FROMCOUNTRY_ADJ$의 보호국이 되다;;;;;;;;;;;;;
EVTOPTA96124;믿을 수 없는 $FROMCOUNTRY_ADJ$ 놈들!;;;;;;;;;;;;;
EVTDESC96130;국제사회에서는 $COUNTRY$의 호전적인 태도에 대해 웅성거리고 있으며, 일부에서는 $COUNTRY_ADJ$의 침략을 저지하기 위해 통합 전선을 구축해야 한다고 말합니다. 심지어 우리 국민들을 선동해 내부 분열을 꾀하는 시도까지 있습니다. 앞으로 주의하지 않으면, 단일한 적이 아니라 우리에게 맞서 단결한 세계 열강들과 마주하게 될 것입니다.;;;;;;;;;;;;;x
EVTNAME96130;악명의 대가;;;;;;;;;;;;;x
EVTOPTA96130;어디 한번 해보라고 해라!;;;;;;;;;;;;;x
EVTDESC96131;세계 열강들은 $COUNTRY$이 공격적인 방식을 바꾸려는 노력에 주목했습니다. 일부는 관계 개선을 위해 손을 내밀고 있으며, 그들의 외교관들은 $COUNTRY$이 앞으로도 다른 국가들을 문명적인 방식으로 대하기를 희망한다고 밝혔습니다.;;;;;;;;;;;;;x
EVTNAME96131;긴장의 완화;;;;;;;;;;;;;x
EVTOPTA96131;신뢰를 보여주어 고맙군.;;;;;;;;;;;;;x
EVTDESC96135;문명을 존중하지 않는 국가는 용납할 수 없습니다.;;;;;;;;;;;;;x
EVTNAME96135;이것을 묵과할 수 없다;;;;;;;;;;;;;x
EVTOPTA96135;반드시 막아야 한다!;;;;;;;;;;;;;x
EVTDESC96136;$FROMCOUNTRY_ADJ$ 외교관들이 우리 국가에 최후통첩을 보냈습니다. 즉시 $COUNTRY$을(를) 해체하십시오. 그렇지 않으면 세계 열강들이 우리에 맞서 단결할 수밖에 없을 것입니다. 그들의 요구 사항은 다음과 같습니다:\n \n 1. 정복을 통해 불법적으로 점유한 모든 영토의 반환.\n 2. 현재 우리 영토 내에 있는 모든 독립 희망 민족의 석방.\n 3. 모든 식민지와 해외 영토를 다른 열강들에게 양도.\n 4. $COUNTRY$이(가) 향후 최소 10년 동안 어떤 국가에도 전쟁을 선포하지 않겠다는 합의.\n \n 이러한 요구가 극도로 굴욕적이라는 점은 말할 필요도 없으며, 우리가 동의한다면 $COUNTRY_ADJ$ 국민들은 당연히 분노할 것입니다. 하지만 동의하지 않는다면, $COUNTRY$은(는) 우리조차 감당하기 힘든 거대한 전쟁에 직면하게 될 것입니다.;;;;;;;;;;;;;x
EVTNAME96136;$FROMCOUNTRY_ADJ$의 최후통첩;;;;;;;;;;;;;x
EVTOPTA96136;절대 안 된다!;;;;;;;;;;;;;x
EVTOPTB96136;수용할 수밖에 없다.;;;;;;;;;;;;;x
EVTDESC96140;부랑자 국가와의 전쟁에 참여하시겠습니까?;;;;;;;;;;;;;x
EVTNAME96140;전쟁에 동참하겠는가?;;;;;;;;;;;;;x
EVTOPTA96140;우리의 역할을 다해야 한다.;;;;;;;;;;;;;x
EVTDESC96141;$FROMCOUNTRY$로부터 전보가 도착했습니다. 그들은 우리에게 전쟁을 선포했으며, $COUNTRY$이(가) 무장 해제되어 국제 사회의 의지에 굴복할 때까지 전쟁을 지속할 것이라고 합니다.;;;;;;;;;;;;;x
EVTNAME96141;$FROMCOUNTRY$의 참전;;;;;;;;;;;;;x
EVTOPTA96141;두고 보면 알게 되겠지.;;;;;;;;;;;;;x
EVTDESC96145;이제 무기를 내려놓을 때입니다.;;;;;;;;;;;;;x
EVTNAME96145;적의 패배;;;;;;;;;;;;;x
EVTOPTA96145;그럴 때가 되었군.;;;;;;;;;;;;;x
EVTDESC96146;우리는 더 이상 국제 연합의 일원이 아닙니다.;;;;;;;;;;;;;x
EVTNAME96146;전쟁 종료;;;;;;;;;;;;;x
EVTOPTA96146;끝나서 다행이다!;;;;;;;;;;;;;x
EVTDESC96150;우리는 그 어떤 국가도 $COUNTRY$의 앞길을 막을 수 없음을 증명했다. 우리는 원하는 대로 행동할 것이며, 소위 세계 열강이라는 자들의 그 어떤 반대도 우리의 운명을 달성하는 것을 저지하지 못할 것이다. 지금은 평화가 찾아왔으나, 만약 다른 국가들이 우리의 미래 목표를 가로막으려 한다면 얼마든지 시도해 보라고 하라.;;;;;;;;;;;;;x
EVTNAME96150;$COUNTRY$의 승리;;;;;;;;;;;;;x
EVTOPTA96150;훌륭하다!;;;;;;;;;;;;;x
EVTDESC96160;시라쿠사 통일의 대업을 위해, 우리 국민은 라테라노와 합치기를 갈망하고 있습니다.;;;;;;;;;;;;;x
EVTNAME96160;라테라노와의 통합;;;;;;;;;;;;;x
EVTOPTA96160;비바 시라쿠사!;;;;;;;;;;;;;x
EVTDESC96161;플롱비에르 협약이 실패했으며, 키보토스와의 계약은 파기되었습니다.;;;;;;;;;;;;;x
EVTNAME96161;플롬비에르 협약의 실패;;;;;;;;;;;;;x
EVTOPTA96161;안타깝군.;;;;;;;;;;;;;x
EVTDESC96165;시라쿠사 주민들이 마침내 통일을 이루어냈으며, 이는 이 지역 내 $COUNTRY_ADJ$의 이익을 위협하고 있습니다. 우리는 이에 반대하는 것이 좋을지, 아니면 새로운 통치자들과 우호적인 관계를 맺는 것이 최선일지 결정해야 합니다. 결국 이미 벌어진 일은 되돌릴 수 없으며, 통일 시라쿠사는 무시무시한 적이 될 수도, 혹은 강력한 $COUNTRY_ADJ$의 동맹이 될 수도 있습니다.;;;;;;;;;;;;;x
EVTNAME96165;시라쿠사 통일;;;;;;;;;;;;;x
EVTOPTA96165;이것은 $COUNTRY$에 대한 위협이다.;;;;;;;;;;;;;x
EVTOPTB96165;시라쿠사와 화해해야 한다.;;;;;;;;;;;;;x
EVTDESC96170;$COUNTRY$이(가) 시라쿠사 민족주의의 중심지가 되었으며, 국민들은 통일을 외치고 있습니다. $CAPITAL$의 거리에는 시라쿠사 국기가 휘날리고 있으며, 우리는 이 부름에 응답하여 시라쿠사 전역을 평화롭게 우리의 깃발 아래 통합할지 결정해야 합니다. 만약 이를 거절한다면 국민들이 분노할 것이며, 다시는 이런 기회가 오지 않을 것입니다.;;;;;;;;;;;;;x
EVTNAME96170;리소르지멘토;;;;;;;;;;;;;x
EVTDESC96171;자금이 부족했던 루카 공작은 재무장관이 된 워드의 조언에 따라 30년 전의 작위에 대한 세액 공제를 청구했습니다. 이 모든 조치는 전반적인 불만을 야기했습니다. 루카에서는 자유주의 운동이 성장하기 시작했고, $YEAR$에서는 일련의 시위가 일어나 결국 전면적인 폭동으로 번졌습니다. 처음에 샤를 루이 공작은 권위를 세우려 했으나, 지속되는 불안 사태로 인해 비냐레의 산 마르티노 빌라로 피신해야 했습니다. 개혁안을 제출하려는 군중의 모습에 겁을 먹은 그는 일련의 양보안에 서명했습니다. 3일 후, 많은 시민의 압력에 못 이겨 루카로 돌아온 그는 환영을 받았으나, 결국 압박을 견디지 못하고 모데나로 떠났습니다. 그곳에서 그는 국무회의를 섭정회의로 전환하는 칙령을 내렸습니다. 며칠 후, 그는 $COUNTRY$의 통치자에게 양위했습니다.;;;;;;;;;;;;;x
EVTNAME96171;루카 공국;;;;;;;;;;;;;x
EVTOPTA96171;좋은 소식이다!;;;;;;;;;;;;;x
EVTDESC96172;조국의 제단(Altare della Patria)의 절충주의적 구조는 1885년 주세페 사코니가 설계했습니다. 조각 작업은 레오나르도 비스톨피와 안젤로 자넬리 등 시라쿠사 전역의 유명 조각가들에게 나누어 맡겨졌습니다. 이 기념비는 완전히 완공되지는 않았으나 $YEAR$에 제막되었습니다. 이 기념비는 계단, 코린트식 기둥, 분수, 시라쿠사 통일의 주역인 인물의 기마상, 그리고 콰드리가를 타고 있는 빅토리아 여신상 두 개를 특징으로 합니다. 구조물의 너비는 135m, 높이는 70m이며, 콰드리가와 날개 달린 빅토리아 상까지 포함하면 높이는 81m에 달합니다. 총 면적은 17,000제곱미터입니다.;;;;;;;;;;;;;x
EVTNAME96172;조국의 제단 완공;;;;;;;;;;;;;x
EVTOPTA96172;아반티 시라쿠사!;;;;;;;;;;;;;x
EVTDESC96173;$YEAR$ 혁명의 씨앗은 빈 회의 이전인 1812년에 뿌려졌습니다. 당시 나폴레옹 시대의 격변 속에서 부르본 왕가는 나폴리를 탈출해 트리니티 해군의 도움으로 팔레르모에 궁정을 세워야 했습니다. 시칠리아 귀족들은 이 기회를 틈타 부르본 왕가에 웨스트민스터 의회 정부 체제에 기반한 새로운 시칠리아 헌법을 강요했으며, 이는 당시로서는 상당히 자유주의적인 헌법이었습니다. 그러나 빈 회의 이후, 나폴리의 페르디난도 4세(시칠리아의 페르디난도 3세)는 궁정을 나폴리로 옮기자마자 즉시 이 헌법을 폐지했습니다. 1848년 혁명은 주로 팔레르모를 중심으로 조직되었습니다. 혁명의 실질적인 행동이 일어나기 사흘 전부터 이미 포스터와 공고문이 배포되었다는 점은 이 반란의 대중적 성격을 잘 보여줍니다. 반군이 주요 도시들을 습격하며 우리 군의 허를 찔렀습니다.;;;;;;;;;;;;;x
EVTNAME96173;$YEAR$년의 시칠리아 혁명;;;;;;;;;;;;;x
EVTOPTA96173;배신자 놈들, 가만두지 않겠다!;;;;;;;;;;;;;x
EVTOPTB96173;그들은 필요 없다. 메시나만 빼고 다 내줘라.;;;;;;;;;;;;;x
EVTOPTC96173;아반티 시칠리아!;;;;;;;;;;;;;x
EVTOPTA96200;더 위대한 운명이 기다린다!;;;;;;;;;;;;;x
EVTDESC96215;민족주의자들이 인도 내 $COUNTRY_ADJ$ 식민지를 장악하는 데 성공했다. 우리 주지사들은 쫓겨났으며 영토를 상실했다.;;;;;;;;;;;;;x
EVTNAME96215;인도 민족주의자들의 승리!;;;;;;;;;;;;;x
EVTOPTA96215;터무니없군!;;;;;;;;;;;;;x
EVTOPTA96216;더 위대한 운명이 기다린다!;;;;;;;;;;;;;x
EVTDESC97000;탕 쿠쿠 빈곤층 사이에서 집권 정부에 대한 불만이 커지던 중, 교회 내 매장 금지에 대한 대중적 분노가 기폭제가 되어 반란으로 번졌다. 초기 폭동의 주동자는 마리아라는 여성으로, 그녀의 별명은 농민 여성들이 대거 참여한 이 반란을 상징하게 되었다. 이후 유럽 각지의 반란을 모방하던 혁명가들이 이 움직임을 이용하기 시작했다.;;;;;;;;;;;;;x
EVTNAME97000;마리아 다 폰테의 혁명;;;;;;;;;;;;;x
EVTOPTA97000;아무 소득 없을 것이다.;;;;;;;;;;;;;x
EVTDESC97001;마리아 드 폰테 반란이 $PROVINCENAME$까지 확산되었으며, 하층민들이 집권 정부에 반대하며 봉기했다. 많은 이들이 정부의 퇴진을 요구하고 있으며, 마리아 2세 여왕이 질서 회복을 위해 쿠데타를 획책할 조짐이 보인다.;;;;;;;;;;;;;x
EVTNAME97001;$PROVINCENAME$의 농민 반란;;;;;;;;;;;;;x
EVTOPTA97001;그런 일은 일어나지 않을 것이다.;;;;;;;;;;;;;x
EVTDESC97002;탕 쿠쿠군이 농촌 지역의 질서를 회복하고 농민들을 다시 통제하에 두는 데 성공했다. 왕실 쿠데타의 위험은 사라졌다.;;;;;;;;;;;;;x
EVTNAME97002;혁명의 종료;;;;;;;;;;;;;x
EVTOPTA97002;아무 소득 없을 거라고 말하지 않았나.;;;;;;;;;;;;;x
EVTDESC97003;탕 쿠쿠 전역으로 확산되는 반란에 직면한 마리아 2세 여왕은 헌법을 정지시키고 제1대 살단하 공작 주앙 프란시스코 데 살단하 올리베이라 이 다운이 이끄는 반동주의 정부를 수립했다. 이는 국내 자유주의자들의 분노를 샀으며, 내전 가능성이 거론되기 시작했다.;;;;;;;;;;;;;x
EVTNAME97003;엠보스카다;;;;;;;;;;;;;x
EVTOPTA97003;앞으로 문제가 생길 수도 있다.;;;;;;;;;;;;;x
EVTDESC97006;우리 군이 앙골라 농촌 지역을 서서히 평정하고 있다. 운이 좋다면 언젠가는 아프리카 식민지들을 서로 연결할 수 있을 것이다.;;;;;;;;;;;;;x
EVTNAME97006;앙골라 점령;;;;;;;;;;;;;x
EVTOPTA97006;탕 쿠쿠의 영광을 위하여!;;;;;;;;;;;;;x
EVTDESC97007;우리 군이 모잠비크 농촌 지역을 서서히 평정하고 있다. 운이 좋다면 언젠가는 아프리카 식민지들을 서로 연결할 수 있을 것이다.;;;;;;;;;;;;;x
EVTNAME97007;모잠비크 점령;;;;;;;;;;;;;x
EVTDESC97008;$FROMCOUNTRY$이(가) 탄가니카의 우리 식민 정부에 잔지바르 해안을 매각하겠다고 제안했다. 합리적인 거래로 보인다.;;;;;;;;;;;;;x
EVTNAME97008;잔지바르 매입;;;;;;;;;;;;;x
EVTOPTA97008;제안을 수락한다.;;;;;;;;;;;;;x
EVTOPTB97008;제안을 거절한다.;;;;;;;;;;;;;x
EVTDESC97009;$FROMCOUNTRY$이(가) 케냐의 우리 식민 정부에 맘바사 해안을 매각하겠다고 제안했다. 합리적인 거래로 보인다.;;;;;;;;;;;;;x
EVTNAME97009;몸바사 매입;;;;;;;;;;;;;x
EVTDESC97010;$FROMCOUNTRY$으로부터 최후통첩을 받았다. 앙골라와 모잠비크 사이의 식민지를 양도하지 않으면 대가를 치르게 될 것이라는 내용이다. 탕 쿠쿠 국민들은 이를 $FROMCOUNTRY_ADJ$의 믿기 힘든 배신으로 여긴다. 전통적인 동맹국이었던 그들이 이제는 우리의 정당한 식민지 영토를 강압적으로 빼앗으려 하는가? 도저히 묵과할 수 없다!;;;;;;;;;;;;;x
EVTNAME97010;탕 쿠쿠 식민지;;;;;;;;;;;;;x
EVTOPTA97010;선택의 여지가 없다.;;;;;;;;;;;;;x
EVTOPTB97010;손가락 끝까지 물어뜯어야 뺏을 수 있을 것이다!;;;;;;;;;;;;;x
EVTDESC97011;$FROMCOUNTRY$이(가) 불만을 표하면서도 우리의 조건에 동의했다.;;;;;;;;;;;;;x
EVTNAME97011;$FROMCOUNTRY$이(가) 동의했다;;;;;;;;;;;;;x
EVTOPTA97011;시간이 지나면 잊겠지.;;;;;;;;;;;;;x
EVTDESC97012;$FROMCOUNTRY$이(가) 우리의 최후통첩을 거부했으며, 오히려 $COUNTRY$이(가) 능력이 된다면 식민지를 빼앗아 보라며 도발했다.;;;;;;;;;;;;;x
EVTNAME97012;$FROMCOUNTRY$(이)가 거절했습니다!;;;;;;;;;;;;;x
EVTOPTA97012;어리석군!;;;;;;;;;;;;;x
EVTDESC97015;잠시 해외 여행을 마치고 리스본으로 돌아온 카를로스 1세와 왕실 가족이 테레로 도 파소를 지나던 중, 공화주의 활동가들이 마차를 향해 총격을 가했다. 총탄 3발이 국왕을 맞혀 사망케 했으며, 또 다른 탄환은 왕위 계승자인 루이스 필리페에게 치명상을 입혔다. 혼란 속에서 경찰이 암살범들을 사살했으나, 국왕과 왕세손은 끝내 살아남지 못하고 곧 해군 병기창에서 사망 판정을 받았다. 국왕의 막내아들인 마누엘이 빠르게 탕 쿠쿠의 새로운 국왕으로 추대되었다.;;;;;;;;;;;;;x
EVTNAME97015;카를로스 1세 국왕 암살;;;;;;;;;;;;;x
EVTOPTA97015;국가적 비극이다!;;;;;;;;;;;;;x
EVTDESC97020;카를로스 국왕의 사망으로 군주제가 이미 약화된 상황에서, 공화주의 반대 세력은 수도에서 상당한 지지를 모을 수 있었다. 카보나리아 단원들과 공화주의 청년들, 그리고 군 일부 세력이 궁전에서 쿠데타를 일으켰다. 젊은 마누엘 국왕과 그 가족은 트리니티로 망명한 것으로 알려졌으며, 며칠 뒤 리스본에서 새로운 탕 쿠쿠 공화국이 선포되었다.;;;;;;;;;;;;;x
EVTNAME97020;공화주의 쿠데타;;;;;;;;;;;;;x
EVTOPTA97020;공화국 만세!;;;;;;;;;;;;;x
EVTOPTB97020;군주제 하에 권력을 유지하라!;;;;;;;;;;;;;x
EVTDESC97034;우리는 라 플루마의 굴레에서 벗어났다. 정권과 라 플루마와의 연합을 지지한 이들도 많았으나, 그보다 훨씬 더 많은 이들이 $COUNTRY$이(가) 자립하기를 바랐음은 의심의 여지가 없다. 이는 독립된 우리 국군에 입대하기 위해 몰려드는 젊은이들의 인파를 보면 더욱 분명히 알 수 있다.;;;;;;;;;;;;;x
EVTNAME97034;우리는 자유다!;;;;;;;;;;;;;x
EVTOPTA97034;비바 긴꼬리친칠라!;;;;;;;;;;;;;x
EVTDESC97035;펠리페 살라베르리 장군이 어젯밤 감옥에서 사망했다는 보고가 들어왔다. 교도소 의사들은 사인이 성홍열이며, 며칠 전부터 이미 몸 상태가 좋지 않았다고 한다. 영양실조와 신선한 공기 및 햇빛 부족으로 쇠약해진 상태가 결국 이 세상과의 이른 작별을 불러온 것이다. 당분간은 소식을 숨길 수 있겠으나, 긴꼬리친칠라의 자유주의자들이 우리의 권위를 깎아내리기 위해 그를 순교자로 만들 것은 자명한 일이다. 만약 상황이 달랐더라면, 그는 습한 감옥에서 썩어가는 껍데기가 아니라 우리 군의 유능한 지휘관이 되었을지도 모를 일이다.;;;;;;;;;;;;;x
EVTNAME97035;살라베리가 옥사했다!;;;;;;;;;;;;;x
EVTOPTA97035;지나간 일에 미련을 갖지 마라.;;;;;;;;;;;;;x
EVTDESC97036;북부에서 오르베고소와 그의 라 플루마 동맹군을 격퇴하는 데는 성공했지만, 승리를 굳힐 자원이 부족했던 탓에 그는 남부의 거점과 수도 타크나의 권력을 유지할 수 있었다. 수개월간의 잔혹한 전투와 양측의 막대한 고통 끝에, 살라베르리와 오르베고소는 쿠스코에서 만나 휴전 협정에 서명했다. 두 사람은 서로를 전혀 신뢰하지 않지만, 질병과 굶주림, 탈진으로 더 많은 병사를 잃고 싶어 하지 않는다. 평화는 위태롭고 불안정하며, 산타 크루즈 역시 긴꼬리친칠라에 대한 라 플루마의 지배력을 확립하지 못한 것에 분명 불만을 품고 있다. 하지만 지금 이 순간, 많은 이들이 바라는 것은 오직 평화뿐이다.;;;;;;;;;;;;;x
EVTNAME97036;쿠스코 휴전;;;;;;;;;;;;;x
EVTOPTA97036;민족의 재결합을 위해 계속 투쟁하겠다.;;;;;;;;;;;;;x
EVTDESC97037;오르베고소 장군의 군대를 상대로 완승을 거둔 우리 군이 타크나로 진격하여 전국에 질서를 회복하고 있으며, 이제 내전의 종식을 선언할 수 있게 되었다. 오르베고소는 패배한 개처럼 라 플루마의 동맹국들에게로 도망쳤으며, 긴꼬리친칠라의 미래는 그 어느 때보다 밝아 보인다.;;;;;;;;;;;;;x
EVTNAME97037;긴꼬리친칠라의 질서 회복;;;;;;;;;;;;;x
EVTOPTA97037;훌륭하군!;;;;;;;;;;;;;x
EVTDESC97038;심각한 정치적 혼란기를 거쳐 1836년 10월 28일, 긴꼬리친칠라-라 플루마 연합이 선포되었다. 산타 크루즈 원수는 연합의 최고 보호자가 되었으며, 동시에 긴꼬리친칠라 각 주의 최고 보호자와 라 플루마 공화국 대통령을 겸임했다. 이로써 새로운 연합은 긴꼬리친칠라, 훔볼트펭귄, 라 플루마의 3개 주로 구성되었으며, 수도는 긴꼬리친칠라 남부의 타크나 시가 되었다. 이 새로운 국가의 창설은 이전의 상업적 제한이 해제되어 충분한 혜택을 입을 수 있었던 긴꼬리친칠라 남부에서는 환영받았으나, 전통적으로 파비올라와 밀접한 상업 관계를 통해 이득을 취해온 리마의 엘리트들과 긴꼬리친칠라 북부에서는 격렬한 반감을 샀다.;;;;;;;;;;;;;x
EVTNAME97038;세 개의 공화국;;;;;;;;;;;;;x
EVTOPTA97038;훌륭하군!;;;;;;;;;;;;;x
EVTDESC97039;살라베르리 장군의 반란을 진압했으니 우리는 약속을 지킨 셈이다. 이제 오르베고소 장군이 약속을 이행하여 긴꼬리친칠라가 라 플루마와 연합하도록 하는 법안을 통과시켜야 한다.;;;;;;;;;;;;;x
EVTNAME97039;긴꼬리친칠라 개입 성공;;;;;;;;;;;;;x
EVTOPTA97039;연합이 실현될 것이다!;;;;;;;;;;;;;x
EVTOPTB97039;잊어버려라...;;;;;;;;;;;;;x
EVTDESC97040;우리 군이 승리했고 긴꼬리친칠라-라 플루마 연합은 해체되었다. 살라베르리 장군을 지원함으로써 우리는 지역 내에 강력한 동맹을 얻었으며, 우리가 지향하는 바가 무엇인지 남미와 전 세계에 보여주었다.;;;;;;;;;;;;;x
EVTNAME97040;긴꼬리친칠라 개입 성공;;;;;;;;;;;;;x
EVTOPTA97040;훌륭하군!;;;;;;;;;;;;;x
EVTDESC97041;긴꼬리친칠라-라 플루마 연합이 전쟁에 휩싸인 가운데, 살라베르리 장군이 고국 긴꼬리친칠라를 대신해 우리 정부에 개입을 요청하러 왔다. 그는 조국에 가해지는 라 플루마의 폭정을 끝낼 수 있도록 가능한 모든 수단으로 자신의 대의를 지지해 달라고 요청한다. 그는 이곳에 머무는 동안 군인과 장교들 사이에서 적지 않은 지지도를 얻었으나, 과연 단 한 사람을 위해 이 외전에 뛰어들어야 하는가? 우리가 얻을 이득은 무엇인가?;;;;;;;;;;;;;x
EVTNAME97041;긴꼬리친칠라에 개입할 것인가?;;;;;;;;;;;;;x
EVTOPTA97041;긴꼬리친칠라를 해방시키겠다!;;;;;;;;;;;;;x
EVTOPTB97041;그를 지원하겠지만, 행동은 그가 알아서 하게 둬라.;;;;;;;;;;;;;x
EVTOPTC97041;그는 우리의 환대를 남용하고 있다. 당장 내쫓아라;;;;;;;;;;;;;x
EVTOPTD97041;그에게 머물러 달라고 간청하라;;;;;;;;;;;;;x
EVTDESC97042;펠리페 산티아고 살라베르리 장군은 루이스 오르베고소 대통령을 축출하려다 실패하고 긴꼬리친칠라에서 추방되었다. 그는 라 플루마의 안드레스 데 산타 크루즈 장군이 개입한 전투에서 패배했다. 그는 현재 우리 $COUNTRY$(으)로 망명을 요청하며 자신의 능력을 제공하겠다고 제안하고 있다. 그는 젊고 재능 있는 군인일 수도 있지만, 동시에 짐이 될 수도 있으며, 그를 보호하는 것이 세상의 눈에 띄지 않을 리 없다.;;;;;;;;;;;;;x
EVTNAME97042;살라베리의 망명 요청;;;;;;;;;;;;;x
EVTOPTA97042;머물게 하라. 언젠가 그가 필요할 때가 올 것이다;;;;;;;;;;;;;x
EVTOPTB97042;실패한 혁명가 따위는 여기서 필요 없다;;;;;;;;;;;;;x
EVTDESC97043;긴꼬리친칠라의 마지막 저항 거점들이 정리될 무렵, 우리 군은 바다를 통해 도주하려던 살라베르리 장군을 생포했다. 현재 그는 우리 구금 상태이며, 그를 어떻게 처리할지 결정해야 한다. 그는 긴꼬리친칠라 독립 전쟁 당시 기병 생도로 참전하여 빠르게 승진하며 주도력과 리더십을 보여준, 긴꼬리친칠라군 내에서 존경받는 장교였다. 게다가 이제 겨우 30세의 청년이라는 점까지 고려하면, 그는 매우 가치 있는 인물인 동시에 위험한 인물이기도 하다.;;;;;;;;;;;;;x
EVTNAME97043;살라베리 생포!;;;;;;;;;;;;;x
EVTOPTA97043;반란군 쓰레기들에게는 총살형이 적당하다.;;;;;;;;;;;;;x
EVTOPTB97043;차갑고 어두운 감옥에 가두면 생각을 고쳐먹게 될 것이다.;;;;;;;;;;;;;x
EVTOPTC97043;긴꼬리친칠라 군대에서 복역하며 형을 치르게 하라.;;;;;;;;;;;;;x
EVTOPTD97043;다시는 이 땅에 발을 들이지 못하게 하라.;;;;;;;;;;;;;x
EVTDESC97044;우리는 야전에서 살라베르리 장군의 군대를 격파하고 긴꼬리친칠라에 대한 통제권을 확립했다. 우리 군이 라 플루마 동맹군과 나란히 리마로 진격함에 따라 오르베고소 장군이 대통령으로 복귀했으며, 살라베르리가 도주를 시도하다 아레키파의 이슬레이에서 라 플루마 군에 체포되었다는 소식이 전해졌다. 한편, 처음에 오르베고소에 맞서 반대 세력을 이끌었던 아구스티엔 가마라는 우리 손을 빠져나가 칸타빌레로 도주한 것이 마지막으로 확인되었다.;;;;;;;;;;;;;x
EVTNAME97044;긴꼬리친칠라의 질서 회복;;;;;;;;;;;;;x
EVTOPTA97044;우리는 반드시 이 땅에 우리의 흔적을 남길 것이다;;;;;;;;;;;;;x
EVTDESC97045;우리 군은 야전에서 패배했고, 오르베고소는 긴꼬리친칠라-라 플루마 연방을 수립하려는 우리의 노력을 거부했다. 비록 독립은 유지했으나 이는 매우 큰 굴욕이며, 당분간 연방 수립의 꿈은 접어두어야 한다.;;;;;;;;;;;;;x
EVTNAME97045;긴꼬리친칠라가 저항했다;;;;;;;;;;;;;x
EVTOPTA97045;저 긴꼬리친칠라의 개 같은 놈!;;;;;;;;;;;;;x
EVTDESC97046;우리 군이 리마로 진격하고 오르베고소가 겁쟁이처럼 도망치고 있으니, 이제 우리의 꿈인 연방 수립을 가로막을 것은 아무것도 없다.;;;;;;;;;;;;;x
EVTNAME97046;긴꼬리친칠라가 굴복했습니다!;;;;;;;;;;;;;x
EVTOPTA97046;연합 만세!;;;;;;;;;;;;;x
EVTDESC97047;루이스 오르베고소 장군이 합의를 어기고 긴꼬리친칠라의 독립을 주장하고 있다. 이러한 반항을 우리 국민들이 가만히 지켜보지 않을 것이며, 제대로 대응하지 않는다면 우리는 약한 모습으로 비칠 것이다.;;;;;;;;;;;;;x
EVTNAME97047;긴꼬리친칠라가 거부합니다!;;;;;;;;;;;;;x
EVTOPTA97047;은혜를 원수로 갚는 개에게 어떤 일이 벌어지는지 보여주마.;;;;;;;;;;;;;x
EVTOPTB97047;다시는 저 산맥으로 진군하지 말자.;;;;;;;;;;;;;x
EVTDESC97048;루이스 오르베고소 장군이 약속을 이행하여 합의된 내용대로 라 플루마와의 연방 수립 절차를 시작했다. 양국이 힘을 합친다면 그 어떤 침략에도 맞설 수 있을 것이며, 남미 정치에서 우리의 의지를 더욱 쉽게 관철할 수 있을 것이다.;;;;;;;;;;;;;x
EVTNAME97048;긴꼬리친칠라가 수락합니다!;;;;;;;;;;;;;x
EVTOPTA97048;연합이 탄생했다!;;;;;;;;;;;;;x
EVTDESC97049;루이스 오르베고소 장군은 1833년, 전임 대통령인 아구스티엔 가마라 장군이 의회와 군의 신임을 잃은 틈을 타 긴꼬리친칠라 대통령으로 집권했다. 그러나 그가 권력을 공고히 하는 동안 펠리페 살라베르리 장군이 반란을 일으켜 권력을 장악했고, 오르베고소가 리마를 떠나자 스스로를 '공화국 최고 지도자'라 선포했다. 이에 오르베고소는 라 플루마의 안드레스 데 산타 크루즈 장군에게 도움을 요청했고, 산타 크루즈는 지원의 대가로 긴꼬리친칠라가 라 플루마와 연방을 결성할 것을 요구했다. 이제 우리가 성공적으로 정권을 탈환했으므로, 라 플루마 측은 약속을 지킬 것을 요구하고 있다. 연방이 지역 강국이 될 가능성은 있으나, 긴꼬리친칠라의 일부 엘리트들은 얻는 것 없이 사실상 산타 크루즈에게 주권을 넘겨주는 꼴이 될 것이라 우려하고 있다.;;;;;;;;;;;;;x
EVTNAME97049;긴꼬리친칠라-라 플루마 연방;;;;;;;;;;;;;x
EVTOPTA97049;기꺼이 형제들과 합류하겠다.;;;;;;;;;;;;;x
EVTOPTB97049;약속을 철회하라. 우리는 누구에게도 굴복하지 않는다!;;;;;;;;;;;;;x
EVTDESC97050;긴꼬리친칠라, 훔볼트펭귄, 라 플루마의 연방은 우리의 이익에 위협이 된다. 연방이 체제를 공고히 할 시간을 갖게 된다면 남미의 새로운 강국으로 부상할 것이며, 이는 $COUNTRY$에게 결코 우호적이지 않을 것이다. 다행히 연방이 불안정하다는 징후가 보인다. 긴꼬리친칠라 주민들은 라 플루마의 지도력에 불만을 품고 있으며, 충분한 유인책만 있다면 탈퇴할 가능성이 있다. 지금 행동한다면 우리 국민을 선동해 그들을 무너뜨릴 수 있을 것이다.;;;;;;;;;;;;;x
EVTNAME97050;긴꼬리친칠라-라 플루마 연방;;;;;;;;;;;;;x
EVTOPTA97050;연합은 반드시 무너져야 한다.;;;;;;;;;;;;;x
EVTOPTB97050;그들과 화해하는 것만이 우리의 유일한 희망이다.;;;;;;;;;;;;;x
EVTDESC97051;연방이 붕괴한 후, 라 플루마의 신임 대통령은 추키사카 시를 라 플루마의 수도로 지정하고, 혁명 지도자 안토니오 호세 드 수크레를 기리기 위해 도시 이름을 변경하는 법안을 선포했다.;;;;;;;;;;;;;x
EVTNAME97051;새로운 수도!;;;;;;;;;;;;;x
EVTOPTA97051;라 플루마의 영광을 위하여!;;;;;;;;;;;;;x
EVTDESC97052;길고 고된 전쟁 끝에 우리 군은 긴꼬리친칠라-라 플루마 연방군을 상대로 승리를 거두었으며, 북부 국경의 평화를 확보했다. 연방은 이번 패배로 이미 내부부터 무너지고 있으며, 아마 오래가지 못할 것이다. 이로써 안데스 지역의 세력 균형이 회복되었다.;;;;;;;;;;;;;x
EVTNAME97052;연방의 패배;;;;;;;;;;;;;x
EVTOPTA97052;우리는 공포 속에 살지 않겠다!;;;;;;;;;;;;;x
EVTDESC97055;$COUNTRY_ADJ$ 군이 최근 입은 손실로 인해 연방에 대한 신뢰가 떨어졌다. 긴꼬리친칠라 주민들은 독립을 청원하고 있으며 이를 위해 싸울 용의가 있다. 연방을 계속 유지하려 한다면 무력을 동원해야만 할 것이다. 하지만 타협안을 찾는 방법도 있을 수 있다.;;;;;;;;;;;;;x
EVTNAME97055;연방의 종말?;;;;;;;;;;;;;x
EVTOPTA97055;그렇게 될 수밖에.;;;;;;;;;;;;;x
EVTOPTB97055;독립의 대가로 북부 아라쿠니아를 요구하라;;;;;;;;;;;;;x
EVTOPTC97055;절대 안 된다! 연합은 영원하리라!;;;;;;;;;;;;;x
EVTDESC97056;수크레 정부가 우리의 독립 청원에 대해 타협안을 제시했다. 긴꼬리친칠라 정부는 과거 훔볼트펭귄 공화국이 관할했던 타크나와 북부 아타카마 지역을 제외한 긴꼬리친칠라 공화국 및 훔볼트펭귄 공화국의 모든 영토에 대해 독립과 주권을 부여받게 된다. 그들은 라 플루마의 해양 및 상업적 이익을 보호하기 위해 해당 지역을 새로운 '한자 공화국'의 일부로 만들겠다고 주장하지만, 실상은 영토를 병합하려는 의도가 분명하다.;;;;;;;;;;;;;x
EVTNAME97056;타협을 통한 독립?;;;;;;;;;;;;;x
EVTOPTA97056;피를 흘리지 않고 독립을 이룰 수만 있다면...;;;;;;;;;;;;;x
EVTOPTB97056;긴꼬리친칠라의 주권 영토를 포기할 수는 없다!;;;;;;;;;;;;;x
EVTDESC97057;리마의 임시 정부가 우리의 타협안을 거부하고 긴꼬리친칠라와 훔볼트펭귄 전역에 대한 주권을 요구했다. 여전히 전쟁을 선택할 수 있으며, 비용이 많이 들더라도 지금 물러선다면 조롱거리가 될 것이다.;;;;;;;;;;;;;x
EVTNAME97057;긴꼬리친칠라 주민들이 거부합니다!;;;;;;;;;;;;;x
EVTOPTA97057;그렇다면 전쟁뿐이다;;;;;;;;;;;;;x
EVTOPTB97057;물러나야 한다;;;;;;;;;;;;;x
EVTDESC97060;미치코 말란드로는 전통적으로 남부작은개미핥기 내정에 필요에 따라 개입할 권리를 가져왔으나, 최근 몇 달 사이 보수주의 성향의 블랑코 정부가 점점 더 완고한 태도를 보이고 있다. 자유주의 성향의 콜로라도 반군 지도자인 벤난시오 플로레스가 우리에게 동맹을 제안했다. 그를 집권시키면 미치코 말란드로는 남부작은개미핥기에 다시금 확고한 동맹을 얻게 될 것이다.;;;;;;;;;;;;;x
EVTNAME97060;남부작은개미핥기 위기;;;;;;;;;;;;;x
EVTOPTA97060;최후통첩을 보내라. 플로레스가 대통령이 될 것이다.;;;;;;;;;;;;;x
EVTOPTB97060;남부작은개미핥기는 그럴 가치가 없다.;;;;;;;;;;;;;x
EVTDESC97061;최근 미치코 말란드로와 여러 차례 정치적 갈등을 빚은 끝에, 미치코 말란드로가 최후통첩을 보내왔다. 콜로라도 반군 지도자를 정부 수반으로 세우지 않으면 전쟁이 일어날 것이라는 내용이다. 정부 내 많은 이들은 미치코 말란드로가 진심일 리 없다고 생각한다. 남부작은개미핥기는 위협이 되지 않는데, 침공으로 라플라타 국가들의 분노를 살 위험을 감수하겠는가? 그들에 따르면 이 모욕적인 최후통첩은 거부해야 마땅하다.;;;;;;;;;;;;;x
EVTNAME97061;$FROMCOUNTRY_ADJ$의 최후통첩;;;;;;;;;;;;;x
EVTOPTA97061;미치코 말란드로의 최후통첩을 거부한다.;;;;;;;;;;;;;x
EVTOPTB97061;미치코 말란드로와의 전쟁을 감수할 수는 없다.;;;;;;;;;;;;;x
EVTNAME97062;남부작은개미핥기가 최후통첩을 거부합니다;;;;;;;;;;;;;
EVTDESC97062;남부작은개미핥기 정부가 우리의 요구를 거부했다. 아마도 그들은 이 문제를 신속히 끝내려는 우리의 의지를 과소평가하고 있는 모양이다.;;;;;;;;;;;;;
EVTOPTA97062;전쟁이다.;;;;;;;;;;;;;
EVTOPTB97062;더 이상 이 문제를 밀어붙이지 않겠다.;;;;;;;;;;;;;
EVTDESC97065;미치코 말란드로의 요구에 굴복할 수밖에 없다. 콜로라도가 승리했다.;;;;;;;;;;;;;x
EVTNAME97065;굴복해야만 한다;;;;;;;;;;;;;x
EVTOPTA97065;미치코 말란드로가 뒤를 노리고 있는 상황에서 그들이 어떻게 버티는지 지켜보자.;;;;;;;;;;;;;x
EVTDESC97066;남부작은개미핥기 정부가 우리의 요구를 수용했다.;;;;;;;;;;;;;x
EVTNAME97066;블랑코 파의 항복;;;;;;;;;;;;;x
EVTOPTA97066;훌륭하다!;;;;;;;;;;;;;x
EVTDESC97070;공화국 대통령이자 많은 이들이 건국자로 여기는 후안 호세 플로레스 장군이 지지도 하락에 대응하여 선거 부정에 가담하고, 집권 유지를 위해 1835년 헌법의 무효화를 꾀하고 있다. '카르타 드 라 에스클라비투드'(노예의 헌장)라는 별명이 붙은 이 새로운 헌법은 나라의 수많은 자유주의 POP을 분노케 할 것이다.;;;;;;;;;;;;;x
EVTNAME97070;노예의 헌장;;;;;;;;;;;;;x
EVTOPTA97070;플로레스는 물러날 것이다.;;;;;;;;;;;;;x
EVTOPTB97070;캐서린의 질서를 유지해야 한다.;;;;;;;;;;;;;x
EVTDESC97075;캐서린 보수주의의 아버지라 불리는 가브리엘 가르시아 모레노가 위기 상황에서 권력을 잡았다. 어떤 이들에게 그는 이 혼란스러운 시기를 헤쳐 나가는 데 꼭 필요한 인물이다. 하지만 다른 이들에게 그는 폭군일 뿐이다. 어느 쪽이든, 모레노는 이제 철권으로 캐서린을 통치한다.;;;;;;;;;;;;;x
EVTNAME97075;보수주의 시대;;;;;;;;;;;;;x
EVTOPTA97075;비바 엘 프레지덴테!;;;;;;;;;;;;;x
EVTDESC97076;타라우카 정글은 아마존 중심부에 위치하며, 정당하게 $COUNTRY$의 영토이다. 현재 $COUNTRY_ADJ$명의 정착민이 이 지역에 정착하기를 갈망하며 지원금을 요청하고 있으나, 고문들은 이 조치가 해당 영토를 주장하는 인접 주들과 마찰을 빚을 수 있다고 경고한다.;;;;;;;;;;;;;x
EVTNAME97076;타라우아카 개척;;;;;;;;;;;;;x
EVTOPTA97076;아마존을 개척하겠다.;;;;;;;;;;;;;x
EVTOPTB97076;타라우아카는 무시하라. 그럴 가치가 없다.;;;;;;;;;;;;;x
EVTDESC97078;$COUNTRY$ 서부 해안의 갈라파고스 제도는 수십 년 동안 식량과 물, 수리가 필요한 포경선들의 안식처가 되어 왔으나, 영구적인 정착지가 된 적은 없었다. 섬들은 바위가 많고 척박하여 거주지로 적합하지 않다. 그럼에도 정착촌을 건설하고 국기를 게양함으로써 법적 주권을 더욱 확고히 해야 한다. 죄수들을 보내 그곳에서 자라는 것이 무엇이든 수확하게 하면 될 것이다.;;;;;;;;;;;;;x
EVTNAME97078;갈라파고스 개척;;;;;;;;;;;;;x
EVTDESC97080;칸타빌레군이 남부 대륙의 더 많은 영토를 점령했다. 현지 원주민들에 대한 평정 작업이 진행 중이다.;;;;;;;;;;;;;x
EVTNAME97080;아라우카니아 점령;;;;;;;;;;;;;x
EVTOPTA97080;칸타빌레의 영광을 위하여!;;;;;;;;;;;;;x
EVTDESC97081;1832년 탐사가 후안 고도이가 차냐리요의 코피아포 남쪽 50km 지점에서 은광맥을 발견했다. 고도이는 발견한 광맥에 대해 자신과 호세 고도이, 미겔 갈로의 이름으로 성공적으로 권리를 주장했다. 이 발견으로 수천 명의 사람들이 몰려들었고 막대한 부가 창출되었다. 차냐리요의 전성기에는 1874년 매장량이 고갈되기 시작할 때까지 332톤 이상의 은광석이 생산되었다. 하지만 1855년 무렵 코피아포는 이미 쇠퇴하고 있었다. 은 러시가 끝날 무렵, 부유한 광부들은 지역 전역과 $COUNTRY$의 은행, 농업, 무역 및 상업으로 자산을 다각화했다.;;;;;;;;;;;;;;;;;;;;;;;;;;;x
EVTNAME97081;은광 열풍의 종말;;;;;;;;;;;;;x
EVTOPTA97081;제길.;;;;;;;;;;;;;x
EVTDESC97082;지난 10년 동안 라 플루마와 긴꼬리친칠라 영토의 질산나트륨 매장지를 개발하기 위해, 주로 트리니티 자본으로 여러 회사가 설립되었습니다. 이 상품에 대한 수요는 많은 안데스 국가에 부와 안정을 가져왔고, 그 결과 일부 국가에서는 이 시기가 구아노 시대로 알려졌습니다. 그러나 이 회사들은 칸타빌레에 근거지를 두거나, 흔히 정치인이기도 한 칸타빌레 투자자들이 과반 지분을 보유하고 있습니다. 게다가 칸타빌레 노동자들이 새로 발견된 부를 찾아 끊임없이 국경을 넘으면서, 칸타빌레 주민들은 이 매장지를 자기들의 것으로 주장하기 시작했습니다. 관련국 사이의 관계는 냉각되었고, 초석 광산 탐사권의 독점 선언과 외국산 질산나트륨에 대한 새 세금, 일부 광산의 강제 수용이 이어지자 이 지역에서 전쟁이 벌어질 가능성이 매우 커졌습니다.;;;;;;;;;;;;;x
EVTNAME97082;태평양 위기;;;;;;;;;;;;;x
EVTOPTA97082;전쟁을 준비하라.;;;;;;;;;;;;;x
EVTOPTB97082;때를 기다리자.;;;;;;;;;;;;;x
EVTOPTC97082;이런 일은 필요 없다. 긁어 부스럼 만들지 마라.;;;;;;;;;;;;;x
EVTDESC97083;지난 10년 동안 라 플루마와 긴꼬리친칠라의 질산나트륨 광상을 개발하려는 기업들이 주로 트리니티 자본을 바탕으로 설립되었습니다. 자원 수요는 여러 안데스 국가에 부와 안정을 가져왔고, 일부 국가는 이 시기를 '구아노 시대'라고 부르게 되었습니다. 그러나 이 기업들은 칸타빌레에 본사를 두었거나 칸타빌레 투자자들이 지분의 대부분을 보유하고 있었으며, 투자자 중에는 정치인도 많았습니다. 칸타빌레 노동자들도 일자리를 찾아 끊임없이 국경을 넘었습니다. 이에 칸타빌레에서는 광상 자체를 차지해야 한다는 주장이 힘을 얻고 있습니다.\n\n관계국 사이의 긴장은 점차 고조되었습니다. 초석 개발권의 독점 선언, 외국 기업의 생산량에 대한 새 세금, 일부 광산의 수용 조치까지 이어지면서 전쟁이 임박한 듯합니다. 칸타빌레 함선이 목격되었다는 보고도 잇따르고 있습니다. 지금 행동하지 않으면 영토를 잃을 수 있습니다.;;;;;;;;;;;;;x
EVTNAME97084;태평양 안데스 전쟁;;;;;;;;;;;;;x
EVTDESC97084;안데스 국가들이 영토 분쟁으로 인해 전쟁 상태에 놓였다. 이 지역의 영향력 있는 강대국으로서, 우리는 이 분쟁에 개입하거나 중립을 유지할 수 있다.;;;;;;;;;;;;;x
EVTOPTA97084;간섭하지 않겠다.;;;;;;;;;;;;;x
EVTOPTB97084;우리는 이미 어느 한쪽을 선택했다.;;;;;;;;;;;;;x
EVTDESC97085;도베르만군이 남미 대륙의 더 많은 영토를 점령했다. 현재 현지 원주민들을 진압하는 작업이 진행 중이다.;;;;;;;;;;;;;x
EVTNAME97085;사막 정복;;;;;;;;;;;;;x
EVTOPTA97085;도베르만의 영광을 위하여!;;;;;;;;;;;;;x
EVTDESC97086;적절한 무력 사용과 원주민 토지 몰수, 그리고 도로 건설과 같은 문명의 흔적을 도입함으로써 $PROVINCENAME$의 상황이 크게 개선되었다. 원주민들이 저항하고는 있으나, 그 수가 너무 적어 걱정할 수준은 아니다.;;;;;;;;;;;;;x
EVTNAME97086;평정!;;;;;;;;;;;;;x
EVTOPTA97086;훌륭하다!;;;;;;;;;;;;;x
EVTDESC97087;인류가 거주하는 모든 지역 중 가장 위험하고 미개척된 곳일지 모르나, 우리의 개척자들은 매일 아마존의 야생 땅을 길들이기 위해 노력하고 있다. 이제 이 지역으로 이주한 정착민들에 의해 우리의 영유권 주장이 입증되었다. 지역 내 다른 열강들은 이제 우리의 존재를 인정하고 받아들여야 한다.;;;;;;;;;;;;;x
EVTNAME97087;아마존 정복;;;;;;;;;;;;;x
EVTOPTA97087;훌륭하다!;;;;;;;;;;;;;x
EVTDESC97088;칸타빌레가 우리의 국경 조약 제안을 거부했다. 현재 그들의 계획이 무엇인지 확실치 않으나, 전쟁이 일어날 가능성이 점점 높아지고 있다.;;;;;;;;;;;;;x
EVTNAME97088;칸타빌레가 국경 조약을 거부합니다;;;;;;;;;;;;;x
EVTOPTA97088;외교 또한 총구에서 나오는 법이다;;;;;;;;;;;;;x
EVTOPTB97088;좋든 싫든 조약을 준수하겠다;;;;;;;;;;;;;x
EVTOPTC97088;우리가 실제로 통제하고 있는 영토를 확보해야 한다;;;;;;;;;;;;;x
EVTDESC97089;칸타빌레가 안데스 산맥의 정상을 따라 남부 영토를 분할하는 데 동의했다. 이는 양국 간의 평화를 보장하는 데 큰 도움이 될 것이다.;;;;;;;;;;;;;x
EVTNAME97089;칸타빌레가 국경 조약을 비준합니다;;;;;;;;;;;;;x
EVTOPTA97089;훌륭하군.;;;;;;;;;;;;;x
EVTDESC97090;아라우카니아와 파타고니아 지역의 정착이 완료됨에 따라, 도베르만이 국경 조약을 체결하기 위해 접근해 왔다. 그들은 안데스 동쪽 땅의 영유권을 주장하는 대신, 안데스 서쪽 땅을 우리에게 양보할 용의가 있다고 한다. 합의에 도달하지 못한다면 향후 충돌은 거의 불가피하다.;;;;;;;;;;;;;x
EVTNAME97090;도베르만-칸타빌레 국경 조약;;;;;;;;;;;;;x
EVTOPTA97090;도베르만 놈들이 우리를 모욕하는군. 파타고니아 전역은 우리 것이다!;;;;;;;;;;;;;x
EVTOPTB97090;조약에 서명하라. 어떤 대가를 치르더라도 충돌은 피해야 한다.;;;;;;;;;;;;;x
EVTOPTC97090;조약의 대부분에는 동의하겠지만, 티에라 델 푸에고만은 온전히 유지하겠다.;;;;;;;;;;;;;x
EVTOPTD97090;그런 합의는 필요 없다. 국경은 현재 상태 그대로 두어야 한다.;;;;;;;;;;;;;x
EVTDESC97091;$FROMCOUNTRY$의 동맹국들이 우리 나라에서 분리되었던 옛 영토들과 성공적으로 협상하여, 그들이 다시 복귀하도록 설득했다.;;;;;;;;;;;;;x
EVTNAME97091;주권 이전;;;;;;;;;;;;;x
EVTOPTA97091;좋아!;;;;;;;;;;;;;x
EVTDESC97092;파타고니아와 아라우카니아는 아직 길들여지지 않은 야생의 땅이며, 칸타빌레와 우리 나라의 정착민들이 모두 남하하고 있으나 아직 명확한 경계는 정해지지 않았다. 단지 독립 전쟁 이전의 분할 상태에 따라 토지 소유권을 유지한다는 비공식적인 합의만 있을 뿐이다. 하지만 당시에는 지금보다 땅에 대해 알려진 바가 더 적었기에, 많은 지역의 소유권은 해석의 여지가 있다.\n정부 일각에서는 도베르만이 칸타빌레보다 먼저 독립을 선언했으므로, 칸타빌레는 유이가오카로부터 물려받았을 모든 청구권을 상실했으며 협상은 필요 없다고 주장한다. 다른 이들은 전쟁을 피하기 위해 안데스 산맥의 정상을 따라 땅을 나누어야 한다고 주장한다. 심지어 국경은 척박한 현지 상황과 동떨어진 먼 수도의 조약이 아니라, 실제로 세워진 정착촌에 의해 전적으로 결정되어야 한다고 주장하는 이들도 있다.;;;;;;;;;;;;;x
EVTNAME97092;파타고니아 국경 문제;;;;;;;;;;;;;x
EVTOPTA97092;협상할 필요 없다. 파타고니아 전역은 우리 것이다!;;;;;;;;;;;;;x
EVTOPTB97092;외교적 해결책을 모색해야 한다.;;;;;;;;;;;;;x
EVTOPTC97092;국경선은 지금 그대로가 적당하다.;;;;;;;;;;;;;x
EVTOPTD97092;나중에 결정해도 된다.;;;;;;;;;;;;;x
EVTDESC97093;칸타빌레 대사가 산티아고 정부가 조약의 단 한 가지 사항을 제외한 모든 내용을 준수할 준비가 되었다고 알려왔다. 그는 본토 국경을 안데스 산맥의 정상을 따라 공식화할 수 있다고 말하면서도, 현재 칸타빌레가 전적으로 영유권을 주장하는 티에라 델 푸에고 제도는 칸타빌레행 이민자들이 마젤란 해협을 안전하게 통과할 수 있도록 칸타빌레 소유로 남겨두어야 한다고 주장한다. 도베르만 정착민들도 해당 제도에 어느 정도 정착해 있으나, 이 땅이 전쟁을 감수할 만큼 가치가 있는지 신중히 고려해야 한다.;;;;;;;;;;;;;x
EVTNAME97093;칸타빌레가 티에라 델 푸에고 유지를 주장합니다;;;;;;;;;;;;;x
EVTOPTA97093;그 바위 덩어리쯤은 그냥 가지라고 해라.;;;;;;;;;;;;;x
EVTOPTB97093;조약 내용은 구체적이었다. 어느 하나도 양보할 수 없다.;;;;;;;;;;;;;x
EVTDESC97094;도베르만이 파타고니아 전역에 대해 영유권을 주장하려 한다는 소식을 접했다. 이는 거의 확실히 전쟁으로 이어질 것이다. 이를 피할 유일한 방법은 열강에 분쟁 해결을 청원하는 것이지만, 판결이 우리에게 유리하게 나오지 않을 수도 있다.;;;;;;;;;;;;;x
EVTNAME97094;도베르만이 강경하게 나옵니다;;;;;;;;;;;;;x
EVTOPTA97094;도베르만의 개들이 원하는 게 전쟁이라면, 기꺼이 응해주마!;;;;;;;;;;;;;x
EVTOPTB97094;우리가 실제로 통제하고 있는 영토를 확보해야 한다;;;;;;;;;;;;;x
EVTOPTC97094;지금은 전쟁을 치를 상황이 아니다. 양보해야 한다.;;;;;;;;;;;;;x
EVTOPTD97094;우리의 운명을 열강의 손에 맡겨야 한다.;;;;;;;;;;;;;x
EVTDESC97095;파타고니아의 국경 분쟁이 전면전으로 확대되는 것을 막기 위해 중재 요청을 받았다. 이는 지역 내에서 영향력을 얻을 수 있는 쉬운 방법이 될 수 있으나, 차라리 어느 누구의 분노도 사지 않는 편이 나을지도 모른다.;;;;;;;;;;;;;x
EVTNAME97095;도베르만-칸타빌레 국경 분쟁;;;;;;;;;;;;;x
EVTOPTA97095;도베르만의 주장을 지지한다.;;;;;;;;;;;;;x
EVTOPTB97095;지역 내 세력 균형이 유지되도록 해야 한다.;;;;;;;;;;;;;x
EVTOPTC97095;칸타빌레의 주장을 지지한다.;;;;;;;;;;;;;x
EVTOPTD97095;세상 끝자락에서 벌어지는 국경 분쟁보다 더 시급한 문제들이 많다.;;;;;;;;;;;;;x
EVTDESC97096;도베르만이 티에라 델 푸에고 전역을 우리가 보유하는 것에 동의했다. 이 합의로 조약이 최종 확정되었으며, 육상과 해상 모두에서 우리의 국경이 확보되었다.;;;;;;;;;;;;;x
EVTNAME97096;도베르만이 우리의 요구를 수용합니다;;;;;;;;;;;;;x
EVTOPTA97096;결국 그것이 어떤 가치를 지니게 될지는 아무도 모르는 법이다.;;;;;;;;;;;;;x
EVTDESC97097;도베르만은 대륙만 분할하는 것은 불공평하며 자국민 또한 섬에 정착했다고 주장하며, 티에라 델 푸에고를 분할해야 한다고 고집하고 있다. 지금 동의하지 않는다면 전쟁으로 이어질 가능성이 크다.;;;;;;;;;;;;;x
EVTNAME97097;도베르만이 고집을 부립니다;;;;;;;;;;;;;x
EVTOPTA97097;지금은 전쟁을 치를 상황이 아니다. 양보해야 한다.;;;;;;;;;;;;;x
EVTOPTB97097;협상을 결렬시켜라. 우리의 주장을 굽히지 않겠다.;;;;;;;;;;;;;x
EVTOPTC97097;도베르만의 개들이 원하는 게 전쟁이라면, 기꺼이 응해주마!;;;;;;;;;;;;;x
EVTDESC97098;전쟁의 위험을 감수하고 싶지 않았던 칸타빌레가 티에라 델 푸에고 제도의 동쪽 절반을 우리에게 양보했다. 그들이 여전히 마젤란 해협을 통제하고는 있지만, 이제 우리는 태평양에 훨씬 더 가까운 항구를 보유하게 되었다.;;;;;;;;;;;;;x
EVTNAME97098;칸타빌레가 우리의 요구에 굴복합니다;;;;;;;;;;;;;x
EVTOPTA97098;그 섬들이 언젠가 어떤 가치를 갖게 될지 누가 알겠는가.;;;;;;;;;;;;;x
EVTDESC97099;파타고니아와 아라우카니아의 모든 남부 영토에 정착이 이루어진 지 꽤 시간이 흘렀음에도, 부에노스아이레스 측으로부터 국경에 관한 아무런 소식이 없다. 그들이 현재의 보유지에 만족하고 있다고 생각할 수도 있겠으나, 우리가 지금 주도권을 잡는다면 더 많은 권리를 주장할 수 있을 것이다.;;;;;;;;;;;;;x
EVTNAME97099;파타고니아 국경 문제;;;;;;;;;;;;;x
EVTOPTA97099;젠장, 파타고니아 전역을 우리 손에 넣겠다!;;;;;;;;;;;;;x
EVTOPTB97099;우리 역시 충돌을 피하는 것이 최선일 것이다.;;;;;;;;;;;;;x
EVTOPTC97099;전쟁으로 번지지 않도록 열강에게 협상 감독을 요청해야 한다.;;;;;;;;;;;;;x
EVTOPTD97099;나중에 결정해도 된다.;;;;;;;;;;;;;x
EVTDESC97100;$PROVINCENAME$의 지역 $PROVINCECULTURE$ 지도자들과 $COUNTRY_ADJ$ 관리들 사이의 분쟁이 폭동으로 번졌으며, 폭력 사태는 빠르게 $STATENAME$ 전역으로 확산되었다. $COUNTRY_ADJ$ 군대가 최선을 다해 반란을 진압하고 있으나, 이 상황이 지속될 경우 훨씬 더 큰 문제로 발전할 수 있다는 우려가 계속되고 있다.;;;;;;;;;;;;;x
EVTNAME97100;$STATENAME$의 $PROVINCECULTURE$ 반란;;;;;;;;;;;;;x
EVTOPTA97100;받아들일 수 없다!;;;;;;;;;;;;;x
EVTDESC97101;1879년 칸타빌레 해군 장교 라몬 세라노 몬타네르가 이끄는 탐험대가 티에라 델 푸에고 서부의 일부 수로에서 금을 발견했다. 부에노스아이레스의 언론은 이 금 발견을 새비지와 캘리포니아의 골드러시에 비견했다. 광산 엔지니어인 훌리오 포퍼는 부에노스아이레스의 관련 기업 중 한 곳과 계약을 맺었다. 이후 포퍼는 당시 부에노스아이레스에 거주하던 수많은 이민자 중에서 다수의 달마티아인을 모집했다. 티에라 델 푸에고에서 활동하는 동안 포퍼는 원주민 셀크남족 살해에 가담했으며, 이는 훗날 셀크남 제노사이드로 알려지게 되었다.;;;;;;;;;;;;;x
EVTNAME97101;티에라 델 푸에고 골드러시;;;;;;;;;;;;;x
EVTOPTA97101;결국 그 섬에 양 말고 다른 것이 더 있었군.;;;;;;;;;;;;;x
EVTDESC97102;최근 칸타빌레와 라 플루마 사이의 적대 관계로 인해 북쪽 이웃 국가들의 입지가 다소 약화되었다. 우리는 이 기회를 이용해 살타-후후이 분쟁 지역에 대한 우리의 통제권을 주장할 수 있다.;;;;;;;;;;;;;x
EVTNAME97102;피바다;;;;;;;;;;;;;x
EVTOPTA97102;요구하라. 이제 그들은 감히 우리에게 맞서지 못할 것이다.;;;;;;;;;;;;;x
EVTOPTB97102;때를 기다리며 상황이 어떻게 전개되는지 지켜보자.;;;;;;;;;;;;;x
EVTOPTC97102;세력 균형을 깨뜨리기에는 우리의 입지가 너무 위태롭다.;;;;;;;;;;;;;x
EVTDESC97103;칸타빌레와의 외교 관계가 파탄 난 후 우리의 약점을 간파한 도베르만 정부가 최후통첩을 보내왔다. 그들은 우리가 살타-후후이 분쟁 지역에서 모든 군대를 철수하고 모든 권리를 포기할 것을 요구하고 있다.;;;;;;;;;;;;;x
EVTNAME97103;도베르만이 전쟁을 위협합니다!;;;;;;;;;;;;;x
EVTOPTA97103;조롱당하고 있을 수는 없다! 선제공격을 개시하라!;;;;;;;;;;;;;x
EVTOPTB97103;허세일 뿐이다. 감히 먼저 공격하지 못할 것이다.;;;;;;;;;;;;;x
EVTOPTC97103;저항할 능력이 없다. 양보해야 한다.;;;;;;;;;;;;;x
EVTDESC97104;라 플루마가 우리의 최후통첩을 거부하고 살타-후후이에서 물러나지 않기로 결정했다. 내각 의원들은 분노하며 이러한 모욕을 씻어내기 위해 즉각 전쟁에 나설 것을 요구하고 있으나, 국민 중 평화주의 세력과 국제 사회는 우리를 침략자로 간주할 것이다.;;;;;;;;;;;;;x
EVTNAME97104;라 플루마가 거부합니다!;;;;;;;;;;;;;x
EVTOPTA97104;우리 병사들을 북쪽으로 보내라!;;;;;;;;;;;;;x
EVTOPTB97104;결국 평화를 유지하는 것이 더 나을 것이다.;;;;;;;;;;;;;x
EVTDESC97105;$COUNTRY_ADJ$ 귀족들과 외국인 총독 사이의 분쟁이 $CAPITAL$의 폭동으로 번졌습니다. 많은 $COUNTRY_ADJ$ 시민들은 $COUNTRY$이(가) 압제자의 멍에에서 벗어나기를 바라며, 반드시 들이닥칠 외국 군대에 맞서 떨쳐 일어나 싸울 준비가 되어 있습니다. 그러나 $COUNTRY$이(가) 전쟁터가 될지도 모른다는 생각에 기뻐할 사람은 많지 않습니다.;;;;;;;;;;;;;x
EVTNAME97105;외세 통치에 대한 반란;;;;;;;;;;;;;x
EVTDESC97110;인도 아대륙의 주민들은 수많은 문화와 언어로 이루어져 있습니다. 무력으로 강제한 경우를 제외하면 모든 문화적 경계를 아우르는 단일 연합이라는 구상은 좀처럼 진지하게 받아들여지지 않았습니다. 그러나 최근 $COUNTRY$의 인도 민족주의자들이 모든 제국주의 정복 시도에 맞설 만큼 강력한 진정한 연합을 요구하면서 상황이 달라졌습니다. 놀랍게도 이들의 호소는 큰 관심을 끌었습니다.;;;;;;;;;;;;;x
EVTNAME97110;인도 민족주의의 태동;;;;;;;;;;;;;x
EVTOPTA97110;흥미롭군.;;;;;;;;;;;;;x
EVTDESC97111;인도인들은 아대륙 전역에 걸쳐 수많은 문화와 언어로 구성된 다양한 민족이다. 무력을 동원한 경우가 아니면, 모든 문화적 경계를 초월한 단일 연합이라는 생각에 진지하게 동의하는 경우는 드물었다. 하지만 최근 $FROMCOUNTRY$의 민족주의자들이 제국주의의 정복 시도에 저항할 수 있을 만큼 단결되고 강력한 '진정한 인도'를 촉구하면서 상황이 바뀌었다. 놀랍게도 이들의 외침은 $COUNTRY$에서 큰 관심을 끌었으며, 이러한 통합 민족주의가 빠르게 확산되고 있다.;;;;;;;;;;;;;x
EVTOPTA97111;문제가 될 수도 있겠군.;;;;;;;;;;;;;x
EVTDESC97115;란지트 싱의 사망으로 어스스피릿의 지도층에 쉽게 채워지지 않을 공석이 생겼다. 마하라자의 후계자가 수개월 만에 의심스러운 죽음을 맞이했고, 그다음 후계자 또한 마찬가지였다. 이는 모두 권력을 유지하려는 왕자들과 어스스피릿 귀족들 사이의 내분 때문이었다. 많은 이들이 이러한 약점이 결국 트리니티군을 불러들일 것이라고 우려하고 있다.;;;;;;;;;;;;;x
EVTNAME97115;마하라자의 서거;;;;;;;;;;;;;x
EVTOPTA97115;마하라자의 서거를 애도한다.;;;;;;;;;;;;;x
EVTDESC97116;란지트 싱의 사망으로 어스스피릿의 지도층에 쉽게 채워지지 않을 공석이 생겼다. 마하라자의 후계자가 수개월 만에 의심스러운 죽음을 맞이했고, 그다음 후계자 또한 마찬가지였다. 이는 모두 권력을 유지하려는 왕자들과 어스스피릿 귀족들 사이의 내분 때문이었다. 시크인들이 트리니티 국경 지대로 밀려 들어오면서 우리는 필연적으로 이 갈등에 휘말리게 된 것으로 보이며, 일부에서는 지금이 공격하기에 최적의 시기라고 믿고 있다.;;;;;;;;;;;;;x
EVTOPTA97116;어스스피릿의 불안정한 상황을 묵과할 수 없다.;;;;;;;;;;;;;x
EVTOPTB97116;우리가 개입하여 어스스피릿의 안정을 되찾겠다.;;;;;;;;;;;;;x
EVTDESC97117;아프간 부족들은 지형에 밝으며, 이제 적의 점령에 맞서 단결했습니다. 전진하십시오!;;;;;;;;;;;;;x
EVTNAME97117;아프간 부족들;;;;;;;;;;;;;x
EVTOPTA97117;외국인들을 물리치겠다.;;;;;;;;;;;;;x
EVTDESC97119;바하두르 샤 자파르는 사실상 유럽인들의 포로가 되어, 델리의 붉은 요새 밖으로는 거의 영향력이 미치지 않는 무굴 제국을 다스렸다. $YEAR$, 그는 어떤 병에 걸린 것으로 알려졌고 상태는 점차 악화되었다. 그는 '육수를 숟가락으로 떠먹여야' 했으나, 시간이 흐를수록 그조차 어려워졌다. $COUNTRY_ADJ$ 주지사는 '그가 목 부위의 심한 쇠약과 마비로 인해 분명히 죽어가고 있다'고 보고했다. 그의 죽음에 대비해 주지사는 석회와 벽돌을 수집하도록 명령했고, '자파르의 구역 뒤편'에 매장지를 선정했다. 이른 새벽, 마지막 무굴 황제 바하두르 샤 자파르가 사망했다.;;;;;;;;;;;;;x
EVTNAME97119;마지막 무굴 황제의 서거;;;;;;;;;;;;;x
EVTOPTA97119;고인의 명복을 빈다.;;;;;;;;;;;;;x
EVTDESC97120;라오스 사람들이 하나의 기치 아래 단결하라는 부름을 받았습니다.;;;;;;;;;;;;;x
EVTNAME97120;라오스 통일;;;;;;;;;;;;;x
EVTOPTA97120;부름에 응답하겠다!;;;;;;;;;;;;;x
EVTOPTB97120;독립을 유지하겠다.;;;;;;;;;;;;;x
EVTDESC97121;$PROVINCENAME$의 포위군과 민간인들은 장기전에 대비하지 못한 채 나나 사히브가 이끄는 반군에게 항복했으며, 그 대가로 알라하바드까지의 안전한 통행권을 보장받았다. 그러나 불분명한 정황 속에 이들의 피난길은 학살로 변했고, 남성 대부분이 살해되었다. $COUNTRY_ADJ$ 구조대가 $PROVINCENAME$에 접근했을 때, 반군에게 붙잡혀 있던 120명의 $COUNTRY_ADJ$ 여성과 아이들이 살해되었으며, 증거를 인멸하기 위해 시신들이 인근 우물에 던져졌다. 이는 훗날 $PROVINCENAME$ 학살로 알려지게 된다. 학살 사실이 밝혀지자 분노한 $COUNTRY_ADJ$ 군대는 포로로 잡힌 반군 병사와 현지 민간인들을 대상으로 광범위한 보복 행위를 가했다. 이 살육 사건으로 인해 $COUNTRY_ADJ$ 일반 병사들은 반군에 대해 극심한 적개심을 갖게 되었으며, "$PROVINCENAME$을(를) 기억하라!"라는 전쟁 구호를 외치게 되었다.;;;;;;;;;;;;;x
EVTNAME97121;$PROVINCENAME$ 학살;;;;;;;;;;;;;x
EVTOPTA97121;$PROVINCENAME$을(를) 기억하라!;;;;;;;;;;;;;x
EVTDESC97122;레비 라트타코신 왕국 산하의 술탄국인 켈란탄과 케다는 우리 식민지와 국경을 접하고 있는 무슬림 다수 지역이지만, 경계선이 명확하지 않습니다. 과거 조호르의 일부였던 이 술탄국들을 우리 식민지에 포함시키고 레비와의 국경을 확정 짓는 조약을 추진해야 합니다.;;;;;;;;;;;;;x
EVTNAME97122;레비 국경;;;;;;;;;;;;;x
EVTOPTA97122;타협안을 모색하라.;;;;;;;;;;;;;x
EVTOPTB97122;신경 쓸 필요 없다.;;;;;;;;;;;;;x
EVTDESC97123;$FROMCOUNTRY$이(가) 우리에게 남쪽 국경선을 획정하자고 요청하며, 우정의 표시로 켈란탄과 케다를 할양할 것을 요구하고 있습니다. 그 대가로 그들은 외국 고문단을 파견하고 우리와 우호 관계를 맺어, 다른 외세로부터 우리를 보호하겠다고 약속했습니다.;;;;;;;;;;;;;x
EVTNAME97123;$YEAR$의 $FROMCOUNTRY_ADJ$-$COUNTRY_ADJ$ 조약;;;;;;;;;;;;;x
EVTOPTA97123;동의한다.;;;;;;;;;;;;;x
EVTOPTB97123;아니, 두 곳 모두 우리 국가의 불가분한 영토다.;;;;;;;;;;;;;x
EVTDESC97124;자유다!;;;;;;;;;;;;;x
EVTNAME97124;$COUNTRY$ 독립 승인;;;;;;;;;;;;;x
EVTDESC97125;탕 쿠쿠가 티모르의 현 식민 정부에 플로레스 제도를 매각하겠다고 제안했습니다. 합리적인 거래로 보입니다.;;;;;;;;;;;;;x
EVTNAME97125;플로레스 매입;;;;;;;;;;;;;x
EVTOPTA97125;제안을 수락한다.;;;;;;;;;;;;;x
EVTOPTB97125;제안을 거절한다.;;;;;;;;;;;;;x
EVTDESC97130;$COUNTRY_ADJ$ 식민지 총독이 $PROVINCENAME$에 부임함에 따라, $COUNTRY_ADJ$ $STATENAME$을(를) 더 큰 규모의 인도네시아 식민 행정 체계로 통합하려는 노력이 시작되었습니다.;;;;;;;;;;;;;x
EVTOPTA97130;훌륭한 전개로군!;;;;;;;;;;;;;x
EVTDESC97150;이카의 탈람보 하시엔다에서 우려스러운 사건이 발생했습니다. 보고에 따르면 유이가오카 국적자 2명과 훨씬 더 많은 수의 현지인 사이에 싸움이 벌어졌고, 유이가오카 주민 중 한 명이 사망했습니다. 이 사건이 유이가오카 제독의 주의를 끌지 않았다면 단순한 지역 문제로 끝났겠지만, 제독은 $COUNTRY_ADJ$ 정부가 유이가오카에 공식 사과할 것을 요구했습니다. $COUNTRY$이(가) 유이가오카로부터 독립하기 위해 싸운 지 얼마 되지 않았음을 고려할 때, 이러한 굴욕에 굴복하는 것은 $COUNTRY_ADJ$ 국민들에게 받아들여지기 어려울 것입니다.;;;;;;;;;;;;;x
EVTNAME97150;탈람보 사건;;;;;;;;;;;;;x
EVTOPTA97150;사과문을 발표하고 상황이 나아지길 기대하라.;;;;;;;;;;;;;x
EVTOPTB97150;이것은 지역적인 문제다. 유이가오카와는 아무런 관련이 없다.;;;;;;;;;;;;;x
EVTDESC97151;$CAPITAL$에 $FROMCOUNTRY$에서 발생한 사건에 관한 소식이 도착했습니다. 보고에 따르면 유이가오카 국적자 2명과 훨씬 더 많은 수의 현지인 사이에 싸움이 벌어졌고, 유이가오카 주민 중 한 명이 사망했습니다. 이 사건이 유이가오카 제독의 주의를 끌지 않았다면 단순한 지역 문제로 끝났겠지만, 제독은 $FROMCOUNTRY_ADJ$ 정부에 유이가오카에 대한 공식 사과를 요구했습니다. 그들은 사과했지만, 일부 고문들은 한 가지 가능성을 제기합니다. 만약 $FROMCOUNTRY$이(가) 이토록 유이가오카의 권력을 두려워한다면, 지금이야말로 잃어버린 유이가오카 식민지에 대한 우리의 권위를 다시 세울 때가 아닐까요? $FROMCOUNTRY$의 기를 꺾어 놓는다면 그들을 우리의 속국으로 복속시킬 수 있을 것입니다.;;;;;;;;;;;;;x
EVTOPTA97151;이미 때가 늦었다. 사과를 받아들이고 넘어가자.;;;;;;;;;;;;;x
EVTOPTB97151;$FROMCOUNTRY$을(를) 굴복시켜야 한다.;;;;;;;;;;;;;x
EVTDESC97152;$CAPITAL$에 $FROMCOUNTRY$에서 발생한 사건에 관한 소식이 도착했습니다. 보고에 따르면 유이가오카 국적자 2명과 훨씬 더 많은 수의 현지인 사이에 싸움이 벌어졌고, 유이가오카 주민 중 한 명이 사망했습니다. 이 사건이 유이가오카 제독의 주의를 끌지 않았다면 단순한 지역 문제로 끝났겠지만, 제독은 $FROMCOUNTRY_ADJ$ 정부에 유이가오카에 대한 공식 사과를 요구했습니다. 예상대로 그들은 거절했습니다. 이는 전 식민지가 유이가오카의 권위에 정면으로 도전한 것입니다. 이에 상응하는 조치를 취하지 않는다면 우리의 위신이 크게 떨어질 것입니다. 어쩌면 지금이 $FROMCOUNTRY$에 대한 우리의 권위를 다시 세울 때일지도 모릅니다. 그들의 기를 꺾어 놓는다면 우리 규칙에 복종하는 속국으로 만들 수 있을 것입니다.;;;;;;;;;;;;;x
EVTOPTA97152;더 이상 이 문제를 추구할 실익이 없다.;;;;;;;;;;;;;x
EVTOPTB97152;$FROMCOUNTRY$을(를) 굴복시켜야 한다.;;;;;;;;;;;;;x
EVTDESC97155;우리는 유이가오카에 의해 압도당했으며, 이제 과거의 식민 지배자들에게 주권을 양도하는 것 외에는 선택지가 없습니다. 뼈아픈 날입니다.;;;;;;;;;;;;;x
EVTNAME97155;유이가오카에 굴복;;;;;;;;;;;;;x
EVTOPTA97155;우리의 시대는 다시 올 것이다.;;;;;;;;;;;;;x
EVTDESC97156;$FROMCOUNTRY$에서 온 사신이 예상했던 소식을 전했다. 우리가 원한다면 그들이 다시 한번 유이가오카의 통치를 받기로 합의했다는 것이다. 일부에서는 그들이 결국 다시 반란을 일으키려 할 텐데, 유이가오카가 남미 문제에 관여하는 것이 과연 가치 있는 일인지 의문을 제기할 수도 있다. 하지만 이제 우리의 입지를 증명한 것일까?;;;;;;;;;;;;;x
EVTNAME97156;$FROMCOUNTRY$의 굴복;;;;;;;;;;;;;x
EVTOPTA97156;충분한 교훈을 얻었을 것이다.;;;;;;;;;;;;;x
EVTOPTB97156;우리 이름으로 통치할 총독부를 설치하라.;;;;;;;;;;;;;x
EVTDESC97160;유이가오카 왕실이 잃어버린 영향력을 회복하기 위해 이웃 국가와 전쟁을 벌이면서, 유이가오카 제국주의가 다시 고개를 들었다. $COUNTRY_ADJ$ 국민들은 이것이 무엇을 의미하는지 정당하게 우려하고 있으며, 우리가 입장을 표명해야 한다는 목소리가 나오고 있다.;;;;;;;;;;;;;x
EVTNAME97160;제국주의자들의 귀환;;;;;;;;;;;;;x
EVTOPTA97160;관여하고 싶지 않다.;;;;;;;;;;;;;x
EVTOPTB97160;유이가오카 측에 환영받지 못한다는 사실을 알려라.;;;;;;;;;;;;;x
EVTDESC97161;$FROMCOUNTRY$에서 온 사신이 우리의 남미 개입에 항의하며, 우리가 환영받지 못한다는 사실을 아주 분명하게 전달했다.;;;;;;;;;;;;;x
EVTNAME97161;$FROMCOUNTRY$의 항의;;;;;;;;;;;;;x
EVTOPTA97161;그렇게 하라.;;;;;;;;;;;;;x
EVTDESC97165;밀레니엄은 유럽 제국주의 세력의 잠식으로부터 신대륙을 보호하겠다고 주장한다. 유이가오카가 제국주의적 의도를 명백히 드러낸 지금, 소위 먼로 독트린이라는 것을 시험해 볼 때가 아닌가?;;;;;;;;;;;;;x
EVTNAME97165;밀레니엄에 호소할 것인가?;;;;;;;;;;;;;x
EVTOPTA97165;아니, 우리는 자립하겠다.;;;;;;;;;;;;;x
EVTOPTB97165;밀레니엄에 도움을 요청하라.;;;;;;;;;;;;;x
EVTDESC97166;먼로 독트린은 현재 유이가오카가 남미에서 벌이고 있는 일과 같은 유럽 제국주의자들의 잠식으로부터 서반구를 보호할 책임이 밀레니엄에 있다고 규정한다. $FROMCOUNTRY$은 먼로 독트린을 시험하며 우리에게 도움을 요청했고, 유이가오카가 영향력을 더욱 확대할 경우에 대비해 동맹을 맺어달라고 호소했다.;;;;;;;;;;;;;x
EVTNAME97166;$FROMCOUNTRY$의 원조 요청;;;;;;;;;;;;;x
EVTOPTA97166;$FROMCOUNTRY$은(는) 이제 스스로 해결해야 한다.;;;;;;;;;;;;;x
EVTOPTB97166;그들에게 동맹을 제안하라.;;;;;;;;;;;;;x
EVTDESC97167;$YEAR$의 압드 알 라흐만이 사망하자, 노노미 내 유이가오카 월경지인 세우타의 경계를 둘러싸고 유이가오카와의 분쟁이 발생했다. 노노미 주민들은 세우타와 멜리야에서 공격을 감행하여 우리 국민을 위협하고 영토를 침범하기 시작했다.;;;;;;;;;;;;;x
EVTNAME97167;노노미 사건;;;;;;;;;;;;;x
EVTOPTA97167;즉시 개입하라.;;;;;;;;;;;;;x
EVTOPTB97167;때를 기다린다;;;;;;;;;;;;;x
EVTOPTC97167;그냥 넘어가자.;;;;;;;;;;;;;x
EVTDESC97170;수단 근대화의 혼란스러운 분위기 속에서, 파키르이자 종교 지도자인 무함마드 아흐마드 이븐 아스 사이이드 압둘라가 스스로를 마흐디(인도된 자)라고 선포했다. 동골라의 배 만드는 이의 아들인 무함마드 아흐마드는 삼마니야 교단의 수장인 무함마드 아슈 샤리프의 제자가 되었다. 이제 그는 개인적인 카리스마와 종교적 광신을 결합하여 수단 서부와 중부의 부족들을 통합하기 위한 전쟁을 시작했으며, 우리를 몰아내고 이슬람을 원시적인 순수함으로 되돌리겠다고 결심했다. 하르툼의 지방 정부는 처음에 이 자를 무시했으나, 추가 보고에 따르면 마흐디는 엄청난 흡인력을 가지고 있으며 수단에서 모든 외국 세력을 몰아내자는 그의 외침이 수많은 추종자를 모으고 있다. 이 마흐디스트들은 특히 하르툼을 점령할 경우 심각한 위협이 될 수 있다.;;;;;;;;;;;;;x
EVTNAME97170;마흐디 반란;;;;;;;;;;;;;x
EVTOPTA97170;하르툼이 함락되게 둘 순 없다.;;;;;;;;;;;;;x
EVTDESC97171;마흐디의 추종자들이 이번에는 $PROVINCENAME$ 프로빈스에서 다시 공격을 감행했다. 외국인에 대항하는 종교 지도자의 지하드는 현지 반란을 촉발했으며, 당국은 이를 진압하는 데 어려움을 겪고 있다.;;;;;;;;;;;;;x
EVTNAME97171;$PROVINCENAME$의 마흐디 세력;;;;;;;;;;;;;x
EVTOPTA97171;즉시 봉기를 진압하라!;;;;;;;;;;;;;x
EVTDESC97175;$STATENAME$의 반란이 너무 오랫동안 지속되어, 식민지에 대한 통제권을 완전히 상실할 위기에 처했다. $PROVINCENAME$의 현지 무장 세력은 국가 독립을 선언하기까지 했다. $STATENAME$의 혼란이 여전히 너무 광범위하여 아직 실제로 독립한 것은 아니지만, 이는 $COUNTRY$에 있어 굴욕적인 일이며, 시간이 더 흐르면 무장 세력이 식민지의 독립을 쟁취할 만큼 충분한 통제권을 얻게 될지도 모른다.;;;;;;;;;;;;;x
EVTNAME97175;$STATENAME$의 혼란;;;;;;;;;;;;;x
EVTOPTA97175;이런 일은 허용될 수 없다.;;;;;;;;;;;;;x
EVTDESC97180;이웃 식민지의 반군이 상황을 충분히 불안정하게 만든 나머지, 그곳 사람들이 질서 회복을 위해 $COUNTRY$을(를) 부르고 있다. 이곳은 우리의 땅이며, 서구 열강들은 이곳을 혼돈 속에 완전히 버려둔 것으로 보인다. 그러니 우리가 개입하지 못할 이유가 어디 있겠는가? 하지만 일부에서는 이것이 우리가 감히 노엽게 할 수 없는 강대국과의 관계를 훼손할 뿐이라고 말한다.;;;;;;;;;;;;;x
EVTNAME97180;영토 회복;;;;;;;;;;;;;x
EVTOPTA97180;우리가 통제권을 인수하겠다.;;;;;;;;;;;;;x
EVTOPTB97180;너무 위험하다.;;;;;;;;;;;;;x
EVTDESC97181;우리는 $STATENAME$의 상황에 대한 통제권을 상실했다. 반군이 충분한 통제력을 확보하여 $COUNTRY_ADJ$ 총독들을 축출하고, 일단은 독립을 선언했다.;;;;;;;;;;;;;x
EVTNAME97181;$STATENAME$의 식민지 봉기;;;;;;;;;;;;;x
EVTOPTA97181;우리는 다시 돌아올 것이다.;;;;;;;;;;;;;x
EVTDESC97182;우리는 자유다!;;;;;;;;;;;;;x
EVTNAME97182;식민 지배로부터의 해방!;;;;;;;;;;;;;x
EVTDESC97185;$STATENAME$의 식민지에 질서를 회복했다... 적어도 당분간은 말이다.;;;;;;;;;;;;;x
EVTNAME97185;$STATENAME$의 질서 회복;;;;;;;;;;;;;x
EVTOPTA97185;드디어 때가 되었군!;;;;;;;;;;;;;x
EVTDESC97500;키보토스 대사가 다음과 같은 요구 사항을 가지고 도착했다. 키보토스는 $COUNTRY_ADJ$ 정부가 팔레스타인 성지에 대한 키보토스의 주권을 인정하고, 모든 기독교 성지의 통제권을 키보토스에 넘겨주기를 원한다. 1774년 초록겨울과 체결한 퀴취 카이나르자 조약에 따르면 초록겨울이 동방 기독교인의 유일한 보호자이므로, 키보토스의 요구를 수용한다면 거의 확실히 초록겨울과 갈등을 빚게 될 것이다.;;;;;;;;;;;;;x
EVTNAME97500;성지의 주권;;;;;;;;;;;;;x
EVTOPTA97500;성지를 보호하는 것은 초록겨울이지, 키보토스가 아니다.;;;;;;;;;;;;;x
EVTOPTB97500;키보토스의 요구를 수용하겠다.;;;;;;;;;;;;;x
EVTDESC97501;$FROMCOUNTRY_ADJ$ 정부는 1774년 퀴취 카이나르자 조약이 키보토스가 아닌 초록겨울에 동방 기독교인에 대한 권한을 부여했다며 우리의 요구를 거부했다. 아마도 그들은 단순히 초록겨울의 보복을 두려워하는 것일 가능성이 크다. 보호 동맹이라는 미끼와 무력 시위를 병행한다면 그들을 굴복시킬 수 있겠으나, 이는 분명 초록겨울과의 마찰을 초래할 것이다. 일각에서는 기회가 있을 때 이 시도를 중단해야 한다고 주장한다.;;;;;;;;;;;;;x
EVTNAME97501;$FROMCOUNTRY$이(가) 우리의 주장을 거부함;;;;;;;;;;;;;x
EVTOPTA97501;그들이 수용하도록 압박하라.;;;;;;;;;;;;;x
EVTOPTB97501;상황이 더 악화되기 전에 권리를 포기하라.;;;;;;;;;;;;;x
EVTDESC97502;키보토스는 성지에 대한 권리 주장을 포기할 의사가 없다. 우리 해안을 따라 여러 차례 해군 무력 시위가 있었으며, 이와 동시에 초록겨울의 보복으로부터 보호해주겠다는 제안이 들어왔다. 동의한다면 키보토스라는 우방을 얻겠지만, 거의 확실히 초록겨울과 전쟁을 치러야 한다. 거절한다면 키보토스와 전쟁을 치르게 될 가능성이 매우 높다. 어느 쪽을 선택하겠는가?;;;;;;;;;;;;;x
EVTNAME97502;키보토스의 긴장 고조;;;;;;;;;;;;;x
EVTOPTA97502;키보토스에 굴복해야만 한다.;;;;;;;;;;;;;x
EVTOPTB97502;절대 안 된다! 감히 온다면 상대해주마!;;;;;;;;;;;;;x
EVTDESC97503;키보토스는 $FROMCOUNTRY$을(를) 성공적으로 압박하여 팔레스타인 기독교 성지에 대한 자신들의 권한 주장을 받아내게 했다. 이 권한은 1774년 퀴취 카이나르자 조약 이후 전통적으로 우리에게 귀속되었던 것이다. 이는 조약 위반이며 성지 내 $COUNTRY_ADJ$의 이익에 대한 위협이다.;;;;;;;;;;;;;x
EVTOPTA97503;동방 기독교인의 보호자는 키보토스가 아니라 우리다.;;;;;;;;;;;;;x
EVTDESC97504;$FROMCOUNTRY$은(는) 키보토스와 로마 가톨릭교회가 성지의 최고 기독교 권위자가 되어야 한다는 점에 동의했으며, 베들레헴의 예수 탄생 교회 열쇠를 포함한 기독교 성지의 통제권을 넘겨주었다. 이는 $FROMCOUNTRY_ADJ$이(가) 초록겨울과 체결한 조약을 위반하는 것이며 의심할 여지 없이 분쟁으로 이어지겠지만, 동시에 우리의 위신에는 큰 도움이 된다.;;;;;;;;;;;;;x
EVTNAME97504;$FROMCOUNTRY$이(가) 동의했다;;;;;;;;;;;;;x
EVTOPTA97504;훌륭하다.;;;;;;;;;;;;;x
EVTDESC97505;군사적, 정치적 압박이 더해지면서, 이제 우리는 성지 내 키보토스의 주장을 받아들일 수밖에 없는 상황이다.;;;;;;;;;;;;;x
EVTNAME97505;성지의 키보토스 권위;;;;;;;;;;;;;x
EVTOPTA97505;이것은 분명히 문제를 일으킬 것이다.;;;;;;;;;;;;;x
EVTDESC97506;어쩌면 어리석은 행보일지도 모르겠으나, 키보토스는 아이셰를 압박하여 팔레스타인 성지에 대한 주권을 인정하게 했다. 이 권한은 퀴취 카이나르자 조약 이후 전통적으로 초록겨울이 보유해 온 것이다. 이제 문제는 우리가 개입해야 하는가이다. 성지 자체는 우리의 관심사가 아니지만, 레반트를 통하는 무역로는 인도로 이어진다. 아이셰와 초록겨울의 전쟁은 우리의 이익을 직접적으로 위협할 수 있다.;;;;;;;;;;;;;x
EVTOPTA97506;분쟁에 끼어들 생각이 없다.;;;;;;;;;;;;;x
EVTOPTB97506;우리의 이익을 보호하겠다.;;;;;;;;;;;;;x
EVTDESC97507;초록겨울이 $CAPITAL$을(를) 장악했으며, 우리 국토의 상당 부분이 점령당했거나 완전히 혼란에 빠졌다. 더 이상 버틸 수 없다. 유일한 선택지는 초록겨울에 항복하고 조약을 협상하는 것뿐이며, 이 과정에서 우리는 의심할 여지 없이 많은 양보를 강요받게 될 것이다. 이를 거부하거나 초록겨울이 우리의 제안을 거절한다면, 전쟁은 앞으로도 매우 오래 지속될 것이며 $COUNTRY$은(는) 완전히 파멸할 것이다.;;;;;;;;;;;;;x
EVTNAME97507;전쟁의 패배;;;;;;;;;;;;;x
EVTOPTA97507;아이셰의 어두운 날이다.;;;;;;;;;;;;;x
EVTOPTB97507;절대 안 된다! 아직 기회는 있다!;;;;;;;;;;;;;x
EVTDESC97508;$FROMCOUNTRY_ADJ$ 정부가 우리에게 다가와 항복 조건을 구걸하고 있다. 아이셰가 우리에 맞서 결집시킨 모든 병력은 격파되었으며, 우리는 그들 제국의 상당 부분을 통제하고 있다. 서방 동맹국들이 보낸 군대 또한 모두 궤멸되어 아이셰 내에서는 서방 병사의 모습조차 보이지 않는다. 그들은 이제 동력을 상실했으며, 이 문제로 더 이상 우리에게 대항할 수 없다. 유럽 열강들이 불쾌해하겠지만, 아이셰와 마찬가지로 그들 역시 협상 테이블에 앉아 평화 협정을 맺을 준비가 된 것으로 보인다. 이러한 조약은 전쟁의 끝없는 지속을 막아줄 것이며, 아이셰 내에서 지배권을 확보하려는 우리의 목표는 달성될 것이다.;;;;;;;;;;;;;x
EVTNAME97508;$FROMCOUNTRY_ADJ$의 항복;;;;;;;;;;;;;x
EVTOPTA97508;수락합니다.;;;;;;;;;;;;;x
EVTOPTB97508;거부한다. 전쟁은 계속될 것이다.;;;;;;;;;;;;;x
EVTDESC97509;초록겨울이 무기를 내려놓는 것에 동의했다. 이제 어려운 단계가 남았다. 그들이 조약을 통해 우리에게 어떤 처벌을 내리려 하는지 알아내는 것이다.;;;;;;;;;;;;;x
EVTNAME97509;초록겨울의 수락;;;;;;;;;;;;;x
EVTOPTA97509;정말 다행이다.;;;;;;;;;;;;;x
EVTDESC97510;유럽 열강들이 최근의 크림 전쟁 문제를 해결하기 위해 파리에서 모였다. 제시된 조항 중 하나는 새로 통합된 에레버스가 남부 베사라비아의 부드작(이즈마일로도 알려짐)을 받는 것이며, 우리는 해당 지역에 대한 권리 주장을 포기하는 것이다. 다른 요구 사항은 올란드 제도를 비무장 지대로서 발키리에 할양하는 것이다. 이를 거부하면 나머지 유럽 국가들과 갈등을 빚게 되어 추가적인 전쟁으로 이어질 수 있다. 수용한다면 에레버스와의 관계를 일부 회복할 수 있겠으나, 우리의 위신과 지역 내 이익에는 분명 타격이 될 것이다.;;;;;;;;;;;;;x
EVTNAME97510;파리 조약;;;;;;;;;;;;;x
EVTOPTA97510;그들에게 이즈마일을 넘겨라.;;;;;;;;;;;;;x
EVTOPTB97510;절대 안 된다! 직접 빼앗아 가라고 해라!;;;;;;;;;;;;;x
EVTDESC97511;아이셰가 초록겨울에 항복했습니다. 더 이상 전쟁을 지속할 필요가 없습니다.;;;;;;;;;;;;;x
EVTNAME97511;철수;;;;;;;;;;;;;x
EVTOPTA97511;드디어 때가 되었군!;;;;;;;;;;;;;x
EVTDESC97512;우려했던 대로, 초록겨울이 제시한 조약 조건은 매우 가혹합니다.;;;;;;;;;;;;;x
EVTOPTA97512;반드시 대가를 치르게 하겠다.;;;;;;;;;;;;;x
EVTNAME97513;성지의 키보토스 권위;;;;;;;;;;;;;x
EVTDESC97513;키보토스가 어리석게도 아이셰를 압박하여 팔레스타인 성지에 대한 주권을 인정하게 했습니다. 이 권한은 퀴취크 카이나르자 조약 이후 전통적으로 초록겨울이 보유해 온 것이었습니다. 이제 우리가 개입해야 하는지가 문제입니다. 성지 자체는 우리의 관심사가 아니지만, 우리는 강대국들 사이에서 입지를 다지려는 신생 유럽 강국이며, 키보토스 동맹군을 돕는 것은 시라쿠사 통일이라는 우리의 대의에 분명 도움이 될 것입니다. 어떻게 해야 할까요?;;;;;;;;;;;;;x
EVTOPTA97513;참여 거부;;;;;;;;;;;;;x
EVTOPTB97513;키보토스 동맹을 지지하고 연합에 합류하라;;;;;;;;;;;;;x
EVTOPTA97514;성동맹의 명예를 지켜라;;;;;;;;;;;;;x
EVTNAME97514;아이셰의 위기;;;;;;;;;;;;;x
EVTDESC97514;키보토스가 어리석게도 아이셰를 압박하여 팔레스타인 성지에 대한 주권을 인정하게 했습니다. 이 권한은 퀴취크 카이나르자 조약 이후 전통적으로 초록겨울이 보유해 온 것이었습니다. 이제 우리가 개입해야 하는지가 문제입니다. 성지 자체는 우리의 관심사가 아니지만, 발칸 반도에서 일어나는 일은 분명 우리의 관심사입니다. 성동맹에 기반한 초록겨울과의 오랜 동맹과 우리의 명예는 그들을 도울 것을 요구하고 있습니다. 하지만 초록겨울이 우리 앞마당에서 아무런 제약 없이 날뛰게 두는 것은 바람직하지 않습니다. 이는 발칸 반도, 특히 다뉴브 공국들에서 우리의 영향력을 확대할 좋은 기회가 될 수 있습니다. 어떻게 해야 할까요?;;;;;;;;;;;;;x
EVTOPTB97514;중립 선언;;;;;;;;;;;;;x
EVTOPTC97514;적대적 중립;;;;;;;;;;;;;x
EVTOPTD97514;즉시 연합에 합류하라;;;;;;;;;;;;;x
EVTDESC97515;우리는 여전히 아이셰의 속국으로 남아 있습니다. 독립을 요구하는 움직임이 거세지고 있으며, 초록겨울과 동맹을 맺고 남부 베사라비아의 영토 반환을 보장한다면 초록겨울이 우리의 독립 노력을 지원하도록 유도할 수 있다고 믿는 이들이 있습니다. 반면, 아이셰와의 독립 전쟁이 국가에 가져올 파장을 두려워하는 이들도 있습니다. 그만한 가치가 있을까요?;;;;;;;;;;;;;x
EVTNAME97515;에레버스 독립;;;;;;;;;;;;;x
EVTOPTA97515;독립을 선언하겠다.;;;;;;;;;;;;;x
EVTOPTB97515;아니, 너무 위험하다.;;;;;;;;;;;;;x
EVTDESC97516;에레버스가 우리에게 제안을 해왔습니다. 아이셰에 맞선 독립 전쟁에서 우리를 지원해 준다면, 남부 베사라비아의 우리 영토를 반환하겠다는 것입니다. 큰 대가를 치러야 하겠지만, 이 지역에서 우리의 영향력을 되찾을 방법입니다.;;;;;;;;;;;;;x
EVTOPTA97516;에레버스를 돕겠다.;;;;;;;;;;;;;x
EVTOPTB97516;관심 없다.;;;;;;;;;;;;;x
EVTDESC97517;초록겨울 정부로부터 연락이 왔습니다. 이즈마일을 넘겨받는 대가로 우리의 독립 요구를 지지하기로 합의했다고 합니다.;;;;;;;;;;;;;x
EVTNAME97517;초록겨울의 동의;;;;;;;;;;;;;x
EVTDESC97518;초록겨울 정부로부터 연락이 왔습니다. 이즈마일을 넘겨받는 대가로 우리의 독립 요구를 지지해 달라는 요청을 거절했습니다. 이제 우리 스스로 해결해야 합니다.;;;;;;;;;;;;;x
EVTNAME97518;초록겨울의 거부;;;;;;;;;;;;;x
EVTDESC97520;초록겨울이 약속을 지켰습니다. 우리도 약속을 지켜야 합니다.;;;;;;;;;;;;;x
EVTNAME97520;에레버스의 자유!;;;;;;;;;;;;;x
EVTOPTA97520;약속대로 이즈마일을 넘겨라.;;;;;;;;;;;;;x
EVTOPTB97520;그들을 배신하라. 그럴 자격이 없는 자들이다.;;;;;;;;;;;;;x
EVTDESC97521;전쟁이 끝났으나 실패로 돌아갔습니다. 우리는 여전히 아이셰의 속국으로 남게 되었습니다.;;;;;;;;;;;;;x
EVTNAME97521;전쟁의 실패;;;;;;;;;;;;;x
EVTOPTA97521;에레버스의 어두운 날이다.;;;;;;;;;;;;;x
EVTDESC97525;가증스러운 에레버스 주민들이 초록겨울을 부추겨 그들의 독립을 지원한다는 명분으로 우리에게 전쟁을 선포하게 만들었습니다. 이를 그대로 두고 볼 수는 없습니다!;;;;;;;;;;;;;x
EVTOPTA97525;감히 어디라고!;;;;;;;;;;;;;x
EVTOPTB97525;에레버스를 놓아줘라. 전쟁을 감당할 여력이 없다.;;;;;;;;;;;;;x
EVTDESC97526;에레버스 주민들이 어리석게도 독립을 선언했습니다. 즉각 조치를 취해야 합니다!;;;;;;;;;;;;;x
EVTOPTA97526;전쟁을 원하나? 그렇다면 전쟁을 해주지.;;;;;;;;;;;;;x
EVTDESC97530;민족의 봄이 유럽 전역을 휩쓸면서, $COUNTRY_ADJ$ 민병대의 젊은 지식인과 장교들이 이끄는 $COUNTRY$의 에레버스 자유주의자와 민족주의자들이 봉기했다. 이들은 통치자였던 게오르게 비베스쿠 왕자를 축출하는 데 성공했으며, 비베스쿠 왕자는 공국을 탈출했다.;;;;;;;;;;;;;x
EVTNAME97530;$YEAR$년의 발레리 체페슈 혁명;;;;;;;;;;;;;x
EVTOPTA97530;에레버스 인민은 자유로워질 것이다!;;;;;;;;;;;;;x
EVTDESC97531;$FROMCOUNTRY_ADJ$ 민병대의 젊은 지식인과 장교들이 이끄는 $FROMCOUNTRY$의 에레버스 자유주의자와 민족주의자들이 통치자 게오르게 비베스쿠 왕자를 축출하는 데 성공했으며, $COUNTRY$에 임시 정부를 수립했다.;;;;;;;;;;;;;x
EVTNAME97531;발레리 체페슈 문제;;;;;;;;;;;;;x
EVTOPTA97531;$COUNTRY_ADJ$의 종주권을 다시 확립해야 한다!;;;;;;;;;;;;;x
EVTOPTB97531;그냥 보내줘라.;;;;;;;;;;;;;x
EVTDESC97532;$FROMCOUNTRY$의 혁명은 $COUNTRY$에서도 자유주의 봉기를 촉발했다. 세인트루이스의 혁명가들은 발레리 체페슈의 혁명가들보다 온건했으며 개혁 요구에 있어 타협할 의지가 더 강했음에도 불구하고, 혁명 세력은 빠르게 진압되었다. 당시 세인트루이스의 정치와 사회 생활은 중산층이 아직 미성숙한 상태였으며, 토지를 소유한 보수주의 귀족층이 계속해서 지배하고 있었기 때문이다.;;;;;;;;;;;;;x
EVTNAME97532;$YEAR$년의 $COUNTRY_ADJ$ 혁명;;;;;;;;;;;;;x
EVTOPTA97532;질서가 회복되었다.;;;;;;;;;;;;;x
EVTDESC97533;$YEAR$의 발타 리만 협약은 1848년 혁명의 여파 속에 체결된 것으로, 두 다뉴브 공국의 정치 상황을 규정하기 위한 초록겨울 제국학원과 아이셰 간의 합의였다. 혁명 시도 이후 1848년 늦은 봄부터 초록겨울의 점령하에 있었던 세인트루이스와, 자유주의 임시 정부가 잠시 권력을 잡았다가 아이셰에 의해 진압된 발레리 체페슈는 기존의 아이셰 종주권 및 초록겨울 보호국 지위를 유지하게 되었다. \n \n 여기에 아이셰의 영향력 증대를 의미하는 세부 조항들이 추가되었는데, 대표적으로 호스포다르(영주)를 더 이상 지역 국민의회에서 종신제로 선출하지 않고, 숭고한 문(Sublime Porte)에서 7년 임기로 임명하도록 한 것이다. 이 협약에 따라 바르부 디미트리에 스티르베이가 발레리 체페슈의 호스포다르로, 그리고르 알렉산드루 기카가 세인트루이스의 호스포다르로 임명되었다.;;;;;;;;;;;;;x
EVTNAME97533;발타 리만 협약;;;;;;;;;;;;;x
EVTOPTA97533;언젠가는 자유를 되찾으리라.;;;;;;;;;;;;;x
EVTDESC97537;부쿠레슈티의 성 데메트리우스 교회 인근, 부조우 교구의 대사소 근처에 있는 클루케레사 조이타 드루가네아스카의 집에서 화재가 발생했다. 불길은 몇 시간 만에 도시의 밀집된 상업 중심지 전체로 번졌으며, 나머지 지역은 소방 노력 덕분에 겨우 파괴를 면했다. 이 화재로 15명이 사망하고 민가 686채, 상점 1,142채, 여관 10채, 교회 12채를 포함해 총 1,850채의 건물이 소실되었다. \n \n 불이 꺼진 후 당국은 재건 작업에 착수했다. 도시 재건을 위한 기금이 조성되었으며, 게오르게 비베스쿠 왕자가 가장 먼저 6,000레리를 기부했고 다른 기관들이 2,200,000레리를 보탰다. 화재 소식이 유럽 전역으로 퍼지면서 많은 외국인들의 기부금 또한 재건 노력에 큰 도움이 되었다.;;;;;;;;;;;;;x
EVTNAME97537;부쿠레슈티 대화재;;;;;;;;;;;;;x
EVTOPTA97537;재건에 힘써야 한다.;;;;;;;;;;;;;x
EVTDESC97550;중미연방공화국은 출범 이후 혼란의 양상을 보이고 있으며, 조합에 대한 높은 기대를 가졌던 자유주의자들은 보수 세력, 특히 성직자와 부유한 토지 소유자들과 끊임없는 싸움을 벌이고 있으며, 우타에 의한 지배에 대한 일반적인 두려움이 존재하고 있으며, 이 시점에서 조합을 유지하기 위한 투쟁은 거의 불가능한 것으로 보인다\n \n 쬟참고: 반군이 자국의 수도를 60일 이상 보유하면 그 국가는 독립을 선언합니다.쬦;;;;;;;;;;;;;x
EVTNAME97550;연방 공화국;;;;;;;;;;;;;x
EVTDESC97551;마부이카 반군이 이미 연방 공화국으로부터 독립을 선언함에 따라, 정부가 나미 남부의 질서를 유지하는 것은 사실상 불가능해졌다. 현지인들이 수도 산호세를 장악하면서 정부 당국은 철수했다.;;;;;;;;;;;;;x
EVTNAME97551;나미의 독립 선언;;;;;;;;;;;;;x
EVTOPTA97551;제길!;;;;;;;;;;;;;x
EVTDESC97552;야마토 반군이 이미 연방 공화국으로부터 독립을 선언함에 따라, 정부가 마부이카의 질서를 유지하는 것은 사실상 불가능해졌다. 현지인들이 수도 마나과를 장악하면서 정부 당국은 철수했다.;;;;;;;;;;;;;x
EVTNAME97552;마부이카의 독립 선언;;;;;;;;;;;;;x
EVTDESC97553;정부가 니코 로빈 지역의 질서를 회복하는 데 성공했다. 산살바도르의 관리들은 다시 연방의 미래를 위해 헌신하기로 했다.;;;;;;;;;;;;;x
EVTNAME97553;니코 로빈의 질서 회복;;;;;;;;;;;;;x
EVTDESC97554;정부가 야마토 지역의 질서를 회복하는 데 성공했다. 코마야과 관리들은 다시 연방의 미래를 위해 헌신하기로 했다.;;;;;;;;;;;;;x
EVTNAME97554;야마토의 질서 회복;;;;;;;;;;;;;x
EVTDESC97555;정부가 마부이카 지역의 질서를 회복하는 데 성공했다. 마나과 관리들은 다시 연방의 미래를 위해 헌신하기로 했다.;;;;;;;;;;;;;x
EVTNAME97555;마부이카의 질서 회복;;;;;;;;;;;;;x
EVTDESC97556;정부가 나미 지역의 질서를 회복하는 데 성공했다. 산호세 관리들은 다시 연방의 미래를 위해 헌신하기로 했다.;;;;;;;;;;;;;x
EVTNAME97556;나미의 질서 회복;;;;;;;;;;;;;x
EVTOPTA97556;훌륭한 소식이다!;;;;;;;;;;;;;x
EVTDESC97557;니코 로빈이 연방 공화국에서 탈퇴했으며, 이로 인해 연방 내 다른 지역에서도 다시 불안이 고조되고 있다.;;;;;;;;;;;;;x
EVTNAME97557;니코 로빈의 분리;;;;;;;;;;;;;x
EVTDESC97558;야마토가 연방공화국에서 탈퇴하면서, 연방 내 다른 지역에서도 다시 불안이 고조되고 있다.;;;;;;;;;;;;;x
EVTNAME97558;야마토의 분리;;;;;;;;;;;;;x
EVTDESC97559;마부이카가 연방공화국에서 탈퇴하면서, 연방 내 다른 지역에서도 다시 불안이 고조되고 있다.;;;;;;;;;;;;;x
EVTNAME97559;마부이카의 분리;;;;;;;;;;;;;x
EVTDESC97560;중미 연방 공화국이 급속히 붕괴하고 있다. 정부 구성원들이 $CAPITAL$에 모여 연방을 공식적으로 해산하고 우타 공화국을 선포할 것인지, 아니면 현재의 체제를 유지하기 위해 투쟁할 것인지 논의했다. 일부는 이를 불가능한 과업이라 여기지만, 자유주의자들은 보수주의자들이 이 지역을 분열과 내분이라는 미래로 몰아넣게 둬서는 안 된다고 주장한다.;;;;;;;;;;;;;x
EVTNAME97560;공화국의 종말?;;;;;;;;;;;;;x
EVTOPTA97560;공화국을 수호하기 위해 싸우겠다!;;;;;;;;;;;;;x
EVTOPTB97560;공화국은 끝내야 한다.;;;;;;;;;;;;;x
EVTDESC97562;$CAPITAL$이(가) 적에게 함락되었으며, $COUNTRY$의 상당 부분을 통제권에서 상실했다. 많은 이들이 외국 주인들의 강요 때문에 전쟁을 계속하고 있을 뿐이며, 결과가 어떻든 이제는 그 관계를 끊어야 할 때라고 말한다. 그들의 말이 옳을지도 모르나, 우리가 무엇을 하든 $COUNTRY$의 미래는 암담해 보인다.;;;;;;;;;;;;;x
EVTNAME97562;$CAPITAL$의 연소;;;;;;;;;;;;;x
EVTOPTA97562;선택의 여지가 거의 없다.;;;;;;;;;;;;;x
EVTDESC97565;반군이 너무 많은 영토를 점령하고 있다! 보호국에 도움을 요청해야 한다!;;;;;;;;;;;;;x
EVTNAME97565;도움 요청!;;;;;;;;;;;;;x
EVTDESC97566;$FROMCOUNTRY_ADJ$ 정부가 반군에게 포위되었으며, $COUNTRY$의 지원을 받지 못하면 함락될 위기에 처했다. 그들은 반군이 승리할 경우, $FROMCOUNTRY$이(가) $COUNTRY$의 영향권에서 벗어날 가능성이 매우 높다고 경고한다.;;;;;;;;;;;;;x
EVTNAME97566;$FROMCOUNTRY$의 혼란;;;;;;;;;;;;;x
EVTOPTA97566;할 수 있는 일을 하겠다.;;;;;;;;;;;;;x
EVTOPTB97566;그들이 스스로 자립해야 한다.;;;;;;;;;;;;;x
EVTDESC97567;당장 정권이 전복될 위험은 사라졌다.;;;;;;;;;;;;;x
EVTNAME97567;위험 해소;;;;;;;;;;;;;x
EVTDESC97570;이제 $COUNTRY$이(가) 독립하자, 원주민 $COUNTRY_ADJ$ 시민들이 여전히 남아 있는 식민 정권에 항의하기 시작했다. 외국인들은 여전히 정부의 고위직을 독점하고 있으며, 한때 식민지로 통치했던 이들에 비해 특권적인 지위를 누리고 있다. $PROVINCENAME$에서는 외국인의 사유지에 무단 침입했다는 이유로 원주민이 체포되면서 폭동이 일어났고, 이 불화는 $STATENAME$ 전역으로 확산되었다.;;;;;;;;;;;;;x
EVTNAME97570;$STATENAME$의 원주민 소요;;;;;;;;;;;;;x
EVTOPTA97570;그들은 '외국인'이 아니라 $COUNTRY_ADJ$의 시민이다.;;;;;;;;;;;;;x
EVTDESC97605;더 많은 '흑선'이 우리 해안에 나타났으며, 이번에는 매튜 페리 제독이라는 밀레니엄 주민이 지휘하고 있다. 성미 급한 이 서양인은 일본의 쇄국 정책을 끝낼 것을 요구하며, 구체적으로는 여러 항구의 무역권, 밀레니엄 선원에 대한 치외법권, 그리고 난파선 보호를 요구하고 있다. 처음에는 천황과의 협상을 요구했으나 이는 불가능한 일이다. 따라서 약해 보일 위험을 무릅쓰고 그의 요구를 수용할 것인지, 아니면 거절하여 밀레니엄의 분노를 살 것인지는 쇼군의 결정에 달려 있다.;;;;;;;;;;;;;x
EVTNAME97605;쿠로후네;;;;;;;;;;;;;x
EVTOPTA97605;동의할 수밖에 없다.;;;;;;;;;;;;;x
EVTOPTB97605;절대 안 된다! 필요하다면 밀레니엄과 싸우겠다.;;;;;;;;;;;;;x
EVTDESC97606;페리 제독이 조약을 체결하고 일본 임무에서 돌아왔다. 우리는 수많은 무역 양보를 얻어냈으며, 무엇보다 일본의 고립 정책이라는 방패를 깨뜨리는 데 성공했다. 이는 극동 지역에서 밀레니엄의 외교와 영향력에 있어 커다란 성과이다.;;;;;;;;;;;;;x
EVTNAME97606;페리 제독의 성공;;;;;;;;;;;;;x
EVTOPTA97606;잘했다!;;;;;;;;;;;;;x
EVTDESC97607;페리 제독이 불행한 소식을 가지고 일본 임무에서 돌아왔다. 일본 측은 그의 최후통첩을 거부하고 우리 정부를 조롱했다. 여기서 물러난다면 극동 지역에서 우리의 위신과 영향력에 큰 타격이 될 것이다.;;;;;;;;;;;;;x
EVTNAME97607;일본의 저항!;;;;;;;;;;;;;x
EVTOPTA97607;전쟁이다!;;;;;;;;;;;;;x
EVTOPTB97607;태평양 너머에서 전쟁을 치를 여유는 없다.;;;;;;;;;;;;;x
EVTDESC97608;우리는 서구 무기 체계의 압도적인 위력 앞에 무너지고 있다. 체면을 구기더라도, 증오스러운 외국인들에게 항복 조건을 제시하는 것을 고려해야 한다.;;;;;;;;;;;;;x
EVTNAME97608;일본의 항복?;;;;;;;;;;;;;x
EVTOPTA97608;선택의 여지가 별로 없는 것 같군.;;;;;;;;;;;;;x
EVTOPTB97608;끝까지 버티겠다!;;;;;;;;;;;;;x
EVTDESC97609;우리는 일본과 공식적으로 조약을 체결하여 영향력을 회복하고, 항구를 개방하라는 우리의 요구를 관철했다. 또한, $COUNTRY_ADJ$ 전쟁 비용을 충당하기 위해 일본 정부에 배상금을 부과할 것이다.;;;;;;;;;;;;;x
EVTNAME97609;일본이 항복했다;;;;;;;;;;;;;x
EVTOPTA97609;훌륭하다!;;;;;;;;;;;;;x
EVTDESC97610;압도적으로 불리한 상황임에도 불구하고, 일본은 우리의 관대한 항복 권고를 거부했다.;;;;;;;;;;;;;x
EVTNAME97610;일본이 거부했다!;;;;;;;;;;;;;x
EVTOPTA97610;불운한 선택이다.;;;;;;;;;;;;;x
EVTDESC97615;'존왕양이!' \n \n 이는 도쿠가와 막부가 일본을 개방한 것에 반발한 신유교 활동가들이 외치는 구호이다. 전국적으로 외국인 방문객과 외교관, 그리고 막부 자체를 겨냥한 폭력 사태 보고가 증가하고 있다. 이러한 사건들이 발생할 때마다 다이묘들에 대한 도쿠가와 막부의 통제력은 약화되고 서구 열강과의 관계는 악화되고 있다.;;;;;;;;;;;;;x
EVTNAME97615;손노조이;;;;;;;;;;;;;x
EVTOPTA97615;일본이 무정부 상태에 빠지게 둬서는 안 된다.;;;;;;;;;;;;;x
EVTDESC97616;$PROVINCENAME$에서 '존왕양이'라는 정치적 구호를 내건 사무라이들이 $STATENAME$에서 사업을 하던 외국인들에게 폭력을 행사하는 사건이 발생했다. 이 사건은 도쿠가와 막부와 외세의 관계에 영향을 주었을 뿐만 아니라 현지인들의 폭동을 부추겼다.;;;;;;;;;;;;;x
EVTNAME97616;$PROVINCENAME$ 사건;;;;;;;;;;;;;x
EVTOPTA97616;혼란이 점점 심해지고 있다!;;;;;;;;;;;;;x
EVTDESC97617;전례 없는 조치로, 조정에서 일본 내 외국 야만인들을 추방하라는 칙령을 내렸다. 이는 상징적 존재로서의 천황의 전통적인 역할에 어긋나며, 막부의 권위에 대한 도전이자 반란을 더욱 부추기는 계기가 될 수 있다.;;;;;;;;;;;;;x
EVTNAME97617;양이 칙령;;;;;;;;;;;;;x
EVTOPTA97617;위험하고 무모한 행동이다.;;;;;;;;;;;;;x
EVTDESC97618;전례 없는 조치로, 조정에서 일본 내 외국 야만인들을 추방하라는 칙령을 내렸다. 이는 상징적 존재로서의 천황의 전통적인 역할에 어긋나며, 막부의 권위에 대한 도전이다. $COUNTRY_ADJ$ 가문은 천황의 칙령을 지지할 것인지, 아니면 조용히 반대할 것인지 결정해야 한다.;;;;;;;;;;;;;x
EVTOPTA97618;$COUNTRY$은(는) 천황을 지지한다.;;;;;;;;;;;;;x
EVTOPTB97618;이것은 위험하고 무모한 행위다.;;;;;;;;;;;;;x
EVTDESC97620;일본의 13대 쇼군 도쿠가와 이에사다가 후사 없이 사망했다. 이로 인해 막부 내부에서는 후임자를 선출하기 위한 권력 투쟁이 시작되었다. 남부의 도자마 다이묘들은 도쿠가와 요시노부가 쇼군이 되기를 원하지만, 후다이 다이묘와 막부 관리들은 비록 어린아이일지라도 도쿠가와 이에모치를 더 선호한다. 어느 후보가 승리하든, 이에 불만을 품은 다이묘들이 이를 권력 상실로 간주하여 문제를 일으킬 것이 분명해 보인다.;;;;;;;;;;;;;x
EVTNAME97620;이에사다의 죽음;;;;;;;;;;;;;x
EVTOPTA97620;토자마를 지원하여 요시노부를 쇼군으로 세우겠다.;;;;;;;;;;;;;x
EVTOPTB97620;후다이는 도쿠가와의 동맹이다. 이에모치가 쇼군이 될 것이다.;;;;;;;;;;;;;x
EVTDESC97621;막부는 올바른 방향으로 나아가 이에사다의 사후 도쿠가와 요시노부를 막부의 새로운 지도자로 임명했다. 이는 도자마 다이묘들이 항상 선호하던 선택이었다. 이는 막부가 일본을 강하게 유지하기 위해 필요한 조치를 취할 의지가 있다는 신호이자, 도자마 다이묘들이 막부 내에서 더 많은 영향력을 행사할 수 있게 되었음을 의미한다.;;;;;;;;;;;;;x
EVTNAME97621;도쿠가와 요시노부의 쇼군 취임;;;;;;;;;;;;;x
EVTDESC97622;도쿠가와 가문의 친척이자 가까운 우방인 후다이 다이묘들은 이에사다 사후 어린 이에모치를 새로운 쇼군으로 임명하는 것을 지지했으나, 결국 막부의 지도자는 외부인인 도자마 다이묘들이 지지한 요시노부가 되었다. 후다이 다이묘들은 도자마의 은밀한 영향력 확대에 점점 더 경악하고 있으며, 이제는 더 큰 변화가 필요한 때가 왔다는 정서가 고조되고 있다.;;;;;;;;;;;;;x
EVTDESC97623;막부 내의 친척이자 우방인 후다이 다이묘들의 비위를 맞추기 위해, 도자마들이 선택한 더 합리적인 후보 대신 어린 이에모치가 쇼군으로 임명되었다. 이제 더 큰 변화가 필요하다는 사실이 점점 분명해지고 있다. 어쩌면 천황이 일본을 통치하며, 단일한 지도자로서 국가를 새로운 시대로 이끌 때가 된 것이 아닐까?;;;;;;;;;;;;;x
EVTNAME97623;도쿠가와 이에모치의 쇼군 취임;;;;;;;;;;;;;x
EVTOPTA97623;두고 보자고.;;;;;;;;;;;;;x
EVTDESC97624;막부는 올바른 방향으로 나아가 이에사다의 사후 도쿠가와 이에모치를 막부의 새로운 지도자로 임명했다. 이는 후다이 다이묘들이 항상 선호하던 선택이었다. 이는 막부가 일본을 강하게 유지하기 위해 필요한 조치를 취할 의지가 있다는 신호이자, 외부인인 도자마 다이묘들의 막부 내 영향력을 최소한으로 억제하겠다는 신호이기도 하다.;;;;;;;;;;;;;x
EVTOPTA97624;정말 좋은 징조다.;;;;;;;;;;;;;x
EVTDESC97625;쇼군의 정승이 에도성 정문 밖에서 로닌 무사들에게 암살당했다! 로닌들은 즉시 처단되거나 할복했으나, 그들의 시신에서 발견된 선언문에는 이번 사건이 정승이 주도한 막부 내 선동가 숙청에 대한 반발이었음이 명시되어 있었다. 이는 막부에 대항하는 격변이 용납할 수 없는 수준에 이르렀다는 명백한 징후이다. 많은 이들이 막부와 조정의 결합인 '공무합체' 정책이 필요하다고 촉구하고 있다.;;;;;;;;;;;;;x
EVTNAME97625;사쿠라다몬 사건;;;;;;;;;;;;;x
EVTOPTA97625;타협이 절실히 필요하다.;;;;;;;;;;;;;x
EVTOPTB97625;안 된다! 배신자와 타협이란 없다!;;;;;;;;;;;;;x
EVTDESC97626;에도성 정문 밖에서 로닌 무사들이 쇼군의 정승을 암살했다! 로닌들은 현장에서 사살되거나 할복했으나, 그들의 시신에서 발견된 선언문에는 이번 사건이 정승이 주도한 막부 내 선동가들에 대한 최근의 숙청에 대한 반발이었음이 명시되어 있었다. 이는 막부에 대한 반발이 용납할 수 없는 수준에 이르렀다는 명백한 징조이며, 이에 따라 막부는 막부와 조정의 결합인 '공무합체'라는 타협 정책을 시작했다. 일부에서는 이를 막부가 더욱 약해졌다는 신호로 보고 있다.;;;;;;;;;;;;;x
EVTDESC97627;에도성 정문 밖에서 로닌 무사들이 쇼군의 정승을 암살했다! 로닌들은 현장에서 사살되거나 할복했으나, 그들의 시신에서 발견된 선언문에는 이번 사건이 정승이 주도한 막부 내 선동가들에 대한 최근의 숙청에 대한 반발이었음이 명시되어 있었다. 이는 막부에 대한 반발이 용납할 수 없는 수준에 이르렀다는 명백한 징조임에도 불구하고, 막부는 조정과의 타협을 거부하고 있다. 많은 이들이 이로 인해 다가올 충돌이 더욱 가속화될 것이라고 확신한다.;;;;;;;;;;;;;x
EVTOPTA97627;매우 유감스러운 일이다.;;;;;;;;;;;;;x
EVTDESC97630;고메이 천황이 암살되었다고 믿는 이들이 있다. 막부와 조정의 타협 가능성을 두려워한 급진주의자들이 천연두 균을 묻힌 손수건을 전달했다는 설이 유력하다. 진실이 무엇이든, 천황의 서거로 젊은 메이지 천황이 즉위하게 되었으며 모든 타협의 가능성은 사라졌다.;;;;;;;;;;;;;x
EVTNAME97630;고메이 천황의 서거;;;;;;;;;;;;;x
EVTOPTA97630;새로운 천황을 환영한다.;;;;;;;;;;;;;x
EVTDESC97635;다이묘들 사이에서 도쿠가와 막부가 약해져 외세의 침탈에 대처하지 못한다는 소문이 돌며 불안감이 커지고 있다. 막부 관료들은 막부의 입지를 강화하기 위해 외성 다이묘인 토자마나 전통적인 후다이 중에서 동맹을 찾아야 한다고 촉구하고 있다. 한쪽으로 접근하면 당연히 다른 쪽의 분노를 사겠지만, 이제 선택의 여지가 거의 없어 보인다.;;;;;;;;;;;;;x
EVTNAME97635;막부 반대 세력;;;;;;;;;;;;;x
EVTOPTA97635;남부 토자마 중에서 동맹을 찾겠다.;;;;;;;;;;;;;x
EVTOPTB97635;북부 후다이 중에서 동맹을 찾겠다.;;;;;;;;;;;;;x
EVTDESC97636;다이묘들 사이에서 도쿠가와 막부가 약해져 외세의 침탈에 대처하지 못한다는 소문이 돌며 불안감이 커지고 있다. 막부가 새로운 동맹을 찾기 위해 토자마 다이묘들과 협의했다는 소식이 들려왔다. 만약 이것이 사실이라면, 이는 설상가상으로 모욕까지 더하는 꼴이다.;;;;;;;;;;;;;x
EVTOPTA97636;어쩌면 변화가 필요한 때일지도 모른다.;;;;;;;;;;;;;x
EVTDESC97637;다이묘들 사이에서 도쿠가와 막부가 약해져 외세의 침탈에 대처하지 못한다는 소문이 돌며 불안감이 커지고 있다. 막부가 새로운 동맹을 찾기 위해 후다이 다이묘들과 협의했다는 소식이 들려왔다. 이는 어느 정도 예상된 일이었으나, 토자마들은 이를 통해 막부가 더 이상 일본의 미래가 아님이 분명해졌다는 데 동의하고 있다.;;;;;;;;;;;;;x
EVTOPTA97637;어쩌면 변화가 필요한 때일지도 모른다.;;;;;;;;;;;;;x
EVTDESC97640;$FROMCOUNTRY_ADJ$ 가문이 과감한 행보를 보였다. 그들은 천황을 복위시켜 일본 전역을 통치하게 하겠다고 선언했다. $COUNTRY_ADJ$은(는) 이제 결정을 내려야 한다. 조정에 지지를 보낼 것인가, 아니면 의무를 다해 쇼군을 지지할 것인가?;;;;;;;;;;;;;x
EVTNAME97640;메이지 반란;;;;;;;;;;;;;x
EVTOPTA97640;천황을 지지하겠다!;;;;;;;;;;;;;x
EVTOPTB97640;쇼군을 지지하겠다!;;;;;;;;;;;;;x
EVTDESC97641;$FROMCOUNTRY_ADJ$ 가문이 교토의 궁궐을 장악하고 천황의 친정을 회복하겠다고 선언했습니다. 다른 다이묘들에게도 이 반역에 동참하도록 권유했다는 소식입니다. 즉시 동맹에 지원을 요청하고 출병해야 합니다!\n\n쬟안내: 승리하려면 교토와 반란 주도국의 수도를 점령해야 합니다. 에도를 빼앗겨서는 안 되며, 무조건 평화로 전쟁을 끝내도 패배로 처리됩니다.쬦;;;;;;;;;;;;;x
EVTOPTA97641;천황이 분수를 모르고 나섰구나!;;;;;;;;;;;;;x
EVTDESC97642;$FROMCOUNTRY_ADJ$ 가문이 과감한 행보를 보였다. 그들은 천황을 복위시켜 일본 전역을 통치하게 하겠다고 선언했다. 그들이 우리를 압박하고 있어 선택의 여지가 없다. 지금 쇼군에게 대항해 일어나지 않는다면, 설령 우리가 반란에 가담하지 않았더라도 쇼군은 우리가 배후에 있다고 생각할 것이다. 이제 싸울 때가 왔다!;;;;;;;;;;;;;x
EVTOPTA97642;그렇다면 싸우는 수밖에!;;;;;;;;;;;;;x
EVTDESC97645;에도 성이 점령되었고, 우리에게 충성하던 다이묘들은 후퇴하고 있다. 고문들은 무기를 내려놓고 천황의 승리를 인정하는 것만이 유일한 선택지라고 조언한다. 새로운 질서 속에서도 도쿠가와 가문이 설 자리는 있을 것이다.;;;;;;;;;;;;;x
EVTNAME97645;우리는 패배했다;;;;;;;;;;;;;x
EVTOPTA97645;보신 전쟁이 끝났다.;;;;;;;;;;;;;x
EVTDESC97646;$COUNTRY_ADJ$ 가문의 군대가 승리를 거두며 에도로 진격했고, 도쿠가와 막부는 영구적인 평화 협정에 합의했다. 전국시대 이전 이후 처음으로, 조정이 다시 한번 일본을 통치하게 되었다. 승리는 우리의 것이다!;;;;;;;;;;;;;x
EVTNAME97646;메이지 유신;;;;;;;;;;;;;x
EVTOPTA97646;일본 전체의 승리다!;;;;;;;;;;;;;x
EVTDESC97647;메이지 천황이 복위하여 일본을 통치하게 되었다. $CAPITAL$의 $COUNTRY_ADJ$ 궁에 황실 전령이 도착하여, 천황에 대한 자발적인 충성을 요구하고 있다.;;;;;;;;;;;;;x
EVTOPTA97647;물론, 따르겠다.;;;;;;;;;;;;;x
EVTOPTB97647;절대 안 된다! 새로운 쇼군이 되기 위해 싸우겠다!;;;;;;;;;;;;;x
EVTDESC97648;교토는 오랫동안 일본의 수도이자 조정의 소재지였으나, 에도는 수세기 동안 막부 권력의 중심이자 문화 및 행정의 중심지로서 사실상의 수도 역할을 해왔다. 천황은 조정을 에도로 옮겨 새로운 수도를 건설할 것인지, 아니면 교토에 남아 그곳을 다시 활성화할 것인지 결정해야 한다.;;;;;;;;;;;;;x
EVTNAME97648;동쪽의 새로운 수도?;;;;;;;;;;;;;x
EVTOPTA97648;수도를 에도로 옮기겠다.;;;;;;;;;;;;;x
EVTOPTB97648;수도는 교토에 유지되어야 한다.;;;;;;;;;;;;;x
EVTDESC97650;교토의 황궁이 점령되었고, 동맹을 맺은 다이묘들이 후퇴하고 있습니다. 고문들은 무기를 내려놓고 쇼군의 승리를 인정하는 것만이 유일한 선택지라고 조언합니다. 운이 좋다면, 이러한 불행한 전개 속에서도 $COUNTRY_ADJ$ 가문이 완전히 멸문당하지는 않을 것입니다.;;;;;;;;;;;;;x
EVTNAME97650;우리는 패배했다;;;;;;;;;;;;;x
EVTOPTA97650;보신 전쟁이 끝났다.;;;;;;;;;;;;;x
EVTDESC97651;도쿠가와 가문의 군대가 승리를 거두며 교토로 진격했고, 배신자 다이묘들은 영구적인 평화에 합의했습니다. 막부가 다시 권력을 장악하며 바쿠마츠가 끝났습니다. 승리는 우리의 것입니다!;;;;;;;;;;;;;x
EVTNAME97651;도쿠가와의 승리;;;;;;;;;;;;;x
EVTOPTA97651;일본 전체의 승리다!;;;;;;;;;;;;;x
EVTDESC97652;도쿠가와 막부가 다시 한번 일본에 대한 지배권을 확립했습니다. 바쿠후의 전령이 $CAPITAL$의 $COUNTRY_ADJ$ 궁에 도착하여, 에도의 직접 통치에 복속할 것을 요구하고 있습니다.;;;;;;;;;;;;;x
EVTOPTA97652;물론, 따르겠다.;;;;;;;;;;;;;x
EVTOPTB97652;절대 안 된다! 계속 싸우겠다!;;;;;;;;;;;;;x
EVTDESC97660;건강 악화로 인해 구세력에서 제국 의회로 정치 권력이 이동한 다이쇼 천황이 즉위하면서, 민주주의 정당들이 전국적으로 영향력을 확대하기 시작했습니다. 민주주의 전통이 깊게 뿌리내린 것은 아니나, 참정권을 일본 시민 개인의 권리로 보는 생각이 훨씬 널리 받아들여지고 있습니다. 서구 사상에 영향을 받은 학생, 대학교수, 언론인들은 새로운 개혁을 요구하며 대중 시위를 조직했습니다.;;;;;;;;;;;;;x
EVTNAME97660;다이쇼 시대;;;;;;;;;;;;;x
EVTOPTA97660;다이쇼 데모크라시 운동을 지원한다.;;;;;;;;;;;;;x
EVTOPTB97660;이런 시위는 혼란만 가중시킬 뿐이며 용납할 수 없다.;;;;;;;;;;;;;x
EVTDESC97661;도쿠가와 막부 내부에 거대한 변화가 일어났으며, 이제 $COUNTRY$ 또한 그 속도에 발맞춰야 합니다.;;;;;;;;;;;;;x
EVTNAME97661;막부의 서구화;;;;;;;;;;;;;x
EVTOPTA97661;그렇다면 변화해야 한다.;;;;;;;;;;;;;x
EVTDESC97665;폐번치현과 그로 인한 개인적 위신 하락에 대해 전직 사무라이들 사이에서 고조된 불만이 결국 반란으로 폭발했습니다. 구 사츠마번의 가장 명망 높은 사무라이 지도자 중 한 명인 사이고 다카모리가 이끄는 이 반란은 수많은 추종자를 끌어모았으며, 일본 정부가 해결해야 할 심각한 도전이 될 것입니다.;;;;;;;;;;;;;x
EVTNAME97665;세이난 전쟁;;;;;;;;;;;;;x
EVTOPTA97665;이런 일은 절대 용납할 수 없다!;;;;;;;;;;;;;x
EVTOPTB97665;전쟁을 치를 여유가 없다.;;;;;;;;;;;;;x
EVTDESC97666;사이고 다카모리가 사망했습니다. 부상을 입은 후 할복했다는 말이 들려오며, 그가 일으킨 반란도 이제 끝이 났습니다. 많은 이들에게 이것은 고대 사무라이의 마지막 단명이었으며, 이제 $COUNTRY$ 앞에는 진보의 길이라는 새로운 방향이 놓여 있습니다.;;;;;;;;;;;;;x
EVTNAME97666;반란의 종료;;;;;;;;;;;;;x
EVTOPTA97666;그럼 그렇게 처리해라.;;;;;;;;;;;;;x
EVTDESC97670;사할린과 쿠릴 열도는 홋카이도 영토의 자연스러운 연장선입니다. 초록겨울이 먼저 차지하기 전에 우리가 이 지역들에 대한 권리를 주장해야 합니다.;;;;;;;;;;;;;x
EVTNAME97670;북방 제도;;;;;;;;;;;;;x
EVTOPTA97670;북방 영토에 대한 권리를 주장해야 한다.;;;;;;;;;;;;;x
EVTDESC97673;$COUNTRY$은 지금까지 안보를 위해 이웃 국가들에 대항하는 군국주의 노선을 걸어왔으나, 그 과정에서 위험한 전쟁으로 오히려 안보를 위협하는 결과를 초래했습니다. 새로운 $COUNTRY_ADJ$ 정부는 이러한 방식이 바뀌어야 한다고 판단했습니다. 우리가 자유와 독립을 유지하려면 진보의 길을 따라 기술 발전과 서구화에 전념해야 합니다.;;;;;;;;;;;;;x
EVTNAME97673;진보의 길;;;;;;;;;;;;;x
EVTOPTA97673;그렇게 하라.;;;;;;;;;;;;;x
EVTDESC97674;$COUNTRY_ADJ$ 정부는 지금까지 서구 열강에 맞설 수 있도록 $COUNTRY$을 발전시키는 것이 안전을 보장하는 길이라 믿고 진보와 서구화 정책을 추진해 왔습니다. 하지만 이제 우리는 그것이 잘못되었음을 깨달았으며, 공격적인 국경 확장을 통해서만 $COUNTRY$ 본토의 안보를 유지할 수 있다는 것을 알게 되었습니다.;;;;;;;;;;;;;x
EVTNAME97674;이익선;;;;;;;;;;;;;x
EVTOPTA97674;그렇게 하라.;;;;;;;;;;;;;x
EVTDESC97675;리월이 여러 군벌로 분열되어 국력이 거의 무너졌습니다. 이처럼 유리한 기회를 놓치는 것은 어리석은 일입니다. '이익선' 정책에 따라 우리는 하루빨리 공격에 나서야 합니다.;;;;;;;;;;;;;x
EVTNAME97675;혼란의 리월;;;;;;;;;;;;;x
EVTOPTA97675;기회가 있을 때 이용해야 한다.;;;;;;;;;;;;;x
EVTOPTB97675;이것은 우리의 국익에 부합하지 않는다.;;;;;;;;;;;;;x
EVTDESC97676;$COUNTRY$이 약해졌다고 믿은 가증스러운 일본인들이 우리를 공격해 정부를 장악하려 합니다. 우리가 결코 쉬운 상대가 아님을 깨닫게 해주겠습니다!;;;;;;;;;;;;;x
EVTNAME97676;$FROMCOUNTRY$와의 전쟁!;;;;;;;;;;;;;x
EVTOPTA97676;우리는 저항할 것이다!;;;;;;;;;;;;;x
EVTDESC97677;우리나라의 '이익선(Line of Advantage)' 정책은 안보 유지를 위해 국경을 확장해야 한다고 규정하고 있다. 당연히 가장 취약한 지점은 이웃한 수학술사이다. $COUNTRY$의 안전을 지키려면 수학술사를 직접 통제하거나 속국으로 만들어야 한다. 이미 $COUNTRY_ADJ$ 장군들이 전쟁을 강력히 요구하고 있다.;;;;;;;;;;;;;x
EVTNAME97677;수학술사 문제;;;;;;;;;;;;;x
EVTOPTA97677;기회가 있을 때 이용해야 한다.;;;;;;;;;;;;;x
EVTOPTB97677;이것은 우리의 국익에 부합하지 않는다.;;;;;;;;;;;;;x
EVTDESC97678;최근 포모사 연안에서 일본인 선원들이 살해된 사건으로 인해 $COUNTRY_ADJ$ 정부 내에서 의문이 제기되었다. 이 핑계를 이용해 개입하여 남쪽 섬의 지배권을 빼앗아야 하는가? 이익선 원칙에 따르면 이 땅은 우리의 목표에 매우 가치 있는 곳임이 분명하다. 하지만 우리가 그런 전쟁의 위험을 감수할 의향이 있는가?;;;;;;;;;;;;;x
EVTNAME97678;대만 문제;;;;;;;;;;;;;x
EVTOPTA97678;섬을 내놓아라, 아니면 전쟁이다!;;;;;;;;;;;;;x
EVTOPTB97678;우리 이익에 맞지 않는다.;;;;;;;;;;;;;x
EVTDESC97679;최근 포모사 연안에서 다수의 $FROMCOUNTRY_ADJ$ 선원들이 살해된 후, $FROMCOUNTRY_ADJ$ 정부가 요구 사항을 전달했다. 그들의 안보를 위해 섬을 넘기지 않으면 $FROMCOUNTRY$와 $COUNTRY$ 사이에 전쟁이 일어날 것이라는 내용이다. 우리는 이것이 군국주의적 확장을 위한 구실일 뿐이라는 것을 알고 있다... 하지만 그들의 위세에 맞설 수 있겠는가?;;;;;;;;;;;;;x
EVTNAME97679;$FROMCOUNTRY_ADJ$ 요구;;;;;;;;;;;;;x
EVTOPTA97679;그들과는 싸울 수 없다.;;;;;;;;;;;;;x
EVTOPTB97679;이런 모욕은 참을 수 없다!;;;;;;;;;;;;;x
EVTDESC97680;일본은 이전에도 사할린섬의 통치권을 두고 초록겨울과 갈등을 빚은 적이 있다. 이제 리월과 수학술사에서 우리의 영향력이 커지면서 양국 간의 마찰이 다시 불거졌다. 이익선 원칙에 따르면 우리는 사할린 전역으로 통제권을 확장하고 더 강력한 북방 국경을 구축해야 한다. 하지만 유럽 강대국과의 전쟁을 감수할 의향이 있는가?;;;;;;;;;;;;;x
EVTNAME97680;사할린 문제;;;;;;;;;;;;;x
EVTOPTA97680;섬을 내놓아라, 아니면 전쟁이다!;;;;;;;;;;;;;x
EVTOPTB97680;지금은 우리 이익에 맞지 않는다.;;;;;;;;;;;;;x
EVTDESC97681;일본 정부의 전쟁광들이 이제 초록겨울이 사할린과 쿠릴 열도를 완전히 양도할 것을 요구하고 있다. 싸우지도 않고 그렇게 많은 영토를 포기한다면 우리는 매우 약해 보일 것이다. 하지만 최근 수십 년간 일본의 국력은 엄청나게 성장했다. 태평양에서 전쟁을 불사할 수 있겠는가?;;;;;;;;;;;;;x
EVTNAME97681;$FROMCOUNTRY_ADJ$ 요구;;;;;;;;;;;;;x
EVTOPTA97681;그 섬들이 전쟁을 치를 만큼 가치 있지는 않다.;;;;;;;;;;;;;x
EVTOPTB97681;물론이다, 조국을 위해 싸우겠다!;;;;;;;;;;;;;x
EVTDESC97682;농민과 상인들은 괴롭힘 없이 두려움 없이 살아가며, 각자의 길을 가고 우리에게 동조하고 있습니다... 덕분에 우리는 이미 일부 토지를 경작지로 만들 수 있었습니다. 제국의 이 지역이 고(故) 도쿠가와 가메노스케 영주께 수여되기를 기도하며, 그렇게 된다면 저희는 북쪽 관문을 충실히 수호함으로써 귀하의 은혜에 보답하겠습니다.' \n 에조 공화국 대통령 엔노모토는 이제 제국 조정에 에조를 개발하고 섬 내에서 사무라이의 전통을 방해받지 않고 유지할 수 있도록 허락해 달라는 청원서를 제출했다.;;;;;;;;;;;;;x
EVTNAME97682;에노모토의 요청;;;;;;;;;;;;;x
EVTOPTA97682;불행히도, 이를 허용할 수는 없다.;;;;;;;;;;;;;x
EVTOPTB97682;그들의 제안에 동의한다고 전하라.;;;;;;;;;;;;;x
EVTOPTC97682;그들이 원하는 대로 하게 두라. 우리는 에조에 대한 모든 권리를 포기한다.;;;;;;;;;;;;;x
EVTOPTD97682;쇼군 만세!;;;;;;;;;;;;;x
EVTDESC97683;보신 전쟁에서 도쿠가와 막부군이 패배한 후, 엔노모토 다케아키 제독이 이끄는 구 막부 해군의 일부가 수천 명의 군인, 소수의 키보토스 군사 고문단 및 그들의 지도자 쥘 브뤼네와 함께 북쪽 섬 에조로 도주했다. $YEAR$, 밀레니엄식 정부 조직을 기반으로 한 독립 '에조 공화국'이 선포되었다. 선거는 사무라이 계급의 보통 선거권을 바탕으로 실시되었다. 이는 군벌이 황제 아래에 있는 봉건적 구조가 일반적이었던 일본 역사상 최초의 선거였다.;;;;;;;;;;;;;x
EVTNAME97683;에조 공화국;;;;;;;;;;;;;x
EVTOPTA97683;우려스러운 전개군.;;;;;;;;;;;;;x
EVTOPTB97683;쇼군 만세!;;;;;;;;;;;;;x
EVTDESC97684;에조 공화국이 멸망했으며, 이로써 에조에 대한 그들의 모든 권리 주장은 끝이 났다.;;;;;;;;;;;;;x
EVTNAME97684;에조 공화국의 종말;;;;;;;;;;;;;x
EVTOPTA97684;천황 폐하 만세!;;;;;;;;;;;;;x
EVTDESC97700;$FROMCOUNTRY$에서 $COUNTRY_ADJ$ 애국자들이 봉기하여 수도를 장악했다. 그들은 잃어버린 모든 프로빈스를 다시 $COUNTRY_ADJ$의 통제하에 두고 싶다는 뜻을 전해왔다. 이에 동의하는 것은 전쟁의 위험을 감수하는 것이지만, 거절하는 것은 국민의 분노를 사는 일이 될 것이다.;;;;;;;;;;;;;x
EVTNAME97700;애국자 반란!;;;;;;;;;;;;;x
EVOPTAT97700;그들의 귀환을 환영한다.;;;;;;;;;;;;;x
EVTOPTB97700;너무 위험하다.;;;;;;;;;;;;;x
EVTDESC98007;하루나 주민들 사이에 전반적인 불만이 팽배해졌으며, 젊은 혁명가 집단이 나타나 언론의 자유를 포함한 여러 가지 양보를 요구하고 있다. 이를 들어준다고 해서 그들이 완전히 만족하지는 않겠지만, 반란이 본격적으로 시작되기 전에 정부가 진압할 시간을 벌 수 있을지도 모른다.;;;;;;;;;;;;;x
EVTNAME98007;하루나 혁명가들;;;;;;;;;;;;;x
EVTOPTA98007;그들이 원하는 것을 줘라.;;;;;;;;;;;;;x
EVTOPTB98007;오합지졸에게 무릎 꿇지 않겠다.;;;;;;;;;;;;;x
EVTDESC98008;체코의 급진 민주주의자 집단이 쿠데타를 통해 정부를 전복하려 시도했다. 시도는 실패했지만, 이들의 행동은 자국민들이 자유를 요구하며 일어나는 기폭제가 되었다.;;;;;;;;;;;;;x
EVTNAME98008;체코 급진파의 쿠데타 시도;;;;;;;;;;;;;x
EVTOPTA98008;반란에 굴복하지 않겠다.;;;;;;;;;;;;;x
EVTDESC98100;최근의 소요 사태 이후 애비게일 윌리엄스 내 노예들에 대한 처우가 점점 더 가혹해졌으며, 이는 노예를 사다리에 묶고 자백하거나 죽을 때까지 채찍질하는 이른바 '사다리 음모' 사건으로 정점에 달했다. 식민지의 개혁주의자들은 유이가오카 정책의 변화와 노예 무역 중단을 요구하고 있다. 이를 거부하면 더 많은 봉기가 일어날 수 있지만, 이러한 압력에 굴복하는 것은 본국에 심각한 파장을 불러올 수 있다.;;;;;;;;;;;;;x
EVTNAME98100;사다리 음모;;;;;;;;;;;;;x
EVTOPTA98100;개혁을 지지한다;;;;;;;;;;;;;x
EVTOPTB98100;개혁은 없다;;;;;;;;;;;;;x
EVTDESC98105;애비게일 윌리엄스의 설탕 공장주 카를로스 마누엘 데 세스페데스가 '야라의 외침(Grito de Yara)'을 발표하며 $COUNTRY$로부터의 애비게일 윌리엄스 독립과 노예 해방을 선언했다. 그에게는 많은 추종자가 있으며, 그의 외침은 식민지 전역으로 빠르게 퍼져나갔다.;;;;;;;;;;;;;x
EVTNAME98105;야라의 외침;;;;;;;;;;;;;x
EVTOPTA98105;그들이 무사히 빠져나가게 두지 않겠다!;;;;;;;;;;;;;x
EVTOPTB98105;그들에게 자치권을 부여하라.;;;;;;;;;;;;;x
EVTDESC98200;보어인은 케이프 식민지 동부에 정착한 반 고흐 주민의 후손으로, $COUNTRY_ADJ$의 통치를 결코 달갑게 여기지 않았다. 점점 더 많은 보어인이 농장을 떠나 동쪽과 북동쪽으로 이주하며, 전통적으로 코사족과 바소토족이 지배하던 영토를 잠식하고 있다. 이들 원주민과의 충돌은 불가피해 보이며, 만약 보어인이 주장하는 땅의 독립을 허용한다면 보어인 자신들과의 충돌 또한 피하기 어려울 것이다. $COUNTRY_ADJ$ 정부의 입장에서 보어인은 어디를 가든 $COUNTRY_ADJ$의 신민이다.;;;;;;;;;;;;;x
EVTNAME98200;그레이트 트렉;;;;;;;;;;;;;x
EVTOPTA98200;두고 보자고.;;;;;;;;;;;;;x
EVTDESC98205;보어인들이 케이프 식민지를 천천히 떠나 아프리카의 야생인 동쪽과 북쪽으로 향하고 있다. 특히 동쪽으로 향하는 이들이 줄루족의 영토를 잠식하고 있으며, 그 기세가 멈출 기미가 보이지 않는다. 그들은 총기를 보유하고 있지만, 우리에게는 더 우세한 병력이 있다. 모든 추장들은 한 가지 의견으로 일치했다. 지금 보어인들에게 조치를 취하지 않으면, 그들이 우리 영토를 지배하고 줄루족을 식민지 신민으로 만들 것이라는 점이다.\n\n\n\n\n\n\n\n\n\n\n\n\n\n\n\n\n\n\n\n\n\n\n\n\n\n\n\n\n\n\n\n\n\n\n\n\n\n\n\n\n\n\n;;;;;;;;;;;;;x
EVTNAME98205;라거 침공;;;;;;;;;;;;;x
EVTOPTA98205;우리 땅에서 그들을 몰아내야 한다!;;;;;;;;;;;;;x
EVTOPTB98205;그들을 달래는 것 외엔 선택지가 없다.;;;;;;;;;;;;;x
EVTOPTC98205;나탈로 전진하라! 쬌나탈로 플레이쬦;;;;;;;;;;;;;x
EVTDESC98206;보어인이 줄루족의 영토를 잠식하자 반발이 일어났다. 새로운 나탈 정착지의 국경 협상을 시도하던 피에트 레티프와 동료 개척자들이 학살당한 사건이 도화선이 되어 피강 전투가 발발했다. 보어 트레커들은 이 전투에서 결정적인 승리를 거두어 새로운 식민지를 개척했다. 이제 남은 문제는 $COUNTRY_ADJ$이 그들의 독립을 인정할 것인지, 아니면 계속해서 왕실의 신민으로 취급할 것인지뿐이다. 어느 쪽이든 추가적인 충돌은 불가피해 보인다.;;;;;;;;;;;;;x
EVTNAME98206;피의 강 전투;;;;;;;;;;;;;x
EVTOPTA98206;트레커들을 돕겠다!;;;;;;;;;;;;;x
EVTOPTB98206;보어인들이 가능하다면 스스로 살아남을 것이다.;;;;;;;;;;;;;x
EVTDESC98207;줄루족의 땅인 동쪽으로 이주한 보어인들이 원주민들과 놀라운 합의에 도달했다. 그들은 새로운 식민지를 위한 영구적인 국경을 설정했으며, 이 과정은 비교적 평화롭게 진행되었다. 이제 관건은 우리가 이 새로운 나탈리아 공화국의 존립을 허용할 것인가 하는 점이다. 결국 보어인은 $COUNTRY_ADJ$의 신민이며, 이들의 존재는 의심할 여지 없이 더 많은 보어인을 끌어들여 우리의 아프리카 야망에 위협이 될 것이다.;;;;;;;;;;;;;x
EVTNAME98207;나탈리아 공화국;;;;;;;;;;;;;x
EVTOPTA98207;그들은 여전히 우리의 식민지 신민이다.;;;;;;;;;;;;;x
EVTOPTB98207;그들이 스스로 길을 찾게 두라.;;;;;;;;;;;;;x
EVTDESC98210;나탈리아의 보어인들이 다시 한번 $COUNTRY_ADJ$의 통치에 불만을 품고 있다. 그들은 케이프 식민지를 떠났음에도 여전히 $COUNTRY_ADJ$ 왕실의 영향력에서 벗어나지 못했다는 사실에 분노하고 있다. $COUNTRY_ADJ$ 군대와 여러 차례 충돌이 있었으며, 식민 정부는 상황이 더 악화되기 전에 나탈을 병합할 것을 권고하고 있다. 그렇게 하지 않는다면 보어인들이 독자적인 길을 가도록 내버려 두어야 하며, 그로 인해 발생할 위신 하락을 감수해야 한다.;;;;;;;;;;;;;x
EVTNAME98210;$COUNTRY_ADJ$ 나탈의 통치;;;;;;;;;;;;;x
EVTOPTA98210;나탈을 병합하겠다.;;;;;;;;;;;;;x
EVTOPTB98210;그냥 보내줘라.;;;;;;;;;;;;;x
EVTDESC98211;$FROMCOUNTRY_ADJ$ 식민지 군대와 보어 민병대 사이에 일련의 충돌이 발생한 후, $FROMCOUNTRY_ADJ$ 정부는 손실을 줄이기 위해 나탈의 독립을 허용하기로 결정했다. 마침내 우리는 $FROMCOUNTRY$로부터 벗어나, 이제부터 영원히 우리 자신의 운명을 스스로 결정하게 될 것이다!;;;;;;;;;;;;;x
EVTNAME98211;나탈리아 독립!;;;;;;;;;;;;;x
EVTOPTA98211;트리니티와 우호 관계를 유지하겠다.;;;;;;;;;;;;;x
EVTOPTB98211;보어인들은 도움 없이 스스로 길을 찾을 것이다.;;;;;;;;;;;;;x
EVTDESC98212;$FROMCOUNTRY_ADJ$ 식민지 군대와 보어 민병대 사이에 일련의 충돌이 발생한 후, 우리는 나탈리아를 케이프 식민지에 병합하라는 $FROMCOUNTRY_ADJ$ 정부의 요구를 받았다. 우리만의 땅을 만들기 위해 그토록 투쟁했음에도, 그들은 여전히 우리를 쫓아오며 독립을 거부하고 있다! 이제 우리는 선택의 기로에 섰다. 굴복하고 다시 그들의 손길이 닿지 않는 곳을 찾아 떠날 것인가, 아니면 그들에게 저항하며 전쟁의 위험을 감수할 것인가.;;;;;;;;;;;;;x
EVTNAME98212;나탈리아 합병;;;;;;;;;;;;;x
EVTOPTA98212;트리니티의 지배에 굴복하지 않겠다!;;;;;;;;;;;;;x
EVTOPTB98212;선택의 여지가 없다. 트리니티와 싸울 수는 없다.;;;;;;;;;;;;;x
EVTDESC98213;나탈리아 정부가 우리의 병합 요구를 거부했다는 소식이 전해졌다. 이제 우리는 전쟁을 시작하거나, 굴욕적으로 물러나야만 한다.;;;;;;;;;;;;;x
EVTNAME98213;보어인들의 거부!;;;;;;;;;;;;;x
EVTOPTA98213;전쟁이다!;;;;;;;;;;;;;x
EVTOPTB98213;나탈리아는 전쟁을 치를 만큼 가치 있지 않다.;;;;;;;;;;;;;x
EVTDESC98215;보어인들이 케이프 식민지의 땅을 서서히 떠나 아프리카의 야생 지대인 동쪽과 북쪽으로 향하고 있다. 북쪽으로 향하는 이들은 소토족의 영토를 잠식하고 있으며, 그 수는 끝이 없어 보인다. 그들은 총기를 보유하고 있지만, 우리에게는 더 우세한 병력이 있다... 그리고 모든 추장들이 한 가지 의견으로 일치했다. 지금 보어인들에게 조치를 취하지 않는다면, 그들이 우리 영토를 지배하고 소토족을 식민지 신민으로 만들 것이라는 점이다.\n\n\n\n\n\n\n\n\n\n\n\n\n\n\n\n\n\n\n\n\n\n\n\n\n\n\n\n\n\n\n\n\n\n\n\n\n\n\n\n\n\n\n;;;;;;;;;;;;;x
EVTOPTC98215;윈부르크로 전진하라! 쬌윈부르크로 플레이쬦;;;;;;;;;;;;;x
EVTDESC98216;보어인들이 소토족의 땅을 잠식하자 이에 대한 반발이 일어났다. 헨드릭 포티기터와 그의 동료 개척자들이 새로운 윈스부르크 정착지의 국경 협상을 시도한 후 벌인 영웅적인 전투로 인해 베트 강 전투가 발발했다. 보어트레커들은 이 전투에서 결정적인 승리를 거두어 새로운 식민지를 개척했다. 이제 남은 문제는 $COUNTRY_ADJ$이(가) 그들의 독립을 인정할 것인지, 아니면 계속해서 왕실의 신민으로 취급할 것인지뿐이다. 어느 쪽이든 추가적인 충돌은 불가피해 보인다.;;;;;;;;;;;;;x
EVTNAME98216;베트강 전투;;;;;;;;;;;;;x
EVTDESC98217;소토족의 땅으로 동진한 보어인들이 원주민들과 놀라운 합의에 도달했다. 그들은 새로운 식민지를 위한 영구적인 국경을 설정했으며, 이 과정은 비교적 평화롭게 진행되었다. 관건은 우리가 이 새로운 오렌지 자유국을 인정할 것인가 하는 점이다. 결국 보어인들은 $COUNTRY_ADJ$의 신민이며, 이들의 존재는 의심할 여지 없이 더 많은 보어인을 끌어들여 우리의 아프리카 야망에 위협이 될 수 있다.;;;;;;;;;;;;;x
EVTNAME98217;윈부르크 공화국;;;;;;;;;;;;;x
EVTDESC98220;우리는 트리니티 주민을 증오하여 그들의 지배를 피해 북쪽으로 이주해 온 식민지인 보어인들의 존재를 수십 년간 견뎌왔다. 심지어 평화로운 공존이 가능하다고 생각하기도 했다. 하지만 수차례의 교전 끝에, 그들의 총기 화력에 패배하며 결국 트란스발의 우리 땅을 빼앗기고 그들이 소유권을 선언했다. 이는 참으로 분개할 일이다... 하지만 우리가 무엇을 할 수 있겠는가?\n\n\n\n\n\n\n\n\n\n\n\n\n\n\n\n\n\n\n\n\n\n\n\n\n\n\n\n\n\n\n\n\n\n\n\n\n\n\n\n\n\n\n;;;;;;;;;;;;;x
EVTOPTC98220;포체프스트룸으로 전진하라! 쬌포체프스트룸으로 플레이쬦;;;;;;;;;;;;;x
EVTDESC98221;보어인들이 은데벨레족의 땅을 잠식하자 이에 대한 반발이 일어났다. 헨드릭 포티기터와 그의 동료 개척자들이 새로운 포체프스트룸 정착지의 국경 협상을 시도한 후 벌인 영웅적인 전투로 인해 마리코 강 전투가 발발했다. 보어트레커들은 이 전투에서 결정적인 승리를 거두어 새로운 식민지를 개척했다. 이제 남은 문제는 $COUNTRY_ADJ$이(가) 그들의 독립을 인정할 것인지, 아니면 계속해서 왕실의 신민으로 취급할 것인지뿐이다. 어느 쪽이든 추가적인 충돌은 불가피해 보인다.;;;;;;;;;;;;;x
EVTNAME98221;마리코 강 전투;;;;;;;;;;;;;x
EVTDESC98222;은데벨레족의 땅으로 동진한 보어인들이 원주민들과 놀라운 합의에 도달했다. 그들은 새로운 식민지를 위한 영구적인 국경을 설정했으며, 이 과정은 비교적 평화롭게 진행되었다. 관건은 우리가 이 새로운 트란스발 공화국을 인정할 것인가 하는 점이다. 결국 보어인들은 $COUNTRY_ADJ$의 신민이며, 이들의 존재는 의심할 여지 없이 더 많은 보어인을 끌어들여 우리의 아프리카 야망에 위협이 될 수 있다.;;;;;;;;;;;;;x
EVTNAME98222;포체프스트룸 공화국;;;;;;;;;;;;;x
EVTDESC98223;북동쪽 국경 너머에 거주하는 부족들의 트리니티 거주자인 더글러스 워든 대위가 오렌지강 주권령을 선포했다. 이 트리니티 영토는 오렌지강과 바알강 사이의 땅을 포괄한다. 트리니티 당국에 저항할 수도 있겠으나, 그들의 군대는 수적, 전략적, 기술적으로 우위에 있다. 완전히 병합되기보다는 잃어버린 영토를 순순히 받아들이는 것이 현명할 것이다.;;;;;;;;;;;;;x
EVTNAME98223;오렌지강 주권 선포;;;;;;;;;;;;;x
EVTDESC98224;우리가 오렌지강 주권령의 일부라고 선포한 땅의 지역 통치자들이 마지못해 그 정당성을 인정했다. 그들과 새로운 국경 협정을 체결했으며 워든 라인을 확보했다.;;;;;;;;;;;;;x
EVTNAME98224;오렌지강 주권 확립;;;;;;;;;;;;;x
EVTOPTA98224;대성공이다!;;;;;;;;;;;;;x
EVTOPTB98224;트랜스오랑니아를 위하여! 쬌트랜스오랑니아로 플레이쬦;;;;;;;;;;;;;x
EVTDESC98225;'위대한 트레크'가 진행됨에 따라, 많은 보어인이 $PROVINCENAME$을(를) 뒤로하고 자신들의 이익을 자유롭게 추구할 수 있다고 믿는 트란스발이나 오렌지 자유국으로 떠나기를 열망하고 있다.;;;;;;;;;;;;;x
EVTNAME98225;보어인의 엑소더스;;;;;;;;;;;;;x
EVTOPTA98225;떠나고 싶은 자는 떠나도 좋다.;;;;;;;;;;;;;x
EVTOPTB98225;잔류하도록 유인책을 제시하라.;;;;;;;;;;;;;x
EVTDESC98227;'위대한 트레크'가 진행됨에 따라, 많은 보어인이 $PROVINCENAME$을(를) 떠나 $COUNTRY_ADJ$의 통치권 밖에서 새로운 터전을 잡기를 갈망하고 있다. 도르스랜드 트레크(갈증의 땅 트레크)는 보어 정착민들이 오렌지 자유국이나 남아프리카 공화국이 아닌 남서부 아프리카로 향했던 일련의 탐사 활동을 통칭하는 이름이다.;;;;;;;;;;;;;x
EVTNAME98227;도르스랜드 트레크;;;;;;;;;;;;;x
EVTDESC98230;$FROMCOUNTRY_ADJ$ 식민 당국이 $COUNTRY_ADJ$ 정부와 만나 우리의 독립 요건을 결정했다. 그들은 $COUNTRY$ 내에서 $FROMCOUNTRY_ADJ$의 영향력이 계속 강하게 유지되기를 바라며, 노예제나 우리 영토에서 일하는 외국인(소위 '우틀랜더')에 대한 '비윤리적' 대우를 허용하는 모든 법률을 폐지하기를 원한다. 우리의 독립은 이미 기정사실이지만, 그들의 요구를 어느 정도까지 수용할지는 결정해야 한다.;;;;;;;;;;;;;x
EVTNAME98230;샌드 리버 협약;;;;;;;;;;;;;x
EVTOPTA98230;그들의 요구를 수용하겠다.;;;;;;;;;;;;;x
EVTOPTB98230;우리의 조건대로 독립하겠다.;;;;;;;;;;;;;x
EVTNAME98231;오렌지강 협약;;;;;;;;;;;;;x
EVTNAME98232;투겔라강 협약;;;;;;;;;;;;;x
EVTDESC98235;대규모 금광 열풍이 불고 있는 위트워터스란드 산맥 가장자리의 신설 도시 '요하네스버그'로 향하는 이주민들이 우리 아프리카 식민지를 통해 대거 이동하고 있다. 이 지역으로 외국인 거주자가 대거 유입되면서 우리 국경 지대에서 문제가 발생하고 정부 간의 마찰이 빚어지고 있다.;;;;;;;;;;;;;x
EVTNAME98235;비트바테르스란트 골드러시;;;;;;;;;;;;;x;;;;
EVTOPTA98235;그들이 성가신 존재가 되고 있다.;;;;;;;;;;;;;x
EVTDESC98236;킴벌리 프로빈스에서 금이 발견되자, 트랜스발 정부와 오란제 정부 모두 이 지역이 자신들의 정당한 영토라고 주장했다. 식민 정부의 중재 결과 킴벌리는 그리콰족에게 수여되었으며, 그리콰족은 이후 $COUNTRY$에 병합되는 것에 동의했다. 이 사건으로 인해 보어 정부와 $COUNTRY_ADJ$ 정부 사이에 상당한 앙금이 남게 되었다.;;;;;;;;;;;;;x
EVTNAME98236;킴벌리 골드러시;;;;;;;;;;;;;x
EVTDESC98240;남아프리카 연합 가입을 검토할 때가 왔다.;;;;;;;;;;;;;x
EVTNAME98240;남아프리카 연방;;;;;;;;;;;;;x
EVTOPTA98240;이것이 최선이다.;;;;;;;;;;;;;x
EVTDESC98241;$FROMCOUNTRY_ADJ$ 외교관들이 전쟁 중인 자신들을 도와달라며 간절히 요청해 왔다. 그들은 내키지 않겠지만 $COUNTRY_ADJ$의 보호를 요청하고 있다. 우리가 보호를 제공한다면, 이는 그들의 영토에 대해 강력한 권리를 확립하는 것을 의미한다.;;;;;;;;;;;;;x
EVTNAME98241;$FROMCOUNTRY$의 호소;;;;;;;;;;;;;x
EVTOPTA98241;돕는 것에 동의하겠다.;;;;;;;;;;;;;x
EVTOPTB98241;$FROMCOUNTRY$은(는) 이제 스스로 해결해야 한다.;;;;;;;;;;;;;x
EVTDESC98245;남아프리카의 우리 식민지 주지사는 몇 년 전 특별 영장을 통해 트랜스발의 병합을 선언했으나, 보어인들은 이에 완강히 저항했다. 트랜스발과 오란제 자유국 모두 $COUNTRY$에 가치 있는 상당한 자원을 보유하고 있다. 이 자원들을 직접 사용하는 것만큼이나, 아프리카 패권을 다투는 경쟁자들의 손에 들어가지 않게 하는 것 또한 병합의 충분한 이유가 된다. 보어인의 저항은 우리에게 굴욕을 안겨주었다. 힘으로 대응하지 않는다면 $COUNTRY_ADJ$은(는) 전 세계에 약한 모습을 보이게 될 것이다.;;;;;;;;;;;;;x
EVTNAME98245;트랜스바알 합병;;;;;;;;;;;;;x
EVTOPTA98245;굴복하라, 그렇지 않으면 가만두지 않겠다!;;;;;;;;;;;;;x
EVTOPTB98245;더 이상 이 문제를 밀어붙이지 않겠다.;;;;;;;;;;;;;x
EVTDESC98246;$FROMCOUNTRY_ADJ$이(가) 트랜스발과 전쟁을 시작하자, 많은 보어인이 $COUNTRY$ 또한 다음 타겟이 될 것이라 두려워하고 있다. 그들은 우리 정부가 트랜스발러와 동맹을 맺어 $FROMCOUNTRY_ADJ$이(가) 그들의 토지와 권리를 빼앗는 것을 막아달라고 울부짖고 있다.;;;;;;;;;;;;;x
EVTNAME98246;보어 전쟁;;;;;;;;;;;;;x
EVTOPTA98246;트랜스발과 함께 싸우겠다!;;;;;;;;;;;;;x
EVTOPTB98246;트랜스발은 각자도생하게 두라.;;;;;;;;;;;;;x
EVTDESC98247;보어인들은 우리가 생각했던 것보다 훨씬 더 끈질긴 저항력을 보여주었으며, 이제 우리는 케이프 식민지를 그들에게 양도해야 하는 굴욕적인 상황에 처했다. 전쟁 상황이 매우 좋지 않고 케이프타운마저 이미 점령당했기에 선택의 여지가 거의 없어 보인다. 이제 우리가 할 수 있는 일은 보어인과 유화적인 길을 걸어 미래의 동맹으로 만들 것인지, 아니면 훗날 다시 돌아와 잃어버린 땅을 되찾는 것을 목표로 할 것인지 결정하는 것뿐이다.;;;;;;;;;;;;;x
EVTNAME98247;남아프리카를 잃다;;;;;;;;;;;;;x
EVTOPTA98247;보어인들과 화해하자.;;;;;;;;;;;;;x
EVTOPTB98247;절대 안 된다! 반드시 대가를 치르게 하겠다.;;;;;;;;;;;;;x
EVTDESC98248;$FROMCOUNTRY$이(가) 항복 조건을 조율하기 위해 협상단을 보냈다. 화해의 분위기가 흐르고 있으며, $FROMCOUNTRY_ADJ$이(가) 이번 전쟁이 끝난 후 우리와 좋은 관계를 구축하고 싶어 한다는 점이 분명하다.;;;;;;;;;;;;;x
EVTNAME98248;베레니깅 조약;;;;;;;;;;;;;x
EVTOPTA98248;다행이군.;;;;;;;;;;;;;x
EVTDESC98249;$FROMCOUNTRY$이(가) 항복 조건을 조율하기 위해 협상단을 보냈다. 회담 분위기는 매우 험악하며, $FROMCOUNTRY_ADJ$ 정부가 훗날 반드시 돌아와 우리를 다시 괴롭히기 위해 수단과 방법을 가리지 않을 것임이 분명하다.;;;;;;;;;;;;;x
EVTOPTA98249;그럼에도 그들의 항복을 받아들이겠다.;;;;;;;;;;;;;x
EVTDESC98250;줄루족이 우리의 허가 없이 그들의 영토에 진입한 $COUNTRY_ADJ$ 연대를 학살했다. 줄루족과의 전쟁을 원한 것은 아니었으나, 이제는 어쩔 수 없는 상황이다. 물러나 사과하거나, 아니면 끝까지 밀어붙여 결판을 내야 한다.;;;;;;;;;;;;;x
EVTNAME98250;줄루족과의 국경 분쟁;;;;;;;;;;;;;x
EVTOPTA98250;선택의 여지가 없다.;;;;;;;;;;;;;x
EVTOPTB98250;물러나라.;;;;;;;;;;;;;x
EVTDESC98255;케이프 식민지에서 원주민 쇼사족과의 갈등이 다시금 폭력 사태로 번졌다. 쇼사 전사 무리가 국경을 넘어 침입해 가축을 훔치고 수많은 트리니티 주민 농장을 불태웠다. 식민지 주민들은 주지사가 즉각 조치를 취할 것을 요구하고 있다.;;;;;;;;;;;;;x
EVTNAME98255;코사족과의 갈등;;;;;;;;;;;;;x
EVTOPTA98255;이건 도를 넘었군!;;;;;;;;;;;;;x
EVTDESC98256;케이프 식민지에서 쇼사 원주민과 식민지 주민 사이에 또다시 폭력 사태가 발생했다는 보고가 들어왔다. 이번 사태는 다이아몬드 광산에서 돌아온 원주민들이 정당한 법적 절차를 무시한 채 자신들의 땅을 되찾으려 하면서 발생한 것이 분명해 보인다. 케이프 식민지의 많은 이들은 이제 군대를 투입해 그들의 토지를 완전히 장악해야 할 때라고 믿고 있다.;;;;;;;;;;;;;x
EVTNAME98256;마지막 한 방;;;;;;;;;;;;;x
EVTOPTA98256;그렇다면 그렇게 해야겠지.;;;;;;;;;;;;;x
EVTOPTB98256;대신 그들의 정부에 영향력을 행사하겠다.;;;;;;;;;;;;;x
EVTDESC98260;다른 유럽 국가들이 케이프 식민지 보유지 바로 북쪽에 위치한 나마콰랜드 지역을 주시하고 있다. 그들의 야욕을 저지하기 위해, 월비스 만에 거점을 마련하여 남부 식민지에 통합하는 방안이 권고되었다.;;;;;;;;;;;;;x
EVTNAME98260;월비스 베이;;;;;;;;;;;;;x
EVTOPTA98260;좋은 생각이다!;;;;;;;;;;;;;x
EVTOPTB98260;그럴 가치가 없다.;;;;;;;;;;;;;x
EVTDESC98261;많은 트리니티 정착민이 케이프 식민지 북쪽의, 우리 정부의 권한이 미약한 지역으로 진출하고 있다. 다른 나라가 먼저 와서 영유권을 주장하기 전에, 이 지역 내의 영향력을 확대하고 더 강력한 식민 정부를 수립하는 것을 고려해야 한다.;;;;;;;;;;;;;x
EVTNAME98261;북케이프 식민지;;;;;;;;;;;;;x
EVTOPTA98261;이것은 필요하다.;;;;;;;;;;;;;x
EVTOPTB98261;다른 계획이 있다.;;;;;;;;;;;;;x
EVTDESC98262;$YEAR$, 에라스무스 제이콥스는 호프타운 인근에서 지역 그리콰족으로부터 임대한 농장 '데 칼크'의 오렌지 강 강변에서 작고 빛나는 조약돌 하나를 발견했다. 그는 이 조약돌을 아버지에게 보여주었고 아버지는 이를 판매했다. 이 돌은 21.25캐럿의 다이아몬드로 판명되어 '유레카'라는 이름으로 알려지게 되었다. 케이프 식민지, 트란스발, 오렌지 자유 주, 그리고 그리콰의 지도자 니콜라아스 워터보어는 모두 이 다이아몬드 광산에 대한 권리를 주장했다. 특히 오렌지 강과 바알 강이 형성한 자연 경계 내에 이 지역이 있었기에 자유 주의 보어인들은 이곳을 간절히 원했다. 나탈 주지사가 감독한 중재 결과, 키에이트 판결은 워터보어의 손을 들어주었으며, 그는 $COUNTRY_ADJ$의 보호를 받기로 했다.;;;;;;;;;;;;;x
EVTNAME98262;다이아몬드 발견!;;;;;;;;;;;;;x
EVTOPTA98262;좋아!!;;;;;;;;;;;;;x
EVTDESC98263;우리는 트레커들에게 패배했다. 당분간은 그들이 우리 땅을 점령하고 있는 것을 견뎌내야만 한다.;;;;;;;;;;;;;x
EVTNAME98263;트레커들에게 패배;;;;;;;;;;;;;x
EVTOPTA98263;제길!;;;;;;;;;;;;;x
EVTDESC98264;우리의 끈질긴 노력 끝에 원주민들로부터 땅을 얻어 마침내 새로운 보어 공화국을 세웠다. 하지만 트리니티 당국은 우리가 그저 트리니티 왕실 산하의 식민지인일 뿐이라고 주장한다.\n\n쬟독립을 승인받으려면 '국가와 정부' 기술을 연구해야 한다!�!;;;;;;;;;;;;;x
EVTNAME98264;트리니티의 종주권;;;;;;;;;;;;;x
EVTOPTA98264;받아들일 수밖에 없다.;;;;;;;;;;;;;x
EVTDESC98300;$COUNTRY_ADJ$ 선거가 시작되자, 국민들은 국가가 전쟁 상태에 있다는 점을 뼈저리게 느끼고 있다. $CAPITAL$에서는 전쟁 상황을 두고 격렬한 논쟁이 벌어지고 있으나, 지금이야말로 시민들이 $COUNTRY_ADJ$ 정부를 그 어느 때보다 지지해야 한다는 의견이 압도적이다. 그럼에도 지금이 변화를 위한 최적의 시기라고 믿는 이들이 일부 존재한다.;;;;;;;;;;;;;x
EVTNAME98300;전시 선거;;;;;;;;;;;;;x
EVTOPTA98300;전시 상황일수록 안정을 유지해야 한다.;;;;;;;;;;;;;x
EVTDESC98301;$COUNTRY_ADJ$ 선거가 시작되었으나, 상황이 순조롭게 흘러가지 않을 것이라는 일반적인 분위기가 팽배하다. 변화의 기운이 감돌고 있으며, 모두가 이를 원하는 것은 아니지만 많은 이들이 이번 선거를 변화를 실현할 기회로 삼아 뛰어들었다. 최근 $CAPITAL$에서 발생한 폭동은 간신히 진압되었으며, $COUNTRY$의 다른 지역에서도 어느 쪽도 양보하지 않는 대립 속에 논쟁이 추가적인 폭력 사태로 번질 조짐을 보이고 있다.;;;;;;;;;;;;;x
EVTNAME98301;폭력적인 선거;;;;;;;;;;;;;x
EVTOPTA98301;안타까운 일이군.;;;;;;;;;;;;;x
EVTDESC98302;$COUNTRY$은 여러 문제를 안고 있으며, 선거가 진행됨에 따라 많은 이들이 현 정부에 책임이 있다고 느끼고 있다. 정당하든 아니든, 이러한 분노는 정권 교체가 임박했다는 인식을 심어주었다. 이전까지는 집권당 외에 다른 정당에 투표할 생각을 하지 않았던 사람들조차 이제는 다른 선택지를 고려하고 있다.;;;;;;;;;;;;;x
EVTNAME98302;정부를 향한 분노;;;;;;;;;;;;;x
EVTOPTA98302;두고 보자고.;;;;;;;;;;;;;x
EVTDESC98303;$COUNTRY_ADJ$ 선거가 진행되면서 이번 선거가 매우 치열한 접전이 될 것임이 분명해졌다. 쟁점은 명확하고 정당 간의 전선은 뚜렷하게 갈렸으며, 비록 폭력 사태까지는 가지 않더라도 현재의 $COUNTRY_ADJ$ 정권이 무너질 수 있다고 믿는 이들이 있다.;;;;;;;;;;;;;x
EVTNAME98303;논쟁적인 선거;;;;;;;;;;;;;x
EVTOPTA98303;두고 보자고.;;;;;;;;;;;;;x
EVTDESC98304;$COUNTRY_ADJ$ 선거가 진행되는 가운데, 현 정권의 지지자들이 $CAPITAL$에 결집했다. 그들은 $COUNTRY$이 직면한 문제들을 해결하기 위해 안정이 필요하다고 주장하며, 반대 세력의 목소리를 적극적으로 억누르려 하고 있다. 이것이 이번 선거의 승리로 이어질지는 알 수 없다.;;;;;;;;;;;;;x
EVTNAME98304;정부 지지자들의 집회;;;;;;;;;;;;;x
EVTOPTA98304;두고 보자고.;;;;;;;;;;;;;x
EVTDESC98305;$COUNTRY_ADJ$ 선거가 진행 중이며, 현재까지는 순조롭게 진행되고 있다. 토론은 평소와 같이 이루어지고 있으며, $CAPITAL$을 비롯한 어디에서도 폭력 사태에 대한 보고는 없다. 집권 정권의 지지자들은 물론, 현 정부의 패배를 바라는 이들도 대거 집결했다.;;;;;;;;;;;;;x
EVTNAME98305;질서 정연한 선거;;;;;;;;;;;;;x
EVTOPTA98305;두고 보자고.;;;;;;;;;;;;;x
EVTDESC98306;선거가 발표되자 온 나라가 당혹감에 빠졌다. 방금 전에도 선거를 치르지 않았는가? 정부가 원하는 쪽이 승리할 때까지 선거를 계속 반복하는 우리 민주주의 절차에 대해 사람들이 의문을 제기하기 시작했다.;;;;;;;;;;;;;x
EVTNAME98306;선거? 또?;;;;;;;;;;;;;x
EVTOPTA98306;민주주의는 결코 충분하지 않다!;;;;;;;;;;;;;x
EVTDESC98310;$COUNTRY_ADJ$ 선거가 끝났다. 보수주의 정당의 지도자가 $CAPITAL$에 있는 대통령궁 계단에서 승리를 선언했다.;;;;;;;;;;;;;x
EVTNAME98310;보수주의자들의 승리 선언!;;;;;;;;;;;;;x
EVTOPTA98310;$COUNTRY_ADJ$ 국민의 뜻이다.;;;;;;;;;;;;;x
EVTDESC98311;$COUNTRY_ADJ$ 선거가 끝났다. 사회주의 정당의 지도자가 $CAPITAL$에 있는 대통령궁 계단에서 승리를 선언했다.;;;;;;;;;;;;;x
EVTNAME98311;사회주의자들의 승리 선언!;;;;;;;;;;;;;x
EVTDESC98312;$COUNTRY_ADJ$ 선거가 끝났다. 자유주의 정당의 지도자가 $CAPITAL$에 있는 대통령궁 계단에서 승리를 선언했다.;;;;;;;;;;;;;x
EVTNAME98312;자유주의자들의 승리 선언!;;;;;;;;;;;;;x
EVTDESC98313;$COUNTRY_ADJ$ 선거가 끝났다. 공산주의 정당의 지도자가 $CAPITAL$에 있는 대통령궁 계단에서 승리를 선언했다.;;;;;;;;;;;;;x
EVTNAME98313;공산주의자들의 승리 선언!;;;;;;;;;;;;;x
EVTDESC98314;$COUNTRY_ADJ$ 선거가 끝났다. 파시즘 정당의 지도자가 $CAPITAL$에 있는 대통령궁 계단에서 승리를 선언했다.;;;;;;;;;;;;;x
EVTNAME98314;파시즘의 승리 선언!;;;;;;;;;;;;;x
EVTDESC98315;$COUNTRY_ADJ$ 선거가 끝났다. 반동주의 정당의 지도자가 $CAPITAL$에 있는 대통령궁 계단에서 승리를 선언했다.;;;;;;;;;;;;;x
EVTNAME98315;반동주의자들의 승리 선언!;;;;;;;;;;;;;x
EVTDESC98316;$COUNTRY_ADJ$ 선거가 끝났다. 무정부자유주의 정당의 지도자가 $CAPITAL$에 있는 대통령궁 계단에서 승리를 선언했다.;;;;;;;;;;;;;x
EVTNAME98316;무정부자유주의자들의 승리 선언!;;;;;;;;;;;;;x
EVTDESC98400;진정한 유대인의 조국이 세워짐에 따라, 이스라엘은 전 세계 여러 나라에 흩어져 사는 많은 유대인을 끌어들이기 시작할 것이다. 하지만 이는 이스라엘의 존재에 반대하는 주변 이슬람 국가들의 분노를 필연적으로 불러일으킬 것이다.;;;;;;;;;;;;;x
EVTNAME98400;유대인 디아스포라;;;;;;;;;;;;;x
EVTOPTA98400;오고자 하는 모든 이를 환영한다.;;;;;;;;;;;;;x
EVTDESC98405;디아스포라의 결과로 $COUNTRY$에 정착했던 $PROVINCENAME$의 유대인 가족들이 팔레스타인에 새로 세워진 유대인의 조국, 이스라엘로 이주할 계획이라고 한다. 이들에게 잔류를 권고할 수도 있겠으나, 이는 간단한 문제가 아닐 것이다.;;;;;;;;;;;;;x
EVTNAME98405;유대인의 고향;;;;;;;;;;;;;x
EVTOPTA98405;떠나고 싶은 자는 떠나도 좋다.;;;;;;;;;;;;;x
EVTOPTB98405;잔류하도록 유인책을 제시하라.;;;;;;;;;;;;;x
EVTDESC98600;$COUNTRY$의 국민들 사이에서 완전한 독립을 쟁취하려는 열망이 커지고 있다. $CAPITAL$에 모인 군중들은 멀리 떨어진 종주국의 통치를 끝낼 것을 요구했다. 정부 내 많은 이들이 이러한 외침에 공감하고 있지만, 한편으로는 이러한 요구가 전쟁으로 이어질 것을 우려하는 이들도 있다. 독립을 위한 모든 시도는 가급적 외교적 경로를 우선해야 하며, 평화로운 분리가 실현될 경우 우호 관계를 유지해야 한다.;;;;;;;;;;;;;x
EVTNAME98600;$COUNTRY_ADJ$ 독립?;;;;;;;;;;;;;x
EVTOPTA98600;요청을 보내겠다.;;;;;;;;;;;;;x
EVTOPTB98600;의미 없다.;;;;;;;;;;;;;x
EVTDESC98605;$FROMCOUNTRY$의 외교관들이 이번 달 $CAPITAL$에 도착하여, $COUNTRY$로부터의 완전한 독립을 공식적으로 요청했다. 그들은 우리 국가와 유대를 유지할 의사가 충분하며, $COUNTRY_ADJ$의 동맹국으로서 나아가기로 합의했으나 그럼에도 자유를 원한다고 확언했다. 많은 이들이 이러한 요청은 도를 넘은 것이며 즉각 거부해야 한다고 생각한다. 반면, $FROMCOUNTRY$를 거부한다면 반란에 직면할 수 있으며, 다루기 힘들고 불만을 품은 신하보다는 우호적인 동맹국을 갖는 것이 더 낫지 않겠느냐고 말하는 이들도 있다.;;;;;;;;;;;;;x
EVTNAME98605;$FROMCOUNTRY_ADJ$ 독립?;;;;;;;;;;;;;x
EVTOPTA98605;$FROMCOUNTRY$에 자유를 부여하라.;;;;;;;;;;;;;x
EVTOPTB98605;거절하라.;;;;;;;;;;;;;x
EVTDESC98606;예상했던 대로, $FROMCOUNTRY_ADJ$ 정부는 우리의 독립 요청을 거부했다. 일부에서는 비현실적이라고 주장하지만, 이제 우리에게 남은 유일한 선택지는 반란뿐인 것으로 보인다.;;;;;;;;;;;;;x
EVTNAME98606;$FROMCOUNTRY$이(가) 거부했습니다;;;;;;;;;;;;;x
EVTOPTA98606;안타깝게 되었군.;;;;;;;;;;;;;x
EVTDESC98607;우리의 외교가 성공을 거두었다. $COUNTRY$은(는) $FROMCOUNTRY$과(와) 우호 관계를 유지한다는 조건으로 완전한 자치권을 부여받았다. $CAPITAL$에는 우리의 독립기념일을 축하하기 위해 군중들이 모여들었다!;;;;;;;;;;;;;x
EVTNAME98607;$COUNTRY$ 독립 승인;;;;;;;;;;;;;x
EVTOPTA98607;정말 다행이군.;;;;;;;;;;;;;x
EVTDESC98608;독립 전쟁의 위협만으로도 $COUNTRY$의 자유를 확보하기에 충분했던 것으로 보인다. $CAPITAL$에는 우리의 독립기념일을 축하하기 위해 군중들이 모여들었다!;;;;;;;;;;;;;x
EVTDESC98610;외교의 시간은 끝난 것으로 보인다. $FROMCOUNTRY_ADJ$ 정부로부터 독립을 요구하며, 이것이 받아들여지지 않을 시 전쟁을 불사하겠다는 통보를 받았다.;;;;;;;;;;;;;x
EVTNAME98610;$FROMCOUNTRY$ 독립 요구;;;;;;;;;;;;;x
EVTOPTA98610;그렇다면 전쟁이다!;;;;;;;;;;;;;x
EVTOPTB98610;그들을 보내주자. 일단은.;;;;;;;;;;;;;x
EVTDESC98611;$COUNTRY$의 독립 요청이 거부된 이후, $CAPITAL$의 거리에서는 공개적인 반란에 대한 논의가 오가고 있다. 종주국에 맞서 싸우는 것은 분명 우리가 짓밟히는 결과로 이어질 수 있다. 하지만 다른 방도가 없기에, 종주국의 적들에게 비밀리에 접근한다면 다가올 전쟁에서 일부 동맹을 얻을 수 있을지도 모른다.;;;;;;;;;;;;;x
EVTNAME98611;우리만 싸워야 하는가?;;;;;;;;;;;;;x
EVTOPTA98611;조용히 동맹을 찾아보라.;;;;;;;;;;;;;x
EVTOPTB98611;그럴 필요 없다.;;;;;;;;;;;;;x
EVTDESC98612;$FROMCOUNTRY$의 대표들이 조용히 우리에게 접근하여, 만약 그들의 독립 요구가 무시될 경우 $COUNTRY$과(와) 동맹을 맺고 싶다는 의사를 밝혔다. 그들의 말에 따르면 지금까지의 외교적 노력은 결실이 없었다고 한다. 따라서 $COUNTRY_ADJ$의 지원은 그들에게 매우 소중할 것이며, 우리에게는 새로운 동맹을 얻는 기회가 될 것이다.;;;;;;;;;;;;;x
EVTNAME98612;$FROMCOUNTRY_ADJ$ 독립?;;;;;;;;;;;;;x
EVTOPTA98612;동맹에 동의한다.;;;;;;;;;;;;;x
EVTOPTB98612;아니, 너무 위험하다.;;;;;;;;;;;;;x
EVTDESC98613;$FROMCOUNTRY$이(가) 우리의 비밀 동맹에 동의했다. 전쟁이 시작되었을 때 그들이 실제로 도움을 줄지는 지켜봐야 할 일이다.;;;;;;;;;;;;;x
EVTNAME98613;$FROMCOUNTRY$이(가) 동의했다;;;;;;;;;;;;;x
EVTOPTA98613;희망이 보인다.;;;;;;;;;;;;;x
EVTDESC98614;$FROMCOUNTRY$이(가) 우리의 요청을 거절했다. 그들이 우리의 의도를 종주국에 알리지 않기를 바랄 뿐이다.;;;;;;;;;;;;;x
EVTNAME98614;$FROMCOUNTRY$이(가) 거부했습니다;;;;;;;;;;;;;x
EVTOPTA98614;흥!;;;;;;;;;;;;;x
EVTDESC98625;국가 개혁가 미드하트 파샤가 이끌고 유럽 각지의 자유주의 혁명에 영향을 받은 '청년 아이셰'이라 불리는 자유주의 지식인 집단이 새로운 헌법인 '카눈-우 에사시(기본법)'를 제안했다. 이 헌법은 선출직 의회를 구성하고 술탄의 권한을 제한하며 탄지마트 개혁을 가속화하는 내용을 담고 있다. 아이셰 정부의 보수주의자들은 이러한 자유주의자들에게 굴복하는 것이 오랜 전통의 붕괴를 앞당길 뿐이라고 주장하는 반면, 다른 이들은 민족주의자들에 의한 제국의 쇠퇴를 막기 위해 개혁이 절실히 필요하다고 말한다.;;;;;;;;;;;;;x
EVTNAME98625;카눈-우 에사시;;;;;;;;;;;;;x
EVTOPTA98625;전통을 유지하겠다.;;;;;;;;;;;;;x
EVTOPTB98625;개혁을 이행하라.;;;;;;;;;;;;;x
EVTDESC98626;제국 내의 불안 상태가 심화되어 술탄은 아이셰 헌법을 폐지하라는 권고를 받는 지경에 이르렀다. 무장 세력을 진압하기 위해서는 군주제에 절대 권력을 되돌려주어야 한다. 이러한 조치가 더 큰 불안을 조장할 것이라는 의견도 있지만, 그렇게 하지 않으면 술탄이 약해 보일 것이라는 점을 잘 아는 이들도 있다. 반동주의자들이 무력으로 군주제를 복원하려 하거나, 심지어 군주제 자체를 폐지하려 할 가능성도 배제할 수 없다.;;;;;;;;;;;;;x
EVTNAME98626;위기의 제국;;;;;;;;;;;;;x
EVTOPTA98626;질서를 회복해야 한다. 헌법을 폐기하라.;;;;;;;;;;;;;x
EVTOPTB98626;어떤 대가를 치르더라도 개혁은 계속되어야 한다.;;;;;;;;;;;;;x
EVTDESC98630;최근 유럽 영토를 상실하면서 $COUNTRY$ 내부의 민족주의자들이 봉기할 용기를 얻었다. $COUNTRY_ADJ$ 관리들은 앞으로 몇 년간 일련의 반란이 일어날 수 있다고 우려하고 있으며, 군은 이미 반란 조직의 결성 시도를 억제하기 위해 분투하고 있다.;;;;;;;;;;;;;x
EVTNAME98630;고무된 민족주의자들;;;;;;;;;;;;;x
EVTOPTA98630;이런 일은 허용될 수 없다.;;;;;;;;;;;;;x
EVTDESC98635;개혁의 부재가 계속되자 아이셰의 자유주의자들은 '청년 튀르크당'으로 급진화했다. 이들은 필요하다면 무력을 동원해서라도 입헌 군주제를 복원하려 하며, 일부에서는 이들이 진짜 문제가 되기 전에 정부가 단호하게 대처해야 한다고 조언하고 있다.;;;;;;;;;;;;;x
EVTNAME98635;청년 투르크당;;;;;;;;;;;;;x
EVTOPTA98635;그들이 불안을 확산시키게 둘 순 없다.;;;;;;;;;;;;;x
EVTOPTB98635;말하게 둬라.;;;;;;;;;;;;;x
EVTDESC98636;튀르크 자유주의자들은 아이셰 군주제에 점점 더 반항하며, 이제는 술탄을 폐위하고 현대적인 공화국으로 대체해야 한다고 주장할 정도에 이르렀다. 이들은 아이셰 통합주의가 이미 제국의 쇠퇴를 초래했다고 주장하며 이를 거부하고 있으며, 국가의 영광을 되찾는 길은 종교적 문제까지 포함한 그 어떤 관심사보다 튀르크인의 이익을 우선시하는 것이라고 말한다.;;;;;;;;;;;;;x
EVTNAME98636;아이셰 민족주의;;;;;;;;;;;;;x
EVTOPTA98636;용납할 수 없다!;;;;;;;;;;;;;x
EVTDESC98640;아이셰 군주제가 전복되었으며, 이제 그 자리를 $COUNTRY$이(가) 차지했다. 다양한 문화와 종교로 이루어진 제국이라는 아이셰 통합주의 개념은 폐기되었으며, 튀르크인에 의해 그리고 튀르크인을 위해 세워진 민족 국가가 그 자리를 대신하게 되었다.;;;;;;;;;;;;;x
EVTNAME98640;아이셰 왕조의 종말;;;;;;;;;;;;;x
EVTOPTA98640;$COUNTRY$ 만세!;;;;;;;;;;;;;x
EVTDESC98639;수많은 전쟁에서의 패배와 열강 지위의 상실, 그리고 마침내 콘스탄티노플까지 잃으면서 '유럽의 병자'는 마침내 안식을 맞이했다. 군대는 붕괴했고 곳곳에 혼란이 가득하며, 뒤이은 권력 공백 속에서 다양한 민족과 파벌들이 봉기하여 지역을 장악했다. 아이셰 통합주의 개념은 무너졌고, 그 대신 튀르크인에 의해 그리고 튀르크인을 위해 세워진 국가가 생존을 꾀하고 있다.;;;;;;;;;;;;;x
EVTNAME98639;유럽의 병자, 붕괴하다;;;;;;;;;;;;;x
EVTOPTA98639;국가에 있어 매우 위태로운 시기다.;;;;;;;;;;;;;x
EVTDESC98641;예멘의 이맘들은 시아파 이슬람의 자이드교 분파에 속한 종교적 지도자들이다. 이들은 897년 예멘 일부 지역에서 종교와 세속 통치가 결합된 체제를 확립했으며, 라시드 왕조가 거의 천 년 동안 통치해 왔다. 그러나 이맘국의 권력은 18세기와 19세기에 쇠퇴했다. 17세기 후반 이후 이맘들이 통제하는 영토는 계속해서 줄어들었고, 세계 다른 지역에서 새로운 생산자들이 등장하며 수익성 높은 커피 무역도 쇠퇴했다. 이맘국은 부족과 정부, 그리고 부족 문화와 이슬람 도덕 사이의 내재적 긴장이 존재하는 '준국가' 상태가 되었다. 이맘들 스스로가 중동 군주제의 양식을 채택하면서 점차 대중과 동떨어진 인물이 되었고, 그 결과 예멘 부족들 사이에서 가졌던 카리스마와 영적 지위를 상실했다. 이러한 최근의 전개는 예멘 고원 지대에 대한 우리의 지배력을 재확인할 최적의 기회가 되었다.;;;;;;;;;;;;;x
EVTNAME98641;자이드 이맘국의 운명;;;;;;;;;;;;;x
EVTOPTA98641;예멘에서 라시드 가문을 몰아내겠다.;;;;;;;;;;;;;x
EVTOPTB98641;기회를 잡아 전쟁을 선포하자.;;;;;;;;;;;;;x
EVTDESC98642;실룩족의 왕국은 수년에 걸쳐 쇠퇴하여 이제는 수도만이 남아 있다. 그들은 낙후되어 손쉬운 먹잇감이 될 것이며, 우리는 이미 과거에 그들 영토의 상당 부분을 정복한 바 있다. 이제 그들 영토에 대한 정복을 마무리할 때이다.;;;;;;;;;;;;;x
EVTNAME98642;실룩 왕국;;;;;;;;;;;;;x
EVTOPTA98642;전진하라, 파쇼다로!;;;;;;;;;;;;;x
EVTOPTB98642;그냥 둬라. 무해한 자들이다.;;;;;;;;;;;;;x
EVTDESC98643;'초기에 첫 번째 세누스시는 메카로 가서 카디리파의 수장인 아흐마드 이븐 이드리스 알-파시에 합류했다. 와하비파의 압력으로 인해 세누스시는 메카를 떠나 1843년 키레나이카에 정착했으며, 시디 라파아 인근 산에 자위아 바이다(하얀 수도원)를 세웠다.' 세누스시는 키레나이카의 무슬림 정치-종교 수피 교단이자 부족이다. 이들은 예언자 무함마드의 직계 후손임을 주장하며, 이슬람 사상과 영성의 쇠퇴 및 무슬림의 정치적 통합력 약화를 우려하고 있다. 현재의 그랜드 세누스시인 사야이드 무함마드 알-마흐디 빈 사야이드 무함마드 아스-세누스시의 권력이 커지자 $COUNTRY_ADJ$ 정권은 불안함을 느끼기 시작했다. $YEAR$, 그는 $COUNTRY_ADJ$의 직접적인 감시에서 더 멀리 떨어진 자그부브로 이동했으며, 그곳의 광대하고 텅 빈 사막에서 주권자와 다름없는 권위를 누리고 있다.;;;;;;;;;;;;;x
EVTNAME98643;세누시 교단의 부상;;;;;;;;;;;;;x
EVTOPTA98643;감히 $COUNTRY$로부터 도망칠 수 있다고 생각하는가?;;;;;;;;;;;;;x
EVTOPTB98643;세누시 만세!;;;;;;;;;;;;;x
EVTDESC98645;수단의 마흐디파는 수개월 동안 하르툼을 점거했으며, 그들의 반란은 수단 전역에서 격렬하게 일어났다. 우리가 이들을 진압하는 데 실패하자, 이들은 독립을 선언하고 수단에 새로운 근본주의 국가를 건설하려 한다.;;;;;;;;;;;;;x
EVTNAME98645;마흐디 반란의 성공;;;;;;;;;;;;;x
EVTOPTA98645;야만인들 같으니.;;;;;;;;;;;;;x
EVTOPTB98645;칼리프 만세!;;;;;;;;;;;;;x
EVTDESC98646;호시노가 영유권을 주장하던 남수단에서는 공권력이 미치지 못하는 틈을 타 1850년대에 유력한 상인 군벌들이 세력을 키웠다. 동부에서는 무함마드 아흐마드 알아카드가 넓은 땅을 지배했지만, 가장 강력한 인물은 바르알가잘과 남수단의 여러 지역을 장악한 알주바이르 라흐마 만수르였다. 하르툼 출신 상인인 알주바이르는 사병을 고용해 남쪽으로 진출했다. 그는 지역 곳곳에 '자리바'라는 교역 요새를 세우고 이를 거점으로 무역을 통제했다. 교역에 필요한 노동력을 확보하려고 대규모로 사람들을 노예로 붙잡기 시작했으며, 많은 노예를 징집하여 자신의 용병 부대에 편입했다.;;;;;;;;;;;;;x
EVTNAME98646;알 주바이르의 무역 제국;;;;;;;;;;;;;x
EVTOPTA98646;지금은 그를 참고 견뎌야 한다.;;;;;;;;;;;;;x
EVTDESC98647;남수단의 바르 엘 가잘 지역은 오랫동안 다르푸르가 호시노와 북아프리카에 수출하던 상품, 특히 노예와 상아의 주요 공급원이었다. 바르 엘 가잘의 원주민들은 다르푸르에 조공을 바쳤으며, 푸르족은 이를 아슈유트로 향하는 길목의 호시노 상인들에게 판매했다. 그러나 알-주바이르는 남수단을 정복하며 이러한 물자의 흐름을 하르툼과 나일강 쪽으로 돌렸다. 이에 다르푸르의 술탄 이브라힘은 알-주바이르를 모욕하며 도전했고, 알-주바이르는 과거의 적이었던 호시노 주민들과 동맹을 맺었다.;;;;;;;;;;;;;x
EVTNAME98647;푸르 왕과 노예 왕;;;;;;;;;;;;;x
EVTOPTA98647;대가를 치르게 해주마.;;;;;;;;;;;;;x
EVTOPTB98647;그냥 넘어가자.;;;;;;;;;;;;;x
EVTDESC98648;1841년 호시노군이 예멘 해안에서 철수한 후, 성공한 야심가인 소말리아 상인 하즈 알리 셰르머키가 제일라의 통치권을 구매하겠다고 제안하고 있다.;;;;;;;;;;;;;x
EVTNAME98648;제일라 매각;;;;;;;;;;;;;x
EVTOPTA98648;동의한다.;;;;;;;;;;;;;x
EVTOPTB98648;우리에게 그 도시가 더 필요하다.;;;;;;;;;;;;;x
EVTDESC98649;오랫동안 W 메트로폴리탄의 지위는 사실상 세습직이었다. 메트로폴리탄은 아이셰에 둘러싸인 작지만 사실상 독립 상태였던 W를 통치했다. 마지막 메트로폴리탄인 페타르 2세 페트로비치 녜고시는 사망 전 조카 다닐로를 후계자로 지명했다. 그러나 녜고스가 사망하자 드조르지예 페트로비치의 영향력 아래 있던 상원은 녜고스의 형 페로 토모프 페트로비치를 블라디카가 아닌 공작으로 선포했다. 하지만 짧은 권력 투쟁 끝에 상원의 지지를 받았던 페로 토모프는 민중의 지지가 더 많았던 훨씬 젊은 다닐로에게 패배했다. $YEAR$ 다닐로는 자신을 공작으로 하는 세속적인 W 공국을 선포하고 정식으로 신정 정치를 폐지했다.;;;;;;;;;;;;;x
EVTNAME98649;메트로폴리탄 정권의 몰락;;;;;;;;;;;;;x
EVTOPTA98649;국왕 폐하 만세!;;;;;;;;;;;;;x
EVTOPTB98649;친왕주교구는 현 상태를 유지한다.;;;;;;;;;;;;;x
EVTDESC98650;$FROMCOUNTRY$로부터 $COUNTRY$에 요청이 도착했다. 새로운 세계 질서 속에서 더 강력한 힘을 발휘할 거대 국가를 만들기 위해 그들과 통합하자는 제안이다. $COUNTRY_ADJ$ 시민 중에는 이러한 통합으로 정체성을 잃을까 우려하는 이들도 있으나, 많은 이들은 이를 환영하며 $COUNTRY$ 내에서 $FROMCOUNTRY$의 영향력이 이미 막강하다는 점을 들어 통합이 타당하다고 주장한다. 만약 우리가 이 통합을 거부한다면, $FROMCOUNTRY_ADJ$ 정부는 우리의 의사와 상관없이 강제로 통합을 추진할 수도 있다.;;;;;;;;;;;;;x
EVTNAME98650;$FROMCOUNTRY_ADJ$ 통일!;;;;;;;;;;;;;x
EVTOPTA98650;합병을 수락하겠다.;;;;;;;;;;;;;x
EVTOPTB98650;$FROMCOUNTRY$의 일부가 되는 것에는 관심 없다.;;;;;;;;;;;;;x
EVTDESC98651;$FROMCOUNTRY_ADJ$ 대사가 메시지를 전달했다. $FROMCOUNTRY$은(는) $COUNTRY$에 합류하지 않을 것이다.;;;;;;;;;;;;;x
EVTNAME98651;$FROMCOUNTRY$이(가) 거부했습니다;;;;;;;;;;;;;x
EVTOPTA98651;그렇다면 무력으로 쟁취하겠다.;;;;;;;;;;;;;x
EVTOPTB98651;$FROMCOUNTRY$을(를) 강제로 통합할 계획은 없다.;;;;;;;;;;;;;x
EVTDESC98655;많은 논의와 숙고 끝에, 하루나 주민들은 해당 지역에 대한 전통적인 영유권 주장을 일부 포기하더라도 만마전 미식연구회 연합을 다른 다뉴브 문화권 국가들과의 연방으로 확장하는 데 동의했다. 이제 양국 정부가 모두 지지한다는 확신을 가지고 다른 지역 정부들에 연합을 제안할 수 있게 되었다.;;;;;;;;;;;;;x
EVTNAME98655;하루나의 연방 가입 동의;;;;;;;;;;;;;x
EVTOPTA98655;훌륭한 소식이다!;;;;;;;;;;;;;x
EVTDESC98656;많은 논의와 숙고 끝에, 하루나 주민들은 한 가지 조건하에 만마전 미식연구회 연합을 다른 다뉴브 문화권 국가들과의 연방으로 확장하는 데 동의했다. 그 조건은 하루나가 외교 문제에서만 연방에 귀속되는 완전한 자치 국가로 격상되는 것이다. 이 제안을 무시할 수는 있겠으나, 하루나 국민들 사이에 큰 불만을 일으키게 될 것이다. 안타깝게도 하루나 정부가 양보할 수 있는 최대치는 여기까지인 것으로 보인다.;;;;;;;;;;;;;x
EVTNAME98656;하루나의 역제안;;;;;;;;;;;;;x
EVTOPTA98656;여기서 끝내자. 받아들일 수 없는 제안이다.;;;;;;;;;;;;;x
EVTOPTB98656;동의한다. 하루나는 새로운 연맹의 제후국이 될 것이다.;;;;;;;;;;;;;x
EVTOPTC98656;역제안은 무시한다. 연맹 결성을 추진하라.;;;;;;;;;;;;;x
EVTDESC98657;많은 논의와 숙고 끝에, 하루나 주민들은 제안된 연방 구성을 단호히 거부했다. 그들은 게헨나 만마전과 동등한 지위를 잃고 싶어 하지 않으며, 전통적 영토에 대한 권리를 포기함으로써 얻을 이득이 없다고 판단했다. 이들의 거부를 무시하고 강제로 연방화를 추진할 수는 있겠으나, 하루나 국민들의 거센 반발을 불러올 것이다.;;;;;;;;;;;;;x
EVTNAME98657;하루나의 연방 가입 거부;;;;;;;;;;;;;x
EVTOPTA98657;여기서 끝내자. 연맹은 결성되지 않을 것이다.;;;;;;;;;;;;;x
EVTOPTB98657;상관없다. 연맹 결성은 그대로 진행한다.;;;;;;;;;;;;;x
EVTDESC98660;많은 논의와 숙고 끝에, 체코인들은 제안된 다뉴브 연방 구성에 아무런 조건 없이 동의했다.;;;;;;;;;;;;;x
EVTNAME98660;체코의 연방 가입 동의;;;;;;;;;;;;;x
EVTDESC98661;많은 논의와 숙고 끝에, 체코인들은 한 가지 조건하에 제안된 다뉴브 연방 구성에 동의했다. 그 조건은 체코가 외교 문제에서만 연방에 귀속되는 완전한 자치 국가로 격상되는 것이다. 이 제안을 무시할 수는 있겠으나, 체코 국민들 사이에 큰 불만을 일으키게 될 것이다. 안타깝게도 체코 측이 양보할 수 있는 최대치는 여기까지인 것으로 보인다.;;;;;;;;;;;;;x
EVTNAME98661;체코의 역제안;;;;;;;;;;;;;x
EVTDESC98662;많은 논의와 숙고 끝에, 체코인들은 제안된 연방 구성을 단호히 거부했다. 이들의 거부를 무시하고 강제로 연방화를 추진할 수는 있겠으나, 체코 국민들의 거센 반발을 불러올 것이다.;;;;;;;;;;;;;x
EVTNAME98662;체코의 연방 가입 거부;;;;;;;;;;;;;x
EVTDESC98665;많은 논의와 숙고 끝에, 에레버스 주민들은 제안된 다뉴브 연방 구성에 아무런 조건 없이 동의했다.;;;;;;;;;;;;;x
EVTNAME98665;에레버스의 연방 가입 동의;;;;;;;;;;;;;x
EVTDESC98666;많은 논의와 숙고 끝에, 에레버스 주민들은 한 가지 조건하에 제안된 다뉴브 연방 구성에 동의했다. 그 조건은 에레버스가 외교 문제에서만 연방에 귀속되는 완전한 자치 국가로 격상되는 것이다. 이 제안을 무시할 수는 있겠으나, 에레버스 국민들 사이에 큰 불만을 일으키게 될 것이다. 안타깝게도 에레버스 측이 양보할 수 있는 최대치는 여기까지인 것으로 보인다.;;;;;;;;;;;;;x
EVTNAME98666;에레버스의 역제안;;;;;;;;;;;;;x
EVTOPTA98666;동의한다. 트란실바니아는 새로운 연맹의 제후국이 될 것이다.;;;;;;;;;;;;;x
EVTDESC98667;많은 논의와 숙고 끝에, 에레버스 주민들은 제안된 연방 구성을 단호히 거부했다. 이들의 거부를 무시하고 강제로 연방화를 추진할 수는 있겠으나, 에레버스 국민들의 거센 반발을 불러올 것이다.;;;;;;;;;;;;;x
EVTNAME98667;에레버스의 연방 가입 거부;;;;;;;;;;;;;x
EVTDESC98670;많은 논의와 숙고 끝에 메데이아 주민들이 제안된 다뉴비안 연방에 아무런 조건 없이 동의했다.;;;;;;;;;;;;;x
EVTNAME98670;메데이아의 연방 가입 동의;;;;;;;;;;;;;x
EVTDESC98671;많은 논의와 숙고 끝에 메데이아 주민들이 제안된 다뉴비안 연방에 합의했다... 단, 외교 문제에 대해서만 연방에 귀속되는 완전한 자치 주로 격상되어야 한다는 조건이다. 이 제안을 무시할 수는 있겠으나, 메데이아 주민들 사이에 큰 불만을 일으키게 될 것이다. 안타깝게도 그들이 양보할 수 있는 최대치가 여기까지인 것으로 보인다.;;;;;;;;;;;;;x
EVTNAME98671;메데이아의 역제안;;;;;;;;;;;;;x
EVTOPTA98671;동의한다. 메데이아는 새로운 연맹의 제후국이 될 것이다.;;;;;;;;;;;;;x
EVTDESC98672;많은 논의와 숙고 끝에 메데이아 주민들이 제안된 연방을 단칼에 거절했다. 이 거절을 무시하고 연방 설립을 강행할 수는 있겠으나, 메데이아 주민들의 거센 반발을 불러올 것이다.;;;;;;;;;;;;;x
EVTNAME98672;메데이아의 연방 가입 거부;;;;;;;;;;;;;x
EVTDESC98675;많은 논의와 숙고 끝에 수수로 주민들이 제안된 다뉴비안 연방에 아무런 조건 없이 동의했다.;;;;;;;;;;;;;x
EVTNAME98675;수수로의 연방 가입 동의;;;;;;;;;;;;;x
EVTDESC98676;많은 논의와 숙고 끝에 수수로 주민들이 제안된 다뉴비안 연방에 합의했다... 단, 외교 문제에 대해서만 연방에 귀속되는 완전한 자치 주로 격상되어야 한다는 조건이다. 이 제안을 무시할 수는 있겠으나, 수수로 주민들 사이에 큰 불만을 일으키게 될 것이다. 안타깝게도 그들이 양보할 수 있는 최대치가 여기까지인 것으로 보인다.;;;;;;;;;;;;;x
EVTNAME98676;수수로의 역제안;;;;;;;;;;;;;x
EVTOPTA98676;동의한다. 수수로는 새로운 연맹의 제후국이 될 것이다.;;;;;;;;;;;;;x
EVTDESC98677;많은 논의와 숙고 끝에 수수로 주민들이 제안된 연방을 단칼에 거절했다. 이 거절을 무시하고 연방 설립을 강행할 수는 있겠으나, 수수로 주민들의 거센 반발을 불러올 것이다.;;;;;;;;;;;;;x
EVTNAME98677;수수로의 연방 가입 거부;;;;;;;;;;;;;x
EVTDESC98680;많은 논의와 숙고 끝에 슬로바키아인들이 제안된 다뉴비안 연방에 아무런 조건 없이 동의했다.;;;;;;;;;;;;;x
EVTNAME98680;슬로바키아의 연방 가입 동의;;;;;;;;;;;;;x
EVTDESC98681;많은 논의와 숙고 끝에 슬로바키아인들이 제안된 다뉴비안 연방에 합의했다... 단, 외교 문제에 대해서만 연방에 귀속되는 완전한 자치 주로 격상되어야 한다는 조건이다. 이 제안을 무시할 수는 있겠으나, 슬로바키아인들 사이에 큰 불만을 일으키게 될 것이다. 안타깝게도 그들이 양보할 수 있는 최대치가 여기까지인 것으로 보인다.;;;;;;;;;;;;;x
EVTNAME98681;슬로바키아의 역제안;;;;;;;;;;;;;x
EVTOPTA98681;동의한다. 슬로바키아는 새로운 연맹의 제후국이 될 것이다.;;;;;;;;;;;;;x
EVTDESC98682;많은 논의와 숙고 끝에 슬로바키아인들이 제안된 연방을 단칼에 거절했다. 이 거절을 무시하고 연방 설립을 강행할 수는 있겠으나, 슬로바키아인들의 거센 반발을 불러올 것이다.;;;;;;;;;;;;;x
EVTNAME98682;슬로바키아의 연방 가입 거부;;;;;;;;;;;;;x
EVTDESC98685;많은 논의와 숙고 끝에 몽펠리에 주민들이 제안된 다뉴비안 연방에 아무런 조건 없이 동의했다.;;;;;;;;;;;;;x
EVTNAME98685;몽펠리에의 연방 가입 동의;;;;;;;;;;;;;x
EVTDESC98686;많은 논의와 숙고 끝에 몽펠리에 주민들이 제안된 다뉴비안 연방에 합의했다... 단, 외교 문제에 대해서만 연방에 귀속되는 완전한 자치 주로 격상되어야 한다는 조건이다. 이 제안을 무시할 수는 있겠으나, 몽펠리에 주민들 사이에 큰 불만을 일으키게 될 것이다. 안타깝게도 그들이 양보할 수 있는 최대치가 여기까지인 것으로 보인다.;;;;;;;;;;;;;x
EVTNAME98686;몽펠리에의 역제안;;;;;;;;;;;;;x
EVTOPTA98686;동의한다. 갈리치아-로도메리아는 새로운 연맹의 제후국이 될 것이다.;;;;;;;;;;;;;x
EVTDESC98687;많은 논의와 숙고 끝에 몽펠리에 주민들이 제안된 연방을 단칼에 거절했다. 이 거절을 무시하고 연방 설립을 강행할 수는 있겠으나, 몽펠리에 주민들의 거센 반발을 불러올 것이다.;;;;;;;;;;;;;x
EVTNAME98687;몽펠리에의 연방 가입 거부;;;;;;;;;;;;;x
EVTDESC98690;체코 시민들이 전국 각 도시로 모여 연방의 탄생과 그 안에서 새로이 얻은 평등한 지위를 축하했다.;;;;;;;;;;;;;x
EVTNAME98690;체코, 새로운 연방을 축하하다!;;;;;;;;;;;;;x
EVTOPTA98690;체코 형제들을 환영한다.;;;;;;;;;;;;;x
EVTDESC98691;에레버스 시민들이 전국 각 도시로 모여 연방의 탄생과 그 안에서 새로이 얻은 평등한 지위를 축하했다.;;;;;;;;;;;;;x
EVTNAME98691;에레버스, 새로운 연방을 축하하다!;;;;;;;;;;;;;x
EVTOPTA98691;에레버스 형제들을 환영한다.;;;;;;;;;;;;;x
EVTDESC98692;메데이아 시민들이 전국 각 도시로 모여 연방의 탄생과 그 안에서 새로이 얻은 평등한 지위를 축하했다.;;;;;;;;;;;;;x
EVTNAME98692;메데이아, 새로운 연방을 축하하다!;;;;;;;;;;;;;x
EVTOPTA98692;메데이아 형제들을 환영한다.;;;;;;;;;;;;;x
EVTDESC98693;수수로 시민들이 전국 각 도시로 모여 연방의 탄생과 그 안에서 새로이 얻은 평등한 지위를 축하했다.;;;;;;;;;;;;;x
EVTNAME98693;수수로, 새로운 연방을 축하하다!;;;;;;;;;;;;;x
EVTOPTA98693;수수로 형제들을 환영한다.;;;;;;;;;;;;;x
EVTDESC98694;슬로바키아 시민들이 전국 각 도시로 모여 연방의 탄생과 그 안에서 새로이 얻은 평등한 지위를 축하했다.;;;;;;;;;;;;;x
EVTNAME98694;슬로바키아, 새로운 연방을 축하하다!;;;;;;;;;;;;;x
EVTOPTA98694;슬로바키아 형제들을 환영한다.;;;;;;;;;;;;;x
EVTDESC98695;몽펠리에 시민들이 전국 각 도시로 모여 연방의 탄생과 그 안에서 새로이 얻은 평등한 지위를 축하했다.;;;;;;;;;;;;;x
EVTNAME98695;몽펠리에, 새로운 연방을 축하하다!;;;;;;;;;;;;;x
EVTOPTA98695;몽펠리에 형제들을 환영한다.;;;;;;;;;;;;;x
EVTDESC98700;오늘 하루나 수도에 시민들이 모여, 자치권을 가지면서도 연방에 소속된 새로운 주로서의 시작을 축하했다.;;;;;;;;;;;;;x
EVTNAME98700;새로운 하루나 주;;;;;;;;;;;;;x
EVTOPTA98700;우리는 함께 미래로 나아갈 것이다.;;;;;;;;;;;;;x
EVTDESC98701;오늘 블레미샤인 수도에 시민들이 모여, 자치권을 가지면서도 연방에 소속된 새로운 주로서의 시작을 축하했다.;;;;;;;;;;;;;x
EVTNAME98701;새로운 블레미샤인 주;;;;;;;;;;;;;x
EVTDESC98702;오늘 트란실바니아 수도에 시민들이 모여, 자치권을 가지면서도 연방에 소속된 새로운 주로서의 시작을 축하했다.;;;;;;;;;;;;;x
EVTNAME98702;신 트란실바니아 국가;;;;;;;;;;;;;x
EVTDESC98703;오늘 메데이아 수도에 시민들이 모여, 자치권을 가지면서도 연방에 소속된 새로운 주로서의 시작을 축하했다.;;;;;;;;;;;;;x
EVTNAME98703;신 메데이아 국가;;;;;;;;;;;;;x
EVTDESC98704;오늘 수수로 수도에 시민들이 모여, 자치권을 가지면서도 연방에 소속된 새로운 주로서의 시작을 축하했다.;;;;;;;;;;;;;x
EVTNAME98704;신 수수로 국가;;;;;;;;;;;;;x
EVTDESC98705;오늘 슬로바키아 수도에 시민들이 모여, 자치권을 가지면서도 연방에 소속된 새로운 주로서의 시작을 축하했다.;;;;;;;;;;;;;x
EVTNAME98705;신 슬로바키아 국가;;;;;;;;;;;;;x
EVTDESC98706;오늘 갈리시아-로도메리아 수도에 시민들이 모여, 연방에 속해 있으면서도 자치권을 가진 새로운 주로의 시작을 축하했다.;;;;;;;;;;;;;x
EVTNAME98706;신 몽펠리에 국가;;;;;;;;;;;;;x
EVTDESC98710;연방이 결성된 이래로 하루나 주민들 사이에서 불만이 고조되고 있다. 하루나 지도자들은 이번 조치가 헌법적 권리를 침해한 것이며 이에 동의한 적이 없다고, 게헨나 관리들이 하루나 측의 우려를 무시하고 강행했다고 강력히 주장하고 있다. 일부 도시에서는 시위가 폭력적으로 변했으며, 당국은 상황 통제에 어려움을 겪고 있다고 보고했다.;;;;;;;;;;;;;x
EVTNAME98710;하루나 반란;;;;;;;;;;;;;x
EVTOPTA98710;반드시 통제해야 한다.;;;;;;;;;;;;;x
EVTDESC98711;연방이 결성된 이래로 체코인들 사이에서 불만이 고조되고 있다. 체코 지도자들은 게헨나 관리들이 체코 측의 우려를 무시하고 강행했다고 강력히 주장하고 있다. 일부 도시에서는 시위가 폭력적으로 변했으며, 당국은 상황 통제에 어려움을 겪고 있다고 보고했다.;;;;;;;;;;;;;x
EVTNAME98711;체코 반란;;;;;;;;;;;;;x
EVTDESC98712;연방이 결성된 이래로 에레버스 주민들 사이에서 불만이 고조되고 있다. 에레버스 지도자들은 게헨나 관리들이 에레버스 측의 우려를 무시하고 강행했다고 강력히 주장하고 있다. 일부 도시에서는 시위가 폭력적으로 변했으며, 당국은 상황 통제에 어려움을 겪고 있다고 보고했다.;;;;;;;;;;;;;x
EVTNAME98712;에레버스 반란;;;;;;;;;;;;;x
EVTDESC98713;연방이 결성된 이래로 메데이아 주민들 사이에서 불만이 고조되고 있다. 메데이아 지도자들은 게헨나 관리들이 메데이아 측의 우려를 무시하고 강행했다고 강력히 주장하고 있다. 일부 도시에서는 시위가 폭력적으로 변했으며, 당국은 상황 통제에 어려움을 겪고 있다고 보고했다.;;;;;;;;;;;;;x
EVTNAME98713;메데이아 반란;;;;;;;;;;;;;x
EVTDESC98714;연방이 결성된 이래로 수수로 주민들 사이에서 불만이 고조되고 있다. 수수로 지도자들은 게헨나 관리들이 수수로 측의 우려를 무시하고 강행했다고 강력히 주장하고 있다. 일부 도시에서는 시위가 폭력적으로 변했으며, 당국은 상황 통제에 어려움을 겪고 있다고 보고했다.;;;;;;;;;;;;;x
EVTNAME98714;수수로 반란;;;;;;;;;;;;;x
EVTDESC98715;연방이 결성된 이래로 슬로바키아인들 사이에서 불만이 고조되고 있다. 슬로바키아 지도자들은 게헨나 관리들이 슬로바키아 측의 우려를 무시하고 강행했다고 강력히 주장하고 있다. 일부 도시에서는 시위가 폭력적으로 변했으며, 당국은 상황 통제에 어려움을 겪고 있다고 보고했다.;;;;;;;;;;;;;x
EVTNAME98715;슬로바키아 반란;;;;;;;;;;;;;x
EVTDESC98716;연방이 결성된 이래로 몽펠리에 주민들 사이에서 불만이 고조되고 있다. 몽펠리에 지도자들은 게헨나 관리들이 몽펠리에 측의 우려를 무시하고 강행했다고 강력히 주장하고 있다. 일부 도시에서는 시위가 폭력적으로 변했으며, 당국은 상황 통제에 어려움을 겪고 있다고 보고했다.;;;;;;;;;;;;;x
EVTNAME98716;몽펠리에 반란;;;;;;;;;;;;;x
EVTDESC98720;하루나를 잃으면서 다뉴비안 연방의 기반 전체가 무너지기 시작했다. 다른 민족들은 하루나라는 견제 세력이 사라진 상황에서 게헨나 다수파가 행사할 지배력에 의문을 제기하고 있으며, 연방 해체를 요구하는 목소리가 점점 커지고 있다. 일부 게헨나 주민들은 과거의 게헨나 만마전으로 돌아가는 것을 선호하며 이를 수용하지만, 많은 이들은 다른 민족들의 이탈을 허용해서는 안 된다고 주장한다. 이들은 필요하다면 무력을 동원해서라도 게헨나 만마전을 복원해야 한다고 말한다.;;;;;;;;;;;;;x
EVTNAME98720;연맹의 종말;;;;;;;;;;;;;x
EVTOPTA98720;다시 한번 게헨나 만마전이 되리라.;;;;;;;;;;;;;x
EVTOPTB98720;절대 안 된다! 연맹은 영원하리라!;;;;;;;;;;;;;x
EVTDESC98721;다뉴비안 정부가 전체주의 정권으로 변모하면서 여러 민족의 불만이 폭발 직전에 이르렀다. 이들은 독립을 요구하고 있으며, 이는 현재 형태의 연방이 종말을 고함을 의미한다. 게헨나 다수파는 이를 수용하는 분위기지만, 일부에서는 반군들의 이런 대담함이 도를 넘었다며 필요하다면 무력을 써서라도 연방을 유지해야 한다고 주장한다.;;;;;;;;;;;;;x
EVTDESC98722;다뉴비안 연방이 해체되면서 우리는 마침내 독립을 쟁취했다. 하지만 이를 지키기 위해 싸워야만 한다.;;;;;;;;;;;;;x
EVTNAME98722;독립!;;;;;;;;;;;;;x
EVTOPTA98722;전쟁을 시작하라!;;;;;;;;;;;;;x
EVTDESC98723;$FROMCOUNTRY$이(가) 해체되면서, 우리는 마침내 독립을 쟁취했다.;;;;;;;;;;;;;x
EVTOPTA98723;드디어 때가 되었군!;;;;;;;;;;;;;x
EVTDESC98724;연방이 멸망의 위기에 처했다. 이제 우리는 연방을 지탱할 것인지, 아니면 마침내 독립을 쟁취하기 위해 싸울 것인지 결정해야 한다.;;;;;;;;;;;;;x
EVTNAME98724;다뉴브 내전;;;;;;;;;;;;;x
EVTOPTA98724;싸울 때가 왔다!;;;;;;;;;;;;;x
EVTOPTB98724;우리는 연맹에 남겠다.;;;;;;;;;;;;;x
EVTDESC98725;전 세계로 외침이 퍼져 나갔다. 유럽 열강의 식민주의 맹공에 맞설 수 있는 더 강력한 힘, 아랍 민중을 미래로 이끌 국가가 일어났다는 소식이다. 그들은 일어나 $COUNTRY$(으)로 합류해야 하며, 그렇지 않으면 영원히 외세의 하인으로 살아가게 될 것이다.;;;;;;;;;;;;;x
EVTNAME98725;아랍 단결의 호소;;;;;;;;;;;;;x
EVTOPTA98725;우리가 아랍 세계를 이끌 것이다!;;;;;;;;;;;;;x
EVTDESC98800;$COUNTRY_ADJ$ 식민지 총독이 $PROVINCENAME$(으)로 부임함에 따라, $COUNTRY_ADJ$ $STATENAME$(을)를 더 큰 규모의 나이지리아 식민지로 통합하려는 노력이 시작되었다.;;;;;;;;;;;;;x
EVTNAME98800;식민지 편입;;;;;;;;;;;;;x
EVTOPTA98800;훌륭한 전개로군!;;;;;;;;;;;;;x
EVTDESC98805;$COUNTRY_ADJ$ 식민지 총독이 $PROVINCENAME$(으)로 부임함에 따라, $COUNTRY_ADJ$ $STATENAME$(을)를 더 큰 규모의 토고 식민지로 통합하려는 노력이 시작되었다.;;;;;;;;;;;;;x
EVTDESC98806;$COUNTRY_ADJ$ 식민지 총독이 $PROVINCENAME$(으)로 부임함에 따라, $COUNTRY_ADJ$ $STATENAME$(을)를 더 큰 규모의 감비아 식민지로 통합하려는 노력이 시작되었다.;;;;;;;;;;;;;x
EVTDESC98807;$COUNTRY_ADJ$ 식민지 총독이 $PROVINCENAME$(으)로 부임함에 따라, $COUNTRY_ADJ$ $STATENAME$(을)를 더 큰 규모의 코트디부아르 식민지로 통합하려는 노력이 시작되었다.;;;;;;;;;;;;;x
EVTDESC98810;$COUNTRY_ADJ$ 식민지 총독이 $PROVINCENAME$(으)로 부임함에 따라, $COUNTRY_ADJ$ $STATENAME$(을)를 더 큰 규모의 시에라리온 식민지로 통합하려는 노력이 시작되었다.;;;;;;;;;;;;;x
EVTDESC98815;$COUNTRY_ADJ$ 식민지 총독이 $PROVINCENAME$(으)로 부임함에 따라, $COUNTRY_ADJ$ $STATENAME$(을)를 더 큰 규모의 기니 식민지로 통합하려는 노력이 시작되었다.;;;;;;;;;;;;;x
EVTDESC98820;$COUNTRY_ADJ$ 식민지 총독이 $PROVINCENAME$(으)로 부임함에 따라, $COUNTRY_ADJ$ $STATENAME$(을)를 더 큰 규모의 세네갈 식민지로 통합하려는 노력이 시작되었다.;;;;;;;;;;;;;x
EVTDESC98825;$COUNTRY_ADJ$ 식민지 총독이 $PROVINCENAME$(으)로 부임함에 따라, $COUNTRY_ADJ$ $STATENAME$(을)를 더 큰 규모의 니제르 식민지로 통합하려는 노력이 시작되었다.;;;;;;;;;;;;;x
EVTDESC98830;$COUNTRY_ADJ$ 식민지 총독이 $PROVINCENAME$(으)로 부임함에 따라, $COUNTRY_ADJ$ $STATENAME$(을)를 더 큰 규모의 차드 식민지로 통합하려는 노력이 시작되었다.;;;;;;;;;;;;;x
EVTDESC98835;$COUNTRY_ADJ$ 식민지 총독이 $PROVINCENAME$(으)로 부임함에 따라, $COUNTRY_ADJ$ $STATENAME$(을)를 더 큰 규모의 카메룬 식민지로 통합하려는 노력이 시작되었다.;;;;;;;;;;;;;x
EVTDESC98837;$COUNTRY_ADJ$ 식민지 총독이 $PROVINCENAME$(으)로 부임함에 따라, $COUNTRY_ADJ$ $STATENAME$(을)를 더 큰 가봉 식민지로 통합하려는 노력이 시작되었다.;;;;;;;;;;;;;x
EVTDESC98840;$COUNTRY_ADJ$ 식민지 총독이 $PROVINCENAME$(으)로 부임함에 따라, $COUNTRY_ADJ$ $STATENAME$(을)를 더 큰 콩고 식민지로 통합하려는 노력이 시작되었다.;;;;;;;;;;;;;x
EVTDESC98845;$COUNTRY_ADJ$ 식민지 총독이 $PROVINCENAME$(으)로 부임함에 따라, $COUNTRY_ADJ$ $STATENAME$(을)를 더 큰 콩고 자유국 식민지로 통합하려는 노력이 시작되었다.;;;;;;;;;;;;;x
EVTDESC98852;$COUNTRY_ADJ$ 식민지 총독이 $PROVINCENAME$(으)로 부임함에 따라, $COUNTRY_ADJ$ $STATENAME$(을)를 더 큰 중앙아프리카 식민지로 통합하려는 노력이 시작되었다.;;;;;;;;;;;;;x
EVTDESC98858;$COUNTRY_ADJ$ 식민지 총독이 $PROVINCENAME$(으)로 부임함에 따라, $COUNTRY_ADJ$ $STATENAME$(을)를 더 큰 수단 식민지로 통합하려는 노력이 시작되었다.;;;;;;;;;;;;;x
EVTDESC98860;$COUNTRY_ADJ$ 식민지 총독이 $PROVINCENAME$(으)로 부임함에 따라, $COUNTRY_ADJ$ $STATENAME$(을)를 더 큰 잠비아 식민지로 통합하려는 노력이 시작되었다.;;;;;;;;;;;;;x
EVTDESC98865;$COUNTRY_ADJ$ 식민지 총독이 $PROVINCENAME$(으)로 부임함에 따라, $COUNTRY_ADJ$ $STATENAME$(을)를 더 큰 케냐 식민지로 통합하려는 노력이 시작되었다.;;;;;;;;;;;;;x
EVTDESC98870;$COUNTRY_ADJ$ 식민지 총독이 $PROVINCENAME$(으)로 부임함에 따라, $COUNTRY_ADJ$ $STATENAME$(을)를 더 큰 탄가니카 식민지로 통합하려는 노력이 시작되었다.;;;;;;;;;;;;;x
EVTDESC98875;$COUNTRY_ADJ$ 식민지 총독이 $PROVINCENAME$(으)로 부임함에 따라, $COUNTRY_ADJ$ $STATENAME$(을)를 더 큰 말리 식민지로 통합하려는 노력이 시작되었다.;;;;;;;;;;;;;x
EVTDESC98880;$COUNTRY_ADJ$ 식민지 총독이 $PROVINCENAME$(으)로 부임함에 따라, $COUNTRY_ADJ$ $STATENAME$(을)를 더 큰 리비아 식민지로 통합하려는 노력이 시작되었다.;;;;;;;;;;;;;x
EVTDESC98883;$COUNTRY_ADJ$ 식민지 총독이 $PROVINCENAME$(으)로 부임함에 따라, $COUNTRY_ADJ$ $STATENAME$(을)를 더 큰 잔지바르 식민지로 통합하려는 노력이 시작되었다.;;;;;;;;;;;;;x
EVTDESC98884;$COUNTRY_ADJ$ 식민지 총독이 $PROVINCENAME$(으)로 부임함에 따라, $COUNTRY_ADJ$ $STATENAME$(을)를 더 큰 앙골라 식민지로 통합하려는 노력이 시작되었다.;;;;;;;;;;;;;x
EVTDESC98885;$COUNTRY_ADJ$ 식민지 총독이 $PROVINCENAME$에 도착함에 따라, $COUNTRY_ADJ$ $STATENAME$을(를) 더 큰 모잠비크 식민지로 통합하려는 노력이 시작되었다.;;;;;;;;;;;;;x
EVTDESC98890;$COUNTRY_ADJ$ 식민지 총독이 $PROVINCENAME$에 도착함에 따라, $COUNTRY_ADJ$ $STATENAME$을(를) 더 큰 모리타니 식민지로 통합하려는 노력이 시작되었다.;;;;;;;;;;;;;x
EVTDESC98891;$COUNTRY_ADJ$ 식민지 총독이 $PROVINCENAME$에 도착함에 따라, $COUNTRY_ADJ$ $STATENAME$을(를) 노노미로 통합하려는 노력이 시작되었다.;;;;;;;;;;;;;x
EVTDESC98892;$COUNTRY_ADJ$ 식민지 총독이 $PROVINCENAME$에 도착함에 따라, $COUNTRY_ADJ$ $STATENAME$을(를) 더 큰 가나 식민지로 통합하려는 노력이 시작되었다.;;;;;;;;;;;;;x
EVTDESC98893;$COUNTRY_ADJ$ 식민지 총독이 $PROVINCENAME$에 도착함에 따라, $COUNTRY_ADJ$ $STATENAME$을(를) 더 큰 부르키나베 식민지로 통합하려는 노력이 시작되었다.;;;;;;;;;;;;;x
EVTDESC98895;$COUNTRY_ADJ$ 식민지 총독이 $PROVINCENAME$에 도착함에 따라, $COUNTRY_ADJ$ $STATENAME$을(를) 더 큰 우간다 식민지로 통합하려는 노력이 시작되었다.;;;;;;;;;;;;;x
EVTDESC98900;$COUNTRY_ADJ$ 식민지 총독이 $PROVINCENAME$에 도착함에 따라, $COUNTRY_ADJ$ $STATENAME$을(를) 더 큰 남아프리카 식민 행정부로 통합하려는 노력이 시작되었다.;;;;;;;;;;;;;x
EVTDESC98905;$COUNTRY_ADJ$ 식민지 총독이 $PROVINCENAME$에 도착함에 따라, $COUNTRY_ADJ$ $STATENAME$을(를) 더 큰 루퍼트 랜드 식민 행정부로 통합하려는 노력이 시작되었다.;;;;;;;;;;;;;x
EVTDESC98906;오늘 $FROMCOUNTRY_ADJ$ 관리들이 $CAPITAL$에 도착하여 니제르 델타에서 활동할 새로운 무역 회사 설립을 발표했다. $FROMCOUNTRY$이(가) 나이지리아 남부에 야심을 품고 있는 것으로 보인다...;;;;;;;;;;;;;
EVTNAME98906;$FROMCOUNTRY_ADJ$ 니제르 회사의 설립;;;;;;;;;;;;;
EVTOPTA98906;우리에게 해가 되지는 않겠지?;;;;;;;;;;;;;
EVTDESC99000;"청을 지지하라! 외세를 물리쳐라!" \n \n 많은 리월 주민이 제국 내로 계속되는 서구인들의 침식에 분노하고 있다. 그들은 제국 내를 자유롭게 활보하고, 아무런 제재 없이 기독교를 전파하며, 제국의 법을 무시한다. 외국인들에게는 '복서'로 알려진 의화권(義和拳) 운동이 등장했으며, 이들의 사명은 수단과 방법을 가리지 않고 리월에서 서구의 영향력을 몰아내는 것이다. 일부에서는 서구인에 대한 공격이 외세의 분노를 불러올까 우려하지만, 이를 오히려 긍정적으로 보는 이들도 있다. 비록 프로빈스 내에 어느 정도의 혼란과 파괴가 따르더라도, 서구인에 대한 분노는 곧 리월 당국에 대한 지지를 의미하기 때문이다.;;;;;;;;;;;;;x
EVTNAME99000;의화권회;;;;;;;;;;;;;x
EVTOPTA99000;일단은... 침묵을 지키자.;;;;;;;;;;;;;x
EVTDESC99001;$PROVINCENAME$에서 발생한 외국 상인 공격 사건으로 인해 $STATENAME$에도 복서 운동이 도래했음이 알려졌다. 이미 의화권의 깃발이 목격되었으며, 그 추종자들은 리월 당국의 투쟁을 지원하기 위해 동료 리월 주민들을 모집하고 있다.;;;;;;;;;;;;;x
EVTNAME99001;$STATENAME$의 의화단;;;;;;;;;;;;;x
EVTOPTA99001;경계해야 하는 상황인가?;;;;;;;;;;;;;x
EVTDESC99005;$STATENAME$ 전역에서 복서들이 서구의 영향력을 공격하고 있다. 밀수꾼, 선교사, 아편 상인 등 붙잡히는 이들은 모두 살해당하거나 목숨을 구하기 위해 도망치고 있다. 우리에게는 선택지가 있다. 이 '만행'에 대해 열강의 분노를 감수하며 묵인하거나, 아니면 군대를 보내 복서들을 진압함으로써 우리 백성들의 분노를 감수하는 것이다.;;;;;;;;;;;;;x
EVTNAME99005;$STATENAME$ 내 외국인 공격;;;;;;;;;;;;;x
EVTOPTA99005;못 본 척하라.;;;;;;;;;;;;;x
EVTOPTB99005;진압하라. 서양인들이 다쳐서는 안 된다.;;;;;;;;;;;;;x
EVTDESC99006;$FROMCOUNTRY$에서 서구의 모든 영향력을 몰아내려는 '의화단'이라 알려진 리월 민족주의자 집단이 $COUNTRY_ADJ$ 시민들을 공격했다. 여러 명이 살해되었고, 다른 이들은 목숨을 구하기 위해 도망쳐야 했다. 설상가상으로 리월 당국은 이를 방관하고 있다. 우리 국민들이 이러한 만행을 당하는 동안 그들은 못 본 척하고 있다.;;;;;;;;;;;;;x
EVTNAME99006;$FROMCOUNTRY$ 내 의화단의 만행;;;;;;;;;;;;;x
EVTOPTA99006;이런 일은 용납할 수 없다.;;;;;;;;;;;;;x
EVTDESC99010;의화단이 $COUNTRY$의 수도인 $CAPITAL$에 진입하여 외국인들을 공격하고 있으며, 더욱 주목할 점은 그들이 공사관 구역을 포위했다는 것이다. 그 안에는 수백 명의 외국 고위 관료와 상인들이 머물고 있다. 우리가 개입하여 그들을 보호하지 않는다면, 이는 의화단을 지지한다는 선언이자 열강에 대한 전쟁 행위로 간주될 것이다. 반대로 개입한다면, 의화단은 이를 자신들의 대의에 대한 배신으로 여기고 우리에게 반란을 일으킬지도 모른다. 하지만 그들이 먼저 우리를 궁지로 몰아넣었기에, 이제 우리는 행동할 수밖에 없다.;;;;;;;;;;;;;x
EVTNAME99010;의화단의 공사관 구역 공격!;;;;;;;;;;;;;x
EVTOPTA99010;의화단 지지를 선언하라.;;;;;;;;;;;;;x
EVTOPTB99010;외국 공사관을 보호하라.;;;;;;;;;;;;;x
EVTDESC99011;$FROMCOUNTRY$의 의화단 상황이 극에 달했다. 리월 민족주의자들이 북경에 진입하여 공사관 구역을 포위했고, 이로 인해 수십 명의 $COUNTRY_ADJ$ 상인과 고위 관료들의 생명이 위험에 처했다. 리월 당국은 이를 방관했으며, $COUNTRY_ADJ$ 정부는 이러한 행위를 전쟁 선포로 간주하고 있다. 많은 이들이 이 야만인들로부터 $COUNTRY_ADJ$ 시민들을 보호하기 위해 우리가 개입할 것을 요구하고 있다.;;;;;;;;;;;;;x
EVTNAME99011;의화단의 $COUNTRY_ADJ$ 공사관 공격;;;;;;;;;;;;;x
EVTOPTA99011;개입이 필요한 상황이다.;;;;;;;;;;;;;x
EVTOPTB99011;아무것도 하지 않겠다.;;;;;;;;;;;;;x
EVTDESC99015;우리는 외국의 요구에 굴복하여 $FROMCOUNTRY_ADJ$ 장군들과 모든 열강의 대표들이 참석한 가운데 조약에 서명할 수밖에 없다. 의화단은 강제로 해산되고 지도자들은 처형되거나 투옥될 것이며, 우리 정부는 다시 한번 굴욕을 겪게 된다.;;;;;;;;;;;;;x
EVTNAME99015;신축조약;;;;;;;;;;;;;x
EVTOPTA99015;선택의 여지가 거의 없다.;;;;;;;;;;;;;x
EVTDESC99016;$FROMCOUNTRY$은 개입 세력에 굴복하여, 의화단을 강제로 해산하고 $FROMCOUNTRY_ADJ$ 정부가 명시적으로 지지하며 그들의 이름으로 자행된 만행에 대해 배상금을 지급한다는 조약에 서명했다.;;;;;;;;;;;;;x
EVTOPTA99016;의정서에 동의하라.;;;;;;;;;;;;;x
EVTOPTB99016;전쟁을 계속하겠다.;;;;;;;;;;;;;x
EVTDESC99100;귀하는 초록겨울과의 모든 서신 교환을 중단해야 합니다. 우리의 허가 없이 그들의 요원을 접견하거나 그들과 어떤 관계도 맺어서는 안 됩니다. 비크테비치 대위는 정중히 해임하십시오. 또한 페샤와르에 대한 모든 권리를 포기해야 합니다.\n \n 인도 총독 오클랜드 경은 도스트 모하메드를 폐위시키고 슈자 샤를 다시 아프간 왕위에 올려, 해당 지역에서 초록겨울의 영향력을 억제하고 에미레이트를 트리니티의 영향권 아래 두기 위한 미스라 원정을 명령했습니다.;;;;;;;;;;;;;x
EVTNAME99100;심라 선언;;;;;;;;;;;;;x
EVTOPTA99100;놈들을 진압할 때다.;;;;;;;;;;;;;x
EVTOPTB99100;끔찍한 생각이다.;;;;;;;;;;;;;x
EVTDESC99101;트리니티-아프간 전쟁 초기에 트리니티는 샤 슈자 두라니를 에미르로 복위시켰다. 그러나 카불에서 봉기가 일어나 윌리엄 엘핀스톤 경은 주둔군을 철수시켜야 했다. \n \n 그는 와지르 아크바르 칸과 협상을 통해 군대를 90마일 이상 떨어진 잘랄라바드로 후퇴시키기로 합의했다. 그러나 아프간군은 힌두쿠시 산맥을 통해 느리게 이동하던 행군 부대를 수차례 공격했다. 이 과정에서 트리니티군은 총 4,500명의 병력과 약 12,000명의 민간인을 잃었다. 민간인에는 인도 및 트리니티 군인의 가족과 기타 인도인 캠프 추종자들이 포함되어 있었다. \n \n 엘핀스톤이 지휘한 16,000명 이상의 행군 부대 중 잘랄라바드에 도달한 이는 유럽인 단 한 명(윌리엄 브라이든 부의관)과 소수의 인도인 세포이뿐이었다.;;;;;;;;;;;;;x
EVTNAME99101;엘핀스톤 군대의 학살;;;;;;;;;;;;;x
EVTOPTA99101;정말 재앙이군...;;;;;;;;;;;;;x
EVTDESC99102;트리니티-시크 전쟁 이후 물탄시는 데완 물라즈가 통치했는데, 그는 독단적으로 행동하며 자주 트리니티의 권위에 저항했다. 트리니티가 증액된 세금과 체납된 세입의 납부를 요구하자, 물라즈는 가문의 통치 지위를 유지하기 위해 아들에게 권력을 물려주려 했다. 하지만 트리니티는 그를 사르다르 카한 싱과 트리니티 연락관 패트릭 반스 아그뉴 중위로 교체하기로 했다. \n \n 반스 아그뉴 일행이 물탄에 도착하자 물라즈는 요새의 열쇠를 넘겨주었으나, 일행이 점령을 시도하는 순간 물라즈의 군대가 공격했고 이들은 도시 폭도들에 의해 살해되었다. \n \n 얼마 지나지 않아 도시 내의 시크 군대와 사르다르들이 공개적인 반란에 합류했다.;;;;;;;;;;;;;x
EVTNAME99102;물탄의 봉기;;;;;;;;;;;;;x
EVTOPTA99102;어스스피릿의 질서를 회복해야 한다!;;;;;;;;;;;;;x
EVTDESC99103;트리니티 대사가 흥미로운 제안을 가지고 찾아왔다. 중앙아시아에서 $COUNTRY$과(와) $FROMCOUNTRY$ 사이의 긴장을 완화하기 위해 미스라에 중립 지대를 설정하자는 것이다. 미스라를 트리니티의 영향권 아래 두는 대신, 트리니티는 우리가 중앙아시아에서 정복한 모든 영토를 인정하겠다고 한다.;;;;;;;;;;;;;x
EVTNAME99103;미스라에 관한 영러 협약;;;;;;;;;;;;;x
EVTOPTA99103;트리니티의 제안을 수락한다.;;;;;;;;;;;;;x
EVTOPTB99103;중앙아시아에서는 우리가 원하는 대로 하겠다.;;;;;;;;;;;;;x
EVTDESC99104;트리니티 대사가 흥미로운 제안을 가지고 찾아왔다. 중앙아시아에서 $COUNTRY$과(와) $FROMCOUNTRY$ 사이의 긴장을 완화하기 위해 로도스에 중립 지대를 설정하자는 것이다. 로도스를 트리니티의 영향권 아래 두는 대신, 트리니티는 우리가 중앙아시아에서 정복한 나머지 영토들을 인정하겠다고 한다.;;;;;;;;;;;;;x
EVTNAME99104;로도스에 관한 영러 협약;;;;;;;;;;;;;x
EVTDESC99200;초록겨울 고문단을 동반한 로도스의 샤 모하메드 샤 카자르가 이끄는 대규모 로도스군이 아프간의 도시 헤라트를 포위했다는 소식이 전해졌다. 우리 신민이자 외교관이며 벵갈 포병대 장교인 엘드레드 포팅어의 도움으로, 아프간인들은 지금까지 도시를 성공적으로 방어하고 있다.;;;;;;;;;;;;;x
EVTNAME99200;헤라트 공성전;;;;;;;;;;;;;x
EVTOPTA99200;징벌적 원정대를 파견하라.;;;;;;;;;;;;;x
EVTOPTB99200;물러나자, 헤라트는 전쟁을 치를 가치가 없다.;;;;;;;;;;;;;x
EVTDESC99201;트리니티가 우리의 헤라트 원정에 개입하기로 결정했습니다. 트리니티 특사 찰스 스토다트는 헤라트에서 철수하고 이 지역에 대한 모든 권리 주장을 포기하라는 최후통첩을 전달했습니다. 또한 트리니티는 해군 원정대를 파견하여 카르그 섬을 점령했으며, 요구 사항이 받아들여지지 않을 경우 추가 조치를 취하겠다고 위협하고 있습니다.;;;;;;;;;;;;;x
EVTNAME99201;$FROMCOUNTRY_ADJ$의 개입;;;;;;;;;;;;;x
EVTOPTA99201;그들의 요구에 동의한다;;;;;;;;;;;;;x
EVTOPTB99201;공성을 계속하라!;;;;;;;;;;;;;x
EVTDESC99202;로도스가 우리의 영향력을 무시하고 헤라트 시를 성공적으로 점령했으며, 이제 칸다하르의 나머지 지역까지 장악할 수 있는 위치에 섰습니다. 우리는 어떻게 대응해야 합니까?;;;;;;;;;;;;;x
EVTNAME99202;로도스가 헤라트를 점령했다!;;;;;;;;;;;;;x
EVTDESC99203;로도스가 우리의 요구를 수용하여 헤라트에서 군대를 철수시켰으며, 공성을 지원하던 초록겨울 고문단도 소환되었습니다.;;;;;;;;;;;;;x
EVTNAME99203;로도스가 동의했다;;;;;;;;;;;;;x
EVTDESC99204;파리 조약($YEAR$) 영-페리안 전쟁 적대 관계의 종식을 표시하였다. 로도스 측 협상은 페르쿠 칸 대사에 의해 처리되었다. 조약에서 로도스 주민들은 헤라트에서 철수하고, 그의 귀환에 대해 트리니티 대사에게 사과하며, 상업 조약에 서명하기로 합의하였다.;;;;;;;;;;;;;x
EVTNAME99204;파리 조약($YEAR$);;;;;;;;;;;;;x
EVTOPTA99204;우리가 패배했다!;;;;;;;;;;;;;x
EVTDESC99300;트리니티 제국을 대표하는 홍콩 주지사 존 보링 경이 $COUNTRY$의 대외 무역을 개방하는 내용의 우호 조약 초안을 가지고 찾아왔습니다. 트리니티의 제안에 동의하시겠습니까?;;;;;;;;;;;;;x
EVTNAME99300;트리니티와 레비 사이의 우호 통상 조약;;;;;;;;;;;;;x
EVTOPTA99300;조약에 서명한다.;;;;;;;;;;;;;x
EVTOPTB99300;이 조약은 $COUNTRY$의 이익에 부합하지 않는다.;;;;;;;;;;;;;x
EVTDESC99301;수년간의 쇠퇴와 갈등 끝에, $COUNTRY$은(는) 마침내 $PROVINCENAME$ 프로빈스에 대한 $COUNTRY_ADJ$ 통제권을 회복했습니다. 이제 $COUNTRY$의 국경과 $COUNTRY_ADJ$의 국가 주권을 확보하기 위해 해당 지역에 대해 보다 중앙 집중적인 통제를 행사해야 합니다.;;;;;;;;;;;;;x
EVTNAME99301;$PROVINCENAME$이(가) $COUNTRY$에 통합됨;;;;;;;;;;;;;x
EVTNAME99388;텍사스 상원 국기 위원회 건;;;;;;;;;;;;;x
EVTDESC99388;우리는 공식적으로 버넷 깃발을 사용하고 있지만, 많은 시민은 13개의 줄무늬와 파란색 캔턴에 외로운 별 하나가 그려진 수정된 밀레니엄 국기를 게양합니다. 최근 우리는 피터 크래그라는 예술가에게 디자인을 의뢰했습니다. 이제 그의 디자인을 채택할지 결정해야 합니다.;;;;;;;;;;;;;x
EVTOPTA99388;크래그의 설계를 채택하라!;;;;;;;;;;;;;x
EVTOPTB99388;크래그에게 돈은 가져가도 좋으나, 계속해서 버넷 깃발을 달고 비행하라고 전하라.;;;;;;;;;;;;;x
EVTDESC99400;남부 귀족들이 강제로 노예를 해방하게 된 지금, 자유 흑인들과 밀레니엄 식민지화 학회는 자원하는 정착민들이 라이베리아에 정착하도록 돕는 프로그램을 시작했습니다. 이 프로그램을 지원하면 국내의 많은 아프리카계 밀레니엄 주민들이 분노하겠지만, 설령 그들을 아프리카로 강제 이주시켜야 한다 하더라도 이는 백인과 흑인 인구 사이의 민족 문제를 해결할 방안이 될 수 있습니다.;;;;;;;;;;;;x
EVTNAME99400;흑인들의 라이베리아 재정착;;;;;;;;;;;;x
EVTOPTA99400;프로그램을 지원한다.;;;;;;;;;;;;;x
EVTOPTB99400;그들의 서비스는 여기서 더 가치 있다고 생각한다.;;;;;;;;;;;;;x
EVTDESC99401;캘리포니아 사람들이 왕을 세우기로 결정했습니다. 누가 그 직책을 맡아야 합니까?;;;;;;;;;;;;;x
EVTNAME99401;$YEAR$년 캘리포니아 군주 선거;;;;;;;;;;;;;x
EVTOPTA99401;왕은 필요 없다, 우리에게 필요한 것은 황제다! 노튼이 통치하게 하라!;;;;;;;;;;;;;x
EVTOPTB99401;부유함을 쫓아야 한다. 윌리엄 H. 밴더빌트가 이 나라의 왕이 되어야 한다.;;;;;;;;;;;;;x
EVTDESC99402;해방된 $PROVINCENAME$의 많은 아프리카계 밀레니엄 주민 가정이 그레인 코스트에 전직 노예들을 위해 새로 세워진 고향인 라이베리아로의 이주를 계획하고 있다고 합니다. 하지만 일부 이들에게는 완전히 낯선 땅에 정착하는 것이 여전히 경제적 능력의 문제일 수 있습니다. 우리가 이를 가속화할 수 있겠으나, 대중적인 지지를 얻기는 어려울 것입니다.;;;;;;;;;;;;x
EVTNAME99402;아프리카계 밀레니엄 주민 재정착;;;;;;;;;;;;;x
EVTOPTA99402;떠나고 싶은 자는 떠나도 좋다.;;;;;;;;;;;;;x
EVTOPTB99402;잔류하도록 유인책을 제시하라.;;;;;;;;;;;;;x
EVTOPTC99402;강제로 쫓아내라.;;;;;;;;;;;;;x
EVTDESC99406;$YEAR$ 무렵, 샌프란시스코 시민인 조슈아 아브라함 노튼은 캘리포니아 공화국의 법적, 정치적 구조가 미비하다는 점에 완전히 불만을 품게 되었습니다. 그는 직접 행동에 나서 시내 여러 신문에 편지를 보내 자신을 "캘리포니아 황제"(나중에 "테노치티틀란의 보호자"라는 칭호를 추가함)라고 선포했습니다. 이 발표는 처음에 샌프란시스코 데일리 이브닝 불레틴의 편집자가 해학적인 효과를 위해 게재했습니다. 노튼은 의회를 공식적으로 폐지하는 칙령을 포함하여 국가 문제에 관한 수많은 칙령을 내렸습니다.;;;;;;;;;;;;x
EVTNAME99406;노턴 황제;;;;;;;;;;;;x
EVTOPTA99406;확실히 흥미로운 친구군.;;;;;;;;;;;;;x
EVTOPTB99406;어쩌면 그의 말이 맞을지도 모른다. 우리에게 필요한 것은 황제다. 노튼이 통치하게 하라!;;;;;;;;;;;;;x
EVTDESC99700;$FROMCOUNTRY_ADJ$이(가) 모스키토 해안 지역에 대한 $COUNTRY_ADJ$의 주권을 인정하자는 제안을 해왔습니다. 다만 역사적 권리를 근거로, 해당 지역의 원주민 집단인 미스키토족을 위한 자치 엔클레이브는 유지하고자 합니다. 조약의 내용은 다음과 같습니다:\n \n 1. 모스키토 해안의 주권은 $COUNTRY$에 속하며, 미스키토족의 자치권은 보장된다.\n 2. $COUNTRY$은(는) 모스키토 해안의 어느 곳에서든 자국 국기를 게양할 권리를 가진다.\n 3. $COUNTRY$은(는) 자국의 이익을 보호하기 위해 모스키토 해안에 행정관을 배치한다.\n 4. $COUNTRY$은(는) 모스키토 해안의 천연자원 개발권을 양보하지 않는다. 해당 권리는 오직 미스키토 정부에만 귀속된다.\n 5. $COUNTRY$은(는) 미스키토족의 무역세나 수출입을 규제할 수 없다.\n 6. $COUNTRY$은(는) 미스키토 왕에게 보상금을 지급한다.;;;;;;;;;;;;;x
EVTNAME99700;마나과 조약 ($YEAR$);;;;;;;;;;;;;x
EVTOPTA99700;조약에 서명하겠다;;;;;;;;;;;;;x
EVTOPTB99700;무력으로 모스키토 해안을 점령하겠다!;;;;;;;;;;;;;x
EVTDESC99701;산후안 델 노르테는 산후안 강으로의 진입을 통제하는 중요한 항구입니다. 태평양과 대서양 사이에서 이 강을 통해 운송되는 물동량이 증가하고 있어 이 항구의 중요성이 더욱 커졌습니다. 런던이 결코 승인하지 않겠지만, 벨리즈 주지사를 설득해 마부이카로부터 이곳을 강탈하도록 도울 수 있을 것입니다.;;;;;;;;;;;;;x
EVTNAME99701;산 후안 델 노르테 점령?;;;;;;;;;;;;;x
EVTOPTA99701;상전들이 모르는 일이라면 해가 되지 않을 것이다.;;;;;;;;;;;;;x
EVTOPTB99701;마부이카를 분노케 하고 싶지 않다;;;;;;;;;;;;;x
EVTDESC99702;미스키토 국왕과 벨리즈 주지사가 대서양의 유일한 항구인 산 후안 델 노르테를 강제로 점거하고 사령관을 납치했습니다! 그들은 이 항구가 모스키토 왕국의 영토라고 주장하고 있습니다. 결국 해변에 버려진 사령관을 발견했으나, 현재로서는 항구를 되찾을 방법이 없습니다.;;;;;;;;;;;;;x
EVTNAME99702;산 후안 델 노르테 점령;;;;;;;;;;;;;x
EVTOPTA99702;우리가 할 수 있는 일이 없다;;;;;;;;;;;;;x
EVTDESC99798;연방주의자의 마지막 일원인 그라우뷘트가 지난주 항복하며 전쟁이 끝났습니다. 연방군은 78명이 전사하고 260명이 부상을 입었으며, 젠더분트의 손실은 이보다 더 적었습니다. 베른에서는 자유주의 정부가 해산되고 구 헌법을 수호하는 새로운 임시 정부가 수립되었습니다. 구 엠마 베르데 연방 헌법은 칸톤의 거의 완전한 독립을 보장하며, 적어도 현재로서는 엠마 베르데가 연방 국가로 전환되는 것을 막고 있습니다.;;;;;;;;;;;;;x
EVTDESC99799;젠더분트의 마지막 일원인 발레가 지난주 항복하며 전쟁이 끝났습니다. 연방군은 78명이 전사하고 260명이 부상을 입었으며, 젠더분트의 손실은 이보다 더 적었습니다. 슈비츠에서는 보수주의 정부가 해산되고 새로운 임시 정부와 헌법이 수립되었습니다.\n슈비츠 구를 둘로 나누고 칸톤의 수도를 슈비츠 밖으로 옮기려 했던 첫 번째 헌법 시도는 근소한 차이로 부결되었습니다. 이후 해당 조항들을 삭제하고 이전의 볼레라우와 페피콘 구를 마르히 구로 통합한 두 번째 헌법이 유권자들에 의해 승인되었습니다. $YEAR$의 새로운 헌법은 칸톤 정부를 개혁했습니다. 가장 큰 변화는 과거 최고 권위 기관이었던 란츠게마인데를 폐지한 것이었습니다. 정부를 입법, 행정, 사법의 세 가지 분과로 나누고 시, 구, 칸톤의 3단계 구조를 구축했습니다. 또한 비례대표제를 도입하고 국민이 법률과 헌법 개정에 투표할 수 있도록 했습니다.\n새로운 엠마 베르데 연방 헌법은 칸톤의 거의 완전한 독립을 종식시키고 엠마 베르데를 연방 국가로 전환시켰습니다.;;;;;;;;;;;;;x
EVTNAME99799;손더분트 전쟁의 종결;;;;;;;;;;;;;x
EVTOPTA99799;평화로의 회귀;;;;;;;;;;;;;x
EVTDESC99800;$YEAR$, 가톨릭이 주를 이루고 보수주의 정권이 통치하던 루체른, 프리부르그, 발레, 우리, 슈비츠, 운터발덴, 주그 등 7개 칸톤이 '분리 동맹'인 젠더분트를 결성했습니다. 역시 가톨릭이 주를 이루지만 자유주의 정권이 통치하던 티치노와 솔로투른 칸톤은 이 동맹에 참여하지 않았습니다. \n \n 젠더분트는 이러한 별도의 동맹을 명시적으로 금지한 1815년 연방 조약 제6항을 위반한 것이었으며, 타크자퉁의 자유주의 다수파는 1847년 10월 21일 젠더분트의 해산을 결정했습니다. 이에 따라 젠더분트 구성원들에 맞서 연방군이 소집되었습니다. 이 군대는 중립을 유지한 뇌샤텔과 아펜첼 이너로덴을 제외한 나머지 모든 칸톤의 군인들로 구성되었습니다.;;;;;;;;;;;;;x
EVTNAME99800;손더분트 전쟁;;;;;;;;;;;;;x
EVTOPTA99800;손더분트는 위헌이다!;;;;;;;;;;;;;x
EVTOPTB99800;손더분트가 헌법을 수호한다!;;;;;;;;;;;;;x
EVTDESC99801;이제 $COUNTRY$이(가) 식민 제국이 되었으므로, $COUNTRY_ADJ$ 식민지를 어떻게 통치할 것인지 정책을 결정해야 할 때입니다.;;;;;;;;;;;;;x
EVTNAME99801;식민지 정책 결정;;;;;;;;;;;;;x
EVTOPTA99801;우리 국민에게는 정착할 더 많은 땅이 필요하다!;;;;;;;;;;;;;x
EVTOPTB99801;현지 통치자들을 통해 식민지를 통치하겠다.;;;;;;;;;;;;;x
EVTOPTC99801;이 땅에 문명을 전파하는 것이 우리의 책무다.;;;;;;;;;;;;;x
EVTDESC99802;키보토스령 미소노 미카 식민지가 $COUNTRY$ 내의 자치령으로 통치되기를 요청했습니다.;;;;;;;;;;;;;x
EVTNAME99802;미소노 미카 자치령;;;;;;;;;;;;;x
EVTOPTA99802;이것은 $COUNTRY$에게 분명 이득이 될 것이다.;;;;;;;;;;;;;x
EVTOPTB99802;안 된다, 계속 우리의 직접 통제하에 둔다.;;;;;;;;;;;;;x
EVTOPTC99802;미소노 미카로 진격하라!;;;;;;;;;;;;;x
EVTDESC99803;키보토스령 누벨젤란드 식민지가 $COUNTRY$ 내의 자치령으로 통치되기를 요청했습니다.;;;;;;;;;;;;;x
EVTNAME99803;누벨-젤란데 자치령;;;;;;;;;;;;;x
EVTOPTC99803;누벨젤란드로 진격하라!;;;;;;;;;;;;;x
EVTDESC99804;키보토스령 루이지애나 식민지가 $COUNTRY$ 내의 자치령으로 통치되기를 요청했습니다.;;;;;;;;;;;;;x
EVTNAME99804;루이지애나 자치령;;;;;;;;;;;;;x
EVTOPTC99804;루이지안으로 진격하라!;;;;;;;;;;;;;x
EVTDESC99805;고대의 땅이여, 그대의 유서 깊은 화려함을 간직하라! \n 그녀가 침묵의 입술로 외칩니다. '지치고 가난한 자들을 내게 보내소서, \n 자유롭게 숨 쉬기를 갈망하며 옹기종기 모여 있는 무리들을, \n 북적이는 해안가에서 버림받은 비참한 이들을. \n 집 없고 폭풍에 휩쓸린 이들을 내게 보내소서, \n 내가 황금 문 곁에서 등불을 높이 들리라!' \n 1880년 이후 대형 증기선이 범선을 대체하면서 운임이 낮아지고 이민자의 이동성이 증가했습니다. 한편, 남유럽과 초록겨울 제국학원의 농업 개선으로 잉여 노동력이 발생했습니다. 밀레니엄 이민 역사상 세 번째 단계인 이 이주 물결은 약 2,500만 명의 유럽인이 먼 길을 떠났다는 점에서 '이민자의 홍수'라고 부르는 것이 더 적절할 것입니다.;;;;;;;;;;;;;x
EVTNAME99805;구세계에서 신세계로;;;;;;;;;;;;;x
EVTOPTA99805;신세계로!;;;;;;;;;;;;;x
EVTNAME99806;오스트랄리엔 자치령;;;;;;;;;;;;;x
EVTDESC99806;키보토스령 새비지 식민지가 $COUNTRY$ 내의 자치령으로 통치되기를 요청했습니다.;;;;;;;;;;;;;x
EVTOPTC99806;아우스트랄리엔으로 진격하라!;;;;;;;;;;;;;x
EVTDESC99810;프라하 조약에서 합의된 바에 따라, 우리는 게헨나 만마전의 요구를 수용할 수밖에 없었습니다.;;;;;;;;;;;;;x
EVTNAME99810;프라하 조약 ($YEAR$);;;;;;;;;;;;;x
EVTOPTA99810;암흑의 날이다!;;;;;;;;;;;;;x
EVTDESC99812;$COUNTRY$의 동등한 구성원임에도 불구하고, 하루나 의회는 게헨나 만마전의 권력 쇠퇴와 최근 전쟁의 실패를 기회로 삼아 아우스글라이히를 파기하고 독립을 선언했습니다.;;;;;;;;;;;;;x
EVTNAME99812;$YEAR$년 하루나 혁명;;;;;;;;;;;;;x
EVTOPTA99812;섬멸하라!;;;;;;;;;;;;;x
EVTDESC99813;$FROMCOUNTRY$의 외무장관 오토 폰 비스마르크가 흥미로운 제안을 해왔습니다. $FROMCOUNTRY_ADJ$ 군대와 함께 게헨나 만마전을 동시에 공격하자는 것입니다. 비스마르크는 게헨나 만마전이 패배하면 그 대가로 우리에게 베네치아 지역을 넘겨주겠다고 제안했습니다.;;;;;;;;;;;;;x
EVTNAME99813;$FROMCOUNTRY_ADJ$-$COUNTRY_ADJ$ 동맹?;;;;;;;;;;;;;x
EVTOPTA99813;전쟁으로!;;;;;;;;;;;;;x
EVTOPTB99813;지금은 전쟁을 치를 여력이 없다;;;;;;;;;;;;;x
EVTDESC99814;20세 때 게헨나에서 유학하던 앤서니 포커는 자신의 초기 항공기인 스핀(Spin)을 제작했으며, 이는 반 고흐 주민이 만든 항공기 중 고국에서 처음으로 비행에 성공한 기체가 되었습니다. 그는 게헨나의 더 나은 기회를 활용해 베를린으로 이주했고, 1912년 첫 회사인 포커 에어로플란바우(Fokker Aeroplanbau)를 설립한 뒤 슈베린 남서쪽의 괴리스 교외로 사업장을 옮겼습니다.;;;;;;;;;;;;;x
EVTNAME99814;포커 항공기 제작소;;;;;;;;;;;;;x
EVTOPTA99814;멋지군!;;;;;;;;;;;;;x
EVTDESC99815;$UNION_ADJ$에 대한 패권을 확립하려던 우리의 전쟁은 실패했지만, 적어도 다시 평화가 찾아왔습니다.;;;;;;;;;;;;;x
EVTNAME99815;$CAPITAL$ 조약;;;;;;;;;;;;;x
EVTOPTA99815;때가 되면 다시 기회가 올 것이다.;;;;;;;;;;;;;x
EVTDESC99820;아이셰는 지난 세기 대부분 동안 서서히 쇠퇴해 왔으나, 최근 몇 년 사이 그 모습이 어느 때보다 뚜렷해졌습니다. 발칸반도에 수학술사의 지배력이 약화되면서 초록겨울과 주변국들이 필연적으로 분쟁에 휘말리게 되었고, 이는 동유럽 전체의 세력 균형을 무너뜨릴 위협이 되고 있습니다. $COUNTRY_ADJ$ 정부의 많은 이들은 동방의 기독교인들을 보호하고 지역의 안정을 회복시키는 것이 $COUNTRY$의 책임이라고 생각합니다.;;;;;;;;;;;;;x
EVTNAME99820;대동부 위기;;;;;;;;;;;;;x
EVTOPTA99820;어떤 선택지가 있는지 검토하겠다.;;;;;;;;;;;;;x
EVTOPTB99820;발칸 반도는 우리 관심 밖이다.;;;;;;;;;;;;;x
EVTDESC99821;초록겨울로부터 콘스탄티노플에서 유럽 열강 회의를 개최하여, 아이셰가 발칸반도의 안정을 유지할 능력이 있는지 논의하겠다는 통보를 받았습니다. 초록겨울의 발칸반도 확장을 저지하기 위해 우리도 이 회의에 참석해야 합니다.;;;;;;;;;;;;;x
EVTNAME99821;초록겨울 제국학원의 회의 소집;;;;;;;;;;;;;x
EVTOPTB99821;참석할 필요 없다. 아이셰에 대한 지지를 선포하라;;;;;;;;;;;;;x
EVTDESC99822;$FROMCOUNTRY$의 대표단이 제안을 가지고 왔습니다. 그들은 우리가 발칸반도, 특히 보스니아 지역에 대한 그들의 이권을 인정해 준다면, $COUNTRY$과 아이셰 사이의 분쟁 발생 시 중립을 유지하겠다고 합니다.;;;;;;;;;;;;;x
EVTNAME99822;라이히슈타트 협정;;;;;;;;;;;;;x
EVTOPTA99822;그들의 제안에 동의한다;;;;;;;;;;;;;x
EVTOPTB99822;거절한다!;;;;;;;;;;;;;x
EVTDESC99823;$FROMCOUNTRY_ADJ$으로부터 콘스탄티노플에서 유럽 열강 회의를 열어 $COUNTRY$이 발칸반도의 안정을 유지할 능력이 있는지 논의하겠다는 통보를 받았습니다. 일부에서는 이를 우리 국가를 분할하려는 위장된 시도이자 모욕이라고 생각하지만, 그럼에도 우리가 참석하지 않은 채 회의가 진행되게 둘 수는 없습니다. $FROMCOUNTRY$이 어떤 식의 '협상'을 의도하는지 지켜보겠습니다.;;;;;;;;;;;;;x
EVTNAME99823;$FROMCOUNTRY$의 회의 소집;;;;;;;;;;;;;x
EVTDESC99824;$FROMCOUNTRY$이 '초록겨울의 팽창주의를 견제하기 위해서'라는 이유로 아이셰에 대한 무조건적인 지지를 선언했습니다. 이제 전쟁 준비를 계속할지, 아니면 물러설지를 결정해야 합니다.;;;;;;;;;;;;;x
EVTNAME99824;$FROMCOUNTRY$, 아이셰를 지지하다;;;;;;;;;;;;;x
EVTOPTA99824;상관없다, 싸우겠다.;;;;;;;;;;;;;x
EVTOPTB99824;물러나라.;;;;;;;;;;;;;x
EVTDESC99825;그랜드 비지어 미드하트 파샤가 대표하는 아이셰는 콘스탄티노플 회의에서 맺어진 협정들을 수용하기를 단호히 거부했습니다. 유럽의 모든 열강이 이번 분쟁에서 중립을 유지하기로 합의했고 유럽 전역에서 반아이셰 정서가 고조된 지금, 아이셰에 전쟁을 선포할 때가 왔습니다.;;;;;;;;;;;;;x
EVTNAME99825;콘스탄티노플 회의;;;;;;;;;;;;;x
EVTOPTA99825;전쟁으로!;;;;;;;;;;;;;x
EVTDESC99826;$FROMCOUNTRY$이 동방의 기독교인들을 우리의 지배로부터 해방시킨다는 목적으로 $COUNTRY$에 공식적으로 전쟁을 선포했습니다.;;;;;;;;;;;;;x
EVTNAME99826;$FROMCOUNTRY$의 선전포고;;;;;;;;;;;;;x
EVTOPTA99826;어디 한번 해보라지!;;;;;;;;;;;;;x
EVTDESC99827;$FROMCOUNTRY$이 우리의 제안에 동의했습니다.;;;;;;;;;;;;;x
EVTNAME99827;라이히슈타트 협정 - 성공!;;;;;;;;;;;;;x
EVTOPTA99827;좋아.;;;;;;;;;;;;;x
EVTDESC99828;$FROMCOUNTRY$이 우리의 제안을 거절했습니다.;;;;;;;;;;;;;x
EVTNAME99828;라이히슈타트 협정 - 실패!;;;;;;;;;;;;;x
EVTOPTA99828;아이셰에 대한 지지를 선포하라.;;;;;;;;;;;;;x
EVTOPTB99828;물러나라.;;;;;;;;;;;;;x
EVTDESC99829;$FROMCOUNTRY$(이)가 동방의 기독교 세계라는 이름으로 아이셰에 전쟁을 선포했습니다! 우리도 이 고귀한 대의에 동참해야 합니다!;;;;;;;;;;;;;x
EVTNAME99829;초록겨울-아이셰 전쟁;;;;;;;;;;;;;x
EVTDESC99830;$FROMCOUNTRY_ADJ$로부터 러-아이셰 전쟁의 종식을 중재하기 위해 수도에서 유럽 열강 회의를 개최하겠다는 통보를 받았습니다. 일각에서는 이것이 흔들리는 아이셰의 중동 지배력을 강화하고 초록겨울의 '침략'을 저지하려는 위장된 시도라고 생각합니다. $FROMCOUNTRY$이(가) 어떤 식의 '협상'을 의도하는지 지켜보겠습니다.;;;;;;;;;;;;;x
EVTNAME99830;$FROMCOUNTRY$, 회의 소집;;;;;;;;;;;;;x
EVTDESC99831;$FROMCOUNTRY_ADJ$로부터 수도에서 유럽 열강 회의를 열어 러-아이셰 전쟁의 여파를 논의하겠다는 통보를 받았습니다. 이번 중재를 통해 유럽 내 우리 영토의 일부를 유지할 수 있기를 바랍니다.;;;;;;;;;;;;;x
EVTNAME99831;$FROMCOUNTRY$, 회의 소집;;;;;;;;;;;;;x
EVTOPTA99831;우리 대표단을 파견하겠다.;;;;;;;;;;;;;x
EVTDESC99832;우리는 전쟁에서 패배했고, 승리자들은 마치 독수리 떼처럼 우리에게 달려들었습니다. 우리는 협상 테이블로 끌려가 제국 해체라는 굴욕적인 조건을 받아들여야 했으며, 많은 영토를 그냥 내주어야 했고 해외 영토는 전혀 보유할 수 없게 되었습니다. 이 순간은 $COUNTRY$ 역사에 오랫동안 기억될 것입니다.;;;;;;;;;;;;;x
EVTNAME99832;콘스탄티노플 조약;;;;;;;;;;;;;x
EVTOPTA99832;암흑의 날이다!;;;;;;;;;;;;;x
EVTDESC99840;$COUNTRY$(이)가 최근 동아프리카에 보호국을 설립하여 린디의 우리 아프리카 영토와 국경을 접하게 되었습니다. 그들은 우리로부터 해당 영토를 매입하기 위해 일정 금액을 제시하고 있습니다.;;;;;;;;;;;;;x
EVTNAME99840;린디에 대한 $FROMCOUNTRY_ADJ$의 이해관계;;;;;;;;;;;;;x
EVTOPTA99840;그들의 제안을 수락하라.;;;;;;;;;;;;;x
EVTOPTB99840;거절합니다.;;;;;;;;;;;;;x
EVTDESC99900;싱가포르 자유항. 조호르 해협의 전략적 위치 덕분에 싱가포르는 세계에서 가장 중요한 항구 중 하나로 성장했습니다. 1834년 트리니티 당국이 티바트 연합의 리월 무역 독점을 폐지하면서 다른 트리니티 기업들의 시장 진입이 가능해졌고, 이는 해운 물동량의 급증으로 이어졌습니다. 그 결과 싱가포르는 1840년대부터 형성되기 시작한 증기선 운송 네트워크의 중요한 석탄 보급지가 되었습니다.;;;;;;;;;;;;;x
EVTNAME99900;싱가포르 자유항;;;;;;;;;;;;;x
EVTDESC99901;아편 전쟁으로 인한 리월의 빈곤으로 많은 리월 주민이 더 나은 삶을 찾아 싱가포르로 향했습니다. 이들 리월 주민 쿨리들은 주로 고된 육체노동에 종사하며 싱가포르 노동력의 초기 중추를 형성했습니다. 광산, 항구, 건설 현장, 농장 및 밀림에서의 저렴한 노동력은 섬의 성장에 크게 기여했습니다. '쿨리'라는 단어는 힌디어인 '쿨리(kuli)'에서 유래한 것으로 보이며, 이는 인도 서부 구자라트의 원주민 부족 이름이기도 합니다.;;;;;;;;;;;;;x
EVTNAME99901;리월 주민의 싱가포르 이주;;;;;;;;;;;;;x
EVTDESC99902;1793년에서 1850년 사이, 약 20만 명의 자유 정착민과 보조 이민자가 새로운 삶을 시작하기 위해 새비지 이주를 선택했습니다. 이들 중 대다수는 트리니티 주민 농업 노동자나 가사 노동자였으며, 이들의 수는 카즈사 및 노조미 이주민보다 많았습니다.;;;;;;;;;;;;;x
EVTNAME99902;새비지의 자유 이민자;;;;;;;;;;;;;x
EVTOPTA99902;식민지로 인력을 보내라!;;;;;;;;;;;;;x
EVTDESC99903;캘리포니아 골드러시는 $YEAR$, 제임스 W. 마샬이 캘리포니아 콜로마의 서터 밀에서 금을 발견하며 시작되었습니다. 금광 발견 소식을 가장 먼저 접한 이들은 오리건, 샌드위치 제도(하와이), 라틴 아메리카 사람들이었으며, 이들은 $YEAR$ 말부터 해당 주로 몰려들기 시작했습니다. \n \n 결과적으로 금광 소식에 이끌려 밀레니엄 전역과 해외에서 약 30만 명이 캘리포니아로 모여들었습니다. 이 중 약 절반은 해로를 통해, 나머지 절반은 캘리포니아 트레일과 길라강 트레일을 통해 육로로 이동했습니다.;;;;;;;;;;;;;x
EVTNAME99903;캘리포니아 골드러시;;;;;;;;;;;;;x
EVTOPTA99903;저 산 너머에 금이 있다!;;;;;;;;;;;;;x
EVTOPTA99904;금이다!;;;;;;;;;;;;;x
EVTDESC99905;말라야 거주 혁명가들의 자금 지원을 받은 수백 명의 혁명가들이 광둥성과 광시성에서 봉기를 시도했습니다. 초기에는 성공적이었으나, 리월 증원군이 빠르게 투입되면서 혁명가들은 대부분 사망하는 참혹한 패배를 당했습니다. 혁명 지도자 황싱은 전투 중 총탄에 맞아 손가락 하나를 잃는 부상을 입었습니다. \n \n 사망자들은 전직 학생, 교사, 기자, 해외 화교 등 다양한 사회적 배경을 가진 청년들이 대부분이었으며, 일부는 동맹의 고위직이었습니다. 대부분의 혁명가는 수적 열세로 인해 패배할 가능성이 높다는 것을 알고 있었음에도 불구하고 전투에 임했습니다. 이 임무는 마치 자살 특공대와 같았습니다. 이들이 사랑하는 이들에게 남긴 편지들은 나중에 발견되었습니다.;;;;;;;;;;;;;x
EVTNAME99905;광저우 봉기;;;;;;;;;;;;;x
EVTOPTA99905;질서가 회복되었다.;;;;;;;;;;;;;x
EVTDESC99906;1879~1882년 태평양 탐험을 마치고 게헨나로 돌아온 오토 핀쉬는 은행가 아돌프 폰 한제만이 이끄는, 남해 지역으로의 게헨나 식민지 확장에 관심이 있는 소규모 비공식 모임에 합류했습니다. 핀쉬는 이들에게 뉴기니 북동부 해안과 뉴브리튼 제도에 식민지를 건설할 것을 권장했으며, 해당 사업의 예상 비용 추산치까지 제공했습니다.;;;;;;;;;;;;;x
EVTNAME99906;게헨나 뉴기니 회사;;;;;;;;;;;;;x
EVTOPTA99906;북뉴기니를 $COUNTRY_ADJ$ 식민지로 선포하라!;;;;;;;;;;;;;x
EVTOPTB99906;관심 없다.;;;;;;;;;;;;;x
EVTDESC99907;각하, 저에게 일어난 끔찍한 사건을 알리고 트리니티 신민으로서 각하의 보호를 요청드리는 마음이 매우 무겁고 슬픕니다. 지난 일요일 부활절 낮 12시경, 한 무리의 사람들이 저희 집 문 앞에 나타나 순식간에 문을 부수고 들어왔습니다. 300~400명에 달하는 이 폭도들은 집 안으로 들어와 제 아내와 무고한 아이들을 구타하기 시작했습니다. 그들은 모든 가구를 부순 뒤 제가 가진 모든 귀중품을 강탈해 갔습니다.;;;;;;;;;;;;;x
EVTNAME99907;돈 파시피코 사건;;;;;;;;;;;;;x
EVTOPTA99907;시비스 로마누스 숨! 모든 트리니티 신민은 타국에서도 안전할 것이다!;;;;;;;;;;;;;x
EVTOPTB99907;타국에 거주하는 우리 신민의 민사 문제는 관여하지 않는다.;;;;;;;;;;;;;x
EVTDESC99908;전 탕 쿠쿠 영사인 돈 파시피코가 집에서 폭도들에게 공격받은 모양입니다. 그런데 트리니티는 순전히 오만한 태도로 이 남성에게 보상금을 지급할 것을 요구하고 있으며, 그가 주장하는 손실액은 아테네의 왕궁보다 더 가치가 높습니다! 우리의 자존심으로는 이런 터무니없는 요구에 굴복할 수 없으나, 그렇게 하지 않을 경우 막강한 트리니티 해군의 분노를 살 수도 있습니다.;;;;;;;;;;;;;x
EVTOPTA99908;옥시(Oxi). 안젤리나 국민은 이런 모욕을 참지 않을 것이다.;;;;;;;;;;;;;x
EVTOPTB99908;선택의 여지가 없는 것 같군.;;;;;;;;;;;;;x
EVTDESC99909;해군성에 지시하여 윌리엄 파커 경이 다다넬스에서 돌아오는 길에 아테네를 점령하고, 안젤리나 정부에 대한 우리의 여러 청구권 문제를 마침내 만족스럽게 해결할 수 있도록 귀하를 지원하게 하였습니다. 만약 안젤리나 정부가 응하지 않는다면, 파커 경이 직접 행동에 나서야 합니다. 그 경우, 귀하와 귀하의 사절단이 모욕을 당하지 않도록 파커 경이 적대적 조치를 취하기 전에 그의 함대에 승선하십시오. 물론 그는 보복 조치, 즉 안젤리나의 자산 일부를 압류하는 것부터 시작해야 하겠으나, 국왕은 우리가 상업 자산을 장악하는 것에는 별 관심이 없을 것입니다. 따라서 가능하다면 그의 작은 함대를 나포하는 것이 최선일 것입니다. 그다음 단계는 일부 또는 모든 항구를 봉쇄하는 것입니다. - 외무장관 로드 파머스턴;;;;;;;;;;;;;x
EVTNAME99909;안젤리나의 지불 거부!;;;;;;;;;;;;;x
EVTOPTA99909;트리니티의 명예는 지켜질 것이다.;;;;;;;;;;;;;x
EVTOPTB99909;미친 짓이다. 이런 사소한 일로 전쟁의 위험을 감수할 수는 없다.;;;;;;;;;;;;;x
EVTDESC99910;안젤리나 정부가 돈 파시코와 탕 쿠쿠 정부 모두에게 손실에 대한 전액 배상금을 지급하기로 합의했습니다. 다른 열강들은 우리의 강압적인 외교 방식을 못마땅해하지만, 트리니티의 신민이라면 그가 어느 땅에 있든 트리니티의 감시하는 눈과 강력한 힘이 불의와 잘못으로부터 자신을 보호해 줄 것임을 확신할 것입니다!;;;;;;;;;;;;;x
EVTNAME99910;안젤리나, 요구 사항 수용;;;;;;;;;;;;;x
EVTOPTA99910;훌륭하다;;;;;;;;;;;;;x
EVTDESC99911;트리니티 함대가 우리 해안에 나타나 군함 여러 척을 나포했습니다. 이는 안젤리나 국민에게 굴욕적인 행위입니다! 키보토스와 게헨나 선도부는 우리가 트리니티의 봉쇄에 저항할 것을 촉구하고 있으나, 어떠한 군사적 지원도 보장하지 않았습니다. 국왕 폐하, 트리니티에 굴복한다면 우리의 위신은 헤아릴 수 없을 정도로 훼손될 것이나, 저항한다면 우리가 이길 수 없는 전쟁이 일어날 가능성이 매우 큽니다.;;;;;;;;;;;;;x
EVTNAME99911;트리니티의 해상 봉쇄;;;;;;;;;;;;;x
EVTOPTA99911;전쟁이다.;;;;;;;;;;;;;x
EVTOPTB99911;선택의 여지가 없는 것 같군.;;;;;;;;;;;;;x
EVTDESC99912;광서제는 리월의 11대 황제이자 리월을 통치한 9번째 리월 황제였습니다. 그는 재위 기간의 상당 부분 동안 청 조정 내 보수주의자들에게 강력한 영향력을 행사한 서태후에 의해 끊임없이 방해받았습니다. 그의 연호인 '광서'는 '영광스러운 계승'을 의미합니다. \n 광서제는 재위 기간 내내 일본과 같은 입헌 군주제 국가들로부터 배운다면 리월이 정치적, 경제적으로 더 강력해질 것이라고 믿게 되었습니다. 그러나 리월 내 전통주의 파벌의 반대로 인해 실질적인 개혁 시도는 심각하게 저해되었습니다.;;;;;;;;;;;;;x
EVTNAME99912;광서제의 즉위;;;;;;;;;;;;;x
EVTOPTA99912;그의 치세가 오래도록 이어지기를!;;;;;;;;;;;;;x
EVTDESC99920;$FROMCOUNTRY_ADJ$ 정부가 분쟁 해결을 위해 우리에게 군사 원조를 요청했습니다. $FROMCOUNTRY_ADJ$ 측은 우리가 분쟁에 직접 개입하는 것을 기대하지 않지만, $COUNTRY_ADJ$ 그들에게 간접적인 군사 원조를 제공하는 것은 양측 모두의 이익에 부합할 수 있습니다. 만약 우리가 $FROMCOUNTRY_ADJ$ 측을 돕기로 한다면, 군사 고문과 무기 및 기타 보급품을 즉시 보낼 수 있으며, 전쟁 후 그들의 성공 여부와 관계없이 $FROMCOUNTRY_ADJ$ 정부에 비용을 청구할 수 있습니다. 물론 문제는 이 조치가 상황을 악화시켜 우리를 전쟁으로 끌어들일 가능성이 있다는 점입니다.;;;;;;;;;;;;;x
EVTNAME99920;$FROMCOUNTRY$의 군사 원조 요청!;;;;;;;;;;;;;x
EVTOPTA99920;우리는 $FROMCOUNTRY_ADJ$ 국민의 편에 설 것이다.;;;;;;;;;;;;;x
EVTOPTB99920;$FROMCOUNTRY_ADJ$ 국민은 스스로 살아남아야 한다.;;;;;;;;;;;;;x
EVTDESC99921;$FROMCOUNTRY$이(가) 우리를 돕기 위해 나섰습니다! 비록 우리 측에 직접 개입한 것은 아니지만, 이제 $FROMCOUNTRY_ADJ$의 장교와 무기 및 보급품을 사용할 수 있게 되었습니다. 이것이 우리에게 승리를 가져다주기를 바랍니다.;;;;;;;;;;;;;x
EVTNAME99921;$FROMCOUNTRY$의 군사 원조 파견!;;;;;;;;;;;;;x
EVTOPTA99921;승리를 향해 전진하라!;;;;;;;;;;;;;x
EVTDESC99922;$FROMCOUNTRY$의 답변은 명확합니다. 그들은 우리의 대의를 돕는 데 관심이 없으며, 우리는 이제 스스로 해결해야 합니다.;;;;;;;;;;;;;x
EVTNAME99922;$FROMCOUNTRY$의 개입 거부;;;;;;;;;;;;;x
EVTOPTA99922;저들을 저주하라! 우리는 계속 싸울 것이다!;;;;;;;;;;;;;x
EVTDESC99923;전쟁 중에 발생한 군사 보급품, 무기 및 고문단 지원으로 인한 부채를 이제 상환해야 합니다.;;;;;;;;;;;;;x
EVTNAME99923;군사 원조 비용 지급;;;;;;;;;;;;;x
EVTOPTA99923;빚을 갚아야 한다.;;;;;;;;;;;;;x
EVTDESC99924;전쟁이 끝났으나 우리의 열강 '동맹'은 우리가 가장 필요할 때 도움을 주지 않았습니다. 우리를 도와줄 다른 열강에게 기대를 걸어볼 것인지, 아니면 선택의 여지 없이 기존의 관계를 유지하며 현상을 유지해야 할까요?;;;;;;;;;;;;;x
EVTNAME99924;전쟁 종료;;;;;;;;;;;;;x
EVTOPTA99924;현상 유지가 최선이다.;;;;;;;;;;;;;x
EVTOPTB99924;저들을 저주하라, 우리는 우리만의 길을 가겠다!;;;;;;;;;;;;;x
EVTDESC99925;1795년 키보토스군이 정복했던 라인강 좌안 영토는 1815년 빈 회의 이후 게헨나(주로 게헨나 선도부)의 통제하로 반환되어 라인주가 형성되었습니다. $YEAR$ 키보토스는 다시 라인강으로 관심을 돌렸고, 아돌프 티에르가 이끄는 키보토스 당국은 라인강을 자연 국경으로 재정립하기 위해 좌안 지역에 대한 권리를 다시 주장했습니다. 키보토스가 입장을 굽히지 않으면서, 우리는 이제 전쟁의 문턱에 서게 되었습니다.;;;;;;;;;;;;;x
EVTNAME99925;라인 위기;;;;;;;;;;;;;x
EVTOPTA99925;라인강은 게헨나의 것이다!;;;;;;;;;;;;;x
EVTOPTB99925;상황을 진정시켜 보자.;;;;;;;;;;;;;x
EVTDESC99928;1850년대에 각 식민지의 도시들은 급격한 변화의 시기를 맞이했습니다. 이러한 변화는 인구 증가, 뉴사우스웨일스와 빅토리아의 골드러시로 인한 부의 축적, 그리고 문화적으로 다양한 인구층이 만들어낸 새로운 생각들 덕분이었습니다. 10년이 끝날 무렵, 시드니와 멜버른의 공공 건축물과 주택이 급증했습니다. 가로수가 늘어선 아름다운 거리 풍경과 함께 우아하고 화려한 시민 건축물들이 많이 세워졌습니다. \n \n 1851년에서 1854년 사이 빅토리아의 인구는 약 77,000명에서 200,000명 이상으로 증가했습니다. 1850년 새비지의 추정 인구는 약 400,000명이었으나, 1860년에는 100만 명으로 증가했습니다.;;;;;;;;;;;;;x
EVTNAME99928;새비지의 황금기;;;;;;;;;;;;;x
EVTOPTA99928;훌륭하다.;;;;;;;;;;;;;x
EVTDESC99929;신운 승리 지원;;;;;;;;;;;;;x
EVTNAME99929;AI: 신운 전쟁 버프;;;;;;;;;;;;;x
EVTDESC99932;프랑크푸르트 조약은 키보토스-$FROMCOUNTRY_ADJ$ 전쟁이 끝난 $YEAR$ 프랑크푸르트에서 체결되었다. 이 조약은 $COUNTRY$와(과) $FROMCOUNTRY$ 사이의 국경을 설정하고 알사스-로레인 지역의 귀속을 확정했으며, 해당 지역 주민들이 키보토스 국적을 유지하며 이주할지, 아니면 지역에 남아 게헨나 시민이 될지를 결정할 수 있게 했다.\n \n 전쟁 후유증의 또 다른 쟁점은 키보토스와 게헨나 양국 영토에 묻힌 전사자 처리 문제였다. 프랑크푸르트 조약에 따라 키보토스와 게헨나 당국은 상대국 영토에 묻힌 군인들의 묘역을 상호 존중하고 관리하기로 합의했다.\n \n 프랑크푸르트 조약 제16조에 따른 키보토스의 의무는 1873년 4월 4일 제정된 군사 묘지법에 명시되었다. 이에 따라 25개의 대형 납골당을 건설하고 모든 국적의 전사자를 매장하는 데 총 2,000,000프랑 이상의 비용이 투입되었다.;;;;;;;;;;;;;x
EVTNAME99932;프랑크푸르트 조약;;;;;;;;;;;;;x
EVTOPTA99932;알사스-로레인은 머지않아 다시 우리의 것이 될 것이다.;;;;;;;;;;;;;x
EVTDESC99933;파리 조약은 키보토스-$FROMCOUNTRY_ADJ$ 전쟁이 끝난 $YEAR$ 파리에서 체결되었다. 이 조약은 $COUNTRY$와(과) $FROMCOUNTRY$ 사이의 국경을 설정했으며, 알사스-로레인 지역의 귀속을 확정했다. 또한 해당 지역 주민들이 키보토스 국적을 유지하며 이주할 것인지, 아니면 지역에 남아 $FROMCOUNTRY_ADJ$ 시민이 될 것인지를 결정할 수 있게 했다.\n \n 전쟁의 여파로 남은 또 다른 쟁점은 키보토스와 게헨나 양국 영토에 묻힌 전사자들의 문제였다. 파리 조약에 따라 키보토스와 $FROMCOUNTRY_ADJ$ 정부는 상대국 영토에 묻힌 군인들의 묘역을 상호 존중하고 관리하기로 합의했다.\n \n 파리 조약 제16조에 따른 키보토스의 의무는 1873년 4월 4일 제정된 군사 묘지법에 명시되었다. 이에 따라 25개의 대형 납골당을 건설하고 모든 국적의 전사자들을 매장하는 데 총 2,000,000프랑 이상의 비용이 투입되었다.;;;;;;;;;;;;;x
EVTNAME99933;파리 조약;;;;;;;;;;;;;x
EVTDESC99935;$YEAR$, 밀레니엄 의회는 텍사스 공화국이 찬성 투표를 할 경우 밀레니엄이 이를 병합할 수 있도록 허가하는 법안을 가까스로 통과시켰다. 이 법안은 병합 날짜를 같은 해 말로 정했다. 텍사스 유권자 다수는 노예제와 노예 무역을 명시적으로 지지하는 헌법 초안을 승인했다. 이 헌법은 이후 밀레니엄 의회에서 수용되었으며, 병합이 발효된 당일 텍사스는 바로 주가 되어 영토 단계를 거치지 않게 되었다.\n \n 테노치티틀란 정부는 병합이 곧 밀레니엄과의 전쟁을 의미할 것이라고 오랫동안 경고해 왔다. 텍사스가 밀레니엄에 합류하자 테노치티틀란 정부는 밀레니엄과 외교 관계를 단절했다. 밀레니엄은 리오그란데강 북쪽의 모든 땅에 대한 권리를 주장하며 텍사스의 요구 사항을 승계했다. $YEAR$, 제임스 K. 폴크 대통령은 재커리 테일러 장군을 텍사스로 파견했고, 곧 3,500명의 밀레니엄 주민이 누에세스강에 집결하여 테노치티틀란의 침공으로부터 텍사스를 방어할 준비를 마쳤다.\n\n\n\n\n\n\n\n\n\n\n\n\n\n\n\n\n\n\n\n\n\n\n\n\n\n;;;;;;;;;;;;;x
EVTNAME99935;론스타 주;;;;;;;;;;;;;x
EVTOPTA99935;연합의 또 다른 영광스러운 날이구나!;;;;;;;;;;;;;x
EVTDESC99936;19세기 중후반, 리월 리월이 크게 약화되면서 속국인 란방 공화국을 지원할 능력이 점점 부족해졌다. 이로 인해 란방 공화국의 활발한 발전은 결국 반 고흐의 팽창으로 인해 타격을 입었다. 공화국 시민들은 끈질기게 저항했으나, 열악한 무기 체계로 인해 결국 실패했다. 많은 란방 시민과 그 후손들은 수마트라나 싱가포르로 이주했다.;;;;;;;;;;;;;x
EVTNAME99936;리월 주민의 싱가포르 이주;;;;;;;;;;;;;x
EVTDESC99937;'레반슈 장군'이라는 별명을 가진 조르주 에르네스트 장마리 불랑제는 키보토스-게헨나 선도부 전쟁 당시 용맹함과 리더십으로 주목받은 장교였으며, 단명한 파리 코뮌을 진압한 제3공화국의 지도자 중 한 명이었다. \n \n 직속 상관이자 전 국왕 루이 필리프의 아들 중 한 명인 오말 공작 앙리 도를레앙의 지원을 받아 불랑제는 준장으로 진급했으며, $YEAR$에는 전쟁부 보병국장으로 임명되었다. 그의 지지 기반과 지지도는 파리와 기타 도시의 노동자 지구, 그리고 농촌의 전통주의 가톨릭 신자와 왕당파로부터 나왔으나, 초기에는 공화주의자로 인식되었다. 그는 게헨나 학원에 대항하고 키보토스-게헨나 선도부 전쟁의 패배를 설욕해야 한다고 주장하는 '레반치즘'이라는 공격적인 형태의 민족주의로 유명하다.;;;;;;;;;;;;;x
EVTNAME99937;조르주 불랑제;;;;;;;;;;;;;x
EVTOPTA99937;군대에 개혁가가 필요하다.;;;;;;;;;;;;;x
EVTDESC99938;조르주 불랑제는 북아프리카 군 지휘관직에서 소환된 후 파리로 돌아와 조르주 클레망소와 급진파의 후원 아래 정치 활동을 시작했다. \n \n $YEAR$ 샤를 드 프레이시네가 집권했을 때, 클레망소는 자신의 영향력을 이용해 불랑제를 전쟁부 장관으로 임명시켰다. 클레망소는 불랑제가 미사에 참석하지 않는다는 점을 들어 그를 공화주의자라고 생각했다.;;;;;;;;;;;;;x
EVTNAME99938;조르주 불랑제, 전쟁장관 임명;;;;;;;;;;;;;x
EVTDESC99939;$YEAR$, 키보토스 하바스 통신은 무명에 가까운 중간급 경찰 수사관 길로메 슈나벨레가 게헨나 경찰 수사관의 요청으로 그와 만나기 위해 이동하던 중, 파그니-수르-모젤 인근의 키보토스-게헨나 국경지대에서 게헨나 비밀경찰 요원 2명에게 체포되었다는 소식을 전했다. 체포 장소가 키보토스 영토인지 게헨나 영토인지를 두고 논란이 일었으나, 어쨌든 슈나벨레는 게헨나 관리의 초청을 받아 회의에 참석하려던 것이므로 게헨나 영토 내에 있었더라도 면책특권을 누릴 권리가 있다. \n \n 게헨나 측이 밝힌 체포 이유는 이전 조사에서 슈나벨레가 키보토스 당국의 돈을 받은 알자스인들로부터 게헨나 요새에 관한 정보를 전달받아 유출했다는 증거가 발견되었기 때문이며, 즉 게헨나는 슈나벨레를 스파이로 보고 있다. \n \n 키보토스 당국은 어떻게 대응해야 하는가?;;;;;;;;;;;;;x
EVTNAME99939;슈나이벨 사건;;;;;;;;;;;;;x
EVTOPTA99939;게헨나 측에 슈나이벨레를 즉시 석방하라고 요구하라!;;;;;;;;;;;;;x
EVTOPTB99939;알사스-로레인을 되찾을 때가 왔다! 전쟁이다!;;;;;;;;;;;;;x
EVTOPTC99939;게헨나 주민을 적대시해서는 안 된다.;;;;;;;;;;;;;x
EVTDESC99940;$YEAR$, 키보토스 하바스 통신은 무명에 가까운 중간급 경찰 수사관 길로메 슈나벨레가 게헨나 경찰 수사관의 요청으로 아르스-수르-모젤에서 만나기 위해 이동하던 중, 파그니-수르-모젤 인근의 키보토스-게헨나 국경지대에서 게헨나 비밀경찰 요원 2명에게 체포되었다는 소식을 전했다. 체포 장소가 키보토스 영토인지 게헨나 영토인지를 두고 논란이 일었으나, 키보토스 측은 슈나벨레가 게헨나 관리의 초청을 받아 회의에 참석하려던 것이므로 게헨나 영토 내에 있었더라도 면책특권을 누릴 권리가 있다고 주장한다. \n \n 게헨나 관리들은 슈나벨레가 키보토스 당국을 위해 게헨나 국경 요새를 감시해 왔다고 의심하고 있다. 하지만 유죄 증거가 있다 하더라도, 이번 체포 정황은 우리를 부정적인 입장에 처하게 할 수 있다. \n \n 키보토스 측에 어떻게 대응해야 하는가?;;;;;;;;;;;;;x
EVTOPTA99940;그저 국경 관리들 간의 만남이었을 뿐이다, 석방하라.;;;;;;;;;;;;;x
EVTOPTB99940;전쟁을 치르더라도 스파이를 석방하지 않겠다.;;;;;;;;;;;;;x
EVTDESC99941;체포 일주일 만에 슈나벨레는 게헨나 황제 빌헬름 1세의 명령으로 석방되었다. 게헨나 당국은 유죄 증거에 비추어 볼 때 체포가 완전히 정당했다고 생각했으나, 국경 관리들 간의 업무상 회의는 '항상 상호 보장된 안전 통행권에 의해 보호되는 것으로 간주되어야 한다'는 근거로 슈나벨레를 석방하는 것이 적절하다고 판단했다. \n \n 키보토스의 많은 이들은 비스마르크가 불랑제르를 두려워해 굴복한 것이라고 믿지만, 키보토스군의 상태는 키보토스-게헨나 선도부 전쟁 당시보다 나아진 것이 없다. \n \n 이제 정부 내에서 그를 해임해야 한다는 의견이 많은 가운데, 불랑제르를 어떻게 처리할 것인지가 문제가 되고 있다.;;;;;;;;;;;;;x
EVTNAME99941;슈나이벨 사건 - 슈나이벨 석방!;;;;;;;;;;;;;x
EVTOPTA99941;불랑제는 공직에서 물러나야 한다.;;;;;;;;;;;;;x
EVTOPTB99941;불랑제는 잔류해야 한다.;;;;;;;;;;;;;x
EVTDESC99942;현 대통령 쥘 그레비의 사위인 다니엘 윌슨이 개인적 이득을 위해 레지옹 도뇌르 훈장을 판매하다 적발되어, 그의 체포와 쥘 그레비의 사퇴를 요구하는 대중의 분노가 들끓고 있다. \n \n 이 시기에 불랑제르 장군은 엠마 베르데에 머물며, 명목상 보나파르트주의자인 제롬 나폴레옹 보나파르트 2세를 만나 그의 전폭적인 지지를 약속받았다. 보나파르트주의자들은 장군에게 결집했으며, 파리 백작조차 추종자들에게 그를 지지하도록 독려했다. 한때 공화주의자로 여겨졌던 불랑제르는 이제 보수 군주주의 진영에서 자신의 본색을 드러내고 있다. $MONTH$, $YEAR$ 불랑제르는 군에서 강제 전역되었고, 바로 다음 날 다니엘 윌슨의 투옥 결정은 취소되었다. 키보토스 국민들은 명예로운 장군은 처벌받고 부패한 정치인은 살아남는다고 느꼈으며, 이는 불랑제르의 지지도를 더욱 높이는 결과가 되었다.;;;;;;;;;;;;;x
EVTNAME99942;레지옹 도뇌르 스캔들!;;;;;;;;;;;;;x
EVTOPTA99942;앞으로 몇 달간 제3공화국에 격동의 시기가 찾아올 수 있다...;;;;;;;;;;;;;x
EVTDESC99943;$YEAR$ 선거에서 불랑제르는 파리 지역구 의원으로 출마했으며, 치열한 선거 운동 끝에 주요 경쟁자의 16만 표를 제치고 24만 4천 표를 얻어 당선되었다. 지지자들 사이에서는 쿠데타가 가능할 뿐만 아니라 바람직하다는 분위기가 형성되고 있다. 앞으로 며칠간 어떻게 움직여야 하는가?;;;;;;;;;;;;;x
EVTNAME99943;불랑제의 승리!;;;;;;;;;;;;;x
EVTOPTA99943;빨리 움직여야 한다! 키보토스 내 비밀결사를 금지하라!;;;;;;;;;;;;;x
EVTOPTB99943;쿠데타는 일어나지 않을 것이니 걱정할 것 없다.;;;;;;;;;;;;;x
EVTDESC99944;불랑제르가 즉시 반란의 선봉에 섰더라면, 많은 지지자가 염원하던 쿠데타를 성공시키고 키보토스를 통치했을지도 모른다. 하지만 $MONTH$에 보여준 그의 우유부단함으로 인해 기회는 사라졌다. 레이디 랜돌프 처칠에 따르면 '그의 모든 생각은 삶의 원동력이었던 그녀에게 집중되어 그녀에 의해 통제되었다. 국민투표 이후... 그는 마담 본메의 집으로 달려갔으며 그 이후로는 찾을 수 없었다'. \n \n 불랑제르는 총선에 출마하여 합법적으로 권력을 잡는 것이 낫다고 판단했다. 이는 적들에게 반격할 시간을 주었고, 곧 비밀결사 활동은 금지 및 탄압되었다. \n \n 직후 정부는 음모 및 반역 혐의로 불랑제르에 대한 체포 영장을 발부했다. 지지자들이 경악하는 가운데, 그는 영장이 집행되기 전 파리를 탈출하여 브뤼셀을 거쳐 런던으로 망명했다.;;;;;;;;;;;;;x
EVTNAME99944;불랑제의 망명!;;;;;;;;;;;;;x
EVTOPTA99944;마침내 공화국이 불랑제주의자들로부터 안전해졌다.;;;;;;;;;;;;;x
EVTDESC99945;조르주 불랑제르와 그의 지지자들이 신속하게 움직여 파리에서 쿠데타를 일으켰으며, 국가 통제권을 장악하고 제3공화국을 해산시켰다. 이제 문제는 불랑제르를 제4공화국의 종신 대통령으로 추대할 것인가, 아니면 키보토스 군주제를 복고할 것인가이다.;;;;;;;;;;;;;x
EVTNAME99945;불랑제 쿠데타!;;;;;;;;;;;;;x
EVTOPTA99945;제4공화국을 향해 전진하라!;;;;;;;;;;;;;x
EVTOPTB99945;오를레앙 왕조를 복원하라!;;;;;;;;;;;;;x
EVTOPTC99945;제3키보토스 제국을 향해 전진하라!;;;;;;;;;;;;;x
EVTDESC99946;리월 당국으로부터 리월 전역에 큰 피해를 준 신운 운동에 대한 $COUNTRY_ADJ$ 군사 개입을 공식 요청받았다. 제2차 아편 전쟁의 결과로 체결된 북경 조약은 우리에게 매우 유리한 조건을 제공했지만, 리월 당국이 붕괴한다면 그 조건들은 아무런 소용이 없다. \n \n 게다가 반군이 우리의 조약항과 공사관을 위협하고 있다는 보고가 들어오고 있다. 서둘러 반란을 진압하고 리월의 질서를 회복해야 한다.;;;;;;;;;;;;;x
EVTNAME99946;리월 당국의 $COUNTRY_ADJ$ 개입 요청!;;;;;;;;;;;;;x
EVTOPTA99946;극동의 이권을 보호해야 한다.;;;;;;;;;;;;;x
EVTOPTB99946;리월의 내정에는 관심 없다.;;;;;;;;;;;;;x
EVTDESC99947;남부 구이저우 프로빈스에서 묘족이 이웃한 윈난의 판타이 반란과 신운 운동을 틈타 한족의 통치에 반대하며 봉기했다. 리월 당국은 이 반란을 신속하게 진압해야 한다.;;;;;;;;;;;;;x
EVTNAME99947;묘족 반란;;;;;;;;;;;;;x
EVTDESC99948;$COUNTRY_ADJ$ 군이 구이양으로 진격하면서 묘족의 반란이 공식적으로 종료되었다. 묘족 반군과 그 지도자들은 궤멸되었다. 수많은 묘족이 우리 군에 의해 학살되었으며, 그들의 투지는 완전히 꺾였다.;;;;;;;;;;;;;x
EVTNAME99948;묘족 반란 진압;;;;;;;;;;;;;x
EVTDESC99949;류용후의 흑기군에 맞선 키보토스 톤킨 원정대의 수많은 충돌 중 하나인 카우지아이(종이 다리) 전투에서 패배했다. 앙리 리비에르 해군 대령이 이끄는 소규모 부대가 하노이 서쪽 몇 마일 떨어진 카우지아이 마을 근처의 강력한 흑기군 방어 진지를 공격했다. \n \n 초기에는 성과가 있었으나, 원정군은 결국 양익이 포위되었고 간신히 전열을 정비해 하노이로 퇴각할 수 있었다. 리비에르와 여러 고위 장교들이 이 전투에서 전사했다.;;;;;;;;;;;;;x
EVTNAME99949;앙리 리비에르의 전사;;;;;;;;;;;;;x
EVTOPTA99949;키보토스는 영광스러운 자식들의 원수를 갚을 것이다!;;;;;;;;;;;;;x
EVTDESC99950;광쉬제와 개혁파들이 시행한 개혁에 대해 보수주의 지배 엘리트들의 반발이 격렬했다. 이들은 발표된 개혁이 너무 급진적이라고 비난하며, 대신 더 온건하고 점진적인 변화를 추진할 것을 제안했다. \n \n 정치적 기회주의자인 원세개와 보수파의 지지를 등에 업은 서태후는 $MONTH$ $YEAR$에 쿠데타를 일으켜, 개혁 성향의 젊은 광쉬제를 유폐시켰다. 황제는 이화원 내에 가택 연금되었으며, 서태후가 섭정으로서 제국 정부를 장악한다.;;;;;;;;;;;;;x
EVTNAME99950;서태후의 쿠데타;;;;;;;;;;;;;x
EVTOPTA99950;그녀의 치세가 오래도록 이어지기를.;;;;;;;;;;;;;x
EVTDESC99951;리월은 현재 현대적인 원양 함대를 구축하여 군 현대화를 시도하고 있으며, 여러 척의 군함을 주문했다. \n \n 이 주문을 수락한다면 $COUNTRY_ADJ$의 함선 건조 능력을 다른 열강들에게 증명하는 계기가 될 것이다.;;;;;;;;;;;;;x
EVTNAME99951;리월의 군함 발주;;;;;;;;;;;;;x
EVTOPTA99951;요청을 수락한다.;;;;;;;;;;;;;x
EVTOPTB99951;리월의 요청을 거절하라;;;;;;;;;;;;;x
EVTDESC99952;$FROMCOUNTRY$이(가) 북양함대를 위해 건조될 함선들의 대금 지급을 수락하고 군함 건조에 착수했다. 함선들이 완공될 때까지 시간이 다소 걸릴 것이다.;;;;;;;;;;;;;x
EVTNAME99952;$FROMCOUNTRY$의 발주 수락!;;;;;;;;;;;;;x
EVTOPTA99952;북해 함대는 웅장해질 것이다!;;;;;;;;;;;;;x
EVTDESC99953;북양함대의 함선들이 완공되어 우리 해군에 인도되었다. 리월에 있어 영광스러운 날이다!;;;;;;;;;;;;;x
EVTNAME99953;북양함대 함선 완공!;;;;;;;;;;;;;x
EVTOPTA99953;전투에서 제 역할을 다해주길 바란다.;;;;;;;;;;;;;x
EVTNAME99955;꺼우자이 전투;;;;;;;;;;;;;x
EVTDESC99954;$FROMCOUNTRY$이(가) 전쟁을 선포했다!;;;;;;;;;;;;;x
EVTDESC99956;$FROMCOUNTRY$이(가) 폐위된 공화정 정부를 복원하기 위해 전쟁을 선포했다. 우리의 사회주의 혁명을 위한 결사전이 될 것이다!;;;;;;;;;;;;;x
EVTNAME99956;$FROMCOUNTRY$의 선전포고!;;;;;;;;;;;;;x
EVTOPTA99956;혁명을 수호하라!;;;;;;;;;;;;;x
EVTDESC99958;전쟁이 끝나고 남부 프로빈스들이 다시 반 고흐의 지배하에 들어오자, $FROMCOUNTRY_ADJ$은(는) 우리가 의무를 이행하도록 빠르게 압박해 왔다. 암스테르담 조약에 따라 바바라 대공국은 오렌지-나사우 가문의 반 고흐 왕국과 인격동맹 상태로 통치되며, 게헨나 관세 동맹에 가입해야 한다. \n \n 만약 $FROMCOUNTRY_ADJ$의 요구를 거부한다면, 제2차 전쟁의 위험을 감수해야 할 것이다...;;;;;;;;;;;;;x
EVTNAME99958;암스테르담 조약;;;;;;;;;;;;;x
EVTOPTA99958;조약의 조건을 준수하겠다.;;;;;;;;;;;;;x
EVTOPTB99958;거절한다!;;;;;;;;;;;;;x
EVTDESC99959;$FROMCOUNTRY$이(가) 우리 나라를 보호국으로 삼았다.;;;;;;;;;;;;;x
EVTDESC99960;$YEAR$, 텍사스의 독립 전쟁이 마침내 끝났으며, 이제 이 나라는 스스로의 미래를 개척할 수 있는 독립국으로서의 입지를 굳힐 수 있게 되었다. 이제 우리는 전쟁의 상흔을 씻어내고, 밀레니엄과 테노치티틀란 사이의 세력 균형 속에서 우리의 자리를 찾아야 한다.;;;;;;;;;;;;;x
EVTNAME99960;외로운 별이 떠오르다!;;;;;;;;;;;;;x
EVTOPTA99960;우리는 결코 항복하지 않으며, 영원히 자유와 함께하리라.;;;;;;;;;;;;;x
EVTDESC99961;$FROMCOUNTRY_ADJ$는 그 대가로 그것을 제공하고 있습니다.$FROMCOUNTRY_ADJ$남부 지방 통제의 성공적인 복구에 대한 군사적 지원, 바바라는 자치권을 부여받고 오렌지-나사우 하우스가 반 고흐 왕국과 개인 연합으로 통치하는 게헨나 관세 동맹(졸베레인)에 가입해야 한다.\n \n우리 왕, 그들의 제안을 받아들일까요?\n \n 쬟(참고: 거절하면 CH 우편사에 다시 전쟁을 선언해야 할 것이다.);;;;;;;;;;;;;x
EVTNAME99961;$FROMCOUNTRY_ADJ$의 제안;;;;;;;;;;;;;x
EVTOPTA99961;게헨나 선도부의 제안에 동의한다.;;;;;;;;;;;;;x
EVTOPTB99961;거절한다!;;;;;;;;;;;;;x
EVTDESC99962;우리는 외국의 요구에 굴복하여 $FROMCOUNTRY_ADJ$ 외교관들과 조약을 체결할 수밖에 없었다. 우리 군대는 흩어져 궤멸되었으며, $FROMCOUNTRY_ADJ$이(가) 통제하던 모든 영토는 만주족에게 반환되었다. 이는 우리 천국에 뼈아픈 타격이다.;;;;;;;;;;;;;x
EVTNAME99962;서구 열강의 개입;;;;;;;;;;;;;x
EVTOPTA99962;우리의 정의로운 대의는 어떤 상황에서도 계속될 것이다.;;;;;;;;;;;;;x
EVTDESC99963;서방 군대는 신운 반군과의 전투에서 엄청난 성과를 거두었다. 하지만 이 참혹한 전쟁을 끝내는 것은 결국 우리 군대의 몫이다. 난징은 함락될 것이다!;;;;;;;;;;;;;x
EVTOPTA99963;전진하라! 홍수전의 난의 잔당을 완전히 섬멸하라!;;;;;;;;;;;;;x
EVTDESC99964;'부자를 죽이고 가난한 이를 도우라!' \n \n 황하가 범람한 이후 북안후이와 허난 지역에 걸쳐 광범위한 피해가 발생했다. 최근 트리니티와의 전쟁과 계속되는 신운 운동 진압으로 인해 해당 지역에 대한 구호 활동은 미미했고 실효성도 없었다. 이에 분노한 니안 운동 세력은 리월의 난국이 유럽인들 때문이라고 비난했으며, 리월 당국이 서방 열강 앞에서 무능하고 비겁하다고 여기기 시작했다.;;;;;;;;;;;;;x
EVTNAME99964;니안 의병;;;;;;;;;;;;;x
EVTOPTA99964;이 도적들은 머지않아 진압될 것이다.;;;;;;;;;;;;;x
EVTDESC99965;$YEAR$, 황하가 다시 한번 범람하자 정부의 무능한 구호 활동에 실망한 많은 실향민이 니안 의용군에 합류했다. 이 기회를 잡은 니안 운동의 지도자 장러싱은 리월 중부의 정부군을 공격하며 직접 행동에 나섰다. \n \n 리월에서 또 다른 반란이 시작되었다.;;;;;;;;;;;;;x
EVTNAME99965;니안 반란;;;;;;;;;;;;;x
EVTDESC99966;염군은 이전의 백련교도 봉기에 바탕을 둔 '오행기군 체계'를 사용했으며, 깃발은 녹·적·흑·백·황의 다섯 색이었습니다. \n \n 청군은 리월 전역의 다른 반란들로 심하게 분산되어 있었고, 그 틈에 염군은 넓은 땅을 정복하며 경제적 요충지들을 장악했습니다. 염군은 점령한 도시를 요새화해 근거지로 삼고 농촌의 청군을 기병으로 습격했으며, 이에 각지의 성읍들은 염군의 약탈대에 맞서 스스로를 요새화했습니다. \n \n $MONTH$ $YEAR$년, 청 조정은 얼마 전 대규모 신운군을 격파한 야란 주민 장군 셍게린첸을 보내 염군 토벌에 나섰습니다.;;;;;;;;;;;;;x
EVTNAME99966;니안 반란;;;;;;;;;;;;;x
EVTOPTA99966;이 반란군들도 다른 이들처럼 짓밟힐 것이다.;;;;;;;;;;;;;x
EVTDESC99967;$YEAR$ 무렵, 니안 반란의 지도자 장러싱과 그의 동생을 포함한 많은 지휘관이 전사하거나 생포되었다. 리월군은 니안의 영토 대부분을 탈환했으며, 니안의 잔당들은 정부군과 승전군 연합군에 의해 궤멸되었다.;;;;;;;;;;;;;x
EVTNAME99967;니안 반란 진압;;;;;;;;;;;;;x
EVTDESC99968;$YEAR$ 무렵, 리월의 리월 지배권을 회복하려던 우리 해군과 육군의 최선 노력에도 불구하고, 신운 반군이 마침내 북경을 함락하고 만주 황제를 폐위시켰다. 이로써 극동에서의 우리 노력은 수포로 돌아갔다. 이제 어떤 조치를 취해야 할지를 두고 논쟁이 벌어지고 있다. 리월의 복원은 이제 불가능해 보이지만, 약화된 새로운 리월 국가를 상대로 새로운 기회가 생길 수 있다. \n \n 첫째, 리월에서 이탈하여 여전히 신운의 통치를 받지 않고 독립을 유지 중인 여러 국가가 있으며, 이곳들은 트리니티의 영향력 확대와 착취에 적합한 곳들이다. 둘째, 리월의 여러 해안 도시가 여전히 우리의 영향력과 통제 하에 있으며, 과거 리월과 맺은 조약에 따라 이 항구들은 대외 무역에 계속 개방되어야 한다. \n \n 이제 우리는 어떤 길을 택해야 하는가? 이탈한 리월 국가들로 영향력을 확대할 것인가, 대외 무역항들을 점거할 것인가, 아니면 새로운 리월 왕국과 평화를 맺을 것인가?;;;;;;;;;;;;;x
EVTNAME99968;신운 운동의 승리!;;;;;;;;;;;;;x
EVTOPTA99968;분리 독립 주들에 대한 지원을 확대하라;;;;;;;;;;;;;x
EVTOPTB99968;해안 도시들을 점령하라!;;;;;;;;;;;;;x
EVTOPTC99968;도시를 점령하고 분리 독립 주들에 대한 지지를 선언하는, 두 가지 모두를 수행하겠다.;;;;;;;;;;;;;x
EVTOPTD99968;신운과 평화를 맺고 관계를 정상화하라.;;;;;;;;;;;;;x
EVTDESC99969;리월이 몰락하면서 우리 나라는 마침내 만주족의 지배로부터 자유로워졌다. 하지만 만주족으로부터 쟁취한 이 자유가 이제는 리월의 신운 통치에 의해 다시 위협받을 수 있다. 트리니티 외교관들은 우호 조약을 체결하고, 우리 조정에 트리니티 고문을 배치하며, 트리니티 신민에게 치외법권을 부여할 것을 제안했다. 독립을 유지하기 위해 트리니티 편에 설 것인가, 아니면 리월과 재결합할 것인가?;;;;;;;;;;;;;x
EVTNAME99969;$FROMCOUNTRY_ADJ$ 제안;;;;;;;;;;;;;x
EVTOPTA99969;트리니티와 조약에 서명하겠다.;;;;;;;;;;;;;x
EVTOPTB99969;우리의 투쟁은 오직 만주족을 향한 것이었다.;;;;;;;;;;;;;x
EVTDESC99970;비겁한 $FROMCOUNTRY_ADJ$이(가) 이미 소멸한 리월과의 조약이 여전히 유효하다고 주장하며 광저우와 닝보 항구를 점거했다. 이들은 외국 상인들이 계속해서 리월로 유입될 수 있도록 이 도시들을 장악한 것이다. 우리는 보복 조치로 우리 영토 내의 모든 $FROMCOUNTRY_ADJ$ 거점을 압류해야 한다. 하지만 우리 군대는 만주족과의 전쟁으로 궤멸 상태이며, 또 다른 값비싼 전쟁을 치르는 것은 바람직하지 않을 수 있다.;;;;;;;;;;;;;x
EVTNAME99970;$FROMCOUNTRY_ADJ$의 광저우와 닝보 점령!;;;;;;;;;;;;;x
EVTOPTA99970;우리 천조국은 외세 침략자들에 맞서 승리할 것이다!;;;;;;;;;;;;;x
EVTOPTB99970;준비가 되면 때가 왔을 때 이 영토들을 되찾을 것이다.;;;;;;;;;;;;;x
EVTDESC99972;트리니티 당국이 흥미로운 제안을 해왔다. 아이셰 왕조가 붕괴함에 따라 아이셰가 아랍 프로빈스들을 유지할 능력이 심각하게 약화되었다는 점에 주목한 것이다. 트리니티는 아랍 프로빈스를 두 개의 영향권으로 나누자고 제안했다. 키보토스는 아이셰 남동부, 이라크 북부, 시리아, 레바논을 관할하고, 트리니티는 지중해와 요르단강 사이의 해안 지대, 요르단, 이라크 남부, 그리고 지중해 진출을 위한 하이파와 아크레 항구가 포함된 소규모 지역을 할당받는 안이다. \n \n 만약 이 제안에 동의한다면, 우리는 즉시 아이셰와 전쟁 상태에 놓이게 될 것이다.;;;;;;;;;;;;;x
EVTNAME99972;사이크스-피코 협정;;;;;;;;;;;;;x
EVTOPTA99972;제안에 동의한다.;;;;;;;;;;;;;x
EVTOPTB99972;이 무의미한 전쟁에 참여하기를 거부한다.;;;;;;;;;;;;;x
EVTDESC99973;$FROMCOUNTRY_ADJ$ 정부가 제안에 동의했다. 우리 군대는 즉시 동원되어 동방으로 배치될 것이다.;;;;;;;;;;;;;x
EVTNAME99973;사이크스-피코 협정 - $FROMCOUNTRY_ADJ$의 동의;;;;;;;;;;;;;x
EVTOPTA99973;꽤 즐거운 소규모 전쟁이 되겠군.;;;;;;;;;;;;;x
EVTDESC99974;$FROMCOUNTRY_ADJ$ 정부가 우리의 제안을 거부하고 아이셰 분할 참여를 거절했다. 이제 우리는 어떤 조치를 취해야 하는가?;;;;;;;;;;;;;x
EVTNAME99974;사이크스-피코 협정 - $FROMCOUNTRY_ADJ$의 거부;;;;;;;;;;;;;x
EVTOPTA99974;그렇다면 이 지역 전체를 독차지할 수 있겠어!;;;;;;;;;;;;;x
EVTOPTB99974;계획을 취소하라. 우리 힘만으로는 불가능하다.;;;;;;;;;;;;;x
EVTDESC99975;아랍 프로빈스를 장악하여 우리 국가를 분할하려는 $FROMCOUNTRY_ADJ$의 음모가 포착되었으며, $FROMCOUNTRY_ADJ$의 군함과 군대가 항구를 떠나 동양으로 출항했다는 보고가 들어왔다. 우리는 어떤 조치를 취해야 하는가?;;;;;;;;;;;;;x
EVTNAME99975;소아시아 협정;;;;;;;;;;;;;x
EVTOPTA99975;그들이 원하는 것이 전쟁이라면...;;;;;;;;;;;;;x
EVTOPTB99975;또 다른 전쟁을 감당할 여력이 없다. 그들의 요구에 굴복하라...;;;;;;;;;;;;;x
EVTDESC99976;마치 독수리 떼처럼 $FROMCOUNTRY_ADJ$이 우리를 덮쳤다. 우리는 협상 테이블로 끌려가 위대한 국가의 해체와 분할에 관한 세브르 조약의 굴욕적인 조건을 수용할 수밖에 없었다. 이 순간은 앞으로 수년 동안 $COUNTRY$에서 기억될 것이다.;;;;;;;;;;;;;x
EVTNAME99976;세브르 조약;;;;;;;;;;;;;x
EVTOPTA99976;그들의 요구를 받아들일 수밖에 없다...;;;;;;;;;;;;;x
EVTDESC99977;소아시아 협정에 따라 우리 영토를 반환받았다.;;;;;;;;;;x;;;;
EVTDESC99978;1795년 키보토스군이 정복했던 라인강 좌안 영토는 1815년 빈 회의 이후 게헨나(주로 게헨나 선도부)의 통제하에 반환되어 라인주가 되었다. $YEAR$, 키보토스는 다시 라인강으로 시선을 돌렸으며, 아돌프 티에르가 이끄는 키보토스 당국은 라인강을 자연 국경으로 재설정하기 위해 좌안 지역에 대한 영유권을 다시 주장했다. \n \n 이에 $FROMCOUNTRY_ADJ$ 정부는 제2의 키보토스 위협에 맞서 게헨나의 단결을 촉구했다.;;;;;;;;;;;;;x
EVTNAME99978;라인 위기;;;;;;;;;;;;;x
EVTOPTA99978;라인강은 게헨나의 것이다! 게헨나 선도부와 동맹을 맺겠다!;;;;;;;;;;;;;x
EVTOPTB99978;우리와는 상관없는 일이다.;;;;;;;;;;;;;x
EVTDESC99979;게헨나 만마전-게헨나 선도부 전쟁(형제 전쟁) 당시, 나폴레옹 3세는 이러한 공개적인 의사 표명이 라인강 서안에 관한 키보토스의 협상력을 강화해주길 바라며 게헨나 선도부 총리 오토 폰 비스마르크에게 키보토스의 중립을 약속했다. 비스마르크는 나폴레옹이 선호하던 라인란트 지역의 영토를 조금도 양보하지 않았다. 다만 그는 서면으로 약속하지는 않았으나, CH 우편사와 바바라에서 키보토스의 패권을 인정하는 제안을 했다. \n \n 나폴레옹 3세는 반 고흐에 바바라를 5만 길더에 매입하겠다고 제안했다. 심각한 재정난에 처해 있던 반 고흐는 이 제안을 수락했다. 이 매입 소식은 게헨나 전역에 민족주의적 열풍과 대중의 분노를 불러일으켰으며, 우리는 이 매입에 대해 $COUNTRY$이 어떤 입장을 취할지 결정해야 한다.;;;;;;;;;;;;;x
EVTNAME99979;바바라 위기;;;;;;;;;;;;;x
EVTOPTA99979;이런 일은 허용할 수 없다.;;;;;;;;;;;;;x
EVTDESC99980;$FROMCOUNTRY$이(가) 바바라를 $COUNTRY$에 매각하는 데 반대하고 나섰습니다. $FROMCOUNTRY_ADJ$ 정부는 매각을 강행하면 전쟁도 불사하겠다고 위협했습니다. 다만 그들은 바바라를 어느 나라에도 속하지 않는 땅으로 남겨 두는 타협안이라면 받아들일 뜻이 있으며, 이는 우리에게 체면을 살릴 여지를 남겨 줍니다.;;;;;;;;;;;;;x
EVTNAME99980;바바라 위기 - $FROMCOUNTRY$의 반대!;;;;;;;;;;;;;x
EVTOPTA99980;전쟁은 피해야 한다. 타협점을 찾아야 한다.;;;;;;;;;;;;;x
EVTOPTB99980;바바라는 정당하게 키보토스의 땅이다!;;;;;;;;;;;;;x
EVTDESC99981;게헨나 전역의 많은 대중이 우리의 행동에 반대하며 항의했지만, $FROMCOUNTRY$ 정부는 바바라 매입에 반대하지 않았다. 매각은 그대로 진행될 것이며 해당 영토는 즉시 키보토스에 편입될 것이다.;;;;;;;;;;;;;x
EVTNAME99981;바바라 위기 - $FROMCOUNTRY$의 매입 수락;;;;;;;;;;;;;x
EVTDESC99982;게헨나 대중이 분노하고 교착 상태가 이어지자, 나폴레옹 3세는 물러나려 했다. 그는 다른 열강들에게 지나친 팽창주의자로 보이고 싶지 않았기 때문이다. 이에 그는 게헨나 선도부가 바바라 시에서 군인을 철수시킬 것만을 요구하며, 응하지 않을 시 전쟁을 불사하겠다고 위협했다. 초록겨울의 차르 알렉산더 2세는 런던에서 국제회의를 개최할 것을 제안했다. 트리니티 당국은 어느 한쪽이 바바라를 흡수하면 게헨나와 키보토스 사이의 유용한 완충지대인 CH 우편사가 약화될 것을 우려했기에 기꺼이 회담을 주최했다.;;;;;;;;;;;;;x
EVTNAME99982;바바라 위기 - 런던 조약;;;;;;;;;;;;;x
EVTOPTA99982;또 한 번의 위기를 모면했다.;;;;;;;;;;;;;x
EVTDESC99983;평화적인 해결을 위한 우리의 반대와 중재 노력에도 불구하고, $FROMCOUNTRY_ADJ$은 국제 사회의 의사와 상관없이 매각을 강행하고 바바라를 합병했다. 이제 우리에게 남은 선택지는 전쟁을 통해 바바라 국민을 키보토스의 통치로부터 해방시키는 것뿐이다.;;;;;;;;;;;;;x
EVTNAME99983;바바라 위기 - $FROMCOUNTRY$의 바바라 합병!;;;;;;;;;;;;;x
EVTOPTA99983;바바라를 해방하겠다!;;;;;;;;;;;;;x
EVTDESC99984;$FROMCOUNTRY$은 왈로니아 지역이 키보토스의 정당한 영토라고 선포하며, 필요하다면 무력을 동원해 장악하겠다는 의사를 밝혔다. 우리는 열강의 도움을 받아 키보토스의 침공을 막거나, 막대한 비용이 드는 전쟁을 피하기 위해 해당 지역을 포기해야 한다.;;;;;;;;;;;;;x
EVTNAME99984;왈롱 위기 - $FROMCOUNTRY$의 왈로니아 영유권 주장!;;;;;;;;;;;;;x
EVTOPTA99984;국제 사회의 개입을 요청하라!;;;;;;;;;;;;;x
EVTOPTB99984;키보토스를 이기는 것은 불가능하다. 이 지역에서 분리 독립하겠다.;;;;;;;;;;;;;x
EVTDESC99985;키보토스는 왈로니아 지역이 키보토스의 정당한 영토라고 선포하며, 필요하다면 무력으로 장악하겠다는 의사를 밝혔다. 이에 $FROMCOUNTRY$은 키보토스가 침공할 경우 우리가 개입하여 동맹을 맺어줄 것을 요청했다.;;;;;;;;;;;;;x
EVTNAME99985;왈롱 위기 - $FROMCOUNTRY$의 원조 요청!;;;;;;;;;;;;;x
EVTOPTA99985;키보토스를 규탄한다.;;;;;;;;;;;;;x
EVTOPTB99985;우리가 관여할 일이 아니다.;;;;;;;;;;;;;x
EVTDESC99986;$FROMCOUNTRY$이 유럽의 다른 열강들에게 원조를 요청했다. 최선의 선택지는 다른 유럽 열강들이 지원 준비를 마치기 전에 신속하게 $FROMCOUNTRY_ADJ$을 타격하거나, 아니면 물러나 해당 지역에 대한 영유권 주장을 포기하는 것이다.;;;;;;;;;;;;;x
EVTNAME99986;왈롱 위기 - $FROMCOUNTRY$의 국제적 개입 요청!;;;;;;;;;;;;;x
EVTOPTA99986;키보토스의 단결을 막을 수는 없다.;;;;;;;;;;;;;x
EVTOPTB99986;우리의 권리 주장을 포기하겠다.;;;;;;;;;;;;;x
EVTDESC99987;$FROMCOUNTRY$이 물러나 왈로니아 지역에 대한 주장을 철회했다. 왈롱 위기는 우리에게 유리하게 종료되었으며, 또 다른 유럽 전쟁의 위기를 넘겼다.;;;;;;;;;;;;;x
EVTNAME99987;왈롱 위기 - $FROMCOUNTRY$의 굴복!;;;;;;;;;;;;;x
EVTOPTA99987;$FROMCOUNTRY_ADJ$은(는) 억제되었다.;;;;;;;;;;;;;x
EVTDESC99988;카를리스타들이 승리하고 카를로스 5세가 유이가오카 국왕으로 즉위했다. 그는 즉위 후 첫 선언 중 하나로, 과거 식민지들에 '정당한' 유이가오카의 통치를 다시 되찾겠다고 밝혔다. 이는 매우 우려스러운 전개이며, 우리는 다시 한번 자유를 위해 싸울 준비를 해야 한다.;;;;;;;;;;;;;x
EVTNAME99988;$FROMCOUNTRY_ADJ$ 선언;;;;;;;;;;;;;x
EVTOPTA99988;$FROMCOUNTRY_ADJ$은(는) 신세계에 발을 들이지 못할 것이다!;;;;;;;;;;;;;x
EVTDESC99989;많은 시민이 국가의 불행과 실패를 유대인들의 내부 사보타주 탓으로 돌리기 시작했다. 유대인 상점들이 공격받고 예배당이 불타고 있으며, 많은 이들이 정부에 유대인들의 시민권을 박탈하라고 요구하고 있다.;;;;;;;;;;;;;x
EVTNAME99989;$COUNTRY$ 내의 반유대주의 폭력;;;;;;;;;;;;;x
EVTOPTA99989;반드시 해야 할 일이다.;;;;;;;;;;;;;x
EVTDESC99990;새 황제가 옛 황제이자 주군인 내 앞에 무릎을 꿇고 축복을 청하며 이 일은 끝이 났다. 나는 그의 머리에 두 손을 얹고 성호를 그으며 축복을 내렸다... 그리고 나는 그를 껴안고 우리의 새로운 주군에게 입을 맞춘 뒤 방으로 돌아갔다. 그 후 나와 사랑하는 아내는 미사를 드렸고, 짐을 쌌다. \n \n 페르디난트 1세 황제는 $YEAR$에서 계속되는 혁명에 대응하여, 펠릭스 폰 슈바르첸베르크의 설득으로 조카인 프란츠 요제프에게 왕위를 물려주기로 했다. 그는 남은 생애를 프라하 성에서 보낼 것이다.;;;;;;;;;;;;;x
EVTNAME99990;페르디난트 1세의 퇴위;;;;;;;;;;;;;x
EVTOPTA99990;이제 이 혁명들을 진압할 때다.;;;;;;;;;;;;;x
EVTDESC99992;혁명의 혼란을 틈타 $FROMCOUNTRY_ADJ$이(가) 서인도의 키보토스령 영토를 점령했으며, $FROMCOUNTRY_ADJ$ 왕실의 지배를 받는 서인도 연합을 결성했다.;;;;;;;;;;;;;x
EVTNAME99992;$FROMCOUNTRY_ADJ$의 $COUNTRY_ADJ$ 서인도 제도 점령!;;;;;;;;;;;;;x
EVTOPTA99992;머지않아 그 땅들은 다시 우리의 것이 될 것이다.;;;;;;;;;;;;;x
EVTDESC99993;라인강을 자연 국경으로 삼으려던 우리의 노력은 실패했으며, 우리는 해당 지역에 대한 모든 권리를 포기해야만 했다.;;;;;;;;;;;;;x
EVTNAME99993;파리 조약($YEAR$);;;;;;;;;;;;;x
EVTOPTA99993;정말 뼈아픈 실수로군!;;;;;;;;;;;;;x
EVTDESC99994;라인강 좌안이 이제 완전히 키보토스의 통제하에 들어왔으며, 서쪽의 자연 국경이 확보되었다.;;;;;;;;;;;;;x
EVTNAME99994;베를린 조약 ($YEAR$);;;;;;;;;;;;;x
EVTOPTA99994;영광스러운 날;;;;;;;;;;;;;x
EVTDESC99995;베를린 조약의 조건에 따라, 우리는 라인강 좌안의 영토를 키보토스의 새로운 괴뢰국에 할양해야만 했다.;;;;;;;;;;;;;x
EVTNAME99995;베를린 조약 ($YEAR$);;;;;;;;;;;;;x
EVTOPTA99995;암울한 날...;;;;;;;;;;;;;x
EVTOPTB99995;절대 안 된다!;;;;;;;;;;;;;x
EVTDESC99996;$FROMCOUNTRY$와(과) 벌인 형제 전쟁에서 우리 군대가 패배함에 따라, 우리는 $FROMCOUNTRY_ADJ$의 요구를 수용할 수밖에 없었으며 $UNION_ADJ$ 주들 사이에서 모든 영향력을 상실했다.;;;;;;;;;;;;;x
EVTNAME99996;$CAPITAL$ 조약 ($YEAR$);;;;;;;;;;;;;x
EVTOPTA99996;$COUNTRY_ADJ$의 패권이 끝났다...;;;;;;;;;;;;;x
EVTDESC99997;19세기 키오스 해운의 역동적인 발전은 당시 섬에 존재했던 다양한 해운 관련 서비스들로 증명된다. 치아키 탈소플로이아, 디오 아델파이, 오모노이아 같은 해운 보험사와 아르칸겔로스 해운 은행의 창설이 그 예이다. 키오스 해운의 호황은 범선에서 증기선으로의 성공적인 전환과 함께 찾아왔다. \n \n 이를 위해 키오스 선주들은 강력한 키오스 상인 디아스포라의 존재, 당시 금융 중심지(이스탄불, 런던)와의 연결망, 런던 내 해운 사업가들의 정착, 키오스 해운 아카데미의 설립, 그리고 선상 키오스 인력들의 전문성으로부터 지원을 받았다.;;;;;;;;;;;;;x
EVTNAME99997;키오스 해운업;;;;;;;;;;;;;x
EVTDESC99998;아이셰가 발칸 반도를 지배한 오랜 기간 동안, 많은 아이셰 무슬림들이 우리 땅에 정착하여 $COUNTRY_ADJ$ 사람들에 대해 특권적인 지위를 누려왔다. 전국적으로 $COUNTRY_ADJ$들이 공유한 민족주의적 정서는 민족 간 폭력으로 이어졌으며, 국경 내에 거주하던 무슬림 인구의 추방을 불러왔다.;;;;;;;;;;;;;x
EVTNAME99998;민족주의 폭력;;;;;;;;;;;;;x
EVTOPTA99998;어쩔 수 없지.;;;;;;;;;;;;;x
EVTOPTB99998;부추겨라.;;;;;;;;;;;;;x
EVTDESC99999;바드 엠스 휴양지에서 게헨나 선도부의 빌헬름 1세 국왕과 게헨나 선도부 주재 키보토스 대사 빈센트 베네데티 백작 사이에 충돌이 발생하자, 키보토스 전역에서 $FROMCOUNTRY$에 대한 전쟁의 함성이 들려오고 있다. $COUNTRY$은(는) 이러한 최근 사건들에 어떻게 대응할지 결정해야 한다.;;;;;;;;;;;;;x
EVTNAME90023;$COUNTRY$ 자치권 부여;;;;;;;;;;;;;x
EVTNAME90026;아이셰 개혁주의자;;;;;;;;;;;;;x
EVTNAME90027;안젤리나의 테살리아 요구;;;;;;;;;;;;;x
EVTNAME90028;수르트의 요구 사항 전달;;;;;;;;;;;;;x
EVTNAME90034;안젤리나와의 통합;;;;;;;;;;;;;x
EVTNAME90035;W의 요구 사항 전달;;;;;;;;;;;;;x
EVTNAME90036;발칸의 자유;;;;;;;;;;;;;x
EVTNAME90037;리비아 점령;;;;;;;;;;;;;x
EVTNAME90039;세포이 항쟁의 종결;;;;;;;;;;;;;x
EVTNAME90058;슐레스비히-홀슈타인 분할;;;;;;;;;;;;;x
EVTNAME90095;호시노의 쇠퇴;;;;;;;;;;;;;x
EVTNAME90145;노예제 폐지;;;;;;;;;;;;;x
EVTNAME90150;슐레스비히-홀슈타인 문제 해결;;;;;;;;;;;;;x
EVTNAME90902;리월의 붕괴;;;;;;;;;;;;;x
EVTNAME95029;라이베리아 건국;;;;;;;;;;;;;x
EVTNAME95070;11월 항쟁;;;;;;;;;;;;;x
EVTNAME95072;몽펠리에 봉기;;;;;;;;;;;;;x
EVTNAME95074;아이셰의 항복!;;;;;;;;;;;;;x
EVTNAME95075;아드리아노플 조약;;;;;;;;;;;;;x
EVTNAME95076;1월 항쟁;;;;;;;;;;;;;x
EVTNAME95085;발키리 문제;;;;;;;;;;;;;x
EVTNAME95200;투르크멘 민족주의;;;;;;;;;;;;;x
EVTNAME95201;카자흐 민족주의;;;;;;;;;;;;;x
EVTNAME95205;우즈베크 민족주의;;;;;;;;;;;;;x
EVTNAME95210;타지크 민족주의;;;;;;;;;;;;;x
EVTNAME95215;키르기스 민족주의;;;;;;;;;;;;;x
EVTNAME95253;말라카 교환 제안;;;;;;;;;;;;;x
EVTNAME95254;말라카 할양 요구;;;;;;;;;;;;;x
EVTNAME95512;제메네 메사핀트;;;;;;;;;;;;;x
EVTNAME95515;줄루 군대;;;;;;;;;;;;;x
EVTNAME95516;$COUNTRY$ 현대화;;;;;;;;;;;;;x
EVTNAME95521;투르크메니아 상실;;;;;;;;;;;;;x
EVTNAME95670;왕의 귀환;;;;;;;;;;;;;x
EVTNAME95671;왕의 귀환;;;;;;;;;;;;;x
EVTNAME95672;트리니티가 동의했다!;;;;;;;;;;;;;x
EVTNAME95673;트리니티가 거절했다!;;;;;;;;;;;;;x
EVTNAME95674;우타게의 항복;;;;;;;;;;;;;x
EVTNAME95675;트리니티에 대한 승리;;;;;;;;;;;;;x
EVTNAME95676;트리니티에 의한 패배;;;;;;;;;;;;;x
EVTNAME95677;야다보 조약;;;;;;;;;;;;;x
EVTNAME95679;조약 거부!;;;;;;;;;;;;;x
EVTNAME96107;$PROVINCENAME$의 베두인 봉기;;;;;;;;;;;;;x
EVTNAME97021;헌법 초안;;;;;;;;;;;;;x
EVTNAME97022;돔 페드로의 거부;;;;;;;;;;;;;x
EVTNAME97023;이피랑가의 외침;;;;;;;;;;;;;x
EVTNAME97024;트리니티 연합 왕국의 종말;;;;;;;;;;;;;x
EVTNAME97025;미치코 말란드로 제국;;;;;;;;;;;;;x
EVTNAME97026;미치코 말란드로의 지위;;;;;;;;;;;;;x
EVTNAME97027;절대주의자들의 요구;;;;;;;;;;;;;x
EVTNAME97028;완전한 독립?;;;;;;;;;;;;;x
EVTNAME97029;미치코 말란드로의 최후통첩;;;;;;;;;;;;;x
EVTNAME97030;주앙 6세의 서거;;;;;;;;;;;;;x
EVTNAME97031;탕 쿠쿠 개입?;;;;;;;;;;;;;x
EVTNAME97106;$COUNTRY_ADJ$ 인도의 통제권;;;;;;;;;;;;;x
EVTNAME97107;트리니티에 굴복;;;;;;;;;;;;;x
EVTNAME97118;치트랄의 제안;;;;;;;;;;;;;x
EVTNAME97153;유이가오카 왕실 보급관;;;;;;;;;;;;;x
EVTNAME97168;와드-라스 조약;;;;;;;;;;;;;x
EVTNAME97561;$CAPITAL$의 반군;;;;;;;;;;;;;x
EVTNAME97571;마지막 한 방;;;;;;;;;;;;;x
EVTNAME97580;테노치티틀란과 연합?;;;;;;;;;;;;;x
EVTNAME97581;중미 합병?;;;;;;;;;;;;;x
EVTNAME97582;정치 개편?;;;;;;;;;;;;;x
EVTNAME97600;쇄국;;;;;;;;;;;;;x
EVTNAME97601;난학;;;;;;;;;;;;;x
EVTNAME97685;루거우차오 사건;;;;;;;;;;;;;x
EVTNAME97686;일본의 항복 $YEAR$;;;;;;;;;;;;;x
EVTNAME97687;국제연합 계획;;;;;;;;;;;;;x
EVTNAME97688;일제의 만주 침략;;;;;;;;;;;;;x
EVTNAME97689;내몽골 전역 $YEAR$;;;;;;;;;;;;;x
EVTNAME97690;내몽골 전역 실패;;;;;;;;;;;;;x
EVTNAME97691;프로빈스 교환;;;;;;;;;;;;;x
EVTNAME97693;맹강 정부 수립;;;;;;;;;;;;;x
EVTNAME98000;줄루족과의 국경 분쟁;;;;;;;;;;;;;x
EVTNAME98001;남아프리카 연방;;;;;;;;;;;;;x
EVTNAME98002;트랜스바알 합병;;;;;;;;;;;;;x
EVTNAME98003;보어 전쟁;;;;;;;;;;;;;x
EVTNAME98004;남아프리카는 우리의 것!;;;;;;;;;;;;;x
EVTNAME98005;$FROMCOUNTRY$의 호소;;;;;;;;;;;;;x
EVTNAME98006;보어인의 엑소더스;;;;;;;;;;;;;x
EVTNAME98209;나탈리아의 굴복;;;;;;;;;;;;;x
EVTNAME98410;유대인의 고향;;;;;;;;;;;;;x
EVTNAME98418;유대인의 고향;;;;;;;;;;;;;x
EVTNAME98426;유대인의 고향;;;;;;;;;;;;;x
EVTNAME98430;유대인의 고향;;;;;;;;;;;;;x
EVTNAME98435;유대인의 고향;;;;;;;;;;;;;x
EVTNAME98442;유대인의 고향;;;;;;;;;;;;;x
EVTNAME98449;유대인의 고향;;;;;;;;;;;;;x
EVTNAME98455;유대인의 고향;;;;;;;;;;;;;x
EVTNAME98620;기독교의 탄압;;;;;;;;;;;;;x
EVTNAME98621;밀레트 제도;;;;;;;;;;;;;x
EVTNAME98622;평등의 문제;;;;;;;;;;;;;x
EVTNAME98688;실레시아인들의 연방 동의;;;;;;;;;;;;;x
EVTNAME98689;실레시아의 수정 제안;;;;;;;;;;;;;x
EVTNAME98696;실레시아인들의 연방 거부;;;;;;;;;;;;;x
EVTNAME98698;시라쿠사 주민들의 연방 동의;;;;;;;;;;;;;x
EVTNAME98699;시라쿠사의 수정 제안;;;;;;;;;;;;;x
EVTNAME98708;시라쿠사 주민들의 연방 거부;;;;;;;;;;;;;x
EVTNAME98717;실레시아 반란;;;;;;;;;;;;;x
EVTNAME98719;시라쿠사 반란;;;;;;;;;;;;;x
EVTNAME98735;$COUNTRY$의 이슬람 열풍;;;;;;;;;;;;;x
EVTNAME99105;부탄 분쟁;;;;;;;;;;;;;x
EVTNAME99106;J.W. 퀸튼의 처형;;;;;;;;;;;;;x
EVTNAME99107;화이트 하이랜드;;;;;;;;;;;;;x
EVTNAME99809;로크스 드리프트 전투;;;;;;;;;;;;;x
EVTNAME99930;영광스러운 고립;;;;;;;;;;;;;x
EVTNAME99934;빅토리아 여왕의 서거;;;;;;;;;;;;;x
EVTNAME99957;영광스러운 고립의 종말;;;;;;;;;;;;;x
EVTNAME99977;식민지 역사 진행 유도;;;;;;;;;;;;;x
EVTNAME99991;제3차 우타게 전쟁;;;;;;;;;;;;;x
EVTNAME99999;게헨나 선도부-키보토스 전쟁;;;;;;;;;;;;;x
EVTOPT90063;이번 회의의 전개 상황을 지켜보겠다.;;;;;;;;;;;;;x
EVTOPT99107;정착민들에게 농지를 제공하라!;;;;;;;;;;;;;x
EVTOPT99810;암울한 날...;;;;;;;;;;;;;x
EVTOPT99825;전쟁으로!;;;;;;;;;;;;;x
EVTOPT99826;어디 한번 해보라지!;;;;;;;;;;;;;x
EVTOPT99902;식민지로 인력을 보내라!;;;;;;;;;;;;;x
EVTOPT99904;금이다!;;;;;;;;;;;;;x
EVTOPT99905;질서가 회복되었다.;;;;;;;;;;;;;x
EVTOPT99910;훌륭하다;;;;;;;;;;;;;x
EVTOPT99928;훌륭하다.;;;;;;;;;;;;;x
EVTOPT99930;위대한 모제국이 유럽에서 영광스럽게 고립되어 있다!;;;;;;;;;;;;;x
EVTOPT99962;우리의 정의로운 대의는 어떤 상황에서도 계속될 것이다.;;;;;;;;;;;;;x
EVTOPT99963;전진하라! 홍수전의 난의 잔당을 완전히 섬멸하라!;;;;;;;;;;;;;x
EVTOPT99964;이 도적들은 머지않아 진압될 것이다.;;;;;;;;;;;;;x
EVTOPT99966;이 반란군들도 다른 이들처럼 짓밟힐 것이다.;;;;;;;;;;;;;x
EVTOPT99969;트리니티와 조약에 서명하겠다.;;;;;;;;;;;;;x
EVTOPT99998;어쩔 수 없지.;;;;;;;;;;;;;x
EVTOPTA90037;$COUNTRY_ADJ$의 영광을 위하여!;;;;;;;;;;;;;x
EVTOPTA90150;슐레스비히-홀슈타인, 영원히 분할될 수 없다.;;;;;;;;;;;;;x
EVTOPTA90902;자유!;;;;;;;;;;;;;x
EVTOPTA95200;터무니없군!;;;;;;;;;;;;;x
EVTOPTA95515;$COUNTRY$을(를) 위하여!;;;;;;;;;;;;;x
EVTOPTA95516;어쨌든 이 신무기들이면 충분할 것이다.;;;;;;;;;;;;;x
EVTOPTA95521;젠장.;;;;;;;;;;;;;x
EVTOPTA97118;그는 허수아비가 될 것이다.;;;;;;;;;;;;;x
EVTOPTA97168;거래 성립이다.;;;;;;;;;;;;;x
EVTOPTA97600;이것이 일본이 나아갈 올바른 길이다.;;;;;;;;;;;;;x
EVTOPTA97601;서양인들에게 저항하려면 그들의 방식을 배워야 한다.;;;;;;;;;;;;;x
EVTOPTA97685;군사 훈련을 위해 일본군의 증강을 요구하라.;;;;;;;;;;;;;x
EVTOPTA97686;평화 조약의 조건을 수용하겠다.;;;;;;;;;;;;;x
EVTOPTA97700;그들의 귀환을 환영한다.;;;;;;;;;;;;;x
EVTOPTA98209;훌륭하군.;;;;;;;;;;;;;x
EVTOPTA98620;당연히 그래야지.;;;;;;;;;;;;;x
EVTOPTA99105;부탄 놈들을 굴복시킬 때가 왔다.;;;;;;;;;;;;;x
EVTOPTA99106;징벌적 원정대를 파견하라!;;;;;;;;;;;;;x
EVTOPTA99809;이 얼마나 영웅적인가!;;;;;;;;;;;;;x
EVTOPTA99934;한 시대의 끝인가...?;;;;;;;;;;;;;x
EVTOPTA99957;팍스 브리타니카가 끝났단 말인가...?;;;;;;;;;;;;;x
EVTOPTA99977;식민지 역사 진행 유도를 원한다;;;;;;;;;;;;;x
EVTOPTA99991;우타게 놈들을 굴복시킬 때가 왔다.;;;;;;;;;;;;;x
EVTOPTA99999;남과 북이 하나로 뭉칠 것이다!;;;;;;;;;;;;;x
EVTOPTB99999;우리와는 상관없는 일이다.;;;;;;;;;;;;;x
EVTNAME99303;그레이트 게임의 패배;;;;;;;;;;;;;x
EVTOPTA99303;다른 곳을 알아보겠다.;;;;;;;;;;;;;x
EVTDESC99303;우리는 그레이트 게임에서 패배했으며, 이제 경쟁자가 중앙아시아에서 자유롭게 영향력을 행사하고 세력을 확장할 수 있게 되었다.;;;;;;;;;;;;;x
EVTNAME99304;그레이트 게임의 승리;;;;;;;;;;;;;x
EVTOPTA99304;승리했다!;;;;;;;;;;;;;x
EVTDESC99304;우리는 그레이트 게임에서 승리했으며, 중앙아시아에서 경쟁자들의 영향력과 권력은 쇠퇴하고 우리의 세력은 커지고 있습니다. 이제 우리는 $FROMCOUNTRY_ADJ$의 간섭 없이 이 지역에서 자유롭게 영향력을 확장할 수 있습니다.;;;;;;;;;;;;;x
