TGCNV_SOLAR_MAP 1
7485
1 56.79402602 -135.23011364
2 58.65532493 -134.76029830
3 59.25761486 -138.80965909
4 57.26780921 -154.45738636
5 53.55317416 -167.30808080
6 60.96233561 -135.56250000
7 63.45862672 -135.79193184
8 5.30722478 101.84948862
9 49.78824513 -75.62428977
10 0.23011333 108.79261364
11 59.95069967 -113.29261364
12 23.02864654 54.48579545
13 49.09575498 -122.95738636
14 49.04188616 -124.76665483
15 52.28733794 -126.17737926
16 55.49417794 -127.36321026
17 59.91232094 -132.00852273
18 57.49538608 -123.03920455
19 52.80438099 -121.06534091
20 49.80805406 -120.65880682
21 50.19334211 -117.59456680
22 50.14903823 -112.11647727
23 54.31230653 -117.84375000
24 49.26488136 -110.83806818
25 52.59341322 -114.26660003
26 62.74961063 -94.83238636
27 67.82383316 -83.94034091
28 64.71072487 -85.36193182
29 42.81053941 62.23934659
30 49.11690827 -108.24928977
31 59.14106973 -104.48842326
32 54.80981848 -106.40348008
33 70.91286376 -94.45653409
34 50.94396350 -106.07546168
35 67.19125599 -108.54374998
36 68.79839512 -129.05220170
37 56.75563558 -92.79119316
38 33.51292154 -108.88817472
39 15.19497021 -89.47585227
40 68.20007796 -118.37352273
41 49.62026785 -100.54058952
42 49.84187957 -97.72638494
43 33.48547178 -96.17791193
44 19.86947046 -75.29829545
45 17.98633398 -63.22500000
46 43.73196932 -79.86860795
47 53.21390262 -84.86079545
48 49.93909821 -79.69602273
49 48.33718553 -91.78018466
50 48.45949986 -85.62784091
51 47.01089089 -84.23437500
52 45.11074051 -79.15909091
53 44.13248005 -80.49279605
54 42.63590510 -82.15056818
55 43.34423122 -80.71875000
56 44.36459788 -77.81260653
57 45.30685769 -75.29190341
58 45.79565213 -74.43260110
59 59.91232094 -96.57102273
60 37.51450759 -77.86789773
61 47.53339937 -68.97272727
62 51.89830413 -60.98011364
63 48.85673996 -70.90195316
64 47.18242897 -73.72883526
65 47.78638989 -71.97507102
66 45.44832391 -72.84375000
67 48.29301720 -67.61207383
68 46.61162318 -66.18750003
69 45.48865131 -66.99502841
70 46.42123918 -63.79005682
71 44.81185285 -64.33721591
72 45.70259473 -64.28352273
73 45.93336279 -60.67020600
74 48.28929147 -55.09943182
75 51.93964213 -58.73011364
76 54.01638390 -63.00681816
77 46.85706878 -56.48522727
78 46.96250466 -122.70170455
79 47.29547141 -124.03764205
80 47.47770741 -117.94602273
81 45.05539588 -122.09797585
82 41.92414518 -118.91761364
83 44.79418689 -118.20170455
84 36.84839450 -120.50284091
85 40.77901190 -123.57528412
86 39.25826768 -120.53394890
87 35.35752981 -119.79151282
88 34.18356657 -115.39857958
89 34.27532775 -118.05234372
90 33.26011683 -116.82633559
91 46.35888184 -116.15625000
92 41.92414518 -117.23011364
93 42.08570260 -112.01420455
94 40.53132802 -118.38366481
95 41.70102076 -117.38352273
96 35.83280472 -115.37002841
97 41.59752739 -111.89019886
98 38.17800118 -114.26420455
99 37.61763593 -110.62500003
100 33.92458196 -110.37784091
101 35.82026546 -112.43032670
102 32.37443512 -112.37215909
103 39.57626749 -107.18181818
104 37.58326683 -122.29261364
105 34.82831706 -105.58379409
106 39.72334501 -104.90625000
107 40.93992440 -106.54261364
108 38.58849455 -108.63920455
109 36.89441683 -108.48579545
110 41.38808998 -109.81534091
111 43.83708391 -110.96463068
112 42.52602849 -107.97379261
113 42.13738254 -111.07127127
114 46.66103609 -113.65056818
115 45.53585090 -110.96399148
116 48.88402596 -110.12215909
117 46.77147478 -99.62482244
118 47.47110137 -97.90813207
119 47.75192024 -103.38185373
120 43.56487432 -97.79829545
121 44.66298774 -99.84375000
122 43.84020134 -101.28409088
123 40.08480086 -96.62215909
124 41.92414518 -103.32102273
125 39.94935194 -98.41193182
126 37.24971438 -96.87347305
127 39.90417641 -101.63352273
128 37.44572032 -101.27556818
129 36.58928971 -101.78053977
130 36.89441683 -96.05965909
131 35.91997605 -97.68494322
132 29.38136275 -95.49715909
133 30.72813515 -99.00063920
134 32.70429391 -98.66761364
135 37.17105720 -106.81363636
136 30.66938702 -103.67897727
137 29.38136275 -98.36079545
138 27.45560175 -98.73888494
139 29.71643681 -90.74509947
140 30.90705149 -91.35511364
141 30.76448537 -93.09375000
142 32.01922119 -92.51974432
143 34.57841052 -91.55965909
144 35.60116854 -93.24715909
145 33.56458677 -93.21455966
146 38.38812681 -91.41690344
147 36.43364049 -92.22443182
148 37.05482315 -90.53746445
149 38.34536273 -93.56356534
150 39.94135302 -93.12645600
151 41.14372280 -94.77826701
152 41.22652872 -92.39680401
153 42.75706245 -92.24392756
154 42.49660315 -95.43536928
155 47.39948429 -93.27911932
156 45.04776039 -95.11576701
157 47.77303065 -96.32194599
158 47.88413749 -91.15056818
159 43.03476295 -88.74715909
160 46.20583564 -91.89204545
161 45.24805188 -88.88139205
162 43.34423122 -90.43465909
163 41.47756491 -88.08238636
164 42.17921442 -89.46946023
165 40.25864374 -88.72159091
166 40.47769215 -90.98948864
167 38.89966934 -89.77819602
168 38.10187175 -88.59183239
169 38.58849455 -86.49715909
170 38.10339462 -87.69630682
171 40.95955916 -86.90028413
172 40.85013354 -85.73011364
173 42.28045251 -83.68465909
174 42.49771365 -85.46164773
175 44.11682714 -84.20092333
176 44.04305199 -85.11040483
177 46.46696265 -89.89559662
178 40.71759634 -81.57954549
179 40.09345055 -83.19779826
180 41.04087637 -83.69424716
181 39.78531976 -84.41161614
182 38.98376063 -84.36221591
183 38.97410371 -83.04928977
184 38.27220685 -85.25434878
185 37.63367244 -83.51846591
186 36.78624483 -86.22357955
187 36.87336940 -88.62070561
188 35.62647018 -87.31917614
189 35.71750689 -89.16051140
190 36.02945779 -83.88920455
191 35.11665934 -85.06214489
192 31.91928913 -90.18643469
193 33.66319016 -90.45937503
194 30.63074093 -89.83380682
195 33.37993100 -87.69314838
196 34.11542185 -86.50323153
197 30.47608527 -88.52024148
198 30.24091001 -84.80965909
199 30.15749399 -81.89680398
200 27.91599728 -82.66755682
201 34.21149867 -84.56164773
202 32.13258101 -84.13210227
203 32.23289780 -64.96875000
204 31.12022250 -82.30056822
205 32.84549191 -80.61647727
206 33.76076679 -81.90340906
207 35.94503946 -77.69403409
208 35.92537460 -79.08238636
209 35.40030473 -80.72273690
210 34.83609510 -78.72091619
211 37.05252447 -78.67649148
212 38.72509778 -77.85511364
213 38.04094299 -78.21306818
214 36.90592048 -77.58025568
215 38.13994079 -79.20170458
216 36.97159480 -80.15680754
217 38.36997722 -80.68785515
218 38.97808016 -81.14382102
219 39.16505198 -76.14811790
220 39.31572054 -77.54829545
221 39.63285187 -79.08238636
222 39.12050496 -75.85493605
223 39.98886992 -75.77450284
224 41.32467998 -76.12872873
225 40.63592075 -78.11399148
226 40.16657804 -77.13600852
227 40.31028958 -80.00284091
228 41.53569526 -80.08977273
229 40.66477438 -74.86044034
230 40.12992457 -74.73579545
231 39.40639373 -75.19602273
232 40.76029025 -74.07102273
233 40.77713986 -73.23366477
234 41.81318227 -74.49098011
235 42.36939594 -75.45170455
236 42.50409884 -78.68181815
237 42.85762727 -77.24147727
238 42.97555718 -76.12819599
239 45.14344611 -71.56534091
240 44.03810786 -74.72833803
241 41.59492050 -72.90127841
242 41.57816100 -71.85617898
243 42.16085067 -71.64204545
244 41.76241306 -71.10511364
245 42.31659222 -72.82137784
246 43.60345203 -73.07450284
247 43.25882515 -71.62968753
248 43.89718195 -70.63754323
249 45.19603134 -68.90348015
250 46.79032098 -69.05965909
251 65.39517437 -51.31534091
252 64.58273477 -21.09375000
253 62.10978933 -7.24210226
254 54.77941920 -6.43678977
255 54.58776188 -7.47549716
256 54.21358366 -6.46555398
257 54.91287872 -8.36079545
258 53.00932426 -9.53693182
259 53.78477792 -8.41193182
260 51.64997133 -9.12784091
261 52.22860136 -9.99715909
262 52.45076873 -8.06995739
263 53.00932426 -6.51988636
264 53.30516299 -7.68238640
265 52.47571356 -6.87784091
266 57.13773103 -2.42173294
267 57.73946299 -5.19034091
268 56.35785571 -3.40056818
269 55.73522566 -3.43252841
270 56.31811527 -5.13920455
271 55.87999660 -4.26988636
272 55.11904534 -3.65625000
273 51.48412608 -3.65625000
274 51.73280696 -4.88352273
275 52.27497480 -3.64026989
276 52.81976438 -3.80007102
277 53.41811574 -3.14488636
278 53.11706735 -2.56651645
279 54.64605068 -3.06498580
280 54.59533359 -1.66193182
281 53.62196329 -0.58806818
282 53.43131692 -1.77523394
283 53.54046815 -1.50852273
284 52.71203755 -2.25639205
285 53.13211509 -2.99147727
286 52.58993989 -2.95008116
287 52.22860136 -2.01988636
288 53.05026914 -1.59481534
289 52.51684798 -1.30397727
290 53.11421628 -0.47620739
291 52.26209514 -0.33877841
292 52.51684798 0.63920455
293 51.74574479 0.25248580
294 51.47634640 -1.61079545
295 51.64997133 -0.58806818
296 51.14317420 -2.80497994
297 51.03726907 -2.21484375
298 50.99561601 -3.43572443
299 50.41357428 -4.01740057
300 51.23492369 -0.33238636
301 51.06849938 0.43465909
302 50.77670053 0.17897727
303 50.77670053 -1.35511364
304 54.09702929 -4.81001420
305 63.23294082 11.01988636
306 66.51074743 15.21306818
307 69.59021213 23.61946019
308 61.85074161 6.72443182
309 60.26197742 5.04012784
310 59.25761486 6.67329545
311 59.25761486 8.25852273
312 60.18066081 9.23011364
313 59.83551901 10.50852273
314 61.03794687 11.20738633
315 61.24675824 9.33238636
316 59.29624554 10.96875000
317 61.17099370 16.13352273
318 63.52913353 17.10511364
319 63.01644830 13.39804688
320 64.56156828 18.44573860
321 66.97437945 21.96306818
322 59.37346246 17.87215909
323 60.38016252 14.91291997
324 60.02741267 17.66761364
325 58.26167372 15.55312500
326 59.15493013 16.37002841
327 58.95772459 14.70916197
328 59.70698337 12.61097305
329 57.85328951 13.00653409
330 58.03381632 11.65781250
331 57.26780921 18.28125000
332 57.07518044 15.77088072
333 56.51666984 14.59943182
334 56.16132800 12.89019886
335 56.19880540 15.11079545
336 64.59148928 25.53270597
337 65.06865595 28.40625000
338 67.56767095 25.98707383
339 61.13308920 29.53125000
340 60.84817479 27.15873576
341 62.76661596 29.75390622
342 62.67503037 27.84375000
343 60.14211568 24.64329544
344 62.18881640 23.80397727
345 60.99872497 21.69630685
346 62.68273975 21.28568180
347 42.94622203 20.27556818
348 60.12654024 19.67318182
349 59.10294392 24.67329545
350 59.15613880 26.81143466
351 58.30198453 25.00312500
352 58.18621106 26.51846594
353 58.27142778 22.05511364
354 56.75444802 24.11079545
355 57.26452636 25.29971591
356 55.91989932 26.10511364
357 56.43729230 23.49715909
358 57.07065823 22.16761364
359 56.65494312 21.31587358
360 54.72632633 25.10181818
361 54.71641062 24.21306818
362 54.52494732 23.31115057
363 55.56024418 24.26420455
364 55.85073866 23.17127748
365 55.93585628 21.78323867
366 55.99966052 9.79261364
367 56.91267135 8.87215909
368 54.95816790 9.58806818
369 53.98796670 9.38352273
370 54.47412436 9.12784091
371 55.10397308 8.91690341
372 55.48015873 11.58238636
373 55.03863604 10.66193182
374 55.06628338 14.76562500
375 52.06356900 4.78125000
376 51.79696467 4.06278409
377 52.88640207 4.47443182
378 51.44470377 3.89659091
379 51.44781653 5.44282670
380 51.48412608 3.60511364
381 50.73286969 5.44857955
382 51.73280696 5.66846591
383 53.17301616 6.57102273
384 52.33935181 6.11399148
385 53.05538622 5.70809659
386 52.84539882 6.41761364
387 50.52602448 4.21875000
388 50.87057017 2.84765625
389 51.27649361 3.60511364
390 51.44262855 3.50284091
391 50.96697115 5.20312500
392 50.19098313 4.73011364
393 50.44235051 3.45170455
394 50.10707896 3.29829545
395 50.48419470 5.39488636
396 50.48419470 5.95738636
397 49.47596783 5.90625000
398 49.86290632 5.40127841
399 50.44235051 2.83806818
400 50.48419470 2.83806818
401 50.31673157 1.86647727
402 49.89706714 2.22443182
403 49.43377913 2.78693182
404 49.64668568 3.37500000
405 49.77088782 4.52556818
406 48.25325675 3.86171330
407 48.17602154 4.80460127
408 49.51814221 4.52556818
409 48.39910188 7.57159093
410 47.69177679 7.13352273
411 48.75681754 5.59943182
412 48.28929147 6.82670455
413 49.10897620 5.30220170
414 48.07621185 6.46875000
415 49.42586716 1.08984375
416 48.88402596 0.99715909
417 48.63478924 -0.10546875
418 48.96955446 -0.78877841
419 49.07248224 -2.39318182
420 48.18545942 -4.17720170
421 47.90549323 -2.68465909
422 47.76127338 -3.13849432
423 47.34909664 -2.07102273
424 48.01488591 -1.78018466
425 48.58700703 2.12215909
426 48.24670389 1.20170455
427 48.37442405 2.73579545
428 46.22917771 4.32102273
429 47.52054950 3.87166193
430 46.33187050 2.98508523
431 46.66103609 5.75284091
432 47.17026043 5.85511364
433 47.48038546 6.66690341
434 46.49115858 -0.50177557
435 47.26002890 -0.77459809
436 47.94018877 -0.02876420
437 46.67450915 -1.59161932
438 47.94018877 1.92720170
439 47.06785633 2.30539776
440 46.91947978 1.55965909
441 47.34909664 0.69034091
442 45.88268716 -0.84375000
443 46.70414506 0.17897727
444 45.45307655 -0.31390849
445 45.53095957 1.14801136
446 46.06687116 1.75142045
447 45.09983692 0.48579545
448 45.45031793 2.86598015
449 43.95733933 4.00769627
450 44.41830018 1.26338778
451 46.05604377 5.29261364
452 45.47267657 4.24566389
453 44.78325835 4.29545455
454 45.18704151 5.19034091
455 42.99049923 0.17897727
456 43.38838692 1.20170455
457 42.76897870 1.35511364
458 44.63882996 -0.44957383
459 43.20063180 -1.41903409
460 43.38838692 -0.89488636
461 43.60896228 3.14488636
462 44.07912062 2.41960224
463 43.01880898 1.94853329
464 42.45828588 2.32670455
465 45.99918565 6.34410511
466 45.57877842 5.85511364
467 43.43252908 4.88352273
468 43.96117698 5.08806818
469 44.56724381 6.13636364
470 43.56487432 5.90625000
471 43.91719775 6.41761364
472 43.60896228 7.13352273
473 42.12662125 8.85426136
474 42.90193138 -8.25852273
475 43.27244935 -6.13636364
476 42.29259866 -8.64748549
477 42.31492443 -6.22393466
478 43.11772109 -4.21875000
479 42.41384760 -4.01420455
480 42.26302819 -4.84474428
481 41.60888533 -2.87642045
482 40.80821317 -6.22500003
483 40.43530428 -5.16840643
484 38.69803656 -7.05620316
485 39.00080083 -5.87535515
486 39.54172660 -6.96880463
487 40.49044643 -3.91193182
488 40.71071140 -3.27840909
489 39.79118100 -4.35617898
490 39.97925414 -2.76894593
491 38.86158665 -4.01420455
492 43.00156642 -2.56640625
493 42.93139228 -1.99478731
494 42.31492443 -3.06903411
495 41.65998558 -1.36832390
496 41.94431933 0.06329414
497 40.56938689 -1.20234375
498 41.76118818 2.00429601
499 41.86839520 2.56001420
500 41.87954686 0.74147727
501 41.04367964 0.54651989
502 38.99796092 2.68465909
503 39.21781148 -1.05468750
504 40.08762147 -0.39950284
505 38.40332917 -0.86931818
506 37.72070109 -1.55965909
507 38.13232770 -1.61079545
508 38.78103412 -2.23721591
509 37.45642243 -5.99744322
510 38.11316027 -5.28063413
511 37.55662596 -7.12233665
512 36.61809832 -6.00852273
513 37.14578733 -3.73018469
514 36.79660467 -4.96661932
515 37.35396040 -2.63352273
516 37.82077614 -4.05305233
517 35.97164138 -5.59943182
518 41.40487055 -8.58771307
519 41.52228255 -7.90056818
520 40.14881628 -7.63018466
521 39.07178239 -9.44424716
522 40.44542676 -8.82102273
523 39.17961460 -8.71875000
524 38.27786799 -8.75710227
525 38.45616396 -8.14605786
526 37.78651514 -8.21377841
527 37.11682336 -8.02050622
528 53.41811574 9.53693182
529 53.42219627 10.26051136
530 54.10970412 10.50852273
531 53.22156721 8.88494318
532 52.92465863 10.23835224
533 54.19078909 7.74715909
534 52.31103030 9.23011364
535 52.92739072 8.61647727
536 51.81558457 9.99715909
537 51.52560913 9.84375000
538 52.22860136 7.79829545
539 53.45891450 8.30965909
540 53.17301616 7.84943182
541 52.74026143 7.87180398
542 53.62196329 6.92897727
543 53.32626505 7.31250000
544 53.09119942 11.12215909
545 53.24864463 12.93238636
546 53.27663018 14.17567388
547 53.62196329 13.98579545
548 54.06913964 12.86079545
549 52.31103030 13.11647727
550 52.78155851 13.67290483
551 52.72486744 12.50603693
552 51.74729723 13.97812500
553 52.27229595 11.45198864
554 50.73495724 10.81534091
555 51.68104149 11.96590909
556 51.32220381 11.62073864
557 51.58366106 12.62045455
558 50.89402617 13.42009943
559 51.23492369 12.80965909
560 50.56783986 12.65625000
561 51.02685716 11.01988636
562 50.50350252 9.82998251
563 50.27482980 10.30397727
564 49.91388129 8.42215909
565 49.89706714 8.20738636
566 51.06849938 9.17897727
567 50.31620788 8.82560373
568 50.41684464 9.45463423
569 49.15391794 8.68039773
570 49.68669659 7.84943182
571 49.27424085 7.40894707
572 49.85984017 6.16033381
573 49.18034673 6.46875000
574 50.02311731 7.33806818
575 50.81842939 6.57102273
576 49.77088782 5.85511364
577 51.19333930 6.67329545
578 51.31804906 6.72443182
579 50.77670053 7.33806818
580 51.53597763 7.64808239
581 51.51956044 7.49414061
582 52.10484889 8.46306818
583 50.90184382 7.84943182
584 51.19333930 8.25852273
585 51.69139639 8.76988636
586 48.45949986 7.84943182
587 47.66236317 7.76633523
588 47.57408227 8.72130682
589 48.58700703 8.87215909
590 48.96876035 9.23011364
591 48.41696905 8.41193182
592 48.41043574 10.47012684
593 47.80402197 9.47940341
594 47.60619136 8.82102273
595 49.30712724 10.55965909
596 49.74195356 9.05113636
597 49.77351788 9.98757102
598 49.81318691 10.98980616
599 47.77187275 11.30720881
600 48.60563523 12.14964322
601 48.65071264 11.20845170
602 48.92640028 11.37784091
603 46.95712732 8.94566761
604 47.26060322 7.54261364
605 46.71492011 7.41157670
606 46.79032098 8.10511364
607 46.18591512 6.05965909
608 46.74724002 6.46875000
609 46.03438636 7.09836648
610 6.78892101 158.02201703
611 46.56129303 9.11186080
612 47.15325826 11.14133523
613 47.34105425 12.91832386
614 47.22035916 9.58806818
615 46.80916449 12.34303977
616 46.99745205 15.39843750
617 47.30619821 14.54829545
618 46.44528148 13.73011364
619 47.99088084 16.28693182
620 47.90549323 15.39843750
621 48.57373100 15.14275568
622 47.86277821 13.93465909
623 47.47770741 16.44034091
624 47.34909664 16.23579545
625 49.81296194 14.29261364
626 50.02311731 15.41761364
627 50.09032199 12.71000874
628 50.76104848 14.89857955
629 49.61298225 13.46164773
630 48.84163740 14.29261364
631 48.74753691 16.29891690
632 49.22262118 16.95170455
633 47.94819411 16.84943182
634 48.54761740 17.83647020
635 47.87345829 18.24289773
636 48.44088787 19.26971964
637 48.43557803 19.99431818
638 48.80983663 20.35994318
639 46.48953965 16.49403409
640 45.92970338 18.30342963
641 47.22035916 18.99715909
642 47.22035916 17.46306818
643 47.26328572 18.38352273
644 46.37238546 17.44389205
645 46.42008733 19.32187500
646 47.72652975 20.20845170
647 46.79616659 21.95010148
648 47.65835170 21.47088068
649 46.14263859 19.76420455
650 46.43459290 20.54322174
651 47.50484236 22.31727274
652 45.67653749 20.77414773
653 45.02294216 21.72336648
654 46.78801344 22.86525973
655 46.24269442 23.01136364
656 45.60014659 23.55809661
657 45.88268716 24.51988636
658 20.71181197 -156.50284091
659 45.67436583 25.03380682
660 45.88268716 25.69602273
661 46.96943711 24.71259861
662 48.17199947 25.37386364
663 47.43485124 25.44034091
664 44.31251992 26.05397727
665 44.72313603 23.15518466
666 44.84906310 23.68382605
667 44.83907599 24.81306822
668 44.96892665 27.07670455
669 44.38377963 27.22052557
670 46.83338793 27.38352273
671 47.39198098 26.05397727
672 46.44528148 26.51420455
673 45.90301389 28.19850852
674 44.56833840 28.17890622
675 45.27419090 29.07102273
676 47.04851234 28.30397727
677 46.02897146 29.23401989
678 45.62223556 29.17329545
679 53.61992662 15.65642045
680 54.12491202 16.88458807
681 52.82142280 15.12035509
682 50.38272940 16.43749998
683 50.91685228 15.61568180
684 50.44470463 17.98082386
685 49.68524451 18.51929857
686 37.67490216 61.69602273
687 51.31804906 14.44602273
688 50.07560007 17.29048295
689 49.56030229 18.28125000
690 54.21026716 18.56929545
691 53.63621892 17.96228693
692 53.39879923 17.02295453
693 54.01401877 19.32729545
694 53.21390262 18.69034091
695 54.64559660 20.16298294
696 53.69831181 20.71022727
697 53.72171505 18.92045455
698 55.27968738 20.83806818
699 52.43456458 17.36079545
700 53.05026914 17.82102273
701 51.89830413 16.33806818
702 49.51814221 23.85511364
703 49.93909821 19.86647727
704 49.56030229 19.91761364
705 49.85502171 22.78125000
706 51.89830413 20.78693182
707 54.01472335 22.72391530
708 52.80438099 19.45738636
709 52.78834278 22.15157543
710 51.89830413 19.45738636
711 50.98520049 22.26988636
712 51.86494420 18.95245399
713 51.04845566 21.17463044
714 49.43377913 21.29829545
715 51.71707265 23.00386362
716 50.40049192 20.17329545
717 51.57107018 18.24299243
718 53.42514322 27.83409090
719 52.69835073 22.87926133
720 44.71630230 7.39346594
721 45.56508360 6.90796232
722 45.66567884 8.10511364
723 44.61922723 8.41193182
724 44.40021905 8.51420455
725 44.14519200 7.93892045
726 45.15979600 9.15980114
727 45.60367741 9.56484378
728 45.24968572 10.02272727
729 45.57877842 12.04261364
730 45.33679541 10.82812500
731 45.09165866 11.62073864
732 45.53530743 11.27556818
733 46.14263859 12.55397727
734 46.17313541 11.38314002
735 46.36698418 11.09659091
736 45.65481932 13.50000000
737 45.62223556 13.26988636
738 44.61922723 10.09943182
739 44.31251992 10.71306818
740 43.92819384 9.91725852
741 44.47080012 11.22712323
742 44.69853305 11.64630682
743 44.03261418 11.84446023
744 43.82094572 10.84410511
745 43.30006199 10.30397727
746 43.77417125 10.14737216
747 43.21168298 11.22443182
748 42.71909026 11.00710227
749 41.74567219 12.55397727
750 42.54712229 11.78693182
751 42.84100976 12.29829545
752 43.47665771 12.86079545
753 42.14693722 13.47443182
754 40.75467331 13.95703125
755 40.54670267 14.89026989
756 40.90906471 16.29332386
757 41.38808998 15.51988636
758 40.51295137 17.22975852
759 38.11519690 15.82031250
760 39.23747371 16.36811080
761 40.44354281 15.59626998
762 37.70495912 12.65305398
763 37.94950800 14.70170455
764 37.22723100 14.45816761
765 39.49701557 8.87215909
766 40.26521782 8.82102273
767 45.96126694 15.16512784
768 45.65879961 14.75770004
769 45.73353121 13.71732955
770 44.79418689 13.68664773
771 45.66024919 15.99289773
772 45.05348705 16.01207386
773 45.23062311 14.54829545
774 44.66298774 15.36647727
775 46.01272547 16.33806818
776 45.63038223 16.62571023
777 45.31774489 17.15625000
778 45.23062311 14.19034091
779 45.28780301 18.05433239
780 43.55825995 16.30227273
781 44.53166507 14.03693182
782 42.45828588 18.07670455
783 44.21406737 18.04474432
784 44.48716061 16.28802562
785 44.51706602 16.69122869
786 44.59870977 18.96200284
787 43.87320490 18.84375000
788 42.94622203 18.07670455
789 43.30375726 17.44323581
790 -14.16945613 29.00326705
791 44.92253287 19.62997159
792 45.01257718 20.32670455
793 44.85974009 18.06072443
794 44.22476610 19.45738636
795 44.09303293 21.80965909
796 44.07161469 21.09502841
797 43.60741555 20.70678830
798 43.12324995 21.65625000
799 42.92142092 22.20596591
800 42.46383973 19.70987216
801 -17.73986487 -149.69374998
802 42.47161476 20.80994318
803 42.48605301 20.09019886
804 43.21168298 19.74183239
805 40.78724874 22.15738636
806 41.73323895 21.07238922
807 41.79031036 22.24112216
808 41.62005626 23.17116477
809 42.43051352 22.96342330
810 43.52077279 22.62784091
811 43.20993324 26.12258519
812 43.08205490 24.85035511
813 40.40039406 22.47443182
814 43.03476295 26.97443182
815 42.10240545 24.16193182
816 42.01330194 25.08238636
817 42.51570591 27.15910333
818 44.66298774 27.69034091
819 41.43283405 23.95738636
820 40.58044663 21.14488636
821 40.12992457 22.06534091
822 40.47694190 22.79403409
823 41.11934857 23.59943182
824 39.44746312 20.41054691
825 41.25377858 24.87784091
826 39.54230720 19.61079545
827 38.05160711 20.34511364
828 41.55022436 26.43110795
829 40.95675435 25.11434659
830 41.38249604 26.14985795
831 38.99796092 20.01988636
832 39.40639373 22.16761364
833 39.25051750 21.49644886
834 38.04094299 23.54829545
835 38.41187986 22.67897727
836 38.77060679 21.55397727
837 38.55432590 21.18323864
838 38.43011985 23.71448864
839 37.21852382 22.24303977
840 37.64054476 22.68217330
841 39.81378654 20.83806818
842 37.44572032 21.50284091
843 37.60904432 26.54936080
844 39.13422035 26.00284091
845 36.94243948 25.27926136
846 36.05720293 27.61779119
847 35.22992498 23.65056818
848 35.01495033 24.72123580
849 41.11934857 19.66193182
850 42.18032730 19.42542614
851 41.29856224 24.31534091
852 40.48200624 19.65873580
853 39.99225671 19.79488636
854 35.77202944 14.22869318
855 34.95564221 33.15937500
856 39.76857223 42.00852273
857 35.16894461 33.58700284
858 41.02069129 26.75795456
859 40.67039459 26.56534091
860 40.87483126 28.60312500
861 40.93992440 28.91761364
862 40.72658551 30.07457386
863 40.03119961 29.55042614
864 39.48116046 28.24261364
865 39.99451454 26.20738636
866 40.17221627 28.57244318
867 36.80235986 28.76420455
868 39.40365543 30.79506395
869 38.58336971 26.94886364
870 38.85846006 29.45071023
871 38.00380358 28.68590199
872 37.44572032 27.64879261
873 37.64779861 32.73153412
874 37.65581562 29.85937497
875 36.56047630 29.83487216
876 39.76857223 32.65056818
877 39.65161461 35.00411932
878 38.87295556 36.81818182
879 39.69871589 38.82386362
880 41.87954686 34.90056818
881 40.94291650 31.50948150
882 40.77152353 39.25035511
883 41.12102968 36.52851559
884 40.62523659 38.67165834
885 40.49719826 42.53011364
886 40.93992440 42.41761364
887 38.86973442 41.60113640
888 38.90535256 39.26931822
889 37.45158108 38.22258523
890 39.00080083 43.35085227
891 37.92206771 41.84989343
892 37.79776774 43.44886360
893 37.94464911 39.51381395
894 37.03240979 35.97443182
895 36.38172644 33.01171875
896 37.32431894 34.93945309
897 35.81370616 37.09708803
898 36.99792196 37.15376420
899 36.78893076 38.37784091
900 36.36441832 36.09588068
901 36.48842185 39.33025568
902 33.31423660 36.12102269
903 34.50380381 37.11988636
904 35.86135223 39.88444602
905 35.11607831 36.01789773
906 32.54650207 36.28380682
907 34.58132423 38.86938920
908 31.17824989 36.53245739
909 31.33751851 35.68380678
910 32.29601236 37.97002841
911 29.77176772 37.38920451
912 34.03566099 36.07670455
913 33.99474479 35.57492898
914 34.43849818 35.92329545
915 33.25086419 35.30646307
916 32.67780790 35.08593750
917 31.61840532 35.00284091
918 32.05878636 35.12109375
919 31.69650286 34.51193182
920 31.24525263 34.24218750
921 30.60596402 34.64914776
922 29.50393784 36.18217330
923 36.15658710 42.87784091
924 36.90592048 42.40482955
925 34.73228842 44.56629972
926 33.00147482 44.29431818
927 33.98071432 42.98267045
928 36.35057059 43.67045455
929 32.46873701 43.79829545
930 32.55219581 45.53671878
931 32.85078484 40.19701705
932 30.36299568 47.56640625
933 30.43601488 46.52215906
934 31.43053244 44.67954549
935 29.16354787 47.74551136
936 53.74409622 24.57102273
937 53.07543542 24.06174244
938 53.82544497 25.44034091
939 53.13211509 25.54261364
940 51.89830413 23.54829545
941 52.64016385 26.61647727
942 51.64997133 25.59375000
943 53.98309446 32.68853182
944 53.44293671 29.53125000
945 54.74542342 30.21697212
946 54.27181539 30.45170455
947 53.54046815 26.66761364
948 52.74629302 28.28670453
949 51.98096561 30.70738636
950 48.42831196 22.91846594
951 49.18298930 23.14879261
952 48.92640028 25.95170455
953 48.71438625 24.26420455
954 48.84163740 28.09943182
955 48.92640028 26.82102273
956 50.53389670 26.01998663
957 51.16610359 24.29616477
958 50.06563007 30.33409091
959 50.09605883 28.19331235
960 49.57535599 29.43299511
961 48.77600551 30.12538203
962 51.31804906 31.62784091
963 49.98111494 32.90625000
964 45.05621394 34.08238636
965 46.37238546 33.08203125
966 45.15162130 35.79545455
967 44.49607728 33.34730114
968 46.66103609 30.86079545
969 47.17741853 28.96875000
970 46.89527211 32.23508523
971 47.77730575 32.95738636
972 49.35267700 33.98634240
973 46.91947978 35.20738636
974 48.10393224 34.26886365
975 47.22035916 37.04829545
976 47.56337748 37.86647727
977 51.51316574 35.61903409
978 49.77088782 36.07670455
979 47.81898064 39.91736506
980 49.51814221 38.83806818
981 64.15540600 42.05965909
982 68.95078906 29.54627131
983 63.20203301 31.01420455
984 65.72050266 31.88352273
985 65.97271379 47.27556818
986 67.32933931 52.18465909
987 62.05513851 47.41363636
988 63.06653603 35.43334517
989 59.18011569 39.94312500
990 59.91695918 46.90642756
991 59.94014700 42.07500000
992 59.70097298 36.25568182
993 61.17099370 37.71306818
994 59.64325482 30.04261364
995 62.00920696 33.17013491
996 59.12615968 29.16914063
997 58.37476390 28.68270597
998 56.23859012 36.53693182
999 55.67842924 33.09460231
1000 56.78058762 34.34936083
1001 57.23234931 39.11249997
1002 48.54451885 117.84375000
1003 57.67081283 30.67574574
1004 59.72020496 33.77556818
1005 56.35785571 30.86079545
1006 57.43919368 29.07400572
1007 55.76930032 30.26789775
1008 55.60026481 37.35511364
1009 55.62413678 35.86670453
1010 54.44473661 36.31278784
1011 53.51614409 37.27465911
1012 54.39021068 39.58401989
1013 55.67484021 40.75056818
1014 54.17407011 34.49882812
1015 53.10015097 34.29012784
1016 52.35222295 32.03693182
1017 52.65217451 35.11512123
1018 50.52602448 36.33238636
1019 51.44769871 38.92304184
1020 56.19880540 44.71875000
1021 54.10564833 41.76562500
1022 56.89514659 40.31028409
1023 57.42526382 41.65056818
1024 58.25452013 42.81392045
1025 52.26735021 41.17090909
1026 59.68173730 56.17329545
1027 57.85704353 44.92329545
1028 58.22728328 48.53160511
1029 56.63183772 52.77376810
1030 55.54081758 49.53146027
1031 56.65741950 50.42045455
1032 55.68026187 47.83806818
1033 53.45891450 44.00284091
1034 51.94939475 49.93648052
1035 53.62196329 45.07670455
1036 46.22539279 47.13100139
1037 51.50931528 43.82843850
1038 50.90184382 46.25284091
1039 49.56030229 42.26420455
1040 49.31205497 44.98721591
1041 46.66103609 44.15625000
1042 55.17755634 54.00415483
1043 52.23140754 52.73171407
1044 52.16837435 53.31210934
1045 48.84163740 42.16193182
1046 47.13446385 41.85511364
1047 47.09149512 39.96306818
1048 46.27242637 38.83806818
1049 44.77232895 37.78114347
1050 44.57417608 42.78899148
1051 44.09156855 39.38386362
1052 41.68706447 47.87002841
1053 42.32493090 46.55965909
1054 43.03476295 43.90056818
1055 42.84036988 45.65776889
1056 43.87320490 43.23579545
1057 43.99048888 46.41903409
1058 57.49751520 59.06633523
1059 54.63865060 59.79705259
1060 51.83023703 58.57990057
1061 56.77951583 67.27670458
1062 62.90355575 61.04254265
1063 57.43570960 84.31139076
1064 55.09924326 73.50808607
1065 61.20888338 70.44034091
1066 58.52057328 67.62208807
1067 52.84539882 83.99147727
1068 50.87939066 85.62077315
1069 62.58872320 122.24786932
1070 61.32246353 85.01420455
1071 26.58902110 55.35511364
1072 61.51996399 139.74172589
1073 64.98274751 158.74133523
1074 53.70134233 157.21443082
1075 52.70014722 103.10529119
1076 54.21105116 96.54545455
1077 56.35785571 91.25284091
1078 52.97485104 113.84254258
1079 52.04636478 118.49914769
1080 53.94735825 133.90056818
1081 53.90673514 122.19034091
1082 43.82919845 131.80397727
1083 46.61791314 135.94602273
1084 52.35222295 138.55397727
1085 51.07668733 130.49625002
1086 52.16313198 142.24410511
1087 48.59019307 142.46846591
1088 45.78462432 149.76487923
1089 43.70838590 145.30834514
1090 42.12727070 44.67741474
1091 42.23039835 43.84623580
1092 42.05591120 42.82009947
1093 41.27990397 43.43181816
1094 42.39995789 41.88387784
1095 42.59152040 41.49396307
1096 41.52228255 42.00852273
1097 -20.96778631 164.57599432
1098 40.03966418 44.56534091
1099 40.67039459 44.76988636
1100 39.04339351 46.04829545
1101 38.99796092 45.53693182
1102 39.67810488 48.86079545
1103 41.17817628 47.92436080
1104 40.81738428 46.97301140
1105 39.90417641 46.15056818
1106 40.58213364 45.83991477
1107 39.54985453 48.51988640
1108 37.44572032 46.50852273
1109 37.48699604 44.88221593
1110 38.04094299 44.25852273
1111 36.58640858 45.95880682
1112 38.17700298 47.79000557
1113 36.84839450 49.78125000
1114 36.48842185 50.40447443
1115 36.30094054 52.33806818
1116 37.41141178 55.50213068
1117 35.02786893 46.29545453
1118 35.91342040 45.99559657
1119 33.86102301 45.91292615
1120 33.21858315 48.75532670
1121 35.55770320 51.07297582
1122 34.55432210 48.40823864
1123 35.93009826 48.42975856
1124 36.11036890 49.73011364
1125 34.65881201 50.35781250
1126 35.01146215 53.61903409
1127 32.34584095 51.00468750
1128 33.95528142 49.46324574
1129 33.51770779 53.04279119
1130 32.03162306 54.80092330
1131 31.37563759 48.14488636
1132 30.46418396 48.54119318
1133 32.68290922 47.10532674
1134 30.72209274 50.25255678
1135 28.50341043 52.76569602
1136 28.80943919 50.70809659
1137 30.69811918 53.03267049
1138 27.26611835 52.54261364
1139 29.90555821 55.35607244
1140 30.66938702 57.24715909
1141 26.54361159 54.59765625
1142 27.10608562 56.31392045
1143 28.19997229 57.63963068
1144 27.31118982 60.60426136
1145 25.82502239 57.10333807
1146 25.29612877 60.54865057
1147 35.75253832 59.61605114
1148 32.70429391 58.93465909
1149 36.01789602 57.34943182
1150 37.39984658 57.29829545
1151 21.31040242 40.19744322
1152 21.40381395 39.04261364
1153 25.25525063 38.41054691
1154 28.36826536 35.24446023
1155 18.27805385 42.77556818
1156 29.51051309 39.03835224
1157 23.20503995 48.26154119
1158 28.32620377 44.92329545
1159 22.50034226 43.37897727
1160 27.00437361 41.38210227
1161 17.44924038 46.43778406
1162 26.03869523 50.25426136
1163 26.55602437 49.25550426
1164 24.20451361 50.75284091
1165 25.23242502 51.24662642
1166 23.49775983 57.93110795
1167 24.28109480 54.34389205
1168 25.13826064 55.28267049
1169 24.05699238 56.39573864
1170 22.12943747 57.34644883
1171 22.10686232 58.98355824
1172 19.13477863 55.19531250
1173 14.74349508 48.37691761
1174 17.02350889 53.83380682
1175 15.85924061 51.49184661
1176 14.06809858 46.55965909
1177 12.32217204 53.58068182
1178 13.35588279 43.77656250
1179 14.24016236 43.06960227
1180 16.09627639 45.61619318
1181 50.18058566 70.75557532
1182 46.86032684 52.23779576
1183 47.43413688 59.37315341
1184 52.98679836 71.65994318
1185 43.66074830 72.78664776
1186 43.97363532 75.77311786
1187 49.92539224 80.85938119
1188 46.43448458 80.25479407
1189 41.75404286 73.41200284
1190 41.54854799 76.47698864
1191 42.34827671 60.18345174
1192 43.24851416 58.76420451
1193 44.62551865 65.74580969
1194 44.14208127 53.90539773
1195 40.71179058 68.94087361
1196 41.64742155 58.93721591
1197 42.54712229 68.80397727
1198 39.63200325 64.09090912
1199 39.62945738 66.05028409
1200 38.33585816 66.85014201
1201 40.31122847 69.64879265
1202 40.73220348 71.36846591
1203 39.79057816 71.20738636
1204 38.37995501 55.76036932
1205 39.40639373 57.60511364
1206 38.42631999 64.49701705
1207 38.86158665 70.13352273
1208 38.63404165 72.94602273
1209 34.53178487 68.34375000
1210 36.72196153 70.80042610
1211 36.38749543 69.21306818
1212 33.97136009 61.03125000
1213 33.55384473 65.85511367
1214 31.66682538 62.24509943
1215 31.13821507 65.60206210
1216 34.86218299 70.21896310
1217 32.66897843 67.84517045
1218 32.56299373 70.18465909
1219 30.47906049 66.91193182
1220 28.75846342 62.46306818
1221 28.08670526 66.37904826
1222 25.56892086 66.54406960
1223 36.03755057 71.83764205
1224 33.44394771 75.02716616
1225 35.54669030 74.61306818
1226 33.36233869 77.90625000
1227 30.95455177 72.69034091
1228 29.42920513 70.28693182
1229 32.27979325 74.01690337
1230 33.08059401 72.79261364
1231 28.56645045 71.36079545
1232 31.94952018 71.97443182
1233 31.10640023 77.54309657
1234 30.96690006 76.00500000
1235 32.44610868 76.33704544
1236 28.40855703 75.96409091
1237 29.30120331 75.39008523
1238 29.76977768 79.35191765
1239 28.55084218 78.51477273
1240 27.45922097 77.90625000
1241 25.61846024 79.27414773
1242 27.39637941 80.33821026
1243 25.24530909 81.36210937
1244 26.05568404 81.89488636
1245 23.95995908 82.96875000
1246 25.95858942 83.22443182
1247 26.04961674 85.13565341
1248 24.25339775 84.60511364
1249 22.97954344 84.70738636
1250 24.49768371 86.75284091
1251 22.19274107 88.33806818
1252 26.58902110 88.54261364
1253 23.20411993 87.52244318
1254 24.50622964 90.57144886
1255 24.77579238 88.94691051
1256 23.37212739 89.00284091
1257 22.93043178 90.74147727
1258 25.76489391 92.43888494
1259 24.25339775 93.45170455
1260 27.12823499 94.23686076
1261 20.20956384 85.91931818
1262 20.98805739 85.24738636
1263 20.23293982 82.28147727
1264 26.10421709 74.37784091
1265 26.94231801 71.02585227
1266 26.15274061 72.23011364
1267 28.90775952 73.62805398
1268 27.42302630 75.88881389
1269 24.35102723 73.88740023
1270 25.00080793 77.61796875
1271 23.25195720 75.25823860
1272 23.12682702 77.95738636
1273 24.54651386 79.49147727
1274 23.95995908 81.94602273
1275 22.83463950 79.67130678
1276 22.07884625 77.38018466
1277 21.06881951 79.47943895
1278 20.42735718 77.14090913
1279 19.73114150 81.18792614
1280 21.17198130 81.33142756
1281 22.33919991 82.05340909
1282 21.79853898 83.32670455
1283 17.58296293 78.15926843
1284 18.76372137 75.78899151
1285 18.88658775 78.37414773
1286 16.12844441 76.67897727
1287 17.65703593 79.64499293
1288 24.83605267 68.03088070
1289 27.31440885 67.52556818
1290 24.23091216 71.85681818
1291 22.66713009 72.26394888
1292 22.33714916 73.66602273
1293 23.62129363 69.36647727
1294 23.64268685 72.91968750
1295 23.24606998 72.23914774
1296 20.55589896 73.19914773
1297 17.71060469 73.10735795
1298 20.68459464 74.23167610
1299 16.87076275 75.12332385
1300 18.16338885 74.00454545
1301 16.34895615 73.92340907
1302 16.09351896 75.17965909
1303 15.32558076 73.66193182
1304 12.93343700 79.22556818
1305 19.42263929 84.50284091
1306 16.52928429 80.87215909
1307 14.93048820 79.53345174
1308 14.62015154 77.92244315
1309 10.72130535 79.13224432
1310 9.00697367 77.54829545
1311 11.13808678 77.29261364
1312 10.73271050 79.59375000
1313 12.97824286 77.32223008
1314 12.50411116 76.41051136
1315 14.01300366 75.62428977
1316 15.33529122 74.79715909
1317 11.19190501 76.01612216
1318 10.18443481 76.24798297
1319 9.10860872 76.67897727
1320 11.69400873 92.38704545
1321 6.49502439 79.85880685
1322 8.34600668 80.00284091
1323 6.76768864 80.76988636
1324 6.58719503 81.52521310
1325 1.71294059 73.30397727
1326 27.82246547 84.27715911
1327 28.62039067 80.60454547
1328 27.19668346 88.32208807
1329 27.56998215 90.10482955
1330 16.32891464 95.59943182
1331 17.22976944 94.88352273
1332 17.94143303 96.15681818
1333 18.83423228 96.31534091
1334 22.14349469 95.34375000
1335 20.45810469 95.89026989
1336 20.36523414 94.21875000
1337 18.83526913 94.98579545
1338 20.64995098 97.90312500
1339 21.96038986 93.87805398
1340 23.13643871 97.21917614
1341 26.87944009 97.84943182
1342 24.86368849 96.06221591
1343 16.67949483 97.69602273
1344 12.09971737 98.76988636
1345 20.00732764 93.06434659
1346 13.53892113 100.24005682
1347 14.67213398 100.55965909
1348 15.55624892 98.89133523
1349 16.27880647 100.50852273
1350 15.47623546 101.63352273
1351 13.60194932 101.22443182
1352 8.41721526 98.15369318
1353 12.85559582 99.33078835
1354 8.73397133 99.37755685
1355 18.71497752 98.06889201
1356 20.51639292 102.31374293
1357 18.59754930 103.44311080
1358 16.92971726 102.80965909
1359 14.75072485 103.49936080
1360 19.59234060 100.56732955
1361 16.92919617 105.29786935
1362 15.17487275 106.44034091
1363 14.49174178 105.39620028
1364 11.08742983 105.39715909
1365 12.70619150 101.78693182
1366 12.60873970 103.14801133
1367 10.80652202 103.78860085
1368 12.96246660 106.71946026
1369 20.73964544 105.99928977
1370 20.48245289 105.34602273
1371 22.28505565 105.03281250
1372 21.20358185 103.61846587
1373 21.50830199 106.14588065
1374 19.33289041 104.75955256
1375 15.51389075 107.65355114
1376 17.88405151 105.95273441
1377 15.92787475 107.87215909
1378 13.55614962 107.84296872
1379 13.33055459 108.78909801
1380 10.76481278 106.69857955
1381 11.61910734 107.57045455
1382 10.20870186 104.89346591
1383 9.66617713 105.67979407
1384 1.25279099 103.57670455
1385 2.00263697 103.30610799
1386 2.22926418 102.07329545
1387 2.98409090 101.61530540
1388 4.26791185 100.40625000
1389 6.00302528 100.09943182
1390 3.59817777 102.30170451
1391 4.21684554 102.91193182
1392 6.22398605 101.10511360
1393 4.42110051 113.90625000
1394 1.35590259 111.48323860
1395 2.59632410 113.69051847
1396 6.30895866 116.87215909
1397 5.15086055 117.06274861
1398 -1.73424255 102.88210224
1399 -3.16709107 103.96278409
1400 -0.31800345 102.05806111
1401 1.09545665 100.95340909
1402 -0.23011333 104.39488636
1403 -5.06601519 104.76178977
1404 -2.93969586 107.66761364
1405 4.68276095 96.37127131
1406 3.48259216 98.14666193
1407 3.55496702 97.05436793
1408 -0.12784086 100.04829545
1409 2.17303494 99.63920455
1410 -4.13960457 102.73487216
1411 -1.49309732 98.72748583
1412 12.75669924 44.66761364
1413 -6.34400787 105.95774148
1414 -7.02244577 107.05397727
1415 -7.07657279 108.70632102
1416 -7.67811953 109.41903409
1417 -7.02881381 110.46839492
1418 -7.24848459 111.63707386
1419 -7.93261681 111.18004261
1420 -8.09163798 112.83238636
1421 -7.14682703 113.11576701
1422 -0.88368277 113.70266335
1423 -3.15303926 115.04360792
1424 -0.06370741 115.87691761
1425 1.70559137 117.29296872
1426 -0.13529827 109.71690341
1427 -2.25972128 111.96455962
1428 -0.50283772 111.16619315
1429 3.28684689 116.21154119
1430 -5.45574619 119.66974435
1431 -4.39610200 119.72514201
1432 -2.31935652 119.16147017
1433 0.77768696 124.16303270
1434 -1.66756694 121.14779830
1435 0.68351459 120.67776992
1436 -2.88859256 121.11647727
1437 -4.16237300 122.06676140
1438 -8.42865889 114.70845170
1439 -8.68291792 120.32705966
1440 -8.79412947 117.03835227
1441 -9.84502368 119.83050430
1442 -8.70198393 116.10511364
1443 -10.12414370 123.72443182
1444 -8.34600668 124.54261364
1445 -9.48326267 124.51491476
1446 -9.09463475 125.17191051
1447 -1.91743466 124.33806818
1448 0.51711297 127.61676138
1449 -3.75717580 127.76420455
1450 -3.23351651 128.87642045
1451 -7.56569228 131.26988639
1452 -1.86631224 136.04829545
1453 -2.02393728 133.57244322
1454 -3.43597274 138.90191758
1455 14.66794204 121.06321026
1456 16.75072035 120.97531964
1457 13.80106390 122.61051133
1458 12.78321381 120.88252841
1459 9.12690151 117.89693182
1460 11.12120158 122.16519890
1461 12.09971737 124.74715909
1462 7.48083182 124.23579545
1463 8.15184592 125.23892042
1464 6.51286452 121.78125000
1465 48.30312937 105.56335227
1466 43.88631250 104.61669034
1467 47.86790476 112.75977273
1468 45.29633260 98.54509940
1469 51.53597763 93.72017045
1470 30.62372442 116.22494316
1471 30.05019674 116.87215909
1472 32.93809742 117.09108665
1473 29.63385182 117.89488636
1474 31.54442152 116.68678977
1475 30.84508688 118.39197447
1476 32.85431339 118.02592330
1477 32.32726727 118.04829545
1478 33.01038717 115.75685373
1479 41.65284617 123.73313717
1480 41.28505388 121.44656250
1481 38.95478815 121.40795455
1482 25.83716780 119.40085227
1483 27.39104970 117.92652699
1484 25.18047653 118.09943182
1485 23.91281606 120.49107955
1486 25.83506266 117.00843750
1487 24.29494222 117.23650568
1488 39.89852856 95.76306818
1489 33.31247654 105.07883523
1490 36.85990124 102.35795451
1491 38.13784728 106.13799716
1492 35.92537460 105.57102273
1493 23.19185264 113.35355110
1494 23.86564436 115.92805398
1495 21.50254377 109.87159091
1496 22.06653064 113.96697443
1497 22.09424003 113.59943182
1498 22.09670296 113.29261364
1499 19.16171121 109.41477269
1500 24.94129681 113.20994322
1501 21.89467425 111.66818185
1502 22.88131158 107.71875000
1503 24.17028940 109.07002841
1504 22.83218286 109.96875000
1505 26.98342155 106.74852274
1506 25.61846024 105.00852273
1507 25.78372357 108.33494318
1508 33.63000272 113.57684663
1509 34.40350353 114.98948867
1510 33.97136009 110.63352273
1511 35.13118454 112.94424716
1512 33.40925591 114.57102273
1513 32.91801212 113.12375707
1514 32.78196547 113.83593750
1515 35.46900112 113.47286932
1516 31.00204115 113.95738636
1517 32.05918004 113.09126420
1518 31.14622315 115.06832386
1519 30.43145190 112.62784091
1520 29.77176772 113.00454542
1521 30.43938738 110.17329545
1522 30.08060312 114.59659091
1523 32.15914038 110.43536932
1524 28.20117482 111.37787642
1525 29.37298926 111.18451705
1526 26.54058399 109.91761364
1527 25.81287639 113.19034091
1528 28.66247748 113.49715909
1529 28.18193351 109.71306818
1530 25.88574355 111.22159091
1531 -4.47215991 152.66761364
1532 40.31028958 108.84375000
1533 45.79592547 122.29261364
1534 43.56487432 115.49147727
1535 40.44542676 103.26988636
1536 33.64366883 119.07102273
1537 31.71306513 119.78693182
1538 31.07028800 121.48401989
1539 31.29860198 120.89595170
1540 31.57105880 121.16761364
1541 32.13848340 119.73579545
1542 34.11162449 117.79261364
1543 32.86901495 120.13210227
1544 31.63024022 119.40980114
1545 28.75846342 114.51988636
1546 28.46557795 117.66690338
1547 27.19255701 114.51999293
1548 27.86712860 116.43707383
1549 29.51918016 115.27798295
1550 25.91002787 115.33806818
1551 28.42233308 116.61647727
1552 47.54924580 127.90994318
1553 49.64457948 125.36079545
1554 45.12164324 130.28522727
1555 44.57545301 126.74147727
1556 37.54029559 91.77251420
1557 35.83280472 97.69602273
1558 34.54169380 91.36555394
1559 34.88341911 107.81377844
1560 -6.46189188 139.67897727
1561 37.61916332 109.42446733
1562 33.40925591 107.25852273
1563 36.97642196 116.53457594
1564 35.14117721 115.73335227
1565 36.97201322 120.49568182
1566 36.06413853 119.99147727
1567 36.95116074 118.28053974
1568 35.66343108 116.89142047
1569 37.39984658 121.83238636
1570 37.72642507 117.75426136
1571 35.46204224 117.94602273
1572 38.23602641 112.08984372
1573 37.27554274 111.42613636
1574 36.62040280 112.48977273
1575 35.92537460 111.29829545
1576 40.85013354 114.98011364
1577 29.64277280 107.67528409
1578 30.47906049 103.83238636
1579 32.16995982 106.02272731
1580 29.94543052 103.30951705
1581 31.81950433 108.20880685
1582 32.93956699 100.91761364
1583 30.52665832 107.00284091
1584 31.23932407 104.44602273
1585 28.48291649 103.99314840
1586 31.76037839 98.97443182
1587 30.48302742 91.22343750
1588 31.89279635 93.75085227
1589 30.25967409 89.05269886
1590 28.87608996 91.04147724
1591 33.37387361 81.92066758
1592 31.23932407 82.55965909
1593 27.52606584 93.13444606
1594 38.17800118 78.67329545
1595 43.65303668 80.97443182
1596 45.93688499 86.47159091
1597 40.76029025 78.72443182
1598 38.14087352 81.42041526
1599 42.14693722 93.29829545
1600 41.92748952 87.48664773
1601 26.49213722 103.01420455
1602 24.25339775 99.58806818
1603 22.42337003 100.89556108
1604 29.63022753 119.07848015
1605 30.72585689 119.75816761
1606 30.82687009 121.31463068
1607 29.10654528 119.16136365
1608 29.90704983 121.98579545
1609 29.81156543 121.01420455
1610 28.71047559 120.86079545
1611 27.52331202 119.85826705
1612 38.87522924 114.93281250
1613 42.10267023 117.84240598
1614 36.06847315 114.98938210
1615 37.47476728 115.19659094
1616 39.57249445 116.06249997
1617 38.22366206 116.41193182
1618 38.13232770 113.75284091
1619 38.90705749 125.66761364
1620 40.03966418 124.49147727
1621 39.76857223 127.40625000
1622 41.56698696 129.50284091
1623 40.80521845 129.19602273
1624 37.44572032 126.89488636
1625 37.85802282 126.48579545
1626 37.94950800 125.66761364
1627 38.54293477 125.71875000
1628 37.30806180 126.58806818
1629 39.04339351 127.25284091
1630 37.62909074 128.73579545
1631 36.29516868 128.07102273
1632 35.09051105 128.94034091
1633 35.74018646 128.48011364
1634 35.74018646 129.04261364
1635 35.69385921 127.04829545
1636 36.34133816 127.04829545
1637 33.36233869 126.48579545
1638 34.47640158 132.39843750
1639 34.87537104 133.61612216
1640 34.24010772 131.47159091
1641 35.87909571 132.77556818
1642 41.98358896 140.18267045
1643 43.21168298 141.77556818
1644 43.34423122 144.33238636
1645 36.98469979 139.00973011
1646 36.23820950 136.45568178
1647 35.67522837 136.70092330
1648 36.69009888 137.75497159
1649 35.62280069 139.65625002
1650 35.48987616 140.09190341
1651 35.21250412 138.87997159
1652 35.96585869 139.04296875
1653 36.77166329 139.78125000
1654 26.96810928 141.95937498
1655 34.71821659 135.43465909
1656 34.27902456 136.18039776
1657 34.81136146 135.53693182
1658 33.86024299 135.56250000
1659 35.16023145 134.47585227
1660 33.54017205 130.54644890
1661 32.62482511 129.62109375
1662 31.23932407 130.67897727
1663 32.19985786 131.17755682
1664 33.17455481 131.03693182
1665 33.40632392 132.98330966
1666 33.14813297 132.35369318
1667 33.70808168 133.96768466
1668 38.26931034 140.59943182
1669 37.11055645 140.28622159
1670 40.06223414 141.13636364
1671 40.17653881 140.21516332
1672 40.58044663 140.13920455
1673 38.70992526 139.96874997
1674 36.15552810 138.36008526
1675 34.85791611 136.76420455
1676 35.48291808 138.50923295
1677 35.76064379 137.53764205
1678 26.06518921 127.51150572
1679 28.07878446 129.12464485
1680 33.72564501 -5.04971591
1681 34.63085026 -5.81036932
1682 33.71988835 -5.89080252
1683 33.44736765 -4.09410511
1684 33.78417767 -3.14488636
1685 33.45616159 -7.08238636
1686 35.61971053 -6.14147727
1687 34.99750877 -5.34375000
1688 34.82009136 -4.78125000
1689 35.18346561 -3.19602273
1690 31.49449189 -8.52826705
1691 33.19216736 -7.81107955
1692 32.51587103 -6.41761364
1693 31.17923832 -9.85397727
1694 28.58355827 -10.45610795
1695 29.09408897 -10.35511364
1696 27.64915119 -12.41335227
1697 32.91840408 -3.40056818
1698 32.15028765 -5.45880682
1699 29.76579744 -8.04012781
1700 36.57776492 2.65589489
1701 36.66418213 4.83238636
1702 35.81833631 5.03053977
1703 36.57200224 3.91193182
1704 35.55480514 -0.89488636
1705 35.57335194 -0.51647727
1706 36.36153347 3.03302557
1707 34.96523748 0.73828125
1708 35.65447157 6.71846594
1709 36.83228378 7.36619318
1710 35.01979488 6.47322443
1711 33.51337090 3.22977273
1712 32.97973096 5.14825998
1713 35.69385921 2.63352273
1714 -25.82745152 -68.24147727
1715 31.32515292 3.86309659
1716 28.42233308 -6.31534091
1717 22.68351675 3.69204545
1718 36.35576362 5.06569602
1719 25.75148958 4.88045455
1720 29.77475281 1.13725145
1721 36.45670843 6.41761364
1722 31.20058660 -2.52826701
1723 9.00062101 -79.91974432
1724 60.21408843 -1.54295453
1725 36.52589390 10.40625000
1726 36.89441683 9.33238636
1727 34.57841052 8.71875000
1728 34.71821659 10.09943182
1729 33.21447427 8.34098011
1730 33.70121200 9.79107955
1731 32.75137127 13.01420455
1732 31.11419143 10.45855820
1733 32.55847826 11.99509947
1734 31.12170552 15.73508526
1735 31.71306513 19.96875000
1736 32.50467772 20.89325281
1737 29.62046962 21.34943182
1738 21.94642649 22.01420455
1739 15.65862298 28.18934662
1740 30.62598400 15.61832386
1741 26.63744853 18.84375000
1742 27.77508301 10.65767042
1743 52.80438099 6.92897727
1744 21.15684896 19.09943182
1745 29.54876515 31.20596591
1746 31.10588609 30.51242898
1747 30.14557474 29.78693182
1748 30.87141914 31.00781250
1749 30.52665832 31.78125000
1750 29.89511660 30.69140625
1751 30.52665832 29.48011364
1752 30.71694161 27.79261364
1753 31.04951961 26.30965909
1754 27.84284098 25.84943182
1755 30.81201828 32.24147727
1756 30.66938702 32.95738636
1757 29.45790552 33.00085227
1758 23.11864661 26.65022727
1759 29.33440724 24.07148438
1760 27.79235066 28.56477273
1761 23.16056861 30.42613636
1762 26.54058399 31.32102273
1763 28.56344894 30.82883523
1764 28.04659725 30.59552557
1765 29.47404783 30.11612216
1766 22.34043035 31.54261367
1767 25.03431497 32.44602273
1768 23.86207509 32.70170455
1769 25.93127472 32.02414773
1770 26.90181201 32.74580966
1771 23.19430614 34.52823153
1772 28.80644094 31.73011364
1773 26.93526518 -13.20500710
1774 22.68474572 -14.90625000
1775 20.45583481 -15.99588072
1776 16.77960316 -15.82670455
1777 13.91066727 -10.94957386
1778 15.87771693 -13.26988636
1779 20.00174835 -13.39080259
1780 41.50886864 20.46136362
1781 17.07977285 -8.87215909
1782 24.03762926 -9.95752841
1783 14.62182852 -17.71875000
1784 15.72720681 -16.49147727
1785 13.21104266 -16.95170455
1786 14.97384664 -16.79829545
1787 14.72243374 -15.57102273
1788 13.86657703 -15.82670455
1789 16.12844441 -14.80397727
1790 14.28526604 -13.73480110
1791 13.12241489 -13.93114347
1792 12.92485402 -14.69019886
1793 13.60194932 -15.37926136
1794 13.14764861 -8.76093750
1795 12.80299359 -11.04119315
1796 14.47087824 -10.61079545
1797 13.16058039 -9.43465909
1798 10.46230923 -8.05397727
1799 12.07632900 -7.27542614
1800 13.51202656 -7.39857958
1801 14.67213398 -5.95738636
1802 16.29738901 -4.90610792
1803 13.81618312 -5.03693182
1804 14.02465284 -3.12890625
1805 16.40782226 -1.91761364
1806 17.47963139 32.44602273
1807 16.57936085 2.53125000
1808 14.46280520 1.53014911
1809 13.87812484 0.71015625
1810 13.82878210 3.45681818
1811 15.03667732 3.95028409
1812 16.82860511 6.82372156
1813 18.77616552 6.62215909
1814 17.52958376 12.86079545
1815 14.77272780 10.91761364
1816 13.71023340 12.14030536
1817 19.51288146 26.38210224
1818 9.57213408 16.50426136
1819 9.27119488 14.44090909
1820 10.58062437 15.21306818
1821 11.46935906 22.05958807
1822 10.60639720 20.83039773
1823 11.12690038 17.56427553
1824 11.33434106 15.89573864
1825 13.55993141 14.69030543
1826 16.47920137 18.38352273
1827 15.77738295 32.39488636
1828 14.82102564 32.88153406
1829 13.93585985 34.96129261
1830 12.32343572 34.24090909
1831 13.50456729 32.49204545
1832 10.93543296 32.39488636
1833 19.96868394 35.77627841
1834 21.94642649 35.76988636
1835 20.59632823 30.19602273
1836 20.46119990 33.05007102
1837 18.23817455 33.72528406
1838 15.47623546 30.96306818
1839 10.32706463 28.35511364
1840 11.75700924 31.74960938
1841 10.91326351 25.50266335
1842 11.94799113 23.59943182
1843 7.12432930 27.07670455
1844 7.21368034 29.26896310
1845 5.02433470 32.20909093
1846 5.28885501 31.16761364
1847 5.44362870 33.66818182
1848 13.41508179 41.61761366
1849 16.63308171 38.23987930
1850 16.35020871 37.46889205
1851 12.61021316 42.43295455
1852 13.26124751 37.48755682
1853 11.60189885 38.84267045
1854 12.84482331 36.13397727
1855 11.00299195 36.94602273
1856 13.98246253 38.77499997
1857 12.59261521 40.29196024
1858 9.34349985 44.47499998
1859 9.51976482 38.15827415
1860 8.29683506 36.37738636
1861 6.67341139 39.85568182
1862 6.71672910 36.09971591
1863 9.86849969 34.61249997
1864 4.90421948 38.02176138
1865 10.69722711 41.15113635
1866 4.46237365 39.97116476
1867 7.94406737 43.62187500
1868 2.12191653 45.17897727
1869 3.77154239 45.37713068
1870 -0.51136024 41.24999997
1871 6.88531002 48.28977276
1872 8.39687061 49.21875000
1873 10.71978465 47.63454545
1874 10.38539244 45.38096591
1875 11.23938757 41.95738636
1876 16.95222934 -25.36107955
1877 11.76530196 -15.92826704
1878 12.07127193 -15.48473011
1879 11.74562413 -13.67897727
1880 11.37674858 -12.45170455
1881 11.34067074 -9.69034091
1882 9.77554253 -10.79009233
1883 8.19339519 -8.87215909
1884 7.93897825 -12.65625000
1885 8.98124504 -12.35870028
1886 9.49278516 -13.70454545
1887 6.13730688 -10.70880678
1888 5.04007135 -9.24928977
1889 12.78195124 -16.57329545
1890 6.81864550 -10.09943182
1891 5.74801516 -8.56534091
1892 5.74801516 -5.01136364
1893 5.33988147 -6.46875000
1894 5.17403784 -3.31107955
1895 8.98060975 -1.02911932
1896 6.76768864 -6.67329545
1897 7.38980987 -4.41178977
1898 9.29754811 -7.03987926
1899 8.24426895 -3.29829545
1900 9.23774916 -7.91015625
1901 12.05293963 -1.77571023
1902 13.36239851 -2.32670455
1903 13.66748987 -0.27517756
1904 11.69259603 0.59019883
1905 10.61146713 -3.64367894
1906 10.62752160 -5.16818178
1907 5.69700622 -0.12784091
1908 5.13576313 -1.40625000
1909 4.97946290 -1.79616477
1910 6.07866699 -1.79968040
1911 7.69402786 -1.58682528
1912 10.21292952 -0.80220170
1913 5.28460273 -0.88849432
1914 6.18149711 1.17294034
1915 5.74482717 0.49218750
1916 8.54689984 -0.16779119
1917 7.08665489 0.96946026
1918 8.17664857 0.21647731
1919 6.43321864 2.13174716
1920 7.34503809 1.98579549
1921 9.94653559 2.75880682
1922 9.72551590 1.64754972
1923 6.38224200 3.58593750
1924 7.25325946 3.36221591
1925 9.11496044 3.19282670
1926 6.99357677 4.51278409
1927 8.70198393 4.57670455
1928 5.78658916 5.26033381
1929 7.46407094 5.41214489
1930 4.98903284 7.99644886
1931 4.70509559 5.65376420
1932 7.08389561 6.53810369
1933 5.80157210 6.87187503
1934 4.84547650 7.00248580
1935 6.12795867 7.75802557
1936 7.09599407 8.29208097
1937 7.60557380 10.11029830
1938 10.91959772 3.93057532
1939 9.87156629 7.35362213
1940 9.91756396 5.26789769
1941 8.59224186 7.40198864
1942 10.08418609 9.33419741
1943 8.55738808 9.26399148
1944 10.97723597 11.95056818
1945 11.74667835 8.32904826
1946 12.35186778 3.91033381
1947 12.34439138 7.13916900
1948 12.17219383 4.83462358
1949 11.93292160 10.07333100
1950 8.96536271 11.64375000
1951 12.80720200 13.37215909
1952 12.95552489 10.45419034
1953 11.14146372 13.47869322
1954 1.50843559 7.13352273
1955 3.65501002 8.66761364
1956 5.24973334 10.57883523
1957 5.54566650 9.28018463
1958 2.80618608 9.88955969
1959 3.52601744 11.29730114
1960 6.99760996 12.68789062
1961 7.42227332 11.37017045
1962 4.00671152 13.68568892
1963 8.74456293 12.90362216
1964 10.63554873 14.24414066
1965 5.08026276 18.48963068
1966 4.54023638 16.26562503
1967 6.63837362 15.91832383
1968 7.37262285 18.51029826
1969 6.85303986 24.26931818
1970 6.00302528 21.65625000
1971 8.69245099 21.42134233
1972 -0.18643453 9.94921875
1973 1.54678105 10.24964489
1974 -1.71975727 9.81349435
1975 -0.43039567 12.11931818
1976 1.66106969 11.96910511
1977 -3.78463184 14.77968750
1978 -3.49983467 12.83586648
1979 3.47620601 -59.74517045
1980 -0.83734305 15.47194602
1981 1.28346905 15.72507102
1982 -4.93161216 15.62215909
1983 -5.27195204 12.66711648
1984 -5.98836379 21.56196733
1985 -4.61469124 18.53480117
1986 -5.19955367 24.20667614
1987 -12.50084773 28.45280536
1988 -10.30466198 25.51853690
1989 -6.75463051 26.06132812
1990 -7.03709221 27.96551847
1991 -2.96077563 26.90987216
1992 -0.35028300 23.80205966
1993 -0.97380468 18.76278406
1994 -3.22074255 21.98352273
1995 3.14601332 20.27450281
1996 1.45901210 25.34573864
1997 1.77556812 28.32890625
1998 3.75717580 29.53125000
1999 -9.95224518 14.55980114
2000 -5.23782646 12.04261364
2001 -6.35993893 14.34375000
2002 -8.67084254 15.05795451
2003 -12.77479667 14.22528413
2004 -15.22668461 12.45170455
2005 -15.08902924 13.94264915
2006 -14.37021662 17.20738636
2007 -16.07831127 20.73579545
2008 -16.92971726 16.03125000
2009 -10.27634044 17.71875000
2010 -8.03153162 20.09946733
2011 -10.58062437 20.07102273
2012 -15.52644176 28.50852273
2013 -15.77738295 22.93465909
2014 -13.36239851 24.92897727
2015 -16.77960316 25.44034091
2016 -11.18873937 31.32102273
2017 -9.76887957 30.09375000
2018 -13.61455397 32.13920455
2019 0.28124944 32.13920455
2020 -0.84373475 30.55397727
2021 3.34847844 31.06534091
2022 1.61452384 31.26502841
2023 0.59045997 30.43013139
2024 -1.06820769 36.65991477
2025 1.14567205 35.44031250
2026 2.16996786 33.05863636
2027 -2.49250457 40.30184659
2028 0.33238543 34.38920455
2029 -4.31961475 39.18643466
2030 -2.24971092 40.28011364
2031 2.12191653 40.16761364
2032 -0.93364415 39.39204549
2033 -3.90370937 38.50408381
2034 -2.07079728 29.88920455
2035 -3.33800441 29.33906252
2036 -6.19477504 38.43110792
2037 -3.89985729 33.55960229
2038 -8.75282425 38.99147727
2039 -10.00362918 39.30788352
2040 -6.00234535 35.43255680
2041 -9.61986597 36.56531250
2042 -8.18220253 31.95409091
2043 -1.98133662 31.21107955
2044 -2.15429160 30.80795456
2045 -6.94411523 37.01729403
2046 -4.03810040 30.58380680
2047 -2.73527585 31.11647727
2048 -6.21814389 39.04740767
2049 -26.00714148 32.19034091
2050 -25.20340827 32.71278406
2051 -23.81311982 34.69602273
2052 -20.31569211 32.85511364
2053 -16.92971726 34.74715909
2054 -15.12462498 33.26420455
2055 -16.29759777 32.74644886
2056 -15.52644176 30.34943182
2057 -19.14016526 34.60312503
2058 -18.18821525 33.43636360
2059 -18.22820403 36.58806818
2060 -14.77272780 40.42329545
2061 -16.71495284 38.44090912
2062 36.00679601 107.35014206
2063 -12.30195272 40.21875000
2064 -14.94347527 38.62340202
2065 -16.02817193 35.87215909
2066 -15.27535066 35.15625000
2067 -13.85712858 33.64453125
2068 -17.77924456 30.55397727
2069 -20.11744741 29.53125000
2070 -18.57700568 32.29261364
2071 -20.83498211 27.97851559
2072 -18.52719797 26.61647727
2073 -20.51381399 30.80965909
2074 -24.79052850 25.28693182
2075 -21.55189659 25.54261364
2076 -19.27356226 22.01420455
2077 -24.08114333 21.64442472
2078 -22.63558306 16.44034091
2079 -21.39558504 14.22187497
2080 -19.17414093 16.95170455
2081 -17.90712995 23.23828125
2082 -21.15684896 17.76988636
2083 -23.14318707 14.26278411
2084 -27.38038984 16.08579542
2085 -26.39521477 17.51420455
2086 -28.37427352 18.07670455
2087 -33.59680937 18.43465909
2088 -30.82548395 19.44289774
2089 -32.84549191 20.17329545
2090 -34.25178362 20.58238636
2091 -33.73735300 23.03693182
2092 -32.55576900 22.36534093
2093 -29.57944160 19.25752837
2094 -28.68247791 23.15518466
2095 -26.44368081 23.49715909
2096 -33.77637435 25.50767047
2097 -32.10168901 25.06235799
2098 -32.98737102 27.00298294
2099 -31.11340049 26.87322447
2100 -32.28008816 28.09943182
2101 -29.04617354 25.03125000
2102 -28.18193351 28.50852273
2103 -30.03936464 25.25539776
2104 -29.38136275 27.74147727
2105 -24.74174377 27.99715909
2106 -26.05568404 30.34943182
2107 -27.12118766 25.49147727
2108 -23.71518286 27.99715909
2109 -24.88807058 31.11647727
2110 -23.92937414 30.32258523
2111 -29.95477611 30.29829545
2112 -28.95031155 29.78693182
2113 -28.13382312 30.96306818
2114 -26.44368081 30.96306818
2115 -18.59744551 47.32776992
2116 -21.10743202 46.86647727
2117 -23.81311982 45.79261364
2118 -23.47018687 47.17329545
2119 -18.57700568 48.80965909
2120 -14.33497978 49.18551136
2121 -15.77738295 46.45738636
2122 -20.43953275 44.70596591
2123 -12.35249959 44.25852273
2124 -22.38964343 40.11647727
2125 -20.35780332 57.41335227
2126 -21.22135356 55.35227270
2127 -9.57424995 46.23011366
2128 -7.43500376 72.23320309
2129 -16.07831127 -5.95738636
2130 -8.04075457 -14.62819602
2131 -51.76896031 -58.28215909
2132 -37.17029153 -12.55397727
2133 -58.52081653 -26.46306818
2134 37.67490216 -25.49147727
2135 32.61599325 -17.25213068
2136 28.11785093 -16.85674718
2137 30.28141452 -111.87826701
2138 25.08304471 -111.80965909
2139 30.14478014 -115.51576705
2140 29.18988862 -110.83806818
2141 27.16950774 -109.40625000
2142 28.90236502 -107.20738636
2143 31.16816794 -107.52485799
2144 28.79384784 -105.07947443
2145 27.20743211 -107.22272727
2146 38.90705749 -77.19034091
2147 28.75846342 -102.12954545
2148 34.95098978 -107.87215909
2149 24.51355450 -100.46889205
2150 25.28862313 -98.33245742
2151 23.49438995 -98.33714489
2152 26.68586628 -102.09375000
2153 23.72661068 -104.73323860
2154 25.32655487 -104.90625000
2155 25.75213752 -102.95880678
2156 23.35741546 -106.66534091
2157 25.71872487 -108.33110795
2158 22.75540221 -103.13565341
2159 22.97954344 -101.53125000
2160 21.89713885 -102.45170455
2161 21.16086373 -104.79002134
2162 18.95437880 -96.32034798
2163 21.44557240 -98.20195313
2164 17.89902148 -94.63772726
2165 17.92895956 -93.14488636
2166 20.55899322 -102.73519176
2167 20.76129199 -102.04261364
2168 19.97612373 -104.95866477
2169 18.94784905 -104.14943182
2170 20.71181197 -100.09943182
2171 19.60061657 -101.24467333
2172 19.22074832 -99.44105114
2173 19.43195441 -98.35120739
2174 20.09988865 -99.07180394
2175 18.81183624 -97.97556815
2176 18.69838226 -99.39311080
2177 17.27975512 -96.82670455
2178 16.33609628 -95.53159089
2179 17.37970657 -99.79261364
2180 19.57578825 -99.74147727
2181 16.52771930 -92.62329545
2182 15.82755299 -93.65625000
2183 20.27440119 -89.22017045
2184 18.83962373 -91.15551138
2185 18.73181368 -88.48455658
2186 14.03031991 -90.68075284
2187 17.75002222 -88.62357958
2188 16.76483880 -90.71130682
2189 17.42967232 -90.69034091
2190 16.87968571 -88.69602273
2191 13.41284008 -89.25852273
2192 13.41284008 -88.44034091
2193 14.42055023 -87.72443182
2194 14.77817602 -88.64701701
2195 15.35697157 -86.26065341
2196 16.27630089 -86.70426136
2197 12.35249959 -86.13920455
2198 11.90246503 -84.65113636
2199 13.41284008 -86.95738636
2200 12.85769976 -83.94034091
2201 8.46095445 -83.23363636
2202 10.87377879 -85.83238636
2203 9.40580825 -83.45198864
2204 7.65584737 -80.79928977
2205 9.15179928 -82.91505682
2206 8.82653658 -82.25028409
2207 44.75046758 109.04829545
2208 8.95615081 -78.67329545
2209 22.68290227 -83.17713068
2210 22.02650137 -79.89715913
2211 21.20008225 -77.98465912
2212 20.35935142 -76.23888494
2213 18.58011843 -72.41122156
2214 18.42756139 -68.75284091
2215 19.47231692 -72.28125000
2216 19.34924779 -71.31551850
2217 18.11975665 -77.60326705
2218 19.17662682 -81.53437500
2219 23.91102151 -77.85511364
2220 21.69990642 -71.97443182
2221 31.80768053 118.76420455
2222 18.31543664 -67.06278409
2223 17.59700881 -64.94318182
2224 16.96723666 -61.94914773
2225 16.62943104 -62.36079545
2226 18.10604258 -63.23522727
2227 17.19977487 -62.90028409
2228 14.61239562 -61.23259943
2229 13.01168689 -59.71193182
2230 16.14097672 -61.84176136
2231 13.77838416 -61.16867898
2232 15.33813737 -61.56178977
2233 11.99351344 -61.84943182
2234 12.04914666 -68.44602273
2235 13.30816802 -81.60511367
2236 17.92646481 -63.19943182
2237 10.34925520 -61.47230114
2238 18.27805385 -75.19602273
2239 6.05720735 -58.07279833
2240 5.13576313 -56.17329545
2241 4.43599299 -53.37059656
2242 6.10331306 -60.06072447
2243 6.88233779 -58.88192472
2244 -10.53625884 105.45916193
2245 2.99079799 -54.94602273
2246 2.53083842 -53.67720170
2247 4.98265289 -74.17159088
2248 3.87848989 -75.43125000
2249 6.73583924 -69.91299716
2250 3.93786679 -76.37375710
2251 6.10586263 -72.95198860
2252 7.05057102 -75.24183242
2253 5.92737834 -77.17414776
2254 10.02583090 -75.19474432
2255 11.50353045 -72.36882102
2256 2.19135219 -78.34857955
2257 2.27271332 -76.62528409
2258 1.50843559 -78.87784091
2259 0.42187309 -76.21875000
2260 0.86077930 -72.25163356
2261 -3.45289636 -70.39825998
2262 3.67735928 -70.87819602
2263 -2.28868711 -68.53167614
2264 10.22561220 -66.96306818
2265 7.58266335 -69.31534091
2266 8.61342889 -66.35177560
2267 9.70859268 -65.04225852
2268 10.12414370 -69.57102273
2269 10.24484710 -63.49474432
2270 11.16657940 -72.27166193
2271 8.42367885 -71.96740057
2272 10.94651738 -70.11370739
2273 9.11178459 -69.14488633
2274 4.76997040 -66.16832390
2275 7.11883929 -63.25127095
2276 9.02454912 -62.56299713
2277 1.71549683 -64.77698864
2278 2.93969586 -67.16313920
2279 -1.13476401 -78.27784088
2280 -2.58514374 -79.63103690
2281 -0.96453688 -80.36335227
2282 -0.16299705 -76.39453125
2283 -1.58619133 -77.18821026
2284 -1.56084097 -74.71118608
2285 -0.69033256 -90.58806818
2286 -5.18892210 -73.90909094
2287 -5.45223852 -79.11700998
2288 -4.01256376 -77.29261364
2289 -2.12330103 -73.66534087
2290 -8.27012856 -73.52982951
2291 -1.11697457 -73.18838782
2292 -6.73605154 -79.89353693
2293 -9.83021860 -75.69247162
2294 -6.00939978 -77.59687500
2295 -12.06463444 -76.65692472
2296 -11.48633961 -75.05326708
2297 -14.24960302 -75.86825287
2298 -10.32706463 -71.51420455
2299 -14.55055280 -74.28409088
2300 -8.70473783 -74.03384230
2301 -11.82889873 -70.22194599
2302 -12.43462795 -71.91051136
2303 -14.47087824 -70.38920455
2304 -15.69845737 -72.93345167
2305 -24.38778287 -69.13955966
2306 -22.99212693 -49.70166903
2307 -19.61013357 -70.19786935
2308 -18.69215885 -70.36747159
2309 -22.78304564 -69.77556818
2310 -15.52644176 -68.54829545
2311 -16.62567600 -66.55046165
2312 -18.47738321 -68.54829545
2313 -20.53114377 -64.40625000
2314 -20.53403201 -68.10553974
2315 -21.76895264 -65.19247159
2316 -19.47231692 -63.43465909
2317 -16.07183532 -61.57574570
2318 -18.67659983 -58.78125000
2319 -11.53580154 -69.06605114
2320 -13.25897705 -68.28238636
2321 -10.27634044 -65.73579545
2322 -26.32431587 -69.94495739
2323 -27.95813440 -70.88778409
2324 -33.40925591 -70.54261364
2325 -32.62619889 -71.08849432
2326 -31.04951961 -71.30965909
2327 -34.37705877 -71.31051133
2328 -39.72560667 -72.69034091
2329 -37.26195949 -72.40696026
2330 -35.58310753 -71.69893466
2331 -36.33845293 -72.41867898
2332 -40.97694784 -73.73128551
2333 -45.30286553 -72.63749997
2334 -38.64485722 -72.48643466
2335 -53.34106822 -71.44389205
2336 -27.21177973 -109.55539774
2337 -22.84886715 -60.02950991
2338 -20.81571096 -60.48664773
2339 -26.99791965 -57.75051810
2340 -26.33562879 -57.56569599
2341 -27.42936077 -55.59183235
2342 -23.88899671 -56.68849432
2343 -24.16906702 -58.23409091
2344 -34.43849818 -56.99147727
2345 -33.22151802 -57.50284091
2346 -31.47633258 -55.66193182
2347 -33.97136009 -55.61079545
2348 -34.51439439 -58.97652699
2349 -33.69051671 -60.16193182
2350 -35.89934422 -60.87656250
2351 -35.22605379 -57.92418327
2352 -38.26931034 -59.49715909
2353 -36.55432879 -61.67088072
2354 -38.67103933 -61.61612216
2355 -40.58044663 -62.25852273
2356 -27.77608701 -57.60948150
2357 -29.71603866 -59.24147727
2358 -29.29073256 -57.44083807
2359 -32.29424307 -59.38338068
2360 -32.89253515 -60.05965909
2361 -31.85497155 -61.64488636
2362 -29.33231345 -60.87975852
2363 -33.73735300 -61.59375000
2364 -26.44368081 -60.21306818
2365 -26.16638613 -61.54740767
2366 -25.31712316 -59.35014205
2367 -24.06208767 -61.68387784
2368 -24.84926131 -66.26484378
2369 -22.88008347 -63.50081676
2370 -24.09000833 -66.97563924
2371 -23.43872994 -65.21718753
2372 -24.52616910 -63.86718753
2373 -27.64412861 -65.64630682
2374 -27.26823126 -66.82883523
2375 -27.16789720 -68.19076708
2376 -27.07285775 -64.40625000
2377 -26.13990299 -63.36530540
2378 -29.25373194 -64.63721588
2379 -30.33620242 -64.40625000
2380 -30.22839969 -63.17130682
2381 -32.66054104 -63.20166903
2382 -33.95966665 -64.90482955
2383 -32.58419526 -66.85568182
2384 -33.96171306 -66.51658381
2385 -28.65587694 -68.92414773
2386 -30.16941257 -66.03622159
2387 -31.28704414 -69.16310366
2388 -30.05019674 -69.57102273
2389 -32.84549191 -68.44602273
2390 -35.27850098 -69.53096588
2391 -39.45595892 -70.88022020
2392 -40.64107352 -65.89751420
2393 -37.00386200 -66.30021307
2394 -40.03966418 -67.83238636
2395 -37.07972340 -68.06186080
2396 -43.63724488 -66.19069606
2397 -53.97020230 -70.00568182
2398 -47.10868430 -68.45113636
2399 -51.77420302 -70.13352273
2400 -54.63570729 -67.37215909
2401 0.08181817 -69.68607955
2402 -0.99713392 -53.87215909
2403 -3.99575195 -62.12024151
2404 -5.32712506 -67.84005682
2405 -7.81258851 -62.12130678
2406 23.47999091 119.37784091
2407 -7.22142655 -72.63760653
2408 0.30415408 -56.42311786
2409 13.12525375 -61.35596591
2410 -2.00178499 -51.61704545
2411 -4.94713723 -57.15000000
2412 0.69161092 -53.45859375
2413 -5.18679582 -51.31534091
2414 37.06976375 39.13849432
2415 1.89336458 -52.12297585
2416 -21.15684896 -56.63352273
2417 -10.47699424 -60.32013494
2418 -15.28059712 -54.22863130
2419 -18.56995005 -56.87407667
2420 -23.42116148 -55.15056818
2421 -17.47983950 -52.68259943
2422 -13.66685972 -49.75887784
2423 -8.70198393 -48.40056818
2424 -3.45066118 -45.07670455
2425 -5.24463042 -47.06867894
2426 -3.83464751 -42.40312497
2427 -7.27713341 -42.05965909
2428 -7.26355189 -37.09847301
2429 -3.65767069 -40.85955256
2430 -6.51286452 -39.50284091
2431 -5.85448896 -37.69815344
2432 -8.34600668 -35.82102273
2433 -8.90235940 -40.64914769
2434 -9.37607281 -36.04442472
2435 -10.49189015 -37.65767042
2436 -12.55463862 -39.29829545
2437 -10.12414370 -41.75284091
2438 -11.61699852 -45.73508523
2439 -17.32973417 -40.06534091
2440 -12.97918942 -41.61370735
2441 -19.72059385 -41.90625000
2442 -19.00526509 -44.46519883
2443 -16.57466645 -44.64044744
2444 -15.97802642 -45.99715909
2445 -19.46610762 -50.50248576
2446 -21.16796667 -46.96789776
2447 -22.43884815 -43.33806818
2448 -21.60124131 -41.85511364
2449 -18.87570262 -40.52556818
2450 -23.76415574 -48.04580966
2451 -23.07774107 -45.33238636
2452 -22.68474572 -47.22443182
2453 -22.20669274 -52.07322447
2454 -17.97500529 177.70717330
2455 -24.35113912 -47.42897727
2456 -20.60787854 -51.13125000
2457 -25.86145686 -49.93465909
2458 -25.09278956 -53.91306818
2459 -26.77359870 -53.37038352
2460 -25.81287639 -50.75284091
2461 -27.35866642 -50.33778413
2462 -26.10118405 -53.70596591
2463 -29.78818516 -51.46022731
2464 -31.66574077 -52.95170455
2465 -30.43145190 -53.56534091
2466 -29.39651394 -54.91448867
2467 -30.04324040 -57.07563924
2468 -34.67337374 150.10536222
2469 -32.32726727 151.64488636
2470 -29.42920513 152.41193182
2471 -34.00818967 149.80546872
2472 -35.40404102 148.86562500
2473 -34.87401353 144.00106537
2474 -30.38383253 149.59943182
2475 -32.15500916 141.33068182
2476 -37.81226143 144.28125000
2477 -38.31247442 143.22230110
2478 -36.37691883 143.63085938
2479 -38.29060852 146.00071023
2480 -36.44776996 146.13238636
2481 -35.11724037 141.04399858
2482 -42.99049923 146.37784091
2483 -27.09229162 152.05493608
2484 -24.77995929 150.90596591
2485 -23.30530446 146.80301850
2486 -27.69575590 150.06594457
2487 -19.19568473 145.00653412
2488 -13.74026716 142.06097301
2489 -23.22497308 141.31534091
2490 -27.16950774 146.78693182
2491 -34.59550360 138.32716623
2492 -33.18316562 134.79705256
2493 -37.17029153 140.13920455
2494 -33.83391616 137.95791903
2495 -28.83234451 139.06534091
2496 -28.08714638 132.04977274
2497 -32.15465944 116.29760103
2498 -33.64366883 118.35255682
2499 -29.19946630 115.55688917
2500 -29.18988862 122.29261364
2501 -17.62946834 122.59943182
2502 -24.87019064 114.48409091
2503 -27.77427987 119.25617901
2504 -32.79843728 122.08806818
2505 -13.00127531 132.42507106
2506 -16.30887213 131.19545455
2507 -23.66620118 134.76988636
2508 -29.14199400 167.74804688
2509 -36.40287851 174.35848725
2510 -39.34406142 173.90166903
2511 -39.18339691 176.41491474
2512 -40.26352738 175.43703835
2513 -45.44832391 169.64488636
2514 -44.13366375 168.96605114
2515 -43.25587924 171.99715909
2516 -41.70102076 173.37784091
2517 13.20473515 144.54651989
2518 7.43217476 134.32897728
2519 35.56716986 63.51732951
2520 -4.62532738 -172.36789773
2521 15.07437136 145.55965909
2522 6.10501281 171.63920455
2523 -0.63919792 166.74289773
2524 19.17414093 166.42329545
2525 24.13932087 153.78089487
2526 6.25797590 -162.58806818
2527 -1.50843559 174.75852273
2528 -8.67995202 146.88281250
2529 -7.02244577 143.41193182
2530 -5.97943930 145.69069602
2531 -3.58476766 141.20667614
2532 1.22211275 -60.15617898
2533 46.39085621 24.63826705
2534 -8.29513945 157.26988636
2535 -16.47920137 167.34375000
2536 -11.79622282 166.67897727
2537 -5.47091052 150.86477270
2538 45.25676544 19.53409091
2539 -5.92631591 154.77784087
2540 -21.30505196 -175.42329545
2541 -8.54944245 178.90056818
2542 -13.36239851 -176.39488636
2543 -13.73743189 -172.67791193
2544 -14.37923515 -170.83721593
2545 -18.97521097 -159.98011364
2546 -10.50583494 -161.22017045
2547 -9.26103433 -171.99715909
2548 39.81661201 43.25816761
2549 -8.51946020 -72.20880685
2550 -10.72426230 -63.34112219
2551 -8.95996265 -140.40468752
2552 -24.44884453 -128.51526989
2553 -17.47963139 -145.71306818
2554 -27.35997394 -54.79229403
2555 33.35217181 -83.02926140
2556 35.77839735 -82.01250000
2557 55.76019998 8.92329545
2558 -30.44633074 24.08810369
2559 26.32249768 31.67258523
2560 49.64457948 8.51420455
2561 50.94352938 7.08238636
2562 22.63558306 120.45170455
2563 32.37738274 -9.03196023
2564 18.08110657 28.85880682
2565 9.76887957 123.92897727
2566 23.54911984 91.35138498
2567 41.29856224 13.67897727
2568 46.22917771 9.23011364
2569 42.81330970 18.89488636
2570 49.25643046 1.89971591
2571 -38.54293477 175.83238636
2572 18.88130073 99.67883523
2573 14.36077845 -17.02840909
2574 -23.56126928 26.14932532
2575 4.47098986 100.75078125
2576 3.83379622 107.99147726
2577 43.03476295 19.25284091
2578 -17.81355967 -70.29012784
2579 9.41342710 137.88920455
2580 60.02741267 32.54829545
2581 -13.28756724 36.10269890
2582 42.28045251 18.28125000
2583 42.39162344 18.65198864
2584 49.60244804 18.74147727
2585 21.05079864 22.48401989
2586 20.44541398 52.27926136
2587 68.08127602 33.70759947
2588 63.52289547 38.21867898
2589 34.07364660 128.99147727
2590 35.81428494 -5.67102273
2591 22.58641196 88.13352273
2592 57.93535655 -68.85511364
2593 51.26402415 -79.48840909
2594 49.22262118 -92.83806818
2595 64.43925405 -67.52880680
2596 71.54315691 -105.16193182
2597 21.89713885 -82.91761364
2598 53.00932426 -132.31534091
2599 61.61639355 -165.27272727
2600 -6.56829434 -55.45802557
2601 -21.21922647 124.30610795
2602 -22.39548693 116.07826705
2603 -20.05795022 133.27798295
2604 -18.53902794 140.01296165
2605 -25.10334602 124.12073864
2606 44.61922723 70.79829545
2607 38.63318776 86.88718043
2608 49.26488136 94.06534091
2609 21.00321860 -3.85440341
2610 50.23291366 51.05965909
2611 49.36879813 59.68306105
2612 46.80539601 65.60177553
2613 65.05048112 76.03977273
2614 57.46196920 63.22670458
2615 66.52862514 79.51704545
2616 62.03870897 172.71306818
2617 48.61780207 132.83309659
2618 60.79128197 151.44034091
2619 68.92602495 151.41477273
2620 64.24790947 147.94048299
2621 69.79055380 143.09232955
2622 48.88473229 4.93210227
2623 28.27812385 -178.74715909
2624 -4.34418898 11.95376420
2625 56.93756997 -62.24301138
2626 58.01361036 -71.15625000
2627 41.42015787 -78.59158384
2628 14.70985933 -91.90056815
2629 10.17487995 -109.45738636
2630 34.78516926 -99.85973011
2631 32.90576401 -105.24119318
2632 20.90968500 110.22443182
2633 60.36090200 163.73863636
2634 65.35895334 -174.09375000
2635 -16.73111640 30.71218040
2636 65.93672763 -37.71306818
2637 -1.91519807 110.39925426
2638 30.47727537 61.12105824
2639 31.05347569 38.87695309
2640 25.00507270 62.10255682
2641 58.09367762 134.99808239
2642 67.68284056 139.37215909
2643 27.04788349 54.91864350
2644 56.77423887 122.31818182
2645 60.19980015 116.18181818
2646 61.00030678 72.10227273
2647 -9.71811202 124.23579545
2648 60.63350469 131.41416907
2649 66.71017422 123.44318182
2650 65.77460842 116.23295455
2651 64.14194318 110.21164773
2652 70.75947124 124.94147727
2653 70.40174642 112.00994315
2654 70.73007541 100.89843750
2655 65.09091511 98.53401989
2656 43.33815875 57.10461648
2657 69.08230657 79.49147727
2658 55.47631980 64.09367898
2659 71.71129296 79.44034091
2660 68.08756677 157.39772727
2661 71.17200311 -178.84943182
2662 31.58289647 -108.92684659
2663 68.52530632 171.17897727
2664 25.81287639 56.01988636
2665 1.04826621 109.20170455
2666 67.71899211 163.01761364
2667 70.57370839 139.27521303
2668 71.00272571 133.84943182
2669 46.12315961 9.60852273
2670 51.67301581 108.16480820
2671 55.05899521 112.21906960
2672 63.88738319 128.37134230
2673 66.63536821 114.74424716
2674 52.69253339 88.99517045
2675 61.90403659 107.23295455
2676 56.41942422 109.26903406
2677 56.69505333 101.86363636
2678 49.34935884 100.40625000
2679 46.60389517 91.68718040
2680 71.71129296 89.15625000
2681 24.64414698 120.75852273
2682 67.18753052 67.57670455
2683 60.52460206 78.36647727
2684 71.17200311 69.87784091
2685 61.03826314 61.61931818
2686 54.21105116 81.05113636
2687 68.84719434 62.13494322
2688 67.22300461 58.57670455
2689 65.48566266 58.44886364
2690 42.10240545 24.31534091
2691 53.69025526 93.39119315
2692 64.59491472 86.85511364
2693 67.39683794 97.67620739
2694 61.64354998 98.69318182
2695 60.32602688 112.90653409
2696 57.24515565 127.21448864
2697 53.70136468 127.99431818
2698 54.46932378 86.56107955
2699 64.59491472 53.15625000
2700 62.45093462 52.18465909
2701 58.14325071 96.10142042
2702 44.24853813 61.44886360
2703 58.76361296 13.17602986
2704 58.24598398 14.35365767
2705 64.42622962 22.70667610
2706 61.66067593 19.14247156
2707 59.76210183 25.36736502
2708 58.67127588 19.33881392
2709 57.45476021 20.32670455
2710 55.39182967 16.89630678
2711 56.79534506 11.22613640
2712 57.89498379 9.01438210
2713 58.60770002 27.27954547
2714 60.59769373 31.44055398
2715 61.36691276 35.61104403
2716 70.08129770 40.73267045
2717 70.24830786 15.81136364
2718 67.67622582 6.90340909
2719 62.11879577 3.55482951
2720 57.05487018 6.49687500
2721 54.74430682 6.32343753
2722 53.46044417 3.78515628
2723 51.81110224 2.45411928
2724 50.09238982 -0.54971591
2725 49.51471608 -3.64346591
2726 50.65308117 -6.79687497
2727 48.11423698 -6.03068185
2728 46.12315961 -3.70866477
2729 44.30374700 -3.33409091
2730 46.63049208 -7.64701701
2731 44.30849910 -6.95134943
2732 54.27789000 0.41164773
2733 56.84051128 -0.93323864
2734 56.33111536 2.65323150
2735 58.55486551 -2.14389205
2736 58.78973696 -7.83121449
2737 53.89319082 -5.45028412
2738 52.30725361 -5.55745735
2739 55.82261061 -11.45390625
2740 52.65111889 -13.87670451
2741 49.63527666 -11.62095167
2742 46.79749975 -11.50653406
2743 43.29371155 -11.69701701
2744 40.33000438 -11.99531250
2745 37.12319446 -12.38821026
2746 35.54611066 -5.20408381
2747 36.16736963 -2.22613640
2748 38.98404464 0.55099432
2749 41.56102711 3.70717333
2750 41.88419311 6.04847301
2751 43.34561129 8.71523437
2752 38.87522924 2.40500710
2753 39.79560814 6.75575284
2754 37.66688606 2.88536932
2755 37.91673161 7.73863640
2756 40.84526834 11.02670458
2757 38.92448463 12.64261367
2758 35.97395440 11.92542617
2759 34.12233478 13.96981534
2760 36.50936873 17.11491474
2761 44.35363570 13.29545455
2762 42.59799403 15.05859372
2763 41.32654533 17.87215909
2764 38.05236883 17.97443182
2765 36.36903399 20.56789769
2766 32.71429880 17.91988640
2767 34.01773687 21.78110792
2768 33.04975314 26.53977273
2769 33.35090088 31.65426133
2770 35.57509061 32.63650568
2771 35.71094379 25.65511364
2772 38.51445347 24.74680398
2773 40.55382704 28.04627127
2774 42.62850861 29.51505685
2775 44.99893787 31.16218040
2776 45.97065730 36.37958093
2777 42.62536495 35.94502841
2778 46.68690315 17.48863636
2779 41.67645683 50.43323864
2780 44.73006056 59.58345170
2781 25.36103343 35.35227276
2782 18.13243128 39.62961644
2783 11.88475942 45.77663352
2784 13.16899109 50.51271303
2785 18.05658450 58.26285511
2786 24.19178193 58.89960941
2787 26.37249300 55.86168324
2788 26.33613378 51.46395597
2789 22.79174767 64.56189631
2790 20.17156379 68.59005678
2791 16.79878769 70.26221588
2792 11.85693516 71.87056108
2793 6.00047547 77.24914773
2794 11.97918272 81.28423299
2795 16.43913047 84.04517045
2796 20.14058222 89.06036932
2797 16.84945520 92.05184659
2798 14.14973200 95.85479403
2799 9.76898537 92.40031964
2800 9.49310257 96.55781247
2801 5.35986622 97.70710224
2802 4.57001875 94.38259940
2803 0.43913137 96.08842330
2804 -4.13322085 99.43167610
2805 -7.18354393 102.15095881
2806 -9.35501379 105.87528409
2807 -10.60396777 110.73441048
2808 -11.28549467 116.80344460
2809 -12.88799601 123.61448864
2810 -7.04696251 122.55660511
2811 -6.40921742 115.77443185
2812 2.89455463 119.40958810
2813 -4.98222753 108.43167610
2814 1.36144162 106.02219457
2815 5.24292941 104.74261364
2816 4.39035761 110.43014911
2817 8.19880068 102.91001420
2818 10.86258741 100.86424006
2819 9.78093630 109.99495739
2820 6.42068708 110.28622162
2821 7.46491957 115.37151985
2822 15.03563018 109.86967330
2823 19.38133916 107.58196023
2824 20.26892978 114.85248576
2825 23.43219295 118.62698860
2826 29.64137895 123.10024858
2827 34.97308778 122.83338068
2828 38.02570728 122.48437500
2829 31.82541597 126.77365053
2830 39.82960850 131.39232955
2831 43.62833835 138.02311790
2832 50.27090078 141.14467330
2833 56.02914064 141.59179688
2834 58.12111266 148.00397727
2835 59.94878109 157.24005678
2836 55.31747093 153.76278406
2837 54.12279990 146.53497866
2838 50.28670346 149.30198867
2839 46.08689956 145.88330962
2840 39.39317378 145.49829545
2841 38.86461841 137.12780536
2842 37.09131040 131.77830252
2843 31.35855403 133.75440337
2844 31.31490040 142.64169034
2845 27.61650220 126.02663356
2846 21.07963150 122.49928974
2847 16.08959177 115.38686076
2848 12.10877742 116.29282674
2849 15.65862298 125.57301136
2850 9.80187642 120.67798295
2851 5.35986622 122.14879261
2852 -0.77342576 124.64435373
2853 1.74574558 129.90639201
2854 -6.01864274 129.00617898
2855 7.56187368 129.12038356
2856 4.46279912 135.53693182
2857 -0.38767608 141.85962358
2858 -3.78229061 148.07375714
2859 -10.56985017 155.93586648
2860 -12.63778774 145.52727269
2861 -12.11235931 127.89204545
2862 -6.34974308 135.90767045
2863 -12.24897869 138.04101562
2864 -19.96465398 151.10635653
2865 -27.22747884 157.73267045
2866 -35.40365425 154.49275565
2867 -39.59796052 149.70596594
2868 -39.49324065 139.09090909
2869 -35.48784674 130.72851562
2870 -36.88406288 119.94470877
2871 -31.70261525 112.97301136
2872 -23.41942503 110.39829545
2873 -16.64935299 116.54957383
2874 -50.81643024 151.19051850
2875 -49.84818797 141.55216619
2876 -39.87103943 170.12386360
2877 -36.84839450 162.28125000
2878 -31.76274376 172.60152699
2879 -35.49876660 -178.01260650
2880 -47.55053056 161.48480114
2881 -53.06996866 178.40933949
2882 -22.97688348 162.87507102
2883 -15.74100585 157.03018466
2884 -16.24852977 164.84968043
2885 -4.18514100 158.31626420
2886 -4.20663208 167.36740057
2887 1.46710730 152.05014205
2888 10.86702174 145.85454542
2889 14.52120064 136.66193182
2890 21.55189659 129.24715909
2891 21.21655050 139.33380682
2892 26.54209780 136.05021307
2893 32.95289064 151.21491474
2894 46.14444203 156.13700288
2895 53.62196329 162.70312500
2896 58.20613927 169.08824577
2897 70.97137021 162.84822443
2898 58.59862611 -178.06257102
2899 7.64046861 52.15301847
2900 -0.05060372 48.82084517
2901 -7.03656158 44.74655540
2902 -14.51396714 44.23401992
2903 -11.33370809 53.95973011
2904 10.10617368 58.95010657
2905 15.34441553 63.36115057
2906 -1.57064024 56.78948864
2907 -22.33232986 51.75085224
2908 -19.60061657 63.23863633
2909 -19.56171801 41.25553977
2910 -26.24854651 38.68796168
2911 -34.21685106 36.42070316
2912 -40.11385074 27.30170455
2913 -36.84839450 14.06676140
2914 -27.63548938 8.89218747
2915 -20.85620983 8.73473011
2916 -11.72664844 8.27769886
2917 -4.07863900 7.07024148
2918 2.27526913 5.34375000
2919 2.20668745 -1.21406247
2920 2.14108603 -9.50816761
2921 6.95239438 -18.58806818
2922 13.15931877 -21.98309656
2923 20.94100340 -20.54371449
2924 30.56274618 -15.63792617
2925 33.82787026 -10.64765628
2926 64.18523139 -1.67791193
2927 69.56254792 -4.12734375
2928 68.69802446 -14.19524151
2929 62.62240021 -10.78604407
2930 61.92597297 -23.49715909
2931 55.82286018 -18.12144886
2932 48.22646983 -19.19232951
2933 65.47209527 -29.58132099
2934 59.52306207 -36.93089485
2935 58.00448377 -50.19289773
2936 56.99811237 -58.15355114
2937 63.93945579 -58.75312500
2938 61.80824111 -70.65916190
2939 56.10624891 -82.99399858
2940 59.44049653 -88.12958093
2941 60.15808754 -80.95067468
2942 65.88677255 -80.14602273
2943 49.52209533 -66.16566051
2944 47.41127434 -60.70653409
2945 42.50604211 -67.07940341
2946 50.62740188 -54.49378551
2947 44.44185696 -53.38892045
2948 49.02698216 -49.50575284
2949 54.31635484 -45.69034091
2950 51.73539464 -39.12571023
2951 51.58366106 -29.74474432
2952 40.41606313 -69.75383523
2953 39.05777780 -73.01420458
2954 34.76751169 -74.56683242
2955 30.62578582 -77.66654830
2956 27.55088911 -78.13828125
2957 25.23841066 -73.53654116
2958 23.72579436 -82.44801133
2959 27.92281997 -85.05340906
2960 27.56736945 -90.11708100
2961 27.34820632 -95.25905540
2962 23.39991441 -96.35518463
2963 19.99596235 -94.17272727
2964 23.45639936 -91.15696023
2965 23.76966464 -86.42397017
2966 18.12276949 -86.62553264
2967 16.43839994 -82.37375714
2968 10.82267699 -80.25117187
2969 18.85082103 -75.91193182
2970 14.37871081 -77.26768466
2971 19.98573321 -82.34744318
2972 13.40968764 -71.08327411
2973 12.90188119 -64.91313920
2974 16.22242728 -70.35245028
2975 12.05641649 -60.71164773
2976 16.35083499 -64.62251417
2977 20.63510252 -71.61392045
2978 22.65555641 -77.55149148
2979 19.89944434 -66.02130685
2980 8.48417926 -56.80653413
2981 5.32755031 -51.05284087
2982 1.45453839 -45.84630682
2983 -0.86290983 -38.26491474
2984 -5.74631487 -32.55681815
2985 -14.37021662 -34.28693182
2986 -20.64995098 -36.70696023
2987 -26.84547510 -43.97109372
2988 -32.63679652 -49.68963072
2989 -37.33388129 -55.06811080
2990 -42.71687260 -61.77784091
2991 -49.65300405 -64.33039769
2992 -57.47376462 -67.56242901
2993 -49.53711602 -79.17443182
2994 -43.22917898 -79.80894890
2995 -36.41835629 -78.43742898
2996 -28.12359836 -77.39765622
2997 -19.98304675 -77.75827415
2998 -13.87686509 -82.31974435
2999 -7.00376594 -84.25568178
3000 0.39310925 -83.67698864
3001 5.39855928 -81.62642045
3002 8.27924277 -88.49147727
3003 12.62157994 -95.77393466
3004 15.89694485 -102.81008526
3005 19.75968049 -106.90600142
3006 26.06195340 -110.61711644
3007 25.09563176 -118.90099432
3008 31.19090102 -122.35014205
3009 38.39591821 -127.90323153
3010 43.72187574 -130.05575284
3011 48.58939657 -131.32776989
3012 55.49643086 -138.40376420
3013 57.54680093 -147.90383519
3014 57.22249721 -164.95131395
3015 70.67600165 -133.84176136
3016 43.57314184 -24.95774148
3017 43.77279530 -33.46875000
3018 42.37328599 -45.34431822
3019 40.22126034 -18.72869318
3020 36.78087285 -28.08835231
3021 37.80768460 -34.59460224
3022 42.04672200 -59.84552557
3023 37.58632212 -66.63963068
3024 31.05011302 -71.13941765
3025 33.68036735 -62.45337355
3026 37.15019071 -54.13615057
3027 27.22788140 -67.37130685
3028 19.07469046 -57.93750000
3029 14.60086628 -54.18323867
3030 4.86727683 -33.50976566
3031 34.00136989 -22.51171872
3032 23.15504754 -27.34325284
3033 30.41061975 -29.12056108
3034 27.24096310 -36.52116474
3035 24.95003144 -42.71431111
3036 22.98660254 -51.13071736
3037 2.57981977 -24.90788352
3038 -19.69680874 -0.37286928
3039 -7.89126627 -1.61910511
3040 -47.77062584 -56.10617898
3041 -41.03583035 -51.54481534
3042 -36.00883874 -45.49953835
3043 -24.43704041 -29.96292610
3044 -16.35814154 -27.04602273
3045 -33.69344432 -35.30198864
3046 -47.33006220 -37.98984375
3047 -54.52001420 -45.79101562
3048 -54.86807446 -56.98764205
3049 -5.55672004 -26.32990060
3050 -11.91743008 -25.11008519
3051 -1.91402656 -19.88224435
3052 -20.58972795 -22.05777702
3053 -4.62851819 -16.30770597
3054 -7.33708078 -10.26083097
3055 -31.28674777 0.34517045
3056 -45.32246243 5.44058949
3057 -32.69487707 -10.06661935
3058 -36.50398815 -24.25269886
3059 -47.29225320 -23.63394886
3060 -54.48549334 -26.99041193
3061 -41.81011429 -11.27141335
3062 -53.07329422 -10.72531964
3063 -53.46911191 17.80823864
3064 15.19298141 87.63036218
3065 11.13048852 86.37784088
3066 7.60854367 85.50937503
3067 5.01869922 82.61718750
3068 4.43067428 70.28373580
3069 9.85390659 66.82084517
3070 -11.38371071 64.67088068
3071 -1.53112336 65.35717333
3072 -2.13512224 71.95823867
3073 -12.57295361 74.50312500
3074 -9.31151810 87.03792614
3075 -6.23035923 93.01598008
3076 -15.25703610 88.49914773
3077 -10.21187258 97.05788356
3078 -51.76971912 33.83139201
3079 -50.63262522 51.32173295
3080 -33.83069819 49.36352983
3081 -52.76334857 66.82244318
3082 -39.22877730 58.79829549
3083 -31.43092725 65.41619318
3084 -51.29502223 79.90440341
3085 -53.57850653 90.84289776
3086 -52.78796977 100.79424716
3087 -53.36947814 112.62112926
3088 -46.65160414 121.30312500
3089 -36.05402402 79.09197443
3090 -21.09044311 80.35696023
3091 -39.48946574 103.42361506
3092 -42.98662551 114.02482244
3093 -23.05319488 90.85482951
3094 -16.90220071 107.45411932
3095 -14.48817720 100.80479403
3096 -30.81696897 105.86665483
3097 -24.29127679 100.56093750
3098 -33.84737256 90.33323860
3099 -41.89069769 85.06193185
3100 -26.42348783 75.59648437
3101 12.95584043 14.03096594
3102 -1.11729414 32.57034801
3103 -6.76206202 29.67144883
3104 -12.40777970 34.30610795
3105 -45.63092532 97.76505682
3106 46.38021694 74.51367188
3107 52.87051504 107.84019886
3108 28.83042583 112.23153409
3109 -15.93811451 -69.61107958
3110 11.54149625 -85.59630685
3111 37.87460823 -148.00046165
3112 43.46544300 -78.12368611
3113 41.95981427 -81.68650568
3114 44.74828125 -82.55838068
3115 43.34699134 -87.21946023
3116 47.68375556 -87.45490053
3117 49.68669659 -89.25852273
3118 52.53021353 -98.11917614
3119 42.56238565 -177.82990057
3120 44.70436529 169.10475852
3121 54.13809053 175.23579549
3122 23.28527486 -173.76242901
3123 39.40384425 159.89094460
3124 32.53324884 161.74879261
3125 21.56793451 178.13948860
3126 26.21914170 149.04332386
3127 20.95624929 148.12851559
3128 5.47147735 -177.73274148
3129 26.04921222 165.78611509
3130 65.21392226 -166.47443182
3131 63.67779811 -178.35788352
3132 49.30272732 -164.14985792
3133 68.85299322 -171.64367898
3134 49.53492010 -155.16839485
3135 53.69890546 -153.62524861
3136 33.26631800 -177.89446023
3137 50.18434279 -141.66051136
3138 45.72448615 -150.89595167
3139 43.48327584 -162.15340909
3140 42.90027022 -140.73046875
3141 32.02355206 -132.89893466
3142 34.85054572 -165.80880685
3143 46.68600505 -175.27627841
3144 20.47007266 -166.04595174
3145 29.80320853 -148.26360089
3146 33.54212540 -141.98778409
3147 37.92359232 -136.29460224
3148 26.16527434 -132.56292610
3149 23.89939753 -146.18607955
3150 22.28218405 -154.97514205
3151 24.53186576 -139.22940344
3152 29.29701507 -157.27883523
3153 37.09561941 -157.93146307
3154 19.21142735 -114.87784091
3155 13.25729518 -109.05894890
3156 6.71736611 -101.10639201
3157 2.30242449 -92.40181108
3158 -6.37555113 -93.33441051
3159 -30.60517114 -147.13039769
3160 7.34143075 -114.89829545
3161 22.74454884 -126.93217326
3162 1.67331855 -109.35255682
3163 -9.40517334 -108.01789773
3164 13.82531741 -136.55262784
3165 16.62786644 -125.96484375
3166 -20.14843120 -102.24076705
3167 13.60951215 -148.46079549
3168 3.67097381 -145.21928267
3169 6.30067414 -159.96285511
3170 -18.57700568 -159.05965909
3171 -15.67430627 -92.04566758
3172 -18.11539314 -115.68196023
3173 2.73847005 -131.59559659
3174 -5.36794512 -125.40511360
3175 -6.55841914 -150.29488636
3176 -8.93719725 -162.70504261
3177 -12.53411243 -174.71857244
3178 -3.26715424 -175.89332383
3179 -29.72439894 -162.57645593
3180 -7.74747767 -137.25191761
3181 -18.82666348 -127.04978690
3182 -16.93690876 -137.68093043
3183 -56.17691752 -149.10532670
3184 -41.55562587 -173.37272727
3185 -46.03438636 -154.38409087
3186 -53.63978255 -134.08167610
3187 -37.75504208 -130.49744318
3188 -37.84086376 -115.06118605
3189 -53.61585318 -119.57343750
3190 -24.82497723 -109.61590909
3191 -9.12438201 173.69829542
3192 -24.77375978 172.24165483
3193 -34.32620023 -90.08948864
3194 -35.78601928 -102.25941055
3195 -55.29573864 -99.83096591
3196 -24.09092538 -89.96324574
3197 14.64886841 168.79474432
3198 -52.75770547 -88.11732958
3199 -43.86550476 -89.60497159
3200 -56.55584072 -36.82297585
3201 -47.88449347 -47.72620739
3202 -28.15156500 -21.05507812
3203 -19.06557268 -9.40493608
3204 -14.30246715 -17.99712358
3205 10.30635271 -48.28082390
3206 6.73084944 -41.39414059
3207 13.85618372 -33.67393466
3208 17.55788709 -43.23835227
3209 23.35067224 -63.28540483
3210 27.80078322 -57.76278412
3211 32.59391186 -50.51313920
3212 0.96091494 85.52343753
3213 5.97752691 89.73153409
3214 -0.55365340 92.20855827
3215 -5.42024384 80.38572443
3216 -24.74011742 -174.68245739
3217 18.53342432 157.88352273
3218 11.08996278 154.27713068
3219 -16.02608269 175.69069599
3220 -30.52556769 165.17013494
3221 0.75297212 175.28139205
3222 11.19823624 177.67489347
3223 8.46362450 159.19282667
3224 11.85314083 37.13458807
3225 41.01190619 -112.80330256
3226 -49.13277089 129.51264201
3227 61.38203974 -114.35028413
3228 59.14824196 -109.49296878
3229 57.10806314 -102.56729400
3230 68.71806466 73.71690341
3231 38.48311833 42.73721591
3232 37.43320187 45.33409094
3233 42.24838268 77.07581673
3234 36.79343923 99.97382813
3235 28.99225628 116.05717330
3236 3.36763812 35.90028409
3237 33.90469772 -40.47634943
3238 -9.16704239 28.52897727
3239 44.35363570 -73.54048295
3240 -18.73260904 -67.32741477
3241 71.25805631 130.80575281
3242 57.39248026 -25.15696026
3243 -53.23893837 -112.00493608
3244 5.13576313 165.10600145
3245 -47.14860463 -100.35788349
3246 17.77924456 -62.97443182
3247 10.93163254 -171.69588072
3248 -56.58607673 -78.07244318
3249 38.86158665 117.38352273
3250 46.53162527 6.81903409
3251 43.65303668 7.23579545
3252 42.46383973 1.37109375
3253 46.96250466 9.33238636
3254 52.06356900 8.97443182
3255 50.35861894 11.58238636
3256 50.52602448 10.71306818
3257 50.98520049 8.76988636
3258 25.75213752 62.77500000
3259 53.25477447 7.90056818
3260 37.94950800 138.14488636
3261 42.05786035 13.93465909
3262 46.35888184 10.86647727
3263 22.43884815 88.13352273
3264 7.85771779 93.26659091
3265 51.27649361 7.13352273
3266 43.82919845 12.19602273
3267 51.60853176 8.41193182
3268 50.40049192 -5.19034091
3269 51.40111653 -0.23011364
3270 50.40049192 8.20738636
3271 47.08289969 6.95198864
3272 46.18591512 7.54261364
3273 16.77167883 48.29531247
3274 42.81885013 42.15234375
3275 0.55993873 112.68409091
3276 0.38352130 117.17897727
3277 49.82768449 17.98721591
3278 28.35144166 47.28451705
3279 48.33186485 26.92329545
3280 47.29118044 -68.65312500
3281 52.80438099 15.72443182
3282 46.55751750 15.92130682
3283 45.61789047 18.45511364
3284 19.65357741 -73.54431818
3285 49.72879938 19.04829545
3286 47.22035916 16.59375000
3287 38.54863044 -7.41477273
3288 46.38048698 13.33636364
3289 46.27242637 16.23579545
3290 42.59152040 22.21875000
3291 41.38808998 22.39133523
3292 29.65033948 44.53210227
3293 40.08480086 39.96306818
3294 36.52589390 39.96306818
3295 -3.29738507 -68.80397727
3296 -7.88808537 -64.35511364
3297 -10.12414370 -68.59943182
3298 -17.02976085 -58.16761364
3299 -25.70353583 -70.19424716
3300 53.74409622 8.82102273
3301 52.48497008 9.37681108
3302 49.47596783 7.13352273
3303 50.65142738 12.19602273
3304 50.48419470 10.27329545
3305 50.58247184 10.26051136
3306 50.10707896 8.41193182
3307 50.60964083 9.58806818
3308 48.26374063 22.28522727
3309 45.84798915 19.37556818
3310 49.26488136 19.61079545
3311 46.48846036 14.34375000
3312 46.35888184 14.65056818
3313 51.40111653 5.70170455
3314 47.82004905 8.66761364
3315 16.12844441 111.50284091
3316 -46.48846036 51.57102273
3317 63.39966553 -170.63299002
3318 49.34935884 5.90625000
3319 45.60865669 20.21164773
3320 50.60964083 5.75284091
3321 42.82439035 20.63032670
3322 49.13805799 6.05965909
3323 52.23746527 18.33302557
3324 1.68823014 -157.60014203
3325 41.79031036 -8.05397727
3326 28.99824773 121.57670455
3327 18.27805385 -73.55965909
3328 18.50748044 -71.17329549
3329 18.95344598 -72.20081680
3330 19.37295430 -70.38920455
3331 49.22262118 21.19602273
3332 46.22917771 6.57102273
3333 54.87764094 8.10511364
3334 15.37580495 -84.50284091
3335 34.85791611 72.17897727
3336 26.78398333 68.53700281
3337 30.17004819 75.49431816
3338 21.59351115 70.35494318
3339 19.54992340 82.05788352
3340 18.32737757 82.17091616
3341 21.45318289 84.70738636
3342 26.29825385 89.00284091
3343 25.25048281 90.77663352
3344 22.29120892 92.58238636
3345 26.10421709 94.42329545
3346 30.47993320 78.41105115
3347 36.00816431 76.83089492
3348 10.27634044 78.57102273
3349 53.90673514 -7.49147727
3350 40.22013306 23.80397727
3351 41.38808998 46.50852273
3352 43.47665771 39.70738636
3353 -22.53723243 -64.91761364
3354 48.79923459 1.45738636
3355 65.93672763 -16.18465909
3356 41.39648050 25.17826705
3357 43.12324995 0.33238636
3358 43.03476295 18.84375000
3359 60.22467575 30.01960227
3360 41.02966277 43.79829545
3361 41.74567219 27.07670455
3362 43.82919845 6.87784091
3363 44.57545301 6.92897727
3364 41.28557634 20.23056818
3365 39.63285187 19.71306818
3366 38.45177721 -123.36647727
3367 35.14173882 -114.57080969
3368 32.23289780 -115.74715909
3369 30.95455177 -94.26988636
3370 31.80255664 -95.98252838
3371 29.22460571 -96.87208807
3372 34.71705198 -101.65525568
3373 18.27805385 -72.69034091
3374 42.01330194 12.40056818
3375 40.98480015 14.54829545
3376 59.31003863 28.02455356
3377 57.70023988 27.38352273
3378 57.11011799 27.79261364
3379 66.97437945 28.91761364
3380 54.95816790 21.19602273
3381 55.52020882 26.25852273
3382 41.02966277 45.89488636
3383 39.36106355 42.67329545
3384 51.13301625 3.64090909
3385 47.58478618 23.42045455
3386 50.48419470 4.47443182
3387 41.65635608 27.07670455
3388 42.01330194 27.38352273
3389 34.37890607 -98.09083810
3390 62.74961063 -159.92897727
3391 61.86955501 -153.56250000
3392 64.08194819 -123.11079545
3393 64.52912367 -114.87272727
3394 69.80775239 -37.20170455
3395 66.73003235 -146.33795455
3396 65.68441380 -41.65056818
3397 49.64457948 7.38920455
3398 56.11919171 21.14488636
3399 56.25449987 24.21562500
3400 -23.27403317 -66.14488636
3401 -9.31183560 125.00284091
3402 43.96117698 15.67329545
3403 40.17729051 19.19914773
3404 45.09983692 13.73011364
3405 -7.54956941 157.37301138
3406 36.51148253 -98.37997159
3407 25.80882760 -80.37869318
3408 63.18657530 -146.13750000
3409 67.68284056 -163.09943182
3410 51.52560913 4.06534091
3411 51.40111653 5.75284091
3412 50.51556838 5.73494318
3413 2.53978291 -59.18821026
3414 2.75252448 -58.00333807
3415 48.20410214 8.71875000
3416 50.40049192 11.01988636
3417 50.30206758 11.34971591
3418 50.52602448 11.94034091
3419 51.64997133 11.58238636
3420 51.89830413 11.94034091
3421 50.18259530 10.60056818
3422 52.06356900 9.12784091
3423 51.15174045 8.10511364
3424 48.84163740 16.03125000
3425 53.74409622 8.97443182
3426 49.09575498 7.03125000
3427 53.90673514 11.22443182
3428 52.06356900 13.06534091
3429 42.68027639 47.37784091
3430 41.92971904 47.10937500
3431 43.99964764 27.66157670
3432 43.78517839 27.33238636
3433 42.41384760 19.30397727
3434 68.21036257 -50.80397727
3435 69.22097769 -29.07102273
3436 65.61219205 -47.48011364
3437 69.84213877 -45.53693182
3438 65.98020904 -73.02588070
3439 61.70010122 -104.65056818
3440 70.59500059 -85.88352273
3441 63.97165085 -128.22443182
3442 71.71129296 -110.68465909
3443 66.22420636 -137.42897727
3444 66.00868527 -153.38352273
3445 70.05021226 -154.15159091
3446 57.34656609 -120.14488636
3447 52.31103030 -101.37784091
3448 50.79061174 -85.65980114
3449 56.24687673 -76.14843750
3450 53.90267202 -69.21511364
3451 53.05681896 -58.40002841
3452 67.60237053 -88.86886364
3453 40.77377009 24.03920455
3454 40.89503553 21.09375000
3455 51.73280696 4.98579545
3456 45.66567884 8.71875000
3457 46.09934814 13.16761364
3458 49.30712724 5.54829545
3459 12.80720200 44.15625000
3460 49.98111494 21.29829545
3461 50.79548030 3.72784091
3462 50.68902296 5.03181818
3463 49.98111494 4.52556818
3464 -28.23003375 32.34375000
3465 -30.09789108 30.65625000
3466 -26.64955388 24.47795455
3467 -25.91002787 25.23579545
3468 54.79705517 8.05397727
3469 52.80438099 4.73011364
3470 50.56783986 10.50852273
3471 53.66268890 7.49147727
3472 17.64378294 -89.05568180
3473 19.00422880 -88.14698862
3474 18.35813130 -90.39749998
3475 15.89343369 -90.14931818
3476 10.20836369 -83.74167614
3477 8.88956752 -83.62559659
3478 46.53162527 7.28693182
3479 44.22476610 9.84375000
3480 44.77451490 10.49318182
3481 50.35861894 5.90625000
3482 48.16148621 6.82670455
3483 53.74613065 8.41448864
3484 53.70339988 10.71306818
3485 45.44832391 13.52556818
3486 41.92414518 18.99715909
3487 41.96873021 20.53125000
3488 40.58044663 20.83806818
3489 40.56919946 24.41761364
3490 44.66298774 22.88352273
3491 45.40481140 25.33806818
3492 46.87644086 25.54261364
3493 47.52054950 26.63437500
3494 48.28929147 25.95170455
3495 51.48412608 17.00284091
3496 48.62948100 35.66761364
3497 52.51067875 23.49460227
3498 51.81558457 28.35511364
3499 54.93810878 28.52701706
3500 35.74018646 23.08806818
3501 10.96076847 -85.14204545
3502 10.85942002 -84.06818182
3503 52.18736508 5.60262784
3504 51.98096561 6.05965909
3505 55.76019998 25.64488636
3506 51.27649361 18.17897727
3507 52.84539882 21.14488636
3508 51.98863183 21.82465907
3509 50.57455223 23.36926137
3510 54.81483386 26.85647726
3511 55.11904534 25.79829545
3512 54.26434544 27.92681816
3513 52.10484889 29.53125000
3514 50.88010203 25.31426543
3515 50.06510531 25.64488636
3516 50.91768603 28.01454545
3517 49.72879938 26.56534091
3518 50.52851390 29.56534093
3519 49.15150131 31.88200081
3520 48.16148621 29.22443182
3521 49.34935884 27.58806818
3522 51.89830413 27.12784091
3523 56.31811527 25.18465909
3524 56.10193431 26.64545456
3525 54.39695308 29.24275566
3526 53.45891450 30.91193182
3527 55.56024418 28.30397727
3528 56.09042782 28.70454544
3529 56.49021721 26.96875001
3530 56.55633646 27.28125000
3531 53.49969864 9.69034091
3532 61.37920361 102.11931818
3533 58.48188953 -118.61079545
3534 57.64137747 -113.67613636
3535 59.95069967 -127.96875000
3536 58.36501965 -156.19602273
3537 64.43034762 79.67045455
3538 64.41204397 117.99715909
3539 59.95069967 90.58806818
3540 68.01731779 148.80681818
3541 66.86760674 70.18465909
3542 47.58478618 73.38068182
3543 56.97194414 120.42613636
3544 66.04464210 74.58238636
3545 57.12984233 117.15340909
3546 55.54022834 79.51704545
3547 58.69580475 79.51704545
3548 66.97437945 155.01988636
3549 55.68026187 101.32670455
3550 61.43591036 78.57102273
3551 59.64325482 62.25852273
3552 56.93243264 104.01136364
3553 64.22880484 59.44602273
3554 61.28461830 74.68465909
3555 57.83606638 -136.14892993
3556 59.33486141 -136.09943182
3557 55.62596373 -132.12667135
3558 60.23431517 -149.99774042
3559 54.63772559 -164.59261364
3560 60.94373816 -138.74411930
3561 63.35568157 -132.13295402
3562 63.32484210 -139.05807407
3563 4.87864329 101.72952399
3564 49.41110068 -77.86016248
3565 0.25186086 109.37274689
3566 61.20812456 -108.95768724
3567 61.22194919 -120.37338389
3568 23.43130795 52.52863224
3569 49.47071654 -122.22373607
3570 50.07744118 -126.91344574
3571 53.31056437 -128.03277881
3572 55.63980117 -125.10331272
3573 58.24308012 -127.22370837
3574 56.07487113 -121.94017031
3575 53.48571418 -124.13652591
3576 50.89645849 -121.02324295
3577 50.80684511 -118.40745528
3578 50.91475475 -114.44897879
3579 55.18096270 -113.81014376
3580 49.07247103 -112.90597941
3581 52.96631643 -111.80454545
3582 62.23192422 -97.91477739
3583 62.44682209 -100.74161710
3584 66.36759404 -88.59375000
3585 65.04345098 -93.71433881
3586 70.84786776 -78.31418681
3587 70.66309800 -83.63352273
3588 41.59421673 64.94636132
3589 49.06250127 -106.27369543
3590 58.17877704 -108.69510334
3591 56.73040106 -103.51087957
3592 54.28612194 -108.06484065
3593 67.22801766 -95.94705728
3594 66.16221304 -99.92148065
3595 51.18615372 -108.08749268
3596 66.80911502 -104.34379761
3597 64.80040441 -109.59675893
3598 67.18716116 -126.82294001
3599 68.36393150 -133.82892159
3600 53.45891450 -96.31534091
3601 32.52080709 -108.21162293
3602 15.60173996 -88.85890151
3603 68.08483243 -123.33904451
3604 50.67760541 -98.02163582
3605 49.63044354 -98.46828419
3606 33.20727627 -94.84565947
3607 44.08153272 -78.77466578
3608 52.77319932 -92.73910157
3609 48.46519425 -82.06877311
3610 48.31696042 -90.03213731
3611 49.32278754 -88.68682555
3612 46.72499063 -81.88166224
3613 46.62061537 -80.17230078
3614 44.13695763 -81.48579545
3615 43.16865949 -81.43715352
3616 42.95104664 -79.91549126
3617 44.72568421 -75.97503849
3618 45.35276241 -77.24824134
3619 46.22917771 -75.60511364
3620 57.49712202 -98.15343075
3621 57.72688438 -100.74610999
3622 37.45515074 -77.54877337
3623 46.54901004 -70.28693182
3624 51.04150654 -64.81263937
3625 50.67681474 -69.33677625
3626 46.70414506 -73.40625000
3627 47.16845299 -72.39994128
3628 45.73313396 -71.80808001
3629 48.54292965 -65.87298777
3630 47.05210873 -66.99831975
3631 45.77924551 -67.54365721
3632 46.16081643 -62.82954547
3633 44.09724744 -65.61739191
3634 45.19161605 -62.30945659
3635 46.33568785 -60.68810327
3636 49.18227247 -57.41452534
3637 52.37397100 -62.92074677
3638 56.00923245 -63.53747008
3639 46.70414506 -56.32670455
3640 48.20410214 -122.65056818
3641 47.73859760 -120.26938607
3642 46.76910157 -119.04900377
3643 42.86726447 -123.43253466
3644 42.61807041 -120.27767814
3645 43.94713286 -120.93002397
3646 40.41268023 -121.77268706
3647 39.15281157 -123.26603937
3648 37.58222355 -118.78299614
3649 36.16739616 -120.99973986
3650 35.70844887 -117.56536640
3651 34.33203557 -119.08140980
3652 34.76479495 -120.45170455
3653 44.22505297 -114.78394048
3654 43.12841313 -112.60772678
3655 42.27320144 -111.67967812
3656 38.78380571 -115.77111755
3657 41.65992541 -115.46819969
3658 36.09241442 -114.96861020
3659 40.26521782 -111.96306818
3660 40.60036552 -113.46666520
3661 39.58060456 -110.38958954
3662 33.40470169 -113.50095295
3663 35.31790505 -110.24697743
3664 32.04716470 -110.58156332
3665 37.50538636 -104.29908730
3666 37.12784455 -122.33449677
3667 35.60116854 -104.39488636
3668 39.37259722 -103.27828546
3669 41.42116294 -107.39859187
3670 39.98345334 -108.48102377
3671 35.04401587 -109.04829545
3672 41.41046367 -108.58806818
3673 42.67837638 -109.95823805
3674 42.87274645 -105.54058304
3675 42.63291506 -110.92746615
3676 48.05856633 -114.96964086
3677 45.13235625 -112.52971437
3678 46.82502947 -106.17341916
3679 46.97221426 -100.35483770
3680 48.38842126 -100.49446427
3681 46.60206672 -102.25061565
3682 45.23356969 -98.33392324
3683 45.07971971 -103.01200936
3684 43.60735062 -103.00496052
3685 41.97577753 -97.48133611
3686 41.80643754 -99.64558703
3687 40.51047667 -101.34120984
3688 39.20053650 -96.33076829
3689 38.25038769 -98.38610023
3690 37.39751168 -101.79551961
3691 36.66630879 -102.48868007
3692 35.85924373 -95.15061793
3693 35.21768777 -99.41327248
3694 29.97684591 -95.35674718
3695 30.09494626 -97.27342410
3696 33.11844623 -98.50838502
3697 37.44572032 -107.05397727
3698 30.31621554 -100.50692344
3699 28.53914118 -97.56030365
3700 26.74736620 -98.18592172
3701 29.60694228 -90.04595037
3702 30.54974176 -90.43363974
3703 30.10192854 -92.55553195
3704 32.37024651 -93.23105732
3705 35.62059290 -90.83230911
3706 34.33370449 -93.91071825
3707 35.84480724 -92.28080807
3708 37.80692694 -91.65398497
3709 37.01086072 -94.27113358
3710 36.84593141 -90.01376749
3711 37.81305998 -92.93387221
3712 39.86123384 -94.40922124
3713 41.26511605 -95.44608680
3714 41.54542955 -93.25120050
3715 42.14693722 -91.50852273
3716 42.61702074 -96.10482242
3717 47.98154254 -94.16318640
3718 44.07298243 -94.02851879
3719 46.84701135 -96.31584225
3720 47.34247464 -92.38842706
3721 43.45064976 -88.82538755
3722 45.38279458 -90.64040461
3723 44.37794997 -88.50930162
3724 43.72498063 -90.84675805
3725 42.05194519 -88.68648881
3726 41.42145970 -89.60347652
3727 39.68930700 -88.51252377
3728 40.84185169 -90.55715303
3729 38.31969308 -89.70866565
3730 37.58307783 -88.97121015
3731 39.52739259 -85.64386362
3732 39.59900293 -87.07345246
3733 40.43382745 -86.95180621
3734 41.29387477 -85.54683978
3735 42.63382163 -83.11855791
3736 42.23320993 -84.68736571
3737 43.30006199 -83.27556818
3738 44.85418251 -84.52133703
3739 46.06420632 -86.26735350
3740 40.07722454 -81.58806818
3741 39.89293210 -83.57269613
3742 41.01648632 -83.04827093
3743 40.32249431 -84.52329545
3744 39.25124864 -84.63920456
3745 39.23213489 -82.33615907
3746 37.85239869 -85.89353697
3747 37.00641411 -84.13736011
3748 37.93207361 -84.53487462
3749 37.03240979 -87.92897727
3750 35.97865043 -86.78250445
3751 35.42903164 -89.60318913
3752 35.97587645 -85.42632043
3753 35.41386362 -84.46330416
3754 33.52239583 -89.17648952
3755 33.11674357 -90.67824169
3756 30.57965227 -88.96913739
3757 31.66130354 -87.56633526
3758 33.20606689 -86.08782073
3759 30.50655365 -87.86946513
3760 30.52300671 -86.31890110
3761 29.67856916 -82.78013071
3762 27.56419195 -81.27511364
3763 33.90704711 -85.14714165
3764 31.41222804 -84.29760128
3765 31.00204115 -82.81534091
3766 33.59262969 -79.62091921
3767 33.96712687 -80.77469599
3768 35.87909571 -76.62784091
3769 36.27812172 -79.50772621
3770 35.35027646 -80.16477269
3771 34.48514742 -78.67329545
3772 37.22871112 -78.43151311
3773 38.87158655 -78.23234470
3774 37.68851037 -76.71282116
3775 36.83561878 -76.70402366
3776 37.73759206 -79.76720102
3777 36.75919121 -81.53373580
3778 38.85256413 -79.46830826
3779 38.36056904 -81.94602273
3780 38.34365071 -75.91277843
3781 38.58485024 -76.91215909
3782 39.43001142 -79.49651891
3783 38.59722541 -75.56761365
3784 40.06548259 -76.23405215
3785 41.32944305 -75.64392153
3786 40.15733419 -78.60429215
3787 39.93627613 -77.46127394
3788 40.31649008 -79.58344735
3789 41.44855179 -79.71018888
3790 40.82194367 -74.49806577
3791 40.12992457 -74.54594787
3792 39.57972859 -75.37352083
3793 40.59044342 -74.05208335
3794 40.83675596 -72.73114118
3795 42.11389574 -74.02250316
3796 42.18370293 -77.15961905
3797 42.18289990 -79.04439936
3798 42.77429181 -77.67444590
3799 43.37638475 -76.21213040
3800 45.07906581 -71.33644483
3801 43.51871724 -74.18699801
3802 41.46836091 -73.33867110
3803 41.75887643 -71.71514882
3804 42.40302836 -71.16499703
3805 41.58501523 -70.57656133
3806 42.29045686 -72.34409230
3807 44.48369823 -72.57521899
3808 44.04103520 -71.62311263
3809 44.62469805 -70.62443182
3810 45.78809770 -69.04501405
3811 46.70109978 -69.54753891
3812 62.33665038 -48.72491514
3813 65.43138070 -16.18465909
3814 61.47369635 -7.08238636
3815 55.19939580 -6.51988636
3816 54.71876357 -7.12009943
3817 54.31230653 -5.80397727
3818 54.99840932 -7.84943182
3819 53.70902389 -9.83895970
3820 54.06796930 -8.72882974
3821 51.92847114 -8.68742320
3822 52.00465118 -9.96429544
3823 52.16193236 -7.87354277
3824 53.64177002 -6.77346668
3825 52.98902444 -7.65044468
3826 52.31103030 -7.03125000
3827 57.35117079 -3.34171314
3828 57.11943489 -6.30361795
3829 56.48582963 -3.18412468
3830 55.72023830 -2.81161836
3831 56.93272275 -4.01704082
3832 56.03951900 -4.57670455
3833 54.98593940 -4.17331892
3834 51.60853176 -3.24715909
3835 52.03395093 -4.21446631
3836 52.03041828 -3.55001599
3837 52.91026293 -4.40345148
3838 54.06913964 -3.19602273
3839 53.94735825 -2.68465909
3840 54.47004471 -3.41464239
3841 55.26145785 -2.34393730
3842 54.24899703 -1.73125401
3843 53.99975352 -2.42774008
3844 53.82544497 -2.07102273
3845 52.84539882 -2.32670455
3846 53.53792049 -2.51207386
3847 52.31103030 -2.83806818
3848 52.22492013 -1.74457181
3849 53.06223080 -1.90798405
3850 52.59907313 -1.09943182
3851 53.32298837 -0.58069503
3852 52.31103030 -0.79261364
3853 52.26397801 1.07990703
3854 51.70984473 0.61224172
3855 51.31804906 -1.15056818
3856 51.87237287 -1.37244799
3857 51.81450991 -2.12481552
3858 50.71506399 -2.57944132
3859 51.54893698 -2.59197443
3860 50.43090345 -4.73841782
3861 51.19333930 -0.33238636
3862 51.15632406 0.15774269
3863 50.81347927 -0.19891181
3864 50.77032843 -1.77240196
3865 54.63570729 -5.19034091
3866 64.25930140 12.15312929
3867 68.94340404 17.36079545
3868 70.39036416 26.30965909
3869 61.59567290 5.85172094
3870 60.18066081 4.83238636
3871 60.18066081 6.00852273
3872 58.82230237 8.46498978
3873 60.68803174 7.65951765
3874 59.87392739 10.61079545
3875 61.93871318 11.02719155
3876 61.73694371 8.59199001
3877 59.48917668 11.22443182
3878 61.61564257 15.60204665
3879 62.87544970 16.14504554
3880 63.56366083 14.38654434
3881 65.11494310 15.66250967
3882 66.67440007 18.13924861
3883 59.14098920 17.93863636
3884 60.82931982 14.03693182
3885 59.86022928 17.25005429
3886 58.09234156 15.02701139
3887 59.70257580 16.12694541
3888 59.12399209 14.40471385
3889 59.29624554 11.88920455
3890 57.58231025 12.53909040
3891 58.52081653 11.17329545
3892 57.60702569 18.49431820
3893 57.45192585 15.92114078
3894 56.86604615 13.76327526
3895 55.65482416 13.10724061
3896 55.93990885 13.73811903
3897 66.33738906 25.82539241
3898 65.13348556 27.19996098
3899 67.96348082 27.79419528
3900 62.17317014 30.96600505
3901 60.76120602 26.34017743
3902 61.85522319 26.72064005
3903 63.12162479 29.12215909
3904 59.91232094 22.88352273
3905 62.76492191 23.59888399
3906 60.48898626 22.46472603
3907 63.56282341 22.91413495
3908 43.07901319 20.42897727
3909 59.95069967 20.27556818
3910 59.29624554 24.26420455
3911 59.10921162 25.99077707
3912 58.01361036 24.62215909
3913 57.84825875 26.75537627
3914 58.48188953 22.93465909
3915 56.95219024 24.00852273
3916 57.12241801 26.10796536
3917 56.31811527 26.10511364
3918 56.58504116 23.60820897
3919 56.49683099 24.09375002
3920 56.38202919 21.12107686
3921 54.88454557 24.82359985
3922 54.51706774 24.10120739
3923 54.66476153 22.98779013
3924 55.95978730 24.16193182
3925 55.40001436 22.83238636
3926 55.80188341 21.48314865
3927 55.93291994 9.69282670
3928 56.42753142 8.67464489
3929 55.35992009 9.53693182
3930 53.90673514 9.12784091
3931 54.45242517 9.55484397
3932 55.07496859 8.75104665
3933 55.11904534 11.53125000
3934 55.39224533 9.96663585
3935 55.91989932 14.49715909
3936 52.64456557 4.60592535
3937 51.70336094 4.36079547
3938 52.26982311 4.52556818
3939 51.56707769 3.50284091
3940 51.19333930 4.98579545
3941 51.56707769 4.42329545
3942 50.90184382 5.59943182
3943 51.69139639 5.19034091
3944 53.21390262 6.31534091
3945 52.22860136 6.51988636
3946 53.02877490 5.34119318
3947 52.51684798 6.51988636
3948 50.73495724 4.57670455
3949 50.85120622 2.61421614
3950 50.86014382 3.19602273
3951 50.98520049 4.06534091
3952 50.90184382 4.52556818
3953 49.95243840 4.78774350
3954 50.40049192 3.14488636
3955 50.35861894 3.96306818
3956 50.35861894 5.49715909
3957 50.14903823 5.92542614
3958 50.25813494 6.65897727
3959 49.68406469 5.14057428
3960 50.06190062 3.52352966
3961 50.81644263 2.11607141
3962 50.23637119 2.38495781
3963 49.60244804 2.27556818
3964 49.28892549 3.46625555
3965 49.68669659 3.75852273
3966 49.56030229 4.83238636
3967 48.61275857 3.85706680
3968 47.90015463 4.97620739
3969 49.29190795 4.58046455
3970 48.74427413 7.44567689
3971 47.90549323 7.03125000
3972 48.07621185 5.90625000
3973 48.46881425 6.71323050
3974 48.32037144 6.27954545
3975 48.24949045 5.65630313
3976 49.51311080 0.46952478
3977 48.89197223 0.62002841
3978 48.62948100 -0.53693182
3979 49.05706946 -1.62395928
3980 49.30712724 -2.83806818
3981 48.29472717 -4.52148816
3982 48.29494888 -2.57988319
3983 48.32808478 -3.46295848
3984 47.39949823 -1.69712959
3985 48.24670389 -1.81534091
3986 48.44283407 1.99673678
3987 48.30339709 0.87574945
3988 48.68194702 2.82893671
3989 46.52942096 4.35360155
3990 47.27527483 4.57183933
3991 46.44528148 2.48011364
3992 46.44489929 5.44647528
3993 47.39948789 6.24870869
3994 47.17741853 6.62215909
3995 46.87644086 -0.58806818
3996 47.58237788 -0.96455966
3997 47.99088084 0.28125000
3998 46.73504475 -1.90507076
3999 47.81710167 2.38724530
4000 46.80027857 2.31295822
4001 46.66103609 1.25284091
4002 47.50595799 1.20777699
4003 45.26726982 -0.67839315
4004 46.30739321 0.36088860
4005 45.88268716 0.02556818
4006 45.27833313 1.62350110
4007 45.90102394 2.01842535
4008 45.22787822 0.23856924
4009 45.07161185 2.49911887
4010 44.36140069 3.34346594
4011 44.02646431 1.01414097
4012 46.09669182 4.84869978
4013 45.79592547 4.01420455
4014 44.94996105 3.79323066
4015 45.43750120 4.94178254
4016 43.53017884 0.50731103
4017 43.66860461 2.07316616
4018 42.88982294 0.95488635
4019 44.32261078 0.04564626
4020 43.98192386 -1.07461764
4021 43.06972720 -1.22001264
4022 43.44823284 2.86536181
4023 44.37232070 2.21358472
4024 42.99049923 2.27556818
4025 42.43583933 1.97402180
4026 46.05604377 6.00852273
4027 45.28116892 6.44913946
4028 43.51076206 4.45122097
4029 44.00227571 4.83071886
4030 44.55757132 4.98241708
4031 43.25698861 5.90539418
4032 43.56663810 6.60221591
4033 44.04909458 6.72443182
4034 41.75065670 8.84981797
4035 42.90815738 -7.64335462
4036 43.17170843 -6.78007447
4037 42.10240545 -7.79829545
4038 42.06008409 -6.56398156
4039 43.04680035 -4.54929545
4040 41.96986237 -3.85543831
4041 41.52523962 -5.01785714
4042 41.51779475 -2.47954336
4043 40.66539886 -6.63125001
4044 40.85836659 -4.73874290
4045 38.25276430 -6.73572447
4046 39.13785777 -5.50580824
4047 39.81378654 -6.51988636
4048 40.35534833 -3.86079545
4049 40.76029025 -2.53125000
4050 39.72679268 -4.93154100
4051 39.76857223 -2.42897727
4052 38.82930318 -4.54457086
4053 42.34994413 -1.91761364
4054 42.48452920 -2.42731238
4055 42.14693722 -2.68465909
4056 41.57824457 -0.80141267
4057 42.14693722 -0.33238636
4058 40.75780700 -0.65306521
4059 41.60329955 1.79936080
4060 42.09604269 2.14224837
4061 42.18913734 1.04154832
4062 40.76029025 0.33238636
4063 39.53287248 2.68998576
4064 39.51824169 -1.14735876
4065 40.36031724 -0.13460896
4066 38.55306025 -0.52597401
4067 37.63875515 -1.98393111
4068 38.02844505 -2.01429332
4069 38.61998344 -2.58485277
4070 37.31974325 -5.60896261
4071 37.67490216 -4.93465909
4072 37.26684924 -6.86452168
4073 36.41867588 -5.73404482
4074 37.44604222 -3.11294859
4075 36.83254791 -4.57698395
4076 36.87333424 -2.84486957
4077 37.97808683 -3.68181818
4078 41.68613402 -8.81608853
4079 41.40885963 -7.03819682
4080 40.62542715 -7.90056818
4081 39.22499606 -8.87215909
4082 41.02966277 -8.66761364
4083 39.59561794 -8.78102090
4084 38.04094299 -8.61647727
4085 38.95251558 -7.79829545
4086 37.85222568 -7.83068952
4087 37.15019071 -8.67400568
4088 53.49969864 9.84375000
4089 53.54046815 10.50852273
4090 53.66268890 10.40625000
4091 53.45929219 8.64962120
4092 52.96475003 9.81550800
4093 52.02227457 9.63920455
4094 52.62127720 8.85442633
4095 51.69139639 10.71306818
4096 51.64997133 10.15056818
4097 52.39340104 7.69602273
4098 53.37730235 8.20738636
4099 53.16023614 7.98686080
4100 52.67923664 7.73780487
4101 52.46845302 7.30873999
4102 53.35072730 7.02256648
4103 53.65807734 12.22966181
4104 53.45515734 13.26584930
4105 53.29563171 14.39488636
4106 53.71827141 13.04862326
4107 54.15025393 13.16761364
4108 52.43456458 13.10965911
4109 53.04037672 13.49059014
4110 52.94116095 11.91549733
4111 51.66523488 14.71785285
4112 52.18736508 11.01988636
4113 51.40111653 10.20170455
4114 51.40111653 11.78693182
4115 51.36454918 11.33853459
4116 51.52560913 12.40056818
4117 50.98520049 14.19034091
4118 51.06849938 12.29829545
4119 50.41766640 12.15275349
4120 50.69319952 11.73579545
4121 51.02685716 10.61079545
4122 50.35861894 11.22443182
4123 50.31673157 7.95170455
4124 51.60853176 9.63920455
4125 50.52602448 9.07670455
4126 50.14903823 9.17897727
4127 49.40131655 9.24584789
4128 49.68669659 8.46306818
4129 49.09575498 7.13352273
4130 49.83098929 6.32629872
4131 49.30712724 6.72443182
4132 49.56030229 6.67329545
4133 50.81842939 6.11079545
4134 50.48419470 6.72443182
4135 51.48412608 6.11079545
4136 50.81842939 6.67329545
4137 50.50736373 7.18308568
4138 51.89055164 7.02166193
4139 52.00954569 7.36990783
4140 51.81558457 8.10511364
4141 51.19333930 7.59375000
4142 51.60853176 8.05397727
4143 51.81893919 8.56810503
4144 48.87242631 8.30481459
4145 48.00356218 7.75271102
4146 47.64899113 8.97443182
4147 48.28929147 10.20170455
4148 49.13541447 9.64879261
4149 48.50467327 9.29723011
4150 47.94819411 10.15056818
4151 48.10371595 9.41724307
4152 48.07621185 8.82102273
4153 49.26888633 10.26083853
4154 49.47596783 9.53693182
4155 49.80346955 9.67434438
4156 49.94172468 11.28196023
4157 47.87527898 12.13291549
4158 48.65425094 12.64857955
4159 48.74537679 11.08998343
4160 49.20801579 11.56492519
4161 47.27576175 8.63996431
4162 47.25687965 7.95017807
4163 46.87644086 7.23579545
4164 46.79354141 8.42674705
4165 46.05604377 5.80397727
4166 47.17741853 6.31534091
4167 45.99514307 6.86450097
4168 6.92055111 157.62784091
4169 46.54540608 9.77886266
4170 47.02318500 10.46612603
4171 47.22708093 12.50232438
4172 47.09149512 9.69034091
4173 46.91947978 12.19602273
4174 46.79180629 15.10050943
4175 47.24462371 13.97306189
4176 46.70476671 13.03559330
4177 48.37442405 15.98011364
4178 47.79451578 15.76272876
4179 48.47377941 14.86160110
4180 47.96039175 13.35024353
4181 47.74523901 16.98153407
4182 47.69177679 16.54261364
4183 49.34402417 14.64629768
4184 50.23291366 15.31534091
4185 49.68669659 12.86079545
4186 50.52602448 13.93465909
4187 49.17829419 13.77107238
4188 48.66169315 13.90291926
4189 49.18034673 17.41193182
4190 49.64457948 17.20738636
4191 48.36213637 17.26536165
4192 47.88427528 17.47527494
4193 48.88402596 19.15056818
4194 48.50201646 20.78693182
4195 48.72344127 21.43900186
4196 46.70414506 16.74715909
4197 46.11558369 18.15660511
4198 47.11747226 19.77807201
4199 47.01288742 17.35232144
4200 46.83338793 18.38352273
4201 45.92604716 17.41193182
4202 46.44528148 18.74147727
4203 47.64899113 19.61079545
4204 46.45337859 21.84801136
4205 47.34909664 21.19602273
4206 46.06566815 20.11079547
4207 47.09149512 20.78693182
4208 47.30619821 21.96306818
4209 45.88268716 20.58238636
4210 45.44832391 21.29829545
4211 46.79032098 23.29261364
4212 46.38480759 23.62586538
4213 45.48985462 22.73335302
4214 45.62223556 22.83238636
4215 19.45714769 -155.65342817
4216 45.62629627 24.51558518
4217 46.42968568 25.41761366
4218 47.17741853 23.24147727
4219 48.11885612 25.49147727
4220 47.85549013 25.72610293
4221 43.96758951 24.74786935
4222 44.09303293 23.59943182
4223 44.12477345 22.99585776
4224 44.76751454 24.44789976
4225 45.01257718 26.20738636
4226 44.44404808 26.82102273
4227 46.11486218 27.38884940
4228 47.09149512 26.46306818
4229 46.90835035 26.17211991
4230 46.44528148 28.15056818
4231 44.93609508 28.54023520
4232 45.23062311 29.94034091
4233 47.73491645 27.64360652
4234 45.70910826 29.07102273
4235 45.45278595 28.59997817
4236 53.33647434 14.95738636
4237 53.91989310 16.24029893
4238 52.31103030 14.80397727
4239 50.87020306 17.03453103
4240 51.35959003 15.92897727
4241 50.17577977 17.97911934
4242 50.40049192 18.69034091
4243 37.62814277 61.37897727
4244 51.18743963 14.84568424
4245 49.64457948 17.66761364
4246 49.39157613 18.23011364
4247 53.74409622 18.63920455
4248 54.15436365 18.03761673
4249 53.17301616 16.33806818
4250 53.90673514 19.35511364
4251 53.33647434 19.45738636
4252 54.05375939 20.45546852
4253 53.70339988 21.70738636
4254 53.58801411 19.19973774
4255 55.04777644 22.00606921
4256 52.52890353 16.25719295
4257 52.70209507 17.97496727
4258 52.14611425 16.54261364
4259 50.23291366 24.57102273
4260 50.06810393 19.16396105
4261 49.77088782 20.37784091
4262 50.04952381 21.95687383
4263 51.98096561 20.32670455
4264 53.94735825 22.98579545
4265 52.64756467 19.98078208
4266 53.14909081 22.03291191
4267 50.75922228 19.17123576
4268 50.84486738 22.57481061
4269 51.15174045 19.20170455
4270 51.06849938 20.53125000
4271 49.26488136 21.96306818
4272 52.02227457 22.83238636
4273 50.34043547 19.75073446
4274 53.05026914 27.17897727
4275 53.31920349 23.07252452
4276 44.31168840 7.45682088
4277 45.65481932 7.24218750
4278 45.30954756 8.06390376
4279 44.70106003 8.00643426
4280 44.13695763 9.33238636
4281 43.85227669 7.63366132
4282 45.62223556 8.82102273
4283 45.86100194 9.95201530
4284 44.96892665 10.09943182
4285 45.55393953 12.50365260
4286 45.01015249 10.81534091
4287 44.96892665 11.83806818
4288 45.57877842 12.96306818
4289 45.89124614 12.88468151
4290 45.94772196 10.70348011
4291 46.65634021 11.56415952
4292 45.70910826 13.32102273
4293 44.66298774 9.69034091
4294 44.61922723 10.40625000
4295 44.20281910 10.94318182
4296 44.66298774 12.09375000
4297 44.25011440 11.67804665
4298 43.60896228 11.63352273
4299 43.47483825 10.39201614
4300 43.96117698 10.30397727
4301 43.01295824 11.48951373
4302 42.84529677 10.82467887
4303 41.49900334 12.89822518
4304 42.29157336 11.56655843
4305 42.32493090 12.55397727
4306 42.97505957 13.19941273
4307 42.29846787 13.11187500
4308 40.53545306 14.24147727
4309 40.24734093 15.20998236
4310 41.02966277 16.03125000
4311 41.60705554 15.34355407
4312 40.15136002 17.84983991
4313 38.08664163 15.31534091
4314 38.85231259 16.30237301
4315 40.50920075 15.97883523
4316 37.44572032 13.57670455
4317 37.73531514 14.33830996
4318 36.98642448 14.65056818
4319 39.21331106 8.53746832
4320 40.47395985 9.15780615
4321 46.48846036 15.34310064
4322 45.95855805 14.18714489
4323 46.09934814 14.19034091
4324 44.96892665 14.13920455
4325 45.57877842 15.46875000
4326 45.17515323 15.74612601
4327 44.70266565 14.92250262
4328 44.88158428 14.49715909
4329 45.57877842 16.13352273
4330 45.88268716 17.00284091
4331 45.53930534 17.44132055
4332 45.15567789 18.53993986
4333 43.22603879 16.87915212
4334 44.76139869 14.15198864
4335 42.78120928 17.26028606
4336 44.40021905 18.07670455
4337 44.04909458 16.54261364
4338 44.90069513 15.67968750
4339 43.78517839 18.94602273
4340 43.56487432 18.38352273
4341 42.99049923 17.20738636
4342 43.56487432 17.20738636
4343 -13.80714087 27.96835270
4344 44.94631650 19.29941151
4345 44.85974009 20.66548295
4346 44.66298774 18.38352273
4347 44.37920935 19.36321829
4348 44.20909002 21.54899644
4349 43.50606928 21.69566760
4350 43.52077279 20.07102273
4351 42.99049923 21.19602273
4352 42.63920981 21.91465181
4353 42.10240545 19.09943182
4354 -16.92971726 -151.64488636
4355 42.38839057 20.59540287
4356 42.59152040 20.37784091
4357 43.32186875 19.38230008
4358 40.76211194 21.72880836
4359 42.04857846 21.36690343
4360 41.44250670 22.12845515
4361 41.59764193 23.50469843
4362 42.63590510 23.37294723
4363 43.26692619 23.21590909
4364 43.48462396 26.57741477
4365 43.18153683 25.58029306
4366 40.80521845 21.55397727
4367 43.11149212 27.43789556
4368 42.10240545 24.62215909
4369 42.31092454 25.94124486
4370 42.32493090 26.71875000
4371 40.98455893 22.85520530
4372 39.08881332 19.91761364
4373 40.44542676 21.91193182
4374 39.31572054 22.62784091
4375 40.35534833 22.67897727
4376 39.63533184 20.33160801
4377 40.86296401 24.64772727
4378 39.72334501 19.15056818
4379 38.54293477 20.42897727
4380 41.20898175 26.61647727
4381 40.94480285 25.80311265
4382 41.47756491 26.00284091
4383 40.15946284 21.15432225
4384 39.31572054 22.67897727
4385 39.45999945 21.05446229
4386 38.04094299 23.24147727
4387 38.44196208 22.16051136
4388 38.80111141 22.22165547
4389 38.63957153 20.95860390
4390 38.67957606 23.24147727
4391 36.71025367 22.42329545
4392 37.90377168 22.67897727
4393 40.02601563 20.64184727
4394 37.90377168 21.55397727
4395 37.60794282 26.67941432
4396 38.30146403 25.90114930
4397 37.72070109 24.67329545
4398 36.66418213 26.92329545
4399 35.18346561 24.16193182
4400 35.04401587 25.49147727
4401 41.73926562 19.79905981
4402 42.15205498 19.91114811
4403 41.37530355 24.35917209
4404 40.56488640 19.42086038
4405 40.14496291 20.22784093
4406 35.87909571 14.08806818
4407 34.78828575 32.44783285
4408 40.77924117 41.38514611
4409 35.09534103 33.07360536
4410 41.44546528 27.48820188
4411 41.05889813 27.52802954
4412 40.98480015 27.28125000
4413 40.98480015 29.78693182
4414 40.63584758 29.82060701
4415 40.13851809 29.84963472
4416 39.37717324 27.74706847
4417 39.97940643 27.21206552
4418 40.34971670 29.32919034
4419 36.89441683 27.84375000
4420 39.78980887 30.52035440
4421 38.18732506 27.48211742
4422 39.03417136 29.29306219
4423 37.49537493 28.87033428
4424 37.46466451 28.04134756
4425 37.51892608 31.80815166
4426 37.93511819 30.41048690
4427 36.84839450 30.75852273
4428 39.58758597 32.13920455
4429 40.34320294 35.41928047
4430 38.29907941 36.38284752
4431 39.58591610 40.65246598
4432 41.42728422 33.02509352
4433 40.62466272 30.83327161
4434 40.96516863 40.88671875
4435 40.44134689 37.48114330
4436 40.78058203 40.55361070
4437 40.54548798 42.16205184
4438 41.20104170 41.69005323
4439 38.81070106 41.16876776
4440 38.96500305 38.80553835
4441 37.92799246 38.46344119
4442 39.14967517 42.56231865
4443 38.08904649 42.27609150
4444 37.47103211 43.83206473
4445 37.87263838 40.66255324
4446 36.88738366 35.37687324
4447 36.29637474 32.55211161
4448 37.59908689 35.63567090
4449 36.05425568 37.43903971
4450 36.88949680 36.92865564
4451 36.71274367 39.16561730
4452 35.92537460 35.76988636
4453 36.54472294 40.85965907
4454 33.24721818 36.94259787
4455 33.97136009 36.58806818
4456 35.42225102 40.59515245
4457 34.78109458 36.14034089
4458 32.70429391 36.26442885
4459 33.84671441 38.30333364
4460 30.34690880 36.37699676
4461 30.34675556 35.36765519
4462 32.54972531 38.50415115
4463 30.10083481 37.35479797
4464 33.73735300 35.71875000
4465 33.58743609 35.45576299
4466 34.32262850 35.78751961
4467 33.12584012 35.17140150
4468 32.57765182 34.85284093
4469 31.68105278 34.76370319
4470 31.94952018 34.64488636
4471 32.15028765 34.69602273
4472 31.35709818 34.84668257
4473 30.84853865 34.64967252
4474 29.52485840 35.36079545
4475 35.23927576 41.56523023
4476 36.73270908 42.21051136
4477 35.32280783 44.10511364
4478 33.49762875 44.49218748
4479 34.07961078 43.79297016
4480 36.20818547 44.20488600
4481 32.42159171 43.23579545
4482 31.75192607 46.74981012
4483 31.46464385 42.13413061
4484 30.06202593 47.77425000
4485 29.83394348 46.33190821
4486 30.80524660 45.14465940
4487 29.50232154 47.13220099
4488 53.94735825 24.21306818
4489 53.20594599 23.64885220
4490 53.95382344 25.89576760
4491 52.76334857 25.54261364
4492 52.05840799 24.19657670
4493 52.64016385 27.07670455
4494 51.95438087 26.08256434
4495 54.57985308 32.03480117
4496 53.10602563 29.55422429
4497 55.35457309 29.58605770
4498 55.32036827 29.93252840
4499 53.44845468 26.28317306
4500 52.78922351 28.83863639
4501 52.81298269 30.28048021
4502 48.10665299 23.61337809
4503 49.22262118 23.54829545
4504 48.96876035 25.64488636
4505 48.28929147 24.67329545
4506 48.50215768 27.86413659
4507 49.06386723 26.33504466
4508 50.94352938 26.25852273
4509 51.40111653 24.36647727
4510 50.12386439 29.89176136
4511 50.25711700 27.68754058
4512 49.30712724 28.91761364
4513 49.18034673 30.45170455
4514 51.56707769 33.05965909
4515 49.98332378 31.90762207
4516 45.31774489 33.26420455
4517 46.25537414 32.39424112
4518 45.09983692 36.38352273
4519 44.41300395 33.64879260
4520 47.07079903 29.82988636
4521 48.02544318 30.28582831
4522 47.88583343 31.46754938
4523 48.49567159 32.40185083
4524 49.28468589 34.74556108
4525 46.79032098 34.23579545
4526 47.73454833 34.69602273
4527 48.16148621 38.27556818
4528 47.90549323 38.42897727
4529 51.42501781 37.02742348
4530 50.23291366 35.20738636
4531 48.69732830 40.34926222
4532 49.85790367 39.73492892
4533 62.88546588 43.10061535
4534 69.23704857 30.48552271
4535 63.63051680 30.56620924
4536 64.33879253 32.80397727
4537 64.92315432 49.93465909
4538 67.14920329 53.50809211
4539 62.15131175 49.32102273
4540 62.13424407 36.50198942
4541 59.73395736 39.33506398
4542 59.86361473 45.48973633
4543 60.56274365 42.87784091
4544 59.88600925 38.01328901
4545 61.82412853 39.46869409
4546 59.64325482 30.70738636
4547 60.94334447 33.67329545
4548 59.34225608 28.55749520
4549 59.60475751 30.04261364
4550 57.24274062 37.06215407
4551 55.28202058 34.48630416
4552 56.95219024 33.11079545
4553 57.74717130 39.85399677
4554 49.25202466 121.88448552
4555 58.01495819 32.83323009
4556 58.87049298 34.49147727
4557 56.65048549 31.48373787
4558 57.07065823 28.25284091
4559 55.68026187 31.16761364
4560 55.27258130 38.00695137
4561 57.87923820 36.05454542
4562 54.92478993 35.47521307
4563 54.02856050 37.81534091
4564 53.71337151 39.59621008
4565 55.98371300 39.65625000
4566 53.81024790 35.17165979
4567 52.43703393 36.63204545
4568 52.58217252 31.52704899
4569 52.31168427 38.09788962
4570 50.63441677 37.01875868
4571 51.02366398 39.92343750
4572 55.92222655 44.05397727
4573 54.47412436 42.46875000
4574 56.13456246 42.36072638
4575 57.35517134 42.32666449
4576 58.30868308 43.91687332
4577 52.63400664 40.30142272
4578 61.06530419 57.21731555
4579 57.36325940 44.39938347
4580 57.42526382 48.04261364
4581 58.20898581 52.49147727
4582 55.11904534 50.08806818
4583 58.63750867 52.28693182
4584 55.90940223 47.14274230
4585 54.35278301 46.55965909
4586 53.62196329 49.88352273
4587 54.67606630 45.99715909
4588 47.11608901 47.14258147
4589 51.40111653 43.84943182
4590 50.77670053 47.83806818
4591 50.18588709 41.96203512
4592 48.32282988 45.74428517
4593 45.50787520 45.40021016
4594 54.27181539 53.30965909
4595 53.51974549 48.87136365
4596 51.84247479 47.99659091
4597 48.50201646 43.38920455
4598 47.27214925 42.67718627
4599 46.60807613 39.74416865
4600 45.66069013 38.16682926
4601 44.63720803 38.96571089
4602 45.46664224 41.64816871
4603 43.99422307 40.99023020
4604 41.36643488 47.30559019
4605 42.18679552 46.00491264
4606 42.73283341 43.72309493
4607 42.99049923 44.97443182
4608 43.23922896 43.63981619
4609 44.24627944 45.26605565
4610 56.82584752 60.64669657
4611 53.42619109 59.33525436
4612 51.90143103 58.01116347
4613 56.49153415 68.66126351
4614 60.61660056 65.65356926
4615 57.58248176 87.00852273
4616 57.00469453 72.63899151
4617 62.52654196 67.61620493
4618 58.62564706 71.45851991
4619 52.55141304 80.24194437
4620 50.10707896 88.23579545
4621 62.16169171 126.83503473
4622 64.94934721 120.55014629
4623 61.59266926 84.15291360
4624 26.73854514 55.80030078
4625 61.28461830 144.02556818
4626 59.21896935 138.96306818
4627 64.85031523 157.37215909
4628 62.84092602 155.09990485
4629 56.23859012 160.64488636
4630 57.89620744 160.38920455
4631 53.91248932 105.80800858
4632 54.58157657 96.20960288
4633 56.51205137 89.23147962
4634 50.63963442 113.07302233
4635 50.69399259 117.13611043
4636 53.69415916 131.93765156
4637 54.28494726 124.34735516
4638 44.05477701 134.22323178
4639 49.85250648 138.49678928
4640 52.53986321 135.97211091
4641 51.65783620 132.44269894
4642 51.27649361 142.49147727
4643 49.39547570 142.80109885
4644 50.32471121 155.55560063
4645 45.05966663 147.86373856
4646 41.77692767 44.28607065
4647 42.25141728 44.16270934
4648 42.37337184 42.87756375
4649 41.19105933 43.71579547
4650 41.96315781 41.81036932
4651 43.15651824 40.51220824
4652 41.54527505 41.61404219
4653 -21.99570591 166.06534091
4654 40.15412350 44.00558386
4655 40.69118438 43.75573108
4656 39.57391255 45.37803155
4657 39.33724084 45.02773498
4658 40.24644642 48.45991991
4659 40.94364389 48.69580301
4660 40.51324945 47.73223964
4661 39.45171107 46.50852273
4662 39.80204382 47.33400973
4663 38.79300384 48.37698205
4664 37.73188045 46.02135186
4665 38.63368999 45.21550326
4666 39.18291309 44.33760573
4667 36.61765300 45.03791997
4668 38.99796092 47.32670455
4669 37.30806180 48.96306818
4670 36.13992846 51.70044927
4671 36.28830279 53.40075039
4672 36.87255776 54.40802559
4673 34.51761938 46.01241752
4674 35.76603830 46.29832849
4675 33.79375400 45.65721851
4676 33.56022808 47.76528876
4677 35.38962226 52.02343059
4678 34.85791611 47.32670455
4679 36.42130208 47.48609618
4680 35.70506850 49.74688416
4681 35.00702254 49.88270920
4682 34.79521228 52.80047744
4683 31.75454280 51.65186824
4684 33.59022581 49.82666395
4685 33.48009213 54.22695985
4686 32.31521228 55.63814369
4687 31.27591352 47.85432346
4688 30.36186653 48.21321513
4689 32.39579614 47.92541594
4690 31.35036946 49.64557899
4691 28.14292648 53.93582913
4692 28.43527046 50.92690122
4693 30.27721947 53.89019049
4694 27.37108508 52.42033105
4695 29.26525489 55.69507084
4696 30.21787688 58.09826736
4697 26.44702296 54.34649294
4698 27.08312868 56.75113636
4699 28.97615984 58.59785291
4700 26.62679809 59.79153416
4701 26.34126546 56.96590909
4702 25.32046994 61.08541420
4703 35.05980734 60.06701378
4704 33.22418955 57.69964693
4705 35.26176625 57.42660252
4706 37.51299407 56.56978754
4707 20.50211352 41.21942824
4708 19.74027683 40.53570730
4709 24.22450356 39.11738599
4710 27.15660792 36.46449885
4711 19.00542943 42.35584638
4712 29.49990589 40.14759370
4713 21.74656132 48.56158585
4714 27.33970362 46.74845925
4715 20.94293309 44.77024555
4716 26.43468401 43.37869592
4717 17.99651135 47.36470336
4718 25.52119582 50.54829545
4719 26.94364088 48.96123372
4720 24.98557602 50.24147727
4721 24.82059999 50.94596756
4722 23.18424999 58.28240956
4723 24.28156996 55.00142044
4724 25.32249828 55.78267045
4725 24.38469859 55.88455577
4726 22.84991509 56.86325356
4727 20.75078734 58.16272802
4728 20.82159739 55.82245336
4729 15.41313173 49.68633155
4730 19.02495433 57.19602273
4731 15.74701141 50.83609515
4732 14.13439014 45.90763062
4733 12.04914666 52.03125000
4734 16.16749658 44.04574841
4735 15.69351575 42.86320982
4736 16.70696181 45.21845306
4737 49.25381987 68.71636503
4738 48.20152786 50.60742188
4739 48.28632132 62.98322922
4740 53.10606966 69.50723794
4741 52.83022712 66.21749985
4742 43.37809989 71.64689114
4743 43.31175852 78.28082530
4744 48.11885612 78.31534091
4745 48.23839839 83.50971719
4746 40.51037693 73.70900755
4747 41.89189167 77.95532178
4748 41.63311922 60.89808953
4749 42.76485005 59.25700452
4750 43.86791275 67.16204898
4751 42.98376947 53.56586577
4752 41.32024130 69.96545995
4753 41.45559100 58.04945703
4754 42.98663339 69.30207721
4755 40.17205773 64.88129306
4756 39.88009139 67.58801581
4757 38.76055604 65.66893215
4758 39.97990454 69.00626669
4759 40.57340694 70.84743136
4760 41.43406213 72.20584892
4761 36.50324473 61.36664364
4762 38.46965975 61.70936022
4763 38.68698045 63.86847525
4764 38.35370157 68.50340427
4765 38.05905381 72.25024178
4766 34.45629994 69.49797080
4767 37.07838274 73.15056818
4768 35.34102847 66.36157558
4769 34.87245590 61.42415308
4770 33.64701111 66.08434127
4771 33.23697274 62.17943681
4772 30.62182159 65.01988636
4773 35.07189785 69.70705272
4774 33.22864790 68.70056732
4775 33.83148001 71.10199555
4776 31.40371356 69.17031982
4777 28.86140790 63.98455469
4778 28.57766219 66.77334813
4779 26.05568404 66.14488636
4780 36.39094714 72.32955331
4781 33.84324822 74.22162392
4782 36.05197229 73.82050272
4783 34.26635752 76.64294495
4784 30.99858913 73.61525644
4785 30.10615700 71.42463844
4786 32.11661941 74.33174813
4787 33.77669531 73.08044345
4788 28.27364420 70.66991184
4789 32.05875930 72.10637770
4790 31.46134787 78.06929819
4791 31.21326239 74.75498161
4792 31.61166570 76.69176136
4793 28.13130960 75.79324964
4794 29.93901248 74.20036766
4795 29.96942852 78.68227791
4796 28.14780798 79.10835699
4797 26.97090124 78.97646102
4798 24.54651386 78.31534091
4799 26.52351337 80.65913962
4800 25.18703095 81.68298484
4801 27.29968453 81.63859306
4802 25.34369850 83.41787286
4803 26.87494964 83.06487343
4804 25.69311008 85.54975624
4805 24.18156930 85.40950209
4806 22.92127564 86.10107395
4807 25.49748963 86.60914123
4808 22.03587215 87.31775598
4809 25.46900752 87.74118527
4810 23.76755629 87.82376216
4811 24.19674755 89.96452947
4812 24.63900154 89.29148410
4813 22.27489701 89.76701184
4814 21.95930483 91.95854380
4815 26.02199268 90.58297976
4816 24.90442500 93.92146031
4817 27.52915712 95.52066116
4818 21.30505196 83.73579545
4819 21.54024571 85.96337477
4820 19.77022689 83.88920455
4821 25.88696656 74.01032131
4822 26.79656403 70.15493986
4823 26.44456193 73.31756364
4824 28.27812385 74.58238636
4825 26.65907963 76.56989513
4826 25.22455228 75.07176136
4827 25.95095894 78.03707385
4828 22.13228708 75.16425375
4829 23.02797394 77.01848535
4830 24.76076266 79.06121366
4831 24.24617138 81.13475894
4832 22.51076977 80.21839116
4833 21.66629886 76.63410251
4834 21.41588174 79.13242483
4835 20.46429509 76.57670455
4836 18.34584628 80.95878056
4837 21.17103553 80.93977497
4838 21.94552218 82.48897519
4839 23.09567876 82.72152685
4840 16.35853418 78.12502727
4841 19.51626343 75.33891307
4842 18.77997922 79.17493168
4843 17.60884223 76.97052476
4844 17.53307438 80.21249151
4845 25.03510685 69.49132338
4846 27.80673232 68.98078161
4847 23.86000406 71.20600962
4848 21.84784301 72.28125000
4849 22.85683510 73.65018672
4850 23.64866238 70.33751581
4851 23.93758871 72.74622564
4852 22.04497709 73.15056818
4853 20.33662629 72.98491515
4854 19.65609598 72.92838626
4855 20.87539504 74.94180857
4856 18.07861287 73.30397727
4857 17.55054487 74.65384754
4858 15.92787475 73.91761364
4859 16.34859827 75.16040988
4860 15.47623546 73.61079545
4861 11.63473533 78.88218678
4862 17.40327615 82.36736709
4863 16.06163296 79.81655845
4864 15.13019162 79.34143643
4865 14.75097235 77.00296434
4866 10.12414370 78.92897727
4867 10.11012578 77.88060501
4868 11.95319684 77.96905210
4869 11.79622282 79.54261364
4870 13.47902986 77.66831618
4871 12.65385692 76.03348546
4872 13.96337126 76.26767559
4873 16.22746490 75.35397876
4874 12.57116761 74.97233345
4875 9.97255353 76.20904059
4876 9.58641592 76.55344461
4877 10.52992065 92.22443182
4878 7.48712057 79.76855081
4879 9.08656103 80.08842037
4880 7.52443998 80.53510699
4881 8.02850438 80.97948230
4882 6.76768864 72.69034091
4883 28.91239207 82.08549276
4884 28.08503420 81.64251895
4885 27.67468787 88.29141090
4886 27.26202431 90.86498335
4887 16.97280373 95.79243037
4888 16.31046063 94.50196681
4889 17.17434775 96.78493933
4890 18.14536606 96.87607757
4891 23.00562051 95.33230282
4892 20.92006378 95.70157829
4893 19.82920819 94.66957989
4894 18.98509207 94.67494941
4895 19.96309024 97.13122261
4896 23.86098588 94.29157248
4897 22.31774193 96.89544399
4898 26.20883190 96.13425968
4899 24.74174377 96.77556818
4900 15.61312593 97.87919052
4901 13.53220925 98.30436914
4902 18.94022150 93.92941365
4903 13.76374739 100.48476242
4904 14.29373135 99.81372799
4905 16.39706755 98.66477270
4906 17.16617432 99.77479522
4907 14.56949649 102.14587795
4908 13.66012437 101.78626771
4909 7.28241605 99.32531431
4910 14.44421511 98.76616118
4911 9.47401684 98.87064111
4912 18.03833085 97.99461501
4913 20.78771418 101.36387373
4914 18.45077390 102.08937114
4915 16.52833318 103.58947928
4916 15.24151740 104.73434795
4917 18.35860284 101.15317084
4918 17.35043919 104.88515988
4919 15.76685444 106.11368980
4920 14.18561250 105.33953444
4921 12.00075442 105.60652389
4922 12.34674451 102.15222770
4923 13.56107864 104.36940082
4924 12.27956721 104.82025802
4925 13.71115299 106.52070917
4926 20.80744929 106.51836339
4927 20.15293173 105.72497008
4928 22.54113907 105.50238960
4929 21.92128555 103.01152914
4930 21.37489413 106.79756492
4931 19.67890125 105.06860166
4932 14.97516181 108.23487049
4933 16.79269443 106.55710461
4934 16.02260052 107.82670454
4935 12.80050052 108.07613908
4936 12.45020982 108.81738634
4937 10.61202137 105.99536071
4938 11.08596284 107.76218630
4939 10.22561220 104.65056818
4940 9.11099997 105.03950533
4941 1.21018230 103.49147726
4942 2.13263496 102.75736802
4943 2.20983966 101.92806818
4944 3.25625119 101.18215662
4945 5.33988147 100.15056818
4946 5.60282993 100.47705418
4947 4.10277639 101.90884454
4948 5.20361621 102.49255652
4949 6.53435825 100.60340226
4950 4.21684554 114.57102273
4951 1.25279099 110.42897727
4952 3.45503463 114.47239786
4953 5.01941926 115.85355019
4954 5.01798764 117.95240552
4955 -2.03340788 101.89751594
4956 -3.79884154 104.93092938
4957 -0.35413793 102.79045007
4958 0.73351269 101.83726606
4959 0.84373475 104.34375000
4960 -4.26791185 105.11079545
4961 -2.16296621 105.60685694
4962 4.47215991 97.33806818
4963 3.28208275 98.63179220
4964 3.95419280 96.60693994
4965 -1.12773927 100.73329855
4966 2.22415248 98.20738636
4967 -4.81148073 103.67184196
4968 1.37100102 97.01442307
4969 12.60516117 44.51420455
4970 -6.43765399 107.22067180
4971 -6.92677312 106.33582948
4972 -6.81915251 108.10545285
4973 -7.73463587 109.97655898
4974 -7.21668126 110.20531541
4975 -7.43119845 112.11850795
4976 -8.09339254 111.84204012
4977 -8.25060321 113.85909312
4978 -6.97149982 115.08238636
4979 -0.62320545 114.42663527
4980 -2.50740255 115.58974111
4981 0.71583146 115.24790792
4982 1.99177241 116.47508006
4983 0.30544900 110.06814181
4984 -2.03122239 111.43630616
4985 0.12747559 110.81043020
4986 2.43312199 115.50924731
4987 -5.49294805 120.04261364
4988 -3.54803182 119.65111803
4989 -3.16106158 118.95831818
4990 1.15052952 124.59375000
4991 -1.21180467 122.35645723
4992 0.68481182 121.88216511
4993 -2.10949509 120.09862468
4994 -4.67637955 122.80397727
4995 -8.75282425 115.28693182
4996 -8.74858770 121.05308951
4997 -8.57044186 118.21557554
4998 -9.66251859 119.34927312
4999 -8.53045740 116.24625000
5000 -9.83069133 124.00808824
5001 -8.56345675 122.44441214
5002 -9.30387899 124.67384310
5003 -8.73244273 126.22412470
5004 -1.61068937 127.45738636
5005 1.45730779 127.55965909
5006 -3.48271115 126.19390526
5007 -3.45189439 130.01332290
5008 -7.88808537 126.07670455
5009 -1.09939809 135.74147727
5010 -1.74740242 132.34817710
5011 -3.30235207 137.61391638
5012 15.33643326 120.21620334
5013 17.73135321 121.13340157
5014 13.25442666 123.48404310
5015 10.47921280 119.22443182
5016 8.75282425 117.43465909
5017 9.97744952 122.72072410
5018 11.03676853 124.54261364
5019 6.56481074 124.94834678
5020 8.17872193 124.11265602
5021 5.18679582 119.94034091
5022 48.13654933 107.15159659
5023 44.19496261 105.92688027
5024 47.43485124 115.74715909
5025 45.44988858 96.52557661
5026 51.73280696 97.38920455
5027 30.61154514 115.79742665
5028 30.59361399 117.55706957
5029 32.41040818 117.02163462
5030 29.46422594 117.45337863
5031 31.59113508 117.33006820
5032 30.44930638 118.24473390
5033 33.28975799 117.77358615
5034 31.71700831 117.93323864
5035 32.56612219 115.79551742
5036 40.22013306 122.75284091
5037 41.85400571 122.26893438
5038 38.77060679 121.57670455
5039 27.13752095 117.16772727
5040 26.57058722 119.29396198
5041 23.48862984 120.25374101
5042 25.27787136 116.46306818
5043 23.95874084 117.05739581
5044 39.48893052 97.89662388
5045 34.37510615 103.11340981
5046 36.05088154 102.90192607
5047 37.36313863 106.16452169
5048 35.88635291 104.90697501
5049 23.58749948 114.68902214
5050 23.38430660 116.00194965
5051 21.79605394 108.73150773
5052 22.24197915 114.05965909
5053 18.78974044 109.03320890
5054 24.47449683 112.49248515
5055 23.19189872 111.95224752
5056 24.00074911 106.10661227
5057 24.52293247 108.13546473
5058 24.11417421 110.87704687
5059 27.93812630 106.73173641
5060 26.85267672 104.83476617
5061 27.89959162 108.24060130
5062 34.58477857 113.79804653
5063 34.03348775 115.69953027
5064 34.18487788 112.30623056
5065 34.97584389 112.23240970
5066 33.97403975 114.37846236
5067 33.10067320 111.54827040
5068 31.88078879 114.87449030
5069 35.28198847 113.94240223
5070 30.24819858 113.44181149
5071 31.23507940 113.38652945
5072 30.24791827 115.25451203
5073 31.11458970 112.66121158
5074 30.98693639 110.95691195
5075 30.21583269 110.81665268
5076 29.53840587 113.83934661
5077 32.26549234 110.07394788
5078 27.77248476 113.07812129
5079 29.25595785 110.65097056
5080 27.21723396 110.97505002
5081 26.73166262 112.43469999
5082 29.23451574 113.10963591
5083 28.86252562 109.73929705
5084 25.22826833 111.66771984
5085 -3.45066118 151.69602273
5086 39.85898794 107.41193182
5087 45.11704920 123.81272611
5088 44.18086869 113.13920455
5089 41.44213124 99.47072603
5090 33.69273486 119.78750158
5091 31.52370122 119.73579545
5092 31.15630618 121.37581171
5093 31.10581713 120.46002909
5094 31.79223614 121.26362477
5095 32.07487848 120.81113703
5096 34.26301542 118.61375451
5097 32.81424316 119.41648594
5098 32.13784099 119.26339287
5099 28.13436634 115.37510083
5100 28.10788117 117.14562747
5101 26.67109447 114.67509259
5102 27.05623333 116.02619218
5103 29.21178669 115.39126028
5104 25.20034755 114.51105966
5105 29.21711174 117.00963184
5106 47.69196746 129.24332744
5107 51.97092939 123.12963118
5108 46.13970290 132.07934756
5109 42.32352652 125.99065928
5110 37.07091909 95.79943151
5111 34.94947938 100.03427371
5112 33.81362285 95.53710339
5113 35.39359668 109.30752184
5114 -5.14200321 137.53823395
5115 37.80953072 109.94094731
5116 33.28195008 109.21724908
5117 36.71171241 115.90508521
5118 35.08674552 115.36276019
5119 36.77092665 119.79991381
5120 36.06413853 120.23321282
5121 36.92848197 117.89067978
5122 36.07446851 116.59722049
5123 37.44185194 117.19561198
5124 35.76852014 119.06381015
5125 40.20226914 111.86866964
5126 36.77308514 110.95325959
5127 36.89038029 112.67927632
5128 35.14698743 110.76659944
5129 41.35316831 114.11506570
5130 30.47906049 108.63920455
5131 31.03077941 103.67830442
5132 31.76037839 105.67329545
5133 29.91794133 102.67361576
5134 31.28127218 109.00070202
5135 32.10767213 103.37293657
5136 30.00664728 106.03254672
5137 30.35769670 105.15184369
5138 26.88800620 102.36892756
5139 29.67679844 100.29909211
5140 29.83239902 93.24225563
5141 30.63724896 96.66443112
5142 30.11675077 86.07323864
5143 29.02589328 96.48177049
5144 33.59087018 87.57996459
5145 32.08460145 80.14662885
5146 28.45087293 95.18101093
5147 38.66603359 75.75576965
5148 43.67576741 82.71566284
5149 45.82482345 88.76377739
5150 41.52090924 81.99381580
5151 36.84839450 83.83806818
5152 43.50574435 92.38723855
5153 41.58592258 89.75532431
5154 25.12239788 102.75873044
5155 26.69653528 99.62631639
5156 23.56539732 103.79925813
5157 29.82023010 118.95823406
5158 30.66118684 119.42016065
5159 30.95455177 121.06534091
5160 29.12357738 119.81245035
5161 29.80392485 121.35477273
5162 29.90704983 120.04261364
5163 29.28442441 121.29904498
5164 27.99019819 119.13763577
5165 39.23785696 114.91993273
5166 42.11739932 118.85522727
5167 37.03511444 114.41041589
5168 38.00485622 115.49887860
5169 39.74826694 118.31389670
5170 38.60346532 116.51082280
5171 38.44797789 113.81703627
5172 39.45171107 125.61647727
5173 40.80521845 126.53693182
5174 39.90417641 127.86647727
5175 42.28045251 129.60511364
5176 40.22013306 128.48011364
5177 37.17029153 126.94602273
5178 37.85802282 126.17897727
5179 37.76648751 125.25852273
5180 39.54230720 125.15625000
5181 37.58326683 126.38352273
5182 38.54293477 127.50852273
5183 37.76648751 127.61079545
5184 37.21622735 128.27556818
5185 35.09051105 127.96875000
5186 36.43364049 128.58238636
5187 35.18346561 128.68465909
5188 34.90445888 126.63920455
5189 36.47977331 126.58806818
5190 35.27637239 127.30397727
5191 34.57270189 132.78913497
5192 34.85791611 133.79829545
5193 34.11127041 131.01717457
5194 35.32382826 133.39819555
5195 42.50271078 142.18465909
5196 44.45977670 141.96083037
5197 43.22032264 142.99929424
5198 37.85802282 139.21875000
5199 37.17029153 136.81534091
5200 35.81574710 136.23346294
5201 36.36795287 137.69341215
5202 35.58378367 139.25390625
5203 35.76560906 140.17880639
5204 35.30077218 139.26901965
5205 35.88981993 139.32476443
5206 36.99310052 140.32457386
5207 25.71568714 130.98579545
5208 35.21818365 136.08116882
5209 33.83099073 135.12784091
5210 35.09051105 134.87215909
5211 34.27788006 135.70588237
5212 35.40836332 134.43800134
5213 32.98859659 129.54501747
5214 32.52372561 129.59659089
5215 31.82573486 130.57988732
5216 32.71529111 131.43109239
5217 32.46607257 130.45797926
5218 33.51817045 133.48575808
5219 33.69996705 132.80427634
5220 33.97236238 134.26582791
5221 38.90417083 141.00040585
5222 37.53743046 140.13920455
5223 40.48387937 141.02534209
5224 39.39403224 140.30678127
5225 40.66515633 140.49219441
5226 38.04094299 139.83238636
5227 36.56594089 139.29331536
5228 36.01789602 137.07102273
5229 34.88550735 138.62593718
5230 34.76479495 137.48011364
5231 24.30227292 123.98011364
5232 27.64323566 128.68465909
5233 33.55371000 -4.99461208
5234 34.35937041 -5.00080285
5235 32.99336829 -5.72714980
5236 34.26363012 -3.99533661
5237 34.40860024 -2.50679889
5238 34.31073991 -6.49670947
5239 35.64751990 -6.01704547
5240 35.28617382 -5.99490348
5241 34.90608767 -3.35812500
5242 31.85651201 -7.10455030
5243 32.98421293 -8.38507229
5244 32.64223533 -7.26227678
5245 31.63532570 -9.29008079
5246 30.10402742 -9.06786849
5247 29.11325223 -10.47102274
5248 27.91784222 -9.80748793
5249 32.82572551 -2.18080774
5250 30.80676058 -5.49886515
5251 30.47144760 -6.71292235
5252 36.62362902 2.94238636
5253 36.67186159 4.73863638
5254 35.92912641 4.42440113
5255 36.54101274 3.61223918
5256 35.59086661 -0.98011365
5257 35.36923129 -1.04829545
5258 36.15658710 3.65625000
5259 34.62502436 1.30397727
5260 35.91867708 7.75001869
5261 36.75631291 7.48682852
5262 34.80216733 7.33568809
5263 32.51995715 0.07964499
5264 33.27923687 5.39465180
5265 35.83478021 1.77740826
5266 -25.61846024 -67.52556818
5267 31.08923284 7.53665134
5268 28.81232645 -4.59861300
5269 22.75498245 8.02540493
5270 22.77849475 0.47237247
5271 36.26970788 5.50406940
5272 26.83622886 7.99075217
5273 25.89385337 -3.29420112
5274 28.59832897 -0.89396059
5275 36.50547561 7.26429130
5276 30.97440342 -3.12129839
5277 9.15535604 -80.14397727
5278 58.90927185 -3.40056818
5279 36.26591364 9.73424859
5280 36.63185922 8.61114554
5281 35.78241726 8.89132694
5282 35.45309689 10.26253340
5283 31.83065089 9.86635534
5284 33.16274660 10.75106337
5285 32.70181582 12.87425240
5286 31.54384351 13.34186601
5287 32.12618654 14.36998403
5288 30.42123745 17.91570094
5289 30.45352468 19.66898511
5290 31.66574077 24.51988636
5291 30.68587043 22.72121734
5292 26.58169139 21.85591730
5293 15.36741491 26.84150831
5294 29.59574142 17.92313412
5295 26.97008200 14.77638752
5296 28.39886884 12.42318871
5297 23.81311982 13.21875000
5298 52.33909062 6.85708993
5299 22.13389393 16.49348944
5300 30.13337761 31.12836944
5301 31.07424363 31.53693181
5302 30.43471309 30.38095422
5303 30.67119881 30.77459417
5304 30.05666439 31.70237865
5305 29.85177455 30.29137476
5306 30.91980430 30.06560782
5307 30.56501831 28.53924341
5308 31.32204882 25.47430742
5309 25.28705135 26.78080096
5310 30.11046802 32.24541084
5311 30.77374587 32.64525532
5312 30.07424399 33.39960939
5313 23.28924985 25.62284020
5314 29.67631406 24.18645165
5315 29.33386941 27.63854432
5316 23.65212114 29.51299079
5317 27.19538943 31.19318182
5318 29.06902192 30.92141403
5319 27.36687077 30.76979686
5320 28.94524079 30.23388332
5321 22.38964343 31.57670455
5322 25.44652564 32.42283300
5323 24.62075060 32.72748402
5324 26.02211841 32.12560447
5325 25.67798331 33.48291615
5326 24.16446786 34.15887900
5327 27.56213258 31.96077909
5328 26.76305522 -10.16125205
5329 24.54155386 -13.67950669
5330 18.08394836 -15.44596711
5331 16.77148214 -15.15440608
5332 13.76578384 -10.50852273
5333 15.39913824 -12.32724058
5334 19.75480373 -11.99989974
5335 42.10240545 20.73579545
5336 21.84603419 -7.61274112
5337 21.91487965 -11.24035302
5338 14.60925127 -17.38636364
5339 15.98638445 -16.53219695
5340 13.26149978 -16.23579545
5341 15.22823292 -16.58105407
5342 15.08844296 -15.88206820
5343 13.90240427 -16.49124271
5344 16.03010542 -15.79502368
5345 14.91249657 -14.29687498
5346 12.73010506 -12.39163062
5347 12.87526302 -15.67273960
5348 13.32561490 -14.58718041
5349 12.08440956 -8.52051958
5350 13.81168339 -11.73415178
5351 14.79819403 -11.27107539
5352 12.79777790 -10.21280313
5353 11.06619390 -6.28893276
5354 12.65657595 -5.24748508
5355 13.38754555 -6.29648530
5356 14.65293959 -8.47528507
5357 16.32709177 -2.89936503
5358 14.93390364 -3.95526641
5359 15.13383277 -1.46646598
5360 15.83768003 0.15656328
5361 16.99309130 31.08743305
5362 18.94115494 1.55503902
5363 14.59985191 1.64949136
5364 14.12168788 0.65060974
5365 12.74726325 3.05443841
5366 14.24132012 7.21438481
5367 16.00986989 8.50123437
5368 17.07986661 4.94683440
5369 21.08375453 11.53089036
5370 13.82634815 9.13520828
5371 14.74075583 13.02662337
5372 21.47695585 27.06541062
5373 8.54944245 17.15625000
5374 9.32465218 14.87211428
5375 10.13317920 16.04694114
5376 14.17613825 21.58490495
5377 9.53560374 19.32788158
5378 13.92076598 19.08929194
5379 13.93791827 16.12246331
5380 14.85966609 14.24066170
5381 17.18299386 21.81471617
5382 18.33326749 16.27621527
5383 14.82129401 32.07861143
5384 13.16058039 33.51988636
5385 16.45334033 35.10478647
5386 9.98002628 33.22466233
5387 13.64493646 32.30082235
5388 10.05936142 31.99319253
5389 21.47362920 35.30834790
5390 22.27581547 34.78730195
5391 21.52007033 30.49573152
5392 21.42615138 32.51630403
5393 16.92631457 33.24606244
5394 13.33934669 30.67271494
5395 11.62133555 27.93697737
5396 11.56152649 30.04236051
5397 9.86115989 24.76225212
5398 14.16231343 23.96701427
5399 8.66131368 26.09497145
5400 7.30326308 32.00413715
5401 5.23788157 29.52285157
5402 4.06945375 30.68171944
5403 5.06784928 34.96062677
5404 14.29974022 40.67879784
5405 15.25985293 39.33995062
5406 14.87376001 37.75310156
5407 12.78263373 42.27318798
5408 11.88529464 37.78844328
5409 10.86424652 39.06342235
5410 13.77241236 36.78703052
5411 10.98301834 35.64786334
5412 13.46541174 38.98044583
5413 13.21673014 39.88255955
5414 9.35174529 47.34862624
5415 7.95729495 38.20466705
5416 8.32756194 36.79825705
5417 7.85801711 41.07542962
5418 8.12523912 34.24804824
5419 9.46421730 36.33238636
5420 5.17112895 36.59782249
5421 9.73581759 41.53588936
5422 4.63419134 40.95463556
5423 6.11712885 42.60976200
5424 0.85950096 43.43906250
5425 2.60698437 43.24178357
5426 2.34832824 41.54899648
5427 5.40920711 46.93195892
5428 10.62431942 49.89864759
5429 10.56178538 48.55913780
5430 10.23972495 44.92906272
5431 12.03339651 42.54983765
5432 14.92357558 -23.85511364
5433 11.36392422 -15.38162064
5434 12.04366279 -14.38980351
5435 10.65516801 -14.51547828
5436 10.34657933 -12.93902647
5437 10.86961386 -10.75773902
5438 9.93298120 -8.90481242
5439 8.74912558 -9.88474664
5440 8.29280797 -13.11626419
5441 8.06934610 -11.52502998
5442 9.78882291 -13.95353086
5443 5.77171146 -10.12640927
5444 4.50257745 -8.24601063
5445 12.64037097 -16.78706095
5446 7.35420477 -10.47602270
5447 5.66507770 -8.75000695
5448 5.44192801 -3.91193182
5449 5.13743453 -7.33069918
5450 5.19590856 -3.60876626
5451 9.45727846 -1.05566998
5452 6.89173622 -7.94378833
5453 6.69642052 -5.46839223
5454 8.75670505 -5.22160824
5455 9.32176184 -3.72643026
5456 8.05689956 -7.41964019
5457 11.56704530 -1.17254020
5458 12.93879483 -3.42290122
5459 12.91433522 -0.23656260
5460 12.00761260 1.25957659
5461 11.08953132 -4.44450825
5462 10.18271865 -4.99523262
5463 5.70429334 0.01095781
5464 5.13576313 -1.20170455
5465 4.77847831 -2.32670455
5466 6.01666371 -2.56501529
5467 9.92214731 -2.17105512
5468 10.52775373 -0.53824301
5469 5.49294805 -0.38352273
5470 6.25000962 1.35511364
5471 5.89898820 0.74761364
5472 9.48029401 -0.17824152
5473 9.63454397 0.54294786
5474 7.16745907 0.15508877
5475 6.31112808 1.80228482
5476 7.85097400 1.98180041
5477 11.17056927 2.86639609
5478 10.90924612 1.64847851
5479 6.35993893 2.53125000
5480 8.05333549 3.35329727
5481 9.30453990 3.39948015
5482 6.58618429 4.42712383
5483 8.43343063 5.40578618
5484 6.02787690 6.02855862
5485 7.84049980 5.39876664
5486 4.78668233 7.85125810
5487 4.61442837 6.13033067
5488 7.57483059 6.58365157
5489 5.38685991 6.81363885
5490 4.84196231 7.36272787
5491 5.63414694 8.09653592
5492 6.79727182 8.92850236
5493 8.00036361 10.20474077
5494 10.38718419 3.96820156
5495 10.59885063 7.12396657
5496 9.47647816 6.02473178
5497 8.86523664 7.00451202
5498 10.37098253 8.94302806
5499 9.06511001 9.68621441
5500 11.76516382 12.25161803
5501 11.39005716 8.56744241
5502 13.30950705 4.73078945
5503 12.73951312 7.65258049
5504 12.40570885 6.09762748
5505 12.15782916 9.49968839
5506 9.54675485 12.27673524
5507 12.99434433 12.85782622
5508 12.99360771 11.28359541
5509 11.72066342 14.05114911
5510 0.07670453 6.33148921
5511 3.29738507 8.41193182
5512 5.57671822 11.63490341
5513 6.20174419 10.04295948
5514 3.82172097 9.66594953
5515 2.12191653 13.52556818
5516 7.70668462 14.09488016
5517 7.03243727 10.87204904
5518 2.78347551 14.39542503
5519 8.04711517 12.47688920
5520 9.98743546 13.80507131
5521 5.59619623 19.56059013
5522 4.36089391 15.46277691
5523 6.51251297 16.53238636
5524 7.12630211 17.77973784
5525 5.69972526 25.13721385
5526 5.18699689 21.19256438
5527 9.22355940 22.31431440
5528 -0.41525506 9.17388010
5529 1.45314469 9.77478745
5530 -2.95863669 10.72451582
5531 -0.62930231 13.24369130
5532 1.86631224 11.42897727
5533 -3.37651046 15.13091122
5534 -2.88420738 12.72926981
5535 2.69141614 -59.85641531
5536 0.23011333 14.85511364
5537 1.86631224 16.59375000
5538 -5.32572174 14.70048822
5539 -5.13001075 13.50339924
5540 -6.32868012 22.64645884
5541 -6.54578745 18.21545248
5542 -6.38803002 23.96961460
5543 -11.91746447 27.77322861
5544 -9.25985113 23.49591448
5545 -7.54398838 25.95379423
5546 -7.11234945 28.96715097
5547 -4.12732687 26.80594584
5548 -1.87682190 24.07208068
5549 -0.24455791 20.99508842
5550 -3.41583587 22.97436801
5551 2.68809789 18.85826971
5552 3.18670279 24.21640570
5553 3.72213840 27.07826610
5554 3.05303070 30.20281261
5555 -10.59984161 15.31418620
5556 -4.87016250 12.33602714
5557 -7.06609267 15.57108900
5558 -8.91594697 16.58979782
5559 -12.87550625 14.97615980
5560 -16.42190660 12.20131877
5561 -14.56921684 15.53711947
5562 -13.24354223 18.06875315
5563 -14.11969579 20.10530189
5564 -16.76308912 17.87204143
5565 -11.91860598 17.07148734
5566 -8.34019343 21.13335184
5567 -12.16232984 21.53897438
5568 -15.14235361 26.84396925
5569 -16.51907395 23.74234272
5570 -13.16058039 26.41193182
5571 -16.64538541 27.15804547
5572 -12.84000602 30.64604016
5573 -11.59380056 28.76420455
5574 -12.01194576 32.63642407
5575 0.20843808 31.26976180
5576 -0.89012827 29.78736274
5577 2.59821170 30.89961261
5578 1.82118678 31.71097319
5579 0.33593651 29.87215911
5580 -2.18411765 36.82114686
5581 3.13351133 35.15771020
5582 3.06010288 32.92324762
5583 -2.44905887 40.48124998
5584 0.66523013 34.53378101
5585 -3.59332935 39.49526516
5586 -1.91768900 40.79854984
5587 3.09983841 40.02264276
5588 2.00545602 37.50863497
5589 -3.56182975 38.04497729
5590 -2.26485404 29.29860010
5591 -3.82035801 29.65366734
5592 -7.43897236 38.95817492
5593 -4.43795822 32.35945965
5594 -9.25836046 39.08238638
5595 -10.42850084 39.81811776
5596 -4.48174540 37.01201758
5597 -9.58116989 37.85712407
5598 -8.02499218 33.39180961
5599 -1.39079114 31.30761805
5600 -1.50709012 30.74237443
5601 -6.24708005 37.70262097
5602 -4.61066455 30.46959557
5603 -2.79940316 30.69500942
5604 -5.39090581 39.45170455
5605 -26.69141675 32.32029891
5606 -23.07111023 32.25678285
5607 -22.03265194 33.64207359
5608 -21.12091014 32.98171127
5609 -17.87492936 34.67517735
5610 -15.37020369 33.73835175
5611 -16.01179243 31.44522569
5612 -15.12938440 31.94366988
5613 -20.31586473 34.06646935
5614 -17.28436781 33.43980089
5615 -17.59488450 36.60256953
5616 -15.38084230 39.94845781
5617 -16.93697385 37.62816085
5618 36.51423439 107.14573330
5619 -13.40537924 38.63632812
5620 -15.48448346 37.21626251
5621 -17.01128016 35.63693182
5622 -16.09477723 34.80589907
5623 -11.31416350 33.51897987
5624 -18.11486603 29.77518298
5625 -19.31313340 29.61611458
5626 -19.35438428 31.52478068
5627 -19.93361656 28.02641385
5628 -17.95792734 28.10998043
5629 -21.69028198 30.69491410
5630 -24.92021579 23.77874286
5631 -19.62564034 24.51777382
5632 -21.29504020 22.44305741
5633 -23.00387446 22.48389419
5634 -24.62245608 15.44583482
5635 -18.81008426 12.80253631
5636 -18.92896825 14.97164569
5637 -17.95546517 23.93239930
5638 -19.73063348 19.90674419
5639 -22.99006627 14.30357144
5640 -26.63593881 15.71274015
5641 -23.82920637 18.63692990
5642 -27.07560180 19.10370355
5643 -30.97763824 17.94764608
5644 -31.74897184 20.89476286
5645 -31.93018237 19.66856993
5646 -34.45472533 19.73915514
5647 -33.69407522 22.04242865
5648 -32.48222302 23.16183305
5649 -30.00419843 21.86507761
5650 -28.12088360 23.96180894
5651 -27.37032331 20.69279678
5652 -32.98282941 24.49623145
5653 -32.04576663 25.62277618
5654 -32.35522940 26.25907556
5655 -31.10622016 26.47755389
5656 -30.92166421 28.85540594
5657 -29.13675265 26.20702370
5658 -27.86568437 27.05046939
5659 -29.69977092 24.50494866
5660 -29.42920513 28.45738636
5661 -25.06326082 28.92549554
5662 -26.13887774 29.31414617
5663 -25.97646744 27.83739232
5664 -23.57040417 29.06426485
5665 -25.07707966 29.88252235
5666 -22.81870940 29.99902198
5667 -30.36504483 29.68697889
5668 -28.31333209 29.58109916
5669 -27.89251224 31.83670682
5670 -26.97679445 31.25366836
5671 -17.19920065 47.90077931
5672 -22.30338387 45.99015919
5673 -23.78517191 44.37442437
5674 -22.34904004 47.59026377
5675 -19.94799218 48.33350913
5676 -15.77409956 49.16031919
5677 -15.39467816 47.43367123
5678 -17.91662871 44.72561117
5679 -11.76645946 43.13803474
5680 -12.90819251 44.97443182
5681 -47.00551552 37.50852273
5682 -15.97802642 54.38352273
5683 -4.82952485 55.30397727
5684 -5.39090581 71.61647727
5685 -51.85619096 -60.36718260
5686 -54.28281112 -37.33174667
5687 38.36056904 -28.61079545
5688 32.93956699 -16.59375000
5689 28.23003375 -14.29261364
5690 31.15563009 -113.26389914
5691 27.11662458 -113.38420285
5692 29.01213909 -114.37448605
5693 29.46681742 -109.43978466
5694 27.93991169 -110.49319503
5695 29.91298336 -108.16024413
5696 30.19566012 -105.95528831
5697 28.77734759 -105.57771121
5698 26.90333898 -105.60026986
5699 28.43939710 -101.22340802
5700 36.10599006 -107.05921200
5701 26.38334722 -100.36218656
5702 26.36077564 -99.20709603
5703 22.96912654 -99.21466621
5704 27.41166031 -103.00961480
5705 24.46823433 -106.24727746
5706 25.03814575 -104.06552507
5707 25.58197088 -103.11178362
5708 22.83152777 -106.02289774
5709 24.94618366 -107.63536970
5710 23.96946281 -102.60810956
5711 21.95900639 -99.91687546
5712 21.95674145 -102.81144293
5713 21.98370935 -105.29793849
5714 18.83330591 -96.80173405
5715 21.55189659 -98.20738636
5716 17.40535522 -94.54831706
5717 17.81321793 -92.05576527
5718 21.30505196 -102.50284091
5719 21.08965144 -100.92265803
5720 20.40136707 -105.06862457
5721 18.96198016 -103.91072293
5722 21.12771255 -99.76318609
5723 18.91241067 -102.74119261
5724 19.37494184 -99.33647727
5725 19.32809346 -98.16193181
5726 20.37065798 -99.52013521
5727 18.37100771 -98.21384478
5728 18.71655245 -99.08301769
5729 17.11265252 -95.98438478
5730 16.14958429 -97.46243949
5731 17.85342255 -100.92727759
5732 18.88874955 -100.19001176
5733 16.64531017 -93.48600216
5734 15.14248481 -92.55250549
5735 20.95913361 -87.72443182
5736 19.22385525 -89.97443182
5737 18.99615645 -88.98224594
5738 14.49272947 -90.08730189
5739 18.09277439 -88.50220962
5740 16.82964767 -89.41193182
5741 17.38507511 -89.80559729
5742 16.34179188 -89.11730035
5743 13.82463102 -89.87245466
5744 13.53646135 -88.84787277
5745 14.30303674 -86.13984150
5746 14.30387703 -88.72866015
5747 15.23588444 -85.39775898
5748 16.42911211 -86.08806818
5749 13.48111139 -84.69856079
5750 11.61317381 -85.16915080
5751 14.13196735 -85.01302708
5752 14.01492770 -83.73426571
5753 8.34600668 -83.27556818
5754 9.96250286 -84.28006503
5755 9.56578651 -82.86647727
5756 8.27695957 -81.97176252
5757 9.31772536 -82.96949112
5758 8.70865173 -82.05081034
5759 45.71136351 108.96918607
5760 8.08788880 -78.05029306
5761 22.29970139 -84.09881465
5762 22.51210680 -81.26555835
5763 21.67275327 -78.64913961
5764 20.33725028 -76.90801919
5765 18.72638624 -73.20170455
5766 18.69516856 -70.03607022
5767 19.63361550 -73.11337809
5768 19.20682792 -71.63701236
5769 17.99191029 -77.06691752
5770 19.62130538 -80.00284091
5771 24.54651386 -78.26420455
5772 21.49705964 -71.66193182
5773 32.14601502 118.52452243
5774 17.97885087 -65.63352273
5775 18.22820403 -65.12215909
5776 17.52958376 -62.00284091
5777 18.32789670 -64.71306818
5778 14.42306676 -61.10284091
5779 13.11011299 -59.74644886
5780 15.82755299 -61.44034091
5781 13.86153788 -61.11818182
5782 15.22511465 -61.48361015
5783 12.20084458 -61.74715909
5784 12.09971737 -69.21306818
5785 10.59921470 -61.31363635
5786 4.80146695 -58.41366361
5787 4.32480037 -57.06494351
5788 3.92500652 -52.85699980
5789 7.02987366 -60.05049382
5790 6.60399100 -58.86105372
5791 -53.15701315 73.28619072
5792 2.68482333 -56.65734266
5793 2.70630503 -53.20025105
5794 4.40153750 -74.18130479
5795 4.37955938 -75.29179505
5796 7.12432930 -72.17897727
5797 3.28220855 -76.82850470
5798 5.65171889 -71.70701165
5799 5.96648618 -75.89995732
5800 7.34919649 -77.23392694
5801 8.74964236 -75.65869534
5802 10.15802033 -73.29579545
5803 3.05592643 -77.57107047
5804 2.06031952 -75.28960457
5805 1.58796655 -79.02130684
5806 0.51775216 -76.91296490
5807 0.69997545 -70.75535927
5808 -3.19774923 -70.19306008
5809 4.03838590 -68.93570189
5810 -2.22944044 -67.51713488
5811 10.08680967 -67.47733728
5812 7.11835516 -68.30476768
5813 8.52267413 -64.91801843
5814 9.79865661 -64.50147568
5815 10.01420150 -70.19921874
5816 10.29560825 -63.97892443
5817 11.39130566 -72.23011364
5818 9.85117564 -72.35345363
5819 10.58798164 -70.95856035
5820 9.13626902 -68.53571755
5821 6.02472597 -66.37313828
5822 5.18679582 -62.66761364
5823 8.54648020 -61.33434464
5824 1.61068937 -66.40056818
5825 2.49836570 -66.90741551
5826 -2.10835437 -78.01211736
5827 -3.91317739 -79.73717247
5828 0.26141247 -78.98447470
5829 -0.04519948 -77.14173764
5830 -2.75448131 -78.15843302
5831 -2.75883581 -73.63092360
5832 -0.43465701 -91.50852273
5833 -5.75333577 -74.85298430
5834 -5.23782646 -79.38920455
5835 -3.18817152 -74.82313831
5836 -3.08029262 -71.35727262
5837 -9.04375115 -73.07016300
5838 -1.82946749 -71.08717633
5839 -5.33735918 -80.51362384
5840 -7.70101150 -76.64574779
5841 -5.87930119 -76.79701514
5842 -9.49728709 -77.82747658
5843 -11.48733048 -74.09775661
5844 -13.68290713 -76.17592723
5845 -10.45522792 -71.74120853
5846 -14.39131418 -72.93243963
5847 -10.29623703 -73.11181183
5848 -11.23057667 -70.71407862
5849 -13.28232258 -70.59237658
5850 -16.16098671 -70.17649394
5851 -16.92835324 -71.23371320
5852 -24.61630903 -69.06632906
5853 -23.86092836 -49.05283756
5854 -20.86091928 -69.62080214
5855 -18.29887944 -69.66033622
5856 -23.42329044 -68.61881925
5857 -17.12308634 -68.38013628
5858 -17.70089763 -65.52190918
5859 -19.17414093 -67.67897727
5860 -18.95959395 -65.67828448
5861 -21.69079695 -67.31514788
5862 -21.75246575 -63.94710610
5863 -17.12886105 -63.74011290
5864 -15.06617379 -62.36188589
5865 -19.91517347 -62.31600777
5866 -10.75819300 -66.97319763
5867 -13.95643744 -64.77335637
5868 -10.05038111 -66.30350380
5869 -27.17088815 -70.17375748
5870 -28.89146260 -70.70084335
5871 -33.37431864 -71.18181818
5872 -32.42159171 -71.51420455
5873 -29.89109715 -70.91699057
5874 -34.32656310 -70.75261018
5875 -39.82132102 -73.14918949
5876 -37.72070109 -71.66761364
5877 -35.61889486 -71.09101002
5878 -36.63593868 -71.73066349
5879 -42.18435257 -73.82839699
5880 -46.64057380 -73.68217967
5881 -37.99672897 -73.20726675
5882 -49.50976672 -74.26094420
5883 -22.86531385 -58.73659778
5884 -20.82466039 -59.31671487
5885 -26.60741367 -56.16353260
5886 -25.92793605 -55.94893466
5887 -26.26697170 -54.38879581
5888 -24.31406496 -55.99620215
5889 -23.44824247 -60.74097341
5890 -34.63210001 -55.37334048
5891 -32.03787189 -56.60528773
5892 -30.68298978 -57.28487901
5893 -32.94549145 -54.33851557
5894 -34.43904279 -59.07652768
5895 -34.68362157 -61.53295976
5896 -36.18437572 -59.41620782
5897 -37.32918767 -58.12694852
5898 -38.32876747 -60.14205583
5899 -38.01249508 -62.19108639
5900 -38.64946408 -61.09615907
5901 -39.22499606 -62.20738636
5902 -28.40618697 -58.81083387
5903 -29.90297514 -58.20866826
5904 -28.39868357 -56.76547715
5905 -31.00322553 -58.89877087
5906 -31.78039219 -60.14679612
5907 -30.30681848 -61.19570281
5908 -28.90119677 -60.06549191
5909 -33.11876562 -61.32242986
5910 -27.45762529 -59.71633993
5911 -25.11034450 -62.15674745
5912 -25.86145686 -58.67897727
5913 -23.62880628 -62.12299500
5914 -25.11100022 -65.01768581
5915 -23.30931199 -63.07966897
5916 -24.75054448 -67.77175710
5917 -23.46189464 -64.58289520
5918 -24.31856264 -63.38974055
5919 -26.59904138 -65.47746866
5920 -28.81002761 -65.84242909
5921 -27.46314650 -67.61870944
5922 -28.11596962 -64.71468787
5923 -28.05885872 -62.68913141
5924 -29.24023604 -63.21646631
5925 -31.44815594 -65.02892513
5926 -31.41512814 -62.98390846
5927 -33.17724879 -62.81005582
5928 -34.50067722 -64.27391047
5929 -32.42526016 -67.00051355
5930 -35.17442151 -66.00678280
5931 -29.39147186 -67.40918709
5932 -31.19463122 -66.63233138
5933 -31.67262710 -68.07627716
5934 -31.37540113 -70.01795572
5935 -33.57815247 -69.62845280
5936 -37.26861704 -69.91277420
5937 -39.08074860 -70.11053688
5938 -41.31325884 -66.65879311
5939 -38.62238717 -64.58278229
5940 -41.11007906 -70.12044225
5941 -38.62283838 -66.85253325
5942 -44.03828493 -70.38686823
5943 -54.98219018 -69.14541303
5944 -49.79812858 -71.35944259
5945 -51.69131012 -70.57340197
5946 -54.14057862 -68.38965649
5947 -1.53022092 -64.89596495
5948 -0.78423129 -56.38740673
5949 -2.46561371 -59.60150422
5950 -5.16394098 -65.62226797
5951 -5.10174018 -58.86477271
5952 23.42116148 119.22443182
5953 -7.52900644 -67.53238885
5954 1.39414596 -54.95990339
5955 12.35249959 -61.64488636
5956 -2.92709982 -48.23800093
5957 -2.77715213 -53.83114563
5958 0.21988609 -51.61912691
5959 -8.37524306 -52.60524121
5960 37.33869292 41.80643673
5961 2.84511854 -51.98449674
5962 -20.51826333 -57.55850668
5963 -14.26141395 -57.85738440
5964 -11.62828077 -54.60628551
5965 -20.57419066 -53.26180226
5966 -22.26945172 -56.32863331
5967 -17.00211126 -48.76453974
5968 -14.08355793 -47.98050903
5969 -11.71154752 -48.72131734
5970 -2.59245424 -45.81247914
5971 -7.24559140 -46.39812525
5972 -5.21084876 -42.58203172
5973 -9.03238377 -44.65200022
5974 -7.20561368 -36.12387687
5975 -4.59554295 -39.13744699
5976 -6.49505823 -40.33893876
5977 -5.88815768 -36.14834368
5978 -8.75766946 -37.40210381
5979 -8.13659519 -38.71728159
5980 -9.60312434 -37.48123570
5981 -10.29087420 -37.54400216
5982 -11.70372656 -38.87433695
5983 -11.68987839 -43.29969188
5984 -13.78959000 -45.26670441
5985 -15.74026890 -39.58256419
5986 -14.51297029 -41.59935987
5987 -21.07011098 -43.12442864
5988 -20.35997032 -44.80251827
5989 -16.99274166 -41.83611234
5990 -18.14632047 -46.32841882
5991 -19.46399901 -47.31567581
5992 -22.00942911 -45.05709626
5993 -22.78479585 -44.30391499
5994 -22.34572883 -42.38066823
5995 -20.42898236 -41.16920109
5996 -23.49989502 -46.88104336
5997 -23.54004521 -45.98747545
5998 -22.45870918 -48.16060451
5999 -22.04680554 -50.46647727
6000 -16.67949483 179.10511364
6001 -24.72334970 -48.45497206
6002 -21.15321214 -48.15323182
6003 -25.27638905 -49.06414335
6004 -25.57182468 -52.29155429
6005 -26.60134379 -53.07878899
6006 -23.41963920 -52.09789930
6007 -27.62090167 -49.52631743
6008 -26.33214746 -53.60059023
6009 -29.23578641 -50.74910995
6010 -32.52023582 -53.30505104
6011 -28.43183454 -52.35768015
6012 -29.18354319 -55.52130682
6013 -30.90250514 -54.99510228
6014 -36.30950090 148.68226125
6015 -32.78026705 150.75040019
6016 -30.86958148 151.94644410
6017 -32.96142835 149.73993977
6018 -35.50842970 148.67897727
6019 -33.56640273 146.81976351
6020 -30.95070518 147.66959127
6021 -30.58433090 144.26503716
6022 -37.67652837 145.00371503
6023 -38.05480184 141.90388824
6024 -36.41395775 143.85329586
6025 -37.58714920 148.02919195
6026 -36.75631291 147.04261364
6027 -36.70066650 141.62818301
6028 -41.50244703 145.87242198
6029 -27.91566944 152.74034959
6030 -25.68537174 151.45051434
6031 -24.78730007 148.38203403
6032 -27.60706001 151.07350249
6033 -21.16681025 147.19071794
6034 -17.08918167 143.64666107
6035 -22.57171992 144.03519782
6036 -22.59340790 138.92156928
6037 -27.40916690 142.98661902
6038 -35.32280783 138.55397727
6039 -30.75861093 131.45222884
6040 -35.33034708 139.87348466
6041 -34.75807135 137.34344991
6042 -31.63864111 139.09672197
6043 -28.11847060 134.12227515
6044 -34.10772964 115.31676140
6045 -33.07614172 118.87877281
6046 -30.79989471 117.89668411
6047 -29.71555117 119.98377072
6048 -15.63515829 127.14870416
6049 -27.66490988 116.65451316
6050 -28.85437932 126.52386152
6051 -31.59534772 125.66538747
6052 -13.30322150 134.27714899
6053 -16.82033127 135.80027652
6054 -23.29578463 136.27681374
6055 -23.32046848 130.33673918
6056 -35.32921893 173.58694195
6057 -38.24214027 174.88051947
6058 -38.39412055 177.45630755
6059 -41.03724280 175.34561093
6060 -46.18899830 167.65448988
6061 -42.40233292 171.36391602
6062 -44.08057080 170.67081953
6063 -41.83821595 172.50651736
6064 13.40825470 144.63455579
6065 6.92055111 134.00284091
6066 36.75980799 66.76247971
6067 -2.88859256 -171.89488636
6068 17.97885087 145.50852273
6069 11.23938757 162.12784091
6070 1.40617941 172.76420455
6071 -9.87040312 148.62784091
6072 -8.70198393 141.62215909
6073 -5.44361987 143.06996986
6074 -4.80990978 144.28343766
6075 1.17530617 -63.18695409
6076 46.02963183 25.22706484
6077 -9.10860872 160.74715909
6078 -15.47623546 166.78125000
6079 -10.78339749 165.75852273
6080 -5.89554945 149.21199107
6081 45.51560508 18.96280185
6082 -6.62945471 155.33501420
6083 -18.77616552 -174.24715909
6084 -5.74801516 175.88352273
6085 -13.98841636 -172.06689048
6086 -14.32617015 -169.74076705
6087 -22.04497709 -158.13920455
6088 -9.05779298 -158.24147727
6089 -19.17911269 -170.08977273
6090 39.73661954 43.89945653
6091 -9.15358000 -71.21045557
6092 -12.01709114 -62.02402640
6093 -9.87040312 -139.21875000
6094 -15.12462498 -148.06534091
6095 -27.76885503 -55.45990125
6096 32.82538686 -82.50730880
6097 35.38151591 -83.07892360
6098 55.67704473 8.31534090
6099 -31.26626872 22.57769337
6100 26.10695106 31.72795292
6101 49.34935884 8.92329545
6102 50.89014000 6.85002989
6103 23.77143476 121.07446251
6104 32.49207212 -8.62913480
6105 17.21658592 28.18342974
6106 10.34453164 123.71765881
6107 23.86207509 92.27556818
6108 40.97841697 14.64414939
6109 46.21076067 8.48838324
6110 42.63590510 18.58806818
6111 49.12427901 2.53279959
6112 -37.52671028 175.49086157
6113 18.16300960 99.62267390
6114 14.45921738 -16.67669068
6115 -22.86771886 26.88783960
6116 5.15883077 100.89259957
6117 3.04189893 106.08238636
6118 42.79503051 19.75260661
6119 -18.10939325 -70.45592155
6120 7.22620156 151.38920455
6121 59.65947568 31.69932474
6122 -12.98203712 36.92251923
6123 42.15806808 18.60511362
6124 42.48625869 19.03598484
6125 50.02206742 18.58678977
6126 20.80356651 23.77421601
6127 19.78311025 50.24772568
6128 67.28185228 37.75932118
6129 63.78752691 36.99715909
6130 34.41654154 129.14789441
6131 58.21017326 -68.32761193
6132 53.15005098 -78.72390005
6133 49.56656019 -91.07195937
6134 67.02405675 -65.83887245
6135 69.75095412 -103.89876893
6136 21.69065795 -83.21803977
6137 53.74802476 -132.68034874
6138 61.96356644 -164.73579545
6139 -7.73384126 -56.52492975
6140 -19.58169785 127.15988732
6141 -22.20405785 120.50574065
6142 -21.38957376 117.86577239
6143 -18.71114056 130.66023682
6144 -18.55236619 141.73574109
6145 -24.87341922 126.65662768
6146 44.50815497 69.04989946
6147 37.67981304 89.11168931
6148 48.58700703 96.05965909
6149 19.00915802 -2.39685678
6150 50.31673157 52.79829545
6151 51.58776773 62.97566287
6152 46.99007263 64.46024693
6153 66.68513765 77.20512101
6154 58.11539288 64.39633491
6155 67.20591526 80.65443564
6156 65.90072681 179.36079545
6157 63.73850874 174.69317158
6158 50.04775862 135.11092791
6159 60.75153264 147.58352576
6160 70.28280920 151.70967230
6161 63.86442156 151.09501459
6162 65.32271761 146.88920455
6163 70.68099524 147.00356499
6164 67.92942478 140.49715909
6165 48.48485549 5.18424208
6166 -4.22857470 11.49529193
6167 54.47412436 -58.42329545
6168 59.71254584 -73.81868001
6169 60.58528130 -76.40573952
6170 41.61034274 -77.76612460
6171 15.42146849 -91.65462663
6172 34.57458920 -99.72345380
6173 32.95583359 -106.23448744
6174 20.90968500 110.01988636
6175 61.37676765 168.85610877
6176 63.61711194 164.55468718
6177 68.11093859 176.86033773
6178 67.18721648 -178.76718097
6179 -16.62236332 29.38665753
6180 62.82413174 -42.41761364
6181 -1.10060357 110.10518059
6182 30.95455177 61.13352273
6183 30.66164605 41.04659485
6184 58.90927185 137.22443182
6185 55.86118614 133.63873062
6186 66.65366666 141.62215909
6187 65.57034932 135.64838582
6188 27.83952035 55.77902069
6189 59.45562106 124.05662172
6190 59.43685280 113.16398697
6191 60.56774756 74.97643715
6192 60.01487856 128.55702109
6193 67.25227502 125.92780174
6194 68.29527101 120.57319529
6195 66.30253609 116.56394120
6196 63.20535927 113.36860739
6197 65.13694480 108.14692868
6198 70.58132343 129.81958865
6199 71.71129296 118.96875000
6200 70.38405743 115.80145389
6201 70.13250548 108.02495076
6202 70.36614220 104.18033833
6203 70.46555298 97.69070434
6204 64.90730503 103.25750896
6205 64.95558118 91.87008438
6206 44.33329570 57.09836383
6207 70.18777633 84.59937276
6208 55.28541615 66.02214078
6209 70.48768796 75.31748765
6210 65.38721848 153.20129359
6211 71.06426920 179.51588550
6212 31.88918331 -107.75388027
6213 69.22097769 172.71306818
6214 68.76945020 168.46875000
6215 26.00285787 56.06651071
6216 1.33656303 109.26353045
6217 65.25020208 164.07102273
6218 69.56664424 159.00852273
6219 70.61677318 137.81093109
6220 69.15343645 136.52576790
6221 68.33893589 130.14202623
6222 46.23654018 9.97050288
6223 51.64989070 110.42100614
6224 55.60496647 114.49382962
6225 64.55837003 131.29261364
6226 67.44902673 111.28309655
6227 67.70259073 106.56682041
6228 54.32006090 89.20601790
6229 60.66563203 106.35601730
6230 58.88937184 106.51212926
6231 57.51772866 112.05292817
6232 57.02769993 100.64117649
6233 48.41280529 101.14043584
6234 47.99088084 90.33238636
6235 70.30738077 93.45977049
6236 69.08951658 87.48180424
6237 24.69294992 121.73011364
6238 67.70649927 72.04745628
6239 59.72020496 76.32102273
6240 71.71129296 54.38352273
6241 60.89486753 62.40179270
6242 53.83501156 81.56400402
6243 67.74716560 64.35290030
6244 67.34915281 56.73292589
6245 66.72503851 62.20738636
6246 41.87954686 25.64488636
6247 53.21382184 91.91031203
6248 66.85147491 84.72395460
6249 62.87807662 88.69411099
6250 67.18009668 101.82062536
6251 67.24304037 92.85412137
6252 62.38069190 94.43741420
6253 59.63076814 111.05265513
6254 57.06531519 130.04991358
6255 53.97948493 129.44893725
6256 55.76087089 86.07495989
6257 65.32877526 55.68325088
6258 62.33868703 54.28125000
6259 58.75641587 99.77782950
6260 42.99544362 65.92406078
6261 38.81610308 117.43465909
6262 46.70414506 6.72443182
6263 41.83493525 0.74147727
6264 51.89830413 8.30965909
6265 51.15174045 11.22443182
6266 51.19185389 10.51948053
6267 51.15174045 8.87215909
6268 26.29731663 64.37711516
6269 37.83098351 138.17510330
6270 41.55070884 14.50809578
6271 46.10214149 11.81827345
6272 6.86825879 93.52302632
6273 51.45060998 6.95356205
6274 51.50432358 8.53775417
6275 50.70037106 -4.32205578
6276 50.86014382 -1.04829545
6277 50.40049192 8.46306818
6278 47.69177679 7.03125000
6279 46.02716644 7.56484686
6280 17.53270051 50.84827609
6281 42.81330970 42.98011364
6282 0.36399084 111.87100652
6283 0.92074845 116.63592791
6284 50.10707896 18.58806818
6285 27.85270570 48.20837344
6286 48.26292939 26.37134739
6287 47.56723131 -68.17704545
6288 52.14611425 15.56100634
6289 46.49441497 16.08943965
6290 45.70910826 18.58806818
6291 49.77771162 19.20170455
6292 47.34909664 16.84943182
6293 39.13422035 -5.70170455
6294 46.70414506 13.47443182
6295 46.23373085 16.43495814
6296 42.42169064 22.16761364
6297 41.33214133 22.63636365
6298 29.98226920 44.03323488
6299 40.20389026 40.91301951
6300 36.81370288 41.73505435
6301 -3.65523019 -69.80444259
6302 -8.92513371 -66.72578298
6303 -10.10266635 -70.02047449
6304 -15.67194172 -59.80122378
6305 -25.55777324 -70.42911586
6306 53.49969864 9.53693182
6307 52.22860136 8.92329545
6308 49.46692859 6.85957791
6309 50.65142738 12.55397727
6310 50.48419470 11.27556818
6311 50.77670053 10.76420455
6312 50.35861894 9.79261364
6313 48.03355343 22.57670455
6314 45.40481140 19.35511364
6315 49.39439013 19.42329544
6316 46.53162527 14.43808780
6317 46.22917771 15.57102273
6318 51.19333930 6.11079545
6319 47.58478618 8.44176135
6320 9.61656547 114.11079545
6321 -49.18034673 69.82670455
6322 52.80438099 172.71306818
6323 49.52657537 5.55340909
6324 45.46534677 20.23332510
6325 42.68027639 20.94034091
6326 48.78773979 6.98298111
6327 52.04736911 17.98348464
6328 3.70609364 -159.46875000
6329 18.31725125 -74.28748347
6330 18.18905926 -71.63585315
6331 19.15036194 -72.42131915
6332 19.17414093 -70.44034091
6333 48.92640028 21.91193182
6334 46.50174335 6.19930069
6335 55.00343847 8.41832386
6336 15.07006365 -83.81323053
6337 35.02793534 72.94544923
6338 27.02819442 68.52496326
6339 30.54796313 74.78901297
6340 22.19274107 71.15625000
6341 19.13862623 82.37313312
6342 17.83855197 81.92966738
6343 20.00255262 83.01537164
6344 26.07136500 89.46857516
6345 25.43375737 91.76236180
6346 23.36654573 92.68361974
6347 25.66707839 94.11647727
6348 30.90705149 78.51988636
6349 36.26808285 76.35593311
6350 10.30487330 78.40376422
6351 54.07554554 -7.09449760
6352 40.62542715 23.54829545
6353 41.55073236 46.24896692
6354 43.62899776 39.44860537
6355 -22.68217531 -66.92329544
6356 48.86476022 1.39462809
6357 71.01119806 -8.43750000
6358 42.10240545 24.26420455
6359 42.61371443 0.62386364
6360 42.87587178 18.50745319
6361 60.21394423 30.48208993
6362 40.92828782 44.51799242
6363 41.68884081 26.05862603
6364 44.00514260 6.62215909
6365 45.07552417 6.92143256
6366 40.74654491 20.22924467
6367 40.50995089 20.55681818
6368 38.45937562 -123.45170456
6369 34.39587652 -113.16315845
6370 32.11306759 -116.73861029
6371 30.12613421 -94.44271848
6372 30.95323245 -95.98583603
6373 28.94622562 -96.23921748
6374 33.18785985 -101.51703690
6375 18.23452342 -72.90352913
6376 59.25761486 27.99715909
6377 57.89620744 27.48579545
6378 56.94630539 27.71645308
6379 67.09160037 29.73557311
6380 50.86014382 5.85511364
6381 41.16503361 45.27829984
6382 39.64737895 42.65340909
6383 51.35959003 3.45170455
6384 47.62393931 23.04410339
6385 50.73495724 4.01420455
6386 41.61167814 26.82102273
6387 41.95634681 27.59374999
6388 34.76835296 -95.67819440
6389 62.92077460 -156.65860130
6390 60.89947745 -162.09846107
6391 62.44871139 -150.44772779
6392 63.34834172 -120.89086047
6393 66.49693698 -112.96509060
6394 63.66704319 -115.85022545
6395 69.73533241 -34.51056060
6396 69.87891168 -39.91706816
6397 65.89421886 -142.45450149
6398 67.70213872 -147.43989926
6399 67.09361768 -37.15020358
6400 62.86241454 -43.92435309
6401 49.81296194 7.23579545
6402 56.15900593 23.49715909
6403 -22.40793124 -66.09355410
6404 -8.72047170 125.06327478
6405 43.60896228 16.03125000
6406 45.23062311 13.88352273
6407 -8.04719181 158.92534913
6408 36.52589390 -97.46590909
6409 26.55727903 -81.53632406
6410 61.57790620 -142.92829130
6411 64.07218065 -148.05973964
6412 69.62466486 -160.05103200
6413 65.39179778 -163.88093879
6414 51.12210822 4.76575415
6415 51.11012714 4.73011364
6416 50.52602448 6.00852273
6417 3.15495159 -58.99409616
6418 1.93396770 -58.00038684
6419 48.24670389 9.07670455
6420 51.19333930 10.66193182
6421 50.40049192 11.94034091
6422 50.81842939 11.63352273
6423 51.73280696 11.07102273
6424 51.81558457 12.14488636
6425 50.13272244 10.78693180
6426 50.62511900 8.27746210
6427 49.19928390 16.21970877
6428 49.26488136 7.90056818
6429 53.56077949 11.17312502
6430 52.06356900 13.47443182
6431 43.12324995 46.61079545
6432 41.92414518 46.76420455
6433 44.04909458 27.53693182
6434 43.52877148 27.86044219
6435 71.17200311 -51.21306818
6436 69.60113151 -26.10511364
6437 69.90582746 -31.82587875
6438 67.19536520 -45.79547947
6439 63.18907963 -47.28452502
6440 69.81127508 -42.79753549
6441 69.96817481 -48.93106751
6442 68.76005113 -72.03266218
6443 64.01374734 -71.24141669
6444 63.51586206 -104.63941099
6445 70.20879555 -70.77311136
6446 62.16808817 -125.43953886
6447 65.99058856 -131.60828756
6448 68.97815138 -97.23579545
6449 71.71129296 -114.57102273
6450 67.75173633 -139.56886785
6451 66.59753622 -150.59374573
6452 66.08541151 -156.31204991
6453 69.50129371 -146.81179043
6454 68.36865862 -158.43536964
6455 56.49210690 -119.80056820
6456 51.46563641 -95.89478052
6457 50.44235051 -83.42897727
6458 51.45830271 -89.69259329
6459 55.74152432 -72.22310402
6460 53.46013824 -76.59496416
6461 57.28540638 -65.83240038
6462 53.27312784 -65.96901593
6463 67.43214562 -90.87279136
6464 40.87397203 23.48579547
6465 41.07811403 21.11613499
6466 51.77420302 5.29261364
6467 45.57877842 8.15625000
6468 46.27242637 13.16761364
6469 49.09575498 5.59943182
6470 13.40157168 44.95865569
6471 50.16677278 22.83903823
6472 50.94352938 3.75852273
6473 50.69319952 4.21875000
6474 50.05902097 4.34547926
6475 -27.98943128 32.34375000
6476 -30.22991198 30.55791084
6477 -26.99082089 24.41517857
6478 -26.06280284 25.06806818
6479 51.98420604 4.21674464
6480 50.81842939 10.40625000
6481 17.45437816 -89.21693930
6482 20.95946326 -87.35718748
6483 18.15867090 -90.65640288
6484 15.35211157 -90.46949518
6485 9.84067284 -83.37637989
6486 8.71172861 -83.48053976
6487 46.53162527 7.44034091
6488 44.25720321 9.63475788
6489 50.26884267 5.81858765
6490 49.01110615 5.95738636
6491 53.66676066 10.56988636
6492 45.37579536 13.36363635
6493 42.41384760 19.25284091
6494 41.83899139 20.49870866
6495 40.67039459 20.73579545
6496 41.16417174 23.49715909
6497 45.27419090 23.70170455
6498 45.38615896 24.43303570
6499 46.03197975 26.18039772
6500 47.17741853 25.54261364
6501 49.35147004 25.05170455
6502 51.11012714 17.76988636
6503 48.33186485 36.33238636
6504 52.47571356 23.98145052
6505 51.54887710 28.59307491
6506 54.75674024 27.89488636
6507 36.43364049 22.78125000
6508 10.83890694 -84.39204544
6509 10.79466067 -83.92897728
6510 52.26982311 5.70170455
6511 51.93964213 6.11079545
6512 55.74732138 25.22206048
6513 51.62925335 17.84147727
6514 52.75076236 20.65789774
6515 52.06356900 21.45170455
6516 50.77670053 23.70170455
6517 55.34193488 27.33515407
6518 54.70984393 26.28646936
6519 54.47412436 27.48579545
6520 51.59625474 29.72690218
6521 50.98520049 25.64488636
6522 50.14865856 25.25222388
6523 50.89169095 28.78678422
6524 49.73791977 26.94204547
6525 50.27482980 29.17329545
6526 49.18452657 31.33949405
6527 48.48633421 29.43397728
6528 49.34415866 28.00370859
6529 51.33011085 27.19202380
6530 56.33333677 24.99208174
6531 56.07936273 25.90056818
6532 54.39703734 28.99545960
6533 53.65006431 31.47412096
6534 55.42005598 28.88068183
6535 55.99619385 29.06731718
6536 56.71485525 26.61647727
6537 56.99967120 27.24724304
6538 53.58122304 9.43465909
6539 61.57286062 100.76766745
6540 56.92779243 -116.65298148
6541 57.94597041 -111.64638528
6542 61.13077700 -130.79055242
6543 60.38398288 -153.60038560
6544 64.31838283 83.31606026
6545 64.13371212 78.01137920
6546 61.52570401 118.31579831
6547 59.08159298 93.17495833
6548 60.67465167 87.39186193
6549 68.56087446 150.14161744
6550 65.17762774 64.09943182
6551 49.01756717 75.42560695
6552 59.12065729 120.53018439
6553 64.50906181 72.25848624
6554 55.14962153 117.50553731
6555 55.48479789 77.09491202
6556 58.90229050 81.94873372
6557 69.90890511 156.22293314
6558 54.51555141 98.53358528
6559 61.45987300 81.73252590
6560 59.56213442 59.67733587
6561 56.14396016 105.51432058
6562 63.83457084 57.38729226
6563 59.55076735 73.42920537
6564 47.90549323 15.98011364
6565 49.72879938 14.75284091
6566 51.77420302 20.63352273
6567 48.54451885 1.61079545
6568 43.64752812 1.68110795
6569 47.09149512 19.76420455
6570 37.85802282 23.44602273
6571 52.18736508 13.32102273
6572 49.43377913 17.71875000
6573 49.77088782 19.50852273
6574 49.84310620 23.75454549
6575 44.18086869 16.90056818
6576 43.03476295 21.70738636
6577 59.21896935 9.99715909
6578 37.81226143 13.73011364
6579 37.85802282 13.06534091
6580 36.24898701 -5.65056818
6581 56.47698845 -6.46875000
6582 51.02685716 -3.80965909
6583 54.18318986 -1.51491477
6584 54.95816790 -2.32670455
6585 55.35992009 -4.01420455
6586 53.25477447 -10.09943182
6587 55.95978730 12.24715909
6588 63.49216113 8.46306818
6589 62.74961063 11.37784091
6590 69.73893642 26.71875000
6591 63.19585025 20.94034091
6592 62.48832090 22.73011364
6593 61.85074161 28.86647727
6594 61.17099370 26.71875000
6595 61.20888338 26.15625000
6596 61.51146752 28.55965909
6597 62.18881640 28.86647727
6598 62.89859370 26.10511364
6599 62.45093462 25.84943182
6600 46.79032098 17.97443182
6601 45.27419090 11.83806818
6602 43.91719775 14.95738636
6603 40.67039459 -7.44034091
6604 38.36056904 21.65625000
6605 46.31566108 30.29829545
6606 58.44601601 29.59019657
6607 46.35888184 32.24147727
6608 46.70414506 31.98579545
6609 47.56337748 35.25852273
6610 66.61795880 35.56534091
6611 68.42045570 36.69034091
6612 64.99593456 35.51420455
6613 65.35895334 46.35511364
6614 65.06865595 48.24715909
6615 48.96876035 44.51420455
6616 46.65025667 38.93394886
6617 55.64027071 37.40625000
6618 49.34935884 36.79261364
6619 48.11885612 34.64488636
6620 47.69177679 37.40625000
6621 48.20410214 39.14488636
6622 40.76029025 48.91193182
6623 43.65303668 39.65625000
6624 47.39198098 46.09943182
6625 52.64016385 30.50284091
6626 66.26007525 51.51988636
6627 66.61795880 57.19602273
6628 67.08102070 62.25852273
6629 35.97164138 -5.85511364
6630 40.49044643 27.38352273
6631 60.29544128 43.95170455
6632 62.52569238 53.30965909
6633 64.52181061 56.48011364
6634 62.30124157 57.65625000
6635 63.75065785 54.23011364
6636 60.33367180 55.50852273
6637 48.62948100 54.38352273
6638 48.71438625 47.94034091
6639 54.71641062 57.45170455
6640 55.68026187 59.19034091
6641 66.33176909 63.79261364
6642 65.61219205 62.76988636
6643 63.52913353 59.85511364
6644 65.14131851 62.05397727
6645 61.92597297 59.54829545
6646 63.67687546 59.03693182
6647 52.14611425 58.98579545
6648 51.60853176 59.90625000
6649 51.40111653 60.41761364
6650 51.23492369 60.87784091
6651 42.76897870 52.33806818
6652 44.83789246 51.82670455
6653 44.09303293 50.90625000
6654 53.54046815 55.91761364
6655 61.77545103 59.49715909
6656 66.15242462 20.01988636
6657 69.35941758 29.73579545
6658 43.12324995 -3.04261364
6659 67.68284056 53.25852273
6660 67.18753052 49.52556818
6661 67.99974646 44.71875000
6662 49.85502171 46.30397727
6663 62.37611769 37.91761364
6664 61.85074161 41.03693182
6665 36.11036890 -5.70170455
6666 44.75046758 29.01988636
6667 63.86122075 32.44602273
6668 48.45949986 13.88352273
6669 53.21390262 9.74147727
6670 70.42450610 28.71306818
6671 69.53214254 28.86647727
6672 70.90098769 28.15056818
6673 70.56093038 23.59943182
6674 70.56093038 22.62784091
6675 70.32203721 23.03693182
6676 70.25365281 22.37215909
6677 71.00272571 25.54261364
6678 70.86704640 27.53693182
6679 69.29022653 22.42329545
6680 48.28929147 27.53693182
6681 48.37442405 21.91193182
6682 41.61167814 46.61079545
6683 54.51454212 17.61647727
6684 53.82544497 17.10511364
6685 48.16148621 22.01420455
6686 53.49969864 23.44602273
6687 53.70339988 24.11079545
6688 49.22262118 19.40625000
6689 46.79032098 9.38352273
6690 41.87954686 12.14488636
6691 42.94622203 17.25852273
6692 43.07901319 22.52556818
6693 43.82919845 22.01420455
6694 47.90549323 29.68465909
6695 40.98480015 20.68465909
6696 42.32493090 21.50284091
6697 45.23062311 14.08806818
6698 44.66298774 6.41761364
6699 44.96892665 6.57102273
6700 44.57545301 6.67329545
6701 53.00932426 10.50852273
6702 52.72230158 8.66761364
6703 52.84539882 8.46306818
6704 51.40111653 10.61079545
6705 54.06913964 21.80965909
6706 52.10484889 11.01988636
6707 52.31103030 13.26988636
6708 50.65142738 14.65056818
6709 50.44235051 2.58238636
6710 49.39157613 11.83806818
6711 52.47571356 5.54829545
6712 42.23596076 21.14488636
6713 38.95251558 21.86079545
6714 43.07901319 19.35511364
6715 44.04909458 27.99715909
6716 44.26864984 18.94602273
6717 42.68027639 19.71306818
6718 53.49969864 22.73011364
6719 53.86609738 25.49147727
6720 55.15922793 26.15625000
6721 57.62174927 27.74147727
6722 54.47412436 25.74715909
6723 55.11904534 26.56534091
6724 45.79592547 20.22443182
6725 54.15025393 22.62784091
6726 53.29563171 23.44602273
6727 55.03863604 26.36079545
6728 49.51814221 31.93465909
6729 49.05343770 19.96875000
6730 49.09575498 19.04829545
6731 49.85502171 17.36079545
6732 50.35861894 30.75852273
6733 47.82004905 39.45170455
6734 50.98520049 33.77556818
6735 48.54451885 39.34943182
6736 44.83789246 33.87784091
6737 51.44262855 26.87215909
6738 51.19333930 26.76988636
6739 45.62223556 29.58238636
6740 52.31103030 24.87784091
6741 52.39340104 24.57102273
6742 52.14611425 25.74715909
6743 52.10484889 27.74147727
6744 52.22860136 28.25284091
6745 52.02227457 23.13920455
6746 48.33186485 35.76988636
6747 45.01257718 29.07102273
6748 43.38838692 13.01420455
6749 39.22499606 9.02556818
6750 45.05621394 6.67329545
6751 68.31547448 22.42329545
6752 67.47091472 20.07102273
6753 67.00994114 21.55397727
6754 56.31811527 16.18465909
6755 58.55972873 11.32670455
6756 60.33367180 12.14488636
6757 58.09180496 11.48011364
6758 68.73461599 23.90625000
6759 69.32482928 21.29829545
6760 56.99169435 14.54829545
6761 60.10406638 29.22443182
6762 60.33367180 29.17329545
6763 59.98906358 24.26420455
6764 59.72020496 22.67897727
6765 60.02741267 22.42329545
6766 65.46757235 26.71875000
6767 64.95955180 24.46875000
6768 60.79128197 24.46875000
6769 61.62469217 23.80397727
6770 61.32246353 23.65056818
6771 61.32246353 24.51988636
6772 62.30124157 24.92897727
6773 62.63771806 25.95170455
6774 61.36029396 25.69602273
6775 56.83358924 9.84375000
6776 58.94803590 6.16193182
6777 60.63898237 10.50852273
6778 68.59513420 17.61647727
6779 68.63002639 16.13352273
6780 68.28045170 16.28693182
6781 68.97815138 15.41761364
6782 68.76945020 14.95738636
6783 68.66490408 15.51988636
6784 68.14021534 13.47443182
6785 68.03488549 13.11647727
6786 69.67006280 18.58806818
6787 69.25560934 17.46306818
6788 69.04760264 15.62215909
6789 70.08244034 20.37784091
6790 69.60113151 22.06534091
6791 70.04815471 19.55965909
6792 69.87651075 18.89488636
6793 68.49037062 15.77556818
6794 67.36475503 15.72443182
6795 64.48523646 -17.25852273
6796 65.14131851 -15.72443182
6797 65.39517437 -17.61647727
6798 65.28646719 -20.58238636
6799 65.28646719 -19.40625000
6800 64.08194819 -19.35511364
6801 53.66268890 -7.64488636
6802 51.19333930 0.43465909
6803 50.52602448 -1.55965909
6804 53.21390262 -4.67897727
6805 54.79705517 -7.33806818
6806 54.10970412 -8.05397727
6807 53.82544497 -6.82670455
6808 54.87764094 -6.98011364
6809 53.98796670 -6.26420455
6810 53.98796670 -8.41193182
6811 55.87999660 -6.16193182
6812 55.72023830 -6.46875000
6813 56.27836007 -6.31534091
6814 55.31981110 -4.32102273
6815 50.86014382 -0.38352273
6816 46.27242637 8.87215909
6817 47.00551552 7.03125000
6818 46.57477619 8.41193182
6819 49.98111494 3.75852273
6820 46.83338793 5.44602273
6821 46.35888184 3.34943182
6822 46.48846036 4.88352273
6823 46.83877031 3.23757102
6824 45.70910826 0.33238636
6825 46.22917771 0.58806818
6826 43.65303668 -0.63920455
6827 43.25587924 -1.25284091
6828 45.23062311 0.12784091
6829 44.18086869 -0.48579545
6830 42.72463426 2.27556818
6831 43.25587924 4.47443182
6832 48.88402596 4.62784091
6833 49.13805799 5.24147727
6834 44.09303293 9.74147727
6835 43.91719775 10.04829545
6836 44.70673452 10.45738636
6837 47.09149512 8.97443182
6838 46.96250466 8.15625000
6839 46.61791314 8.05397727
6840 46.79032098 8.82102273
6841 47.43485124 8.87215909
6842 47.39198098 8.25852273
6843 44.88158428 6.36647727
6844 51.19333930 17.30965909
6845 50.10707896 16.28693182
6846 52.68124000 16.18465909
6847 52.80438099 19.96875000
6848 51.56707769 16.08238636
6849 43.56487432 41.03693182
6850 46.05604377 42.26420455
6851 44.18086869 40.01420455
6852 44.26864984 38.63352273
6853 44.92526235 40.52556818
6854 42.50271078 43.54261364
6855 42.10240545 45.38352273
6856 42.99049923 41.85511364
6857 42.72463426 42.16193182
6858 42.72463426 43.38920455
6859 40.71534896 48.50284091
6860 41.16417174 47.42897727
6861 43.52077279 44.36079545
6862 45.18704151 46.91761364
6863 53.13211509 48.55397727
6864 60.90535107 33.98011364
6865 61.05723576 34.90056818
6866 50.81842939 34.79829545
6867 50.06510531 35.25852273
6868 49.72879938 38.07102273
6869 51.89830413 33.16193182
6870 51.19333930 34.28693182
6871 50.86014382 37.81534091
6872 47.39198098 38.78693182
6873 47.04851234 39.24715909
6874 46.53162527 38.37784091
6875 46.44528148 39.14488636
6876 47.52054950 40.32102273
6877 49.39157613 52.54261364
6878 47.09149512 49.42329545
6879 50.90184382 55.40625000
6880 47.86277821 28.55965909
6881 47.47770741 29.42897727
6882 47.39198098 30.04261364
6883 50.35861894 19.30397727
6884 52.55796784 21.55397727
6885 52.02227457 20.73579545
6886 52.10484889 20.68465909
6887 52.14611425 20.53125000
6888 50.10707896 24.00852273
6889 49.01110615 22.42329545
6890 50.23291366 22.01420455
6891 51.69139639 24.57102273
6892 55.27968738 30.96306818
6893 55.48015873 31.21875000
6894 54.43369192 30.91193182
6895 53.70339988 31.93465909
6896 53.90673514 29.32670455
6897 54.71641062 29.68465909
6898 52.43456458 24.98011364
6899 53.78477792 26.71875000
6900 53.66268890 25.84943182
6901 53.29563171 18.58806818
6902 47.90549323 27.02556818
6903 49.85502171 22.57670455
6904 49.68669659 24.57102273
6905 48.96876035 21.55397727
6906 48.75681754 22.06534091
6907 49.13805799 20.07102273
6908 49.51814221 22.26988636
6909 47.64899113 41.54829545
6910 49.05343770 42.31534091
6911 48.41696905 42.92897727
6912 48.41696905 42.31534091
6913 50.31673157 40.47443182
6914 49.93909821 41.54829545
6915 49.51814221 41.29261364
6916 51.02685716 36.28125000
6917 52.43456458 33.36647727
6918 43.60896228 45.43465909
6919 44.53166507 41.65056818
6920 43.31451052 42.75777702
6921 45.49182259 40.67897727
6922 43.96117698 42.31534091
6923 44.18086869 44.71875000
6924 45.05621394 44.30965909
6925 45.09983692 36.94602273
6926 43.30006199 41.90625000
6927 44.09303293 41.75284091
6928 43.56487432 42.21306818
6929 45.96939327 41.19034091
6930 47.00551552 44.15625000
6931 49.98111494 44.87215909
6932 50.86014382 60.62215909
6933 66.04464210 62.92329545
6934 65.10499459 59.59943182
6935 61.51146752 59.13920455
6936 60.25719594 58.52556818
6937 58.36501965 58.47443182
6938 61.62469217 59.34375000
6939 52.68124000 57.24715909
6940 56.23859012 57.70738636
6941 59.41204868 58.52556818
6942 66.86760674 30.70738636
6943 43.74114474 42.26420455
6944 50.60964083 22.73011364
6945 47.09149512 16.18465909
6946 48.16148621 14.34375000
6947 49.09575498 18.38352273
6948 48.07621185 21.55397727
6949 48.33186485 20.83806818
6950 44.40021905 24.31534091
6951 47.90549323 26.10511364
6952 44.18086869 16.69602273
6953 43.30006199 18.28125000
6954 43.87320490 17.05397727
6955 44.83789246 18.89488636
6956 44.96892665 16.18465909
6957 42.90193138 17.87215909
6958 44.04909458 17.46306818
6959 43.47665771 17.97443182
6960 42.59152040 21.19602273
6961 44.40021905 14.70170455
6962 47.30619821 22.52556818
6963 46.79032098 22.32102273
6964 47.90549323 25.84943182
6965 41.87954686 26.05397727
6966 40.31028958 26.41193182
6967 50.10707896 16.64488636
6968 48.62948100 16.13352273
6969 50.06510531 16.03125000
6970 46.22917771 14.59943182
6971 46.14263859 14.24147727
6972 48.36910493 16.27414773
6973 42.72463426 19.50852273
6974 42.68027639 19.15056818
6975 49.05343770 20.48011364
6976 48.79923459 13.26988636
6977 47.26328572 22.78125000
6978 40.67039459 26.71875000
6979 40.53545306 17.41193182
6980 36.89441683 14.39488636
6981 37.21622735 13.98579545
6982 41.47756491 13.52556818
6983 42.23596076 12.80965909
6984 41.34333271 12.80965909
6985 41.25377858 13.26988636
6986 42.54712229 13.57670455
6987 42.32493090 13.78125000
6988 42.99049923 12.86079545
6989 43.78517839 11.58238636
6990 43.65303668 10.81534091
6991 45.53530743 8.51420455
6992 44.92526235 9.02556818
6993 44.83789246 8.41193182
6994 44.22476610 9.33238636
6995 44.75046758 6.72443182
6996 52.43456458 -7.13352273
6997 52.22860136 -7.49147727
6998 52.72230158 -7.69602273
6999 52.92739072 -7.03125000
7000 53.37730235 -7.03125000
7001 53.37730235 -8.05397727
7002 52.18736508 -9.28125000
7003 52.02227457 -7.95170455
7004 51.81558457 -0.69034091
7005 50.98520049 -0.74147727
7006 51.11012714 -1.55965909
7007 39.63285187 -9.12784091
7008 40.85013354 -8.71875000
7009 41.40487055 -7.46590909
7010 51.40111653 32.03693182
7011 51.77420302 32.65056818
7012 50.60964083 31.47443182
7013 50.40049192 32.24147727
7014 51.15174045 33.26420455
7015 50.48419470 33.26420455
7016 50.10707896 34.79829545
7017 49.72879938 35.25852273
7018 49.01110615 35.46306818
7019 48.58700703 36.23011364
7020 49.60244804 36.63920455
7021 49.47596783 37.40625000
7022 49.26488136 38.12215909
7023 49.13805799 39.14488636
7024 48.62948100 38.83806818
7025 48.71438625 38.32670455
7026 47.73454833 39.09375000
7027 48.28929147 39.45170455
7028 48.50201646 37.35511364
7029 48.41696905 37.91761364
7030 47.99088084 37.91761364
7031 47.60619136 38.73579545
7032 48.07621185 36.99715909
7033 47.52054950 36.79261364
7034 47.00551552 37.09943182
7035 47.52054950 37.55965909
7036 47.52054950 38.27556818
7037 46.79032098 36.07670455
7038 47.13446385 35.15625000
7039 46.31566108 34.23579545
7040 46.05604377 33.11079545
7041 47.00551552 33.31534091
7042 46.31566108 32.80397727
7043 48.58700703 34.33806818
7044 47.43485124 34.13352273
7045 49.60244804 33.57102273
7046 49.05343770 33.16193182
7047 48.79923459 32.85511364
7048 48.50201646 33.05965909
7049 47.90549323 30.70738636
7050 48.45949986 30.75852273
7051 48.75681754 30.86079545
7052 47.43485124 31.47443182
7053 47.39198098 30.75852273
7054 47.47770741 30.40056818
7055 47.77730575 30.96306818
7056 46.87644086 29.68465909
7057 47.82004905 29.78693182
7058 47.77730575 30.34943182
7059 48.28929147 28.40625000
7060 48.45949986 27.28125000
7061 48.67194074 27.17897727
7062 48.62948100 28.30397727
7063 48.58700703 31.57670455
7064 48.67194074 32.08806818
7065 50.48419470 27.28125000
7066 49.60244804 28.86647727
7067 49.93909821 27.17897727
7068 50.52602448 30.24715909
7069 49.64457948 29.68465909
7070 49.85502171 29.48011364
7071 49.77088782 30.19602273
7072 50.31673157 30.60511364
7073 56.79402602 22.98579545
7074 57.03118368 22.47443182
7075 56.47698845 21.96306818
7076 56.87313768 25.38920455
7077 56.43729230 22.73011364
7078 58.75406749 22.42329545
7079 58.59862611 23.80397727
7080 58.79289081 25.59375000
7081 57.66100197 26.00284091
7082 55.76019998 20.88920455
7083 55.56024418 21.91193182
7084 55.07884805 23.49715909
7085 55.44009391 25.79829545
7086 54.02856050 23.59943182
7087 54.51454212 23.75284091
7088 49.56030229 21.65625000
7089 49.47596783 24.16193182
7090 50.14903823 24.05965909
7091 49.05343770 24.36647727
7092 49.89706714 36.69034091
7093 44.53166507 34.13352273
7094 44.83789246 34.79829545
7095 45.09983692 34.90056818
7096 45.75252380 33.72443182
7097 45.23062311 33.98011364
7098 45.49182259 34.33806818
7099 52.31103030 20.99147727
7100 53.37730235 24.11079545
7101 53.78477792 24.26420455
7102 54.02856050 24.67329545
7103 54.19078909 25.54261364
7104 54.87764094 26.36079545
7105 52.31103030 26.71875000
7106 51.85695161 22.42329545
7107 51.60853176 22.32102273
7108 52.59907313 18.94602273
7109 52.92739072 19.61079545
7110 51.85695161 19.30397727
7111 52.14611425 19.25284091
7112 52.39340104 17.66761364
7113 50.60964083 21.14488636
7114 52.55796784 18.23011364
7115 52.18736508 21.70738636
7116 51.60853176 21.29829545
7117 52.26982311 23.95738636
7118 54.91791177 25.69602273
7119 52.64016385 22.32102273
7120 52.26982311 22.78125000
7121 52.14611425 23.34375000
7122 48.84163740 22.78125000
7123 42.81330970 -3.14488636
7124 38.77060679 -7.44034091
7125 38.90705749 1.25284091
7126 39.85898794 3.86079545
7127 40.80521845 -1.50852273
7128 42.50271078 -1.04829545
7129 46.87644086 0.84375000
7130 47.13446385 0.89488636
7131 48.96876035 3.09375000
7132 49.18034673 4.11647727
7133 49.60244804 3.91193182
7134 48.03355343 2.37784091
7135 46.66103609 5.03693182
7136 55.23954895 11.83806818
7137 54.79705517 11.73579545
7138 54.71641062 11.42897727
7139 56.91267135 8.46306818
7140 56.67524771 8.51420455
7141 56.43729230 8.15625000
7142 56.59598831 9.63920455
7143 55.76019998 -3.55397727
7144 55.80014693 -4.88352273
7145 55.68026187 -5.03693182
7146 57.46459049 -5.44602273
7147 58.05271506 -6.87784091
7148 57.50390238 -7.54261364
7149 57.22840858 -7.59375000
7150 58.32603340 -3.75852273
7151 47.43485124 10.86647727
7152 50.86014382 14.29261364
7153 47.94819411 8.00284091
7154 49.89706714 13.67897727
7155 50.19098313 13.26988636
7156 50.69319952 14.85511364
7157 49.86080381 15.65124290
7158 50.27482980 15.62215909
7159 49.73143032 16.73757102
7160 48.75681754 17.30965909
7161 47.34909664 17.92329545
7162 47.69177679 19.40625000
7163 46.05604377 19.96875000
7164 47.04851234 20.37784091
7165 47.17741853 16.38920455
7166 50.02311731 10.55965909
7167 53.82544497 13.88352273
7168 53.09119942 20.48011364
7169 70.11671159 26.71875000
7170 69.01288424 25.23579545
7171 68.24541440 28.76420455
7172 45.36128505 40.11647727
7173 67.08102070 16.08238636
7174 53.25477447 21.29829545
7175 68.76945020 21.34943182
7176 69.22097769 20.37784091
7177 68.69976728 18.12784091
7178 68.14021534 17.36079545
7179 66.93880316 24.26420455
7180 50.06510531 16.84943182
7181 45.44832391 26.87215909
7182 51.40111653 17.20738636
7183 56.31811527 29.58238636
7184 56.51666984 29.07102273
7185 47.26328572 26.61647727
7186 53.29563171 27.28125000
7187 35.32280783 135.43465909
7188 34.95098978 137.63352273
7189 43.87320490 7.18465909
7190 46.91947978 9.12784091
7191 51.85695161 9.38352273
7192 50.19098313 11.58238636
7193 49.89706714 7.74715909
7194 50.23291366 7.64488636
7195 50.40049192 6.51988636
7196 42.10240545 -8.15625000
7197 40.31028958 23.08806818
7198 47.94819411 8.30965909
7199 50.44235051 11.73579545
7200 52.18736508 11.94034091
7201 53.86609738 10.96875000
7202 51.27649361 9.89488636
7203 37.21622735 127.81534091
7204 36.84839450 127.81534091
7205 36.52589390 127.40625000
7206 34.85791611 127.40625000
7207 37.94950800 128.42897727
7208 38.13232770 127.09943182
7209 38.54293477 128.12215909
7210 37.81226143 126.63920455
7211 37.85802282 127.15056818
7212 37.94950800 126.94602273
7213 38.13232770 126.79261364
7214 37.81226143 125.71875000
7215 38.13232770 126.33238636
7216 37.85802282 124.49147727
7217 38.13232770 125.05397727
7218 37.94950800 127.61079545
7219 37.81226143 128.01988636
7220 37.85802282 128.42897727
7221 38.36056904 126.79261364
7222 38.22366206 128.32670455
7223 49.26488136 116.20738636
7224 42.94622203 110.63352273
7225 46.70414506 119.83806818
7226 46.31566108 116.36079545
7227 42.32493090 108.07670455
7228 46.57477619 118.35511364
7229 45.66567884 112.73011364
7230 50.81842939 92.12215909
7231 50.31673157 98.05397727
7232 51.19333930 98.97443182
7233 50.19098313 95.59943182
7234 49.98111494 89.71875000
7235 41.65635608 115.28693182
7236 53.49969864 7.84943182
7237 68.63002639 -81.89488636
7238 69.15167105 -94.16761364
7239 57.42526382 -102.60511364
7240 56.83358924 -102.40056818
7241 49.26488136 -94.62784091
7242 49.13805799 -95.19034091
7243 36.43364049 -89.71875000
7244 41.38808998 -71.41193182
7245 41.65635608 -71.41193182
7246 55.87999660 -3.80965909
7247 56.39758139 -5.80397727
7248 54.55494520 -3.75852273
7249 56.07936273 -3.29829545
7250 51.27649361 -3.04261364
7251 51.06849938 -4.93465909
7252 52.84539882 0.28125000
7253 54.75674024 -5.39488636
7254 66.29592950 -14.95738636
7255 66.26007525 -15.11079545
7256 66.29592950 -15.16193182
7257 66.15242462 -15.57102273
7258 67.50627212 32.29261364
7259 66.11651177 30.75852273
7260 68.80426993 28.40625000
7261 67.85904492 23.19034091
7262 69.32482928 28.61079545
7263 69.08230657 28.61079545
7264 70.11671159 28.45738636
7265 60.02741267 29.73579545
7266 61.73778353 4.78125000
7267 69.35941758 19.86647727
7268 57.26780921 11.73579545
7269 46.09934814 -1.40625000
7270 53.45891450 9.63920455
7271 50.40049192 11.48011364
7272 50.27482980 11.42897727
7273 50.77670053 11.83806818
7274 50.73495724 11.99147727
7275 55.52020882 21.04261364
7276 44.96892665 14.34375000
7277 42.59152040 17.87215909
7278 43.96117698 9.74147727
7279 38.13232770 15.31534091
7280 37.49158161 24.11079545
7281 38.81610308 20.53125000
7282 38.17800118 22.32102273
7283 38.17800118 22.47443182
7284 57.77867130 27.74147727
7285 45.27419090 36.48579545
7286 45.92604716 33.92897727
7287 45.88268716 34.13352273
7288 45.75252380 33.31534091
7289 66.43920002 33.31534091
7290 50.69319952 58.42329545
7291 53.98796670 76.47443182
7292 70.52684583 162.17897727
7293 69.46309586 161.30965909
7294 66.47498104 106.44034091
7295 28.23003375 69.46875000
7296 32.18569621 76.57670455
7297 29.04617354 76.16761364
7298 31.19188939 75.65625000
7299 29.28564659 76.47443182
7300 28.75846342 78.92897727
7301 22.04497709 85.37215909
7302 22.14349469 85.62784091
7303 24.69294992 87.77556818
7304 25.37522908 88.49147727
7305 25.76428647 74.94034091
7306 23.95995908 77.34375000
7307 24.15562053 75.80965909
7308 25.22917858 79.69602273
7309 25.76428647 79.74715909
7310 25.37522908 79.23579545
7311 20.01827934 85.37215909
7312 20.66232415 84.91193182
7313 19.32326195 78.05965909
7314 27.50747183 68.49715909
7315 23.32308461 72.63920455
7316 22.14349469 71.87215909
7317 21.50254377 71.82102273
7318 22.19274107 72.74147727
7319 21.45318289 70.95170455
7320 22.34043035 72.33238636
7321 22.09424003 68.85511364
7322 21.69990642 71.20738636
7323 21.00857433 73.25284091
7324 21.05800713 70.84943182
7325 21.10743202 72.79261364
7326 20.76129199 70.44034091
7327 20.36523414 73.30397727
7328 20.61282853 73.71306818
7329 21.00857433 72.63920455
7330 18.52719797 75.19602273
7331 17.97885087 75.65625000
7332 18.47738321 75.29829545
7333 17.17977716 76.11647727
7334 17.72932593 74.22443182
7335 17.87906139 73.76420455
7336 18.37773255 73.25284091
7337 17.22976944 74.68465909
7338 17.22976944 75.24715909
7339 17.92895956 72.89488636
7340 18.22820403 72.69034091
7341 16.97974231 74.94034091
7342 17.27975512 74.12215909
7343 14.87329874 75.45170455
7344 15.52644176 74.37784091
7345 17.12977829 75.34943182
7346 16.22869203 74.63352273
7347 15.77738295 74.99147727
7348 15.72720681 75.24715909
7349 15.02411191 75.09375000
7350 20.01827934 72.84375000
7351 20.31569211 72.58806818
7352 11.59380056 75.29829545
7353 10.88475873 79.59375000
7354 16.57936085 81.89488636
7355 22.68474572 88.13352273
7356 16.77960316 79.64488636
7357 16.57936085 79.69602273
7358 15.17487275 78.05965909
7359 10.47921280 76.52556818
7360 4.16577756 115.03125000
7361 4.47215991 114.98011364
7362 4.88056948 114.82670455
7363 4.42110051 114.87784091
7364 -9.36263319 124.08238636
7365 7.68448290 122.08806818
7366 7.58266335 123.05965909
7367 8.14251819 123.16193182
7368 42.76897870 110.42897727
7369 43.12324995 110.78693182
7370 24.39999633 114.11079545
7371 36.34133816 113.70170455
7372 36.47977331 113.80397727
7373 35.74018646 128.73579545
7374 36.38749543 138.96306818
7375 37.44572032 140.70170455
7376 37.17029153 139.16761364
7377 37.39984658 138.86079545
7378 37.58326683 139.47443182
7379 33.59680937 129.45170455
7380 33.08059401 131.65056818
7381 36.57200224 139.93465909
7382 36.20279314 139.88352273
7383 38.31494600 139.52556818
7384 38.31494600 140.24147727
7385 36.57200224 137.32670455
7386 35.22992498 137.48011364
7387 36.01789602 137.68465909
7388 35.13699430 -3.14488636
7389 20.71181197 -17.30965909
7390 5.49294805 -0.48579545
7391 5.33988147 -0.74147727
7392 -15.57664207 35.66761364
7393 22.43884815 -104.29261364
7394 21.65057793 -104.39488636
7395 20.01827934 -100.66193182
7396 19.67095335 -98.46306818
7397 18.02873532 -94.47443182
7398 7.98986799 -83.12215909
7399 8.14251819 -83.17329545
7400 11.59380056 -72.02556818
7401 11.64441298 -71.82102273
7402 11.69502085 -71.66761364
7403 -44.44404808 -71.87215909
7404 -44.44404808 -71.66761364
7405 -39.17961460 173.94034091
7406 59.95069967 10.25284091
7407 59.68173730 10.20170455
7408 40.58044663 13.67897727
7409 59.45062009 17.41193182
7410 59.25761486 17.05397727
7411 65.57605916 11.68465909
7412 67.92942478 16.23579545
7413 67.92942478 16.03125000
7414 46.01272547 30.19602273
7415 46.09934814 30.04261364
7416 46.14263859 29.94034091
7417 46.57477619 38.01988636
7418 51.56707769 10.30397727
7419 68.17529622 16.90056818
7420 58.40399109 16.59375000
7421 58.48188953 16.13352273
7422 58.48188953 16.38920455
7423 43.74114474 47.37784091
7424 57.50390238 -134.51420455
7425 59.37346246 -151.28693182
7426 58.75406749 -159.26420455
7427 55.19939580 -160.95170455
7428 60.44827442 -164.73579545
7429 65.53991157 -168.92897727
7430 54.83735541 -162.48579545
7431 55.60026481 -133.08238636
7432 60.60087042 -164.12215909
7433 64.44864758 -158.59943182
7434 61.51146752 -159.98011364
7435 64.88674213 -151.79829545
7436 63.60303402 -160.95170455
7437 59.87392739 -147.75852273
7438 56.39758139 -110.22443182
7439 58.67637643 -112.37215909
7440 60.37188749 -68.24147727
7441 62.37611769 -64.71306818
7442 71.44210432 -75.86079545
7443 70.35620786 -73.25284091
7444 52.47571356 -99.28125000
7445 52.88640207 -99.48579545
7446 53.78477792 -57.70738636
7447 51.64997133 11.73579545
7448 51.69139639 11.37784091
7449 26.39521477 53.71875000
7450 41.29856224 70.74715909
7451 57.70023988 23.03693182
7452 58.44294771 22.32102273
7453 11.69502085 79.44034091
7454 11.74562413 79.33806818
7455 11.79622282 79.49147727
7456 11.79622282 79.44034091
7457 12.25140104 104.13920455
7458 47.69177679 116.30965909
7459 47.52054950 119.01988636
7460 45.49182259 114.21306818
7461 43.47665771 111.60511364
7462 26.10421709 10.15056818
7463 13.36239851 -16.64488636
7464 13.41284008 -16.23579545
7465 4.77847831 -2.12215909
7466 6.86959967 -70.13352273
7467 -1.50843559 -77.80397727
7468 -3.75717580 -80.56534091
7469 -4.16577756 -80.71875000
7470 -0.28124944 -51.31534091
7471 49.68669659 7.69602273
7472 50.40049192 7.33806818
7473 -6.71672910 141.62215909
7474 47.30619821 7.44034091
7475 49.56030229 8.10511364
7476 50.52602448 6.92897727
7477 51.11012714 6.51988636
7478 -14.77272780 22.11647727
7479 -4.62532738 25.38920455
7480 -16.82964767 22.83238636
7481 1.35250000 17.45250000
7482 -1.03806000 17.11389000
7483 -18.27805385 18.94602273
7484 -21.94642649 16.95170455
7485 -25.13176524 17.76988636
