TGCNV_MAP 1
40075 7470
1 3731 14069 0
2 3784 14339 0
3 3333 14428 0
4 1591 14137 0
5 463 13762 0
6 3694 14681 0
7 3669 15060 0
8 30123 7764 0
9 10367 13092 0
10 30896 7198 0
11 6173 14530 0
12 24850 9771 0
13 5098 12999 0
14 4896 12992 0
15 4739 13434 0
16 4607 13883 0
17 4090 14524 0
18 5089 14170 0
19 5308 13505 0
20 5353 13095 0
21 5695 13147 0
22 6304 13141 0
23 5667 13716 0
24 6447 13022 0
25 6339 13528 0
26 8228 14951 0
27 9441 15748 0
28 9283 15254 0
29 25714 12173 0
30 6735 13002 0
31 7154 14410 0
32 6940 13786 0
33 8270 16257 0
34 6977 13249 0
35 6702 15646 0
36 4419 15907 0
37 8456 14063 0
38 6664 11013 0
39 8825 8874 0
40 5608 15809 0
41 7593 13069 0
42 7906 13099 0
43 8079 11010 0
44 10403 9407 0
45 11747 9191 0
46 9894 12292 0
47 9338 13562 0
48 9913 13113 0
49 8568 12897 0
50 9253 12913 0
51 9408 12721 0
52 9973 12471 0
53 9714 12344 0
54 9640 12151 0
55 9800 12242 0
56 10123 12374 0
57 10404 12496 0
58 10369 12617 0
59 8035 14524 0
60 10117 11504 0
61 11107 12790 0
62 11997 13380 0
63 10892 12967 0
64 10578 12743 0
65 10773 12824 0
66 10676 12515 0
67 11259 12891 0
68 11417 12668 0
69 11327 12520 0
70 11684 12643 0
71 11623 12432 0
72 11629 12548 0
73 12031 12578 0
74 12652 12891 0
75 12247 13386 0
76 11771 13674 0
77 12497 12700 0
78 5126 12714 0
79 4977 12758 0
80 5655 12782 0
81 5193 12464 0
82 5547 12060 0
83 5627 12430 0
84 5371 11422 0
85 5029 11914 0
86 5367 11722 0
87 5450 11238 0
88 5939 11095 0
89 5377 11166 0
90 5644 11106 0
91 5855 12634 0
92 5735 12060 0
93 6316 12080 0
94 5607 11883 0
95 5718 12031 0
96 5942 11297 0
97 6330 12018 0
98 6065 11587 0
99 6470 11517 0
100 6498 11063 0
101 6269 11295 0
102 6276 10875 0
103 6854 11762 0
104 5172 11513 0
105 7112 11244 0
106 7163 11748 0
107 6925 11934 0
108 6680 11689 0
109 6709 11428 0
110 6593 11990 0
111 6433 12305 0
112 6766 12136 0
113 6421 12087 0
114 6134 12674 0
115 6433 12526 0
116 6526 12970 0
117 7695 12689 0
118 7886 12782 0
119 7277 12819 0
120 7898 12270 0
121 7671 12412 0
122 7510 12306 0
123 8029 11826 0
124 7284 12060 0
125 7830 11809 0
126 8001 11472 0
127 7471 11803 0
128 7511 11496 0
129 7455 11390 0
130 8092 11428 0
131 7911 11307 0
132 8154 10517 0
133 7764 10678 0
134 7802 10915 0
135 6895 11462 0
136 7244 10671 0
137 7836 10517 0
138 7794 10289 0
139 8683 10557 0
140 8616 10699 0
141 8436 10673 0
142 8486 10833 0
143 8593 11143 0
144 8409 11020 0
145 8418 11284 0
146 8609 11613 0
147 8519 11371 0
148 8707 11447 0
149 8370 11608 0
150 8418 11808 0
151 8234 11960 0
152 8500 11971 0
153 8517 12166 0
154 8161 12133 0
155 8401 12772 0
156 8197 12463 0
157 8063 12822 0
158 8638 12837 0
159 8906 12213 0
160 8556 12614 0
161 8891 12489 0
162 8718 12242 0
163 8980 12003 0
164 8825 12092 0
165 8909 11848 0
166 8656 11876 0
167 8791 11677 0
168 8923 11578 0
169 9156 11638 0
170 9023 11578 0
171 9111 11937 0
172 9242 11923 0
173 9469 12105 0
174 9272 12133 0
175 9412 12342 0
176 9311 12332 0
177 8778 12649 0
178 9704 11906 0
179 9524 11827 0
180 9468 11947 0
181 9376 11856 0
182 9394 11688 0
183 9540 11687 0
184 9224 11546 0
185 9488 11519 0
186 9187 11414 0
187 8997 11445 0
188 9065 11271 0
189 8860 11283 0
190 9447 11321 0
191 9316 11209 0
192 8746 10821 0
193 8715 11032 0
194 8785 10666 0
195 9037 10790 0
196 9156 11087 0
197 8931 10647 0
198 9344 10619 0
199 9668 10609 0
200 9583 10343 0
201 9372 11098 0
202 9420 10846 0
203 11553 10858 0
204 9624 10725 0
205 9811 10932 0
206 9668 11043 0
207 10136 11311 0
208 9982 11308 0
209 9861 11237 0
210 10022 11174 0
211 10027 11447 0
212 10118 11655 0
213 10079 11570 0
214 10149 11429 0
215 9968 11582 0
216 9709 11411 0
217 9803 11611 0
218 9752 11687 0
219 10308 11710 0
220 10153 11729 0
221 9982 11769 0
222 10341 11705 0
223 10350 11814 0
224 10311 11983 0
225 10090 11896 0
226 10198 11836 0
227 9879 11855 0
228 9870 12010 0
229 10452 11899 0
230 10466 11832 0
231 10414 11741 0
232 10540 11911 0
233 10633 11914 0
234 10493 12045 0
235 10386 12116 0
236 10026 12134 0
237 10187 12179 0
238 10311 12194 0
239 10819 12475 0
240 10466 12331 0
241 10670 12018 0
242 10786 12015 0
243 10810 12090 0
244 10870 12039 0
245 10679 12110 0
246 10651 12275 0
247 10811 12231 0
248 10923 12407 0
249 11115 12482 0
250 11097 12691 0
251 13073 15361 0
252 16437 15234 0
253 17979 14854 0
254 18069 13782 0
255 17953 13755 0
256 18065 13702 0
257 17854 13801 0
258 17724 13534 0
259 17849 13642 0
260 17769 13346 0
261 17672 13426 0
262 17887 13456 0
263 18059 13534 0
264 17930 13575 0
265 18020 13460 0
266 18516 14118 0
267 18207 14206 0
268 18407 14006 0
269 18403 13917 0
270 18213 14001 0
271 18264 13904 0
272 18378 13830 0
273 18378 13323 0
274 18242 13357 0
275 18380 13432 0
276 18362 13508 0
277 18435 13591 0
278 18499 13549 0
279 18444 13763 0
280 18600 13756 0
281 18720 13619 0
282 18588 13593 0
283 18617 13608 0
284 18534 13493 0
285 18452 13551 0
286 18457 13476 0
287 18560 13426 0
288 18608 13540 0
289 18640 13466 0
290 18732 13548 0
291 18747 13430 0
292 18856 13466 0
293 18813 13359 0
294 18606 13322 0
295 18720 13346 0
296 18473 13277 0
297 18539 13262 0
298 18403 13256 0
299 18207 13175 0
300 18748 13289 0
301 18834 13266 0
302 18805 13226 0
303 18634 13226 0
304 18250 13686 0
305 20012 15025 0
306 20479 15538 0
307 21414 16037 0
308 19534 14815 0
309 19346 14576 0
310 19528 14428 0
311 19704 14428 0
312 19813 14564 0
313 19955 14513 0
314 20033 14692 0
315 19824 14724 0
316 20006 14433 0
317 20581 14712 0
318 20689 15071 0
319 20277 14992 0
320 20839 15231 0
321 21230 15612 0
322 20775 14445 0
323 20348 14661 0
324 20752 14541 0
325 20517 14282 0
326 20607 14412 0
327 20423 14383 0
328 20189 14494 0
329 20233 14222 0
330 20083 14248 0
331 20820 14137 0
332 20541 14109 0
333 20410 14029 0
334 20220 13978 0
335 20467 13984 0
336 21627 15235 0
337 21947 15310 0
338 21678 15707 0
339 22073 14707 0
340 21808 14664 0
341 21885 14940 0
342 22097 14954 0
343 21528 14558 0
344 21435 14866 0
345 21200 14686 0
346 21155 14941 0
347 21042 12190 0
348 20975 14556 0
349 21532 14405 0
350 21770 14413 0
351 21568 14287 0
352 21737 14271 0
353 21240 14283 0
354 21469 14063 0
355 21602 14137 0
356 21691 13944 0
357 21401 14018 0
358 21253 14109 0
359 21158 14049 0
360 21579 13774 0
361 21481 13773 0
362 21380 13746 0
363 21486 13892 0
364 21365 13934 0
365 21210 13946 0
366 19875 13955 0
367 19773 14086 0
368 19852 13807 0
369 19830 13670 0
370 19801 13739 0
371 19778 13828 0
372 20075 13881 0
373 19972 13818 0
374 20429 13822 0
375 19317 13403 0
376 19237 13366 0
377 19283 13517 0
378 19219 13318 0
379 19391 13318 0
380 19186 13323 0
381 19392 13220 0
382 19416 13357 0
383 19517 13557 0
384 19466 13441 0
385 19421 13540 0
386 19500 13511 0
387 19255 13192 0
388 19102 13239 0
389 19186 13295 0
390 19175 13318 0
391 19364 13252 0
392 19312 13147 0
393 19169 13181 0
394 19152 13135 0
395 19386 13187 0
396 19448 13187 0
397 19443 13033 0
398 19386 13102 0
399 19101 13181 0
400 19101 13187 0
401 18993 13164 0
402 19033 13107 0
403 19095 13044 0
404 19161 13073 0
405 19289 13090 0
406 19215 12886 0
407 19320 12875 0
408 19289 13056 0
409 19628 12905 0
410 19579 12811 0
411 19408 12953 0
412 19545 12891 0
413 19375 13001 0
414 19505 12862 0
415 18906 13043 0
416 18896 12970 0
417 18773 12937 0
418 18697 12982 0
419 18519 12996 0
420 18320 12877 0
421 18486 12839 0
422 18436 12820 0
423 18555 12765 0
424 18587 12854 0
425 19021 12930 0
426 18919 12885 0
427 19090 12902 0
428 19266 12617 0
429 19216 12788 0
430 19117 12631 0
431 19426 12674 0
432 19437 12742 0
433 19527 12783 0
434 18729 12652 0
435 18699 12754 0
436 18782 12844 0
437 18608 12676 0
438 19000 12844 0
439 19042 12728 0
440 18959 12708 0
441 18862 12765 0
442 18691 12572 0
443 18805 12680 0
444 18750 12516 0
445 18913 12526 0
446 18980 12596 0
447 18839 12469 0
448 19104 12515 0
449 19231 12321 0
450 18926 12381 0
451 19374 12595 0
452 19258 12518 0
453 19263 12428 0
454 19363 12481 0
455 18805 12196 0
456 18919 12247 0
457 18930 12168 0
458 18735 12409 0
459 18686 12247 0
460 18627 12223 0
461 19135 12276 0
462 19055 12337 0
463 19002 12200 0
464 19044 12128 0
465 19491 12587 0
466 19437 12532 0
467 19329 12253 0
468 19352 12321 0
469 19468 12400 0
470 19443 12270 0
471 19500 12316 0
472 19579 12276 0
473 19771 12085 0
474 17866 12185 0
475 18102 12232 0
476 17917 12082 0
477 18092 12109 0
478 18316 12212 0
479 18338 12122 0
480 18246 12103 0
481 18465 12019 0
482 18092 11918 0
483 18210 11870 0
484 18000 11652 0
485 18131 11690 0
486 18009 11758 0
487 18350 11877 0
488 18420 11905 0
489 18300 11789 0
490 18477 11813 0
491 18338 11672 0
492 18499 12198 0
493 18563 12189 0
494 18444 12109 0
495 18633 12026 0
496 18792 12062 0
497 18651 11887 0
498 19008 12039 0
499 19070 12052 0
500 18868 12054 0
501 18846 11947 0
502 19085 11757 0
503 18668 11717 0
504 18741 11826 0
505 18688 11615 0
506 18612 11530 0
507 18606 11581 0
508 18536 11662 0
509 18118 11497 0
510 18197 11579 0
511 17992 11510 0
512 18116 11393 0
513 18370 11459 0
514 18232 11416 0
515 18492 11485 0
516 18334 11543 0
517 18162 11314 0
518 17829 11993 0
519 17906 12008 0
520 17936 11834 0
521 17734 11699 0
522 17803 11872 0
523 17815 11712 0
524 17810 11599 0
525 17878 11622 0
526 17871 11538 0
527 17820 11459 0
528 19847 13591 0
529 19927 13591 0
530 19955 13688 0
531 19774 13563 0
532 19925 13522 0
533 19648 13699 0
534 19830 13374 0
535 19744 13522 0
536 19898 13369 0
537 19881 13329 0
538 19653 13426 0
539 19710 13596 0
540 19659 13557 0
541 19661 13496 0
542 19556 13619 0
543 19599 13578 0
544 20023 13545 0
545 20225 13567 0
546 20363 13571 0
547 20342 13619 0
548 20217 13682 0
549 20245 13437 0
550 20307 13502 0
551 20177 13494 0
552 20341 13359 0
553 20060 13432 0
554 19989 13221 0
555 20117 13350 0
556 20079 13301 0
557 20190 13337 0
558 20279 13242 0
559 20211 13289 0
560 20194 13198 0
561 20012 13261 0
562 19944 13232 0
563 19932 13158 0
564 19723 13109 0
565 19648 13107 0
566 19807 13266 0
567 19768 13164 0
568 19838 13177 0
569 19751 13007 0
570 19659 13078 0
571 19579 12999 0
572 19471 13102 0
573 19534 13027 0
574 19602 13124 0
575 19517 13232 0
576 19437 13090 0
577 19528 13283 0
578 19534 13300 0
579 19602 13226 0
580 19637 13330 0
581 19619 13328 0
582 19727 13409 0
583 19659 13244 0
584 19704 13283 0
585 19761 13352 0
586 19659 12913 0
587 19650 12807 0
588 19756 12795 0
589 19773 12930 0
590 19813 12982 0
591 19722 12908 0
592 19951 12907 0
593 19840 12826 0
594 19767 12800 0
595 19961 13027 0
596 19793 13086 0
597 19897 13090 0
598 20009 13096 0
599 20044 12822 0
600 20138 12933 0
601 20033 12939 0
602 20052 12976 0
603 19781 12713 0
604 19625 12754 0
605 19610 12681 0
606 19687 12691 0
607 19460 12612 0
608 19505 12686 0
609 19575 12592 0
610 36376 7929 0
611 19799 12661 0
612 20025 12739 0
613 20223 12764 0
614 19852 12748 0
615 20159 12694 0
616 20499 12719 0
617 20405 12760 0
618 20314 12646 0
619 20598 12851 0
620 20499 12839 0
621 20471 12929 0
622 20336 12834 0
623 20615 12782 0
624 20593 12765 0
625 20376 13096 0
626 20501 13124 0
627 20200 13133 0
628 20444 13224 0
629 20284 13068 0
630 20376 12965 0
631 20600 12952 0
632 20672 13016 0
633 20661 12845 0
634 20771 12925 0
635 20816 12835 0
636 20930 12911 0
637 21011 12910 0
638 21052 12960 0
639 20621 12652 0
640 20823 12578 0
641 20900 12748 0
642 20729 12748 0
643 20832 12754 0
644 20727 12636 0
645 20936 12643 0
646 21035 12816 0
647 21229 12692 0
648 21175 12806 0
649 20985 12606 0
650 21072 12644 0
651 21270 12786 0
652 21098 12545 0
653 21203 12459 0
654 21331 12691 0
655 21347 12619 0
656 21408 12535 0
657 21515 12572 0
658 1363 9504 0
659 21572 12544 0
660 21646 12572 0
661 21536 12715 0
662 21610 12875 0
663 21617 12777 0
664 21685 12367 0
665 21363 12420 0
666 21422 12437 0
667 21547 12435 0
668 21799 12452 0
669 21815 12376 0
670 21833 12697 0
671 21685 12771 0
672 21737 12646 0
673 21924 12574 0
674 21922 12400 0
675 22021 12486 0
676 21936 12726 0
677 22039 12591 0
678 22033 12538 0
679 20528 13619 0
680 20665 13690 0
681 20468 13508 0
682 20615 13173 0
683 20523 13246 0
684 20787 13181 0
685 20847 13078 0
686 25653 11524 0
687 20393 13300 0
688 20710 13131 0
689 20820 13061 0
690 20852 13702 0
691 20785 13621 0
692 20680 13588 0
693 20937 13674 0
694 20866 13562 0
695 21030 13763 0
696 21091 13630 0
697 20891 13633 0
698 21105 13853 0
699 20627 13414 0
700 20769 13540 0
701 20604 13380 0
702 21441 13056 0
703 20997 13113 0
704 21002 13061 0
705 21156 13118 0
706 21099 13380 0
707 21315 13674 0
708 20951 13505 0
709 21251 13503 0
710 20951 13380 0
711 21264 13255 0
712 20895 13376 0
713 21142 13264 0
714 21156 13044 0
715 21346 13355 0
716 21031 13175 0
717 20816 13335 0
718 21884 13592 0
719 21332 13491 0
720 19608 12419 0
721 19554 12530 0
722 19687 12532 0
723 19722 12407 0
724 19733 12378 0
725 19669 12345 0
726 19805 12477 0
727 19850 12535 0
728 19901 12489 0
729 20126 12532 0
730 19991 12500 0
731 20079 12468 0
732 20040 12526 0
733 20183 12606 0
734 20052 12610 0
735 20020 12636 0
736 20288 12542 0
737 20262 12538 0
738 19909 12407 0
739 19978 12367 0
740 19889 12317 0
741 20035 12387 0
742 20082 12417 0
743 20104 12331 0
744 19992 12303 0
745 19932 12236 0
746 19915 12297 0
747 20035 12225 0
748 20010 12161 0
749 20183 12037 0
750 20097 12139 0
751 20154 12177 0
752 20217 12259 0
753 20285 12088 0
754 20339 11911 0
755 20443 11884 0
756 20599 11930 0
757 20519 11997 0
758 20703 11880 0
759 20546 11579 0
760 20607 11720 0
761 20521 11871 0
762 20194 11528 0
763 20422 11559 0
764 20395 11469 0
765 19773 11752 0
766 19767 11849 0
767 20473 12582 0
768 20428 12542 0
769 20312 12552 0
770 20309 12430 0
771 20565 12543 0
772 20568 12463 0
773 20405 12486 0
774 20496 12412 0
775 20604 12589 0
776 20636 12539 0
777 20695 12498 0
778 20365 12486 0
779 20795 12494 0
780 20600 12269 0
781 20348 12395 0
782 20797 12128 0
783 20794 12354 0
784 20598 12390 0
785 20643 12393 0
786 20896 12404 0
787 20883 12310 0
788 20797 12190 0
789 20727 12236 0
790 22014 5587 0
791 20970 12446 0
792 21048 12458 0
793 20796 12438 0
794 20951 12356 0
795 21213 12344 0
796 21133 12336 0
797 21090 12276 0
798 21196 12213 0
799 21257 12187 0
800 20979 12129 0
801 2121 5182 0
802 21102 12130 0
803 21022 12131 0
804 20983 12225 0
805 21252 11915 0
806 21131 12035 0
807 21261 12042 0
808 21365 12021 0
809 21341 12124 0
810 21304 12264 0
811 21693 12224 0
812 21551 12208 0
813 21287 11866 0
814 21788 12202 0
815 21475 12082 0
816 21577 12071 0
817 21808 12135 0
818 21868 12412 0
819 21452 11997 0
820 21139 11889 0
821 21241 11832 0
822 21323 11876 0
823 21412 11957 0
824 21057 11746 0
825 21555 11974 0
826 20968 11758 0
827 21050 11571 0
828 21727 12012 0
829 21581 11936 0
830 21696 11990 0
831 21014 11689 0
832 21253 11741 0
833 21178 11721 0
834 21407 11570 0
835 21310 11616 0
836 21185 11661 0
837 21143 11634 0
838 21425 11618 0
839 21261 11468 0
840 21310 11520 0
841 21105 11792 0
842 21179 11496 0
843 21741 11516 0
844 21680 11707 0
845 21599 11434 0
846 21860 11324 0
847 21418 11223 0
848 21537 11196 0
849 20974 11957 0
850 20948 12092 0
851 21492 11980 0
852 20974 11876 0
853 20989 11814 0
854 20369 11289 0
855 22476 11189 0
856 23462 11786 0
857 22524 11215 0
858 21764 11945 0
859 21742 11900 0
860 21969 11926 0
861 22004 11934 0
862 22133 11907 0
863 22075 11819 0
864 21929 11750 0
865 21703 11815 0
866 21966 11837 0
867 21987 11416 0
868 22213 11740 0
869 21785 11638 0
870 22064 11672 0
871 21978 11565 0
872 21863 11496 0
873 22429 11521 0
874 22109 11522 0
875 22106 11386 0
876 22420 11786 0
877 22682 11772 0
878 22884 11674 0
879 23107 11777 0
880 22670 12054 0
881 22293 11935 0
882 23154 11913 0
883 22851 11957 0
884 23337 11937 0
885 23520 11878 0
886 23507 11934 0
887 23416 11673 0
888 23157 11678 0
889 23040 11497 0
890 23611 11690 0
891 23444 11555 0
892 23622 11540 0
893 23184 11558 0
894 22790 11445 0
895 22460 11364 0
896 22675 11481 0
897 22915 11294 0
898 22921 11440 0
899 23057 11415 0
900 22803 11362 0
901 23163 11377 0
902 22806 10989 0
903 22917 11134 0
904 23225 11300 0
905 22795 11209 0
906 22824 10896 0
907 23112 11143 0
908 22852 10732 0
909 22757 10751 0
910 23012 10866 0
911 22947 10563 0
912 22801 11077 0
913 22745 11072 0
914 22784 11126 0
915 22715 10981 0
916 22691 10912 0
917 22682 10784 0
918 22695 10837 0
919 22627 10794 0
920 22597 10740 0
921 22642 10663 0
922 22813 10531 0
923 23558 11337 0
924 23506 11429 0
925 23746 11162 0
926 23716 10951 0
927 23570 11070 0
928 23647 11360 0
929 23661 10887 0
930 23854 10897 0
931 23260 10933 0
932 24080 10634 0
933 23964 10643 0
934 23759 10762 0
935 24100 10491 0
936 21520 13636 0
937 21464 13543 0
938 21617 13648 0
939 21629 13551 0
940 21407 13380 0
941 21748 13483 0
942 21634 13346 0
943 22424 13670 0
944 22073 13594 0
945 22149 13777 0
946 22175 13710 0
947 21754 13608 0
948 21934 13497 0
949 22203 13392 0
950 21336 12909 0
951 21362 13010 0
952 21674 12976 0
953 21486 12948 0
954 21913 12965 0
955 21771 12976 0
956 21682 13193 0
957 21490 13280 0
958 22162 13130 0
959 21924 13134 0
960 22062 13063 0
961 22139 12956 0
962 22306 13300 0
963 22448 13118 0
964 22579 12464 0
965 22468 12636 0
966 22770 12476 0
967 22497 12391 0
968 22221 12674 0
969 22010 12743 0
970 22374 12705 0
971 22454 12822 0
972 22568 13033 0
973 22704 12708 0
974 22600 12866 0
975 22909 12748 0
976 23000 12794 0
977 22750 13327 0
978 22881 13033 0
979 23229 12828 0
980 23109 13056 0
981 23467 15168 0
982 22074 15932 0
983 22238 15021 0
984 22334 15412 0
985 24048 15452 0
986 24594 15669 0
987 24063 14846 0
988 22730 15000 0
989 23232 14416 0
990 24007 14525 0
991 23469 14528 0
992 22821 14493 0
993 22983 14712 0
994 22129 14484 0
995 22478 14839 0
996 22032 14408 0
997 21978 14298 0
998 22852 13989 0
999 22469 13909 0
1000 22609 14067 0
1001 23139 14132 0
1002 31903 12925 0
1003 22200 14196 0
1004 22545 14496 0
1005 22221 14006 0
1006 22022 14162 0
1007 22155 13922 0
1008 22944 13898 0
1009 22778 13902 0
1010 22827 13735 0
1011 22935 13604 0
1012 23192 13727 0
1013 23321 13909 0
1014 22626 13697 0
1015 22602 13546 0
1016 22351 13443 0
1017 22694 13484 0
1018 22830 13192 0
1019 23118 13318 0
1020 23763 13984 0
1021 23434 13687 0
1022 23272 14083 0
1023 23422 14160 0
1024 23551 14281 0
1025 23368 13431 0
1026 25038 14490 0
1027 23786 14223 0
1028 24188 14277 0
1029 24606 14336 0
1030 24299 13890 0
1031 24398 14049 0
1032 24110 13910 0
1033 23684 13596 0
1034 24344 13387 0
1035 23803 13619 0
1036 24032 12617 0
1037 23664 13327 0
1038 23887 13251 0
1039 23490 13061 0
1040 23793 13028 0
1041 23701 12674 0
1042 24797 13838 0
1043 24655 13426 0
1044 24720 13417 0
1045 23479 12965 0
1046 23444 12737 0
1047 23234 12731 0
1048 23109 12623 0
1049 22991 12427 0
1050 23548 12401 0
1051 23169 12338 0
1052 24114 12029 0
1053 23968 12111 0
1054 23672 12202 0
1055 23868 12177 0
1056 23598 12310 0
1057 23952 12325 0
1058 25360 14170 0
1059 25442 13762 0
1060 25306 13371 0
1061 26274 14067 0
1062 25580 14975 0
1063 28471 14183 0
1064 26871 14099 0
1065 26627 14718 0
1066 26313 14319 0
1067 28135 13511 0
1068 28608 13135 0
1069 32394 14927 0
1070 28249 14735 0
1071 24947 10187 0
1072 34341 14765 0
1073 36456 15296 0
1074 36640 14228 0
1075 30263 13491 0
1076 29533 13702 0
1077 28943 14006 0
1078 31458 13529 0
1079 31976 13401 0
1080 33691 13665 0
1081 32387 13659 0
1082 33458 12304 0
1083 33919 12669 0
1084 34209 13443 0
1085 33312 13267 0
1086 34620 13417 0
1087 34645 12931 0
1088 35457 12559 0
1089 34961 12289 0
1090 23759 12085 0
1091 23666 12099 0
1092 23552 12076 0
1093 23620 11977 0
1094 23448 12120 0
1095 23404 12145 0
1096 23462 12008 0
1097 37106 4812 0
1098 23746 11820 0
1099 23769 11900 0
1100 23911 11695 0
1101 23854 11689 0
1102 24224 11775 0
1103 24120 11965 0
1104 24014 11919 0
1105 23923 11803 0
1106 23888 11889 0
1107 24186 11759 0
1108 23962 11496 0
1109 23781 11501 0
1110 23712 11570 0
1111 23901 11390 0
1112 24054 11689 0
1113 24327 11422 0
1114 24396 11377 0
1115 24611 11354 0
1116 24964 11492 0
1117 23939 11198 0
1118 23905 11307 0
1119 23896 11056 0
1120 24213 10978 0
1121 24471 11263 0
1122 24174 11140 0
1123 24176 11309 0
1124 24321 11331 0
1125 24391 11153 0
1126 24754 11196 0
1127 24463 10872 0
1128 24291 11067 0
1129 24690 11014 0
1130 24886 10834 0
1131 24145 10755 0
1132 24189 10646 0
1133 24029 10913 0
1134 24379 10677 0
1135 24659 10413 0
1136 24430 10449 0
1137 24689 10674 0
1138 24634 10266 0
1139 24947 10579 0
1140 25158 10671 0
1141 24863 10181 0
1142 25054 10248 0
1143 25202 10377 0
1144 25532 10272 0
1145 25142 10097 0
1146 25525 10035 0
1147 25422 11287 0
1148 25346 10915 0
1149 25169 11319 0
1150 25164 11490 0
1151 23260 9573 0
1152 23131 9583 0
1153 23061 10030 0
1154 22709 10397 0
1155 23547 9225 0
1156 23131 10532 0
1157 24158 9792 0
1158 23786 10392 0
1159 23614 9710 0
1160 23392 10236 0
1161 23955 9130 0
1162 24379 10122 0
1163 24268 10183 0
1164 24435 9908 0
1165 24490 10028 0
1166 25234 9826 0
1167 24835 9917 0
1168 24939 10017 0
1169 25063 9891 0
1170 25169 9667 0
1171 25351 9664 0
1172 24929 9323 0
1173 24170 8823 0
1174 24778 9082 0
1175 24517 8949 0
1176 23968 8746 0
1177 24750 8550 0
1178 23658 8666 0
1179 23580 8766 0
1180 23863 8976 0
1181 26662 13145 0
1182 24419 12879 0
1183 25395 12777 0
1184 26762 13531 0
1185 26888 12283 0
1186 27220 12323 0
1187 27503 12868 0
1188 27719 12644 0
1189 26957 12038 0
1190 27299 12012 0
1191 25485 12114 0
1192 25327 12229 0
1193 26104 12408 0
1194 24786 12345 0
1195 26460 11905 0
1196 25346 12024 0
1197 26444 12139 0
1198 25920 11769 0
1199 26138 11769 0
1200 26227 11607 0
1201 26538 11855 0
1202 26730 11908 0
1203 26712 11789 0
1204 24992 11612 0
1205 25198 11741 0
1206 25965 11618 0
1207 26592 11672 0
1208 26905 11644 0
1209 26393 11137 0
1210 26667 11406 0
1211 26490 11365 0
1212 25579 11069 0
1213 26116 11018 0
1214 25714 10790 0
1215 26023 10665 0
1216 26602 11178 0
1217 26338 10911 0
1218 26598 10898 0
1219 26234 10648 0
1220 25739 10443 0
1221 26174 10363 0
1222 26193 10067 0
1223 26782 11322 0
1224 27137 11005 0
1225 27091 11262 0
1226 27458 10995 0
1227 26877 10705 0
1228 26609 10523 0
1229 27025 10864 0
1230 26888 10961 0
1231 26729 10420 0
1232 26797 10824 0
1233 27417 10723 0
1234 27246 10706 0
1235 27283 10884 0
1236 27241 10401 0
1237 27178 10507 0
1238 27619 10563 0
1239 27525 10418 0
1240 27458 10289 0
1241 27610 10073 0
1242 27728 10282 0
1243 27842 10029 0
1244 27902 10124 0
1245 28021 9879 0
1246 28050 10113 0
1247 28262 10123 0
1248 28203 9913 0
1249 28215 9765 0
1250 28442 9942 0
1251 28619 9674 0
1252 28642 10187 0
1253 28528 9791 0
1254 28868 9943 0
1255 28687 9974 0
1256 28693 9811 0
1257 28886 9760 0
1258 29075 10090 0
1259 29188 9913 0
1260 29276 10250 0
1261 28350 9446 0
1262 28275 9535 0
1263 27945 9449 0
1264 27065 10130 0
1265 26692 10228 0
1266 26826 10135 0
1267 26981 10461 0
1268 27233 10285 0
1269 27142 10027 0
1270 27426 10001 0
1271 27163 9797 0
1272 27463 9783 0
1273 27634 9948 0
1274 27907 9879 0
1275 27654 9749 0
1276 27399 9661 0
1277 27633 9545 0
1278 27372 9471 0
1279 27823 9391 0
1280 27839 9557 0
1281 27919 9691 0
1282 28061 9629 0
1283 27486 9145 0
1284 27222 9280 0
1285 27510 9294 0
1286 27321 8980 0
1287 27651 9154 0
1288 26358 9981 0
1289 26302 10272 0
1290 26784 9911 0
1291 26830 9729 0
1292 26986 9691 0
1293 26507 9840 0
1294 26903 9842 0
1295 26827 9796 0
1296 26934 9486 0
1297 26923 9160 0
1298 27049 9500 0
1299 27148 9064 0
1300 27023 9212 0
1301 27014 9005 0
1302 27154 8976 0
1303 26985 8889 0
1304 27605 8618 0
1305 28192 9356 0
1306 27788 9025 0
1307 27639 8844 0
1308 27459 8809 0
1309 27594 8369 0
1310 27418 8177 0
1311 27389 8416 0
1312 27645 8371 0
1313 27393 8623 0
1314 27291 8570 0
1315 27204 8740 0
1316 27112 8890 0
1317 27247 8422 0
1318 27273 8309 0
1319 27321 8189 0
1320 29070 8479 0
1321 27675 7896 0
1322 27691 8103 0
1323 27776 7927 0
1324 27860 7907 0
1325 26945 7363 0
1326 28167 10332 0
1327 27758 10426 0
1328 28617 10258 0
1329 28816 10302 0
1330 29427 9003 0
1331 29348 9105 0
1332 29489 9186 0
1333 29507 9288 0
1334 29399 9669 0
1335 29460 9474 0
1336 29274 9464 0
1337 29359 9288 0
1338 29684 9496 0
1339 29236 9648 0
1340 29608 9784 0
1341 29678 10221 0
1342 29479 9985 0
1343 29661 9042 0
1344 29780 8524 0
1345 29145 9423 0
1346 29944 8687 0
1347 29979 8815 0
1348 29794 8915 0
1349 29974 8997 0
1350 30099 8906 0
1351 30053 8694 0
1352 29712 8111 0
1353 29843 8610 0
1354 29848 8147 0
1355 29702 9275 0
1356 30175 9481 0
1357 30300 9261 0
1358 30230 9071 0
1359 30307 8824 0
1360 29980 9375 0
1361 30507 9071 0
1362 30634 8872 0
1363 30518 8794 0
1364 30518 8411 0
1365 30116 8593 0
1366 30268 8582 0
1367 30339 8379 0
1368 30665 8622 0
1369 30585 9507 0
1370 30512 9477 0
1371 30477 9685 0
1372 30320 9560 0
1373 30601 9595 0
1374 30447 9345 0
1375 30769 8910 0
1376 30580 9180 0
1377 30793 8957 0
1378 30790 8689 0
1379 30895 8663 0
1380 30663 8374 0
1381 30760 8470 0
1382 30462 8312 0
1383 30549 8251 0
1384 30315 7312 0
1385 30285 7395 0
1386 30148 7421 0
1387 30097 7505 0
1388 29962 7648 0
1389 29928 7841 0
1390 30173 7573 0
1391 30241 7642 0
1392 30040 7866 0
1393 31465 7665 0
1394 31195 7323 0
1395 31441 7462 0
1396 31795 7876 0
1397 31817 7746 0
1398 30238 6979 0
1399 30358 6820 0
1400 30146 7137 0
1401 30023 7294 0
1402 30406 7147 0
1403 30447 6608 0
1404 30771 6845 0
1405 29513 7694 0
1406 29711 7560 0
1407 29589 7568 0
1408 29922 7158 0
1409 29877 7414 0
1410 30222 6711 0
1411 29775 7006 0
1412 23758 8598 0
1413 30580 6466 0
1414 30702 6390 0
1415 30886 6384 0
1416 30966 6317 0
1417 31082 6389 0
1418 31213 6365 0
1419 31162 6288 0
1420 31346 6270 0
1421 31377 6376 0
1422 31442 7074 0
1423 31592 6821 0
1424 31685 7165 0
1425 31842 7362 0
1426 30999 7157 0
1427 31249 6921 0
1428 31160 7117 0
1429 31722 7539 0
1430 32107 6565 0
1431 32113 6683 0
1432 32050 6914 0
1433 32607 7259 0
1434 32271 6987 0
1435 32219 7249 0
1436 32268 6851 0
1437 32374 6709 0
1438 31554 6233 0
1439 32180 6204 0
1440 31814 6192 0
1441 32125 6074 0
1442 31710 6202 0
1443 32558 6043 0
1444 32649 6242 0
1445 32646 6114 0
1446 32719 6158 0
1447 32626 6959 0
1448 32991 7230 0
1449 33008 6754 0
1450 33132 6812 0
1451 33398 6329 0
1452 33930 6965 0
1453 33654 6947 0
1454 34248 6790 0
1455 32262 8814 0
1456 32252 9051 0
1457 32434 8716 0
1458 32242 8601 0
1459 31909 8191 0
1460 32385 8414 0
1461 32672 8524 0
1462 32615 8006 0
1463 32727 8082 0
1464 32342 7898 0
1465 30536 12892 0
1466 30431 12312 0
1467 31338 12834 0
1468 29755 12495 0
1469 29218 13330 0
1470 31723 10665 0
1471 31795 10597 0
1472 31820 10944 0
1473 31909 10547 0
1474 31775 10775 0
1475 31964 10692 0
1476 31924 10933 0
1477 31926 10870 0
1478 31671 10952 0
1479 32450 11843 0
1480 32305 11978 0
1481 32300 11684 0
1482 32077 10098 0
1483 31913 10281 0
1484 31932 10022 0
1485 32198 9874 0
1486 31810 10098 0
1487 31836 9918 0
1488 29445 11803 0
1489 30482 10989 0
1490 30180 11423 0
1491 30600 11582 0
1492 30537 11308 0
1493 31404 9790 0
1494 31690 9868 0
1495 31016 9595 0
1496 31472 9660 0
1497 31431 9663 0
1498 31397 9663 0
1499 30965 9326 0
1500 31388 9994 0
1501 31216 9640 0
1502 30776 9754 0
1503 30927 9904 0
1504 31027 9748 0
1505 30668 10233 0
1506 30475 10073 0
1507 30845 10092 0
1508 31428 11028 0
1509 31586 11122 0
1510 31101 11069 0
1511 31358 11211 0
1512 31539 11001 0
1513 31378 10941 0
1514 31457 10925 0
1515 31417 11252 0
1516 31471 10710 0
1517 31374 10837 0
1518 31594 10728 0
1519 31323 10642 0
1520 31365 10563 0
1521 31050 10643 0
1522 31542 10600 0
1523 31079 10849 0
1524 31184 10377 0
1525 31162 10516 0
1526 31021 10181 0
1527 31385 10096 0
1528 31420 10431 0
1529 30998 10375 0
1530 31166 10104 0
1531 35780 6674 0
1532 30902 11855 0
1533 32399 12560 0
1534 31642 12270 0
1535 30281 11872 0
1536 32040 11029 0
1537 32120 10796 0
1538 32309 10719 0
1539 32243 10746 0
1540 32273 10779 0
1541 32114 10847 0
1542 31898 11086 0
1543 32158 10935 0
1544 32078 10786 0
1545 31533 10443 0
1546 31884 10408 0
1547 31533 10258 0
1548 31747 10337 0
1549 31618 10533 0
1550 31625 10107 0
1551 31767 10403 0
1552 33024 12792 0
1553 32740 13073 0
1554 33288 12472 0
1555 32894 12401 0
1556 29001 11508 0
1557 29661 11297 0
1558 28956 11139 0
1559 30787 11180 0
1560 34334 6452 0
1561 30966 11517 0
1562 30725 11001 0
1563 31688 11405 0
1564 31669 11212 0
1565 32199 11437 0
1566 32143 11325 0
1567 31952 11435 0
1568 31797 11276 0
1569 32347 11490 0
1570 31893 11531 0
1571 31915 11251 0
1572 31263 11594 0
1573 31189 11475 0
1574 31307 11394 0
1575 31175 11308 0
1576 31585 11923 0
1577 30772 10548 0
1578 30344 10648 0
1579 30588 10851 0
1580 30286 10584 0
1581 30831 10809 0
1582 30019 10944 0
1583 30697 10653 0
1584 30412 10739 0
1585 30181 10222 0
1586 29803 10801 0
1587 28940 10648 0
1588 29221 10817 0
1589 28698 10622 0
1590 28920 10457 0
1591 27905 10996 0
1592 27976 10739 0
1593 29153 10297 0
1594 27543 11587 0
1595 27799 12282 0
1596 28411 12579 0
1597 27549 11911 0
1598 28118 11422 0
1599 29171 12088 0
1600 28524 12060 0
1601 30253 10175 0
1602 29871 9913 0
1603 30017 9701 0
1604 32041 10546 0
1605 32117 10677 0
1606 32290 10689 0
1607 32050 10484 0
1608 32365 10579 0
1609 32256 10568 0
1610 32239 10437 0
1611 32128 10297 0
1612 31579 11674 0
1613 32016 12084 0
1614 31586 11326 0
1615 31609 11500 0
1616 31705 11762 0
1617 31744 11593 0
1618 31448 11581 0
1619 32774 11678 0
1620 32643 11820 0
1621 32968 11786 0
1622 33201 12014 0
1623 33167 11917 0
1624 32911 11496 0
1625 32865 11547 0
1626 32774 11559 0
1627 32780 11633 0
1628 32877 11479 0
1629 32951 11695 0
1630 33116 11519 0
1631 33042 11354 0
1632 33139 11206 0
1633 33087 11285 0
1634 33150 11285 0
1635 32928 11280 0
1636 32928 11359 0
1637 32865 10995 0
1638 33524 11131 0
1639 33659 11179 0
1640 33421 11102 0
1641 33566 11302 0
1642 34390 12067 0
1643 34568 12225 0
1644 34852 12242 0
1645 34260 11439 0
1646 33975 11347 0
1647 34003 11277 0
1648 34120 11402 0
1649 34332 11271 0
1650 34380 11255 0
1651 34245 11221 0
1652 34263 11313 0
1653 34346 11412 0
1654 34588 10231 0
1655 33862 11160 0
1656 33945 11106 0
1657 33873 11171 0
1658 33876 11055 0
1659 33755 11214 0
1660 33318 11017 0
1661 33215 10906 0
1662 33332 10739 0
1663 33388 10854 0
1664 33372 10972 0
1665 33589 11000 0
1666 33519 10969 0
1667 33698 11037 0
1668 34437 11598 0
1669 34402 11454 0
1670 34496 11823 0
1671 34394 11838 0
1672 34385 11889 0
1673 34366 11653 0
1674 34187 11336 0
1675 34010 11177 0
1676 34204 11254 0
1677 34096 11288 0
1678 32980 10125 0
1679 33159 10362 0
1680 18223 11039 0
1681 18138 11149 0
1682 18129 11038 0
1683 18329 11005 0
1684 18435 11046 0
1685 17997 11006 0
1686 18101 11271 0
1687 18190 11194 0
1688 18253 11173 0
1689 18429 11217 0
1690 17836 10769 0
1691 17916 10974 0
1692 18071 10893 0
1693 17688 10732 0
1694 17621 10422 0
1695 17632 10483 0
1696 17403 10312 0
1697 18407 10941 0
1698 18177 10848 0
1699 17890 10563 0
1700 19081 11389 0
1701 19323 11399 0
1702 19345 11295 0
1703 19221 11388 0
1704 18686 11263 0
1705 18728 11265 0
1706 19123 11362 0
1707 18867 11190 0
1708 19533 11275 0
1709 19605 11420 0
1710 19506 11197 0
1711 19145 11013 0
1712 19358 10949 0
1713 19078 11280 0
1714 11189 4248 0
1715 19215 10749 0
1716 18082 10403 0
1717 19196 9731 0
1718 19349 11361 0
1719 19328 10088 0
1720 18912 10564 0
1721 19500 11374 0
1722 18504 10734 0
1723 9889 8177 0
1724 18613 14569 0
1725 19944 11382 0
1726 19824 11428 0
1727 19756 11143 0
1728 19909 11160 0
1729 19714 10977 0
1730 19875 11036 0
1731 20234 10921 0
1732 19949 10724 0
1733 20120 10898 0
1734 20537 10725 0
1735 21008 10796 0
1736 21111 10891 0
1737 21162 10545 0
1738 21236 9646 0
1739 21923 8927 0
1740 20524 10665 0
1741 20883 10192 0
1742 19972 10326 0
1743 19556 13505 0
1744 20911 9555 0
1745 22259 10537 0
1746 22182 10723 0
1747 22101 10608 0
1748 22237 10695 0
1749 22323 10653 0
1750 22202 10578 0
1751 22067 10653 0
1752 21879 10676 0
1753 21714 10716 0
1754 21663 10334 0
1755 22374 10688 0
1756 22454 10671 0
1757 22459 10526 0
1758 21752 9782 0
1759 21465 10511 0
1760 21965 10328 0
1761 22172 9786 0
1762 22272 10181 0
1763 22217 10420 0
1764 22191 10359 0
1765 22138 10528 0
1766 22296 9691 0
1767 22397 10005 0
1768 22425 9868 0
1769 22350 10109 0
1770 22430 10223 0
1771 22629 9790 0
1772 22317 10449 0
1773 17315 10227 0
1774 17126 9731 0
1775 17005 9474 0
1776 17023 9054 0
1777 17566 8729 0
1778 17308 8951 0
1779 17294 9422 0
1780 21063 12007 0
1781 17798 9088 0
1782 17677 9888 0
1783 16813 8809 0
1784 16949 8934 0
1785 16898 8650 0
1786 16915 8849 0
1787 17052 8820 0
1788 17023 8724 0
1789 17137 8980 0
1790 17256 8771 0
1791 17234 8640 0
1792 17150 8617 0
1793 17073 8694 0
1794 17810 8643 0
1795 17556 8604 0
1796 17604 8792 0
1797 17735 8644 0
1798 17889 8340 0
1799 17975 8522 0
1800 17962 8684 0
1801 18122 8815 0
1802 18239 8999 0
1803 18224 8718 0
1804 18437 8742 0
1805 18572 9012 0
1806 22397 9134 0
1807 19067 9031 0
1808 18955 8791 0
1809 18864 8725 0
1810 19170 8719 0
1811 19225 8856 0
1812 19545 9059 0
1813 19522 9282 0
1814 20217 9139 0
1815 20000 8826 0
1816 20137 8706 0
1817 21722 9366 0
1818 20622 8241 0
1819 20393 8207 0
1820 20479 8354 0
1821 21241 8454 0
1822 21104 8357 0
1823 20740 8415 0
1824 20555 8438 0
1825 20420 8689 0
1826 20832 9020 0
1827 22391 8940 0
1828 22446 8832 0
1829 22677 8732 0
1830 22597 8550 0
1831 22402 8683 0
1832 22391 8394 0
1833 22768 9418 0
1834 22767 9646 0
1835 22147 9490 0
1836 22464 9475 0
1837 22539 9220 0
1838 22232 8906 0
1839 21942 8325 0
1840 22320 8486 0
1841 21624 8391 0
1842 21412 8507 0
1843 21799 7967 0
1844 22043 7977 0
1845 22371 7732 0
1846 22255 7762 0
1847 22533 7779 0
1848 23418 8673 0
1849 23042 9037 0
1850 22956 9005 0
1851 23509 8582 0
1852 22958 8655 0
1853 23109 8468 0
1854 22808 8608 0
1855 22898 8401 0
1856 23102 8737 0
1857 23270 8580 0
1858 23736 8215 0
1859 23033 8235 0
1860 22835 8098 0
1861 23222 7916 0
1862 22804 7921 0
1863 22638 8274 0
1864 23018 7719 0
1865 23366 8367 0
1866 23235 7670 0
1867 23641 8058 0
1868 23621 7268 0
1869 23837 7593 0
1870 23377 7116 0
1871 24161 7940 0
1872 24264 8109 0
1873 24088 8369 0
1874 23837 8332 0
1875 23456 8428 0
1876 15962 9074 0
1877 17012 8487 0
1878 17061 8521 0
1879 17262 8485 0
1880 17399 8443 0
1881 17706 8439 0
1882 17584 8263 0
1883 17798 8086 0
1884 17376 8058 0
1885 17409 8174 0
1886 17260 8232 0
1887 17593 7856 0
1888 17756 7734 0
1889 16940 8601 0
1890 17661 7932 0
1891 17832 7813 0
1892 18227 7813 0
1893 18065 7767 0
1894 18417 7749 0
1895 18671 8174 0
1896 18042 7927 0
1897 18294 7996 0
1898 18001 8210 0
1899 18418 8092 0
1900 17905 8203 0
1901 18587 8519 0
1902 18526 8667 0
1903 18755 8701 0
1904 18851 8479 0
1905 18380 8357 0
1906 18210 8359 0
1907 18771 7807 0
1908 18629 7745 0
1909 18585 7727 0
1910 18585 7850 0
1911 18609 8030 0
1912 18696 8312 0
1913 18686 7761 0
1914 18916 7861 0
1915 18840 7813 0
1916 18766 8126 0
1917 18893 7962 0
1918 18809 8084 0
1919 19022 7889 0
1920 19006 7991 0
1921 19092 8283 0
1922 18969 8258 0
1923 19184 7884 0
1924 19159 7981 0
1925 19141 8189 0
1926 19288 7952 0
1927 19295 8143 0
1928 19371 7817 0
1929 19388 8005 0
1930 19675 7728 0
1931 19415 7697 0
1932 19513 7962 0
1933 19550 7819 0
1934 19565 7712 0
1935 19649 7855 0
1936 19708 7963 0
1937 19911 8020 0
1938 19223 8392 0
1939 19604 8274 0
1940 19372 8279 0
1941 19609 8131 0
1942 19824 8298 0
1943 19816 8127 0
1944 20115 8398 0
1945 19712 8485 0
1946 19220 8553 0
1947 19580 8552 0
1948 19323 8533 0
1949 19907 8506 0
1950 20081 8173 0
1951 20274 8604 0
1952 19949 8621 0
1953 20286 8417 0
1954 19579 7340 0
1955 19750 7580 0
1956 19963 7757 0
1957 19818 7790 0
1958 19886 7485 0
1959 20043 7565 0
1960 20198 7952 0
1961 20051 8000 0
1962 20309 7619 0
1963 20222 8148 0
1964 20371 8360 0
1965 20843 7738 0
1966 20596 7678 0
1967 20557 7912 0
1968 20846 7994 0
1969 21487 7936 0
1970 21196 7841 0
1971 21170 8142 0
1972 19893 7152 0
1973 19926 7345 0
1974 19878 6981 0
1975 20134 7125 0
1976 20118 7357 0
1977 20430 6751 0
1978 20214 6783 0
1979 12134 7560 0
1980 20507 7079 0
1981 20536 7315 0
1982 20524 6623 0
1983 20195 6585 0
1984 21185 6505 0
1985 20848 6659 0
1986 21480 6593 0
1987 21953 5775 0
1988 21626 6022 0
1989 21686 6420 0
1990 21898 6388 0
1991 21781 6843 0
1992 21435 7134 0
1993 20874 7064 0
1994 21232 6814 0
1995 21042 7523 0
1996 21607 7335 0
1997 21939 7370 0
1998 22073 7591 0
1999 20406 6062 0
2000 20123 6599 0
2001 20383 6466 0
2002 20461 6205 0
2003 20369 5745 0
2004 20171 5467 0
2005 20337 5483 0
2006 20729 5579 0
2007 21092 5371 0
2008 20572 5255 0
2009 20632 6011 0
2010 21023 6277 0
2011 20981 5981 0
2012 21961 5436 0
2013 21333 5404 0
2014 21558 5679 0
2015 21619 5293 0
2016 22260 5932 0
2017 22135 6067 0
2018 22403 5644 0
2019 22377 7197 0
2020 22186 7079 0
2021 22243 7540 0
2022 22266 7352 0
2023 22173 7238 0
2024 22866 7054 0
2025 22730 7300 0
2026 22465 7414 0
2027 23272 6895 0
2028 22613 7210 0
2029 23147 6691 0
2030 23269 6922 0
2031 23257 7416 0
2032 23170 7069 0
2033 23071 6738 0
2034 22086 6941 0
2035 22051 6801 0
2036 23063 6482 0
2037 22521 6738 0
2038 23129 6201 0
2039 23161 6056 0
2040 22729 6504 0
2041 22856 6099 0
2042 22342 6260 0
2043 22260 6952 0
2044 22215 6933 0
2045 22906 6399 0
2046 22190 6723 0
2047 22249 6868 0
2048 23132 6480 0
2049 22397 4232 0
2050 22427 4321 0
2051 22710 4465 0
2052 22439 4887 0
2053 22653 5274 0
2054 22486 5478 0
2055 22430 5346 0
2056 22202 5420 0
2057 22637 5022 0
2058 22507 5131 0
2059 22851 5127 0
2060 23292 5518 0
2061 23064 5299 0
2062 30735 11318 0
2063 23261 5797 0
2064 23085 5500 0
2065 22750 5377 0
2066 22693 5453 0
2067 22530 5622 0
2068 22151 5242 0
2069 22077 4913 0
2070 22400 5087 0
2071 21900 4827 0
2072 21747 5094 0
2073 22192 4883 0
2074 21666 4407 0
2075 21621 4710 0
2076 21233 5009 0
2077 21195 4452 0
2078 20616 4618 0
2079 20368 4763 0
2080 20674 5016 0
2081 21372 5163 0
2082 20741 4788 0
2083 20373 4561 0
2084 20576 4065 0
2085 20735 4179 0
2086 20797 3948 0
2087 20829 3271 0
2088 20950 3656 0
2089 21019 3425 0
2090 21076 3212 0
2091 21344 3312 0
2092 21275 3448 0
2093 20929 3805 0
2094 21363 3911 0
2095 21448 4156 0
2096 21625 3300 0
2097 21575 3502 0
2098 21791 3395 0
2099 21777 3621 0
2100 21916 3456 0
2101 21590 3870 0
2102 21976 3927 0
2103 21597 3750 0
2104 21858 3837 0
2105 21899 4382 0
2106 22164 4221 0
2107 21621 4080 0
2108 21920 4499 0
2109 22218 4359 0
2110 22161 4469 0
2111 22158 3760 0
2112 22085 3902 0
2113 22252 3969 0
2114 22227 4180 0
2115 24054 5084 0
2116 24002 4792 0
2117 23874 4520 0
2118 24036 4523 0
2119 24233 5078 0
2120 24260 5568 0
2121 23957 5405 0
2122 23762 4873 0
2123 23712 5792 0
2124 23251 4648 0
2125 25176 4882 0
2126 24947 4783 0
2127 23931 6104 0
2128 26826 6344 0
2129 18122 5371 0
2130 17157 6276 0
2131 12297 983 0
2132 17388 2883 0
2133 15839 26 0
2134 15947 11524 0
2135 16865 10905 0
2136 16909 10367 0
2137 6331 10624 0
2138 6339 10010 0
2139 5926 10608 0
2140 6447 10494 0
2141 6606 10255 0
2142 6851 10460 0
2143 6816 10730 0
2144 7088 10447 0
2145 6849 10259 0
2146 10192 11678 0
2147 7416 10443 0
2148 6800 11222 0
2149 7601 9944 0
2150 7839 10034 0
2151 7838 9825 0
2152 7419 10219 0
2153 7126 9852 0
2154 7108 10028 0
2155 7324 10088 0
2156 6911 9809 0
2157 6726 10085 0
2158 7304 9739 0
2159 7483 9765 0
2160 7373 9638 0
2161 7120 9555 0
2162 8063 9302 0
2163 7853 9588 0
2164 8250 9181 0
2165 8404 9179 0
2166 7349 9486 0
2167 7426 9509 0
2168 7101 9419 0
2169 7191 9301 0
2170 7642 9504 0
2171 7515 9376 0
2172 7715 9332 0
2173 7837 9357 0
2174 7757 9433 0
2175 7879 9286 0
2176 7721 9273 0
2177 7991 9092 0
2178 8151 9003 0
2179 7664 9140 0
2180 7682 9373 0
2181 8474 9025 0
2182 8359 8946 0
2183 8853 9453 0
2184 8638 9289 0
2185 9061 9532 0
2186 8691 8742 0
2187 8920 9164 0
2188 8687 9052 0
2189 8730 9109 0
2190 8918 9064 0
2191 8847 8695 0
2192 8934 8672 0
2193 9020 8786 0
2194 8917 8827 0
2195 9183 8892 0
2196 9133 8997 0
2197 9159 8513 0
2198 9362 8502 0
2199 9105 8672 0
2200 9441 8610 0
2201 9520 8116 0
2202 9230 8387 0
2203 9495 8222 0
2204 9791 8026 0
2205 9555 8193 0
2206 9629 8157 0
2207 30924 12424 0
2208 10027 8172 0
2209 9526 9731 0
2210 9891 9655 0
2211 10104 9560 0
2212 10298 9463 0
2213 10724 9259 0
2214 11132 9242 0
2215 10739 9361 0
2216 10846 9347 0
2217 10146 9207 0
2218 9709 9327 0
2219 10118 9874 0
2220 10773 9617 0
2221 32006 10807 0
2222 11320 9229 0
2223 11556 9147 0
2224 11889 9075 0
2225 11843 9037 0
2226 11746 9205 0
2227 11783 9102 0
2228 11969 8808 0
2229 12138 8627 0
2230 11901 8981 0
2231 11976 8714 0
2232 11932 8890 0
2233 11900 8513 0
2234 11166 8519 0
2235 9701 8661 0
2236 11750 9185 0
2237 11942 8328 0
2238 10414 9225 0
2239 12321 7847 0
2240 12532 7745 0
2241 12844 7667 0
2242 12099 7853 0
2243 12230 7940 0
2244 30525 5996 0
2245 12669 7506 0
2246 12810 7454 0
2247 10528 7728 0
2248 10388 7604 0
2249 11002 7923 0
2250 10283 7611 0
2251 10664 7853 0
2252 10409 7958 0
2253 10194 7833 0
2254 10415 8291 0
2255 10729 8457 0
2256 10063 7416 0
2257 10255 7426 0
2258 10005 7340 0
2259 10301 7219 0
2260 10742 7268 0
2261 10948 6788 0
2262 10895 7582 0
2263 11156 6918 0
2264 11331 8314 0
2265 11069 8018 0
2266 11399 8133 0
2267 11545 8256 0
2268 11041 8302 0
2269 11717 8316 0
2270 10740 8420 0
2271 10774 8112 0
2272 10980 8395 0
2273 11088 8189 0
2274 11419 7704 0
2275 11820 7750 0
2276 11821 8179 0
2277 11574 7363 0
2278 11309 7500 0
2279 10071 7046 0
2280 9921 6885 0
2281 9839 7065 0
2282 10281 7154 0
2283 10193 6996 0
2284 10468 6999 0
2285 8701 7096 0
2286 10558 6594 0
2287 9978 6565 0
2288 10158 6754 0
2289 10585 6936 0
2290 10600 6250 0
2291 10638 7048 0
2292 9891 6422 0
2293 10359 6076 0
2294 10147 6503 0
2295 10252 5825 0
2296 10430 5890 0
2297 10340 5578 0
2298 10824 6020 0
2299 10516 5544 0
2300 10544 6202 0
2301 10968 5851 0
2302 10780 5783 0
2303 10949 5553 0
2304 10666 5414 0
2305 11089 4416 0
2306 13252 4578 0
2307 10971 4968 0
2308 10952 5073 0
2309 11018 4602 0
2310 11154 5433 0
2311 11377 5309 0
2312 11154 5098 0
2313 11615 4862 0
2314 11204 4862 0
2315 11528 4720 0
2316 11724 4984 0
2317 11931 5372 0
2318 12242 5075 0
2319 11097 5884 0
2320 11184 5690 0
2321 11467 6025 0
2322 10999 4189 0
2323 10894 3997 0
2324 10932 3344 0
2325 10872 3439 0
2326 10847 3629 0
2327 10847 3227 0
2328 10693 2564 0
2329 10725 2872 0
2330 10804 3079 0
2331 10724 2986 0
2332 10577 2406 0
2333 10699 1849 0
2334 10716 2700 0
2335 10832 765 0
2336 6590 4085 0
2337 12103 4595 0
2338 12052 4829 0
2339 12557 4236 0
2340 12377 4188 0
2341 12597 4059 0
2342 12475 4474 0
2343 12303 4441 0
2344 12441 3219 0
2345 12384 3367 0
2346 12589 3578 0
2347 12595 3276 0
2348 12220 3210 0
2349 12088 3310 0
2350 12008 3040 0
2351 12337 3123 0
2352 12162 2747 0
2353 11920 2959 0
2354 11926 2696 0
2355 11855 2456 0
2356 12372 4018 0
2357 12190 3788 0
2358 12391 3839 0
2359 12175 3479 0
2360 12099 3407 0
2361 11923 3532 0
2362 12008 3834 0
2363 11929 3304 0
2364 12082 4175 0
2365 11934 4208 0
2366 12178 4307 0
2367 11919 4454 0
2368 11409 4362 0
2369 11716 4591 0
2370 11329 4451 0
2371 11525 4526 0
2372 11675 4400 0
2373 11477 4034 0
2374 11346 4078 0
2375 11194 4090 0
2376 11615 4101 0
2377 11731 4211 0
2378 11590 3843 0
2379 11615 3714 0
2380 11753 3727 0
2381 11750 3435 0
2382 11560 3277 0
2383 11343 3444 0
2384 11381 3277 0
2385 11113 3914 0
2386 11434 3734 0
2387 11086 3600 0
2388 11041 3748 0
2389 11166 3413 0
2390 11045 3116 0
2391 10895 2598 0
2392 11449 2449 0
2393 11405 2904 0
2394 11234 2525 0
2395 11209 2894 0
2396 11417 2066 0
2397 10992 677 0
2398 11165 1612 0
2399 10978 982 0
2400 11285 583 0
2401 11028 7182 0
2402 12788 7062 0
2403 11870 6728 0
2404 11233 6579 0
2405 11870 6301 0
2406 32074 9823 0
2407 10699 6368 0
2408 12504 7206 0
2409 11955 8640 0
2410 13039 6950 0
2411 12423 6621 0
2412 12834 7250 0
2413 13073 6595 0
2414 23142 11449 0
2415 12983 7383 0
2416 12481 4790 0
2417 12070 6003 0
2418 12706 5874 0
2419 12454 5087 0
2420 12646 4528 0
2421 12921 5211 0
2422 13246 5644 0
2423 13397 6202 0
2424 13767 6788 0
2425 13545 6588 0
2426 14065 6745 0
2427 14103 6361 0
2428 14655 6363 0
2429 14237 6765 0
2430 14388 6447 0
2431 14589 6520 0
2432 14798 6242 0
2433 14260 6180 0
2434 14773 6126 0
2435 14593 6001 0
2436 14410 5769 0
2437 14137 6043 0
2438 13694 5875 0
2439 14325 5229 0
2440 14153 5721 0
2441 14120 4955 0
2442 13835 5037 0
2443 13816 5314 0
2444 13665 5382 0
2445 13163 4984 0
2446 13557 4789 0
2447 13961 4642 0
2448 14126 4739 0
2449 14274 5052 0
2450 13437 4489 0
2451 13739 4568 0
2452 13528 4614 0
2453 12988 4669 0
2454 38567 5155 0
2455 13505 4420 0
2456 13093 4853 0
2457 13226 4244 0
2458 12784 4334 0
2459 12844 4137 0
2460 13135 4249 0
2461 13182 4068 0
2462 12807 4216 0
2463 13057 3780 0
2464 12891 3555 0
2465 12822 3703 0
2466 12672 3826 0
2467 12432 3749 0
2468 35495 3190 0
2469 35666 3475 0
2470 35752 3822 0
2471 35461 3272 0
2472 35357 3101 0
2473 34815 3166 0
2474 35438 3709 0
2475 34518 3496 0
2476 34846 2804 0
2477 34729 2741 0
2478 34774 2981 0
2479 35038 2744 0
2480 35053 2973 0
2481 34486 3136 0
2482 35080 2149 0
2483 35712 4099 0
2484 35584 4370 0
2485 35127 4542 0
2486 35490 4028 0
2487 34927 5015 0
2488 34599 5636 0
2489 34516 4551 0
2490 35125 4090 0
2491 34184 3200 0
2492 33791 3372 0
2493 34385 2883 0
2494 34143 3293 0
2495 34266 3893 0
2496 33485 3982 0
2497 31622 3259 0
2498 31960 3316 0
2499 31649 3850 0
2500 32399 3851 0
2501 32433 5194 0
2502 31529 4360 0
2503 32061 4019 0
2504 32376 3418 0
2505 33527 5719 0
2506 33390 5345 0
2507 33788 4500 0
2508 37459 3857 0
2509 38195 2978 0
2510 38144 2612 0
2511 38424 2632 0
2512 38315 2496 0
2513 37670 1830 0
2514 37594 2001 0
2515 37932 2115 0
2516 38085 2314 0
2517 34876 8649 0
2518 33739 8001 0
2519 25856 11264 0
2520 39672 6657 0
2521 34989 8860 0
2522 37892 7853 0
2523 37347 7101 0
2524 37311 9327 0
2525 35904 9900 0
2526 686 7870 0
2527 38239 7005 0
2528 35136 6204 0
2529 34750 6390 0
2530 35003 6506 0
2531 34504 6773 0
2532 12089 7309 0
2533 21528 12639 0
2534 36292 6247 0
2535 37414 5325 0
2536 37340 5855 0
2537 35579 6563 0
2538 20960 12490 0
2539 36015 6512 0
2540 39332 4773 0
2541 38700 6219 0
2542 39224 5678 0
2543 39638 5636 0
2544 39843 5563 0
2545 976 5041 0
2546 838 6000 0
2547 39714 6139 0
2548 23601 11792 0
2549 10747 6222 0
2550 11734 5975 0
2551 3155 6173 0
2552 4479 4409 0
2553 2564 5211 0
2554 12686 4068 0
2555 9542 10994 0
2556 9656 11290 0
2557 19778 13921 0
2558 21467 3701 0
2559 22311 10155 0
2560 19733 13073 0
2561 19574 13249 0
2562 32194 9726 0
2563 17780 10876 0
2564 21998 9202 0
2565 32581 8263 0
2566 28954 9832 0
2567 20308 11980 0
2568 19813 12617 0
2569 20889 12173 0
2570 18997 13020 0
2571 38359 2712 0
2572 29881 9294 0
2573 16890 8780 0
2574 21696 4512 0
2575 30001 7670 0
2576 30807 7599 0
2577 20928 12202 0
2578 10960 5173 0
2579 34135 8223 0
2580 22408 14541 0
2581 22804 5687 0
2582 20820 12105 0
2583 20861 12119 0
2584 20871 13067 0
2585 21288 9543 0
2586 24605 9473 0
2587 22537 15790 0
2588 23040 15070 0
2589 33144 11081 0
2590 18154 11294 0
2591 28596 9720 0
2592 11120 14234 0
2593 9937 13293 0
2594 8450 13016 0
2595 11268 15212 0
2596 7079 16363 0
2597 9555 9640 0
2598 4056 13545 0
2599 387 14779 0
2600 12612 6441 0
2601 32623 4783 0
2602 31707 4647 0
2603 33622 4917 0
2604 34371 5091 0
2605 32602 4332 0
2606 26666 12407 0
2607 28457 11644 0
2608 29256 13022 0
2609 18356 9537 0
2610 24469 13152 0
2611 25429 13036 0
2612 26088 12693 0
2613 27250 15307 0
2614 25824 14165 0
2615 27637 15540 0
2616 38011 14843 0
2617 33572 12935 0
2618 35581 14656 0
2619 35641 15928 0
2620 35254 15182 0
2621 34714 16070 0
2622 19334 12970 0
2623 38962 10386 0
2624 20116 6689 0
2625 11856 14090 0
2626 10864 14245 0
2627 10036 11995 0
2628 8555 8819 0
2629 6600 8308 0
2630 7669 11168 0
2631 7070 10940 0
2632 31055 9526 0
2633 37012 14591 0
2634 39480 15355 0
2635 22204 5297 0
2636 14587 15447 0
2637 31075 6959 0
2638 25589 10648 0
2639 23113 10717 0
2640 25698 10001 0
2641 33813 14257 0
2642 34300 15725 0
2643 24899 10241 0
2644 32402 14066 0
2645 31718 14567 0
2646 27099 14729 0
2647 32615 6088 0
2648 33414 14632 0
2649 32527 15569 0
2650 31724 15421 0
2651 31054 15166 0
2652 32694 16231 0
2653 31254 16171 0
2654 30017 16226 0
2655 29754 15313 0
2656 25142 12241 0
2657 27634 15953 0
2658 25920 13881 0
2659 27628 16391 0
2660 36307 15791 0
2661 38951 16300 0
2662 6659 10780 0
2663 37841 15862 0
2664 25021 10096 0
2665 30941 7289 0
2666 36932 15731 0
2667 34289 16200 0
2668 33685 16272 0
2669 19855 12603 0
2670 30826 13349 0
2671 31277 13821 0
2672 33075 15126 0
2673 31558 15557 0
2674 28692 13490 0
2675 30722 14823 0
2676 30949 14015 0
2677 30125 14055 0
2678 29962 13033 0
2679 28992 12667 0
2680 28710 16391 0
2681 32228 9959 0
2682 26598 15595 0
2683 27509 14615 0
2684 26564 16300 0
2685 25645 14692 0
2686 27808 13702 0
2687 25702 15915 0
2688 25306 15651 0
2689 25292 15375 0
2690 21492 12082 0
2691 29181 13629 0
2692 28454 15236 0
2693 29658 15679 0
2694 29772 14783 0
2695 31354 14586 0
2696 32947 14134 0
2697 33033 13630 0
2698 28421 13738 0
2699 24702 15236 0
2700 24594 14906 0
2701 29483 14264 0
2702 25626 12359 0
2703 20252 14355 1
2704 20383 14279 1
2705 21313 15210 1
2706 20916 14786 1
2707 21609 14502 1
2708 20938 14341 1
2709 21048 14164 1
2710 20666 13869 1
2711 20035 14069 1
2712 19789 14228 1
2713 21822 14332 1
2714 22285 14626 1
2715 22749 14742 1
2716 23319 16118 1
2717 20545 16146 1
2718 19554 15724 1
2719 19181 14855 1
2720 19508 14107 1
2721 19489 13777 1
2722 19207 13597 1
2723 19058 13368 1
2724 18724 13133 1
2725 18380 13055 1
2726 18029 13210 1
2727 18114 12867 1
2728 18372 12603 1
2729 18414 12366 1
2730 17934 12670 1
2731 18011 12366 1
2732 18831 13711 1
2733 18681 14076 1
2734 19081 14002 1
2735 18546 14324 1
2736 17913 14359 1
2737 18178 13657 1
2738 18167 13437 1
2739 17510 13930 1
2740 17240 13484 1
2741 17492 13072 1
2742 17504 12692 1
2743 17483 12235 1
2744 17450 11857 1
2745 17406 11456 1
2746 18206 11261 1
2747 18537 11338 1
2748 18846 11688 1
2749 19198 12013 1
2750 19458 12054 1
2751 19755 12242 1
2752 19053 11674 1
2753 19537 11790 1
2754 19106 11523 1
2755 19647 11554 1
2756 20013 11922 1
2757 20193 11680 1
2758 20113 11314 1
2759 20340 11087 1
2760 20690 11380 1
2761 20265 12372 1
2762 20461 12146 1
2763 20775 11983 1
2764 20786 11571 1
2765 21075 11363 1
2766 20780 10917 1
2767 21210 11075 1
2768 21740 10957 1
2769 22309 10994 1
2770 22418 11265 1
2771 21641 11282 1
2772 21540 11629 1
2773 21907 11885 1
2774 22071 12150 1
2775 22254 12456 1
2776 22835 12583 1
2777 22787 12149 1
2778 20732 12678 1
2779 24399 12028 1
2780 25418 12421 1
2781 22721 10043 1
2782 23197 9208 1
2783 23881 8500 1
2784 24408 8645 1
2785 25271 9199 1
2786 25342 9906 1
2787 25004 10161 1
2788 24514 10157 1
2789 25972 9744 1
2790 26421 9441 1
2791 26607 9056 1
2792 26786 8497 1
2793 27384 7841 1
2794 27834 8511 1
2795 28141 9015 1
2796 28699 9438 1
2797 29032 9062 1
2798 29456 8756 1
2799 29071 8263 1
2800 29534 8232 1
2801 29662 7770 1
2802 29292 7682 1
2803 29482 7221 1
2804 29854 6712 1
2805 30157 6372 1
2806 30571 6129 1
2807 31112 5989 1
2808 31788 5912 1
2809 32546 5732 1
2810 32428 6387 1
2811 31673 6458 1
2812 32078 7495 1
2813 30856 6618 1
2814 30587 7324 1
2815 30445 7757 1
2816 31078 7661 1
2817 30241 8087 1
2818 30013 8385 1
2819 31030 8264 1
2820 31062 7888 1
2821 31628 8005 1
2822 31016 8856 1
2823 30761 9351 1
2824 31570 9453 1
2825 31991 9818 1
2826 32489 10548 1
2827 32459 11191 1
2828 32420 11568 1
2829 32898 10809 1
2830 33412 11794 1
2831 34150 12278 1
2832 34497 13158 1
2833 34547 13959 1
2834 35261 14261 1
2835 36289 14530 1
2836 35902 13858 1
2837 35097 13689 1
2838 35405 13160 1
2839 35025 12599 1
2840 34982 11739 1
2841 34050 11673 1
2842 33455 11452 1
2843 33675 10753 1
2844 34664 10748 1
2845 32814 10308 1
2846 32422 9546 1
2847 31630 8975 1
2848 31731 8525 1
2849 32764 8927 1
2850 32219 8266 1
2851 32383 7770 1
2852 32660 7086 1
2853 33246 7367 1
2854 33146 6502 1
2855 33159 8016 1
2856 33873 7670 1
2857 34577 7129 1
2858 35269 6751 1
2859 36144 5993 1
2860 34985 5760 1
2861 33022 5819 1
2862 33914 6465 1
2863 34152 5804 1
2864 35606 4927 1
2865 36344 4083 1
2866 35983 3101 1
2867 35450 2580 1
2868 34269 2593 1
2869 33338 3091 1
2870 32137 2919 1
2871 31361 3551 1
2872 31075 4529 1
2873 31759 5306 1
2874 35616 1113 1
2875 34543 1245 1
2876 37723 2546 1
2877 36847 2920 1
2878 37999 3543 1
2879 39044 3089 1
2880 36762 1553 1
2881 38646 803 1
2882 36916 4580 1
2883 36266 5409 1
2884 37136 5352 1
2885 36409 6706 1
2886 37416 6704 1
2887 35711 7336 1
2888 35022 8386 1
2889 33995 8795 1
2890 33170 9598 1
2891 34296 9562 1
2892 33930 10181 1
2893 35618 10945 1
2894 36166 12606 1
2895 36897 13619 1
2896 37608 14273 1
2897 36913 16267 1
2898 39038 14331 1
2899 24591 8024 1
2900 24220 7167 1
2901 23766 6388 1
2902 23709 5548 1
2903 24792 5907 1
2904 25347 8300 1
2905 25838 8891 1
2906 25107 6998 1
2907 24546 4655 1
2908 25825 4969 1
2909 23378 4974 1
2910 23092 4198 1
2911 22839 3246 1
2912 21824 2515 1
2913 20351 2923 1
2914 19775 4035 1
2915 19758 4825 1
2916 19707 5863 1
2917 19572 6718 1
2918 19377 7423 1
2919 18650 7418 1
2920 17727 7411 1
2921 16716 7947 1
2922 16338 8644 1
2923 16498 9530 1
2924 17044 10658 1
2925 17600 11052 1
2926 18598 15172 1
2927 18326 16032 1
2928 17205 15890 1
2929 17584 14932 1
2930 16167 14823 1
2931 16768 13930 1
2932 16649 12882 1
2933 15492 15373 1
2934 14674 14467 1
2935 13198 14244 1
2936 12312 14098 1
2937 12245 15134 1
2938 10919 14808 1
2939 9546 13970 1
2940 8975 14455 1
2941 9774 14561 1
2942 9863 15439 1
2943 11420 13056 1
2944 12027 12774 1
2945 11318 12134 1
2946 12719 13206 1
2947 12842 12384 1
2948 13274 12990 1
2949 13699 13717 1
2950 14430 13358 1
2951 15474 13337 1
2952 11020 11868 1
2953 10657 11697 1
2954 10484 11166 1
2955 10139 10665 1
2956 10087 10300 1
2957 10599 10028 1
2958 9607 9852 1
2959 9317 10344 1
2960 8753 10302 1
2961 8181 10276 1
2962 8059 9814 1
2963 8302 9421 1
2964 8638 9821 1
2965 9164 9857 1
2966 9142 9207 1
2967 9615 9015 1
2968 9852 8381 1
2969 10335 9290 1
2970 10184 8782 1
2971 9618 9420 1
2972 10872 8672 1
2973 11559 8615 1
2974 10954 8991 1
2975 12027 8520 1
2976 11591 9005 1
2977 10813 9495 1
2978 10152 9728 1
2979 11436 9410 1
2980 12461 8119 1
2981 13102 7766 1
2982 13682 7334 1
2983 14526 7076 1
2984 15161 6532 1
2985 14966 5562 1
2986 14699 4849 1
2987 13890 4128 1
2988 13254 3438 1
2989 12655 2863 1
2990 11908 2184 1
2991 11624 1271 1
2992 11264 178 1
2993 9972 1287 1
2994 9901 2118 1
2995 10054 2976 1
2996 10169 3977 1
2997 10129 4925 1
2998 9621 5620 1
2999 9406 6392 1
3000 9470 7216 1
3001 9699 7774 1
3002 8934 8096 1
3003 8124 8583 1
3004 7340 8954 1
3005 6884 9394 1
3006 6471 10125 1
3007 5549 10012 1
3008 5165 10733 1
3009 4547 11614 1
3010 4307 12290 1
3011 4166 12931 1
3012 3378 13883 1
3013 2321 14178 1
3014 423 14131 1
3015 3886 16217 1
3016 16007 12271 1
3017 15059 12297 1
3018 13737 12117 1
3019 16700 11843 1
3020 15658 11414 1
3021 14934 11541 1
3022 12123 12075 1
3023 11367 11513 1
3024 10866 10716 1
3025 11833 11034 1
3026 12759 11459 1
3027 11285 10262 1
3028 12336 9316 1
3029 12754 8807 1
3030 15055 7715 1
3031 16279 11073 1
3032 15741 9786 1
3033 15543 10640 1
3034 14720 10263 1
3035 14030 9995 1
3036 13093 9766 1
3037 16012 7460 1
3038 18744 4958 1
3039 18605 6293 1
3040 12539 1524 1
3041 13047 2399 1
3042 13720 3027 1
3043 15450 4410 1
3044 15774 5339 1
3045 14855 3310 1
3046 14556 1582 1
3047 13688 600 1
3048 12441 551 1
3049 15854 6553 1
3050 15990 5841 1
3051 16572 6959 1
3052 16330 4855 1
3053 16970 6657 1
3054 17643 6355 1
3055 18824 3600 1
3056 19391 1847 1
3057 17665 3431 1
3058 16085 2966 1
3059 16154 1587 1
3060 15781 605 1
3061 17530 2300 1
3062 17591 802 1
3063 20768 747 1
3064 28540 8874 1
3065 28401 8415 1
3066 28304 8021 1
3067 27982 7732 1
3068 26609 7666 1
3069 26224 8272 1
3070 25984 5901 1
3071 26061 7002 1
3072 26796 6935 1
3073 27079 5767 1
3074 28474 6134 1
3075 29140 6478 1
3076 28637 5464 1
3077 29590 6033 1
3078 22551 983 1
3079 24498 1138 1
3080 24280 3293 1
3081 26224 845 1
3082 25331 2627 1
3083 26067 3583 1
3084 27680 1048 1
3085 28898 732 1
3086 30006 842 1
3087 31322 761 1
3088 32289 1672 1
3089 27590 3021 1
3090 27730 4798 1
3091 30298 2594 1
3092 31478 2149 1
3093 28899 4571 1
3094 30747 5277 1
3095 30007 5551 1
3096 30570 3657 1
3097 29980 4427 1
3098 28841 3291 1
3099 28254 2290 1
3100 27201 4178 1
3101 20347 8621 1
3102 22411 7048 1
3103 22088 6419 1
3104 22604 5786 1
3105 29668 1806 1
3106 27080 12637 1
3107 30790 13515 1
3108 31279 10451 1
3109 11036 5387 1
3110 9257 8462 1
3111 2310 11549 1
3112 10088 12257 1
3113 9692 12064 1
3114 9595 12424 1
3115 9076 12242 1
3116 9050 12810 1
3117 8849 13078 1
3118 7863 13467 1
3119 39064 12141 1
3120 37610 12418 1
3121 38292 13692 1
3122 39517 9801 1
3123 36584 11740 1
3124 36791 10895 1
3125 38616 9602 1
3126 35377 10143 1
3127 35275 9532 1
3128 39075 7782 1
3129 37240 10123 1
3130 253 15333 1
3131 39005 15094 1
3132 512 13027 1
3133 39753 15916 1
3134 1512 13058 1
3135 1684 13630 1
3136 39057 10983 1
3137 3016 13146 1
3138 1988 12551 1
3139 734 12260 1
3140 3119 12185 1
3141 3991 10833 1
3142 327 11176 1
3143 39348 12678 1
3144 301 9476 1
3145 2281 10567 1
3146 2979 11017 1
3147 3613 11555 1
3148 4028 10137 1
3149 2512 9872 1
3150 1533 9685 1
3151 3286 9946 1
3152 1277 10507 1
3153 1204 11453 1
3154 5997 9331 1
3155 6645 8655 1
3156 7530 7921 1
3157 8499 7429 1
3158 8395 6462 1
3159 2407 3682 1
3160 5995 7991 1
3161 4655 9738 1
3162 6612 7359 1
3163 6761 6123 1
3164 3584 8719 1
3165 4763 9037 1
3166 7404 4906 1
3167 2259 8695 1
3168 2619 7581 1
3169 978 7875 1
3170 1076 5083 1
3171 8539 5417 1
3172 5908 5139 1
3173 4136 7477 1
3174 4825 6575 1
3175 2054 6442 1
3176 673 6176 1
3177 39411 5772 1
3178 39280 6809 1
3179 687 3787 1
3180 3506 6309 1
3181 4642 5058 1
3182 3459 5273 1
3183 2187 365 1
3184 39560 2333 1
3185 1599 1753 1
3186 3859 723 1
3187 4258 2811 1
3188 5977 2800 1
3189 5474 727 1
3190 6583 4365 1
3191 38121 6155 1
3192 37959 4371 1
3193 8756 3233 1
3194 7402 3054 1
3195 7672 490 1
3196 8770 4451 1
3197 37575 8812 1
3198 8976 846 1
3199 8810 2036 1
3200 14686 310 1
3201 13472 1508 1
3202 16441 3974 1
3203 17738 5030 1
3204 16782 5572 1
3205 13411 8323 1
3206 14177 7923 1
3207 15037 8723 1
3208 13972 9142 1
3209 11740 9808 1
3210 12355 10329 1
3211 13162 10902 1
3212 28306 7279 1
3213 28774 7839 1
3214 29050 7111 1
3215 27734 6569 1
3216 39415 4375 1
3217 36361 9254 1
3218 35959 8411 1
3219 38343 5377 1
3220 37172 3692 1
3221 38297 7256 1
3222 38564 8423 1
3223 36506 8116 1
3224 22919 8497 1
3225 6228 11943 1
3226 33202 1341 1
3227 6056 14744 1
3228 6596 14411 1
3229 7367 14114 1
3230 26991 15894 1
3231 23543 11625 1
3232 23832 11494 1
3233 27365 12101 1
3234 29914 11415 1
3235 31705 10471 1
3236 22782 7548 1
3237 14279 11061 1
3238 21961 6150 1
3239 10599 12372 1
3240 11290 5068 1
3241 33346 16315 1
3242 15985 14155 1
3243 6317 779 1
3244 37165 7745 1
3245 7613 1606 1
3246 11775 9168 0
3247 39747 8393 1
3248 10094 306 1
3249 31852 11672 0
3250 19544 12657 0
3251 19591 12282 0
3252 18938 12129 0
3253 19824 12714 0
3254 19784 13403 0
3255 20075 13170 0
3256 19978 13192 0
3257 19761 13255 0
3258 25773 10088 0
3259 19665 13568 0
3260 34163 11559 0
3261 20336 12077 0
3262 19995 12634 0
3263 28596 9703 0
3264 29168 8049 0
3265 19579 13295 0
3266 20143 12304 0
3267 19767 13323 0
3268 18338 13177 0
3269 18760 13312 0
3270 19699 13175 0
3271 19559 12730 0
3272 19625 12612 0
3273 24161 9053 0
3274 23478 12174 0
3275 31329 7235 0
3276 31829 7215 0
3277 20787 13098 0
3278 24049 10395 0
3279 21782 12896 0
3280 11143 12758 0
3281 20536 13505 0
3282 20558 12661 0
3283 20840 12537 0
3284 10598 9382 0
3285 20906 13084 0
3286 20632 12748 0
3287 17960 11633 0
3288 20270 12637 0
3289 20593 12623 0
3290 21259 12145 0
3291 21278 11991 0
3292 23742 10549 0
3293 23234 11826 0
3294 23234 11382 0
3295 11126 6805 0
3296 11621 6293 0
3297 11149 6043 0
3298 12310 5263 0
3299 10971 4262 0
3300 19767 13636 0
3301 19829 13461 0
3302 19579 13050 0
3303 20143 13209 0
3304 19929 13187 0
3305 19927 13200 0
3306 19722 13135 0
3307 19852 13204 0
3308 21266 12887 0
3309 20942 12567 0
3310 20968 13022 0
3311 20382 12652 0
3312 20416 12634 0
3313 19420 13312 0
3314 19750 12828 0
3315 31198 8980 0
3316 24526 1694 0
3317 39865 15051 0
3318 19443 13050 0
3319 21035 12536 0
3320 19426 13204 0
3321 21082 12175 0
3322 19460 13004 0
3323 20826 13427 0
3324 1241 7360 0
3325 17889 12042 0
3326 32319 10471 0
3327 10597 9225 0
3328 10862 9251 0
3329 10748 9302 0
3330 10949 9350 0
3331 21145 13016 0
3332 19517 12617 0
3333 19687 13796 0
3334 9378 8894 0
3335 26820 11177 0
3336 26415 10210 0
3337 27189 10611 0
3338 26617 9605 0
3339 27920 9370 0
3340 27932 9230 0
3341 28215 9589 0
3342 28693 10153 0
3343 28890 10030 0
3344 29091 9686 0
3345 29296 10130 0
3346 27514 10648 0
3347 27338 11318 0
3348 27532 8320 0
3349 17951 13659 0
3350 21435 11843 0
3351 23962 11991 0
3352 23205 12259 0
3353 11559 4631 0
3354 18947 12959 0
3355 16983 15447 0
3356 21588 11992 0
3357 18822 12213 0
3358 20883 12202 0
3359 22127 14571 0
3360 23661 11946 0
3361 21799 12037 0
3362 19551 12304 0
3363 19556 12401 0
3364 21037 11978 0
3365 20980 11769 0
3366 5052 11621 0
3367 6031 11212 0
3368 5900 10858 0
3369 8291 10705 0
3370 8100 10807 0
3371 8001 10498 0
3372 7469 11160 0
3373 10693 9225 0
3374 20166 12071 0
3375 20405 11940 0
3376 21902 14428 0
3377 21833 14200 0
3378 21879 14114 0
3379 22004 15612 0
3380 21145 13807 0
3381 21708 13887 0
3382 23894 11946 0
3383 23536 11735 0
3384 19190 13275 0
3385 21392 12797 0
3386 19283 13187 0
3387 21799 12025 0
3388 21833 12071 0
3389 7866 11119 0
3390 982 14951 0
3391 1691 14818 0
3392 5081 15156 0
3393 5998 15226 0
3394 14644 16073 0
3395 2495 15573 0
3396 14166 15486 0
3397 19608 13073 0
3398 21139 13972 0
3399 21481 13992 0
3400 11422 4545 0
3401 32700 6134 0
3402 20530 12321 0
3403 20922 11838 0
3404 20314 12469 0
3405 36304 6331 0
3406 7834 11380 0
3407 9837 10095 0
3408 2517 15018 0
3409 629 15725 0
3410 19238 13329 0
3411 19426 13312 0
3412 19424 13191 0
3413 12196 7455 0
3414 12328 7479 0
3415 19756 12879 0
3416 20012 13175 0
3417 20049 13162 0
3418 20114 13192 0
3419 20075 13346 0
3420 20114 13380 0
3421 19965 13146 0
3422 19813 13409 0
3423 19687 13278 0
3424 20570 12965 0
3425 19784 13636 0
3426 19568 12999 0
3427 20035 13659 0
3428 20240 13403 0
3429 24059 12156 0
3430 24029 12060 0
3431 21864 12326 0
3432 21828 12299 0
3433 20934 12122 0
3434 13130 15811 0
3435 15549 15976 0
3436 13397 15373 0
3437 13716 16124 0
3438 10656 15453 0
3439 7136 14792 0
3440 9225 16204 0
3441 4511 15139 0
3442 6464 16391 0
3443 3487 15492 0
3444 1711 15458 0
3445 1625 16113 0
3446 5411 14149 0
3447 7500 13437 0
3448 9250 13228 0
3449 10308 13990 0
3450 11080 13659 0
3451 12284 13540 0
3452 8892 15712 0
3453 21461 11913 0
3454 21133 11929 0
3455 19340 13357 0
3456 19756 12543 0
3457 20251 12600 0
3458 19403 13027 0
3459 23701 8604 0
3460 21321 13101 0
3461 19200 13229 0
3462 19345 13215 0
3463 19289 13118 0
3464 22386 3965 0
3465 22198 3743 0
3466 21510 4151 0
3467 21594 4238 0
3468 19682 13784 0
3469 19312 13505 0
3470 19955 13198 0
3471 19619 13625 0
3472 8872 9152 0
3473 8973 9308 0
3474 8722 9234 0
3475 8750 8953 0
3476 9463 8312 0
3477 9476 8164 0
3478 19596 12657 0
3479 19881 12356 0
3480 19953 12427 0
3481 19443 13170 0
3482 19545 12874 0
3483 19722 13637 0
3484 19978 13631 0
3485 20291 12515 0
3486 20900 12060 0
3487 21071 12065 0
3488 21105 11889 0
3489 21503 11887 0
3490 21333 12412 0
3491 21606 12509 0
3492 21629 12703 0
3493 21750 12788 0
3494 21674 12891 0
3495 20678 13323 0
3496 22756 12936 0
3497 21401 13465 0
3498 21942 13369 0
3499 21961 13804 0
3500 21355 11285 0
3501 9307 8396 0
3502 9427 8385 0
3503 19409 13420 0
3504 19460 13386 0
3505 21640 13921 0
3506 20809 13295 0
3507 21139 13511 0
3508 21215 13393 0
3509 21387 13199 0
3510 21775 13787 0
3511 21657 13830 0
3512 21894 13709 0
3513 22073 13409 0
3514 21603 13241 0
3515 21640 13130 0
3516 21904 13246 0
3517 21742 13084 0
3518 22076 13193 0
3519 22334 13006 0
3520 22038 12874 0
3521 21856 13033 0
3522 21805 13380 0
3523 21589 14001 0
3524 21751 13970 0
3525 22040 13728 0
3526 22226 13596 0
3527 21936 13892 0
3528 21981 13968 0
3529 21787 14025 0
3530 21822 14035 0
3531 19864 13602 0
3532 30153 14744 0
3533 5581 14314 0
3534 6131 14191 0
3535 4540 14530 0
3536 1398 14297 0
3537 27654 15210 0
3538 31921 15207 0
3539 28869 14530 0
3540 35350 15780 0
3541 26308 15646 0
3542 26954 12797 0
3543 32191 14095 0
3544 27088 15464 0
3545 31827 14117 0
3546 27637 13890 0
3547 27637 14345 0
3548 36042 15612 0
3549 30065 13910 0
3550 27532 14752 0
3551 25716 14484 0
3552 30364 14089 0
3553 25403 15179 0
3554 26812 14687 0
3555 3629 14220 0
3556 3635 14439 0
3557 4077 13902 0
3558 2087 14572 0
3559 161 13610 0
3560 3340 14678 0
3561 4076 15044 0
3562 3305 15039 0
3563 30110 7716 0
3564 10118 13041 0
3565 30960 7201 0
3566 6656 14718 0
3567 5385 14720 0
3568 24633 9818 0
3569 5179 13049 0
3570 4657 13131 0
3571 4533 13576 0
3572 4859 13904 0
3573 4623 14279 0
3574 5211 13966 0
3575 4966 13600 0
3576 5313 13243 0
3577 5604 13231 0
3578 6045 13245 0
3579 6116 13839 0
3580 6217 12996 0
3581 6065 13476 0
3582 7885 14872 0
3583 7571 14905 0
3584 8923 15515 0
3585 8353 15306 0
3586 10067 16246 0
3587 9475 16215 0
3588 26015 12017 0
3589 6955 12994 0
3590 6685 14269 0
3591 7262 14060 0
3592 6755 13712 0
3593 8104 15652 0
3594 7662 15482 0
3595 6753 13282 0
3596 7170 15585 0
3597 6585 15268 0
3598 4667 15646 0
3599 3887 15836 0
3600 8063 13596 0
3601 6739 10893 0
3602 8893 8920 0
3603 5055 15790 0
3604 7873 13213 0
3605 7824 13071 0
3606 8227 10976 0
3607 10016 12337 0
3608 8461 13501 0
3609 9649 12914 0
3610 8763 12894 0
3611 8913 13029 0
3612 9670 12683 0
3613 9860 12669 0
3614 9825 12344 0
3615 9720 12219 0
3616 9889 12191 0
3617 10328 12421 0
3618 10186 12502 0
3619 10499 12560 0
3620 7859 14170 0
3621 7570 14204 0
3622 10152 11497 0
3623 10961 12660 0
3624 11570 13263 0
3625 11067 13213 0
3626 10614 12680 0
3627 10726 12741 0
3628 10792 12552 0
3629 11452 12925 0
3630 11327 12726 0
3631 11266 12558 0
3632 11791 12608 0
3633 11481 12339 0
3634 11849 12481 0
3635 12029 12631 0
3636 12394 13010 0
3637 11781 13446 0
3638 11712 13956 0
3639 12515 12680 0
3640 5132 12879 0
3641 5397 12817 0
3642 5533 12689 0
3643 5045 12180 0
3644 5396 12148 0
3645 5323 12320 0
3646 5229 11868 0
3647 5063 11709 0
3648 5562 11513 0
3649 5316 11338 0
3650 5698 11281 0
3651 5529 11113 0
3652 5780 10983 0
3653 6007 12356 0
3654 6250 12214 0
3655 6353 12104 0
3656 5898 11663 0
3657 5931 12026 0
3658 5987 11329 0
3659 6321 11849 0
3660 6154 11891 0
3661 6497 11763 0
3662 6150 11000 0
3663 6513 11233 0
3664 6475 10836 0
3665 7175 11503 0
3666 5167 11457 0
3667 7032 11174 0
3668 7288 11736 0
3669 6830 11995 0
3670 6709 11813 0
3671 6646 11200 0
3672 6697 11994 0
3673 6545 12156 0
3674 7036 12181 0
3675 6437 12150 0
3676 5987 12860 0
3677 6258 12474 0
3678 6966 12696 0
3679 7614 12715 0
3680 7598 12904 0
3681 7403 12667 0
3682 7839 12487 0
3683 7318 12467 0
3684 7319 12276 0
3685 7934 12066 0
3686 7693 12044 0
3687 7504 11880 0
3688 8062 11715 0
3689 7833 11596 0
3690 7453 11490 0
3691 7376 11399 0
3692 8193 11300 0
3693 7719 11221 0
3694 8170 10588 0
3695 7957 10602 0
3696 7819 10965 0
3697 6868 11496 0
3698 7597 10628 0
3699 7925 10417 0
3700 7855 10205 0
3701 8761 10544 0
3702 8718 10656 0
3703 8482 10603 0
3704 8407 10875 0
3705 8674 11271 0
3706 8331 11113 0
3707 8513 11298 0
3708 8582 11541 0
3709 8291 11442 0
3710 8765 11422 0
3711 8440 11542 0
3712 8276 11798 0
3713 8160 11976 0
3714 8404 12011 0
3715 8598 12088 0
3716 8087 12148 0
3717 8303 12850 0
3718 8318 12336 0
3719 8063 12699 0
3720 8501 12764 0
3721 8897 12255 0
3722 8695 12506 0
3723 8932 12375 0
3724 8672 12291 0
3725 8913 12076 0
3726 8811 11995 0
3727 8932 11776 0
3728 8704 11922 0
3729 8799 11605 0
3730 8881 11513 0
3731 9251 11756 0
3732 9092 11765 0
3733 9106 11870 0
3734 9262 11979 0
3735 9532 12150 0
3736 9358 12099 0
3737 9515 12236 0
3738 9376 12437 0
3739 9182 12596 0
3740 9703 11825 0
3741 9482 11802 0
3742 9540 11944 0
3743 9389 11788 0
3744 9363 11721 0
3745 9620 11719 0
3746 9295 11599 0
3747 9419 11441 0
3748 9375 11556 0
3749 8920 11425 0
3750 9125 11315 0
3751 8811 11247 0
3752 9276 11314 0
3753 9383 11245 0
3754 8858 11014 0
3755 8691 10965 0
3756 8881 10660 0
3757 9023 10997 0
3758 9202 10976 0
3759 9004 10651 0
3760 9176 10653 0
3761 9570 10552 0
3762 9738 10302 0
3763 9307 11061 0
3764 9401 10760 0
3765 9566 10710 0
3766 9922 11023 0
3767 9793 11068 0
3768 10255 11302 0
3769 9934 11352 0
3770 9799 11244 0
3771 10027 11132 0
3772 10054 11469 0
3773 10076 11674 0
3774 10246 11526 0
3775 10247 11420 0
3776 9906 11532 0
3777 9862 11437 0
3778 9939 11671 0
3779 9663 11610 0
3780 10335 11608 0
3781 10223 11638 0
3782 9936 11744 0
3783 10373 11639 0
3784 10299 11824 0
3785 10365 11984 0
3786 10035 11835 0
3787 10162 11807 0
3788 9926 11855 0
3789 9912 11999 0
3790 10492 11919 0
3791 10487 11832 0
3792 10395 11763 0
3793 10542 11890 0
3794 10689 11921 0
3795 10545 12084 0
3796 10196 12093 0
3797 9986 12093 0
3798 10138 12168 0
3799 10301 12246 0
3800 10844 12467 0
3801 10527 12264 0
3802 10621 12001 0
3803 10802 12038 0
3804 10863 12121 0
3805 10929 12016 0
3806 10732 12106 0
3807 10706 12389 0
3808 10812 12332 0
3809 10922 12313 0
3810 11099 12559 0
3811 11043 12680 0
3812 13361 14888 0
3813 16983 15367 0
3814 17997 14758 0
3815 18059 13841 0
3816 17993 13773 0
3817 18139 13716 0
3818 17911 13813 0
3819 17690 13631 0
3820 17813 13682 0
3821 17818 13384 0
3822 17676 13395 0
3823 17909 13416 0
3824 18031 13622 0
3825 17934 13531 0
3826 18002 13437 0
3827 18413 14149 0
3828 18083 14116 0
3829 18431 14025 0
3830 18472 13915 0
3831 18338 14089 0
3832 18316 13921 0
3833 18321 13811 0
3834 18424 13340 0
3835 18316 13399 0
3836 18390 13398 0
3837 18295 13520 0
3838 18429 13682 0
3839 18486 13665 0
3840 18405 13738 0
3841 18524 13850 0
3842 18592 13707 0
3843 18515 13672 0
3844 18555 13648 0
3845 18526 13511 0
3846 18506 13607 0
3847 18469 13437 0
3848 18591 13425 0
3849 18573 13541 0
3850 18663 13477 0
3851 18721 13578 0
3852 18697 13437 0
3853 18905 13431 0
3854 18853 13354 0
3855 18657 13300 0
3856 18632 13377 0
3857 18549 13369 0
3858 18498 13218 0
3859 18497 13332 0
3860 18258 13179 0
3861 18748 13283 0
3862 18803 13278 0
3863 18763 13231 0
3864 18588 13226 0
3865 18207 13762 0
3866 20138 15184 0
3867 20718 15930 0
3868 21714 16169 0
3869 19437 14776 0
3870 19323 14564 0
3871 19454 14564 0
3872 19727 14364 0
3873 19638 14640 0
3874 19966 14519 0
3875 20013 14828 0
3876 19742 14797 0
3877 20035 14462 0
3878 20522 14779 0
3879 20582 14971 0
3880 20387 15076 0
3881 20529 15317 0
3882 20804 15564 0
3883 20782 14410 0
3884 20445 14594 0
3885 20705 14517 0
3886 20458 14257 0
3887 20580 14493 0
3888 20389 14408 0
3889 20114 14405 0
3890 20181 14183 0
3891 20029 14319 0
3892 20844 14186 0
3893 20557 14164 0
3894 20317 14079 0
3895 20244 13906 0
3896 20314 13947 0
3897 21660 15510 0
3898 21813 15320 0
3899 21879 15771 0
3900 22232 14864 0
3901 21717 14651 0
3902 21760 14815 0
3903 22027 15008 0
3904 21333 14524 0
3905 21412 14954 0
3906 21286 14610 0
3907 21336 15076 0
3908 21059 12208 0
3909 21042 14530 0
3910 21486 14433 0
3911 21678 14406 0
3912 21502 14286 0
3913 21764 14221 0
3914 21338 14314 0
3915 21458 14092 0
3916 21691 14116 0
3917 21691 14001 0
3918 21413 14039 0
3919 21467 14026 0
3920 21136 14010 0
3921 21549 13797 0
3922 21468 13745 0
3923 21344 13766 0
3924 21475 13949 0
3925 21327 13870 0
3926 21177 13927 0
3927 19864 13946 0
3928 19751 14016 0
3929 19847 13864 0
3930 19801 13659 0
3931 19849 13736 0
3932 19759 13824 0
3933 20069 13830 0
3934 19895 13869 0
3935 20399 13944 0
3936 19298 13483 0
3937 19271 13353 0
3938 19289 13431 0
3939 19175 13335 0
3940 19340 13283 0
3941 19278 13335 0
3942 19408 13244 0
3943 19363 13352 0
3944 19488 13562 0
3945 19511 13426 0
3946 19380 13537 0
3947 19511 13466 0
3948 19295 13221 0
3949 19076 13237 0
3950 19141 13238 0
3951 19238 13255 0
3952 19289 13244 0
3953 19318 13114 0
3954 19135 13175 0
3955 19226 13170 0
3956 19397 13170 0
3957 19445 13141 0
3958 19526 13156 0
3959 19357 13078 0
3960 19177 13129 0
3961 19021 13232 0
3962 19051 13153 0
3963 19038 13067 0
3964 19171 13025 0
3965 19204 13078 0
3966 19323 13061 0
3967 19215 12934 0
3968 19339 12839 0
3969 19295 13025 0
3970 19614 12952 0
3971 19568 12839 0
3972 19443 12862 0
3973 19532 12915 0
3974 19484 12895 0
3975 19415 12885 0
3976 18837 13055 0
3977 18854 12971 0
3978 18725 12936 0
3979 18604 12994 0
3980 18469 13027 0
3981 18282 12891 0
3982 18498 12891 0
3983 18400 12896 0
3984 18596 12772 0
3985 18583 12885 0
3986 19007 12911 0
3987 18883 12892 0
3988 19100 12943 0
3989 19270 12657 0
3990 19294 12756 0
3991 19061 12646 0
3992 19391 12646 0
3993 19481 12772 0
3994 19522 12743 0
3995 18720 12703 0
3996 18678 12796 0
3997 18816 12851 0
3998 18573 12684 0
3999 19051 12828 0
4000 19043 12693 0
4001 18925 12674 0
4002 18920 12786 0
4003 18710 12491 0
4004 18825 12628 0
4005 18788 12572 0
4006 18966 12493 0
4007 19010 12574 0
4008 18812 12486 0
4009 19063 12466 0
4010 19157 12373 0
4011 18898 12330 0
4012 19325 12600 0
4013 19232 12560 0
4014 19207 12450 0
4015 19335 12513 0
4016 18842 12266 0
4017 19016 12284 0
4018 18891 12183 0
4019 18790 12368 0
4020 18666 12324 0
4021 18649 12206 0
4022 19104 12255 0
4023 19032 12375 0
4024 19038 12196 0
4025 19005 12125 0
4026 19454 12595 0
4027 19503 12493 0
4028 19281 12263 0
4029 19323 12327 0
4030 19340 12399 0
4031 19443 12230 0
4032 19520 12270 0
4033 19534 12333 0
4034 19770 12037 0
4035 17934 12186 0
4036 18030 12219 0
4037 17823 12107 0
4038 18054 12077 0
4039 18279 12203 0
4040 18356 12065 0
4041 18227 12009 0
4042 18509 12008 0
4043 18047 11899 0
4044 18258 11924 0
4045 18035 11596 0
4046 18172 11707 0
4047 18059 11792 0
4048 18355 11860 0
4049 18503 11911 0
4050 18236 11781 0
4051 18515 11786 0
4052 18279 11668 0
4053 18572 12114 0
4054 18515 12131 0
4055 18486 12088 0
4056 18696 12015 0
4057 18748 12088 0
4058 18712 11911 0
4059 18985 12019 0
4060 19024 12081 0
4061 18901 12093 0
4062 18822 11911 0
4063 19084 11689 0
4064 18657 11755 0
4065 18770 11861 0
4066 18727 11634 0
4067 18564 11520 0
4068 18561 11568 0
4069 18497 11642 0
4070 18161 11480 0
4071 18236 11524 0
4072 18021 11474 0
4073 18147 11369 0
4074 18439 11496 0
4075 18276 11420 0
4076 18468 11425 0
4077 18375 11562 0
4078 17804 12029 0
4079 18002 11994 0
4080 17906 11894 0
4081 17798 11718 0
4082 17820 11946 0
4083 17808 11765 0
4084 17826 11570 0
4085 17917 11684 0
4086 17913 11546 0
4087 17892 11455 0
4088 19881 13602 0
4089 19955 13608 0
4090 19944 13625 0
4091 19748 13597 0
4092 19878 13528 0
4093 19858 13397 0
4094 19771 13480 0
4095 19978 13352 0
4096 19915 13346 0
4097 19642 13448 0
4098 19699 13585 0
4099 19674 13555 0
4100 19647 13488 0
4101 19599 13459 0
4102 19567 13581 0
4103 20147 13624 0
4104 20262 13596 0
4105 20388 13574 0
4106 20238 13633 0
4107 20251 13693 0
4108 20245 13454 0
4109 20287 13538 0
4110 20112 13524 0
4111 20424 13348 0
4112 20012 13420 0
4113 19921 13312 0
4114 20097 13312 0
4115 20047 13307 0
4116 20166 13329 0
4117 20365 13255 0
4118 20154 13266 0
4119 20138 13178 0
4120 20092 13215 0
4121 19966 13261 0
4122 20035 13170 0
4123 19670 13164 0
4124 19858 13340 0
4125 19796 13192 0
4126 19807 13141 0
4127 19814 13040 0
4128 19727 13078 0
4129 19610 13023 0
4130 19489 13098 0
4131 19505 13010 0
4132 19528 13061 0
4133 19465 13232 0
4134 19534 13187 0
4135 19465 13323 0
4136 19528 13238 0
4137 19585 13190 0
4138 19567 13379 0
4139 19606 13395 0
4140 19687 13369 0
4141 19630 13283 0
4142 19682 13340 0
4143 19739 13369 0
4144 19710 12969 0
4145 19648 12852 0
4146 19784 12805 0
4147 19921 12891 0
4148 19859 13004 0
4149 19820 12919 0
4150 19915 12845 0
4151 19833 12866 0
4152 19767 12862 0
4153 19927 13022 0
4154 19847 13050 0
4155 19862 13094 0
4156 20041 13113 0
4157 20136 12835 0
4158 20193 12939 0
4159 20020 12952 0
4160 20073 13014 0
4161 19747 12756 0
4162 19670 12753 0
4163 19591 12703 0
4164 19723 12692 0
4165 19431 12595 0
4166 19488 12743 0
4167 19549 12587 0
4168 36332 7944 0
4169 19874 12659 0
4170 19950 12722 0
4171 20177 12749 0
4172 19864 12731 0
4173 20143 12708 0
4174 20466 12692 0
4175 20341 12752 0
4176 20236 12680 0
4177 20564 12902 0
4178 20540 12825 0
4179 20440 12915 0
4180 20271 12847 0
4181 20676 12818 0
4182 20627 12811 0
4183 20416 13032 0
4184 20490 13152 0
4185 20217 13078 0
4186 20336 13192 0
4187 20318 13010 0
4188 20333 12940 0
4189 20723 13010 0
4190 20701 13073 0
4191 20707 12900 0
4192 20730 12837 0
4193 20917 12970 0
4194 21099 12919 0
4195 21172 12949 0
4196 20649 12680 0
4197 20806 12602 0
4198 20987 12735 0
4199 20717 12721 0
4200 20832 12697 0
4201 20723 12578 0
4202 20871 12646 0
4203 20968 12805 0
4204 21217 12647 0
4205 21145 12765 0
4206 21024 12596 0
4207 21099 12731 0
4208 21230 12760 0
4209 21076 12572 0
4210 21156 12515 0
4211 21378 12691 0
4212 21415 12638 0
4213 21316 12520 0
4214 21327 12538 0
4215 1458 9360 0
4216 21514 12538 0
4217 21615 12644 0
4218 21372 12743 0
4219 21623 12868 0
4220 21649 12833 0
4221 21540 12322 0
4222 21412 12338 0
4223 21345 12343 0
4224 21507 12426 0
4225 21703 12458 0
4226 21771 12384 0
4227 21834 12602 0
4228 21731 12731 0
4229 21699 12707 0
4230 21919 12646 0
4231 21962 12448 0
4232 22118 12486 0
4233 21862 12817 0
4234 22021 12549 0
4235 21969 12515 0
4236 20450 13579 0
4237 20593 13661 0
4238 20433 13437 0
4239 20681 13239 0
4240 20558 13306 0
4241 20787 13145 0
4242 20866 13175 0
4243 25618 11519 0
4244 20438 13283 0
4245 20752 13073 0
4246 20815 13039 0
4247 20860 13636 0
4248 20793 13694 0
4249 20604 13557 0
4250 20940 13659 0
4251 20951 13579 0
4252 21062 13680 0
4253 21202 13631 0
4254 20922 13614 0
4255 21235 13820 0
4256 20595 13467 0
4257 20786 13491 0
4258 20718 13454 0
4259 21520 13152 0
4260 20918 13130 0
4261 21054 13090 0
4262 21229 13128 0
4263 21048 13392 0
4264 21344 13665 0
4265 21009 13484 0
4266 21238 13553 0
4267 20919 13224 0
4268 21298 13236 0
4269 20923 13278 0
4270 21071 13266 0
4271 21230 13022 0
4272 21327 13397 0
4273 20984 13167 0
4274 21811 13540 0
4275 21354 13577 0
4276 19615 12367 0
4277 19591 12542 0
4278 19683 12497 0
4279 19676 12417 0
4280 19824 12344 0
4281 19635 12307 0
4282 19767 12538 0
4283 19893 12569 0
4284 19909 12452 0
4285 20177 12529 0
4286 19989 12458 0
4287 20103 12452 0
4288 20228 12532 0
4289 20219 12573 0
4290 19977 12580 0
4291 20072 12674 0
4292 20268 12549 0
4293 19864 12412 0
4294 19944 12407 0
4295 20003 12353 0
4296 20131 12412 0
4297 20085 12359 0
4298 20080 12276 0
4299 19942 12259 0
4300 19932 12321 0
4301 20064 12199 0
4302 19990 12177 0
4303 20221 12005 0
4304 20073 12106 0
4305 20183 12111 0
4306 20255 12194 0
4307 20245 12107 0
4308 20371 11883 0
4309 20478 11847 0
4310 20570 11946 0
4311 20493 12019 0
4312 20772 11835 0
4313 20490 11576 0
4314 20600 11671 0
4315 20564 11880 0
4316 20297 11496 0
4317 20381 11532 0
4318 20416 11439 0
4319 19736 11716 0
4320 19805 11875 0
4321 20493 12652 0
4322 20364 12582 0
4323 20365 12600 0
4324 20359 12452 0
4325 20507 12532 0
4326 20538 12479 0
4327 20446 12418 0
4328 20399 12441 0
4329 20581 12532 0
4330 20678 12572 0
4331 20727 12527 0
4332 20849 12477 0
4333 20664 12226 0
4334 20361 12425 0
4335 20707 12169 0
4336 20797 12378 0
4337 20627 12333 0
4338 20531 12443 0
4339 20894 12299 0
4340 20832 12270 0
4341 20701 12196 0
4342 20701 12270 0
4343 21899 5628 0
4344 20934 12449 0
4345 21086 12438 0
4346 20832 12412 0
4347 20941 12376 0
4348 21184 12353 0
4349 21200 12263 0
4350 21019 12264 0
4351 21145 12196 0
4352 21225 12151 0
4353 20911 12082 0
4354 1904 5274 0
4355 21078 12119 0
4356 21054 12145 0
4357 20943 12239 0
4358 21204 11912 0
4359 21164 12075 0
4360 21248 11998 0
4361 21402 12018 0
4362 21387 12151 0
4363 21370 12232 0
4364 21744 12260 0
4365 21633 12221 0
4366 21185 11917 0
4367 21840 12212 0
4368 21526 12082 0
4369 21673 12109 0
4370 21759 12111 0
4371 21329 11940 0
4372 21002 11701 0
4373 21224 11872 0
4374 21304 11729 0
4375 21310 11860 0
4376 21048 11769 0
4377 21529 11925 0
4378 20917 11781 0
4379 21059 11633 0
4380 21748 11968 0
4381 21658 11935 0
4382 21680 12003 0
4383 21140 11836 0
4384 21310 11729 0
4385 21129 11747 0
4386 21372 11570 0
4387 21252 11620 0
4388 21259 11665 0
4389 21118 11645 0
4390 21372 11650 0
4391 21281 11405 0
4392 21310 11553 0
4393 21083 11819 0
4394 21185 11553 0
4395 21755 11516 0
4396 21668 11602 0
4397 21532 11530 0
4398 21782 11399 0
4399 21475 11217 0
4400 21623 11200 0
4401 20989 12036 0
4402 21002 12089 0
4403 21497 11990 0
4404 20947 11887 0
4405 21037 11834 0
4406 20353 11302 0
4407 22397 11169 0
4408 23392 11914 0
4409 22467 11206 0
4410 21845 11998 0
4411 21850 11949 0
4412 21822 11940 0
4413 22101 11940 0
4414 22105 11896 0
4415 22108 11833 0
4416 21874 11737 0
4417 21814 11813 0
4418 22050 11860 0
4419 21885 11428 0
4420 22183 11789 0
4421 21844 11588 0
4422 22046 11694 0
4423 21999 11502 0
4424 21907 11498 0
4425 22326 11505 0
4426 22170 11557 0
4427 22209 11422 0
4428 22363 11763 0
4429 22728 11859 0
4430 22835 11602 0
4431 23311 11763 0
4432 22461 11996 0
4433 22217 11894 0
4434 23090 11894 0
4435 22958 11871 0
4436 23300 11914 0
4437 23479 11884 0
4438 23426 11967 0
4439 23368 11666 0
4440 23105 11685 0
4441 23067 11556 0
4442 23523 11709 0
4443 23491 11576 0
4444 23665 11499 0
4445 23312 11549 0
4446 22723 11427 0
4447 22409 11354 0
4448 22752 11515 0
4449 22953 11324 0
4450 22896 11427 0
4451 23145 11405 0
4452 22767 11308 0
4453 23334 11384 0
4454 22898 10981 0
4455 22858 11069 0
4456 23304 11246 0
4457 22808 11168 0
4458 22822 10915 0
4459 23049 11054 0
4460 22835 10632 0
4461 22722 10632 0
4462 23071 10897 0
4463 22943 10603 0
4464 22761 11041 0
4465 22732 11022 0
4466 22769 11112 0
4467 22700 10966 0
4468 22665 10900 0
4469 22655 10792 0
4470 22642 10824 0
4471 22647 10848 0
4472 22664 10753 0
4473 22642 10692 0
4474 22722 10534 0
4475 23412 11224 0
4476 23484 11408 0
4477 23695 11234 0
4478 23738 11011 0
4479 23660 11082 0
4480 23706 11343 0
4481 23598 10881 0
4482 23989 10800 0
4483 23476 10766 0
4484 24103 10598 0
4485 23943 10571 0
4486 23811 10687 0
4487 24032 10531 0
4488 21481 13665 0
4489 21418 13561 0
4490 21668 13666 0
4491 21629 13500 0
4492 21479 13402 0
4493 21799 13483 0
4494 21689 13388 0
4495 22351 13754 0
4496 22075 13547 0
4497 22079 13863 0
4498 22117 13858 0
4499 21711 13595 0
4500 21995 13503 0
4501 22156 13507 0
4502 21414 12866 0
4503 21407 13016 0
4504 21640 12982 0
4505 21532 12891 0
4506 21887 12919 0
4507 21717 12994 0
4508 21708 13249 0
4509 21498 13312 0
4510 22113 13138 0
4511 21867 13156 0
4512 22004 13027 0
4513 22175 13010 0
4514 22465 13335 0
4515 22337 13119 0
4516 22488 12498 0
4517 22391 12621 0
4518 22835 12469 0
4519 22531 12380 0
4520 22106 12728 0
4521 22157 12855 0
4522 22288 12837 0
4523 22392 12918 0
4524 22653 13024 0
4525 22596 12691 0
4526 22647 12817 0
4527 23046 12874 0
4528 23063 12839 0
4529 22907 13315 0
4530 22704 13152 0
4531 23277 12945 0
4532 23208 13102 0
4533 23583 14972 0
4534 22179 15979 0
4535 22188 15086 0
4536 22437 15196 0
4537 24344 15287 0
4538 24742 15640 0
4539 24276 14860 0
4540 22849 14858 0
4541 23164 14498 0
4542 23849 14517 0
4543 23558 14621 0
4544 23017 14520 0
4545 23179 14811 0
4546 22203 14484 0
4547 22534 14678 0
4548 21964 14440 0
4549 22079 14308 0
4550 22911 14134 0
4551 22624 13853 0
4552 22471 14092 0
4553 23222 14207 0
4554 32353 13020 0
4555 22440 14246 0
4556 22625 14371 0
4557 22290 14048 0
4558 21930 14109 0
4559 22255 13910 0
4560 23016 13852 0
4561 22799 14226 0
4562 22734 13802 0
4563 22995 13676 0
4564 23193 13632 0
4565 23200 13953 0
4566 22700 13646 0
4567 22863 13454 0
4568 22295 13475 0
4569 23026 13437 0
4570 22906 13207 0
4571 23229 13260 0
4572 23689 13944 0
4573 23513 13739 0
4574 23501 13974 0
4575 23497 14150 0
4576 23674 14288 0
4577 23271 13482 0
4578 25155 14696 0
4579 23728 14151 0
4580 24133 14160 0
4581 24628 14274 0
4582 24361 13830 0
4583 24660 14046 0
4584 24033 13942 0
4585 23968 13722 0
4586 24338 13619 0
4587 23906 13767 0
4588 24033 12734 0
4589 23666 13312 0
4590 24110 13226 0
4591 23456 13146 0
4592 23877 12895 0
4593 23839 12523 0
4594 24720 13710 0
4595 24225 13605 0
4596 24128 13372 0
4597 23615 12919 0
4598 23536 12755 0
4599 23209 12667 0
4600 23034 12543 0
4601 23123 12409 0
4602 23421 12517 0
4603 23348 12326 0
4604 24051 11988 0
4605 23906 12093 0
4606 23652 12163 0
4607 23792 12196 0
4608 23643 12228 0
4609 23824 12358 0
4610 25536 14074 0
4611 25390 13592 0
4612 25243 13381 0
4613 26428 14025 0
4614 26094 14629 0
4615 28171 14162 0
4616 26968 13827 0
4617 26312 14917 0
4618 26740 14335 0
4619 27718 13470 0
4620 28316 13240 0
4621 32904 14862 0
4622 32205 15291 0
4623 28153 14776 0
4624 24997 10204 0
4625 34818 14729 0
4626 34254 14422 0
4627 36304 15276 0
4628 36051 14965 0
4629 36668 13989 0
4630 36286 13630 0
4631 30564 13660 0
4632 29495 13754 0
4633 28718 14028 0
4634 31372 13208 0
4635 31825 13215 0
4636 33472 13629 0
4637 32627 13712 0
4638 33727 12333 0
4639 34203 13101 0
4640 33921 13469 0
4641 33529 13347 0
4642 34647 13295 0
4643 34682 13039 0
4644 36102 13165 0
4645 35245 12464 0
4646 23715 12041 0
4647 23701 12101 0
4648 23558 12117 0
4649 23652 11966 0
4650 23439 12064 0
4651 23295 12217 0
4652 23418 12011 0
4653 37271 4693 0
4654 23684 11835 0
4655 23656 11903 0
4656 23837 11762 0
4657 23798 11732 0
4658 24180 11847 0
4659 24206 11935 0
4660 24099 11880 0
4661 23962 11746 0
4662 24054 11790 0
4663 24170 11664 0
4664 23908 11531 0
4665 23819 11644 0
4666 23721 11713 0
4667 23799 11393 0
4668 24105 11587 0
4669 24236 11479 0
4670 24540 11335 0
4671 24730 11353 0
4672 24842 11425 0
4673 23907 11136 0
4674 23939 11289 0
4675 23868 11047 0
4676 24102 11019 0
4677 24576 11242 0
4678 24054 11177 0
4679 24071 11369 0
4680 24323 11281 0
4681 24338 11195 0
4682 24663 11170 0
4683 24535 10801 0
4684 24332 11023 0
4685 24822 11009 0
4686 24979 10868 0
4687 24112 10743 0
4688 24152 10634 0
4689 24120 10878 0
4690 24312 10752 0
4691 24789 10370 0
4692 24454 10405 0
4693 24784 10624 0
4694 24621 10279 0
4695 24985 10503 0
4696 25253 10617 0
4697 24835 10170 0
4698 25103 10245 0
4699 25308 10469 0
4700 25441 10191 0
4701 25127 10158 0
4702 25585 10038 0
4703 25472 11202 0
4704 25208 10978 0
4705 25178 11227 0
4706 25082 11504 0
4707 23374 9479 0
4708 23298 9392 0
4709 23140 9910 0
4710 22844 10253 0
4711 23500 9308 0
4712 23254 10531 0
4713 24191 9623 0
4714 23989 10275 0
4715 23769 9530 0
4716 23614 10169 0
4717 24058 9193 0
4718 24412 10061 0
4719 24235 10228 0
4720 24378 9999 0
4721 24456 9980 0
4722 25273 9789 0
4723 24908 9917 0
4724 24995 10038 0
4725 25006 9929 0
4726 25115 9750 0
4727 25260 9508 0
4728 24999 9516 0
4729 24316 8899 0
4730 25152 9310 0
4731 24444 8937 0
4732 23896 8754 0
4733 24577 8519 0
4734 23688 8984 0
4735 23557 8931 0
4736 23819 9046 0
4737 26435 13020 0
4738 24600 12701 0
4739 25796 12890 0
4740 26523 13547 0
4741 26156 13509 0
4742 26761 12246 0
4743 27499 12237 0
4744 27786 13111 0
4745 28081 12884 0
4746 26990 11880 0
4747 27463 12055 0
4748 25564 12022 0
4749 25382 12167 0
4750 26262 12309 0
4751 24748 12195 0
4752 26574 11983 0
4753 25247 12000 0
4754 26500 12196 0
4755 26008 11837 0
4756 26309 11800 0
4757 26095 11660 0
4758 26467 11813 0
4759 26672 11888 0
4760 26823 11997 0
4761 25616 11379 0
4762 25655 11623 0
4763 25895 11651 0
4764 26411 11609 0
4765 26828 11572 0
4766 26522 11128 0
4767 26928 11450 0
4768 26172 11236 0
4769 25623 11179 0
4770 26142 11030 0
4771 25707 10980 0
4772 26088 10727 0
4773 26545 11203 0
4774 26433 10979 0
4775 26700 11052 0
4776 26485 10759 0
4777 25908 10455 0
4778 26218 10421 0
4779 26148 10124 0
4780 26837 11365 0
4781 27047 11053 0
4782 27003 11324 0
4783 27317 11105 0
4784 26980 10710 0
4785 26736 10603 0
4786 27060 10844 0
4787 26920 11045 0
4788 26652 10385 0
4789 26812 10837 0
4790 27476 10766 0
4791 27107 10736 0
4792 27322 10784 0
4793 27222 10369 0
4794 27045 10583 0
4795 27544 10587 0
4796 27591 10370 0
4797 27577 10232 0
4798 27503 9948 0
4799 27764 10179 0
4800 27878 10022 0
4801 27873 10270 0
4802 28071 10041 0
4803 28032 10220 0
4804 28309 10082 0
4805 28293 9905 0
4806 28370 9759 0
4807 28426 10059 0
4808 28505 9656 0
4809 28552 10055 0
4810 28562 9857 0
4811 28800 9907 0
4812 28725 9958 0
4813 28778 9684 0
4814 29022 9647 0
4815 28869 10120 0
4816 29240 9989 0
4817 29418 10297 0
4818 28107 9572 0
4819 28355 9599 0
4820 28124 9395 0
4821 27024 10104 0
4822 26595 10211 0
4823 26947 10170 0
4824 27088 10386 0
4825 27309 10195 0
4826 27010 9925 0
4827 27472 10112 0
4828 27152 9667 0
4829 27359 9771 0
4830 27586 9973 0
4831 27817 9913 0
4832 27715 9711 0
4833 27316 9614 0
4834 27594 9585 0
4835 27310 9475 0
4836 27797 9232 0
4837 27795 9556 0
4838 27968 9646 0
4839 27994 9779 0
4840 27482 9006 0
4841 27172 9366 0
4842 27599 9282 0
4843 27353 9148 0
4844 27714 9140 0
4845 26521 10005 0
4846 26464 10330 0
4847 26712 9868 0
4848 26831 9635 0
4849 26984 9751 0
4850 26615 9843 0
4851 26883 9877 0
4852 26928 9657 0
4853 26910 9460 0
4854 26904 9382 0
4855 27128 9522 0
4856 26945 9202 0
4857 27096 9142 0
4858 27014 8957 0
4859 27152 9005 0
4860 26979 8906 0
4861 27566 8472 0
4862 27954 9125 0
4863 27670 8972 0
4864 27617 8867 0
4865 27357 8824 0
4866 27571 8302 0
4867 27455 8301 0
4868 27465 8508 0
4869 27640 8490 0
4870 27431 8680 0
4871 27249 8587 0
4872 27275 8735 0
4873 27174 8991 0
4874 27131 8578 0
4875 27269 8285 0
4876 27307 8242 0
4877 29052 8348 0
4878 27665 8007 0
4879 27701 8186 0
4880 27750 8011 0
4881 27800 8068 0
4882 26877 7927 0
4883 27923 10461 0
4884 27874 10363 0
4885 28614 10315 0
4886 28900 10266 0
4887 29449 9076 0
4888 29305 9001 0
4889 29559 9099 0
4890 29569 9210 0
4891 29397 9768 0
4892 29439 9528 0
4893 29324 9402 0
4894 29324 9305 0
4895 29598 9418 0
4896 29282 9868 0
4897 29572 9689 0
4898 29487 10142 0
4899 29558 9970 0
4900 29681 8921 0
4901 29728 8686 0
4902 29241 9300 0
4903 29971 8712 0
4904 29896 8772 0
4905 29768 9010 0
4906 29892 9098 0
4907 30156 8803 0
4908 30116 8700 0
4909 29842 7984 0
4910 29780 8789 0
4911 29791 8230 0
4912 29694 9197 0
4913 30069 9512 0
4914 30150 9244 0
4915 30317 9025 0
4916 30444 8879 0
4917 30045 9234 0
4918 30461 9119 0
4919 30598 8939 0
4920 30511 8760 0
4921 30541 8513 0
4922 30157 8552 0
4923 30403 8689 0
4924 30454 8545 0
4925 30643 8706 0
4926 30643 9515 0
4927 30554 9439 0
4928 30530 9715 0
4929 30252 9643 0
4930 30674 9580 0
4931 30481 9385 0
4932 30834 8849 0
4933 30647 9055 0
4934 30788 8968 0
4935 30816 8603 0
4936 30899 8564 0
4937 30585 8357 0
4938 30781 8410 0
4939 30435 8314 0
4940 30478 8189 0
4941 30306 7307 0
4942 30224 7410 0
4943 30132 7419 0
4944 30049 7535 0
4945 29934 7767 0
4946 29970 7797 0
4947 30130 7629 0
4948 30195 7752 0
4949 29984 7901 0
4950 31539 7642 0
4951 31078 7312 0
4952 31528 7557 0
4953 31682 7732 0
4954 31916 7731 0
4955 30128 6946 0
4956 30466 6749 0
4957 30228 7133 0
4958 30122 7254 0
4959 30401 7266 0
4960 30486 6697 0
4961 30541 6932 0
4962 29621 7671 0
4963 29765 7538 0
4964 29539 7613 0
4965 29999 7047 0
4966 29718 7420 0
4967 30326 6637 0
4968 29585 7325 0
4969 23740 8581 0
4970 30721 6455 0
4971 30622 6400 0
4972 30819 6413 0
4973 31028 6310 0
4974 31053 6368 0
4975 31266 6344 0
4976 31235 6270 0
4977 31460 6252 0
4978 31596 6395 0
4979 31523 7103 0
4980 31653 6893 0
4981 31614 7252 0
4982 31751 7394 0
4983 31038 7207 0
4984 31190 6946 0
4985 31121 7187 0
4986 31644 7443 0
4987 32148 6561 0
4988 32105 6777 0
4989 32028 6821 0
4990 32655 7301 0
4991 32406 7038 0
4992 32353 7249 0
4993 32154 6938 0
4994 32456 6652 0
4995 31619 6196 0
4996 32261 6197 0
4997 31945 6217 0
4998 32071 6094 0
4999 31726 6221 0
5000 32590 6075 0
5001 32416 6217 0
5002 32664 6135 0
5003 32836 6199 0
5004 32974 6993 0
5005 32985 7335 0
5006 32833 6785 0
5007 33258 6788 0
5008 32820 6293 0
5009 33896 7050 0
5010 33518 6978 0
5011 34104 6805 0
5012 32168 8890 0
5013 32270 9162 0
5014 32531 8655 0
5015 32057 8342 0
5016 31858 8149 0
5017 32446 8286 0
5018 32649 8405 0
5019 32694 7904 0
5020 32601 8085 0
5021 32137 7750 0
5022 30713 12870 0
5023 30577 12352 0
5024 31670 12777 0
5025 29530 12515 0
5026 29626 13357 0
5027 31676 10664 0
5028 31872 10661 0
5029 31812 10880 0
5030 31860 10527 0
5031 31846 10781 0
5032 31948 10644 0
5033 31896 10986 0
5034 31913 10796 0
5035 31675 10899 0
5036 32559 12025 0
5037 32396 12051 0
5038 32319 11661 0
5039 31828 10251 0
5040 32065 10185 0
5041 32172 9825 0
5042 31750 10033 0
5043 31816 9879 0
5044 29683 11751 0
5045 30264 11118 0
5046 30240 11324 0
5047 30603 11486 0
5048 30463 11303 0
5049 31552 9836 0
5050 31698 9812 0
5051 30889 9629 0
5052 31482 9680 0
5053 30923 9283 0
5054 31308 9939 0
5055 31248 9790 0
5056 30597 9884 0
5057 30823 9945 0
5058 31128 9897 0
5059 30666 10346 0
5060 30455 10218 0
5061 30834 10341 0
5062 31453 11144 0
5063 31665 11077 0
5064 31287 11095 0
5065 31279 11192 0
5066 31518 11069 0
5067 31203 10963 0
5068 31573 10816 0
5069 31469 11229 0
5070 31413 10620 0
5071 31407 10738 0
5072 31615 10620 0
5073 31327 10724 0
5074 31137 10709 0
5075 31121 10616 0
5076 31458 10536 0
5077 31039 10862 0
5078 31373 10326 0
5079 31103 10502 0
5080 31139 10261 0
5081 31301 10203 0
5082 31376 10499 0
5083 31001 10455 0
5084 31216 10027 0
5085 35672 6788 0
5086 30742 11798 0
5087 32568 12472 0
5088 31380 12350 0
5089 29858 11998 0
5090 32120 11035 0
5091 32114 10773 0
5092 32297 10729 0
5093 32195 10723 0
5094 32284 10805 0
5095 32234 10839 0
5096 31989 11105 0
5097 32079 10929 0
5098 32061 10847 0
5099 31629 10369 0
5100 31826 10366 0
5101 31551 10196 0
5102 31701 10242 0
5103 31630 10497 0
5104 31532 10024 0
5105 31811 10497 0
5106 33172 12811 0
5107 32492 13390 0
5108 33488 12606 0
5109 32810 12111 0
5110 29449 11449 0
5111 29921 11188 0
5112 29420 11050 0
5113 30953 11243 0
5114 34096 6600 0
5115 31024 11541 0
5116 30943 10985 0
5117 31758 11438 0
5118 31627 11205 0
5119 32121 11412 0
5120 32169 11325 0
5121 31909 11432 0
5122 31765 11326 0
5123 31831 11495 0
5124 32039 11289 0
5125 31238 11841 0
5126 31136 11413 0
5127 31329 11427 0
5128 31116 11213 0
5129 31488 11987 0
5130 30879 10648 0
5131 30327 10714 0
5132 30549 10801 0
5133 30215 10581 0
5134 30919 10744 0
5135 30293 10843 0
5136 30589 10591 0
5137 30491 10633 0
5138 30362 10410 0
5139 29950 10552 0
5140 29165 10571 0
5141 29546 10667 0
5142 28367 10604 0
5143 29525 10475 0
5144 28535 11023 0
5145 27707 10841 0
5146 29381 10406 0
5147 27218 11648 0
5148 27993 12284 0
5149 28666 12564 0
5150 27913 12008 0
5151 27849 11582 0
5152 29070 12262 0
5153 28777 12016 0
5154 30224 10015 0
5155 29876 10199 0
5156 30340 9833 0
5157 32028 10569 0
5158 32079 10670 0
5159 32262 10705 0
5160 32123 10486 0
5161 32294 10567 0
5162 32148 10579 0
5163 32288 10505 0
5164 32047 10352 0
5165 31578 11720 0
5166 31903 12082 0
5167 31521 11445 0
5168 31642 11565 0
5169 31956 11784 0
5170 31755 11640 0
5171 31455 11621 0
5172 32769 11746 0
5173 32871 11917 0
5174 33019 11803 0
5175 33213 12105 0
5176 33087 11843 0
5177 32917 11462 0
5178 32831 11547 0
5179 32729 11536 0
5180 32717 11758 0
5181 32854 11513 0
5182 32979 11633 0
5183 32991 11536 0
5184 33065 11467 0
5185 33031 11206 0
5186 33099 11371 0
5187 33110 11217 0
5188 32883 11183 0
5189 32877 11376 0
5190 32957 11228 0
5191 33567 11142 0
5192 33680 11177 0
5193 33370 11086 0
5194 33635 11234 0
5195 34613 12134 0
5196 34588 12386 0
5197 34704 12226 0
5198 34283 11547 0
5199 34015 11462 0
5200 33951 11295 0
5201 34113 11363 0
5202 34287 11266 0
5203 34390 11288 0
5204 34289 11231 0
5205 34295 11304 0
5206 34406 11440 0
5207 33366 10084 0
5208 33934 11221 0
5209 33828 11052 0
5210 33799 11206 0
5211 33892 11106 0
5212 33751 11245 0
5213 33206 10950 0
5214 33212 10893 0
5215 33321 10809 0
5216 33416 10917 0
5217 33308 10887 0
5218 33645 11014 0
5219 33569 11036 0
5220 33732 11069 0
5221 34481 11678 0
5222 34385 11507 0
5223 34484 11877 0
5224 34404 11739 0
5225 34425 11899 0
5226 34351 11570 0
5227 34291 11387 0
5228 34044 11319 0
5229 34217 11181 0
5230 34089 11166 0
5231 32587 9919 0
5232 33110 10311 0
5233 18229 11018 0
5234 18228 11116 0
5235 18148 10950 0
5236 18340 11105 0
5237 18506 11122 0
5238 18062 11110 0
5239 18115 11274 0
5240 18118 11230 0
5241 18411 11183 0
5242 17994 10813 0
5243 17852 10949 0
5244 17977 10908 0
5245 17751 10786 0
5246 17776 10603 0
5247 17620 10485 0
5248 17693 10343 0
5249 18542 10930 0
5250 18173 10687 0
5251 18038 10647 0
5252 19113 11394 0
5253 19313 11400 0
5254 19278 11309 0
5255 19187 11384 0
5256 18676 11267 0
5257 18668 11240 0
5258 19192 11337 0
5259 18930 11149 0
5260 19648 11307 0
5261 19619 11411 0
5262 19602 11170 0
5263 18794 10893 0
5264 19386 10985 0
5265 18983 11297 0
5266 11268 4272 0
5267 19624 10721 0
5268 18273 10449 0
5269 19679 9739 0
5270 18838 9742 0
5271 19398 11350 0
5272 19675 10216 0
5273 18418 10105 0
5274 18686 10424 0
5275 19594 11380 0
5276 18438 10707 0
5277 9864 8194 0
5278 18407 14376 0
5279 19869 11350 0
5280 19744 11395 0
5281 19775 11291 0
5282 19928 11250 0
5283 19883 10810 0
5284 19982 10971 0
5285 20218 10915 0
5286 20270 10775 0
5287 20385 10846 0
5288 20780 10641 0
5289 20975 10645 0
5290 21515 10790 0
5291 21314 10673 0
5292 21218 10186 0
5293 21773 8894 0
5294 20780 10542 0
5295 20430 10232 0
5296 20168 10400 0
5297 20257 9862 0
5298 19548 13441 0
5299 20621 9668 0
5300 22250 10606 0
5301 22296 10719 0
5302 22167 10642 0
5303 22211 10671 0
5304 22314 10597 0
5305 22157 10573 0
5306 22132 10701 0
5307 21962 10658 0
5308 21621 10749 0
5309 21766 10034 0
5310 22375 10604 0
5311 22419 10683 0
5312 22503 10599 0
5313 21637 9801 0
5314 21478 10552 0
5315 21862 10511 0
5316 22071 9843 0
5317 22258 10258 0
5318 22227 10480 0
5319 22210 10278 0
5320 22151 10465 0
5321 22300 9697 0
5322 22394 10053 0
5323 22428 9956 0
5324 22361 10120 0
5325 22512 10080 0
5326 22588 9903 0
5327 22343 10301 0
5328 17654 10207 0
5329 17262 9947 0
5330 17066 9202 0
5331 17098 9053 0
5332 17615 8712 0
5333 17413 8897 0
5334 17449 9394 0
5335 21093 12082 0
5336 17938 9634 0
5337 17534 9642 0
5338 16850 8808 0
5339 16945 8964 0
5340 16978 8655 0
5341 16939 8878 0
5342 17017 8862 0
5343 16949 8728 0
5344 17027 8969 0
5345 17194 8842 0
5346 17406 8595 0
5347 17040 8612 0
5348 17161 8663 0
5349 17837 8523 0
5350 17479 8718 0
5351 17530 8829 0
5352 17648 8603 0
5353 18085 8408 0
5354 18201 8587 0
5355 18084 8670 0
5356 17842 8813 0
5357 18462 9002 0
5358 18345 8844 0
5359 18622 8867 0
5360 18803 8947 0
5361 22246 9078 0
5362 18958 9300 0
5363 18969 8807 0
5364 18858 8753 0
5365 19125 8597 0
5366 19588 8766 0
5367 19732 8966 0
5368 19336 9088 0
5369 20069 9546 0
5370 19802 8719 0
5371 20235 8823 0
5372 21798 9592 0
5373 20695 8126 0
5374 20441 8213 0
5375 20571 8303 0
5376 21188 8759 0
5377 20937 8236 0
5378 20910 8730 0
5379 20580 8732 0
5380 20370 8836 0
5381 21214 9100 0
5382 20597 9231 0
5383 22356 8832 0
5384 22517 8644 0
5385 22693 9017 0
5386 22484 8286 0
5387 22381 8699 0
5388 22347 8295 0
5389 22716 9591 0
5390 22658 9684 0
5391 22180 9597 0
5392 22405 9586 0
5393 22486 9071 0
5394 22200 8664 0
5395 21895 8471 0
5396 22129 8464 0
5397 21542 8273 0
5398 21453 8757 0
5399 21690 8139 0
5400 22348 7987 0
5401 22072 7756 0
5402 22201 7626 0
5403 22677 7737 0
5404 23313 8773 0
5405 23164 8881 0
5406 22988 8838 0
5407 23491 8601 0
5408 22992 8500 0
5409 23134 8386 0
5410 22880 8713 0
5411 22753 8399 0
5412 23124 8678 0
5413 23225 8650 0
5414 24056 8216 0
5415 23038 8060 0
5416 22882 8101 0
5417 23358 8049 0
5418 22598 8079 0
5419 22830 8228 0
5420 22859 7749 0
5421 23409 8259 0
5422 23344 7689 0
5423 23528 7854 0
5424 23814 7409 0
5425 23599 7463 0
5426 23410 7434 0
5427 24010 7775 0
5428 24340 8359 0
5429 24191 8352 0
5430 23787 8315 0
5431 23522 8517 0
5432 16130 8843 0
5433 17073 8442 0
5434 17183 8518 0
5435 17169 8362 0
5436 17345 8327 0
5437 17588 8386 0
5438 17794 8281 0
5439 17685 8148 0
5440 17325 8097 0
5441 17502 8072 0
5442 17232 8265 0
5443 17658 7816 0
5444 17867 7674 0
5445 16916 8585 0
5446 17619 7992 0
5447 17811 7804 0
5448 18350 7779 0
5449 17969 7745 0
5450 18383 7751 0
5451 18668 8228 0
5452 17901 7941 0
5453 18176 7919 0
5454 18204 8149 0
5455 18370 8213 0
5456 17959 8071 0
5457 18655 8465 0
5458 18404 8619 0
5459 18759 8616 0
5460 18925 8514 0
5461 18290 8411 0
5462 18229 8309 0
5463 18786 7808 0
5464 18651 7745 0
5465 18526 7705 0
5466 18500 7843 0
5467 18543 8280 0
5468 18725 8348 0
5469 18742 7784 0
5470 18936 7869 0
5471 18868 7830 0
5472 18765 8230 0
5473 18846 8248 0
5474 18802 7971 0
5475 18986 7876 0
5476 19006 8048 0
5477 19104 8420 0
5478 18969 8391 0
5479 19067 7881 0
5480 19158 8070 0
5481 19164 8211 0
5482 19278 7906 0
5483 19387 8113 0
5484 19456 7844 0
5485 19386 8047 0
5486 19659 7706 0
5487 19468 7686 0
5488 19518 8017 0
5489 19544 7773 0
5490 19605 7712 0
5491 19686 7800 0
5492 19779 7930 0
5493 19921 8065 0
5494 19227 8332 0
5495 19578 8356 0
5496 19456 8230 0
5497 19565 8161 0
5498 19781 8330 0
5499 19863 8184 0
5500 20149 8487 0
5501 19739 8445 0
5502 19312 8661 0
5503 19637 8597 0
5504 19464 8559 0
5505 19843 8531 0
5506 20152 8238 0
5507 20216 8625 0
5508 20041 8625 0
5509 20349 8482 0
5510 19490 7181 0
5511 19722 7540 0
5512 20080 7794 0
5513 19903 7864 0
5514 19861 7598 0
5515 20291 7409 0
5516 20354 8032 0
5517 19995 7956 0
5518 20388 7482 0
5519 20174 8070 0
5520 20322 8287 0
5521 20963 7796 0
5522 20506 7658 0
5523 20626 7898 0
5524 20764 7967 0
5525 21583 7808 0
5526 21144 7750 0
5527 21269 8201 0
5528 19806 7126 0
5529 19873 7334 0
5530 19979 6843 0
5531 20259 7102 0
5532 20057 7380 0
5533 20470 6797 0
5534 20202 6851 0
5535 12122 7472 0
5536 20439 7198 0
5537 20632 7380 0
5538 20422 6579 0
5539 20288 6601 0
5540 21306 6467 0
5541 20813 6443 0
5542 21453 6461 0
5543 21877 5841 0
5544 21401 6139 0
5545 21674 6332 0
5546 22010 6380 0
5547 21769 6713 0
5548 21465 6964 0
5549 21122 7145 0
5550 21343 6792 0
5551 20884 7472 0
5552 21481 7527 0
5553 21799 7587 0
5554 22147 7512 0
5555 20490 5989 0
5556 20158 6630 0
5557 20519 6385 0
5558 20632 6178 0
5559 20452 5733 0
5560 20143 5332 0
5561 20515 5542 0
5562 20797 5692 0
5563 21023 5593 0
5564 20775 5293 0
5565 20686 5841 0
5566 21138 6242 0
5567 21183 5814 0
5568 21773 5477 0
5569 21428 5321 0
5570 21725 5701 0
5571 21808 5306 0
5572 22197 5737 0
5573 21987 5877 0
5574 22418 5830 0
5575 22266 7196 0
5576 22101 7073 0
5577 22225 7462 0
5578 22315 7375 0
5579 22111 7210 0
5580 22884 6929 0
5581 22699 7521 0
5582 22450 7513 0
5583 23292 6900 0
5584 22629 7247 0
5585 23182 6772 0
5586 23327 6959 0
5587 23240 7518 0
5588 22961 7396 0
5589 23020 6776 0
5590 22047 6920 0
5591 22086 6747 0
5592 23122 6343 0
5593 22387 6678 0
5594 23136 6140 0
5595 23218 6008 0
5596 22905 6673 0
5597 22999 6103 0
5598 22502 6278 0
5599 22270 7018 0
5600 22207 7005 0
5601 22982 6476 0
5602 22177 6659 0
5603 22202 6861 0
5604 23177 6572 0
5605 22383 4146 0
5606 22376 4569 0
5607 22530 4689 0
5608 22457 4794 0
5609 22645 5166 0
5610 22541 5451 0
5611 22286 5378 0
5612 22341 5478 0
5613 22577 4887 0
5614 22508 5234 0
5615 22860 5198 0
5616 23232 5450 0
5617 22974 5273 0
5618 30713 11381 0
5619 23086 5673 0
5620 22928 5438 0
5621 22752 5265 0
5622 22660 5369 0
5623 22516 5909 0
5624 22100 5139 0
5625 22082 5002 0
5626 22294 4997 0
5627 21905 4931 0
5628 21914 5157 0
5629 22202 4729 0
5630 21432 4354 0
5631 21514 4966 0
5632 21284 4774 0
5633 21288 4577 0
5634 20505 4389 0
5635 20210 5060 0
5636 20452 5046 0
5637 21449 5157 0
5638 21001 4954 0
5639 20377 4578 0
5640 20534 4153 0
5641 20860 4481 0
5642 20912 4101 0
5643 20783 3638 0
5644 21111 3545 0
5645 20975 3523 0
5646 20983 3217 0
5647 21239 3310 0
5648 21364 3457 0
5649 21219 3754 0
5650 21453 3978 0
5651 21089 4066 0
5652 21512 3396 0
5653 21637 3509 0
5654 21708 3472 0
5655 21733 3622 0
5656 21997 3644 0
5657 21703 3857 0
5658 21796 4008 0
5659 21513 3790 0
5660 21953 3822 0
5661 22005 4337 0
5662 22048 4211 0
5663 21884 4230 0
5664 22021 4511 0
5665 22112 4336 0
5666 22125 4598 0
5667 22090 3711 0
5668 22078 3955 0
5669 22329 4005 0
5670 22264 4113 0
5671 24117 5243 0
5672 23905 4658 0
5673 23725 4486 0
5674 24083 4653 0
5675 24166 4929 0
5676 24258 5405 0
5677 24065 5448 0
5678 23764 5162 0
5679 23587 5858 0
5680 23792 5729 0
5681 22961 1625 0
5682 24839 5382 0
5683 24942 6635 0
5684 26757 6572 0
5685 12065 971 0
5686 14629 633 0
5687 15600 11610 0
5688 16938 10944 0
5689 17194 10380 0
5690 6177 10729 0
5691 6163 10249 0
5692 6053 10473 0
5693 6602 10527 0
5694 6485 10346 0
5695 6745 10580 0
5696 6990 10614 0
5697 7032 10445 0
5698 7030 10224 0
5699 7517 10405 0
5700 6867 11330 0
5701 7613 10163 0
5702 7741 10160 0
5703 7741 9764 0
5704 7318 10284 0
5705 6958 9938 0
5706 7201 10005 0
5707 7307 10069 0
5708 6983 9748 0
5709 6803 9994 0
5710 7363 9880 0
5711 7662 9647 0
5712 7340 9647 0
5713 7063 9650 0
5714 8009 9288 0
5715 7853 9600 0
5716 8260 9125 0
5717 8538 9172 0
5718 7375 9572 0
5719 7551 9547 0
5720 7089 9468 0
5721 7218 9303 0
5722 7680 9551 0
5723 7348 9297 0
5724 7727 9350 0
5725 7858 9345 0
5726 7707 9464 0
5727 7852 9235 0
5728 7755 9275 0
5729 8100 9092 0
5730 7936 8982 0
5731 7550 9176 0
5732 7632 9294 0
5733 8378 9039 0
5734 8482 8868 0
5735 9020 9532 0
5736 8769 9333 0
5737 8880 9307 0
5738 8757 8794 0
5739 8933 9203 0
5740 8832 9060 0
5741 8788 9123 0
5742 8865 9004 0
5743 8781 8719 0
5744 8895 8686 0
5745 9196 8773 0
5746 8908 8773 0
5747 9279 8879 0
5748 9202 9014 0
5749 9357 8680 0
5750 9304 8470 0
5751 9322 8754 0
5752 9464 8740 0
5753 9515 8103 0
5754 9403 8284 0
5755 9561 8240 0
5756 9660 8096 0
5757 9549 8212 0
5758 9651 8144 0
5759 30916 12549 0
5760 10097 8074 0
5761 9423 9687 0
5762 9739 9711 0
5763 10030 9614 0
5764 10224 9461 0
5765 10636 9276 0
5766 10989 9272 0
5767 10646 9380 0
5768 10811 9331 0
5769 10206 9192 0
5770 9879 9378 0
5771 10073 9948 0
5772 10808 9594 0
5773 31979 10848 0
5774 11479 9190 0
5775 11536 9219 0
5776 11883 9139 0
5777 11581 9230 0
5778 11983 8787 0
5779 12134 8638 0
5780 11946 8946 0
5781 11982 8723 0
5782 11941 8877 0
5783 11911 8536 0
5784 11080 8524 0
5785 11960 8356 0
5786 12283 7707 0
5787 12433 7654 0
5788 12901 7610 0
5789 12100 7956 0
5790 12233 7908 0
5791 26943 791 0
5792 12478 7471 0
5793 12863 7474 0
5794 10527 7663 0
5795 10404 7660 0
5796 10750 7967 0
5797 10233 7538 0
5798 10803 7802 0
5799 10336 7837 0
5800 10188 7992 0
5801 10363 8148 0
5802 10626 8306 0
5803 10150 7513 0
5804 10404 7402 0
5805 9989 7349 0
5806 10223 7230 0
5807 10909 7250 0
5808 10971 6816 0
5809 11111 7622 0
5810 11269 6924 0
5811 11274 8298 0
5812 11182 7966 0
5813 11559 8123 0
5814 11605 8266 0
5815 10971 8290 0
5816 11663 8322 0
5817 10745 8445 0
5818 10731 8272 0
5819 10886 8355 0
5820 11156 8192 0
5821 11397 7844 0
5822 11744 7966 0
5823 11957 8126 0
5824 11393 7352 0
5825 11337 7451 0
5826 10101 6938 0
5827 9909 6737 0
5828 9993 7202 0
5829 10198 7167 0
5830 10085 6866 0
5831 10589 6865 0
5832 8598 7124 0
5833 10453 6532 0
5834 9948 6589 0
5835 10456 6818 0
5836 10842 6830 0
5837 10651 6164 0
5838 10872 6969 0
5839 9822 6578 0
5840 10253 6314 0
5841 10236 6517 0
5842 10121 6113 0
5843 10537 5889 0
5844 10305 5642 0
5845 10799 6005 0
5846 10666 5562 0
5847 10646 6023 0
5848 10913 5918 0
5849 10927 5687 0
5850 10973 5361 0
5851 10855 5274 0
5852 11097 4389 0
5853 13325 4477 0
5854 11035 4824 0
5855 11031 5118 0
5856 11147 4528 0
5857 11173 5252 0
5858 11491 5186 0
5859 11251 5018 0
5860 11474 5042 0
5861 11292 4729 0
5862 11667 4722 0
5863 11690 5251 0
5864 11843 5486 0
5865 11848 4933 0
5866 11330 5971 0
5867 11575 5611 0
5868 11404 6051 0
5869 10973 4090 0
5870 10915 3886 0
5871 10861 3349 0
5872 10826 3405 0
5873 10891 3767 0
5874 10909 3233 0
5875 10642 2552 0
5876 10807 2815 0
5877 10871 3075 0
5878 10800 2949 0
5879 10567 2252 0
5880 10583 1673 0
5881 10636 2781 0
5882 10518 1290 0
5883 12247 4593 0
5884 12182 4828 0
5885 12533 4156 0
5886 12356 4110 0
5887 12731 4196 0
5888 12552 4425 0
5889 12024 4525 0
5890 12621 3195 0
5891 12484 3510 0
5892 12408 3673 0
5893 12736 3401 0
5894 12209 3219 0
5895 11935 3189 0
5896 12171 3005 0
5897 12314 2864 0
5898 12090 2739 0
5899 11862 2779 0
5900 11984 2699 0
5901 11860 2627 0
5902 12238 3944 0
5903 12305 3766 0
5904 12466 3945 0
5905 12229 3635 0
5906 12090 3541 0
5907 11973 3718 0
5908 12099 3885 0
5909 11959 3380 0
5910 12138 4056 0
5911 11866 4332 0
5912 12253 4244 0
5913 11870 4504 0
5914 11547 4332 0
5915 11763 4541 0
5916 11241 4374 0
5917 11596 4524 0
5918 11729 4424 0
5919 11496 4157 0
5920 11456 3896 0
5921 11258 4055 0
5922 11581 3978 0
5923 11807 3985 0
5924 11748 3845 0
5925 11546 3581 0
5926 11774 3585 0
5927 11793 3372 0
5928 11630 3212 0
5929 11327 3463 0
5930 11437 3129 0
5931 11281 3827 0
5932 11368 3612 0
5933 11207 3554 0
5934 10991 3590 0
5935 11034 3324 0
5936 11003 2871 0
5937 10980 2645 0
5938 11365 2363 0
5939 11596 2703 0
5940 10979 2389 0
5941 11343 2702 0
5942 10950 2014 0
5943 11088 535 0
5944 10841 1252 0
5945 10929 993 0
5946 11172 653 0
5947 11561 7002 0
5948 12508 7085 0
5949 12150 6898 0
5950 11480 6597 0
5951 12232 6604 0
5952 32057 9817 0
5953 11267 6333 0
5954 12667 7328 0
5955 11923 8553 0
5956 13415 6847 0
5957 12793 6863 0
5958 13039 7197 0
5959 12929 6239 0
5960 23439 11483 0
5961 12998 7489 0
5962 12378 4864 0
5963 12345 5577 0
5964 12748 5461 0
5965 12856 4857 0
5966 12515 4662 0
5967 13357 5266 0
5968 13444 5597 0
5969 13362 5864 0
5970 13685 6884 0
5971 13620 6365 0
5972 14045 6592 0
5973 13815 6165 0
5974 14764 6369 0
5975 14428 6661 0
5976 14295 6449 0
5977 14761 6516 0
5978 14622 6196 0
5979 14475 6265 0
5980 14613 6101 0
5981 14606 6024 0
5982 14458 5865 0
5983 13965 5867 0
5984 13746 5630 0
5985 14379 5409 0
5986 14154 5548 0
5987 13985 4800 0
5988 13798 4882 0
5989 14128 5267 0
5990 13628 5135 0
5991 13518 4985 0
5992 13769 4692 0
5993 13853 4602 0
5994 14067 4653 0
5995 14202 4874 0
5996 13566 4519 0
5997 13666 4515 0
5998 13424 4640 0
5999 13167 4688 0
6000 38723 5303 0
6001 13391 4377 0
6002 13425 4791 0
6003 13323 4312 0
6004 12964 4278 0
6005 12876 4157 0
6006 12986 4529 0
6007 13272 4037 0
6008 12818 4189 0
6009 13136 3846 0
6010 12851 3452 0
6011 12957 3941 0
6012 12605 3852 0
6013 12663 3647 0
6014 35336 2990 0
6015 35567 3421 0
6016 35700 3651 0
6017 35454 3399 0
6018 35336 3088 0
6019 35129 3325 0
6020 35224 3641 0
6021 34845 3685 0
6022 34927 2820 0
6023 34582 2773 0
6024 34799 2977 0
6025 35264 2832 0
6026 35154 2934 0
6027 34551 2941 0
6028 35024 2339 0
6029 35788 4002 0
6030 35645 4264 0
6031 35303 4369 0
6032 35603 4038 0
6033 35170 4789 0
6034 34776 5256 0
6035 34819 4627 0
6036 34250 4624 0
6037 34702 4062 0
6038 34209 3111 0
6039 33418 3664 0
6040 34356 3110 0
6041 34074 3180 0
6042 34269 3558 0
6043 33716 3978 0
6044 31731 3496 0
6045 32019 3385 0
6046 31909 3659 0
6047 32142 3788 0
6048 32939 5421 0
6049 31771 4032 0
6050 32870 3891 0
6051 32774 3563 0
6052 33733 5685 0
6053 33902 5287 0
6054 33955 4543 0
6055 33294 4540 0
6056 38109 3110 0
6057 38253 2750 0
6058 38539 2731 0
6059 38305 2398 0
6060 37448 1733 0
6061 37861 2224 0
6062 37784 2008 0
6063 37988 2296 0
6064 34886 8672 0
6065 33702 7944 0
6066 26217 11411 0
6067 39725 6851 0
6068 34983 9190 0
6069 36833 8428 0
6070 38017 7329 0
6071 35330 6071 0
6072 34544 6362 0
6073 34712 6566 0
6074 34847 6637 0
6075 11751 7303 0
6076 21593 12591 0
6077 36679 6156 0
6078 37351 5439 0
6079 37237 5969 0
6080 35395 6516 0
6081 20896 12524 0
6082 36077 6434 0
6083 39463 5063 0
6084 38364 6532 0
6085 39706 5608 0
6086 39965 5569 0
6087 1181 4688 0
6088 1170 6162 0
6089 39926 5017 0
6090 23672 11782 0
6091 10858 6151 0
6092 11881 5830 0
6093 3287 6071 0
6094 2303 5479 0
6095 12611 4019 0
6096 9600 10930 0
6097 9537 11241 0
6098 19711 13909 0
6099 21298 3603 0
6100 22317 10130 0
6101 19778 13033 0
6102 19548 13242 0
6103 32263 9857 0
6104 17825 10890 0
6105 21923 9104 0
6106 32557 8327 0
6107 29057 9868 0
6108 20415 11939 0
6109 19730 12615 0
6110 20854 12151 0
6111 19067 13003 0
6112 38321 2839 0
6113 29875 9212 0
6114 16929 8791 0
6115 21778 4593 0
6116 30016 7747 0
6117 30594 7511 0
6118 20984 12171 0
6119 10942 5140 0
6120 35638 7978 0
6121 22314 14487 0
6122 22895 5721 0
6123 20856 12089 0
6124 20904 12131 0
6125 20854 13124 0
6126 21432 9514 0
6127 24379 9397 0
6128 22989 15661 0
6129 22904 15111 0
6130 33162 11123 0
6131 11179 14274 0
6132 10022 13553 0
6133 8647 13062 0
6134 11456 15620 0
6135 7219 16063 0
6136 9521 9616 0
6137 4015 13637 0
6138 447 14832 0
6139 12493 6310 0
6140 32941 4971 0
6141 32200 4669 0
6142 31906 4763 0
6143 33330 5071 0
6144 34563 5089 0
6145 32885 4359 0
6146 26472 12392 0
6147 28705 11525 0
6148 29478 12930 0
6149 18518 9308 0
6150 24663 13164 0
6151 25796 13337 0
6152 25961 12718 0
6153 27380 15565 0
6154 25954 14260 0
6155 27764 15649 0
6156 38752 15441 0
6157 38232 15103 0
6158 33826 13127 0
6159 35214 14649 0
6160 35673 16152 0
6161 35605 15123 0
6162 35137 15350 0
6163 35150 16218 0
6164 34425 15765 0
6165 19362 12917 0
6166 20065 6702 0
6167 12282 13739 0
6168 10568 14495 0
6169 10280 14624 0
6170 10128 12019 0
6171 8582 8900 0
6172 7684 11143 0
6173 6959 10946 0
6174 31033 9526 0
6175 37582 14743 0
6176 37103 15084 0
6177 38473 15795 0
6178 38960 15646 0
6179 22056 5309 0
6180 14063 14963 0
6181 31042 7050 0
6182 25591 10705 0
6183 23354 10670 0
6184 34061 14376 0
6185 33662 13935 0
6186 34550 15560 0
6187 33885 15389 0
6188 24994 10334 0
6189 32595 14457 0
6190 31383 14454 0
6191 27131 14622 0
6192 33096 14540 0
6193 32803 15656 0
6194 32207 15825 0
6195 31761 15504 0
6196 31405 15021 0
6197 30824 15321 0
6198 33237 16201 0
6199 32029 16391 0
6200 31676 16168 0
6201 30810 16127 0
6202 30382 16165 0
6203 29660 16182 0
6204 30280 15285 0
6205 29012 15292 0
6206 25141 12370 0
6207 28203 16136 0
6208 26135 13853 0
6209 27169 16186 0
6210 35839 15360 0
6211 38769 16282 0
6212 6790 10817 0
6213 38011 15976 0
6214 37539 15902 0
6215 25026 10118 0
6216 30948 7321 0
6217 37049 15338 0
6218 36486 16033 0
6219 34126 16207 0
6220 33983 15965 0
6221 33272 15832 0
6222 19895 12618 0
6223 31077 13346 0
6224 31531 13899 0
6225 33401 15230 0
6226 31173 15688 0
6227 30648 15729 0
6228 28716 13717 0
6229 30625 14636 0
6230 30642 14373 0
6231 31259 14173 0
6232 29988 14103 0
6233 30044 12907 0
6234 28841 12851 0
6235 29189 16156 0
6236 28524 15954 0
6237 32336 9965 0
6238 26805 15729 0
6239 27281 14496 0
6240 24839 16391 0
6241 25732 14671 0
6242 27865 13649 0
6243 25949 15736 0
6244 25101 15672 0
6245 25710 15572 0
6246 21640 12054 0
6247 29017 13562 0
6248 28217 15592 0
6249 28659 14971 0
6250 30120 15645 0
6251 29122 15655 0
6252 29298 14895 0
6253 31147 14483 0
6254 33262 14108 0
6255 33195 13669 0
6256 28367 13921 0
6257 24984 15351 0
6258 24828 14889 0
6259 29892 14354 0
6260 26124 12197 0
6261 31858 11667 0
6262 19534 12680 0
6263 18868 12048 0
6264 19710 13380 0
6265 20035 13278 0
6266 19956 13283 0
6267 19773 13278 0
6268 25952 10152 0
6269 34167 11544 0
6270 20400 12012 0
6271 20101 12601 0
6272 29196 7938 0
6273 19559 13319 0
6274 19736 13326 0
6275 18304 13216 0
6276 18668 13238 0
6277 19727 13175 0
6278 19568 12811 0
6279 19627 12591 0
6280 24446 9140 0
6281 23570 12173 0
6282 31239 7213 0
6283 31769 7275 0
6284 20854 13135 0
6285 24152 10336 0
6286 21721 12887 0
6287 11196 12794 0
6288 20517 13414 0
6289 20576 12652 0
6290 20854 12549 0
6291 20923 13091 0
6292 20661 12765 0
6293 18150 11707 0
6294 20285 12680 0
6295 20615 12618 0
6296 21253 12123 0
6297 21305 11984 0
6298 23687 10588 0
6299 23340 11841 0
6300 23431 11418 0
6301 11015 6765 0
6302 11357 6177 0
6303 10991 6045 0
6304 12128 5417 0
6305 10945 4279 0
6306 19847 13602 0
6307 19778 13426 0
6308 19549 13049 0
6309 20183 13209 0
6310 20040 13187 0
6311 19983 13226 0
6312 19875 13170 0
6313 21298 12856 0
6314 20940 12509 0
6315 20947 13039 0
6316 20392 12657 0
6317 20519 12617 0
6318 19465 13283 0
6319 19725 12797 0
6320 31488 8246 0
6321 26558 1335 0
6322 38011 13505 0
6323 19403 13057 0
6324 21038 12517 0
6325 21116 12156 0
6326 19562 12957 0
6327 20787 13401 0
6328 1033 7585 0
6329 10516 9229 0
6330 10811 9214 0
6331 10723 9324 0
6332 10944 9327 0
6333 21224 12976 0
6334 19475 12653 0
6335 19722 13813 0
6336 9455 8860 0
6337 26905 11198 0
6338 26413 10238 0
6339 27111 10656 0
6340 26706 9674 0
6341 27955 9323 0
6342 27906 9174 0
6343 28026 9422 0
6344 28745 10126 0
6345 29000 10051 0
6346 29103 9810 0
6347 29262 10079 0
6348 27526 10699 0
6349 27285 11350 0
6350 27513 8323 0
6351 17995 13683 0
6352 21407 11894 0
6353 23934 12012 0
6354 23177 12278 0
6355 11335 4614 0
6356 18940 12968 0
6357 17846 16273 0
6358 21486 12082 0
6359 18855 12148 0
6360 20845 12181 0
6361 22178 14569 0
6362 23741 11933 0
6363 21686 12029 0
6364 19522 12327 0
6365 19556 12466 0
6366 21037 11910 0
6367 21074 11880 0
6368 5043 11622 0
6369 6188 11121 0
6370 5790 10844 0
6371 8272 10606 0
6372 8100 10705 0
6373 8072 10465 0
6374 7484 10974 0
6375 10670 9220 0
6376 21905 14435 0
6377 21845 14228 0
6378 21871 14091 0
6379 22095 15630 0
6380 21133 13813 0
6381 23826 11963 0
6382 23533 11771 0
6383 19169 13306 0
6384 21350 12802 0
6385 19232 13221 0
6386 21771 12020 0
6387 21857 12064 0
6388 8134 11166 0
6389 1346 14977 0
6390 740 14671 0
6391 2037 14905 0
6392 5328 15043 0
6393 6210 15535 0
6394 5889 15092 0
6395 14943 16061 0
6396 14342 16084 0
6397 2927 15440 0
6398 2372 15729 0
6399 14650 15631 0
6400 13896 14969 0
6401 19591 13096 0
6402 21401 13978 0
6403 11428 4646 0
6404 32707 6200 0
6405 20570 12276 0
6406 20331 12486 0
6407 36477 6275 0
6408 7935 11382 0
6409 9709 10183 0
6410 2874 14773 0
6411 2303 15155 0
6412 968 16042 0
6413 542 15361 0
6414 19316 13274 0
6415 19312 13272 0
6416 19454 13192 0
6417 12218 7524 0
6418 12329 7388 0
6419 19796 12885 0
6420 19972 13283 0
6421 20114 13175 0
6422 20080 13232 0
6423 20018 13357 0
6424 20137 13369 0
6425 19986 13139 0
6426 19707 13206 0
6427 20591 13013 0
6428 19665 13022 0
6429 20029 13611 0
6430 20285 13403 0
6431 23974 12213 0
6432 23991 12060 0
6433 21851 12333 0
6434 21887 12265 0
6435 13084 16300 0
6436 15879 16039 0
6437 15242 16089 0
6438 13687 15647 0
6439 13521 15019 0
6440 14021 16073 0
6441 13338 16099 0
6442 10767 15900 0
6443 10855 15146 0
6444 7137 15069 0
6445 10907 16139 0
6446 4821 14863 0
6447 4135 15455 0
6448 7961 15936 0
6449 6031 16391 0
6450 3248 15737 0
6451 2021 15551 0
6452 1385 15470 0
6453 2442 16022 0
6454 1148 15837 0
6455 5449 14026 0
6456 8110 13321 0
6457 9498 13181 0
6458 8801 13320 0
6459 10745 13918 0
6460 10259 13597 0
6461 11457 14140 0
6462 11442 13571 0
6463 8669 15685 0
6464 21400 11926 0
6465 21136 11952 0
6466 19374 13363 0
6467 19693 12532 0
6468 20251 12623 0
6469 19408 12999 0
6470 23790 8671 0
6471 21328 13143 0
6472 19204 13249 0
6473 19255 13215 0
6474 19269 13129 0
6475 22386 3993 0
6476 22187 3727 0
6477 21503 4111 0
6478 21576 4220 0
6479 19255 13392 0
6480 19879 13189 0
6481 8854 9131 0
6482 8935 9277 0
6483 8693 9211 0
6484 8714 8892 0
6485 9504 8271 0
6486 9492 8144 0
6487 19613 12657 0
6488 19858 12360 0
6489 19433 13157 0
6490 19448 12987 0
6491 19962 13625 0
6492 20273 12505 0
6493 20928 12122 0
6494 21067 12049 0
6495 21093 11900 0
6496 21401 11963 0
6497 21424 12492 0
6498 21505 12507 0
6499 21700 12591 0
6500 21629 12743 0
6501 21574 13033 0
6502 20763 13272 0
6503 22830 12896 0
6504 21455 13460 0
6505 21968 13332 0
6506 21890 13779 0
6507 21321 11371 0
6508 9391 8383 0
6509 9442 8378 0
6510 19420 13431 0
6511 19465 13386 0
6512 21593 13919 0
6513 20771 13343 0
6514 21085 13498 0
6515 21173 13403 0
6516 21424 13226 0
6517 21828 13861 0
6518 21711 13772 0
6519 21845 13739 0
6520 22094 13339 0
6521 21640 13255 0
6522 21596 13141 0
6523 21990 13242 0
6524 21784 13085 0
6525 22033 13158 0
6526 22274 13011 0
6527 22062 12917 0
6528 21903 13032 0
6529 21812 13302 0
6530 21567 14003 0
6531 21668 13966 0
6532 22013 13728 0
6533 22289 13623 0
6534 22000 13873 0
6535 22021 13955 0
6536 21748 14058 0
6537 21818 14099 0
6538 19835 13614 0
6539 30003 14773 0
6540 5799 14088 0
6541 6357 14236 0
6542 4226 14706 0
6543 1686 14594 0
6544 28060 15193 0
6545 27469 15164 0
6546 31956 14766 0
6547 29157 14402 0
6548 28514 14638 0
6549 35499 15868 0
6550 25921 15327 0
6551 27181 12988 0
6552 32203 14407 0
6553 26829 15223 0
6554 31866 13834 0
6555 27367 13882 0
6556 27908 14375 0
6557 36176 16089 0
6558 29754 13745 0
6559 27884 14756 0
6560 25428 14473 0
6561 30531 13976 0
6562 25173 15118 0
6563 26959 14471 0
6564 20564 12839 0
6565 20427 13084 0
6566 21082 13363 0
6567 18964 12925 0
6568 18972 12281 0
6569 20985 12731 0
6570 21395 11547 0
6571 20268 13420 0
6572 20758 13044 0
6573 20957 13090 0
6574 21429 13100 0
6575 20667 12350 0
6576 21202 12202 0
6577 19898 14422 0
6578 20314 11541 0
6579 20240 11547 0
6580 18156 11348 0
6581 18065 14023 0
6582 18361 13261 0
6583 18617 13698 0
6584 18526 13807 0
6585 18338 13864 0
6586 17661 13568 0
6587 20149 13949 0
6588 19727 15065 0
6589 20052 14951 0
6590 21759 16061 0
6591 21116 15020 0
6592 21315 14911 0
6593 21999 14815 0
6594 21759 14712 0
6595 21697 14718 0
6596 21964 14763 0
6597 21999 14866 0
6598 21691 14974 0
6599 21663 14906 0
6600 20786 12691 0
6601 20103 12492 0
6602 20450 12316 0
6603 17957 11900 0
6604 21196 11610 0
6605 22158 12629 0
6606 22129 14479 0
6607 22374 12634 0
6608 22346 12680 0
6609 22710 12794 0
6610 22744 15555 0
6611 22870 15845 0
6612 22739 15299 0
6613 23945 15355 0
6614 24156 15310 0
6615 23740 12982 0
6616 23119 12673 0
6617 22949 13904 0
6618 22801 13090 0
6619 22642 12868 0
6620 22949 12811 0
6621 23143 12879 0
6622 24230 11911 0
6623 23200 12282 0
6624 23917 12771 0
6625 22181 13483 0
6626 24520 15498 0
6627 25152 15555 0
6628 25716 15629 0
6629 18133 11314 0
6630 21833 11877 0
6631 23678 14581 0
6632 24720 14917 0
6633 25072 15225 0
6634 25203 14883 0
6635 24822 15105 0
6636 24964 14587 0
6637 24839 12936 0
6638 24122 12948 0
6639 25181 13773 0
6640 25374 13910 0
6641 25887 15509 0
6642 25773 15395 0
6643 25448 15071 0
6644 25693 15321 0
6645 25414 14826 0
6646 25357 15094 0
6647 25351 13414 0
6648 25454 13340 0
6649 25511 13312 0
6650 25562 13289 0
6651 24611 12168 0
6652 24554 12435 0
6653 24452 12338 0
6654 25010 13608 0
6655 25408 14803 0
6656 21014 15481 0
6657 22095 15999 0
6658 18446 12213 0
6659 24714 15725 0
6660 24298 15646 0
6661 23763 15777 0
6662 23940 13101 0
6663 23006 14894 0
6664 23353 14815 0
6665 18150 11331 0
6666 22016 12424 0
6667 22397 15122 0
6668 20331 12913 0
6669 19870 13562 0
6670 21981 16175 0
6671 21999 16027 0
6672 21919 16255 0
6673 21412 16198 0
6674 21304 16198 0
6675 21350 16158 0
6676 21276 16147 0
6677 21629 16272 0
6678 21851 16249 0
6679 21281 15987 0
6680 21851 12891 0
6681 21224 12902 0
6682 23974 12020 0
6683 20746 13744 0
6684 20689 13648 0
6685 21236 12874 0
6686 21395 13602 0
6687 21469 13631 0
6688 20945 13016 0
6689 19830 12691 0
6690 20137 12054 0
6691 20706 12190 0
6692 21293 12208 0
6693 21236 12304 0
6694 22090 12839 0
6695 21088 11940 0
6696 21179 12111 0
6697 20353 12486 0
6698 19500 12412 0
6699 19517 12452 0
6700 19528 12401 0
6701 19955 13534 0
6702 19750 13494 0
6703 19727 13511 0
6704 19966 13312 0
6705 21213 13682 0
6706 20012 13409 0
6707 20262 13437 0
6708 20416 13209 0
6709 19073 13181 0
6710 20103 13039 0
6711 19403 13460 0
6712 21139 12099 0
6713 21219 11684 0
6714 20940 12208 0
6715 21902 12333 0
6716 20894 12361 0
6717 20980 12156 0
6718 21315 13602 0
6719 21623 13653 0
6720 21697 13836 0
6721 21873 14188 0
6722 21651 13739 0
6723 21742 13830 0
6724 21037 12560 0
6725 21304 13693 0
6726 21395 13574 0
6727 21720 13818 0
6728 22340 13056 0
6729 21008 12993 0
6730 20906 12999 0
6731 20718 13101 0
6732 22209 13170 0
6733 23177 12828 0
6734 22545 13255 0
6735 23166 12925 0
6736 22556 12435 0
6737 21777 13318 0
6738 21765 13283 0
6739 22078 12538 0
6740 21555 13437 0
6741 21520 13448 0
6742 21651 13414 0
6743 21873 13409 0
6744 21930 13426 0
6745 21361 13397 0
6746 22767 12896 0
6747 22021 12458 0
6748 20234 12247 0
6749 19790 11718 0
6750 19528 12464 0
6751 21281 15828 0
6752 21019 15691 0
6753 21185 15617 0
6754 20587 14001 0
6755 20046 14325 0
6756 20137 14587 0
6757 20063 14257 0
6758 21446 15896 0
6759 21156 15993 0
6760 20405 14097 0
6761 22038 14553 0
6762 22033 14587 0
6763 21486 14536 0
6764 21310 14496 0
6765 21281 14541 0
6766 21759 15373 0
6767 21509 15293 0
6768 21509 14655 0
6769 21435 14781 0
6770 21418 14735 0
6771 21515 14735 0
6772 21560 14883 0
6773 21674 14934 0
6774 21646 14741 0
6775 19881 14075 0
6776 19471 14382 0
6777 19955 14632 0
6778 20746 15873 0
6779 20581 15879 0
6780 20598 15822 0
6781 20501 15936 0
6782 20450 15902 0
6783 20513 15885 0
6784 20285 15799 0
6785 20245 15782 0
6786 20854 16050 0
6787 20729 15982 0
6788 20524 15947 0
6789 21054 16118 0
6790 21241 16039 0
6791 20963 16113 0
6792 20889 16084 0
6793 20541 15856 0
6794 20536 15674 0
6795 16864 15219 0
6796 17035 15321 0
6797 16824 15361 0
6798 16494 15344 0
6799 16625 15344 0
6800 16631 15156 0
6801 17934 13625 0
6802 18834 13283 0
6803 18612 13192 0
6804 18264 13562 0
6805 17968 13784 0
6806 17889 13688 0
6807 18025 13648 0
6808 18008 13796 0
6809 18088 13670 0
6810 17849 13670 0
6811 18099 13938 0
6812 18065 13915 0
6813 18082 13995 0
6814 18304 13858 0
6815 18742 13238 0
6816 19773 12623 0
6817 19568 12720 0
6818 19722 12663 0
6819 19204 13118 0
6820 19391 12697 0
6821 19158 12634 0
6822 19329 12652 0
6823 19146 12698 0
6824 18822 12549 0
6825 18851 12617 0
6826 18714 12282 0
6827 18646 12230 0
6828 18799 12486 0
6829 18731 12350 0
6830 19038 12162 0
6831 19283 12230 0
6832 19300 12970 0
6833 19369 13004 0
6834 19870 12338 0
6835 19904 12316 0
6836 19949 12418 0
6837 19784 12731 0
6838 19693 12714 0
6839 19682 12669 0
6840 19767 12691 0
6841 19773 12777 0
6842 19704 12771 0
6843 19494 12441 0
6844 20712 13283 0
6845 20598 13135 0
6846 20587 13488 0
6847 21008 13505 0
6848 20575 13335 0
6849 23353 12270 0
6850 23490 12595 0
6851 23240 12350 0
6852 23086 12361 0
6853 23296 12447 0
6854 23632 12134 0
6855 23837 12082 0
6856 23444 12196 0
6857 23479 12162 0
6858 23615 12162 0
6859 24184 11906 0
6860 24065 11963 0
6861 23723 12264 0
6862 24008 12481 0
6863 24190 13551 0
6864 22568 14672 0
6865 22670 14695 0
6866 22659 13232 0
6867 22710 13130 0
6868 23023 13084 0
6869 22477 13380 0
6870 22602 13283 0
6871 22995 13238 0
6872 23103 12771 0
6873 23154 12726 0
6874 23057 12657 0
6875 23143 12646 0
6876 23274 12788 0
6877 24634 13039 0
6878 24287 12731 0
6879 24953 13244 0
6880 21964 12834 0
6881 22061 12782 0
6882 22129 12771 0
6883 20934 13170 0
6884 21185 13471 0
6885 21093 13397 0
6886 21088 13409 0
6887 21071 13414 0
6888 21458 13135 0
6889 21281 12987 0
6890 21236 13152 0
6891 21520 13352 0
6892 22232 13853 0
6893 22260 13881 0
6894 22226 13733 0
6895 22340 13631 0
6896 22050 13659 0
6897 22090 13773 0
6898 21566 13454 0
6899 21759 13642 0
6900 21663 13625 0
6901 20854 13574 0
6902 21794 12839 0
6903 21298 13101 0
6904 21520 13078 0
6905 21185 12982 0
6906 21241 12953 0
6907 21019 13004 0
6908 21264 13056 0
6909 23410 12805 0
6910 23496 12993 0
6911 23564 12908 0
6912 23496 12908 0
6913 23291 13164 0
6914 23410 13113 0
6915 23382 13056 0
6916 22824 13261 0
6917 22499 13454 0
6918 23843 12276 0
6919 23422 12395 0
6920 23545 12238 0
6921 23314 12521 0
6922 23496 12321 0
6923 23763 12350 0
6924 23718 12464 0
6925 22898 12469 0
6926 23450 12236 0
6927 23433 12338 0
6928 23484 12270 0
6929 23370 12583 0
6930 23701 12720 0
6931 23780 13118 0
6932 25534 13238 0
6933 25790 15464 0
6934 25420 15316 0
6935 25368 14763 0
6936 25300 14576 0
6937 25294 14297 0
6938 25391 14781 0
6939 25158 13488 0
6940 25209 13989 0
6941 25300 14450 0
6942 22203 15595 0
6943 23490 12293 0
6944 21315 13204 0
6945 20587 12731 0
6946 20382 12874 0
6947 20832 12999 0
6948 21185 12862 0
6949 21105 12896 0
6950 21492 12378 0
6951 21691 12839 0
6952 20644 12350 0
6953 20820 12236 0
6954 20684 12310 0
6955 20889 12435 0
6956 20587 12452 0
6957 20775 12185 0
6958 20729 12333 0
6959 20786 12259 0
6960 21145 12145 0
6961 20422 12378 0
6962 21293 12760 0
6963 21270 12691 0
6964 21663 12839 0
6965 21685 12054 0
6966 21725 11855 0
6967 20638 13135 0
6968 20581 12936 0
6969 20570 13130 0
6970 20410 12617 0
6971 20371 12606 0
6972 20597 12901 0
6973 20957 12162 0
6974 20917 12156 0
6975 21065 12993 0
6976 20262 12959 0
6977 21321 12754 0
6978 21759 11900 0
6979 20723 11883 0
6980 20388 11428 0
6981 20342 11467 0
6982 20291 12003 0
6983 20211 12099 0
6984 20211 11985 0
6985 20262 11974 0
6986 20297 12139 0
6987 20319 12111 0
6988 20217 12196 0
6989 20075 12299 0
6990 19989 12282 0
6991 19733 12526 0
6992 19790 12447 0
6993 19722 12435 0
6994 19824 12356 0
6995 19534 12424 0
6996 17991 13454 0
6997 17951 13426 0
6998 17928 13494 0
6999 18002 13522 0
7000 18002 13585 0
7001 17889 13585 0
7002 17752 13420 0
7003 17900 13397 0
7004 18708 13369 0
7005 18703 13255 0
7006 18612 13272 0
7007 17769 11769 0
7008 17815 11923 0
7009 17954 11993 0
7010 22351 13312 0
7011 22420 13363 0
7012 22289 13204 0
7013 22374 13175 0
7014 22488 13278 0
7015 22488 13187 0
7016 22659 13135 0
7017 22710 13084 0
7018 22733 12987 0
7019 22818 12930 0
7020 22864 13067 0
7021 22949 13050 0
7022 23029 13022 0
7023 23143 13004 0
7024 23109 12936 0
7025 23052 12948 0
7026 23137 12817 0
7027 23177 12891 0
7028 22944 12919 0
7029 23006 12908 0
7030 23006 12851 0
7031 23097 12800 0
7032 22904 12862 0
7033 22881 12788 0
7034 22915 12720 0
7035 22966 12788 0
7036 23046 12788 0
7037 22801 12691 0
7038 22699 12737 0
7039 22596 12629 0
7040 22471 12595 0
7041 22494 12720 0
7042 22437 12629 0
7043 22608 12930 0
7044 22585 12777 0
7045 22522 13067 0
7046 22477 12993 0
7047 22443 12959 0
7048 22465 12919 0
7049 22203 12839 0
7050 22209 12913 0
7051 22221 12953 0
7052 22289 12777 0
7053 22209 12771 0
7054 22169 12782 0
7055 22232 12822 0
7056 22090 12703 0
7057 22101 12828 0
7058 22164 12822 0
7059 21947 12891 0
7060 21822 12913 0
7061 21811 12942 0
7062 21936 12936 0
7063 22300 12930 0
7064 22357 12942 0
7065 21822 13187 0
7066 21999 13067 0
7067 21811 13113 0
7068 22152 13192 0
7069 22090 13073 0
7070 22067 13101 0
7071 22147 13090 0
7072 22192 13164 0
7073 21344 14069 0
7074 21287 14103 0
7075 21230 14023 0
7076 21611 14080 0
7077 21315 14018 0
7078 21281 14354 0
7079 21435 14331 0
7080 21634 14359 0
7081 21680 14194 0
7082 21111 13921 0
7083 21224 13892 0
7084 21401 13824 0
7085 21657 13875 0
7086 21412 13676 0
7087 21429 13744 0
7088 21196 13061 0
7089 21475 13050 0
7090 21463 13141 0
7091 21498 12993 0
7092 22870 13107 0
7093 22585 12395 0
7094 22659 12435 0
7095 22670 12469 0
7096 22539 12555 0
7097 22568 12486 0
7098 22608 12521 0
7099 21122 13437 0
7100 21469 13585 0
7101 21486 13642 0
7102 21532 13676 0
7103 21629 13699 0
7104 21720 13796 0
7105 21759 13437 0
7106 21281 13374 0
7107 21270 13340 0
7108 20894 13477 0
7109 20968 13522 0
7110 20934 13374 0
7111 20928 13414 0
7112 20752 13448 0
7113 21139 13204 0
7114 20815 13471 0
7115 21202 13420 0
7116 21156 13340 0
7117 21452 13431 0
7118 21646 13801 0
7119 21270 13483 0
7120 21321 13431 0
7121 21384 13414 0
7122 21321 12965 0
7123 18435 12173 0
7124 17957 11661 0
7125 18925 11678 0
7126 19215 11798 0
7127 18617 11917 0
7128 18668 12134 0
7129 18879 12703 0
7130 18885 12737 0
7131 19130 12982 0
7132 19243 13010 0
7133 19221 13067 0
7134 19050 12856 0
7135 19346 12674 0
7136 20103 13847 0
7137 20092 13784 0
7138 20057 13773 0
7139 19727 14086 0
7140 19733 14052 0
7141 19693 14018 0
7142 19858 14040 0
7143 18390 13921 0
7144 18242 13927 0
7145 18224 13910 0
7146 18179 14166 0
7147 18020 14251 0
7148 17946 14171 0
7149 17940 14132 0
7150 18367 14291 0
7151 19995 12777 0
7152 20376 13238 0
7153 19676 12845 0
7154 20308 13107 0
7155 20262 13147 0
7156 20439 13215 0
7157 20527 13102 0
7158 20524 13158 0
7159 20648 13085 0
7160 20712 12953 0
7161 20780 12765 0
7162 20945 12811 0
7163 21008 12595 0
7164 21054 12726 0
7165 20610 12743 0
7166 19961 13124 0
7167 20331 13648 0
7168 21065 13545 0
7169 21759 16124 0
7170 21594 15942 0
7171 21987 15817 0
7172 23251 12504 0
7173 20575 15629 0
7174 21156 13568 0
7175 21162 15902 0
7176 21054 15976 0
7177 20803 15891 0
7178 20718 15799 0
7179 21486 15606 0
7180 20661 13130 0
7181 21777 12515 0
7182 20701 13312 0
7183 22078 14001 0
7184 22021 14029 0
7185 21748 12754 0
7186 21822 13574 0
7187 33862 11234 0
7188 34106 11189 0
7189 19585 12310 0
7190 19801 12708 0
7191 19813 13437 0
7192 20075 13147 0
7193 19699 13107 0
7194 19636 13152 0
7195 19511 13175 0
7196 17877 12082 0
7197 21355 11855 0
7198 19710 12845 0
7199 20092 13181 0
7200 20114 13420 0
7201 20006 13653 0
7202 19887 13295 0
7203 33013 11467 0
7204 33013 11422 0
7205 32968 11382 0
7206 32968 11177 0
7207 33082 11559 0
7208 32934 11581 0
7209 33048 11633 0
7210 32883 11541 0
7211 32939 11547 0
7212 32917 11559 0
7213 32900 11581 0
7214 32780 11541 0
7215 32848 11581 0
7216 32643 11547 0
7217 32706 11581 0
7218 32991 11559 0
7219 33036 11541 0
7220 33082 11547 0
7221 32900 11610 0
7222 33070 11593 0
7223 31721 13022 0
7224 31101 12190 0
7225 32125 12680 0
7226 31738 12629 0
7227 30816 12111 0
7228 31960 12663 0
7229 31334 12543 0
7230 29040 13232 0
7231 29700 13164 0
7232 29803 13283 0
7233 29427 13147 0
7234 28773 13118 0
7235 31619 12025 0
7236 19659 13602 0
7237 9669 15879 0
7238 8302 15965 0
7239 7363 14160 0
7240 7386 14075 0
7241 8251 13022 0
7242 8189 13004 0
7243 8798 11371 0
7244 10836 11991 0
7245 10836 12025 0
7246 18361 13938 0
7247 18139 14012 0
7248 18367 13750 0
7249 18418 13966 0
7250 18446 13295 0
7251 18236 13266 0
7252 18816 13511 0
7253 18185 13779 0
7254 17120 15503 0
7255 17103 15498 0
7256 17097 15503 0
7257 17052 15481 0
7258 22380 15697 0
7259 22209 15475 0
7260 21942 15908 0
7261 21384 15748 0
7262 21970 16004 0
7263 21959 15959 0
7264 21981 16118 0
7265 22095 14541 0
7266 19317 14798 0
7267 21002 15999 0
7268 20092 14137 0
7269 18629 12600 0
7270 19858 13596 0
7271 20063 13175 0
7272 20057 13158 0
7273 20103 13226 0
7274 20120 13221 0
7275 21128 13887 0
7276 20382 12452 0
7277 20775 12145 0
7278 19870 12321 0
7279 20490 11581 0
7280 21469 11502 0
7281 21071 11667 0
7282 21270 11587 0
7283 21287 11587 0
7284 21873 14211 0
7285 22847 12492 0
7286 22562 12578 0
7287 22585 12572 0
7288 22494 12555 0
7289 22494 15526 0
7290 25289 13215 0
7291 27298 13670 0
7292 36839 16192 0
7293 36742 16016 0
7294 30634 15532 0
7295 26518 10380 0
7296 27310 10853 0
7297 27264 10477 0
7298 27207 10733 0
7299 27298 10505 0
7300 27571 10443 0
7301 28289 9657 0
7302 28317 9669 0
7303 28556 9965 0
7304 28636 10044 0
7305 27127 10090 0
7306 27395 9879 0
7307 27224 9902 0
7308 27657 10027 0
7309 27663 10090 0
7310 27606 10044 0
7311 28289 9424 0
7312 28238 9498 0
7313 27475 9344 0
7314 26410 10295 0
7315 26871 9805 0
7316 26786 9669 0
7317 26780 9595 0
7318 26883 9674 0
7319 26683 9589 0
7320 26837 9691 0
7321 26450 9663 0
7322 26712 9617 0
7323 26940 9538 0
7324 26672 9543 0
7325 26888 9549 0
7326 26627 9509 0
7327 26945 9464 0
7328 26991 9492 0
7329 26871 9538 0
7330 27156 9253 0
7331 27207 9190 0
7332 27167 9247 0
7333 27258 9099 0
7334 27048 9162 0
7335 26997 9179 0
7336 26940 9236 0
7337 27099 9105 0
7338 27162 9105 0
7339 26900 9185 0
7340 26877 9219 0
7341 27127 9077 0
7342 27036 9111 0
7343 27184 8838 0
7344 27065 8912 0
7345 27173 9094 0
7346 27093 8991 0
7347 27133 8940 0
7348 27162 8934 0
7349 27145 8855 0
7350 26894 9424 0
7351 26866 9458 0
7352 27167 8468 0
7353 27645 8388 0
7354 27902 9031 0
7355 28596 9731 0
7356 27651 9054 0
7357 27657 9031 0
7358 27475 8872 0
7359 27304 8342 0
7360 31590 7636 0
7361 31585 7671 0
7362 31568 7716 0
7363 31573 7665 0
7364 32598 6128 0
7365 32376 8029 0
7366 32484 8018 0
7367 32495 8080 0
7368 31078 12168 0
7369 31118 12213 0
7370 31488 9931 0
7371 31442 11359 0
7372 31454 11376 0
7373 33116 11285 0
7374 34254 11365 0
7375 34448 11496 0
7376 34277 11462 0
7377 34243 11490 0
7378 34311 11513 0
7379 33196 11023 0
7380 33440 10961 0
7381 34363 11388 0
7382 34357 11342 0
7383 34317 11604 0
7384 34397 11604 0
7385 34072 11388 0
7386 34089 11223 0
7387 34112 11319 0
7388 18435 11211 0
7389 16858 9504 0
7390 18731 7784 0
7391 18703 7767 0
7392 22756 5428 0
7393 7175 9703 0
7394 7164 9612 0
7395 7580 9424 0
7396 7824 9384 0
7397 8268 9196 0
7398 9532 8063 0
7399 9526 8080 0
7400 10767 8468 0
7401 10790 8473 0
7402 10807 8479 0
7403 10784 1961 0
7404 10807 1961 0
7405 38148 2633 0
7406 19926 14530 0
7407 19921 14490 0
7408 20308 11889 0
7409 20723 14456 0
7410 20684 14428 0
7411 20086 15390 0
7412 20593 15765 0
7413 20570 15765 0
7414 22147 12589 0
7415 22129 12600 0
7416 22118 12606 0
7417 23018 12663 0
7418 19932 13335 0
7419 20667 15828 0
7420 20632 14302 0
7421 20581 14314 0
7422 20610 14314 0
7423 24059 12293 0
7424 3811 14171 0
7425 1944 14445 0
7426 1056 14354 0
7427 868 13841 0
7428 447 14604 0
7429 40055 15384 0
7430 697 13790 0
7431 3970 13898 0
7432 515 14627 0
7433 1130 15213 0
7434 976 14763 0
7435 1887 15281 0
7436 868 15082 0
7437 2337 14519 0
7438 6515 14012 0
7439 6276 14342 0
7440 11189 14593 0
7441 11581 14894 0
7442 10340 16346 0
7443 10631 16164 0
7444 7733 13460 0
7445 7710 13517 0
7446 12361 13642 0
7447 20092 13346 0
7448 20052 13352 0
7449 24765 10164 0
7450 26661 11980 0
7451 21350 14200 0
7452 21270 14308 0
7453 27628 8479 0
7454 27617 8485 0
7455 27634 8490 0
7456 27628 8490 0
7457 30378 8542 0
7458 31733 12811 0
7459 32034 12788 0
7460 31499 12521 0
7461 31209 12259 0
7462 19915 10130 0
7463 16932 8667 0
7464 16978 8672 0
7465 18549 7705 0
7466 10978 7938 0
7467 10124 7005 0
7468 9817 6754 0
7469 9800 6709 0
7470 13073 7141 0
